dayhr,depth,rate,hbar,hbar_wet,hbar*es,hbar_wet*es,Tair,Tsoil,SR,Patm,WS,WD,RH,es,ea,VPD,rate_P,Tdew,q,wmix,DelTsa,hwet,hdry,h*Ta,h*Ts,h*WS,h*Pr,h*VPD,h*DelTsa,Tv_K,rho_moist,uzonal,vmerid,buoy_TsTa,SRxWS,SR*u,SR*v,SR*VPD,VPD*WS,q*WS,h_ASINH_cm,h_inv,u*VPD,v*VPD,rate*Ta,rate*Ts,SR*Ta,SR*Ts,SR*HODsin,VPD*WS*d1sin,q/rho,asinh_Ta,asinh_Ts,asinh_WS,asinh_SR,asinh_P_kPa,asinh_rate_h,h*sinTOD,h*cosTOD,h*u,h*v
0.02838720680354445,0.9807145642740771,0.03443473149622456,1.077242258549556,2.5456689502015397,0.2671775506092757,1.2868889400458947,561.716243588296,441.5651982811402,0.17505672797560923,83.53694568356458,0.17082185851643317,-0.004199510323700473,1.6147591246070778,127.60281705043998,18.591231284038614,80.53483368900486,0.0012837039240203296,2.2103990120340047,19.90361633193259,1.859898052453202,287.4646319144719,2.528506543793437,1.4777114313846536,4237.853528405693,4391.0990265424625,0.042306536892098734,8.371103763707897,0.04142712339297816,409.52160665529254,1289.8647551639613,132.0248452529825,0.021955868235729703,0.06450262915382865,90.79262614928334,0.09954340724689104,0.0692018658298661,0.03254171885154378,0.007890345637941998,0.03284790317783859,0.014940782082287107,0.3879778683060575,0.007990750653659617,0.003332787474797705,0.01767123407303739,0.04665527307479067,0.14386726490944657,0.5222503354792405,0.7009318816909342,0.013319637548255159,0.013830189128159809,91.83621799824311,0.2640947563269629,3.9490243614720466,0.7342622987226246,0.09974641337375179,16.612891335293305,0.036752166553320365,0.005185471770117189,0.006442695366608575,0.024617298306507607,0.006702167534987424
-0.0036741447105441694,5.332295034284579,0.009909483166053334,0.25750914163401184,0.05136854046008654,0.4296884340948619,0.1454246148599525,841.8857015583554,707.6240909199679,0.16105981825081717,20.76060542675311,0.127426270580548,0.015757475798709564,2.3392117430335677,522.6959885675295,542.5625298122563,326.6973466652329,-0.0012288283802046607,1.475479153785038,6.937335308303368,11.05482105508026,383.8805995584353,2.1161153913237047,9.313996097742752,1513.0546544809795,1569.3176737839199,0.017639668191904434,20.71696478174094,0.09348571228214553,141.95064926541832,1791.1590430044096,4.648355801384579,0.009349172456074584,0.011537832726143726,70.28766740294395,0.1664918769972319,0.04595830236681753,0.061152977908750294,0.015550032969068539,0.36889121395544056,0.0304258746301187,0.28824801153822754,0.000707752394994543,0.08019111057471484,0.0360155571933749,0.014518995320813133,0.004598297486692715,0.052910013786342525,0.20660836717746456,0.004620433668731216,0.003500274592769692,126.07689953382129,0.9225218130183013,8.552046928000419,0.0701934758958016,0.11346338076706797,15.840545350130608,0.005165582934246515,0.0030261222496239526,-0.0025336683484855627,0.04384824290665357,0.01656404755572005
0.006531184601492157,15.608556653872661,0.03206790270945703,0.11342051947260945,0.24227030441356856,0.14381255427888906,0.7984565157157961,741.3678088927439,705.2649563877108,0.04281941930033728,130.39532979081872,0.5907119552031759,0.0061758193021672625,3.9652915431500277,388.50809088693654,435.4385568519389,253.42136800381292,-0.0003223505747413924,7.234686366472629,3.3884086415988657,8.923498500353006,284.9631039079636,8.688913121093314,26.20753949523613,2936.4689848180465,3049.026524729474,0.04550302478498214,49.05389083627366,0.03996788252076389,279.6656431650063,1870.5723987300742,145.64345996445275,0.010037154723804065,0.014656208161133222,20.623340652316045,0.012141659889306489,0.008853865563868801,0.010517330901611999,0.0015655059218682155,0.06783237120856,0.023081196536884008,1.4599740415274303,0.0006237088280984793,0.039749214373436814,0.0323811041585671,0.0008526576962184507,0.018369418840578078,0.015797123123296508,0.12712086446476256,0.004570567473619391,0.00459727323573933,103.06238028580654,2.0671472806406745,0.2990915903596312,0.7021540263827157,0.23629757595803103,55.922699474700615,0.09560242706317457,0.02252383893475063,0.023390072325433664,0.004851513419320774,-0.0018763432527606483
0.01976052326586153,0.26605015701709434,0.011409921102437437,1.2137032284046079,0.7107140570879817,0.028203023794499238,0.6493603521936784,223.60270592988303,342.8651493363884,0.07251270478850902,71.20842974867432,0.12019268762065938,0.031111578410580876,0.5237808460765336,781.8416276859555,534.8458258162351,481.0295932527784,-0.002169389374431674,11.41222683867595,10.029338433550068,3.352736796528113,7.447217300503523,1.6956789279748108,0.5588471576515133,2453.23421422924,2535.763253766132,0.0019235977875462495,0.17561228795454298,0.08762290921544746,234.12918449983795,706.5539862889998,26.419886288697583,0.031090826129820393,0.0022083798765075713,172.44953055616443,0.002064316282734069,0.0045007941150938535,0.0013264607817147223,0.006329924293480005,0.25265596587367156,0.0024850156163562787,1.260329219708602,0.007192305651169129,0.04410680897445829,0.03451351039258821,0.09899426169583947,0.10445022696943429,1.3804583823092074,1.0630554802676286,0.008067913763279755,0.024593440760870777,50.851340175154625,0.51323043969143,19.29470076610371,0.19019998924113501,0.012691401664024937,55.02304761458935,0.009184074018632415,0.0009573628150150171,-0.0016769459155829836,0.00013973656357535447,0.00037628678404200144
0.013290561236617648,1.1239322764106783,0.0008197233769697831,0.727159805330138,0.33118146402516313,0.4146713810525231,0.16180012382695086,373.65362438166255,536.1303931584389,0.20990627100318537,39.923918573516005,0.25471807643504185,0.003744453135469783,0.2738483286878086,447.77613839213814,455.4507749158181,306.8974027941475,0.0025352706523769086,0.0246000343741537,0.319223766784523,0.7090631890980941,1.593170961584958,0.1879521772900512,2.996606207504806,1538.184977074097,1599.0302526520468,0.1255471060262412,5.227624450413401,0.01711834485201358,145.0681355002454,1117.0089257784066,41.29700186818131,0.02331283745485635,0.040565080946523224,246.48405120053596,0.13306083203168306,0.008681998742310348,0.0013060045402166764,0.0035346510913720763,0.2609323589615622,0.23125459739753396,0.13897516914190877,0.011462906185449206,0.05464063200926805,0.02051066183660133,0.48124598269894214,0.5107792666882407,0.5772722562289427,1.1497848803696593,0.0303738675335401,0.01285501780441578,72.45746821348767,1.2165198144779659,24.76470566412125,0.4763635951865419,0.1831495320826555,17.384556426577685,0.0071053069312005945,0.011589029710292742,0.008212486125788843,0.04971408388284537,0.026589321309227643
0.00353783368456817,6.947679565454176,0.003472281653839282,4.003405333487991,3.848964022426011,1.6305659853297287,1.894216040002072,1970.1869613471051,1619.466500472203,0.05664039760129658,110.65511230025398,0.02678608172466035,0.003570706954984182,1.8377338193017758,1001.3311144155266,526.0879722722325,636.4220214108334,-0.0011555038693957798,10.751381567952134,1.3216406321424978,6.755308361614348,956.3245276663187,1.929386947143116,12.501185406176905,93.1350582418586,92.89061433065457,0.01684010637166189,25.241259297182104,0.005673957117021011,4.898012438901135,4378.284735837492,201.0565180456061,0.04186128260614197,0.025048855829199468,236.4468800880161,0.011049352777773969,0.00641519417463865,0.0022001618359528408,0.01484457166045594,0.0008850124688084549,0.024165254907081213,0.7527813243614103,0.006772150909435837,0.02793479010287303,0.003440461900136249,0.4099919100257807,0.6809425784382599,0.2127935163376975,0.3849154570417781,0.002327531108683445,-0.0004303516841117627,307.512269498766,0.36520597040606795,15.086889180700712,0.014654725817165648,0.14157653156167083,7.831902414670323,0.03753006323658248,0.017223516182133913,0.04426969874048048,0.007749275721872451,0.01020984625524779
0.0051756513281002725,20.47025482208527,8.160698109449527e-05,0.6856701358003017,0.29710476724532064,0.15609398687597942,0.03224414040522472,87.40143012216289,132.5692554956889,0.15422155410416227,0.47295713851409094,0.4864036879588296,0.0028366466338631824,0.4144798483215988,580.2448015873695,429.69827714241694,361.4579297277107,-5.9539268537633916e-05,5.552664045040163,0.5259774975263687,3.3266928955942268,0.38901191077407216,22.654514432825074,27.241929048351082,466.0880161676795,478.6888385433879,0.03242793474950556,68.14482826261764,0.0915675657532029,39.62362562579132,294.1230531658042,0.35352156339670504,0.02980938153160473,0.016542117221195696,62.699695280105296,0.013753956469428452,0.0038947190867126835,0.0008711985446465675,0.0181226177395013,0.20253381343440235,0.22487521850798586,0.9352915839752693,0.009407226198988816,0.019540018119277747,0.022492374611270627,0.07638981179381599,0.06672775222903393,0.39522026368123697,0.5877182242027494,0.02281242198202804,0.005451789577963773,10.90788852270547,0.06265269671280205,5.03027936036334,0.8213953893189716,0.026036030149170664,0.3304127849052376,0.018358634162193965,0.0033524686872974385,-0.0004394185085976332,0.01885440399007976,0.0021413123406821555
0.001369222939890058,3.577960520367191,-0.0013330860713880455,3.1027976713223344,3.360991216819605,2.3965218644287907,3.0413567791847713,497.4627511736339,370.93287741723157,0.017895742587533903,11.306954875320042,0.03044742193794736,-0.002007453009309934,0.3530489209545715,1895.4638299184594,1609.6718140530877,1201.8743039312183,0.0027609398656807116,3.8656224216423434,15.338418015087253,0.030150645094463968,266.5738375620771,4.979834360493903,3.9728404061802456,2801.419191114927,2943.975103872192,0.031220247370191245,17.066090059942514,0.0035634649781668415,270.4592493048298,951.8533899859768,33.10944273389592,0.029490720918176727,0.047805514502087476,99.83317305702538,0.25766753496498307,0.021535903544837254,0.05526614178302758,0.010219285474731166,0.04003013046609105,0.005739581086459111,0.19995960617085817,0.006894487046101183,0.05818815914345343,0.012643436575288547,0.04749022427951832,0.0023066446037258714,0.042726013446324096,0.07976885528090083,0.012171274126046683,0.007953899343328352,49.92910856641785,0.025012386120740082,2.2177581935729966,0.04291559101380926,0.4153889609341457,31.29075194296229,0.00712177911491807,0.002283817250011033,0.004083418000855765,-0.0002279908978879419,0.04004082916225116
0.006060424102019013,17.43072230351676,0.0047251823017511185,1.7591430965594261,0.6666557207302652,0.31164675772101624,0.6248412198683502,298.5744631261709,228.66686638740725,0.0006242238949445422,15.508761334810899,0.06472473228189735,0.01538310781598895,1.8340592714837678,58.727911803529615,16.68491178886717,37.94679434139724,0.0003894126133987541,3.1207057122736943,3.279799765002104,0.42565384414503793,153.93437847237462,17.083799210982868,24.127293597386704,302.5227666357514,313.27377006525575,0.026199580913203846,57.643947106764294,0.096752396545849,23.654519528231564,586.8974612210536,16.63785565050821,0.0238011658060433,0.03766589171532697,50.25145288020631,0.22495364998057799,0.04828098786587898,0.01934262363646244,0.015457551196011998,0.0997592241257097,0.011347906092708193,0.15056973810694974,0.00684000299550469,0.010524960517283688,0.002260145303520922,0.15708772761828715,0.08135012575878342,0.032035034608495216,0.061980070798473896,-0.003649136238482953,0.03035292409765944,18.21572614531427,0.12122044418653122,0.8512162369917622,0.038375273850288494,0.003579126407720956,4.9955691913702305,0.005204960725603058,0.0016199079364165314,0.0017488237396614537,0.01315736933028333,0.022029788966325903
0.024255123385936272,0.3064562510760691,0.0026416148407886197,0.07921061790102968,0.3371272586690601,0.16034180098511186,0.16942553352176848,94.43936518825451,182.16495099861262,0.12320662525744375,13.893820977182521,0.21583317879534647,0.009371956898965195,0.5851776441115994,1353.8807162774688,1147.362940624132,877.0686973612754,-0.0005683609188613659,9.203705869025534,0.4646542915761849,13.418889863525099,29.10522642489961,0.20679729062697838,1.0629705417169069,2572.3942900933425,2677.308687995254,0.008945648409062201,0.8578782990933984,0.043295788492489606,246.2048264987062,407.73294146369574,23.449139862598013,0.0677807806381363,0.07138905313012245,120.85794050926994,0.009081616991969632,0.014467183592014266,0.004110652477472776,0.020726212346963813,0.021797490392019725,0.02465810780655353,0.11868365873501752,0.001544010571522314,0.0235053521755626,0.013504510465396358,0.01178055731645955,0.06000543547806636,0.4330591000795838,0.6137225809994087,0.02081079521472784,0.06437259441203658,33.94982572748225,0.11769009242801953,12.950092438546871,0.5858667235385715,0.013637069952839198,27.71722722022692,0.03327601717524331,0.0024388261535488454,0.014595517341396302,-0.004363475862239952,0.004775160008490431
0.006376138489986083,0.08967513303648378,0.013677130453541686,3.433559088535781,3.8117643537869474,5.60327700488891,6.149984050547951,1478.5477053840787,1216.7726834421146,0.1553137182789115,21.315641700905942,0.3804792284282028,0.006581871600879197,1.9810900552172166,838.7421875959814,531.3795938865513,555.4736037887826,0.000986284154876671,2.139540002337422,2.652230991440386,35.326992124130854,723.0199182294981,1.5588812595250312,0.14027064985659532,2256.7758927197315,2342.17134276472,0.013218224873624784,0.07995207907563096,0.003443377169816131,215.92758371538272,3008.349201547931,110.22604593843698,0.0015735382883432791,0.01101177135260123,183.1104594447498,0.004292067714376735,0.0034326872171508427,0.008546407012511636,0.0006453288001386781,0.0060736869620683365,0.00019716102535216606,2.0558628130416983,0.0017547095024879056,0.007697513052256966,0.00460884082179458,0.6275261631319244,0.6744552284238239,0.052856102486912526,0.054989193201471664,0.0064822663497725586,0.0035977595637533,185.25646726575542,0.18696898647672366,7.299310688206696,0.4780810308571857,0.029537471373240365,23.654354614992,0.0835806087932145,0.0019496584796128147,0.0015018186891486707,0.0038867476915473986,0.0015122330880172896
0.002002739169520318,4.081996474185671,0.019990216733982713,0.4846834541991507,1.0918506731770803,0.5168181976957831,1.1092234251143047,625.1189434014955,546.7364431461721,0.2672483911435286,69.83652111407743,1.1398412683426988,0.006870753176929867,0.14697686591160242,239.30485800223548,304.6292981920881,148.5764576521352,-0.0008240539718631368,2.911278250276646,6.4242508542152015,2.4899324723205973,276.1485541221598,4.712016528874439,5.643709599865308,787.2357582060775,819.9025074545926,0.010281930876271161,17.874847637179872,0.04895345255995487,71.53064754911534,1317.0457163699582,66.09392142842567,0.12416695362015684,0.07325526430472795,27.672975757984908,0.02203008508588411,0.012424060398816827,0.001204262763527808,0.06934356071052061,0.00530262723538133,0.031386940374729555,0.07447694247961145,-0.003276083026424459,0.032200630388596885,0.0014938667407458084,0.00349291112609329,0.08559425404128529,1.0952711953019811,0.3252274447578136,0.00803326222479317,0.029717657208355064,68.75432002392851,0.1267725729289335,0.7875906288474246,0.3069802047835841,0.18619660460541443,32.70035477948935,0.0591127323991536,-0.0029723292790215794,0.004890883988603711,0.0010454263643602246,-0.0006624326167132821
0.00448976210835017,1.2128762697851379,0.002667554401278416,4.602725979710037,4.707909112401792,4.46136166029974,4.790455595874716,463.12799628003245,505.27315669668445,0.03674661056317685,14.771740152491581,0.0727145833097218,0.001615074513500403,5.068241323874407,562.5134612416837,360.1969621131655,350.50251454147264,0.001471636556581224,13.16801385140717,4.71729554121776,0.2125647112210851,124.41451328125635,0.09444277156616376,2.948842611788212,4163.208275355134,4328.611661460169,0.012668662398220398,7.0955911184578895,0.017574874095172888,399.3746898093118,1122.2109501881134,43.58160385677854,0.023335014716568736,0.03413930374149832,97.70852420174916,0.022565922722962206,0.006583017752911147,0.009337528421623276,0.008787129538111671,0.00044952564434996845,0.05524385029862522,0.5835250108749497,0.0005388332876652413,0.019144433988818932,0.00901788740710785,0.00664939444645718,0.001996365347282314,0.4763675081268053,0.1808839065403509,0.008856198625261769,0.004916847570171079,62.071448940116966,0.045946910956963016,7.49710058454092,0.10271631553487826,0.07591695223175421,1.2961449365498332,0.01063367415020533,0.0018382373867558144,0.007812472489126421,0.00575316658198588,0.006784516652238004
0.018895811647746008,0.9670861835254501,0.026994840908078466,0.7248661728125478,0.8243810086749894,1.47274506886487,1.6724286174230043,1158.8410343341652,1083.211271583182,0.020300492322383512,65.88853397503554,0.03609340282225926,0.012819430769464901,1.4247496486674853,1146.1102057738626,731.6942658611758,725.6352996688341,-0.00014671161115042963,7.660213751065885,11.306864114003844,13.831908214750339,458.6270932098901,0.09752850650591327,2.5922478556341444,276.1637445680872,284.0999285746589,0.010230676535089245,9.347740752644285,0.07159115990858922,21.327131083212272,2585.0060798367,46.39267796587607,0.027419356967017805,0.1170326576236711,12.427865804869207,0.030144780857090048,0.019529887993802397,0.0071080014547257875,0.03430458281177984,0.05858696504401362,0.19849561329283638,0.682267856128985,-3.6984550089158574e-06,0.007422960619288155,0.011574367777837047,0.0141010288723189,0.019722792672948408,0.18803090540127165,0.06661978350811548,-0.002660700494491408,0.012852748495022048,118.41861604786577,0.06101772927130966,0.11762393180027164,0.020905319282501722,0.0023553047963025264,39.28151136838947,0.06656214701273555,0.0035715339911197574,0.0058473233442315475,0.00550977372346928,0.01275593905114114
0.003600130243162525,2.4026669911204346,0.007348285363397267,1.0795844910384647,0.6527993224014041,0.08108067341252934,1.1034606693398556,2322.7818286061856,2209.387920574924,0.13298511139131186,6.324525592602984,0.8565815249976483,0.0027511275662677193,3.385554909794762,267.9247116364287,625.81075229358,195.99585867367207,0.00459688682606707,1.3745034511138305,5.7232904377658675,17.59132555997925,885.6455282406633,2.388849229837203,3.087832667898332,1576.257946126495,1614.306768399612,0.013005120676152337,15.047288607687822,0.018203561515823807,148.35276577705707,5360.300506020617,32.70788592016401,0.021959399528278745,0.03944633046832724,107.79893345805388,0.01115456616448629,-0.00040557663633666863,0.008284487288158893,0.008864059989261541,0.023377469529276773,0.052345925064142484,0.23277761915683737,-0.00011718240368363553,0.0016460219385079355,0.0075161668865728615,0.05364722701140856,0.015392849162659594,0.20520734873182533,0.24963270075373423,0.0023980519998980654,0.019036415714410282,353.82833749535695,0.05193165784155518,6.495453462732555,0.27789340673173246,0.20981537376701187,24.54362561427719,0.04891904984199247,0.028243278808251837,0.02774095121587372,0.012414520728070144,0.003519981349742629
0.005626675517259372,0.30657232964574543,0.0007927699414782552,4.104397618972402,0.34811439388675947,2.4109418894552546,0.17519193573890934,2174.7400959449956,2075.1795536031354,0.07560921887342165,97.85768935486824,0.9507846689219397,-0.002414605792844249,7.847775018514125,79.91494492279185,402.0170654362246,58.976361538586495,0.0011693777707977304,9.317258863361815,0.001400587803684239,12.437538955316818,840.6929206566052,0.4716624079514862,3.2278446470861555,2390.204602023602,2487.106240238494,0.01688429579483497,0.8258914339438892,0.010086884214094205,228.25505295640033,4847.708101139841,176.82641475216522,0.04225119101964925,0.01223734556507683,83.47774268997823,0.04758714271927378,0.026009593197984238,0.014333866224491842,0.010603398825872468,0.29502682388508283,0.007974973775382033,0.4108259532754319,0.004757510523757169,0.11220051047337343,0.1269148607570747,0.15919948482544477,0.21601874191184667,0.7431222381490095,0.5851900153733647,0.007223958496391347,0.04219213871784522,316.16062915789354,0.013980488135752367,4.777025275507543,0.5318129448488964,0.09600893602280625,8.206506829179066,0.0014736292782764338,0.0247271209992439,0.010734570970123869,-0.003619683962127418,0.007782821498297565
0.00601545302763995,0.26983970314277794,0.005593870309319904,0.04021820005522425,0.06263396354487405,0.10970667886401042,0.45656129234342213,1088.5248502855022,1147.8262555826723,0.45131666429048156,70.81858415167953,0.4523574914648867,0.004250720098003313,1.148840707371594,205.76790187568875,392.3751301941514,144.72595234998417,0.0004117374630761006,0.026909112860874274,23.190956708492152,0.14783711262045607,330.67140902082895,8.030686681809176,0.6720352179628799,1518.4842082175524,1570.7331954934675,0.01750788841749884,2.591762856472436,0.0929114181452455,142.98777155132228,2578.6411376407527,133.23981278198306,0.017840482728955998,0.01120714651309207,179.73079451692564,0.015092097309667984,0.0030830298652997357,0.013572431830715104,0.006800023371652308,0.3448358840523431,0.012460653756231288,4.006248131804003,0.03446201908756663,0.06619527872309838,0.044341995352592534,0.11446048453572999,0.09073656423960941,0.10234395234633453,0.00946866614023989,0.01683726066493385,0.0293642503202447,176.05918351491383,0.3779228515830928,8.520133587318316,0.6574447698335097,0.08791991093041229,3.6847369196709048,0.01716753465171461,0.0023161597949856727,0.009325079922273716,-0.0009574052513450226,-0.0020203355684378366
0.011211609064705641,5.7328891309635654,-0.0012195900328677567,0.8890866496679379,2.4662862954954345,0.16531425439463465,0.7961349279803649,1471.5313992827982,1103.903037545605,0.23577567570217095,21.557987451199004,0.25611187401309277,0.0006090668168940994,0.03708126891640706,744.0673060960953,776.9234746632162,451.4297547412543,0.0025246242161678367,4.999492311066746,4.329275555930289,5.44945465831116,803.4483410248434,3.2413150392908054,11.001933218399303,529.4878170181642,544.5055321589222,0.004550806125634743,28.195600821711665,0.11804519930634605,45.78356926745454,3065.5240587119783,127.3784626032475,0.01747173092806431,0.026173714692510508,321.1820169674053,0.03517562347755643,0.020445704157019406,0.022843751908022014,0.00554219712047388,0.13206276625600033,0.0325074043672009,1.2176526301542614,-0.002388281038918194,0.06269309427246128,-0.0007771327679506612,0.09101285807426152,0.018036183295738972,2.9042517896968416,2.030722490696233,0.005593007679390638,0.00779656585485089,175.55696027497441,0.9327291945276288,19.792615673329884,0.07867144984430663,1.1005163822863286,86.25142133261662,0.0034369435058145825,0.016429528936275695,-0.003927798612674671,-0.0034930897794289706,-0.00028050418142822053
0.01309310775454886,0.25939668720939935,-0.0008177039269972042,0.4890638533648799,0.18166513550107943,0.14155907926083877,0.36222755615918967,1071.5894769941006,1091.0326551213093,0.3068997123849746,35.26637303630696,0.33389516678295283,0.025698625658005625,0.08396803239621065,132.6521567889062,68.06422256092745,60.97401444930359,-0.0012650930924360537,7.599360364142949,1.3097195907644243,23.799293835123546,349.56303158791684,0.023768726121992323,0.6568082594552473,581.2970619227879,601.6189550333997,0.023049153039417902,1.88236971540194,0.04935224252184334,51.811951137837234,2561.834164372046,32.47575383776304,0.03742461775326067,0.009792027157058847,134.56329400919682,0.08096862714624553,0.029111028919057702,0.007410877039522035,0.0080488500198177,0.19636411640296547,0.03180797418631531,0.06576244113500351,0.004541825950256317,0.08095089838466318,0.03231080395336594,0.0449661294558501,0.010267760868793552,0.5397395662281896,0.7604175970354996,0.00494483966379633,0.0023867835101052393,155.36494501014906,0.08501711156585046,11.4223683386558,0.06265754127275347,0.055514655635227506,16.45479352064274,0.002392783671772314,0.007650125667020724,0.022780193348156175,0.003547798868374308,0.013695013914776233
0.00699055014860317,0.052407342718049144,0.005585486412017282,1.094715311677744,0.364700307179481,1.614945195969371,0.36493489324007644,1196.7260092179401,1029.6512513134182,0.023597663196175844,110.48134175579547,0.03736442900870518,0.012604449714907595,0.16575604930473542,924.9827270826688,941.7010572802941,586.4942888547833,0.000870904634396652,3.807811907297989,3.366924658602228,8.806734123066912,539.5959335394936,0.015188411949845992,0.25082428802918866,200.02250245276446,206.89350184952974,0.011327177455681792,0.09793421234757815,0.05096766957260801,14.499970715575193,2454.932129456403,144.938610394031,0.02180215296517307,0.012362102961094301,78.01637622768666,0.012306055972890917,0.004884171524012437,0.003990327351713674,0.012730448436442998,0.01657854441032569,0.01645407499468199,0.1395354010673726,-0.0003963625536833604,0.005855062382331688,0.0015292951149099565,0.019480776050782467,0.0216054442407696,0.20523030358133454,0.6301268948611192,0.003936760195962563,0.0008502615723564588,167.060104732668,0.9407804116773146,1.8410378179025475,0.02069351314326262,0.1022973688999711,35.56309484192873,0.0032455251699197163,0.007432375164432514,0.013291650780033137,-0.0002893655151883223,0.0037368560223534075
0.012162677441538428,14.538454746282508,-0.001200153440428231,0.5084419222553276,0.5271308400039736,0.15679936286996732,0.09013662120061472,584.8987621608575,428.36721159295354,0.4167556237570915,33.122860417418174,2.389876195383903,0.0011441689830329338,0.5532280813316595,36.23969077401846,15.659323907681706,35.357055009425565,0.0019273171793594557,4.753576083489244,23.437430005635704,13.838297069002056,330.41460026945026,12.494139674575202,22.04690482548051,448.70005137899363,471.45666236581025,0.0037255216144540526,51.81565067769969,0.028165218601700737,38.313583309006,1123.5742078147255,17.782172842909503,0.09308360018753703,0.0061225344219986155,145.04239991461435,0.02846446894814303,0.001843568997650813,0.0023102507433554464,0.09391920899006223,0.018421908597883174,0.07444965388381419,0.3747965712293917,-0.0008537402689459128,0.026309058242743433,0.008590941948717123,0.26955697226625475,0.3805533250062174,1.6193399768346088,2.8865269657731263,0.017803784568935832,-0.00013291815181482036,66.08103339075701,0.7343538469996771,14.863116916214022,0.7624468823729096,0.09970963103859365,21.854328777794684,0.016274488134201626,0.004803839152831557,0.0033466051196109348,0.006097804230787318,0.018732207994315075
0.028638431709651968,3.2543517669754323,0.006632842233596392,0.6040085040359182,0.025178139381178966,0.44965119324066727,0.03807818503350102,426.3633622693395,434.498158950883,0.07765851348766795,15.89163324997145,0.9594720439792992,0.0008762951892373749,1.0196965564524092,315.45796450701255,343.3822898639784,211.97112087784416,0.003709707788912553,8.332388140669314,3.8962419955233063,4.749346487324374,135.3410463289446,6.515182224393088,2.9281749754007667,58.48469006272587,56.63365294940904,0.023798709095424364,18.01358370230311,0.07576030307819792,2.661839802278836,1066.5950359661397,10.148626884832678,0.016293929460520218,0.07871660319092033,52.75967774868635,0.0338964701374973,0.0014512928974497186,-0.0011909219044525798,0.103348933499535,0.09336953658584957,0.00358924973632746,0.7303068766865106,0.00250736230755777,0.011458128221745412,0.01132217451695361,0.033904208092724986,0.03700082941860483,0.11819812291086418,0.002516912345231326,-0.0018577025856947316,0.023476304824117555,51.176953494263806,0.005153592035865628,1.736749812165888,0.5859106574223274,0.08496690513840477,9.513876426223819,0.020588368450654038,0.0009890350863521746,0.0225694079959311,0.0018595920734041371,-0.0015891444871174443
0.04396562542219673,2.6218534435867555,0.0035421431829769645,0.5869162516000754,0.31556685607304846,0.09564179515637328,0.053971960274924236,217.58559975251217,196.75790649466757,0.014919694032313302,41.254493084107864,0.0024252343466990567,0.0004080426059722697,0.8085463097157195,399.64980254823587,337.54206958090913,252.73493082954155,0.0018831185406096296,6.805720100931327,41.99493356323299,16.673474003913856,87.68640033598035,1.6975652173278624,5.160320309193332,2301.1866571021383,2377.3876406995305,0.02220196825406706,9.938748312699559,0.06190121820479444,219.97755596793078,411.5784362511952,90.75011568772153,0.041854068363978314,0.01614120412577602,1.3982766173108496,0.05334511320880253,0.0022235922510258632,0.005379844325241301,0.021855605270434175,0.058580170689499056,0.04662132402004282,0.12258362609720219,-0.00012630497997534462,0.0078103499413764155,0.0017751629389728407,0.10873933396341862,0.043009257296776404,2.141387802638172,2.5311955045321097,0.00992047610673108,0.0464330473404182,0.3451483352027944,0.1841918772671427,0.6776741222597122,0.04606297471226739,0.07171608893199544,0.0027127340042678583,0.0057931035165292855,0.03490386659078659,0.005160623004237586,0.03771008784258978,0.009127127741201058
0.005634429223357884,1.67657450638362,0.002719522792030027,0.43514896298233197,0.6087972186275099,0.10810660658221671,0.12941837216961005,1109.8685752338524,973.3741361709746,0.17290290214834858,10.427565190023202,0.09813325363834924,-0.003258189436131431,0.20386616655392675,113.21885456177218,54.644746819189855,65.88156131881071,-0.0007418895474460285,4.597214016532272,1.8641533538459658,31.078630711771908,482.2839955057543,0.2191392817220379,3.1845955385324523,995.0715301537145,1031.448838924333,0.08809106789674104,6.823192286247117,0.11125612203145074,92.42495050674633,2387.208501893296,49.31778251015438,0.04525255147973439,0.05625784008302226,48.52234066847054,0.013361205098481932,0.016077710504410092,0.0004753913072290672,0.01971489266758919,0.06643737139586392,0.1474600440385343,0.20476308821760103,0.001282239464472923,0.09850114829976064,0.015233856938728252,0.29937779369949613,0.2911536665128498,1.0708189069024332,1.114594258762125,0.007966224158965751,0.005930067874113654,138.69791389573982,0.4119466297772849,7.440454873070806,0.13036681425763863,0.25622646358913137,6.2541376649195115,0.007207770415507575,0.005692696593824209,0.0009258229670434659,0.02369148903765783,0.011126244842479593
0.004599106776995043,0.3588499038341473,0.007854894585533678,1.180642092842441,2.5399938514035547,1.848983263573274,3.9610793215152,1865.1713157733311,1762.4312155895855,0.040634647491947895,10.54315064198192,0.011870531967525189,0.009224969694120233,0.5458239828379439,445.45978621190903,667.9703248482485,303.55059907969013,6.301327536206713e-05,0.08166576188524122,0.7293646265694012,7.446002722035082,722.4055569064717,1.0166005975827108,0.32962289325369376,745.5066045756073,768.11211908366,-0.002269064018350697,2.9227555537874714,0.006291632488615306,67.390670373139,4319.7157330421915,11.605459896808746,0.0016710469949554607,0.026107388019154243,58.16338144210795,0.006768692664294029,-0.0018603469187956634,0.026968738698679218,0.09257205700093518,0.1300924837997055,0.013436532068758389,0.22719088919731067,0.00983945580031964,0.041651311018465975,0.0037313100079110484,0.022827255276622438,0.07370743750269693,0.9947093806692431,0.2193630992217912,0.005467066507842233,0.013121613857205006,264.8829668363135,0.5099985587374132,1.211875392458949,0.039454999251356426,0.12247431947045673,19.652478784402152,0.0051715451702154525,0.009179274281378547,0.017748936817378436,0.00024388085599102993,0.002642146017210578
-0.003348970032458709,0.8708581383686784,0.006458902795200672,2.3633344087212738,0.5857971362159242,3.123756359691381,1.4646909172770126,146.1961703786783,0.9784942095635625,0.04241710010487587,130.42110299166484,0.7605289855169302,0.009919807027420902,1.472230898902298,1189.9124816557369,963.3843567685661,768.939029296989,0.0017218401226894997,0.15782547701816974,5.441250257681816,1.6755314489644153,163.98919024882971,0.04728151133552938,1.535408359947338,1329.161082426449,1386.4308297726993,0.00925514116722681,2.650235019785571,0.04593995772811699,126.0599369126028,315.31381301529785,206.66837638738184,0.01793843955219465,0.03493246025293484,172.89943678522414,0.009610646474487616,0.011789356785453009,0.02117662523183661,0.006629881333344301,0.009726590105290533,0.005818469891409883,0.3257139712076347,0.00245524825096588,0.029921567220057455,0.00042627910563908245,0.22749145754959343,0.34924797117554895,0.04372342278868402,0.02588867239137027,0.009276634015919605,0.004702794000857047,16.50230492709997,0.09252397383521593,19.27039608689168,0.4177328048541433,0.016381505653961348,25.10928414979073,0.01179074537742153,0.02296587118496518,0.010124403780057634,0.0009534825590975515,0.001419383784202921
0.008883224187308691,0.03365039398195435,0.0005377815732581226,1.7299878896731373,0.1286715639896192,0.1021120407914351,1.7102949072410185,122.39994409215073,121.81969401344288,0.5847582897786561,79.03672654944363,0.1881291134487375,0.009572293661395115,0.562764380003423,1150.1474788188764,985.7304897625214,737.6268141156039,0.00033562488411487124,3.3780550883234275,1.4123924508590866,26.20155764647427,39.83448187910366,2.380718442765457,0.6312478702951578,1304.3675312591097,1350.9509402378412,0.033919418575866445,1.4220270621601356,0.006019288307426152,123.17897574871584,467.16298920920616,168.0396292756737,0.14428704053944408,0.0398505545501342,7.642145787804126,0.034654751184913124,-0.0015328339081692732,-0.002079172034640031,0.08242836523750086,0.015274704171299724,0.06096627251947773,1.1832340682118803,0.016698421742381342,0.011148170756419162,0.010798854436736782,0.0018505333094944731,0.031114098472150076,1.3091300037697353,0.3563102741081172,0.022963744221613958,0.013521118738991866,9.47029549089914,0.041811656720592616,0.35417153844274996,0.89569088442558,0.17916668488959253,0.100966693899597,0.026535848964346798,0.010521262858028457,-0.0005449875491088108,0.01960980912115229,0.009198781873006823
0.035293251631929756,1.1813144579991404,0.00040554170863771333,2.342656936777903,1.9814227669860163,3.1372748427334347,2.637637995662949,2194.8829450148123,2132.8933607637146,0.18912460947821597,63.041068246683814,0.044382985075195336,0.0026042161573771594,0.5306525120398025,71.0705666219101,269.1894428406613,20.840479492960302,0.00013518026380587855,9.096089113751862,4.207367612936631,37.012290748124705,825.8961461392038,5.616814237198771,0.4863926310131035,1695.5052235739213,1754.0593413664526,0.00787780552861328,5.308830082025395,0.0034393619890975557,159.31471804897166,5135.921917436991,2.4641989351450224,0.0014938501140360216,0.006033362848730128,122.93324574598486,0.10642631529204039,0.013222750792280635,0.005391762695728275,0.005883888074764698,0.12177016975575317,0.03228459246068205,1.7548168553927574,0.01804791360424396,1.6260538690637816e-05,0.006019958317098784,0.06956917048750189,0.08735341152754916,0.09096014802927765,0.42043784326233435,0.01834747655641955,0.010579712240117445,312.32277511977713,0.37389844045459153,10.397356188945842,0.03157230875449368,0.3922748838176293,59.784919186397055,0.016887493412570898,0.0022793584127596134,0.009925722252861924,-0.0013130263130634034,-0.006710673401111755
0.019380991588314522,15.309800316754284,0.009615347324958279,2.357050441373338,0.108036485467923,4.195268130908864,1.1333554332208635,158.61771762751363,233.0788960755208,0.1264870897517918,108.34705111581977,2.0034350103309704,0.017997485647482492,0.1024684461286256,175.48816836766747,184.7991713838411,122.450706998817,-0.0008654590928474093,0.12573040400357005,9.643628540176973,16.178656354881195,0.41353289737386234,6.2844418725732245,27.83943719278457,387.78790707841256,399.38305807377816,0.05760379479026145,49.79661392567639,0.004718124002492274,32.1174542134969,446.62533942400313,68.99145872215121,0.08488045637968167,0.058205896284090564,109.57314304881282,0.016806404709982736,0.054030145445156386,0.008317516505357503,0.005461658082185572,0.03692943456320297,0.053186843576310316,2.048499057921217,0.013931981238155977,-0.002277044211832724,0.013106458463488124,0.2208708426990995,0.0357986256610916,0.011022144858939598,0.014916837202744837,0.0031803689391463053,0.010941504055044682,40.79869343794081,0.12680516577606227,10.914188377689609,2.4204835722909044,0.03747476706709829,73.05200494804589,0.05137119678236246,0.006174087756873448,0.010104867526989025,0.005184128110580666,0.001888378287688397
0.010678961221964656,2.834381987319192,0.03310667799546341,3.9403968514282237,3.507755439692879,5.3677033494801165,5.45975558295118,159.409676075602,91.00788702791323,0.04560777656456949,31.16738380973091,0.05127837524808054,0.010747894225234589,1.307922575775585,149.77189090166996,113.08830080997,106.2008595793147,-0.0002843602018396396,2.5551544487871496,1.9177171947392448,12.970895684129903,106.58474687486616,0.12349679316581241,6.306121827740258,498.5436279187658,517.8890023976746,0.0018033241094137509,14.348706342326555,0.031919819315323394,43.13500903921954,247.78892556818107,23.95140407005805,0.03351711581500538,0.06785792422192038,64.09209953572365,0.014469433493169426,0.030580145611448728,0.02499032380638333,0.006164372641449312,0.0014332343800509406,0.004849799895331408,1.036335637690251,0.005164171718115007,0.028554772646187665,0.008606083802778386,0.09005256833203035,0.05697848165289621,1.2033510534424288,0.8278141733512632,0.02332891228467915,-0.006384481058200109,23.466647157512472,0.17368204524696917,0.49147280923283976,0.04661102232057779,0.0787522341618061,45.651886266492326,0.08453667796762865,-9.186279938866448e-05,0.0047397375983360135,0.005579358501200282,0.006804151045278317
0.048895698476741245,0.2557816072465293,-0.0024134673814062424,0.05276589789615915,0.1466873539589697,0.7713461255970202,0.44581780124616,488.7437174711202,432.44588874167897,0.021355911553009754,28.059743424848982,0.16288601019460724,0.0225940421341857,1.906133782976415,286.845086175773,300.44083137463673,176.69726010638988,0.0029510843086111294,4.761804124893304,6.448432748888381,10.07724079513819,211.9228593378811,4.620145797837688,0.10590519803383902,913.2605168993152,945.9092507289154,0.01278141204930705,0.36768410526765916,0.011288801998032838,83.35527188916522,998.8816920144322,76.90985508097612,0.0036951977363255395,-0.0008094302650043517,13.56507292771993,0.008992073466867367,0.005240235958996031,-0.003876556379923457,0.0568666615457909,0.06703483870166416,-0.0024798137736894432,3.2294735535102514,0.028659448597466053,0.013023050627944066,0.008380919234785011,0.0907854240595043,0.09651035635304428,0.9780111649317149,0.42662606694041116,0.007596327593923036,0.002265878084720896,56.02793726471942,0.03393345769366629,3.125547361962406,0.25974050325310927,0.01860494050943018,2.91361591765577,0.04209476424195202,0.01474911937630452,0.010842689145420081,0.040082743303653245,0.02135736445936054
0.0021416509204987833,0.1564352264287967,-0.0010369408984063355,0.2766545261282847,0.1500172655177936,0.08929405035367832,0.012210608172603443,921.3730210827183,581.9304860127933,0.0884804708613176,137.2412596061991,0.3721901784044084,0.002847498564576334,1.3642899836559996,523.9785956787838,493.0914145228454,302.50582053336467,0.0017926458996369021,0.4632093884702444,18.13935618717184,13.778853530303465,588.3466667251944,0.009559507590144456,0.38269905349307276,421.0045999819276,438.90117795936453,0.012381757949003536,0.02052269861002909,0.001970695205769424,35.635169634818624,1871.5547342524849,212.22103791795274,0.03793266940950435,0.004987000241635897,339.0158219185673,0.007983948520414508,0.006953306739528209,0.015728413530505136,0.049658086273074,-0.00020650627785112619,-0.008504087066370403,0.0895020749670623,0.013463762853695549,0.008150949217281322,0.0008993155372838402,0.09232134481302268,0.03570087900546692,0.10691043316220128,0.2559309283766016,0.013810637923016955,0.00996581807799668,58.84044692173349,0.07668939601116875,33.39447628273736,0.1501719338248666,0.5916142109104685,32.36074815960146,0.012062704365179755,0.006436292395131993,0.011753433900600463,0.0014726055240599223,0.004265026562134899
0.007292523046258381,0.7545030434660394,-0.00045519971520047164,2.2691380941647132,0.9295417492864049,2.316368241084053,1.2995760411006891,498.6925137418349,502.92635173010757,0.25777775446209894,34.36219039478479,0.0337252180045855,0.012535659585196868,7.115120933589688,472.0656899858076,288.6300909158487,291.5485387596061,0.0012944433306687486,14.731034611839082,4.130915763873606,2.220537322269646,167.11296362655563,3.171817382943315,0.24249379751155153,807.562525964265,838.8606906462065,0.05621672409627809,2.830879656814396,0.01095758318862039,74.17592284071067,1201.035585879534,32.176376942186046,0.01906016325041371,0.018688706895973795,53.01914249781779,0.14355391146588659,0.034609772518270354,0.017362136135204764,-0.0017017786780257893,0.0050345778052207635,0.06156280527376623,2.035665794383764,-0.00038302360461095475,0.011506909686744393,0.003980845638840158,0.023070557527718805,0.03948324690616101,0.08686008690839309,0.1908062373808761,0.012116592643946156,0.008236734971889703,92.84146152303538,0.0396671282279879,2.4638192746875838,0.04321081090066592,0.005542968848692098,16.461353585834143,0.015281477024210233,0.00609378039399644,0.0029853443690708303,0.02061439874882076,0.0456315667825935
0.006877590939508238,0.15871926221778576,0.018126853831740064,0.3823866239792739,0.6678017775724978,0.14672151946669665,0.4408955084145738,751.2869026533081,652.2966163836123,0.23290221268992806,4.264565772646712,0.03971178571335976,0.003252672501078635,0.027273853973931672,305.8458897962666,334.6214246832276,187.9811107540941,-0.0022619821183926803,1.8002071801320128,16.226952884299443,14.818702363293077,336.81919876804284,0.3049748754316104,0.060071513069178906,4146.3065481674275,4293.577288244411,0.0983221845177562,1.327131395458272,0.023025721048769654,400.5991377706583,1668.6036016671333,14.942800532169585,0.012137229663182758,0.005884499463930659,41.427619917924474,0.008216593913948245,0.001845126358956506,-0.002058061654349075,0.009010662678615944,0.011698708979411165,0.09003219149093944,0.23238557908930702,-0.00019862559120831236,0.10883323990355986,0.04384107084177824,0.00203260573172237,0.06750576423879906,0.007973209426660688,0.24249645416594579,0.03301608186671334,0.016364840746020626,119.11415113665133,0.1526790337695889,0.881838088577636,0.21762386353770946,0.08709668419988414,14.055567105444933,0.09544892103205793,0.005238571501447353,0.007397224991956719,0.02746729928448488,0.006870230285640488
0.009023584018306607,3.6175561634658777,0.0019067214242607378,1.97735447754933,0.7074782556849275,1.0612896507597398,0.3508248112155936,679.8686119646729,510.296097522456,0.023768317754552015,59.97056711038142,0.043892043650634704,0.020663072501585944,2.1854405461545916,929.5038240309854,838.5152919974693,590.9143757064579,0.0016514010384458544,0.3369177131688659,6.33930163747608,0.3465368744480175,364.4545562697937,3.9027566704405814,5.146987009922315,695.7851613188184,725.4760397697116,0.036966803634877365,17.195906687422116,0.033392812380472314,63.11978138509652,1415.7811857157174,18.89107825245204,0.0436108074249848,0.06139070008406122,142.14262006445153,0.008464795021065008,0.0006871716567165009,0.020842446334675913,0.003121840871378012,0.01729484222209976,0.01077597221032267,0.17158031683957642,0.012650259711156409,0.058482024561868684,0.00993880214033016,0.02118866045281731,0.08726469105458978,0.4665608540679598,0.3446377163255949,0.005399102220759566,0.010205481686246465,76.07891889489682,4.818362536415286,12.204939372251324,0.036810203803115726,0.007638677719647546,71.37354941659925,0.004452022946433765,0.004521554009602191,0.003695237700766185,0.00796568877596826,0.018708147545455134
0.01239812800315132,0.4255738253103827,0.008639135506093076,0.5355795705144315,0.952867054416699,0.22659337633673982,0.5587984902323235,442.7731737458753,520.3821065225637,0.02035847881008479,1.6087873686933074,1.1410029241286415,0.003113603163181544,4.16725650346299,925.0215669816265,626.3281479565277,582.7541217499696,0.0022948928515900135,8.172561748700698,19.532518584392452,0.9025305232614533,89.32292306797878,1.7561593049608843,2.8631666321439075,2092.198469461716,2160.0273773094905,0.012878488849760394,2.7829780786262583,0.005570544088322471,198.4030446773697,1160.4909213901599,2.6347823177725216,0.0809536477121151,0.020180105401949255,136.91438510786065,0.23693015547465102,0.01925521351000814,0.03131426673389992,0.05192699812405355,0.3227933953817761,0.04904896063898789,1.7307358902729115,0.00043516223216144567,0.0242911076701553,0.0622415194462711,0.19153375952402651,0.10311585536880141,0.053357510719624024,0.11539482732626372,2.319054642274665e-05,0.005244965437959159,66.97074840501851,1.246988909713826,2.750656330417363,0.4891292912615546,0.002082794461041537,0.044171302587892036,0.023665603336571195,0.012603726052689446,0.014918196650785198,0.015161792337585744,0.008538138189751798
0.00412837212029693,3.6489120547905873,-0.0009581476945248468,0.2971035380283462,1.877182303868583,0.5364925267541363,2.0842261335682952,372.71030325204373,446.4340608324129,0.03943639849919656,46.46940775349515,0.12364685278499721,0.01980924826486863,1.3656535532566725,465.61586044961143,314.62465659730015,272.062623843797,0.0003590875852932385,7.107234973559592,11.827274112613852,15.800604513333257,65.72185644419456,6.07297232593522,4.588241961128732,1774.0649560172994,1841.3616689004618,0.009025892621779441,19.54648452088523,0.014666910165537672,168.28729297344904,1004.3039454504773,46.211656987523675,0.043630548278700054,0.008182245183149917,132.11504767859884,-0.00045691047358698,0.0022866645741626,0.0037534442281135227,-0.007468304989680874,0.03055636757681679,0.04802650649775231,0.12642227645249537,-0.0015180502203211432,0.02732443627979375,0.009695385931724587,0.04898897644438449,0.01827589483228209,0.34125486628802815,0.059559796871543114,0.00011313731643358693,0.020186106046811148,104.64913241429106,2.060542391905207,13.393239113618383,0.17747772958936991,0.10576292735120418,23.9517637906267,0.0024392556924679454,0.031102040039686862,0.04356593482546245,0.0015778580284795396,0.006022083254908495
0.021971437632978486,0.6967587988863881,0.006682943225743365,0.08471092263155366,0.30557139514601594,0.3103300599730474,0.028537697155471164,804.3151522978476,931.0851862664689,0.2923313426602787,11.343751521889555,0.7292501557545448,0.023441485622400116,0.17601234103445318,249.81873494919546,341.6195993372837,178.56865104000158,0.0012510468578312839,2.438546262370571,2.1024740343277477,1.1192789416312747,172.67619672947853,1.0084226856063738,1.5105247521120821,4296.346987715885,4405.393975602594,0.02980589108180709,4.747202315692426,0.032418755317306314,412.35853307195674,2049.523531486806,79.95309738436075,0.01988747754057929,0.016011767871838778,246.5432559293982,0.037958769018277216,0.03733026185190624,0.023598699354473673,0.04942700670858624,0.04526752616638152,0.009979483364312536,0.07860326986808808,0.0014666971749308644,0.031795649762429434,0.014320871115103273,0.11862692971009725,0.06158093497379813,0.9992951009321454,0.24501832770815213,0.02008453405498578,0.007760364582229506,143.36034551118328,1.1770724244483945,15.75962312399269,0.6120089418698225,0.05366988188145516,19.126329558351227,0.0306739098095834,0.004864312414167848,-0.00023355745799502614,0.0022404842854415463,0.012598354009908164
0.002795997590402166,4.18127107501158,0.018658335086992217,4.801505443927551,2.3460987115146548,5.040783945133795,3.4008706659271315,93.95621218184357,260.5316366486074,0.028230706113879123,20.269720677128745,0.5414679084391567,0.008497272698879677,3.0748999880972505,242.61863414672018,107.17343492100653,133.91711765336368,-0.0004935577241340638,19.15067776905231,15.258688866798732,15.716833816686503,89.33386011228814,0.9537024749187113,7.396479482671795,401.4667045397745,413.32166682827454,0.00922137158074765,18.091818512334935,0.012313428880249333,33.720846474413456,538.9465764264827,57.8834625152756,0.018978842163621223,0.024853285713744455,220.28001047095603,0.004671570876628728,0.0017175491371288487,0.0014461277651847126,0.02605393347301277,0.2920067598138001,0.004414480727461978,1.3478780012531928,0.0003556006041218751,0.02379202725181706,0.027431457870643605,0.5251625299682132,0.5240384565733631,0.1756567790039778,0.06214709722792655,0.0020799375887436966,0.030867906094111497,8.550183336608454,0.6504877392712674,21.70680904407814,0.3364442428582617,0.0042098669849846004,1.0588756189181554,0.01855425774520114,-0.0003090791933049175,0.0017380678819396422,0.01602304866246307,0.002659601104563869
0.0002929811672798266,5.713379120249376,0.00068568544622849,0.4034047819252704,0.09875346814994757,0.11437399722573183,0.03278963743502139,525.7898928249001,532.6615383699805,0.0063760372761532125,40.3439941066566,1.9880141909177986,0.003540546448477677,0.26549925423286247,839.4158883988808,769.7679111695503,544.7822237021742,-0.0006917130799868332,1.8253340587617224,0.42163267655617265,3.473622645240745,171.7143580481288,2.7757771807526943,11.287341593564092,793.9922695663979,827.6055485422926,0.01443401001068878,22.41820172461931,0.02253007968587717,72.59759080898343,1332.6576403908255,49.09595340584595,0.014909839440459649,0.014527341308688158,60.81944776574388,0.043535562797162974,0.0047167906218614775,0.01129932547264545,0.025393951808935,0.1520895559578861,0.0067640380425757485,0.5177554233229911,0.0016566556516677267,0.03310155491326938,0.028237430165138022,0.013793135201576767,0.006331078897241049,0.06194740157630019,0.1459600171785409,0.008238492889128146,0.008917913491258034,96.6054173619297,0.7557595260957495,0.9031867853970823,2.0416954619074392,0.10736927580474553,12.878904215567273,0.059420806004944815,-0.0008653651962760023,0.017648993339426156,-0.003799116912265532,0.021558397439971344
0.018704956231698766,0.0005602489749660933,0.00022460874810281695,1.0907131869073448,1.8797123767078707,0.3732259204362718,1.0310942752689982,1482.6310047271663,1387.3211127542752,0.010670639098961487,39.59898951652197,0.10805264277899784,0.005580302296634088,0.388910408474338,397.02710564195104,39.06994658828868,239.40571211053782,-0.0009787251208495107,6.330557782944337,2.905285210896488,8.849255896315789,597.9843354450493,0.011750796912110673,0.02395677343001079,1262.5002465827583,1316.7448071654676,0.017409010365154742,3.292245187003604,0.046115639299102895,117.90642426244935,3361.3675466160057,49.76082747365913,-0.0010025480898105954,0.010611644851892699,15.471263697713422,0.03379332164644655,0.0316464893162971,-0.0026398668113172263,0.05674131295606344,0.010343044987764394,0.24937698187932522,0.3806304995605032,0.011107553368563394,0.009417468811937724,0.01727770619449398,0.1755832672682729,0.11756804778129837,4.100436483461915,2.839905657829944,0.007599743675902104,0.0013631441931636346,192.46121386963242,0.5596971632943957,0.06581207497317365,0.011575341726562272,0.1265668642956257,10.593597770239509,0.051202621125486125,0.010166729652111073,0.016346038242462946,-0.0027472869574811654,0.0035020535817533727
0.022458585530602093,6.903517804435234,0.00016065325835690203,1.2873481329447305,1.5216263418342137,1.086429046636586,1.334242293239221,583.1894753676637,825.8206856739848,0.021939968298982926,50.31363344279767,0.05221616895080938,0.013034539479448881,0.3542099270186041,15.014430975242448,91.52143027665082,8.298850592549007,0.0013571333881161607,2.665035737220231,2.4809801809724714,29.893072566509794,6.968764089748083,5.831625739734047,10.26960642213205,1420.2790352343395,1489.9608462817355,0.02946849417519104,27.963357665239997,0.051802196315826166,133.99559463668515,1693.98853798952,93.47189266049912,0.039308134277156626,0.023111576241641174,375.42716376122985,0.0042980181570388964,0.013336703510364423,0.0028821815352442215,0.2740065600939747,0.02515571574107156,0.023542442818277998,0.07414572581359646,0.0005945550039836434,0.0499000145201709,0.0010309691187302406,0.33120058160019283,0.33300695911671596,1.5468695712945308,0.9466755346847364,0.004612399590800287,0.013220093874617866,94.25339442143468,4.262652855673455,40.004273926937984,-0.003207927801319954,0.08010080761161298,3.513427779993693,0.0063144107491242,0.01668937584736163,0.014820361839042562,0.00697099146349256,0.014350532614585632
0.029916705446248137,1.291103647732097,0.008174856721186785,0.23947140835424197,1.8052796186829134,0.028641783085850747,1.1254354134054276,985.7105080021207,1037.5496767312786,0.12269592556912912,8.107837943017344,0.19704138285847872,0.004543473092303962,0.7988917724099611,1590.9290005168007,1084.7385371307657,985.0825930655276,0.001543762519070846,9.816299501546794,0.1176257607670701,5.912769531253373,299.869983744222,1.334372504940447,1.8430859955142953,2379.854564109199,2478.348428542915,0.05198231798536934,7.34849064081131,0.012315224191440599,229.52324165245324,2445.7606604942816,1.5247222333583252,0.024861780915712117,0.020931454081793532,159.74137587694628,-0.0022430180098176322,-0.00018133492677563368,0.003317454631996064,0.020419338629053208,0.03328004723041911,0.007508946433913977,0.1543318013619448,-0.000471726006264106,0.014046884221692757,0.005380693730258734,0.042153914514525326,0.1397625341849018,0.28001268794612244,0.22599167815522847,0.008247788504652576,0.01230742699369447,159.45584440414106,0.32556673937388236,11.679075999663755,0.08570137276594814,0.07692316430861101,6.293836767403745,0.002018347655454278,0.005788083544143063,0.014782983613634393,0.01803440550456692,0.015539335005810173
0.005595564725761726,0.539212503860778,0.016299040442493862,2.4664427256521524,2.610384687324226,0.702451683283936,1.1791860604984645,826.8885452995859,566.7773512951949,0.0643153719422811,53.58995840422429,0.2683213701123872,0.00234076204420397,3.870819532205525,68.35543063895503,152.71603364754682,18.50691981288312,0.00041275582196753646,5.636190664464259,0.5741913486332741,2.4514004946275296,486.58418756463385,0.3424447735305476,1.0694020470212093,1209.8264021556454,1257.4239515474678,-0.001584793452110489,5.228870408674117,0.019499104967835024,113.37465603494135,1496.3912863333708,64.03840803614172,0.011170380031127358,0.02014745107451077,241.26830702603286,0.013815673574908871,0.008409955585480411,0.006878909620781748,0.0032188634813898886,0.24356003097289225,0.020081311261320067,0.11140733193534924,-0.0009553583653234554,0.05860520832051286,0.028100323759105095,0.22330533055778634,0.16540183486177185,0.4170673678147878,2.08270547775048,0.006181184504255199,0.0025640896127221424,81.64556132715494,2.0046777841998296,24.04531156044949,0.4924167186644448,0.24622120495858102,17.552077199918102,0.009297079944091458,0.004737037794518173,0.006860134637900472,0.00403989690810036,0.005087797501435176
0.007614110519048367,5.685973168521756,0.007074374543176276,2.7797032083108943,1.9899091938502496,2.184277727013364,1.531222844835038,16.748898204316557,148.7979614552914,0.08598822308210785,58.18623493027412,0.05983936131671985,0.001980266113123186,0.24322759987583975,189.49849352263192,175.11913791825378,145.5180375656175,-0.00010712017675462704,0.0914828563728669,32.527408832422815,6.787525861052788,140.304296377746,0.8002056450132482,11.300997704065459,2630.179343554925,2750.152502699097,0.010850782695689176,20.69166752677976,0.010580232947293489,250.62183080878663,225.90511171505733,7.959602675262237,0.03653360558385632,0.0011466042862107173,221.53318349386794,0.017657623195746375,0.0014380937970024377,0.0032423847718270338,0.01543326761835484,0.09959192220954449,0.03916883132180171,1.3638261122238076,-0.00021939249061286858,0.01192348084553263,0.01617781327314649,0.17431820466856873,0.054799135588376124,0.316070531250463,1.1311650693293762,-0.0005308994695347735,0.023073633292916007,12.126758574945583,0.19408730747073388,22.91010862960803,0.06614549176631979,0.5774709999419052,52.344856790623425,0.026366303416291537,0.019089882310165507,0.023176963441847498,0.006957202223900616,0.008145955737623112
0.046534098442815974,2.3713420276577084,0.004637987210020178,0.5019336463711692,0.26052433368577876,1.233813907118555,0.6951236108258438,408.83326831111066,350.11058577992213,0.1257388271611557,12.012975780473358,0.00657373235541403,0.003052739202558108,0.019689546798889346,792.9437833266754,677.577906063134,504.31783284534373,0.00395981133276635,11.879467231480806,27.238862737338273,9.403469237055042,187.81945307023977,0.884379833440172,4.30179837819485,448.2926170973726,465.45422160812444,0.035415007891310246,12.139750739495959,0.018041539607190238,38.39467522454298,979.11592767166,83.52381351966395,0.027462483427192375,0.017406206905068444,28.36070985884244,0.049315094446842345,0.006432986810561481,0.0008885944212790875,0.1459714673121093,0.04901891219032972,0.017472959779492925,0.07352970580489071,-0.00033773598874287103,0.002973024931504753,0.0008428766556383138,0.17792650435356716,0.4910414582474365,0.04508340642931952,0.2752017293723803,0.009779465063027182,0.0289982019241668,35.39042863228138,0.14644556291196054,0.8355922443000816,0.006459816093641102,0.09702633249176085,54.06497212579383,0.04545687000591947,0.00225873922729658,0.005525405798165295,0.004152537738582929,0.009367400843026452
0.006314102480411421,5.765690985176432,0.006153423846622985,0.030837013943494362,0.4514607556552539,0.018508891696447982,0.5737585803408853,793.5059987141736,713.8497455016305,-0.0032049038373909156,14.752275644305923,0.026067063120085443,0.001850877374039328,0.13992816428512356,243.6283153616872,45.27665964227153,144.72922843886812,-0.003745654916109231,1.969484698339384,4.165546036600334,4.943954786067463,328.3231414655172,0.5718910792986183,13.609873914175575,821.4365882858142,855.7750586022258,0.009350724773995012,18.77614882361292,0.013225466602936997,74.65316287772137,1945.49205826012,175.55098720125326,0.033461846543723084,0.02443944445411894,7.821705655282214,0.05842089150391061,0.014361944491849243,0.014589789463184566,0.015984221864073334,0.3044543806589788,0.008657911257627937,3.2224127141437062,0.014515261275964697,0.08313512707908188,0.0908431536573957,-0.004664845617838864,0.03594406644546133,0.08297686357102396,0.03553180360480468,0.0017935906850743422,0.007562683708681739,115.01650176765881,0.07500313126066427,0.5606368527355094,0.029298100775946523,0.00810454007649497,62.01857931163404,0.08315424190138998,0.0035410098288553016,0.0029130201012224077,-0.0003227362718174476,0.00707473656967661
0.0034417838566218606,0.4848964789550818,0.022403200827077363,0.3285273282256611,0.4888972752513414,0.15063762954638094,0.0034189570940794667,1303.76024141312,1067.2231445458704,0.07882409887803199,100.60092541128002,0.7965497319664534,0.00023278958828409912,5.15204956086427,692.4004599717209,367.5283839549409,446.5977749071384,0.005648639218825302,14.618839156716067,17.902065295375927,0.8736640399471485,647.4091206181829,3.0418566610543385,0.10626970614015363,736.5128255182917,762.8358840739265,-0.0007583124075738468,1.6934917023723495,0.003394969487968247,66.17958981000402,2866.8614707675947,126.34328508128807,0.04289534481350454,0.01731655916410979,177.58443906389965,0.009361776555495638,0.021498521812392646,0.011708426255563786,0.03032200886467251,0.008156800810015241,0.02375517129083704,0.7985893918811717,0.0001226442439872244,0.019684705988703755,0.003003618971450628,0.21186832877210815,0.0437845234847698,0.010840810195105632,0.014110900329635356,0.006268848993232545,0.006356600543649726,142.1043110574204,0.0006658223898101667,17.111133552274424,0.9712509860643097,0.08026133326659579,37.23262050505764,0.03845594136733066,0.014910329883583096,0.02341810468959693,0.006314078908364884,0.0011533582425675704
0.013331868289547799,4.425411842937494,0.007114908289347355,4.052974111714032,5.010226753073964,3.0768373424919337,3.4581000141110225,319.0454717656321,414.7228405465421,0.09304640788939622,6.871545082408908,0.1335597252586842,0.007589582930032535,0.9559689906229156,1052.3029604906635,758.5397392684606,657.6958677226551,5.873815288914841e-05,1.7876142980043257,21.784155900992737,1.198549704973849,31.642127365797375,9.089427727111413,4.530055255868983,2951.839408331763,3077.5500040181078,-0.0006943700927877217,18.286216148273642,0.029987657920782063,284.37764400655385,894.0203049600211,17.799700646031965,0.016412696565329732,0.0384603957355143,153.10925936768953,0.039683276094550024,0.03263146071248446,0.006594367783889332,0.03327155111546798,0.025370032533039932,0.008250800360435129,1.4993084500067715,0.005634356757686199,0.03611550171482936,0.01625328618595656,0.11347563074586198,0.024675184614388,0.18379122817121551,0.08970452247283145,0.0074390799980994515,0.006012005191834646,77.80772179622076,0.7151482951237798,14.701017662325732,0.547879436630538,0.06164123811842881,17.19868951503605,0.002966535633396994,0.0030728358816949353,0.0513702591065508,-0.0002176448732935654,0.0021300046141403683
0.0030887173134672707,4.0016993137854415,0.0019839721842016544,3.2458101781950157,4.363996267535813,0.7805917599879306,1.5796975925716081,2074.0967242967617,1934.5163493104758,0.17746431973367827,6.236779731863883,0.2933230734118766,0.007893184525350705,0.6606920676926791,1307.406473277493,700.0948435730552,823.9107527123674,0.004177622224134758,0.09130482004271556,22.321503379767655,4.699312784384472,833.2775990720015,8.162431030759208,4.807181229966289,1657.1715680934594,1726.8246367896124,0.010299330065161705,17.997129625222325,0.0031902743001461786,156.30276512326503,4673.255736891989,67.30318708669118,0.0037211617546022424,0.026449470061225888,28.590465815603,0.04653437935119875,0.005395805830872291,0.012333829815633912,0.011476854494344657,0.03888203428846104,0.0191604510205563,1.3670704682232886,0.015813961256093023,0.0038781904937206235,0.0027152656048246016,0.14508206126746348,0.10277392835435073,0.1340498418285181,0.017304368133649106,0.019154092011967272,0.027740274504132856,302.8951541485152,0.37603418400805655,1.5834799038292173,0.2029309896379532,0.025823564119461295,20.821304625738467,0.005214784402203243,0.013042005662704526,-0.00519421460811742,0.007099996886322124,0.0002097852148255086
0.012196894565150274,14.088547365806434,0.004584478142833248,2.008488409643828,1.9029606092010205,3.2540922346782466,2.8032497415236257,428.6505582093036,356.2804062368343,0.049029039269941066,14.992219752806331,0.012646964474079425,-0.00038067539504815784,0.09546309331546876,255.9453662627289,257.35511948857135,160.36788071357552,-0.002696499195816493,3.0404352280350153,1.6714252242428245,1.104294644077119,199.63854290463607,12.2486142701221,20.116366943612853,672.6271826056554,697.2807022871315,0.004861533776408855,51.40959588373997,0.014134614412334656,59.75142500418617,994.5629410136562,88.56097355920772,0.03503653323654454,-0.0004691119689805845,39.34732176175323,0.011561843374214398,0.006221596067071289,0.014223625704777199,0.04339698886132304,0.0072496120202787395,-0.0013461063672171036,1.0330608108186583,8.84993884966434e-05,0.011050198616196383,0.01397087796231311,0.10398999641691375,0.13210281799377555,0.4730904515480798,0.2173421240925837,0.0008596823553457256,0.011335217013156651,62.81218931478568,0.0002459623741897232,1.79257526021801,-0.00048341315306466015,0.004217816310573497,60.595796704845306,0.002779288393679913,0.023489269822628778,0.019830997450485555,-0.0030268767266745655,0.01343520684329036
0.012666508649157748,0.03190465953081034,0.02202586119495642,2.093939144278689,3.0394962732777664,1.5620326557841064,2.1225787620029664,970.6907424018062,766.9547114399362,0.07584070443231283,71.98947626900423,0.0439159198577439,-0.00038488895498201003,1.6245282762734927,1183.1458147915866,813.3112346328182,760.4809134775923,0.0038541388877240124,0.6432668982639935,8.001096092617956,2.217565558492616,496.70974250404385,0.1899533529038715,0.10539466775508455,1011.6438103678994,1056.9833858680188,0.013403672355881469,0.5088892080737759,0.043670358090583505,94.33075799488606,1869.5530706097209,159.1127930658051,0.018872818302302363,0.01683763585011011,162.04999239900204,0.0009123857630850551,0.009398386068022013,0.00018250536526309702,0.47721361715276167,0.06441524242932761,0.028622256351477304,0.12387596160301761,-0.000915947768858949,0.014722534618085703,0.025899262407188317,0.11352995998372872,0.07682471901998333,0.38105871619527054,0.5702984381033369,0.009846063723565557,0.10348175539350368,138.55385715209536,3.116259060686229,15.960815603057238,0.4501851823899532,0.04690816646656604,0.6159682369310735,0.060959980479331044,0.0025619567955237343,0.00954570319397341,0.00014821404853115894,0.003468129882405968
0.010183396953142854,1.341474464725616,0.004973857657558867,4.168967813223443,1.4054444470015497,2.3359700508602863,0.4690997358488387,605.7127864004761,427.0404515852238,0.16502188538234197,70.61490356234609,0.4400121552161691,0.014811005665052335,0.3597532661495153,621.8028288120842,560.6262056312762,386.7643352378163,-0.002124868655845269,6.676868567747183,4.407336167688095,4.1667738410631525,350.91807252957335,6.049426741524558,0.3783367326565372,1300.123657477126,1344.3340454144457,0.006436391014349674,10.574113582701095,0.005496028791267982,121.33880079738292,1305.4909533094096,106.90135448845014,0.02414544458062373,0.03829068954865811,161.35448802240666,0.037724808273952526,0.016440655839424778,0.011540686068859607,0.02365379759447972,0.09938484772317491,0.009314659915830248,0.9773073309382934,0.009689779752882544,0.04304624354318065,0.032236150011470954,0.012741771770957477,0.03409858455828818,0.584145006161366,0.5219594926806721,0.0035239756297498204,0.007902899959913334,72.69152282325769,3.3138180047548627,2.9189590024862273,0.7705950464090137,0.12475435389054912,15.520635043458551,0.008690121733451406,0.012903012927226953,0.011541217495091516,-0.0012877553998960067,0.01828920714453819
0.010793102733950732,5.39871029041385,0.01198676568658108,0.32399666085771806,0.8962349591233005,0.2306854189863392,0.2718239810105558,189.43054105349088,305.9118349406617,0.1861864088548275,23.888904141885135,0.018436983453635314,0.00926029059909439,0.08422919434242271,169.12493318538108,210.78439286427516,126.19551322828212,0.0005933062372056597,0.6316176539564964,8.058843369998566,10.121773176211999,16.689488724569525,11.540160169739309,6.124824161713998,457.4625392238622,474.2080163685247,0.01202434723924739,24.00689850780017,0.010861705968674862,39.127944026596936,661.4803544311577,0.5219493549646499,0.03809455989557353,0.013133176857698992,166.12429949793332,0.055708447233513425,0.008294674853307704,-0.003520577166405303,0.029292434582716353,0.04255870972752529,0.2701838370246108,2.39068161988157,0.023522067683065195,0.033243738394858724,0.0003016901652221904,0.028660472036763807,0.3364432922278784,0.7731938607523459,0.8792673513881395,0.012033622012443068,0.0257952701649371,59.57586450529411,0.1715466018353613,17.219196283579628,0.1016867288460448,0.0162073499646187,22.15774571559082,0.21175456094368617,-0.0019458236984180033,0.012966984404087611,0.0056141903482487265,0.010287909939562745
0.011580647506447939,1.5973467061774764,0.00624555968583973,0.2197734248917378,0.3474855911446495,0.31409305331700565,0.21620426285654215,1209.3250956854242,940.3121411510851,0.025997625392222723,50.92330687289022,0.026620273223588065,0.014271917570400916,0.25130724675102467,259.2068419781677,374.51399485629196,148.0367275248849,-0.0007744250689478704,11.389621037570212,0.38970336086646107,15.868983870522012,622.1530918575941,1.2187465054644644,2.5174285634073277,1076.9811891328125,1120.0348423999753,0.012481723765471742,10.283231496750666,0.010193104116750895,99.2500930263615,2457.973862702129,35.09685900143469,-0.0010797403745890222,0.017784220022900143,206.28073427482988,0.08544107528867873,0.028499854785599688,0.017311996940345686,0.09700281813345502,0.1479627200823881,0.09113723987818556,1.1987010646577643,0.002475315833829761,0.12223047080524996,0.032878621536500674,0.13452353379734294,0.09660909206245716,0.4232664193218607,1.3378648169989065,0.0006961949377961574,0.004019731111468694,173.1771541219509,0.45872445664218375,10.334259311970797,0.12392571679407904,0.2815231102316096,31.468626320843946,0.005396277525336224,0.003583877070166608,0.0025427770047938836,0.011096137972208986,0.006899745625927878
0.0037198067557566716,0.11866377662069727,0.003093406639157692,0.6884298571540199,0.5987243577813199,0.3375941663149371,0.5746203593379686,105.47891434540009,122.58356859890048,0.1215310589564611,60.18885513382348,0.013944023324206967,0.012446649532732224,0.17530448835801682,1170.6824295101064,978.814107745792,759.6694201691769,0.0008753243597023896,0.47764908466346867,1.3593816056712162,1.5205971610278501,20.430539704269357,2.239422311378166,0.03254498444028808,2396.866899787932,2475.9448114305405,0.0042081584219504364,1.2134986439347486,0.08916778547155957,229.12281725059117,447.71339003983854,159.23329838986382,0.006689324311791367,0.03090357422690193,27.546891985486486,0.06502994337694723,0.018321391372969842,0.016525077435278313,0.022018401972801804,0.015131949408754508,0.016478209249458864,0.652888292319207,0.022368578455410848,0.008178444441732324,0.0066748807035290625,0.6048780843235644,0.5007730256578471,0.34781298937260186,0.44644089368645545,0.015214144145432762,0.01663334117668125,17.66745077179508,0.20031964487582332,1.334919714804422,0.012169698560069442,0.08698587797153579,10.121452740464626,0.0065490499746783115,0.017328112479634505,0.001578550927922251,0.004001125070672629,0.00985104561171557
0.006160272168835412,0.22144951635600663,0.004755207651836457,2.027337221253916,1.1454451870314646,2.6858462881736784,1.8163598936780847,470.61369330873515,402.35263995702667,0.06137530788583323,65.20772250517683,0.17089826086482773,0.015824381313486846,0.21234264554584215,331.2819276523341,366.24661446847415,208.61951792350817,0.0005208085337278234,0.010042575279751276,6.572104733957735,13.841522393698018,212.11390756107977,0.9235466874452252,0.08758769143206191,3245.3198278420145,3359.0069340102555,0.02647843683890372,4.774616781743818,0.024186757299194284,312.29416489023777,1099.838427130266,79.75794016320299,0.08832338021123665,0.05199550881939885,32.232802220370786,0.007102810900599721,0.0039762949728618935,0.0014607114041771396,-0.002117671872094107,0.09813992212211353,0.0948000504072688,0.3579552028944226,0.00040899226166679625,0.014249939410105661,0.011305594807006436,0.030506273518515314,0.0021476503527839697,0.2505198500308987,0.13388454050092324,0.013521433858752374,0.02676172221495321,53.17989121264982,0.1911066388272653,3.054873905524339,0.011607505582167832,0.02975121372737366,24.071261578016657,0.06739324304506145,0.005269431585061213,0.00473204783537895,-0.003035829517371802,0.0024830029695603884
0.041397278696357453,2.076950869071383,0.0020592101378396066,0.03020235461454135,0.011993388423774398,0.048258517047032434,0.19520585449212824,518.147329829367,375.90017487713857,0.013419867806147678,70.6222090646349,0.4410162931966335,-0.002075824757182154,0.03385032395652754,339.67948426998015,329.202819728244,214.3099147663337,-0.0002414798268466356,1.4009104973236282,7.929799687625105,5.896810070115397,290.39989881196567,7.098982374230487,2.0432931705170203,414.0613743300922,426.7834702753702,0.06780710620799013,12.98958112880942,0.023432478290855485,34.582054102202584,1176.5485237550263,136.1656149076923,0.08722399320849572,0.02441876784353081,124.89787236455633,0.012528023924915921,0.00846866626850229,0.011546355315174672,0.014807471120217741,0.019340222150398212,0.03994943487915048,1.5189903511694043,0.00020852463859277748,0.02045378069886894,0.046153275627421664,0.09737949578086269,0.2003538598239052,0.42818628067482045,0.05152952757939566,0.0009356548974146506,0.01504811497377645,67.5590043293937,0.02715490021376965,12.331291048165326,0.0026270819641345255,0.09278629786596682,2.7804157684931896,0.04633899970678712,0.041271510946102374,0.022435956888673836,0.0018945229296640775,0.011767383971824863
0.012006632053857658,13.120833659619613,0.037330714217111094,0.1260061865716704,0.5150359978658718,0.7597583427163279,0.2736582826348659,835.2541283115311,741.0044322940189,0.1065138089061799,10.779599589281158,0.33962107589213186,0.004223040271377876,3.0192742650838413,534.7396822400074,578.095749400387,338.497038310937,-0.0011244595454291684,0.11142194300618868,1.5595975402347042,7.340389932167075,370.57127224591,11.744285763099196,19.79195309859782,1367.7563783696835,1416.0837851564045,0.050017431004726554,46.801178781997,0.11351731421071154,126.90572183547815,1952.7721394194425,86.0667744611059,0.012050182881321092,0.02560578512527556,42.61691465399972,0.08074191331850322,0.12040528481550261,0.01634793900257936,0.047085322296026355,0.06565055854994561,0.09302732152436644,0.03889917611955962,0.0003473817660077927,0.01674875257808406,-0.0027182969193866313,0.1281140600241626,0.08678513596710857,0.2557106321440097,0.6873464940333642,0.009089864494398192,0.021273551320970085,114.59332345767795,1.2614713297818616,2.035596274772945,0.005939225057363551,0.04638806281230856,21.964371092804186,0.049326125120759734,0.007221748577578957,0.0026653087972183798,0.0036870762088403453,0.0019396525920862828
0.013313759947004122,3.0061409635851417,0.0008944881446124597,0.6446879471000839,2.487767034834973,0.10307551803077875,0.6230734001278462,2162.0536995913435,2003.3979021004327,0.032335386691816126,9.290602592903667,0.8190411963522832,-0.0009158364027204158,1.514716000497251,1101.4883049321566,1219.4488421716935,710.446259824499,0.000766359025312191,13.636524719274249,16.79803803150312,0.7314773686457894,876.6748211658226,2.0250550896276467,5.053062215732537,595.3229421137365,620.46610860258,0.03469482428233661,12.29122036769305,0.04372466327837454,52.721049015374426,4923.54963036423,44.58506978307462,0.00940613394871459,0.008974877544634552,12.005051572516336,0.1283351865848683,0.017463767566457733,0.005820932409272395,0.005423848230580397,0.020140793759048314,0.128748270064313,0.11158860055596076,0.00019395229618890397,0.007366524172669919,0.0192110211990828,0.023791724122970592,0.008101327611369946,0.10472556038642633,0.2948311506500927,0.05806798054605,0.009438082823141514,316.4781901589037,0.30502227380838587,0.8485708341445015,0.2512170609690809,0.15158358154847829,34.418481038548386,0.020222633881560093,0.007387961767116202,0.0076972379815734016,0.002592198640403609,-0.00029520028290086486
0.01866594788873943,0.13710905686310149,0.007709778675550005,0.17204114431868156,0.13207370835274634,0.13083030251742844,0.021127820030135247,122.247864275407,53.77953837024384,0.016148181099787884,135.13051592499184,1.188711205122499,0.007501166512278168,2.0766266246059546,752.7012597045763,595.3884877768688,461.18702098066984,-0.0028646689600195785,0.04441922438845136,7.369263294118702,22.76978213638952,91.05099413093141,1.1997151476825367,0.09646530574045009,1536.3816293211748,1599.6796791852482,0.005352025650627645,1.6585425334561625,0.0076238978812748215,145.43871365097922,30.816434742940867,164.08014231664842,0.01942782336640736,0.017954680872972695,65.22370155775725,0.024978014378118196,0.006266300006498859,0.0015658971538696775,0.011610392563249583,0.05663655925356181,0.02388081130671882,0.44019720468635715,0.0018763748314567508,0.013484565837120321,0.009141504363865849,0.008144652778143247,0.03132999461058539,2.046018777355889,1.938314822331221,0.01817397254868336,0.0012434094958946318,16.660765871627444,0.1378856684579146,0.9949101022674256,1.0884825384021521,0.02799303051339841,50.509520360932235,-0.0016728703757875607,0.0031334232846571552,0.005616953381985645,-0.0027650958211467014,0.0038051072278131315
0.003314477745865574,8.821640917082872,0.012125687344040514,1.441327841975168,0.14001927962873584,3.005496897091115,0.6840357573020599,134.77158642913582,49.95743836862181,0.14561512318549052,6.112489590210782,0.08605895083471449,0.00885397611466665,0.004235707187423721,571.3668543508954,456.4927146011071,378.51261756291314,0.0017321889904353682,2.8555571656593237,6.160934587919511,8.691409881582924,110.20817284221516,10.281082325617959,11.23136310384372,2524.235643923914,2627.044028417393,0.00241109369300041,31.39236633801049,0.03311262585093733,241.58606614295036,200.5205281261858,18.944382041363973,0.017551992598500377,0.04881962951637142,92.30474847133263,0.005896781163646558,0.00042901071497691845,0.0023397702371781293,0.013799615846586732,0.0901661331742547,0.15841149380021058,0.3553791933974422,0.012927091616161235,0.07402375518205684,0.06257880887290934,0.012497666863280799,0.015735631564034236,0.3526682021345646,0.020665116042776432,-0.00010446460764068632,-0.0004675467943453526,27.166650726859878,0.07888681756325688,10.002379061926536,0.17487895262776476,0.010559356578141887,0.26179715687023464,0.02740564894633213,0.0038284837294968455,0.003521939935014373,0.002120266924049652,0.02193523745677517
0.012946866670590751,2.4647318558291857,-0.0005809015714737242,1.0074807290442305,0.6504890625802648,1.003566133057122,0.7441864355093832,848.7320254794323,710.3640131768647,0.7045097655656711,67.54663217713173,0.7626925137282132,0.011131451639935008,3.167348639416998,23.846237274647773,76.24979177608081,23.21990365357678,-0.0003657722866172719,8.873323812396489,17.043013655243957,13.217997626712744,396.4615648971189,0.05490729633299374,6.211519572063002,1207.2056609493768,1260.978242040414,-0.0009848279557029826,14.087238028480733,0.014091473880440297,111.55020051679078,1770.0159444425149,16.278065718127824,0.012943072386705445,0.024715684994292886,85.37290223820806,0.027198475820027213,0.00861523507658113,0.0015746676829442308,0.06140545574017242,0.08271512797219227,0.11815536319407904,1.1321245649140632,0.006266693670541557,0.09074206598673307,0.05647105883863279,0.011016413932245506,0.006533022186396842,0.004984901288265675,0.1279610091248875,-0.0007185136655234459,0.023151246946925497,154.13709678716498,0.17380606135990995,13.501952572168943,1.9387531014851263,0.4436657940162654,57.32346900196666,0.035096500564318234,0.11028424325435893,0.09863334123556022,0.003137000433763859,-0.0006527060333816337
0.0053551469933417195,0.6733744928281817,0.00501596541613214,1.27214921547339,0.42890223429339347,0.5927031344954008,0.08051143087268464,10.894709749376588,58.0325865596204,0.30095169878486594,84.97128907199216,0.14110729957275137,0.0011437630640935836,0.979528076515769,190.56763490939053,112.63391495934822,105.28548785882568,0.0017692132489708357,3.2601481886495067,18.701464988498778,7.6713225064827,25.776651394244396,1.9449064346625944,0.6047649470634662,3303.8933603357914,3384.2429630126417,0.003763747207142565,5.66368399206696,0.027259484697183645,315.08141590528686,235.7939058347905,96.72560730303864,0.01940312221163598,0.00699367062864642,61.58170154824472,0.02837287899226837,0.013464800531220789,-0.0029847093692350057,0.049483097314067415,0.026809129110390906,0.010282031058880037,0.8443968419966428,-0.0011791179665214813,0.048784190244004044,0.0032130806826335956,0.011347405167959401,0.016036257621298233,0.14669508864693004,-0.000337988056212879,0.005108620630108085,0.0026512737189028357,11.737444695793865,0.01219867698180277,10.477823528981496,0.00719830771272445,0.09334089185410566,36.4918919598891,0.05957821868903235,0.00755729618797929,0.011279203804490656,0.009557212365193912,0.003922253410565624
0.01714580817732525,3.151864719391229,-0.00047615835961067887,3.417989943146651,3.985397443428422,3.318518413889608,4.101771140653746,240.90419514122667,367.60501357183017,0.2690205451651053,37.337501831018365,1.4000798154254372,-0.007933774218630951,2.427111938232704,582.3759027998294,424.25235129011537,358.331834338037,-0.0020410303575371103,10.800491859354432,1.6576926100673504,4.204373016567139,6.637696271145115,3.2892321713154526,5.01016452668315,1974.05675547951,2042.0396239447305,0.012764451350033568,16.72687258401917,0.013394260469943298,186.93739765195187,607.2515311551314,184.39456438667014,0.02853456968278323,0.04196203461843773,181.62070756078282,0.029134463289928192,0.01592367600815603,0.003992454972234327,0.019195775369699852,0.008283374971414403,0.030924675456255102,0.17457800134862556,-4.657050773460014e-06,0.015254558528315698,0.006282706770356583,0.04460521603986134,0.04338698141069308,0.0415734934322165,0.10353857872679573,0.011595077147231514,0.018549730441245416,76.16761295912559,1.342538287341176,14.707435919877993,1.4692942878970996,0.36066362788004014,43.507712278657806,0.009661637247716293,0.023598765846243985,0.015100446788500754,0.01625940700786188,0.0022146162350189513
0.008435514649459463,3.951766660905414,0.0020809246001523007,1.1970484037350806,4.00021329572306,0.1936868709053181,2.1196781235569437,815.6102015312822,882.4850822681982,0.0664874667206039,25.628487524981452,0.03311122801754518,-0.0036806060573146837,0.05649278593513163,712.9134028184563,763.5194985844147,475.2823912423789,-0.0024910647825260313,4.095172978140522,3.5983650050846725,8.611923791110708,234.9555174477049,6.781628203021914,5.950945925153387,367.81863073989024,375.36384160493014,0.03571144054666053,22.08798549270021,0.01588886485448615,30.182988722227492,2020.5602533404638,56.86032552272247,0.009663396329735896,0.002903892242646755,157.90364506908713,0.0030556622241739717,0.005027965735927786,0.006239831239700955,0.010661013657988327,0.00838032406549516,0.006434334499802574,0.33664516429636127,0.0012108173572986658,0.008721883222401416,0.008438880639134005,0.0038924276109542078,-0.0022256658749624236,0.1621495930830088,0.10144139032999266,0.014700695349071147,0.009347389176941334,86.72717556040567,0.420144866546015,9.977303708183427,0.033937132514687995,0.025758060314466924,0.18920213468798774,0.019187754193068507,0.012160033146518145,0.02756836928506523,0.015579224996955965,0.00886269010114038
0.012921092667919076,2.7168506938125194,0.01332278366380546,4.833433428646558,3.5983883578994806,5.422102640888955,4.6727913322685595,520.0661876674669,353.37672301965335,0.03691686463238497,14.065678804616963,0.036142931902723774,0.02070852483190322,0.026542043774508528,846.0424428878869,634.7498511264895,549.0708429438631,0.0014191626279353997,0.3975307639259382,10.372417340923166,24.93722327424763,308.56095950399555,0.6106139110058351,5.806743342620033,1546.251083734642,1598.920385688553,0.008134378604209402,9.523285341848291,0.03058340022064332,145.79116659301442,925.2746176271518,61.51130524498872,0.013779803845582528,0.05057567780274308,154.8601829715383,0.01239867921013893,0.008480591579428598,0.00445446840335606,0.024960018683328755,0.37741458748324774,0.028952774335404108,0.06560407820605985,0.0016537326595935653,0.1239775260994449,0.01632384450917712,0.24411481413978464,0.07459235293520194,0.4899297818068966,0.4274654291118445,0.0006142322947466639,0.0313164184125263,84.5035058147942,1.1241481845988686,10.97138811211696,0.022388629954714467,0.05819223252171568,7.655214683582978,0.00847795015201136,0.0032497133507831677,0.011132770316095275,0.006895497226653724,0.027549636132096822
0.008130242258677534,0.0009885446509843021,0.008957847239061678,0.2611196733596257,0.23432942166152948,0.3188982298542893,0.22487868159935687,145.96814035428733,252.31418407282547,0.20886390133226307,44.29728428822525,0.5660861570549987,0.017727501152576153,0.844159721433873,436.74563284429576,299.53828968497476,264.94402016004705,-0.0006379399598985813,6.496336717108825,4.296278840356226,6.183488387276999,22.884029896220962,0.7774997841371105,0.03882983776637694,2360.875787798916,2470.010855215729,0.011294656737325326,0.0628242446355971,0.018538493206927242,224.93401042449864,517.7531527081319,3.262710626555725,0.032911988686341154,0.031280296089242654,144.21317188493924,0.03196646457023178,0.0028305332412355,-0.0002141435092708477,0.027820610095557363,0.03669813152399559,0.11403510006480122,0.5434755187942599,0.000682322333311447,0.03461697813698805,0.007446200527977176,0.08473394205188889,0.03266427083027157,1.276005150005524,2.338135840479044,0.021351258599378475,0.005912009313647104,48.88245531203534,2.5724665309960226,10.561034263051418,0.5837895877241923,0.0076089177906535355,48.464778546699726,0.012951291405234322,0.028174890721929913,0.0029491835999291283,-0.0023434868370006967,0.008219412090895162
0.010675438626662093,4.437071291588417,-0.0037122033793801634,3.197370272436988,6.331645574783613,5.132662704868984,9.555091974191274,1532.8703431342963,1466.0681260093193,0.10668384188787261,145.900496063508,0.5175834218849209,0.004618879489455274,2.0120249069547427,833.3688023757821,930.0391181925602,559.8937380886097,0.0001065409549889651,1.1151654388571677,18.385227422862425,11.933661170656851,567.6422815264145,5.194441392195664,7.0712234918577614,748.0347244446416,779.4680570469777,0.0025673803021586394,21.620200564177473,0.016863016372166584,67.57707184577698,3771.632251954601,154.2868160308545,0.004772136656468362,0.005254508799612978,85.55290278609573,0.010568129346781419,0.006687032459852915,0.018394684819903695,0.018078943562079175,0.072989746370137,0.007119406687208674,0.3041737017932409,-0.0016385787597110735,0.036559148854251156,0.019530384541545764,0.37438366351607577,0.2356563648637664,0.8129146090236157,0.7257065904415363,0.005145065892742551,0.002146779432859347,212.5194896395914,0.08294727302468274,7.2558986118110695,0.8515104852601407,0.005147721794353188,67.15933717857139,0.002392461630384979,0.007794230716386075,0.004942402946712221,0.015667265086715787,0.010325224464943439
0.01287174482951503,0.9025987979947718,0.011069494561030346,0.40820461178539524,0.09135655109492458,0.6004958850818829,0.2139345366561427,1599.3387594846165,1320.140539702237,-0.006195355158802762,4.5152363486474565,0.3193183672853692,0.002620471622863718,1.6271152910725677,638.9481533301255,297.5620922837418,407.4619785578374,-0.0006875587082060264,20.50687417319454,2.8730365490460263,6.76132193879696,777.2297808925206,5.705844468150148,0.23147660336024245,3494.105192552528,3596.8829383323964,0.1164534372495778,6.261928698996065,0.012300349914099229,334.7240309608313,3426.974656756828,32.51960048527772,0.025344786754423865,-0.0008178505336937647,195.0728009260599,0.03743835087808112,-0.00010227584596389505,0.0029679109713471874,0.12240121559388673,0.012313384659264237,0.019016201368946106,1.9656904282990881,0.011039065066296594,0.006926518223827394,0.01614296017887451,0.022277981353446386,0.012225312042128067,0.08772098497630054,0.02131880601850522,0.008800948756738869,0.004115355240188023,248.7330637452123,0.534346152286183,13.943742687300354,0.07013613705867083,0.12534807151164973,23.42147465655548,0.002741460978484156,0.014634233168933974,0.01491355340045164,0.022648502608260124,0.040496569771380386
0.0028905590411580917,0.05711346528876238,0.010001523581991023,5.47850219201266,6.548589468548502,4.723162326256346,6.164541439218536,1448.6789512539717,1296.7432649436078,0.003810397208801497,61.2659519288364,0.154249366869057,-0.0018615928518386227,1.15156763227393,99.73265679903399,327.8199828343318,64.32155140890237,-0.0009205116169654914,8.207011950949472,5.305940074440991,9.75061325388717,629.3598770716046,0.2402318429874981,0.5476175511473214,1145.5639750848145,1185.5033411683353,0.01734594198240469,0.6202747554736519,0.04548075262227247,105.94189423034692,3294.408070618599,70.14742570714441,0.0066479231654499316,0.008297108460722846,46.88910406569448,0.006931332802198931,0.005055325730883631,0.0403504539914028,0.011964686471323205,0.005914581166659438,0.17610420469634303,0.28155386048742326,0.01413032092190214,0.017696384338129256,0.14803836252602043,0.06066996658217061,0.29780395713908714,0.41300243475554055,0.2380675791321485,0.019498577382430327,0.017040261481523267,211.5905623289675,0.4471630040978827,0.05240011960822244,0.6307687601903345,0.11749119326095947,24.4772191500207,0.14756772972364995,0.002401237682621904,0.0022604227860387738,0.004115944898635426,0.011064900063317396
0.005560783275152303,17.427982760470428,0.026424958074401594,3.7215180562075396,7.629796458702449,3.47316290276542,7.645351279302551,245.55702881385434,184.9658677512124,0.5126814761772698,29.81850248187178,0.08074938865841474,0.000403842475543037,2.3197157821450354,2369.0159964790896,1923.095508139117,1513.3664932597328,0.0024761325705577875,20.109344878596584,1.520494068244739,18.17122121212955,127.17941768235004,15.064145963771033,27.08691545156883,2056.569274230136,2138.539374800177,0.05737204081616731,60.95503611445116,0.0041342014329392995,195.06721716497043,387.70128535987834,91.07159397528551,0.02528790768526168,0.015579324506481917,44.07384738755363,0.025524350510513827,0.008784766258383314,0.0006881510496992149,-0.0026446243267095326,0.057410085135756184,0.008481155243574179,0.03038169104492372,0.008995099467861145,0.03594706519031288,0.005332583825349069,0.0017019300155407535,0.03318556788915039,0.7683353803183133,0.6755819566491619,0.004096680357888793,0.002381753801409481,57.41341627315586,1.0101375392418381,2.756755987825505,0.027437283982985505,0.411999093790806,5.008750945795294,0.022785733740031233,0.04574221099700182,0.025565389215989498,-0.0038676200660230364,0.0017966401444660107
0.003851649799363699,8.094920391450618,0.005539056704067846,1.4181657407480817,1.33335843518973,1.1091588037321927,1.3752823821267004,38.82745093983064,149.40436794210055,0.16898353646670206,27.00846152029746,2.9881765973489056,0.005427439824717162,0.8970919747770179,487.5359089984602,433.4584742196439,329.64645643312036,-0.000993039106266913,4.536585410397098,1.919565436229707,21.316833197932198,66.56406200359103,6.54556578380755,12.702160703127863,2573.1112473220915,2654.5566985067044,0.050980934778626086,31.986114519834345,0.01289325213482062,245.2293927242967,342.30140789781495,67.48597983385258,0.012572371538873028,0.00755081456811002,139.08369559879281,0.012349667660828345,0.0014995365087386858,0.00752306066017816,0.0004892495540858022,0.030014891025338386,0.05656704994378181,0.07772470840231005,-0.0010931650227004042,0.004273660070102103,0.02227566270059622,0.7251671829595763,0.6679900078909053,0.0976069184781494,0.04622064090163036,0.0074962069437507495,-0.0012282414348039339,39.46570550415535,0.0005428321846796536,3.424942419973032,3.0152293240779304,0.1758788662917139,1.1318390632491866,0.002650549320712514,0.003768977119061212,0.011124711134445242,0.01223751136150053,0.026974375127918115
0.06870095415179911,2.531874650727766,0.0033543025919113845,0.260682399589915,0.597347587771142,0.3083724080465382,0.17905103334889638,1481.0222240480168,1331.0415978197016,0.05875764316176291,51.404911341314815,1.4641612827369803,0.015911073924564256,0.14156846166990267,1328.9822880541158,1317.6813404969798,861.3741458945775,0.0006677243971893176,1.7900513156749005,0.40750878311295313,3.7761250582693533,630.109905095276,0.172778187117272,5.9388762860823165,439.570755170512,451.20567846030184,0.024150530808121573,11.668408205450568,0.055731389154140665,36.91436276863717,3473.9850333442746,182.1704538572866,0.06636746706837204,0.07274847112895788,35.07306842620326,0.08653241678966417,0.024391704000600534,-0.0008075452288833773,0.050592822439348595,0.09802689589485958,0.008772780587826823,1.112215658574084,0.015562727015265843,0.020433498809363293,0.0029626936293549733,0.4014969109527584,0.27567322657732785,0.14314032246601727,0.08503134664391343,0.020886287952348148,0.013969730172353145,195.0312305472927,0.1781506111003397,4.623543947297121,0.5029058854465029,0.011833289654674672,27.807530712135442,0.004235054559421414,0.03130690432722183,0.01296195155344737,0.010461135296608859,0.02305499896248442
0.038028431355078496,1.7226348775744276,0.005817804617600508,4.52809382768615,2.0845363422675574,3.7230927245947543,1.1219705937401647,1564.0243680418803,1423.4846471402839,0.6152917360735195,49.10101662165025,0.008914582771731183,0.008369497159159245,5.366113812463465,635.4498356363006,752.1877575480981,399.99758149296355,-0.0009192919844780434,19.2461447477904,4.720470283697639,6.541954797613212,662.5434402710854,0.10681856921018973,4.569425394832172,194.33224648240343,200.60028963832136,0.05474237615971678,8.306730755853575,0.009856009624720663,13.974716505059199,3360.49362116045,177.6599079348754,0.03716195746422368,0.021582870194484016,26.413054063443127,0.0032607133663429266,0.009603020448405886,0.007148053387522779,0.010984067443323475,0.015793719870138112,0.06497391300953659,0.35958532205021143,0.0041098803151404795,0.01939894891417815,0.027362695601094167,0.2654951245567254,0.18982961434997137,1.052162342558331,0.3021466119300422,0.025971751520283526,0.06431781080695043,194.59553412114025,0.5607878593384195,0.2828487234458361,0.03888194603129147,0.14586601399373578,30.790532483517303,0.0003700186318260634,0.02903545330805546,0.00756241234151922,0.04635598182816647,0.04045981136327814
0.03112328361510297,0.5091048145389836,0.0035581723323279135,0.5926511067539488,0.4627890388184106,0.4587137593098136,0.2096658144416912,1600.9334496626095,1321.8872955388085,0.18746001172538662,16.20509056561841,0.00800054159619723,0.0014469507794707681,0.06406252495927323,1498.4784199288638,1441.9153544561843,941.1878828864292,0.0023498729198641044,7.52978127709306,4.337858353661949,27.198320259074485,773.0220094938804,1.3551987907232297,3.4977866048103783,2671.7562157889934,2761.438737865144,-0.000753308441359124,1.2800278190684624,0.019295548434140386,253.823855292495,3291.0284349383164,108.21299099885424,-0.0016362131278233605,0.017071178457258362,184.74506411909792,0.04570103631648603,0.01578997008191063,0.01804526530650641,0.019468729264092488,0.4593636075362051,0.026637284724166044,1.3223585127307613,0.03778132129395928,0.014839649445447911,0.00712124286042215,0.4446208648348495,0.5141084869524102,0.8283547601095025,0.11064162305631076,0.015562894653758264,0.025607920763682124,236.1399140283362,1.4381818667175255,7.569906666731305,0.0053569893722285045,0.10490818020971293,28.741739175850334,0.02321463706159399,0.024156986659054525,0.043893736498934466,0.005380561353512725,0.012946941622023367
0.011732351558731757,0.7676053605504505,-0.0015056874534664644,0.23634078818307103,0.631181166435459,0.11886392309531413,0.567897004644843,59.71893961162252,354.88593917096557,0.38346525260129205,21.817183244035068,0.11334756744810193,0.017217085077348315,0.4679471456632527,979.6683095412425,900.0194642065129,663.3807594309397,0.0012845551915132702,0.038782838047379364,12.951171011509494,1.103984663672028,198.33174016573713,2.9022772856084877,0.27666934071595684,356.129344744267,369.36141849627484,0.012722303606041763,7.932866986783765,-0.0020615918663979826,29.20032591489157,616.7516359855651,0.6817773163940117,0.0676673994484478,0.04667727275087685,373.3376428243955,0.024717679811708138,0.012823610496624838,0.002010819411270681,0.04580453821049524,0.011716470231176501,0.007799996669945131,0.25579839150318673,0.003601941080975557,0.0108281547570801,0.014653240715294835,0.5427845527429129,0.4599926167809345,0.5051775252011597,0.6636542713984692,0.000407939384369449,0.03320030013184283,35.3655984091739,2.521368683558885,30.28998195624409,0.22168024391625885,0.14749306664162543,24.515427468885026,0.0529687389468787,0.0004533767277763445,0.0012673318794913513,0.007971692383287987,0.001931696480918177
0.01599665220630886,7.379202109691132,0.0034691679405840503,4.4469082495608205,4.028293575920497,4.947880220520524,5.034532587319708,435.9947410470757,430.15292731911643,0.1070122012167527,22.156467046334516,0.1060204196420953,0.005434373131625314,1.669353325853617,1650.309253536171,1266.9788403175494,1047.7747614144255,-0.0009411375502583752,3.398161724948805,3.2256205328228322,4.038727981778688,155.63148706329196,5.0925738618805365,11.882150826817721,668.8526322633729,687.9136178313559,0.011310214592603174,25.92906739103379,0.02558689645353951,59.86710723024642,955.2183196089939,97.71858342279974,0.0015632282634188144,0.019054157254240423,33.53506445834216,0.02981064320896376,0.01175695396659382,0.010642772385513588,0.00912219703598982,0.007050207388987317,0.04205373746479513,0.16764341627188362,0.0010441562005469862,0.006217661833211707,0.007206080166261231,0.009892437774679408,0.024827594174927192,1.6752006129395909,2.0475670072334733,0.005596988983642248,0.004759473482167209,77.61870631848548,0.034437829841946765,8.290302011547919,0.3573281831176711,0.12294624130427234,16.14834885246227,0.0017299003630339982,0.018530194082055473,0.006706847304720043,0.009387180040706156,0.011388987266252926
0.06152032301925647,11.804896456693335,0.004253570279657559,2.8926016663923706,1.299428954731682,2.072436926543639,0.9370555718516949,215.32010073717262,52.74609638212571,0.07506597934844894,194.37700769051887,0.15247006811768582,0.003029163187888706,0.03169465174627195,575.5852711940605,466.7133858677045,333.02669096012494,0.0009568834420585759,0.02783750161053522,10.326753945375128,14.22628863189394,291.01284483121907,15.667597523869766,15.280490859981246,245.9354780225422,254.3753691769617,0.05307704795108936,47.60596249268929,-0.0015921236196980715,18.577401050248074,244.53189275713734,180.13615497613517,0.029469183688214606,0.006433986086060273,331.8509733384308,0.07382263088407548,0.018020267594644146,0.025478962345396816,0.0008395043470166286,0.011536423323786238,0.0838664033405756,0.7217344633899945,0.005714470201555244,0.04577303036052349,0.01411099812329386,0.048531060445336394,0.13347102877733086,1.671328497119613,2.3068277170138343,0.025851829898612344,0.033020908485744904,1.2980870068407873,0.794180120047792,32.832215842340595,0.41875690192188486,0.015995732645807337,104.40290690798186,0.07068831993206448,0.007380366459935672,0.007530814649540751,0.01034111737965926,0.027053257443944823
0.01891905385980408,1.4898489967449633,0.006367689329850101,0.6912150111817947,1.7728082517802166,0.05319171861506167,0.5265722804067989,872.5057713534679,625.3713158723194,0.01678613598647427,71.39268341231927,0.8040744581078556,0.016079882982560356,0.33114333580876565,44.3028485663647,12.217961569593985,46.354520782320854,0.0007250157649432154,1.8328745251482106,10.63313731921006,14.346818865441016,489.1962451723598,0.37696101985867436,4.3718155861277195,496.80898936611584,511.4730307573554,0.02002934045230642,3.5657285853853624,0.01972922235838137,42.5501722677179,1583.3182518623266,121.87200438965088,0.1453171836205529,0.10830292006942965,215.54240918235612,-0.0036695089755456323,-0.0012346019199966918,-0.0019269321222541436,0.0321556207853364,0.06871804198987252,0.014371626054900055,0.7706759869501605,0.0075887929991909076,0.06657522337367983,0.008299143968834244,0.0013735297636907617,0.0209268526691071,0.01440969748008758,0.5822264897718101,0.012598170332985603,0.004445957074935336,97.62937877273818,1.2084790067213982,15.432484810445793,0.37540806493852585,0.4047753000283363,10.05321625231684,0.0605217261990143,0.03296192160006761,0.013994589220585496,0.01209373843984718,0.013472565148563653
0.0029073207476653096,0.6310778263328904,0.01771444314020343,1.611918433153452,0.9070766877621548,2.0642846941343294,1.6174745691327654,580.3581771067564,566.519542529256,0.18348094930497805,14.469849208631725,0.18532232517228842,-0.0016029600776201747,3.956794599432797,52.17109938166969,72.19685248422093,28.552171253948057,0.003179146115010134,3.418846129048383,18.913497810442333,30.537915244936546,206.08771173666062,6.264340407751323,0.06153258086182589,328.9047380605457,343.11331130330876,0.01777676738081535,5.863517092734702,-0.0004327070109191311,26.96905271981579,1378.9613113556143,9.025821194678906,0.013219900163557341,-0.00014250193031095648,35.35723353955534,0.09829249112770722,0.0234097058060323,0.010513623627604218,0.025052547401442027,0.011504984799854512,0.02542333812370945,1.371671580747643,0.002905363883400902,0.03338268064518868,0.008870514436109644,0.6059390698339975,0.4579571293148126,2.4096069013111396,2.2769363237937217,0.012230709897611547,0.0007549542291425126,119.05575369714408,0.6980929488203138,0.5618194471762799,0.1463241193462803,0.23348921198220918,20.997489114120366,0.0372000477418446,0.032817502424999034,0.026104851019375097,0.0112987013621213,-0.0001057275011948633
0.019202623033067745,1.541722233205057,0.007875233416044125,1.6285961015163348,1.2797697259196426,1.4002624360706317,1.050806562698619,535.369635448327,534.1158419202687,0.10501211515654063,56.90346341636813,0.007559649087343523,0.010105406083660284,0.03460887569836579,361.0305886789551,149.50156055403355,214.49558550353908,-0.0013694899508127634,2.0703398581559043,10.077043683459957,7.952712005475314,182.35958541813918,0.6574231890884619,2.1184945870367002,3081.8814801026524,3161.284076278884,0.01525288360693633,9.473579773687165,0.03185481352007358,294.31565375605925,1412.4614669637065,112.51499309140283,0.01996691000265205,0.013553721361013515,51.56556862084075,0.004447808353672755,0.013993978759629044,0.0014252655034034944,0.006859050773429409,0.25806751564887787,0.08778603240390037,0.13042757333125898,0.0008711856282710428,0.05896528364747411,0.03365138371399112,0.023924260587125268,0.03133381600911278,0.19793654935611293,0.24138521998870122,0.04850145975335618,0.010559851500043571,36.42689096194917,0.05145919767895535,4.313249402883313,0.012368078326796983,0.33637849173711576,3.117169145033957,0.002899281044819624,0.00860412107202535,0.003298301285798999,0.00818267419187535,0.0013971194033439716
0.014632319247862569,3.788408484342499,0.0017043838987476079,1.1610227988418629,0.5848240865814667,0.3652657551347174,0.22386961810295603,469.63431663355976,413.25205812727444,0.28286059361982296,54.489118333945555,0.027700876162300325,0.0060444183405801155,0.6023784912534209,115.72259078943051,12.156683442087195,78.0991518161787,0.0010422201509250328,3.653255069911884,21.641856862241653,12.879591237499506,205.7765728009939,9.728802554748144,4.429328173998599,1414.3999370251374,1458.4133274482951,0.01731596474168473,19.476400101643073,0.03055531158356306,131.4790588603862,884.3378145142142,147.47623826653455,0.09995483277940398,0.008095638365285929,19.06876411467379,0.06545133759606436,0.020566938834232218,0.006462293185382606,0.010404201546069025,0.03020546033423077,0.016276137431979976,2.038862012677157,0.019216557685243885,0.005243814606632924,0.0013559005792700418,0.3252340770375026,0.629971651267712,0.09056372940660751,0.15957385206001895,0.010410291149363537,0.00856491322975117,35.23212003110227,0.037521014715674816,0.02829585022247727,0.10620589540002356,0.19833149622546742,11.256486924690625,0.006092388591815379,-0.0030550517337362137,0.007414216961602271,0.0073611978502521325,0.011508324870621145
0.00830497093520588,0.6137260945161431,-0.0009120972348153344,1.7182877095757307,0.5758520742413289,0.4566569132232283,0.08243116459236166,1185.5806654164628,1222.6577282579747,0.015147340665134124,26.97134785171187,0.5817420591725826,-0.002180445735967318,6.255842269552796,1075.072734555724,647.6795843179384,661.1013563275625,0.0012869014001184453,7.9147251951769,8.561142335054171,3.637578794034483,375.95016320498684,0.00965366303055859,2.5417585522980533,4204.473617980881,4339.826144311745,0.01632152296453615,5.222919789528123,0.12744444300467173,405.7891279486558,2918.074179483297,18.99494423742218,0.021929800500434027,0.00675161304488725,170.48037155018145,0.0039440470396643335,0.0033752896203829152,0.002359151026323225,0.001190659693313556,0.3431298321072509,0.06918761455629507,0.5628635598833718,0.02057074824544447,0.11485500422591688,0.0911266295160198,0.0054755848602559,0.01389045286784718,0.09729300060180801,0.12777754307639277,0.006302725409745413,0.007469490951596214,178.17584880780444,0.6071219069338385,18.860852227775936,0.6432438439261725,0.009792058353449207,14.97768707536132,0.0014702971699458445,0.009844093919064711,0.011257274684600027,0.009785962508370716,0.0009205982411462088
0.02830577835728043,4.2450010949433725,0.002147452544435602,0.3064207497799938,0.1717458916256014,0.37394026264022884,0.18876193820027787,586.0920093302958,330.9855238848242,0.06281061453019099,25.259125092193766,0.0637128142252017,0.002525166812575641,0.07809674368135777,513.5617813370671,459.56614942971123,301.62962115431696,0.0009747933228645422,0.29649947003714416,21.90402134263481,29.782090924119867,397.7691616582836,4.635051043138766,5.573635731412878,1644.9059404525042,1717.3133582351995,0.016963553568023926,20.974840498040354,0.008396029879026656,156.00457667575765,1045.979698163331,45.52065281665246,0.09512746698049845,0.059865513834806094,258.2391802991179,0.06751106931857898,0.0007403960261038733,0.015616851804905352,0.03950354675562018,0.1781508053802252,0.07791221637518309,0.725732321595081,0.00482269330352203,0.038803408389986416,0.021140055117242262,0.09589891944014894,0.19244615584439995,0.0212129922597466,0.10241361151569173,0.0103686747202838,0.007119019991015385,53.502990472292026,0.7669131722060563,17.689708351372822,0.3067391254474634,0.26795176637669815,2.3429038374631954,0.01920356406240753,0.03175476340544403,0.03430800908300213,0.010143281671113336,0.0034064236523825286
0.0015153016501834315,2.0599222983903243,0.014636305473486821,0.1134011034552973,0.7374913722386225,0.2878401816309495,0.3940871042683076,1493.0479648291669,1325.5607734632956,0.11105419063332,31.46777537338106,0.1667394499144894,0.004272908958208532,1.170242083589196,452.02656942340525,574.7279481497114,274.2603008361242,1.5359585976426615e-05,3.0027715372530572,1.8222299779167823,6.251918767720234,652.2179376361075,1.3187774362817155,4.229088847888805,1113.1610376373728,1155.4692633252746,0.0167690115258452,12.924141751541962,0.005767072300658427,103.20773068539397,3170.864424216175,148.25418197969202,0.08115406081503451,0.005232666839363631,54.12142902531393,-0.004527184990429589,0.026835246166946547,0.019863839311591747,0.06671924727484146,0.005489826067443637,0.024178163041451484,0.1886317147465597,0.002732572998887406,0.0030093167553673084,0.0002773581508073164,0.002447017861148204,0.024581651025783025,2.707974657150505,1.4756515030164081,0.004154332274158179,0.028733457885905977,213.88156358023784,0.1565527415988015,0.7429564634759664,0.011371134016261664,0.03217210042420948,33.135022543773964,0.056438363628441124,0.0017528980561625218,0.019988792052420656,-0.00680306902571548,0.004305585343820972
0.02141017214901275,0.10145831665486771,-9.13834017506332e-05,0.7046165018734207,0.11928283126671069,1.3488854244467738,0.14477685547414598,116.62662599495032,12.465693439667737,0.01684861371576485,0.8739621777539899,0.25170655652468543,0.0010166543662144534,4.640224341613758,1093.967825674782,887.5292077366806,717.089884751707,-0.0024967702613594156,10.812753242062117,10.781300825535281,0.0972896544817603,146.33717756160107,0.623875079028771,0.0382752826139896,364.1447427324787,378.78332922187525,0.013548434874187443,2.3632021369941807,0.06092407057888938,30.47671762841763,6.068953394729851,67.40347266350825,0.08974463726392123,0.019667909627738567,161.55613136543226,0.007639308390396948,0.025564802518163177,0.0036338870432306436,0.003339078043396171,0.10543676925910184,0.02175399174748005,0.2778743659815168,0.0017225584067208644,0.014437428257121354,0.0017550694965322577,0.1665788293621553,0.06383175110411532,0.09158028035651355,0.008607770586978702,0.023665791706463324,0.005298649241739284,10.348167381672583,0.05307628597125991,14.47355938098181,0.5528889230860745,0.013282412105006358,26.519230219598533,0.009568281403659284,0.015048301530685038,0.005830409718242002,0.003112041635917606,0.00045226719297364326
0.02574086274715892,1.1354333070638711,0.005975427363611452,3.9095893842777247,1.1868378063624156,1.9160278700875075,0.5179940915303174,420.0458629393762,246.15113618612236,0.189342591577069,35.199794296707594,0.06534471817430276,0.012695922455362663,1.3982937010901235,128.89446091857806,73.94927306561344,99.2802483077333,-0.00021508786999380192,0.8122284717878117,5.311649929749125,18.9128304003154,281.4037375786042,1.7445715294032187,1.4126322062659415,968.0629563722266,1005.1934031555987,0.011585963805144317,6.390024429000205,0.004928172385991303,89.4182167330495,685.4009668318655,29.229182587634803,0.023909856298434562,0.010863073947064983,178.00239739672955,0.14915675042753307,0.0617686457930553,0.027027590913728083,0.018589308876819644,0.019427630535269635,0.14385237871280054,0.14857049241733566,0.004745057023953336,0.019996004981571502,0.014034772156997555,0.41373631632827657,0.6455460984400645,0.1756483937810991,0.07683103835258098,0.038588950793954524,0.005792999360670237,44.449418991151234,0.6691296297718381,17.21549880822004,0.038649145853728584,0.05263056771149266,52.72801806263632,0.01815882830387583,0.015182827143764399,0.0037722485699127617,-0.00020886582934309672,0.0069158300491842795
0.004174368546570939,6.3881379750196965,0.02169367041390391,0.9129847149153267,1.0313996898429538,0.20533961703933024,0.2730234879676008,434.35330959567926,321.3593534720979,0.04232948219739896,90.33873935657232,0.1445282727919457,0.004288583024361081,0.512469287022876,9.191752909002538,68.39058329990377,2.051919146457368,-0.0033324208117928578,0.7880334179287889,2.8166071960481736,7.883748792937177,233.62376700909536,8.828834394695466,9.736782615891816,1731.1366746289368,1776.0152151392497,0.07312011529050189,23.637118690608595,0.21041919308034007,162.79330497881475,1086.0196359005943,194.5210973667412,0.03349478718042498,0.00523523574706708,86.74173589055732,0.022602161116944686,0.0004634182490326211,0.006367444333762684,0.004457602038022479,0.09637187070329034,0.002982762053853172,0.923074293222145,0.002605767804102932,0.003552491224330545,0.008844250234128381,0.3008679959087308,0.3321343578060487,0.2013815551715128,0.19184607619015015,0.004441248952999466,-0.0020632727147633645,56.904346315927505,0.23661284989811282,0.3769682145954736,0.0214462741347079,0.1939544473356527,0.2370968614764255,0.007180034128622559,0.013305266900254686,0.015093228721041463,-0.00517782939047251,0.00808816927155398
0.031151802109600446,0.6241438989955945,0.060541766213059844,0.42217052617098094,1.7035495398228102,0.17854686239913864,1.439600864433074,1258.0479158904682,1125.6825575151695,0.33363344714468735,4.526328449112062,0.7658953221641367,0.018016750416047778,5.7891240164846165,848.4534835947285,908.5740376772409,547.9987059202525,-0.0018801933430667717,23.488241017256197,5.942844172233234,2.50302062019509,550.3682527374712,0.05160151784312994,1.6400511874902781,1168.1950889244602,1206.3217314938763,0.023489990700762853,1.1495828965975106,0.04364864357272591,109.77817110170925,2867.1232466045108,32.50182060503933,0.025811617072981186,0.03918678740777093,44.550639224126755,0.040389329287297215,0.03608364715247436,0.003567410822237882,0.0832522253151815,0.009251652946103306,0.0012009295244075346,0.05712952917457681,0.000806644139063728,0.04445523687992736,0.001960848600567111,0.01577494397741308,0.009903842117760853,0.6380051763190728,0.33799219028677197,0.0012088728394159531,0.0163091610104642,151.61422889601198,0.31016985952249243,2.3844527255244907,0.5298647349590251,0.32490454626101606,20.431084631297196,0.061387593746875524,-0.0005965261666256438,0.00783444493507357,0.01979043780040879,0.007943252662133027
0.013999264927735844,9.662771994272909,-0.000625873337742,4.502104113056082,1.0328804435325027,2.6312965700715614,0.5600003185365949,726.3844311193724,579.8112688880445,0.004581859773591823,35.84124733668106,0.15076609743695535,0.010032955832485868,0.050300903127880936,672.8358881753348,435.13948739643837,434.0202668387849,-0.0011610970977757873,3.7112231075100803,5.176533557643173,8.204163116983501,364.04565971617666,12.825199253598722,12.429180169070946,772.3605081123474,800.304274107661,0.11812632585920557,36.33003739273649,0.16882633760806076,69.54397076220724,1531.4712648016991,11.211661207446646,0.0339532855896465,0.008464856441940505,108.6397617766613,0.06580997137022937,0.04658037427899675,0.03812467794110308,0.08183651013391202,0.01857071143928124,0.005229767235695348,0.6008100039217235,0.0033971970693018605,0.05567467788661151,0.005877128460906711,0.18825078606377588,0.0013786976735756795,1.4498167327737397,0.8855452831166533,0.03885194186643304,0.02262456393602985,65.86085754531337,0.05047832773085048,8.680732145079208,0.03101283149967049,0.0005981888070110131,43.25613987768913,0.09635525556557045,-0.002072388507591505,0.006851996507269753,0.012140592250460713,0.008781845763844665
0.003677642214404031,6.26137615979215,0.013979320788612526,1.367981408489987,1.3882767431507919,1.0511030024083619,1.3293239404413821,1461.237585628002,1314.1102942822488,0.049773385159505246,0.9688575475196934,1.0105587325191143,0.003430504125376821,3.4689501879305293,388.2378028822809,525.790768078606,255.01656403576877,0.0014253502707370913,0.7628444378904238,1.628668155670411,15.430447066626702,629.5886150885282,3.5769880071923623,10.475776924792243,1226.9918375697735,1272.8566474405936,0.07787545740041857,22.784933404314152,0.023870053156866078,114.7591752575308,3266.5030189677946,32.15883210304831,0.03503912675520482,0.009700608801910704,50.134380851347274,0.08370806007525644,0.007072145504879224,0.01726465919892828,0.033014424570994017,0.25167552291981465,0.011906232824707708,0.3108789036664126,0.005836545737698984,0.033591103266439326,0.017530947944768727,0.11579856115006848,0.1456574087465956,0.1655072504155619,0.18037706382696328,0.0025336383387450923,0.05609708397204205,204.60234559784075,0.5620078532810222,7.574140640412384,0.5424484182574991,0.0170099551728633,9.671505935838567,0.032201211434718324,0.01566292402749614,2.954153500311918e-05,0.005981285295778349,0.015506163751421553
0.02906290479180118,0.39103436386721846,0.0024466451141726964,0.38454682521078976,0.30736414761594144,0.9385773226441412,0.23078241223441687,525.852673545144,772.1672076507954,0.05731483433419449,37.10322017807367,0.4166271939241559,0.0016455209524952608,0.45899871908997003,767.1110744336187,805.481691014825,530.2212949342878,0.004051053607296851,0.021379675286691935,22.925131981831207,5.113408947121446,0.7304940168735303,2.114703460664991,0.30860790935367177,1651.809259655886,1713.3524540585743,0.0019194948853007432,0.9404397458016582,0.014962298336872237,156.10760281484832,1779.251754913685,131.6956340434059,0.01974416409474422,0.028496657750600285,357.2425280006938,0.009496534706832094,0.0015440162476672015,0.015528289723191868,0.019754608038114796,0.05074794062061638,0.005255292156361335,0.9418890287870445,0.0015656045479124359,0.04440922864577068,0.06819270800085953,0.33281642239047393,0.30047535797567626,0.20102553879736362,0.30761166495706416,0.026551265627832166,0.019064401873953862,90.82042585266485,1.4244072905043996,37.19830764297298,0.4871240984305434,0.06892519607317915,17.201860290837367,0.006445078361505097,0.019675122532709644,0.03945827614669817,0.007255713046090406,0.011221477221779352
0.004872266689653237,0.5959010720214959,0.0022064656013442985,2.3227507564110743,1.7533461197177838,2.0278528695026177,1.2075479524557275,2567.750734091074,2238.1543146081085,0.22831548244376432,23.039736441710087,3.459399039584304,-4.5133505503613947e-05,6.022713113918539,287.9766893007465,626.2956208226952,182.80193659766672,0.0038290998261159004,4.109112755316295,10.477519442987717,0.08782759935351958,1166.7124414030993,0.9893691588642026,0.5659404653129068,1075.9010104923577,1109.9373901305937,0.018410992325220477,3.7103735014842867,0.007967497796164125,99.18327664081615,5601.215270196097,10.980178831387637,0.0036798989440010033,0.009652580517458098,175.2549541418116,0.040454244142179796,0.03802544704572863,0.014922524090716927,0.029925200523711837,0.07320646253684782,0.009517644430671268,0.07640766750808847,0.0016966974593639605,0.01710186076816189,0.0033123693779302243,0.45301836901497516,0.29404980178413087,0.004975774936144539,0.03351092598536631,0.018084662924541917,0.0650004037856391,330.6132057213398,0.8158294842476295,18.36349687809666,3.197969805247557,0.4839226351351371,13.370149633887973,0.03099422483074754,0.009591155989366662,0.00686446984911715,0.013821979016732655,0.010754847998808437
0.029754099404438072,0.5575074488690435,-0.0005821558546283967,0.7556989310062265,1.466441376458035,0.6745225412481091,2.7863855435957054,137.49776382109636,117.73345915230267,0.08812895103505447,6.674995016634177,0.39793123391280183,0.00883841747890557,1.5115088264740608,144.98091405231003,130.9090657900647,88.12974228223428,0.0005554014858502043,17.248552557271076,7.665816228425064,3.14406415071661,59.678286623679526,1.9355432679127818,0.843927811541616,1880.3552203095144,1972.862624584698,-0.0019910218029135507,1.3476126983353334,0.017788214552219017,180.51858271427372,227.5533080800118,78.06964910104936,0.05420302676598521,0.05372790453138698,3.867057119116679,0.0062135044236786285,0.00042091497333540673,-0.003138010540561176,-0.004841661448133472,0.18367790533865413,0.004237082077750642,1.2045599312687871,0.0017226243615313663,0.06204649258816364,0.017797150546023488,0.09350942592469558,0.05283794832023059,2.0217543013380554,2.438238522918115,0.07195047599642557,0.04157405170721429,27.049695351903974,0.017589623094049323,1.2722276932247851,0.14519537412065553,0.19305714646658068,23.441140109676393,0.0076820318607930815,0.009356503220772083,0.008503162650912444,0.0013554515633931175,0.004092219477008108
0.014132482516723499,0.5474874224332362,0.0044679489661438865,2.556966517620599,4.954391722820287,1.2301593544760054,3.986023027583534,2053.7593825322606,1952.6742923474583,0.08142426525956115,30.81346332268607,0.6039233837407414,0.009567738472722631,1.8746102156747044,252.2960593768387,547.0918687743992,192.31160488641032,-0.0030485106900393077,0.24409623634029476,6.435669491213811,18.340555210683316,797.0905086026896,2.431992436181564,2.4117134349656597,180.79515228982686,183.5406518060301,0.011129405563881534,1.236939040598788,0.06104976259452588,12.442976938519696,4881.4907426445725,77.11227472375565,0.055388975383537264,0.05249707159719108,72.56138131315043,0.012299178050075632,0.006628642668922602,0.01125961548750265,0.005270821715139817,0.05682125526211923,0.0011778393298218504,2.132350368305203,0.003652311117075868,0.019050985652143915,0.005075117105303839,0.02657700847860056,0.0405666284339512,0.03770125579750694,0.10029536501460434,0.020426617930744406,0.020013836468509183,296.19681477151,0.24798345361748986,12.582210545125271,0.2119465929561608,0.14918389077397531,1.1255211562880492,0.003186819809219088,0.006753907385161462,0.00040687839763275946,0.006857107388507089,0.00031485252482976733
0.009962364338331753,8.642941226022515,0.003942759070915791,0.6238063537866019,0.5301536107667282,0.9350526232965546,1.6762723923180225,827.4888312913816,675.8627199217757,0.007144080775308481,18.346959809061392,0.485531704841093,0.02151908183089013,0.667036482597057,1461.6176305889828,1113.3002913098444,940.8992841190998,0.0002711724174435659,0.1822089349489584,15.984370946309987,2.5044286385373677,400.2639723414908,10.320673213569652,11.640165487555269,2756.2107932608724,2855.4349090469195,0.009179816281801756,35.816586271259666,0.03647668130493109,263.41877177669664,1717.8158869233985,21.826856468108723,0.007686850653472632,0.08660259916400381,98.71043578720959,0.08129547779782964,0.013172538768875697,0.0036805011733767046,0.05192209088474531,0.021547578043833227,0.08610369465348011,0.16295068472291607,0.0038953389967666396,0.011261027737722529,0.004780117473112355,0.10625898372203224,0.08366555309098178,0.721815345005866,0.8134520734080715,0.003960799457046527,0.02366996972939539,143.31841197420013,0.05647880790640958,8.162409600139778,1.3213505827909824,0.029912463310552972,28.454179066960382,0.0462885471431429,0.0034200224739828755,0.004687037886760059,0.00581218580795273,-0.0013082113580260568
0.02077808565721284,3.81991875750389,0.04158197965597932,1.8639732030476548,2.225311331011211,0.31851689778308057,0.8647905327030259,439.5395901842662,476.4942981643211,0.694490981925064,1.7956838409438234,0.15797780530655015,0.007022067981598212,0.15150237559451085,0.234848570130044,62.56746949758443,1.3706931088624525,0.0007075640336031697,3.5524302164058383,3.0786491151948336,14.484145439656642,119.48653841931142,0.6718352827786092,8.189598447008004,1054.5253719190432,1101.5296915315073,-0.005042267252070687,15.304485540083862,0.0078565076411925,99.09043488108489,1092.8594801947213,14.239450097015665,0.003932727527040214,0.0011199069214207213,85.00531525003298,0.06497650044433456,0.00427484066547823,0.010685878990592812,0.1768138288045975,0.3836873085976933,0.009940381395058928,0.6589909289892892,0.002450063093718313,0.0022025171800796883,0.02249351192245541,0.4237967197750905,0.8131065862087219,0.6209900924332601,0.10588934202122591,0.006697981029197386,0.00288318079861849,74.09856443298636,0.4243259117963083,0.3322963968464041,0.16212478598048463,0.11502081716657386,9.080395090473852,0.17383728427187606,0.010376293175913709,-0.002676655528783378,0.0037960567855197525,0.0061308013955541085
0.025485903700873003,1.977054183450699,0.0024288876926066294,0.11747623629292114,2.423018981898574,0.1407211311912535,2.6363663808034037,531.9375546486514,462.4197141062331,0.2664806328782898,59.022393750653215,0.986877992849716,0.006414331018511632,4.116171498531493,217.28490556374527,84.65602761017692,133.87150310745625,-0.002216854849008243,0.9971812113910659,22.44662217914689,21.99588864802511,233.72321003100592,3.7026973820448745,2.172597341147318,2002.688690840967,2083.92179206244,0.01535389905431117,9.466682421935456,0.00927024150878264,190.50365102154475,1175.0371080805878,3.964331137584363,0.11098889188757699,0.02666601308453842,25.149738424575375,0.01572216389692649,0.0025538372902262907,0.008151704557143091,0.0032696986756786117,0.02586334967556514,-0.004264303069094311,0.9852666842417772,0.012888833623297735,0.009452789384141624,0.005407239304541456,0.01902675601771886,0.000982724483066022,0.009877429632050294,0.13663745977100206,0.06358002065411483,0.006188820873798129,52.363660517872944,0.6410472476172133,0.5272285586267129,0.4178501372488075,0.43451531395400345,55.830618989937264,0.013140403865540051,0.007820196849948502,0.004990188055709943,0.00413496685737158,0.018566818823653186
-0.002192460521411199,0.7227623962977932,0.011681728774139977,2.1664175677987743,1.765832021779394,1.9283718711806532,1.7756293449012848,146.56092604539967,111.56368182927052,0.006094475953652534,27.934453418700997,1.8019248673781423,-0.005741815557479768,6.188421883444969,215.61355423932434,151.66023516859835,138.1943328821824,-0.00026346842083757593,19.605304690631055,1.0833593202849183,9.453085028056865,75.2806658494805,1.5438749494026336,0.5564791683504824,1759.7709765341149,1819.2452287465546,0.011937381733455155,5.39566110831117,0.013170891121748518,165.14106144193428,249.07457343701995,76.70621985465905,0.023653672058140174,0.017279549544897854,21.29514855993407,0.0017448953225098762,-0.0005878608874185787,0.001357161277081964,0.019277466712869007,0.024326233685529886,0.029300750312363455,0.25632963926944097,0.008625428393965073,-0.0026904047377076523,0.00676204002928138,0.0033533442768343136,0.03270942250600761,0.6785789087755205,2.3933606556298237,-0.0026968963450340055,-0.004792461971551809,0.02886334829801296,0.35278412667664405,0.2928015234743757,1.378508768924645,0.4620939713455616,69.85183220163694,0.00842493809436018,0.0014584025103925313,0.0012527029013202906,0.011459916275404325,0.0013826283964517572
0.061593609031453944,0.08168398661391674,0.006397372168732929,2.0206480087047805,0.5568424127818457,1.4896349073295383,0.5508828619544408,37.39962940357805,9.3879821352076,0.17695234359469403,9.018400517763569,1.8545668338711092,0.004801662786478644,0.01973896019121746,658.5779229267423,525.1121793212378,408.4461419519733,0.0035660182436760834,4.3267536108175495,18.637469443390987,28.900471285692415,52.80353690196347,0.32136089191861483,0.029898386422797074,482.953243680981,499.18589279471155,0.009503170209556266,0.11232807667390077,0.013729929094049353,40.87860957679648,10.006208718454577,17.509070230018203,0.17146937006516172,0.06688973612480353,67.07322232571458,0.005521818816804469,0.0016911783991577778,0.02746547482956796,0.01639449293663997,0.03290227791889411,0.022970812910509508,0.4894951418985425,-0.0006121889704822081,0.013640232060414093,0.018361044269465054,0.11990147755308023,0.10393072037360263,0.6060777506481037,0.5947984239522679,0.014430048892881686,0.016633640137238004,74.34845400853852,0.18658966461670268,10.747591144323632,0.7911184123005475,0.02838189119193313,16.952289042599567,0.007094459365647232,0.006546225246092163,0.006567770847279775,0.005459582109152983,0.0034354973508605724
0.004591561424287072,0.8563211795650059,0.029008394745694943,1.3563176468907745,2.5569727347220645,2.6746068090653203,4.614417620746087,448.07370702480256,302.21354245185245,0.36430077308559383,43.45068447453734,0.0009256314839714008,0.003936182441850455,8.30610097912169,745.1268226014653,558.7479599609334,485.1966208525852,0.003605923403881661,19.21133010860609,6.953870406345276,3.1876883467596944,262.0627914474738,5.243228345143258,0.22140151559367727,3931.1894023494465,4073.827869971025,0.008458839453538758,5.849648720714873,0.01853247520062773,377.0966718368767,832.2093431907872,3.2380384536578433,0.010102266670346971,-0.002576086926551646,132.32156730733817,0.13479968927365427,0.017524104189369893,0.012111820515855243,0.09030683824462749,0.1338613975911498,0.008479659262686567,1.7324569579120066,0.005052905721191436,0.08555901369626007,0.024316039807125378,0.21560070172111612,0.06628039316515455,0.1990805856363096,0.07990906276110721,0.009189137917652523,0.017957763992832554,70.85108039607826,0.7042263553111745,15.223363104548381,0.02151412809891795,0.16180587494153365,47.44247473737793,0.012817764075556681,0.007850261629948285,0.0032430284930748954,0.003923006536879825,0.019100853818960317
0.03681825195915245,7.382447814276805,0.04656601484502598,1.284175014001514,2.9829398350329015,0.7988013964867111,2.7783697670450653,902.1417741114892,770.5766507963576,0.014607890400420764,36.536484162440004,0.14269183694035448,-0.004670786738332211,-0.0012234892491012062,0.16176683298781747,114.47147063757103,7.763248213002351,0.00025036244967768795,2.7022681585259676,10.962044269950113,0.401046191150062,410.8540529314629,6.1857560226891835,12.583431865417971,1333.4548394424687,1376.9914629587113,0.016490807469600632,35.50997680131931,0.03858821268611834,124.83849638146495,1971.0160317553161,44.13961727671712,0.009987838798547699,0.001099512762466226,71.7953248339711,0.02185604076854375,0.026358494509063135,0.010803791784486094,0.010145159052990849,0.0015518594847998557,0.01985431300879359,0.863914714316504,-0.0002174457441252997,0.011377330579966483,0.02199610649262418,0.08839049590875803,0.10832480288681179,1.482575858912984,0.7841967302405219,-0.001675152636594568,0.025786438350572816,127.52204737332323,0.5673738221244253,11.920339184949196,0.07898394051388546,0.23319660734897862,12.411561429970202,0.0245537001118894,0.012640732493796492,0.016664024670792088,0.0022909438640859037,0.01807311772690756
0.042884253788151305,0.6343188209719761,0.012301999690237153,0.963688385949272,0.13643125342763085,0.6451400747021374,-0.0007285656340201285,565.087875181088,527.6972192235911,0.00488924528642265,1.3607851624834222,0.6852104788527518,0.0037819999277521887,0.8671610774645018,1239.0150759917951,1054.741914680534,800.3317271438772,8.911145030232603e-05,10.065573413318821,3.39178215398187,3.6339371346697984,220.64383911245514,0.27338079878321153,2.8956795518061025,522.6506739510577,543.9620376354037,0.0043305339195800485,0.2730816819593329,0.029496822868138928,45.75309339752904,1339.0876293839688,14.76282458877972,0.05304432193352415,0.07306539816493185,7.525738084749907,0.00451012712919141,0.004867217978421934,0.007496057008656187,0.13417851404512682,0.06368481295309181,0.025161157286539115,0.7876630986569921,-0.00039524158316872615,0.011871813303560685,0.015784523105089043,0.02714112255775003,-0.002084479868045719,0.18286184319908205,0.0227629350364289,0.016721922446035542,0.005442891140133632,108.08467834465556,0.02206525688906158,0.2522040245224346,0.3913074164677486,0.07355415988445202,3.0654731000993944,0.006172361539464433,0.02872169918055434,0.028039062981736862,0.00921169603799843,0.004909752195368711
0.008864452533708267,1.1196470110352559,0.00993285380211173,2.2160577177232303,1.8568403162621019,0.6271973599305989,0.3864674094012601,450.1329068629099,208.24272535730697,0.15576452045473488,83.22059055153733,0.6225951407168155,-0.001947215908591815,0.26708863847985675,226.0779702028833,217.6653464452615,124.69335812487034,0.00019847975527298445,0.25721086211037125,0.8691462623360158,6.748223795048497,340.6125096771005,1.0265399219538383,1.5183165370046128,738.4027868087193,761.1277997067272,0.023518503822680614,11.25485459262675,0.007377598051106382,66.4462658828713,819.5248781340972,112.67019086884686,0.014176361879545851,0.01955673606994779,255.7262366095723,0.07373363723973725,0.02057219231328311,0.013883382545185619,0.1813748321953872,0.10954846789447803,0.06470719882425069,1.2302768066740635,0.0034402535790833966,0.03037678333494842,0.030286048468084026,0.01645418058435144,0.027167390818406467,0.980875208278281,1.6462601570731001,0.009244460469050253,0.005273024032539375,18.508128757880822,0.8900573230631927,22.261592678293454,0.22637305327293333,0.24529618441683443,25.83083499018157,0.10011115549271565,0.0028598566559105976,-0.0033498541940977233,0.005913399549950071,0.0013819022370276102
0.0037261320666992503,6.914560586659686,0.012048979619073918,3.2152401952553102,1.7356951008119754,3.5695671407486085,2.077235343391239,158.92374405476357,40.929706012546646,0.4566559236047709,18.77723828225745,0.15196384975551958,0.009112262911995295,2.6123570374651894,255.81449708441824,223.08100377014816,172.42008864675097,-0.0014560254807314266,0.16405514406269006,19.15209587715365,3.9438158534849332,142.347293330541,3.627371727929635,13.448333675573684,1456.5646675265152,1503.0614711321823,-0.002718599725454851,30.11813547607585,0.056662571428062414,136.19754959536365,250.9791804570106,74.7881289305982,0.04415956722673897,0.009392411979783688,132.84233580569233,0.09659288974736668,0.0007328262341266267,0.01189732567932733,0.008196578495743623,0.004329238367226651,0.13302280062042282,0.9465008678555282,0.0005182965463639277,0.016395903915356058,0.030034669815728776,0.014643680330266307,0.030564626453903898,0.03372179364039507,0.49535087277121903,0.015394725419911381,0.07267123253240904,10.673354869074464,0.09026754744694632,16.898987527417567,0.09189351888703534,1.2372443469743644e-06,10.131586390922658,0.015434288863672485,0.0024444262295251207,0.004261343177600629,0.007345693250337959,0.01177105408696022
0.029123948758614127,4.08231217264945,0.001433112772447842,0.4009511907927408,0.31228833043765647,0.7293572568616034,1.405312959765956,890.0642919249037,556.5054119955264,0.025987040759514635,1.8498218951703649,1.0488619696881019,0.012908430850277597,0.1384685258942433,358.33322012014975,237.31201141963314,252.6988918017743,0.0020204661287497316,1.065293713782272,7.85132692382925,0.007288541498907897,567.5279881246878,3.576054422684514,7.435080725075826,3913.8992064737135,4084.9805970980065,0.03110327836912674,23.315772626038672,0.028433586951056355,380.5547656328656,1606.6858183154932,4.981844841496438,0.015283939815856407,0.040165413063046884,335.17493784754066,0.0359328590792547,0.02346064663588443,0.00525342602910861,0.016545846944892695,0.37675930774410915,0.019469356789342918,0.903748735522159,0.0034372028103977215,0.07518145407155874,0.07684715758916738,0.4755114091342385,0.3403671435222426,1.68846801727849,2.2142315262484473,0.0069653792270987225,0.014952188686277346,108.15420159456674,1.5333779720762486,41.71071796454238,0.5113688768245117,0.08391491935250528,5.714642055455094,0.002767249792485771,-0.0015838045077272156,0.008362970511476497,0.0034732433859518963,-0.002971976185669689
0.011193121267616846,3.3484518294819106,0.007255020615083652,1.791323269884466,1.2975661602219217,1.4101599829094829,1.0614749029670794,168.9489150425651,305.59630635379784,0.6847016427638861,49.50678491592046,0.8102215884911104,0.008324436674453928,0.02254041494974679,53.18212521988723,145.47770151230037,55.915288266944145,-0.00032171795742641507,1.5405181351890063,28.347684390359152,13.47748813215106,39.58525417792741,4.738217120195936,5.121365766159017,668.7721881168613,693.2078063399031,0.006898924236610426,19.006277455037978,0.006323562369310309,59.449386056062146,682.3983399991388,37.59751019496831,0.013877063054678729,0.019190698143158436,190.21968558122535,0.001301923885792533,-3.809027386214581e-05,0.003936292633812677,0.05972316622711471,0.16986926083724097,0.006318235001970152,0.9720574390630174,0.0008044255846559878,0.11498859472809109,0.11683863717270526,0.0787928609476598,0.0466047144849302,0.1119915112342369,0.7343793789285931,0.003625703777163203,0.021593543781249558,55.423514748499414,1.384494518328098,20.695290395794597,0.43426071910590913,0.05835953998524879,29.250961571139033,0.009389704415731615,0.002037885961953201,0.013376651173152787,0.0077234177663543235,0.0023028878803605934
0.012893253377963099,1.4300308025039925,0.026791336179132763,0.10094475874424624,0.27654067189621045,0.1844245529464299,0.3069240183837634,92.34980862018202,128.43494049642715,0.03385572692053351,63.50201460516084,0.017955271744005685,0.023467071806316575,2.1674722011167837,638.0076549378225,490.4114359725442,403.65364451374586,-0.000480763059606204,6.0888123995848265,19.8702252072975,11.80166660683951,1.6590688803052789,0.30536338611591685,4.3995753686218535,3093.65385310974,3198.9420522466166,0.06838299681919935,12.80325897435843,0.002079208144579958,296.83861769065,125.52217051688015,178.9616748178486,0.052974959259191934,0.04799008056305176,51.28900260941901,0.003849051396663583,0.0037751467528277516,-0.004109592311614563,0.009725370577584158,0.1045570582736497,0.11157521151229854,0.6640669746835179,0.0015103776162170846,0.010682890903470188,0.02284765410843992,0.017681987492696116,0.16036684004647928,3.453047703816843,3.097182124389093,0.021728830152293988,0.012981089217088737,2.1042553274447364,0.3248766774248377,2.486309816207916,0.09450287147447334,0.0010783431863226056,15.72673883736393,0.18445044109595266,0.0020629072446949337,0.003125860975232264,0.005418313325769475,0.0041580574172641604
0.009354759741334817,6.337968692347057,0.010441602293123076,0.9428716630908598,0.15274460634517606,0.40353688014792066,0.19329655844677962,171.05796391477415,236.59772595359306,0.6250424131299495,7.888543349135603,1.2507126383485003,0.010159049967751521,0.1932689780953396,863.5783107186725,625.3224154766503,538.8709497822431,-0.0028078065743670777,0.09164545867988316,4.566379810050377,24.77298559300563,7.521897588249966,3.0605531627593754,12.564825147496894,412.00595978609624,427.1401488304033,0.04563894122637979,28.038774465084952,0.012279203307784314,35.204900734818615,506.5680070659761,24.937039397004106,0.0750606159425784,0.04693825163527343,96.29234870416363,0.003141999230405368,0.008668531411743174,0.01389701671599397,0.0024169711216970313,0.02584508006872266,0.030070314385414854,0.8832030082946982,0.005709483269282778,0.008029757761754297,0.015413425658586277,0.12752791767891392,0.08879755188775373,0.026149602144040607,0.275442137524621,0.0010484436385054252,0.005935188813020353,42.05846006908156,0.6063419067262288,8.182769719896509,0.3370357616036683,0.18015294295417839,22.551392213897245,0.04283020218983857,0.0030963459010182603,0.003943125061963926,-0.0008671369458230771,0.02025878219776711
0.005975118183401129,7.782430985217273,0.00361162007046012,1.9163534196381171,2.437775587791206,3.2555474378995513,4.078892661875486,359.4916941333873,234.83329385719856,0.04927075993270513,16.41440654275763,0.5522483735247636,0.0006799256325287217,1.6973597629004615,303.955032657923,239.04751279226073,203.22045189947747,0.000306184437411261,18.30612645899458,7.17093253102095,8.046871874139066,215.20976298291728,4.3383967558257766,13.624887013858423,2566.4732993030584,2657.259620282493,0.04835246258088155,28.57955648597287,0.03672063150754301,244.97459613821792,659.5630012658858,1.1310895019142668,0.027746821172170755,0.012933715083277342,113.7581867698087,-0.0042278923137510915,0.0047819275131519845,0.005993539115693558,0.029807146443906696,0.1494718338594634,0.014704226178341884,0.2578802076075739,0.00034608027929472485,0.020754398410366193,-0.00014214311428251136,0.024252126441234978,0.03789787276812895,0.832325283416055,1.0430029176377555,0.003445986646875454,0.012233503355106201,46.83307998038603,0.00528409801196883,9.882499936004695,0.33109894126651973,0.18828222833673358,15.068040107135317,0.003934010600700866,0.004684163706398792,0.019289312104605827,0.04736331928608539,0.01702290991335431
0.005927082555508889,6.014394863396669,0.009711481937801913,0.21641541064843572,1.5348851095573401,0.3183722417509234,3.810104282951688,282.61187946990077,300.3582816129723,0.01222335623829629,84.71796168566834,1.1918058907699303,0.026306174458362364,0.08019568496370333,461.0417115541194,327.2183440468506,291.4876563038926,-0.00151106957564906,0.4293677241162426,9.086725518755635,3.0978845124948506,79.88720239431223,4.476684238909439,9.643312940551251,1768.6588389863196,1839.3062584993204,0.0140134298824508,24.998952588164073,0.027671770373805415,167.39850952203017,532.0939448350207,175.01152009794833,0.01738173052216041,0.021536442583522053,47.52848336311686,0.00613623498893201,0.00039464072511652404,0.0034374677281530097,0.03224228868735679,0.0462391394255004,0.07401659287643447,0.16388139936365143,0.003403857367497487,0.010150649566346814,0.028769623397245425,0.1603583595430349,0.24431265150000758,0.04639506781909297,0.22743097321333927,0.02208903647350713,0.02089867319165961,28.230924548034977,0.27870814864541593,2.1341076546360647,0.7846485529290446,0.2904855071229404,0.5072513670069654,0.04285264188111437,0.023243925373442664,0.005913727236932509,0.019626417501788396,0.018200968062219047
-0.0013905311827322464,0.8037613220487252,0.002325716076519768,0.922868491385259,1.4116752790908453,0.05000081271801449,0.2611057293902954,522.8210119483342,759.6374415849336,0.10097901035481538,82.88653005680193,0.03440795499718163,0.010500671868388878,0.1994981110264682,569.4472728057999,636.9286811231908,411.83716864518004,-0.004432658163316283,5.954795301309439,5.558085063402972,17.790598844795852,0.09907980944305006,0.27433076427296044,2.070147564221621,1073.3477855660344,1118.7872806495066,0.012645217180388357,8.570761043289753,0.12728753795715253,99.39101398823576,1754.4072214316932,93.77825168500874,0.017285074496669495,0.0615134358370808,351.38267422574444,0.009572442983675877,0.006692790788144443,0.007434940376525034,0.005817941096479373,0.0017209724236693091,0.00580202904629612,0.5986267166912391,0.0007849318928663251,0.03119567799517675,-0.002284514867004539,0.033777396122633974,0.06379226418609374,1.0705756895793606,1.8237596658014876,0.003567475298235756,0.023337922150852286,118.01480758085872,0.671465758829636,28.96730898130771,0.00196813997917733,0.034141818183850425,33.55610758979572,0.009650305338764653,0.029197524686789933,0.015189085139118319,0.0036075293905311057,0.006623150587273585
0.001981645546625721,5.768938872124108,0.00554896553824058,0.36991687441186905,0.7660341548223517,0.09082232009796609,0.3052068005544655,1197.1665768431656,1220.3460121192709,0.11564988920316743,36.75878133002976,2.415345868144767,-0.00046715283605625046,0.18310721570247335,316.4464799404064,483.55071017508277,218.8665881046017,0.0010018094533918998,2.9217333829744128,0.8749942619147095,9.170578025931896,406.9136023171987,1.8077804241669995,10.437668861489069,153.1887494452837,157.83481255836762,0.007061528988574928,19.29492991755231,0.0865898190700225,10.162478431009593,2879.587640586505,9.710002656835531,0.005938378840188996,0.012030227691433026,130.9421056476186,0.03229238799173295,0.009441154739109336,0.0018426573929346546,0.05116500107824162,0.03375346883333474,0.002538864386624873,0.45411341285512474,-0.00041837331112759557,0.01884949833278249,0.009830342563111216,0.44025182641550487,0.6342103997414297,0.0021827979500601558,0.013447956982945541,0.011088288370653565,0.005910159246989899,171.90449608845844,0.43901453652453437,8.979831108068696,2.109085235221089,0.005751052175577698,44.28604926196879,0.016150923579280274,0.02240238479096046,0.014969126844947667,0.016728034027903682,0.0035044026068362655
0.004899074421627958,3.754162175071878,0.00083257623112587,1.5811783397072112,0.5328474948516497,0.4801949110445376,0.5605613627881922,368.8519600739996,315.62472756622174,0.03711401099862144,52.73645114357982,0.9927207797595141,0.008160076114240411,0.6094625078631353,1178.8607058682817,907.4525049533624,749.3264598700251,-0.0015642370864945576,3.8600893310663995,0.58587926400131,8.548565374623447,167.73961842268102,1.6792848389056303,7.683441852731635,1599.8122257035855,1664.5506571941164,0.043898911586276235,15.173806977097131,0.03226673133713387,150.8534748833942,743.8232587564459,67.75282445688383,0.12554496145330774,0.1278089574277086,21.068613750494457,0.030911708286333273,0.0032044152909174173,0.007830671644953213,0.043890729104642645,0.030812252401410944,0.007435009556576944,0.13241441087099304,0.0013394618467970076,0.012100109806622683,0.005434178400741452,0.0022896017548399428,0.0053031134278169745,2.08713411292673,1.3137385674695938,0.01981306965205487,0.002857134195575206,54.353659762829096,0.28578673398925325,1.2908607401217953,0.49961597902700206,0.232714500863346,17.35672805324497,0.010386293470541652,0.007885752700252269,0.015812180660144115,0.005176156894365569,0.005912322648847557
0.00406468524519088,4.177137889687596,0.005451310341133109,0.5980728431800246,0.09357557350992529,0.10879669733230823,0.02240739383535484,532.1559319239168,291.44334087999846,0.03873143743790397,60.00497469970172,0.15813495345768036,0.0027298767324470674,0.751449845495606,49.97532522827419,82.56338068406107,9.744720454139618,-4.901456129502435e-05,1.1982848236894776,0.3089677695482598,0.9743995293781342,366.2136142981366,6.937504710897893,4.657884553697344,1688.337673252843,1755.7714656076148,0.01755405586518677,16.53132615674156,5.813384157082879e-05,160.29505125924,999.2896010376892,98.40937953286901,0.014038990549306796,0.022169062904700887,244.36493415570206,0.027186903259006634,0.02480248245186889,-0.0017849736375703529,0.01357059787665893,0.0739920261912852,0.0049630739291588455,0.8292580610355591,0.015679934332078815,0.02281832831387831,0.00474507998142748,0.02081569385787141,0.01545716963163457,0.6653327746871955,0.24760379153241185,0.04588340778755384,0.0335370471877825,37.725163146154216,0.8182416435920645,12.409235100188528,0.01767229047936869,0.07714507550459082,10.722240899590307,0.08344800175388123,-0.0017272099708671718,-0.0002558767898772629,0.009234859165439424,0.015569130113235907
0.0020853823744850786,0.5027605659189334,0.0037748562154673593,1.0850368505996144,1.5194784947323576,0.8881356790201149,0.2782747095295015,19.703905767048568,37.833394238345946,0.01182796001653763,62.3602268999327,0.03850799354502854,0.007792968515399679,0.01110118032406504,704.0248950872119,524.5355701242629,431.7665092633833,0.005988853686591078,0.40680588678752194,16.456625342977112,6.011157425158212,55.32748808249408,1.4361812684183146,0.45074343476863277,1607.1631392859802,1676.447567600621,0.04623746781084037,1.3692166964986416,0.062196153790763375,152.30739167983165,188.4182877928132,137.65401773080737,0.07214967520964954,0.034525062871018974,80.0882422929255,0.016690625775821033,0.009736282300984556,0.006933743846142981,0.07563375964771346,0.19594045048359998,0.009645378449550712,0.8809388578180313,0.002759179141045287,0.028544179418100946,0.05093581353386689,0.25188044826795775,0.45373959016104504,0.5556541515066877,0.7794877726154432,0.014868402537187464,0.005934156837836824,2.82321682204725,0.7639734236201061,6.8083473606859695,0.0635014414938162,0.03133439019416162,0.1313580842776716,0.06804402079374228,0.0050711991744787355,0.001951472451658276,0.015694271929183046,0.004321177287433642
0.007152782568854654,4.529676066895146,0.005729720868032473,0.45794983501881337,0.4326661266747278,0.3487890716834823,0.21981014373481145,1454.6003526303905,1482.449175491896,0.016447717233933012,1.4007566060278798,0.23771586136441947,0.004297776485866045,1.1545198937475138,121.98681701542849,349.8236203438367,96.54758633805461,-0.001181089554108894,7.0243030654957685,20.88711736953962,7.831331472821905,472.3775391981271,2.4081539379465156,7.935382547014132,2179.788512855647,2261.657810542536,0.07430215631979298,20.34194889674051,0.0017392119367061198,208.5046574220293,3441.6011388122183,66.46489747483761,0.07773795913476089,0.07863235892341702,194.63745063835563,0.025482328478295457,0.004650218355398472,0.004283094259491804,0.15904070910912793,0.03298267143802214,0.04338514663104398,0.1424805626070853,-0.0031293948865380727,0.009247472627810893,0.0441151228087282,9.208975319374701e-05,0.004436666009151047,0.609895379251812,0.2693572063368963,0.013438188267950402,0.005987531096425691,190.21837223498125,0.005046732356885464,17.785612734976002,0.06625812143908671,0.004042525919269124,35.141867636023115,0.02530094111627612,0.013516052879073648,0.004117396247574234,0.016456228888623414,0.004609849257995791
0.018761264887809048,3.6046198513842063,0.012687887832536049,0.2888808959087106,0.3643905115777004,0.4567443187932989,0.3069574371251651,796.5809390852552,547.4561975184865,0.056145292031744454,21.325985988381923,0.020425642400758726,0.0031836159906539763,0.5995115132879736,101.74010931076265,169.82001211607314,48.15098080179293,-0.00043464758273259463,1.0945778990554489,14.16243889745314,15.401773700792017,467.0455344839367,9.35387410538614,3.424951219698639,197.37208833921684,205.27821896928,0.0035394644622686044,20.190378759368254,0.016051798652100935,14.165800121162103,1538.3963676368392,0.6915175514698904,0.07503380550655869,0.016908834327744593,226.6648761404091,0.14599915133538044,0.052049409227449495,0.012409965974892856,0.029128372897155863,0.4945562317147356,0.06262121375193352,1.433258607958673,0.007011117553658686,0.08134949505613509,0.06470123549404239,0.0032044150414138883,0.09288043641406762,0.04179897552938083,0.06551857129780458,0.00851604193703448,0.04775868607583966,86.48234309097252,0.30328978128413997,15.212974684041072,0.027077281676503695,0.09163849703185534,20.93608019200809,0.05433135033090153,0.022428538096787243,0.005046203909457425,-0.00034400707952553233,0.010105207044832198
0.005230520516249726,6.849480463491611,0.0037147254142650965,4.045576816125449,4.464025045433683,3.7664054212272084,4.678441438715041,307.821353805776,427.36399182171203,0.0975017322693903,36.63288531432261,0.15313634936528597,0.0015921031684573705,1.9251680677825043,250.7850739300644,285.56403906059575,169.7900910215522,-0.0017885388364886623,1.271803460044377,1.8104998937454209,0.10142944836585599,12.292431961149422,12.580594502891163,7.49082137835974,28.96682192662884,29.618688702730907,0.024568854670401485,29.39221977705163,0.00450832606751117,0.7551453632485785,849.2643382594455,69.60088324060547,0.0290307230843867,0.005793844588836805,179.3886267018459,0.29440840113945477,0.07037365348926095,0.08598892308419614,-0.0007711222831172648,0.23232521514586502,0.02242156665537287,1.5811884092568818,0.009283619099238472,0.052106499178776744,0.13494435285826434,0.0041480679120269315,0.06344167416925739,0.012455906332780486,0.013411174926412528,0.01532965569444844,-0.0004767063514581338,36.293168527888774,0.12590677546025386,15.637800415365593,0.1060749852701095,0.14248664107086295,1.498541931007889,0.005652217780853341,0.006501811755191156,0.001697520877239178,0.007710453072618861,0.0038117730963147523
0.004714852695149041,0.6076258919929343,0.006004209081467593,0.6804991921853798,0.13297812679926047,0.5003300618656183,0.053134248108420046,1055.9301808604241,1057.182430937288,0.2285025525540565,46.27856485312993,0.2692998764573318,0.011670098843096888,0.9376170003371715,180.87600294743376,335.9980098268407,134.40758385691058,0.0006638348764500535,1.0162740771970906,4.902694228945669,11.582810125068793,354.3037663789014,3.7685591953805835,3.5148093943726204,2986.4062688493736,3104.6449375716093,0.004263416158583944,2.1947704414226186,0.028768153568671906,290.56288467712193,2541.9855946643943,17.04344996294293,0.052831021439482484,0.041612106742313415,117.13489413110338,0.013193333657494755,0.026980338577753393,0.022408085768567787,0.00735916989817742,0.0018168881626978717,0.054146725683565045,4.806883930430554,0.00716845619685369,0.007928238291232681,0.03326327175656019,-0.0005594687210317417,0.13030714012942468,0.09498185949673577,0.4743019369976551,0.010066175808278288,0.004305432540927079,156.83530069845443,0.08051088290601083,9.775950118206225,0.08952061082578222,0.11039571633496514,34.502416296175376,0.09404184295630014,0.009571639099088536,0.00720452766167945,0.022268947896530555,0.005732414994398027
0.019224407068034743,0.3705535647893212,0.0011693340976579591,4.954045177299315,3.3819463174859683,3.7135244852861122,2.9318193278342823,213.98281803848496,335.006556213752,0.025943734930649498,38.315777771191904,0.18329195901449413,0.006890379660068113,3.3737363612695637,1619.8736101150744,1219.292349826714,999.9420406777714,0.0036705063907165325,15.469342292468632,8.75792192406923,5.513153595058349,9.67394348631873,6.6473239358882035,0.08199543069389925,1362.224354137293,1414.7678655499726,0.0038171939059052917,2.4418465811169954,0.018143332707656334,126.58301692908681,780.8357467861962,28.706576294912058,0.016493067812132445,0.0007665601636901442,168.62909207110317,0.0478227878090518,0.03812953828846677,0.006953038149163149,-0.0018810535557705066,0.016906532568486732,0.03787513332107739,2.9649788678853257,0.009058975127079982,0.03335892145167296,0.003553243959026453,0.1817890003564182,0.2554315598674748,0.08122446616103307,0.19456642650511213,0.01936151014999954,0.01075543016996594,66.0938477556187,0.027043371493346235,13.190342616045253,0.39135894368615265,0.433584930481814,55.89965271184407,0.0052583419151917,0.007678378125672403,0.002672760283729758,0.01916048454022956,0.00788241069876694
0.06905144654147666,-0.0019253806606149837,0.003314578553061054,0.2858148386524384,0.8397270866734177,0.42658661187668123,1.2403610098614894,890.7472498650492,858.5170587391474,0.009278249797024074,58.249159194726275,0.3777244300273148,0.0037801549225742193,0.4617781535680132,1243.4595966785532,1140.4044871539575,794.5205429414599,-0.0006222607703909588,2.689664838672466,12.22591218823803,0.035485562239333746,327.905747884263,1.2328948141342915,0.38449527534250993,886.2854101045939,911.8116691282576,0.0027894507408214864,0.6883833223366658,0.054721554742109824,80.17429724677795,2079.1651739269782,6.93182494942793,0.05523526256863143,0.0021807946552394597,51.15894161514211,0.023340211810792155,0.03326104522639728,0.02182706681736235,0.029534229496143816,0.007671939440974107,0.2485262850853749,1.4859728865039648,0.0018539418610874492,0.029526237782008913,0.03248791896077918,0.053629041147686074,0.04360535293919199,0.8283634297333551,0.24129636717976854,0.010828788628875152,0.026975550273999005,152.59562790341707,0.0034321402392629707,5.1308632015024385,1.2461534583499603,0.421691720304576,53.3986824049318,0.018386923162311497,0.009479171498782968,0.01025506227064632,-7.904498159572171e-05,0.012556699673158533
0.003390051049231957,0.3740535871616846,0.01946128469570585,1.9605267437861782,3.72314115638794,2.053669036028915,4.563787632460632,1101.454236583368,877.9301170634593,0.018072013389388353,52.586523786814176,0.027105692389992164,0.004572656055735536,5.7385882546174765,470.95766414200824,530.7336622832995,293.22704511836116,0.0015845448749374214,13.468827597473176,6.834085089514345,16.93338390807753,539.5219445123813,1.3473941946540569,2.457569667218361,3764.7516553653168,3915.957143499768,0.027573360855623896,1.3425517198169947,0.04823301007192704,359.62500276010434,2312.640560749037,7.338785845541834,0.013354609784947513,0.035650888853391294,153.89460990061914,0.02195607089534679,0.014824206086308855,-0.003688719755893466,0.044020391958774496,0.3825850069514587,0.02006067242796572,1.369342495733382,0.0024876578221224577,0.01875436742835923,0.031296956731540426,0.09783600936215908,0.18335603726334337,0.42009876140286107,0.07378285491807102,0.007662674657845869,0.026740046270440132,124.60656916875648,0.05729629169295958,15.533236281708636,0.0026274409585456127,0.2040050907613109,47.51972295017673,0.025483535166876514,0.0017527556132534983,0.006715916541369715,0.0005393982455572655,0.020480263934769205
0.06696118652675231,0.06818295365202687,-0.0056867316530757606,1.7291651946029738,1.9659227797450392,1.484487618064346,1.6489864287713871,1421.7953948072857,1314.8258858683764,0.1010757980964545,60.05794128659083,0.08388432248715372,0.004878604489910288,0.9038367723494831,280.90271650374524,6.668051970845605,169.57686140027278,-0.0011463439503005546,2.363116728431372,2.3109212748143086,5.093875170503045,567.7641029058803,0.20646641699746748,0.5891440048666343,2931.9897737507486,3027.5282808108554,0.0023539260572862375,0.31641494512914914,0.030504971654591095,282.5489170590992,3201.9869096982347,38.0910832265055,0.05699715051687981,0.03787626664958754,11.552720044916192,0.008796894536504674,0.017639718111411185,0.004249759613952797,0.07114535650687959,0.049314772861667855,0.02861486711843053,0.2770793267635314,0.0002923317319627472,0.02576372253007797,0.0013052194201943479,0.10445475373746582,0.00899919766279389,0.28098953393893034,0.010066659054061233,0.01050069848429036,0.012870872849686243,188.42195128548252,0.1416995025589971,1.091968972211518,0.017088713665276423,0.005812161426995033,37.67415579616027,-0.0065362149647736345,0.006691152572694925,0.005842629009748634,-0.004194565947573281,0.018216229617342705
0.025534880016488515,0.6678329051342686,0.001673568661407998,3.404468500549452,4.596479673513356,1.8155719498962206,3.328385297372762,1225.682442960644,993.6912698494968,0.02448125180567917,46.47810153968608,0.5335432835990419,0.006738419975131471,1.2564531576170612,317.6037058299171,83.18329397423939,211.5380623718382,0.0005298309745382923,0.05742861996033355,14.85604529690621,0.8062099886566951,601.7253078820856,0.10874486631130686,2.20898565169756,3571.0108907815074,3691.373594851919,0.08356842806719555,6.365961383603601,0.026331897620302414,342.10704792832945,2454.543436449196,125.18779261019509,0.015261407430211094,0.01156443971625798,161.00561957652943,0.052969869058704155,0.01791944214539587,0.004718028880589031,0.009588095208921565,0.02096519457473711,0.009166154693031281,0.6121377552237535,0.007020774774298744,0.00530205293523256,0.009376002239955383,0.006384679734658505,0.001591388538220606,1.5600754599157654,1.8872694921433784,0.0031816611848238807,0.018897157191881675,175.5677691378026,0.16639645902871614,16.75196211134867,0.5500495547451631,0.001616831639102756,6.908856019868972,0.02182747127639839,0.019844591529670552,0.005381518239715888,0.00229589905822003,0.011714107873791235
0.028868722131211833,4.653944231830226,0.014500544222409317,3.4362547047147762,4.613096224604962,1.988195582999233,3.715422955951621,1478.9865199014887,1339.6265322707902,0.1254201542985287,82.43913434867072,0.28614374062031267,0.002503100030562422,0.5771471743359138,102.24891626378853,150.17809876634107,46.87355450686463,0.0004631114064759245,0.38525193516824796,17.360628018628134,6.845523418406507,614.5501611684629,5.4076618375262635,6.908896773499538,673.6003839761128,699.5264318946076,0.04956057325553509,17.671887424820785,0.008629038930083155,60.387171883236114,3538.989128277745,187.0494159200117,0.04809446226556169,0.01090350448783628,11.776458025265491,0.018945833804145273,0.007108653729061665,0.004187475990509171,0.034280739790461645,0.048731495139745284,0.0052319271140612855,0.38887561715985886,0.01586223137300813,0.002436911266409325,0.02237772948094463,0.01818137652323415,0.0008319490559705045,0.19542417701453907,0.13610517031487657,0.035525061469983577,0.024295007229262033,204.297970455962,0.07829496219536214,1.7994469372377173,0.05781537785653157,0.18264656602660256,2.3861174815821924,0.008461470311465824,0.003104883682639503,0.0016567169408761018,0.01140755270086391,0.020011755081755567
0.006630591263551366,0.4356230288933043,-0.005396015497376894,0.24246475102277998,0.28977556921360836,0.38977579412514096,0.6295982767173722,952.6141475052077,928.3060800233532,0.02689303991962433,34.08145061345816,0.018816643994420623,0.002196495908580509,0.09776191596878991,83.93202401815934,238.92552563972595,56.934446256476924,-0.005454498797040408,8.348703070335016,4.172700648961605,2.366086866805551,343.4637554916134,0.4786391286917562,0.48102888808083577,883.2204460518723,913.6638879326755,0.003179634942855891,0.3938924917981348,0.005030436782086589,80.94044425681649,2162.9558725198763,55.35684529241436,0.009675684950354757,0.005427766566397096,63.18234155967124,0.012458151584230137,0.008620794362599327,0.00027992621575645416,0.06436803563990523,0.0031911865923461846,0.017058697174650028,0.7553166545407874,-0.0020862912183208238,0.004942142654021708,0.0015342782609915062,0.14046603107294509,0.03057684957363449,0.2146131955957653,0.2812801697848153,0.04414769140493302,0.030976515807929594,130.44036471855043,0.535077072362415,1.5941603913352331,0.0032530090763103203,0.14463380622619848,4.156627319504221,0.010796393952070105,0.025340091768235595,0.0005427739592498426,0.003564836674708971,0.00018311074687016315
0.014134363446908438,0.4541367600277555,-0.0018629376178740387,0.7759104290473164,0.8093814834362165,0.9938582508707201,1.1953875528148092,1148.6501425495328,1021.4710053758309,0.12502439497579054,31.853240338063323,0.42105028497120855,0.0046932813877429425,1.1330017491393347,866.6326191895993,518.6630056707328,538.3976319941368,0.0002464572228308981,4.6296154082063055,0.4838525115819152,0.5769299592166615,488.4732192591155,0.3301026994470728,0.635764339799751,462.1964889159699,472.3537267931284,0.0037226144423572194,5.653455505291266,0.01294949812998869,39.58941673593785,2648.6993915007433,41.77304232415364,0.03366288709808707,0.01080464757461197,27.070835743313296,0.049453701618070056,0.0005918712316628216,0.013112992309284088,0.009706204731244839,0.6109646669210047,0.004983286576911716,0.09536279453793117,0.0016949183016974345,0.11055050210616635,0.15200338314504513,0.016780430210914687,0.01258092674941036,0.4938470420218213,0.26050311155469075,0.02266789489995169,0.009040669548513236,162.63106246594728,0.00401746546503734,1.1972026330066354,0.7235812356561677,0.02857884949188616,54.88557028895595,0.011725893512698704,4.956299339919923e-05,0.0033394878021741903,-0.0010063412365282076,0.015688879543657386
0.024716835205586207,5.246374150075133,-0.0012407674426837545,4.29957010886556,4.412018240354711,4.492376996549759,5.169543153672513,110.27189578456355,114.73435275372077,0.025255231276638312,76.21155823590698,0.26190028692177236,0.001762925932943915,1.9168288825358983,1181.1187423696435,972.8781458378635,782.4513640452099,0.00046751442986447955,0.21612687326413127,2.3483532613265217,12.359901624765563,217.8406872698034,4.999255254321773,9.24416049504504,494.6929876616012,508.9013162890771,0.015375055704724083,21.39440530553985,0.07663900091461606,42.379148841357726,238.27549788338555,141.65754962314375,0.06006325308126037,0.05314555132446763,286.3690105015435,0.04526396286482548,0.008098558423149882,0.030652680680560707,0.04421989691141981,0.02253778126043926,0.004946970537529793,0.06305291448437611,0.003728633604778153,0.0055083693107986775,0.003856352301926158,0.0022925079238573787,0.008921585228745421,2.1071578202797943,2.37434503296804,0.0061205066214071735,0.013580370015693788,24.207281865200375,1.647214394983247,19.197642434670414,0.10084876443892465,0.15155117349734404,4.362447196424756,0.013632866116361164,0.004063657520586794,0.0009267264996397628,-0.0024073957871877383,0.01604078832421152
0.004023103608018275,0.21410806818151773,0.005228523467691204,0.40860920647659604,0.08076983711582653,0.05591373410047673,0.4618241240991905,543.1710807525745,533.2017510617645,0.49223528749325673,3.029153803568976,0.7347339957438432,0.001635229460881682,2.091309368836404,1102.3930304120681,787.37178901043,693.8483217767197,0.0025854133902338816,0.20360224556329243,6.856039617856968,19.44195902096103,193.09898820718618,2.588966290729111,0.04538397615407774,1268.496604719527,1309.8254484759184,0.01749497552077628,1.76478420923611,0.02679905408926775,117.34698915441828,1302.4472320011232,0.41020459916375085,0.04706149010430849,-0.002202545399218714,38.86679862215024,0.015421899113647441,0.004398902149419293,0.00714565021588065,0.023072124101275904,0.13547035801036955,0.014172567248555978,0.5077909951647435,-0.00024999358395128013,0.09061749242937367,0.04440355357576564,0.1309155150767367,0.28302959613502665,0.08351715907500079,0.22093202282160362,0.006465037291702558,0.0012583984866338938,98.73277566253286,0.2694725272242957,3.1492283308178717,0.48527448562687425,0.48457303941860896,2.2951167319709445,0.06019693470256815,0.013645701780504282,0.018335908212550045,0.005572473212822615,0.0007771127016589219
0.030182345345314054,6.551557903283103,-0.000781160820068294,3.2432118245893298,3.556433216584911,2.0928187244391987,2.614061950806792,1416.6817799026253,1367.4736969838625,0.18302554769777135,7.932981323350405,0.020608951443101375,0.022847942579777403,2.1667258703465455,1063.3728053117238,1114.8869488484756,697.284818596942,-0.0014308511907143995,0.5734086228003701,3.023489774271199,4.760943956161275,517.70708118346,10.50639630851109,7.102622445343836,84.95231942603331,89.57287585013917,0.0029603223794554268,24.8686673646716,0.0060021249813431155,4.21775222669715,3385.8603086005005,34.07409397079983,0.06370723073450346,0.007224646139699864,83.16856366924328,0.004677944647684562,0.00946937204849796,-0.0036293694887374883,0.013577911582054902,0.054472160852697904,0.001113999478041805,1.3927617423681378,0.02861062635877243,0.039290329004906255,0.01220115383200504,0.01303544487216346,0.02240553874839435,0.24986403716564798,0.12280404741659812,0.0012195486669961397,0.02076817697145117,204.74546800538414,-0.003165852101744804,1.917896548875162,0.012061300551835963,0.03194198909581303,2.2744225313760458,0.0010439280468164114,0.012055657689754362,0.00823168566474397,0.0003515937147353654,0.005906548052275973
0.0010817958391333704,2.2873280368213633,0.002478313065079618,0.17161400074137578,1.7901165685769334,0.30061217120594286,2.5868199424177396,813.3143648417779,809.1962422869434,0.04325381853151278,39.197168487399296,0.7744346245757008,-0.0033161805326766824,7.447557664565529,769.6724261034906,783.4899314731961,504.1794636464311,-0.006672522276094384,0.9337883070793342,1.7140632292083202,0.2730635166476114,285.82205321529614,5.1455977212717725,1.8206085981480937,237.16925848101275,246.8020631466363,-0.0009449133612120519,12.271084335565149,0.012968008162308031,18.15192839089755,2022.986768470247,25.106180954567016,0.017139201623558975,0.026886356779240117,74.84728234606968,0.010472934302502956,0.009589986842167164,0.004347491892152,0.04461287061715158,0.13460643014107365,0.0032867291235181284,0.5620455803356981,0.013394533999299796,0.18271885464110582,0.09864622184096028,0.13093281325786155,0.12148483561912471,1.6080348365891863,1.0477465740584737,0.007073592235423476,0.08804094605054136,118.16627157295409,0.007205489983797442,12.72395306939606,0.4437964748416734,0.13009233174551227,53.88668635929815,0.013669738409811671,3.934668692195942e-05,0.006402768960203531,0.007196308139305607,0.006938397570423582
0.008141351827309684,0.9138502545189819,0.0010861634369918605,0.6334559436027565,0.9421516576753444,0.3891155598405591,0.8881973418544549,725.4271530117403,508.4663844608414,0.04699621225713724,67.45562486801708,0.007708183487080689,0.014165660019061832,0.516572179848036,358.7663433305899,389.4453556349501,217.77565677078084,0.0030771660857551453,0.1516132958451646,3.9519311422184664,4.868235563844909,421.4175637184604,7.109919476343574,0.16126061011789705,1277.5923772712472,1345.4034581517851,0.042750085431410234,4.878828996893503,0.054778839704181514,120.22324815226963,1532.4818815344975,117.16144857028155,0.03548907871739271,0.06508127215950577,199.48172509188277,0.022217627011206886,0.00520314251907017,-0.0026309401832183,0.020101792303028887,0.1573372650953786,-0.005123635823987449,2.3475067694977554,0.012551158725614187,0.0906015336788073,0.11930066022149344,0.017453527307027983,0.06003588332890075,0.3326869620441828,0.31013261684530136,0.02075138706464763,0.007005981514673465,73.07372756103925,0.46902716830378743,17.497273128200007,0.27918954201337964,0.16209319286229817,7.888382126666086,0.0032127314996373,0.002748950680475204,0.019430887904825056,0.005290194136311932,-9.95372866627875e-05
0.020552022807774684,2.555698311711299,-1.6986061152302057e-05,0.13335242339964282,0.11125564149063027,0.1657304213289743,0.19161243784563986,571.9922780916926,583.3492251941095,0.2605804619941887,6.6415084069306465,0.8488503900562856,0.00902606174302889,0.32605427341335247,621.1168391279131,389.61401497643624,384.4800859300251,0.0037438076769200634,0.3024339520703636,2.1323017330520413,1.580310890618219,190.26676221292018,0.1329984734755456,7.209070449208435,531.9366246646424,550.3398674956585,0.05923684261160833,16.29428824878344,0.08336926697650249,46.566957709081514,1376.5077375812727,20.06235172197974,0.11271337727772401,0.18236795073214385,66.15510378627265,0.0614154292402036,0.044777753618991945,0.010055955757235502,0.018273186917350692,0.267779832572816,0.16962012470986298,2.193473597771953,0.0005632388989669224,0.024122361230845435,0.07569923883727103,0.02539181641887911,0.10609019281089171,0.9672253177545995,0.7425748266053249,0.01237538007793404,0.007471913065953295,75.2589250870852,0.33900998187959264,6.768795007500832,0.01673360168488358,0.029147701581730523,19.57966556300599,0.04242795916783404,0.015403191290478624,0.0059154898150426405,0.0053183240065761694,0.01569141122000861
0.010011738058165243,0.5107997917962317,-0.002189162628392971,2.608405662779508,1.5498223309603025,3.1333512795948453,1.886819788700607,478.51355287647414,516.7969192344307,0.05247274462600071,90.39603963264508,0.07701400712072015,0.011959351743205282,1.2892336879527297,33.91771814447929,37.735860056451266,2.829192516315106,0.0019071849516922867,3.4214842180446086,0.16548843525160528,7.797153522962325,135.6864904851578,0.420560687168555,1.171438075841949,920.7195294949926,948.751716088326,0.0719213874169542,3.3664134697215617,0.08030165961461133,84.03983077876761,1322.3182788914496,80.80976656513157,0.01439809014461435,0.02732021453276623,90.88024726632408,0.09220440531451501,0.0024944312055259488,0.020575050555669883,0.014772686419563641,0.09393230801055452,0.0026273239350169675,0.03945384104738636,-0.001044225045336411,0.02811494226061395,0.05826265870680647,0.004291032214568169,0.02138100643180163,0.9761005661640203,0.19770453230800378,0.009305452606067632,0.01571263596243888,90.84388559225181,0.24958517898742816,8.080034517571697,0.19807240370476098,0.04789782622882832,46.622692038915936,-0.0008358043289771189,-0.0035557014085236816,-0.0013909004870296116,0.012839069565628414,0.03956728547612176
0.04641088317426778,0.790869879777425,0.0067238383107159905,0.18741807990565196,0.22350567676469968,0.4154039912674605,0.23478276562001454,986.2531764672317,1053.9152304803092,0.609646758508319,4.114263254501248,0.4526495593363009,0.011576325724579561,0.1126243043692785,332.75502396323503,456.96464110179954,238.33606752668527,-0.00036924671451288305,8.117017056665835,0.581086315208899,0.7227903576085399,278.8501601381559,0.6620644896534458,3.051400860138296,660.4209898072859,681.6255140356711,0.020223044680057534,1.5961230630507188,0.12271976253703265,58.25659038494808,2463.6903225030787,12.0979504141434,0.06050007915222366,0.008855029478650245,190.46123080329002,0.01910658504398466,0.0015697524720081901,-0.004471302864446081,0.002435195797819034,0.07924166031997437,0.05431313304163865,0.4374686117274793,-6.500759504746156e-05,0.027452506268338617,0.054100688831195676,0.3829733917414231,0.5958740625746914,0.039155457470396726,0.09323325165927532,0.02361633938680896,0.019100308039774916,151.49893388719067,0.10791866598359334,8.469940576226385,0.7054677560706395,0.15402983174707074,0.014345531928217525,0.01340144862426218,0.0015638355067970622,0.010156521473231095,0.002419560557562761,0.0015105969160309485
0.016531923441876373,8.262735473244405,0.02649980142351538,2.6759336842803156,2.61663088773692,2.6483752287692868,2.595655416408266,147.06442963306236,236.9711691454639,0.05281703622628342,12.39222191643427,0.08442406608893727,0.022043940963192732,0.9305030131449188,669.1328105782504,633.3467932299876,440.333815565802,-0.00020309766172044164,4.785361668355688,0.905044135260237,11.173363761166087,10.850028508312004,6.238091182888607,12.136541774396932,594.6382029692801,612.8968841895003,0.02326111337216119,32.89220401822133,0.011920006052585919,51.958583504587274,513.2611023028034,0.3201999397610358,0.09609276872278283,0.03286112172385813,125.02023524972184,0.084640044946517,0.01306447592261506,0.0301235087948033,0.01684887531347723,0.02639818574334374,0.03503506929093625,0.2521899125986211,0.00865439041718119,0.011762013077789568,0.005625925754774386,0.13213292655251863,0.06260921719094004,0.2213576613025925,1.1020175192794603,0.008616038258598913,-0.005069055592961114,0.380617686735957,0.18843984427353266,9.395599146558013,0.06439335132192259,0.4367923011307804,10.89713742741089,0.05555104911026287,0.008135451266203297,0.0031905465007318057,0.007643242892216406,0.051130661865287585
0.003141668432810718,2.8581967593457804,0.0001936901204233621,2.686442419403246,1.9081011809100161,1.5124315807782374,1.0747105885167727,881.2884007413322,679.5878259530941,0.5786287654996984,105.82899842513706,0.8763785577470866,0.006852081379963515,0.8402549446864835,110.72589277429462,34.34582661789509,92.58044469938547,0.0007204758359735663,1.2177608462087806,6.2480507883952505,24.41272767806252,457.6944352361358,2.8650567846338433,5.372763867630377,334.7889830905345,348.8967629710215,0.0020472234641131237,10.837937631613563,0.007793361611763139,27.920856776725245,1598.4348487925672,174.48209931994305,0.02314147338591699,0.037358455102053156,151.13676150753088,0.10213021761824415,0.018471161032008965,0.0028379575632300202,0.0007224789918680585,0.2647879255886547,0.014998532094414152,0.5734183194197389,0.0023983372288771676,0.030094840767946884,0.0015406023936836988,0.7489889258669038,0.9783881496887146,0.009436288872502807,0.017872147057116372,0.008528293159388411,0.06714882969035862,96.31090318481719,0.22524594722664482,7.53307446905724,0.3830749993786666,0.2437308032534613,16.96687294262778,0.006246160753589081,0.011951356464159346,-0.002623187311682429,0.00127725212773111,0.006012233086043928
0.0038241541530874557,0.03906005824761305,-0.0013456328195058376,0.7496860781151717,0.35522750837448935,0.1360511415199408,0.011143833968637828,1265.9559315791473,1303.5271277093807,0.2190671186483346,57.32144330423388,0.07816276444806114,0.010720973168674597,6.364833638614888,349.02584571221036,43.715463218268155,200.30597717657517,-0.0002158513521610672,1.232616715218315,0.5803512713734289,13.127756629994764,399.9141729809364,0.28416846178325805,0.025775059367924236,3572.4158123354096,3719.3970474295875,0.03184055961046717,0.11348742708466908,0.08971925590133978,345.4402432685399,3124.2003967751016,11.28443636990566,0.02041084663815873,0.004071199657857072,184.27473362555855,0.11109815399526557,0.059991686918578147,0.016242671280687127,0.001620867756155775,0.02504667208050293,0.11572894708433434,0.21613969050358328,0.011997229221953454,0.03938881235817249,0.008756546504203655,0.22380852265280105,0.29394095762264616,0.9478707910215345,0.8057010771975026,0.006308548644128997,0.019112912505999446,222.1162880422353,1.1445500609405155,12.028811999286923,0.04465531729126049,0.09358977328462803,66.28677099901006,0.020110475225722624,0.008973861769290714,0.008820689405887983,0.007406062260935542,0.003518876640080215
-0.003177635549485025,4.146245486002523,-1.2281459301100028e-05,0.5830204921322961,1.2528344492030952,0.4051435981846456,1.0173557377006395,1428.4751185996545,1279.2190726928297,0.13772812080164432,27.625380535614614,1.1279546627703425,0.005373153920284146,1.5561291742799606,1072.6128208727955,1119.736767384395,686.406916518886,0.004277161238827709,0.7317403909093461,1.585490480401341,35.171411951042074,617.2040814117963,3.1952214802478673,6.583671438000173,1799.135141355915,1855.2911232848594,0.08226443788851867,21.21606677406379,0.00451458399167759,170.23618595415334,3204.3880088413343,19.918140827436833,0.03353235670800281,0.02855539593722689,44.51006054357881,0.06822855216891366,0.010327095320845636,0.004570347519615048,0.05070990669199826,0.0915891400439266,-0.00023257754925509744,0.8119199990202546,-0.0005879118703715491,0.03219099802721814,0.006514497887969206,0.020339130405734984,0.0009847073533419959,0.21156610110512997,0.7417111161604968,0.004546307066566335,0.02317002601153728,196.5499277302502,0.05487487421032178,2.445692395322129,0.4372366891112689,0.046243843556257325,16.501048954927374,0.0021317255220543174,0.005106219263415035,0.008544016624813189,0.0038208767819742917,0.005457305809682289
0.010345755976923776,1.2876094431878622,0.010631111264421733,0.15454872394887875,4.06588409195411,0.2741824648788649,4.899291298422717,1048.3335714547825,1005.757819845855,0.07825397182007254,11.76715508765717,0.18800441424051773,0.005486358815240067,5.552042792685058,514.2619684961664,221.60604063002916,311.86255154381337,0.0001576962313745156,4.289273374685936,0.6006707464038197,2.4223389742627424,383.8871905226029,0.2778594929552094,2.9358094240390136,1383.0471873747604,1422.8603124251504,0.03405931079480773,11.832137082448284,0.018273242535180145,129.49876138355003,2493.9726935018693,43.22426972178581,-0.0028059148417813873,-0.0011322412440355478,60.96014365986477,0.014718398365867635,0.004712368507157727,0.0007382579015056123,0.09841894883623592,0.11570503029686652,0.017685109069639715,0.6666206012340483,0.0008663514325659705,0.05921086189262326,0.018040526734329987,0.02873525558330936,0.01673172126832867,0.5278435341954104,1.2852085941417313,0.015864323622039933,0.06089539062204885,154.9285079539948,0.1343275591066071,4.388121046760003,0.1609723042405351,0.13834973772359138,2.5224821508937767,0.005197575011909983,0.006095504084305148,0.0019189968199215812,0.020592055617440153,0.0023921233271746445
0.021821405206691402,4.551511180943639,0.00561329468923244,0.22655624110420014,0.09141858809624104,0.38511977886033666,0.16028048389348903,1891.4454964960196,1752.97978321442,0.1013250542483739,13.16795888125506,0.2663027072755044,0.001611973211355533,0.13389183640413282,1265.4976652914224,1354.7890027049648,820.6653746910564,-0.005572433809688526,12.036740723644389,2.399867343171331,12.518313163293726,766.0653681087022,6.249960151106126,6.752846901853441,182.68476797900504,189.59102798427,0.011439024444379164,20.163302977594665,0.007752278418303504,13.153127988265712,4367.659416329849,3.371010054743558,0.07813715154495515,0.054268228777357486,12.801159136388307,0.02354131488907729,0.023707606297356243,0.014374448042487664,0.055290487742182926,0.08452543326758111,0.09982013883317276,0.3883383800196727,0.0025037690450506744,0.009040939246509616,0.02465650340575465,0.36146385766518474,0.23971866199861758,0.20375507380859315,0.0907752150111536,0.010858209928209739,0.006491930964839021,295.532453409629,0.12703839913632642,1.0726298490234063,0.03582389381188911,0.003822517620829302,9.929327005979271,0.021714161333010296,0.018796741151281715,0.03244047681596829,0.002116763429524049,0.005442607852704562
0.009293736786092133,1.1354565799662844,0.019622018248106166,3.0298963797762255,1.0037646567896257,1.237510931315227,0.055926633650232205,17.969314218587403,56.10602762227499,0.37926398626384206,7.006922205191849,0.011549101757133862,0.004529135924769001,2.4776967651382904,692.118517320714,589.015371455424,440.9831791823623,0.0013038730114391939,4.2752762451778,0.52472757090427,0.49620308998629703,15.766278251158543,1.37725464223006,1.786770678814019,1887.2859271356194,1944.0049595291819,0.0159925515338859,8.506399419656958,0.12684706983095495,178.7239419575778,59.124313524030796,21.36241918896674,0.03902852597775208,0.007454420652515559,44.61291610882388,0.003103327122810029,0.017537084249744872,0.006258386837028951,0.038016624300095,0.041641318504662905,0.060111373085316444,0.011956686848216158,0.025739212641140874,0.013987580931582144,0.005514330460960615,0.24551483444553135,0.2827005617032592,2.117597293160644,1.4998521505470777,-0.0027193386383981277,0.0006901911107757286,15.91122677142344,0.9035993317278646,1.195083054100973,0.11979160261574684,0.4526797651587833,0.018999693112648153,0.01682981458599553,0.0021997762403396237,0.004456034473839132,-0.0035172343489824343,0.007144807895840266
0.02522867636147197,0.033292334209959584,0.0072155335258656805,0.9994513266224514,0.39268002506000954,0.3205750217509076,0.35879623405000327,669.5408068503618,681.1119933621305,0.011921832754739903,69.79581756284635,2.406164121658052,-0.0023498417849534547,0.10221959609725673,767.7590250384815,486.32225615315207,471.62862727342434,-0.0010999081340994366,1.0543614808501323,3.7908275402993956,6.397504270210804,216.56337683440827,2.4878166172783667,0.7021405388269786,869.5180700433161,910.3653786881639,0.044258859980695675,0.04372219701355817,0.07239002897311053,79.47130143862876,1657.5346308190308,20.261175636961582,0.0024142528385828754,0.07311659713105723,83.80256772025434,0.011992796574803677,0.04886370358703562,0.02354231069157464,0.013881707746962846,0.4576123514551016,0.003191505881438239,1.451284616841959,0.006849197111087335,0.09813374247014117,0.034673472378455195,0.14345204560487002,0.18123980864348255,0.06291479799222,0.0289185463176187,0.0036889646764199924,0.08292239983023375,105.76086196969392,0.18460002347773408,8.758221094571244,1.7849234073195737,0.015488046179415349,57.48591466419052,0.0012745009019443643,0.03655610105093121,0.013604395694907012,0.00984784750063028,0.003022917956478466
-0.001231174519561229,1.2723093030683144,0.012018567166321326,0.22119063420381746,0.10470841179217771,0.27204171841769753,0.08577519783306808,464.3459519685416,273.78020274747223,0.0032746518729984686,53.58695536541125,2.3539611001044607,0.008721136547539032,5.353324518792484,40.63809668505692,35.90562884205517,0.14112666292577458,-0.0009504813046010696,12.582238710954794,9.10948770053388,0.3563562237702067,303.0427481578387,1.8622589749129324,5.744626025939879,295.98550820496837,310.6075004377152,0.012737314688020973,4.810140376201017,-0.0030885768727237917,23.169503246712843,608.2968106647755,174.0414708873582,0.09714632636275677,0.05310100751758107,188.07118717057148,0.35501022237814706,0.04750306652771297,0.07094682027930688,0.015040006886186674,0.007549328824378421,0.010696734375290617,2.0423897209830804,0.02016895143370867,-0.0027206600804250414,0.0018794897645930675,0.02672362955159535,0.010878054300166973,0.22355462939844806,0.10621116367021344,0.024225210501938044,0.015407417190330897,74.16423386072184,0.8243593623977112,17.258430095969842,1.6348095108881706,0.6216598329704786,22.69677663052094,-0.003286444077101436,0.03536895826897801,0.012074704989738727,-0.001007746179168656,0.00577906401484185
0.0016086759957110175,13.82088320475715,-0.0013304088637617895,1.1702280052710563,5.979308269770607,0.22308674286475494,4.9181767089228305,395.09556693188415,329.1197402482631,0.006933785652066149,13.969203985171943,2.170281287271399,0.012289891966782207,0.014766047674948268,353.46886359654485,339.8514734745289,212.7022716300282,-0.0009177358671870195,7.358297626827033,4.378233022123785,1.9063418244664714,180.53382266708238,9.426499864812842,22.135114722601585,1167.6261172605393,1204.7926267369062,0.016328097802198904,49.924697151797204,0.035875741729785915,108.23667431276131,791.2750660681456,11.157370682232896,0.022147853332031175,0.013024816677715378,36.22813825771478,0.004516832773274082,0.015558594685206373,0.005823534546085085,0.03363348621961748,0.0880701192026665,-0.0066166022722908835,0.41607104743414425,0.00024160885023150058,0.03172375088829593,-0.002563024854890017,0.5135951729699926,0.3602072034816928,0.021558707171283942,0.16848796405063027,0.004465410165244599,0.029401876781429692,54.91698288206256,0.9850492170061047,8.122914826040716,1.7353156739422904,0.008019240292457042,6.909252643246672,0.017098893569617246,0.003216078363131203,0.0014650300824659013,-0.0027490179912543766,-0.009652854182959913
0.011161145215181634,7.282471449126992,0.008789716366305989,0.1800631378957247,0.06784537366918197,0.5210151861208585,0.25489849184867364,1070.0198246873229,1043.5351694668295,0.2486020996402285,9.830471268399098,0.6196261975228667,0.005507304854419637,0.16242319715955045,1257.8119413639408,823.1167588087733,794.8091060549629,-0.003787341390792065,6.930599158435949,5.310564993581656,17.851409779805312,389.68336006009457,0.26578528373807675,14.992193613201074,538.98996076563,556.8124072090851,0.0016417724324124805,25.743852813371486,0.06414275323457819,47.08142573512975,2452.4523175893837,56.85877284567223,0.029485176349292708,0.0023932049464194805,73.17578810712776,0.04122283407463545,0.025672038528142593,0.002689270043215508,0.0178764544487775,0.05720562267621254,0.018596378621716703,2.1889934108388607,-0.00022004127353181246,0.007095915293741761,0.020067663184147655,0.7341595882118925,0.7852877173231079,0.7534573553688846,0.27146556325044546,0.007127156350328789,0.021715741361070684,149.0922796433813,0.3939483449743646,1.6937452806302522,0.6327119700501553,0.4120929158872668,11.403466758757695,0.026331720790516044,0.012857526933911068,-0.008554177879379843,0.002435874809191496,0.01187970889892842
0.016158619926629036,3.1942283644568032,0.03485093295573449,3.3785569526896175,3.2534039921222426,6.308403046340894,6.13240214822498,1295.844938744629,1249.9045967098878,0.017422719955919597,36.72111906166702,0.006211066976268498,0.028773008605469386,0.06946032587068895,290.5658602904341,487.52941493587116,200.89352240508313,0.0021569329053159336,0.03938488766371773,22.418750617768865,1.1454998052739835,483.3753774104542,1.1432074908253966,7.466627367587536,1148.8033444985597,1198.6995797804698,0.02319944341477509,14.526284674322303,0.005091026385425579,107.80701147153596,3115.802319440171,77.48661226939092,0.016058384171103057,0.03176422249117472,67.40569766181362,0.08703959794982641,0.03664034274953565,0.005593670988751853,0.05436289782822801,0.0069302792009873215,0.005005621358137091,0.3373356261692617,-0.0015123799462815057,0.00570327818379468,0.006054620271704891,0.08526679329105136,0.08699898935599748,0.6247587046561769,0.5187934363995907,-0.0038226392001368126,0.002709269596262054,191.72726347896435,0.004878519165909978,0.07612912459279286,0.04635578369495175,0.02012871720770093,0.8548301213486038,0.0008516193457195342,0.002279164226038688,0.002094561490039837,-0.00017564141481063444,0.016944412984311263
0.008654261952869113,0.8072711383803455,0.011224696264098277,3.3915551088236153,2.061316210748066,0.3062090606874861,0.011546792908494474,251.92209598426945,372.9830245370869,0.04129620237794729,51.15173075537109,0.01065273586528992,0.002570068286672722,3.8621088404172763,835.5898258858697,599.5784661924736,518.4913396056461,-0.00026022679771919854,17.312335801616207,0.5931882669206532,0.49970298532523216,1.793790517616717,1.424510328080073,1.0673900117419386,299.088810840001,313.42925553747176,0.07842665939124505,3.42783541632612,0.07823279739028166,24.370391535336047,738.2179257464402,62.971638871947604,0.00546427145155981,0.019509219339582273,176.17402470645476,0.022083355194744136,0.03491823405724581,0.004524783952122746,0.013466240818750919,0.009412714452011528,0.04425711291335688,0.22521773619359564,0.0024847321021148616,0.041200161290298354,0.005668479307367136,0.24825647685704055,0.6124182186154421,0.15800881312482318,0.03955578932008752,0.013113559213120851,0.04145391085778716,41.26370282431697,0.7043187061631393,12.497483894393069,0.04378301230044901,0.008843874242947969,18.003930902085948,0.06934594882699674,0.0034206545462964755,0.0010703095071553648,0.00632965370367522,0.003257706229192081
0.010014192064506489,13.685514216994873,0.016740883670732565,0.7804512124287983,4.466937745086987,1.3660543265989542,5.615204976851379,800.8643162128724,630.1072738988778,0.41461364145293533,21.57757172855323,0.02907568783620107,0.003335614105911766,0.2938650212272069,783.5233810082616,543.846943552685,497.22202233276954,0.001281808792410466,7.298184861163943,4.460363189985495,1.3548829689555912,407.42044558326904,12.753618313675842,21.651203945962735,2222.117140030516,2323.0004034363305,0.0014694965985189157,50.91324091102599,0.011970870353501084,213.2349841556623,1731.4209473737417,56.89609086383843,0.06233244417401984,0.010464473816997,126.35697758539655,0.02064690831005933,0.012054809229430141,-0.0012102330712018272,0.01932041639598925,0.2522805746118095,0.036505243418227806,0.43102557683554643,0.0004646456365904328,0.03556247919464717,0.08757228874760603,0.5593345880144289,0.31533341038869356,0.20666433409794038,0.13080535286934936,0.005436457012343077,0.009620009043614708,145.7234381855466,0.04868459002222103,7.532411159191385,0.038678956538284126,0.6095047906316768,54.21309928125329,0.034796190228779444,0.0038438798367899096,-0.00017294853878979666,-0.0013477099474341614,0.0037921121596857787
0.007145724167603618,0.9971299377522964,0.002216790645030109,0.49367680084092935,0.2715142438113558,1.695633614259461,1.4456911468437825,754.4439270256372,914.6640287059193,0.1696331215662692,39.41380679429237,0.013706642507377964,0.005460983354385718,2.1790617751913883,771.3170787838096,461.77745000925177,456.21648217165716,6.857171131269268e-05,0.014253655609058669,5.870798724560541,7.262057856464387,126.7986642680423,1.824970656211863,1.7302335592030618,1985.2474063871236,2056.4090599759693,0.0076371282405878205,2.453450637728637,0.023409932725450666,186.55531825058634,2141.6211326072826,69.2802929601067,0.033541136877508926,0.03664537979880489,288.409772100583,0.0226667240938907,0.012630167441617601,0.002892724402197011,0.0012503067771936216,0.17481533906465696,0.0026905600732076707,0.6836252205588647,0.00010659704384696767,0.023672421828726087,0.043791998702792156,0.010855296978842688,0.02966481151348077,0.04772698275798515,0.05662413053956605,0.009481365411529552,0.014787539378363412,160.64260150144696,3.5908930663564194,19.865558866431048,0.09004224722491028,0.4367064730760388,3.2725375053609644,0.006566495509162884,-0.0012430696753105153,0.0017332881763829633,-0.001105849086188826,0.013278081188472513
0.007940095508090828,1.854783126651066,0.006988153227300842,1.716189219538414,0.939138692510098,1.7475926485310396,1.2225160733048632,1.9925560467226617,64.01667869420498,0.03566669680803081,59.139098146576316,0.009054706829075165,0.011066657257158496,0.6341998178694848,629.8976046216691,486.3285449726401,403.76910948482015,-8.394522336097054e-05,15.667206793281547,5.348677352356269,1.4210224065339307,42.23794943677778,0.24157512424802796,4.744846344504678,135.81175414419258,141.25375521178555,0.008580929743431831,9.256369640519797,0.003333670641660902,8.687464750856183,59.914484013824236,18.00599783834367,0.024804503214918228,0.06841782288858944,74.83562135409471,0.06964322155256131,0.03299875083205528,0.017581319048298738,0.07006381110751736,0.20433479159400392,0.00819460623963053,0.6071886091669061,0.0060660963740000184,0.07127670377971285,0.004189787471952755,0.6713815117871826,0.5883941935458932,0.6265321423056598,0.839478012483692,0.0327237179913471,0.013909603277349802,18.452958604380793,0.5494093660182422,0.21322012102649612,0.07270112708452725,0.012428144096573668,48.130964373859726,0.020790220922534353,0.006547789162794082,0.002845510492478276,0.011738597521671501,0.005611935116861311
0.0037557510502637115,0.03737674350013176,0.005779863191135881,1.033808400517377,0.9777197925334367,0.17006389842428593,0.0235564103353072,1077.1697378458366,1124.6876164252253,0.13642601408853494,11.09935509089836,0.026484965836213625,0.018197757145630433,2.0468807862800853,388.7308286027668,162.28476490249687,225.36547194733197,-0.0005050267666328878,8.754545793510228,0.8743108549787637,4.527217413551187,340.005221790308,2.6868031570634594,0.269549648152851,1008.2231998201422,1058.4528826158248,0.010733152565563842,0.7491991470064603,0.006419820420020983,93.74767858721574,2571.9627293246913,69.47679484779836,0.09740959920977321,0.011527343657710354,153.78517923793243,0.0025585519669437673,0.01619915230170932,0.0008809508370566377,0.02496184685075331,0.1745605034750799,0.07071308351735706,0.6196108094662804,0.004440614492053463,0.01581385982421768,0.018759206118130756,0.007098521292080662,0.00853414132403607,0.07707487247599243,0.17046684041778715,0.014115128956307288,0.012314758538201964,212.31899018374392,0.0475414548369697,5.231626956126639,0.12442809002542798,0.010336369753860986,12.936116083357046,0.028753728266224243,0.07820628162617549,0.08791653202610927,-0.0004703625787225718,-0.0016936436424872525
0.014917832346242221,0.58505826125569,0.01942650510869104,0.22127434322021866,0.9558693139023688,0.5989243931219672,0.4145763132844147,1139.7748913926318,922.5529923302109,0.0486744160675201,5.653310531255709,0.06698028699526404,0.010933959321745235,4.509780218570588,34.3940263229536,109.05997551066244,31.342503387121596,8.693243989554844e-05,1.1691236969464711,1.6805781095953254,1.710117196532149,564.8182878473814,0.14535678292011767,1.8691760172598126,321.55337729355057,332.86023745477337,0.022862889265969244,2.842001759569973,0.04174386064011859,25.615335465278797,2390.858551608229,5.801238933313535,0.013478105755369008,0.03995178609315353,160.96715555754542,0.14320452653858773,0.018996749053846074,0.016081923650753005,0.006724652340454718,0.04668832359630226,0.030273533025936494,0.24704180948530308,0.00048406319703797607,0.043153710638734744,0.008011863484157722,0.4483953586242322,0.4925092310882686,1.2339302970068315,0.992809317591778,0.01096973566965076,0.018537414223811055,155.84882051354126,0.2548023875262224,16.39349751604091,0.040087057662260506,0.0474230576506125,9.37566773320046,0.04260640861214693,-0.00039277365463874503,0.004332070360677953,0.0037487276537033765,0.01684024033075815
0.013618725524640496,0.9581093163705665,0.0005180666594757355,0.18473229226407373,0.08426396427540883,0.4746068990969654,0.34248068886477867,682.719267886198,610.1326479011058,0.04457307570761859,58.512607331295854,0.10210362875403067,-0.005808048420704814,0.27465118850802206,1121.8195595552857,782.8504257570634,709.7526607241078,0.006403981793533298,8.771909452928057,12.019046806984257,7.040965824723912,286.75618805505457,0.6181736868587686,3.3524311405204017,599.7203154793541,620.5285415331979,0.04358763438019686,8.766564994231736,0.01077614542552574,53.00399310654059,1497.7344817142875,36.06446424139382,0.02592246609911175,0.0385756132893329,13.490034983205785,0.18395744951838644,0.018973885548208003,0.0346560669884699,0.028745639717124405,0.1034420125960116,0.05373159497157243,0.18980577348676686,0.005533757812430373,0.04543578675901827,0.009964260925171331,0.7591461538301907,1.070917685618384,0.11737417894791147,0.30285178559569026,0.04998934615147821,0.051169887660730495,123.32325549874503,0.34734705573748315,0.8704745044210904,-0.0021322206870157956,0.05178626485152016,38.893789509043316,0.033724521055424894,0.012518855447970267,0.028595182111941675,0.01184131454370263,0.011631134098008644
0.007860395789200503,8.81454427087121,0.01772011179836319,1.1864741667993597,2.2256888324978243,1.6406168972768134,2.899272008982993,526.6418206614912,503.63340640143315,0.08241960707725138,141.07568592645546,0.04615592266335433,0.0060089605946132,0.36525897174408506,408.253612601219,239.0342701001337,259.41410782048956,0.006757571900244841,1.0825327671880407,0.7625167808491744,3.1888482982749773,197.89301875885042,2.063963723316241,17.407573511476777,387.29761551487474,401.9213438340288,0.007198983172814977,34.15371254074485,0.036051988593871265,32.639456009779174,1104.1913099238634,144.3030794162475,0.06981453112485703,0.04485301404250208,26.09296832710673,0.014920996627298067,0.0047434162522250745,0.00354956640950288,0.04145987849735189,0.14241981207423215,-0.0021334389803282505,1.782609577148805,0.002780659269447483,0.05045828237971062,0.03751863630360841,0.12546203385198318,0.1592048542306701,0.4521784841209415,0.498140260454889,0.016410065220694214,0.009340125656893683,76.16541941969906,0.057659455747542054,9.145832713923284,0.27085615282026065,0.08239225265593131,66.70093733208029,0.04601169929247373,0.010875853314686879,0.015022769290368387,0.005239013261579828,0.001298344883479352
0.0028346146808750916,3.2389928119521656,-0.0007233796358576683,1.3521619116638774,1.9047592576608263,0.4385085370177144,1.1822779194671638,292.62892588347427,264.76135227265786,0.014766008613736226,47.91505236469369,1.0250978044250125,0.008298997189148949,0.06566197869332324,288.2069287303136,172.67242928926166,182.63792447082884,0.0011027653079462851,0.006352399571365908,12.92136015289766,1.0041927073071122,118.80714300786224,10.28641078004138,2.037017277722505,626.17973327049,648.2323124432024,0.027746270893011626,13.9879745287682,0.032946681907070285,56.02434980856448,604.7600461681191,43.614575020584304,0.009664739409188883,0.03419297959491985,2.1818716117713723,0.08586707329838106,-0.0007782917112653109,0.005151204194898007,0.0090319603212059,0.009731278858674308,0.017793784687841985,3.00943248281912,0.027797094926503618,0.010671857760112147,-2.586795455172819e-05,0.01216416555337485,0.04761267333697816,0.006847883916827335,0.016487634031140175,-0.0013817698410241164,0.004975896864254814,6.834169602250242,0.33715715928359913,0.2001588205292819,0.5686004169718366,0.013279477436496379,73.66208230903527,0.03259132527244546,0.0013552765749063056,0.00755594247676683,0.00562447362240448,0.007888940976010339
0.014586220704763342,0.3828620458415264,-0.004302215479044413,0.25949182251225356,0.1131844601185854,0.6970371601680503,0.04713911463246134,58.988734248750504,104.12595035830275,0.2326782843848596,48.358214107956016,2.9875819493091686,0.0024346695512571515,0.012309246330181267,995.1403590628288,737.2983384021835,633.3595563696362,-0.0008956094507812651,6.077312878924372,18.62246088473934,6.2645803388022685,8.133809374043432,1.0095742994299792,0.6366532203374069,5729.5937392288615,5952.560104095921,0.0030925518369961935,1.5695667471630994,0.009700572504406146,557.1024405115428,129.83724631148286,82.99073461201891,0.14068295023535082,0.19510610805029316,60.85725261202542,0.011181935404743548,0.010014739562941521,2.8088286080141245e-05,0.10608634799401173,0.35761814552827875,0.1503725845629198,0.446503322372819,0.004894194951027053,0.0768937704632986,0.11391428719429442,0.17800888902572787,0.11286663732579783,1.771561025095604,1.1493427450916576,0.014537152209589621,0.038407339300635,2.452674493397133,0.010602318745704942,6.108169934854828,0.6755102437379144,0.29854335061311765,3.6875124337469636,0.0019325700708243687,0.029203565804520437,0.026983174111846253,-0.0009252112102506871,0.006090575045370805
0.03323831225689222,2.734048162392697,-0.000874880426914082,1.2478362454851286,0.7282675397715535,1.5589424070592388,0.7437107769264255,490.064428376585,476.1738733746961,0.294963328446074,50.366073630758514,0.10881859256070303,0.018812654510126592,1.8127075035282543,119.98581047993169,0.11393469813162493,57.32927707947585,-0.0006237688477401804,0.05097833949581965,2.219340520635474,12.247918158749027,175.83936559604442,0.15758512419465642,6.3414234658624595,758.7956192495125,791.9632235810129,0.033300391416392294,14.428327510116102,0.0029211133004158896,68.78846448198841,1186.4760659309172,1.0925622517890865,0.03410119758788088,0.022837010151236292,28.10406295532423,0.03190922156279452,0.002973610713989494,0.007195800751208736,0.0024778627753132554,0.026737862076884333,0.0017885531891037587,1.2957933524514909,0.00023056344124050554,0.011537999411713962,0.011552310967700485,0.005198042616519238,0.06912686752055563,0.011373257654842206,-0.007341956320499499,-0.0027981619153498727,0.0007187707571230106,89.90183386766024,0.03662250307299697,1.1001963784013746,0.11029550748069905,0.7699152516768697,51.00538192544519,0.07405122679942888,0.005739827268313569,-8.603147284436119e-05,0.014160214055066511,0.005849695260047305
0.02408925743649437,0.6339733602540294,0.016528358131737697,1.9095108472647455,4.53694445299383,1.1659400934839228,3.925348970440747,585.1406841530222,622.608035091383,0.03799114845721174,79.2465159506723,0.14776723462493635,0.0028625464805855927,1.6722899266887508,227.09635862207233,48.48866842248016,122.33843185533185,-0.0001469683490356033,7.569207949147695,13.62341342490377,5.635493021338331,170.1249142793471,0.17920146253965452,1.33165569231081,144.23086800273177,151.83768070325436,-0.0017790236442367657,3.518696700591195,0.03293271363018846,9.924050602830786,1682.010254535306,224.67310442225153,0.028746596161771443,0.05727356933332395,101.63367828646493,0.16579223141295873,0.014642866463419502,0.01630792282508775,-0.00014224647987060024,0.033526457225479867,0.024749851569532133,0.4100031732519911,0.000591136552807292,0.027528111666593524,0.020093250326040035,0.1567023541229826,0.1290615727458455,0.6018289138303441,0.7838680068428685,0.017691480556187855,0.0016317514118835419,66.10985198402778,0.5639353554457784,5.1560055680276955,0.030268815172621366,0.3300493718518762,20.988387167435146,0.03534676833143191,0.02392680027897942,0.00620680122311601,-0.0028916700549102003,0.012657131033824598
0.03854786355171047,0.016439685830242468,0.011674280377124369,0.2586876216133689,0.28479309364836247,0.4199306713386264,0.21844835180777533,105.30316108885226,320.6903549258737,-0.004178722983861682,27.547797011347743,0.08823351777272403,0.011386881082468214,7.926211835573974,802.7623678489306,745.5602570760321,549.021844641726,0.003514425046884817,5.201532985806009,0.4220228379539579,17.019353634931434,126.63177944918188,0.19935694342504018,0.09490093817060075,1335.7701720312175,1373.2155221570015,0.007210069938112795,0.9967307307660747,0.023981491874867977,124.66693564746252,615.1295363634349,23.718820096580362,0.0588735929980162,0.08175338574728563,288.69467711182216,0.09192511345173138,0.04124823295519686,-0.005770083182516927,0.052122513783546154,0.03680036898042527,0.1410952303519455,0.20953072857626065,0.007074505908893691,0.0036343317470128866,0.007876248974421074,0.09156604502915311,0.0032686892502216125,0.08191608977144949,0.0314855799680549,0.07722153245191254,0.025153711939306156,20.20561245764377,0.6899233504569109,23.045646458625956,0.14833484061607027,0.04443484898825911,14.693837032271148,0.008508328241293661,0.009655984869557876,-0.00038499050056906015,0.0034908125931014666,0.009859863475668362
0.05122844614882904,0.012374596080090505,0.0007563719541101577,1.9502687251178559,0.33623521599448214,1.9838242087752986,0.5197665575483299,809.8533697241171,577.5931847048573,0.16375102129191532,79.15433909858113,0.16642783310056952,0.005924676719700095,2.350766309753026,509.000207654664,482.4654694975984,291.282406267859,0.000530586073438144,8.421468110057436,1.8718263006199463,0.012825355424253893,454.62756418540766,0.08555100819443062,0.05615725394714843,4198.719778284095,4363.419568705556,0.017614121768140478,1.1621526417860153,0.013520453541464583,406.79412120236805,1389.9492528115766,171.57597268167015,0.017147127618992286,0.013155763254075303,204.46579894297685,0.16396027597052143,0.0349072796247798,0.0024040646640104413,0.035766828436992526,0.2474163931881268,0.002578520152280994,1.0136492088951972,-0.0016975249526547387,0.09277712017625017,0.013310198915982951,0.04358656258581117,0.011224276737848982,0.06715231287384427,0.8208048048225551,0.017034105296903412,0.0006488731028655437,84.77286798135155,0.43927867837254464,17.920545188772273,0.10684691824715298,0.019946257007918078,1.1714332842532773,0.015308559007489286,0.0009788049670618193,0.019971262813455404,0.0018544881963933335,0.002965682853130147
0.012430887949061997,0.011891924039968416,0.0023763454721859034,0.5789382170218929,0.02522664463958968,0.16702922921551977,0.7553256122495542,46.17232382753908,0.16625844712199722,0.0013586115283619193,32.54628271556722,1.1719265867482953,0.0046580959437534375,0.6813758145558895,0.2799404425459189,2.868648730696986,0.7847031173482453,-0.0006374900965164798,3.1857712182692044,1.4107921888567443,10.148690782205223,50.8363725015562,0.05597904981600177,0.1075874640994785,181.07279261487528,188.7863893220661,0.011379063252324073,0.3459238551430621,6.035478156452001e-05,12.763699014441068,31.194136171478718,13.450067201278708,0.00771935737864915,-0.0006553528053983015,52.74007040854099,0.031710267541050996,0.018136784721164645,0.004913169099049597,0.008419841572041342,0.002492469474728587,0.00985605049835403,0.31148766565135233,0.0006594118303828722,0.03376789686304349,0.009694977000616944,0.0038266001397238014,0.013407124670722581,0.11165765627892377,0.14063090743842732,0.011905298654792063,0.026848274187486254,7.195842655606704,1.1103040576475784,2.3250191849338417,1.0613344948967312,0.058253721123866065,23.117233786322352,0.008064702999496909,0.0036127525346945077,-0.0030770503998098775,-0.0016500710636861982,0.011868721920999192
0.0023026571924198436,0.44962826135096456,0.011557507736635664,3.7957366833152797,3.0471915579700966,3.579249311480625,3.409931805518493,340.1771019489367,195.87858755034677,0.5872257748937315,19.479862883354564,0.6578596819584659,0.00582610508760073,0.4165464189031738,411.0409075520718,328.19995488489917,273.9273252777134,0.002552458646790434,1.8565091367905495,6.685067673688879,0.15365574312100083,227.05851777839388,0.9343678335222432,0.4623143068578228,3061.872003640894,3200.88247021682,0.026409313260445266,1.5231377870839502,0.026069678343549008,295.9466841308618,489.22684955933045,92.25261185501627,0.059055628144876415,0.04999186581132431,144.05855259473938,0.07440748587881352,0.01596464290129518,0.00938884248037919,0.004600604224140881,0.08840841631165919,-0.002623970595656111,0.7217791896918948,0.01615122534127167,0.044212289757726175,0.043144794149939436,0.0667374521244124,0.04077167875694698,0.05772879899489425,0.07516276181524617,0.004299683116212094,-0.0007741045825042647,40.97612275631715,0.11789377553833003,13.785099487186882,0.670146960036174,0.4045529446429734,16.7015447983713,0.010261882153039359,0.006125162872567813,0.006923870744319771,0.008587836588958453,0.012655729543565641
0.0292472474369454,4.144412593081169,-0.0015665742264356908,0.964414831180644,2.567311527473951,0.1499142672114484,1.3595367134938225,847.3073086682551,930.7706049647845,0.13379169384244882,63.2839417321005,1.031458619857231,0.011065293131517606,0.8311765767616457,998.1981190534069,577.3126658015947,601.3252116593004,-0.0017611530400634123,3.1661068589057404,0.5889174636752292,6.168364046494691,227.39243151144098,9.206800060851528,4.483348413579812,939.1394671568798,975.0324041238714,0.043479125404901176,22.820751520187613,0.025534659035196583,85.52490936843085,2072.009897775329,100.37919160361204,0.02848743688894828,0.03884685355490003,181.66221814543337,0.22551592065119408,0.026228051454703305,0.026310366332338297,0.031295318044109344,0.052063119612684616,0.0014785066031910432,0.8823943733843951,0.005848433484080928,0.03818935144641422,-0.005350050705073883,0.16546948971950215,0.00516140031990453,0.5120924368229218,0.13288945324069523,-0.0017336569270476332,0.045411421959368425,116.99060926598403,0.25836256161885096,3.723892127033185,0.9788050879739565,0.046100509206564055,9.734526603604888,0.0716226654372285,0.010130249794418233,0.0013528005231204787,0.0035557443794012045,0.016260710955207536
0.028236347472715195,4.832600676107113,0.0002365939131951933,0.36580024544031264,1.0902223907499273,0.033327413490473745,0.5686996718599309,506.56240215016953,399.01830337578576,0.08354252009822094,53.916262753918076,0.0705790062395133,0.013219256093609744,2.5315414938370306,106.42061229833757,147.13310542427328,48.99196102169071,0.00040654739552881125,2.550183303839477,52.09465812999831,17.105611881400037,257.79761144908394,4.5358615612460955,6.729380909199504,1306.1129898836589,1341.3959562669295,0.04990752089155226,18.500765607393998,0.022180688661420866,122.37638287477827,986.5979922446189,53.183938848219015,0.04182746421087735,0.005917851816833242,77.70588734368707,0.00674756408766175,0.00912740996998096,0.008678518660304668,0.010976855426045873,0.011692936163137269,0.03970743641403285,0.4748981744810603,0.0009400531660466172,0.04551206478480552,0.01736806311164507,0.15618533932271017,0.15426963122577853,0.31129094876548,0.5472111963623743,0.03720038251058533,0.014765098290650869,85.31704634448434,0.2479171681895389,0.039877041130503166,0.004586365801189096,0.03278509003420904,25.23464983042429,0.012925590465605374,-0.002660424032016273,-0.008010190417298446,0.014660897079969537,0.048455023422826926
0.0004899441975920737,13.078768052414997,0.0024889799091827314,0.19911289191359938,0.09256101758245627,0.4074494984921433,1.183589238442745,912.7971235450664,807.3746881407689,0.0038393114030688125,45.81501112458323,0.3135652361863297,0.01660785873680748,2.0665892602133473,318.69902005666887,379.7471171663037,191.78108863045594,0.0015620260806699093,0.36626132232045006,8.680866588045248,15.642492494197107,396.6113532822532,11.498721718207388,19.939314750833628,1013.9488305676698,1048.3264250319369,0.0032623267488434138,46.98603894476812,0.005610556577292591,93.62346266081879,1944.3184707647376,57.32754382098518,0.06952202952528808,0.01390554816184153,42.90868917371764,0.02005810120643936,0.001347060136848377,0.010196002198497922,0.02612315569100776,0.03618508455259395,0.05559255544835651,0.64561242299167,0.016155784043355936,0.017122773444007144,0.004998212084617926,0.0007434107076651486,0.043503243218528276,0.3108052061871147,0.5283795455476907,0.0018657962569053055,0.01058834616287374,94.36732357539209,0.6614209017748864,9.259183364584867,0.31657086790695566,0.007513564902516201,14.060547100377299,0.07557865901653837,-0.0011100948233062624,0.001940720438639687,-0.0006097532808482242,0.005082931732160567
0.006492324829093121,2.0390990624333156,0.0006639440858666745,3.13183344692178,4.382456223507059,3.975561070184579,5.466371485338753,677.0670057047577,480.51283661694794,0.00405256309505031,38.46806219893319,0.15049244059599598,0.0006213388712401624,7.5634218809334826,1417.2488498991847,1209.8539261117055,895.599315658796,0.0007130819745517769,1.382504143414863,3.4208297303119988,5.0175932583153635,383.46133273508906,0.3181332660561429,7.320939113610233,529.9398893482112,549.7145260304479,0.0015976315616956782,8.613608869478204,0.03460393007393847,46.44769780393548,1451.1173775202903,114.25099677828585,0.025095195298108663,0.012167380355224466,177.5293607259102,0.14499541546539252,0.031592962540951675,0.014563752138531783,0.010042983092194646,0.008404980664245443,0.03125323700308691,2.279821355344671,0.007271023880599969,0.022422008536267413,0.0018729130960073448,0.2752459390991362,0.13639062172837857,0.49952064465109824,0.15610481179677027,0.026688299843866226,-0.00012233303272424223,77.81047962447714,0.5524321637282785,19.52762686154744,0.013155688278508215,0.021004333579106138,97.52668568928398,0.03680164329305757,-0.0004525994813171508,0.009046671243705617,0.004357288160631079,-0.002071318175176806
0.005633041467358879,4.203566414124926,0.007261048504444645,0.6665618070021209,0.12227968728453575,1.9229518845643225,0.597496187047799,2027.6927988389457,1615.471647442243,0.07290260037618967,190.00113593597422,0.7426407245723023,0.00702400126442182,2.3721931553805993,105.46132695112465,351.2136530977787,41.57462965871865,-0.00011680546432657479,1.3103617171292177,22.453569504225477,7.940325670848021,1026.2196570208312,7.168117289198723,5.4260163738963145,128.51422429005933,129.47948008084015,0.004717044972180062,24.31040881430846,0.008793845983343651,7.507910154850399,4016.55724845725,185.3502020175271,0.02179110754366409,0.011944104262426869,321.94587113447784,0.04743098700655324,0.010024445959341044,-0.0028848506658407658,0.006858869976087867,-0.0010760890476895213,0.025130348954228943,0.1944809951013493,0.022322137623393523,0.0014636938915435493,0.0029645686164236906,0.013569502071765882,0.012971360998140113,1.0132509988429899,0.8520240411310871,0.008358570885446781,0.0056661029723228395,274.28100347134,2.792221315332438,30.822740943986396,0.31503193013235276,0.07175428412287133,95.54486549617353,0.01903341354276744,0.0014036162465265178,0.003709428442909335,0.0038721870735924924,0.008393382213274236
0.004438469488630581,0.00962188548822418,0.0017298480577379038,2.245983520491208,1.3339003760553911,2.894181507543532,2.4731816833524185,78.27308960547923,49.24257582589708,0.02490180260380548,46.646742416891584,0.021613998884612684,0.0018048295049961638,0.37521504836882524,413.82430693310886,350.3232542438309,262.1334799397764,-0.001682031371670334,5.118414030551014,14.530260555740632,3.420805564351671,43.20046525196068,0.4652096928568499,0.10527909768562704,377.78662434648237,392.12226427698505,0.011934979002849566,0.9526071001526741,0.017432079980508774,31.404826917882318,243.1446399261144,80.4483391551792,0.03330105698727248,0.042371626920390426,18.90898159295066,-0.0011893855399289777,0.005132713773480013,0.012740268587430492,0.017015660780512754,0.01632963312189606,0.22388593301760995,0.509894622101454,-0.0002640085116425439,0.042830313431276856,0.005637140209110214,0.1263100184183843,0.3530267727997032,0.23758756773115408,0.26052219648255637,0.02197933489764825,0.06072508604527549,20.138535267546715,0.08228839821344547,0.029047448876307058,0.12222095113630438,0.3196648993735094,5.284395184952109,0.0251680911443799,0.030930457781595422,0.04493420778209689,0.0038518230533197695,0.03682429094159545
0.013262679741311345,7.378043294523722,0.01150892216070698,3.453720108468242,2.122276215004308,1.8175931130658372,0.7349952247884124,29.81999525213636,130.01749979989805,0.09004832112614913,3.865042511136637,0.06616610427805547,0.0028647425610035526,0.35541211005538376,119.25059521278202,93.96838254708746,61.50872669793991,0.003344800086470201,0.578148831353186,0.42047597603902265,17.509424600037597,58.50793785211845,0.13960014093620643,16.70489990368431,1306.957736064882,1351.640326394641,0.19893819655318712,25.377313491023223,0.007044467188122461,122.28275484111298,267.6281680429904,21.763023328056292,0.020026256455711433,0.011013300523794456,127.83085871026908,-0.0025730289675491846,0.021106050395221843,0.0006177263187430171,0.007762294195289066,0.0062372613579331215,0.0023121435617925457,2.292925263633532,0.0005287061018615091,0.042938941659899754,0.004955436423130344,0.09815028364779188,0.15212928789238322,0.30126668202396534,0.7688379217588395,0.019128248798117475,0.005726601295212852,12.155624020007028,0.4930653919812533,14.578202316582693,0.005718904839572048,0.033831100150909066,2.1769028033206625,0.0002693226350860556,0.04897493997390168,0.014385183886225228,0.07818492373638453,0.0650970768764898
0.023863297648827775,17.11489085164613,0.016710943336761375,3.455441246100241,3.900817128278497,2.7835959731322557,3.5923432170022505,1106.0281628292596,1042.8981586507443,0.2037738261865556,13.996559394891557,0.010210080706712255,0.0014167192096126158,9.467591157077548,258.60384808015255,428.23558076901196,182.79377173275128,0.0007514171068976339,15.658048749786973,8.012762933409304,1.1443316157267507,425.3500306805306,11.718131592592178,26.497649343437686,2678.5918244681693,2782.270132942944,0.04002158950015122,55.374064435972706,0.21995396999946326,255.45821042966952,2524.621182576721,70.05237923745912,-0.0011620445534346047,0.0008957657100427951,35.09218128821005,0.08160211902898507,0.045578166325568326,0.006457517829388415,0.007397319378196876,0.018525792315498002,0.013228496866459771,0.4183789597052616,-0.0009543204554063323,0.01542386006388341,0.010096236670779746,0.11113660880115361,0.12437206968532166,0.014686525882885881,0.0673653488012036,0.008714936099744719,0.005603520232877912,150.84364568112048,0.0019013998165737789,0.019689064660569855,0.02197798199581058,0.3569814297038496,14.159577668195793,0.028616487809175695,0.01685711934817835,0.01869899606346781,0.004445028159480557,-0.00037037387175598013
0.014623979816414945,4.154581521996626,0.0037447388649676228,0.28569502096903143,0.46230743317643075,0.08004837200796366,0.020261878461807825,1367.3897467729485,1430.8641920463635,0.02188560937588413,5.821282333983122,0.5943093234484689,0.0022708903891786036,0.2922768462815082,600.7655109999449,209.10136485572303,353.6829551146075,0.0024436847792426164,0.37774552019022245,32.232623252867526,21.617620179388737,437.0288528267369,3.5752612810760898,6.858531973285711,1302.8228024536554,1345.919659684848,-0.006092165855621445,20.364328688268646,0.0026125294449119707,122.13558233449467,3429.5726593478507,9.126353441768968,0.03325708672385819,-0.001876723307312922,198.89610933119872,0.037297528670818814,0.001404489111324736,-0.002204654990757504,0.02992638188378205,0.06941113984072622,0.04403888165795955,0.502952711553065,0.00010607201794066157,0.024270587878799432,0.02287027981826295,0.43286024105120813,0.12925760313753987,0.09939042154233046,0.2965372953630654,0.0005464075724068707,0.00943483430052705,215.65658786712035,0.43244989854817906,22.279873030305524,0.3717283097885149,0.05909866743964276,1.1889866268306388,0.13515983017587452,0.010527398951392541,0.002841934619691955,0.0005654098292220411,0.007526898971295992
0.01152273389183911,0.02114533582434852,0.008407375780226545,0.3909692413560837,1.655702879252022,0.28514068107188084,2.549239365377554,1177.5927452940325,1082.1965515918837,0.13281499476997194,73.41196952792785,0.25150116152929236,0.010856352714880835,2.065134540062642,226.1473650514513,0.9809180615223658,138.41919948650047,0.002946243484566402,1.9005877707069914,11.21559831952225,2.1801154531254365,480.29688204731,0.20287003415210414,0.07445445646524895,2724.950416117959,2827.642692201226,0.015369070635686377,0.9627512708453931,0.005721049264375111,260.1074354787697,2569.110203530805,97.38358255463174,0.016251310150537712,0.0024127742244708372,4.366726809431697,0.06157166796112712,0.011636083334857439,-0.000645171000764222,0.012232204248653566,0.00483633794721694,0.034083129057327355,0.20006183403268274,0.00038917033876728624,0.002741427456050438,0.020598309282823912,0.8276120330767931,1.3141365704242034,0.745013405419412,0.32650190108181576,0.014715585071503057,0.01292278355855192,159.710743435194,0.1312352360143887,3.4383662735912157,0.21606753314045957,0.7333847332762069,22.639149174841783,0.07669108416779213,0.00437764116639805,0.01236889603550928,0.006914779047428432,0.010073798959985503
0.005613965867245163,7.599166629791434,-0.0018212085821742718,0.4426219343860467,1.3672188627191693,2.04321347082863,3.791044316932294,150.2177220262022,254.943238702853,0.01606876608303498,10.662813147370418,0.4693911416680052,0.019586322026936998,1.1632179064143742,1198.4431992521263,930.6168339463751,734.4706501274085,-4.0102286668286524e-05,6.104353202066499,32.96918899536601,17.43546987167384,20.968340265609537,7.422577753896291,12.456739378677153,278.0656221493783,284.4882348698425,0.03299424547662788,25.406514971293976,0.018937642947052247,21.694372059311974,672.8560435107015,125.59865257833435,0.02013279153039793,0.011401561303726382,145.88655299884059,0.05580818297780432,0.032229391371719984,0.009570678129837695,0.03430829810491165,0.08396019161869184,0.11743697830765942,1.425060863523842,0.003340249479609092,0.003776617621113587,0.027367101622588486,0.22891354227764626,0.025487042208520272,0.7896885656005139,1.0104708562113247,0.043635095668555834,0.017572729929336894,15.881250519375353,0.47768404617729754,11.447999346483478,0.02613508273649945,0.49111990781410064,76.60259790285886,0.02604724756414889,0.003178584426358988,0.020785264545831517,0.01717652214773846,0.005186232764963883
0.004090975911634764,0.7294922872005314,0.009016238104436525,4.8016535132126625,2.8434265213713017,2.4853340583131294,1.2047169795792643,402.8874095960255,492.1317990750158,0.020915762736296806,14.27418316456247,0.026031691803663826,0.010088266117528555,5.589863013462057,634.0694082370046,393.9978553803617,380.0866859675707,0.0010835177412085173,16.975077975562016,2.3095815230521177,7.778774349449022,68.28796853837778,0.22280255681959016,1.2682762421237692,94.13542465472436,96.10237722833969,0.007583143884242638,4.115847052522002,0.026965957720723743,4.998128740588645,1167.6557724983898,87.21505874945909,0.05046578551428471,0.03456592404785663,140.83605970696865,0.075129874802351,0.028937981665184687,0.007432814564467094,0.016114655222033925,0.09616113661842451,0.0588584318722738,0.09445961106087797,0.0028325667237254493,0.012030020101307493,-0.00114637418063257,0.17721317157100902,0.3237620509596484,0.04855422371233775,0.11811938870472449,0.006653830086818857,-0.0006520570345847077,65.39262507268138,0.23961611844167496,0.5439221973687625,0.2859355790210225,0.07734492956655536,19.47064195363833,0.048600239307028836,0.0041069940507911795,0.003959302985182767,0.0019150353368297957,0.011011845477154836
-1.3553972745050658e-05,2.472110811146453,0.0009851508532570108,1.1140003394745195,0.6132827431049082,1.504076871921277,0.821593008539482,270.7418347179396,304.8985487097828,0.023450612270220716,31.810789212345725,0.12940890674241334,0.004252915445649208,6.8276786865178325,1172.2244872379813,912.5352298228713,747.2830487387499,0.0008263420455811854,17.979071706416114,14.869940315516352,15.13250287116832,63.524472815937216,2.616653776988014,3.649480051087184,1165.5344188057977,1208.2528342231494,0.04699548655927277,14.070617452826887,0.015079978928368654,107.48529765528762,681.6470119668886,8.259795609149442,0.03271592412418478,0.033333601845440874,67.6353591629988,0.0827863416157344,0.01570908922770009,0.006897160938263092,0.014879106485017779,0.14299637002592824,0.004812230658872707,0.006784066407214517,0.005591304433107069,0.03445240007900363,0.00041364952628430984,0.0317883680314468,0.048103349022931674,0.9958047096410514,1.0045004868608407,0.005556098755464589,0.0059900322472161704,22.329604194881647,0.15975928745922818,4.803761286002488,0.19397594878207247,0.044615895247320125,38.0474822523435,0.02645112724861942,0.0017475346024262706,0.00029093129039026167,0.0015065128753031232,0.004851674833888708
0.0016322013604934682,2.408153804882785,0.005484794005003124,2.287341556387405,0.8796547426487766,1.4306713749820954,0.45353383201537767,642.0972499186161,728.0358612551614,0.1412532851763233,28.480972090890198,0.05930688049278565,-0.0030608622549408437,0.9166841460144504,166.2971455497558,256.8253800540856,126.85899065157811,-0.00011144830834908248,8.790113819757748,33.910795483087405,4.968351340266741,150.2249040514834,2.7278085863325696,3.277149942044675,732.2682175605718,761.8399446601106,0.006732958561189051,14.66167763280099,0.011162697015851819,65.51505043940203,1677.4049330289495,9.008379320726116,0.010725863444275952,0.0038227735960250087,175.55464087660255,0.013632463802797368,0.0025419962301143073,0.00032461119089788326,0.0557258022355942,0.0766425007508591,0.05477764642264216,0.5264617919096679,0.0038802117175791295,0.022727331166173315,0.0479785744948078,0.03281936984792733,0.17937089438431908,0.33135034518383577,0.18456300686669547,0.007538338673445111,0.011346728802450023,98.23487634859131,0.013960477105974256,15.750530946769645,0.1044873185735371,0.23617191327748266,22.052505162794063,0.05542515833746986,0.013669985549515928,0.006225778999843001,0.0006209911662571344,-0.0008082328082181789
0.02597189603051575,1.8479358812042088,0.0021334979103633245,3.9712423383093194,3.3849245465756566,2.717351697348053,2.854786424933276,306.3420218635149,349.2769568332271,0.514708010874009,66.5584740237568,1.2413491559967316,0.006507548602829871,8.147015587900189,2290.3866196532226,1780.7227988153627,1452.6167852435917,0.0003293859157285084,16.96676371127338,4.7586758096280475,13.176301955352418,72.18810825888245,6.2490869714728445,0.9059452991027133,1727.3586457138833,1799.9250520669332,0.054124218401155666,8.78653505367246,0.00374085986068895,164.12746109193915,775.8135625399976,41.24402463715336,0.06895471232539752,0.05399770762032219,77.95376772578017,0.3180744871351866,0.051639368410914877,0.0853738432449811,0.06274692302681917,0.10019044104316244,0.018285179236366744,1.951693289024015,0.005178263908363512,0.007078813243750481,0.057325330774516736,0.02926297806953837,0.0328077584606552,0.3029650870593077,0.09627101806703209,0.0306801934275045,0.002771419051978974,67.1734985766583,0.6352759086019963,5.700285440310274,0.745400345400923,0.5459441248917578,88.83328632427263,0.011400275879567268,0.0034292140010254712,0.0228161114300498,0.003260187765751432,0.0034175860316754125
0.020752607043380777,0.013553121619759523,0.010843738295342575,0.34392778797347745,0.8246570457773279,1.0643177658609888,0.5644521288377025,1577.5958330455203,1258.9896636396381,0.035588349865325775,44.71183567171437,0.12748626915785533,0.004472182595728569,4.60992003183892,763.7543201671064,418.50232884835816,494.2542916342325,-0.0010379396575199706,1.1873086675096962,15.136401183657616,2.3202200537287467,790.429294989029,0.1513779685825769,0.26880614424242033,862.198467823153,893.7302174849365,0.0007032890142868453,0.018947991254996133,0.0011717057813065423,78.28026306965377,3375.1044366928077,51.29975672312214,0.00021676866930864236,0.0006921767787977373,234.69469045792135,0.04643843245164625,0.007760772288918361,0.011213601667869,0.05827647448213824,0.01335943681820062,0.004618343171201467,0.1006540607050388,0.0012138022613772392,0.017055281839635228,0.011028199671312855,0.1301969476984386,0.07618614269305723,1.283990048235344,0.12235725348481807,0.010269773134080395,0.07421329765639406,202.08443653959773,0.8970893935090736,15.247622258165505,0.22872917520826697,0.31804335943992346,16.281283415616684,0.0062807554337940275,0.006210218639170151,0.0034037561565902763,0.0027847344863722867,0.010248494286347665
0.03341483192916339,0.07331521868869029,0.01730886835575607,0.4590217815575688,0.3329248255319195,0.16899130732298673,0.12554425891733345,1144.7276268030826,1127.0687145642314,0.11456582838018559,53.637785681832085,0.28517906129665427,0.00880223394578028,0.6653775313287218,1046.1008498335996,1059.5276054802484,677.5344334775097,0.010352391914349113,7.365760462242154,39.31164762437042,9.606939260348735,399.448742592233,0.7857102809626832,0.3581211925816197,2523.31120876334,2610.02703927104,0.049861010026751806,0.8459897285219489,0.028532256973031522,243.02037075347505,2599.5485402330833,87.37092054828283,0.020910539947241347,0.053388543352133055,99.64880166706351,0.004564098697560581,0.0159894793317088,0.0031874126179012308,0.007979518667466934,0.0051300581491195985,0.008960687825659619,0.4963297339385129,0.0009496537186812759,0.03023491904063924,0.00880366807769839,0.1270220732964935,0.19186472117603515,0.30368763602278115,0.07720383079791837,0.029442895576069716,0.0345588394600691,210.34005273290597,0.015952615798450864,0.5287493050555074,0.6767210788500568,0.2595783899131714,8.830638790994076,-0.0028099472489548916,-0.008195310245604936,0.006487243726945202,0.001701304530415726,0.014929385359041092
0.028008221652385146,2.3053649780775665,0.010400853759986006,3.0546652371175504,2.1166303910870674,1.1305872996047164,0.6095278339948971,1108.4307519702113,1041.3586774996468,0.0652346280664382,1.7754591370151118,3.1058533501099053,0.008490847631994924,2.35337712469123,446.4448162855351,546.3153011356335,294.6166450637753,0.011159899000328544,6.675657707886428,3.654273576637923,18.65286233800618,431.27352294511525,2.106388715277385,4.54149462372078,1016.9982482136423,1046.7509393451123,0.0021150850132851673,9.868995037420929,0.020893043060179473,94.15575165624983,2528.392916341176,43.28737775379443,0.3625094739420103,0.17162207558502285,27.091684839263372,-0.0015928928215362959,0.0030558939389218054,0.003195502434834907,0.18667494403097162,0.01765277020008238,0.03251606405068941,0.15312017029634273,0.00033139308221663555,0.007311088541207766,0.005880126199555136,0.017123909092351397,0.016144810800903464,0.048545563798477076,0.16915831183367036,0.015076997789872593,0.007953146021959512,138.96311120157424,0.16134990771911895,0.12634904666800928,0.5193858373481417,0.1856181851016636,25.038276868684356,-0.0008347653801763499,0.02237671545386899,0.009098968162000176,0.0008381085788862208,0.004552124029430615
0.005507418899669325,4.568903995132841,0.012682596482461506,0.10837865943288527,0.15043386321155516,0.9121851048869551,0.729385556045643,280.6074671030785,220.67261918518741,0.0532043264306612,15.97234945188318,0.12064541214879565,0.0020303720412915283,2.2250211270394757,315.76126143064147,286.73538508288794,195.29291168214658,-0.0017889332491574095,12.279303411533736,5.877781000103507,22.371335964436074,136.3644623945092,7.083514553949371,5.619988987077022,2468.102468162536,2558.9372938747265,0.1074431076088267,22.879845603025178,-0.0006271903688421787,235.14978677681586,668.0099740252397,99.79809342056316,0.14560032773339682,0.06430862584885322,37.070803756461444,0.09537080728286806,0.041458426855980335,0.004594376661611221,0.12880599149371008,0.09512471977357162,0.04058806414188787,0.4978791178902817,0.007784432133456143,-0.00016382271799564307,0.007071011748822187,0.1389073560510603,0.13669088467561252,0.8927228543341474,0.4336774310364584,-0.002002584507549976,-0.0008517303944213239,59.663266322278616,0.3231744074093763,3.385222568747869,0.03865213820318658,0.07995549719919026,25.702027289596767,0.05302461448357221,0.004698632409650294,-0.0011550660803951729,0.02104818193741842,-0.0032909242363405866
0.06464837699034831,6.781675038333661,-0.00012641224513743055,0.13489949479169905,0.04329162589884117,0.46084147435689715,0.137128508501573,186.6008074209792,103.36982049719735,0.05761501859907181,37.5962228742855,0.6474383626287574,0.022370068049288427,0.2603053071232253,87.92985445506096,0.9381184283833468,17.8946108974984,-0.0019791382308937955,3.381634536657649,1.5349954204621747,12.420791765099064,297.8992491491357,8.865922390258358,7.87496414386984,2053.9485656421807,2140.6830593551826,0.0045465372167825535,31.62721131611458,0.05599755953739116,195.79364563000235,38.27930564561195,23.608284646771462,0.04581011893879605,0.000457242984191808,361.65065528009995,0.12231423141783804,0.07504307367996166,0.029187529069361062,0.03308257011904381,0.07850277899020153,0.010813585836920936,0.8938274913975022,0.005451092126151025,0.010449793401257068,0.012013636390128646,0.4687033334496533,0.46741980336178024,0.15602718638240987,0.036081335288628225,0.049557827502105134,0.0064105122261128855,17.096221568897583,0.6256645502869622,24.622055239197387,0.5805710847271985,0.18056084661899785,25.247489372722768,0.0056826641990470605,0.014339844900257859,0.006119019644136081,0.0018011119279366383,0.0038964719163860906
0.007396276455171602,1.1621085937519755,-0.0002978639324409116,3.5250345993882988,2.13788643202256,0.7345117093806302,0.3003284849483139,294.603773549954,178.5008337430808,0.10459570516583394,57.92703093654733,0.24870151151068054,0.01158453876352361,0.5946903893636737,62.31211429471775,71.1322377154601,27.172355316731647,0.0006372439848796319,0.8139621530143062,0.6183975458951387,14.3809277522198,186.9890222803068,1.8199622804287205,1.975105507593426,900.1482546589921,945.1778606603344,0.01313932411429164,9.54109509564429,0.07624253961760186,82.33972005379003,537.1029463015055,12.47037338008852,0.003229780334567778,0.012535028452440145,109.78500450640593,0.0055088935147571405,0.009672109693332764,0.010562044434863083,0.03488045983974519,0.017153294705344102,0.015298542479789567,0.4713209702125045,0.00025863784898660924,0.015427034009928953,0.004650833496265605,0.34409328074660994,0.17132576457137727,0.13080421899684946,0.019312323027739886,0.01082727979423126,0.0069011419412676744,4.925641146550319,0.015685115597452892,9.963655876367172,0.1902926347042886,0.09342129930711618,50.12377192503437,0.00985123204810101,0.0074748670275699425,0.006398326406172217,0.010691335053953033,0.011829218719251244
0.04047013410008127,4.543997969584173,0.008994368711468859,1.6491114199395343,1.782981763348654,1.5151890612643983,1.797678648362532,258.02167951847053,345.06767174499186,0.06325990332133014,36.706722475674006,0.13952506973208312,0.0028524840336299206,0.5344483288487449,501.5901700463173,458.118199724799,334.81425583457076,-0.001220311137782204,0.12285534194625125,0.06641319206668239,3.3397106510412486,18.039880241620928,1.0711939489591975,9.940613473510169,634.5901088370366,661.703809898266,0.021306079638679698,19.500783424211868,0.07783031931688367,56.264510477398225,752.271513045371,16.324115267322725,0.004691272528467572,0.017003159556534087,135.39552971419067,0.035229395342140535,0.00961662797673224,0.004281471993741626,0.06172820139294899,0.04848721069152884,0.030538491688594682,1.077191014913164,0.001116780296374742,0.010684477691087046,0.01549615658042125,0.3499857524526133,0.21405384975424635,0.07072253622582547,0.10751229333191148,0.07894789059425555,0.01046614478633412,49.460067572832806,0.12160584666017993,13.277034013578582,0.10071851950346211,0.23975376468242882,47.169477337068855,0.023394568264270887,0.03757890905890626,0.050070411975479345,0.004698648210777812,0.00851716065552477
0.012336015523692012,1.4682629985150388,0.0011059805052537897,1.8559738146080171,0.91595229243236,4.136982190273288,3.4082534517573073,0.5471222092143719,3.6580024415414236,0.27212176967392754,8.118699787553831,0.055555980777279856,0.005330806273725841,1.4414045291444761,919.7293980602844,746.3134157879213,584.324679726059,0.006004761586325458,0.2004543770881,0.23388275470511832,4.66469804290027,3.9612579836824473,3.493882024312196,1.3549407492869392,251.46762573301362,260.0520173322401,0.06106007739678354,10.892438690622711,0.0027300518919606276,19.386390557627923,56.78323433895695,66.05938009328477,0.008525585103415168,0.02106824299484611,5.476550885768351,5.000784928732571e-05,0.014395073107752232,0.0045511258350954265,0.022168430832681274,0.13793702507224026,0.003698559358146447,0.7225872145636503,0.0026622271619745064,0.0031039527356515606,0.023763960702156695,0.04857139527577026,0.014666425163229135,2.091390352327883,1.678758321070955,0.03986245880910566,-0.0012390027756108424,12.823357740579599,0.20710411231402048,1.2335536599224044,0.039807516418993494,0.4460136267410828,43.65201311002357,-0.0020336698376528517,0.0023893588620209627,0.012530508146720187,0.004807705790890182,0.018625958944435084
0.01782326397843015,9.715524555716673,0.010527418936182364,0.1903094182245031,0.4249016597605175,0.32199094570300435,0.7219387030760203,670.3214386640831,587.6740883981621,0.44256201842255827,24.88034581601099,0.6041177081142353,-0.00024998018665201016,1.6731939808378735,992.5751154752447,895.8530699042409,641.6462221660473,0.0004211210092055495,2.1960523228423314,8.56856576928423,2.6102023388387936,290.65067635183067,8.891315995459205,15.759051103570393,621.7112889135019,645.5650962602535,0.01727274183259464,36.088101606268374,0.0790359042248383,55.88886732541275,1608.2161378768787,131.65879849498955,0.032330263994369446,0.014029506767615274,31.293041197380152,0.026683386597574632,0.009169148298491692,0.00598561465722014,0.009223203690185144,0.19869841923244458,0.03532244904793469,0.07803331081489429,-0.0008357481446008563,0.05770127375829226,0.010001005883144565,0.008475148636487795,0.01335030472623,0.14078187075391657,0.11006783525768249,0.024935032017157077,0.08064552154958449,86.58623605227942,0.0018716383157197924,9.377814805809784,0.4460972238213943,0.22890166568878723,31.36925605991294,0.005882017813871876,0.0026919632370256963,0.004537983391600164,0.03389792840635586,-0.005471875464382769
0.0007173599856082902,0.002713639436722204,0.015855664140378423,0.7438395823334298,0.6996525023097906,0.4889723816969598,0.5793982017908599,552.540148793333,631.9134721390009,0.14969282782065196,1.1808638069279427,0.0591844940967059,0.0024533253404417366,0.009031308370582636,645.926736579172,626.453282904579,423.91436961819755,0.0013228618768588163,0.08183644857878303,2.6099576781545055,34.15426791426797,133.1347592194103,0.2849455619880894,0.2554842680778213,371.231150119136,384.4311241354215,0.018747797247535836,0.22727854575648454,0.02121557174394173,30.799656793686424,1392.9059895969256,46.69025724048741,0.010633205942600199,0.013777059987256202,145.54426355068335,0.056407100852175596,0.009194799192487224,0.021139265122740447,0.0040970545935259395,0.4017045662742156,0.005834654933800643,0.36247238461260967,0.0026488394963317674,0.061034041132633554,0.09341471176246685,0.24163840999936692,0.414880556826815,0.2631373581233527,0.10414846092441721,0.006725279203771528,0.04981599771601619,56.755732943804404,2.0776252670947697,7.9560125034296325,0.17202049876446246,0.1079947989011023,16.77430566919695,0.040918743643830524,0.0275923492783976,0.0054836052551738845,0.003922812882958482,-0.00024836943800732314
0.0074343879197193985,0.4378308468105425,0.007122992689934549,0.5102693372290013,0.3466676525621404,2.5936627137682384,2.8768561975364326,263.7431634065074,139.81170741232438,0.11756628959085269,21.17544569635944,0.3002866126399999,0.0006657034319230704,0.19281220080643457,73.53128293831331,35.56420644830257,64.67128004816281,-0.0007430644421022592,9.405607871616585,10.739307202988499,30.524374099899745,184.88549160705017,1.8011391070081926,0.750293356725563,1094.3727060301223,1138.9397707824246,0.04650354381571553,7.172505710556062,0.0032547632759785117,102.12491628381478,236.1628974192608,205.44493524866695,0.0684562772853079,0.06193420826582763,125.3428819787268,0.01667280848214503,0.009904701322188458,-0.0008573908322562218,0.05708651069769921,0.006660588094415942,0.02581557493604336,0.23677872711140946,0.004979173801987535,0.0009580819325503143,0.011737675198038033,0.0843130156291787,0.21128821948674226,0.03401029561251612,0.019324146315425672,0.011414411108169098,0.004150744178359922,13.374374878968776,0.2937772580534439,7.230286603921276,0.003787431763475624,0.27369589210984824,71.98853686501498,0.05014178311341677,0.00024575375783442155,0.0005787409600008786,0.04972790313768982,0.018437537165573836
0.0037713038924138687,0.5819534141244951,0.007053376096903818,2.7501376387229044,0.5147105624316417,2.3774224652403415,0.2356905594786225,323.16138845308546,323.6515956552874,0.0012300683630810383,10.352826140124284,0.5636574468109572,0.0013663846940383806,0.9161298314177939,471.0136112792711,328.1214979832209,302.0319514942426,0.0006165519418672716,4.327352901516436,19.82816800566718,1.329728814162186,111.3444108385317,0.32537110521407797,1.2526419975112866,53.923498334801806,57.61900473177367,0.048271772649997935,2.7711350766176412,0.011801355849232031,2.254315006121276,758.4893583128571,16.229326078686157,0.09068175599702855,0.01786567038563458,23.843956862410117,0.020752507886862226,0.010748437575591296,-0.000843946064411405,0.012251459441451118,0.029474756584373374,-0.0019327560734048177,1.0270349032321633,0.0006739069983892065,0.01426262968068226,0.00987026401321689,0.18060342333787816,0.29793384187416017,2.0568167920255434,2.9941957283075595,0.01472983126626648,0.020629771965154475,64.47293966537559,0.1140752671842975,0.45009203161634126,0.16519818619275473,0.05470909751627584,1.8493959280605736,0.0306215070287692,0.017783658821749704,0.023862179799433392,0.002982545765228828,-0.0022933096792243646
0.0013847448431132392,0.044315207786381094,-0.001577440993952628,3.074614715608556,4.2501849106681195,1.563552915616592,2.6643904449463047,58.834135947183114,64.37879151745355,0.2354109420751307,7.879029611497858,1.2561849965897487,0.00615358732257576,3.0026987646454817,711.2487837305912,605.0806659730365,470.00568296194626,0.005234378571203457,8.72726025602801,16.942144453520392,12.237731505800769,122.52416029402931,0.6118211545946091,0.11365878678106611,1325.2058366725253,1370.5811942083167,0.040550533759468266,2.9997159142769476,0.04419146898761639,123.06716658448272,90.50291278736297,26.303062250251912,0.004213754268946879,0.017663737926412182,161.01005948371136,0.0009360373596223326,0.005971719605717851,0.009875635016921791,0.03728430655241599,0.0812762042256665,0.06222611378260101,0.4369109137949394,0.0035808093649052353,0.013870789748938073,0.0028052700004321807,0.03682464833665122,0.014841625670288572,1.9498763486527295,2.4277180404678464,0.0221577447870267,0.036369297819145885,39.47343888911037,1.0814395456367958,10.765701068366178,1.3717886970685402,0.48020173824343537,21.315131560468622,0.03304230318561707,0.01967882154459577,0.01406750647471533,0.016433410213927857,-0.0002379066887359116
0.0004379894240580384,0.011076594592998035,0.005484829873775965,0.11595909862238507,0.05254928212238319,0.4143535830051741,0.32226017595060696,518.9665057639077,416.68406416664413,0.07074946628816825,21.409839960569457,1.0063954124192227,0.0029845682707936305,2.0750357949955127,480.4171858114273,444.4638909819249,296.9826095314675,0.0006414548405553333,0.571668165895046,1.1959852618358262,3.5609990774641584,253.04492918194362,0.4668165687192394,0.21956777977209807,1122.4987539001531,1168.358596898165,0.0346524795834231,0.20021952701272916,0.002136533681062147,103.71616048923353,1123.7684512877609,69.33842558157805,0.0906734513477252,0.11254447321387229,70.5611844452877,0.018225167920627783,0.0042584668631864275,0.0038106023346227147,0.011533975983306632,0.07746076710390426,-0.0008609708587332676,0.53458764836226,0.0007374040900636203,0.03823195851177097,0.080364995676236,0.27764721222560595,0.3430277891369604,1.4392950034232044,0.9235008612765281,0.005481282183897207,0.017959623361492483,49.95990771533843,0.009067726000846932,10.55146566868028,0.23299482077790223,0.0015030077811903908,4.21800950550489,0.011638035672060454,0.0022297720358830375,0.0035883193251411427,0.002791544996328277,0.0033901429654559223
-0.0007398065996939707,0.15029543697352743,-0.00043912721172123526,0.7756905227912148,0.4015687474806082,0.4107269825348787,0.21401705203371613,1638.7703618806968,1522.6140578377724,0.7256942177860379,45.35174614429608,0.09500793308543276,0.002580371821546912,0.22086205627948186,960.934618822821,993.785470714146,617.958294598539,0.0054457831577918725,0.7662559610853945,49.12747105918388,8.710399226420812,642.4675760043234,0.0905204258691974,0.6222666630914215,693.4754531576749,710.116986611302,0.019943546600689643,0.6316498383112625,0.019872720840822033,61.74904632175937,3684.98655067717,66.29329604108592,0.03721541986211108,0.04057852459619049,34.429860908584224,0.05436897668541629,0.029299996450986576,0.01992421311378134,0.02565933374493845,0.050923384912452185,0.03966584594829037,0.1753840741064545,0.00030641629125760517,0.03081347010328095,0.03162108001373376,0.00678202273816364,0.00655514278905045,0.17073481750228403,0.21458660262941365,0.005461703058410983,0.015345681735357886,194.18964187845305,0.41694705186070813,8.911360790131177,0.13670317361982676,0.09407216238680771,9.90933199900823,0.013910990641876175,0.0006987542424834459,0.0028653982475512763,0.01473568193153163,0.004595321322704571
0.03647154975017841,7.36625118337471,0.0122432833822268,2.0940699656054234,0.2016574628500445,2.0088926235642957,0.24048115007341675,658.0082935448164,340.1600851614792,0.41858134364627286,92.89517465255702,0.2987725986272318,0.005701493547311642,5.370293124999148,157.84804139831598,190.33869899746472,71.58420579198739,0.001102515414788563,14.727413517583138,3.1817880583769513,2.211246116834457,475.628485554523,4.719037457454417,12.639680152873037,355.6953652946375,368.3584706518871,0.000762990703749189,30.19794074930217,0.0028902709009495098,29.274903680819868,996.9425622414936,66.59246988990486,0.037294157653977145,0.03568280673913993,337.5301798562676,0.05159521714429438,0.006640758237586475,0.02664025442326956,0.006177137578592173,0.022970528734805207,0.032099161124509834,0.2647148382542346,0.0012841930841638316,0.04672649787442307,0.02557699932521551,0.0633785527980315,0.05852501783134123,0.06994780604098416,0.04442073966535354,0.024681243648732476,0.0007858194470413693,37.474205525250156,3.2842348037611133,31.42077482326856,0.44024211192016693,0.43685862937325837,55.865863583277424,0.006506922203846521,0.012607918138324514,0.016467897296549516,0.026625218513887994,-0.0030156011664281834
0.003063221754222134,6.889485317182186,0.004762090081674053,4.059536277180194,3.4365136623709907,2.5122185758877977,2.2295590769925093,944.1074203631592,902.7041315004024,0.2980838312130887,9.066466779532202,0.2749778371496179,0.009349897093723136,0.02462327309604273,145.410387169422,27.62918101492416,75.08409331448772,0.003899207704722407,10.29942395385298,2.7474427205108407,1.999573741955012,363.79335044536725,0.7745215281704745,15.290928129843827,835.6448193478255,870.1813698695568,0.016568026459386154,26.11425613296552,0.00815958097521019,76.44329696479417,2261.941325819347,36.50273667370086,0.08069580167817936,0.04718720488048955,35.41454602694489,0.016380401375198694,0.018545940156667662,0.0026812255543502417,0.13291295465187414,0.011369354541490573,0.07569159927270874,1.798285324527547,0.016512649021049874,0.027397518451389935,0.015554628904053125,0.35926857777475885,0.19335699762126524,0.06552175486868617,0.008196365604253408,0.016537959555576798,-0.002404897261954808,154.3569097858207,0.1434433279626246,3.681066698362387,0.00745701281234723,0.38736630155813057,29.940463760707654,0.014580350545178256,0.017567341399787217,0.028327962820337227,-0.002020057762280203,0.0008317679509577403
0.007229336327706726,0.9062080244365562,0.001268369743404385,1.5776248032661728,1.4369395883738507,0.6317206733873277,0.7048270433477128,133.3570248378137,148.57712895951764,0.003553982817800616,64.45372312929972,0.2501653127783756,0.019946415406628226,0.9218199801944555,1016.1935819463173,769.7010662188752,640.0059272571411,0.0034404305367088384,0.20362228089027656,2.073533745731777,0.8228436580974607,32.83516497850855,0.9640290637470814,1.3951928462424013,165.54870732169147,175.3723889235256,0.006772688448541508,9.711032082431299,0.024190264283101115,11.733712366357917,493.83329731222045,135.6048668536161,0.05759792396688024,-0.0027262879131626505,25.36024209399039,0.10557303128137274,0.019500313147342574,0.0030111263876024807,0.00034551196057641675,0.004479360860401016,0.004181368424727161,0.42199069229770636,0.0006298459359923569,0.05853871505492414,0.00598441564895591,0.2631640382811469,0.15807118324150604,0.08466371442733145,0.0349845653799008,0.015932026985163716,0.01942166751956531,17.583468574437784,0.07674863374788554,1.3729507877246343,0.08348966545743508,0.002610065547601792,0.03621733279689909,0.034778702675256845,0.007885374832139469,0.005184662200444556,-0.0003447980203157286,0.00232005148500658
0.017436388585978513,3.858437849697345,0.004314289038039654,2.0106503662201236,0.8220230129494652,1.4511601650536923,0.5830487505312574,729.3930154682067,554.7454886649982,0.019841240893716083,65.5950453182683,0.020269146905296687,0.005649855553618188,31.725793268452296,122.13185630276938,162.67065188419787,75.1503816366847,-0.0023617391930130793,76.12146639969534,2.4344787899693605,28.936793052067582,387.44272637694286,4.6999647997336025,5.728516725791429,4029.3514525165365,4197.365297194816,-0.0012151127796844463,20.67972302350277,0.0342004140370209,388.25447667963334,1580.4660306634814,6.594641913414574,0.052823706715437346,0.006291663079132093,135.57410084840535,0.010690661105123844,0.010102682742886948,0.009935244577539137,0.0425769436644714,0.0925107630828137,0.007013981504035982,0.1340249887159617,0.00030485158935622536,0.02252910805491215,0.01178663210929276,0.2536640566749826,0.07673596666245519,0.18827273034430014,0.08004004462693448,0.005509543235987735,0.003071861934614617,68.58966423142793,0.5441456304718457,1.2068430481409518,0.007465381617498323,0.0009441237203171582,61.401144536676185,0.005453833684250675,0.0406813852897594,0.03934176829093605,0.005412772616282702,0.01540038990651027
0.031957205767285224,0.7236658836280094,0.004548341358326269,0.08502394987383255,0.3463139533914452,2.33959231066833,2.0839573626443393,956.2792163349349,860.8882349394361,0.05318899808866551,19.611436923985405,0.018797157633368755,0.006559280029064141,0.051499761079212725,476.1865565413349,540.0951914932576,302.20495483885793,-0.0022726591076551728,2.0755367489450336,13.093533273460608,10.557068784435526,400.4369267432975,0.46270425160476325,1.069186643361122,425.7414212934507,445.9618279629875,0.026748103324026218,4.566116041599059,0.020019555172860137,36.36652607097372,2099.6168997133705,28.43460883608942,0.27073129574411414,0.11367461855203143,15.868261255286047,0.06733889543030269,0.0008205487438877057,0.017385203427876306,0.13756692833501383,0.01853074384100406,0.028201536533014604,0.1732050958639011,-0.0003896474396620775,0.008692934387434903,0.0016723970364802554,0.46986029138078855,0.6362798813413315,0.07179788211268434,0.030879001478417045,0.00869447170018045,0.004785988030180377,153.55055786075712,0.039051974323705885,3.409942665968451,0.03257386361774817,0.01713345165456648,36.596261902983755,0.0329015149117291,0.0037807150034812054,0.008440903046681214,-0.0028117507864973135,0.0045263138424767035
