dayhr,depth,AUC_wet,rate,Tair,Tsoil,SR,Patm,WS,WD,RH,es,VPD,rate_P,Tdew,q,wmix,h*Ta,h*Ts,h*WS,h*Pr,h*VPD,Tv_K,rho_moist,uzonal,vmerid,buoy_TsTa,SRxWS,SR*u,SR*v,SR*VPD,VPD*WS,q*WS,h_ASINH_cm,h_inv,u*VPD,v*VPD,rate*Ta,rate*Ts,SR*Ta,SR*Ts,SR*HODsin,VPD*WS*d1sin,q/rho,asinh_Ta,asinh_Ts,asinh_WS,asinh_SR,asinh_P_kPa,asinh_rate_h,h*sinTOD,h*cosTOD,h*u,h*v
0.015340738148414523,16.470956090399362,0.13878233649621485,0.009461492939704108,57.41779861457643,141.7919232413983,3.1448974680158592,184.61915274496283,3.624322251340585,0.016774511832776007,0.8624919997183547,273.39218717785263,211.62161688604732,-0.002762912253784222,4.824111519200947,511.71206985971025,154.94915761525246,0.28695087386483653,0.2419071723067665,0.03986019952052189,15.584717980157548,0.025640960615191943,76.76605179123297,66.54084194580916,0.07111635942653738,0.008309731766168227,68.19081752589754,0.03274205748696346,0.003909281317902469,-0.013417514643228046,0.12110962866383801,0.045928483822163635,0.4555172500626874,0.020162748856555446,0.009135951331785463,0.0027042072163796504,0.0267615262800609,0.05016490472391322,0.02559069765802935,1.8851351723934364,3.8592285904498222,0.01500296305376203,0.003527837840093362,374.3950452837831,0.3563047376891024,0.3784227614061546,1.2280460248042608,1.0163973565583735,202.86100717946525,0.003746470304922589,0.09314079287802368,0.04074378379173993,-0.0001713585366900361,0.023176276629965464
0.029638664917936097,5.213046924825495,0.02239854868008795,0.137712216780276,591.8514579271722,8.935435134183027,0.3689246354435163,179.50377044663685,0.5051456900701083,0.01493175661349877,1.8649659618931924,3.6808060656800894,3.5582674942893533,-0.00222407445236783,12.375036045856135,526.2165536756879,503.0315492989264,0.8029698358909414,0.299187487834069,0.018635077350191764,6.533852455111589,0.005691761797191219,613.9783912890094,26.444444475200168,0.2444069212459148,0.21177096649412253,3.402074879205486,0.0799549231408383,0.060442760593813816,0.014139555146771343,0.007579142337146294,0.0741134900125946,0.016788607835716007,0.16263010682910028,0.13581282526853933,0.06810099341654219,0.020272437155411716,0.08250329293918135,0.037313962880920926,2.140187796525016,1.5856730174591362,0.00682678982242102,-0.0025651410473859215,82.62516716274158,0.3587937385675737,0.20099574519524221,0.025873145655364027,0.282735697099624,171.59547867538788,0.045073797849730646,0.28327756630872525,0.31807240155440475,-0.012172742630164102,-0.010642505589512297
0.0429473579464732,66.28680703368163,0.0006052044498039422,0.010471501343925382,2117.7846146293314,25.37999997681584,0.7402769272780221,390.6044134564581,3.3307272402876746,0.025336291799686883,0.909737424642997,333.348850675128,238.91893338989684,-0.001368802742535813,10.305554420612097,906.1539718000571,47.21655357323267,0.15443408398499692,0.12055043999281256,-0.030940582313085052,69.82453220059693,-0.002268633410393406,2250.4585534987204,121.99261353652676,0.14313768156449047,0.030909839677159212,7.304934780809421,0.1823478437373831,-0.03468070188953387,0.030871361884468485,-0.003125819905831051,0.11593033591773061,0.003110297031385656,0.3260478104345852,0.10272472949608247,0.12281963560977704,0.1785467945143937,-0.003389241365956863,0.09352351931393521,1.8121435432733461,0.32644104099616644,-0.004949518968869526,0.005511867760009892,303.5293374444604,0.04314111060491044,2.6920428996776335,2.6134501693719807,1.1899073232268558,415.22044371148587,0.040149652506127786,0.028598058657800962,-0.0067028135064317595,0.023894500311941513,0.04420675968465293
0.10115268848846615,76.0144030076147,0.01993794608446553,0.2331395783066128,339.11528702527204,19.515361666045322,0.27279915649362785,275.42794323020667,0.03234592851697826,0.014666427499005152,18.019613529847746,1202.6905494835585,884.3626700706228,-0.000345991426248915,2.0055694483129773,1601.8743453109462,770.2193921764513,0.07244897764881308,0.6083205133166878,0.01844872520388563,67.94326729391113,0.12841172397458145,406.9521186634333,3.92381694489932,0.004324869236990381,0.015014073820630358,5.235506163799947,0.14389960748125397,0.016539256737965857,0.006846394021183144,0.0031316376771890475,0.01873169153048515,0.01800608842015805,0.2933177295141407,0.009154046655801551,0.11960201889186806,0.029366832653035857,0.288617648145717,0.17314200436858318,1.2745946543200297,1.6145823735946294,0.0014642990249900123,0.038829155517674074,1186.334500182155,0.006781674673324467,3.2721653662045664,0.005188601787629921,0.025148417131943823,276.03108546273774,0.10239983581861622,0.007257309853075711,0.0704578480626541,0.03102095171089303,0.03329510379423972
-0.0015673999478629241,1.644312888399135,0.01550200450346928,0.0013082689173540274,839.5081544719145,111.20695914794926,0.17732020444714536,154.1140942855037,0.4128683308382488,0.026319654310719365,3.0062334255863306,642.3093388386216,467.9531173059716,0.002761319851554589,4.569119150342786,821.5001097213251,266.2410446857308,1.0485237936350433,1.7628822259498733,0.06342648512576332,2.8512764450277146,0.06400444412451556,728.08575607501,29.389087324392346,0.007733926822455217,0.026331939910408053,56.48911045396643,0.0567700550286796,0.03334277567772492,-0.0012276715932051374,0.08743496958050567,0.04300975675095842,0.013155885586106919,0.026976980696956865,-0.0011748646527269813,0.008494698383591626,0.0281891139871977,0.32624572208489244,0.8061775146491144,0.31557846470031237,0.902954469324099,0.0308109690114442,0.0681119692374299,590.0363477824135,1.0866232035084256,0.9955227783425364,0.005706234806120314,0.07674239469988375,162.17282412004633,0.022642469948215727,0.009829886126832221,0.01164225872929947,0.02937568358486331,0.01631531088032201
0.0736915956798061,46.66739418554355,0.07436108518179463,-0.0021838986856765885,1032.9885915290993,54.46538532163216,0.30580129298085534,27.428397679175998,1.346068454858842,0.007641767969057689,2.3906580241579123,676.2139937278313,477.16686764363067,0.0007642373652201329,12.311574518643098,78.77481620056183,1348.2539159168803,0.09857927998206772,1.2416834908283443,0.01980627314646899,40.813334971145984,0.02880637699219779,1133.7108132883013,136.16816256295033,-0.008955826901832609,0.013821608981125166,26.224089081815404,0.04040765562821935,0.026940819615418832,0.026414470939204016,0.010351308903148393,0.005336990408021158,0.11050567305955106,0.07603234100849932,-0.0012165314283576478,0.10426768387971386,0.01404401820351353,0.06948858620128373,0.00864909020608895,3.226857002569525,4.284367501496896,0.01038703977441191,0.0010504630103840285,494.5874214220803,0.379393437703448,1.4699996299095224,2.1066710318049457,0.032918418429718876,2.30425639437036,-0.0009229332934292955,0.07321820128764411,0.09463466520021946,0.03033289185657395,-0.000614118246009987
0.032966149220506225,10.143148938337221,0.008459714902650184,-5.1365514220691466e-05,1325.107990187209,332.8813395962377,0.21061127763671905,626.6624118752744,0.2246131883922189,0.062630131604962,0.24343027738017042,431.8888537523172,271.4536773971607,-0.0007517246645436515,5.9666717256969,42.328578865106884,355.0738337155135,0.8980418890154702,0.1494797974391302,0.016807019686363667,9.378929136615332,-0.006649787932281548,1950.0336376676792,34.5281142251661,0.09766876235387745,0.009970444714450188,174.70714699473743,0.4789701140761089,0.05055261981192416,0.02387743435709222,0.037474851407239385,0.4744842938253111,0.03303341541539151,0.0015334161325251117,0.0008847452592029015,0.11868460774826417,0.019497436971327886,0.08567149660476314,0.10743894575193025,0.1571405208771175,0.05760069010066715,0.049756606082691945,0.40808525578343424,325.6996263653495,0.3608958107168858,8.210811428458411,0.18153258922706872,0.9142749822115039,618.9183497283572,0.004500689112827416,0.00954750135301019,0.004630517206813067,0.019538238232919447,0.001501740302414234
0.03504953711550218,1.8860675070843929,0.016213448058668867,0.07420829811280605,521.5626501168553,38.637785462684,0.3735252404298022,358.7696876697245,0.08515295415380031,0.058678511586583326,6.61507646188176,1078.1945846802507,780.004439316755,-0.00042302067957500356,0.16225720469164884,974.4075625349789,994.0350983401612,0.2567101677988006,0.33728732773856773,0.028621566450125258,1.4217701854295832,0.017100438659918282,526.2347085254365,26.85408383921999,0.03365551034688696,0.09009165359120175,18.401786422199432,0.1659890199693006,0.02951938581556579,0.016454459691233936,0.02965653944079616,0.06149429377034199,0.03586471200203967,0.5351220539049759,0.07906891817943507,0.12078458809434345,0.026883422543034996,0.1605596112902905,0.12580483419643507,1.0393722120916529,1.339667356638028,0.07114746398876726,0.00177610533283179,1075.1834020426973,0.06888701841785672,0.03011184796269628,0.020503866249410585,1.8037277683928448,364.7906769080661,0.02991577687380431,0.065729438324996,0.03861367419513062,-0.003519039977201821,0.0004863719852874482
0.0603403286866504,55.888207152720696,0.020756726560095196,0.03774367018905256,2022.6068805901589,41.92731568723664,0.6990799933941538,213.07003416028672,0.0337763865975198,0.0004271079067104111,0.461604713717783,33.13619089868809,11.70467690926347,0.0028798079511247465,0.9677954036837537,462.5996987569359,729.6097912124609,0.2056275060502042,1.261996136388932,0.036919285958141757,57.883281358952345,0.15766624801410956,2365.4997495366038,13.317908013150964,0.06302969052217833,0.03977930615641512,14.994321049092525,0.005802671502541656,0.016491245929517895,0.0635606722817883,0.12367442756078884,0.2841575390512654,0.02374698165326361,3.8637629986114437,0.023830214631959556,0.0162292805808244,0.03531014948004252,0.07718226287958885,-0.003787017564239825,4.932737486056196,7.103863726260862,0.012650287070860244,0.08242575526216545,28.48063794443246,0.09465723308204144,3.302079745912531,0.10638901166386816,0.18048825712364902,206.286363526214,-0.00022357365955549824,0.009473824096981609,0.013715743488553755,0.027904434123493083,0.011110105343676402
0.038974153167544934,68.55769222446533,0.019781330106017236,0.024934270012137993,3219.4351885259616,231.01261767481952,0.0622868905355185,80.16769955471695,0.04205420731970744,-0.030414837681425055,3.6329426525875004,1094.4101739535465,750.3529239715361,0.0025072214649917157,1.2992100297261828,917.9386677952667,501.9646410690343,0.47174605703927597,0.1391013467542752,-0.0034284704130049803,64.36264967936862,0.06275011683999843,4099.463746049577,164.3744636593074,0.046380092219989066,-0.010844244538677827,119.83706973881534,0.05158483272625247,-0.012799820122811667,0.013986282405363148,0.0001851322132599975,0.043457958219575765,0.14098376358442088,1.604049904265283,0.006066468837484962,0.055190330469601534,0.054436822384581696,0.01711121295297513,0.09730001799216481,0.1501175990621384,0.29876546732077536,0.007742405417717535,0.016577434944759162,1031.1523598031742,1.5500270262968172,4.245905426515236,0.39764904065102513,0.3270621848519193,44.3640672977717,-0.0008571661020599919,-0.0050952376533777155,0.024324838783592817,0.010758491962429062,0.03922734840279496
0.02648633015770585,34.057477631910295,0.042164059789730146,0.016298795209785943,172.53625564047286,83.97724326697266,0.050172340777548285,466.0157411451524,0.1625588898458954,0.0066831726049523255,0.24492597681437545,1272.966573774142,922.6037940761016,-0.0013857493924138709,26.026395170663648,806.9844858763041,1670.0917617470582,1.7696638182166833,1.2826913508462567,0.029047831709813288,34.844770384165855,0.012973962090971014,294.2025976824745,48.514729897437036,0.01396548252852714,0.1343036665424151,39.84024119484715,0.07813536275448385,0.005927306674264443,0.027247530906851836,0.018708217101835345,0.2188216852987459,0.4238695343967418,0.07372517984553184,0.1359331548209255,0.06541934797550653,0.09697723186534368,0.055699893291115465,0.127120871908474,4.106506267886935,2.880130861842426,0.004858014983114778,0.015691769647791176,1279.321487388005,0.013160258411296866,0.014121138831996838,1.4027349397512499,0.0022895412397030412,478.7452640587325,0.012921360631789724,0.02001210092965877,-0.004049053434840744,0.029820172588582494,0.010539799117910142
0.06255980743632339,9.621190449153202,0.015284202976850736,0.03173200151293809,2717.413132873404,114.31582363287119,0.06944390012466073,189.0796509364688,1.2310121285605948,0.05805030057041538,1.424143420695117,129.8497470856169,116.31383734115327,0.018326740426682697,0.09085756307671744,199.80523671439502,576.5775524090643,0.3246066108197434,0.14908931271973191,0.022261338625813032,11.082786464414765,0.01092717778771668,3181.4016913998994,80.75305140521817,0.18732384906455124,0.08830878452273172,58.507633753083965,0.0035746782611694172,0.06167746043920985,0.005675722207405087,-0.006043127356122113,0.14847517623116602,0.2830940948553007,0.7568709835112415,0.10334991628953638,0.15011104099153272,0.02141473046796527,0.29712449508938743,0.20751659629824104,0.20703387871179046,0.2637056652260945,0.05896132116699704,0.00828433171109122,171.0998934265303,0.0054760797803705685,0.8988113575813976,3.041011311506688,0.20524895432980195,170.22755092196445,0.050174165460246556,0.059894248425472085,0.07246000143899067,0.03886193005766181,0.005682166661365784
0.011806984713384594,39.059672730690075,0.040465962967650704,0.02074150457255275,3524.603184146724,201.59664540363872,0.07047562688758013,116.773115152344,1.1197437979905764,0.0006521841714066667,12.491232595028853,1512.5953093109795,1080.7459796314934,0.004024518518100706,2.8448965253118565,981.164582429882,1346.4167125909892,0.637662295927381,1.6815368160675899,0.1720359253026107,37.82354147064084,0.009723013075305431,3820.2801247988846,187.19825797933976,0.0328829137409663,0.031062637668471282,105.94792049881943,0.06304467277302095,0.15484535826897527,0.0011641201998422446,0.20932988769487526,0.16768394435773537,-0.010615903863434362,0.0774432798930551,0.140201936739067,-0.011370143578754544,0.008845796247417326,0.24346038880220444,0.050361319631790025,0.5600289603925823,0.34036278827354405,0.11870673350582184,0.12307990831969473,1489.1443703834093,0.05233411191628079,3.431867566591654,0.35749569188451247,0.21250282191375813,154.931577162597,0.012988792530373772,-0.008541620941721284,0.06716519722137715,0.046804638383753705,0.0604263789107824
0.0012540636018831819,30.148874138203688,0.026322292533046188,0.0013848905804056955,181.2170889880073,193.5664119040741,0.024088597858964,379.66052288594784,0.36557892193802033,0.019029347251066753,0.19451891899251805,408.6057049334135,298.40627111765303,0.00793501492291604,24.8908753671694,1338.1295853552087,451.92346136808413,0.13720926926627985,0.117226882262778,0.007053959820016331,27.092654674012202,0.03888255085062031,472.13908898434715,1.8339138537646962,0.01564028434184994,0.006466869374560424,93.69435823956354,0.08245977018689565,0.12400918228602809,0.001563368789448738,0.07193518045915326,0.12847792661785906,0.45117554359698975,0.8063959513141965,0.00711260985680795,0.0736700882427277,0.012675162372342896,0.08635097945194925,0.0024627563931209906,0.5943190762982544,0.889562445969811,-0.0007150885700166754,0.016143596445305164,418.0921079561676,0.03939727184133979,1.566862405050581,0.12685041605782832,0.16393550537295098,381.8649352837489,0.04077586987846349,0.0757392433757973,0.05323113075302377,0.018141710768355246,0.016993735717864666
0.10835717118986743,0.9231317732348838,0.013048169400224907,0.002164926934615785,822.727436799787,176.54768209217357,0.062193467111942624,80.89842570746126,0.059923607679967184,0.005653592171679378,19.59859690193496,1160.7502066468699,844.4311118810201,-0.0034847088597871334,0.8676855006501043,1049.6270852934313,1185.0342347407698,0.3355056889016783,0.9692886347885317,0.019709220719308362,0.5097429030582212,0.008515054975783087,841.3779520035491,260.38768030761577,0.052709246999810944,0.05675041351995347,93.13193701357159,0.0016993247402439238,0.022663418779065303,0.009883979638559026,0.0020543587550321263,0.20136242586655229,0.06409470920422145,0.5805489178200443,0.017939104732025868,0.0423164905675284,-0.006572383868157061,0.10010699520061639,0.04147296787141386,0.5612430361467169,0.24151358227589714,-0.0034199543112176656,0.026727916441680932,1249.3412486571185,0.09439557555466305,9.060395085961604,0.03459041489400505,0.047077875611816644,136.38434114738436,-0.005358762033685238,0.03325060567603266,0.15808863388618466,0.05643986179232652,-0.002215984917484093
-0.0027031437476559006,11.926769709093744,0.014023211665568525,0.01293124076803931,3960.23589438968,324.15588244835055,0.11885696886132902,177.6600297359311,1.1334003674219826,0.04371358875228193,2.718072530699665,605.915637013532,423.28377767114625,-0.002387774636540385,0.26279627136446404,60.656150894256996,748.6988188280491,0.8323299080955202,0.5674850886379605,0.08141884574732305,11.163614010956959,0.001968256982264549,3961.672904996762,11.42068060782455,0.2646384711680829,0.015304906317281208,167.09286314656782,0.0852619419850944,-0.03391048512746497,0.011248679606341128,0.005129743365966277,0.027166882752627686,0.06438482793436329,0.0323755672650341,0.00626431828259566,0.052130694160779534,0.09574812837057944,0.28010809547395077,0.10266817230871972,3.2215669132476155,2.5542583776144365,0.0039802578788856735,0.01883499003895217,682.0748510378721,1.2658569620034292,4.673992106816163,0.9927981044803342,0.11046737974334153,182.3107166199733,0.03892843175660854,0.016997312052366098,0.0032543133436666594,0.044222703697946564,0.06408298386687417
0.0016262078564510674,61.35725693880023,0.033264826290957394,0.002104702939518255,1161.2177718456671,163.9118018037797,0.11155016769561854,199.46669967529584,1.1121652778572235,0.03490192068791753,0.24760091867272127,82.52236442868887,52.07663511922507,-0.002514869085268323,5.247100545844414,634.8139653594263,918.7698567467465,0.22355505563513312,2.0835487668534585,0.02335292405591538,66.14140588676932,0.2771742481681114,1086.708533856952,33.63195527858484,0.29317919209593857,0.11275031657842316,80.31464860116516,0.014661075831023496,0.004700316587262776,0.01178369567064319,0.05216934027833897,0.44964345771856973,0.006300394537788634,4.469059327219498,0.09367903922861132,0.08215966432576227,0.07178695458978002,0.10793856723742845,0.07335114864396797,0.7998424007983553,0.7911769546715854,0.010159960848194594,0.1815694447657803,81.46171913654936,1.6152847749267787,0.11091609960710702,0.05719608917971186,0.08129646894933185,195.6250723347665,0.04312972076693722,0.031535616395025556,0.036995070751692616,0.003986199725612316,0.008135615984563138
0.04547157724805295,14.979563869291589,0.058159873065524614,0.040990528454855735,1720.1725581683675,32.916606774439245,0.31484005564769557,784.4845150612845,1.6411271981381015,0.047082789439819805,1.6608345792522465,51.001171827393975,37.25386979340044,0.0037116908519765346,0.007946284227513978,137.59741673203703,332.98350902855975,0.33949626663225185,0.6265733604954091,0.08282525459157863,18.09097659356178,0.010062983512560741,1777.4158874956165,210.72871788604482,0.05557583913195163,0.037229579395943624,19.032491082577682,0.18309116636301237,0.02436683543572382,0.014655720587398058,0.005455375571234988,0.11563411966391879,0.1067620559266107,0.054176414534590656,0.015731626264385845,0.01965830447839334,0.02156053365703947,0.2237343522211903,0.36728837223240784,1.213855265009868,0.5922954196362715,8.505606844888547e-05,0.0070458961139570064,25.25666520412125,-0.012115331057198198,5.937554552694464,2.2445627536714268,0.08678971279151604,826.7328618684544,0.05070758831203115,0.10548248873862587,0.170835548933006,-0.002354920767531077,0.03312765184868649
0.10930508546120432,104.9838514781417,0.03717437975061255,0.005086603095571185,3474.407535078167,39.93485323000649,0.019957983436300175,614.649481897546,0.02488629925930841,0.02351470493887131,7.342834679848379,277.1959208431235,168.11655504964344,-0.0020295679161437263,0.39875184634045535,148.1962038510681,30.591500286126323,0.7637967389662057,1.0551659534321471,0.1335167834630866,102.78781637511909,0.20839682478341448,3866.18173016767,7.878820729198416,-0.006393347398675253,0.005340341943155913,22.385965877361063,0.04082813675555297,0.022981373297807473,0.0394109993580658,0.19341539648088535,0.4543044328410195,0.033789915929477665,0.08601728028012268,0.016623212467463233,0.04417675571727386,0.0525398741911447,0.7968883313473194,0.6187025742976013,0.032593918573842195,0.5268325233376752,0.056427040132715156,0.010111201598220987,130.71720235266596,0.0790682696008913,6.448948289992502,0.19673462908274786,0.4478102944650777,618.440335410205,0.01613488625123516,0.142844260272601,0.12081382472753166,0.05451540385554665,0.06136788303899454
0.01490312995603471,8.867976557068957,0.04544122744628343,0.10821889442933497,894.6347878337691,74.87377479343037,0.07193054553325595,118.68954305053312,0.11978425469535381,0.019031190649118734,3.1701208442672586,294.7531090873688,211.7717795561742,0.00776151260191682,7.080410366370242,145.96325914963404,551.1540354963985,0.6488755040383198,0.06978400580152044,0.08628787267330829,5.495118778689087,0.03826456016193447,1095.819990690807,5.981845366047858,0.015598265135765566,0.15137092533942642,30.304933764943595,0.0584610082371535,0.02894082405116194,-0.002191547159127616,0.21413008963873725,0.0526299474692431,0.08381705308712206,1.954613623873434,0.009680591182783083,0.12670602677928589,0.005555836933049285,-0.002597946832763931,0.001675256609334319,6.381184193876078,6.32847517915411,0.02176015685483712,0.015523058419781854,292.3656387480016,2.3837294164260188,3.334631388664305,0.3028767171552289,0.15453858619152783,120.6241749501808,0.04992116351783693,0.02033236951569961,0.13909066385849478,0.027632830283470966,0.017621831245745234
0.12611299415056365,21.74736423891315,0.08084499791269106,0.00015517934985709303,897.4258812694411,318.6322345699685,0.6648220746732472,495.5513761968542,0.3971928523322781,0.032807314649231145,0.20891720314191886,43.321097721255406,0.2839031007547286,0.0006266782468875576,12.206048011560195,1021.5529096905194,1245.5341308324182,0.739921987853891,0.13087827115684902,0.04674691493484229,23.89851037557731,0.043369927921633966,1518.7438822127697,8.494465364003105,0.17101569815301687,0.13111406371478918,165.64863492103964,0.052041668616076286,0.06713604680000707,0.02383535209228338,0.06432062317507636,0.05004266391867329,0.015310899989888327,2.2061620486981868,0.04096680151324872,0.06477444402249066,0.0001673609022310174,0.10386576276328796,0.1483172446535148,3.720652407841654,2.890260623836487,0.059919253887346535,0.03776618542562993,25.485330494526224,0.013499102701616472,5.813867518369039,0.5085037521829578,0.9257977903079899,495.1198400698481,0.005011425575598416,0.017910268199264223,0.043597675137473146,0.08375000368992502,0.05764731681563884
0.025043959841323016,5.753267102948799,0.055788605124579504,0.04871185460293681,3553.515757707317,61.228257571833964,2.1266562948228636,77.66063287643655,0.2119164571985701,0.0005217759584166259,0.7712218885424189,521.4326729020066,337.0384916759138,-0.0001441704523195142,1.3280287267824367,412.03294748431904,2.92730595901188,0.09857604485583416,1.8143574012179897,0.11241315455897816,3.6952571606854008,0.052522777505135565,4075.9774265116307,144.69233469381305,0.030174351482132877,0.018772919242747932,32.39688912231034,0.28692628609494797,0.02725860706058203,-0.004184066537825437,0.22100120709281956,0.303239274705998,-0.002966445072194901,2.869084934012129,0.08146655400408598,0.0068089226561136584,0.07115712660229256,0.3957304164311859,0.2890090552050193,0.1937098208784338,0.06925986128773243,-0.002847974412580001,-0.013500617765318523,521.2383050145835,1.5333806537759926,5.651913247541994,0.25439156782831773,2.9586872344597737,108.26918928006185,0.14226929745440842,0.02285759719222291,0.04612131860116975,-0.0006087658969429199,0.02475970774741576
0.04370888527425443,52.76227361649259,0.016442912488236594,0.08223482755747469,2067.0989931508093,305.5312843147886,0.057874650118365345,209.8902597723077,3.7657024309962788,0.05835674516497402,4.747572110335361,621.0884030764794,404.3592421025187,-0.004648982426187054,6.068710945014588,104.57736445919157,917.7202447273719,1.3312119611640822,2.2445649785612245,0.084031580621164,51.547822426704265,0.015308133857263151,2931.9589685803344,169.4524897029113,0.16266082031963336,0.33032556376663447,158.04774087060957,0.17716576440343879,0.03339157111595714,0.04825207949807808,0.4552863846593489,0.15363738670074323,0.48904440284031825,0.4125099971682493,-0.0005187373849127042,0.22901414658525265,0.027110598878321568,0.014779584202591067,0.02670453608141443,1.9485832167809631,2.8557755086755465,0.0008165301749691878,0.11387146933544656,695.2232729530169,0.7053215275878939,7.89076070521883,0.3563740168912384,0.5347635888141964,248.3796955207434,0.09881642961854009,0.031017815389369652,0.0730408875270836,0.02427388480890702,0.00818478134232059
-0.007041924991196602,66.99147683395393,0.17239970631668644,0.026416327238885984,745.1314285712468,3.299137458801831,0.9294401778619497,67.05086656963967,1.6689938154672754,-0.002110835732443306,1.4968615877461025,151.78789296527708,92.20859561791728,0.008075172441212253,0.2859306233911143,154.39356214875997,346.9466199653954,0.4734816615806592,1.4770341613122673,0.008394197235069178,67.17094672094241,-0.018025154947793887,1019.6449287569227,152.96803513830267,0.21806859896911046,0.011373785131337577,2.755674898087439,0.13191216588783927,0.09879076276392063,0.010263230204201612,0.18063604389086585,0.04850334246535848,0.04235138710262998,1.5984709026585895,0.005262216156843635,0.15053881477584685,0.01404165691953363,0.026988136079816982,0.045500476822964764,1.0635054157211696,0.7285513079090906,0.04501882573721794,0.046982513803827786,183.374172567497,0.0060588918663802005,2.391769879052874,0.5577318175319226,0.2281237839902106,101.54340148332719,0.07536621562645252,0.07500590436782506,0.05223858572096152,0.00775504854588327,0.008176639033220745
0.03921038583221037,16.810753373461548,0.06451989651657541,0.10521173925276095,1842.302440873336,188.2241885937517,0.1624339371639012,122.46146155820533,0.033571819028333394,-0.002554254016581048,6.0505598140394,1136.7178694316406,805.0135512572872,0.0015866692595629672,4.825777429989526,1631.7321267497366,178.28216340659176,0.08096549619314075,0.5018531904550505,0.004779645723496095,17.558477395640885,0.015497717924568555,2330.199037262156,23.59812550242226,0.029676300768668007,0.08204657721025832,98.00772096187778,0.0639260890158484,0.06776720922621227,-0.0025247618027774976,0.14550111792049059,0.28069862843445126,0.2169192941587319,1.5384357331527463,0.0027609333100793165,0.044672230091959086,0.07351793459867118,0.0010086649543925574,0.0005810963353676257,0.17400702345609087,0.36299619913311076,0.005679680557770794,0.019550303655027967,1153.1748771530663,0.3307786213783901,3.409498463215564,1.1574143799716543,0.05209955747609207,114.34795610740346,0.05173712904794403,-0.00030539900430337497,0.006160573788665857,0.023353310425577867,0.013370636978894623
0.0044065283117245,59.44908084666217,0.035496865768118724,0.03700158508146334,6063.025688292559,68.6424029187812,0.02458814451479263,109.934050240484,0.105310078230203,0.055278726549159884,2.904910663227083,680.3207415670192,423.7295196548844,-0.004674924020068971,33.435948483778134,1480.0018350911125,1278.801780823387,0.1867521164192869,0.35392302425407784,0.00443788824819169,62.2654197655574,0.00898049451869376,7131.2950090393915,143.1657057220034,0.10038070665386023,0.008906810329398773,34.28608616844345,0.12396722630311707,0.003768677765055628,0.0038764021378803193,0.19708762039203442,0.5558919192446155,0.15040721936212353,0.3208425086609008,0.004846300152599348,0.12609170267941927,0.019244422594683286,0.06954424284268956,0.06315410092813156,5.234856883571144,4.190786870096957,0.03345288730245777,0.09205372072562223,587.9647947839893,0.06174671575780266,1.6873131975828226,0.09452120320599455,0.06411123552288078,78.66067583316577,0.08688780275148567,0.19321641773036546,0.1787971360567786,0.03443720384552673,-0.006736317063181119
0.04928531731977781,21.016774585528324,-0.0012483104507667875,-0.001084789233111394,1058.1048648173205,142.8692921549794,0.43064685467195307,920.2767650952585,0.874140220401384,0.06139187744547936,0.0028855088173145305,323.71095345039413,220.2722461886227,-0.0019189776558121707,1.5220532692636803,144.4848670634596,215.72837925915383,0.08753889021798233,0.12352174544513606,0.1142196427381803,23.212280742809337,0.09387388913719263,1411.6964824466,6.413273478715898,0.11023841450097205,0.03541497950207351,74.73613445758545,0.02335383821606296,0.08540910081603847,0.010844726780861791,0.11111008381919874,0.11953382617013286,0.18414861411271666,0.948871075136025,0.004659116479699854,-0.00142170982779799,0.03331273458086237,0.15357082988167914,0.06502304525019031,1.764511668212994,1.1441690434742666,0.038703119835881594,0.0005746136900954824,274.4923104092894,0.32177483196984724,3.654942788992053,0.5614350630008937,0.20375292759647134,926.6032962055172,0.002327117010556101,0.022988159388613205,0.010704117470841545,0.017597633997989526,0.004111036639921295
0.22300702026950425,53.7515125232401,0.04586324657858931,0.024416716792225124,483.57961636387085,103.67749172618669,0.10137430295143979,206.03384914724307,1.8927433967378322,0.0014579525015712136,1.7716725881409845,884.9288282429173,656.853187503902,-0.004039762917400047,8.862772974195735,544.7464025729968,1315.324116902935,0.3558580455650242,0.6074584115023152,0.11166566981786996,51.616001309059044,0.15836532194256048,689.6887176565941,35.567913268332966,0.10183426856074185,0.03356390048955049,54.19347914835705,0.03099934361518386,-0.00025973878189855526,0.03642959706057347,0.062095252500460774,0.12389809354465608,0.0949499966880678,0.3547396523039046,0.010808724386509816,0.05496445292824248,0.0022992038802689407,0.203839413358053,0.7000434995123586,0.9487737321668748,1.025442746927296,0.029680053784907123,0.052145298368037274,951.2312338306322,0.08365435783516872,3.3263017076934522,1.7849563554292702,0.00014264225626003935,218.9117453509179,0.0073180197117741486,0.004372695208160415,-0.001000538325532041,0.005721829863886363,0.039804338723350874
0.06919841411326288,0.48684598215889796,0.014086929554983918,0.09252961253124337,2225.8515623441267,132.87505329419747,0.6968515090160343,239.1258188189855,4.072976419785745,0.01336702759587105,0.30051205949228077,12.718356857367095,1.112539421909914,0.0011272775512098931,26.706730623916783,976.0741061253997,495.7757554228876,1.1965163984847953,0.22774062425507324,0.008745032012763332,0.3790474006920652,0.007969578594885007,2296.2854161323185,48.66814849951767,0.2098799190989995,0.12509097113570267,68.17128156271446,0.09255548153245474,0.0034652922171112266,0.051199155308933264,0.052753184894843486,0.3439613617052366,0.007217963880456146,3.4830238789481003,0.0028782052953753023,0.0765938030322646,0.043032852369140784,0.06210730696458189,0.08641578178757836,4.343383275127882,4.702731496093157,0.11839671307939525,0.04967259339079266,128.5325681279323,0.09338088200508032,3.55712994624636,1.6370612428756521,0.02616374060729143,251.4225930105359,0.010241834594254762,0.054360905415766325,0.05003135060280517,0.01033792598968919,0.03541719709145674
0.15517385528707273,25.043561350621367,0.04860199740054405,0.06703089333079504,2160.157969233922,40.945410080721395,0.0185745040978178,331.94728148785236,0.17905665328896525,0.009661091150691803,10.354422518443158,509.7293455047173,390.70792205223586,-0.0012390843335268187,1.7192503626124989,1743.5601013060475,308.2794130870593,0.25628436495513984,0.14689083160931027,0.04586736055648988,30.657453880358325,0.04193010052430157,2315.6502628405697,114.85520576019769,-0.001901675403225056,0.05742675158685806,16.373876851704658,0.24919823547285347,0.1606174022140774,0.037200837351976546,0.018245705526683587,-0.0010419254848006432,0.014098776493331577,0.6230815269485745,0.11538855451151164,0.08995418810888633,0.01042334247022314,0.023222588746132367,0.10584627514736145,0.11005269704677545,1.6147107550117958,0.04408829491329236,-0.0010471764576980291,593.536489216164,3.125512254940613,0.37981860361123854,0.1032003390206997,0.04522903759459229,306.81264448553424,0.0035962131350926185,0.0824912489845131,0.09902604601932818,-0.012557375724163933,0.0009058548651710296
0.03896128837076418,7.698088565273729,0.024543788335276595,0.13704764892340915,1693.7686058305605,296.77840424662077,0.9139102472012928,704.2386068044134,0.1475672378746582,0.026996903437505715,4.158343876443818,1045.165271684883,713.1867281536917,-0.0007073153511054642,0.22345666571402933,246.70771060232923,1164.5991376816949,0.4217667824208666,0.30967153296949324,0.12117374663266833,6.354749923915013,-0.001644369301051718,2243.9736893724425,76.84622031903739,0.09296719341795523,0.09227919776651117,154.44945596032457,0.03429696561550344,0.011236092549900434,0.023573288996328934,0.13650267244333048,0.27374627074761015,0.13623341616175022,0.37292734947106254,0.09513375797365597,0.025438464435663555,0.04424868797632531,0.2877312731777364,0.6312555838922753,1.5892124457544972,1.9121158549875288,0.0076990008095974005,0.037137840776188646,836.9338771701608,0.021979644997593084,7.27565948005197,0.06711136122393668,0.27815904098790867,679.5848452863314,0.019117525216564957,0.010382288726588307,0.005160906157067657,0.018202578745930786,0.03459653528003681
0.008289308244649796,1.3455860883874884,0.017505843516325115,0.009732460628243622,2121.0088997631747,39.38333274697036,0.019794625104706753,493.26189039921206,2.3707031529656426,0.037281731250484285,9.40978484500515,507.86350267426724,378.6310234206464,0.00503541262672158,14.839909791002375,1540.670964544603,127.19171617178283,1.7115029807220186,0.7888181811270965,0.005961273612566487,3.1187539127334265,0.10976313965526785,2309.0735720258394,53.061244820361,0.09870140872417821,0.12527405170305705,16.890486365643525,0.004262629142410823,0.031168060546626464,0.015076468148630617,0.041942372115893356,0.27624484042881736,0.008161978095460931,1.7305562201946412,0.003209737601181928,0.001035155885977801,-0.0020078987022476014,-0.003317038717264964,0.00924239121161996,0.17283939692033456,0.658226376781208,0.019894609638876126,0.020991596044913408,559.4200464609344,0.0008044068400971938,0.4075562148574532,1.3462803630354987,0.05973826204763899,505.5137832886312,-0.0009329870196186363,0.029608276663747546,0.0628601562317952,-0.0015745214333264812,0.00749806601775127
-0.008303614088305267,60.21805691759337,0.011872043884374683,0.019873875276386954,1586.1166743602498,48.728128359226005,0.0599710457200171,606.8317212703693,1.4714355829289065,0.013078031988312588,2.3188444039650467,404.20964607412867,299.63072505864943,0.01309886298620988,1.3860879495344864,510.2678657074613,611.1711011514051,0.401145799227276,0.14631209686215918,0.009078908400909746,55.17890545731462,0.02815036189804232,1884.1949335777797,0.5975825655730702,0.08322560433571446,0.02951670077771329,25.42769197195625,0.09403207625906962,0.16334132430454318,0.0010138545541433786,0.011961438055713813,0.07345693478000292,0.042144332264367534,0.3804697429384607,0.06141146053290747,0.048310049176394365,0.008996916391311949,0.2079925973148402,0.03984179659726195,1.9263537334302754,3.7699186738733967,0.004489043605143017,0.01411676868433176,473.2362072673195,0.21917022311574463,3.0686249238116314,1.4994870133644547,0.4788412295575952,611.6707943029605,0.16635075094827645,0.016149609472314808,0.03987611335749364,0.0013105673276285756,0.03505558332056591
0.14722768520702,66.4637336602205,0.012969039742215749,0.1609874812962966,1636.6703799970628,112.7047448982385,0.7340338565324229,18.822517050267386,1.7182755470424764,0.004059353999283033,7.957281124123329,198.0992132777251,113.41468700961065,-0.0016380281952432796,5.673868689773118,781.7174358545511,863.5785845631984,0.9671902969782353,1.3621229286263334,0.0019610447905522577,64.79725960843788,0.006599673496875624,2137.712400994637,80.5091598379216,0.034450071844708496,0.01471453460308414,63.633998513758655,0.20833372577790854,0.05415690229751302,0.023498927855677643,0.05653305930495556,0.0985920111779528,0.015208825810955062,0.1423969505071021,0.06403603026429838,0.04876462714464669,-0.005394829878489382,0.08866130667912309,0.0015999745578705316,0.18567416678908621,1.0202691036645062,0.05365847380096156,0.01819007289986896,220.7679656871086,1.7780879406406642,12.366885360414024,2.1822490361291313,1.0711887257756336,3.0594582388710956,0.13867702800046722,0.015793176527133745,0.013042850385994065,0.07059421063756766,0.0747242280765752
0.08955969413618092,24.484782823061355,0.016780482911082473,0.0130736551717483,1843.5238826075417,92.33991906036923,0.010918203263340587,373.47495373696876,0.17745055074956984,0.01665637615726645,2.7410530405171905,91.07340961468269,74.27508762682908,0.005214469394221766,4.081841169109072,253.22976107316723,352.26393481326215,1.6301339676643387,2.3120650953539084,0.08702284259187909,20.501299309590138,0.012499802759257328,1797.8127831083361,119.75390434198523,0.008289600381534257,0.057189154636033024,48.10521382359485,0.05205251108886344,0.04302259237918271,0.00840283275087561,0.2989491282015768,0.1461591623519123,0.01705578584359646,2.2750679018210285,0.14578681810378136,0.37241597074351596,0.04542839342243887,0.4761827520180191,0.38796734900279173,3.763875649016496,4.321043410146185,0.018154892502829867,0.05962391140384504,260.3200455278468,0.27113505850778274,2.416793828966462,0.21708933442216427,0.6447791119726265,351.7947877308628,0.013279715071646159,0.015088243525730682,0.024526396149831875,0.07369413144067671,0.14235614412664077
0.05472815582328128,3.3582236119876523,0.03731886996855582,0.1003486321895668,453.04991734491136,256.2536746664509,0.12395917102403775,151.76107267659484,1.9219625157497724,0.00911123480843301,1.892202490597482,538.7494954202239,374.13432147170397,-0.0013401032941340318,0.5964912883241524,24.171123528748865,925.9997493872785,0.09228580823695864,1.118163394769475,-0.006114972418064468,0.3724800295639241,0.03422496088802163,71.66391717176448,67.13425154029635,0.06919200803345404,0.06410425104546746,136.5556128931604,0.026911899067361134,0.005124939525329886,0.01975956347003116,0.00641672477065125,0.02937098067536681,0.040653393694424445,3.8929308977859858,-0.007471732459204183,0.01873640346278549,-0.0033983615164272507,0.0990496174869877,0.10482385879620182,0.4255667791142743,0.6782040143739945,0.03614789496644022,0.008423638199222871,476.84386893013965,1.2729516988372644,6.431630838382503,1.7886318082932586,0.8451320976824412,168.41408201758364,0.19814856469047903,0.028566100777043246,0.02798129580862252,0.035102529363379986,0.03999077470124668
0.06533627211750037,110.02168550125495,0.03812465345263849,0.002180274881115274,1384.9476621915012,41.37748104502439,0.2311448445644544,39.430128913117095,0.0920469323981905,0.01666746994655366,0.5858290151070156,589.3752517864845,408.44471922135585,0.0005924915486508198,0.9461749843868157,966.0139826134845,81.06138095935229,0.7791471511042056,0.3745644487981181,0.2263018876062448,109.798507587726,0.12606063044546456,1681.7826247102087,176.2335894035394,0.09457975697991028,0.07880665123041108,15.963076150420616,0.032312285589620515,0.0007613856322370438,-0.001796398618246542,0.10379480031245425,0.035241104754011765,0.04037675939893859,0.14674517627263572,0.04459325891806554,0.09725293678225366,0.013377397803530755,0.2456399408778429,0.2558007582066564,0.3505651510896106,0.23219647122898834,0.06958411655051044,0.017611926755082052,563.165980734599,0.27742774162650274,1.1323947839356103,0.28927476153475506,0.06197361034026905,4.069049895931143,-0.006289251702628285,0.001907248055338151,0.0007940714023861872,0.041990523815558234,0.051250976400736725
0.0529390533505838,53.79507762068941,-0.011896256909826874,0.005674954825798828,2533.6600338806934,0.3511968914036263,0.10231800129160984,311.41770556592746,0.3649345142017255,0.02498036018059402,18.21084984249675,1198.2860974097773,834.3897837704519,-0.0002541898724315317,7.202768479913549,1394.3566095835176,343.71300841812524,0.15000067417182095,1.5505281566969833,0.0568883139352554,52.82524449436246,0.025780495938893644,3092.733347850201,265.26364938281404,0.12248787505406256,0.2030754079513688,0.801641743777318,0.04734279398017982,0.012930584034409165,0.06760253244533398,0.031981697567087686,0.011682199634707402,0.07844604433637326,0.4754883449872702,0.0048474491607395365,0.02541687711722318,0.025886813497729477,0.251435788456873,0.11655254399589321,0.2316086358132443,0.1641545844496921,0.013377786894267274,0.010136947742630298,1089.6476360071683,2.179399435101744,4.510124691274062,0.5235227164307465,-0.0017791119446144421,257.7391651219647,0.03309844610914592,0.05749216311959504,0.0010717442852854475,0.004854760158437443,0.053527571347657066
0.13221069179477052,0.14661647108620368,0.018428748926558214,0.024424868477430195,3729.7899905528493,8.816024565995356,0.3204650448793753,1.4388244081225432,1.2288932882819745,0.013710477995895864,5.365342639366907,957.2549420159735,658.4120849820591,0.00553457734377627,7.277854500180061,328.1692281104157,707.6176304378067,0.18498010267513454,1.0718023835734956,0.06689505330475143,0.1312393497051536,0.010579449542920116,4192.7046995032915,20.4285648962963,0.07517066708719611,0.042811937890138374,2.6238360400564593,0.11489092204294504,0.034492223252605037,0.004152992410353384,0.1620580547655619,0.5222262209314676,0.14688957945767367,0.35566223731251423,0.14433785201952798,0.30940913984202556,0.14479406501940773,0.07465974680101173,0.024551188528480594,1.2473504573508807,1.13562042093828,0.009969456057894455,-0.001837298834813872,791.0924649405562,0.17450129861904262,0.0023158970413144075,1.2340523411924051,0.005626395781920479,4.005875146808216,0.013163286558993015,0.0877537357210576,0.03305432356582205,0.0002816397867944076,0.003754305988199036
0.013067905557704762,0.024131440488767808,0.05913246513360004,0.06917907090583952,70.5574984390012,178.20826025098395,0.6264003683284782,311.64192984883215,0.314810034481634,0.03222030124841968,0.12061225352682481,149.59034711300885,83.10675597282324,0.005278699176722412,1.4010604695446593,124.24167925976349,386.8839425766048,2.0080832331740632,1.5411294575718868,0.03335474720143772,0.8625369442374629,0.01970124249043348,303.1153545918897,119.19353749713277,0.04701711436459455,0.04217528851488339,90.02519047034151,0.22459447496451812,0.03895390561565204,0.06780323621280271,0.04297379810020541,0.0030977489003607417,0.18492230855016345,1.5813164893389837,0.001443025703773415,0.03483285617486498,0.010927431186179781,0.0003935259537044544,0.008762039839079527,1.5546263812254617,3.457318689478247,0.02493040150031245,0.029390428720896367,180.0379778904343,0.6922944516038649,0.29106487633549616,1.003373275242267,0.07094739352404122,332.35694101527656,0.008227129436640723,0.043545067467080756,0.0955425615624268,-0.0012455134161131198,0.0003437027408095261
0.023464923047908925,22.04518523311353,0.004944271100630893,0.012089516618603469,1423.3649899728973,55.771533040580174,0.6881227442597453,784.117436973669,0.2587694885618177,-0.0032820389783054793,0.5840525186210392,87.09613968677019,60.04655852766074,0.0004535548704378556,7.337469803268494,651.1439872910613,137.33143004282255,0.12794301286116383,0.09099184159675389,0.05445459887454085,25.66478032314008,0.0015458823316238934,1364.09329982944,139.44749624493963,-0.00422970907421405,0.07980260584388255,28.085952584374674,0.0796114217634738,0.026084038006978005,0.030846621929226714,0.020663439382291315,0.34594848385328714,0.421876955176792,0.5019747001645687,0.010262297567848577,0.05077793656107854,0.058887660556966814,0.5322609443930926,0.4449730484393797,0.06920591937353926,0.20951858261359746,0.02242539380256936,-0.00219923158838764,217.1922472743158,0.9823158018314544,1.4372585491528547,0.16438225962997688,0.5981786273631986,810.0920218245896,0.003094178030425887,0.09141195278289693,0.05291836984723375,0.029215071788965652,-0.018881127856087865
0.21294427478337852,17.24179402917659,0.03801820555428481,0.016133555226564233,642.7620661268909,126.30224932830828,0.20159502865025214,223.73103963675464,0.03900080707022724,0.11289261576124865,0.9036061610339319,592.401015611195,396.17827820038536,0.0002766750953107078,25.258331621806953,765.912455964655,212.6491768226166,0.23765191502398064,0.5699372943008916,0.0501702785810183,21.080197946906452,0.0967393863746544,1067.8888967662983,136.90887789572932,0.16201427856332362,0.12933158190874128,67.33321366305702,0.13332312352768305,0.00034526412557500663,-0.0018509469045833171,0.08606425512974614,0.07673802771134941,0.08876397751680631,4.664294922942241,0.03366242024176014,0.0057761641598519375,-0.0014177439335787412,0.17782225354277514,0.07448810960328345,3.2509255746991093,2.390758356530614,0.02563930057972552,0.14095622504460614,606.9807632662715,0.07763804512071548,3.3674059096006514,0.47372012094869387,0.4394048543699549,253.97521825349114,0.044540149451568034,0.03524913668915719,0.03182359550073688,0.05185623246612092,0.07784283260692515
0.05931425958393888,14.0438131345111,0.15149484530489943,0.0742511241983923,3038.999637917891,385.80917083915,0.09831416714628904,510.3077214888117,0.4841562166473352,0.0030344948139671146,6.53300099352421,496.57993442399464,415.45743734166797,-0.0074602861956432065,5.174064847611431,461.6955936693919,1185.82102292723,0.7750580171567751,0.13816002611126965,0.08265734758665388,15.743630120097281,0.007681496077346139,4100.598709917086,40.86794586502722,0.05847169527563434,0.05521414986525919,201.12707123154067,0.005600426694318372,0.18793471059366773,0.0037651981035669024,0.12371363757958154,0.08977531348989487,0.001598753068630998,1.111420938033385,0.0477173067326504,0.10540806378548417,0.016269061454399214,0.01217625764124719,0.14541393823118387,0.3020212597377556,0.5182306916426196,0.014892047740137748,0.034721171275177376,568.2131085744858,0.5173551317396576,7.066993604882844,0.7432663986402783,0.006596192325884154,502.1834851108635,0.004696660557243604,0.026315017550754938,0.10062227129759993,0.00848502838716314,0.03869471214950693
0.008582207139445686,27.37674471534859,0.01160822841958975,0.1326803804212462,1201.4631656657182,50.353710187558754,0.6517791372116699,54.197587299963686,0.253403101310707,0.01593122572738359,36.467402503872066,2121.087130684605,1513.7744594533915,0.006977168550326596,16.323755187946393,1914.556669014074,1763.5918491563045,1.3065276405240356,1.0077157590852197,0.007321213822574002,29.389759048438915,0.2104702407729402,1607.587602832918,234.94861268153036,0.019208347439708007,0.09076433316761534,26.07871698007563,0.0901796362337608,0.05524002864188038,0.013132286947666216,0.10775084092072795,0.09442505069138996,0.06033880134270664,0.04889735416179519,0.0039397643093481705,0.03199423071090024,0.013543741145698895,0.22711903291039537,0.2138357923198324,1.695700857061941,2.858454544854488,0.049643264208776294,0.001711809245354523,1977.1207785998336,0.06014555511655839,4.564098487167555,0.6186830990524852,0.0436815796511123,102.65084766417039,0.10130067566596512,0.03544963749771135,0.04403190205117369,0.029473533175793598,0.013907015824455193
0.056692353209435886,65.10150926317097,-0.0011773983353853268,0.16723871427961878,3891.1149564906073,1.1401728202049783,0.28022360472996777,299.9400523824625,0.3065067270722599,0.03672187350352463,4.094143199530396,1417.4205879274161,999.0495959852477,0.0003263390462278082,25.033564906749305,1149.842254101024,968.8918572388294,0.4284898071011485,0.6668519655216611,0.05145416866343666,68.2008104281858,0.03599013186512945,4645.934140535186,243.39740100629592,0.014371370720883903,0.07647753694831838,1.5865097499249279,0.011346795765266648,-0.009983945760804858,0.012242403588924589,0.33201589964489653,0.15201572353374893,0.013989982386990896,0.3231313167199623,-0.000311281100398908,0.02866137752638398,0.08093832737470841,0.08710395344750221,0.027344600914004147,1.2275823632408907,3.586195767504269,0.0007580447353712216,0.12148721783467487,1499.2929633736871,0.2365695449007026,3.5562179650692984,1.1143901044084386,0.6813634328336446,353.5057552875787,0.042935555417825455,0.04233861155833907,0.027477954337717492,0.03725376147493442,0.043515507462419833
0.061244740058431724,1.8159230330944434,0.15475732612222703,0.07367750377221682,1204.8836177185583,256.4319143448644,0.1552307956665926,88.14092518654917,0.009244340388812944,0.03464136271709073,6.933789023438499,584.5864722386377,421.71052234397246,-0.000993829204932517,2.192185556077269,911.8098444670592,31.943062698791937,0.2682908590130042,0.7948553282235418,0.0017075152932823912,2.531758685993977,-0.00917435621634688,1114.155731434813,133.06536077723484,0.0084070438912347,0.03120598716397449,135.15097853563532,0.21116441891150117,0.026587444098846724,0.0073172977140414375,0.11773999882392872,0.03735635665520842,0.04411442528878862,4.324318483136017,0.0038829604756047686,0.013542016203318852,0.06832129926716313,0.00020766081313627893,-0.00022475911091834888,0.9184424165621641,0.9420209054479427,0.01090001209902347,0.03749785165087882,551.2096342716117,1.2730663760888694,8.704116566079861,0.04732772239873384,0.7716335240953525,60.294419813161596,0.05023482425368986,0.08268842779708674,0.02847193414841076,-0.0006289971265696082,0.014267561742042467
-0.00588801889377244,0.04063905636577125,0.05999514030275144,0.004369870125441544,2279.2741187763954,88.14614407235385,1.1130620338165471,154.62542565725607,0.17181190563002957,0.011281389380075169,0.284948247683376,957.2039273352349,696.1728891342763,-0.0021789942609427015,28.09517569167047,1701.0130481879944,131.1397880116092,0.14315502954811699,0.2504210603620436,0.16721179325443547,0.0006227802961973339,0.05912438200267012,2620.760075495772,205.85288164645726,0.017418336171971305,0.02321862842142064,45.0839964547694,0.00395180458127431,0.09637390204069796,0.09446626635090194,0.5099618199211307,0.03019372188021663,0.026053533853105826,0.07785600517575819,0.04650698806416642,0.08055721210953237,0.030228421501727,0.30382160372898603,0.4533497817082637,0.8928664278922795,0.5056260628191342,0.06778820978064903,0.1430325788258715,1010.237690468976,1.1043341876177237,1.959430623512855,0.05334761873483718,0.8551060747325216,109.76456472755079,0.04212974396175362,0.021606160832836174,0.03932550504922272,0.03855201879345316,0.04498731397289646
0.007124344463082188,50.38868973116811,0.08222523356456968,-0.0009108328039806324,178.8033494632193,263.503763607299,1.188480515726372,726.9627317050827,0.01822399280642717,0.06915995668138475,4.431547891737374,680.2054510138076,502.48272604131097,0.0002234353735355299,0.08215321978900914,272.4299983897603,1283.569647869901,0.1424640074479946,0.3032341228460762,0.012075613213410108,54.76965632540476,0.008066036780546071,89.37118614139861,102.71891456398939,0.052088748012369734,0.15090987977714931,137.3297441907236,0.003434666015799337,0.008444948883830072,0.006835441235516271,0.07079370789204376,0.25899555085434933,0.05613564888947842,0.20824724496471347,-0.005003821149421661,0.10581166138810971,0.008871057180081188,0.03215136842705846,0.030365894845655106,1.913328878706544,3.566943225356157,0.019886973353647974,0.004956073355587343,904.0714236491094,0.632348343925516,6.402653881946973,0.09376175578599799,0.11715584110854405,754.1929698021586,0.007550836998627908,0.007712166627940498,0.025236188095831835,-0.00036223965949133685,0.026065408786655198
0.001964683538498768,54.15567998534841,0.06327363100141437,-0.0037783897641157083,711.4811193391998,43.10219174788938,0.09781736482475889,422.44154916494324,0.924483073626349,-0.0036708962843947646,3.1787493333336494,794.5932773312537,571.2252288994607,-0.0023355410826848555,11.270179487453895,1078.3403662256871,414.9544461033973,0.7223193901952305,1.761670856057198,0.006202626546328638,56.33302997778726,0.05723830490411075,891.5911997746987,196.41332985064201,0.04963542663370912,0.043148283460617165,21.70517929751858,0.19644458593635505,0.08283927712504546,0.022866808236983616,0.14531021050811166,0.45440995517366556,0.11110083269591531,0.26611297358644936,-0.0006111469785752277,0.41224986331466784,0.10283709354489101,0.019856150536361916,-0.004078200988223202,0.19170886738396486,1.1004095837349945,0.023680303461079077,0.011436777820695632,857.0830052575722,0.42818776546858484,1.299518538753774,1.4329638772431492,0.4130480582275,465.3026772229485,0.2719257674937685,0.23121018821463135,0.1351018034280278,-0.016980520870139237,0.010272722899727249
0.017679222927850624,69.00242897628806,0.02369526514971909,0.08106997537417726,666.3789850290099,165.38232235126188,0.3696293641851085,291.9460506230801,1.2887426149920582,0.08062013223811704,3.6969679411245338,362.6299285728007,248.00126767597646,0.0037234402806163303,3.819009232009755,443.43342936773615,28.782752104845862,0.05712889022046852,1.1360649814502999,0.16050166531733812,69.58049554820249,0.007336574225087489,968.1640968680468,9.733921604749344,0.01978162830658725,0.05363254300075404,83.69859490491291,0.2876020144869713,0.07181405011634023,0.07088833353405999,0.06864185793899402,0.2926847309903664,0.0006887516849740649,1.006350027791127,0.057095107805672285,0.05238984449112838,0.003576457634328456,0.15602899771443202,0.600606328158845,0.2782454590188639,1.9387999917716456,0.0009333528168795624,0.019955061415307007,223.81200603613715,0.08264363571504685,0.7654005994130095,0.5325092562022853,0.5710165896715349,296.38780473264944,0.10550833251251923,0.014545018229033424,0.02702229019720015,0.0041462944613073205,0.05014490888957113
0.08545692436913832,1.0274571216084372,0.03818752602656428,-0.0019584539791059896,1328.112550439014,35.48279764064387,0.31327710513381657,132.00248921799172,0.3919358794299477,0.018362053467468442,16.87784530917432,996.4270734737125,724.8249606415102,-0.002258859285091397,0.29603745772177614,1034.6972818879487,1089.8726697417962,0.8872625329610653,0.0366404567099039,0.09201627380520261,0.6101436504545266,0.017806381360724544,1359.6376616284044,135.0310427462592,0.045487520920475255,0.08541485183006259,15.071987361823743,-0.0052695816776484605,0.08215328243723974,-0.002403114401404949,0.08362911348485458,0.2572287212622113,0.0830285191165494,0.7343089447779647,0.0015323110756009228,-0.04702510782641145,0.010221285400128899,0.3119683713125845,-0.0021060892949122945,0.842723261202126,2.038140988975174,0.020749890957706185,0.0011466872047414256,1007.4915205688447,0.2600950823544359,0.017679475489916108,0.010925522445464964,0.0002894213356441355,104.21347954001152,0.06583757258684386,0.02211207109482949,-0.002828997641498354,-0.012422048378818218,0.02108722048707623
0.020400196322917452,13.608714269875314,0.004997357497428467,0.13572623820918306,5068.44284627384,113.2533286890317,0.2309839115509833,377.3521548083974,0.022565398263216352,0.006252344025484469,24.363383134425497,650.339147945074,499.54547424913756,0.001065332294639454,9.917610027816629,1333.7985795350023,931.7660734493584,0.04632216469498207,0.07983265710051768,0.12976939984177083,14.440209631677106,0.021477652805883096,5674.627967807992,338.8541528321321,0.044848404312191725,0.028263775111737388,57.402900015754035,0.06852744793490029,0.02135958138139049,0.00872405212063665,0.007936552773050387,0.25284767386154794,0.6479983213361722,0.32440518523870754,0.01585367642833102,-0.010092085222871638,0.001581584204765285,0.020599321359322964,-0.0009644718269319341,2.461451440519368,3.8581311721137146,0.028162589804146876,0.09217172634811277,809.2166676871652,2.316237292437539,1.2042129278635256,0.33681900856778935,0.4410828553187409,449.8978258438599,0.1724842428645319,0.028564524286923465,0.019867824766988562,-0.02091608357857222,0.05970422696839339
0.005544088123109248,44.95681784073539,0.024480865956519438,0.015053468376247103,1440.371980025632,148.8897998656918,0.5522191500438494,882.2037644324919,2.1294445904045274,0.007103142035114196,3.996843061457077,26.759753801106964,7.756100210725115,-0.008770685705060899,11.563360923164758,769.2586446648148,486.5285169650127,0.0390348694820144,0.05328752248475155,0.02446010274961896,39.866900669939426,0.03914817643629487,1771.6570667052536,65.22842656498332,0.35767683184986776,0.1759747714485682,69.6881815533301,0.019578296897409864,-0.005628048255587714,0.0059193374770796225,0.02064303888175356,0.26834361379607774,0.0728129026779607,0.5364800038101984,0.003810062679332482,0.0644842193748234,0.0018900933629932837,0.009683005531532451,0.06499334859999184,0.5443230826105099,3.106219049168341,0.02714374831385502,-0.0029969817700594703,8.572923816271672,-0.003791890128293396,2.6763140884685663,1.284170904149863,0.23649198083942746,866.8109937917276,0.0039219859665706736,0.05963453782845818,0.1360087643893948,0.029081327058473327,0.09757253979836378
0.11888290994629891,48.971962991940515,0.043787648172035176,0.026049046720693525,374.38318724956326,171.7074469857342,0.1607682190920885,120.51322758522045,0.06002363317641635,0.03512611913136521,2.1565812652092804,51.305112935144855,25.16918267547734,0.006403631482676531,7.503782689325184,308.714899409945,245.9126604356119,1.5556391878529743,3.536873836864973,-0.0002523943600696299,44.363892013055626,0.009168207719004506,98.4345138500355,57.442093143075944,0.05266645568193429,0.0847642574339158,89.66053606711591,0.011163878154839324,0.016034970428152384,0.04114191657732924,0.11953755557363444,0.01020170130741338,0.4881457916166765,3.9163400941731874,0.08028700406974121,0.09793081360453737,0.009843688399215011,0.10763447703730211,0.11191017212158094,0.05562728654291593,0.03001333957616481,0.022462339117690355,0.027913538125287296,0.042875608834542334,0.6269239798019877,5.064210320850431,1.1881459890231296,0.055632131658048145,135.73734775915372,0.1286981232999036,0.03537881256210529,0.022188950518420292,0.0013702928589864882,0.016767355663523276
0.004025966037057849,77.18997332971836,0.06982488484607874,0.008264630339209766,2029.7592823213135,137.94474164444577,1.9650808162400564,462.68262470033767,1.4499317076319427,0.008638868121193077,10.276903739683735,792.1783620397201,572.8768568774583,0.006353768182684405,4.38307542023002,630.0384956426752,670.7554291606515,0.6531285855145184,1.1023012906032497,0.06571576235398702,82.20197310822063,-0.0040713033917629815,2078.9321947883873,29.467628330329465,0.11301589770619103,0.10803051369847427,70.51054116821916,0.08701063154041311,0.030253032715014783,0.00101390924246747,0.141138293053646,0.5659822310187232,-0.006080295182356643,0.029929003594625136,0.05957722822109712,0.050588839087437165,0.012919563426646796,0.004491852626149928,0.041143812295447724,0.3849140488936422,1.431516619482971,0.0004592386728416997,0.0032164575979010124,870.774601803657,0.02922359354602655,2.285384692950301,0.5738577936055433,0.2397737897574368,458.52767656317087,0.014831183921967472,0.17421617447820914,0.24128246935542652,0.05003915157855232,0.022500271386040716
-0.006389346266079343,22.947296608403747,-0.002766148101446042,0.01821234538088312,7811.249838914804,54.579047450830615,0.3969259890607679,1459.2152035124702,0.6595345011710556,0.06484914302903544,6.375933647075504,1571.1243639804613,1097.9137064498611,0.0011736430253126429,10.276097552523213,238.9629490260247,1343.689230987905,0.23466286962508942,0.12403370170844319,0.010865961377817257,20.40107833392492,0.011634489078743648,8969.045394282793,220.39815765774796,0.02368107947802134,0.03886689672778587,25.21720884712549,0.15898650529549485,0.011646709059828453,0.0028949243236455757,-0.008348698356741124,0.061948746699179935,0.02976306206501267,0.00953833327777076,0.08431718595176463,0.0038990095738276054,-0.021502729625425765,0.35626579438607564,0.2538410332174683,4.257865817168243,2.7568899970131824,0.012658794132303974,0.1267074168941278,1478.5760254439565,0.4676310962376675,0.5172286077097201,0.6435962563489337,0.4619273784581317,1517.1322017114976,0.0009276219229947813,0.15010824432962444,0.06896316825923243,0.023327627727360856,-0.0019261766566955885
0.023263800925431788,58.32602608647627,-0.0029197981066699796,0.026481799497290126,650.9111327374749,27.701837918671334,0.7038449401987448,641.364627419515,0.8557979376922278,0.03253864298468212,7.78874950898565,406.62646734642345,287.8400612072616,0.0007491922899545145,5.0279561337859855,857.3703636648174,1381.0386535953842,0.32088586808616704,0.01081171109065071,0.31061188477261936,55.3305587387481,0.02467905490305977,659.1189909195655,142.31329256658006,0.006214867860355078,0.022425589534608825,12.009876154323148,0.005528235126488035,-0.004201030936260786,-0.0007868444257308482,0.012579965242855984,0.07321567663542972,-0.005810593740316783,0.08316376920440316,0.06436851009004751,0.04128456278469805,0.06489495353649932,0.049446095264822354,0.13539771597743933,0.9348693458557316,0.07974316173648699,0.010411051793140835,0.0011883798719125593,268.1645590519054,1.3875023041928438,0.25451811219026776,0.654625367089678,1.8812891599482695,679.2197349818396,0.0756659020656274,0.027169529925678226,0.01797390795383791,0.003063594034229844,0.0707486855793551
0.06338447617746201,2.555246257777233,0.1086882451528064,0.3333790528673868,1036.079879656221,185.02583753552054,0.09219547643882997,134.1563327214722,0.2635693632295011,-0.0030241753735484878,2.903312027500993,524.2939547734959,374.86283588302325,-0.010825312139211007,8.526495271054118,933.9576405278049,170.2309855426092,0.6230720122480555,1.6698790393993779,0.03875447369129237,1.6230067745064911,0.05699190514828345,1375.4518101948115,33.5415303417436,0.021001920303050703,0.08669449210784563,98.34630053782263,0.025283901341417447,0.014776136554209174,0.0251447053524112,0.2393401864357898,0.46966149304948424,0.008534228985075387,1.0668557564407166,0.07156142966293633,0.12868047683627548,0.0104710999889015,0.15547181644840702,0.06912184623609186,2.863796267226924,3.552021960007581,-0.0027323053882772896,0.10516709581903694,465.67454696100685,1.1863482225548445,4.846820699499604,0.4324564123804411,0.06301801308182409,143.1540437838083,0.11189300198778795,0.05102162191405135,0.04231048943565252,0.005043909521115886,-0.01021299925876562
0.010755374145452024,33.06574584294604,0.023774074864567396,0.06253916630743639,2512.588266037125,335.18902919138293,1.5635877885425336,125.13253414741843,2.2533769957751675,0.03062014172556804,5.520952338249617,4.701877588724016,0.9810138010997642,-0.007883255917032095,8.831766187784094,49.34245639275846,190.52913438476577,0.05963972584760402,0.45879350761967164,0.08196801919278318,30.526251498676476,-0.000840320679239781,2363.2073849463736,12.034190122289946,0.22397152483194382,0.1597500199590085,176.43970807370016,0.02737413516742304,0.02658147231218333,0.0018481137948977988,-0.0028586305939688472,0.1536222177750739,0.14905691509736574,1.8391534221587937,0.0800681478183094,0.021584167713589508,0.09098264926949717,0.00404532307007166,0.02886907033775632,0.7630751221966738,0.6066108354343376,0.01173118497534631,0.051144353338789195,57.90789659909032,0.06644102254370665,13.94069654407605,1.3652508912725745,1.3122028633492606,129.33416349015175,0.04003707073159113,0.03154804162644087,0.012317180643755421,0.04733640219272406,0.0075862129435080305
0.013132816417337878,81.28327024778412,0.02075820002599915,0.000695819620008642,1563.5310030392156,64.52676191304292,0.5283989736769374,442.8442398360851,0.03676723874811749,0.008483042345257097,0.7857198885620615,123.61950101074916,89.42287349519128,-0.002761366382097563,3.2546896993697096,414.190028396918,423.5702580968586,0.10250106707170481,0.2408121506191847,0.025720100270410384,83.26048424632475,0.004118853201873662,1546.0311398817478,111.23818075457459,0.033369074961212775,0.009620102511890494,28.80621246962265,0.6189876956706719,0.07482324663798501,0.12325396272658384,0.06571201482434219,0.1138518214477795,0.029480703433688582,0.15163443928088594,0.13455523846407935,0.10047806008247306,0.003674132806267494,0.016504045160469438,0.02292462568702014,1.1786476512701043,1.043510245281924,0.020776495204292367,0.006104721165415938,89.35254376084438,0.10953864707776262,0.3166463521476697,0.16892876407395185,1.1483407950948603,424.2751414502724,0.04371472884256811,0.050594337866478156,0.06967986961562911,0.0009065221702710957,0.01824779420032563
0.04650549258043757,40.75803461098637,0.03974153044716644,0.04624049503812433,1135.9386779812994,18.653478950936112,0.5897638805876246,57.888871057760845,0.9566131280806447,0.005711558643365144,5.354281304987013,0.2520107925546853,13.816678768442792,0.00831278584653461,0.2927886192502669,721.0113195571371,544.1760860746409,2.62998039402454,0.17627742593541473,0.10085760594903093,43.247639540009104,0.019539783380672304,1491.0121639242748,221.41394650092224,0.03715757262683983,0.16489473351203543,5.830363405608238,0.09689413099679989,0.0042691420398810465,-0.004581410233247318,0.37003441845661467,0.27988581948248736,0.07417273335531416,5.022953004878441,0.16214147634662357,0.11549774495544529,0.10626088956471591,0.014877832525449719,0.0002326527954723545,0.2941987464577194,0.21155157325234875,0.014419472981168191,0.04407697281500855,37.640808771706695,0.7203766288772764,0.5139759558452726,0.5003485602276561,0.01919735669032452,105.49611374325151,0.07827042514462601,0.031992488092164706,0.012407672073568854,0.006360875246637754,-0.00043293635507968276
0.027425764041640655,1.3630312563935822,0.0035146212660803755,0.04211704838686536,2677.3885456905523,34.85177840003733,0.21002398733994454,444.5811800512362,2.2900435028606294,0.025658794963843157,24.155746230483874,300.06244248770787,241.19959118404492,-0.0015802373149824689,23.05488626451874,382.72044169003266,731.1362324418477,0.9221771394596336,2.4851038335259927,0.17241714524298413,1.0062895017756768,0.014676891699318517,2984.161677906536,2.6337517478799954,0.3473240224468368,0.16326142506513275,17.961185579745337,0.2281382884427332,0.09956941579147749,0.046360543333544335,0.5190979155004323,0.20391301332008993,0.16387746783266266,0.8014329740413606,0.01581395353876225,0.008228997507782942,0.0031018452755970927,0.08573219699337908,0.07309989224752211,3.72716609240923,3.636538751013826,0.037939948465691486,0.049925170922409556,380.4571511849884,0.01712700137177059,0.6505566838175847,1.7657152537035268,1.2489443210932079,441.430201167251,0.023916654979354135,0.005302155922031204,0.038731527655444964,0.014057838643353193,-0.003622711418858948
0.025394496705104963,133.36893650432094,0.005927555685401487,0.04197880178773605,4878.973880915365,218.09460658711492,0.4367693597362887,122.72653173856354,1.9100199417578203,0.001264396531859724,2.3446569847477967,380.3631257550734,226.7021557819822,-0.0008941933351866993,0.06959897892814304,54.112094462521156,327.5153884952323,0.07769247696175619,0.6854775445065489,0.08047222005430577,130.25810114190412,0.015162940214410447,5741.717500760342,47.74933676266154,0.07650512985878954,0.07990444673682262,115.16280073068945,0.02447592659120712,0.010596507716657655,-0.010288345377531094,0.07859665605514898,0.3573592466562525,0.03589908918397633,0.050062661946499,-0.0027602864569624685,0.019560234869737236,0.012171359126560866,0.03728256135309316,0.053256763840028754,2.3603853624254754,1.4180957184455014,0.07921165451217504,0.07149595663495845,237.32308687492028,0.17013179931300293,8.722929627343444,1.2265700799781296,0.4661271807828058,111.62636876289523,0.030780921315392007,0.02445412885868059,0.04648373036718212,0.023573244591348796,0.007546126542520071
0.08372403999144495,38.88667194045218,0.008566919739147139,0.009755950816213499,1338.8569917341317,122.71659754331226,0.013629177442594731,41.56827713819141,0.06447532087053087,0.014708288127706304,9.89350709402932,339.8654661523527,241.94593184177484,0.00016069433567800218,1.6170610808598989,687.5695114417144,182.9150895681817,0.40485161000636083,0.10048302839771406,0.03179781491985789,36.49759491004116,0.017231189182658646,1417.2903091868975,132.40524254544925,0.027012657101733062,0.20354126669053763,59.97614434562017,0.08988190861593193,0.008120390142720701,0.023504791731939534,0.009173610588206316,0.01731827615910486,0.007069979520335501,1.3980889271897121,0.08920942050514657,0.041766450283421186,0.01813927694074824,0.013593273041567322,0.00726665762713008,0.015182611741336949,0.061012445841742036,0.06647310600066003,-0.00437354729608419,352.1886296584914,0.812216420016612,0.1706689815438649,0.5720962860320773,0.11242322007024264,13.735678443463279,0.09072372861226352,0.002911517551420495,0.03227846858658179,0.035949957355033924,0.04163232481420387
0.026365897364533986,0.5748990540191334,0.05702665407153873,0.0027747580503367786,2176.429015857143,284.7756415558607,1.082228792712523,31.50456728034493,0.03942086959247959,0.005458308260606337,9.277470412457781,22.697984590240047,66.13094274844285,-0.0013764629781691795,9.776589943859971,13.258338718224167,619.0354247244512,0.0969679546204043,0.22846462201428164,0.13230164127216337,0.6617191523089874,0.03557241370059572,3013.5388031873094,81.42785718499704,0.08458165176937271,0.02140972500463878,147.2246206086352,0.014942309233230588,0.009268788810333994,0.02767795476527457,0.05461983626068356,0.1842974063404661,0.10959409872038428,3.9560972673104926,0.11527114365038837,0.022504930320395466,0.029540030692784214,0.9590445053603149,0.7368856306345224,1.1226484892726978,1.6560187337152117,-0.002639388114659802,0.051212747320733776,142.71977244719065,0.832227481865428,4.680847763463102,0.02680987142395619,0.2537444263984634,14.303012486096954,0.002626111736303116,0.019847214195570118,0.03878838035256038,0.034420682226365074,0.08069983237868694
0.01358314378742076,30.858672774624267,0.0608978943811147,0.10227687350583459,1230.6845038352687,69.22019736080627,0.3474971578681503,554.9891251425271,0.035353807606294474,0.0015955326432779415,2.457333795551734,662.1190149515648,481.4088763598936,0.0054896041673409,10.64794466800668,1030.664409957566,559.0791371292142,0.017535234352994422,0.9993659667835866,0.03609447563493173,28.42034904324116,0.013232643135164146,1109.3054706142784,206.94650734410592,0.025129144705299034,0.05393912287618541,37.93126923582451,0.0748767805336863,0.012916553801807673,0.00031091802609317654,0.007679729242294542,0.35585731925813135,0.17678802778485725,0.3859640518015466,0.033902285782899,0.030845764129157516,0.0034657584817505693,0.04699552290095266,0.15609147604603013,1.211881642932517,0.23387105615387238,0.008958935745770447,0.00786941619359105,790.4388409902672,3.618215094089771,4.808750789948433,0.7491380763165845,0.006711697440740849,508.51906591157297,0.00995888652137733,0.019952293203621352,0.02124646062737945,-0.0006908314943707694,0.015107193314111811
0.07794130907426222,47.27341372177072,0.018410323292471276,0.07712524531297493,1660.7214276077452,506.55912202468664,0.8914562175333067,3.72937674519714,0.006884864071457386,-0.004205922713168775,19.16599249098518,1647.9004261591597,1234.420607564586,0.005932774641193461,14.11111954381451,2332.9448089411385,964.7743751663355,3.112113373737653,2.656554135399549,0.07006352362141932,54.28354394738845,0.005047269459083736,1270.2548994826966,209.50527259666165,0.02906917015295818,0.07271552160186712,268.4722410895397,0.02566513199172249,0.013346960529555751,0.0050644243298503255,0.00814570370062917,0.6657947256350774,0.008303028990408912,1.4432011222178893,0.06874023031998178,-0.010623899012853322,0.050168816256841,0.04222168101588597,0.09946382153136035,0.08246147613373278,0.18712316417934272,0.12863628235564128,0.14762099619317848,1883.660611024323,0.017227299351719516,16.861027055989986,0.09248985533021692,0.042748439954239714,47.827320310768194,0.01721305377605553,0.029504911343716245,0.05469096597944478,0.003382069926803233,0.07242847459845514
0.009171980584516959,36.72093283590571,0.017765276766007254,0.003563308056333092,157.91102112439225,99.15523365226034,0.09349457976044828,277.5177269396334,0.22132569054685103,0.01132900480539245,1.051193174471428,32.93484111847267,3.703506790219122,0.002171520055632925,5.6056331000771715,312.42717563890346,336.5664796337314,0.05229285054726773,1.096422905121428,0.043907161174058906,36.453206589377565,0.01754841817111963,176.64568183843295,191.8885738563809,0.0888665782175524,0.09475192217527972,58.27004890144986,0.0677398484326881,0.022991075207390743,0.0002156183808281753,0.17162501462620217,0.029178374297587517,0.000133318592749454,1.3106683244494226,0.01852122529087996,0.012126791769969891,0.0455476219594555,0.3131313569362746,0.28866361854800804,0.9784590701577125,0.3279966151587512,0.01199444263089422,0.04368972157664164,35.20137013210613,2.1556912504647743,10.909457353715702,-0.010020596098461176,0.25871051669401623,314.34451323755616,-0.0009109375784932539,0.18676952444321504,0.08444992493179715,0.009557823176457703,0.009887803217116797
0.04860619194796456,6.374877292789218,-0.0026096046652543947,0.030466819493397246,1045.3569615816125,227.03366455180065,0.15697705557875352,714.1998279271102,0.24196166328594781,0.05706316274605783,3.5995753725870827,120.23099377337746,107.14051223236613,0.0001938750859675764,0.031396163409050715,331.84454294087516,163.59972679303505,0.07425962858233781,0.2558632554036313,0.04703031834066529,4.6284920892888515,0.027461857672189893,1540.2515961145098,8.83147265318496,0.009526543267584842,0.07529515291808142,114.52623944807665,0.1681470617535359,0.055873398191833346,0.050499400971196096,0.024938664691523726,0.3407406779020059,0.0698371789471377,0.37358332062523747,0.017915682188074378,0.1217240952706522,0.10654332989357229,0.10087543215898087,0.004209052220681464,0.40791615831100003,0.49500124008879887,0.00497727064982989,0.02365305783649685,134.91098007397886,0.6979594236545328,0.374758394837281,0.4366740030297809,0.030683864207919243,727.1724051452234,0.0031992339138602333,0.01120628075558372,0.0390828093383524,-0.00830424298702237,0.043484310092660294
0.0365035507360254,57.404299644165995,0.014322085657036077,0.0036456431113984777,216.4433467752959,252.39983872463415,1.4582479062962008,149.12717002537238,1.1328980174255285,0.03372784766476755,6.039846067877368,726.3450754408344,531.2679936434603,0.0029193651416106192,0.2786652876745874,1206.0450614966069,268.19427739295855,0.21462125822754352,0.14484383262736955,0.15736308853982717,53.66938118283044,-0.00040862904824923163,7.057180813632053,131.029199792764,0.12284240124104784,0.21639367919373687,127.09740529161385,0.08307667331508028,-0.008646997985543692,-0.00451852496751215,0.27527916395735996,0.3429177763327367,0.09640440789184179,0.3393216870274154,0.000578290876031673,0.17215533863777566,0.04748216569691621,-0.002625520448759744,0.011890668154519446,1.601168775826519,1.8155128556899793,0.11700213238640167,0.06426103845426479,770.1951114799512,0.04859630943741955,0.18004308791582968,0.5053911439975725,0.7197119571506665,120.28527865068135,0.008987803375826608,0.11618622605685047,0.1349463360154992,0.04318866372533403,0.029114452313333317
0.042944443569925994,9.188285274932984,0.0002945369093056982,0.017943639395828548,446.7449012865691,193.10855221079063,0.10352107468739202,260.1153764605625,0.013211974984887576,0.10043203752834717,1.4115371795678042,155.47396130590033,133.5657188430635,-0.005469807067525423,26.32074620054869,1047.1084674395468,496.8504740247997,0.049106023651808606,0.18293092897978713,0.13208868477133606,7.048993407725232,0.010873721757804766,754.0837832225969,47.14453004714036,0.28333584585986404,0.22276673193343743,99.27261437787244,0.017085765238087802,0.08287154627375148,0.010488508799266327,0.11964228345632133,0.2745666871507888,0.4540241726530949,0.447664065184461,0.05522423620014383,0.0035075826364181495,0.0055279205375970975,0.26639742706018144,0.0980345110759906,0.25321563678169845,1.1462211803889497,0.012003932661603933,0.06659481027203373,229.32078368012952,0.712312689345235,2.2577588800595505,0.045291525218853934,0.018744185310035633,246.1901554811645,0.15417461325317205,0.2492014377073266,0.08854393914006042,-0.0020457743847570597,0.09082346260940444
0.0672270436274518,38.45842405680881,0.04443086070031832,-0.0015142625782598174,307.2855464667125,77.37516959160224,0.24706168045829635,714.8160156384934,0.07431298488903515,0.07338868328781167,2.4229108693408214,215.1704335599356,162.2859722605527,0.0011593509548069036,16.027876145501914,430.0805354852509,1054.7987310742699,0.34269710875264536,1.245735024724345,0.02463598614714524,43.18165318729476,0.006918977642870416,454.25107916952817,17.716305164323607,0.2156770772758323,0.26681459142878783,36.85306694902791,0.3760934050912681,0.08227841852424422,0.013754434603200139,0.10546540201923627,0.10747530249824067,0.007718467125481965,6.517802738388319,0.0829519927106368,0.07735414454733913,0.05808491689910866,0.05553078505141862,0.08918597270092476,1.1035683293242382,0.9770880888452531,0.06083992526118909,0.002092154944908664,346.9292787380425,0.3182304732372607,0.15094540122392175,0.11146822163463543,0.37560225578556583,704.7098670778823,0.03287978898131616,0.05847296964016557,0.10499753760647135,0.04619288097542462,0.0025668246286461027
0.03404677438786585,78.72851738077277,0.07709087204503096,0.03235955827125814,379.01983108319826,111.77266078449004,0.5070729992362208,79.48285939564315,0.41716232402643794,0.021036526531524657,12.947466497273126,495.48565300595334,359.02634812543494,0.0014828274044633716,13.23575881255756,214.97941259027004,1332.2092366864515,0.785187276683831,0.7574809346500588,0.027873531774035065,78.51946190031467,0.027176378448598548,368.5425781370076,282.97125181781655,0.052179745653398335,0.09187793862147497,57.076928692517626,0.010806818237379723,-0.0055658364704305185,0.03373128237015255,0.10219258561760203,0.022507481472899826,0.10639644813520555,0.42295432044083103,0.158004046097048,0.021224941955162002,0.015917471564300456,0.052302488002674785,0.006021259898759013,0.07152662810147348,0.22708183393314396,0.00395056739757127,-0.004789973436411188,578.1875385305461,1.0466857729121335,1.6692982895038755,0.2898662832043728,0.4331466833414863,141.5115091363665,0.000170805697685239,0.005438539364967632,0.02108960208053645,0.1263559169500592,0.008042143035457805
0.010201356970433118,89.02316761389194,0.037582890335548846,0.04997793140005058,2603.4822152353036,213.0338099870383,0.15913187507338655,472.5097601765226,0.0900700347868284,0.01987416314949897,9.138089308993811,957.9311015890614,640.3316454346985,-0.003910476257048323,2.978370550561154,1495.651341789391,273.00396265147816,0.9785195849871986,1.206563706520578,0.47305722405530126,91.33987106227157,0.010108174721499275,3499.860224844805,256.60112088510886,0.032926082748544694,0.035376448703205554,108.60673904653932,0.017757945829167454,0.05968983571407804,0.009083346008165627,0.034439241823339906,0.05550847113659785,0.0869102588262578,0.768962032063083,0.04344815130163848,0.049720145045234254,0.023586661439941814,0.06122993055942416,0.05056625143928528,0.035461084123385334,0.22209736315825435,0.013161883747556224,0.0045240139479192365,839.2589959399985,1.0170619733883814,1.1201711478869978,0.2738598307549509,0.1812585775876805,420.9174848884155,0.14612271789677944,0.016050358346944016,0.014190569234731498,0.04684678278497145,0.0345076900834842
0.06932506988129905,24.851083252599878,0.11208041807571334,0.00275944191287536,3532.596775705408,87.93215602147849,1.6090264122052105,746.7560466600685,1.2155959070284883,0.014460544918422968,0.2783171340367092,1052.3270908631978,721.2714602656113,0.004733415358899151,0.10527998315797049,30.642417351022146,1416.0443712558515,0.651438216062104,0.08475667217581773,0.2807648279640311,29.201335888279885,0.06545742260402676,4265.875350039295,101.09983704191949,0.014128445138233303,0.029155249567105912,43.047849740969916,0.3724980055641911,0.2098345167331459,0.04276088632892083,0.48942368452619966,0.06806989062430535,0.13638731223597933,3.161218151558293,0.05174580266435669,0.09670751816275835,-0.005591014783230541,0.04452529063044608,0.01652669491635539,0.16457455338288884,0.4503352383542598,0.013940656408029106,0.015469054769225998,1155.2600978722166,0.14296310838859583,0.004644484065671861,0.21444197008405919,1.2310619023662426,767.0819962017532,0.03345692333099848,0.07085543458614207,0.10575083245550498,0.024886817857080246,0.045075094444289476
0.07137358152752782,56.22476142894492,0.003186300427890032,0.0035063018402947677,3698.4730301718355,5.116051791815909,0.16630117933732969,251.20166392604955,0.34211779704012724,-0.0009126922801883097,9.243752828750784,921.7079963715944,645.5336771864531,-0.001317466692609237,35.086681008137695,37.80513668873271,1289.5870270232906,0.22433711895167363,0.050833784633298684,0.016499285444963263,57.542463307606575,0.013007740949035451,4196.884548714979,54.280962806105826,0.032884621158644656,0.00919093213168587,0.39030402328448677,0.0089625885621345,0.019293979686326956,0.014411108807991013,-0.0040156722897028985,0.18565502273181878,0.2188640124717125,0.39356656118475897,0.11814306072619019,0.04512060211947766,0.03489125570933993,0.1842872127477797,0.07862521215104934,6.2637975563353905,5.314005048831998,0.025376630680758794,0.09100707427469601,1003.2827637654797,1.672776388055496,0.4449517427246059,1.3373223873655462,0.08755300673956246,263.79296326768025,0.003453418369100625,0.012481740388988527,0.028595103739456285,0.009964298663525994,0.09962827674897579
0.16848619011151733,58.234238204288964,0.020256119321077293,0.0007532255914259878,4156.087340485614,235.65366375091116,1.369595394174893,595.6757346024469,0.11058390424325548,0.011751290678719606,1.7500686740300884,49.010415282529884,29.15730187755437,0.019358050686391515,10.955408521778203,959.8723064716564,117.69680500649163,0.0700184703644835,0.12398193591909923,0.2099017537632406,57.89803163589334,0.03017844555195648,3974.631659986248,405.4107135467109,0.02840215336695895,0.029526984136767354,125.84632489086097,-0.043476255611018644,-0.005983188894911784,0.004505305284772554,0.01856124673527404,-0.023734626526360714,0.07197599812771394,0.16525819577506873,0.0342898291419278,0.13595677289911112,0.05436490269563432,0.02593474373026261,0.011374043977087744,2.1532309321575136,1.9751853716550807,0.002957513329144845,0.18335489734539134,167.47676986202885,0.1703736505893403,9.852291262817147,0.056472894131982976,2.083182799260361,675.3469649760565,0.01529627563969882,0.021258629221818204,0.002865542153559275,0.002729716303881524,0.07499832196242551
0.03434669787535949,73.8256403858604,0.021384137446755602,0.001075026914365118,924.8210820303681,173.89227427500524,0.6440312514541962,57.781123598603926,1.0038903176658653,0.011940646625346218,11.776531204908869,697.4138607503262,504.58318968938164,0.012523317060890271,37.51768002476179,229.1357838345831,1388.3195782865985,0.7653434612412742,0.717153377166678,0.02089417911497904,68.2521216961338,0.02963427694132381,798.9423299305392,41.16958299424504,0.05889907457862886,0.0013097646728263967,93.8493454610815,0.030189509877630805,0.019611078663767323,0.01722228293608019,0.15036040973808795,0.6573577403911557,0.005253899610331736,1.615392634623099,0.05656538534733624,0.10930539233025183,0.04533040495769569,0.07669392203340664,0.008169034543350051,0.3806089623659048,1.385034991799687,0.06556048057982977,0.03573113144859352,651.3347983132633,1.5630816409261374,8.535384719017488,0.9690822241980221,0.005261089478341141,66.46055343602283,0.057817648910113206,0.03418638784172501,0.14566126309114225,0.01656306990277301,0.0063655288230393126
-0.0011353138036760413,36.52336245778708,0.05212529477691241,0.05326580297817962,1818.6506644988276,38.30626565218269,0.40897291402342795,101.10015073927013,0.1352477021496874,0.009046711753833314,7.173606767392153,733.1964817133581,501.50324495936087,0.00013885683337200305,0.6752075632152756,549.2804469263117,484.3415476992251,0.24161976459700085,0.07589877583108784,0.022325881373994605,42.671155638952584,0.007377422535053135,2292.6122457510405,200.6113159870767,0.07224851842577351,0.026851537630271594,15.632283103497974,0.023743783331408252,0.004757523429226751,0.020034393937519823,0.006229186109775853,0.1548850434776794,-0.0008254867733032967,2.673666730964415,0.004923311583581835,0.10612422354016182,0.10937088478950852,0.12416605516232693,0.2132770334571399,0.9489335347382042,0.4295863582642916,0.027322418296447992,0.0323149734818724,691.1683879292328,0.027274819767989733,0.6287785919346405,0.10908058320582903,0.11171803399955671,58.858190482778014,0.05606645309103442,0.03411894387651948,0.052428603017927955,0.006830934239418163,0.02289189352197063
0.054008033915738274,33.44674992489733,0.035991077424813334,0.12544916034783427,975.7862484331846,0.7764216852595585,0.09249530808709494,389.9921932754057,0.12724508374458843,-0.004586088194097115,8.406880149616752,91.8247512942257,53.250207858205634,-0.0009026039946169462,2.8652531843657094,570.0430488444879,637.990901213456,0.1133239550762335,1.6254955531777604,-0.0022017108619909465,28.206166616005717,0.030097868800122995,1179.685928225359,29.376473916045065,0.2561385033660848,0.0037968477768499653,1.1522628929307608,0.1807824209500195,-0.004828656482742666,0.04219629089350274,0.07442272220415713,0.22286369717994425,0.36727674193321835,0.03590519651544444,0.05088143065297501,0.07824269000805728,0.03809313740845344,0.016224061749504415,0.015509644756207308,1.0559375645731404,0.7848565969761019,-0.00043101142639656587,0.1212276616867527,161.94325291188125,0.35624386655323903,0.6093541113332535,0.1490710188112212,0.6728703545847665,402.79834069389494,0.06251898543034518,0.0017043033111967532,0.001382875023234753,0.018355022437485324,0.0809166329540032
0.01621013223129264,54.96800636832028,0.013218075226522075,0.04019570520537474,256.75128807005524,207.96729997315663,0.07991163014187652,124.99221591519985,0.3484796909172063,0.012539566245384215,0.5348445258960828,625.9982449669387,425.7175079306159,0.0019654368105443965,4.439113932151025,460.69437546505765,535.3337898941746,0.37368448889572736,0.7127638369847888,0.0264822019778439,60.43098912013427,0.0409451607031448,749.4824964462516,146.12058132309355,0.2025803905584871,0.06586979109842961,109.76082126445235,0.2941776555770721,0.03606802785025298,0.054500000094089174,0.07278360504534653,0.14317504785736368,0.06749353123383095,4.155173450908161,0.14071330582233887,0.23237483211570353,-0.0006205479668990321,0.02104118055305637,0.0546130600053667,0.51495714914783,0.5584940040235393,0.012235170440974663,0.0949849003837473,550.5388044613233,0.36087441378912555,6.18930292138739,1.7252804408836022,0.07044543028579753,155.5544674658311,-0.005368707422793051,0.0211715717573826,0.011112672586228278,0.016718350091449174,0.040449263153665704
0.041957242385661786,38.41696848427257,0.29024422926376836,0.037021899634913424,1817.3557921596253,72.00528539374126,0.14201758160915112,842.6272344892459,0.1678242409504218,0.010149684280178484,13.193629867870456,706.8872703257124,500.4674382170715,-0.0005056137135959204,6.176649221634472,597.9933615333856,499.52691583508334,0.36392731445071824,1.154616124887097,0.08344529753454477,35.0572067272376,0.031275936052962194,2031.4408848118148,150.69780389074228,0.05128636766439687,0.06232478623974824,31.650937040311195,0.058727204406171296,0.022511864221103295,-4.6981081433195016e-05,0.13109744586897243,0.22210569548225756,0.010156796102632981,1.5784526301391466,0.034439764759428115,0.014617656348516306,0.12319860263074567,0.018546198026028193,0.0020966381412472757,0.33818709589437557,0.28902441792688105,0.016091705663429323,0.1109647114291441,727.201907586014,2.9202155008947255,0.1447533989262233,0.02817456571217125,0.003447962323685161,801.4292860593667,0.08222658036631536,0.08404062126721978,0.0560629410455693,0.010414219569129912,0.03692804829460439
0.03246400494597701,32.37438214008018,0.01947466838896439,0.021123198734962045,627.0865975312353,139.08717611162433,0.5805052505950927,821.313372357772,1.4122769721139052,-0.015504141850257724,0.8388655632828295,241.78878045438188,145.96045921561708,-0.0043887671193934,4.583133232151069,238.21192752761567,177.64541598622216,0.34364630063858215,0.05075159443821331,0.1359239184087242,25.22634913298148,0.03024298005474524,1284.8649692403044,364.9644965243476,0.025014190934329328,0.0240784232564053,72.67411156503795,0.5219214047376246,0.032180193381061706,0.06167279227099787,0.10969428259423442,-0.0040885839257738255,0.014282265831380592,0.297146480422148,0.010904630727763376,0.05713183842222325,-0.00017412653677162382,0.2822562053150035,0.25731853887457934,0.13371141258629393,0.10403823307288018,0.06272013819148459,0.02184074029518257,368.81700302064877,0.4882325568466479,4.3159194485091446,1.1818414235872075,0.011959676310206113,747.2644825249392,0.11364696269974672,0.054404865538650427,0.07361098337802296,0.008164089708124322,0.15714753349597377
0.00956632152380088,25.676214450599375,0.02236050530344791,0.0018325073918497026,217.47447642356883,125.04165128488704,0.010627334445239889,23.26001244178441,0.022872459788636057,0.02433541843789211,7.1034204370970455,259.4737223541252,172.40267273407466,0.0036338229138070943,13.62854706401609,85.8564661826219,339.97431224470034,0.4979963820247244,1.9728021087713374,0.05677688752942789,22.539696669264384,0.03695353150670133,472.8346296881944,49.054018867272,0.1948146647228457,0.2624169206227096,58.79950854876129,0.04237124299901396,0.03868800250770921,0.0880211116762375,0.02431230166895393,0.03269477223396855,0.12543486911531865,0.054949458848118304,0.03890490138939828,0.07222845340166106,0.060627734006128975,0.07012690172670855,0.22200383192822581,1.1792445910091685,0.7631665795499432,0.026156415951385625,0.05424176575260464,272.13487802796584,0.9258752287460874,0.7559649462754487,0.021855283407060888,0.003808207532277841,35.40493309921722,0.06542033390140833,0.03209617291430167,0.06277536338440282,0.020533383578560382,0.022726086814043533
0.004040611929200466,41.278303841345874,0.009394288735911971,0.034779810603203565,1700.418761313873,44.98953886775742,0.16561582312786705,356.57945726524883,3.2576920964608798,0.03549338583874739,7.905003110422437,436.7724879051211,345.78238806626064,-0.00474622466173269,7.206674163807231,456.6424096023847,761.5417158778846,0.45023066534798684,0.09002849020619852,0.009771116159214444,34.427306163313716,0.1219027038548477,1951.7116258896217,102.7049950500881,0.30781513181991205,0.2102936097754995,20.488324117061666,0.1588446587898673,0.014681777195498569,0.006471597839740717,0.019316721602854692,0.19125604057902024,0.028693678326617622,2.1756718043856482,0.00684327360986714,0.1426515868117164,0.07225592321074625,0.04373799262526035,0.12925037853749366,0.6387869743791876,0.9671114332633381,0.024041395681308586,0.0014164550238859874,516.5540980748282,0.5633576503521018,0.04345241141541312,2.2043251559994514,0.08130756873467693,336.9739801462421,0.018385689154833074,0.041144398207946686,0.039448150351160116,0.0011383019691706409,0.01866530936939359
0.0077685618149097024,23.880757598606444,0.05463373149322237,0.038823729952489394,3203.6394165260003,47.111714299650274,0.30948334720599124,418.4187877369502,0.028274051149158375,0.09343018665824943,0.15076988542888792,840.3026303562692,576.438978980306,-0.013258509257472184,4.680551417589217,277.018368189547,1257.0600679643042,0.49344234987609337,3.84726920082717,-0.021453060679719194,27.119350489974877,0.05926303431987012,3787.968246799968,101.71457136394123,0.12824687613024288,0.008241229817752327,24.015294330998394,0.05977653173330655,-0.00437182376061962,-0.0012482285628570011,0.05020588356907396,0.13422337890308356,0.012885108775481768,2.4790204963248987,0.02079782283210463,0.01923693600237364,0.022640787830223275,0.08832329944575168,0.2290666559646839,2.835991919928598,2.099735124413942,0.0707614728069208,0.04039891359658743,770.2035924222291,0.27500866757311293,1.198762927643851,0.013632911315204943,0.0006240906394996415,391.9239581249875,0.0067646662846847505,0.1838316117061547,0.09846003078636922,0.008391731951293835,0.013879350001186452
0.004657674081794738,32.24103140444152,0.013757798335992,0.22578402226065108,4435.676699075074,277.9487793290978,0.2236595437039428,306.2729515412151,0.07808741060482038,0.00901714407176435,0.2563363699694863,212.97227057175243,126.58691533290151,-0.005065215211690344,5.94183563676661,231.08797756925625,133.9579159715988,0.11824178918594352,1.2143071493990085,-0.004912893017730013,32.22067270869673,0.061503307997258005,4705.905126276848,98.47094159317248,0.1231750826581326,0.09410005989139769,149.2084997636961,0.05615993504127914,0.04622884471972011,0.04508396637044143,0.021793083394065604,1.3031035835719411,0.01553078818092235,2.2340419323776324,0.012048391574825956,0.7537626029982114,0.25287389920078596,0.004356450841211057,0.039788079597940396,0.09580475549098999,0.451707366294702,0.006463025259630939,0.060123527812692146,85.31042483026295,0.2784761520377872,10.678702652346013,0.07055677135902005,1.5639558953377684,285.2591539226983,0.23702940375584802,0.05157721733937137,0.011468449711222739,0.07928914991988201,0.012101410096248877
0.027904386621219857,8.412424035470632,0.00024169354044811797,-2.9734608101961157e-05,719.4170129591761,181.24713629609988,0.045659630982019195,265.60194813051555,1.208394722538249,0.006271885035124214,5.0962197854098035,16.477811713864433,15.887754001511617,0.0018233216857037604,0.5293023304818663,841.7516480793307,846.0190155455929,1.3284095751228024,2.73717942443528,0.12334321199405807,4.31094656975339,0.06275539219459159,505.5448293263185,43.71570941374188,0.09203823204249151,0.002812321915464544,97.73213820379598,0.015538982941431634,-0.0017962949938370443,0.010028107724433966,0.1360230719609259,0.2342729838050781,0.031216216106022543,0.10021793310256388,0.03599794461202155,0.08458942979131123,0.012173422533956035,0.0461597213793663,0.09673992080636751,0.4849076612319321,0.5045157650652348,-0.0022290435479108694,0.0766820069930807,72.97336318410522,0.2970158935352698,11.102306401741835,1.6045088242542205,0.005974823720708677,252.47481068063433,0.008719725059598282,0.013836506882217492,0.010371352680997425,-0.008869115462207589,0.02993285702986359
0.09097231613887136,5.614704275737806,0.014376870057324354,-0.0014740410010460891,1661.4077168766755,103.766220817419,0.6804915165469119,189.5378824172979,0.3357164158459778,-0.004679859237856299,13.6731610108803,1299.438682002114,931.3897474104273,0.005242367112525237,8.365451707915609,1046.350482836443,1181.155828510389,0.012165012536828002,0.13802014497837956,0.043154731552621506,1.8621132926068142,0.009253888254630915,1821.1586934879574,143.76178738987565,0.21218226957869568,0.00044124348660368184,50.50196489967783,0.13150299299497625,0.06181874192851655,0.036840538187512095,0.0785938787060374,0.4480101922291322,0.021415483865906637,2.834948266375971,0.08158483234842162,0.18159245748369734,0.039209461405448565,0.09654887401191736,0.28056409639934987,0.6800075795919263,0.47843217160803064,0.03486382345732686,0.09440098204337488,1297.4909239858669,0.36879632474176116,0.18920235041036193,0.06272740113122488,0.0029836271408267834,154.6244604525921,0.14377469097238293,0.030003937750821663,0.041765546867052805,0.02143084650998439,0.05896675942792218
0.018674538528463458,1.2330983676239846,0.021758458407401093,0.14359557834317727,1985.379106298688,84.88669176378934,0.21480408831760744,59.25832312017819,0.009350042178672524,0.06918387804211257,5.300140957196822,542.8019746132818,389.23933664755054,0.00510881624949544,4.101094587741542,802.5733269639503,1409.0905787337433,0.37845066100663516,0.6592413037321858,0.02628611292516503,1.2350007932722313,0.015355176575441831,2153.564438678861,225.79374685729857,0.08306338653730538,0.0016532467232375225,45.86388116545942,0.06213475662765511,0.04905755482675378,0.13756978706654444,0.1118987965762166,0.18255534389206574,0.11039218382250304,0.4456235755430811,0.006405401594937743,0.016252838103579137,0.024845524967458843,0.07128993126846872,0.01855044887934021,0.6863695968063759,0.5157960867240998,-0.005335395042309621,0.012051937374075727,448.01224871842265,0.2568458584311619,4.257705945822787,0.1557314746982268,-0.006648606056762318,107.77864634484558,0.1327311601699046,0.0304838509028027,0.015764943365334183,0.01900369512688993,0.013772269123910164
0.022844787205263728,11.570375975734422,0.004415928845652672,0.04102152346241983,1631.6300262436605,13.381281786056054,0.2464763955893572,177.1747639315205,0.006660014253925262,-0.0037429586081874078,3.9635416949376507,278.4894248311612,170.71748710004013,-0.0013705159890022856,6.165414102081633,467.50656391102365,686.0199755016027,0.09272470671341715,-0.0031524389979038503,0.04434825141576049,10.685861328452763,0.08645262450607571,2107.325022993542,271.6660053732571,0.04489882937215661,0.14875570590199327,4.886017944202705,0.14153483396192978,0.0071989331257080735,0.020833435278576395,0.03636618078456966,0.01149353904379602,0.06302432228944355,0.25262186268213327,0.00793831871349937,-0.012066285288582002,0.029423138409460314,0.00513176910283164,0.01788979319295425,3.4604254459520307,5.199705417709018,0.0465237051717553,0.0036713069264218134,257.6960604745786,1.0763654258846218,0.07215227431325921,0.03434005148494723,0.8904782738399311,232.5065156826064,0.007795967477503218,0.0033560287001916933,0.005951777006445447,0.011902828243667507,0.08255210445204408
0.0006986365879368961,6.134886029342027,-0.0021994330736960777,0.09237648593547565,801.4067516935635,204.09683605637656,0.8556561923900023,421.7864276007776,1.291065367326473,0.02569332756833198,6.387917347682206,252.20848429487404,177.65933495935235,0.00474476889716513,5.52401358158143,256.8995084027593,196.30273909781909,0.7449712489943892,1.498297994711077,0.03420355856875634,3.0762018843779266,0.0008804578935546203,623.2435912939593,21.667373268039718,0.044988936294198645,0.04251101126118151,105.42147471632444,0.04418099460362512,0.09488833247879125,0.027566407888095057,0.009551275092039013,0.20652923139324297,0.021800779245655377,1.6488007745816091,0.03440345547836987,0.37587695625355266,0.028476990776464817,0.0025143051727107846,0.009023304416239775,2.0144750406750127,1.902421780691526,0.08012900297548331,0.039092446736173514,312.89494672720724,1.568114415737993,3.302657718039818,0.6267221830717293,0.880707243503247,427.14745257747904,0.06168366858337748,0.03068828336812679,0.010108055075693123,-0.001428491614287708,0.020766889655484455
0.04701048459378221,78.23759318885544,0.04226115321748125,0.0038977066551035833,1357.1316251844971,286.8979537502448,0.6514609052562328,265.0155439365352,0.17627201633941603,0.03915757984366586,0.5265129920711686,460.810939228139,337.2515500736997,-0.005608227062367632,0.5010713183898847,563.5650093791453,673.4227261479473,0.8073011783915138,0.4363538492977046,0.23433536717676873,79.16873098808257,0.01607759241097284,1794.3213936394413,155.05213805460892,0.13647862189997895,0.0008399124665441349,148.73468650882432,0.028443263191302748,0.020195342373217073,0.01751009384591029,0.46664801462165073,0.43805419948891533,0.009392695346619462,0.07798945873634544,0.04569624362756031,0.18203658862314942,0.006235934635837381,0.017927580497564044,-0.0019592210285912515,0.527810713202399,0.5323502765261914,0.05713290413445815,0.021334871199291783,553.7253071115002,0.5824916169128969,3.07067825632242,0.1670971571427824,0.1098653730375796,301.56069391188714,-0.001938317789138999,0.0028858679270662435,0.013943785106422801,0.009917907010592586,0.08878840693538859
0.036670467715882005,96.81636013161727,-0.0017756822271834949,0.05414892082214351,662.5633286225165,102.9133664596934,0.25564420467587023,506.0495090959364,1.4804405669112022,0.016595176750024976,13.95257995387075,924.6372483828841,686.4667870450753,0.007706060798360781,23.78483529624758,264.80755660830357,1463.1274869363851,0.26878771685526726,1.8880916119496511,-0.0009125830230205523,95.58681566090203,0.004641197142069231,490.8443987490847,37.558587528934446,0.028912696022501905,0.02695891447760168,52.690080087974415,0.09995322020087638,0.02457666538231784,0.06755463544737772,0.05610146692446705,0.40110820724463814,0.2715049285273903,0.7753569668090599,-0.0032869568268569793,0.00614525790631415,0.015398746130119711,0.07447315415442368,0.1550621257999456,1.6860040768496116,2.6232662139401732,-0.002849150737683992,0.0034468495441135616,955.8747478829903,0.11033947789096477,3.0533882465963167,0.389254079834652,0.9795228871985966,504.2442842973331,0.06504382806348019,0.04235683694133208,0.054886077446248294,0.007919274653890973,0.022492831258707824
0.031213912871721483,56.157456200292025,0.03519848343658172,0.023276602466171248,86.88647159666108,401.69731811126957,0.14363972192916474,536.1614988225925,0.544476668020331,0.03023590972745005,3.361670750004339,453.8516100552162,350.3319444324009,0.005558559187934797,16.67627405900031,217.91665067723696,1205.5477036940492,1.0337233071160474,1.4120656892573775,0.06622405712446078,54.22135177831587,0.020738689782119124,758.3506383590718,62.7944100797723,0.044716887826438345,0.054454743892038415,209.87512451017398,0.0037914946486177215,0.010937392429249293,-0.008016295254268613,0.08432301490335803,0.315562902926831,0.23934992880276518,1.2917264526563086,-0.004616887928055036,0.05750321855242202,0.10639728551818095,0.15840463441934372,0.209368151979052,0.08419167710105935,-0.001810991845028198,0.0012663288736041167,0.017597595181070957,454.90343146317724,1.8801468464503293,9.417657577798948,1.3622350993922128,0.11274361912039055,524.5987482746356,-0.004397045679730205,-0.0002320077259243547,0.009868348389378667,0.17284459406622243,0.012887841772935893
0.026161497719450644,3.1637449720183097,0.07179489832109986,0.025273987438937162,38.73875477819139,362.33301365575414,0.5620367085418438,241.87014048620512,0.06914057758770831,-0.0014842514568345067,1.0772039947471557,360.13133120326745,282.11825194372705,-0.009001181567858119,0.09346133597850415,94.10428631412644,733.3345836913251,1.625200285321415,0.8444601508492466,0.1223500950468841,7.614560551674326,-0.00046741580311682185,567.0594585624405,16.8022607484097,0.2356568625792983,0.043114498951111635,190.48957504157246,-0.0019381189440075275,0.01863019402329069,0.014407475405719516,-0.006616458872916731,0.06506640769844463,0.11344558566065555,1.8684188901160121,0.0728937013244968,0.1371664191785964,-0.0009603419451273965,0.0015079869655769684,0.0846362219557113,0.3425358350903336,0.21751656538788744,0.03332428598211035,0.053492190045747456,405.9909444938524,2.2585661206756766,14.530232269821987,0.3939808710219461,0.34317369078837867,245.38826609063815,0.07743079581094126,0.022054292689222876,0.015972430961353368,0.005531233006006886,0.01904511999999059
0.004508551940223704,41.381619579994904,0.03660285902336291,0.10806049431334319,259.4797356127,236.67804186687565,0.12562499573968555,32.57290663953133,0.0122445361106438,0.045607954105772563,0.08473895543596743,308.88794892645774,210.51148343007782,-0.0009621018156558137,0.7430118224671292,146.0365320357461,347.9673892246083,0.040672654246332485,0.31733826040191015,0.00034693277655328814,42.48514138850981,0.005165993681446324,796.2417654449919,168.48276264103288,0.0581514145103279,0.021656170458414614,127.84865232607889,0.006804335409897,0.022880852187546985,0.037067490930933644,0.020187300316956147,0.05172439074062485,0.1089074351140491,0.6306174079410338,0.30296700525145503,-0.003911605269260043,0.0034000453623468374,0.18825129457757495,0.03998975654518144,0.5215658233748632,0.15485796747693747,0.0032884065273028895,0.03867400421642664,320.6749131089849,6.294645758844749,14.909040393296149,0.1742591769857258,0.02765611252955047,68.32266264684338,0.06471725678610252,0.05567844136741318,0.04971449851008192,0.027228596184664333,0.013075042781339086
0.041644835109885925,0.2898581778506024,0.005104239124043453,0.0019449418045462963,666.1075588482933,49.76430047682013,0.1326101121471206,308.3128852010385,0.6365526448056853,0.038518624582968286,1.4934548559203948,907.9889909318965,665.4165427017829,0.010156948431784052,25.097268304440988,1283.2468887172092,245.02577909681543,1.7765570351082554,1.3433929463230223,0.1270671339721936,0.017008667255479892,0.05442944011201778,830.3331972626276,27.0849421833827,0.01577365077972015,0.054809583458206745,23.51133329373232,0.08763020686191236,0.037744571599159116,0.010371807480669126,-0.006430764372253428,0.05768651226023902,-0.00411693192867979,0.08853243497279006,0.001218060691459577,0.11294741535874753,0.017037888347581465,0.019527339549681777,0.04639333769741061,1.2854700217769564,0.62730654898873,0.028620551520114113,0.01625197654615196,812.3318056891565,1.7977653256193653,1.0551145519365752,0.4044335350788524,0.29202354319935164,313.9775711930299,0.017596671501165062,0.033166136084402886,0.011442453605364555,0.01167675339408003,0.0070039336182201595
0.07938969989139455,8.704689075809537,0.03712047032334098,0.029466262722258385,2764.9661000284395,92.92387653966715,0.1775441247977545,139.04149391389686,0.007528095902546994,0.007259988807624573,12.398078733788804,185.3887678831008,107.07347256297076,0.005673532980934759,12.845607809531732,843.6909401209122,957.5901334575921,0.07159631701058178,2.014432134184255,0.09294548216446419,8.53396321167904,0.0025643013140772553,3326.9687704824037,81.02637645419986,-0.009041280340055913,0.09178808381463543,45.83472009043268,0.06763967298571227,0.07823826793428967,-0.008041020182401937,0.002919038343472735,0.13243063351409123,0.18486578710468304,1.0826511291034775,0.01202705162289508,0.10986488540095873,0.09413427827211684,0.07428728662897655,0.10655888167492567,4.553822031729955,3.6930092317252816,0.061459170233681526,-0.0006320736248772718,170.2164060557925,0.14035840112645648,1.3488433814228271,0.08974173189707013,0.24460761026025235,120.21308334001972,0.006589775435957179,0.021744712369157426,0.026138157590808397,0.036683456945818094,0.03379125748996703
0.030341036734139237,26.13681443309848,0.03638366540591509,0.001407616415814772,1173.4719101280757,253.37410782564658,1.0587565698892254,181.1969994616342,0.5639575246575932,0.015520898075780387,28.433372863223227,1026.384279084401,710.375085636898,0.003122823509446704,20.030039403433243,1668.1084151448408,37.38225941879726,0.8088390379633372,2.990163248757562,0.08077771226045449,21.37234283449245,0.024727554398399576,1802.113989097112,150.36751914380255,0.027940090628879588,0.04517693348276275,135.80719314184836,0.2213168060566142,0.02906696882666715,0.034921896168138566,0.05977033326673009,0.744281746080353,-0.006611320254790165,3.1144196966468796,0.20923906291940497,0.1336193164400008,0.19682794149876592,0.02112171459880141,0.00943794436141232,0.3474715498794039,0.3752763792424725,0.062031773652305944,0.015264935774683686,1034.9759027913185,0.09768908836497214,8.071174166757729,0.16226828673441496,0.004705873545656658,145.60445613783634,0.009376538499976661,-0.0026198403578634455,0.05625518134338492,0.04429142669802033,0.008484596592084337
0.05736935090554951,1.7079504381390995,9.764162165559753e-05,0.11284913914651007,429.269477603451,69.58090369527672,0.2896915213197877,206.30732274301113,0.28221387448105784,0.00467812571138726,5.739331225316026,954.381848670178,693.2124247812045,0.00054780445037661,2.727517014242795,758.2032758656733,1077.1927810082598,0.18237277419013154,0.011011916104286534,0.07447876824818511,0.3302773521494551,0.07252792051086043,348.74603486844677,61.32796599971459,0.0004693658391579092,0.05293480290715635,35.42191648023285,0.01870530760092315,-0.005803255300640409,0.01896945434491304,0.003492304427445525,0.3220588730473457,0.017598695776542606,0.0009451770909887358,0.07443823802092364,0.017477901501323778,0.008788911049886217,0.08691059431850423,0.001017206839874163,0.22027486664015683,0.20906185528780608,0.0008254249661412416,0.02499624898900432,928.6542916451222,0.5619408177867156,3.533213576062761,0.02701971625683175,0.6523693379473459,216.74269715192253,0.003919011769041525,0.14022785014503913,0.10753192926018862,0.03180679779188633,0.005117243967384333
0.04255110220585134,48.79939270908346,0.10087766117327845,0.12123440808630814,46.80876646692251,383.3362185905465,0.12769496303946948,61.70650095322828,0.7949441158346344,0.005995241523480743,0.4547770097090451,329.4758474583907,259.5664177987126,-0.0011441542848880104,13.44908550640173,1344.2238716100135,569.2490580588739,1.1404268729632472,4.201805818910045,-0.0014737230286270275,49.29272645377438,0.0026370733611233987,393.3952788591815,111.18766575945513,0.11255210170090546,0.0021724729781595897,200.19595105451512,0.053788959991440954,-0.02246707355392452,0.0026426057493296184,0.0521803633313187,0.3117867421236582,0.14388550716134318,2.360529839999047,0.05776719428602206,0.20509143039987077,0.24482018334241218,0.032644679345314565,0.1367918569436659,0.02012269663606947,0.06675082872968563,-0.0038816671550492288,0.02324406863590678,335.05978404183566,0.12844210779868614,4.325618193906979,0.6622247997676665,0.045348931635484924,85.72263309235174,0.040946197260739225,0.013733281072364711,0.08230111815186003,-0.02938316301224564,0.06686809426652207
0.0331003552948026,9.421957580085484,0.049575618941632094,0.014831051155372421,189.45675388210856,461.43594097764634,0.15484468588130795,0.2534805338799426,0.29617221436604346,0.07896151799437057,1.4396254880076533,139.25542515533215,61.95565958483944,0.000436769096058498,8.726687497990303,883.2628869490386,714.7176233399493,0.3521397675311855,0.04962001734462618,0.026459954956203013,8.515856356678247,0.007672442218087383,580.3570325617076,127.85520909123085,0.10279081599560236,0.03293584654853543,240.60207579597903,0.03173291182361737,-0.01649391769178976,0.0621351962373593,0.029115104371513212,0.14178180258625872,0.013340119278249851,0.04892323464054282,0.009643341212001388,0.08071637481294669,0.08240716023860628,0.11953058105137515,0.14774290048128869,0.7918607163413647,1.7826533395652806,0.008549022233193426,0.0017654922253136363,133.56024158214763,0.041309949071902885,7.08395330442457,0.22331206317595154,0.8691678954251234,23.36740767409257,0.023651601578448478,0.01612230107528312,-0.011442373532024597,0.05993851246570969,0.0058987709342783745
0.09587450541873999,17.880053295070617,0.01886305637439989,0.0012976228590186878,3259.9522092699845,3.881201599208217,0.02854396572563722,305.8857287034703,0.35537745835947465,0.006547290300569664,15.902014248474995,1900.5390719645786,1372.4544039325463,-0.004731343459329018,0.9148066847458578,1615.0969172407881,1434.89754718619,1.840073903843332,4.372858854077443,0.03760236451124399,21.81211551072787,0.04353720629947411,3567.9063745963367,8.562399577189769,0.18841493205887616,0.2065180692876254,1.5539162959942727,0.2638014392611536,0.040000132978573966,0.013093059254340567,0.08166781665875344,0.024197629892294792,0.05101099999596759,0.4038029910401404,0.04543122079230688,0.018581966838359776,0.01143548867441968,0.015718263808831345,0.03259349211643059,0.8022416511227393,1.1413609053193534,0.3209045575082783,0.04475018654346474,1806.593779229814,0.21517129834669912,0.03527572385760713,0.22504364978348956,0.07184500402164673,301.4691219459048,0.013050975035730161,0.07123880121584936,0.01667145999300601,0.005915091516713211,0.08422036229177099
0.014930423738874765,24.286095996176844,0.07003560722295976,0.000716065778519237,980.6660172564132,204.1251262668349,0.46159294940397455,269.7145001373697,0.28478478792824813,0.01436496426234335,0.47881541618459966,620.25711079077,467.3588587360771,-0.00012505599711953863,6.865036548970253,219.7646897411055,1171.421620157949,0.33602094567010266,2.304175210984009,0.02032738654880628,21.564629405452898,0.08873156997081821,520.7691761930461,259.85006598988934,0.03914670414224286,0.026335709746656555,104.93044924003641,0.02078208927176206,0.017615084570528516,0.005463861337000608,0.0689336118658046,0.04846563882513699,0.013795533915933689,1.941124767289419,-0.006520427722962019,0.0631321083169869,-0.005332948509609636,0.0347286011191974,0.03241237952386644,0.17071760053178053,0.16170903832447703,0.012632147389026294,0.05551344806685332,463.12472259658983,0.3715617773468809,1.0368345568876274,0.14279843047006757,0.5965572049156416,327.89472029371564,0.02062907245393575,0.00504261876471368,0.006435114530916053,0.016823530130041675,0.06791273297232614
0.008281984978682821,16.754594342528765,0.0319269550165755,0.016526998753160882,2273.5433365380195,7.429087387614641,0.35182636367970943,131.07084761712946,0.4621211469233568,0.04143679341583173,4.728367640075223,663.6541888491929,452.55589112003685,0.010358703275200831,4.664742420845752,244.66230453488498,509.76594712765035,0.06803578346022121,0.029352712071513132,0.025264908701753797,22.104372489565822,0.04722358626547685,2739.9479329266223,134.74986794251197,0.06641806417475582,0.037139216653392815,2.3710361385728236,0.5614439127122344,0.05418067459549647,0.01338979237854776,0.026598978857284905,0.7096407587587139,0.11807247919041242,1.0373899814925496,0.05332665170206141,0.0023912612131749,0.06099971431969298,0.08250948674803826,-0.002492440298174081,0.912014610919976,1.3136888991768005,0.009487520035810881,0.10575022514170751,560.5178609562864,1.4524855947827495,0.1007513585445059,0.15117851706912777,0.027909282630555587,158.7372102131442,0.016284768947337547,0.03364228368543021,0.015349101901177775,0.027595870950403167,0.004624341239952479
0.03410363888192336,2.394658481219902,0.055765014384609124,2.5926589671598776e-05,37.20538606391343,97.39686514149922,1.4121802458396724,86.6293038772323,0.03441529474977223,-0.005775334531279874,3.6472391651900535,471.03502023031496,337.8575968747386,0.005634967731255713,0.08223791572627714,1021.8743335446178,170.84857771834533,0.5814172188023994,0.07454123467089335,0.1759560000990703,5.071124576583618,0.08369750027447065,117.39761216503561,266.2056786542135,0.04350650429390868,0.04595685155585283,52.62887539120289,0.04363092161361415,0.06675240513570646,0.025569619721344417,0.024074005100771956,0.20315114380486587,-0.013620292176424798,0.4179077890058549,0.0037043026980212446,0.20217140227771768,0.024752701594370485,0.09238150043328552,0.06852444224812881,0.036726895476286714,0.10582331824795244,0.10368089989457197,0.008771441817637893,393.0222725832195,0.07551667493187342,5.347335449474683,0.0815771702063035,0.3426423264755769,32.27936413991403,0.01649414730552845,0.020387196555347487,0.06823640462140457,0.1286894214814467,0.10694493428626028
0.04459225846247872,89.47450007167303,0.0034850574129956513,0.04988285961185657,2139.4601229452924,84.58437301758977,0.01362537455073376,473.1598051238633,0.016200974104062738,0.000276072889075607,0.49790635628442903,186.38534489673646,131.07827087875353,0.007197572322376722,13.96846001939149,765.0151141996678,10.422429586062467,0.11619334787544222,0.11758603803074585,0.14608465030644346,88.34744242695432,0.017247288432643337,2158.0577249652774,111.84084734908923,0.08933626213669488,0.07933300702721269,45.49601678354222,0.16275377702665583,0.06258219889303351,0.2255134493059181,0.46897925630437864,0.278741612595069,0.01888964145447325,0.4315434429265439,0.0018558081994974884,0.05582096013680271,0.020758608612057472,0.08271454736778239,0.0017551234274657546,7.097360909477724,8.828725437936559,0.006379662825432675,0.18721859028139765,240.54384561557336,0.021619609712306698,2.7066738914782933,0.04935745752751419,1.0110309180182773,449.7640012310584,0.002335688719539597,0.19074071103860923,0.1655866587783823,0.07669495010245342,0.04259413286023417
0.01986901943826691,55.728138191169876,0.026204164264246543,0.5568310797623752,963.3084808610998,286.2453492502301,0.20876732468009962,2.891293827977842,0.5335605860557493,0.02810855744148366,5.9808522137865605,366.50222502148534,285.6512907336747,-0.0008763830640257098,5.0295011329032615,398.40990958095466,627.490399945603,1.2023968414250987,0.9793756892469982,0.07024235865805473,52.75226144901396,-0.0034824277461087405,1415.638672734721,97.3646489027416,0.07474842860182296,0.07754844659523386,145.64033762610558,0.035350022150987925,0.05129268877387183,0.003545498268611169,-0.004977391286946187,0.06855450249920558,0.05249802128709202,0.7071529225770359,0.0719577973952843,0.04259474233267291,0.007205698949880102,0.03118767030533398,0.01698985188999025,1.0162396937242448,1.1797912318645807,0.014144483316007594,-0.007017091046973789,453.54598285604413,0.6714871929506021,1.7243097801193166,0.11019091861756003,0.11320155350661398,23.320291102532252,0.3226262436765506,0.02865596363716172,0.04636752182573467,-0.0014397279489184456,0.05151614525240866
0.003673621175586561,14.568630927324488,0.032779871217999634,0.07304315093652303,1561.8363194227913,186.01851796860643,0.8941569142079908,318.12246376900856,0.47311268697584463,0.04950589323406174,0.8982518823627865,867.9187692024107,620.5640202151518,0.0030546061111591527,17.16756663671863,1777.9752365785557,329.96674064544123,1.2566636796942054,1.3121054092455315,0.028971914315171432,9.380553575519343,0.05639758931210004,2048.3311641108085,35.39147501633338,0.07946339951500914,0.02817664438070988,97.85772120331829,0.028419950298742336,0.00906143272370663,-0.01299246460428538,0.22356237095784248,0.06096252681054182,0.015645423320536977,1.6510364763706766,0.13805132529766873,0.007254060744945612,0.054141014211191774,0.047755558993607394,0.008103295462132287,0.35078831323591597,0.3691128445217302,0.06784705464709617,0.018413112387640318,924.5114042118458,2.3113300623013027,2.1652872388665267,0.5697930688137669,0.2637312384712631,329.0538650671443,-0.00415675646410385,0.02510959501452259,0.1624191899927636,0.006871084140621875,0.04136766176505979
0.05103106834077309,46.484312040597175,0.06906522772760315,0.007028625052005744,3710.942517914561,196.5910439758989,0.44292698194320756,842.0203777692243,2.137631158963597,0.0043302437874075395,3.034571348657737,523.2103336662408,406.94015884624696,0.0021237231368065324,1.4720506972425582,369.98631251125624,1257.9668710761846,1.1898445646536242,2.463260392507843,0.006409895339896998,50.52842989170301,-0.0022547151513121477,4172.033927126109,213.3513727654231,0.04891460676184689,0.06533246764022493,102.67440371029471,0.28283629851962555,0.04921187266022731,0.011279190434989594,0.044369433268281355,0.25345539584374066,0.440135693664228,0.9217252696906755,0.0024337605364017634,0.01631307605629395,0.01659892093995463,0.0004028412755605615,0.09011682144429045,1.1837796388000044,0.2750292490505748,0.12307656557504476,0.0050565647690250515,571.7059555177337,0.5318998700760158,6.7156888323975945,2.638981537487547,0.052866595495712154,880.4145010442521,0.03255225485108504,0.03044353289633861,0.040458191066841565,0.03882335262074488,0.011684572714141694
0.025261166329487494,23.736579975534006,0.17324119243068647,0.2573568624006901,1531.6892890082634,350.55294096679336,0.8217472613940622,229.9124441810796,0.36973791778348364,0.013728668473453887,1.159619829442816,372.9660129711063,276.5927324184301,0.0031268180609220764,3.652042481857084,516.9803892579912,75.50008609555695,1.0919606205428263,3.4482573497055764,0.0009352413870846732,28.19287373629684,0.1078609191778801,1220.6708589871826,20.290216213204104,0.003904364493696022,0.010556678223841764,182.19826888136583,0.06578166358675386,-0.0010230753890567712,0.0018770531666909562,0.10977991173453194,0.15502824644938062,0.05086449418120509,0.02585814355807159,0.010572846170454397,0.02044460857841912,0.03317194923665756,0.0028814571089945673,-0.000131181834635008,1.0349452945547224,0.7336194526691724,0.04772306260811021,0.07673312785066777,405.2603555122354,0.06543160516800128,3.437810039063063,0.06601779288561627,0.9768446090622085,222.44582989955768,0.09775075082455675,0.040197167825010816,0.057575176772814096,0.010280081240279237,0.029081484723389117
0.023936098009844642,83.9924672841054,0.09932737735693209,0.04749647872348195,2053.5788006934335,86.40226852085111,0.1766499586930257,394.04812447485676,1.0256414124785094,0.01795057143813672,17.935728886554628,561.6976735660751,408.05798445968577,0.0036361467922931823,32.025060985241424,457.8697795638486,306.34711193081654,0.3264697278703199,0.5881922605606382,0.05976129811422659,75.6878685320629,0.1137657321032215,2082.57775437483,75.35741534563947,0.11894601388770543,0.0447971013768802,38.759014326941,0.25153610721016495,0.0338338583029687,-0.0029281481501994833,0.0007953080522771216,0.5709730983569914,0.46102851775251175,0.38717292211842835,0.004462465075315336,0.04107737656637145,0.005836005209935102,0.06151641969862176,0.1621293738301608,0.8093413735609678,0.7520541276406254,-0.0037926407063118006,0.23511054561897726,561.0307510392008,0.8966813233043505,0.9207920156547553,0.21472189520629215,-0.00621944172457134,380.8108466350114,0.06213471472006038,0.00036335777828266913,0.011657945991886187,0.00656264867888634,0.003820336688921344
0.011097966117138647,86.93471781105757,0.022979897070622535,0.057588324567375615,1133.6031652385284,2.2797507336371536,0.5119195332059041,54.111809296896816,0.016668724955280823,0.013440937946015197,0.8074946194251789,160.80197400068556,85.8844839137757,0.005702719597358907,3.5613702272085748,270.46123603959796,329.33872013897223,0.09031574080743976,0.13842847540737768,0.04290588345583757,84.83543693428328,0.003671924697857598,1436.989916622857,128.5356632143016,0.025597701416086416,0.07981164290113618,1.079426934708395,0.3183866371124795,0.010263186245296652,0.03242299786372094,0.06340032829784104,0.01812206002801453,0.042635179020168223,1.9973086406426797,0.10610660248188886,0.04800389744397826,0.029142789154462,0.2188236216157069,0.30521540192931695,0.3839003017225471,1.3542578594348962,0.0018073566233622884,0.01901214591476208,4.942044478481027,0.05164005135628713,1.3623942392361377,0.13185447762768643,0.028682680377241532,80.60443285210212,0.14126872749810104,0.005737352030029008,0.009540587509114573,0.03516884499913342,0.025421953809686038
0.0440798490946861,21.54827367826561,0.10556491478673635,0.003080287458284481,1484.400446358534,248.6911094426085,0.13806575953610434,849.27820220814,2.825250844766769,-0.013128244876961404,0.9243763789315196,1238.441986275895,861.4956557132222,0.0034101517724716146,2.993080869329507,1205.471198953276,675.7782402220055,0.17880751132340933,0.9980110138460443,0.036100866047203084,27.784506687816616,0.045261028110561874,1961.225204358708,51.554539956209574,0.2402518713002717,0.34668003929101854,137.06011844342828,0.08395071347466931,0.0892877169862345,0.0698317812463145,0.01177300990606156,0.04265388185843566,0.24757506503272264,2.84350660614432,0.053245256857348267,0.08270510105398277,0.010350320157386683,0.6439783338708658,0.5493082287215163,0.379924608887654,1.1061687391575319,0.005097194159298546,0.003244850788735043,1086.1430125145591,1.064542265589056,15.016878903978855,5.502638858101015,0.04356486689174588,835.9713621719167,0.11320392538387392,0.10062967708514758,0.07126483876974365,0.02734766854299231,0.02107837295080195
0.08906297030826948,60.599740793529,0.02087165561302662,0.0009054319048971138,2759.3014155428395,148.16085381453996,0.020461383539301714,1.7371354234693461,0.42180486220555036,0.023350655432741618,4.785914071834811,515.0938855567339,355.4886267483512,0.013364755458698419,3.9106708354883084,159.453175992578,203.61952360942885,0.8811133715578867,0.1785604400638947,0.022837574812787587,66.34018628285801,0.06321489978316208,3167.0403518772027,191.96079601503078,0.020753051560180147,0.040815601670028734,78.12888599123325,0.35197407861279917,0.006260574194453916,0.018679539208741325,0.0254671097773409,0.5410247244769844,0.10913029372381633,2.8038676281496455,0.14335029950025113,0.056533504537396695,0.04326393177907839,0.10331745562246208,0.09876463675779945,0.1538167913750188,0.8125694049587837,0.020912752315399352,0.047074597710484056,392.34890661709755,0.0037927887760416112,5.542753815423851,0.48780716212347297,0.024505056741362274,40.57526145383436,0.011106201897379542,0.15001952849140565,0.16575510579608554,0.011502834248844351,0.017155411248898744
0.03345281789835841,61.748075490705894,0.012720147670998827,0.00299195497534388,596.4642142489206,149.6981471631344,1.8371533457634017,144.2718918641718,0.7853986816602925,0.036680478338407596,8.019499461371222,501.4083775186597,384.510066085395,0.005549195272206653,0.6951850208069148,992.4128517351467,192.22823812583272,0.05921298684506038,0.3984882433608199,0.025033627115868207,63.07191749730877,0.0009116625681899748,985.9412165532586,55.39104689071031,0.006131026181636301,0.04904768480347066,73.20141613844955,0.12724309370466802,0.1468822594638981,0.02167490447564635,0.16147463868986645,0.29420714015985716,0.1693027003093155,2.1408961769320554,0.06366522184320544,0.06004195968227055,0.0033100001608064034,0.07653353399444196,0.032049747986548915,0.9712553819193408,3.001402682212361,0.09757166454654165,0.16393771540434177,565.410281630531,0.04323169060659282,0.3691886766431143,0.4034309011700419,0.0826129029307312,132.41228345209268,0.04286869768731183,0.02859195514131674,0.0188023661757315,0.03215020116734646,0.025551895287271087
0.009861815736251778,5.230509072375937,0.05884527495061587,0.3491056675012141,1913.64344019289,5.057329883550611,0.8477340651146337,425.18855091439247,0.3817629548250068,0.019950938404648788,0.11411715203397232,0.12147340419045882,11.127634496139784,0.0015529617434975052,0.18359257930856732,136.65408085646732,113.27920574589562,0.5354727101496346,0.613484614026155,0.013644678604632254,7.416467186853542,0.02407726837623958,2197.1485499139458,16.276851020300303,0.03946730987622704,0.02004490551291127,0.7116806846029808,0.7790531799547304,0.002651970675937143,0.11712606425102923,0.042792997480074924,1.0494016964358464,-0.022138382238042098,0.4483746168656362,0.1227486855016835,0.06900719998069604,0.16276861535202158,0.08430058583316669,0.23340356627107006,6.1669686411173545,8.180084892370303,0.09698463134442736,0.013096487269327994,54.95460345649768,-0.000965075859312492,0.04395767230234604,0.2322862029356001,0.07476554544501646,417.3898987347755,0.1686356922158554,0.034349049017161626,0.013605935339357167,0.024260506054934794,0.011561996447966294
0.0349007235982155,9.76230790870708,0.14860453667184537,0.021526699109614356,1037.1562882092849,60.08767324540602,0.12173146502644538,297.9210323881786,0.5018333243843873,0.06448011478679216,7.578850597111531,704.4168348550136,498.7950099403313,0.004924193253541098,0.03754684206881631,931.0863653693186,317.4138869050651,0.02965439651312085,0.0037275197062145438,0.008651483551243011,11.900876565784397,0.05141017349202137,1101.5049165026917,41.66614827339025,0.05273050733415552,0.016128534246138138,29.220012762749242,0.3252279340554143,0.11915191512099721,0.059780484786597476,0.13521782086431422,0.34430701663248264,0.03017288993702305,0.034397320824981925,0.05284116285480156,0.022141179759903373,-0.005458876046755101,0.1214398907873413,0.062105321536137126,0.056333542583692164,0.02717607131616795,0.024520858654679678,0.012070386653218357,774.5001860252821,0.45582160843516917,0.6090732608857561,0.30470004244055104,0.42626767737927906,308.4298672819045,0.01263929105275885,0.008275789278482826,0.001047058195919881,-0.001364344843841181,0.015782595675611688
0.08088726713198646,18.11254866872075,0.03344849373437064,0.06444995349451421,2525.6959386536737,154.13432166091417,0.34931723813861737,417.05160272663187,0.3722264673173017,0.011747944262940457,5.470230810708463,853.4235989175055,604.0960933461106,-0.0003911899612445424,8.072943665154133,0.24402279035919605,1163.077831533962,0.060330459343539644,0.09492259641342926,-0.004900959926047221,22.337060231611922,0.07666249405943137,3058.7718706691016,4.362459306274875,0.16964033248321098,0.03445113226118934,81.96231613463749,0.10737091479729965,0.07687024570339851,0.03302194189055996,0.08571237360948203,0.12083563123003671,0.21117254817878361,1.2813852887482167,0.01728549710355498,0.07944087208920969,0.029535059430867427,0.12145199553238939,0.17325119416711132,2.3688665889920486,2.387990332771361,0.026289503503661216,0.0325918654601951,816.5760031236965,0.07651924183502157,4.993706762661024,1.7702797304159539,0.012602292429797046,420.60338122452305,0.0668074174656148,0.04042571667864259,0.057850791375020805,0.019471686603482752,0.06476557378887282
0.07103303222153912,12.76582617462238,0.017182123374662517,0.04357123753809233,485.7452340995908,263.0323213766805,0.025647210198529002,103.81156173181174,0.08719975571769911,0.01668875201440123,5.6047617910171015,296.6886119165323,206.1021466422212,0.0006579991023905052,0.3495600457244725,1093.5253289786465,463.246774242286,0.10494581509759193,0.33849347378492833,0.0007789468675545308,11.581992825616744,0.021700030325248143,242.8606979783228,38.78952738765852,0.2255152132334466,0.08511498190949407,131.77291301662382,0.026024646715684163,0.02124407995475064,0.028382969896224353,0.001983727404478053,0.4875290669293042,-0.001617109100544134,0.007966777909559575,0.003909491409859633,0.21950987489570295,0.002091557066541405,0.052467983114888206,0.0322626238448116,0.8782955411920303,0.017352075589561977,0.050209251971922164,0.07576320395485237,317.4894911869538,0.12269017484504285,0.5404095466045478,0.20582237147512839,1.1784870774509004,113.04699943815666,0.04427030293133338,0.03673857742788389,0.06527161091530864,0.018710659747096514,0.00293948507318742
0.025348316037188567,17.851355017696534,0.02039924206465127,0.015081038759903187,1261.0387058872798,153.676702807296,0.33039684965948624,210.77359078958844,1.8231609836584308,0.06818106411123281,1.1254319508763562,240.97683738942607,165.9081742207493,0.0009214904207324182,2.2837170477646893,232.7324148810606,40.949417020687726,0.6121372966233665,2.8234602597517107,0.14297826047140205,25.12734043939639,0.043744880287131416,1204.955028894201,22.290946135397846,0.4332357365329198,0.41402416061676917,82.9988739846209,0.006600884951830643,0.004163013445606545,0.019067767375757327,0.09951218732395084,0.024169548644096928,0.00595781439884302,0.007003103300946556,0.0033256010725564167,0.018690616035597074,0.036302218217749704,0.05411082800125744,0.1092305794009647,0.13742549941043336,0.002799472536160863,0.015149942219208512,0.013548037414341962,230.82083333032847,0.6110658527931303,5.869429671686355,0.03549933999565802,1.0056258777672795,215.24866794525192,0.01399106347952106,0.1531548813946273,0.08477604211103085,0.012663866043189032,0.024239177387195276
0.020867199375010692,3.288439326160482,-0.00011873803906592428,0.05383979264583072,2322.809100341372,213.0058057957224,0.18751284815940394,187.51428430810165,0.2184091796866685,0.01363260579005754,0.5842672173117673,503.90455462764504,356.097606675474,0.0022161290297395553,0.5041266550025743,32.307214394561356,456.321223957491,0.2148787480843799,0.34779338680043725,0.03001067528776602,6.977622921599314,0.03585559952867268,2278.3452119104704,28.203425997946844,0.06978102681765996,-0.0018409132862169386,113.7748096769203,0.04115565262242171,0.07591395012679847,0.007848205208992987,0.1302401444088872,0.18446394970947377,0.03592286866106775,2.7768270610857595,0.016937612557043735,0.01290852827222011,0.0518911122437844,0.11457614057515464,0.009450425010317787,0.5050285261555345,0.3675205084488118,0.017447309117978094,0.039605148128886825,363.69804357277627,1.0254738703432373,10.239542917223103,0.3089914548020536,0.06359499519181533,177.60506582122304,0.05005462203567124,0.0464634163062998,0.036717554901821714,0.11143433368191324,0.01029508000893209
0.014622300680362521,0.326337694942719,0.03308192924241471,0.012753477961530812,1411.1719222275487,247.19008608434265,0.06666938394091382,150.2278809910272,0.9936122589122851,0.04532221175149598,8.67704675914069,1094.4764274906968,796.5565341407907,-0.0011653469343739786,1.9849519842719756,956.9756717199255,940.4767846512752,1.1156140037448123,3.7682628148278647,0.03343029385063989,0.30717563697246053,0.03760026953935558,1350.9130687202369,162.02094314871474,0.016294444380917206,0.05793618661931621,135.96468213945943,0.019982251287742336,0.022195806666845286,0.04086503983200984,0.07463648576333703,0.21349247645512204,0.1872202161860379,0.8847253883020096,-0.0011383311197254997,0.049170554511447584,-0.003952972344697159,0.023268950435303637,0.001543633686613255,0.1756143998550117,0.33515342353302646,0.04082250788652608,0.005684579150320168,1073.8891797494362,0.4713272200885088,14.758741373276614,0.3881664986840523,0.022276312138938437,114.45403611542996,0.05108119990353277,0.043161091690490316,0.020185451614790573,0.008507657031583626,0.003209718558723651
0.030383529963889266,38.21992648616352,0.005265172581069066,0.15457856599604192,1848.1946405298447,80.16659437764864,0.25380030501701256,15.716778730945341,0.5180815003859269,0.04160945127611093,1.7836660814890077,13.775557652110196,12.707623799803772,0.007242080995593092,4.247809589729533,1060.0870187399664,814.9615667741589,3.1628019613355463,2.9746147638800657,0.052494156222320676,39.76557981245492,0.11046080803767655,1766.3849788084458,213.46575738251653,0.042912659542472475,0.04084640289993757,41.59139610327192,0.19386909222050974,0.06950480889084254,0.010873130613695992,-0.004707943001274195,0.284865373141014,0.4051246513735389,0.1051953274588362,-0.0033926774048280706,0.29003769140497937,0.15034798042342779,0.10415362273250128,0.12674809985981383,0.4959298967858352,0.08179687802046587,0.022411310954400854,-0.0017764590282531856,3.508943411153677,0.29514422825531206,1.4580590458683407,0.9150194645247129,0.5909164212186546,60.306985609842016,0.15572457226893732,0.026847969301943664,0.025436941968401072,0.01060091181189815,0.043531240595342524
0.03988790231651684,32.28892401317837,0.049203926324342895,-0.0005016128298054312,958.3144875598,325.2018515903785,0.15165801210171903,369.8547804400599,0.027426360238524516,-0.0050897487717387335,12.667066803386522,999.4364524750538,703.3305759603686,0.0035375996043116587,10.044438154622405,630.3925341169106,930.9635504144312,1.4137856902127668,0.8847378579009506,-0.007232626674242404,29.58586619894533,0.0075154336403420174,1411.7720874761694,99.20706774035153,0.02153220424849689,0.03664365504331624,167.28940058991034,0.26065233390187803,0.033063938591394226,0.04751172133110071,0.05365938019681682,-0.016910212440718553,0.040411554690691354,0.5321196253508118,0.070149834934921,0.05316609522084015,0.016661972321908358,0.03917136135459298,0.22549261727174041,4.370344909767895,3.0332517774275756,0.06683330191100545,0.008866606553006307,881.5816099669643,0.8120800327046025,2.297584800757357,0.1082661733494632,0.12763291665390586,393.75622700578083,0.03288373878462636,0.010487048791050668,0.011075393874866002,0.024670524448853648,0.017455607664757622
0.023521704493254525,15.448456218888373,0.05737388546377975,0.020976532738332665,2744.1162860419536,217.06258157143904,0.16119382074111854,181.2166620029882,0.028701057569172406,0.01747996980493749,14.926395042768517,894.3792818849969,658.1290466653398,-0.0013357750709355187,0.0619040890266751,1308.0046452994684,882.0479663866881,0.42817890608418807,0.38709630641736137,0.03278051638669144,19.90241097269346,0.0006720983256318647,2697.578638085975,112.7668645647254,0.023386178680610215,0.060925495975014954,114.91726172195787,0.043524794033096725,0.011372739824939693,0.04623101930278217,0.1964185851999929,0.2256956965822985,0.127254266201553,1.1873830429385261,0.05063820541082453,0.19004445398013736,0.11264040862799263,0.10036568206913898,0.04055012370614186,0.42220926666290826,0.1906632033662774,0.010060430128710607,0.006108537215218313,968.5727221299094,1.8597086575123054,6.518822740973487,0.1573954871719696,0.006897996602248213,157.7620680412867,0.00856053159898007,0.029980117246521054,0.00034686846221543277,0.009134941492746407,0.024337518057688357
0.015020645652012554,112.7217036954212,0.056106453156504976,0.06206089477228449,694.4580469002343,86.7176536257045,0.43423421893297753,100.30452692741791,1.1293452273447437,0.0407285315531869,0.4571342444010442,385.88028166739014,267.4261426053213,0.001797027294833775,6.444145560301112,992.4264497445391,125.6166319060343,0.213375881332051,0.5259728989183889,0.043859738027733464,103.06073772334933,0.008431186166828475,568.6588041141404,90.14263819607008,0.11629344430980382,0.23307593165427942,43.12559896886734,0.6016455124660434,0.09333440586388964,0.07000003130691557,0.043498911431176346,0.21405010176278694,0.03341925192501005,2.7951021094416797,0.028374554228864035,0.16191628067344954,0.182575513099275,0.10913303347830361,0.2860313985936136,0.2004233312983903,0.570579002611507,0.025557389117376594,0.034743877833048664,420.94858727727,0.014336872134947498,1.576044327732082,0.41842300590591464,0.006519786460589039,79.47109428806918,0.20093845689840517,0.061260889559291876,0.03765154836825424,0.040280421569517166,0.012127680986270484
0.15010130816213962,69.91625510725748,-0.0016077444576962918,0.03744021356137761,681.6841359285045,478.17668445006336,0.5979670853571495,465.0918948106171,0.0023251097999388293,0.04953915274850651,0.49539325103522813,962.3067934567063,705.2279820771618,-0.004743968491406569,2.688615337932678,777.3975509490544,1128.08449585753,0.14020272981331594,0.05623797315862067,0.3204902556070648,63.585084611727446,0.054538937454474024,292.7085035627447,250.649792553567,-0.0027304430396100088,0.05820569061758363,250.14488574589495,0.10054164059673099,0.04084390126504456,0.009760235630314362,0.21851967183031284,0.1329007356034877,0.005086537112974909,0.4041788438675127,-0.00639948696602044,0.016456572174689654,0.004507009999962008,0.0400385079586556,0.19369363623747482,0.997964511022559,-0.004381893700495354,0.02583617479800626,0.04537041680401721,1050.48692551255,0.0640148108585139,15.476332978366031,0.020270289679354292,0.24506717040811754,417.39341925247015,0.16681486622942554,0.16440641667456202,0.161930120847269,0.04314012874214246,0.10696911110950857
0.05817882821863396,86.70766576349908,0.026062291408843308,0.012752464249134121,602.4020911869413,81.79539311959185,0.18839962421465994,64.98853903797449,1.1346712197924713,0.06457999715722895,13.843374365512888,261.62918951793927,187.7434333387626,0.001133099574890828,1.49643253413908,1306.9378712197515,531.0198160207309,0.07565062824149038,0.05127240180281589,0.013486180896456368,84.72858242679037,-0.014977258111382064,472.1025586537583,113.8319303815094,0.23462503252510203,0.20003762570724248,42.41037130831103,0.08100699637116993,0.017310209381038888,0.03223388029305241,0.17639249795573164,0.0035533498984436918,0.1959072336679899,0.00336038942555561,0.09695522773059295,0.01263118156627474,0.003348513380874607,-6.275717402637326e-05,0.0008365948040864879,0.03304995326440707,0.0810191258453763,0.0036568259620484156,0.0017073080114080597,414.04919427741004,0.1285105582995234,2.3984745704201167,0.5827153964429908,0.21709586814329285,38.4214488994599,0.03516111039725622,0.006432674112947012,0.005067657125508163,-0.009107393712727507,0.045365865667228
0.042777732487134124,39.033467234534186,0.010098126051909517,0.008002181717712276,3821.3676362300685,79.98629996095411,0.08761515745252968,547.5097412035444,0.27820409435444304,-0.0007460480216874288,0.9497457664423585,206.0256171999518,139.76547373642848,0.028358181380485625,3.4854728639415846,91.80668987739611,151.5679064306878,0.11431344290232914,0.06829742019607732,0.18186427973871133,40.987765643391135,0.008520071511109784,4254.983033148268,118.49609933091001,0.03179255477668086,0.04065263115712803,42.87659748797444,0.0768194966579614,0.11033477725148977,0.03127139888385244,0.06387895792761178,0.19474572687663017,0.2149380562220573,0.0658139418652155,0.10594990147165806,0.060037115451519796,0.05282684398406978,0.05711176765849579,0.010739978217022994,0.5135600165353988,1.2937416084594808,0.019414640613516276,-0.012804395670263702,173.1920572503555,2.4060851217183927,4.032196116252031,0.8758819289215971,0.05548165299839791,528.518087433981,0.012479231701206572,0.06605791010672135,0.12686910312091548,0.024640710719820547,0.009502187221864133
0.09838701112629966,2.3045431084006642,0.06084741763163848,0.015160482727337943,482.1402060090951,271.19108340506466,0.04959056651013416,1131.975863850462,0.020033847381990988,0.015311414402381374,1.8639744687358943,348.6238782628899,260.67119500521295,-0.0006191665130463875,12.432107291643856,644.606451791405,198.54331221486132,0.20174176784255415,0.3850416009832198,0.08788163820099548,1.7085223241309277,0.06829396996107828,911.4153171475618,6.586163029111337,0.3335139892830039,0.12821255744319693,142.0437161607502,-0.0071600921698635744,-0.013452406492064917,0.0050545624686604285,0.005237144580226172,0.12886317254854696,0.034014581771797836,0.24148767766380352,0.11630941533563188,-0.020729990548854715,0.008916542067175293,0.07236783228551591,0.08199065986348408,0.31213635870682577,1.1121427227124068,0.055350533333252905,0.07432556843200722,381.1828679193989,0.52864685762838,5.0692985287492425,1.0410512923505157,1.145219854945089,1140.7107639672809,0.03179516639416491,0.027855016383194986,0.034838433504236654,0.03627552647969967,-0.00012290493439248706
0.03282106559852416,6.098556651786247,0.007525989008991374,0.04941338329406353,640.7107862103004,195.42675354619573,1.0902855519565335,407.7848341312313,-0.006364249110187181,0.015412104899111156,8.029852927859473,1039.805449510727,739.8606476642867,0.005432255667640717,0.27780157548375417,756.0118261947239,1251.6548614558185,0.8546483552983872,1.9028590769263438,0.14806170450689127,7.790936179484053,0.032491385670697426,547.5034002385962,129.42161061994344,-0.009632041981655348,0.021548894016484965,103.40708713752701,0.06763179983978951,0.03375681986143242,0.009950221213919974,0.3497500484780742,0.036208476659051136,0.013688908799183608,0.21695379011602256,-0.00021653198603122092,0.053564991267738726,0.05192255065162055,0.007508404705616201,0.014352595216967856,0.7454190154733666,2.0963172098325895,0.02813337410098704,0.023735203721043874,1146.3321297841485,1.0599195877968164,6.353652046670449,0.027916850740631105,0.13836830742716177,433.01443047208187,0.028666399165008905,0.022024453371929376,0.003778254082878796,0.052371485904186166,0.04250955973334403
0.03355440931904585,39.006440017221735,0.011959271464736076,0.2516235604141306,2059.662176283647,65.79924267256969,0.17501913838316518,166.46027808324263,0.17198641298057815,0.016233700321747868,5.199499237554308,843.6271142955785,598.8267208061023,0.00047589676478132503,3.165021300652862,879.3187308430519,397.4903105719862,0.16824498544980848,0.024624190691755032,-0.009877057033161663,44.96853045058012,0.0922753218356851,2460.1352705599716,52.09254069939297,0.11346521182103331,0.03602346970028858,32.05824428721752,0.22179187727974004,0.12916829760512005,0.04243259278328004,-0.00873287068429196,0.21431826343570837,0.027508166583620763,2.0061104984447553,0.07338716825804248,0.23669419459040952,0.010111942784946315,0.13874216469499512,0.010490114401145334,2.4504646360174007,2.1235516829073156,0.019264588785123493,0.08953016912732537,857.9380521569235,0.4574085973532416,0.3593997258292765,0.4134928378948519,0.0879576128453019,152.8270062268286,0.04648605262051042,0.029380330696581858,0.06174928424869286,0.02915406389791375,0.0341331876878197
0.024942191040950412,1.2807729177176945,0.08381308669191156,0.03259523838184819,2000.2993401167944,200.56567356307812,0.8877583959615194,640.950698498739,0.485735517650129,0.003342066736122362,4.576364997119377,514.4264392204013,354.0557361535933,0.011313287002533201,0.6754674781106491,1500.2476823972572,1015.3954443176636,1.113303282635954,1.8995286750168496,0.04669298996011406,2.786264596210481,0.013934553135317884,2513.7554698153094,6.057187540564408,0.060164479573966645,0.06035783251244453,101.03204383502967,0.09509267002033805,0.025900688603432087,0.0005085414737076022,0.04471809906094926,0.4701589301585898,0.1080879063387492,1.0927698435109505,0.09502696955372514,0.06952405261210348,0.01846005214383517,0.08211762119793775,0.00252910796141137,0.4941071255813565,0.04475257973971303,0.12903162557485892,0.06286386313902881,369.9152549322801,0.22829974133742414,0.13464167069089328,1.6914494968521847,0.002741107971592882,628.1565135206114,0.010966767103938402,0.08083414948129786,0.04184072833021801,0.010954280283764994,-0.006794322604992686
0.018909184546745728,39.6610422237515,0.06549181611887,0.1628899230632479,543.0393827495487,296.74483047085755,0.22427003706941484,47.31939688396936,0.060746879019464295,0.010058377843510158,6.4135387135035025,1215.8737525130875,877.5249668929258,0.006963540217096664,11.259249567506496,279.7046692855093,2492.211741273997,2.152776545533884,0.8890570814787768,-0.007975166267164546,44.02649241243451,0.12578806494055073,1159.7110975276487,160.96004790215338,0.04327663498942602,0.010879284811073475,156.66444226595095,0.07815418566662924,0.024977962775336593,0.008976491248989582,0.04575680176984065,0.13178045057938448,0.02011326577479977,0.7579173333618456,0.024596659921272135,0.14947435237994,0.10386575153262889,0.09641170037683455,0.06613193652687954,0.0787652112869548,0.10991211392577682,0.005197746335606546,0.0842897888922991,1277.2843993312592,3.159332638384857,8.462991106728781,0.0973054789137402,0.22692300507251062,13.175933255451232,0.06891062393481295,0.14034344507838714,0.16219264522476173,0.0004171953842373455,0.020692648097451638
0.07198977733980794,28.86092312385094,0.06257032044549327,0.004339760721285835,119.88664056105864,80.46525487617991,0.22396380666193139,38.90560726965609,0.10920884069023007,0.039245832042694495,4.166612088268867,888.5847014756667,642.5793067955556,-0.0024645135384808725,2.8233699544357176,592.6531242954741,1077.6790527980195,0.23608811061086588,0.7393658118250954,0.023629571605682465,30.392785016117582,0.08219686933864878,177.53066443764806,51.6245461448802,0.10218209569405357,0.3322489622824696,41.58609179600761,0.02226651238966504,0.009989016020539587,0.007477105792840888,0.03304239001598397,0.34656260403352146,0.011018861618586229,0.7751972762631212,0.010464901866861887,0.024482275265190978,0.1121535867228527,0.15238194324624654,0.21188730518775234,0.2950708501656498,0.7280567175303361,0.04053493896097482,0.0027491456297408234,900.612526184571,0.02198460253332346,2.643462238924057,0.4297272132015362,0.6716053315960426,49.97319678602912,0.06410041802028665,0.010144222251884827,0.046014439773403026,0.05527343777560301,0.011857715416708992
0.11789973618100635,4.217736814558695,0.0535366173197378,-0.0009359570496485503,2689.0632971224245,290.4082135858701,0.062105807985543215,110.10812851295401,0.2817394596331697,0.011028392184053715,2.08400997433108,450.3506125366666,286.97856457645963,0.025336601018944194,7.6421213068821245,515.8467213326012,382.75743470454364,1.3375200379275345,2.070349452299892,0.007115874220640528,6.491220497159036,0.02355982343177665,3315.4866957473187,139.67431077700428,0.012209448340934514,-0.0016298052914036631,150.11727706911554,0.151656374366949,0.07788470448628715,0.022186245183998032,0.0341714011501395,0.04492299547118428,0.5625369263825171,0.12597331175780369,0.025905735211749104,0.012641951279201535,0.0034174792805448106,0.15704993329720196,0.031500494227701736,0.5772963096090233,0.29099690618498375,0.10988361430094074,0.021619722508930295,235.15671601069727,0.012553684343242999,5.150181194623544,0.15868608733757839,0.06536939599141078,78.1939869869073,0.024358054532496176,0.0010556237681687008,0.04782864496774586,0.002987823101174847,0.028351242462631987
0.0015184983964520171,23.917241324333162,0.017434061307687543,0.003020502020449456,494.62102732288184,0.2796697446314571,0.12358959392789082,0.3712160452594011,0.04103114790756379,0.005820573613660507,0.49822095065204763,344.5361623031876,235.59740964198383,0.006594052217460344,19.852789431527814,1247.7008464013807,492.4368232049624,1.7852735827252104,0.4716884634193761,0.03196519280106891,29.882086293863896,0.0036656420620992947,361.9287888655056,192.37437185421928,0.03442009050248451,0.06527529470113169,0.02874815738764447,0.08579454063802316,-0.0010811574757845221,0.012174416834875856,0.1696777818847952,0.38870953105220796,-0.0007644921020037998,3.260999141990048,0.009058794081870047,0.017881999960129846,0.0010193586127007492,0.005504310653905442,0.021155248886493006,8.365661549139494,8.300778304579666,0.0371475323757533,0.03773025086226234,337.8309295873584,0.22341347473933482,1.402840726352487,0.015564566118003498,0.05809522222755792,31.917389828178013,-0.0009140964219689351,0.036452849050705005,0.05722695684778678,0.0045454574785157575,0.04302699483932848
0.014785995586598766,66.00516999720108,0.045223042842184036,0.033690337199590026,2799.931167490474,248.13936917412911,0.006770260218503132,576.0074558284878,0.5498855774758118,0.009928592755016119,0.863788889847048,152.76287290242954,68.92316692382731,-0.0008282021876171441,0.05039300472910835,251.13448059243404,104.8860101629514,0.3700338538191046,0.26751813989474105,0.01723538020248494,70.91787447920849,0.029102177498871562,3614.508100351422,62.85149122715582,0.10559746311465812,0.11685073621434405,129.00059336581864,0.10345608294790853,0.05350875862656679,0.04325213592814858,0.05314602833074744,0.03552440490849662,0.03253858185131353,1.7765627452182633,0.08000946693159516,0.026015008770088777,0.025406557432206434,0.01855816105322372,0.03244114017264188,0.07919501261515105,0.5725506530288955,0.010671180255560131,0.025251529978467246,27.449056109414258,1.7083228332976494,4.946392925241217,0.6865257913960088,0.08674979584120379,587.9265810637783,0.006753934915241899,0.02401041276176752,0.07833714255060453,0.009926482627643729,0.04237812084792658
0.043575179793758245,41.29880712565302,0.10753332904489277,0.018269877687799863,315.5110806137821,356.5935549581847,0.2691189838060426,164.2206349603739,0.08566937790206719,0.008497934555771636,3.6507962906204563,173.74946342512396,173.0579324480103,0.00877383604206905,0.7244985045343624,676.8036004781343,78.01132481809545,0.06884887431006348,1.5693385084933427,0.04109938477892694,40.91679037472805,0.023464569498808707,1025.644932388918,84.77634074425927,0.030633675024438922,0.019178300081953203,188.04448402334708,0.022820666824898694,0.02628064156863541,0.01596684910121393,0.08819533770116461,0.13136001287833832,0.15091500018335324,2.965650336909351,0.001572181070200962,-0.002812398631692581,0.07488783620954287,0.04687426175914933,0.0026189127708935445,1.0201451248289244,0.9293800421936504,0.12662188130136975,0.0026429034055839296,233.37428957233465,0.751049172979612,9.61368262082053,0.09629269710452526,0.6101856490982636,147.33306467347066,0.007169694233287949,-0.00593596416851927,0.044604996380336104,0.05076762706477389,0.008135868151446068
0.020450374565881724,66.36708621551342,0.02477261154649746,0.014509710270738552,1087.8369778257436,124.87789945902028,0.06691243273236491,182.77383109429354,0.8988875129571321,0.019518251921707197,0.5239898283530495,264.992807880975,193.48694188685445,0.003941295983740822,0.009784549883462113,509.5356841012361,813.7292159239851,1.229719255496799,0.6696885245722024,0.01538987199543751,66.89764206568964,0.052864197802979795,912.4092731690766,135.72467229507268,0.03264016624004462,0.0667007177406056,66.81708431349045,0.017677807771609544,0.010906533860055134,0.0165234818686546,0.16052440719140204,0.32040030512848894,-0.0010535201608012912,0.09412247030050214,0.10032950990068823,0.028391175164746763,0.028625083672389806,0.09435035793773228,-0.00011433587696441094,3.3273773632876074,2.8712165867294965,0.07651837485054447,0.07416769718151883,194.86564685727055,0.24983785486225152,2.9368298661314,0.3735342332790772,0.04578310914832073,212.44888228712614,0.035514533096933754,0.05936615112992083,0.09903954478726451,0.0403133654669654,0.0065418450222516356
0.03234237242778715,2.0410302365689263,0.002091375977761878,0.0017188939630026212,1953.016994038376,23.77446531596724,0.08497691056292567,844.0477238653317,0.9959985286406257,-0.009474233837605261,6.760373675008936,143.56900812865888,130.21755822020452,-0.005687183428515041,9.404099198385186,623.5749662156186,170.19048426771002,0.06126664065864684,0.0141097582678551,0.061459799225065836,1.9967467246950212,0.017235162143438565,2296.4828814071275,2.310701176844403,0.01795962939056661,0.08694229285514243,9.600945500640165,0.02223464652933238,0.015218906970551949,0.06267604177802433,0.0051864987427574505,0.04065709391821848,0.0029961917089433854,0.26441632804651416,-0.0018075702921356296,0.037346131928116755,-0.007675988718292004,0.11684161964139772,0.09187462840326166,0.08338380996699257,0.25548433237433255,0.09936819408735964,0.03128933629346076,309.8954268206916,0.18362904660849821,0.02408212434317214,1.561299034891646,0.07807523679274464,827.4124179149885,0.008721907067613444,0.011511716694836416,0.003259525334244451,0.03531787781602613,0.04938628884473495
0.10399638011670831,17.711201531278853,0.040778885050478664,0.09831490102271623,1841.3929403448442,29.431101581157897,0.032129181022853004,479.8296558902183,1.2030688805870007,0.0156941597657827,4.866482874819889,56.005978979468914,26.152238990197844,0.0043862602875073264,19.874825605270345,1043.8943434065561,1254.8106568163394,0.32784105613330716,0.017848133121122878,0.09606343093059255,20.02272610871337,0.07570784793980145,2210.5519752180408,56.494728966062986,0.03312000750448263,-0.0013006918130873402,9.676188731521533,0.13474637143608703,0.002808590981802972,-0.0008144494649915401,0.12085588822046667,0.36042156721846297,0.000788153430347549,0.1638473775162934,0.07583260311638185,0.16166434156356502,0.1741188835889984,0.059656662427988394,0.1879694648714656,3.7201536510226436,1.884824447122428,0.02388111699760742,-0.0011696307780315607,32.86557784192096,0.9931871390323881,2.4797550529253485,1.079813928313138,0.06273130566742324,487.5399707468889,0.3862843827072435,0.0361611368808461,-0.006408429972148966,0.012161302116307837,0.03098422117807864
0.01072239511508144,21.596997605090635,0.020013852829850798,0.008840680476771112,1834.6821017457737,122.07391177095924,0.30355908798606634,784.4718217092634,0.07881668094284588,0.01858230691307572,3.4556020935445435,112.866684863015,85.06821974494852,0.004671429403106053,0.05143889564239679,865.3373980026773,832.0899825853718,0.07934874151250781,0.26104234665105075,0.11998070536893213,17.700664496016117,0.02733292394186293,1817.0703298764172,41.33289477249255,0.061791945360073264,0.11004391886613529,64.61528686778915,0.052082551010812494,0.11812971636975611,0.014040809406661303,0.0838712595341704,0.08838722161215529,0.01844556052967583,0.7928690404552885,0.020501323911470415,0.035962526014539975,0.010158748916256677,0.019198350020140253,0.14134849988203513,0.288034294406188,0.06598678899864652,0.024910903665794848,0.052034754255672055,149.2015215303787,0.17654450595180116,3.637299561544081,0.09908753378501078,1.5058892294436923,783.2018996695427,0.012857207169084006,0.02502292469804246,0.0458610424490713,0.013393224020870065,0.012444368446709042
0.018976062638540903,18.619802338677246,0.01907189284276889,0.11559683051114611,5176.3494667012765,178.98665116838228,0.13533935570603983,384.6866439408047,0.114122097947571,0.01223672451016622,6.1302658564712695,387.31010461927923,219.17807810783512,0.0001822042771451038,2.861514432077965,210.65310853651943,41.18406426026548,0.40410312565184103,2.2130241653867566,0.038321068575728034,23.38961865621529,0.06255566425415271,6314.970663766112,213.8175270024939,0.026766501353361782,0.012947190141065157,90.98519514185782,0.01217343546351124,0.06542575135720252,0.016193972273600643,0.11203685066778402,0.06874480944699446,-0.0007387020507794162,4.501506677640401,0.008965317799876082,0.02517110288940394,0.010006245097874178,0.6958101163675598,0.43451554679906934,7.5110933103156645,7.570307763389429,0.051662722584078224,0.008128425036689535,301.9348374377849,0.8352896397130687,2.6147377994417207,0.05693937633804946,0.10941728769039738,429.8262787460435,0.01907998454684634,0.10546320279708876,0.031468004507387626,-0.0018276755914437004,0.011499548854439823
0.011633011094478896,22.814497190903353,0.042341917776062665,0.09373972895425808,3582.0767077005544,63.48382007647735,0.08828239292690032,47.73414097285636,0.3272164054937692,0.031102525963000893,21.423330923072577,375.58950355714836,323.1401393385636,0.003935538317532128,19.793969998133015,388.5960173090139,1051.6024082072959,0.8548406519749241,0.16778826538016922,0.3620386823876851,20.48611362147338,0.007002481957818496,4444.384070553643,234.6167646131377,0.017713511161004725,0.013047784737303836,31.246802945599683,0.025483458028268124,0.01887157956174157,0.006920816393258811,0.01658135307212394,0.2680165725487518,0.040892230800830376,0.5149567262002881,0.0643471161708069,0.2523172835409033,0.027624654939049975,0.0015604199827210508,0.005727521015568726,0.7415996272553391,0.40518887965785577,0.011654877385130824,0.0320741272034093,428.8499484498455,0.13222239873391217,0.4459689734177692,0.2234767054282436,0.14275174543772007,97.8337263756221,0.05035774766686263,0.042480015919682756,0.12134155363585908,0.025575592359918353,0.04422418059529942
0.0406522419217179,6.793197314417899,0.0031186174682984458,0.13935057583715071,699.5603903485828,26.966407110973726,0.8847972709617586,585.5597168468746,1.1468724459677304,0.01267035924468285,9.125982634944194,829.7513043779961,586.7286286474571,-0.0036890984714812447,10.574217408068794,806.4812425217349,628.8337961538894,0.21127633870451312,0.5584953524716134,0.09437781619236585,8.18467893082087,0.03530871388774237,658.41833580477,59.17101355798297,0.06098098305186461,0.02770019338674956,16.09867722411285,0.029352493993387796,0.0015379542151858772,-0.0039504807102854755,0.06754515563265073,0.052947431912417464,0.07270510154138599,0.7886095563479731,0.04429007571363819,0.0780261371827935,0.01623545300270912,0.02062164259156951,0.0023556425315520713,2.336057352270192,4.138299061744162,0.013576018376933341,0.021426177334613605,805.1607260013991,5.247154773522654,5.903688592978343,0.7119836488955933,0.053761941143754655,568.2405687212797,0.056491881688998546,0.06417785175719626,0.05147975156718143,0.008147446629031663,0.0032433252367622956
0.3082292719366917,27.16169304867222,0.17493767161614304,0.0101415496094317,41.15863477069768,264.36820103931404,2.1019163626270343,385.3134058352709,1.162350098468461,-0.004130599965812998,5.160792942410516,2.3016766837753737,18.694555797159936,0.0041593359103684335,1.3216469263862374,399.6536673248874,566.25579995127,0.7289626485426526,0.5142932738013188,0.06670109330926799,26.972267856306345,0.02682008845988193,516.1266998418765,59.0905124049531,0.02294370270805768,0.022433539178930317,142.7094455019875,0.10808741913675757,0.027289833971928523,0.00972809472002556,0.018634325548600117,0.007535421721693858,0.03809559856683009,3.7205261744890334,0.008937670383654783,0.006636161014117903,0.01586747707067193,0.38572052006865487,0.43986278527001677,0.9074994168784132,0.9590766270737126,0.02700838493407609,-0.026671652521480738,74.00297607156769,0.059782711088193,14.211433599995566,0.531245549953197,0.8559515576322712,370.58688700760354,0.0021890340182659784,0.05502258680480221,0.05648775979507459,0.0019228463957343678,0.019654219027092523
0.04820519843538573,20.611176111305355,0.052962562456763784,0.05125866960774861,1742.7306124992033,126.83671576474636,0.11064255289557234,177.42171195201882,0.3479946195295085,0.015207757242485798,0.0005368671972911798,793.8930294876109,558.2493116279417,0.002358445171725343,5.537425547539073,813.3426040733126,318.75867912992385,0.10587325643438827,0.11230851060477676,0.10617770848578179,16.646307791556673,0.033253062177255543,2186.185733458087,38.47335366811518,0.043560658379491635,0.04240881726674228,66.49420912817959,-0.003879064160087431,0.032211060963370564,0.027339259922580794,0.09771196569993457,0.6108197681938066,0.0430993437441769,1.6839795914492548,0.17286832228682414,0.28107886130306525,0.1460944493881522,0.004032381658301887,0.006576945114336041,0.017444226758200898,0.3281226689991126,-0.0031677401618708245,0.027775859356225396,729.9485599541051,1.337320304432632,3.0585035413362522,0.919503949683337,0.17791843718458544,185.06453343202165,0.07550299565795449,0.0193132931526403,0.12628768722223782,0.013534295717614775,0.02468003610967262
-0.008477547021437992,20.84102117964419,0.09726014821767848,0.010725223179122167,1490.024890832563,169.67367923113463,0.41554077549294277,209.00549239128463,1.2653521042948448,0.017621645636296535,0.7559926825894259,212.00834574691535,124.93134981095855,0.0029752822504507392,0.6774563824659658,528.964045354211,158.4768461409699,0.14891777696395803,0.13983172262385324,0.015887861728643315,24.44620629500578,0.002147650075931651,1054.9967418375586,367.4313794149383,0.03327631088079652,0.12617177368886168,84.86213233198049,0.0356867797716518,0.07042003585005396,0.01005785438458684,0.3946457668601795,0.40874743358466503,0.08826868186685033,1.3355130430753004,0.5635465261246182,0.03869999554652015,0.053293851759190325,0.004924827371171503,0.008409175797763346,1.9837134183285094,1.0468040111703942,-0.0006806967043857526,-0.00629072564458788,340.6180686643704,0.2226366386034897,0.6970350508906655,0.30977627621440185,0.028935963481404592,129.40744900737062,0.0027479385001161205,0.015440252122134623,0.11586871126812959,0.009840406248764921,-0.011570533154480422
0.008207104441799729,73.7334354334768,0.00821431548395779,0.009136510345582494,1243.9887838127588,401.83771954502873,0.07770505997932897,369.1460554665521,0.03015846018448709,0.02098688628336376,0.034774129215668914,214.84220117749985,167.07969455865324,0.005972916122424898,0.15799501489963141,54.18552774154631,188.7190366498265,0.10925728839595816,0.20485947285955497,0.0071654074830824754,74.08041371311116,0.005414191223604092,714.5579252401093,99.06360433011696,0.16499723865653326,0.10291473215648406,213.5702225294623,0.08952642057108395,0.06904693677307172,0.04452226846255947,0.28179818757890907,0.32196140728366984,0.16286636507546426,0.4867731071890873,-0.0029448943252194937,0.03898273488787751,0.034777607262316934,0.0979772989133334,0.14607022160858119,1.363354193315054,0.09457643247410985,0.006317364507546941,0.09764632658841599,145.66678385308475,0.43128224390435754,10.363898218438674,0.15580873426269104,0.1104704791241975,392.68308783553186,0.05400176836812065,0.008574502033086517,0.03401916339313882,0.019177680206949432,0.005342001574397237
-0.002188686527480499,13.494071398770751,0.06978314693277277,0.06885125996220509,2294.8881708762824,1.9843840411177052,0.09389477071568919,342.268704197568,0.14154749236817032,0.018322956193562057,0.11889160744287786,20.30403438367621,46.51859704585279,0.002234904427012019,23.179748942970882,1037.9756579353782,422.1506168135978,0.05782800359344886,1.314523015675844,0.026344097213601536,13.017113689114074,0.019359580201035342,2647.016047404812,3.526492632920492,0.32929638341119905,0.08331856805822113,0.0035185613115862324,0.18927447520647434,0.01488671132045738,0.021894023349135594,0.21189609222826,0.05606414604202925,0.6190063366107257,0.269794328173953,0.011698338700148803,0.009729115813076561,0.0008640009390834535,0.0053495699137400265,0.03884490978116517,0.8592859047362165,1.684122506871283,0.00857694925184127,0.04591991967329534,152.25249471974922,0.8610898271362242,0.6877531279850633,0.07648581189161519,0.24818002581122922,343.5378097902577,0.027567939573049927,0.0676890785801989,0.06751180392221467,0.06554540080838933,0.027054425520356418
0.04207905355788011,11.021931846301214,0.13461649330696446,0.05074330141366534,2050.7657161492357,16.71208469305995,0.07096294403034165,276.6700991848731,3.0691184716868527,0.07024564149180712,2.296906123935729,677.3737163350701,478.07174261831426,-0.0029152749115821663,0.48551800988343885,545.4717072685725,382.37486184383187,0.6915199410851436,5.284655028640419,0.031131820532950272,8.81081962562427,0.006436742417973207,2307.5468400172135,43.244580045118745,0.33006837595573657,0.4456619664710839,5.620733905381046,0.06555584506899681,0.015288055903627473,0.02080474188725656,0.02460912206030752,0.12416905456070548,0.2787136440421758,4.213460868821661,0.2514992779526537,0.012461108853028868,0.09372642418664423,0.5307781086285548,0.9480336988614759,1.851431532596008,1.5646592292524737,0.015342289658929253,-0.002389873874268922,636.7975413767253,0.1160877301741774,0.291988167125095,0.7102803944878779,0.18248054795231194,286.7312207598988,0.13344662943281804,0.03337599993012397,0.038527368778742854,0.00937292410990409,0.06963422631044391
0.009007962397911129,40.48340287264243,0.03021441179099149,0.09318050899653318,520.4974472436581,52.08575750493391,0.06470206825100089,369.56084485033034,0.1444501057788381,0.07071770978356184,0.5981990175315595,49.25279455905769,28.773162558233775,0.03398936978798073,2.3157898080726387,165.48263607160047,37.066753358041126,0.11862511295912448,0.02552366890428104,0.16130125448990285,36.84829623284379,0.007867048686737377,626.71920796598,24.598917491315927,0.16015366340845905,0.04703090387383568,25.045320631424612,0.0728220018936474,0.02991801888060941,0.047210285568246135,0.2459661937487816,0.17105079422808167,0.021544805765719488,2.765243753166901,0.44278181665942107,0.01785099676930546,0.005422534832228543,0.0499536266222913,0.15630264799707483,1.0450208122936626,1.8494463798036644,0.013504389559519936,0.028364781382058446,72.05251755567853,0.8727114188990548,0.39246188440400065,0.3257107287635588,0.18795175009835852,378.9856301374343,0.13070117549568128,0.02097575609266844,-0.008047386000924028,-0.0023866089659332346,0.022012924509621
0.059810827570075276,113.43288825012658,0.01002894513995578,0.001809809568231735,2489.188056571796,235.92401810105477,0.3429967376112657,119.07078201661255,0.35052273680546175,0.031165071015631263,0.9027457330347453,4.0028497546109705,9.901282516141166,-0.0009439813982057288,2.8710549166633506,396.05115863706953,93.24090228750597,1.182714490776295,1.286644408771604,0.10166895507920692,106.59370109744182,0.03015671897378258,2429.5735613929814,52.29180106423091,0.07105778093615367,0.07052887340779534,125.78160905608118,0.05640420707671456,-0.0059093897064013134,-0.008587501533087405,0.007472664271729101,0.2745948032654937,0.17084154376871208,1.6548370314807084,0.022218656086335997,0.009057053225785872,0.017274826626328732,0.17948535113543773,0.2515997470764928,0.18606057506799356,0.2726291247485051,0.030533414892166988,-0.015573840979037357,133.82835171890042,0.25511570695179664,6.415773443653741,0.2824071282300977,0.007727529619598883,134.27840077487556,0.015120643509253462,0.01959291746470182,0.016287651271435166,0.006900287615918543,0.0580351313099694
0.04169019688079434,15.88586690137524,0.07915942135523846,0.08857959372458524,1631.5427971228296,382.8850882155105,1.1492230152229315,298.0401426905716,0.4897535375723727,0.051390763520843485,17.816144270618473,852.2950254233913,605.9974235105886,0.0008695264757605514,9.466771934581546,905.733625946933,853.7229445117272,0.23004602307462463,0.40409190040729825,0.10597133762293076,9.980762226887025,0.0862357973604686,1343.426748638005,19.288126234563308,0.101436672121066,0.34495206785352206,200.88867045137442,0.031128596807816322,-0.002891749372745167,0.03235080842297133,0.04669375206546622,0.1146471717766886,0.08527448231385204,0.24083649631289017,0.0397391708279784,0.2995665817403914,0.022987181217414943,-0.002223528473404457,-0.00030294598311719767,0.6408646786021208,1.8913642348071775,0.006097878040329796,0.11931507451933587,809.3162826872103,0.8138328611895354,12.237303575077279,0.09779360776084278,2.857295216261548,299.9253658904232,0.033485283592282755,0.039625897515533026,0.05122827661671003,0.02576354552636495,0.012640803198555872
0.01913978537813321,26.204555824540805,0.2711256718751498,-0.00229440312426199,2198.0787346877396,67.86348978990443,0.620454551345877,156.43030656530394,0.08426562428021178,-0.011692953588646304,0.25069248286540446,226.0106369391602,184.71572297919985,0.0011926590684261384,14.000715296190158,1011.1001585025665,91.7993309811188,0.2906029180280987,0.3761217625088715,0.029450342464029333,24.863143305749873,0.015307566124716843,2723.5588121575543,115.83761043233166,0.0500031438837194,0.03295949450185365,35.17026192349831,0.035963861487029014,0.09852431955436725,0.002743287173819553,0.2803605938962086,0.04560917959978905,0.0495747120459038,2.2558139444342986,-0.003195814186725876,-0.005360399536979088,0.03137334773768963,0.28923318503375484,0.13695710619815138,0.5351293803534576,0.27037570064855654,0.012291129992174632,0.021662102837669117,307.0100261545674,0.2296140003477154,2.6971347454300636,0.1383578383432571,0.01424930777691813,132.23770722618823,-0.004436963178826581,0.010429129731601705,0.049799226876720226,0.036955655915604346,0.05270751521190764
0.045000306727896344,19.26042877839345,0.05222649110298594,0.15676438806338489,2882.00145151257,93.55611989480838,0.01823452375097112,554.2024150637772,0.07313656740422037,0.009244947621318111,0.6311816581545102,536.4630547879967,375.7423599334155,0.006287926306393743,0.4855064514466285,87.29989367871137,598.5767482173069,2.3950132412726965,4.420847830406045,0.075663508059586,17.725136302470634,0.060665356558780914,3274.3906949498646,105.71069928688944,0.1332834654245385,0.03839241459892051,46.41668358953085,0.00835020111257112,0.08302480064417406,0.011612426796821396,0.09433408850074265,0.352986278461076,0.028158035753325095,0.6769397801760668,0.0020000471517542806,0.042003989109593576,0.05014394585508963,0.06256142799934228,0.04433740754816373,2.111213278786586,1.4064842309800696,0.15472166159412204,0.09350346405004384,497.2605897626319,0.007419459293784847,0.03435863911429404,0.22558544313645612,0.019423430262833996,574.8483711548465,0.07853736539237754,0.09430119152913186,0.059023099130356194,0.018810582346720395,0.016006762978462596
0.001974327914632923,51.73327149567792,0.08179134127175303,0.03708598034485977,2507.4980683224335,149.17950082795952,0.2589596215286054,128.64116015787747,0.011247626898672536,0.0011799979632574065,17.612908532951792,553.9389780652037,412.39557733974283,0.0032169509879160785,6.755923310416398,776.389793823874,786.9956585699313,0.64161977236982,0.15994150008996044,0.03157600096542623,44.12591738423847,0.09253014422487382,2545.6517938833726,84.92105130061272,0.0762122998790522,0.014937215938068071,85.10767554954332,0.09302226344250109,0.028443661392866915,0.010416902454188914,0.06739241902348159,0.32629825528334067,0.02743466854401788,2.0306550644957877,0.0018974297346110447,0.003685011767645463,0.005805473688948126,0.008505418709320978,0.014853686322452653,2.7160169190102135,2.0337837229019726,0.020016383193094178,0.012967757473488994,670.0986888624429,0.982165672332787,15.056253175958178,0.017544469201891566,0.0964562479290878,108.71087525673423,0.09676645902143743,0.06346688541037526,0.007299066655630071,0.02360083306883265,0.04942857118447286
0.03004695006636915,23.14958773868061,0.012553604302089738,0.02923537218368999,497.2520977724193,264.75490737331296,0.245798184997728,420.01255071262864,0.11206873939266249,-0.006888911608574411,0.7039586819578005,30.397085195159036,25.617511068898935,-0.0032706126170047867,0.41732328899451865,136.61450769052607,220.9273292663122,2.018719172866332,1.3592569549724942,0.0038582592735521004,19.582464864769392,0.00998966525472511,831.8938278380543,103.8841915103007,0.036705481673024565,0.12230806948171846,135.45213399226242,0.10047225077883404,0.010595911328979746,0.026245788451555008,0.06255305250012633,0.41128453827800016,0.0035337721328261296,0.42966031289303075,0.05607852092327992,0.34340915781495696,0.35634015256328677,0.0054328632003084465,0.009669308139481636,0.5159617695214376,0.2546386296892038,-0.006837721768751415,0.05527961851790053,71.58315162210879,0.47914478134260996,4.6406343707549045,0.34911751640865774,0.05363995389875775,397.70944914927486,0.06031046347387914,0.07704551445701746,0.079167728398569,0.026616342230630252,-0.002209511273924214
0.07089408475934444,84.81067549052008,0.026504325813716534,0.027795068728928563,8056.294335434381,275.4232476132355,0.32652763324821965,95.0574228763077,0.27933432579354545,-0.0017006906997583116,0.14251001567920518,1795.0166212801005,1263.1526260381208,-0.011113207601933794,0.35775999725805363,957.3257771499158,1081.5855569128883,0.4560820251636617,0.05113836900515967,0.050828337229985365,85.97325091013671,0.02837099411600441,8654.975760485842,14.565660833420715,0.015799145715385876,0.05522514308939819,141.54098587071556,0.01216885096027287,0.01006420314952905,0.01805900764224244,0.04680209295626803,0.006057945741192228,-0.008530506059857501,0.761011180591721,0.002020688112813751,0.037498616939087626,0.01446565197135996,0.03281756456552554,0.01011496056188399,1.1866751960189497,1.6210964020998642,-0.005083428835524373,0.07370481955927843,1687.8188627747058,0.22428509241106465,4.237775299390346,0.03439331218613351,0.14832622098634296,99.88666254735996,0.0985418499452626,0.01179459804067129,0.00835236864318123,2.2999062808892745e-05,0.017814566228309126
0.10073695333673705,1.6829097888533981,0.011395027406911673,0.051388600616852464,126.24446974795991,80.70473112379688,0.021281143527375868,285.4860022948812,0.2530301740199752,0.012377789261877936,0.03800095775166756,506.9060328552406,380.9772361801802,0.0004045450493297409,8.048231831947188,499.1768994577846,1595.7832926371523,0.3264706221103042,2.443461089244244,0.03123681082077656,4.004281159697416,0.026900834399319784,323.16346997394254,20.968309398028747,0.023086129626951113,0.009181584535385312,41.53763169745946,0.011299791143051685,0.09376173501418972,0.0022401627507386834,0.003930061729473522,0.11034171240436663,0.032037974476733844,2.200113500291047,0.011051188456797867,0.012722062004439039,0.002649958877403158,0.08832028007825343,0.005843203873009628,0.5327115317439306,0.2983581362700809,0.009136785991706198,0.026843340089633294,597.5267502013747,1.1613757977388586,3.8475544870565104,0.013175128773014855,0.1998240747964335,283.0336903502636,0.036700834470635435,0.027456366863176207,0.0776239013967217,0.04683880719437372,0.042578042944191985
0.09492285070989315,32.20137477289515,0.013808984283735448,0.05489721575385609,1014.489863847922,272.02451941543734,0.18437616134964863,19.626286790402165,0.02317777758759032,0.02504869130102172,1.3007671900262316,255.69344257030525,203.8078714803044,0.006379723853809693,11.679792485501562,1772.167605576876,1264.7769419694803,0.5980124942902574,1.8135768714177196,0.06584487326683686,29.509510081791912,0.0071526394872485355,885.6895594793305,191.1270438705452,0.004565818324892668,0.0340011726942171,142.43239334219004,0.03253247585967145,0.002939040695088657,0.013262007781144725,0.06426047454017603,0.18839903684598003,0.2083720973189589,0.0027318893392793697,0.005214215180874504,0.005548100646846521,0.006951760878961544,0.005151641472606272,0.010644006778727899,2.4407334400263263,3.2054793868586753,0.051426550812825766,0.05490878962512458,321.65795179734715,0.3493521195451743,8.459643626257474,0.10326576993626269,0.058663305048492376,8.7203433785129,0.169412560293436,0.030520991979222423,0.023399158463524472,0.0009744989469968601,0.04213812025777841
0.006675474671216541,42.74109672486631,0.04009503722307439,0.04520566092821099,2562.9998216616273,41.52928736983094,0.10972815579886497,181.8514114196474,0.1751225085517154,0.00898470949126029,2.812336149954283,1008.4409404403198,714.5353685088556,-0.0028610355934386433,0.6066729000110493,502.10856240409134,969.0484103795243,0.400915075683125,0.2579318566315454,0.03478724419542534,46.309213174293994,-0.0013687320650275225,2760.6672959454872,39.2997805134836,0.08269433496586931,0.03857671675653496,19.751645253332555,0.07467336007376169,0.09051782802142583,0.001976750747134659,0.019942956532974954,0.0291302362116328,0.053425331840034396,1.5160678864014665,0.19204530638032136,0.06047542853162646,0.06575897524806518,0.034444304868141096,0.009016768713202339,1.0763974746661527,0.1661380047686576,0.033470373261908826,0.010096157629710945,963.3246830507547,0.013281802673613008,0.049428611658948185,0.34006075923395684,0.052022551537000083,192.17969109518188,0.10523858356729399,-0.00010471021638647215,-0.003065938628400211,0.0036953905422736355,0.06003684156220057
0.07976846189788933,10.135212444325676,-0.00892659399108986,0.002205340457257954,1072.5725023038983,12.312924934122984,0.6727990731552662,72.52377286502755,0.003427509062115419,-0.008250929068594814,6.09863817547229,716.3145361450324,493.8095643094749,0.00259385593965078,21.91741324600958,1930.7860300730879,706.4250272378384,0.21933607623939988,0.08915186840456535,0.02291377682517215,10.931146608762505,0.0666732724544703,1389.3478131815853,160.83356964883967,0.07983570760214764,0.18119569529048807,3.967712071572107,0.032768264079350296,0.005370652495526151,-0.004763717416694568,0.03563655778527597,0.23502605628035766,0.08807943204852542,0.19104793055531832,0.030354179907255308,0.2430127279588934,0.09441380810901912,-0.0010782285247499246,0.04261086204832054,0.153788421591587,0.2882239363186576,0.009813197246817396,0.0817868196011382,739.0828496842299,0.07240219143895743,0.07853639889454556,0.42050305821536327,0.10823732756706494,38.24954580100117,0.03407796754632031,0.015238649339692323,0.08708742560850613,0.010966979900128848,-0.0033552333297093284
0.06978708973874426,2.3885769554307057,0.047935638419076554,0.15993049750742294,4668.493701090795,26.539661090904957,0.22584884424982743,17.379556927915687,1.5205498483936957,0.013207694327570074,1.318496688046574,489.04863848514526,311.16565852058267,-0.002258760305156926,18.262870311086203,380.4848603752645,216.26309863809388,0.10470099500095653,0.06156630010956121,0.026731167181220705,2.252834499065557,0.024163179446329508,5484.528141478099,94.36256043113872,0.07171850566921378,0.025428587545345493,11.04837031570795,0.07079078552658569,0.05044419277428425,0.019895387351182237,0.2946724556235063,0.04479740905756202,0.0003734430433937064,0.16050209002581184,0.05376216662885369,0.05778937707140841,0.005094364282850705,0.0223397841940578,0.037516544186761536,0.14030620243276193,1.2277686411900444,0.027898747346372765,0.0009757913052492739,490.44604163126616,0.11749649900773562,0.01904290174739831,1.015948358430565,0.3044089346428702,38.260366673246736,0.12762469029201995,-0.007220225448844708,0.004143646226625997,0.040011071439208123,0.0193256859556028
0.08916099346862438,32.309225227922326,0.055282510789652406,0.32407725580495583,3580.518532154131,402.79617818444086,0.1516347472413786,303.54472905241926,1.7839481955642658,0.009206524057545629,9.562239697663424,889.0190706254559,607.7363897738306,-0.0021416453537481672,17.025800093150707,218.6166992988247,1293.0751355114596,0.5495337780436653,0.03002034744388915,0.03063324587860361,31.793487519423415,-0.0017241194616142153,4594.4246477767965,7.851097766548271,0.05980137983485623,0.07348481512785199,207.1129011678424,0.04599905412552552,0.07461838276877941,0.007958371756884297,0.35088024870214607,0.3624992828122444,0.013099504149429286,0.6064555454407898,-0.0004884495299801728,0.3147504112663073,0.024888010380559322,0.21322647452846155,0.11241640913672946,0.14385904602516764,0.07977667167204228,0.02558935996076528,-0.002114087448135571,957.5206814774095,0.5354416143408738,1.5565518192145245,1.2626340515954997,0.0093489454402933,297.3074905005525,0.1163780028690482,0.019338374869620978,0.020204462678771407,0.0172164621209836,0.00686360693643806
0.02758580604087779,18.93926067157159,0.07317829654536023,0.010382072525910502,1248.809760599585,281.94708586247276,0.14180760361467204,68.17568856485455,0.39586608516171484,0.0562461323990302,4.081168517694512,745.9703434415579,549.9697803578325,-0.0007204517463197391,11.479761207719374,768.1251383999954,1073.9711164525434,0.0764266672404057,0.26525050572320286,0.014244649725453584,15.892897832038212,0.009001667705851979,1632.7490879922389,195.8345714688545,0.09193658017857143,0.12210169970340079,140.44508696295836,0.07336468696376652,0.05054269433229397,0.0017176359235273608,0.06454906418187889,0.09865281027383599,0.019668648105287012,0.8003046999119237,0.0041111202323689255,0.08862547101491103,0.03409471858440849,0.03943045855608851,0.01479873364642792,1.1169602670905645,1.918740868378518,0.016920440183372243,0.0033371314333532354,909.4335621754816,0.4143783897443578,0.09167554726962468,0.191920772678845,0.23234881777631777,111.74304871531956,0.21420076332286353,0.059127924258818076,0.08650285827097459,0.017354103348311334,0.0026665246924277852
0.08994279216432854,69.87388369379022,0.03260765926855136,0.05931602756483478,1679.743915672774,0.18509681522121202,0.38202344646086495,469.7851736436433,0.8826987492239224,0.0047210915207474,1.4851272330296768,222.22269627999464,168.72301139008863,0.0008600184650937592,2.472062277309713,650.7301950096695,82.79216218738068,0.11905036749064557,0.3129919513553139,0.1259332778179223,64.82486687283472,-0.010525996876228128,1911.603846565245,15.987550087513874,0.0277280298188467,0.05020883883498417,0.6159110354800967,0.21027077906631764,0.07672454822728003,0.08655295444671118,0.018275302492303247,0.09216190546990966,0.09994886384302148,0.7338878428238855,0.015959785993254094,0.022363945652464245,0.01556115709021011,0.11731559570868999,0.06048198890729495,2.466589248506785,3.031951425962549,0.020255013557184398,-0.009518622327010284,71.62781717696308,0.20423062752733134,1.193858342766048,1.5970049119528396,1.4631738821270028,473.26301592943815,0.0025598302575220444,0.042036927399832,0.08653151524305347,0.03523617988010308,0.0008699696012799407
0.11489652687544094,46.369189009569105,0.054209355775097556,0.05368391994042998,842.3723613891747,89.86807274509765,0.4137010770092786,1013.1597038658117,0.1037196186181335,0.01090885536957309,2.487019603234776,516.7411121131947,368.5391069180312,-0.0033703173410897236,4.312165610074388,1025.8478694382195,56.18531915033496,0.481784095164695,0.3898771477116991,0.027268884549174643,49.611821439999424,0.04718628058000185,710.5868805405886,119.53611172018982,0.013566029500160504,0.010189304515012765,49.40734957412294,0.12539070520380236,0.020773870200120115,0.03749045786739558,0.03776016693261752,0.0008716816133320648,0.31819359560567406,1.436676690365374,0.37265481544215007,0.06048258029610665,0.07867339629169567,0.4299946976217832,0.4795241377295323,0.5843362287358183,1.3172130702592746,0.05397832234788069,0.06466189278592793,482.32433490742824,2.0269548512620865,9.387823988542634,1.038659063746799,0.5785888355132816,982.6688492774151,0.036965224081152215,0.03916028219467105,0.020100666330385764,0.033739906048964485,-0.004256452026229596
0.06585067100324071,62.36680027099893,0.022160731167820913,0.0031728537817672375,867.6953328843251,271.63086706164205,0.34360724496711015,257.47731630014624,0.3169814059615801,0.0032928363359472357,7.480801105748291,402.02710834111366,279.4379476422697,0.00360227905765953,6.87532883263412,1502.3040322404267,815.5801004513495,0.21023798041101394,0.050598757663181004,0.005989815117762198,60.064432292660065,0.09238515213775855,834.8825287497333,273.2289299982638,-0.006977403094658996,0.02194796481782646,143.50092521405045,0.29053320343200983,0.07830644857182101,0.06470534927790172,0.022171649354640444,0.03974404783212826,0.29909233915175637,2.9142930546977484,0.18747871685015394,0.12297528035235672,0.017747217885843547,0.38904396955352016,0.14261828198873427,1.933972882602876,2.3484266165507544,-0.0035427450312992548,0.04101426945202835,375.2031483318353,0.22430893377620453,8.30621465360096,0.5093837879096563,1.0424571603354211,201.48121897100705,0.028061355057503512,0.005191014249748882,0.011910478193851937,0.00027360831908218586,0.06397119128213546
0.015352280936432372,20.192707094914507,0.018223820579215122,0.019813093339045906,1091.5224508837077,112.75501305954516,0.5639757825645093,297.6668433997906,0.5649302378242576,0.009223778574269481,9.497971350688278,191.8199100893485,128.21734763164957,0.001181910073270842,0.9666975094091557,649.7219991053745,251.34665036442576,0.47287295794581485,0.3548455997708819,0.009609845662393646,17.186143764448367,0.1376058667411968,1082.9061228317905,12.951704127489606,0.0036845576933890456,0.02176990265521006,56.286166077649916,0.2323492374716878,0.02872006034596719,0.012901771727711342,-0.0002821667938714967,0.593067534455261,0.1385962610734186,0.02650090883967149,0.19165064692202272,0.061987515545815164,0.030590893642677308,0.23250431848000552,0.04891361681965822,0.7272473599272109,0.28671908707201066,0.03663990907937098,0.03825765317518126,58.12954794810298,0.5831147686651024,0.5663933849104561,0.04663626503729468,0.08341965697613318,293.34795265684875,0.026122729158847058,0.13843601332330646,0.1440162545709116,0.0030278582138008048,0.032170415568430144
0.024354778120931897,11.75089714043746,0.016164252549747182,0.021019761582846463,2988.398617535461,59.369121857277335,0.025503187745816724,564.5453921237051,0.0682082669114763,0.018930124917843294,18.159928203855433,331.36817793478497,268.76097799475696,0.005403325782407542,12.853280591055515,407.5369992284079,823.6871003606401,0.11693545877269695,0.3763715256591542,0.0025924881830858837,8.525858370971815,0.0035354918064731677,3503.188384960592,18.75055000131525,0.008906553295463304,0.01607555875457667,30.50340848102226,0.09352924963733678,0.058039379237333044,0.01604165496177945,0.061723979218181846,0.11202699843092745,0.011425804849652721,2.0828911118552744,0.032352613281996234,0.02552982364755252,0.03881752409425854,0.10095371310132606,0.0380793450200585,1.9559724463435062,1.369227285522844,0.019884697965770748,0.08153405166203953,393.0704000713441,0.1068189876922574,2.113067983629409,0.02354140471169508,0.12405701913763512,577.5420856290391,0.017838079251702332,0.063716406738064,0.05754044928463653,0.0032785367624930117,0.030973442427907116
0.008048325875558149,5.017177041446687,0.006260580644233293,2.691450707370535e-05,2294.166585563786,114.72580692878276,0.03618305244007747,564.2693140893863,0.7628515218184235,0.017082354672377953,8.73547282215727,442.8654751202632,350.19418352039463,0.005572302734523582,1.0279461818612328,701.4777848528636,790.4981843694327,0.734647463403582,2.132089106367016,0.020282274689589208,3.452372008294639,-0.004710967337258509,2607.0294338415715,201.10606187085054,0.06710978581786176,0.028551503536990985,55.629934117804126,0.23271026328189404,0.02835084014765865,0.07775839702309639,-0.001303545040822307,0.17970951575579797,0.15718277804361414,2.2733129098728933,0.0014016396936540332,0.08061886784200745,-0.0032174996949523305,0.024041609571423983,0.024071005915290655,0.9430939997180365,0.37307845412676954,0.04367570954862021,0.07531034875794518,662.9956816435155,1.5953046460129992,0.2852732787900525,0.9509106261609697,0.12925145687451955,516.8980552324814,-0.005025008092097494,0.06832029577461451,0.026611401620075803,-0.0069325347545090565,-0.001564105309375563
0.046681002000111604,39.41492395649522,0.06592588102294705,0.15672114379879165,924.4026201800924,36.69429535900301,0.6147610983908534,350.89963044422257,0.16815586593245957,0.0019769903999797833,9.091331937632678,779.2278581693026,558.2513064208481,0.002757470644366933,12.212864556385359,1964.639254650255,321.5166625879251,0.16915955020400464,1.104945672552888,0.04904137885713045,39.385063418644044,0.02703573560106598,797.5895626423329,203.84176045449638,0.02282843855569716,0.0025934645824747804,21.108980731867607,0.18350215396148517,0.19786874168055846,0.07834495409960329,0.01704717768910502,0.06150427120446089,0.2186970037752447,3.735412932426571,0.008879072057948356,0.08438456638798009,0.023155192480288633,0.0178329463443756,-0.009438411724222995,0.014461133010319926,0.04425478897846791,0.03272663723489533,0.03722906466263254,762.4925176035389,0.8347013833876042,5.955594792531939,0.019618422552956538,2.0260102776831816,306.3467136858649,0.12043962556244114,0.15956833667477444,0.10288375351275025,0.023401367495473835,0.013176745389378297
0.05614059125482118,17.574368092202967,-0.00032448865728440524,-0.0019494182522477033,488.45233819612463,8.12108306223978,0.5231242268242582,396.13911064006714,0.22661167524587889,0.012493543815201846,4.556463384436206,269.3041379296695,191.60154330537725,0.0035337603211784696,2.971049658417023,369.7529432799174,237.32494973864942,0.6384059193819489,0.8864999910877671,0.17595002051085906,14.201828730854874,-0.0011841565102033158,554.6885765029385,2.626242206242207,0.20150598506700845,0.08725148068413802,-0.0028892121109080904,0.11146845635439995,0.08572278405402756,0.07219780530649178,0.021239353758245372,0.6922989114200551,0.013417416094794632,2.6467889394870348,0.06378683076280822,0.29988573692298814,0.03831678458235466,0.015189732664697253,0.018662495351662756,0.3740262518942732,0.1376119082055851,0.1143605031410857,0.12457030602896602,279.94702589448207,1.1124499828507641,8.469640894685732,0.008658672943852253,0.1949425508788165,396.2263087672788,0.01409247037764949,0.20758295645775782,0.13583217233489808,0.028307613568941292,0.007724516298081241
0.06739290188055769,100.48508679572072,0.009940010812421463,0.021070836878617882,3554.8516734703167,194.14610740690688,0.7673355982427612,267.10198203069547,0.5990909376968077,0.055847886543354264,21.084888131864098,1944.3260883819328,1365.36044307713,-0.002163714511687509,8.759705880702727,3774.15049906247,637.1809937316527,0.0775902749878723,0.5857980302615005,0.02738884781529549,95.28518786719529,0.018544733243173184,3876.3163913472963,233.9926076177231,0.16371202818394792,0.10236892262303154,100.8555041817356,0.14183319548657458,0.04032886202384489,0.0044832806370784795,0.08517477550304697,0.011250542762757831,0.16888598202661154,5.326680844735121,0.01879768168853513,0.044987602595145226,0.021349818881954974,0.007422134632286692,0.026976782798072918,0.1232026544254019,0.5876805265893879,0.00985476291974674,0.008615423398858013,1904.3747715995205,0.005376810022576173,4.721828663786001,0.4297339299865026,0.22464119593852683,219.37827873032876,0.10211943108560728,0.04978409836432274,0.007414065114361712,0.0031861478232668716,0.011233934963490455
0.012521469847744271,49.232700582022666,0.02131431976546949,0.002268719322390922,1272.4141519416862,14.017338914223927,0.018169989182775126,602.6213985678801,0.16314756448363354,0.012378500710320317,7.048871529663425,31.570033103043457,22.58752736741714,0.005720116253542962,46.852137927543744,970.3607177614525,615.2141342224654,3.385567170834258,5.148121301848108,0.021608852998636685,42.581252465272,0.005690327666191486,1377.8521295941866,8.384882117997993,0.05289942760839672,0.13327500891282185,7.28410959154134,0.36514368389102625,0.06668902328941417,0.030435961113493448,0.07108882360876567,0.015311302282094985,0.18504462380186926,4.97753122435527,0.06573737500945853,-0.0025023217640933737,-0.0003726315239083178,0.0008723234364929056,0.00043069919508287313,1.157972833051086,0.8863240287691996,0.02328362378766613,0.00674010080123999,86.67275982378962,0.2627101595974475,3.8241063535816187,0.039993783827326546,0.007821344375286365,601.0518441985554,0.0020437626789346908,0.007545422324391815,0.010954987987632947,0.015097587086653874,0.0808525213288096
0.059397914412948616,47.70857777294795,0.08044125487969556,0.049252763168470715,1079.3927238313834,577.4388228239688,0.05716121137723551,5.667516305352538,0.2136834853696481,-0.0034618481557888714,0.5690720131187321,92.45025691825721,33.473198770741796,-0.0011188031236430973,0.7656030300772398,217.30534075831446,529.261908905066,0.26248758273113904,1.1856053858499793,0.17096413882964434,53.469447683058725,0.0009764820978057642,1898.399949789094,160.13455020788928,0.10333952413944214,0.1129825907215869,308.1526471285897,0.17427146057385912,0.06865778387176658,0.03891627319206581,0.005539166638576454,0.11635989308312755,0.08757049633420433,2.4560024966052234,0.08684263190700925,0.0018885544194811033,0.027879462514678544,0.05113970249667332,0.0054192316180454725,2.198349800074152,3.6262719277606417,0.00783300728613412,0.028704281575327784,79.54630362488942,1.086351167667348,22.068844650665795,0.08447799610685802,0.24822632770058117,19.122230156442257,0.000969443839577977,0.03890933638550198,0.010937441338501941,0.02341873313861509,0.022399553280972206
0.026113101806368277,104.65920791503652,0.027773064759352373,0.014400437465050153,284.50506335162225,84.83960157702906,0.12698346924602166,34.40594487330557,0.4350429249729988,0.031986444614064524,3.7309412201372893,3.528921066998329,0.3254522516604288,0.0020069195933123396,1.633180314898489,735.0639011882835,552.4765597032787,0.01698237134249858,0.435366913301352,0.0693181994676646,104.31548114839451,0.006869225243660182,420.4634506629087,28.50353253000178,0.06887350386442748,0.13114872023749946,38.022181542227855,0.040604721470442584,0.004273781519160913,0.005195669272920256,0.15748307292230557,0.358770117926138,0.15253015044171203,0.0019455381784059256,0.01785050938891608,0.18044686360727358,0.0543729705139846,0.002465851576245015,0.01999820751773118,6.112014105818439,5.393705873739108,0.09193015342321154,0.042785471785020235,101.36064550457611,0.30586617297429886,2.6653410481059012,0.025686913720362803,0.039187208559239295,43.23184556785246,0.007166573483706529,-0.004598316724900187,0.016146920790502506,-0.004589624376493795,0.003307220316130177
0.01315767407860502,40.61005999569355,0.029882535044587932,-0.008818491401279438,1845.9334466308587,91.1045152777659,0.28271324584868296,315.4900679272344,0.25864579526900666,0.05549848797514567,2.637714317595166,323.66339109522124,283.3201052900491,0.0012896613038595461,4.3995225172881876,1428.759582632,323.34027330939836,0.5723494486907379,0.2315041020832398,0.06235173425537255,37.95268661568011,0.07331828861196055,2422.640653829827,154.53707077682517,0.003358590859471988,0.08481715801251966,43.29170174019539,0.056131344456154864,0.03806368256719583,0.0009725864300680342,0.36504249423775015,0.13910847667207005,0.11076897799469965,0.39042095932330767,0.03997003480036376,0.29974256563394874,0.10043588560944183,0.06597073274947896,0.16393451873212417,1.4367990994675504,1.92567301911624,0.11015655771453936,0.31076703456159027,413.45010054036715,0.025195100144202343,0.04168990828285679,0.08035371529704971,0.23900495901065444,351.8016816750968,0.09940439983603166,0.003240780744394378,0.012692953797482254,0.02092078607821879,0.0445600475847554
0.09820537287379683,1.53281219127597,0.024307615919522796,0.00133474296291336,2532.731502584044,287.8783058312661,0.04686380293426318,477.8004992622861,0.7061567491924086,0.02534872421461376,17.202531280753224,477.9889845389101,295.6628655914666,-0.0014984954403161055,28.76524191044442,467.19883492378506,140.7433955988896,0.06213525073208093,0.1719784912408917,0.03966122875950351,1.2729813829019863,0.043285481584081076,3497.757040710035,147.3904580875884,0.07102293198429432,0.052525254993213366,151.88141403539322,0.04550542835337268,0.04112866154127914,0.003665210720926737,0.4930580408277274,0.23454004931982286,0.18033283032198,0.2310923967933034,0.005046887980421744,0.02217407873435384,0.007281103745502726,0.020274432191865976,0.0024302552581900727,0.7505356694556378,2.0158839670087483,0.019666973849978397,0.16113134781924554,408.18079779836864,1.9245996122153395,7.766901243888463,0.7038651956281763,0.26928899574484877,513.3886631295704,0.0024660885476350813,0.03953743914938457,0.01502587241597464,0.030985775588314723,-0.0013718030410858617
0.013739126540516011,0.7958638746812792,0.08087741649233404,0.044459643188891285,2442.202360628156,256.58860873128936,0.36506516683052936,217.8037934602194,0.2348629217142788,0.08071429670792885,1.3759477131570943,329.991615608145,244.64533154419954,0.005471899269365643,2.213771891325921,338.35368130145605,738.9700520388973,1.7354865789127754,0.7685519423335077,0.029471534072759376,0.8665020044292628,0.0030182946138781475,2304.531448591568,72.77513911477182,0.10407605518335039,0.19184168032830407,135.23492322701506,0.02924947142575718,0.02949515771153699,0.02224503408244871,0.019266641831061193,0.37769296173744227,0.20371206257555663,0.7933027758545244,0.22131935022557503,0.03894573425497683,0.07968948879140392,0.021147145708328097,0.19916724584003465,0.39275951574439816,1.161315014141783,0.004706373630568805,0.005177616929170625,414.47017290366557,0.6401776235423906,7.102617312098685,1.2304021020876252,1.2722932587258722,235.57879897640572,-0.0009338578674142894,0.008241331148766129,0.024887890889617736,0.03329232581270247,0.020322074252392852
0.034516167673817044,12.280129688827525,0.00437629156235797,0.004145588208563922,2894.0448413858708,144.28233264291813,0.5967126402425018,587.5442252061172,2.35075195947472,0.028942444849105797,0.7257818303646433,512.8213375270136,335.98594589286995,-0.00033910605925502324,2.1940378007051367,15.367920175538416,337.574257076329,0.05376777262448318,0.3574442195238765,0.011425646062678929,7.5977011015129845,0.018776869434359966,3513.926044490962,29.4101126924201,0.14237203672641296,0.11668007419856163,72.7165581821013,0.2362954341728276,0.0792040989774696,0.002404931337069094,0.1481563817785192,0.4821802285089687,0.16842895895724208,1.0491125040393419,0.007408029741784894,0.015223100784911736,0.02889278554717034,-0.00024969676130748297,0.028417729462644203,0.08255720322442883,0.14133000695690523,0.06470491994830851,0.10427440104899954,418.8865270512647,0.015812082407607342,1.8619961008661052,0.16062329547670018,0.16476052340347636,586.2122041201762,0.08330819541712398,0.09195799623815581,0.09077024666569056,-0.0009733746834799106,0.009654737611553443
0.1370190023108906,2.1761397749137634,-0.0019671713625273313,0.002506668298584813,1867.518453223399,92.48963197278957,0.45967867648683036,427.1150045424059,1.3943675558105602,-0.0012994014606366733,5.665372414167888,274.98950781071096,181.59103975754348,0.0005213906950540803,11.52533667328023,152.44962086747302,354.61671049521203,0.38300755517983465,0.4001899827214004,0.1111465016049289,1.14438590717113,0.027179207435461983,2241.1509256397926,14.019567946271017,0.004462453012948231,0.02741766013163094,38.95529986141094,0.2538256279665889,0.012531080750272316,0.033801783791859386,0.043855285905038954,0.12945608261833375,0.08439537445240664,1.2165112974874868,-0.0025393684933332494,0.019105529554108713,0.02522378195999142,0.011358402522021471,0.03138203850939014,1.2335240801547682,1.3048569665985363,0.03637495838007254,0.06228814985471853,280.7339680147459,0.06524081268174786,3.6437634011488376,2.8089546320246734,0.010986061687978221,424.1364172406295,-0.002209856935176724,0.028721698427600195,0.016972306251060054,0.00029255315196596854,0.0488116023254932
0.03599857640380222,14.486230956590804,0.05231873784685792,0.0018627899307048779,5047.9133174917715,73.81229063399523,0.3933638419872212,213.03484654835913,0.031836485575041706,0.029119817369153367,0.5024558926851217,1163.9898988489042,789.9067912289788,0.0007951737193669928,3.015160576133141,365.4622643648854,857.011632643391,0.32143379103344216,0.6602750005776077,0.060527006448747755,12.29087091376717,0.12695152481957184,6078.1202279395175,148.9842473951885,0.002346706064997761,0.06502375156828677,39.323644653635746,0.10633783736675628,0.02414905469219697,0.015012056485464775,0.007652572836841287,0.19652945223259977,0.016996673802740503,0.15483696866023067,-0.0011907245721456405,0.02892744772310074,0.027067054589884343,0.13892384320312523,0.20025090953939806,0.17149067330741907,0.16724173684664834,0.02351425174100452,0.008058887510481227,1052.1717482222205,0.08530686147422628,4.385478849193637,0.012619916008549836,0.25783428039683276,241.8525978454312,-0.0032099013758362105,-0.016789549332830944,0.0421986476904479,0.022024688008347226,0.0077870598261498
0.028070011344129675,4.382489067045566,0.07835425567361298,0.07198102007102669,1807.4816340938019,148.98791536971967,0.033161891214553485,6.3617708877950045,0.06254847207860958,0.014059135257491029,1.1748639375473564,1041.237969745259,717.0943770522416,0.0024062122364609806,12.273619679467522,1464.8759581915842,13.661403011631865,0.07659191110671593,0.7739163248671099,0.04474296577249515,5.092243914612323,0.018762605638339203,2353.6118023507024,108.04763221627721,-0.0016641260197909347,0.02495854444112311,74.0105082041832,0.6543373465487994,0.09434659106542931,0.037780998426536705,0.08163464771066753,0.09243600590245293,0.13319372547505637,2.2679063163242956,0.013150759849720473,0.04136800592317336,0.0007538200524006555,0.32838186882036435,0.5750000650047413,0.21533263554906146,0.051865858800668185,0.05920683599056353,0.014179228307102498,832.2503769073792,0.17855796943895896,0.4432373627410433,0.09787485893543035,0.3251996575799643,26.159466013258154,0.011573342709916723,0.052577515561579524,0.011444563997725865,0.057197147639611146,0.02216701285410405
0.029632994640933497,58.02145521879594,0.10839817201484436,0.08841442472491945,222.87785618111147,137.33210760362752,1.0867100878990756,54.958395189940454,0.2924890076613478,0.01447638835789089,8.80009692900979,329.6124725824464,217.19440329502984,0.0027563240477563866,3.8232013678197285,583.2704055452864,5.542092813542063,1.421183477579988,1.2410917468719456,0.03359827729890963,54.175690433352116,0.03947577372594857,91.3503864122271,170.08228298749162,0.025430919354005432,0.031489740701274194,70.15336956061898,0.12773578038060673,0.15686645250227826,0.09283459062790467,0.10296621075003465,0.06667904478967923,0.005112351850151242,0.4757523538811528,0.13320866389110364,0.015242339373290115,-0.003896383048158647,0.013345088223057466,-0.0015806610914497199,0.42004990849710655,0.1308182858580924,0.10073782048093882,0.06275534565845842,287.40658681750523,0.29584785641696687,1.8064309477919371,0.3951667739119129,0.10335615641345353,19.306173191324515,0.03685133531765139,0.11499646218979365,0.04609079706633157,0.1450197312491417,0.01894347916462369
0.043655901679831466,90.0383572892936,0.026802688063137126,0.0006598165147213564,14.429377686682969,229.54763642679595,0.46215045564843127,234.6374455926146,1.333582211805024,-0.0002799032239417798,9.996510653855083,82.47908325964315,37.20204482325854,-0.0016337473177356898,3.064388732743681,459.0280274553319,388.34311117680636,0.014596637318689432,0.5346804966609833,0.07698660152714165,87.61541539907255,0.06035741602031841,320.15697656967336,5.168463611961189,0.001662786964452323,0.03349418275251992,116.51716897767041,0.06019052716605966,0.141059962403685,0.0003569955658262458,0.03784720692514476,0.055649520670809416,-0.013961761390059557,0.135282375250668,0.03713367386223165,0.04468867501155405,0.022171145296700168,0.08840626107538707,0.03634059677541224,2.8988375367264814,4.515885598722103,0.06873510681922301,0.03914583368570579,66.57439061282223,0.03601521990464551,1.9085170619075162,1.5988678582936595,0.3351372281804732,229.12008793623414,-0.011225199301234667,0.01798222617865175,0.01355562060136517,0.004746216760337596,0.018154902491358094
0.010019620880951763,27.000627118802612,0.03171416408501937,0.20976312667004038,2271.1904393145746,32.56355869273592,1.2191590067526104,135.31154827608563,0.008709831630852705,0.04954684125018183,0.1788206047386396,496.8664787225953,336.37360304463596,-0.004128596020956721,9.470379092007523,61.4460390617045,429.8373729857029,0.06732122929839779,0.7008934358488208,0.1264231356125407,33.61862422729992,0.02644129073891399,2643.3234492250986,12.043092647159703,0.038229558839472766,0.04606583583498569,10.124883390594668,0.10886092185551188,0.08886432439489322,-0.004982654666487285,0.05533784589890267,0.10684389164103969,0.10003589195811013,4.25397450636026,0.09917379658393788,0.0945674345612062,0.10750508735362807,-0.0025346738196230234,-0.0057824132488351054,0.9275996211460651,0.49786147566896766,-3.4543744328985326e-05,0.005366708326856262,420.8384729411657,0.03696077456668512,2.578526743406968,0.3539038483790691,0.3559994259091308,136.21297024269668,0.08942581686008122,0.00298764534206164,0.006065709209090997,0.01108555603809247,-0.0013093954171186084
0.13861630008618508,13.647626403333476,0.0037436544302318353,0.09706078821386388,333.3978313434774,22.451224706435823,1.1278218123835986,362.3000212735286,0.10626333985305969,0.01551406649190401,15.930864182640391,848.4976649991154,614.9122941836208,0.004670099716952869,1.8960200741603286,1071.1992450720932,672.9800467399505,0.13183853055133188,0.14178333547639088,0.06191623497657517,11.936778025590062,0.006527318582254971,345.0603934115433,47.146308557822024,0.2309245666703834,0.034812292827195,10.350322027728357,0.07946467362820098,0.028681378982975403,0.03417323873502287,0.1830113930518431,0.025751029050700147,0.009876654824345188,0.33343837277061183,0.2328294816948162,0.01467160116807431,0.03240561919359575,0.0003233261402293408,0.043543941416007925,0.15321365283030364,1.367819143615324,0.07197312902999098,0.021416184842859565,1016.3695360901423,0.9156435703326684,0.4820637281945208,0.27785544794134953,0.1107429139342262,351.3194147379868,0.0346732606601714,0.029635575953117055,0.047897179761391406,0.019269177664994253,-0.0005880151522026367
0.004358400249097727,24.649409034902803,0.04394329300050259,-0.0033298687147489403,2438.9732512399933,178.56476401667624,0.38221230501724524,188.7834037653423,0.27427645873412576,0.010120090032081919,16.228806209986082,1239.6362679760741,884.9155706866525,0.006195991952639979,7.264561326561047,666.3344405262662,1219.0143442703404,0.0219798225540071,0.1743239709067783,0.028313799538530304,22.13146632246278,0.022041883127675632,2878.2752792463975,74.88540297303943,0.05597993932522183,0.013799074252392352,96.05412619737771,0.03747956695672894,0.021673758176693703,0.00558955052565846,0.042246247435665296,0.6340077560244097,0.12859961789248153,0.6327293175979829,0.02029125104621521,0.03083844625035681,0.07615940749892935,0.40814790511346644,0.09617254295095101,0.21550193773315396,0.43345908739043715,0.01015270284876113,0.02026392327255877,1202.9506918141656,1.4155298670189254,8.855521407308338,0.8491917057341318,0.11371055390002294,205.02819545407175,0.0013418804702096665,0.03295477977697736,0.010765673696067957,0.0014239060956855454,0.011869093840795486
0.3618693950272771,91.3609595512314,0.00019819110654939465,0.047694178370875306,4216.346124223811,211.73979883332075,2.167274574827597,269.2957839909691,1.3748320435527566,0.01179943174187148,16.348865354047966,1309.840177138523,923.1053102661974,-0.00043969842861901753,5.023449077120481,874.1361960033685,832.3844393990353,2.673979990381958,1.3843492957743626,0.05204417857074173,88.29847063467474,0.032917854289444826,5027.459968477077,0.3167382788989599,0.1275974758468319,0.010307415810197007,108.98834017472797,0.1482369782678301,0.08320952088436773,0.05692261575767077,0.03432731295416591,0.47931961931019185,0.010505736606691407,0.13608195202798345,0.009201828644296306,0.07584397839863044,0.0407795114886369,0.7629598540018199,0.7247178019647249,0.3730939450392423,0.16883248928531192,0.03270141216301692,0.07227091379798001,1266.3059313783126,0.994172152349555,5.69360816810195,2.0987902418946076,0.49038983304020345,271.8932663401993,0.09237759682397328,0.09394736070072263,0.11102996361816597,0.03068774114551598,0.011638580488401828
0.022813410721425953,46.924868762033036,0.04379696069509098,0.1528468692894478,1749.3031386244427,316.5444344604154,1.4380311760570752,240.97165758856366,0.465942004203896,0.012400573368974932,22.131911696626545,81.52902093414443,108.57110787034819,0.002300294057164365,34.98175240796222,329.3699147838461,985.5188194102774,0.6599499826392705,0.15795978004422562,0.002198218684682729,49.34578890306912,0.016296729424848166,2628.350983043513,120.70797067808098,0.16822206722466682,0.033410633032174175,159.42708013105533,0.06376529190480174,0.10797404612113848,-0.0016489765932963252,0.4060026560776482,0.010054661439836465,0.2559888360413396,1.9231160604796678,0.0004074959218565155,-0.02995424657174972,0.08597211593153986,0.31704607785247774,0.17040476670848648,10.583007970218643,13.262096361556965,0.027201005037582604,0.039446517993305896,156.42910903112,1.2699323073612039,0.5311265762278445,0.10849842482007688,0.22656309861173707,267.97508114232375,0.02304667100526192,0.01461298387939891,0.009523210154291917,-0.047907917250405774,0.016525545010495968
0.03765942886782625,30.436121364382394,0.016909007377624796,-0.0034775184697419803,4184.360539675597,135.79336042627483,0.07900307778216664,506.90904752392413,0.4262204062091355,0.04253498460689986,3.34027003135866,935.0685777874385,638.6864646789057,-0.010173179620939443,20.163400526979267,744.8074160147985,250.34354113805205,0.018747978028684997,0.0614222707701062,0.011498896624300592,31.244627159274692,0.0026793269342508808,4646.903377252853,91.22838729141259,0.05936533829440105,0.08857811559372841,66.85229305572307,0.10639465954881189,0.002297987576133309,0.005948429433610514,0.061968449733017295,0.25217561005307054,0.007084597100996071,0.0826021352102897,0.00930947652548042,0.03578692112919857,0.0023414251504387806,0.0041459609837399825,0.005393541037259197,0.532328933410426,0.3776406623262032,0.014758424850922935,0.035969714946259224,816.9418397944638,0.01903834556001538,0.42179770977069175,0.3228059070954332,0.034858691962334376,488.23896968699853,0.036200193456666696,0.008273566917959663,0.006929517047174372,0.009271674590030088,-0.009647646095314322
0.020168949212354015,49.79502453703967,0.012615154356240943,0.0063818246526645694,1002.4912210645803,17.146379842107166,0.12220888266197516,344.9003821206247,0.12089169301127978,0.03509151189010762,4.574164899206193,4.939309901105818,2.377763778591203,0.002000371644434118,18.168932196090136,379.9571613184217,545.9977273025478,0.6323588901129495,1.3272180123336659,0.002444424698022196,47.09612303253781,0.01121728482106743,1075.5458237706132,59.87373810563007,0.1107433817534691,0.04833812946071525,5.334268772160205,0.07036064239301609,0.019057684002104835,0.05753762064814438,0.014243810459649175,0.04817272249202542,0.5960123648681792,0.5740765557295591,0.08324887934430691,-0.0027031958065784067,0.05502081077829768,0.02327525831697219,0.13968641669699888,0.06707492082255495,0.6422423278173364,0.06473941002493966,0.02791568606672623,16.236339519476665,0.01827689511232844,1.70764374960826,0.775985943325769,1.2788604863888482,332.5570555342399,0.022199405666870398,0.09156843407246651,0.039440051925246244,0.0030093556623764783,0.008508019972245151
0.07174728622061188,53.2613615716023,0.014739963104335452,0.0012912516196683654,1612.363078166053,156.71870660588195,0.21836237217792487,551.8302787252655,0.18738094012193685,0.045750781525766726,6.139125522532832,345.2453044651614,238.7976284304653,0.01270786452071171,13.402719613237267,53.51848080363178,424.24950760558016,0.05437335994092596,0.12987587297847192,0.024551546457152185,46.67802322989125,0.055447956219662586,1708.6518689946195,98.96927983165756,0.021189042173452854,0.1015846103198994,79.91312887741911,0.01334888898346609,0.052463321701744725,0.012849805445520168,0.024835826732178212,0.7765892784203201,0.05311284636283986,3.0117077194005377,0.185535824804286,0.30158917988088163,0.06562526069732044,0.06382256256258412,0.021849120542034584,1.2425694284601212,1.4548032494979752,0.0833828136341701,0.06950094051447131,283.983302304833,0.2514573229879842,1.3496309525278098,0.3067296524383556,0.23130822784007066,569.7834148304497,0.0013127934873393698,-0.0038009505406808586,0.015345628377129827,-0.007526125755791924,0.010902209844593003
0.06142828514268395,26.24000393959988,0.022979678741966048,0.016610647064411843,1429.9939058138377,176.32385851410464,0.28266249763433127,135.1477442135959,0.2958125523145272,0.00615038052275807,6.105415486273427,376.75549321200776,246.9715677605972,0.004322460622536717,3.237593365064316,670.909046898754,315.41007187719276,0.9719006997335908,2.2758921069857907,0.012165828207540308,30.18298724832497,0.006767088461855586,1981.379198619685,102.49629694132877,0.012670915809056993,0.0029818931959786354,93.6891994200365,0.03555985067265155,0.011803291221533563,0.009786254347628365,-0.004074397151767606,0.03163318773164647,0.46839947908351665,1.3427598952560915,0.0019328153394857495,0.2749016518237317,0.044094569691389474,0.0006510262648280474,0.04016836553517056,1.9374225708551043,2.440742622769828,0.03876081391906627,-0.010691536461984619,290.36029254248285,-0.004040380592448933,8.288100644826393,1.171819910336743,0.05932111755544245,112.20300291095852,0.142748637201219,0.003432471314027019,0.012185154573860935,0.021795002920945272,0.0010729612020874413
0.06256606496170303,21.024531936052732,0.027742438730699703,0.009034266313906691,3654.9087393664304,267.378364413653,0.5985326137723952,153.851930628333,1.7123385529478945,0.010530385333064274,3.935670168855065,617.7614670620551,420.498233230743,0.0018002715675136116,12.642078252866472,231.35135802321062,295.7520689561722,1.0934225109478284,1.161807271039482,0.033882924783641855,29.48947370339898,0.08659609535666668,4401.3829678203565,47.70666954250244,0.024910555861981543,0.1558464664848831,138.66464442543284,0.3047490144683733,0.04088355924120002,0.06690494418178439,0.05594858604073316,0.955500001189904,0.008396563462229167,6.063135686988041,0.2072772670785099,0.02156761361059445,0.04775626056146365,0.13662024561547792,0.20728781225795245,1.8255204120422892,0.2659273313742805,0.040011368722824514,0.08034497706537813,621.7953627978791,0.5046886735236384,5.687765754628668,2.4913119191917463,0.08288095751654811,141.27377379646455,0.07106148476301133,0.005842818783982295,0.046687298800364374,0.01681534070496049,0.047803362937560046
