dayhr,depth,rate,Tair,Tsoil,SR,Patm,WS,WD,RH,es,VPD,rate_P,Tdew,q,wmix,hwet,h*Ta,h*Ts,h*WS,h*Pr,h*VPD,Tv_K,rho_moist,uzonal,vmerid,buoy_TsTa,SRxWS,SR*u,SR*v,SR*VPD,VPD*WS,q*WS,h_ASINH_cm,h_inv,u*VPD,v*VPD,rate*Ta,rate*Ts,SR*Ta,SR*Ts,SR*HODsin,VPD*WS*d1sin,q/rho,asinh_Ta,asinh_Ts,asinh_WS,asinh_SR,asinh_P_kPa,asinh_rate_h,h*sinTOD,h*cosTOD,h*u,h*v,hbar,hbar_wet,hbar*es,hbar_wet*es
0.040322079893455154,17.66999347434172,0.029789136311328512,1897.4371315556932,211.99306296670267,0.10452389946999396,3.6745281208071647,0.5758175213499745,0.0016787177471124792,0.8966429220521386,94.3160167110169,61.153214066303285,0.0017677476003834514,0.29315787572607466,33.66418296492561,10.478906814475248,0.09766621649242424,0.4576627872031329,1.7623322268957624,0.026037161446785362,14.596710206377093,0.009510005054023551,1810.9759751539507,4.441719017116697,0.007357985126899891,0.05054599057648357,96.86652948444612,0.01909835585964359,-0.004037669705017954,-0.00015947486823009172,0.014924897949868843,0.11720176945190097,0.004972411786080322,0.388545764330277,0.0005216124637774655,0.008530438953325614,0.006626303443030501,-0.0005018608132081326,0.022843624526712958,0.10245645733411735,0.034023668753500935,-0.0004716001798046321,0.006335499746263018,97.95356496948096,0.09774354763083792,5.373222534276185,0.33515320069635024,0.030777680749002556,6.709294054997616,0.015900947131019194,0.018910056503428585,0.007677308809373784,0.0007216563641190277,0.015570746609865793,4.964876024546883,4.504313027580216,3.4989642984698284,2.9802180469847253
0.01054754354253884,18.769876047299025,0.022632714413392208,560.5007371087598,1.3304312691669598,0.10272371012477244,17.05037162663621,-0.0012967479492287382,0.006809829415317381,0.011948463936372278,38.28121058794833,19.725959878259765,-0.0007791762878879283,6.231271383188476,8.53040342713185,6.0932901683222305,0.1458728184492486,1.2989820326396355,0.9395095506486513,0.017479062109620358,17.787199451472958,0.028257698849880164,664.9846865934485,12.35769845354195,0.034371318351171354,0.04294858651525146,1.5095559308383457,0.0018490088271150285,0.0015823744769933867,-0.0035417516116993397,0.019221040139187906,0.23159538165890847,0.010414379030834198,0.17490352791616992,0.0009645661186254983,0.0024794794286382427,0.022370587671251663,0.00885460257382853,0.04835136326284584,0.010580150080039985,0.029995334994596945,0.006101753955429778,0.00018767793472829197,37.97507366640755,0.007023592041591087,2.3593670408785137,0.01684808798350179,0.01151823263772922,25.856624399103993,0.09945816896465054,0.008908764479808262,0.0003606264512088231,0.02104469269727538,0.00045646632614460003,1.0342970379248984,0.0566482925503049,0.575436876356437,0.10781900123676813
0.02318115589747549,17.529677609122267,0.004010028405040167,2234.657621514727,36.17432594416405,1.1038336849350356,33.032629107668484,0.06855616023517452,0.017123858922547974,0.014365578852777894,225.42887912798972,135.6831942855696,0.001510651060629975,4.079617704752157,2.4911644753865128,7.728001708685967,6.593430384803532,0.24666399617546375,0.13641502857459198,0.000874082920055308,22.802716053417573,0.004841207260819935,2531.6503935811097,77.85901975820924,0.03374237110045453,0.04210371201877461,15.15255467941579,0.05595226021264388,0.009192794487553613,0.007390953136415135,0.010536231629552972,0.05897261262992881,0.02095873517433855,2.7379100350758483,0.01596891036429504,0.0082774130828005,0.004533477832050714,0.015427744245516628,0.04205746410833644,0.29566330710066246,0.6153840197737628,0.032125677666980046,0.012584273044646821,152.7291643590866,0.9803855927204159,0.7326978352618143,0.13876195414344927,0.9226340570123766,0.1322047082872464,0.018705661058213252,0.0007922693610540321,0.0004763984344808847,-0.0008457672682427031,0.008828363860219568,1.0133560535479251,1.9765978258873416,0.47881888380690896,1.369767667800443
0.04470133843698232,0.20468583015626152,0.0008416207208989945,908.6656618516561,13.381305468209458,0.025131388107691777,107.92952437507631,0.9252743237891456,0.012754907596534082,0.6531650918849641,81.7593305300476,50.125560880300064,-0.0002968510721306217,0.007661143903002987,14.677716265357091,4.77973028793789,0.7507770288580229,0.20283000532755224,0.812096643765229,0.023103521344476796,2.59931094995395,0.004363456758830431,1122.425248507446,83.36982799800815,0.022325891938606013,0.002824598862146921,5.548789330652272,0.01141324363159768,0.008750016129261518,0.009111691865106408,0.02484004628447245,0.03994749884939708,0.003283181325517859,2.5413141421728005,-0.0021637569864090267,-0.0007249724486735332,0.0017309772436631121,-0.0016282632620816528,0.008694622620875059,0.9925553447631863,1.0904722271567655,0.007307755247641268,0.002227084017070169,34.48986579306983,2.7985222108768797,1.0766159995672444,1.2389017721490623,0.21410437191551157,64.62772325088974,0.026690114081028504,0.02166122209850041,0.00329702876985305,0.006695484699039689,0.009952770700173197,0.03092976001653458,0.2194931257672854,0.010809018424094319,0.13761561502023412
-0.0011264416415492917,21.987985309090845,0.0011061908562703948,907.2514860034388,184.78905409151443,0.02689283030720091,7.9652765063452415,0.5487560718786737,0.0039098573424629635,5.666800725445312,10.648903053053015,5.164261769226637,0.00206173574355617,3.4776083372157602,21.39312826653807,1.8302225503356029,0.004009880965612389,0.25365074073034677,0.17569787707178008,0.04714494072861797,18.35869270217587,0.023808242665209534,761.7589525949745,0.7079293141452263,0.0028068269082579533,0.008160551112387893,82.70038061727858,0.009772971938913244,0.0018532509508739636,0.0037001659986897195,0.006036518058780693,0.015598089872630894,-0.0014232448662321318,0.6765251892040025,0.003984839478413882,0.008443143870969116,0.005129448513048196,0.018748902148962188,0.008520260974456129,0.43710998185576155,0.6030626878018337,0.018418658780308128,-0.002378934079925621,24.116086524813028,1.797152344131475,2.735021209434417,0.4631437227808357,0.0047256916044879915,6.643469202081717,0.006585684023726834,0.0039298176676778596,0.005727920495851357,0.02224675867054593,0.006198883163687441,0.198852561421905,0.2866765004736491,1.1537888116986936,0.39170306548750755
0.01890436933000217,7.988706717039122,-0.0002441596395499346,2746.5540795138963,200.42174114936145,0.08036814080046017,14.173386140895227,1.0313133424162002,0.002063831707360464,0.5826551736038139,278.27592343959503,165.84846295997815,0.0011222481351920166,0.8028724116698278,0.5139470334943992,19.75240113171614,2.353365941926066,0.33124456810185965,0.572954193701066,0.01672474001210844,11.309272146679676,0.005927417224955711,2978.3262698073463,144.35163692081895,0.002614125494464048,0.08090807472189088,88.029794809491,0.015722908865303253,0.04696262783283878,0.02855851573600532,0.19044243500867353,0.009948088381288578,0.002305437270621269,0.3637698387359931,0.0025572407781808693,0.008477957708024952,0.03742640799177366,0.09881191864018124,0.015585661532017347,0.631707955311537,0.6943369182198431,0.002043849012164145,0.02207875111991342,184.10574830641568,3.527153135899683,0.36525158392140256,0.5978354369778627,0.010294321697699615,46.204252130724946,0.00446425489827007,0.02787389142056984,0.015771361768308623,-0.001859888659883957,0.0007695426954903439,2.9139937116487804,3.9127523455637547,2.3032247334266103,3.699464391315903
0.020346039494942403,0.43891349225169396,0.004446941201172727,3024.1862852408126,400.9870143775458,0.1838071460589239,11.680360347958842,0.5604284398959285,0.0070795000253038864,2.1135311944661908,245.36729039775307,158.9853557567532,0.0039127222663415395,4.802076870074819,14.983841624850317,17.609967630219373,3.8005206590156018,1.2506482806921415,1.8095969100917202,0.004873557082759383,3.222822042555702,0.026101526254193708,2884.0856027488126,53.15505457047708,0.021183445684581415,0.04530846281875345,184.19556688712527,0.021706517958410387,0.013010838545957526,0.008285583441348443,0.008239233780302335,0.019610555449864897,0.026646396426004415,1.0579761338111968,0.007464382129722225,0.008692820269638801,0.032701362196440265,0.0029155953523591904,0.01705462631606558,0.8789072226024306,1.3537079107676426,0.012388606595117757,0.03598540946605677,162.7041934810324,2.6222886593843278,6.537556587460724,0.41209045145203405,0.6127677095860102,5.89215669464034,0.0015542674165223147,0.006251532193997988,0.007901769580763052,0.0006367348143658802,0.0020419657771331146,0.09872493008557903,0.091655511196846,0.09609900902774093,0.037330244432839166
0.015468388108980768,26.583173523160713,0.0005462469042996076,1300.8279481115344,306.3444076695765,0.01616524010336917,58.18094875448549,0.2479946728658975,0.013784499785301385,3.5466197559239143,53.10299278283027,42.42287144970699,-0.00026181632552901846,4.982158200470406,0.6461953827048079,3.7112189989776825,2.154641531943718,0.04087796713232361,0.5918111121199976,0.04589615792353907,20.437367900131857,0.0020046016461776617,997.7537545561077,43.56615041031098,0.03930770171182729,-0.00011786769135113673,142.87775151831292,0.04961631617915874,0.0145225444258541,0.013467808454357133,0.01805417830883904,0.29690096871841387,-0.010623633842459235,0.36980258149136525,-0.00012980376427407236,0.030815510966099247,0.044068162037390834,0.031668232445198896,0.080187209546831,0.02641387216007196,0.0016550170981775025,0.00563875321629137,0.03774104311608717,65.54839711453994,0.3780258138195425,10.531204934191567,0.0882880849433958,0.1071507491194259,33.68375945106096,0.010589941978229156,0.015580063782905995,0.0017249719169134536,0.0009411811457722408,0.011864694444108537,2.589056323706777,3.2721899134390187,1.0652322509727794,1.6630313656295224
0.005174965900573092,10.326425581983793,0.005953142890081864,1177.3105118766591,457.1991832098742,0.8418296728497747,41.50443975339289,0.12322380405963784,0.013811762503207703,0.22150199005505655,35.260695556163945,37.454644849132215,0.002667235064619078,0.11948099460864725,0.0048592759959333875,0.8792089631690425,8.145664167177843,3.1150296318216295,1.6442265917845464,0.01913307586923807,3.6346879675761006,0.007867639128118498,696.2452797121347,4.393596716288833,0.02253954575364059,0.03517634760302979,213.2681462250878,0.0033564626160238475,0.011797262202339454,0.0028547994397456478,0.0007935956832518798,0.0577535840350647,0.003594879914133209,2.5332936100437156,0.019237987591384176,0.008583696913498251,0.0035236479794997777,0.0430116664862803,0.011667622887413742,3.181683704952862,2.287208945702348,0.01744618858389302,0.016319642125997902,24.582213197858657,0.5447670988807554,13.515987190411687,0.05788368767144281,0.21561808077233557,38.69829283515597,0.007299981795291899,0.009380565171388966,0.010889019971567215,0.004329522028800881,0.015262404751418934,0.510154727948648,0.5476787228224707,0.6577146235800848,0.5278542065367624
0.020230575703756415,22.063653348781177,0.005939676036061492,1371.3212086601538,9.531367064918069,-0.0008605737905140742,52.6666553601112,0.7628498769524228,-0.006383474879084972,0.029090955900769266,134.46568821440655,75.91272087452651,-0.0037560130302392025,0.10651109372592504,0.07562508566793191,13.793739358216293,3.7033543104826263,0.34149394731932414,0.15585509522013563,0.06370499231259164,16.74993927501902,0.024935184472702154,1514.0110864082692,11.51469328138683,0.06998712597236967,0.06056163648783475,1.443914223571361,0.03074372047209817,0.07867860975089691,0.003985229304492854,-0.001948549825281809,0.023834861864354018,0.0028299548295365184,0.7650063241646992,0.004643479355417313,0.007010626127093467,-0.0023218109472518123,0.01069094305593321,0.015983491911616632,1.533674818274359,0.8342185461149114,0.009031817073117843,0.014955748839269312,70.73158746060997,0.2507458870733208,1.9959644644958212,0.22751644659930914,0.13140114802873182,43.17013079424645,0.005867462064482076,0.0021215723803775788,-0.001797713067359652,0.005093061368820706,0.006779463629752236,2.0733637544299706,1.4063146393487793,3.323904651930458,2.177174893286094
0.017748702022733376,20.87712364827049,0.005700523101474175,221.6983677980671,160.02915832775298,0.17149243625463306,56.518869074821936,0.3328720627200479,0.004631379508933442,2.0211081335805634,7.328552574526322,2.7795510578478435,-0.003748615650231102,11.467964193146145,0.17434766503155164,15.513454875103637,0.011657775243269164,0.41590161270274706,0.18740459919106378,0.03335080855036665,21.637237893790143,0.0011835006475227061,21.761173483878622,15.660438560421689,0.002201367579063529,-0.0015960065035640625,71.5349076022944,0.007053568498072593,0.015866548556840776,0.016473214662491742,0.005629918584742377,0.14260733222613187,0.02596262119851911,0.4939035623600123,0.0024591093809220865,0.0009421052879456937,0.005042172874837547,0.6532401204768989,0.6033596032925619,0.04370599793855767,0.09371826644150172,0.017649816863624324,0.011997255271893437,20.450309013052067,0.11706386963641258,3.0959346026844763,0.17264224335929423,0.18970836872920227,47.51970601980368,0.051990520262540585,0.006388886017896667,0.00626657402009112,0.009360324878153747,0.006424160856818517,0.2691582336567011,0.1921654283263008,0.2985712905992388,0.024932690476158648
0.036318001080617,10.403069277880501,0.008108279483305836,3931.347295886145,349.32913993337655,0.06925930593562502,11.783643828932998,0.17238889868184337,0.002701464904775186,3.3738337967593655,333.6189976447634,210.744810142212,-0.0014849405357768575,5.278861037573515,8.179727087959927,4.416035570330006,0.1817208100138652,0.2854095299695256,0.0181148437107872,0.002156098700658582,9.938412416555913,0.07819547908816027,4082.103550168617,91.39461391666607,0.019409260992836685,0.008959113055428958,158.5507700938172,-0.002130135551217549,0.0211350899913052,0.009736813006029799,0.022873157302788272,0.15967915852474412,0.005041114423589121,0.3796777588637017,0.0023836249535653664,0.016045768009719907,0.002115007705436156,0.12394101087012555,0.03346263150542583,0.6184586907715168,0.8312278506057087,0.0303300686908905,0.01825265251529995,249.73325503899096,0.24498957036166402,3.3362013701347806,0.14358471391616412,0.07876533198801994,23.37732751190938,0.007571926423088904,0.0014805790630152416,0.008584990375923418,0.0008966560509868771,0.01255163079796695,2.3142705360631695,1.6741935086818795,2.6835134804586023,2.0558942237600366
0.01954823140263162,42.6754862418569,0.001287534528071177,904.0000669716634,49.137989340692634,0.006146532579546005,22.27133882557056,0.004989882137255819,0.004833692195451711,0.5276159392701141,40.385658486832,30.127886288828797,0.0005534849296999766,3.5508200547027444,8.157286718936433,16.98079599129532,5.4842510415730485,1.5206380079478334,0.8782049446604718,0.0023220746356393818,33.72881400453251,0.022002367801030154,868.7872994872894,46.66732873757773,0.010006184557195041,0.0023145121836867233,22.642422119204003,0.01702355600359251,0.0007410855610077149,0.0021765484789817435,0.013796923886589596,0.16155751749064606,0.004548088555477392,1.2868413758055768,0.0003456029987782827,0.02879651854218057,0.017697984968712,0.003938686949229719,0.02320668634067502,0.24677655190314063,0.2160602106969245,0.03271170201554341,0.021329237930918232,28.91803762969083,0.00541511518390525,3.8849140292007602,0.020873331589253752,0.11393188549577715,0.2976707970468633,0.08956889467494378,-0.00030071974031464777,0.007318576583778658,0.0010939723180047878,-0.001131316269446181,0.21833672692179462,0.46628347689012006,0.6167903195109732,0.3096845300460176
0.01879222649806067,0.02966411622556908,0.005415771036157757,289.86542766263005,22.857523658797994,0.024200030927580052,13.265336313626463,0.2595932235401399,0.02029156290444245,3.969361220466088,65.35895403525424,28.453621696133027,-0.001663016496495473,0.46258121681467745,0.46941865020113127,5.732159957331059,1.3309090924285565,0.1782852606880887,0.10785170865641458,0.012432050941772133,0.5308817332163001,0.006825867366516469,338.0510226706341,28.395459754287387,0.037677626634751604,0.07368210503230532,7.949100527309066,0.026121949895826724,0.0009440639828177666,0.0104852798091839,0.03976181456867334,0.027827480292341278,0.04200356412536532,0.7631270951098861,0.005758238431504914,0.025678194413658595,0.031638740220741646,0.16525789696577498,0.13690675524315932,2.934445541807615,3.2220666215471807,0.0038627400925301814,0.0025244624737261745,0.49059512131801686,0.5416713571537093,0.08550913354925793,0.8450277065270377,0.02345305381104268,0.025955963490991607,0.024955878015604505,0.0012078480199546604,0.0045300274091637505,0.012379498894322438,0.011005445136816228,0.16872923161136644,0.42713773488983797,0.3711036765694571,0.8241689357485518
0.008777416075180788,9.40392149412175,0.0015388856846030308,128.13995951530788,557.5677020882246,0.5839060355899646,43.059962439285655,0.4999375926236178,0.008325817458993967,2.172205616684521,121.31715209703938,48.41269842152918,-2.3470615436060882e-05,4.967144262570426,5.427826646403235,0.025499506682993278,2.0778411753324173,0.8999155505599816,0.1619548729984217,0.02174183444211586,14.66743475562319,0.007096805341346268,663.310464727777,54.159304274464255,0.0058654618368203515,0.025329266010656326,261.8696985486811,0.07280135324109072,0.001963961670258918,0.007936770882449373,0.0593834201973662,0.019639498177364878,0.10475302489576954,0.2130962366413227,0.0022123684318211545,0.040896278322127166,0.016435579616695506,0.0775896550211792,0.14784739616021714,0.1553900087145763,1.382959409613668,0.011455521598274565,0.017064653242743866,18.743423805922916,0.9557277002343154,19.241035881525416,0.8766856731812149,0.09394430295375145,15.600104572670986,0.022607674604756767,0.0038728444690798725,-0.0005801607498927552,0.003058072348997243,0.005640292976861083,2.947164508697651,2.379371417679123,1.944315030801513,1.4965954548592117
0.003793990756825849,31.466997132665167,0.002589028476095656,2270.029034674266,511.8413278866682,0.16437965167872992,2.7508057043544776,0.3129532803487365,0.0014046648319787636,2.035130450250697,149.71465884150382,110.24793190375986,0.004650890556733067,5.571437496757681,16.87593299309181,10.596229137922805,0.8905247382439025,0.3045351044506912,0.025638517006401962,0.014238645164326158,31.485595381063586,0.008533313865839887,1846.3822350673377,29.838072957960502,0.022681575323873382,0.0031803710395061913,240.78557616112283,0.2236047343889096,0.07836137135606513,0.010910089989589089,0.015777963706794296,0.23179743964879496,0.0765712849902469,0.48314840279556126,0.001445428370119295,0.03506847311364503,0.019699310522547364,0.018104989172631925,0.0657962874014002,1.282363839083625,3.7098300986540016,-0.0004351664914894471,0.0014009630664286732,72.31327169008944,2.22265648567756,19.809833721104813,0.17699377955794393,0.25871183744450654,15.742851646015147,0.05621887680231907,0.006788807391566287,0.0006050527221219681,0.012794034930212028,0.006180960399562174,0.2350287058254832,0.009926998966750311,0.2269054283848888,0.31687385900901255
0.017554022246481615,10.77113953862131,0.01674095510879603,2164.1691458533664,214.82098745549186,0.12334637506790891,41.65368292132541,0.24672039099735876,-0.0005704044762380178,2.130795748637455,180.7327272624619,117.60547408044422,2.293348211246382e-05,5.565714584201235,1.5871733301028996,4.673466419469303,0.10728735223097896,0.379208329075011,0.2810735744537549,-0.002034197549265926,13.432539431829426,0.017345198468587952,2148.081048084596,14.267436237150093,0.07960153447064577,0.036873571787569226,97.72508107211263,0.06836365660180643,0.035047647186122965,0.03242393267952526,-0.0006804154858270905,0.35888358229728645,0.008616691486730943,0.22897616535322207,0.00021284784186015315,0.014326926479645508,0.06549026088981247,0.006837449447838928,0.010389525674061595,0.18382036533268842,0.10002530041992941,-0.0028200769439736817,0.0070804875604952855,150.4970369268467,0.014564627774616312,3.664170857430493,0.07677247237856033,0.015019320975970807,51.20658218367837,0.0015447978440175092,0.0010048370774331516,0.0030213461733783475,-0.0014649780909481436,0.003504184149546674,0.4266641073817512,0.6631287069210545,1.243016632292555,1.3822029393800435
0.013520805977293548,4.8243308908977385,0.04198625279899737,1196.9516598414878,148.64362478984788,0.2090649957476014,55.02740816811751,0.06085056357033647,0.004732717476930937,2.016169668299397,73.21895171787646,48.94039253819071,0.0008544737173794559,10.180419841999019,10.013685534809674,22.08878180283543,4.284720515163648,1.3110036161506295,0.19801673801527375,0.001079316054609869,1.6161848506517034,0.021533190571631167,1044.2657854305469,80.14807679464928,0.007926020104752851,0.031745850323319225,63.86374072314462,0.02253214393558345,0.02400769474722697,0.01924228629780078,-0.0014770747752113067,0.016448304646502265,0.0006697172956151576,1.1387902322216652,0.017229320994119668,0.010187065619036595,0.020895037017529816,0.013962343215716544,0.17441449201820092,0.10048462090891785,0.47439620235923297,0.018165870513468185,-0.001251461025020717,63.63879966962977,0.4677848705113492,0.018733698446838254,0.03316628416869083,0.10067005375428995,13.674703789109461,0.03687459401339854,0.029072840685678614,0.06076962250976692,-0.00022956107271898674,0.0005880647736189459,2.7232411631481233,3.027916230634779,1.9962040634985856,2.8537962008266584
0.0021830311732164986,4.125553711070144,0.002793970084479014,704.6112786120386,290.35148425527007,0.11541164471649346,1.7462049583537604,0.6858234425275054,0.007237535452270016,2.9168350076308345,7.439484380809259,14.836528547215067,-0.005151249874028707,0.007552997961109753,8.00148764424597,14.69582020353964,0.010250478741823166,0.4832861222724496,0.17113613909446546,0.04620587736624415,5.545964815843395,0.017071991392804797,370.4507407734254,8.048131361662971,0.00029303939350278085,0.0035931167132368103,138.63576786814994,0.027409920004677346,0.008578015880568834,0.002345754112702103,0.03795579367377666,0.040463854994626125,0.03252624799829906,0.08851949646560353,0.0013124670647721715,0.02932758986576367,0.019661180127811484,0.02948072284380654,0.002602060234596415,0.15463380614835032,0.07973962475826202,0.0005146478487683126,0.0006755151721113961,39.510010838282646,0.0080537118366939,15.941558384151914,0.25648101395176237,0.02753262442693316,0.11176812602804187,0.01253302457520089,0.005408777473403958,0.004762288246821456,0.004580568241240535,-0.0007396740985265993,0.2298310123867049,0.5729775806638395,0.06903200374958018,0.10936174028766388
0.026419745874115996,3.742031785343893,-0.004452033365413222,1251.0490141273665,148.02296419397973,0.30953857241529104,48.280337864847624,0.3978866071426568,-0.000635695974657402,0.2456787645709433,80.51613691712998,53.9542948792998,-0.0009212055694360899,0.2396670915797845,7.756951236858154,3.433964646045971,2.0113111804250368,0.6944080032026472,0.18029948170389876,0.005267692744819641,9.35156245141027,0.023317626995834395,1131.475169576345,63.98472417964137,0.06438810163880149,0.06653564373852205,68.69705365819154,0.03302551409618015,0.022710823011852455,0.001953072429326852,0.11269637732263593,0.009315110940421256,0.01155548644152482,1.105445920572012,0.0015949324985164992,-0.0008623514325725168,0.006203337083122484,0.09676021500482967,0.037478528117832255,0.28616930078600067,0.27536543074469844,0.012678349586903614,0.0008581476591080772,75.01181505382523,1.2028395179675817,6.853752274768115,0.3577594803529358,0.052589989968539363,14.919414378508012,0.022444281456594162,-0.001809042772431546,0.00897919021043414,-9.424179490746809e-05,0.0008508427003670604,4.624497868671777,5.207777946465202,5.232613023840734,5.532651659609162
0.022919105648296245,54.45675092374632,0.006096767152369509,1370.1536368221418,119.54067396072838,0.1750667915057038,19.649994542023855,0.011196123050060791,0.007847896557906964,1.5483776532518405,139.0061978419551,78.17748435062119,0.010439740832286937,0.10796065650464737,5.801789411406265,11.330884681141406,7.194406171627936,1.6363175171451072,1.059492510161033,0.0027390294957694294,50.73053996712423,0.017877755992384614,1760.028502940347,20.196812659281044,0.0048334791117152776,0.007525623697629769,59.338779734850064,0.08718335476122441,-0.0002696399206296718,-0.0019714613034009787,0.15081633461102228,0.09629454539949212,-0.0018811012430219876,4.39934552462306,-0.0008470984840087681,0.030744600865935112,0.005286273733974056,0.25824721925726646,0.27069102733782024,0.1500337064392827,0.1826724667149362,0.01094452145630509,0.1613461021626108,130.18937390779354,2.381121823662861,13.877584530788063,0.012341439126619669,0.36463489189879095,32.98902822546541,0.010012604654656698,0.0061426710916361316,0.004056767477874423,-0.0023530947045458106,0.00024219186541074578,0.4349365537001715,0.055439106657601656,0.8780522931047958,0.45806694877575893
-0.006354693448448856,18.92793040801835,0.012430129091026032,1036.6767994105405,385.81498570120436,0.37512792246596316,45.13336616771312,0.44674540967318865,0.003765060107301821,0.1954043957990299,24.324048758692573,24.190381557807257,-0.0008400007206459392,1.1932015872917185,0.11115081436009167,1.7084186123074359,4.090188736017164,0.7759133204073398,0.3329343161195073,0.04885846595632071,15.339768699073147,0.005011386072053092,670.6927271684834,29.76782925558527,0.059067260113583764,0.07413182382521377,179.51836567231328,0.04321540820115022,0.007811464102823962,0.0104323539715514,0.011151394833114558,0.0959938281556525,0.060232894408554394,1.9668864927613852,0.00040780999098544157,0.02561373111753884,-0.002421329035779074,0.09168764148654596,0.07436224725812401,0.00804305602365396,0.005870872428482166,0.00616619372015581,0.01439106325190842,41.819562481830516,0.09487328251055693,12.439585940063232,0.02396578362150059,0.2705043781139027,27.571140080242202,0.04274458881259502,0.004850150657774499,-0.003245786171138576,0.025330834146969572,0.011926130398690837,0.1325347579716496,0.07668602777646161,0.10710100432437475,0.45042919197150777
0.011244798444051796,0.6183258975352839,0.0006875028394119909,3486.759997842829,187.12253420534915,0.006459510123827172,35.29383700873541,0.48792466475517404,0.020510125359903597,3.6096375138596457,305.02399620858677,200.92681465591906,-0.00036178585561508214,24.64875663309944,4.31587874252773,17.29705133036212,0.4191280480261508,0.03668001944591914,0.08793125506132515,-0.0022246901503724104,0.11227615028984594,0.029970662199978904,3477.2293912577156,118.91759936347447,0.02250277728281258,0.04732581595756091,87.73614057747619,0.00838127143352363,0.011190018266913349,0.007894595008278493,0.0033402116992800046,0.1664675581131574,0.08919942984047502,1.6250416707206004,0.0011016572779753986,0.054660694651921915,0.05715977120988924,0.011365092192927584,0.022745594395942703,0.12288495087355766,0.052763468622627485,0.012196481127597636,0.004118281955371117,209.09688202498052,1.1782923761382413,9.195340199183878,0.06149793289939787,0.1644665415879043,15.413336057591955,0.004310551055825229,0.009905106262903196,0.009837726181524786,0.0003237403674756223,0.0013902745660718807,0.8176052285967472,2.2484300570747457,0.33268450515561643,1.786783013304504
0.035479426649113854,18.172671401911252,0.003589445299470917,2304.4864882793913,212.31123997915066,0.7250203482167308,20.702621868083792,0.06771070667327184,0.012942137358294303,0.8026598994503775,132.1302887095932,97.14907969746037,0.002027361383396098,1.8450385870605839,2.816857908993411,15.919051176530708,1.3304270307953452,1.3449236061340741,0.1740589099901655,0.04491914871641889,12.46622079810551,0.031535101620711714,2124.64206126879,131.1280816165716,0.05531513752155082,0.02958646314682767,97.56410049832584,0.0884233100746119,0.010814517652687705,0.014324376813640072,0.009881702435140305,0.008749268509949282,0.17285901437920081,0.0730264031601866,-0.0013550484883069203,0.023333234619455467,0.03629292769059411,0.001854527097371772,0.006741775727594934,0.29717569642744657,1.098560197406707,0.0388940528113606,0.030884685154534353,120.67297218341123,0.005109304147123517,5.561621652624336,0.12412873566078275,0.1279562429940384,33.706794960769415,0.02841333992232631,0.006514834005085568,0.00478750571753217,0.002308083323882215,0.0026993577285505665,0.6232463116094475,0.25525035596412504,0.6161456346225638,0.2004668661696174
-0.0016850746512382386,7.442508775923216,0.0006655177556842418,1223.7751950305556,129.60082742646443,0.009413767083746194,13.144034827818714,0.33513370119917685,0.004821187920500236,1.1370944308250053,59.73711098734161,43.378975338281904,0.000610722195118818,5.077961444186283,22.16178720120637,1.6482990443039895,0.4366991543683252,1.009984635872824,0.6234443835839221,0.007737499527751268,7.519112700579791,0.030656354293174815,1103.137458807896,63.74215619249814,0.05015088765001785,0.01525978586878729,60.834272870103504,0.017335279753901922,0.005139822507555181,0.013268701272409977,0.023669990836305388,0.016847037967147926,0.003866604677472907,0.5551205442684353,-0.00016164985124156317,0.0194423937422874,0.02009579480883339,0.28195707593821506,0.24382864787311043,0.2517756204193642,0.652855585851186,0.00016649800168888618,0.021131879281170107,74.678185536688,0.023786204135746836,4.790270898819964,0.015674544723439432,0.22527733716253273,8.88887860052557,0.023889427752630255,0.00792161399371416,0.0071983045423200664,0.0027955044399581297,0.005516428834516418,0.7882845047539284,0.1949329121024812,0.8935956191009193,0.11038503735292515
0.00643210625574131,8.607476683230992,0.001559609841143228,2239.211065346862,684.1169423910443,0.038853241458817855,0.004010477427685011,0.0697295381501215,0.000944974639095264,1.908924997832691,75.94470505013834,71.98904567429369,0.002339750958580744,7.395967667503524,12.011774427650831,13.456393448882391,0.275606014359691,0.1452850669640693,0.41837191708398347,0.04000495795319914,11.983750985623683,0.036496414763720786,1546.6874742906543,8.718679302564137,0.020899132008655563,0.009750623533485658,324.85161173626204,-0.0002866106863326223,0.011272083581872927,0.007040045469136835,0.030558363352085394,0.020079528310135153,0.05010557585264497,0.7693806622187864,-0.0006976604686403931,0.0025195990057733653,0.013207096695571963,0.02882102972322098,0.004914406846962649,1.8158457722257664,1.8040497303448797,0.006529740841891396,0.008364576040849947,56.0874845592126,1.6350137722467109,25.454216122241764,0.03316254783178696,0.002190518833769417,3.7620074533972394,0.01000758102771293,0.005951081077776088,0.0017033976275611096,0.0005525839848372627,0.008613248167058885,0.4279752427551573,1.2285231474670573,0.5931477595576125,0.19130111997732602
0.008600658277049256,18.05224670229653,0.004409416864772808,3218.302616596296,60.414056525342716,0.00634329838814196,47.787273372337516,0.035048492691906574,0.01797685414079364,0.24052439402254144,313.7218915207181,188.0349012959519,0.003764132022011424,0.0577110657991593,0.01218962071015639,1.9459283184725056,4.672122900253614,1.2669220303866577,0.044473596822769856,0.016999251144133254,18.283317837421627,0.017564099271306866,3697.3320589366504,11.508972584600992,0.10028380343049292,0.0852110703573139,27.38282519675805,0.024029095021582236,0.01246597380479919,0.040025248592156615,0.008652471640427706,0.12937144011146273,0.007920464355915868,3.627433318571825,0.00825277526414503,0.011567867392373365,0.00499605478037779,0.021872896621374593,0.06338717301845076,0.11612098921945169,0.36735937845959654,0.004012147377583375,0.002783199627167221,229.2738308944415,0.21957980191894322,2.2516354521478466,0.04618378412791557,0.039878287976542914,38.32513392318527,0.037178347372510245,0.008748122719766549,-0.002936421931368116,0.004153581320974098,-0.0004144365859861665,0.7512168383474513,0.20851457546309504,1.643571459945779,0.538316318785304
0.004273980176140668,41.62655631194778,0.0016455957727350423,2076.5716339919063,16.52039809422303,0.203827722109728,86.97896282665987,0.04349250443693542,-0.0037547234409283092,0.42822031184425136,198.9503993384131,116.67260593816228,-0.0038052633009364456,0.21728797861033122,6.80064627270889,10.620258859376431,0.1125929653738087,0.03942655674248119,0.09410318785364868,0.03116520724967753,38.70550415912303,0.03659604142785344,2341.5787940962914,20.91093537456553,0.04155548200779169,0.011200495598313154,4.667423456844033,0.017116808464899158,0.012154947904928548,0.01196184112754306,-0.005257358964261272,0.023675085332839352,0.10709138990353484,0.2135776571838024,0.002108219115040555,0.009911409196738497,0.00375553267905282,0.25416640308486826,0.5327150434359247,0.4564736867733048,0.14974326733623045,-0.0009297809988222383,0.011863608227288935,146.73106000527955,0.5316907460351823,0.1111378454493428,0.31039947737931683,0.3604640718099281,73.27616509455612,0.05874838961043327,0.011051051577852355,0.0039202801923474695,3.3008919304577944e-05,0.004499404264601381,0.13267608883187254,0.09910763707053061,0.1732339655687234,0.11777358523498993
0.022509983330817107,3.8687250807797327,0.012396149275925694,3402.226179426211,155.90801568208923,0.29994100681143543,14.546826075336687,0.7995591074503006,0.006686424676637159,16.179153399927372,300.7628540325926,184.59313774463567,-0.0003829049218113667,15.710107558055133,17.944804052985738,9.920126876708713,0.04984261267368151,0.5996848616894184,0.8476487744265349,0.023378849092960508,2.73649552729937,0.013556454499636494,3668.425637498886,3.4000833957443835,0.019847337392077335,0.023401909761254558,71.86720409625086,0.019866413089644652,0.0030730043469997526,0.018186331887868334,0.10507444559342893,0.012453111239491221,0.014098671507237093,0.2930019897295759,0.0037960792353741724,0.008365356874885599,0.011396542386138186,0.12410934866531509,0.03038620043913909,0.8091329891890462,0.32349767303909616,0.026945342093226188,0.0002598144949104153,254.22080445379478,0.029941494284671855,4.569073686553439,0.6534738071315713,0.19822844616891544,10.108676330753601,0.0822663101896346,0.004317014282982257,0.005230424352332008,-0.0066993570589479745,0.006397524708831703,0.9565949252335813,0.1573318416073386,1.4696176108193164,0.15421460899410278
0.00040426983977859265,15.262859143016453,-0.0007242950995554054,906.3302943678831,142.00423635457236,0.2834902814784819,47.61587120713368,0.48391348326330963,0.01411686566322512,2.0927831816093914,122.47233280045823,61.10722053071753,-0.004127602488629201,4.811791805488728,3.9404482120227016,2.4646147781959726,4.520883617267808,0.1777980259335612,0.6108554161308923,0.0020198831532445283,22.45797802232039,0.003908727683162638,1222.1030814239198,30.835622272416398,0.031434771400494554,0.04119287268672345,64.51013437739084,0.06331223167272615,0.010251897158668477,0.004121452374564072,0.013648470226311105,0.029632850470973082,0.0033689189141234976,1.6500639583733445,-3.721054558702974e-05,0.008845452852709101,0.004694421240719393,0.050618645572013676,0.013172282399096069,0.08897906575718473,0.22013653328945448,0.013163265639710708,0.03200888289534909,58.85104654976742,0.07832260516733491,3.443309431545657,1.0029626242496565,0.08469665934478776,28.815388689668996,0.011836026821388401,0.030453474838081362,0.027802936459040417,0.0033726809284413406,0.004925102610203069,0.21691930970354267,0.20722389556399534,0.7672253860951921,0.6840557775248959
0.01017809195347219,11.460410685328114,0.007347045992987411,1238.1452759579113,201.4450927337104,0.007066542512720986,87.04185452353971,1.2275386702788298,0.005173557618935121,2.1720574503298904,159.516713108008,82.92417110779031,0.0012653230380212932,0.501598005899516,20.473674499423524,0.3147345602250189,0.6780316352908891,0.11581657236963228,0.006347122671976457,0.010533228512302095,8.068216603540257,0.0020762052819112142,1806.9913498628712,132.03863104949124,0.01676968244542998,0.004964804170755954,92.3921085555452,0.010346305271460743,0.005323813643608233,-0.0008319214218683868,0.045088139570629515,-0.001321122722760748,0.007598929720393777,0.06408381324320178,0.00047012428752335467,0.007441670020875257,0.009230254690302253,0.28676866970168735,0.012195100198251652,0.03011761760965559,0.1642521406532902,0.01458270095683556,0.02701796702212711,79.98987673990433,0.8630532395875639,4.966320422138929,1.151030083651336,0.13379234535049722,21.50236862827636,0.1319430143872813,0.0443415741475599,0.033112591687714854,0.0013896135731306103,-0.0008508388635615205,0.08149772721273862,0.3208725115765976,0.1646856486763415,0.4133771599380518
0.0031361604454254177,47.321442247452545,0.0019427480495517457,1284.2145346084783,550.596204406313,0.05302911473752481,80.00519599830145,0.12356601873297102,0.002224513198882505,0.7302852720540862,42.08392432926772,47.01273907131082,0.00017989761691517003,0.13403821657173154,0.5108234596987584,0.9737556593467396,1.6576784061925043,0.09026506193338513,0.2240071011502378,0.011607296128637756,40.7296460524751,0.018803918178736723,570.1722564833187,119.14902479230935,0.0022060372623879942,0.006041333396333393,256.2296055886324,0.13463467636448279,0.002196690520596789,0.0128822099123731,0.02343218824343296,0.04279274145302825,0.014647778753713148,0.47154322402004833,-0.003189874764172096,0.005457620349470282,0.01383119225405327,0.0030193868385239853,0.006380578575256202,0.24425410862708574,0.14061654066542228,0.007691656885605802,0.02042665742036398,30.51040751117555,2.093536428118977,16.378836711673053,0.10320005889480921,0.004060437638660375,18.26117416659305,0.0024891470882177913,0.045520097700179285,0.012797572668134194,0.007247814064736069,0.012981497238142126,0.8911525825283952,0.3046128403854391,0.6562338493000759,0.20828891571425423
0.021769383944840293,29.69100051751475,0.004413018073624819,926.0868155827498,235.27630649450597,0.041629881262600144,14.224608959978,0.1445707982271376,0.006959497027279049,0.4864946672415291,30.43829046272823,32.028489037204835,-4.55604483589056e-05,2.2167709783229776,1.0378354603396742,7.163670099604301,0.41121327482584746,0.3480154452051156,0.18075212569949617,0.009620268930617293,28.05429725410536,0.03701606777889044,670.9824911774864,22.67303890219373,0.012727620726777467,0.023805322909223214,108.09553225448893,0.02535970777875729,0.015779933340026808,0.006077414205353016,0.0024084944600843983,0.15725615607614163,0.0021586754113371853,0.5435354555016119,0.00023520504282625865,0.06978607562965067,0.04324756180206357,0.007724850908904735,0.002478926022786432,1.472348909305306,1.3742345539175327,0.007596350100378402,0.0004891487702440855,43.96712668575151,0.035877577299579855,6.208368694665649,0.03164486790501542,0.08201308057598311,27.811082789376645,-0.0007179725705066531,0.026963887085638127,0.014524637728942302,0.002088140966111318,-0.0005818130576527025,0.20886952727484243,0.18115342533531642,0.19729458313364212,0.11170227276598865
0.006912717020108872,0.2414915904777235,0.020223936702898904,2729.8733669558346,117.15554324723573,0.19963945156012564,37.060670661790724,0.002830813195533466,0.025338944722339996,0.2790930790036432,229.54517372644537,141.71230038827116,-0.0012222797267451568,1.9241381876435932,20.189429968042255,0.28873085696506084,0.27881313169937005,0.7836056247259711,0.6996920262190862,0.03833269090711955,1.507303705788435,0.00023380513766291244,2878.477944630245,2.8669220803348905,0.02961038784644021,0.01278289694765622,53.57182327810405,0.01633843109938926,0.007132904168181575,0.008786913621893433,0.014027527180949129,0.01058814746512482,0.01672788471450204,0.18910534761165199,7.390218499825352e-05,0.03616122930700438,0.03256665665028269,-1.6645757656696958e-05,0.02606866692035137,1.0793927390832598,1.1910132501756356,0.019434141998119436,0.009848642493134108,159.90840247113954,0.03603623435839953,4.1660917767376455,0.06862369151712944,0.30163403632842023,34.82415543622119,0.0018374919198089756,0.003971093359706579,0.010738706589141778,0.02321234738706046,0.03523902949773028,0.040916240043467056,0.06994331330449555,0.20511847189785826,0.010953015043565273
0.004392950121170358,0.5169769842103502,0.013499681156230459,793.2317447024432,243.2743080687724,0.23432609176709196,96.52636961102273,0.2665749986132342,0.00490828753962802,7.679057649094552,33.98559990006707,14.733251908364846,0.009656525534587956,21.526507461219406,29.213006717863426,5.800679698850856,1.6742210665106994,0.0531007519538349,0.06760057713415168,0.0002308252079119555,0.044263438759446494,0.0024361684562919095,703.9573165986902,113.39240242854318,0.1470993746522522,0.015450256459379474,115.99533165509496,0.05966320269858727,0.0016761365137325512,0.01090977295060469,0.0063170478874052804,0.08841138320138064,0.09614505751934388,0.5904469000405017,0.007335730007632435,0.04043096186645556,-0.001763394331450563,0.15662862221243046,0.07267089397348592,0.2118875143688692,0.38374093013614186,0.007236419571495567,0.023674807706115963,13.15767932557803,1.3966102616879885,11.678606657439328,0.24112286630741675,0.029770595948069634,38.25854065469103,-0.0010821077526115275,-0.002773473257444259,0.002468569807687615,0.0026217823550123143,0.0006590302244005031,0.8494136977573916,0.013436205318710037,1.207563470904227,0.2786441602366363
0.023746728479839163,0.5479744186679429,0.012505483523262306,187.2311245687367,347.730433056483,0.03126399904962085,8.917273013783484,0.04503426743917771,0.008233045162741703,0.2206550935400884,77.78277918532716,39.11304139457316,0.0001879455536411001,1.515064792505198,33.76304367165967,6.714818137132783,0.010418048931585489,1.08197707012814,0.5665559821799482,0.06693901991941686,0.9335034143215823,0.012340803449463422,588.9142746086719,101.52087123994676,0.0059207876492770595,0.006477359406007466,161.50922235457318,0.012796890689559248,0.00937517741131888,0.004101603249766939,0.08455197163490791,0.19670205960686538,0.04698957888883992,0.02886718724974635,0.001721983580329045,0.008138185884428495,0.02418781329527775,0.02053047304684341,0.006273862641434924,0.4690557520334595,0.9118821899239613,0.0015641935323307266,-0.0006525905625984763,64.78832436418026,0.5123032258116513,8.867187199508704,0.01158564732913181,0.006528551239020963,31.506170871944704,0.05350233811320404,0.024330824841027443,0.014427696606602147,0.018411116473052935,0.0009864822844498633,0.6511849885890557,0.8523910821925416,0.2700387356484306,0.5571560013526629
0.010256769689597434,7.041714068533948,0.002140097123868756,786.928214312378,23.041607844174965,0.29552550002131817,9.654906142382938,0.0026116225394163806,0.002512328089101068,1.8142852217762941,69.70337076591771,44.11999221406588,0.0001401382975130261,0.8898633333634791,12.651821812825986,10.630738983984006,0.9751974251033646,0.426230965355229,0.6655074475793707,0.008492622795178484,5.800345002583053,0.013309177452492271,849.481122136291,65.38793193222976,0.018740819545359777,0.014473461680844402,5.895608914657145,0.004112088271057246,0.013322104103910881,0.005058986133081866,0.005381098019145547,0.009194895695647354,0.001972547999112173,0.8047762361194781,0.014342331758871119,0.006287577623290019,-0.0010722688010806891,0.024858348117173357,0.009403292452023315,0.1698408642332554,0.07196465249031991,0.00018224413692013997,0.007758130764412563,92.19483572217659,0.43780494488143074,1.3403207516486626,0.01752429358267449,0.15090327298846518,12.986692210672238,0.016948650461780623,0.003252205018976717,0.00828231481236319,-0.00019880799631177837,0.00935847255004063,0.30054771749740006,0.9748055620568019,0.09405884780303087,0.27265030065043305
0.014054811134939449,13.595567335176714,0.0007775811563037749,312.6594127046568,5.05457104538374,0.03926082593128566,14.50012837596094,0.1431750845136781,0.0032111478449454722,1.0648682492677626,40.53121205984647,25.04934869030069,0.0020016173869530363,3.6647317821381042,0.5170505666199237,5.48135847745031,0.24540377928106594,2.1664167178259914,1.6406511917359792,0.04682994059350154,12.32860595852462,0.0775826202955745,366.2426488428199,6.709537017336289,0.023752501674864313,0.06200533160517008,2.2901852305905495,-0.0014117497083256936,0.007783341649401976,0.0014241844098572543,0.008381729873187638,0.03594131496389341,0.019676677066967407,0.1217710400839005,-0.0003287050594629193,0.031810495161026076,0.013714885573465452,0.18978436971564694,0.05890569943882884,0.3972109650532962,0.23071131817657609,0.013005998323875723,0.003109718663496075,12.732772060300647,0.298899287939677,0.5731575714611656,0.019838399828675968,0.0437809532592075,17.797338193869894,0.08412302125136595,0.014534419708110313,0.016876270932311144,0.0075208501801729,0.009928435997212048,1.2564685348089162,0.479338879800026,2.24574896295593,1.133369900462946
0.009996191676906463,9.881873473430623,0.004439312399672879,2489.2781163768263,141.99033933367892,0.1005610803549386,8.434338761401335,0.39618719901644806,0.00722256465759763,0.07891870113469235,186.02003757254676,125.17835792430867,0.002248537189237787,0.3702510672546726,6.419878718922711,10.531346029020465,1.5330807697696693,1.398838659379945,1.0749121746642762,0.007002603674711061,8.84179093537536,0.005534729952907824,2491.973734047034,81.59445078134925,0.009892985835600498,0.006149406626827947,63.14673142247249,0.0019121276947586807,0.032253109015679016,0.011783184377153866,0.043263460071670146,0.06294506348327644,0.06495330417239575,0.6142983397830468,0.00133917000433037,0.006817526609838254,0.022478001240620493,0.37160000449319064,0.1992685126395557,0.45409803771924384,0.17374144760356813,-0.0004011214586538969,0.012652385411151101,174.37160145155693,0.0021358126422104107,0.8901500326040166,0.11202213620958457,0.13028668092717233,48.969295905656914,0.025691887111571887,0.010372328738765368,0.010897150953408818,0.007700746542987247,0.011938950788904279,1.9372447769306484,0.42977850808720053,1.036367995101699,0.39737189695433717
0.021112949755500487,31.43383704590647,-0.0021679102838065845,2040.8432857446458,17.82552641274077,0.19175551937626345,43.70175868456116,0.8156940470677609,0.0037028982159457158,0.9936808726934929,182.779868948136,107.79909580775718,0.0011721627444014615,1.2786905409469602,3.454147960337365,0.4436275454997949,0.012695189326876744,0.2121790591826791,0.649620614734455,0.03767480714538607,34.758471117012355,0.015987111015749456,2281.0274674237894,0.03493539848642335,0.11131584694897345,0.011854965951414442,6.4159173229961075,0.06512873357930271,0.04352577810712521,0.052078508639426424,0.0041391989560226605,0.08772665103198118,0.007966965639998769,0.04340102842622873,0.010836841268383246,0.0012817176397428298,0.024458734895459244,0.08181828588661766,0.005184220954679297,1.2367789395250783,0.6123338824988949,0.02461974680273915,0.003130071278925506,155.75860869544715,0.43469049405335713,0.0728899447695337,0.21131872662033935,0.004827168248884739,43.82713187068166,0.08932192213759027,0.018684729540439093,0.022290717514087177,-0.0030889242607532452,0.012735588903596273,3.128274663874268,3.9504220525369815,0.8527307337723267,1.5643975251647477
0.023593853700532463,2.3826164754718278,0.006580506269533437,366.8502164550487,377.8145615640221,0.03868849537637509,0.28074617796165846,0.06008925951453836,0.005682170264364572,0.4742714785636366,34.812336450304585,10.44652852164404,-0.00015348740338350098,6.522892619085308,2.0647951647395164,12.568363879770896,1.931122886552954,0.161174284916207,0.35836675487383474,0.009023822922429758,3.7209073579058636,0.00839446380959874,44.03603912994218,51.18129014708029,0.0028035966713941818,0.009547545356738851,179.78876582835534,0.05325741278783802,0.009638442631145772,0.009119198846771148,0.017110144901437252,0.016368845550140065,0.1049303625634348,1.7234958836301253,-0.0009210691603467325,0.029137210688420012,0.05093009754799027,0.3383933562974537,0.25936879461089735,0.026012903815958666,0.029928783465683395,0.05159020495574218,0.0045635358049551655,20.56021906523558,0.70942498613275,16.297744148308198,0.16357626022546334,0.0011542440301610668,23.610464678224922,0.0051782550652221815,0.0019035073777668998,0.008460326483986869,-0.002952247469993452,0.0042302622681260615,0.08940651281944234,0.12080659250779302,1.208837932453573,0.4201371726213754
0.0046751170453651625,2.9324321171105936,0.013294693636145105,2597.4334013297084,145.87391724876483,0.051648022375971436,46.53515756259376,0.0400148456812488,0.002375545371743115,1.0458973434060814,217.7735073359671,139.54782932286474,0.0007313947964169287,6.2756254380530905,0.27483742783799325,14.743503119409121,0.0384527541269426,0.47065529031608744,0.048640209593948214,0.009836395170617962,2.8044095896159202,0.015986954172037215,2614.1045507118465,89.27568739040908,0.03326316145586983,0.01194278431901541,66.93685402253081,0.010763933560650862,0.03033238943279315,0.0032998777735855356,0.0008663109398074909,0.061909771773288824,0.07632953529450148,0.04162925666976225,0.000903423406434456,0.040505015944098055,0.012482703480187318,0.06899240101293103,0.06468456100265207,0.05910133684001462,0.091936187739738,0.010688944082672514,0.0035821348597684377,165.06999535671696,0.08078076881965046,4.163544561004564,0.0032098579078212452,0.16560291557848927,93.22539143055566,0.013057504091380068,0.09473204023712611,0.06360185707784893,0.004024757541579049,0.0077913600434955654,1.167954763184289,1.7717132121127932,0.5993847853942285,1.5538297936885481
0.006639831952838904,23.027236712120366,0.005328743880397724,591.4861118833048,367.4280099847457,0.06981668848146416,30.221771997421477,0.022938054214047376,0.004897541192462995,0.3920912563483272,128.92859335797257,59.11473295948305,-0.0017935689167369873,1.4003331237745815,6.056080033571339,1.4664191660128534,4.015374148619626,0.9565879697565833,0.032312923075005884,0.01376512981231759,12.442820635608506,0.07272335358150439,1209.800132402165,0.01801701998420846,0.005853958575961826,0.028200255081290315,179.63755535249953,0.0013148151872268699,-0.012348552023188297,0.003291062416643342,0.04028465225400346,0.06506322384529994,0.0030479167720214306,0.513043510293147,0.017743506860315783,0.006255385870373331,0.001519077844926997,0.5070047534381033,0.23983412901423673,0.37246343450623876,0.4795545623096613,0.0010275416601448484,0.011074158288375102,63.4547452965942,0.2722541130746219,25.60861465557106,0.019874939583897522,0.025091964468080263,30.013151039244143,0.02450352132743916,0.05551300965566952,0.10147811867312573,0.00800039209148018,0.0003849515696590089,0.040307775367760534,0.293616624010248,0.14430399724652965,0.07160873923721756
0.014125475579534807,16.490228544477795,0.020107568810505683,530.8259715600179,460.3159513503624,0.003664576705199707,32.89242612453502,0.1734671438539852,0.011853148641129074,1.2044194093277643,104.74544997495374,40.67422879451141,0.000525181762959015,1.2982136609039134,5.198125264711946,0.9810267128472567,0.8488069533544884,0.023118406853972928,0.35103392598707384,0.00892435640430378,12.799235827640615,0.013117191920821725,1238.9820020992759,1.7106200751699685,0.034273624107466816,0.04079586481904229,216.60287419208825,0.038023612930010664,0.014544451007910908,-0.0019292642674901828,0.03166140372859072,0.18236644849538486,0.0017820047055456811,0.20905499795082072,0.001157157299795486,0.004813165554612198,0.021009579736942285,0.011278178055426302,0.0017023138278382532,0.12683695405573214,0.13215461695495456,-0.0002813531712497763,0.08617135613508342,87.74790339221177,0.667239602488424,19.64173200925786,0.09075029178771299,0.04171307820698811,29.67421503472642,0.017692586024411483,0.006131316232617756,0.005087506844329681,0.011806807186546031,0.0015593900596915233,0.43520725175412256,0.36713738567299625,0.24696308570242653,0.24418748641277777
0.022324016134113833,24.904183200074918,-0.00037785678387791677,935.179617807609,53.49364248815583,0.04937560793773166,12.42922131703357,0.894778901813174,0.014784718480404635,2.3509529308389316,61.190616296006205,30.29165881720211,-0.0020042585573039062,0.32962694388156955,1.8914714276009006,25.799784878130115,1.590812933553262,0.6493808310762219,0.26422218433238953,0.006247725195195564,20.837184486435177,0.0013238507590003223,1006.4660518729323,151.8648387604486,0.1276498624588953,0.037393382927318086,23.98924288299355,0.0918269525674118,0.006421367993304727,0.002690744886693075,0.0024594396597708013,0.6195554366037639,-0.000311868639784052,0.20883924740268167,0.002551441840529023,0.033297110550421394,0.04516831676845623,0.45705747286689036,0.43335872303879164,0.10166226596721106,0.1452961519200615,0.008796937213470635,0.0634269161435368,68.87074734494468,0.21628684928394026,2.297360528242389,0.4354236601338499,0.26924841753926465,51.688332074103094,0.008255354630530398,0.005475730708897508,0.002070054557596457,0.006357454199108936,0.003026899342399858,0.8978576128735272,0.1857351881905398,1.370682202155444,0.547191516811182
0.004904545966081919,5.252572497536486,0.009687762804892586,239.62512742178424,498.8349944885258,0.9424260144927858,1.7397665349559492,0.0780431653060818,0.004063938992510785,0.1558953243627359,58.08976453349787,6.16990814770104,-0.0035122962626576992,3.615142804485865,6.558466399219393,1.9317940158073128,9.89218682594991,0.2910376272516242,0.0766821726799094,0.03706203155708643,12.96546651749403,0.011739664709621067,567.8235232788571,142.58209998525038,0.021418758272403693,0.013661163895053896,238.38299898919314,0.012050433617764256,0.002039496821280018,-0.0004097286130591016,0.05432596831713532,0.2059426426141373,0.0035707389223560426,3.9504518616932565,0.0034036560082437717,0.005910875932379156,0.003758773192961584,0.3630128089933349,0.4293927985879282,0.38536078789377104,1.083961805434619,0.00016058554213049803,0.002065750364534047,8.652291644871998,0.22973375571536536,24.953432499853143,0.0936681116262843,0.20057428012208778,61.04536815145019,0.0024987434300935973,0.013008506966630584,-0.001580983196655339,0.001535815042238653,3.76928332315174e-05,0.516527424411322,0.6812657894996814,0.58749672354155,0.5531643421217991
0.008201047301649389,21.09439664093356,0.0029326764890891255,20.049163350899644,229.6231136818983,0.12729057432572333,68.1105924161012,0.020457061360719564,0.003971274001110636,4.509637611775664,40.2985602813006,11.716215639803579,-0.0009549443349419207,5.133906320263278,16.087233760044654,10.901853772044173,3.412915386615386,4.967418202159336,0.2976583359673608,0.04468835086282841,12.333555490209196,0.11324502086472688,324.59808361092314,40.94845797906801,-2.5486154325626842e-05,0.02221452069924279,105.16894542552744,0.1782840828712393,0.04194725728794513,0.017365037486043455,0.01930531308961303,0.010068012413006144,0.002728921985653443,0.6621358620729207,-2.0695376550250444e-06,0.000803598271880368,0.014579531299729886,0.2255125136914371,0.1648914701827371,0.9808510722627455,0.7819443929630792,0.02403666972225249,0.01079217134846111,45.34663926250769,-0.001966946512369283,5.624009648092829,0.14273561811499125,0.07249486055570387,44.41626189606549,0.014376620812000418,0.008745979292689832,-0.00011056729246750052,0.027403663344833795,0.01337932368405692,4.504324333217906,2.0491483683549605,2.5918902007957465,0.9473533040197664
0.014280230100349733,1.644873815942888,0.002955367511972895,1228.5886117188193,234.25017542276987,0.048969447603838034,6.179702587105777,0.2583738318654074,0.01333213603628014,6.9005799006422,105.10423903141164,79.60482554016947,-0.0011884666958836831,26.804799916078156,1.8355369363140257,28.49152185313014,2.30884649457374,2.771990341519058,2.295367959501948,0.027991257320326035,0.3920261040738948,0.05634665755478796,962.6629386007169,62.90283896319099,0.06314241776622698,0.15936306856644666,107.2849472524418,0.14548173383150154,0.015137746523762985,0.012822031067784678,0.02944260110333996,0.011697411480149356,0.32226703517101907,1.2670421998938286,0.008003323639485416,0.007620778245985171,0.03183613362829796,0.003697970306430598,0.0030389049985277694,0.4043172782080182,0.6163208901092077,0.03273469200648815,0.004367430859765875,67.86474380517545,0.7362407575294645,4.957487874977935,0.13120051269400346,0.03334788557784929,39.19433023907159,0.023758878268508532,0.012992264591772162,0.00323131134317034,0.007428450564243683,0.005333033653665886,0.5277513411131478,0.6475582762291197,0.2274288575654868,0.435800024639585
0.012933199401341966,24.49927174284461,0.006918459429122059,1679.0917613376419,183.75573074098537,0.7386995728149275,85.81154404421011,0.81680211340041,0.023020841367650036,0.789959939919938,233.4957305880485,129.18227570401447,-0.0020827781715935245,2.6832895168118904,2.345538477024884,2.4769621932532386,2.127840779239148,0.18256991131501454,0.09300198745442945,0.016848198050144703,27.239656915405206,0.053781841053385016,2358.225741353443,181.28313696845572,0.014776551140537109,0.0006713389496662003,84.13577686963194,0.069697991243169,0.03500829249804749,0.0013134708106026238,0.025139734122832103,0.011625629787075376,0.04230619919299894,0.8204492976085183,0.006510425898004435,0.01775397412253099,0.01895949157490051,0.012547489682845914,0.06585426704470976,0.6596296862083593,0.5192647844143954,0.011574660338164122,0.007598547309354053,94.61306911914626,0.07366982686771895,4.205548377627056,0.9078772702398359,0.21592231585474497,0.8251937380363197,0.07324038818103773,-0.0007911983547250756,0.0014586318321851977,0.001467213953734614,-0.0003374912465057278,0.4048967010070834,1.0867002353678403,0.5786178405509652,1.1816333186066705
0.0072230642289383695,25.912318040575123,0.012077806508703937,324.21939562193677,301.4413367051696,0.013005678090729944,44.00434999220525,0.027044660066152026,0.007640221079256548,0.23092344956887434,79.27581791974087,38.47002915371511,-0.0004720537267584035,0.15707942062065783,8.615988465062086,4.250301437167961,3.0465654055584768,0.06344255714828151,0.011507379042304144,0.00525439585147236,26.56192846170085,0.008962111563926456,692.8838519445409,81.04800213323537,0.06675811204057336,0.11572533588212153,137.03703282589493,0.04471300254267074,0.013768410293391042,0.027359235429393003,0.07760762808366639,0.24919850640894392,0.047639559486656324,2.715342568966996,0.0034666051974001633,0.015004632343175395,0.04240395635495897,-0.0010744992950844079,0.001922155369342704,0.44688645483358336,0.14721192136756578,0.015578247019933045,0.041695446858961205,42.45697435306173,0.32522659790778086,3.7808451653116233,0.002426143953662141,0.3020669902350068,3.9052220708215923,0.025625157849368918,0.001404053857439358,0.0098587392553533,0.00513130368546566,-5.8200940820540836e-05,0.7731598621270939,0.4750762638399557,0.06745768035248645,0.021690667845986944
0.041890021585369475,21.069479375781675,0.009789232828239847,213.60410264714358,83.06853436314982,0.033827556622068045,5.191820568417775,0.029153496688580027,-0.0038665023642074914,0.5272807306030636,23.254906388422874,18.982168410595257,0.0008000911581369508,4.018377467850122,5.574064284790129,22.056004638871407,5.143479843448013,0.12120624104955979,0.050245734236050055,0.012129577953224668,14.233715166236562,0.012108127140408875,178.4827069487774,41.68441657590183,0.05701054148641127,0.010102441877407387,36.396244657262834,0.04199190825973531,0.06377806962010446,0.021201997237393577,0.13344477591775927,0.02051462808890747,0.024222480586862716,1.3724634224850032,0.012480008799699682,0.029492433419423314,0.0006061747758376868,0.16760545973072816,0.14143066180797614,0.5454640538517417,0.3105046625319554,0.011536542468661537,0.02417093411485194,0.22559959365473503,0.8587378351760391,0.8812648959958223,0.10196500178602541,0.015866222240994432,9.580969400345849,0.013109875550541439,0.013979755109758685,0.007298750914733532,-0.0014278627990949033,-0.0007278617298247525,2.4911301146033527,1.5166926672108811,2.308256225272954,1.5447785648764967
0.00034614805065391607,9.357948218502699,0.005751490817794469,1122.013114445984,784.3089655238269,0.1317234726692682,77.94361997740185,0.19304233793445125,0.005821327233489271,0.4730533474258065,26.580321753349473,8.324496290344118,-0.0011231209715010237,14.91860854175107,3.6729665203736923,6.3491753772087725,3.7769492723878093,1.3997788286451422,0.4120564651857057,0.022612143305770438,2.467877436664698,0.027033550971576226,95.81270425308603,83.89428262431078,0.0076906420109628115,0.01588148158614544,367.98735899920524,0.17444558701088742,0.04493440429624851,0.03177407611929173,0.1405342990110494,0.05608721423490959,0.010716383555815057,0.8591888397609777,0.00046084233495324867,0.03013476246426361,0.003937157981161121,0.0473444681991122,0.002872275555152015,0.06053996600768752,0.16828485186437714,0.022352189358943342,0.09861609577907249,36.241016614373876,4.519796521500871,29.250097142378735,0.3460260011993084,0.03266850623967965,35.23918326331392,0.029683649225407116,0.014420309088952976,0.008729221674910193,0.00011734637691596106,0.002849985229524954,0.04575419801936498,0.2836736559747157,0.27261286856272715,0.4223948349485136
0.009827664289426608,4.423998761439959,0.003679106430148238,985.5986841453882,205.25374136402704,0.04410153835267927,17.342695036703304,0.3852010632260576,0.019773648757642093,3.523109741112334,148.17713410600768,80.387101070199,0.00543953374308348,4.542916606072319,26.306470832487236,14.046895973823924,1.153337044582889,0.917957548108487,1.900119251998829,0.005634217566498734,7.520402079143594,0.008290262257567349,1283.9634693953635,128.76116191011454,0.0027086669446410028,0.014561425756259183,93.89837332327807,0.00062913555755717,0.00383105378218751,-0.0034562062697496287,0.013115755559922171,0.05467514506849547,0.03741542675101428,0.3460402806702554,0.0015221921113157677,0.01098460350060293,0.007306874194483726,0.04963930590084331,0.05652778376782841,0.878929007704528,0.5622086620924893,0.001019485158703759,0.01435081468801247,127.6032302993718,0.024243922322725098,4.543389583318101,0.4134767953583962,0.018968031450100398,35.365029403041554,0.014379513202448457,0.013194093127923523,0.03072088928741934,0.00840746761861677,0.00419760681879211,0.19191840292409168,0.052280840021634134,0.7161452037181393,0.7292567970532478
0.004023447275958603,12.410341732862603,0.004246883701479298,1831.506650075851,72.5920907959357,0.13036308921877193,25.26966773008435,0.005178256179998009,0.031793374812499664,0.5217535517000638,169.68777525984262,99.59340026613212,-0.004735044433428648,7.4347424431095614,9.442206328214043,20.52747278560122,5.309035899317564,0.2341763764693603,0.14669662734339894,0.011274271303467032,20.396999488175474,0.020708455018830563,2025.797463803953,56.6435835373126,0.0029482831029952195,0.04506754388242484,29.48985160053362,0.11174563245308633,0.009354555554031307,0.00535213732826989,0.03124784896083188,0.015698557431615967,0.016736183615847722,1.440496069372541,0.013371718245556607,0.0027582286296174985,0.02294899104265724,0.1477948901457351,0.08161681786384989,1.5380403096294177,2.793325438072303,0.00920319668904579,0.01464731016157117,125.10141994858684,0.05943621362085594,0.08184117509195232,0.027263622552975875,0.09989159929179436,56.19689578272503,0.028909078832125346,0.008205799824684945,0.01579703813303812,0.0010702806725202407,0.0023045903098264375,0.898244334289334,0.41114968616334124,0.5842376938250835,0.2497803463411623
0.0008735609414545209,10.440252858927792,0.008728962798284279,2416.845249059221,449.3755777616152,0.09359125070286467,0.36218496121381527,0.34218199366467683,1.4492779287778035e-06,0.06714788584202491,128.8673250737264,107.14716445092985,0.001052434294301463,19.39490989693216,18.199751210335048,0.9793120302513669,1.535277844512085,0.25994521642295876,0.6385157974991573,0.006153208705001134,8.204933766603048,0.0007652790314649494,2075.2808812525523,2.5297001683639957,0.012578928920011556,0.029941861984748463,207.38805306789305,0.02106967515720992,0.02967267312513666,0.00317772241334513,0.05067077858992519,0.139931098068641,0.028830700112371765,1.6043026149388178,0.0043572484345011375,0.011203011975884358,0.011099769070637144,0.005133941315472512,0.01842242807510086,0.7687199574514327,0.7328060417577138,0.018116257009206826,0.018593765817938923,120.04951605022224,0.00822136430442999,6.065680294252705,0.3345981139183767,0.10533051855267228,0.07060156921465488,0.009919018182483974,0.040824587141337076,0.025554968508041398,0.0008649171563011038,0.009006410350828276,3.9482406331106246,3.5647619682820606,1.6236764273723177,1.1918690883579766
0.011189284209305761,11.165225510105504,-0.0003569873511208854,1181.218769877157,186.7087816295261,0.07722387347940529,65.80268488744558,0.2414292961532647,0.0028962692032630244,0.09431440654254963,63.91279398061543,46.81027761759714,-0.001101361888832919,7.896188729058363,8.591332839793651,3.5317995189611997,0.06359225912627853,0.019168535771283857,0.02718048753741975,0.03558203322531739,11.940817981030918,0.008849757302073158,1001.4724568027297,50.33859147638556,0.02562185660967753,0.0035219296838207015,85.50909545984383,0.020548746497409454,0.002025581765137119,0.0015099681239663099,0.038548799860206096,0.0065815226584122755,0.008744779625386556,0.07579800749523535,0.002071126693837577,0.00030519472812340354,0.013372941438285046,0.6843275209600419,0.5097877541599969,0.09014798230257615,0.011507614665582366,0.005067849765609367,-0.0014683225132534616,56.35171104240382,0.08776727369427118,4.7411234929642765,0.13990804349560015,0.10027817050506904,37.72721750701047,0.013282736724961275,-0.0020407613613659947,0.00608563961241515,-0.005486842884429244,0.02087190585664711,1.1567432008104612,1.12438783890532,1.3929419233496274,1.7952870155157319
0.004292445089991048,2.3377687887276917,0.004041242632318642,2581.3916168860414,14.29622343449809,0.015670156066317276,27.69269144805763,0.6029898062149828,0.04333479298361187,0.7645626790237507,237.69366970750812,142.7931856157308,-0.002302892417099578,2.100850480659174,25.371943267309952,1.1421357737690325,0.04187882019428635,0.17941318107812698,0.07483620374702582,0.06528747949264346,5.63801287767558,0.013144762197535798,2931.152497809463,6.339273377024265,0.029860314648217923,0.04526209531274983,4.359673850289482,0.04040480362327692,0.007438681379735357,0.005033732472582209,0.033785617535532886,0.010508859936942727,0.058382841835570964,0.29880946589955837,0.003120607986092594,0.006196092214942439,0.0065355111504317165,0.08053243642902874,0.05811733456356638,0.291941535356826,0.12352195886544237,0.016701952604845083,0.02133673782538814,151.07418293585275,0.26704235889613415,0.057659927676867895,0.7490116782556102,0.026614109728057223,22.547865326232397,0.005179183332472803,0.024894882529340023,0.020724676260704733,0.018966094317396376,0.02329477579266026,0.10051982860252551,0.14942068111184614,0.1260604312868523,0.05767669691215094
0.017751665685286078,4.5084425637651835,0.00246224964380648,2886.6279895570383,2.7322346075928534,0.04814628667584753,76.77043408373734,1.3325998204482117,0.013516635172543978,1.2754739192194284,320.25807743966055,196.13371980365898,0.0002949898011319618,0.16491267690044253,30.317170238980143,2.9068562265585856,0.16794389006255717,0.7389788859544577,1.3134117246324442,0.009798830586992047,5.206962069265026,0.05784860062021835,3158.9585967109365,95.08583790835351,0.017123181368345897,0.010401225340935127,1.80644715738437,0.007896008022548529,0.007371274718555476,0.0008354162873276394,0.057943779646173255,0.14045322203100152,0.05846970369993176,0.39511474741086516,0.0016759929435226084,0.01667236996369592,0.011980134954856503,0.1856254147274825,0.22037126418007436,0.3331663031508594,0.08199647169783209,0.03462028036034326,0.0009231641181752792,203.0985493320747,0.1133742398810762,1.5738582945674215,1.2425809968684698,0.54158158609994,25.781828356598876,0.007646340425861986,0.02923111784271981,0.009895450472403589,0.002757916216194367,0.008558126587298709,0.459570164559163,1.0360008134639287,0.11993218287402385,0.3099961339066919
0.004195907496033158,10.461949178063335,0.003530524964909354,943.4025920143025,297.352894994863,0.10089668704907773,58.54170310327176,0.5299323305919312,0.004599020675463805,1.2779786990517836,37.49314380928019,37.300763508437996,-0.00028568429060982226,2.0201905585652264,11.091897826277847,6.360227082943257,3.9162169473913755,0.1157319960253318,0.040973306490537986,0.010873553443638606,11.998489436948777,0.019692407557116987,529.386285853923,101.18734839805349,0.1063817885028353,0.0699665568498542,139.73099033844238,0.08856964274049073,0.038145968852608014,0.0025873261922040314,0.05427159961142536,0.18222021850663417,0.02567501720096743,2.043739951971035,9.315157482348013e-05,0.009404305269764102,-0.0023066850709652087,0.38134562622885504,0.25171504994282845,2.1640590958588897,3.0494355688004324,0.011347786366698642,0.015435716642289599,39.44351977942549,0.9664495150192964,12.36121288869139,0.0668367602180151,0.024866029491391828,6.6014483729563915,-0.0017021094340199383,-0.0022183609826909034,0.0024880749525779677,0.0033134066752253943,0.0024266140230322364,0.16214044597240207,0.17737951015657938,1.1500517382927677,0.46958820417041824
0.015043716000755047,8.874242707013504,0.0032093447828360766,1437.0979651835432,24.687409855638464,0.06471831314728593,52.00615315962585,0.5592343354178198,0.000992058607619306,0.10838116005238607,163.3051537408923,100.89832840179702,-0.0007173542487111106,0.3970790493426124,21.552642370728552,6.380763960789415,2.2438247211925253,0.7010988529020095,0.5053104299277873,0.07658211038780927,8.244205226224555,-0.00032847565218663277,1659.5747771594902,0.055299518515167456,0.10329069612696706,0.08332016822669264,9.340731884074696,0.06412926809599373,0.006246532144778882,0.0029287980568142302,0.01813787721444804,0.031103828856464233,-4.93600851143583e-05,1.4161747334405606,0.010497260976788603,0.01742410221827928,0.005495879811614479,0.012903523060037614,0.06093226615157743,0.012877446747450172,0.3702002725580522,0.015296712774722998,0.004559860131078786,115.18199405245693,0.1218201717827938,0.5329806346594239,0.10591199629952541,0.11302441285235965,51.37954594306426,0.02979340929020413,0.017088547833486345,0.015635316235188768,0.02280179041271868,0.016777295226201083,0.5642531886145674,0.5380006141839333,1.0705244590738356,0.8771643226147372
-0.0020855428366859385,4.50262795910749,-0.000500999828767057,2014.0772553262054,167.74840681169965,0.14655263275107355,37.257459384269914,0.049281107445732886,0.01094553492046213,0.4632249885028932,135.0009520493653,87.0289065147926,0.0012177756182749633,1.4736110138537812,1.9372154622119266,0.9765752732361959,1.2675618286069037,0.14406417677727568,0.09736771027112301,0.013226163803192748,2.470161178106257,0.03076467303300756,1996.3921050707775,17.25832078440929,0.011668536349827008,-0.002580091200008461,75.64742388256842,0.04386045018149343,0.031244424008073146,0.024977846275066717,0.019592853961389878,0.006246972869546674,0.017522542490549853,0.39957730016998827,-0.00020439204169964142,0.007561653646913413,0.0003283017964088586,0.10301676420666261,0.079010720412108,0.25344622662651783,0.10889565320420669,0.00807477593563899,0.0028302071092749514,143.05110618609467,0.2625952447145101,2.962401129449643,0.2869984953571514,0.1376478678742057,26.68483120504333,0.021539854625282295,0.007129549085089337,0.0009685087147444094,-0.00022020501844455254,-0.002962395155811315,2.0035901267267198,1.0807627590845472,0.6227764436877754,0.14896126129092035
0.02447626286497684,23.84984803744326,0.005966232398855631,930.306189158906,61.90367333832545,0.0017323173877707987,22.164855319844413,0.2926942861047941,0.0012149696259902143,0.565429180624573,96.90020387868347,55.147012262924214,-0.0011493944197473738,1.9136553101353444,1.4766746379500448,0.9122710636910982,0.010044251073164645,1.2589686647187674,2.5059771097517514,0.05713312895570155,24.13220090205699,0.0016506388497079527,1172.773225673371,32.524184269654526,0.049113495131551055,0.023541120052358977,27.312287344640097,0.006409925103453951,0.0012357581451132305,0.0020357495401022163,0.0018119608659263875,0.0717957293875573,0.05768269473537124,0.5103405913342494,-0.0003977708796689683,0.029996353846095225,0.02255514382398971,0.0022707361974161344,0.010672310942395846,0.3093074295841953,0.19373397220391908,0.021655009062528485,0.00835795659704619,56.86211803812745,0.0837611346928826,1.2181161232347195,0.04121448411373141,0.22557543205890784,39.92489062161367,0.008442343530195018,0.0010632499252984928,0.01027849267750458,0.018815424012479376,0.01516100330717407,0.28871303902200385,1.3499489617754312,0.35924915246473876,1.5552475634097407
0.02000850715116087,18.43728940062512,0.038532091974905924,536.7088288877195,207.59672035707172,0.6437789830309724,36.20606246939848,0.3700167928305129,0.04050572833577881,3.0671421907734384,27.162417705952365,23.159168266985645,0.0009696737083908502,4.202800472957495,0.9561655031745175,0.28620387042457196,2.2199266213545794,0.7099867939143429,0.46466899279244256,0.10331504787696844,16.387379720188065,0.017257298895335893,330.051077500454,1.9141200488809318,0.05985517870472812,0.07511837147587919,91.01343336371232,0.22767358956982164,0.08086806120023571,0.039370970811355654,0.007460064452665449,0.05818134627902438,0.06148013217431014,0.4852333033644767,-4.55521833275796e-05,0.00032311129852402587,-0.002277051771836014,0.2855596958632045,0.03961338667062364,1.5920461483100858,0.25239323503512434,0.005589677551443906,0.010855749295513917,1.31210817381041,0.7292061012389439,0.6984193746229508,0.023794045764405247,0.03458656438899066,39.557578393779835,0.22549217153333778,0.028189746106650482,0.03751640217651797,0.01469224014577275,0.02748160643131925,0.21838918991675982,0.01395811617396081,0.02050797547404315,0.2549757126456962
0.007565173760161414,17.36660670804029,0.0027871727247212874,1213.2942669074748,88.82744289667342,0.008259745926060269,29.130375644120733,0.31687538802675785,0.010775912069801663,1.515182794986491,119.05874585969643,70.54567272292657,0.0013193117625105444,3.392449682780689,12.002430953809736,13.145747791901329,10.63558084742606,0.7339124705476161,0.642437205256889,0.060042190106508464,23.128214286324347,0.006045792838054176,1395.5166305622427,73.43958188844567,0.06305990014577034,0.015254478092307622,38.28361349644262,0.2454545631406031,0.015783875417914928,0.0016521047899500374,0.05562710264590276,0.021623226693787245,0.0040397996169740935,5.619127599914154,0.04863808234746969,0.006605743482048787,0.022647983049465026,0.2880521535499021,0.2506303283406206,0.27718627268316354,0.026688906684575464,0.014122952409187484,0.015055506538614871,75.00944090492094,0.25858235717739664,0.5863758003550821,0.09720963908077618,0.33586938497030516,1.020311585488023,0.012427851575643523,0.03297680733108965,0.06311641172271365,-0.0024857841312639906,0.0200805619745692,1.5231164045873795,0.08237375356137377,0.3260829713471729,0.3959600483271766
0.004449489902410342,7.441850401291084,0.005055288067890018,561.054700228409,184.49296048532892,0.5339754851341754,33.92621600773628,0.8272845517435972,-0.005628897209119188,5.1094411441205025,74.85896611610491,52.055763314377934,-0.0005202270217736782,25.919293396058542,9.500642401408752,21.05676755483612,5.547067814136099,0.08484236471002227,0.14993279681302774,0.020771652377920446,9.919003966457877,0.03933094226524503,410.07019970822955,51.96548496658159,0.05002432736362916,0.060162819521204725,83.75053873485636,0.02181453266423361,0.006773239769554351,0.005697454113067657,0.026356689739330363,0.09241272357832209,0.006624049290393508,2.7270010265249667,0.003756354028753961,0.049206013602644205,0.023579788336532737,0.32011999857793416,0.3076683695577431,0.42941412368881515,0.22405453788686902,-7.432317517697129e-05,0.002547286082019262,28.40978878313159,0.34289973012727515,1.8148146601204633,0.3555987522090849,0.3009041096524756,7.11535238155764,0.0005785956458908004,0.003176103176101286,0.007656694614495585,-0.001072766515189727,0.013496959639083705,0.9707238856647296,0.45532086879597955,0.6456633803978491,0.2699920970462344
0.06867067533330395,0.8075682100279336,0.005211996007512987,798.5299412123901,233.686069511116,0.4656260706110178,37.669156447994894,0.07799398218359066,0.012880829965735252,4.296856274363629,87.68853198536017,41.354629936849875,-0.0025718632650395534,12.01683114380739,34.72324680783722,5.4529735185786645,1.3250175241222912,0.044519781024240146,0.15634547420254563,0.005458385633334117,2.255067100416607,0.035122176056456844,1294.2432703294007,61.801873334613234,0.04225384666935117,0.03606823420812155,106.22487447060878,0.0200852804100915,0.004556520458645075,0.0028192954524239866,0.10653840639698053,0.06934784519690584,0.00885445740881341,0.4755543971195859,0.0049866881637354865,0.16363624020500112,0.05692912498448077,0.0056323277511936,0.07218838712711317,0.4846900466771782,0.9003771850046673,0.008990575077224783,0.033763539627226,38.813638471742955,0.12910608222702358,3.946597746243409,0.052486857295292566,0.0027976448195428105,70.34503016885544,0.043813857593621997,0.009630163329501507,0.01020781018043948,0.0008436870911880945,0.0005383776469569668,0.360461170437274,0.3532083009536482,0.08535251968206659,1.2814728420658845
-0.00019702047598446626,3.560273532252187,0.006067786054617663,1382.513023655773,54.71130902347392,0.014893099917999031,31.52738932196406,0.05321893951071299,-2.2864302753333732e-05,0.07161081525361723,133.76753935696502,72.41607205288602,-0.0016488007900310464,0.03737926345170983,3.261269109869052,17.678468065538183,0.3821681824886438,0.19076201313062846,0.12140571050131488,0.12042721097662845,4.457945766689197,0.046237730382364006,1642.2105959548696,8.471639189451103,0.03778291273409806,0.028166059757820605,21.093872119806353,-0.0015960355038462382,0.015113473844459158,0.0023341487287407148,0.05014860894046347,0.0843260079596524,0.08327754500976958,0.3569527714500955,0.0001271696479330231,0.012155404368473732,0.0318210306516411,0.0014440246164140191,0.035016900580402854,0.03279327353056427,0.07415272724929789,-0.0036275731955175416,-0.0012907364939032107,83.4960213891799,1.0918345508419716,0.005993476625641314,-0.001164150297106481,0.044383442126938455,24.448343882436095,0.06364768597644055,0.009948127137371365,0.0018326420453496084,0.006562950832290859,0.02406965867703903,0.7062192189593537,0.04377976623371449,0.47870601292356785,0.0663335134075691
0.0024494977393434425,22.427534478120172,0.0002747271275866936,389.48168364410935,326.5099419851902,0.1434954323633777,22.564167173319092,0.02828728171347361,0.00547043799074487,2.3815397220816177,2.4458891461659036,6.8887779661228326,0.0014430781956455974,5.741338252167187,12.74967668703716,27.197126915289097,3.628225549685096,0.10100155224339957,0.06350760229822061,0.017646731413567984,21.775515563146193,0.020792377983470445,54.108280272116346,39.37021085775834,0.03883725260247317,0.008795574008889417,151.30268819760587,0.11719598968552347,0.004209673845754658,0.009146685593655057,0.008867788049197856,0.07532513058679058,0.019601477333894834,2.046412392091911,0.004118760709224567,0.12530288125430555,0.022628068885636843,0.1413312065706327,0.1059485890979337,0.0039128953741895955,0.005656062354765901,0.00344853346351659,0.0072078276901068605,31.141521395439625,0.808358697053631,9.705754084308586,0.18078787344562564,0.0573619651894024,3.510465559673092,-0.002347005245802336,0.10908296025905084,0.05532922690486597,0.006874433597513274,0.006860638588533696,0.18587108872565494,0.24421047745356095,0.21683169733698993,0.09335013287898075
0.010930661961140231,8.68634795402405,0.008020017156213477,4847.0977674601645,266.92874394537057,0.22896877238050983,116.78902319586308,0.06424682105901791,0.014423737763341826,3.877230594691027,431.9222064557533,263.3398883239276,0.0006890892760864631,4.549983617598113,5.914257236585747,0.06965403219723765,0.2468369394152461,0.07074060704074725,0.07197553304075388,0.03408894663386608,4.659284046542511,0.0031581035775261057,5201.931714225231,108.10962154321875,0.00676444421401623,0.0047205383939195045,120.30467302420547,0.08929394894641796,0.018068275126168487,0.009465997095520429,0.048400388362239255,0.3299686451909052,-0.0064933322048918996,1.242890027481514,0.0030995734277610154,0.058525535163748366,0.030837660680445467,0.15412871299122877,0.47319947016469843,0.8647293642584559,0.692053315908919,0.011137317865886232,0.03089295175024187,312.28566355826183,1.1758673232133168,3.9375192015597067,0.016371479992626448,-0.006030728423931819,61.76566002513297,0.09630658342585274,0.040862622909782154,0.016613262537083173,0.0027592729605228072,0.017002739387955046,0.5898007187997054,0.22486609866282325,0.0783906448537719,0.23245239075137913
0.015069014738277708,3.9800028574672623,-0.0014005329657305055,346.2767861899434,2.3219927945044905,0.020236514993358767,75.67844217908686,0.41780370758391694,0.006322152394012903,0.044351101151671735,3.929249953091812,0.009898245990423327,0.001983270701654938,2.1367722165898826,0.6630839644309932,27.880962433771494,0.9637687281091347,0.3871690714786,0.054806995583452256,0.005618660387874286,0.992922964807593,0.07647797364373599,460.22167837505367,77.43301277486282,0.037950790730851836,0.007494248127040137,1.0724561809695858,0.015969563801195186,0.00731229133955047,-0.0004855594439874267,0.0038994809806194297,0.19786162449841083,0.024990280722791525,0.11148267309954907,0.004604181663739659,0.01793550008333522,0.05375715659568403,0.1442564382442253,0.3166776663198707,0.5029816306132302,0.02131962198054005,0.00593358328775917,0.026052366240027602,12.481642839534455,0.9729697315719648,8.997417527547054,0.4563389037300398,0.042953548602474356,33.40466936447172,0.057210582814813726,0.00044696919723286044,0.010153618458014435,0.003197841203975038,0.0009261126602293501,1.5613106486050121,2.575792965350086,0.41356419205340433,0.6091496351243224
0.01481366372253401,31.216662650957346,0.008761701934680843,1246.0095054738597,127.03483155758813,0.28542983519184784,47.134098871667376,0.15581276118163512,0.009263581004034904,0.025356951989845555,119.4718024630318,75.95801611040838,0.0013880827923928862,8.2787263393769,6.339388116391611,25.70152142949265,1.1212871692008815,0.23349514785598213,0.4137502186866229,0.05324386760933386,30.306763037796884,0.006323995241062974,1310.003517034963,65.58641165566925,0.05025421915803463,0.023372362985046635,55.55699328780871,0.06445507159640051,0.022732189695982896,0.00501046709074604,0.004300458633615278,0.11218227666772052,0.06633899884424377,0.5909717344670273,-0.00038069462609868765,0.008343863533003315,0.0011944616760972693,0.11805066853515811,0.04429374267220165,0.19563234149540598,0.06315293022277757,0.01291029144751299,0.009180170479250904,86.97016416040124,1.2472236085265145,0.7649423519640273,0.012426374020792608,0.8572377899270611,12.788647871151385,0.026094942680545685,0.009063178829210372,0.008688622291427528,0.009800369440999823,0.008152065480423687,1.6626135292468902,0.8209164305735701,0.6543500387644476,0.13348165887038643
0.01712579895146682,15.402597310789616,0.004227701323335609,647.3212086121957,153.02200253521846,0.044819763420691494,22.160548704968427,0.6559366446749868,0.026605756564051397,0.0028436874460933126,0.1207395825723081,4.985164440422035,-0.0026155136789389744,0.027915997290050676,24.75805082164272,8.394897100461893,0.7739170371235442,0.24550214529068448,0.1523107972260247,0.09959026667264492,15.950223504886388,0.07038706631521219,528.614656863408,34.268592882976066,0.0953128799169356,0.03129201261258263,70.7020406966429,0.04245609509915571,0.0015966696604827746,0.0045824813066737136,0.05508724836905454,0.041486309205452265,0.016827360445201833,0.6533190589359057,-0.000632731635580086,0.02507206539826079,0.020781272080972357,0.021714358466986106,0.03472107745385333,0.10386426435438612,0.07614497525606456,0.0019023172642169683,0.012859017990851207,2.644920864636613,0.09906916632516616,5.413780587670137,0.37091819743209253,0.09679750176785351,4.360757219985698,0.03646954199861163,0.021230024948613924,0.00978088043557701,0.017851551433967217,0.02389399355407651,0.6971291444035641,0.8258064694056966,0.30372929254592496,0.021013247117158684
0.025381146142366973,14.370367648681444,0.0016393437267980815,278.8745087281931,0.44484062301136174,0.04677689781834893,24.757442892030546,0.013308247532559214,0.0011368268491178668,0.1384905904267315,47.83044084506836,31.754167673131654,0.0075599706592752725,0.18247459717370695,32.700733273502095,1.4173191937390612,0.46964418225149807,0.5964129990967333,0.532719213910914,0.0024732600668331273,17.627406285291446,0.023479550521612325,265.02607905907627,39.17411372368972,0.070191284532088,0.028616404360045422,0.3816145739213921,0.018920358347102706,0.014538356036797317,0.00787465817163735,0.03037144288791005,0.020591328346386106,0.013031387066995137,0.06875137403447873,0.01111401555547964,0.023171920521292577,0.016526125542512204,0.029382134909502255,0.12595483612150105,0.5031983366795014,0.1643352523263486,0.05576308342551961,0.02238621377699701,20.531934180074703,1.1863553367503634,3.7972461633304135,0.05882854803838189,0.07886730472487091,3.5774849705022227,0.07534757255048596,0.0012217533312011142,0.015222907476816872,0.008008045918050932,0.0035935534675104464,0.6395515068206992,0.045116690386192815,1.9065360794316106,0.5128714704807056
0.05794273784939463,11.582480571510692,0.029279597044538086,4191.238663681934,977.297153601823,0.03314709354141687,73.63560173620002,0.003141963175847806,-0.0012047881047836384,0.05508368148250131,238.9863936406083,192.9694475534051,0.0004080715925534051,4.5111114776477645,9.353395265868725,9.96703960387532,2.9592806423358855,0.11679100031522793,0.08691702659707623,0.043348969484362954,13.532497514334127,0.0016684378579041592,3341.5536571807042,21.133106214312335,0.0091961382664687,0.0038944294343474795,462.6409185280862,0.00222618601463509,0.008626533591498564,0.010310847413694368,-0.000208769709570511,0.07821678433835544,0.007233296678034407,1.4728897491919213,0.018930376474950883,0.018265789683854727,0.0039022797910206464,0.004995631121834876,0.004610294705841511,0.0959926353624665,0.09268366335816935,0.024916411690412588,0.007007506145857434,223.16031454687342,0.4225063828534683,37.72538159770636,0.001999912528108716,0.08198953600595615,61.068750024488864,0.013773087805473594,0.04131045193486216,0.04502903563918714,0.008905182049839588,0.018368553104016527,0.0594072580236098,0.05201730329669463,0.06775160180005457,0.24272710031463962
0.030350632052229543,1.321538405240644,0.003294385144718248,3773.0306260599737,180.82384472540153,0.05859891762936176,80.7139765297156,0.46237162373308927,0.014651125387533881,2.498326497833996,393.6736100051955,237.98028038832396,-0.0004184736605044037,4.379482705004535,4.812099319488751,20.841279708040638,0.23149324822701622,1.8432959130383901,1.8026450764776678,0.006434166547609088,0.9845282547935748,0.05295053855116372,4356.407289668524,137.64758682611958,0.016192758845341437,0.03598495670838897,84.33024496260269,0.0701129864936938,0.013193265706038737,0.06394565263779661,0.0454205288082985,0.031797638998406264,0.005866079878509289,0.4414191262833631,0.00072811053342825,-0.0012778882465571684,0.011155114003193134,0.02144247559212964,0.07127084783646698,0.20131370494707124,0.09508957628007675,0.011601748352355834,0.02921492105540935,276.9350214561111,0.10538452245880858,7.889601521281224,0.6296390249656154,0.028496841391226546,11.035080174476214,0.002011208060869407,0.014276589046178678,0.004235794655182978,0.002625974880273496,0.002169371108835527,1.05168416683345,1.1657044339305687,2.2333633938895323,2.540130530126434
0.03991911217562283,0.025201539395859562,0.006115568350755218,2257.30856285702,179.88626863475017,0.24338726793070453,15.917588411542173,0.4987912639320422,0.004624683873511337,2.8174752452023144,189.74560048385462,120.19791188450708,0.0003536512528281577,7.946110470541774,2.445972579130763,10.636181576056803,5.503150144194856,0.35038733573275316,0.21672299306844867,0.01164770491396716,0.2585181564927961,0.02540329774150063,2385.2277605617955,86.83393462362557,0.021663153339043895,0.022272905235659834,80.5924221157423,0.04056596274522217,0.01487707052318843,0.004775901940496041,0.05564697570230681,0.02242138704473806,0.06078185318015006,2.6175289250411575,0.027405496137171248,0.03519399002272472,0.012165459034520154,0.15257985854436118,0.15993980842736732,0.6394933278862363,0.10779944323287083,0.01788450530456487,0.017103234479902696,157.21183882403014,0.051503157875608,2.9056293234394834,0.4087369773329854,0.032878985344844125,17.927145702850673,0.02217742029876746,0.0024352128650733107,-0.0024066761052115027,0.0005008748443033895,0.00750062874949009,1.8895767378181203,1.5217395641291036,2.010935256628417,1.8368461350654117
0.0022235202676288424,26.577504310224672,0.005602446308834885,1169.9056143022206,345.74621738153337,0.04900741660192587,20.046755982371995,0.48050039482362195,0.04075117828583341,0.1815727979749413,167.44242241773054,86.73638702683772,0.004422219354028201,8.893714568273563,8.117933382573323,3.6323945908457516,0.20999803085687496,0.08430548651726522,0.4709939757280308,0.030047539221465414,25.054734551544875,0.011044952900732596,1721.5979938481596,90.49651074524483,0.03523945866439249,0.12207555685965144,163.5709476518724,0.00884255739362505,0.0024437372800409918,0.004787713057662124,0.022767019397720745,0.10630798413050258,0.02653966813119979,0.037007549790800454,0.0073140101650492895,0.002883342063607408,0.041236753826424,0.017684313482422276,0.01377070692349669,0.10686056822518974,0.03204448266354287,0.00594196012020376,0.003738957058209813,101.84851799906554,0.7202726521697969,15.387974195887889,0.05957288576818609,0.15674308875980092,15.951145600581857,0.01666571515348636,0.022645512368518972,-0.0013805802821504898,0.0005432452329747761,0.018458783456330785,0.5328214717918458,0.43104188521613374,0.8507156183872713,0.4978844641088447
0.0025878307398423672,12.117339102310677,0.002911068691935803,2428.1903602790403,328.2725945227892,-6.804817824601628e-05,42.563117343567754,0.11601158594626693,0.012201241296700083,0.16629179052434662,150.71166168349887,108.53684162127057,0.003067870598614242,0.13643235431559297,17.198827397000496,4.773171911968106,3.312503426768007,0.8784144408632404,0.2527669707094713,0.01125081494125002,15.02881444053006,0.023887520910711224,2228.392806607815,33.407208941379054,0.03696464212983486,0.008167542613649381,158.12709827678344,0.04254738099166211,0.01749340271812727,-0.0007268293008673155,0.09080254975429725,0.12035511293420065,0.053406041406805826,3.2593223121964403,-0.0010818844125388694,0.07966247463018483,0.013697040680280992,0.005498010895883532,-0.0006456977635247441,0.1727390281429768,0.10374411270592887,0.002316573914058928,0.0006383819283577452,157.19272286933332,1.4491661343367692,19.240156161211868,0.4065779598662882,0.1844751936976845,61.8992292929325,0.015382394911084951,0.015264115877943851,-0.00198101339569412,0.010191539281271922,0.00029080461064179275,0.13720454759047662,1.1279888655505488,0.29862128022355794,0.49250041036192194
0.016201630597969974,4.408481806931736,0.024975400295502048,1581.1433882550075,178.66787388605619,0.05835311610480076,40.39350079271043,0.13836297436623468,0.013769793804606856,2.076167918080788,159.92685237794703,87.91262797769366,0.002938591961133774,7.392817932817792,1.2830148645420003,9.382270979332318,0.7273926152928532,1.13791407090517,0.06998928978414032,0.024909378700420426,6.478760936934869,0.010342857884923617,1917.2367989183483,107.70190897022741,0.011050967953091018,0.06155738424566071,81.25072939585267,0.005352299536268923,0.004609248837542879,0.0020037589290549107,0.05091719579233178,0.012043927078590144,0.022549875142081177,0.6711377417187396,0.000972401074749385,0.027484811666697695,0.022886513372987416,0.0010788461261359572,0.06674481763132256,0.13258549300041356,0.09174370402748444,0.009393335773561162,0.003357026650437689,128.5104098231675,0.2970257096644193,4.151615166859603,0.17246547961172887,0.44590967599852327,3.746166594188388,-0.0031628582292606566,0.009564276986376186,0.021539626570997505,0.00017662923216299475,0.014952178320864817,0.34170920072095523,0.5167146154362205,0.5509354001078997,0.06964675109385965
0.006775527013398452,4.161618223129647,0.016840037786321815,1.4687888455947355,217.02472110601988,0.05325112074911509,19.48598661500977,0.061841391556038516,0.024806581716902087,0.0662462881584771,13.748474697679402,11.140950368640436,-0.0006454760822789396,0.05481426887212848,7.728004224080404,0.2933978865478064,0.36392885139554654,1.1769277359891994,0.23458773388818077,0.014508773927332186,0.8962918641780915,0.009402708862948472,42.478747016499604,238.16789432648847,0.08332121162777462,0.11785672550654169,98.37530977625535,0.03487415960191509,0.02722502315929365,0.025483778679678437,0.07546095454665647,0.012113241587238477,0.026701192030893495,0.09264978178149885,0.006120383955183328,0.004324667468313059,0.06361532268330983,-0.0018315351995337181,0.010482059815911882,0.044980819157546925,0.020251705896488836,0.010288211975726824,0.004628707203830018,0.24390779715710842,0.021742624344391004,2.005881829843732,0.3604574761916748,0.16221457583453702,88.51868937870049,0.01589471615706195,0.004552323857393681,-0.0003976071590514607,0.00015891316697480562,-0.0016233962720395567,0.9108119444932523,2.640687107407947,0.3279520945387775,2.194894477813751
0.0043307109791417275,5.080600313251197,0.01352097294447585,566.889754392058,64.39263910490156,0.01580611896921358,47.91123644948621,0.026396881463795374,0.01217041527813656,0.2675681080352348,46.5666350542197,32.9074963016091,-5.6069500179667386e-05,10.349862015508588,0.7630655219953608,2.1810030798241984,0.752801921415446,0.26631449124541984,0.04983332479299385,0.028788137514088596,10.193291077491175,0.009020190924275084,649.7489158923343,59.66211913249918,0.0013762511100186003,0.003909993382612775,23.58428728929051,0.02469827421359838,0.018762187534075103,0.008724993524468871,0.00391825632592635,0.1668981925196098,0.005897148434958588,0.7886153467968189,-5.043214046640543e-05,0.031912250480192306,0.015857337922379422,0.003640401752329936,0.003530268361967792,0.0332004599422433,0.10623173329717428,0.012940036303755953,0.001591608956552193,20.928061412960844,0.3094742012604401,1.500813185547755,0.07733493201359654,0.00462224841048009,14.941909383817691,0.01739174414821587,0.03469245536542598,0.009755299749907742,-0.0011883758376471931,0.003745148791215236,0.9266279380114204,2.5221755353059754,0.6294596656698648,2.4100821931537206
0.0018711817669858632,1.7338789376876669,0.01001853479310899,424.88850830817046,103.62978887399866,0.00011915487306524142,115.41979559601137,0.2915302612073205,0.0013466662393994966,0.3633572233632876,40.42321091617022,22.3087417052068,0.002488943500828178,2.3428598350868874,14.35238596074718,14.665569084454296,1.9857333156716876,0.21917229026511809,0.1798361740643175,0.01394531358764084,6.589241489731762,0.05694204736424879,617.734301114195,0.028351415124152624,0.0034702671496011916,0.008543518244147563,44.35261327121744,0.006695625084766732,0.01225041340872135,-0.0008941009172112047,0.04211375331480838,0.14583837249468345,0.045310731447912644,0.6783761361766372,0.004749812602982573,0.03649792693774767,0.030425233816430364,0.006115155458234156,0.0024939878919969516,0.14303925333712186,0.5415780654890909,0.002284887540087155,0.0031461784587341057,43.25553752784298,0.2881611954005727,0.07642164264344231,0.4013377334557422,0.10077149575009514,114.71827285247092,0.01225928910050289,0.002075182783946694,0.005872604224373745,0.009795141731647306,0.014831384115287172,0.27916097963421915,1.4601189700159214,0.12932117984984615,1.086887105162404
0.009726387494721322,23.39890080091032,0.0006268944016945,2176.6167258603564,96.37119711531828,0.7552968892419925,24.710130677119515,0.08945942068293178,0.007747924017799335,0.13561357999543144,177.1153391569881,120.40812828615388,-0.0008918253322010017,2.3727974449824174,0.8696462096454844,0.8746139713554166,0.7309335839312645,0.3824743355713096,0.09139160614493402,0.022057692696324516,23.931217786014734,0.05257120781537861,2173.8131566443153,110.25981601917881,0.026889065226826325,0.038947340974662126,45.569935013336476,0.0030083393342561493,0.005566690698475263,0.01998974745701876,0.01848255786409503,0.142719239484971,0.0166295017902911,1.4819324952174728,0.0009617182876979768,0.03145650588934146,0.024578831286239833,0.22898268355837637,0.33650113774786483,1.3434594713886856,0.3431138891895369,0.026120267918048334,0.009669548967695896,141.5988099503213,0.04600422311760255,6.430103801144265,0.2054802438346215,0.10173255319891261,20.812738618683824,2.809784929080905e-05,0.031152166019381866,0.015689640039030728,0.006216451172608828,0.00490680381998132,0.09176303822364318,0.7772925885434896,0.019759453479346156,0.7180956779294654
0.023185852085737757,0.4410150038249476,0.0069915023347313365,2272.6653916921086,331.84366562730025,0.07109677425163241,0.0001947796287131709,1.7149405843996899,0.006656751417837725,0.30623273897714043,341.58344270945946,185.7133361655458,0.0011982997461750244,1.7247809778334773,6.900397627372225,2.664026937638887,0.0075659935604805995,0.28809371311809784,0.20282073804622058,0.013651936955682231,0.9744934569848214,0.012476099356327097,3132.2902679335034,117.55622941286028,0.092456408003601,0.09114943712003942,155.1837322748357,0.02114707499031443,0.007811549769122905,-0.0009476645353130309,0.0029993758381827718,0.09011398398216297,0.017771053786858282,0.05132576176149595,3.295295773853013e-05,0.02658890908142464,0.07136600980758256,0.012959391921700814,0.0036608191462690343,0.05731585846245846,0.17028756581773763,0.003732769483320908,-0.00023755868206443154,162.77416076681772,0.5064055532958456,12.34653071985649,0.3103724411152262,-0.0012154436852336303,52.15065186876008,-0.00034338636632114117,0.0012038911247636008,0.008968301725359673,0.0034742811383878802,0.0013464175667738942,0.7160105070375309,0.9951800099708699,0.6384814379582595,1.0586324216588414
0.038965077650858326,36.67139497100902,0.0001198140519518276,3477.269200923476,183.2278478177058,0.02140839193685551,14.238145111992267,0.4179857225800401,0.009307370213707422,1.0922649904844226,356.65491706674817,214.44049634573304,0.003467570511683782,0.45646228399216326,4.420544776420827,11.377400529925652,6.890056956348208,0.5313901817996891,-0.004971091370403968,0.007202840414825218,32.02939467035583,0.016049742036735815,4197.515611929095,30.464591567159296,0.02657028882879864,0.0012735740917939609,78.35367631266598,0.04556251977499759,0.017700476871952198,0.00984663950581588,0.0062080455318058725,0.02173408444180236,0.06567933426101913,3.4439590641268962,0.0009490345490599239,-0.0029901773728360226,-0.0004438773194488377,0.005312634479397893,0.005935309926685228,0.1318817666104346,0.3731865054707608,0.025413944867973548,0.0016153634614077816,271.14530143644606,1.5992405113769825,0.4113922299074755,0.8461729986070017,0.028006091512926545,0.23241598031176736,0.0012937084625077588,0.07338723053735485,0.06685128792810868,-0.0007588159426994423,0.0018929595389627352,0.4710059769875583,0.09895617929307221,0.22054083787424705,0.3312523524697104
0.06675538355180066,0.04889665641486385,-0.002344604274653328,4316.210537399215,328.01298526900956,0.027132903932621133,18.931929651480857,0.4775105816028793,0.002377222895840525,7.112013029300234,461.1483496049481,258.61941467091793,0.0017638356466047611,3.556093806485757,9.033171238305501,25.012950558062464,0.04035193456257247,0.05018512081326598,0.14628829094777807,0.0004738215280220004,0.03015479596188797,0.013553092989976534,5483.5384033427845,91.81148127954533,0.052211184803628186,0.059186971252543685,151.16329889009393,0.02480243474044208,0.004426717069912378,-0.001600341759519175,0.042094846475522196,0.0014122857532568034,0.02178276129084189,0.1085190688089348,0.00204209471040695,0.016792022979918997,0.02492490164025707,0.0006084320253076925,0.0020286144238310655,0.027535881586345567,0.0292806337629683,0.004751907142889422,0.006979077001892264,347.00968630573584,0.5374434834383237,6.78264233848124,0.3656576122417974,0.01386282154770413,18.250407453712356,0.005285266609801553,0.040706856772750655,0.0065541913619249215,0.0029344139976723582,0.002986622426858432,1.0728311794905192,0.08383630176602974,0.7512859279244646,0.05287528708101341
0.0025119765294192575,0.03341420717363519,0.026563396874239587,1802.3532577473106,9.254550757126086,0.04750897378588359,1.3076578427359733,1.0778494721672294,0.0041852659235956935,0.014553145897262532,181.27713533433678,109.33468512124745,-7.375042589341518e-05,8.276727657965619,2.27888442688353,0.929825580530097,0.7905629954384592,0.26649219302470506,0.16467010361269274,0.01969901084246306,0.2573018141278096,0.006736105648285751,1962.6896700805264,75.50035233865273,0.07739469995607262,0.03925403654211035,4.613508344167367,0.026555895477282654,0.048193626490913744,0.021101129472756774,0.02110900954766759,0.03594837993163846,0.026442983599700653,1.0106565758973218,0.0008636316088219687,0.011706303871811485,-0.003211010061631825,0.2276471926297292,0.18674397387723474,0.528405524835942,0.15759579153758008,0.010095817213648495,0.009673845375831824,107.12787925317329,0.016811302256050986,2.0015053065145407,0.29717010471861993,0.3344223460625555,30.922522226114157,0.008453810320919963,0.0003338243447545963,0.0059454273882284525,0.00023739242890208345,0.002541334532034867,0.6221964357527598,0.6960620459736253,0.8710966482327578,0.39066287774144026
0.0037042920165699655,2.7066802320382397,0.0012401174599059317,2827.54337642196,303.3372149491777,0.024153352684280094,149.64481639135943,0.18766197125546658,0.01331021325698245,0.9223425833907637,215.49000779174534,136.19952900735012,-0.002433750906732257,10.33419819665888,0.39857463025223705,7.777927051155057,0.07906123589009084,0.29494182543286307,0.6998837631979509,0.005737360126110147,1.4036282996433371,0.03897310775570695,2927.5738484682893,133.5793140719876,0.04230947421688125,0.006592206420249269,144.49836346256242,0.002890128608694198,-0.0013278558460090295,0.004992564023151402,0.07272339152898866,0.10515761112285826,0.006108039373508234,0.001545770057208351,0.0003738591078707998,0.016341796136938314,0.016943853350995575,0.11484540073796357,0.06461478434202306,0.060443661754811195,0.08042310207496683,0.010477820579072983,0.003816085006675962,155.98161105766448,0.4765407025801984,17.027547285203028,0.0933907605948674,0.0327693639522586,81.03398587518373,0.03375598953448655,0.009651888817630017,0.0071679682701102365,0.013483573063470367,0.00322355110116046,1.8784545053806116,2.6268655891458526,2.5016689913387946,3.1921835856463314
0.0035112167091320146,47.26505905090975,0.011730866035262189,1214.1125014360468,23.609108144072998,0.13651352858078258,54.4334027402501,0.0008630833339671184,0.0003627050380714536,0.6222030777906715,116.88733650856142,61.45763384370184,5.824119180619647e-05,2.977688832060302,0.07081687507286905,5.998068039891486,10.883505578640088,0.2397910260951468,0.39215973168386054,0.005189974864716618,34.33745461847623,0.10167920150440679,1363.1027118396382,32.86148155123223,0.014118360077604919,0.077311937495252,8.66212950413332,0.03004225492293955,0.005038917888454897,0.002785444202785037,0.02015787333526653,0.26148398650138116,0.028245153093526376,3.9510798075176634,0.00043052333222615147,0.005403830977688706,0.02910622385620787,0.0744490725539082,0.055351420202653934,0.10000053018907717,0.09479672413750873,0.010164788340510711,0.030278513182614653,58.02745166802194,0.4605766132144984,0.06219623942312946,0.15220710573081586,0.07681484469166566,72.2769036762474,0.017374151548452232,0.0032594166021056026,0.00041510187668691856,0.0031931273118246395,0.013199739054989834,1.9185223049394544,3.1747178710137955,0.709588735250346,2.525804186688454
0.01484400660556151,16.017817909282957,0.014098923514088035,1123.8891061459833,2.9404648523626866,0.029498506804608304,53.93219209592131,0.06337958324613702,0.01655109817101863,0.12601734575300672,84.6919844004223,50.240239062717215,-0.004271018777778579,12.240334644692112,7.951005240149452,7.573577561043991,3.9159907407282413,0.19519341120865707,0.563772087349915,0.0031802270278307176,16.1056286575047,0.04603552301463587,1307.0273544092381,50.603627044840174,0.006248370252057711,0.0026213301852431314,2.591169184888133,0.0157022288117048,-0.0011966469603184038,0.00023076976985780817,0.01055436212847205,0.01062645330184342,-0.0016506888823926147,2.3758218254380283,-9.430841695756698e-05,0.027627746655428886,0.0016145776235942932,0.003320609842764277,0.003010061534115316,0.5902095577814448,0.7171327354047365,0.0029828989237907777,0.0037741866650877753,81.3269600871928,0.1869435856488062,2.4018663182618782,0.06947072009822097,7.829416957605417e-05,25.128676926153975,0.002488038303892992,0.008632579141210961,0.007399546685723735,0.004086351117116749,0.001424412430126587,1.1395364578606015,0.3212766846443955,0.9676715769091597,0.25942912249718564
0.010168489175913287,0.08576867283815748,0.008668349170103617,3078.337851932846,90.4247849445628,0.20932866514786141,137.1124184901592,0.3322696622643768,0.006091660271885679,2.5314499444307943,307.38762447266566,190.62619768120476,0.006381391793293112,8.574288205880002,1.8509717672294146,5.40644413646113,2.1884778387419006,0.512644149538759,0.02254901586378022,0.05268844764959013,0.2703222739209421,0.01644263559587511,3456.5681933857445,133.97945347512075,0.010772621396818671,0.028927061710901647,39.945900699730394,0.02545322685436613,-0.0003118077982469103,0.0027765656944405137,0.12458628514219239,0.004518297370224467,0.04229849583031964,2.1563965331641475,0.004861472129586097,0.02072658180664444,0.04394114651866765,0.020408085453534675,-0.0015978260195259608,1.4398803382344392,1.3467471141783642,0.013648898886106764,0.0019432563409660375,223.34339622242047,0.05661741805674492,1.2942246232622674,0.48213518658800236,0.0054506154619140545,68.67580202478224,0.018955941118101727,0.006182521539882302,0.002570073457285993,0.008992894822044128,0.005199798019085655,0.5539235318017468,0.34240839061696526,0.4033471835500855,0.16893781581275658
0.01113466167784427,2.6957076778059728,0.00781420464762661,2264.5140670392707,88.64679445602417,0.04240296930933063,62.810984206543345,0.26576513814630065,0.0038997247489733766,5.696340176468584,187.11930459701748,110.60216655197317,-0.0009315966219585192,2.205907611950944,1.3330160947508363,4.235566620152301,0.158099646123806,0.5234126180255858,0.5680590167247788,0.023327582079435416,4.184401915465181,0.013867669084640433,2330.3522682149382,72.53624445256277,-0.0059663806637386685,0.011251693798413065,40.50273132496581,0.13150826909960944,0.12334859817193422,0.02796696495562312,0.0802305961240668,0.11668423476119383,-0.003152415131061126,0.10149740500457671,0.002752516118231796,0.05049836858478418,0.043445096242911596,0.0439659195840969,0.10886898568697667,0.036681837410768914,0.07349005621783977,0.027960035483063805,0.007262076439392473,162.262443259557,0.13906058424909062,3.3314835576506505,0.0892371611118854,0.3162338589908069,25.66564511873967,0.0014880211952350564,0.001568690053831645,0.0034468956711952714,0.0033670324698480414,0.006450575346090837,1.6540642115328952,1.085156937560737,2.8575015801279458,2.6374918955869324
0.004070898289684877,33.5715663752332,0.007028363816297123,859.6074287042608,166.05603423049558,0.00968507225377202,16.858381095075995,0.014306726571107653,0.012169659441381597,1.0017935173515022,113.8685596116321,58.64823702321664,0.0007832800674698603,8.28800410344003,4.900679381767867,13.09224943315714,0.8607153397402794,0.14772235865170202,0.15218758094939844,0.010277088558018121,32.51793452789677,0.08292512616398184,1176.1466579653581,31.884296983787483,0.025030335954673077,0.0003955864174036705,74.60325251563658,0.008536489889582555,-0.00484496522113087,0.026295579325462448,0.03427378150906257,0.030725340215669306,0.0034469342652379,1.0507009796909221,1.6606101889138358e-06,0.006194124253553035,0.016977403217262044,0.20374745649702142,0.37415168428491175,0.012736102740506183,0.08095524937979182,0.008317691186674914,0.025628793907158,71.8371178557749,0.14668083606507842,1.5335155498450543,0.023705659514956068,0.019656888056692523,0.9804864800875981,0.007485630459050263,0.022945929669012877,0.016040454776594437,0.011272518506628693,-0.0005681411228000144,0.4469229369024159,0.30378334547849395,0.37547258788437343,0.23260268256218186
0.019131066507457106,4.668573334042016,0.020696082405759597,1236.661283646881,531.457573925758,0.01683866807409995,0.43518915396898983,0.04604946608542981,0.0032712308436311233,10.804917620187311,57.213182578157245,55.81331726322047,-0.001452851901856178,11.264698775402458,2.9500129653232605,14.82588073598864,1.4909914970880767,0.23733786526374168,1.3260906351558557,0.017654655171036815,2.4808821822402383,0.0576607864398202,738.976841004026,57.40036912279467,0.04794045886871423,0.0008503896211031758,248.45678572392447,0.029022149776630535,0.013397720670702107,0.006173499566092033,0.008932262838299287,0.027629328183423674,0.023625450352683153,1.4409795963240768,0.002094193223448393,0.020397715225827007,0.013362613049833882,0.006185187201872999,0.008432315770333432,0.9416661092677945,0.7205834726352895,0.011415117136561292,0.015557426966544163,27.752686786903443,0.04690685657200255,16.082750316913128,0.015243878097249919,0.06330271052000658,25.81779914207272,0.021735487540075482,0.002877815171641984,0.003918685628706342,0.007311666914963766,0.006006488652729125,1.4120806456649486,1.647409492878019,0.7926292119638045,0.9936632291582193
-0.0017054103910192353,11.232553437929493,0.003222033019255832,815.9872054538512,5.210972452574286,0.03033516106291234,80.44078373306682,0.39360088971285734,0.001998839145794129,0.3108366718951663,57.28978262809327,28.23250948954185,0.0015014084438478292,5.389775677929127,1.4687793835209613,6.647678343799,5.709107450193488,0.3700842215963567,0.2392501021298079,0.01635816041826832,19.884296350682188,0.012481044946191844,1024.0859160567488,116.18932770063434,0.03907725059572709,0.017099674303135082,1.6634847385005367,0.01905909715613685,0.004666654681312998,0.008174384236080634,0.02861653765400174,0.05436771330214363,0.012637289206397284,1.5114646638946896,0.020467319166221465,0.009009052527045647,0.004485904217967018,0.023633160505704964,0.010529069532585034,0.19985483185341035,0.5439283342707624,0.02155172787006432,0.0022859832933930235,71.6703842236938,0.1148975512909276,0.031320548767214795,0.12260806882181097,0.2732849434485045,20.449616631741687,-9.56914106682305e-05,0.017913019686973897,0.009648889999019694,0.0023719179780030686,0.0067143620066394405,1.26662984673428,0.6709739997160513,0.8007795412908782,0.17980191371422904
0.019868334714628233,9.827849843863014,0.007474368979258017,818.9591783141246,537.0339292794226,0.12517939750100648,61.08165400767827,0.2707476226385461,0.02608233153548234,1.5852062566789904,13.89526683877077,9.509676684336654,0.0005040789801560308,2.1948399348397203,3.1543846309807027,3.5731430156603086,1.7896995224253338,0.34073254821050547,0.0851725966436252,0.002611428696386753,4.766493367650014,0.017300581932770953,105.73352698303044,61.90756461180132,0.06608747218173416,0.03336664732105099,250.84105949492687,0.0018186971526583662,0.008382047770073342,-0.006026269909026993,0.14346258854605587,0.025433619865903978,0.010619460386797286,0.366212465940281,-0.0003077271706652951,-0.00428205001033799,0.004193829242435498,-1.942427472911845e-05,0.055143609722946074,1.0150016407115778,0.4618879596351215,-0.0008020714698240283,0.01808416829467685,3.8897205214282735,0.06984417213773586,19.870383917650866,0.07174005125807881,0.07423562996969135,27.1613023214941,0.018499378037959424,0.0030508573749665757,0.011368259275917225,0.0020571659801067455,0.018055463696132534,4.838125999911915,2.6142087705860675,4.374214914508245,2.843795654390437
0.00550947787213385,1.630618984398927,0.018436522042788894,1046.1557499030139,33.06181131625412,0.4392269527937769,29.466443209473205,0.3098127013367753,0.0022365729820004177,2.6409190350736598,84.1905537952844,39.411590484164506,-0.001601499858916,0.7934288512927479,2.5135534892021933,10.11863242769916,0.06701352974597174,0.4207407015788345,0.05206375976716604,0.007018611873321312,4.111928374466148,0.005875952061035861,1328.9125865092608,76.86839365561059,0.02391052908178537,0.0019012016208233007,14.588556419974354,0.017145032519920278,0.06180691892958379,-0.0033059173641838413,0.005130585440903168,0.1022254562181697,0.018747102986989006,0.19973085554826842,0.0010084047299683263,0.01780488467403174,0.040172617941562905,0.10991081198490882,0.07906362581771376,0.2166075991081522,0.038616440210462066,-0.0005971819484997809,0.001912910266188561,91.22565766210168,0.42001639810878544,1.8998155282921552,0.3880573732299206,0.01496567720819364,2.508461311254239,0.00258711144407453,0.005976257080742009,0.0024551956689435883,0.008204434694548901,0.00987999119585492,4.598150633165668,4.764813502522321,4.096055453890891,4.86723506058434
0.008742155752833547,5.100089750487549,1.5256229707993896e-05,980.3110223895147,153.59651170733824,0.1187410167027183,0.3144212372437307,0.030803109769901305,0.008196505906100882,0.37479280400869097,111.75831615316574,61.659152429186925,0.001292279139649466,7.974271617078675,1.7331252606008816,7.635995322929047,2.449745580711231,0.15768436529572671,0.1310658435435803,0.03165825099469455,5.428476190411186,0.0009039143012374851,1387.907993034682,65.93627170218751,0.021597066711165347,0.039206731043383236,70.88671420452197,0.030865551886279263,0.017451862796488804,0.007959134054708272,0.013101865949105118,0.1772570752747784,0.007688506381323457,2.0368192863073284,0.014615625958086298,0.013347899958515264,0.01516302152616067,0.0032119387478930506,0.12596571043121596,1.2988848690251542,1.4087821053376137,0.019209594261690555,0.0033503430300276804,72.69011472374065,0.2628915484335286,6.279927991365018,0.14022271708603995,0.047718229422204494,26.626531884663382,0.05769133134187765,0.001491680338176593,0.009770347482839448,0.0021847680387727664,0.005779767745024422,2.0408414679280407,1.844496609622662,0.3493840023561692,0.30204165470845545
-0.001427646253334025,0.25407411945827274,0.004102283954666497,1658.5864475661442,60.15735645583609,0.037283039273339647,93.13115775929188,1.1305826513503616,0.03534653232351914,0.5819313958807486,174.0543517355846,102.75449730786119,-0.0027571915533908253,8.216873246568042,2.8059754331819233,0.9893181311161605,1.7816427068654521,0.45997181329462666,0.08826247090579376,0.019665632553195422,0.0805532808005811,0.00272676828224494,1851.524908130702,58.980301451920276,0.025575101686090562,0.0039856425857554,27.63748082855411,0.00029451836246074947,-0.0006934603941282091,0.007788622999986394,0.0029082957224382255,0.056992110098706306,0.13505922045121288,0.5138571369257585,-7.631765111781874e-05,0.02015355276576436,0.0527897660160237,0.5263485824908107,0.7662609060654164,0.08479470809636158,0.16764765157739792,0.0029952079326482917,0.035557435598575715,106.2712623183394,0.13066675343093426,3.0380792907530205,1.7926833632757164,0.02710549249823835,61.53669329627282,0.03705940817983322,0.037972024642273006,0.034871645407318574,0.009912151507595723,0.025344108186627246,1.0920754844452345,6.201977060696357,0.5094559598607411,5.368658646657063
0.055006778830717806,21.582674521789315,-0.00021462237761227243,957.2588071862,40.73260965381011,0.3685743661348413,1.4509443879187867,0.013162254991861744,0.02125426360619187,0.02108050627909286,85.05257729955552,46.63457653091974,0.002012827079994395,12.752518637366068,1.2224155722869554,5.2397784841961705,5.764471673708988,0.5146283123759705,0.10686763242160602,-0.0007958506213592287,10.02910402927339,0.0077708843340111855,1027.3439480341954,0.02162335376015445,0.047045556511948305,0.029121269995250998,14.280552155244854,0.0009503116015157076,0.00021330374426664633,0.0036824376774893253,0.014258216768421761,0.03911447903729215,0.005090765146113618,1.3425232246871648,-0.0003300729778725753,0.019886168048784292,0.023768481299973665,0.12651597853815133,0.24391581171258458,0.3104728919599866,0.32925919780278434,0.005092836511271237,0.0053091434575796015,72.40758190529687,0.33026487603750354,0.40337314711205785,0.008411830695067124,0.08468252635275064,1.1185095130682043,0.019556223851207477,0.009119272032446446,0.018031542365000597,0.00460018042771182,-0.0019790453047434653,0.39397034873088543,0.09873253927705772,0.5186411542429585,0.07916493644665223
0.013871351022967993,1.1324159118242907,0.00639990960411474,662.2002627772182,99.64142984057891,1.2404714459273727,34.357423627943014,0.5862280401333742,0.004901054380323622,3.9749723625839106,94.8024611483701,43.61242533775842,0.001278133328551867,17.550118104198056,4.397969672643583,5.045760449606513,6.097812987930425,0.30292739633850996,0.39069969743353017,0.09245806987009964,5.1144817877846585,0.008693956033773986,879.8676902076636,21.632708856128275,0.019058616473626167,0.05795701869338643,41.34095252115,0.01099312689363785,0.009022765057514981,0.00027783698188610373,0.11947738252211337,0.4051980128444619,0.03336645997562204,2.623635541098821,0.007836665198398762,0.062259210483412986,0.018494237050349582,0.01220910970555611,0.04838765441090942,0.02467461393613135,0.0491986798740669,-0.0023012112039264565,0.020109034394619307,39.534626708367945,0.491006754302564,0.04268702239901501,0.19596336430593198,0.866008694358321,48.82860002795892,0.035992015680263556,0.05559345128761528,0.015175548187032817,0.04013124408471214,0.007615688848883195,1.9306379737655366,2.8901361340643206,1.342424464485676,2.8745324448532124
0.017261712328141776,25.381670488422603,0.0019054911647762296,15.828316979280316,76.22726955000326,0.4576678970610075,4.776029087495377,0.2595779582844928,0.009101740661080271,1.1060306787881098,23.192919935585767,25.40095315788246,-0.0013122060518453438,3.754352355753725,16.324072542579746,20.64260878118424,2.6334125410717037,0.17318385723076357,0.023153394290581275,0.015859964855123643,20.100735367846404,0.022658113220155762,112.59846246472418,24.940223907097803,0.007685003296463044,0.002410768834695709,30.011632664045226,0.009068299994924978,0.006002347479935111,0.0011637804068769242,0.0943975743003298,0.14793465143347984,0.0045116688095134805,0.8785833554029976,0.0016695351098929834,0.012713235846810278,0.024286048826856366,0.025401692101286066,0.051404491907860006,0.16726788740249976,0.042684728990285414,0.015375552550421112,0.004119789022436926,1.2955061385375553,0.003710344845964997,0.4932089617147941,0.24804664941049293,0.4051496851797598,2.8769012578862077,0.0350629062155523,-0.0016025112427948685,-0.001521030963446357,0.002078324303018242,0.007813703424424112,1.4634249365997194,1.521542879057745,0.20906414146432706,0.03004863393303392
0.0029426956863272125,5.682668351816367,0.00390337877681457,4164.20619158642,100.35537984592993,0.041049171590612055,14.974984065531814,0.2585417360794535,0.00715584973950989,6.836660532989241,376.2652344731853,240.6861020887357,0.00030122115102049207,0.20661565565910234,0.48434084018843304,4.60345287943107,1.2993957252240707,0.6321074258512507,0.19062665674858703,0.05025774545787698,2.545697294884067,0.04787868934946449,4606.526167972473,77.82853818433202,0.04374909399245297,0.006025294631292866,44.79949447845014,0.10379908946069882,0.010539244609369725,0.013718197710494096,0.00755332155889743,0.01140801492260568,0.10382508002469848,0.4828869785513987,7.300833343482083e-05,0.02144404387135257,0.009146182228910504,0.00350332633793915,-0.0011911258359260657,0.8734099616837483,0.9609940943517907,0.0027555402256327355,0.01990180927911034,289.653589885037,0.37644132863662794,2.1318985461458295,0.5919716539591162,0.028562962250795465,14.824994814722295,0.0025734784372000163,0.014743647385217606,0.026815915522974798,0.0217603806268043,0.012259028189864019,0.019938737284634023,0.22395041277391936,0.7463833819211212,0.8966481717388541
0.025294606077396864,29.20358898356605,-0.002453765262202978,1272.1852525539186,76.55433560910863,0.0172355764540022,18.290174315747542,0.2198521560595701,0.01365130967825845,4.791903935792826,128.44988317241595,77.35036219317878,-0.0015745115267415954,13.953445212118366,12.15744312334248,1.6853956333811535,0.9229414376053171,0.4027242786984706,0.10528838943662056,0.01145736405372233,26.477688287838916,0.0026870896579866965,1360.3732452370907,26.712694506137254,0.013726946097573745,0.0005759529557316512,35.7110711271729,-0.0003637432624383763,0.004776479549455814,0.027948094956267155,0.010271944156830415,0.16201827456470141,0.012513137143686848,0.30644055024108496,-0.00023348153543434336,0.012310635237698264,0.0031016292657515265,0.0026167466907214276,0.03110476991963651,0.7651199669887978,0.9187541699346458,0.008434550116508177,0.019711852923897766,45.76383901301066,0.8031495340697363,4.90716657459876,0.39480859623909925,0.12816484363340575,32.863188711125,0.017844156369928754,0.005560208248737375,0.004572768897038948,0.014691146680615219,0.011190937224940356,0.4113988972915905,0.41440683957996516,0.2775332350845847,0.1563159654529791
0.019690061660267766,14.395062184150554,0.002433585233738711,323.61925110017023,195.46447383059632,0.09316946460827591,59.28469666114863,0.1531312923975232,0.0016427132140508505,1.6864464453813977,43.6352666178367,29.989755236347037,0.0015671902815626026,7.447161097614233,3.675385157148094,6.14294769619929,3.223769209765045,0.21518725685755236,0.23426704633454598,0.006509363884660502,7.2484780767762835,0.040873942175409184,447.441617210465,178.8077119030841,0.028842497493639208,0.010844747194289184,91.38265510640487,0.03737294496272181,0.003550786694032304,0.005942229990232306,0.07153311448685962,0.08113735871677896,0.03630042842095271,0.964355616119529,0.00252719359990472,0.08024908184736823,0.04887220189686481,0.04946346393936274,0.009948895742716957,0.6694087088416296,0.9113001479475553,0.030420599824208416,0.01835716860870651,39.40508634681931,0.4556004217211198,7.653447882555744,0.056889489455056896,0.013447899837629507,17.472205078941627,-0.00040967935235336483,0.001895264093292326,0.005605014496511629,0.0015471607998325254,0.00015439996153254754,0.31442833206353704,0.3831724891256316,0.09778073537971732,0.6806011337795876
0.00421913887886749,0.46070462119639277,0.005351793792091719,255.27451266059535,45.75454976471047,0.2013678949601223,13.663656272967298,0.6002720254815204,0.0005103229189220571,5.484083125894535,13.37226001408579,0.20671178080082964,-0.00221720190753949,35.41262504342601,9.848995539379093,0.7711602128025605,0.0045251103623389355,0.2119278350054037,0.2070961288916724,0.005056612116861814,0.09430701920400342,0.029035701716198403,270.94024514680274,12.001375701851426,0.10427233153452775,0.03831116278245794,18.51242233586484,0.04376918815915776,0.015536262655429844,0.010033163625629449,0.09767294478540478,0.006697154044805309,0.006001570549989843,0.3867947431343888,0.0036919530137344836,0.002954831878266617,0.0029996886769199094,0.1221626772072435,0.019013022801517288,1.4174062872036375,0.9333606611263612,0.01509526465416311,0.028368794953054888,8.098109763947225,0.8121430943191488,0.10629549374903124,0.21551316684562405,0.10402985024708844,6.84117443669209,0.021755949080399795,0.006272723385071011,0.001152061328963505,0.001108236977512611,0.006247963955822833,3.144109592305571,6.019996042460652,1.6320469570734604,4.085707278400721
0.02129897977631945,9.685824403413584,-0.0012251087176595732,1663.1850485917182,524.4256955034984,0.040778393701279114,7.661616018982417,0.0685003309949872,0.0036180168115063083,0.0472227366165372,82.95818883440438,79.27535613839814,0.0011585766120800756,0.6863953234192701,3.665175622766772,29.484517372199708,0.10071874533041836,0.14340778074162674,0.3315481018686679,0.020889389941909364,4.248716280108865,-0.0017387469329994687,1017.570544501064,115.32635146728465,0.01976150264126897,0.03831450944127912,242.8707275792194,0.008112381064050211,0.004641667912835601,0.007774549795811936,0.0420702319409445,0.019936203377292294,0.10019899921254183,1.0633671949133445,0.009883230897655082,4.505870790705302e-05,0.003049991632698479,4.9006783849669944e-05,0.029942028163399748,0.24502431526284418,0.23357195662345465,0.01659185734488222,0.008703795640839118,78.55008717191879,1.6764320862142705,12.771343799209095,0.18370758020807632,0.09099006410836186,67.27990479741922,0.07481125552383627,-0.0004422343754741931,0.0022906816745589254,0.010573341631470612,0.0013963657877420488,0.6355632111544436,0.5952410400405848,0.6653680724837923,0.07764755846167137
0.02733596021272522,7.229544262816492,0.0030903458683209095,3161.9706470888527,139.68127299568783,0.0033383878393058453,32.5513752885047,0.017952288761454938,0.010234673009317241,7.393962857507096,331.01407464049595,179.9572113302874,0.0005574055724490989,3.9726232327536914,10.364423486659732,13.156494834823736,0.697463569592883,1.0596239583824358,0.6940558517323145,0.025857982470977703,9.826944459348013,0.03577972410441088,3901.046223092701,115.91584148804426,0.00843999429353115,0.026252472750548428,64.75611035943902,0.00981672457792282,0.006319323577016256,0.008793180492133068,0.1346199608315013,0.019933768643178418,0.04676286528888696,0.5981671499477761,0.007031844401094389,0.005298146675534632,0.015770450421277893,0.2032154930450112,0.04601654678338818,0.3353070745556259,0.8167077342280704,0.02577398138333642,-5.1655190367760895e-05,222.42656059255972,0.7193150060537041,5.101758522337776,0.05747702256056986,0.2973841188035662,13.529439850118354,0.12757876711520577,0.028202301536526697,0.010766226338453144,0.017958910823220542,-0.0017072659863108797,0.7283989002976181,2.7415854143422385,0.17547180807774776,0.8678462963922682
0.012176178869201415,6.514126981348514,0.0028797683488051007,2724.531713478475,428.7178261242852,0.2698910538645878,107.99568425122088,2.216995183009403,0.0009744058406555567,2.1498578590183994,215.7877258371046,142.52069047076353,0.0007288895276023055,0.17392943199441646,13.975893631283185,1.213509599207728,8.968089833706536,0.042164088000705036,0.2520942075730721,0.001119467737912494,17.322383321746738,-9.960641319750607e-06,2596.6593921657945,77.55819208027148,0.13672750557121027,0.1996343645294889,198.83624658020202,-0.002102630692368379,0.006618721962081686,-0.0013735790655431401,0.009637254149985175,0.061184174759453924,0.02184162999787187,2.4695053436449834,0.02697709794872516,0.010383483803082072,0.02059739634166302,0.001162042179164935,0.007084976821653655,0.1997123728833179,0.16408382797683352,0.00742121969392695,0.008482522302192486,164.9657573609667,0.397099803150347,12.977900688892273,0.7362945322159193,0.15492563404587134,68.02928091282115,0.004688478597413059,0.008733290891266066,0.008452110161025317,0.004555066665854035,0.01855038577745205,2.1764047915256546,1.3081792763985343,3.2908256868729238,2.657330399117007
0.005085512183992336,4.331745574529714,0.0028152238809884267,2467.976384404146,190.54284289540004,0.051726039228956466,5.25960430285037,0.5606874224894671,0.007861565659215586,0.5958285500554998,286.13342819040486,166.39664009019907,0.0004521923280345064,1.4654838933726477,10.245033934788001,5.398084318769735,0.6499972340697173,0.07237821730454996,0.1701537197897416,0.010530815212863587,5.298132269196239,0.022438186305252295,3069.5418896186225,0.49272202845704616,0.022876391928307704,0.018896848767662178,85.94141782943463,0.08537008744869823,0.0025763758426968764,0.045610737680679136,0.004416677467684593,0.046914697291959406,0.08144110587510944,1.0368907528108142,0.00019949257699014566,0.09733618104819808,0.011618302747574916,0.007789124773439404,0.032221616612203796,0.04192034111639398,0.09224475087227901,0.006945072766179727,0.030105106165378537,178.93190693874453,0.8583878869392327,2.1995682498834555,0.6581667563319549,0.6403374295784392,5.379008713514345,0.04029706706874148,0.0035700463676979766,0.011140170814455175,0.0071085042328551395,0.02233037512735514,5.512063673056042,3.553737982850812,4.463581463197819,3.176243713876385
0.034016621276057535,35.01116468218069,0.003767860596078698,1019.4787140156382,195.9707895458434,0.3047294172593453,56.13927385418532,0.08173093757083283,0.004473515288162311,1.9903222712501112,47.47758369713765,43.19503676520619,0.005061513097704307,9.051112476192943,0.20938604005892714,18.55182663884323,0.33904308890354073,0.2094085415291742,0.6968353194829016,0.02025255126874015,35.32557543323204,0.0030178642169715886,640.9517249155114,204.42872269838475,0.01751413890337261,0.006525199034515872,89.53425258829746,0.009957467554472466,0.0022358850567094635,0.004962838970649308,0.007593545003987678,0.01667851791306063,0.10336717047046129,0.4041549147376422,0.006745533071224941,0.00396617478038408,0.015607228082307856,0.0036515450197995847,0.03649058885715917,0.1370518310012523,0.028745758213229777,0.0038139516335489176,0.0022233773246611577,71.75708065076303,0.12445990514226057,6.0828145069969555,0.05793284864000103,0.053650106093066086,33.681123278918044,0.00229318615514984,0.002663605075343689,0.005296242336942036,-0.00021937053429788023,0.0017763953218441486,0.6627948867617359,0.14858517924433112,0.07616364760827565,0.26078991296366194
0.0009305822068181868,10.664972063052478,0.014531467993839087,987.3146500249984,9.40046114507706,0.023892906417178672,121.5644018279933,0.1080730159642318,0.0033290912640753234,2.645327375021699,94.04760881752816,67.22150042430914,0.0014059480671289037,9.578374206991974,0.47914045385470594,0.44778223992252997,0.12786898749366138,0.22249469508912068,0.4163921385096927,0.0041230226838209205,5.142343552076561,0.03418838807298563,941.6473296431133,175.94420018587093,0.01914999880839474,0.01039372848981479,4.199244746550308,0.00721294425408292,0.01256066229426267,0.011418490594772734,-0.00026500245201788175,0.3152783528775247,0.03969114155139941,1.79869811013506,-0.0006277233851914588,0.12773061469231628,0.046998100767448925,0.0069512548877828095,0.048527425842929794,0.8476310832784222,0.5282651794483799,0.005772436701508177,0.014842021730906652,51.50463908081021,0.10020748796305678,1.028541530719652,0.03856693398279809,0.0399570749970124,31.475451407409516,-0.0012353215220999303,0.0027060428330027975,0.001992110090917265,0.008665316601161877,0.003942647919595643,0.1771099095790616,0.03507850550423974,0.3315487374279229,0.09735870951488135
0.030395931439374912,3.920210114374246,-0.004773699243541429,1245.0999880133684,84.12587915549736,0.012923000378295413,11.84886276350219,0.4058180257765027,0.005801818573241135,0.14727899884674667,130.6373451181928,76.07282407955536,0.0014150614761403446,1.850734413541801,0.7600962292517552,5.587941965843294,0.6724761041644509,0.2011133543700181,0.5911697913689054,0.02033095844049182,0.06159433730393982,0.12732186042158578,1566.1080304870002,38.628556969266995,0.01506889498916042,0.012542834745477016,34.59337361713558,-0.001245541071623002,0.001901129576192595,0.003006451165546764,0.013399564621198401,0.15406156666477955,0.009152722425568527,0.1431756894643783,0.002621187979263695,0.02035703057652416,0.037714968605451205,0.32615313713141525,0.11812498500961777,0.2579581245847944,0.07932913930420415,0.04288701518075744,0.06046270754534344,69.94715401386435,0.46023570205887143,0.04412476573493773,0.1909574418550175,0.035748755021513645,0.5890168284068604,0.003656574320151762,0.001723932943766826,0.003492490046305363,0.014743558423495173,0.0005517932668439585,0.1689829404099381,1.0346680377156448,0.4992083744153062,2.2968822191057505
0.040113887646987756,22.188938061803253,0.003997106122882066,1830.8732172746086,79.1300690752664,0.10078021923411562,61.6274487262743,0.1986444377969656,0.005399630979784575,0.0784126580144564,169.98495590433134,98.48936544203784,-0.00112174279019861,5.879900775977565,3.5130714047558564,0.347757963802624,0.08543539062966854,0.41007299482134396,0.9308032229591596,0.00993588327199646,19.223616664317294,0.02361004058923566,1997.5161715419447,22.89548922677268,0.0440017224167768,0.07804338979977299,36.37431560095481,0.011927797346509728,0.008307636729685264,-0.00247429849650338,0.020071353647110435,0.15727098857955824,0.045717117917063455,0.011622739188553943,0.00011829561929577181,0.0667862446710128,0.05025459218075312,0.3181398532944808,0.26100147339383817,0.5107301006500515,0.927912240606859,0.004503454651827887,0.010951563337010306,123.71159539875049,0.7210143810921759,2.912393871790104,0.1503995875109032,0.3794193950690099,75.74068695973119,0.006243359920371283,0.0322213834275864,0.019280272288339617,0.016564714668708902,0.0063576469853554585,0.4513916231283952,2.377934954787375,0.15633823767816857,0.7826947088489247
0.006882553946753411,0.20151717685033788,0.00862038216296046,636.858031218411,1.6582928466848026,0.4967742556200365,2.986789560729888,0.45207755736486366,0.002799864808215702,2.1804245371847477,23.62293085350829,12.398303163701272,-0.005100067293580146,5.131644927456066,0.9634005728372044,5.676831046754111,0.5310359341283943,0.6056176204435726,0.2577449495224826,0.05716738186796011,0.022427658675169937,0.01026924695046727,682.3843655843546,52.398679769750224,0.0428390516224022,0.020861731579058684,0.1467088655965325,0.05957291201404047,0.007857670798666838,-0.003154612764909359,0.005028821103557846,0.0395006418868471,0.05824233192809025,0.30110826493231446,-0.001403922693128834,0.03730933462185515,0.028322730985519406,0.028856585612435204,0.0037498628062593298,0.2706741536424042,0.7302508025740675,0.002920859176200885,0.006655566353941822,52.785773648930856,0.2163537735017229,0.24432367216031992,0.06322448406624748,0.09938061206023452,28.60742316549044,0.01172750249615806,0.00714894157743462,0.011183102834126935,0.0006407972595452449,0.0012180601508147149,1.3403053155743239,3.7345474951445405,1.233399553374201,4.1812969985785235
0.023579949032447978,29.449420993276078,0.0020061648005089694,248.7796048378092,12.872965341339963,0.054322332541920204,0.12360668034933919,0.4011980158275712,0.007057221402410718,0.013222938496040726,15.94931710197292,16.255258357956208,-1.6823775728092016e-05,11.796395864571302,1.885598680315094,0.1731951105639693,1.2803102485082158,0.4756361532039799,0.415628201697376,0.03939444750734378,29.538359229528062,0.026046443785889828,215.4025437997558,13.333583506185484,0.005179608724040108,0.017116299909896604,3.4514329996747053,0.054852223380351894,-0.00038249377647137095,0.0026790420790581138,0.06358061005198135,0.0033111173977680153,0.05754158288918898,0.2222148170038487,0.008895783414332392,0.000763240843368429,0.012889737874981932,-0.003557554914561223,0.037218153116496566,1.6170002082225148,1.6441859424517231,0.03503982206159417,0.021658002153854383,5.688142573189432,0.6943605031762994,0.006178588770093363,0.031377367118035515,0.011947184109256881,5.16691672626209,0.01606899184948496,0.03794168661734698,0.03418770854622988,0.002069547818673634,0.004191382213367234,2.1266232670822154,3.103685268172602,1.4823033932263288,2.744382437843824
0.010042707210837776,40.32741153897941,0.004932739854864643,744.6177403679675,378.91949801378985,0.06208378844591422,74.42761954312098,0.018453068519770355,0.031145843111199056,1.4719110095557637,3.415407269792957,9.083166958354695,-0.0019041352293012181,21.67951021291385,12.971763549204915,24.706701372140184,2.182102005761039,0.0708521057055167,0.39306188226040817,0.04314499249925152,42.84296208864248,0.0049924511534857885,401.0917170702439,79.90523562295654,0.05464484502920808,0.029399900368885845,179.2809004798764,0.008604519133364796,0.008210858972470092,-3.82484535617067e-05,0.018669304919055385,0.07936899527078278,0.020241514945353423,0.9189230367344585,0.01006092240964751,0.021648320336436377,0.03119086687280248,0.08861746595565911,0.06412914556044935,0.7461531942093993,1.3726532814314352,0.0018401328373904846,0.005773590736276368,11.13455830008538,0.021718196326215633,16.845401201206947,0.03783369243534285,0.2565520029332582,33.471606905323334,0.03290629379598631,0.0027121128757787716,0.00013810055684526645,0.024991305857082757,0.006235687904139198,0.3078469381311013,0.6470051366667766,0.6975948051219385,1.6020830742036436
0.0205269639764456,62.03185489756646,0.0019361570103910708,438.94186999906555,137.0399540503575,0.3479579181592438,16.583478516887553,0.04519715438110872,0.00039843533525374397,2.1922132328443595,31.885963796958848,5.298890528662323,0.00015967416968898362,14.508235846147208,5.261662548855831,13.708404047316446,-0.0024167483964436798,0.08971296675334095,0.8081406263588091,0.027072930114866445,57.73555901323003,0.1184133606626947,635.6971609775999,54.21248378941883,0.012873591277798191,0.015669296294722912,60.04670120472785,0.006071556812614176,0.00733748591171679,0.0011814986974441055,0.005319108364332692,0.022035354099896765,0.00090661411720383,0.4931451116317547,0.012802050255309894,-0.00032457323964507623,0.01375084435904661,0.27058419791110744,0.3188820840516886,0.06045384652857422,0.2010462508444011,0.013558497798828562,0.019045354382514645,56.64672790443549,0.011865474493149009,0.9917231622293432,0.006396610530861935,0.07349748963327851,1.321098975839444,0.05256326312809012,0.0003129467015012821,-0.00035283437347555235,0.007179489180193954,0.012801048778603885,0.27939524209828015,0.1421726454391834,1.6149210832099836,1.2497122431039323
0.003414119517982428,37.95343384557391,0.004981811902604605,868.0526854525642,182.84711052353677,0.048666808654522775,62.17816259549976,0.15735735352830993,0.006035653504431693,3.716090501544482,143.80966122780256,70.62161069836857,0.0007773767141907584,3.2957863819540947,16.180020496738905,8.5359090037831,4.639841239136707,0.9619021730525059,1.1432000215916336,0.0029072127931790703,33.02043430019076,-0.0038770802681487027,1326.3867670579295,78.16863182842046,0.015630469825601345,0.011395396499159105,80.95961223325604,0.05954048635296694,0.023736400922784284,0.01905532135820387,0.010281980641575927,0.010087374113236791,0.00702941648568256,1.8012022544794934,0.005384379123578142,-0.0020874062705553698,0.014136822405530935,0.0022291210982547938,0.004232355968401436,0.1225193881757427,0.15148613460734772,0.058710773645857195,0.0017550222575613006,57.44633174693794,-0.0002965585044325536,0.2794236291758745,0.06704648387826406,0.014962109652130628,22.077065145356276,0.0025913320928205863,0.0019489124608176311,0.005893871462490985,0.014271426655972697,0.014893161751992956,0.6271382321108678,0.2795550672708256,0.07270275045806418,0.29704601479453085
0.007785890307081544,17.975709796079734,0.0003967809433902403,3423.0054200857676,695.5520571845292,0.056778898612374284,26.391887955026824,0.30053016556040824,0.005589555490424836,0.08479270288152918,200.672623258581,144.04118623262372,0.0004103874330434465,13.151546383887334,4.929106422402251,9.366230919737221,1.5575375185811655,0.6806266207155742,0.053368931346412296,0.004229038352620229,26.19947414545112,0.0326524129681669,2988.6179835348707,102.72536746061175,0.017139355909367104,-0.0018180915846004453,325.69963595329466,0.09674094650323184,0.010192171883718792,0.01590889733555656,0.007005150843803598,0.019520417674537605,0.019844991146149127,0.4645077086385605,0.006810910099626533,0.03201852225040014,0.020774245722176232,0.21966974196798716,0.20902237034777738,0.266870916506738,0.5647006573618194,0.007164780293103412,0.0292010448884934,180.78642013584192,2.1894898664757605,22.637128221399664,0.1924531245486687,0.054277789633403906,79.36646808230059,0.006689919119303944,0.005686606322961474,0.003382693448934937,0.011025284494764698,0.004087491157094725,0.21619640179924549,0.1502365496777811,0.6286337228044454,0.5923399171573687
0.014719328962098821,4.709217055965509,-0.0006487151810175007,1016.4351363231443,238.26655214475701,0.0027709772797352983,21.536716633779093,0.8215377092968366,0.002320224746594768,4.6957844680460505,42.63680743725554,39.65430248680407,-0.004538364168538145,19.70603237109942,15.726764924197408,3.8081595039723704,0.8536480843280794,0.20581256420220306,0.3202990763882605,0.012812819519979257,7.187781798378123,0.02803604617828004,803.50229742134,9.447371168093106,0.032250947573253974,0.07073319729121419,108.83144359780151,0.009358321911852485,-0.0007906388005611831,0.01901863639921686,0.0006901657937206096,0.23844402131840603,0.03697685677975482,0.04773912036616945,0.004123056216178256,0.05267603674297128,0.045924745861010585,0.034999872168327784,0.07718638748810491,0.1050011701795368,0.35992080976756124,-0.0006104053816216037,0.027981176692108534,45.72763332760661,0.2989960562192788,4.8758198138794,0.13323498651591326,0.244789097794329,13.549668062990513,-0.005677959035693014,0.004139395265267964,0.0032381848404128277,-0.0008472376512687063,0.014664325836139191,0.5003251404420865,0.3167563540693026,0.4030794380386862,0.2902498356760148
0.02680073800138949,0.8527024751033423,0.002733771334257007,379.78257895432546,85.99372467524209,0.3248999692294685,48.60497363877091,1.275886639568549,0.003080221416767337,3.141069197316673,1.684452550755763,4.732017924811881,0.0005498969652606434,7.6935436388174505,4.848561895198888,0.5669475567105131,0.1102266651820365,0.3976571439702097,0.07954161541966531,0.012739398205904529,0.3709331683482242,0.04049665955077408,189.2744699276475,111.25405492825804,0.003856387920299298,0.02876162069309629,34.11115674440976,0.037997758689919614,0.017758333721133113,0.0032384945149823707,0.030609106248465245,0.08361347027369703,0.0007812615316664662,0.07892776150968928,0.00605875634648001,0.035412304585644705,0.013603651937077466,0.055909329021456955,0.026884959852155,0.02005629797353592,0.03352238519980322,0.011796078954004585,-0.0022253332886705834,18.764075916232166,0.5280170274889029,1.1074023671516873,1.3163471140704406,0.12958985313483495,0.08775786228673965,0.0017641430677937109,0.01995325489507671,0.03578069012339924,-0.000527224722141284,0.006679321053280063,-0.0014657732500698017,1.9071070394173653,0.014540280633393188,1.5576182302875683
0.026856617257751125,3.0097426852742117,0.004107728301375069,102.0915026332323,229.84624898664515,0.02120032732151067,54.121710030679004,0.01681537330285643,0.008531859797374253,0.8201323736609583,40.65738868532577,15.279891571608493,0.001815092319680467,1.8403086059621803,3.968422917945576,10.673966114183065,4.650262684184026,0.13424924232357682,1.7602189838674391,0.012679243896399406,4.614674129725099,0.03508508068081451,392.5139368316261,40.14043138117265,0.011306803704124846,0.0007512647213463453,107.40495975481063,0.02170483004421353,0.005000877655196412,0.008088823366604991,0.035595297842023754,0.005013264591474886,0.007301015792134713,3.6440754172556495,0.001180739696851063,0.0026493454058815757,0.012718057891904166,0.018796572469767625,0.08467533531435567,1.2145601401553776,1.9609331649566002,0.0036628686196564786,0.028329752242405526,39.488949251914995,0.6088676150068784,10.781307323610603,0.015765179489789283,0.06805929321395077,31.643684825362577,-0.0008842524315824107,0.004320733289133294,0.011482561082257092,0.012616190216727219,0.0004039472255943366,0.35680404784721453,0.3558733194262196,0.24471097316033052,0.4352808665987853
0.026614389663735416,2.2338224271926697,0.00303628226550412,1725.1197616728675,328.8926868031374,0.12934626328896037,72.05287305887065,0.0908621317997822,-0.0008047099182046935,1.7778324268526644,91.30729207510136,62.92891196878946,-0.0022316311317034376,9.959856840486669,0.6663894460366864,0.7048384703057318,2.3106932715039514,0.4994476567459589,0.8115560204655994,0.0050162905589834494,5.871260453441791,0.011730734821492561,1564.1569097795855,59.07743828997709,0.009583587305963093,0.012359819488681367,150.45512055807117,0.01678412134679963,0.021678785915837828,0.00483748267587103,0.022545771580934293,0.01618609943936722,0.07950439377837082,0.7870382809158079,0.007774420255207026,0.008408707233032331,0.0012578571482881884,0.043968891683109135,0.007386456632684002,1.018968749990572,0.7654849112317104,0.00610820251534161,0.010480847669334104,114.23652522181247,2.700870720737833,5.970768877189033,0.1385548126682954,7.692115106205932e-05,39.17588584702835,0.03575979001607621,-0.0016189976939795514,0.012994908903741553,0.01068660024409418,0.004741390797083689,0.45412838344635187,0.5596482465761561,0.4723588474373379,0.6138021556940236
0.03807370682205402,8.534787865835803,0.013056517147909119,754.5075268020393,34.18527760330201,-0.0007289170703952408,106.04067675453999,0.6133256895537311,0.006324553940205924,5.40975844748937,85.77928970939544,49.97271698790277,0.0012484519678750416,0.30009185738024513,7.852359599147356,0.11628967982837146,0.36799256426425053,0.24144814424843286,0.050140374726481696,0.009519048692841814,11.89659468674007,0.017720934287579482,879.377853185624,53.63537662431913,0.030417758287528684,0.057716613544444684,17.620730070978585,0.010848220263669717,0.005634751114675041,0.002830120435190153,0.05216836909162481,0.07160049820007952,0.005972058641740219,0.13034896758533954,0.0027131215653968255,6.593780910613134e-05,0.011069366470046305,0.40219811565301455,0.22542464365046566,0.3900588373154008,0.3012194338273746,-0.001971526532296153,0.0036169859054080433,46.22278695606661,0.0034642043479298223,6.276160878388081,0.9830692115636852,0.009751043940670279,76.38700169720266,0.01429547719082258,-0.0020450988715357,0.005669633754459724,0.005604058864160599,0.003072519385044714,1.4934089918563451,0.7896060919334689,0.8838600661647051,1.1326473223777498
0.0325160706652019,6.258363477487284,0.017409055101841986,2565.852281400062,93.25477610347076,0.0178849092153337,30.8633753665434,0.5339380564460958,0.0019281833996735998,2.5891404603742414,288.7475530496794,168.61863523035927,-0.0005428832901195335,0.23025070379422274,6.720458152749697,0.4242489131358793,5.605390896460196,0.115976389665156,0.50196961201984,0.038756153688742856,6.225055282300533,0.005850218833741039,2921.338624048366,108.64375765459083,0.012968561348492003,0.04166150597928553,43.75691068875091,0.019434274541844765,0.005546976205243581,0.0168784767861192,0.0025074651065857267,0.06697577898479423,0.0039133005644194085,3.6776249939980117,0.0003170549147153423,0.0004140036361617305,0.01030645254718987,0.3021901600371022,0.1514274765981325,1.9152147109075992,1.697163795097862,-0.00015318119938623198,0.055272510364438254,198.2104535637036,0.07015705184914633,4.976652818294103,0.19074270326276288,0.17616300033225052,13.395579190748961,0.006318849842619656,0.031746457588734955,0.011817581245969322,-0.0014369271365968217,0.0059996261976618115,10.800441017982589,8.107533518726928,7.406424851042385,5.354465338417227
0.014611390550911096,21.824108952058598,0.0036407188865945628,1348.8535353456039,44.99192477400879,0.021756280864352995,103.19704922921186,1.3042310206567835,0.01460882710844924,2.3586921076409544,123.25965151559842,92.20149539324275,-0.0024567077475596832,27.195525349224173,1.1680278085987448,0.2617546328657818,0.0076806656788290795,0.07679170573937899,0.04053872885002363,0.0035293984402384737,17.735467474625228,-0.0009229996589823486,1290.5641885952984,125.49886509028454,0.09688488378899951,0.08359170056991605,18.1401898750529,0.07734618253914505,0.010291521100427303,0.009539563052883615,-0.005044161529276003,0.49078550740094595,0.01035465761302401,1.1228172587794267,0.006746825446297677,0.024618260483507015,0.050952770286706084,0.4853846740036447,0.43721984295807026,0.2303689797006383,0.11055135421615603,0.017793235948438735,0.020776250145114084,84.29392928563921,0.16567542820953918,0.17389438404551516,0.5781443277937592,0.24906255462988458,38.648458215219165,0.0036362114781667287,0.009300168439719592,0.01744303364246491,0.025779070900100898,-0.0003766823779427497,0.07577663797808842,0.17456425390340335,0.06499508823643474,0.11047330974993574
0.0048670200645020145,3.1224983994364033,0.0047805543014547425,1197.3741058682328,145.04754807803224,0.11158787501738221,59.361440351831824,0.02750718106705019,-0.000131475804155734,0.2048113016285802,155.75228074304601,90.16262083040466,0.0019910872799320245,6.162555711579889,10.212200518606384,21.796122090832863,3.457921360371686,0.34638809153304084,0.37864560838800987,0.05068258508907686,5.880692600854094,0.05869410960658428,1438.2876347120616,115.25375398438861,0.007296450615633887,0.007208127881662918,64.89551943244993,0.06350016825523053,0.007004729779133356,0.007251913625299089,0.0017663398121783302,0.10883504904314556,0.1010834893595094,1.637664372209941,0.004543761045688655,0.06204050151246587,0.02419296965252915,0.13502526096720135,0.3336313590409521,0.8702676872629924,0.17761603438486073,0.01214001878501847,0.003602779392652522,111.25397151883416,0.160457070828949,2.195411822257406,0.09922559148963472,0.2428449802599788,2.552779732604148,0.008679882202208944,0.006232357249348119,0.016654826770327702,0.003538223309774935,0.03154983379037901,8.310997759054558,6.854871843885484,5.597725524494135,5.053966205511215
0.011353065024081843,8.020228665147059,0.008828944742283795,724.0877316004638,245.67444047142075,0.04626919894771753,45.53141671238774,0.014358564733177204,0.007042554508180032,0.2769189533042704,121.25479994608918,55.5994884538247,-0.0010631601759172327,2.820392276496583,6.82909387024385,1.8268279212689267,0.7265011804255961,0.43094518819224525,0.20931431112169285,0.0015167345802327148,11.034592253205794,0.007018932855275217,1255.2488750017296,88.14847286935105,0.014233558124325363,0.013227497168699642,112.66548193735687,0.01730963302501287,0.006913132426569213,0.0005292855419876119,0.10779552353465949,0.11066503495431146,0.006881491301144571,1.7458094259803962,0.003363992460120535,0.01651044706242999,0.006941859708487819,0.005375226600341065,0.05568074911423082,0.43306673915493654,0.7926093519241304,0.0016292917389888473,0.06348317256398861,81.44687004045873,0.03323136627718348,5.1423334426724425,0.0287473090603223,0.08941094650869275,1.5955383337331819,0.027741389070508937,0.009064018335967816,0.005649115737131005,0.006549481692597503,0.008440943200926476,0.4751639414837827,0.2649627920201567,0.03851263183526843,-0.001266289230549944
0.02090191569791955,12.47997262327439,0.012364105613873022,2025.1448782012817,137.9071885496985,0.008704562110926517,10.182167636250194,0.08355332398821069,0.013527687911338404,0.06952330975280674,191.03544056417496,118.1080288515962,-0.0003064054973584973,4.366524705409875,15.30473413330545,9.252104439713206,0.10061504111066011,0.060652397155062765,0.6459294036730423,0.004327031503585488,11.625426029484514,0.01755441013532355,2074.3712043938117,0.012554050019816465,0.15348834546629853,0.20369348673909204,65.24666270033026,0.016128777991312404,0.011743220366064122,0.008837870834785377,0.09128628246298653,0.23731408215734717,0.11961481525559758,0.27543513283453436,0.0030850099745158843,0.023455926560902896,0.029363022672551864,0.1652192649519577,0.2256579200991311,0.08829353779198712,0.03364280310582046,0.00798843019273221,0.012039567787756056,127.89882493291256,0.36907440972935035,7.948154488210957,0.03146260903905329,0.10494120177388844,9.778625032279349,0.006278658359615719,-0.0013815159456802562,0.012232676010293098,0.004879610558246483,0.0057633708046687104,4.268814149736794,2.277242458200435,1.7796381362811502,0.26176031138191647
0.031397348730530794,37.528170066607956,0.006248728215081378,1800.7408471084923,106.52942733875355,0.04681258401730659,76.47879460939808,0.04425989783988982,0.022307208990484106,5.238305231125207,157.50974430165272,94.4070670329838,-0.002898923010198118,11.827427333413052,3.9349829881592226,22.177055119050568,1.0538095578806068,0.459464098779252,0.06674031732384478,0.04485413289861029,38.90672972784588,0.02045974735978362,2010.2897190591912,94.52041462421394,0.04669199846009864,0.027957173124002033,45.92033824356886,0.0039880957547744345,0.006397690235352194,0.018580965824448903,0.07575650198619233,0.03611766959400331,0.0020097137118186836,1.0070430583467447,0.0038979811687918087,0.02012026452245852,0.005255567692002749,-0.0005972929786004499,0.05428196311198352,2.214622567166324,2.096767377440126,0.041917195240561256,0.006564301861694766,136.40305196299764,0.013704875678515194,0.3002390589627355,0.00650055682478623,0.008119569885638,26.68452800879144,0.030389153001205926,0.0025586530669192697,0.006718870764372831,0.009161204069730644,0.006288812241046493,0.5342142088346495,0.9292941703127813,0.08530446354727061,0.2103969027808832
0.03437551646547199,37.41932734542007,0.013424863106330065,1068.7357634558925,204.23152329994355,0.031106914343874692,141.3181264705293,0.42889305035382996,0.007410231115066779,0.8928028898852318,134.0089187373821,81.97152807523783,-0.00014602457448642525,10.454808628190495,1.2554673133173644,1.3876705575019965,2.2655529904394207,0.08200652709482181,0.16115046943398958,0.015898359444984855,34.94674626824821,0.05428359458453258,1326.7471242164363,179.40182556057619,0.002721673042927364,0.00042507939993363664,95.70326728254777,0.10292721572760666,0.04520902579267716,0.009155251471031356,0.013660851532134366,0.2838067018525674,0.008888685516559747,1.8619745229084348,0.004366036772705861,0.043331814123986234,0.03361693766460938,0.37639775886619287,0.270998039382512,0.691314577058546,0.794202691575487,0.020238741022472695,0.0004430869460945175,60.58300618715978,0.11866510192005375,9.513818586576615,0.45067898514584215,0.05178345895612502,49.359055024308134,0.006487707669235121,0.0002843955247682217,0.001769271955479823,0.004048242072488328,0.0005058013345742296,2.4815264198586586,3.4080786860446093,1.694366778444282,3.2307879711760954
0.020996406448722915,0.11315639451094395,0.0017032853601977038,664.4233314408461,3.9149716547852087,0.5670356619106514,20.966078475833953,0.13853968295352814,-0.0026385895043086194,1.7827338274752282,60.920459642595624,39.157527365306,-0.0007213048486045537,9.521588152156005,0.06332606237497274,6.661040547906856,1.3650738662558037,0.23513659217182337,0.08493026237855972,0.002522000484013631,0.7819153898632267,0.02775303169086296,705.1511183624328,19.730964256142776,0.003873213121491581,0.005669184269533112,3.5546689511363603,0.015000957734172538,0.0022433961248173873,0.011029071953643665,0.011834029888527553,0.0596904353308636,-0.003729436316917578,0.4468711707506401,0.0004283636490498566,0.009002812993320397,0.004064763149514761,0.0034464674162935083,0.052585338612388455,0.044687259514095246,0.11981201504809036,0.01258521160753645,0.04852673509503269,39.32551416492564,0.6250768296137679,3.399756298095637,0.07832163662622005,0.6820999253987736,8.410930620893495,0.0019898636036437267,0.007067621945491709,0.008518786034926507,-0.001158657775562233,0.0037699882241355454,2.535940296961705,0.48530505396020285,2.8704838967388735,0.7142518584913056
0.0187023381139948,38.318666637797605,0.00514273403470078,63.792503512123545,537.5696742140607,0.2653097809187335,35.57466129719718,0.08715117061471567,0.001323332319651982,1.4982281252348013,89.17503576113526,25.384390145175704,-5.6431062502859675e-05,4.751897636589634,4.588078345211617,0.35578011998247305,2.5769335804170534,0.4407019719051384,0.06018218116941476,0.006082782391652941,37.8219923283248,0.027224822571513485,704.6919393067787,15.011225963858628,0.04169006954082555,0.0016804166185817593,250.28743552931155,0.06386361410239338,0.013057077766294611,0.008071232592663513,0.038261173620586675,0.03796474928569715,0.009016872501543816,1.9872620170781818,0.018083720051469854,0.006440306419374764,-0.0010717976483070046,0.300811433148505,0.03730761470331245,0.22463307211374772,0.4494250423425932,0.015597950109444092,0.04175360650831195,36.47667651902648,0.35179289649771217,17.4725678371352,0.11608391820956943,0.13614996420758363,26.02219128974784,0.12774042798267793,0.003536570811125017,0.0002355512140761462,0.0039580235773506445,-0.0030760256338062675,0.28211027213603934,0.38048181950850424,0.3170710832562529,0.5509795817676935
0.03739095476203769,27.74123189199427,0.033857722002020196,1576.6269773485517,220.4450275860068,0.17940317077467594,99.77676165192237,0.24853443912044781,0.010167293577175052,1.3830136433993028,116.64494909183378,68.085944040788,0.0007230729840532746,0.5885627715971316,1.3793204818834335,3.6947063523142356,1.438470168817406,1.7129353159199363,1.2565970188194262,0.06230391232566479,23.18251928036803,0.1215923764011988,1517.7801589120322,35.32336335716517,0.02387540241727759,0.03357063819316597,101.5607367576153,0.01905719825469543,0.011837458933247724,0.007415156384475097,0.038229722527129084,0.009300269198218025,0.06991842935037518,0.26351854768743,-0.00021773627497445602,0.0002960019765554378,0.007772823381839267,0.02064600419151663,0.04533831547387912,0.03134638665907552,0.10006026996308215,0.009281514518661105,0.008303205077594633,86.49789918677969,0.003324611117462517,7.065394170618199,0.08463839313123778,0.3782534443857015,79.84493990196206,0.009457005901961857,0.009051640679234474,0.0060684205482415265,0.015118514371692982,0.04252701403815973,0.4831820691498496,1.7792213942647228,0.5190276556746083,1.7605368727657327
0.009153496323152766,49.000326528891044,0.01418482991384895,2011.700127630102,141.08237414401174,0.22706534192231942,5.768076587224782,1.0328556228530932,0.004901050645368166,11.852173749093673,153.08473849654584,99.41978603112241,0.0025106258374973933,21.353751247566223,6.795281020285684,8.370923690137296,0.21954309611223266,0.13483554921117413,0.15268382562423177,0.03153980299169756,44.387580687138005,0.00820860352988717,1965.518541222882,119.7498055123751,0.009948033405826173,0.0015041589636295427,64.36298791495483,0.007905835609159695,0.0012418609087223587,0.005264018426006878,-5.807534957380511e-05,0.12155573315518531,0.00878727438576643,0.07782741925068049,0.008826427575415963,0.07502279249080779,0.023869779576370043,0.10044014536247836,0.06285065316154004,0.26309154803709855,0.26007441637460005,0.03693275523073236,0.013510911313396434,160.22993273585107,0.12491776903168983,3.378862973074823,0.7702936377935261,0.1611941133633925,43.90013875877017,0.0025487748818013856,0.006260843714659181,-4.7221193348434554e-05,0.0016694189173440677,-0.00010636294344923414,0.012510774610432485,0.25040486368836223,0.1624348191702243,0.9375400712819246
0.0019504013343949467,31.588536513081547,0.023260846444658867,3289.3328030115204,205.99765596353242,0.012863923186721138,80.10147059266171,0.006883799080052988,0.006325575133899086,0.13112658662151233,284.8311204352241,177.04830237357265,0.004488279563676478,1.6053528577142524,6.134296072937221,13.403520608560662,0.18926218544289508,1.2745416260320122,0.3260465980265783,0.010115799966306405,26.02411619398315,0.047029500065862706,3438.755569750825,1.5588003342720382,0.011060181533156133,0.021224823667957082,92.39094591879842,0.02090365556642748,0.013767365796569564,0.002640266525354207,0.0074220905456305886,0.018318242995150058,0.004334690031569721,0.30880434747118546,0.008497914411364604,0.016262276998431524,0.006460636387841667,0.11002226825267236,0.10501451911865445,0.019767258489558515,0.02927558086565707,0.0035206367613822565,0.010797009263959545,218.84590636191754,0.23092005176434327,0.7877641960825086,0.003708538624126234,0.03641073026510089,82.90631462635122,0.03565721867295224,0.01122557157660431,0.00589440593963797,-7.397128672259612e-05,0.004533014838190574,2.339082580646397,0.6497893568532005,0.6869979558297983,0.734095919805057
0.037642719564280114,35.61890716741236,-0.004046021896492391,1607.7823526968918,498.94261221593814,0.11008095341084445,8.36534049091617,0.2927863695482671,0.03611597656007692,0.006976085950117117,67.35047537333445,63.57089365864217,0.0019599171829156603,9.823869791665631,0.7337668915543132,6.610375117345836,6.77653365058114,1.297944068742364,0.09129204126036328,0.011112384449393886,33.685772001820055,0.05745909815942074,1159.7134441917626,44.57569747729476,0.025985634222831067,0.029593955172096287,235.1506636637592,0.004876305943296799,0.0027059961399444887,0.011821266211121895,0.022712121332838286,0.02607163546235647,0.08304415625791517,4.859625372612692,0.023587397336394922,0.025469236058441425,-0.00260121720419626,0.04102399447928029,0.02008297066620024,0.04436714485102655,0.37639355217088877,-0.0004219552050521713,0.06301157400090851,31.287176297761057,1.3316465051266366,23.163111412623913,-0.001951573203851531,0.5461735514700417,31.492837320720184,0.02097949036169311,-0.000626693370131548,-0.0007129343145200195,0.002197824450432151,0.002233999492861294,0.4275276682359701,0.2561896478829695,0.24235495656808403,0.32676467294925615
0.00854150872098458,22.158361488145815,0.00971266354494471,1166.2480805351518,358.8043141098231,0.08110522075383386,10.404414449495109,0.4639069920285097,-0.00702575285860263,2.0921549636412085,166.93796524178174,76.25662537389242,0.001436640672476841,8.629977224384922,0.8312842416176229,7.4109902832897685,8.207081755607653,0.3540531758930374,0.01936070137903556,0.0032440853489221766,15.671078452590452,0.012396046829140417,1871.5133158190627,56.42691717402494,0.06310858131606256,0.020871601686796026,164.68664255930275,0.1627467358745882,0.016088696224042742,0.010438365665511817,0.1890929196887159,0.0036087789046606034,0.1374325586033187,3.1868346532223537,0.00044008607140622047,0.0010123261965748753,0.005778265438799224,0.01622606607809729,0.002142707699025692,1.3686375424148398,1.795907409709951,-0.0028031799259631285,0.02599372703435776,108.67839324538224,0.37266825791296654,6.658118929735215,0.583280962545853,0.539661054913033,39.87553126716334,0.014582854108335042,0.04868494798492584,0.04672281984196491,-4.5635500677043694e-05,-0.0009266477528209194,0.129919851439805,0.6767932717120235,0.277823067142311,0.6329256126375284
0.010169583846185937,3.6311814804278786,-0.0012144388460306743,1578.1627744256725,196.2951907464533,0.07503303372215342,9.038950230424305,0.5189363892187995,0.0030396363633986567,0.39125278991866796,99.82066263921553,81.6718437471046,-0.0010960446626233633,0.03830122604249109,30.411606371385016,1.0421930678168856,0.6346092679655095,0.3017754159556141,0.25326058263695117,0.006411214869300963,3.085958108626425,0.004961752951877507,1341.7316896002728,91.34078014345172,0.0023791843634786147,0.019361366959634196,92.45975791817963,0.18509728852862573,0.0749561329379862,0.031103730467735957,0.0028388198473532356,0.017009166827627986,0.003618169674909133,0.693832086263054,0.00011793556075545553,0.02413923999088219,0.0027777603182252975,0.024938762325342978,0.004160883327648968,1.1496202848279164,0.48019634042552983,-0.0005736621998071456,0.006411823931670391,32.79963593529483,0.2125976989539362,9.33296993496472,0.6239260119358203,0.2526052523759894,29.49842848568449,0.0030161613141110877,0.006780977122316401,0.0025978441868526048,-0.0011606823771312946,-0.0015993944088430467,0.4110918223477631,0.06334273134120938,0.08050731685983603,0.09693149745835594
0.022939921287017384,0.022902214907207785,0.0045113251081998484,1062.211124360489,103.65482313114802,0.025062151105072594,48.46554936281446,0.18826074672767135,0.005507033651258375,3.145872851956905,125.45817595863494,69.87734295501616,0.004429209931404721,11.132011823943682,0.5763812289462082,0.06748891998863371,0.4129299512071096,2.3063538780747175,1.005135357301012,0.008069349605895226,2.121836875276725,0.03399422645095118,1346.4290975581384,9.108172205193494,0.06024486401621054,0.014371879877065119,45.044393727965556,0.008737235291247814,0.010253709039046655,0.009475390993078925,0.0034077004815005196,0.13525335265374938,0.03629626810014219,0.3987103614226921,0.003057666367983991,0.001886119568105471,0.006488429174041244,0.07714349495429307,0.10334045372374145,0.3116529869425575,0.08226739070526623,0.019781510419342396,0.008089345796342684,69.86529717375788,0.17070613654661315,1.0277803875521885,0.07133009500043386,-0.0010785264346226953,39.976792787416805,0.06978187296908889,-0.0007583630195968638,0.005507364106021484,0.014256632138815561,0.0031172625513038454,3.1957851318001476,2.0139716227395654,1.6003931967868725,0.5605231483742728
0.03596045039626894,7.534436921002614,0.01019865247264562,1661.1470615333735,152.90263355545153,0.2740418646516103,52.80498626015947,0.013554308670438608,0.005693241893508727,0.1434924788234211,215.45376791114052,128.8741685296356,-0.0008397586879285157,31.71641635502379,2.909214603562827,17.293767962497274,1.5089947728076076,0.10120734917382634,0.1251047632033675,0.02265283901452797,6.369233230194576,0.013398646149761717,2183.0810077473416,62.01099767379084,0.03778012817755627,0.016562975125665957,78.2310143272104,0.0780359451098489,0.003517269933117184,0.0035292348150459674,0.05941359847905403,0.13025752929248124,0.09771587124101888,0.3828819484102981,0.008598120729888414,0.003287399361118659,0.004032499149883684,0.005331073282024867,0.01522936884752557,0.028093518900066172,0.05063611819005054,0.02067296674408503,0.007217737271851377,167.60122538402902,0.9782008367031478,20.216531565099082,0.2164649584558802,0.06657322518661335,19.220574197411217,0.004041057885298294,0.006856913500864259,0.001746082376415714,0.002500176362036477,-0.0036298829689886958,0.5638399475900187,0.42820898566041166,1.3707394780504725,1.6338062074609976
0.015434118719124257,3.041146034188759,5.811243396358634e-05,2023.764143235629,177.89448922184476,0.07530274787849223,29.596389949593352,0.48190829322889694,-0.001197407174966969,0.5811353197580518,160.14881292434958,104.64453962208165,0.0011913055416163942,4.030843046575721,14.705316785565103,10.073477529195188,3.226182683355513,0.17182173336169804,0.03424545395756429,0.011747203762426217,7.659331850287624,0.025414722497163922,2062.749535153032,40.032984073334624,0.07091953837117515,0.061211657612357584,83.02192483174446,0.1788586349727499,0.023789255845584556,0.022227225036281162,0.05956869954129562,0.022158892452876167,-0.002889677209547692,1.0155873001767448,0.009057198775392017,0.00781358919905717,0.007944860721384117,0.026386394476419994,-0.0014760343831907718,0.1503079738572657,0.32987949628739344,-0.0007271428000619196,0.0018507002232288627,138.49554913087437,0.05651389045511834,6.592036663244673,0.2712985730175852,0.10014584794886083,7.83780946255636,0.08402260164767839,0.002181856976116059,0.0013491380306236422,0.046975726518057925,0.014510582039749309,0.09159674053663824,0.025697234678654368,0.21092231579570697,0.0529663805600169
0.004344562502446969,3.259197621593958,0.002532012761228941,2097.3799410878046,63.61093955549797,0.03900054986689927,65.7863871816589,0.3297817763677502,-0.0012976104794972798,0.13335859551942342,211.02498043146494,135.88165926286078,0.0005931262406662086,5.567320326314586,11.106772271916647,0.8506392536348866,0.0507758414709496,0.22496941971067308,0.08366199631090421,0.061304576703034463,5.264338058821157,0.004779630093882936,2169.1705601842536,60.65767950098978,0.042681054196166635,0.02544266258818073,26.972177707671083,0.027288648598184473,0.0004700792531062703,-0.004172377762396096,0.05148329695304543,0.0085680765195848,0.10086747808356478,0.6002635114266939,9.10929449995379e-05,0.011485703973058037,-0.003990091219664649,0.07259695602506877,0.053464912646654206,0.08393495904554094,0.017707222688812863,0.008415190299895237,0.01246016549608786,101.82526219319885,0.047355605205242846,0.7244890646687567,0.9255864559045301,0.046875058481854914,30.940645192741766,0.0012803139485484394,0.0016598227144726252,0.009697122581481032,0.0012262593416254575,0.013351771541998403,1.441726463863767,1.6806320875030716,1.2834908714905273,1.9723111700191085
0.02771157517130174,4.101446278101942,0.002041787569515563,141.68078386722215,413.7090553561454,0.24237593677699376,8.707463534603235,1.2730881694810465,0.006667913844439433,0.06059341575011512,39.15771320177436,5.785516940349049,-0.0013624954474744655,0.05830148590089479,1.3891292707462215,19.941459052423276,1.091704615624832,0.24314445963358455,0.12080655903145665,0.026431506394386517,3.9432289336333346,0.02157899534637764,372.3045916569196,30.854370699653067,0.049337317818777926,0.040678619077563205,192.91933454095266,0.019165415170923517,-0.00231996614659824,0.013796558981009177,0.11683746125404681,0.0032217476656546395,0.07648437032829136,1.3749002535208605,0.001399497993700649,0.020807442757859285,0.0048148016546898376,0.2063665761969551,0.28237315228960735,0.019651586751819217,0.1587884153860113,0.0007909440081528274,0.03639259331227507,7.6675471552072,0.24252364255480607,13.86848092908195,1.2342459702340216,0.11151616805095266,26.190430845806674,0.007206415794693832,0.007030538224086946,0.0006873235463853433,0.015082337312362526,0.00682588301973297,0.9631410001281235,2.0231103756564304,1.8238317567763689,3.5518467432226233
-0.0023865014041835053,29.558520630351694,0.005470641838561718,2006.4128267457381,15.765177454146103,0.14158029850531761,22.18488388100038,0.05527464085657918,0.0003431739096511066,0.6438848596674314,182.88197865528332,114.1050803958055,0.0014873937591444175,5.238577311432401,14.503735906897317,5.827957499386949,6.230870079089161,2.6661024826997295,0.8890950258602226,0.002318064752530269,20.24600173926973,0.07025288726860257,2207.201475909053,73.55671371631,0.03949141799193612,0.0070502566034242875,5.898003859934315,0.001268647083893626,0.0012085481208599091,0.007552137834390571,0.07323659057272192,0.08309773453157554,0.02502520985615142,1.5763905018277988,0.004229398892690028,0.020049768830951997,0.030523706947600537,0.0640029879829811,0.0010286657781115593,0.1147479792003816,0.013383831633710486,0.000951457213478335,0.018212452983412675,166.242253293029,0.017987282254168235,0.202077502383184,0.06069983775911769,0.0803776937151337,59.137164787612036,0.05118045577072916,0.001495924320765063,0.0033628753485110963,0.026077634588563825,0.0010488756388351561,1.3099193717306168,1.2822585970424374,1.1900745571077298,1.1241379541667502
0.028122624903688553,2.9937129532840023,-0.0008960388414456233,574.9394563574211,532.413873036413,0.06381884996287202,122.48091654368277,0.3640748708582402,0.0009701120508500694,1.6796476095776134,173.36462822217842,76.20829280853059,0.0012474411954483955,8.320299046623798,0.7506078063419954,0.8330920683891616,2.105802517184931,0.9736630184927186,0.2594779462721384,0.001281931423917193,5.621722294557016,0.03303457555099776,1562.5034505851506,188.23090222941408,0.050874650746463246,0.014873037031374992,246.98080642392117,-0.0003671424808509016,0.015047900741816278,0.0017614403570709314,0.012349170442337964,0.06329497671123008,0.03890913930890427,0.9224692639298544,-0.001324017657233334,0.011358269309481805,0.0058324655592052466,0.0004245642694922225,0.0033141389681539124,0.40775307638475855,0.7390644189483178,0.0017204433510711326,0.0026170105795806364,76.76767336911212,1.7371291697600677,14.862835384961205,0.3533094868840285,0.1381639225600022,28.206561488581315,0.022784317389392683,0.008927456043732462,-0.0005745754174641959,0.009045514813130318,0.00712993647717397,3.5413497939677763,3.077530544439864,2.4709211792441748,2.4529937391398056
0.005778098878782778,2.8883114640090595,0.09445076569330002,344.37667655389924,117.43265755643183,0.260052189933508,29.157837928879406,0.015617187753856676,-9.992001276248885e-05,5.99273135921704,1.7844875823902688,0.44161714047687006,-0.001657505757257205,0.572373342520514,16.451222919373002,25.742959570225725,1.2083466554399314,0.48729020796651046,0.2900769571973143,0.01320503617254154,2.122363131873743,0.0036711891537608565,223.67749611957984,5.467302064498315,0.0014093980182776633,-0.00032913514810850586,54.603729095135066,0.015917040802752247,0.006925476914626749,0.0023088109939601864,0.01490113507721258,0.01713524758766294,0.010005421372644818,0.7776550747206068,0.011474628601988002,0.01166169837857911,-0.0002677859908803981,0.03778826727941276,0.12925429051971893,0.15611371420420816,0.1663837474500962,0.014848708161452784,0.015054647738720561,2.113861065111826,0.25217602399693817,6.5808369549237815,0.03399264488305054,0.03222041387744934,33.59252214329836,0.016211165957235707,0.010325205511333202,0.01312050185510305,-0.0026963496686196464,0.0024944755808293806,1.1981775288765126,0.0852923245635111,0.05914325349407168,0.30836364558796703
0.011277908318515273,7.488527355990833,7.031673808022276e-05,3437.6129841630723,302.43572944293413,0.24757064236636328,18.82073047061435,0.15381795099485096,0.02277716795384155,0.3147243649561071,258.5181464833517,173.29074772258187,0.007466078988754177,0.12958957542433502,10.631699846870603,6.92976396227219,0.2265909565500328,0.2296308862409271,0.26892842855447974,0.00963438014703577,10.783554160193471,0.04575802021106412,3505.962612582198,86.67067187198708,0.016265828274054428,0.03575319979001357,144.73091199621945,0.032346003832122605,0.01522903247010099,0.012289451622996772,-0.0015691015101628736,0.09669536236558063,0.010979661034534516,0.8438340669502331,-0.00210766995308731,0.03307994220984867,0.0365122629181176,0.0007448117842310253,0.04495611453594783,0.9014529940159068,0.6690615147083783,0.004137766848047342,0.013769358339471793,224.74233781524782,0.031059122149112994,15.912973196741145,0.33456333311616415,0.6403694815113798,63.64133274596635,0.023447991399935475,0.015149373279724543,0.0031749130747780185,0.01574924538050837,0.0045028281575856255,1.8951952430003676,2.6646688860291405,0.15870798312580003,0.8542392425568162
0.03690547941068978,8.192069970283569,0.0023845623819482853,1927.730468654474,197.5799105451294,0.4321230636424582,89.01930401620268,0.019681760119959257,0.00014019648929863848,4.3723022837900105,135.81495998076244,88.45218483383775,0.0009934762940231323,7.195962219081827,0.4774054420992835,9.57277777731009,0.052029041236771434,0.3011367084156218,0.7972689042446088,0.01794796215281025,9.552552215768376,0.006837031804759697,1947.0886269991108,55.633041789410626,0.0688953441545559,0.05809690975269444,93.25819991357217,0.016190388900353625,0.020200317150289138,0.016139368689257694,0.21575635218867806,0.24249902544466373,0.007071209752480101,0.02275997080098424,-0.0014136434755585014,0.09916686164463062,0.11165635243728644,0.5945607094107759,0.802077845654531,0.34194278175742276,0.2764028283041595,0.0031660940797646475,0.0011973027820442184,139.35126541120684,0.06193366907813225,8.7638101488286,0.08668391480368687,0.01344482417202908,58.59577936671394,0.021110182215117845,0.00783172274903876,0.0016422698119695767,0.011559049070467786,0.013196675503910349,3.090209251741057,4.410662442696014,2.3194907525198394,3.095843137895705
0.00408342421820862,10.20179316653205,-0.0008207181871524583,1157.619296089091,174.74714445622826,0.2242811723828,18.294543412683616,0.010683181663352137,0.016752939935904543,0.05497027980209079,83.32112027052823,51.12849036460913,-0.002112051971478124,2.4018879962594983,2.963123093820819,1.1138713927671198,0.08282596125980035,0.14455130909286495,0.03396356410655432,0.027298377031769405,13.446446779719638,0.06932652642638892,1052.5539539363122,5.033876591655291,0.028122487839481458,0.0007515666053654613,80.32108638645697,0.06380344876608479,-0.001260819953901482,0.027544365371984902,0.001726907674464151,0.1371303688235388,0.05238234125588992,0.2835060500188282,0.005322995245077955,0.023833565935634127,0.013358066565894333,0.011944099564238364,0.1381722718460754,0.10483218994794363,0.02868447512206984,0.007697530733186575,-0.00010889621313481257,57.87934617076929,0.33574820065740507,5.101483844179276,0.10781135148425314,0.24952976360584866,13.188397743491484,0.060505132560987995,0.008751694018011236,0.005581899101898102,0.039827855796193745,0.014693927460449174,3.960535004681139,3.529756978450747,2.708922770998946,2.398106617167162
-8.497757670244965e-05,0.05327804035825512,0.0035680405548017546,1622.6353961453392,0.6251709523159708,0.0023578420269005917,0.032536035535915,0.013680967804046595,0.00192007714405662,4.424162055734827,135.133509844192,87.91141165848688,0.0031121623921723796,13.284923276977352,2.4299811850435606,5.113260478147184,1.6046302817003255,0.18895516464631346,0.028788910259045508,0.07415711697196326,0.05441431478448511,0.039207350323454015,1829.3154944469438,58.67344025118428,0.035124874894881586,0.009043947131877061,5.409258483165473,0.02916668549574286,0.014410859911476948,0.01768925683337841,0.08598445214869344,0.015486619824491399,0.012478699462070253,1.024349872585347,0.0086331113494591,0.007166271508498134,0.027032645975593184,0.06410466791546288,0.03165692842882528,0.31459254028895867,0.38866834077795165,0.015626686008377355,0.015463552067669362,95.88506401478531,0.0011475035123522659,14.765735716208177,0.06292363955086255,0.08016917491643305,26.193624628749923,0.05072398161197178,0.005104520510478494,0.007503699616414394,0.011156499106819595,0.03822030701059287,0.24455316324956744,0.12243287811673742,0.2974048814340602,0.311617152915451
0.013521338749479028,11.054288692988194,0.0017808139816999358,44.18535929485798,307.0437052874318,0.05167097927689124,5.079330497484281,0.2479829526009416,0.0003332810322795865,2.3342015514999828,23.28598165743132,2.0991905409325318,0.0022179598527296562,0.2019090794751195,1.6843749050911638,1.1098126715511887,3.630819013738617,0.02609035334950871,0.07209439106477245,0.001016811535780704,13.62505891775622,0.0025939911627022028,528.1656678829796,50.47765185031104,-0.001658617888145919,0.009966396844794723,140.60852863160952,0.02797730362228279,0.019771404714572505,0.003010851966224415,0.0034894134594640747,0.08341093454704751,0.003608149725680576,1.1994933230285652,0.03784422691637879,0.012674109363015162,0.023235448747367826,0.005328990009875412,0.05029871332284941,0.1130519576533704,0.37441473624510824,0.006032617515033145,0.0009192640664128504,50.61710947666128,1.818785917364031,5.750355530803859,0.14613655043505158,0.033669373685409454,13.966549752408774,0.06503936390014964,0.009949199741268622,0.01047445123158841,9.129464588752967e-05,0.00766658418970767,0.08830083765817864,0.4452365794859299,0.14716604036353154,0.4440165566667327
0.00931661050757615,3.3545708322356376,0.005289149056651787,123.9246018106538,191.23631710872627,0.08236038953366887,42.24415945015964,0.03784426473728164,0.005717023973282664,0.07355843159710762,49.14148291302833,14.59621297530139,0.0019844538246927,0.13789105934055623,2.1874629092970554,3.9403620734085756,6.743354976276935,3.039032199753388,0.6624428864285177,0.060135715008375,0.34782859116003895,0.058141891342172514,438.72368236561243,10.086439862834153,0.046401675961550204,0.0556673114415176,86.82088862896109,0.008514963617704652,0.03303538401079287,-0.0001876758151055924,0.06195273688658176,0.10202041058934519,0.020535686346591753,1.9472868863759292,0.0034930278821558858,0.03898387254636049,0.006588147188665516,0.0976106354105637,0.3719381864580411,0.041748803638948395,0.16293125514990248,0.0004782495661102004,-0.005599743371047516,10.23921732620961,0.1210391863536664,2.381609404355986,0.029620914098141604,0.339628452734412,35.18133295576497,0.08931888604289195,0.002268264138479914,0.0034076812383556643,0.022588591786497858,0.004642205887743778,0.11903112336649802,2.027581820184185,0.3233480010205838,2.674052891610131
0.022994516673125354,0.8407102894661103,0.0012445207514115708,3546.728752244133,447.55957198036083,0.03084694539716093,105.07173707656361,0.02324218349802276,0.019356644310690285,0.8569729014927985,257.9065647009796,170.65675238671795,0.0006415826105019562,5.202208817683982,4.565329483002868,8.502110263372675,4.289314833363761,2.97391240551198,2.74974611201867,0.005545280963737298,0.8588780334207762,0.009977211299102784,3304.2896384662163,86.70002838542675,0.03296532411102859,0.002927905554154897,210.72084614591236,0.009685418538101231,0.03217035238468924,0.03968887067098947,0.14969745077836283,0.0020949226859379166,0.010084067091827187,1.40225648640304,0.0004659944045961595,0.005010099494411335,0.010653388191009583,0.029907780037484066,0.20420758963339836,0.6498798086484294,0.6233739117644728,0.015199111382848685,0.01564958512989545,213.99003868479613,2.6679214227991466,18.408710800900657,0.016304721411921186,0.038673589176651646,58.90287008570186,0.05255273891997181,0.0007055376871685226,0.0057649835669062455,-0.00117463773899118,-0.001088953046302521,2.4589236468916216,5.4074633944379045,0.8173525461006745,3.5494808690097006
0.008941836892922161,23.227195218645914,0.0023376935065870796,1982.2960232697903,94.43856108769187,0.11580482227105549,92.09451011929242,0.48299840208339706,-0.000947579657178288,1.0286733084081137,186.91575078487625,111.73998777568694,0.00287792899300765,2.275841794034382,0.6942671918101988,1.6603429139468462,0.19809695127066007,0.33540487281790554,0.10456866880951665,0.0008503283169707387,27.38197951851624,0.009194222549667508,2240.8357419623,140.9369121848532,0.14787557590606415,0.10415154911751845,40.4604320276402,0.09225669099571476,0.02844232045362194,0.0106448041474545,0.00942136599459964,0.11464922867747962,0.014526829270800512,0.19618073229357158,0.00810893158609538,0.01531200102769148,0.01415553548975268,0.15137062765819653,0.15636489727743097,0.01873713752794881,0.007141512205300238,0.01331988420649921,0.03626924203099069,164.5885039263397,0.08120250187182076,0.3989972526242429,0.04483235823729448,0.0434932265992547,21.560047752655297,0.005985021797233259,0.01094187948773051,0.008475433012823608,-0.0007562498598909784,-0.0011596353906204726,0.7890266791142171,2.2049841274896194,0.425336379337673,1.3256145762580251
0.002619371262817083,13.830479757346948,0.002250695437114203,1499.18490248918,115.94215367716713,0.17339362613052245,24.558843409629525,0.09465363489997625,0.004362054697091722,6.511315712686013,179.5585705935897,99.81778420556242,0.0009947374820118426,2.599140609044804,33.86078999052328,14.930247823683606,2.415176870437671,0.3390923329694431,0.04994346247825732,0.008218981899095645,7.748423236060365,0.0017480578513442424,1892.9673968786049,14.0089641380167,0.04136199057595036,0.03931267435936725,54.512527238579914,0.03497238842790651,-0.0013275495527986791,0.010949495362168271,0.004029682255603184,0.0174169590119293,0.011307391125922273,0.3831549294087573,0.0003912664767531382,0.033459420737762535,0.020458935475346607,0.15785933610840353,0.1566701027550952,1.4743960964450853,1.6919569303553583,0.02174179622742578,0.011895671384450246,54.59431908903592,0.3992713194352522,5.728434464103808,0.012268418800356784,0.0068035937819033165,31.96347078438518,0.003328432589043473,0.004900395515297085,0.011122457486431259,0.0032208519004646163,0.0028075658506798717,0.3333815428843643,0.36335484318051847,0.06497463162599981,0.5467668060455058
0.02148129713910052,7.724099713495494,0.00044038753623887317,1617.4776612745688,356.0060581304895,0.6628342281615449,73.88368198544282,0.014451953849420107,0.025030566725108727,0.4476540485341296,104.75976783417786,80.17351600595599,0.0013396998877404087,3.142918501240538,11.944143338267175,0.9051702371794939,1.059540679946985,0.20532250226517323,0.23497068978280478,0.007046647945512241,4.699050167691662,0.047859847475783646,1252.0588445730543,84.67829956553243,0.045544710639839,0.03586793762992713,163.91109600775363,0.00726333142630331,0.002573931470293722,0.013737797391697448,0.006794112738989,0.18524657178676218,0.008634718466298708,0.21015825760190499,-0.0007588518664656263,0.03516372046582106,0.012004890947747704,-0.0013209204731161606,0.010120225799662208,0.20146118301005522,0.03152785182062612,0.014880931293190791,0.02812607980294679,48.68258340670785,0.3869673288877129,10.045903187456407,0.07772030025926746,0.22651749029769164,28.195660304361155,0.02487682081184861,0.006957348874992775,0.003234559560916672,0.0002641195270776109,0.0037396063180370476,3.631031632276682,2.2861290511496515,2.0133143399967475,0.8601107775883028
0.03777292458842041,18.133726344943405,0.008368162420127057,384.29448664552194,158.65929930611313,0.06173421608113827,115.31909793773437,0.053953517917753935,0.005866833634072144,2.209299151440729,78.34356721444942,33.71285903218603,0.0017573620805544365,0.1906789596841616,1.980336912345103,2.5116823437849076,3.289640173867652,0.6036957185373231,0.692866089173938,0.01358653419619138,12.563281564743583,0.018873922575347812,789.7781566169563,110.25356247765177,0.00819436501533577,0.03855214077105806,72.71266585643971,0.08741884320639848,0.029441682900432475,0.017286985473499605,0.019191776067395416,0.012146440220706545,0.023848118452046485,1.1600896996856251,0.0003596958071261369,0.027731755442434114,0.01080103572195501,0.10499492686782119,0.1440830179331023,2.3396590795266095,2.8435843204138207,-0.0015988689417945068,0.004353729646435767,42.376969648580776,0.089164940466957,4.876066884975207,0.028325220973133725,0.10475072209314717,58.21189256005022,0.0006108684083541149,0.0023618962982663305,0.018547694251112468,0.0009683061106819935,0.0008624262425183105,2.4939300263021176,0.6199663722678403,0.5735787291608068,0.24266279415374736
0.0029768867544879285,29.02684635325323,0.00449152004645903,551.1961172991425,607.5570558105439,0.011436828821281608,11.419283738313474,0.48279590864733457,0.0052608946378702726,0.9698393798360341,164.62975359083015,64.5938190721576,0.0013260804769075207,6.117278926260696,4.360085290281108,21.550726487078197,0.8719796084489957,0.4078229706452374,0.19264458468702106,0.03541759707225545,32.48276655981644,0.01374197574071001,1453.466759810295,2.3685367044198538,0.016157774693486893,0.010959639028790491,283.38989266942207,0.09467543242044396,0.018259685249795155,0.026005590925996636,0.03611114488143308,0.022846720674266408,0.07287071551647717,0.12255210791418047,0.014901681284865909,0.0055540714904767086,0.0001569265323864144,0.05208374981145081,0.17934451564015053,0.36718273264457135,0.37069373352939206,0.024649341567971383,0.013906043967317316,43.94094642830108,0.13953731639865374,20.585076333082537,0.2151996621810417,0.21631923477853032,7.017201901858951,0.011469145315213147,0.009346929704870277,0.004773769458703114,-0.000511362254869141,0.0240761782270269,2.9785891141449303,1.4786835644693275,2.2065050112068496,0.9414926913847967
0.029849475519615254,13.955154878545265,0.00889536583904782,1861.2688238935098,278.94698671383156,0.26705409199234165,135.2532704066428,0.02224863025413537,0.005936813173685884,1.7128363354933933,223.55626701318965,116.15665136703602,0.003160304436874206,7.406842610395564,6.793590500833912,9.047607489146031,4.933229638657562,2.9845416992254785,1.9049600654323777,0.021202871447203897,7.414759152299934,0.09558184051156982,2588.9227891841247,83.57078892289786,0.014365722541807457,0.021357631761182994,129.74371418901111,0.03289037078516355,0.0067799915855442094,0.005057016423483773,0.085520486670978,0.0031443630064824646,0.03481986657284697,1.6126345032210585,0.0018437793460659435,0.0026254541520325247,0.004958390680945612,0.13732642726389876,0.0047897586647049906,0.4636978245263288,0.25798667822063504,0.005632637035383858,0.00038102153953545326,166.94449234948144,0.04807615395772924,9.203656802671425,0.10397455666486977,-0.0029078484897970824,90.59490817012296,0.022271236874535916,0.04449908083352305,0.0263208466618563,0.0009598432346829,0.007051942298077485,0.20304933961527016,0.15394755181480324,0.03106910596824175,0.032627070989624585
0.023313421094284692,23.95719380306421,0.004743787847919734,926.8478190363948,183.32445282367064,0.09375567560795339,0.7753707065324722,0.8672111795845234,0.009218906210259448,3.536447686134899,26.831441839665988,24.666923746080133,0.0007942534777720667,9.626083648110189,0.3564321229944065,3.6909571200092657,0.09139709469834578,0.49557830352208576,0.4007354104732892,0.0132190537276351,22.583099018669348,0.03441276867907739,713.2593287037047,46.86182949439515,0.03562718006213039,0.049642018385932296,84.67204260836108,0.01515050971850318,0.005026087281738256,0.02919888536343862,0.034966983968443444,0.0033092466471336124,0.013712430799440511,0.09037247264806503,0.0006910234526564807,0.00829719888422975,0.0014322783144047335,-0.0011830825720799965,0.005055957863759453,1.2176922834102228,0.7299893719335362,0.020465531407014126,0.0033021860368398492,64.18057793132394,0.2618654404937937,4.508368411430576,0.2815351585459718,0.11937516860460651,15.277966794609664,0.007407653516247947,0.007615984449143909,0.024037607966897134,0.005470273735505238,-0.0001975747722289256,0.13836774143123787,0.20945809017224626,0.026067200699008808,0.015074393924832563
0.006071778071859768,13.162835342783183,0.00885521374631626,1422.4110237640305,84.16977646356827,0.22230083902844644,0.9716769885169461,0.013011684814512314,0.0011173411793201637,0.10975431174471506,135.40344159336075,66.54950068937723,0.000997201346653931,2.516616138204328,7.014282434518232,0.6233418351718152,2.8527014931142913,0.2650443671534868,0.14397200466518623,0.003080412170837654,16.735413256763014,0.00995095891671216,1794.2704394666584,45.09272820367592,0.014438037878182541,0.014884264583042928,35.53909559412282,0.010683418142273027,0.009138560934291107,0.004700690640628835,0.009399340247466803,0.002660986346445071,0.016918923588871593,0.9269726408291099,0.0038173232624947318,-0.0034095768205189003,0.009870149683101737,0.16994043136540338,0.05189683518699084,1.2975406963723364,1.2019873905154084,0.00012100848009399812,0.005192630821864164,116.12539688559714,0.029339961590623354,0.09280313667513873,0.03151495305541552,0.1827679473110626,15.91044121443598,0.02922068116461851,-0.0020686630532287253,0.004050374567392545,0.00023041076464469512,0.02283624906407855,0.295053138693274,0.18320763194264789,0.3532399549086067,0.19848693598399425
0.02058527530788634,21.016322444502375,0.0005644945065279572,3128.1467475405075,555.5316411438679,0.900618364627646,73.63853382570755,0.2103180599022032,0.008621724070232872,0.4037513748203274,226.92549973894893,156.53166036196387,0.0008623156306741819,1.5908969934635442,14.902299698114764,2.4046752770181365,0.049467999258713924,0.21713042563116236,0.0902162234527486,0.015858602914705422,24.648135472787512,0.027746428630153197,2813.8363241453644,76.91061438947735,0.036502486272653734,0.06728799158650833,266.557808588877,0.1159641540756926,0.00802351089404052,0.024638185010842584,-0.005333084322357351,0.018745622495960568,0.17009898965202286,0.4959888908359833,0.001101893491257222,0.0710761156793227,0.007903683442297194,0.019985978135668603,0.010195267341041259,0.04513935076726927,0.08100718887145231,0.011910411253734488,0.0460642502156654,180.99788138918137,1.5565288741056706,24.869845840983576,0.022502052622005664,0.29993081056351123,33.84493173494752,0.010969990772538019,0.024819756891253597,0.007794510180887393,0.00035296188549072127,0.007376516584890247,0.5389178072323535,0.056326088093471505,0.7965073510201686,0.28212837901297316
0.035506971619803096,3.633409581809693,0.010952427488978067,1633.0450884568675,188.60471963756146,0.24826700068000918,25.523095887780688,0.05428666787290304,0.006032909205591075,1.6331073736326518,97.28309446774674,56.37884124846346,0.003883415092809983,24.838512010626008,0.7823632368298297,0.9924344369973914,0.266480663615269,0.12713196552383987,0.1012325156115228,0.007050605339651739,2.106042983102811,0.002052176732904698,1626.150896441302,6.829679717680345,0.005871349806793269,0.012912754029963835,79.76807141378265,0.11700345711832139,-0.00038457823733129004,0.05161519378619772,0.06880849286498858,0.043676346099923435,0.003858404251417369,0.10867785830930199,0.011354601956955257,0.010884619900584092,0.020016828145798193,0.016973040715122067,0.0003573556104345954,1.0782341415247325,1.629621264901389,0.018959514560200397,0.0007479723363061908,103.40382529645093,0.03443371758369107,0.5370950135562351,0.0008788753838420149,0.6163303225673848,19.725224105873927,0.05929908995333211,0.03510122817598127,0.013449841407940255,0.003913937104485399,0.005638086830522582,0.3823227540413159,0.08702818555141345,0.5016542962632116,0.06299407242061417
0.03355038053221282,33.19462114515966,0.004061415085943487,1708.234581836487,105.87909815940831,0.029381975857720732,162.28091789893548,0.702478893439193,0.003115755044541757,2.917672459576387,165.33907126507034,102.14277210604644,-0.003161396151148743,0.18416009508714293,2.6115172304240346,8.799062456388675,1.2928224260490637,0.8684696721071905,0.06780693567112817,-0.0005911137885528106,32.189163364025845,0.026962241435965595,1960.6362063448244,217.17841516141212,0.06125864962251715,0.004655306315964225,48.04268402489036,0.004359205319429904,0.003201139580671253,-0.0006760827339800102,0.008507212112299989,0.026406360955251174,0.0674410510314285,0.625852562956104,0.004511253455647513,0.051574487952780856,0.04186681341581355,5.158068497124191e-05,0.024063209978828937,0.25929485483997716,0.027429434787472395,0.012690476428593556,0.031407905992204554,98.88467193295664,0.6155220965218806,3.3822053787094397,0.19013215303175635,0.5236127291277537,54.74119649083484,0.022754737842076267,0.013546488317944139,0.0054169904031136085,0.004062183527971719,0.0006405480056850266,0.19674695122086572,0.26234541087309005,0.13523209482242926,0.35658223455920623
0.005827565068621254,22.328692723684146,0.005551226869463299,695.8388716303593,395.9240489333772,0.2846054659543995,13.9539882973768,0.12261274903466735,0.008068146158317191,3.1603050363833356,3.8775213466756417,0.2123562978784932,0.0004197141694293194,5.065830835248449,8.805650902875392,7.613093105639215,5.334395797969983,0.2111719407880832,0.04774774605716825,-0.0014266491401553338,30.921395232693893,0.008002329763736604,322.02970580046974,60.229831157679456,0.0023535973542507804,0.05712482482004333,187.07556460035926,0.01723643209415382,0.027314482707171628,0.009785505161710617,0.028879580797062765,0.011854705657900588,0.01305141135093546,1.4543156582292136,0.03625420631530751,0.02688503178026469,0.006108844456135465,0.058066022902631076,0.055862489635504,0.6988923571264465,0.995654871712051,0.001229556360996753,0.0109133254808631,31.169186142874235,0.5403573932864987,14.623591255231425,0.20407922070033102,0.8418793809405942,8.969912204237708,0.0036273175370595823,0.006879912347478978,0.008814722663156083,0.01014720129078217,0.004052129415124561,0.37794911730509995,0.7729598725406035,0.6014024613554909,0.7596098335218286
0.03542350294451779,5.115701242914997,-0.0006241897164498411,167.40712092556615,165.7341207023001,0.0655761458113,2.984982641590933,2.4644066859785463,0.006196898274084539,0.05617245888692679,7.102411485939904,0.6654032547585942,-0.00039863025230513216,0.01464839252545147,1.355120138110812,15.691798813349536,2.0751580331043966,0.7480615498833503,0.6744389624400329,0.003700545298791269,8.750416622023113,0.030886372144029117,22.64799599254712,1.5666468419500292,0.10613348891186991,0.06145010385934402,76.25811784307453,0.0012795969289394193,0.027077176793268265,0.017905906196297394,0.03525901724351588,0.010065416476003897,0.022365322011311584,0.8047844781323104,0.0024880433184915063,0.02526968645954586,0.022542772661513943,0.002148313786372036,0.014446480384860294,0.04056113650002491,0.0062659581144055565,0.051358685136961846,0.005224248344310567,12.635789249107184,0.23218026941243597,4.558353945272015,1.8479725107862768,0.049695830632040305,1.7061472746540245,0.012257831934887164,0.009608109173417922,-0.0022299918953967435,0.0014412946190001108,0.0070412008392795045,4.198954873591959,2.6721166320287013,3.623959028706788,2.5662599613654438
0.018516960065998234,1.5909748284150993,0.011031634450444194,3829.409158171512,662.7481780586322,0.09746481626923487,131.25202557100644,0.482666670202879,0.016400228636554992,3.8816230719063096,298.2606837929393,199.1843965723398,0.005917547294415293,0.1376332200824777,13.335156722850664,1.8684810265946847,0.016374338016226453,0.12107192286024748,0.08144896210129104,0.005807801917249833,1.7920883068572078,0.004037154330926995,3569.9842667624835,212.02741357001347,0.019743603088709705,0.07915929793144638,310.85587599456903,0.2601133352027567,0.051143284087721064,0.02737295586392463,0.03273241118494141,0.19905471044815126,0.07973240709235263,0.030723056197468068,-0.0002245714516284636,0.013913528009888765,0.0066236153871956915,0.07168039805945092,0.12450611322447624,0.24728796445502255,0.2554784984990963,0.04983817164378479,0.03647897724339266,206.304404613889,1.2089672272313958,22.138211952457915,0.056222319784087205,0.11636293732596847,26.67247702536075,0.044665590850858194,0.004432238631728147,0.027385871674531437,0.009764649308596773,0.013911758928717433,0.05057264693305985,1.8482337729506924,0.9074707677909135,0.4152363083389705
0.012066921490016647,4.701148229129161,0.0024954099077119096,1576.2362185991744,0.21038219056994834,0.2769652626536292,42.49744335633851,0.18114423775699962,0.019916125370448512,4.811429182066187,156.71527189205136,97.02926697246379,0.0008336974783684781,6.374283658188614,2.0318831241901085,9.543189099765993,2.592038454332145,0.16155915876519256,0.09764942874802873,0.012672816673695131,1.8567905237897664,0.0015558344192818652,1735.12913674635,48.87580168724296,0.00680980169674239,0.09593985779293757,0.10652775984093577,0.011765452555676958,0.011145196117942291,0.0050009761109786055,0.015347847382430224,0.031446704723728125,0.06133486378241848,0.7451781663286319,0.014334753357084118,0.029415613652961525,0.008947451425391328,0.17945128730796167,0.0830491542681111,0.12304240367077579,0.08584540722731848,0.006384839160424427,0.008952544358499459,110.02168832687993,0.6023602310460126,0.06626811825516565,0.29287564462148996,0.3122667998454274,16.06369912907422,0.04629198176581273,0.003166397483284733,0.0025495060063658315,0.008528389795305458,0.021295075546204245,0.42867419032993404,1.4062562148984101,0.5488160928474981,2.394625256088829
0.0156810128883631,7.776722756364299,0.0033911377598325743,1974.33465138937,332.6304992592633,0.09975623679740675,44.182858722865184,0.06481370483405424,0.0022636455227562635,0.1437765804523634,244.7618628406641,143.35511966672422,-0.0024829106553756475,0.5368214766956294,0.28584535767923835,3.1191587379814383,0.5559120901009846,0.08666778501625405,0.3189608861209603,0.026382594902508494,6.227451976003758,0.022808133559037103,2478.5634996496206,196.90991784742093,0.18907328720782957,0.17799826493980042,154.54475323846222,0.00680132438234704,-0.005797590423340715,0.006701195529771553,-0.0018909678216942893,0.08798551869285198,0.16726836905844067,0.18645038269462688,0.00779412470133245,0.022950687519462498,0.00850575585009139,0.1899013876696225,0.12197557778512991,0.136442006780376,0.01833744396758874,0.0027152011831574896,0.006563109130418354,168.9678937290982,4.232152187658942,10.325635991948365,0.07102791787971174,0.00477018071171198,42.33913255020601,0.057721072309322885,0.00606125537673563,0.0033186001539915466,-0.001628626297557112,0.0035274106378606618,0.7943548499636757,0.04606441150634666,0.3566274287759654,0.05954604000970054
0.003669541459516701,8.636225469156638,0.0011749745020877,595.9924429798539,543.6693189768891,0.08339815185829291,1.052103005453084,0.30462929282187634,0.01197956409546741,0.7134451719655699,184.05893033880426,90.88105495538144,0.003338748442524242,16.83675948622464,9.648459660158156,6.568220380946912,0.06819330568577708,0.15492556610809594,0.5608829177240233,0.04206980105736147,10.332973303125645,0.008387941193789494,1473.8498857762027,50.46299886119365,0.003108658278128118,-0.0031953188473483607,257.4616032948101,0.00805180838918318,0.004654074545435982,-4.4081165742504425e-05,0.013990089597585076,0.012659881479431867,0.07745777158796852,0.09536778000476165,-0.0004435518767937907,0.012134197638233424,0.01956550061034079,0.005539065002301058,0.002052778586244308,0.2685724007804149,0.19646039495123802,-0.0008265525302055821,0.01747517029464074,71.50678280930661,2.403825633600831,21.743792488450076,0.11720928079078607,0.21711971226943394,24.227718428379262,0.02641387817954044,0.011391538565446169,0.009529256887034876,0.021548983249151554,0.00613799633500367,1.2914789576848866,2.241641578483166,0.9295788946342229,2.127905726579498
0.001460216520228208,4.34509571644864,-0.000590008037876899,2285.771264153724,202.2272360838463,0.4970472869672511,90.15030406754626,0.33833603949542734,0.015516122894878137,0.22218629193888884,279.63884842943474,165.44392318691817,0.006258163212556234,0.17782136118308678,11.498174454829726,1.0835832191815493,5.563663626351904,0.5681771201768804,0.47132281222016736,0.021522052182638696,1.91750869112861,0.02405398257368141,2768.434812306789,85.48977230441672,0.039590010737608594,0.03529241240008396,92.91301189077882,0.017229076008001165,0.01362889254868005,0.03125583023837741,0.011398470979933073,0.05454938037390811,0.006102236930282778,2.825770094756395,0.003066003522483207,0.036442411232226135,0.009688767625174677,0.07671209934699341,0.05093083469427562,0.311677529834828,0.021954182988180193,0.02521422850302546,0.004727441526297227,175.37841999286212,0.2249218742927237,4.673568348103274,0.05852777702255363,0.0399278175933393,44.77768663394026,0.008441377101179093,0.024411760382507808,0.012593605824692489,0.009154504505561434,0.0017735943754484396,1.3053429879252363,1.1649359736972045,2.677148318637899,2.6727985290232983
0.010313134031952664,17.434846310599223,-0.002007423776626105,214.4079225716248,91.48728047698815,0.5184654482514466,51.148694495526314,0.9153304311568942,-0.00014783603349233232,0.3718622969957064,67.41908167801313,26.19037883789061,-0.001298453730250948,11.760722602724968,11.110083053295646,13.573250369015508,1.299718628029673,0.8863633035096488,0.2543768301351541,0.045861297707914694,20.253012530390752,0.01881494417458729,568.4544816642872,170.41368627254388,0.009609084125663081,0.009397301490752241,43.49660964628744,0.0017734947123040357,0.009960954164283109,0.006640787558477967,0.022199790332047442,0.010430156137106295,0.05736764843234887,0.6613922845138029,0.002964469471001152,0.0032782236597990178,0.011348096961961929,0.658493105175797,0.9154339266961591,0.153890752845097,0.1466501715345867,0.006177571182546693,0.006985230422419164,59.262757045496784,0.23092458299132002,6.155751049884415,1.17081023122625,1.0234617705801847,23.090514608908602,0.005906234050462089,0.002643489768434648,-0.0004450692784239152,0.017324021667596945,0.009959313112151591,1.1008310104158348,2.530481494544354,1.019575352088646,2.8284340858556973
0.015243930425326901,0.029694449164697545,0.00046731069339855935,2042.6257386027664,262.15157711280057,0.0015019983009230131,28.11325122111996,0.6619044424078666,-0.0012836697395766095,2.460920745450913,277.35886894440426,151.0446128689587,-0.0009286279012554743,0.17012635912894236,0.2744418538423252,2.6789459929092168,2.8681602962373542,0.2131335709083224,1.0647650644981184,0.012522193496531386,5.3042508410421245,0.01374152814005214,2725.974153612405,37.055879589671726,0.004807162739874471,0.011295939869731875,123.1478201482269,0.011897114784770402,0.013868333303324931,0.005746510776877045,0.015551399914826014,0.02336334145425578,0.04945721332818831,0.38729913612207767,0.014701457718313549,0.005131824124386952,0.01982337768595599,0.028800324026260427,0.017500310221767457,0.03884039425436914,0.07864552927108193,0.006449526651839399,0.004742270783271607,152.52899783630545,0.1719908628421738,9.769116788957868,0.5885806101171767,0.2874079606767701,8.877206140954922,0.09679015567812588,0.003472971475861897,0.015735432994624432,0.0033609007412911396,0.0062364923580453535,1.8440223266242448,3.6599232467326903,1.5945751897123657,3.9295657926947296
0.015743680218889722,23.11875527869652,0.004481464720157646,1033.4718712104511,675.3342532679176,0.017430043186831057,66.5110776022518,0.07368372283813329,0.003435826662796515,3.9195800336426867,49.25111417594556,0.47447606553551136,0.0001023483999276209,1.5852768523294554,0.11790005716033036,17.864520580590444,0.44771029923976613,0.2213389786676423,0.10027258073682521,0.020217635572563175,17.15598811805493,0.006770244258383684,83.19494341421493,154.39234276281024,0.011415283781521346,0.01842351105156048,318.2622661981669,0.05802508882451374,0.01603705287957702,0.0026878010001345487,-0.0023612954670921837,0.016638903413117134,0.008592598628685444,0.8997076403179038,0.0009297641305217041,0.00967384908010871,0.030405780210603695,0.4858685082668943,0.3232594368078612,0.4133740416072431,0.8459990330311093,-0.0032574216580272264,0.009182339642542559,20.053077384307848,2.2534777549074896,24.275602447242044,0.09336323184056194,0.05065746374025526,0.9586804264844879,0.012164664856716634,0.02386248400433022,0.015599119870803868,0.004865003566438375,0.027656889458203437,1.135185822769465,1.1382256238729767,1.3085422389778056,1.964135075839616
0.01086670490309416,7.022284916342938,0.0019506552896189078,2444.5160920654803,13.002978111856036,0.22692126859362105,9.181548608978785,0.024702258414328604,0.005271098794977114,0.8573359106630054,243.8920677200726,141.59373160317253,0.000506278505769231,1.6365683626585366,3.4802718486389406,9.676653185887774,0.05681166864930898,0.2056776976928525,0.05722888707301532,0.011159625109744553,7.508407682363936,-0.003966521836188619,2767.114977010771,17.761804111833854,0.05619527440397043,0.03423898593080921,2.8680301753758037,0.005914638169352671,0.01320088243057782,0.007363313477014799,0.08888821286000059,0.030841343858867276,0.030223690845824436,0.20624776925018296,0.0007315478534657416,0.04340949164567487,0.016109432975000004,0.05733969847256759,0.004121138901741261,0.9192588560147641,0.4520763390231286,0.028286489742997745,0.004319497056457067,198.97206059529643,0.19032510271908354,0.6966324988396684,0.08028629015345157,0.12083974044534962,0.48130984213596584,0.019719146023894574,0.004469703302776296,-0.0015337955692258376,0.0027577861005427806,0.003699741849809257,0.8698022857102892,0.28398670946624804,0.255655303432909,0.03125841744029856
-0.00045045568276602665,23.459724763680843,-0.0005498973068922552,1146.1643079921703,122.16889308160025,0.208209023566706,81.12755423506319,0.5388764581231884,0.012756802890468322,0.31847294389889047,89.81915058563246,66.99046657122524,0.01099193632604667,8.389621465348739,0.5445561851862397,14.489199586695605,2.132910022438085,0.4575367284817009,0.1379840032976638,0.02791690713477113,25.119051175443857,0.010622427186517847,945.6853627561151,141.5562386494694,-0.0033651096741555975,0.008977712112386627,56.55835159503831,0.004096217503650301,-0.0016583174762470065,0.002006993656767264,0.007753861252047578,0.022653906733084206,0.022257538256176268,0.9627050097361778,0.006512750986432003,0.045200337179382544,0.008773431843791535,0.02556445234025162,0.009244639929247178,0.2807641785767361,0.12553302989813364,0.011807311608013293,0.0018563487792508937,53.1351893865906,0.05576208420558171,4.9238513716221535,0.4387284389906485,0.0723450476949461,8.779136081332275,0.007808631645745301,0.01321897646507253,0.012280991583470069,0.0001744296952574942,0.0059807655702206475,0.27572673773383816,0.5487772318184927,0.948247509357552,1.6179375013887105
0.0045553932597171,4.236027116408829,0.034695572757911464,677.2631121293705,437.57156551167463,0.509192372843553,90.48596298044652,0.0998760056219874,0.002844137856241602,0.7660100487242971,12.526273443015649,21.959470019667478,-0.0012831651419764611,2.876915707714291,9.285091850167033,6.217846238194383,1.5173406320888105,0.026825584573070493,0.2286210290206352,0.03470422615853508,9.601725373583848,0.02233667363626335,244.38854182348797,97.62145851815211,0.041319405159740974,0.0037744318055414894,205.0138407316627,0.01799579287939501,0.003278811981308749,0.0037873907965568776,0.0020775263174890313,0.3100066832587993,0.019670620571276665,0.32572508814559686,-0.00023970306580611833,0.019724638389015503,0.04647012118628968,0.3812521593638216,0.44708547179856417,2.5460635668872715,1.7601606369826364,0.02390715010405131,0.07678098385394616,8.014621027894924,0.3232935631224292,14.80984145566586,0.045667019575899914,0.15172924073303573,40.848955292624034,0.01501447481136875,0.005343398837686308,0.006909795356738968,0.011426387319087183,0.04218099166799849,1.8729479516922396,0.9779738127312498,0.9397600040168257,0.06258339371795074
0.02037688975180796,27.698246783647317,0.0051169267305946065,2951.1477760336643,131.3957220702008,0.046998381094701,38.756661032714405,0.02201662742694488,-0.0014495197212971433,0.49708092655933367,237.13680401329313,147.76276627770972,-0.00035017515851709646,29.652322436739457,14.709816212571244,1.004103103469392,6.746859021007765,0.35003328536631617,0.10550007007712381,0.03560777127089754,23.274294863915422,0.025521615030334566,3124.4948600573425,3.177263642831363,-0.0005369532287167189,0.00014191619342973638,59.22993226494239,0.00880378489427791,0.019204466477561688,0.0010508773924007286,0.006525818664309568,0.10715263434185918,0.003988649851010884,3.6067883848323525,0.004068712687038456,0.009004989860411428,0.00930712728532157,0.04942315518217644,0.05027389533109883,0.518285990947339,0.81306379628142,0.03319698891312495,0.01668952690578074,220.38281160178482,0.2771659425178532,3.1225555357424533,0.01805463296168064,0.031356497968565655,40.70881506798055,0.005641980594488061,0.022511944439293607,0.02557091927844013,0.014389343087445106,0.034290155971420155,0.7675483669080156,1.1633712655683244,1.4083800347370623,2.004767061584566
0.05483579456335175,0.345788096785804,0.007367388902126848,2836.128139102229,359.99479548374376,0.0993249857195817,1.206285769794361,0.22419658156185474,0.01151455978648741,0.3316955180770531,296.85580598176745,162.86297474815427,-0.0035594700705612325,2.2605157408196277,10.759419743500313,1.6017818874199463,0.5765322130237189,0.64621049431826,0.29982290755444385,0.0214305768229206,0.04109805397741795,0.009707086305938084,3651.51523485082,53.1318998562121,0.09867449507677684,0.10275129105002989,173.27498659230332,-0.0017762153331881692,-0.0019252641318789898,0.002910362011771639,0.012430905213753007,0.01584232102465144,0.0041822753209155294,0.12595255562526741,0.014394476964638692,0.015571597019053307,0.007688971475254824,0.22241332508787437,0.09699103173500756,0.33070627706520916,0.23211421264847765,0.05178117594702236,-0.00019496145447917002,235.41769179382263,0.15996246522036817,21.08249289884708,0.01647985998168533,0.0682962676065646,27.000952193018744,0.036329216493570904,0.02724856430949618,0.025961445596761834,0.012813366753841038,0.012914397794395072,3.8973691533294037,0.39790345741826005,1.463636053249509,1.0265801155583807
0.003452352552827165,0.8327105592065625,0.001108385734381656,179.10166570440262,144.5250276647835,0.009069992923128822,11.324218128974195,0.06997533714665316,-0.00030733013458394964,3.3608485389835216,6.512604854022133,5.696236245224492,0.0006188441499563879,0.2994031249040914,14.917655297339973,0.2820134727436834,4.375688507948878,0.360808732750054,0.2076188059906361,0.02517583463187112,0.38231911556478604,0.03256311360036346,50.84295278693044,73.98576116581532,0.021377439606531823,0.003734421948270672,66.97208550577363,0.0033544592728222966,0.004817160937439446,0.002104788540111535,0.11637042855923863,0.14844155923137237,0.013851093364252165,1.2738103573804729,0.0034633096320861867,0.004320260293633638,0.02385509607957914,0.0075051936062440205,0.02876478700892271,0.06718329050654326,0.020143434117620984,0.00277986130260377,0.05257875663368328,15.722946709312911,0.770806881521783,4.633898595983503,0.07440662039007684,0.07285015665440575,15.810040242168668,0.025763487423434484,-0.0030355252105547237,0.002213283633428098,0.001015278973018674,0.008480410239758207,1.7968413985327096,1.1625320327574578,4.082669044183437,2.908090879788954
0.03617810315475278,32.349211083719645,0.004057110519082308,2734.233733087485,382.6577835043512,0.10535902256967411,54.18107114255445,0.5353266163532053,0.008232053593814292,5.117727481126461,204.16361706664176,142.00713329061554,-0.00222899162356871,8.38396407039686,0.17867464905777997,0.8022616385966925,0.5931769904028377,0.1494606045766007,0.025437825749392573,0.06036730958629466,27.6327827882654,0.030242066767683262,2490.702196475327,58.444678471710695,0.012520012442672979,0.044796457984779714,177.3449488838964,-0.0048147175580650625,0.016211930882015224,0.008975696163503244,0.0005288745190457078,0.014582586064294745,0.11034551608703147,0.14505621017264225,0.0006212241334839774,0.05704331229018589,0.013886366071132805,0.10396488319683961,0.2921397445926148,0.08716332680121042,0.11278318251355746,0.0091122923945397,0.022910179583123913,138.75320749840475,0.11501862986114197,9.10536983283296,0.5188705476579374,0.25239195576576634,21.68509820620199,0.03185772950681365,0.002640624059097263,0.0014898298823284861,0.007687810307311693,0.00243046541624814,0.38975793987475527,1.7223267519799288,0.31967913885934696,1.2018709413433948
0.0010778446650947515,13.410595196422165,0.007955095893447783,1289.3829444208,99.88327761172282,0.03394826153346475,25.232510781247115,0.4013696227377581,-0.001420160593402997,0.9514534723058583,47.356360601315124,34.74255165466895,-0.0010466195629454944,24.975727388646842,5.067431166210889,0.07286038938188444,2.1176176445500046,1.313923270022399,0.5111650330772797,0.013535135779478402,19.035788442444723,0.0010317548683120847,1187.8083849850677,131.69790652237205,0.03729774803294994,0.01445810145216253,42.680474346967365,0.010142483905915434,0.003863884204813317,0.002791700735759406,0.05211069101667665,0.13095760355874475,0.033132788631911936,0.4229857100402876,-0.0009086859103062395,0.014193438186105745,0.004389760739522686,0.10346616260953656,0.18032764952776503,0.2819271075194498,0.7919159125716826,0.007583776621102878,0.0037276338720433344,80.66142134326404,0.40456980559589883,0.7468867240963464,0.48664038279264776,0.28337617674446314,29.956146580414234,0.02680485404641164,0.002051258323692906,0.0014711884396909625,0.0016217777288281,-0.0020726338371224173,4.933589150430227,1.624353050065305,2.838391806459909,0.8802113681427493
0.00495719658336391,0.5438273773278173,0.01373737774644912,2058.4560563820455,378.2008396821059,0.311952173810214,16.46071998811227,0.8245415259563531,-0.0035946518884300005,2.672434938657549,105.86496581307787,86.87938075539043,0.003729249458156225,1.2807666636744095,0.10291755985637074,1.9194947165704157,3.0488722771078223,0.06501749892154862,0.24730405362164554,0.00589517939260098,2.2656434205590408,0.04007255274506072,1701.0437661626001,109.62356164181298,0.1461574035625519,0.10436356390489276,175.68260991558685,0.009924710938467918,0.0025027281782836752,0.011865594297330695,0.027911218241499114,0.012860488403122261,0.014690011678544224,1.3588371523417884,5.222041028751789e-05,0.0006820013218149512,0.006782918390685566,0.21067162729280842,0.21718258766118304,0.017541047178996294,0.10087130484606632,0.0028659667446575554,0.01090299794202565,115.07004003759124,0.47874320698945194,12.27822502075595,0.24932922712145977,0.7571812531721465,27.39113868436207,5.333057024614618e-05,0.001479729918800743,0.003219951329275439,0.02003961940630994,0.007753227248711525,0.10835342574098838,0.7067487237754406,1.1044832286834083,2.7418715707979757
0.04292129155235713,19.703737882098842,0.0031979415024414592,251.2218693843196,359.7258596027127,0.04019463575572946,80.09429635089202,0.1774131276812838,0.03938879703937204,0.9956216723023577,85.20442614268391,42.87632631178878,0.00048147642244078526,0.7318816530434304,10.195763584960359,3.9735951005901793,4.153865775565954,0.11033557943557692,0.11134018360489506,0.022113415469931397,25.625142934261703,0.042161905391250976,705.9268080211779,74.73380056570669,0.03621834367545684,0.028627771117512246,170.24444543127217,0.04849617761654912,0.05070674291845734,0.014297914466834705,0.09144107227037424,0.21360187899572836,0.018626366356520485,1.3609404914726362,0.0015266183713764647,0.08675380461674731,0.043756828421734006,0.22646637508941492,0.2698432593772928,0.471547715773176,0.39265584778736695,0.02359441176525401,0.00993349917547448,31.21137781281935,1.025233909889086,14.088634349622419,0.1376363615008378,0.0031883108518133696,39.48578286665919,0.0073034046920987805,0.006681321031400955,0.005616454968474294,0.006222501587604512,0.0004797079350034039,0.23907884805768198,0.2004713884200262,0.15090648270900786,0.12551653770330962
0.019271638145241354,3.733113926715543,0.005000371507591694,1257.4083240526902,112.33868955151773,0.014972504048611945,0.5257598838397222,1.466857707203415,0.0029616975590105454,3.066878994380561,77.01499029280443,45.761141037066544,0.0032441368733389098,15.224110786292309,3.6017903605046246,0.2662744734538993,0.3434037202830176,0.9512686161102453,0.15576461832790933,0.001471984522547487,0.18527243470885146,0.06783870019217808,1208.4994009153802,52.48813961011834,0.040022699048410715,0.01134434406958107,51.638561253102985,0.052860570551212405,0.010454140519669863,0.007349165786616041,0.016530443738199452,0.15737964256889025,0.02907970849767505,0.18039882296983478,-0.0007110047824605559,0.05721132605874768,0.03797227823018012,0.012625801854854402,0.0019176432060152848,0.048479508961617235,0.036618795460343634,0.02547266535416437,0.01059967746464352,76.93615299229249,2.4292599391776886,3.405666299031278,0.9026468408955513,0.015524923926611756,19.522148715228475,0.043256976642265244,0.0077646837146110315,0.006067999931345547,0.005144412658615316,0.018334466308670194,0.36079549529253985,0.37361908754201956,0.053011533348952256,0.2710482655975417
0.012090975784366798,10.24772156995532,0.0002420822255135846,59.34536007119827,104.76974192880992,0.6782482458676071,13.392585248756124,0.18984977661822455,0.008228472134781839,0.5724383618955731,61.42701113380872,25.70442792888726,0.011446122510969658,0.4996383980329995,19.383254527385162,0.9773246591256779,0.29613772978679886,0.31724997615663764,0.3983619284053317,0.04181578513881146,8.809689097665999,0.036837929235050026,243.99451008191562,9.071298289296458,0.01656527168244981,0.060746482666630186,48.11775869789249,0.031884406462430626,0.012161042574402536,0.010923792532596899,0.04048122068182103,0.0023390248009604875,0.036259880794659693,0.7381619815871945,7.394465820009799e-05,0.04345250275713841,0.014871104583703776,0.010207503933267859,0.013197783285661124,0.2177611785375806,0.3380506830525176,0.04116173402211132,0.022325859862434072,6.958463423456714,0.14348303306491061,4.06657620221318,0.6858021230253781,0.19339653286154146,7.9931775969715835,0.00537055369563344,0.008054822357780544,0.02547222874885957,0.0075383119983625235,0.004844926829636442,0.2426984634985887,0.5242810394103641,0.8163774528107384,1.338646191438003
0.006750908858220939,21.69174982515953,9.447604656021014e-05,1427.6190501780316,274.2767381132895,0.6055361061747178,117.9645207052627,0.01714439239042509,-0.0017619077770394398,0.591716422909137,163.25358126655343,97.94522608856079,-0.0007014587064748667,14.25154948246266,2.6574787732525538,6.136206705308999,0.2412682983643224,1.924099640254055,0.4333449416706783,0.014843340245995762,12.23366791603458,0.0667976645142474,1812.23985830338,171.487889152351,0.003207563173462269,0.01368125695465583,128.49907630229274,0.03523138572315876,0.009870948887366282,-0.0007340083085098925,0.0013881644512760971,0.0849191694997602,0.0029891190603290596,0.6991665076204763,0.0010095690340392593,0.0009217059223871615,-0.0006518344870727333,0.0044918040412422755,0.02201589101458712,0.6850964481208193,1.1307255880304767,0.011831237968031871,-0.0013754757017556685,140.50814233711534,0.14208970385544273,12.864697351947978,0.0423448086308964,0.20934663151990485,33.23055059535815,0.009419591529291615,0.011266184117983968,0.015229927214257089,-0.00044079468565350055,0.003831155911298012,0.18030689296071234,0.004350758657021281,0.28917712937821083,0.11236353735878701
0.02409058721650137,0.39866024134569145,0.00032595001052548866,1039.5208270379308,400.828939899268,0.004461173206716573,0.006917652223401127,0.03149205970828284,0.0006574668773247083,0.3042146430903676,14.236870069944501,0.5385631340627262,-4.4574933316887666e-05,3.9101356705973727,24.881578674859036,21.185375239275704,3.1439249911877853,0.10513835514826386,0.13545376611168614,0.011741601407212698,1.134489369791102,0.018009803355247378,668.2493739240765,55.5946071906211,0.06810552314529428,0.04611162413657066,185.63417565816977,0.014514314346858015,0.0011900132310822542,4.744822770241797e-06,0.2209440530642004,0.015421469348058991,0.01043170781784486,1.5925344894419373,0.018195452158980885,0.0026692653785955756,0.006840298690383051,0.1968878754828305,0.23808082632128347,0.11270831947165583,0.04204274170967981,0.01795999272068638,0.0011664803115234434,17.433959925667743,0.529823650322025,11.637888127725752,0.09218888200903574,0.4432178272505274,24.949022105828373,0.00297491796462257,0.05226985561117026,0.008434018938782373,0.005824709076723167,0.005255938658751624,0.37057175748503024,0.7863945332730005,0.08888169928895984,0.06987171964843508
0.006460480116775358,27.90562232117675,0.0026523889607981133,1674.8015278323962,353.6018457508979,0.09540995779955619,77.41643645743514,0.10172333664239464,0.006021375047970956,0.26693413275446254,252.02784956241197,132.07967980219706,-0.0003886140777540348,5.5665519952665194,3.7700001277640327,0.6774021279006526,7.334994138500691,0.14425600419628903,0.3029441621482727,0.027401553580649107,20.399199837777864,0.0018171819042853699,2450.264173014047,86.76667822322028,0.009870436266829152,0.06222968473870605,160.36373932453705,0.04722659494233383,0.011000027611299146,0.03200115303736606,0.08259182663450915,0.2927274899990602,0.01009986599039614,2.458069125773423,-0.0006125612476486353,0.08689081251156772,0.03751201073949684,0.0709981307729528,0.018693946572474474,0.3307457133657472,0.32230677564074295,0.005196840687562876,0.003616120532735856,126.40092510618265,0.8614342326232522,4.925985024102652,0.5251645217665777,0.05241334144294196,34.077762449578664,0.01975220858525617,0.0032589729663889955,0.007163645689659326,0.0028095397562806212,0.008850966981340136,0.44021991215304634,1.6863477463855387,0.7764935444099645,2.438293665590737
0.0061889261638619075,0.1490743626675899,0.009260705643654,1569.844818537399,202.60041869307545,0.052868510029965954,24.579598765747562,1.022846286175656,0.009354005420485478,4.350297775229315,121.18025541876095,72.43205897752087,-0.0024744803973115737,8.279582498044432,14.472001338843038,0.14234836860797095,0.10847111401763598,0.37828356406963337,0.1411933309054234,0.007887773194899417,0.43532010840759217,-0.0010301991042762637,1514.7316173447007,35.53857768592272,0.07807365964089907,0.11958342338781502,92.99501087308722,0.010497611450064781,0.012119533024836038,0.007781396222203085,0.04076383905111136,0.006478223012412521,0.02979615932499957,0.178922117382597,0.0008402128471836079,0.012090521372272178,0.003528792739468045,0.11200607525749007,0.1015901464879736,1.585731993833214,0.6998210798078324,0.011336633930489448,0.004307015192584807,109.47040627362544,0.2500101244320936,4.7849094751564145,0.5018955753814751,-0.003624917149677387,45.03191600397942,0.00039704423284980805,0.001566060489172294,0.002879934267578932,-0.0010924628079962417,0.0036850375902375276,0.1604244257856342,0.5064593743981778,0.45137501794726553,0.22866122610462458
0.006011462537775181,9.685071426788848,0.0011119146809193126,1633.0788418678355,104.47759323245265,0.07313236034613357,3.365500981614395,0.25215977310765414,0.012685256461876904,2.814497159493956,123.32963450299306,79.2966390032912,-0.00026019539116628465,2.1094183258005375,8.125063061869326,1.127149648611776,0.1264089255184926,0.15682054092687547,0.04225183221293172,0.012800702420214805,12.3262004752372,0.087433828757014,1681.795961302829,7.481888706871458,0.06713156924545505,0.10078287247361306,44.98464740130707,0.014492474600244165,0.0074438915031800335,0.011411307165455575,0.015430112780742355,0.020852461714540915,0.009160460242900292,1.398382179135882,0.001860922198657633,0.05503621257970792,0.02030898266950576,0.2538639063022119,0.21019940573878948,0.05871231463192572,0.03943237229076679,0.00045313567945282074,0.012499961233007006,106.76779783051751,0.003615608209636356,0.41661230669838023,0.07783130717274478,0.10626062148982207,8.014474216565585,0.026145747091438132,0.007179123904492712,-0.0020141405478772967,0.01088883680882713,0.008905467102920284,1.4779567090884287,1.1867069522751512,0.1871362579089899,0.11360842847324015
0.010551543937178387,4.2412466514102265,0.0013706951418201996,2150.6350864821366,254.3560852528575,0.324716917588705,38.01264889906092,0.057718174095358954,0.019725130062039575,0.26895599522635205,186.05486990885422,113.06015218349201,0.005471186748918555,20.177928144018,1.6220342088948927,21.966942297974878,5.378884489859453,0.10745575549078978,0.41902320691611106,0.011308166949896226,3.3243799607773186,0.002181108057194514,2131.29674790356,33.25681550244361,0.017211538299105378,0.027747435522177177,112.09394557535452,0.005716926209200501,0.003937346051664292,0.0030754045072010072,0.09747025814741317,0.01228072326003904,0.002871479487829731,3.1510758138771235,0.004185206780270789,0.02134176167159829,0.01797995358443405,0.045683152949936634,0.23789655369131246,2.2143154942031513,3.1323405451995905,0.010284205480149744,-0.0009584988121478233,172.3870247458138,0.8726929031874961,1.561795411274736,0.038411934214487964,0.02503309974487955,18.36045114866057,0.2905563381498597,0.012954325112320753,0.0026875821769891672,-0.0015243004707690133,-0.0026671777216620285,0.05241304320472118,0.06682717519317816,0.14904702357860877,0.061268283171697746
0.002316400586660272,0.539830090132134,0.00983592090379215,292.6314844836963,555.2136212681513,0.4162019952529974,8.602522401171868,0.10573788018466956,0.001879075927539553,0.06754199166992247,23.326497374827852,2.166175322178627,0.002243937968583687,2.0304712233513262,14.97182932613483,0.901985859280197,5.443279186750439,0.1079602493337477,0.11101920129704013,0.015047489954120863,4.3410806119202325,0.008902299096070543,439.361470332106,16.34210067789711,0.00032635990941454196,0.007983572881997247,258.05633466140466,0.0012224906987601258,0.01648110407179626,0.013963168747717525,0.17136291085222677,0.03327763762046487,0.024953086347522913,1.8301267247002295,0.0002684500338165918,0.0030498941853380757,0.022641165729945456,0.014489816101570518,0.005073357958147895,1.5640511475352978,1.9797353178138488,0.046082649146292454,0.014407723180520193,28.797103514567244,0.8117818425523895,12.564179958341608,0.1437108499589801,0.025734239496506994,0.1741947594533917,0.01642321858626783,0.01092811332140542,0.003366040221516542,0.010355927172777335,0.012610198639423587,2.5674595062316508,2.922468914915444,0.765831522998413,1.0665488194851225
0.003051885361715634,5.459812954115225,0.014488341767873614,123.35307583635314,646.1109990232658,0.046971808255023895,26.7700246469545,0.13043612829314455,0.007155908494779872,0.4444937579094024,163.2540522736473,75.7891335152875,0.0002334304979196844,1.9229211811062328,13.332040591015822,13.694538611668065,0.012963611995963298,0.3640508405712799,0.5084471920644624,0.006985419704635731,4.714139062165543,0.031212169060220063,1073.0043067151305,27.621436421869166,0.021089369312101702,0.010666577122888654,306.8461185809028,0.0417049741556248,0.01657236140770557,-0.000503551378598921,0.028845469812720737,0.03258849980410705,0.012107486051956329,0.024250637953563192,0.01484726762657207,0.005555602769937273,0.0052138180817058455,0.08879347211232247,0.13081998885863122,0.604371893015081,0.9361730902718062,0.005500149709005697,0.007920716699379327,76.98926130242809,1.511954076756691,32.20692593796177,0.09860785430814012,0.17282263836866374,11.452106464210214,0.07854700881713317,-0.004381207919658792,0.005523986033515449,0.006827377576739124,0.012058123718865055,0.25261049364279753,0.17041806772784618,0.84157991931753,0.1620881347053862
0.0008339210121972584,11.575460599448636,0.010052081075431651,630.8281279940398,10.972700730494811,0.5599992657485089,37.85236649850656,0.43188504013486995,0.014335214674846775,5.524673912957923,40.170411104410235,35.36520835920337,-0.00160955249063921,21.092276342165707,0.1264899402023234,1.7873666882554646,2.0877358816833285,0.36875262115515284,0.019309634928554864,0.00433143184211815,3.4453861645450354,0.018458682552048522,627.7707570893839,30.031094035856636,-3.328344404174288e-05,0.008324294669511012,4.973286646066076,0.02853528045199738,0.003722235041799138,0.0030672877594026815,0.017049880336652556,0.05800107586488057,0.11592367332237785,0.991438685611743,0.009436166104121568,0.014811036380351084,0.014200276457896344,0.21847223333865706,0.12843100291990162,0.37372354909307237,0.4117688321293711,-0.0020744677173114567,0.009257197879033008,13.22712817325003,3.2137332025161465,1.478613946891401,0.586866462988719,0.5364236551856889,19.199825444431816,0.003220095195111128,0.03099795420349505,0.03277340544192775,0.001547181525151764,0.011884146605495971,0.41824054852539394,0.6955328819606672,0.18016400486063855,0.2648189564663328
0.013697330193688018,58.06327763472764,0.0007764703377803883,3562.538236263413,139.842811602316,0.11589443903687524,50.5614642449386,1.0543929845535347,0.010070196423031419,0.4992765158339658,371.6404866443221,219.85484385119156,0.009109928316120453,1.0436481077573463,21.0996696315408,4.570380115418947,1.8810261014501233,1.858455560164085,0.8464985111513519,0.022635137768766356,53.28663359038229,0.013541283889717093,4196.499164589316,12.498091539128916,0.0006247223727333662,0.027740283975534297,62.144485841292465,0.022337440280401744,0.011437390577554218,0.006686382516953415,0.09650184733842693,0.039887183388692016,0.0030654817179556204,0.3558914649725837,0.0041193449789478365,0.006881833676374072,0.001995679213222523,0.08299848101105933,0.00899171935234655,2.8130617688860795,3.017653060404472,0.009334403426422,0.003258029077383817,278.56843425013614,0.10662251717271332,0.35026533572896756,0.6581681241199648,-9.146738291665457e-05,41.37203278242357,0.04049160913794836,0.0001310813620243323,0.0007386324093623386,0.004670873068201686,0.004919496540782831,0.10681020712116585,0.28995903339099005,0.26204580113760745,0.05531325755244332
0.009740316917452141,10.844230314729575,-0.0026991027764404762,1267.7707478939224,332.7962458311856,0.11401229532024271,6.55111757376536,0.4859292031190581,0.005702245573584008,0.7926211079299073,53.03591136587008,44.575617989647995,-0.00036492898906281823,11.81525659237645,24.575684044494974,2.1131477578842297,3.879912514970563,1.4569012703819197,0.0378467014495536,0.07593586703026567,8.392800771985875,0.09266075420694442,902.6161197328004,48.34085164919391,0.0029251756819608232,0.019389784301585777,153.4432618571644,0.024219092912267648,0.018115369430723227,0.027004901757636368,0.12686047156881664,0.019962840747554722,0.006005425356269356,2.3094277724089096,0.012646881659863496,0.012772810306584503,0.003995485237636487,-0.0010123546794442717,0.05925285737749597,0.03196444999595016,0.2731031799875714,0.009556034227549581,0.005009400818597243,40.24083659658149,0.021980117575920666,9.247044554775314,0.7049475981034714,0.2125038740034917,10.319626507228126,-0.003993119374924525,0.008911682693936385,-0.0015375815979261631,0.029964799030502753,0.020865674487954067,4.8954671563907155,2.255505111794589,2.0577025571622443,0.7666071285565996
0.004586828869030057,13.8422855653973,-0.0020460158278376994,1060.3275100062074,126.66540262840635,0.007712196904003932,24.7801906297354,0.262875845145512,0.003681878647831205,0.06510190443456221,106.151852211686,57.102783542328844,0.006786935970584551,5.491752431081059,21.170100711768853,8.628850264479897,0.05577853459597293,0.25425525128526427,0.10080980691071506,0.003371799511869611,14.227425979458717,0.0291200595694594,1345.7386340480755,13.289443269911638,0.07949968759939186,0.07112677334560402,55.22728414206653,-0.006815011039364549,0.01710385684059812,-0.0012192708538449892,0.08477723307151308,0.01809149838156543,-0.0009376118483652718,0.014027542794832648,0.0028522782062339047,0.005295277863999637,0.021034843709208495,0.012104454023476485,0.014439636457909799,0.3195366635953425,0.33605457909566283,0.02322602999776535,0.01655920597989269,61.439559251833124,0.05517858142880527,0.3453682831002274,0.025360726221632213,0.07942910199367148,14.896453691302744,0.019372466966906643,0.0009148058366683642,0.013151328040184929,0.0207199770411437,0.005624048152133021,2.113414860490039,1.9806500564223342,0.8143567629778063,0.7692164512245272
