Date,AUC_wet,WD,VPD,h*Pr,uzonal,vmerid,buoy_TsTa,VPD*WS,u*VPD,SR*HODsin,VPD*WS*d1sin,h*v,F_CH4_F
4/16/12 15:30,0.0,76.6,7.074,-302.988,-2.5,-0.59,0.0266,18.14,-17.65,-243.4397,-14.3952,1.78,0.152328
4/16/12 16:00,0.0,80.3,6.333,-303.015,-2.83,-0.48,0.0043,18.21,-17.95,-172.2602,-15.7735,1.45,0.12441851
4/16/12 16:30,0.0,73.7,6.402,-303.039,-2.76,-0.81,-0.0075,18.39,-17.65,-179.8618,-16.9929,2.42,0.09065824
4/16/12 17:00,0.0,89.3,5.901,-303.066,-2.89,-0.04,-0.0194,17.08,-17.08,-92.7144,-16.4956,0.11,-0.005136166
4/16/12 17:30,0.0,83.1,5.297,-303.09,-2.62,-0.32,-0.0232,13.97,-13.87,-37.088,-13.8487,0.95,0.24827156
4/16/12 18:00,0.0,78.7,4.784,-303.117,-2.54,-0.51,-0.0286,12.41,-12.17,-10.619,-12.4097,1.52,0.27296716
4/16/12 18:30,0.0,90.8,4.585,-303.141,-2.52,0.04,-0.0352,11.57,-11.57,-0.8249,-11.4735,-0.11,0.25748625
4/16/12 19:00,0.0,83.7,4.333,-303.198,-2.2,-0.24,-0.0394,9.58,-9.52,0.0,-9.2496,0.73,0.25743432
4/16/12 19:30,0.0,88.6,4.161,-303.255,-2.04,-0.05,-0.0436,8.48,-8.47,0.0,-7.8308,0.15,0.25743432
4/16/12 20:00,0.0,83.9,3.927,-303.312,-1.63,-0.17,-0.0436,6.46,-6.42,0.0,-5.591,0.52,0.26015776
4/16/12 20:30,0.0,79.6,3.662,-303.369,-1.01,-0.18,-0.04,3.75,-3.68,0.0,-2.9721,0.55,0.2513412
4/16/12 21:00,0.0,85.4,3.335,-303.426,-1.2,-0.1,-0.0362,4.03,-4.01,0.0,-2.8463,0.29,0.24565775
4/16/12 21:30,0.0,84.2,3.42,-303.48,-0.97,-0.1,-0.0423,3.35,-3.33,0.0,-2.0382,0.3,0.25233941
4/16/12 22:00,0.0,68.8,2.99,-293.3031,-0.63,-0.24,-0.0448,2.02,-1.88,0.0,-1.0091,0.71,0.2828454
4/16/12 22:30,0.0,100.1,2.837,-293.2422,-0.44,0.08,-0.0402,1.28,-1.26,0.0,-0.4896,-0.23,0.2828454
4/16/12 23:00,0.0,100.2,2.372,-293.1813,-0.17,0.03,-0.032,0.42,-0.41,0.0,-0.108,-0.09,0.25735931
4/16/12 23:30,0.0,73.6,2.202,-293.1175,-0.25,-0.07,-0.0273,0.58,-0.56,0.0,-0.0759,0.22,0.25564562
4/17/12 0:00,0.0,61.7,1.926,-293.0566,-0.41,-0.22,-0.0186,0.89,-0.78,0.0,0.0,0.63,0.25564562
4/17/12 0:30,0.0,37.6,2.304,-292.9957,-0.32,-0.42,-0.026,1.22,-0.75,0.0,0.1597,1.22,0.28181257
4/17/12 1:00,0.0,70.3,2.391,-292.9725,-0.21,-0.07,-0.0257,0.52,-0.49,0.0,0.1355,0.21,0.2828454
4/17/12 1:30,0.0,104.7,2.681,-292.9493,-0.51,0.13,-0.031,1.42,-1.37,0.0,0.5438,-0.39,0.29067529
4/17/12 2:00,0.0,319.6,2.356,-292.9261,0.2,-0.23,-0.0231,0.73,0.47,0.0,0.3628,0.68,0.2828454
4/17/12 2:30,0.0,23.9,1.785,-292.9058,-0.18,-0.4,-0.0158,0.79,-0.32,0.0,0.4781,1.17,0.27431734
4/17/12 3:00,0.0,122.1,2.266,-292.8826,-0.59,0.37,-0.0321,1.57,-1.33,0.0,1.1104,-1.07,0.28181257
4/17/12 3:30,0.0,65.5,2.562,-292.8594,-0.55,-0.25,-0.0325,1.53,-1.4,0.0,1.2175,0.72,0.2828454
4/17/12 4:00,0.0,5.2,2.082,-292.8739,-0.05,-0.53,-0.0271,1.11,-0.1,0.0,0.961,1.54,0.27431734
4/17/12 4:30,0.0,105.5,1.927,-292.8855,-0.8,0.22,-0.0282,1.6,-1.54,0.0,1.4794,-0.64,0.26200416
4/17/12 5:00,0.0,66.5,2.126,-292.9,-1.24,-0.54,-0.031,2.87,-2.63,0.0,2.7703,1.56,0.26200416
4/17/12 5:30,0.0,76.0,2.286,-292.9145,-0.26,-0.06,-0.0335,0.61,-0.59,2.0731,0.6029,0.19,0.26200416
4/17/12 6:00,0.0,319.0,1.73,-292.9261,0.63,-0.73,-0.0182,1.67,1.1,14.662,1.6695,2.11,0.25135851
4/17/12 6:30,0.0,339.8,1.434,-292.9406,0.27,-0.74,-0.0031,1.14,0.39,30.3888,1.126,2.16,0.022292395
4/17/12 7:00,0.0,2.0,1.75,-292.9754,-0.02,-0.55,0.0079,0.97,-0.03,53.9547,0.9365,1.61,0.07505616
4/17/12 7:30,0.0,344.4,2.095,-293.0102,0.22,-0.8,0.0118,1.73,0.47,63.8909,1.6007,2.31,0.06027342
4/17/12 8:00,0.0,353.2,2.68,-293.0479,0.08,-0.69,0.0085,1.86,0.22,63.5403,1.6107,2.0,0.11216303
4/17/12 8:30,0.0,5.7,3.298,-303.189,-0.04,-0.4,0.0381,1.31,-0.13,150.1564,1.0414,1.19,0.16077528
4/17/12 9:00,0.0,38.5,4.092,-303.225,-0.31,-0.4,0.0874,2.07,-1.29,244.7707,1.4641,1.19,0.13695095
4/17/12 9:30,0.0,72.9,4.938,-303.261,-0.33,-0.1,0.1975,1.69,-1.61,333.6804,1.0281,0.3,-0.06053307
4/17/12 10:00,0.0,34.7,5.809,-303.192,-0.06,-0.08,0.2104,0.57,-0.32,275.1755,0.2846,0.24,-1.9905923
4/17/12 10:30,0.0,149.9,6.655,-303.126,-0.47,0.82,0.2497,6.3,-3.16,293.4363,2.4118,-2.46,-0.15922315
4/17/12 11:00,0.0,187.3,6.977,-303.057,0.16,1.23,0.1787,8.64,1.1,130.7991,2.2374,-3.69,-0.41583813
4/17/12 11:30,0.0,193.7,7.408,-302.988,0.31,1.28,0.2351,9.73,2.31,91.8278,1.2706,-3.83,0.11554425
4/17/12 12:00,0.0,198.1,8.07,-302.919,0.29,0.9,0.2519,7.65,2.38,0.0,0.0,-2.7,0.3875709
4/17/12 12:30,0.0,258.7,8.871,-302.85,0.51,0.1,0.2292,4.64,4.55,-73.8982,-0.6056,-0.31,-0.37382099
4/17/12 13:00,0.0,93.5,9.108,-312.9109,-0.67,0.04,0.2645,6.1,-6.09,-195.2779,-1.5794,-0.13,0.0628353
4/17/12 13:30,0.0,126.4,9.276,-302.781,-2.5,1.84,0.0945,28.83,-23.2,-177.2896,-11.0327,-5.53,0.06893996
4/17/12 14:00,0.0,134.8,8.675,-302.748,-2.74,2.73,0.091,33.55,-23.81,-291.467,-16.7775,-8.18,-0.16863979
4/17/12 14:30,0.0,126.8,8.431,-302.712,-2.88,2.16,0.0398,30.34,-24.3,-223.9085,-18.4718,-6.47,0.05055097
4/17/12 15:00,0.0,143.8,9.279,-302.676,-1.86,2.53,0.0287,29.15,-17.21,-325.6934,-20.6089,-7.6,-0.13943205
4/17/12 15:30,0.0,143.9,9.823,-302.643,-1.52,2.08,0.0236,25.32,-14.92,-330.8355,-20.0906,-6.25,0.07521772
4/17/12 16:00,0.0,170.9,10.056,-302.712,-0.34,2.13,0.0252,21.73,-3.44,-336.4006,-18.8196,-6.4,-0.019330654
4/17/12 16:30,0.0,167.9,9.148,-302.781,-0.49,2.3,-0.0254,21.5,-4.51,-71.9573,-19.8614,-6.89,-0.26967249
4/17/12 17:00,0.0,46.5,7.259,-292.755,-0.46,-0.43,-0.0281,4.57,-3.32,-6.2437,-4.4173,1.26,0.35857088
4/17/12 17:30,0.0,,2.215,-252.4325,,,-0.1322,2.04,,-0.8308,-2.027,,0.26200416
4/17/12 18:00,0.0,,1.742,-242.3904,,,-0.0572,1.57,,-0.568,-1.573,,0.26359668
4/17/12 18:30,0.0,,1.52,-252.5475,,,-0.0212,1.34,,-0.1358,-1.3307,,0.26359668
4/17/12 19:00,0.0,,1.652,-262.7196,,,-0.0248,1.43,,0.0,-1.3787,,0.26200416
4/17/12 19:30,0.0,84.0,2.36,-262.7924,-1.9,-0.2,-0.0391,4.52,-4.49,0.0,-4.1732,0.52,0.2828454
4/17/12 20:00,0.0,75.9,2.177,-262.8626,-0.82,-0.21,-0.0451,1.84,-1.79,0.0,-1.595,0.54,0.25564562
4/17/12 20:30,0.0,225.1,1.681,-262.9328,0.65,0.64,-0.0484,1.53,1.09,0.0,-1.2163,-1.67,0.26200416
4/17/12 21:00,0.0,330.8,1.201,-263.003,0.63,-1.13,-0.0357,1.55,0.76,0.0,-1.0981,2.93,0.25221824
4/17/12 21:30,0.0,333.2,1.196,-263.0758,0.56,-1.11,-0.0353,1.48,0.67,0.0,-0.9021,2.88,0.25221824
4/17/12 22:00,0.0,339.1,1.127,-253.0175,0.46,-1.21,-0.037,1.46,0.52,0.0,-0.7292,3.02,0.06767056
4/17/12 22:30,0.0,353.5,1.152,-253.0775,0.12,-1.06,-0.0398,1.23,0.14,0.0,-0.4699,2.65,0.25221824
4/17/12 23:00,0.0,320.1,1.2,-253.1375,0.21,-0.25,-0.0428,0.39,0.25,0.0,-0.1022,0.63,0.25221824
4/17/12 23:30,0.0,165.8,1.249,-253.2,-0.07,0.26,-0.0572,0.34,-0.08,0.0,-0.0439,-0.65,0.25221824
4/18/12 0:00,0.0,223.8,0.919,-253.26,0.38,0.4,-0.0468,0.51,0.35,0.0,0.0,-1.0,0.26037702
4/18/12 0:30,0.0,5.8,0.765,-253.32,-0.02,-0.21,-0.0291,0.16,-0.02,0.0,0.021,0.52,0.27671766
4/18/12 1:00,0.0,295.4,0.726,-253.32,0.27,-0.13,-0.021,0.22,0.2,0.0,0.0567,0.32,0.28749602
4/18/12 1:30,0.0,343.1,0.712,-253.3225,0.13,-0.41,-0.0241,0.31,0.09,0.0,0.1174,1.03,0.29495663
4/18/12 2:00,0.0,47.8,0.709,-253.3225,-0.26,-0.23,-0.0333,0.25,-0.18,0.0,0.1237,0.59,0.29846479
4/18/12 2:30,0.0,40.0,0.724,-253.3225,-0.21,-0.25,-0.0492,0.24,-0.15,0.0,0.1459,0.63,0.28774413
4/18/12 3:00,0.0,21.8,0.702,-253.3225,-0.06,-0.16,-0.0392,0.12,-0.04,0.0,0.0839,0.39,0.30354239
4/18/12 3:30,0.0,,0.7,-253.3225,,,-0.0434,1.23,,0.0,0.9752,,0.31598828
4/18/12 4:00,0.0,345.8,0.697,-253.3775,0.11,-0.43,-0.0417,0.31,0.08,0.0,0.2668,1.07,0.31598828
4/18/12 4:30,0.0,1.8,0.706,-243.2928,-0.02,-0.64,-0.0423,0.45,-0.01,0.0,0.4174,1.54,0.30354239
4/18/12 5:00,0.0,328.9,0.685,-243.3432,0.38,-0.63,-0.0356,0.5,0.26,0.0,0.4863,1.51,0.31598828
4/18/12 5:30,0.0,,0.677,-243.396,,,-0.0291,1.25,,13.4688,1.235,,0.29919181
4/18/12 6:00,0.0,16.9,0.671,-243.4464,-0.18,-0.61,0.0143,0.42,-0.12,71.761,0.4247,1.45,0.09143719
4/18/12 6:30,0.0,347.8,0.694,-243.4968,0.15,-0.69,0.0871,0.49,0.1,163.059,0.4892,1.67,0.15043544
4/18/12 7:00,0.0,321.1,0.867,-243.5424,0.57,-0.7,0.093,0.78,0.49,260.7333,0.7554,1.68,0.0794529
4/18/12 7:30,0.0,291.9,1.215,-243.588,0.3,-0.12,0.1619,0.39,0.36,356.3246,0.357,0.28,0.50199
4/18/12 8:00,0.0,199.3,1.824,-243.6312,0.01,0.02,0.28,0.04,0.01,424.5308,0.0316,-0.05,-0.01045524
4/18/12 8:30,0.0,310.4,2.424,-253.83,0.57,-0.48,0.3096,1.8,1.37,463.27,1.4289,1.2,0.40631186
4/18/12 9:00,0.0,33.6,3.895,-264.03,-0.66,-1.0,0.2689,4.68,-2.59,432.0281,3.3078,2.6,0.15984054
4/18/12 9:30,0.0,65.0,5.493,-264.0794,-2.43,-1.13,0.1494,14.7,-13.32,352.5118,8.9483,2.94,-0.53444625
4/18/12 10:00,0.0,65.1,6.041,-274.2039,-2.36,-1.1,0.0555,15.74,-14.28,162.2355,7.8714,2.96,0.055514324
4/18/12 10:30,0.0,96.9,6.554,-284.326,-2.69,0.33,0.1219,17.78,-17.65,270.2763,6.8045,-0.91,-0.012190856
4/18/12 11:00,0.0,78.9,7.362,-294.4457,-2.75,-0.54,0.1246,20.67,-20.28,174.4526,5.3485,1.57,-0.31658836
4/18/12 11:30,0.0,92.7,7.886,-294.4109,-3.01,0.14,0.0915,23.77,-23.74,82.1191,3.1024,-0.41,-0.39252156
4/18/12 12:00,0.0,87.6,8.069,-304.527,-3.09,-0.13,0.0767,24.94,-24.92,0.0,0.0,0.39,-0.48967105
4/18/12 12:30,0.0,87.5,8.421,-304.491,-2.54,-0.11,0.0315,21.44,-21.42,-58.515,-2.7985,0.33,-0.08470937
4/18/12 13:00,0.0,86.4,9.554,-304.473,-2.83,-0.18,0.1121,27.09,-27.03,-206.02,-7.0103,0.53,-0.10790477
4/18/12 13:30,0.0,96.0,9.978,-304.455,-3.13,0.33,0.1233,31.42,-31.25,-342.7144,-12.0242,-0.99,-0.16276016
4/18/12 14:00,0.0,108.9,10.15,-304.437,-3.53,1.21,0.085,37.85,-35.81,-393.0105,-18.9247,-3.62,-0.15585924
4/18/12 14:30,0.0,109.1,10.091,-304.419,-3.73,1.29,0.0254,39.82,-37.63,-455.5392,-24.2403,-3.87,-0.181755
4/18/12 15:00,0.0,100.3,10.098,-304.401,-4.31,0.78,0.028,44.22,-43.51,-471.3404,-31.2677,-2.35,-0.006696662
4/18/12 15:30,0.0,92.9,9.8,-304.383,-3.86,0.2,0.0137,37.88,-37.83,-449.9654,-30.0498,-0.59,0.022550891
4/18/12 16:00,0.0,100.7,9.341,-304.47,-4.6,0.87,-0.0062,43.73,-42.97,-405.9503,-37.8752,-2.61,0.037884089
4/18/12 16:30,0.0,90.0,8.661,-304.554,-4.12,0.0,-0.0276,35.65,-35.65,-332.7269,-32.9351,0.0,-0.053399042
4/18/12 17:00,0.0,79.0,8.09,-304.638,-4.31,-0.84,-0.0497,35.48,-34.83,-236.2365,-34.2737,2.51,0.12755739
4/18/12 17:30,0.0,77.2,7.094,-304.722,-3.92,-0.89,-0.0597,28.5,-27.79,-134.1385,-28.2528,2.67,0.19213523
4/18/12 18:00,0.0,81.3,6.316,-304.809,-4.06,-0.62,-0.0733,25.94,-25.64,-37.822,-25.9398,1.86,0.24827156
4/18/12 18:30,0.0,74.6,5.693,-294.7299,-3.71,-1.02,-0.0766,21.9,-21.11,-3.2182,-21.7136,2.96,0.25019297
4/18/12 19:00,0.0,78.5,4.774,-294.8343,-3.66,-0.74,-0.0664,17.83,-17.47,0.0,-17.2187,2.16,0.25322222
4/18/12 19:30,0.0,73.0,4.573,-294.9387,-3.16,-0.97,-0.0599,15.13,-14.47,0.0,-13.9802,2.81,0.2815183
4/18/12 20:00,0.0,73.4,5.233,-295.0431,-3.13,-0.93,-0.0651,17.07,-16.36,0.0,-14.7831,2.7,-0.000815416
4/18/12 20:30,0.0,65.9,5.714,-295.1475,-3.67,-1.64,-0.0748,22.95,-20.95,0.0,-18.2054,4.76,0.29067529
4/18/12 21:00,0.0,65.3,5.953,-295.2519,-3.81,-1.75,-0.082,24.97,-22.68,0.0,-17.6543,5.08,0.29067529
4/18/12 21:30,0.0,58.4,5.488,-295.3563,-3.63,-2.23,-0.075,23.4,-19.93,0.0,-14.2455,6.48,0.13802417
4/18/12 22:00,0.0,54.9,5.079,-295.3911,-2.4,-1.69,-0.0688,14.9,-12.19,0.0,-7.4484,4.89,0.27554058
4/18/12 22:30,0.0,70.9,4.799,-295.4288,-1.53,-0.53,-0.0608,7.77,-7.34,0.0,-2.9733,1.54,0.25735931
4/18/12 23:00,0.0,58.3,4.3,-295.4636,-2.07,-1.28,-0.0502,10.48,-8.92,0.0,-2.7133,3.72,-0.08165704
4/18/12 23:30,0.0,61.3,4.101,-295.4984,-2.71,-1.48,-0.0483,12.66,-11.1,0.0,-1.6519,4.3,0.26353321
4/19/12 0:00,0.0,55.1,3.848,-295.5332,-2.58,-1.8,-0.0458,12.11,-9.93,0.0,0.0,5.22,0.26353321
4/19/12 0:30,0.0,70.8,3.365,-295.568,-2.17,-0.75,-0.0379,7.72,-7.29,0.0,1.0076,2.19,0.023667386
4/19/12 1:00,0.0,55.1,3.105,-295.5593,-2.12,-1.48,-0.0334,8.02,-6.58,0.0,2.0758,4.29,0.12704963
4/19/12 1:30,0.0,53.5,3.132,-295.5535,-1.89,-1.39,-0.0337,7.34,-5.9,0.0,2.8106,4.05,0.26505649
4/19/12 2:00,0.0,45.3,3.449,-295.5448,-1.14,-1.13,-0.0378,5.52,-3.92,0.0,2.7592,3.26,-0.042659918
4/19/12 2:30,0.0,19.4,3.275,-295.539,-0.33,-0.93,-0.0304,3.24,-1.08,0.0,1.9718,2.71,0.26561618
4/19/12 3:00,0.0,58.2,3.388,-295.5303,-0.6,-0.37,-0.0331,2.38,-2.02,0.0,1.6818,1.07,0.26505649
4/19/12 3:30,0.0,48.4,3.866,-295.5216,-0.86,-0.76,-0.0414,4.44,-3.32,0.0,3.5241,2.21,0.25735931
4/19/12 4:00,0.0,27.5,4.023,-295.5767,-0.39,-0.75,-0.0409,3.38,-1.56,0.0,2.9266,2.16,0.25735931
4/19/12 4:30,0.0,12.7,3.504,-295.6318,-0.12,-0.54,-0.0249,1.93,-0.42,0.0,1.7837,1.56,0.26561618
4/19/12 5:00,0.0,43.6,3.553,-295.6869,-0.61,-0.64,-0.035,3.16,-2.18,0.0,3.0544,1.87,0.26505649
4/19/12 5:30,0.0,9.8,3.409,-295.742,-0.18,-1.02,-0.0329,3.52,-0.6,7.0363,3.488,2.95,0.26561618
4/19/12 6:00,0.0,54.6,3.727,-295.7971,-1.46,-1.04,-0.0365,6.68,-5.44,39.046,6.6751,3.01,0.022292395
4/19/12 6:30,0.0,44.5,3.819,-295.8522,-1.19,-1.21,-0.0161,6.5,-4.55,98.0519,6.4405,3.52,0.10646804
4/19/12 7:00,0.0,53.2,3.949,-295.9102,-1.99,-1.49,-0.0098,9.81,-7.85,119.3817,9.4751,4.32,0.24188994
4/19/12 7:30,0.0,55.3,3.949,-295.9653,-1.96,-1.35,0.0059,9.4,-7.73,169.1134,8.6832,3.93,0.17475022
4/19/12 8:00,0.0,55.3,4.305,-306.228,-2.43,-1.68,0.0536,12.72,-10.46,314.3386,11.0169,5.05,0.15413978
4/19/12 8:30,0.0,58.9,4.399,-306.285,-2.54,-1.53,0.0783,13.06,-11.18,354.7075,10.3582,4.6,0.29579328
4/19/12 9:00,0.0,53.7,4.992,-306.345,-2.71,-1.99,0.1116,16.79,-13.53,386.5774,11.8745,5.97,-0.049403894
4/19/12 9:30,0.0,55.6,5.305,-306.402,-2.56,-1.76,0.0494,16.49,-13.6,203.6277,10.0372,5.27,0.16146191
4/19/12 10:00,0.0,63.1,5.664,-306.366,-2.84,-1.44,0.0471,18.05,-16.1,199.929,9.0256,4.33,0.12264712
4/19/12 10:30,0.0,60.3,5.79,-306.327,-2.29,-1.31,0.116,15.29,-13.28,255.6964,5.8495,3.92,-0.053081692
4/19/12 11:00,0.0,65.3,6.633,-306.291,-2.56,-1.18,0.1317,18.71,-17.0,164.0835,4.8429,3.54,-0.17155941
4/19/12 11:30,0.0,76.7,7.365,-306.255,-2.93,-0.69,0.0794,22.21,-21.61,78.0763,2.8984,2.08,-0.12205281
4/19/12 12:00,0.0,84.5,7.792,-306.219,-2.97,-0.29,0.1628,23.27,-23.16,0.0,0.0,0.86,-0.49366966
4/19/12 12:30,0.0,78.8,8.045,-306.183,-2.97,-0.59,0.0858,24.35,-23.89,-67.9667,-3.1786,1.76,-0.29999961
4/19/12 13:00,0.0,71.5,8.22,-306.144,-2.98,-1.0,0.0934,25.81,-24.48,-178.7958,-6.6803,2.99,-0.0002752
4/19/12 13:30,0.0,86.7,8.595,-306.108,-3.11,-0.18,0.0699,26.82,-26.77,-211.1498,-10.2622,0.54,-0.17180752
4/19/12 14:00,0.0,87.4,8.304,-306.069,-2.83,-0.13,-0.0011,23.53,-23.5,-107.7255,-11.7626,0.39,-0.037831005
4/19/12 14:30,0.0,111.2,8.155,-306.033,-3.87,1.5,-0.0105,33.87,-31.58,-160.5505,-20.6174,-4.51,0.13188489
4/19/12 15:00,0.0,99.2,7.895,-305.994,-3.76,0.61,-0.0252,30.07,-29.69,-142.0853,-21.2642,-1.83,0.069817
4/19/12 15:30,0.0,100.9,7.463,-305.958,-3.96,0.76,-0.0255,30.12,-29.58,-171.5238,-23.8963,-2.29,0.11387672
4/19/12 16:00,0.0,80.9,7.229,-306.015,-3.67,-0.59,-0.0255,26.86,-26.52,-188.3016,-23.264,1.76,0.32927659
4/19/12 16:30,0.0,64.2,6.852,-306.075,-3.58,-1.73,-0.0177,27.27,-24.55,-254.3551,-25.1951,5.2,0.24579623
4/19/12 17:00,0.0,67.9,6.313,-306.132,-4.09,-1.66,-0.0222,27.89,-25.84,-203.2694,-26.9405,4.99,0.12441851
4/19/12 17:30,0.0,77.1,5.866,-306.192,-3.78,-0.87,-0.0401,22.75,-22.17,-80.0602,-22.5537,2.6,0.032065044
4/19/12 18:00,0.0,79.3,5.151,-306.249,-3.82,-0.72,-0.0417,20.03,-19.68,-45.012,-20.0322,2.17,-0.021290723
4/19/12 18:30,0.0,77.9,4.175,-296.0987,-3.58,-0.77,-0.0454,15.28,-14.94,-5.0643,-15.1456,2.22,0.21108391
4/19/12 19:00,0.0,74.8,3.529,-296.177,-3.43,-0.93,-0.0434,12.55,-12.11,0.0,-12.1181,2.7,0.27309987
4/19/12 19:30,0.0,75.7,3.205,-296.2553,-2.83,-0.72,-0.0434,9.37,-9.07,0.0,-8.6521,2.09,0.2828454
4/19/12 20:00,0.0,58.1,3.173,-296.3307,-2.87,-1.79,-0.0448,10.73,-9.11,0.0,-9.2934,5.18,0.2828454
4/19/12 20:30,0.0,57.7,3.029,-296.409,-3.35,-2.12,-0.0415,12.0,-10.14,0.0,-9.5185,6.14,0.25735931
4/19/12 21:00,0.0,62.3,2.956,-296.4873,-2.43,-1.27,-0.0434,8.1,-7.17,0.0,-5.7251,3.69,0.13380053
4/19/12 21:30,0.0,64.6,3.019,-296.5656,-2.52,-1.2,-0.0383,8.43,-7.62,0.0,-5.1331,3.47,0.23362153
4/19/12 22:00,0.0,63.8,3.27,-296.5714,-3.0,-1.48,-0.0363,10.94,-9.82,0.0,-5.4723,4.29,0.25566293
4/19/12 22:30,0.0,60.6,3.542,-296.5801,-2.74,-1.55,-0.0394,11.15,-9.72,0.0,-4.2684,4.48,0.20261932
4/19/12 23:00,0.0,58.1,3.872,-296.5859,-2.71,-1.69,-0.0454,12.36,-10.5,0.0,-3.1999,4.89,0.4351734
4/19/12 23:30,0.0,53.8,3.989,-296.5917,-2.41,-1.76,-0.048,11.92,-9.62,0.0,-1.5552,5.12,0.36503905
4/20/12 0:00,0.0,51.9,4.259,-296.6004,-2.31,-1.81,-0.0513,12.51,-9.84,0.0,0.0,5.26,0.26701829
4/20/12 0:30,0.0,54.1,4.019,-296.6062,-2.55,-1.85,-0.0487,12.67,-10.26,0.0,1.6535,5.36,0.25361458
4/20/12 1:00,0.0,59.7,3.825,-296.5888,-3.04,-1.78,-0.0453,13.46,-11.62,0.0,3.4837,5.15,0.34703088
4/20/12 1:30,0.0,53.6,3.874,-296.5743,-2.6,-1.91,-0.0473,12.5,-10.06,0.0,4.7826,5.55,0.26180798
4/20/12 2:00,0.0,48.9,3.654,-296.5569,-1.95,-1.7,-0.0421,9.44,-7.11,0.0,4.7191,4.92,0.25625724
4/20/12 2:30,0.0,52.9,3.494,-296.5395,-1.88,-1.42,-0.039,8.25,-6.58,0.0,5.024,4.13,0.2538223
4/20/12 3:00,0.0,48.9,3.447,-296.5221,-1.71,-1.49,-0.0379,7.84,-5.9,0.0,5.5402,4.33,0.07559854
4/20/12 3:30,0.0,49.3,3.437,-296.5076,-1.98,-1.71,-0.0377,9.0,-6.82,0.0,7.1386,4.95,0.07097677
4/20/12 4:00,0.0,51.4,3.602,-296.5337,-2.16,-1.72,-0.0407,9.95,-7.77,0.0,8.6127,5.0,0.22328746
4/20/12 4:30,0.0,53.7,3.765,-296.5627,-1.71,-1.26,-0.0425,8.0,-6.45,0.0,7.3951,3.65,0.2538223
4/20/12 5:00,0.0,49.9,4.232,-296.5917,-1.53,-1.29,-0.0525,8.48,-6.48,0.0,8.1879,3.74,0.1715998
4/20/12 5:30,0.0,52.3,4.44,-296.6207,-1.55,-1.2,-0.0537,8.68,-6.87,10.2188,8.6059,3.47,0.24686368
4/20/12 6:00,0.0,49.9,4.623,-296.6497,-1.34,-1.13,-0.046,8.12,-6.21,30.357,8.1226,3.28,0.051418778
4/20/12 6:30,0.0,49.9,4.847,-296.6787,-1.62,-1.37,-0.0361,10.29,-7.87,72.2079,10.2021,3.97,0.06027342
4/20/12 7:00,0.0,47.6,5.077,-296.7106,-1.56,-1.43,-0.0224,10.76,-7.94,106.7261,10.3916,4.14,0.24641362
4/20/12 7:30,0.0,59.7,4.953,-296.7425,-1.9,-1.11,-0.0167,10.91,-9.42,121.7876,10.0809,3.22,0.30548688
4/20/12 8:00,0.0,56.7,5.015,-296.7744,-2.43,-1.6,0.0025,14.58,-12.18,198.3848,12.6254,4.63,0.12570522
4/20/12 8:30,0.0,60.4,5.039,-307.044,-2.41,-1.37,0.0292,13.94,-12.12,238.9993,11.0577,4.1,0.32424515
4/20/12 9:00,0.0,66.0,5.002,-307.077,-2.52,-1.12,0.0396,13.78,-12.59,219.7419,9.7443,3.36,0.20223273
4/20/12 9:30,0.0,70.0,5.194,-307.11,-2.05,-0.74,0.0435,11.31,-10.63,175.2782,6.8866,2.23,0.28401671
4/20/12 10:00,0.0,73.9,5.493,-307.047,-1.88,-0.54,0.0609,10.76,-10.33,176.0695,5.3776,1.63,0.07365982
4/20/12 10:30,0.0,79.5,6.193,-306.984,-2.28,-0.42,0.0716,14.33,-14.09,166.8733,5.4841,1.27,-0.01335178
4/20/12 11:00,0.0,73.8,6.22,-306.921,-1.78,-0.52,0.0868,11.51,-11.05,104.3985,2.9782,1.55,0.19557415
4/20/12 11:30,0.0,101.6,6.343,-306.861,-2.13,0.44,0.0806,13.78,-13.5,54.7831,1.7983,-1.31,-0.17233259
4/20/12 12:00,0.0,96.2,6.234,-306.798,-2.5,0.27,0.0663,15.66,-15.57,0.0,0.0,-0.81,-0.03522585
4/20/12 12:30,0.0,83.3,5.984,-306.735,-2.55,-0.3,0.0609,15.39,-15.29,-48.195,-2.0089,0.9,0.14970842
4/20/12 13:00,0.0,108.6,6.11,-306.687,-2.47,0.83,0.0472,15.95,-15.12,-81.1416,-4.129,-2.5,0.05886554
4/20/12 13:30,0.0,93.3,6.15,-306.636,-2.78,0.16,0.0322,17.15,-17.12,-100.3629,-6.5616,-0.48,0.16941297
4/20/12 14:00,0.0,74.4,5.88,-306.588,-2.99,-0.83,0.0162,18.25,-17.57,-118.9305,-9.1228,2.5,0.08132815
4/20/12 14:30,0.0,68.5,5.93,-306.54,-3.11,-1.22,0.0044,19.81,-18.43,-125.8937,-12.0609,3.67,0.12458007
4/20/12 15:00,0.0,77.9,5.885,-306.489,-3.28,-0.7,-0.0107,19.75,-19.31,-101.4493,-13.9654,2.11,0.19905923
4/20/12 15:30,0.0,70.8,5.687,-306.441,-3.39,-1.18,-0.0141,20.4,-19.26,-130.0869,-16.1838,3.54,0.22379522
4/20/12 16:00,0.0,70.9,5.592,-306.507,-3.63,-1.26,-0.0091,21.5,-20.32,-157.2624,-18.6206,3.77,0.17980474
4/20/12 16:30,0.0,71.0,5.324,-296.3539,-3.49,-1.2,-0.0217,19.66,-18.59,-89.7429,-18.16,3.49,0.16048101
4/20/12 17:00,0.0,80.5,5.111,-296.4177,-3.19,-0.53,-0.0277,16.51,-16.28,-57.9604,-15.946,1.55,-0.17075738
4/20/12 17:30,0.0,77.0,4.783,-296.4815,-3.45,-0.8,-0.0331,16.93,-16.49,-34.0333,-16.7822,2.31,0.022292395
4/20/12 18:00,0.0,,4.45,-296.5453,,,-0.035,7.4,,-14.083,-7.4048,,0.24848505
4/20/12 18:30,0.0,74.9,4.3,-296.6062,-3.31,-0.89,-0.0371,14.75,-14.24,-1.8669,-14.6228,2.59,0.26062513
4/20/12 19:00,0.0,73.7,4.159,-296.6816,-3.52,-1.03,-0.0375,15.26,-14.64,0.0,-14.7354,2.99,0.26701829
4/20/12 19:30,0.0,71.1,3.971,-296.7541,-3.37,-1.15,-0.0363,14.14,-13.37,0.0,-13.0607,3.34,0.26180798
4/20/12 20:00,0.0,70.8,4.009,-296.8295,-3.68,-1.28,-0.0365,15.6,-14.74,0.0,-13.5126,3.71,0.50736764
4/20/12 20:30,0.0,70.7,3.822,-296.902,-3.13,-1.1,-0.0345,12.67,-11.96,0.0,-10.0548,3.18,0.22770151
4/20/12 21:00,0.0,73.7,3.667,-296.9774,-2.94,-0.86,-0.0323,11.22,-10.77,0.0,-7.9371,2.49,0.2538223
4/20/12 21:30,0.0,66.2,3.558,-297.0499,-2.97,-1.31,-0.0313,11.56,-10.58,0.0,-7.0372,3.8,0.25315875
4/20/12 22:00,0.0,61.1,3.553,-297.0528,-2.87,-1.58,-0.0318,11.64,-10.19,0.0,-5.8198,4.59,0.25221824
4/20/12 22:30,0.0,63.8,3.589,-297.0528,-2.9,-1.43,-0.0325,11.61,-10.41,0.0,-4.4417,4.14,0.53885453
4/20/12 23:00,0.0,63.9,3.607,-297.0528,-2.73,-1.34,-0.0333,10.98,-9.86,0.0,-2.8418,3.88,0.45285268
4/20/12 23:30,0.0,59.7,3.727,-297.0557,-3.01,-1.76,-0.0363,12.99,-11.21,0.0,-1.6954,5.1,0.25221824
4/21/12 0:00,0.0,57.7,3.806,-297.0557,-2.86,-1.81,-0.038,12.9,-10.9,0.0,0.0,5.25,0.50195538
4/21/12 0:30,0.0,63.7,3.771,-297.0557,-2.99,-1.48,-0.0375,12.57,-11.27,0.0,1.641,4.28,0.57034719
4/21/12 1:00,0.0,57.8,3.745,-296.9861,-3.12,-1.97,-0.0372,13.82,-11.7,0.0,3.5776,5.7,0.6059654
4/21/12 1:30,0.0,55.7,3.808,-296.9165,-2.53,-1.73,-0.0388,11.68,-9.64,0.0,4.468,5.01,0.25221824
4/21/12 2:00,0.0,53.4,3.803,-296.8498,-1.61,-1.19,-0.0379,7.61,-6.11,0.0,3.803,3.46,0.25221824
4/21/12 2:30,0.0,50.6,3.815,-296.7802,-1.31,-1.07,-0.0377,6.44,-4.98,0.0,3.9226,3.11,0.25221824
4/21/12 3:00,0.0,50.5,3.788,-296.7106,-1.19,-0.98,-0.0374,5.86,-4.52,0.0,4.1463,2.86,0.25221824
4/21/12 3:30,0.0,50.8,3.815,-296.641,-1.79,-1.46,-0.0396,8.8,-6.82,0.0,6.9794,4.23,0.39183493
4/21/12 4:00,0.0,52.5,3.861,-296.6729,-2.37,-1.82,-0.0425,11.54,-9.15,0.0,9.991,5.28,0.36535063
4/21/12 4:30,0.0,43.1,3.757,-296.7077,-1.4,-1.5,-0.0406,7.71,-5.27,0.0,7.1225,4.35,0.54754415
4/21/12 5:00,0.0,47.7,3.853,-296.7425,-1.46,-1.33,-0.0427,7.59,-5.61,0.0,7.3318,3.84,0.51469554
4/21/12 5:30,0.0,60.1,3.819,-296.7744,-1.88,-1.08,-0.0412,8.29,-7.18,4.5061,8.2163,3.14,0.21345538
4/21/12 6:00,0.0,51.9,3.891,-296.8092,-1.54,-1.21,-0.0353,7.61,-5.99,16.399,7.6069,3.5,0.17852957
4/21/12 6:30,0.0,54.7,3.958,-296.844,-1.46,-1.03,-0.0319,7.08,-5.78,27.4174,7.0242,3.0,-0.08715008
4/21/12 7:00,0.0,60.7,3.909,-296.8933,-2.27,-1.28,-0.0305,10.19,-8.89,39.2823,9.8435,3.7,-0.051745937
4/21/12 7:30,0.0,54.5,3.992,-296.9426,-2.27,-1.62,-0.028,11.12,-9.05,47.0781,10.2714,4.69,0.11774262
4/21/12 8:00,0.0,54.7,4.013,-296.9919,-2.6,-1.84,-0.0203,12.8,-10.45,76.7472,11.0864,5.35,0.41321278
4/21/12 8:30,0.0,54.7,4.049,-297.0383,-2.33,-1.65,0.0049,11.54,-9.42,145.5565,9.1582,4.78,0.032791487
4/21/12 9:00,0.0,59.1,4.267,-297.0876,-2.58,-1.55,0.0261,12.84,-11.02,181.2718,9.0788,4.48,0.20486385
4/21/12 9:30,0.0,66.4,4.497,-307.383,-2.41,-1.05,0.0682,11.82,-10.83,250.8481,7.1944,3.16,0.27156505
4/21/12 10:00,0.0,69.5,4.796,-307.362,-2.52,-0.94,0.0995,12.88,-12.07,248.654,6.441,2.82,-0.11421138
4/21/12 10:30,0.0,86.6,5.205,-307.341,-2.66,-0.16,0.1162,13.88,-13.86,209.5529,5.3123,0.47,0.46718536
4/21/12 11:00,0.0,58.4,4.985,-307.32,-2.84,-1.74,0.0858,16.6,-14.13,109.8772,4.2951,5.23,0.6010609
4/21/12 11:30,0.0,66.3,4.933,-307.299,-3.37,-1.48,0.0742,18.15,-16.62,55.3563,2.3695,4.44,0.7323861
4/21/12 12:00,0.0,65.3,5.217,-307.281,-3.59,-1.65,0.0953,20.63,-18.75,0.0,0.0,4.96,0.9911706
4/21/12 12:30,0.0,63.0,5.535,-307.26,-3.86,-1.97,0.1216,24.0,-21.38,-98.2167,-3.1326,5.91,-0.036660272
4/21/12 13:00,0.0,78.1,5.925,-307.218,-3.5,-0.74,0.1019,21.19,-20.74,-150.092,-5.4853,2.21,0.37931403
4/21/12 13:30,0.0,75.3,6.049,-307.176,-3.64,-0.95,0.0924,22.76,-22.02,-217.9868,-8.7108,2.86,0.54032588
4/21/12 14:00,0.0,68.5,5.929,-307.134,-4.02,-1.58,0.0755,25.61,-23.83,-280.024,-12.8066,4.75,0.046992611
4/21/12 14:30,0.0,65.6,5.877,-307.092,-4.19,-1.9,0.0689,27.03,-24.61,-394.9297,-16.4538,5.7,0.8719047
4/21/12 15:00,0.0,71.4,5.953,-307.05,-4.08,-1.37,0.0795,25.66,-24.32,-429.3906,-18.1425,4.12,0.8330149
4/21/12 15:30,0.0,75.8,6.069,-307.008,-4.24,-1.07,0.0532,26.55,-25.74,-365.3646,-21.065,3.22,0.19978048
4/21/12 16:00,0.0,68.3,6.133,-307.065,-3.84,-1.53,0.0129,25.35,-23.55,-237.9656,-21.9517,4.58,0.15914237
4/21/12 16:30,0.0,76.0,5.954,-296.8846,-3.82,-0.95,-0.0097,23.42,-22.73,-132.7901,-21.6401,2.76,0.19905923
4/21/12 17:00,0.0,71.7,5.539,-296.9397,-3.85,-1.27,-0.0194,22.48,-21.34,-98.6007,-21.7114,3.7,0.16297942
4/21/12 17:30,0.0,66.9,5.201,-296.9919,-3.99,-1.7,-0.0291,22.54,-20.73,-62.3847,-22.3431,4.93,0.07505616
4/21/12 18:00,0.0,75.3,5.039,-297.047,-3.5,-0.92,-0.0404,18.22,-17.62,-25.406,-18.216,2.66,0.06090235
4/21/12 18:30,0.0,75.5,5.051,-297.1021,-3.39,-0.88,-0.0497,17.7,-17.14,-1.8947,-17.5523,2.54,0.25221824
4/21/12 19:00,0.0,83.1,5.125,-297.192,-3.05,-0.37,-0.0596,15.76,-15.65,0.0,-15.2224,1.07,0.34270915
4/21/12 19:30,0.0,77.8,4.962,-297.2819,-3.24,-0.7,-0.0611,16.45,-16.08,0.0,-15.1969,2.03,0.25221824
4/21/12 20:00,0.0,76.2,4.775,-297.3718,-2.62,-0.64,-0.0651,12.89,-12.52,0.0,-11.1611,1.87,0.17961433
4/21/12 20:30,0.0,73.4,4.554,-297.4617,-2.29,-0.68,-0.0694,10.88,-10.43,0.0,-8.6313,1.98,0.25221824
4/21/12 21:00,0.0,62.6,4.275,-297.5516,-2.3,-1.19,-0.0671,11.06,-9.82,0.0,-7.8202,3.45,0.17525221
4/21/12 21:30,0.0,60.0,4.265,-297.6444,-2.76,-1.6,-0.0654,13.61,-11.78,0.0,-8.2824,4.63,0.26037702
4/21/12 22:00,0.0,63.4,3.959,-297.6125,-2.82,-1.41,-0.0602,12.51,-11.18,0.0,-6.2532,4.1,0.26048665
4/21/12 22:30,0.0,66.6,3.798,-297.5806,-3.15,-1.36,-0.0568,13.04,-11.97,0.0,-4.9911,3.96,0.52908592
4/21/12 23:00,0.0,65.6,3.486,-297.5487,-3.84,-1.74,-0.0491,14.71,-13.39,0.0,-3.8066,5.05,0.26770492
4/21/12 23:30,0.0,59.9,3.254,-297.5168,-3.26,-1.89,-0.0458,12.27,-10.62,0.0,-1.6017,5.48,0.28394747
4/22/12 0:00,0.0,53.3,3.31,-297.4849,-2.19,-1.63,-0.0514,9.05,-7.26,0.0,0.0,4.74,0.29073876
4/22/12 0:30,0.0,50.3,3.311,-297.453,-1.27,-1.06,-0.0547,5.49,-4.22,0.0,0.7161,3.07,0.28394747
4/22/12 1:00,0.0,50.1,3.386,-297.3718,-1.57,-1.31,-0.0482,6.92,-5.31,0.0,1.7922,3.8,0.33208081
4/22/12 1:30,0.0,31.3,3.406,-297.2877,-0.86,-1.41,-0.0429,5.61,-2.92,0.0,2.148,4.08,0.2760945
4/22/12 2:00,0.0,332.6,3.053,-297.2065,0.37,-0.72,-0.0337,2.46,1.13,0.0,1.2304,2.08,0.28678631
4/22/12 2:30,0.0,,3.039,-297.1224,,,-0.0327,3.8,,0.0,2.3144,,0.28678631
4/22/12 3:00,0.0,313.7,2.375,-297.0412,0.76,-0.72,-0.019,2.49,1.8,0.0,1.76,2.1,0.30354239
4/22/12 3:30,0.0,318.3,1.989,-296.9571,0.47,-0.52,-0.0148,1.4,0.93,0.0,1.1077,1.52,0.30481756
4/22/12 4:00,0.0,326.1,2.039,-296.9571,0.58,-0.87,-0.0174,2.13,1.19,0.0,1.8488,2.52,0.30481756
4/22/12 4:30,0.0,335.8,1.8,-296.9571,0.25,-0.56,-0.0128,1.1,0.45,0.0,1.0144,1.61,0.25786707
4/22/12 5:00,0.0,67.8,1.945,-296.9542,-0.36,-0.15,-0.0179,0.75,-0.7,0.0,0.7289,0.43,0.25786707
4/22/12 5:30,0.0,319.6,2.161,-296.9542,0.48,-0.56,-0.017,1.6,1.04,6.1648,1.5855,1.63,0.2944431
4/22/12 6:00,0.0,342.4,2.949,-296.9513,0.19,-0.59,-0.0242,1.82,0.55,25.865,1.8166,1.7,0.06090235
4/22/12 6:30,0.0,318.4,2.426,-296.9513,0.81,-0.91,0.0049,2.95,1.96,45.1554,2.9296,2.64,0.11962364
4/22/12 7:00,0.0,324.1,2.524,-296.9281,0.76,-1.05,0.0258,3.26,1.91,79.8714,3.1475,3.03,0.18073371
4/22/12 7:30,0.0,33.5,3.211,-296.9049,-0.69,-1.05,0.01,4.03,-2.22,77.5689,3.7201,3.03,0.19335847
4/22/12 8:00,0.0,42.8,3.823,-296.8846,-1.15,-1.24,-0.0016,6.48,-4.4,89.3738,5.6118,3.61,0.2750559
4/22/12 8:30,0.0,38.9,3.893,-296.8614,-1.0,-1.24,0.0198,6.22,-3.91,118.3707,4.9386,3.61,0.3522008
4/22/12 9:00,0.0,36.0,4.135,-296.8382,-1.07,-1.47,0.0478,7.54,-4.43,159.442,5.3302,4.28,0.2593615
4/22/12 9:30,0.0,44.5,4.381,-296.815,-1.57,-1.6,0.0633,9.83,-6.89,188.0446,5.9847,4.64,0.3291785
4/22/12 10:00,0.0,60.1,4.501,-306.924,-2.42,-1.39,0.0568,12.57,-10.9,163.2935,6.2856,4.18,0.6298532
4/22/12 10:30,0.0,58.8,4.601,-306.798,-2.15,-1.3,0.0522,11.55,-9.88,110.0467,4.4212,3.9,0.2635159
4/22/12 11:00,0.0,51.7,4.748,-306.675,-1.85,-1.46,0.0629,11.21,-8.8,75.8267,2.9014,4.39,0.32424515
4/22/12 11:30,0.0,55.6,4.529,-296.3307,-2.1,-1.44,0.0104,11.54,-9.52,13.9338,1.5063,4.17,0.16297942
4/22/12 12:00,0.0,68.6,3.331,-296.2089,-1.75,-0.68,0.0197,6.25,-5.82,0.0,0.0,1.99,0.16297942
4/22/12 12:30,0.0,50.5,1.609,-275.6673,-0.95,-0.78,0.0552,1.97,-1.52,-13.4267,-0.2573,2.1,0.16297942
4/22/12 13:00,0.0,29.0,1.131,-255.17,-0.42,-0.76,0.0639,0.98,-0.48,-19.1679,-0.2538,1.9,0.06027342
4/22/12 13:30,0.0,316.4,1.128,-255.0925,0.41,-0.43,0.0673,0.68,0.47,-25.623,-0.259,1.09,0.06027342
4/22/12 14:00,0.0,285.4,1.03,-244.812,0.85,-0.23,0.0461,0.9,0.87,-22.6455,-0.4522,0.56,0.07813734
4/22/12 14:30,0.0,331.4,0.947,-254.935,0.18,-0.32,0.0521,0.35,0.17,-36.1903,-0.2127,0.81,0.07505616
4/22/12 15:00,0.0,31.6,0.937,-254.8575,-0.65,-1.05,0.0498,1.16,-0.61,-48.7571,-0.8169,2.63,0.06027342
4/22/12 15:30,0.0,18.5,0.927,-244.5864,-0.47,-1.4,0.0556,1.37,-0.43,-80.5151,-1.0855,3.36,0.16297942
4/22/12 16:00,0.0,25.5,1.09,-244.5696,-0.62,-1.3,0.0422,1.57,-0.68,-56.4891,-1.3584,3.12,0.07505616
4/22/12 16:30,0.0,17.8,1.122,-244.5528,-0.39,-1.22,0.0324,1.43,-0.44,-45.9769,-1.3248,2.92,0.09043321
4/22/12 17:00,0.0,6.3,1.149,-244.536,-0.15,-1.38,0.0251,1.59,-0.18,-30.8237,-1.5405,3.31,0.022292395
4/22/12 17:30,0.0,9.0,1.144,-244.5216,-0.15,-0.92,0.0137,1.06,-0.17,-18.1623,-1.0537,2.2,0.25412811
4/22/12 18:00,0.0,358.8,1.122,-244.5048,0.01,-0.55,0.0036,0.62,0.01,-6.24,-0.6193,1.32,0.26549501
4/22/12 18:30,0.0,319.8,1.037,-244.488,0.46,-0.54,-0.0003,0.73,0.47,-1.7459,-0.7269,1.3,0.26549501
4/22/12 19:00,0.0,330.5,0.937,-234.2757,0.41,-0.72,0.0005,0.77,0.38,0.0,-0.7476,1.65,0.26030778
4/22/12 19:30,0.0,356.7,0.865,-244.4352,0.03,-0.55,0.0048,0.47,0.03,0.0,-0.4363,1.31,0.25426082
4/22/12 20:00,0.0,5.1,0.842,-244.4112,-0.04,-0.48,0.0034,0.41,-0.04,0.0,-0.3507,1.15,0.25632071
4/22/12 20:30,0.0,351.6,0.826,-244.3848,0.05,-0.37,0.0016,0.31,0.05,0.0,-0.2444,0.89,0.25729007
4/22/12 21:00,0.0,331.3,0.817,-254.5425,0.31,-0.56,0.0016,0.52,0.25,0.0,-0.3674,1.39,0.25729007
4/22/12 21:30,0.0,4.5,0.815,-254.515,-0.05,-0.66,0.0021,0.54,-0.04,0.0,-0.3294,1.65,0.26109827
4/22/12 22:00,0.0,9.8,0.811,-254.4475,-0.08,-0.45,0.0032,0.37,-0.06,0.0,-0.1849,1.12,0.26109827
4/22/12 22:30,0.0,18.0,0.806,-254.3775,-0.18,-0.54,0.0018,0.46,-0.14,0.0,-0.1764,1.36,0.26595084
4/22/12 23:00,0.0,336.1,0.803,-264.4824,0.27,-0.61,0.0031,0.53,0.22,0.0,-0.1376,1.57,0.27041105
4/22/12 23:30,0.0,31.5,0.804,-264.4096,-0.31,-0.51,0.0009,0.48,-0.25,0.0,-0.0623,1.32,0.27436927
4/23/12 0:00,0.0,329.7,0.807,-264.3394,0.27,-0.47,0.0006,0.44,0.22,0.0,0.0,1.22,0.27436927
4/23/12 0:30,0.0,325.3,0.807,-264.2692,0.45,-0.66,0.0025,0.64,0.37,0.0,0.084,1.7,0.27436927
4/23/12 1:00,0.0,312.7,0.807,-264.199,0.78,-0.72,0.0052,0.85,0.63,0.0,0.2206,1.86,0.27436927
4/23/12 1:30,0.0,342.9,0.809,-264.1314,0.19,-0.63,0.0064,0.53,0.16,0.0,0.2034,1.63,0.27436927
4/23/12 2:00,0.0,11.5,0.813,-274.2174,-0.1,-0.49,0.0048,0.4,-0.08,0.0,0.202,1.31,0.27436927
4/23/12 2:30,0.0,36.0,0.826,-274.1472,-0.4,-0.55,0.0012,0.57,-0.33,0.0,0.3444,1.5,0.27394806
4/23/12 3:00,0.0,64.9,0.848,-263.926,-0.89,-0.42,-0.0049,0.84,-0.76,0.0,0.5906,1.09,0.2654777
4/23/12 3:30,0.0,67.7,0.849,-263.8558,-1.42,-0.58,-0.0051,1.3,-1.21,0.0,1.0339,1.51,0.2654777
4/23/12 4:00,0.0,66.8,0.854,-263.8142,-1.47,-0.63,-0.004,1.37,-1.26,0.0,1.1848,1.64,0.2654777
4/23/12 4:30,0.0,70.3,0.857,-263.7726,-1.75,-0.63,-0.0019,1.59,-1.5,0.0,1.4711,1.63,0.2654777
4/23/12 5:00,0.0,80.8,0.858,-263.7284,-2.24,-0.36,-0.0007,1.94,-1.92,0.0,1.8772,0.94,0.2654777
4/23/12 5:30,0.0,76.1,0.865,-263.6868,-1.88,-0.47,-0.0005,1.68,-1.63,1.1848,1.6612,1.21,0.26798765
4/23/12 6:00,0.0,90.4,0.885,-263.6426,-2.38,0.02,-0.0005,2.11,-2.11,10.077,2.1054,-0.04,0.19957853
4/23/12 6:30,0.0,94.9,0.895,-263.601,-2.14,0.18,0.0008,1.92,-1.91,15.4447,1.9016,-0.48,0.14643106
4/23/12 7:00,0.0,94.1,0.912,-263.5802,-2.39,0.17,0.0065,2.18,-2.18,45.7008,2.1081,-0.44,-0.021290723
4/23/12 7:30,0.0,121.2,0.938,-263.5568,-1.75,1.06,0.0194,1.92,-1.64,85.0191,1.7748,-2.76,0.12719965
4/23/12 8:00,0.0,106.2,1.096,-263.5334,-1.07,0.31,0.032,1.22,-1.17,118.3987,1.0583,-0.81,0.19213523
4/23/12 8:30,0.0,90.3,1.327,-263.5126,-1.54,0.01,0.0378,2.04,-2.04,129.6593,1.6181,-0.02,0.06641847
4/23/12 9:00,0.0,85.5,1.436,-253.355,-1.8,-0.14,0.0368,2.59,-2.58,112.2652,1.8298,0.35,0.15722673
4/23/12 9:30,0.0,83.4,1.756,-263.4684,-2.35,-0.27,0.0355,4.15,-4.12,108.2159,2.5239,0.71,0.15722673
4/23/12 10:00,0.0,102.2,1.58,-253.2875,-2.34,0.51,0.0338,3.78,-3.7,87.952,1.8905,-1.26,0.042907451
4/23/12 10:30,0.0,116.7,1.814,-243.1104,-2.55,1.28,0.0665,5.17,-4.62,140.4421,1.9777,-3.07,0.08728279
4/23/12 11:00,0.0,136.3,3.127,-253.1925,-2.42,2.53,0.0571,10.94,-7.56,79.5377,2.831,-6.32,0.26000774
4/23/12 11:30,0.0,163.4,3.09,-263.2682,-0.61,2.04,0.0131,6.58,-1.88,10.0852,0.8583,-5.3,0.06261604
4/23/12 12:00,0.0,220.1,2.086,-253.095,1.28,1.52,0.0272,4.13,2.66,0.0,0.0,-3.79,-0.047534991
4/23/12 12:30,0.0,222.8,2.134,-253.0475,1.46,1.58,0.0212,4.59,3.12,-15.6276,-0.5986,-3.94,-0.042250248
4/23/12 13:00,0.0,226.2,1.804,-252.9825,1.17,1.12,0.0307,2.92,2.11,-35.357,-0.7569,-2.8,0.026645283
4/23/12 13:30,0.0,249.1,1.772,-252.915,0.77,0.29,0.0314,1.46,1.37,-32.6835,-0.5594,-0.74,0.06261604
4/23/12 14:00,0.0,270.9,1.381,-252.8475,0.3,0.0,0.0443,0.42,0.42,-41.2105,-0.2092,0.01,0.06261604
4/23/12 14:30,0.0,352.2,1.305,-252.7825,0.03,-0.23,0.0313,0.3,0.04,-26.601,-0.1851,0.58,0.05999069
4/23/12 15:00,0.0,301.5,1.194,-252.715,0.38,-0.23,0.0169,0.53,0.45,-18.6068,-0.3766,0.58,0.07219424
4/23/12 15:30,0.0,276.9,1.106,-252.6475,0.46,-0.06,0.0166,0.52,0.51,-27.88,-0.4089,0.14,0.07219424
4/23/12 16:00,0.0,298.7,1.135,-252.6275,0.57,-0.31,0.0157,0.74,0.65,-34.7371,-0.6428,0.79,0.05999069
4/23/12 16:30,0.0,74.4,1.109,-252.605,-0.44,-0.12,0.0074,0.51,-0.49,-16.1864,-0.4693,0.31,-0.024435373
4/23/12 17:00,0.0,265.6,1.162,-252.5825,0.06,0.0,-0.0054,0.07,0.07,-7.2947,-0.0696,-0.01,-0.045088511
4/23/12 17:30,0.0,139.1,1.121,-252.56,-0.65,0.75,0.0063,1.11,-0.72,-43.0119,-1.097,-1.87,0.05999069
4/23/12 18:00,0.0,95.4,1.181,-252.5375,-0.73,0.07,0.0014,0.86,-0.86,-23.959,-0.8609,-0.17,0.10425813
4/23/12 18:30,0.0,82.4,1.197,-252.515,-0.86,-0.11,-0.0091,1.04,-1.03,-1.853,-1.0313,0.29,-0.045088511
4/23/12 19:00,0.0,98.3,1.126,-252.5025,-0.98,0.14,-0.0098,1.11,-1.1,0.0,-1.0757,-0.36,-0.045088511
4/23/12 19:30,0.0,74.3,1.083,-252.4875,-1.04,-0.29,-0.0092,1.17,-1.13,0.0,-1.0826,0.73,-0.045088511
4/23/12 20:00,0.0,44.8,1.069,-252.475,-0.56,-0.56,-0.0122,0.85,-0.6,0.0,-0.7332,1.4,-0.045088511
4/23/12 20:30,0.0,35.1,1.06,-252.46,-0.3,-0.43,-0.0133,0.56,-0.32,0.0,-0.4415,1.07,-0.045088511
4/23/12 21:00,0.0,44.5,1.057,-252.4475,-0.99,-1.01,-0.0089,1.5,-1.05,0.0,-1.0598,2.53,-0.045088511
4/23/12 21:30,0.0,43.8,1.054,-252.4325,-0.82,-0.86,-0.0075,1.25,-0.87,0.0,-0.7623,2.14,-0.045088511
4/23/12 22:00,0.0,47.6,1.052,-252.3525,-1.16,-1.06,-0.0062,1.66,-1.22,0.0,-0.8285,2.66,-0.045088511
4/23/12 22:30,0.0,30.5,1.048,-252.2725,-0.44,-0.75,-0.0091,0.92,-0.47,0.0,-0.3509,1.88,-0.045088511
4/23/12 23:00,0.0,350.3,1.044,-252.1925,0.1,-0.57,-0.012,0.61,0.1,0.0,-0.1573,1.43,-0.045088511
4/23/12 23:30,0.0,329.9,1.041,-252.1125,0.49,-0.84,-0.0111,1.01,0.51,0.0,-0.1323,2.11,-0.045088511
4/24/12 0:00,0.0,326.4,1.041,-252.03,0.82,-1.23,-0.0086,1.54,0.85,0.0,0.0,3.08,-0.045088511
4/24/12 0:30,0.0,324.6,1.037,-251.95,0.9,-1.26,-0.0073,1.61,0.93,0.0,0.2099,3.16,-0.045088511
4/24/12 1:00,0.0,333.4,1.031,-251.925,0.66,-1.32,-0.007,1.52,0.68,0.0,0.3947,3.31,-0.045088511
4/24/12 1:30,0.0,321.8,1.02,-251.9,0.89,-1.13,-0.0105,1.47,0.91,0.0,0.5633,2.83,-0.045088511
4/24/12 2:00,0.0,306.1,1.005,-251.875,1.01,-0.74,-0.0103,1.26,1.02,0.0,0.6291,1.84,-0.045088511
4/24/12 2:30,0.0,302.2,1.009,-251.85,1.26,-0.79,-0.0071,1.5,1.27,0.0,0.9128,1.98,-0.045088511
4/24/12 3:00,0.0,304.9,1.0,-251.8275,1.39,-0.97,-0.0021,1.69,1.39,0.0,1.1971,2.42,-0.045088511
4/24/12 3:30,0.0,308.6,1.007,-251.8025,1.95,-1.56,0.0009,2.52,1.97,0.0,1.9981,3.9,-0.045088511
4/24/12 4:00,0.0,310.3,1.014,-251.8475,2.05,-1.74,0.0002,2.73,2.08,0.0,2.3657,4.36,-0.045088511
4/24/12 4:30,0.0,319.3,0.994,-251.8925,1.36,-1.58,-0.0053,2.07,1.35,0.0,1.9111,3.94,-0.045088511
4/24/12 5:00,0.0,339.3,0.985,-251.94,0.58,-1.54,-0.0125,1.62,0.57,0.0,1.5642,3.84,-0.045088511
4/24/12 5:30,0.0,339.3,1.007,-251.985,0.71,-1.88,-0.0063,2.02,0.72,10.5906,2.0058,4.7,0.08367077
4/24/12 6:00,0.0,341.0,1.029,-252.0325,0.58,-1.68,0.0017,1.83,0.6,31.131,1.8326,4.21,0.001624774
4/24/12 6:30,0.0,2.8,1.095,-252.0775,-0.08,-1.57,0.0197,1.72,-0.08,90.0242,1.7023,3.92,0.040852754
4/24/12 7:00,0.0,8.5,1.375,-252.1225,-0.21,-1.44,0.0983,2.0,-0.29,268.2521,1.9271,3.59,0.07009973
4/24/12 7:30,0.0,340.4,2.156,-262.2516,0.46,-1.29,0.1352,2.95,0.99,365.0433,2.7209,3.35,-0.11855042
4/24/12 8:00,0.0,321.7,3.084,-262.2984,0.44,-0.55,0.2022,2.17,1.34,413.5193,1.8776,1.43,-0.5180306
4/24/12 8:30,0.0,303.7,2.798,-272.4327,1.53,-1.02,0.1525,5.14,4.28,347.9687,4.08,2.75,-0.7360789
4/24/12 9:00,0.0,284.4,3.205,-282.5732,1.53,-0.39,0.1504,5.05,4.89,327.3056,3.5717,1.1,-0.039371595
4/24/12 9:30,0.0,292.8,4.599,-282.6208,0.92,-0.39,0.2819,4.6,4.24,509.9095,2.7997,1.09,-0.23186168
4/24/12 10:00,0.0,56.3,7.614,-292.6912,-0.64,-0.43,0.3033,5.83,-4.85,482.009,2.9162,1.23,-0.48986723
4/24/12 10:30,0.0,44.7,9.361,-302.76,-0.68,-0.69,0.267,9.05,-6.37,334.6184,3.4641,2.06,-0.35581859
4/24/12 11:00,0.0,331.6,9.227,-302.736,0.25,-0.47,0.1882,4.88,2.32,161.1353,1.2633,1.4,0.44981189
4/24/12 11:30,0.0,287.7,10.49,-302.715,0.67,-0.21,0.3324,7.4,7.05,127.2496,0.9653,0.64,-0.14389226
4/24/12 12:00,0.0,255.9,11.515,-312.7807,0.97,0.24,0.3095,11.5,11.16,0.0,0.0,-0.75,0.017528683
4/24/12 12:30,0.0,223.2,12.348,-312.7559,0.5,0.54,0.2559,9.06,6.2,-118.2447,-1.183,-1.66,-0.41328202
4/24/12 13:00,0.0,165.8,12.316,-312.6908,-0.16,0.62,0.2132,7.86,-1.93,-204.818,-2.0337,-1.92,-0.2321848
4/24/12 13:30,0.0,117.4,12.769,-312.6257,-0.79,0.41,0.2266,11.38,-10.1,-335.0206,-4.3539,-1.27,-0.41328202
4/24/12 14:00,0.0,154.7,14.076,-312.5606,-0.39,0.82,0.1939,12.72,-5.44,-409.0265,-6.3624,-2.53,-0.7598513
4/24/12 14:30,0.0,104.9,14.341,-312.4955,-1.29,0.34,0.0899,19.2,-18.56,-407.5901,-11.6898,-1.07,-0.7589281
4/24/12 15:00,0.0,97.0,13.523,-302.352,-2.57,0.32,0.0692,34.97,-34.71,-442.3561,-24.7279,-0.95,-1.4444618
4/24/12 15:30,0.0,69.2,11.693,-302.289,-4.3,-1.63,0.0272,53.82,-50.32,-431.2915,-42.7006,4.9,0.57281098
4/24/12 16:00,0.0,73.3,11.056,-302.304,-4.36,-1.31,0.0126,50.33,-48.2,-389.1719,-43.5844,3.92,0.16507393
4/24/12 16:30,0.0,93.1,10.777,-302.319,-4.11,0.22,-0.0054,44.39,-44.33,-318.9371,-41.0114,-0.67,-5.4714e-05
4/24/12 17:00,0.0,106.6,10.249,-302.334,-4.44,1.32,-0.0292,47.46,-45.48,-220.2948,-45.8459,-3.97,0.08232059
4/24/12 17:30,0.0,108.5,9.476,-302.349,-4.07,1.36,-0.0496,40.72,-38.61,-126.7761,-40.37,-4.09,0.06241986
4/24/12 18:00,0.0,101.2,8.523,-302.364,-3.54,0.7,-0.0646,30.79,-30.21,-42.992,-30.7936,-2.11,0.0578154
4/24/12 18:30,0.0,95.4,7.493,-302.379,-3.1,0.29,-0.0606,23.32,-23.21,-4.6994,-23.1187,-0.88,0.10406195
4/24/12 19:00,0.0,101.2,7.239,-302.484,-3.42,0.68,-0.0587,25.27,-24.79,0.0,-24.4102,-2.03,-0.0672782
4/24/12 19:30,0.0,109.5,6.149,-302.589,-2.41,0.85,-0.0522,15.75,-14.84,0.0,-14.5489,-2.56,-0.043049393
4/24/12 20:00,0.0,94.1,5.057,-272.4246,-2.6,0.19,-0.0541,13.18,-13.15,0.0,-11.4173,-0.5,-0.031529011
4/24/12 20:30,0.0,121.5,4.294,-262.4258,-1.56,0.96,-0.0433,7.86,-6.7,0.0,-6.2376,-2.49,-0.031529011
4/24/12 21:00,0.0,145.8,3.539,-262.5168,-1.19,1.76,-0.042,7.51,-4.22,0.0,-5.3127,-4.57,-0.031529011
4/24/12 21:30,0.0,81.1,2.722,-262.6078,-1.29,-0.2,-0.036,3.55,-3.5,0.0,-2.1591,0.52,-0.041063359
4/24/12 22:00,0.0,110.1,2.438,-262.6884,-1.26,0.46,-0.0281,3.28,-3.08,0.0,-1.6383,-1.2,-0.041063359
4/24/12 22:30,0.0,76.9,2.635,-262.769,-1.17,-0.27,-0.0279,3.17,-3.09,0.0,-1.2141,0.71,-0.041063359
4/24/12 23:00,0.0,52.4,2.881,-262.8496,-0.66,-0.51,-0.0258,2.41,-1.91,0.0,-0.6241,1.33,-0.041063359
4/24/12 23:30,0.0,159.3,3.1,-262.9302,-0.18,0.47,-0.0257,1.55,-0.55,0.0,-0.2019,-1.21,-0.028970016
4/25/12 0:00,0.0,69.3,2.008,-263.0108,-0.93,-0.35,-0.0189,1.99,-1.86,0.0,0.0,0.91,-0.026139831
4/25/12 0:30,0.0,221.0,2.125,-263.0914,0.19,0.22,-0.0156,0.62,0.4,0.0,0.0804,-0.57,-0.026139831
4/25/12 1:00,0.0,7.0,1.817,-252.935,-0.1,-0.8,-0.0116,1.46,-0.18,0.0,0.3786,2.0,-0.026139831
4/25/12 1:30,0.0,314.3,2.035,-242.7816,0.34,-0.33,-0.0146,0.97,0.69,0.0,0.3707,0.8,-0.026139831
4/25/12 2:00,0.0,25.8,1.388,-242.7456,-0.27,-0.56,-0.0021,0.86,-0.37,0.0,0.4282,1.33,0.055717428
4/25/12 2:30,0.0,235.3,1.309,-242.7096,0.27,0.19,-0.0128,0.43,0.36,0.0,0.263,-0.45,0.055717428
4/25/12 3:00,0.0,334.6,1.12,-242.6712,0.27,-0.57,-0.0152,0.71,0.3,0.0,0.5005,1.37,0.08080308
4/25/12 3:30,0.0,28.6,1.003,-242.6352,-0.26,-0.48,-0.0254,0.55,-0.26,0.0,0.4329,1.15,0.07880089
4/25/12 4:00,0.0,85.4,1.016,-242.6544,-0.74,-0.06,-0.0326,0.75,-0.75,0.0,0.6538,0.14,0.15008924
4/25/12 4:30,0.0,49.3,0.918,-242.6712,-0.41,-0.35,-0.0156,0.5,-0.38,0.0,0.4614,0.85,0.19177172
4/25/12 5:00,0.0,43.6,0.889,-242.688,-0.28,-0.29,-0.0035,0.36,-0.25,1.1784,0.3486,0.71,0.19177172
4/25/12 5:30,0.0,58.4,1.024,-242.7072,-0.22,-0.14,-0.0159,0.27,-0.23,14.834,0.266,0.33,0.14546747
4/25/12 6:00,0.0,268.6,1.249,-242.724,0.41,0.01,-0.0131,0.51,0.51,54.688,0.5133,-0.02,0.04061503
4/25/12 6:30,0.0,329.2,1.176,-242.7432,0.12,-0.2,0.0176,0.28,0.14,68.3562,0.274,0.48,0.032065044
4/25/12 7:00,0.0,24.9,1.48,-252.9,-0.15,-0.33,0.0423,0.54,-0.23,101.7265,0.5218,0.83,0.12719965
4/25/12 7:30,0.0,84.2,2.56,-252.9425,-0.5,-0.05,0.0358,1.29,-1.28,131.4191,1.192,0.13,0.19213523
4/25/12 8:00,0.0,87.0,3.945,-252.985,-1.72,-0.09,0.0236,6.79,-6.78,177.5101,5.8763,0.23,0.13004426
4/25/12 8:30,0.0,81.8,5.75,-253.0275,-2.84,-0.41,0.0292,16.49,-16.32,261.9653,13.0832,1.02,0.011819845
4/25/12 9:00,0.0,85.9,5.899,-253.07,-3.4,-0.24,0.0344,20.13,-20.08,242.0596,14.2322,0.61,0.06602034
4/25/12 9:30,0.0,82.9,5.988,-263.237,-3.31,-0.41,0.0938,19.99,-19.83,371.563,12.1679,1.07,-0.23960502
4/25/12 10:00,0.0,73.8,6.813,-273.2859,-3.15,-0.91,0.1367,22.32,-21.43,393.6345,11.1597,2.47,-0.10518133
4/25/12 10:30,0.0,71.7,7.819,-293.4452,-2.9,-0.96,0.146,23.89,-22.68,316.0031,9.1412,2.78,-0.20652561
4/25/12 11:00,0.0,95.6,8.991,-303.48,-2.84,0.28,0.1259,25.62,-25.49,199.7364,6.6297,-0.83,-0.10518133
4/25/12 11:30,0.0,88.9,9.308,-303.393,-2.44,-0.05,0.1381,22.69,-22.69,97.4647,2.962,0.14,0.024807538
4/25/12 12:00,0.0,98.1,9.307,-303.309,-2.6,0.37,0.0847,24.43,-24.19,0.0,0.0,-1.11,-0.023839332
4/25/12 12:30,0.0,93.4,8.933,-303.225,-3.14,0.19,0.043,28.1,-28.05,-53.2782,-3.6682,-0.56,0.24192456
4/25/12 13:00,0.0,93.7,8.682,-242.5584,-3.59,0.23,0.0749,31.22,-31.16,-140.6604,-8.0805,-0.56,0.5614787
4/25/12 13:30,0.0,99.6,8.537,-20.2114,-3.93,0.66,0.0829,34.03,-33.55,-193.4044,-13.0221,-0.13,0.36868569
4/25/12 14:00,0.0,111.8,8.73,0.0,-3.74,1.5,0.0842,35.2,-32.68,-304.2965,-17.5997,0.0,0.46867979
4/25/12 14:30,0.075,91.4,8.712,30.3117,-3.75,0.09,0.1098,32.66,-32.65,-392.7333,-19.8829,0.03,0.5863474
4/25/12 15:00,0.3,83.5,8.757,60.618,-3.85,-0.44,0.1206,33.93,-33.72,-418.6157,-23.9945,-0.26,0.8585183
4/25/12 15:30,0.65,92.0,8.667,80.8168,-4.45,0.16,0.1115,38.63,-38.61,-407.0958,-30.6463,0.12,0.8033571
4/25/12 16:00,1.1,78.9,8.127,101.032,-4.36,-0.86,0.0852,36.12,-35.44,-220.1298,-31.2777,-0.86,1.4512704
4/25/12 16:30,1.625,80.2,7.868,111.1462,-4.61,-0.8,0.0586,36.82,-36.28,-157.9067,-34.0193,-0.88,0.4255375
4/25/12 17:00,2.2,88.3,6.941,121.2636,-4.73,-0.14,0.0442,32.85,-32.84,-77.334,-31.7324,-0.17,0.06258142
4/25/12 17:30,2.8,87.6,6.05,121.2768,-4.45,-0.19,0.0319,26.93,-26.91,-35.5344,-26.7042,-0.22,0.18209543
4/25/12 18:00,3.4,89.5,5.679,121.2888,-4.54,-0.04,0.023,25.76,-25.76,-26.528,-25.7599,-0.05,0.07750841
4/25/12 18:30,4.025,86.6,5.238,131.4105,-4.01,-0.24,0.0162,21.06,-21.02,-2.6898,-20.8818,-0.31,-0.031529011
4/25/12 19:00,4.675,92.5,4.881,131.43,-4.02,0.18,0.0127,19.62,-19.6,0.0,-18.9483,0.23,-0.031529011
4/25/12 19:30,5.325,88.6,4.532,131.4508,-3.88,-0.09,0.0113,17.58,-17.58,0.0,-16.2456,-0.12,-0.031529011
4/25/12 20:00,5.975,91.3,4.396,131.4703,-3.68,0.08,0.0087,16.19,-16.19,0.0,-14.0214,0.11,0.30426941
4/25/12 20:30,6.625,91.4,4.227,131.4898,-3.64,0.09,0.0087,15.4,-15.39,0.0,-12.2168,0.12,-0.031529011
4/25/12 21:00,7.3,96.7,3.978,141.6268,-3.36,0.4,0.0116,13.47,-13.38,0.0,-9.5244,0.55,-0.05996184
4/25/12 21:30,8.0,93.7,3.801,141.6478,-3.44,0.22,0.0142,13.11,-13.09,0.0,-7.983,0.31,-0.11495571
4/25/12 22:00,8.725,90.1,3.667,151.749,-3.51,0.01,0.0128,12.87,-12.87,0.0,-6.4338,0.01,-0.031529011
4/25/12 22:30,9.475,95.5,3.426,151.7325,-3.44,0.33,0.0138,11.85,-11.79,0.0,-4.5337,0.5,-0.32459712
4/25/12 23:00,10.225,94.7,3.187,151.7145,-3.41,0.28,0.0123,10.91,-10.87,0.0,-2.8227,0.42,-0.31003941
4/25/12 23:30,11.0,85.6,3.094,161.8112,-2.87,-0.22,0.0128,8.91,-8.89,0.0,-1.1635,-0.35,-0.07602552
4/26/12 0:00,11.8,95.0,3.024,161.7936,-3.16,0.28,0.0142,9.59,-9.56,0.0,0.0,0.44,-0.031529011
4/26/12 0:30,12.6,95.5,2.902,161.7744,-2.78,0.27,0.0096,8.1,-8.07,0.0,1.0576,0.43,-0.031529011
4/26/12 1:00,13.4,90.2,2.811,161.7328,-3.05,0.01,0.0077,8.57,-8.57,0.0,2.2168,0.02,-0.06097736
4/26/12 1:30,14.2,98.3,2.789,161.6896,-2.7,0.39,0.0038,7.62,-7.54,0.0,2.9159,0.63,-0.031529011
4/26/12 2:00,15.0,103.9,2.648,161.6464,-2.86,0.71,0.0034,7.8,-7.57,0.0,3.9005,1.13,-0.031529011
4/26/12 2:30,15.8,96.5,2.395,161.6032,-2.68,0.31,0.0026,6.47,-6.43,0.0,3.938,0.49,-0.045088511
4/26/12 3:00,16.6,96.2,2.362,161.5616,-2.52,0.27,-0.0047,6.0,-5.96,0.0,4.2406,0.44,-0.045088511
4/26/12 3:30,17.4,103.7,2.405,161.5184,-2.69,0.66,-0.0071,6.66,-6.47,0.0,5.2871,1.05,-0.045088511
4/26/12 4:00,18.225,110.6,2.062,171.5912,-2.23,0.84,-0.0057,4.91,-4.59,0.0,4.2483,1.42,-0.045088511
4/26/12 4:30,19.075,106.1,2.15,171.5708,-2.43,0.7,-0.0106,5.44,-5.22,0.0,5.0215,1.19,0.08452473
4/26/12 5:00,19.925,109.5,2.109,171.5487,-2.35,0.83,-0.0073,5.25,-4.95,0.7148,5.0684,1.41,-0.045088511
4/26/12 5:30,20.8,110.7,2.217,181.6182,-2.43,0.92,-0.0114,5.77,-5.39,8.8239,5.7171,1.65,0.023209825
4/26/12 6:00,21.7,118.0,2.738,181.5948,-2.47,1.31,-0.0216,7.67,-6.77,22.148,7.6664,2.37,0.10421774
4/26/12 6:30,22.625,121.6,3.187,191.6587,-2.4,1.47,-0.0268,8.97,-7.64,37.312,8.8883,2.8,0.09990755
4/26/12 7:00,23.6,133.2,3.819,201.738,-2.5,2.35,-0.0349,13.11,-9.56,48.1659,12.6676,4.7,-0.056049203
4/26/12 7:30,24.625,134.2,4.211,211.8186,-2.6,2.53,-0.0392,15.26,-10.94,73.9676,14.0951,5.3,-0.1753503
4/26/12 8:00,25.7,142.6,4.651,221.8964,-2.4,3.14,-0.0423,18.39,-11.17,127.0199,15.9303,6.91,-0.18573053
4/26/12 8:30,26.8,149.0,4.997,221.8876,-1.97,3.28,-0.0406,19.13,-9.85,120.6357,15.1757,7.22,0.13363897
4/26/12 9:00,27.925,159.0,5.897,231.9642,-1.66,4.33,-0.0447,27.36,-9.8,136.2234,19.3437,9.96,0.001841726
4/26/12 9:30,29.1,163.8,6.713,242.04,-1.28,4.4,-0.0436,30.77,-8.58,84.9776,18.729,10.56,-0.019700511
4/26/12 10:00,30.3,172.9,6.981,241.9752,-0.47,3.75,-0.04,26.4,-3.26,91.531,13.2011,9.01,-0.05382833
4/26/12 10:30,31.5,183.6,7.263,241.9104,0.29,4.65,-0.0363,33.83,2.12,72.0712,12.9466,11.16,-0.05382833
4/26/12 11:00,32.725,189.3,7.307,251.92,0.87,5.3,-0.0288,39.25,6.34,57.5044,10.1576,13.25,0.25771705
4/26/12 11:30,34.0,185.6,7.766,261.9266,0.46,4.72,-0.0198,36.85,3.6,52.9808,4.8098,12.28,0.34897537
4/26/12 12:00,35.3,188.4,7.995,261.8564,0.75,5.1,0.0064,41.22,6.02,0.0,0.0,13.26,0.42880909
4/26/12 12:30,36.625,191.2,9.917,271.8549,1.01,5.12,0.0115,51.81,10.06,-52.7639,-6.7621,13.84,0.9844197
4/26/12 13:00,37.975,192.7,10.297,271.8144,1.15,5.1,0.0109,53.8,11.83,-68.5555,-13.9249,13.76,0.32942084
4/26/12 13:30,39.325,194.2,9.384,271.7739,1.07,4.24,0.0006,41.06,10.07,-76.5229,-15.7111,11.45,-0.026235613
4/26/12 14:00,40.675,189.1,9.271,271.7361,0.73,4.57,-0.0121,42.87,6.78,-88.371,-21.4346,12.33,0.23232328
4/26/12 14:30,42.025,184.7,8.682,271.6956,0.31,3.72,-0.0222,32.38,2.65,-93.5289,-19.714,10.04,-0.011884469
4/26/12 15:00,43.375,194.0,8.468,271.6551,0.92,3.7,-0.0216,32.27,7.81,-58.0803,-22.8194,9.98,-0.10185781
4/26/12 15:30,44.725,171.9,7.12,271.6146,-0.53,3.7,-0.008,26.58,-3.75,-83.2331,-21.0865,9.98,-0.12697462
4/26/12 16:00,46.1,179.8,6.485,281.6632,-0.01,3.86,-0.0085,25.04,-0.09,-74.4834,-21.6841,10.81,-0.010233095
4/26/12 16:30,47.5,202.5,4.366,281.6492,1.56,3.76,0.0178,17.75,6.79,-52.0421,-16.3968,10.52,0.056046895
4/26/12 17:00,48.9,182.7,3.687,281.638,0.17,3.7,0.0364,13.67,0.64,-42.8205,-13.202,10.37,0.06550104
4/26/12 17:30,50.3,179.9,3.879,281.624,-0.01,4.16,0.0228,16.15,-0.03,-28.28,-16.0101,11.66,0.07750841
4/26/12 18:00,51.7,178.0,4.369,281.61,-0.13,3.77,0.0078,16.48,-0.58,-6.776,-16.4799,10.56,-0.031529011
4/26/12 18:30,53.1,176.0,4.12,281.5988,-0.23,3.31,0.0031,13.66,-0.95,-0.2964,-13.545,9.26,-0.031529011
4/26/12 19:00,54.5,167.6,3.431,281.6548,-0.61,2.79,0.0071,9.81,-2.11,0.0,-9.4717,7.82,-0.031529011
4/26/12 19:30,55.9,150.6,2.554,281.7108,-1.35,2.4,0.0097,7.03,-3.45,0.0,-6.4959,6.72,-0.031529011
4/26/12 20:00,57.3,154.9,2.492,281.7668,-1.27,2.71,0.0063,7.47,-3.17,0.0,-6.4679,7.6,-0.045088511
4/26/12 20:30,58.7,150.1,2.159,281.8228,-1.19,2.07,0.005,5.16,-2.57,0.0,-4.0971,5.81,-0.045088511
4/26/12 21:00,60.1,145.5,1.695,281.8788,-1.66,2.42,0.0053,4.98,-2.82,0.0,-3.5213,6.78,-0.045088511
4/26/12 21:30,61.5,152.1,1.607,281.9348,-1.21,2.29,0.0059,4.17,-1.95,0.0,-2.5377,6.42,-0.045088511
4/26/12 22:00,62.9,152.3,1.55,281.9264,-1.25,2.39,0.0071,4.18,-1.94,0.0,-2.0886,6.68,-0.045088511
4/26/12 22:30,64.325,139.7,1.449,291.9836,-1.64,1.94,0.0097,3.68,-2.38,0.0,-1.4073,5.61,-0.045088511
4/26/12 23:00,65.775,130.5,1.374,291.972,-1.66,1.42,0.0104,3.0,-2.28,0.0,-0.776,4.11,-0.045088511
4/26/12 23:30,67.2,123.8,1.436,281.8956,-1.81,1.21,0.0079,3.12,-2.59,0.0,-0.4073,3.38,-0.045088511
4/27/12 0:00,68.6,108.3,1.387,281.8844,-1.37,0.45,0.0082,2.0,-1.9,0.0,0.0,1.27,-0.045088511
4/27/12 0:30,70.0,105.6,1.303,281.8732,-1.66,0.46,0.0087,2.25,-2.17,0.0,0.2939,1.3,-0.045088511
4/27/12 1:00,71.4,91.8,1.313,281.8396,-1.51,0.05,0.005,1.99,-1.98,0.0,0.5138,0.13,-0.045088511
4/27/12 1:30,72.8,69.2,1.199,281.8032,-1.43,-0.54,0.0061,1.83,-1.71,0.0,0.7006,-1.52,-0.045088511
4/27/12 2:00,74.225,88.0,1.141,291.8328,-2.1,-0.07,0.0058,2.39,-2.39,0.0,1.1963,-0.21,-0.045088511
4/27/12 2:30,75.675,82.8,1.112,291.7951,-2.13,-0.27,0.0049,2.39,-2.37,0.0,1.4541,-0.78,-0.045088511
4/27/12 3:00,77.125,90.7,1.081,291.7603,-2.38,0.03,0.0029,2.58,-2.58,0.0,1.8223,0.08,-0.045088511
4/27/12 3:30,78.575,104.7,1.081,291.7226,-2.22,0.58,-0.0007,2.48,-2.4,0.0,1.9691,1.69,-0.045088511
4/27/12 4:00,80.025,108.6,1.073,291.7574,-2.15,0.72,-0.0022,2.44,-2.31,0.0,2.1094,2.1,-0.045088511
4/27/12 4:30,81.525,93.5,1.059,311.9158,-2.04,0.12,-0.0029,2.16,-2.16,0.0,1.9959,0.39,-0.045088511
4/27/12 5:00,83.075,79.4,1.058,311.953,-1.78,-0.33,-0.004,1.92,-1.88,0.8684,1.8518,-1.03,-0.045088511
4/27/12 5:30,84.625,75.4,1.056,311.9933,-1.43,-0.37,-0.0043,1.56,-1.51,3.4264,1.5474,-1.15,-0.045088511
4/27/12 6:00,86.175,72.2,1.05,312.0305,-1.59,-0.51,-0.0049,1.75,-1.67,10.488,1.7514,-1.58,-0.045088511
4/27/12 6:30,87.725,71.4,1.058,312.0677,-1.62,-0.54,-0.0061,1.81,-1.71,15.3733,1.7906,-1.69,-0.045088511
4/27/12 7:00,89.3,52.9,1.066,322.1728,-0.98,-0.74,-0.0065,1.3,-1.04,25.2792,1.2593,-2.36,0.07219424
4/27/12 7:30,90.95,46.6,1.07,342.3494,-0.99,-0.93,-0.0058,1.45,-1.06,34.1484,1.3425,-3.17,0.09921515
4/27/12 8:00,92.7,54.6,1.07,362.5272,-1.49,-1.06,0.0018,1.96,-1.6,56.7437,1.6976,-3.82,0.06261604
4/27/12 8:30,94.55,54.6,1.08,382.7132,-1.76,-1.25,0.0101,2.34,-1.91,57.5443,1.8542,-4.76,0.06261604
4/27/12 9:00,96.5,48.1,1.107,402.904,-1.61,-1.44,0.0146,2.39,-1.78,89.1725,1.6892,-5.76,-0.18053753
4/27/12 9:30,98.5,39.4,1.14,402.952,-1.13,-1.38,0.0175,2.03,-1.29,73.2121,1.2374,-5.51,-0.042250248
4/27/12 10:00,100.5,39.3,1.145,402.976,-1.04,-1.27,0.0214,1.87,-1.19,54.21,0.9366,-5.06,-0.042250248
4/27/12 10:30,102.525,40.1,1.147,413.0709,-1.21,-1.43,0.0267,2.15,-1.39,46.5852,0.823,-5.88,-0.042250248
4/27/12 11:00,104.6,40.2,1.153,423.171,-1.09,-1.29,0.0331,1.95,-1.26,31.3407,0.5049,-5.43,-0.042250248
4/27/12 11:30,106.775,46.9,1.172,453.4245,-1.54,-1.44,0.0406,2.47,-1.81,21.0689,0.3228,-6.49,0.048854013
4/27/12 12:00,109.075,50.4,1.193,473.6049,-1.82,-1.51,0.0537,2.82,-2.17,0.0,0.0,-7.08,0.047112627
4/27/12 12:30,111.475,56.7,1.211,493.7877,-1.93,-1.27,0.0615,2.8,-2.34,-20.3545,-0.3658,-6.23,0.0805492
4/27/12 13:00,113.95,56.4,1.258,503.845,-2.21,-1.47,0.0643,3.33,-2.78,-39.7655,-0.8625,-7.33,0.11484608
4/27/12 13:30,116.45,,1.3,503.83,,,0.0669,1.5,,-52.3721,-0.5736,,0.07909516
4/27/12 14:00,118.975,,1.276,513.8862,,,0.0625,1.59,,-40.038,-0.7956,,0.06261604
4/27/12 14:30,121.525,44.4,1.216,513.8709,-1.4,-1.43,0.061,2.43,-1.7,-66.3994,-1.4805,-7.29,-0.042250248
4/27/12 15:00,124.075,42.8,1.213,513.8505,-1.26,-1.36,0.0561,2.26,-1.53,-35.6834,-1.5954,-6.96,0.056046895
4/27/12 15:30,126.625,66.3,1.266,513.8352,-1.77,-0.78,0.0508,2.45,-2.24,-46.3398,-1.9425,-3.96,0.056046895
4/27/12 16:00,129.175,60.7,1.272,513.9678,-1.58,-0.89,0.0456,2.31,-2.01,-26.2631,-2.0005,-4.53,0.06932655
4/27/12 16:30,131.7,43.5,1.241,504.02,-1.56,-1.65,0.0504,2.82,-1.94,-18.8425,-2.6026,-8.23,0.11111866
4/27/12 17:00,134.2,45.8,1.287,504.15,-1.96,-1.91,,3.53,-2.53,-21.657,-3.4062,-9.55,0.10425813
4/27/12 17:30,135.525,,1.348,30.2568,,,,2.38,,-17.0092,-2.3629,,-0.024435373
4/27/12 18:00,135.533,,1.28,-252.205,,,,2.34,,-12.889,-2.3411,,-0.045088511
4/27/12 18:30,135.533,,1.291,-272.4516,,,0.0022,2.44,,-3.0408,-2.4178,,-0.045088511
4/27/12 19:00,135.533,,1.37,-302.82,,,,2.64,,0.0,-2.554,,-0.045088511
4/27/12 19:30,135.533,,1.521,-302.919,,,,3.0,,0.0,-2.7683,,-0.045088511
4/27/12 20:00,135.533,,1.431,-292.9145,,,,2.88,,0.0,-2.4922,,-0.045088511
4/27/12 20:30,135.533,,1.323,-293.0073,,,0.0059,2.71,,0.0,-2.1527,,-0.045088511
4/27/12 21:00,135.533,,1.177,-293.103,,,0.0069,2.46,,0.0,-1.7411,,-0.045088511
4/27/12 21:30,135.533,,1.113,-293.1958,,,,2.37,,0.0,-1.4445,,-0.045088511
4/27/12 22:00,135.533,,1.116,-303.357,,,,2.38,,0.0,-1.1902,,-0.045088511
4/27/12 22:30,135.533,,1.128,-303.405,,,,2.41,,0.0,-0.9207,,-0.045088511
4/27/12 23:00,135.533,,1.124,-303.453,,,,2.4,,0.0,-0.6205,,-0.045088511
4/27/12 23:30,135.533,,1.099,-303.501,,,,2.34,,0.0,-0.306,,-0.045088511
4/28/12 0:00,135.533,,1.044,-303.549,,,,2.23,,0.0,0.0,,-0.045088511
4/28/12 0:30,135.533,,0.998,-303.6,,,,2.13,,0.0,0.2779,,-0.045088511
4/28/12 1:00,135.533,,0.984,-303.627,,,,2.05,,0.0,0.5307,,-0.045088511
4/28/12 1:30,135.533,,0.975,-303.654,,,,1.98,,0.0,0.7593,,-0.045088511
4/28/12 2:00,135.533,,0.98,-303.681,,,,1.95,,0.0,0.9731,,-0.045088511
4/28/12 2:30,135.533,,0.987,-303.708,,,,1.91,,0.0,1.1632,,-0.045088511
4/28/12 3:00,135.533,,1.001,-303.735,,,,1.89,,0.0,1.3356,,-0.045088511
4/28/12 3:30,135.533,,0.97,-303.759,,,,1.78,,0.0,1.4144,,-0.045088511
4/28/12 4:00,135.533,,0.957,-303.84,,,,1.72,,0.0,1.491,,-0.045088511
4/28/12 4:30,135.533,,1.01,-303.918,,,,1.78,,0.0,1.6432,,-0.045088511
4/28/12 5:00,135.533,,1.06,-303.996,,,,1.83,,0.7901,1.7631,,-0.045088511
4/28/12 5:30,135.533,,1.053,-304.074,,,,1.77,,8.107,1.757,,-0.045088511
4/28/12 6:00,135.533,,1.081,-304.152,,,,1.78,,20.728,1.7772,,0.09632438
4/28/12 6:30,135.533,,1.017,-314.371,,,,1.63,,33.1589,1.6183,,0.016944182
4/28/12 7:00,135.533,,1.053,-314.4454,,,,1.6,,84.363,1.544,,0.08263217
4/28/12 7:30,135.533,,1.28,-314.5198,,,,1.83,,178.8234,1.6911,,0.07139221
4/28/12 8:00,135.533,,1.656,-314.5942,,,,2.22,,244.4487,1.9246,,0.14140539
4/28/12 8:30,135.533,,2.094,-314.6686,,,,2.63,,201.6561,2.0832,,0.13004426
4/28/12 9:00,135.533,,2.303,-314.743,,,,2.69,,200.6005,1.8988,,0.12866523
4/28/12 9:30,135.533,,7.545,-304.662,,,,8.13,,351.3643,4.9514,,0.6636077
4/28/12 10:00,135.533,,2.89,-304.626,,,,3.1,,334.5775,1.549,,-0.16364297
4/28/12 10:30,135.533,,2.972,-314.743,,,,3.17,,332.4302,1.2113,,-0.052021743
4/28/12 11:00,135.533,,3.599,-324.8576,,,,3.81,,240.3539,0.9855,,-0.18000092
4/28/12 11:30,135.533,,4.038,-324.816,,,,4.24,,128.284,0.5539,,-0.49176556
4/28/12 12:00,135.533,,4.188,-324.7776,,,,4.38,,0.0,0.0,,-0.21316688
4/28/12 12:30,135.533,,4.224,-314.5911,,,,4.38,,-114.3361,-0.5723,,-0.14370762
4/28/12 13:00,135.533,,4.265,-314.5849,,,,4.77,,-239.0116,-1.2352,,-0.25269715
4/28/12 13:30,135.533,,4.577,-314.5787,,,,5.49,,-335.7676,-2.1019,,-0.16735308
4/28/12 14:00,135.533,,4.749,-223.245,,,,6.08,,-415.6755,-3.0417,,-0.22204114
4/28/12 14:30,136.2664,,4.809,446.4812,,,,6.55,,-460.8458,-3.9873,,0.040370382
4/28/12 15:00,138.4414,113.2,5.224,436.321,-3.87,1.66,0.245,22.0,-20.22,-481.4775,-15.5551,7.13,0.057135694
4/28/12 15:30,140.5664,101.2,5.287,426.1656,-3.61,0.71,0.2359,19.44,-19.07,-464.8114,-15.423,3.0,0.6636077
4/28/12 16:00,142.6664,,5.362,426.2412,,,0.2258,8.33,,-421.4097,-7.2116,,0.17520028
4/28/12 16:30,144.7164,98.9,5.361,406.016,-3.37,0.53,0.2221,18.29,-18.07,-353.4366,-16.8994,2.11,0.17442133
4/28/12 17:00,146.7164,110.3,5.482,406.084,-3.63,1.34,0.2186,21.23,-19.91,-264.5178,-20.503,5.37,0.7667753
4/28/12 17:30,148.7164,103.0,5.452,406.156,-3.55,0.82,0.2108,19.84,-19.33,-165.5554,-19.6701,3.27,0.1007442
4/28/12 18:00,150.6914,92.4,5.362,396.0684,-3.36,0.14,0.2073,18.04,-18.02,-72.832,-18.0378,0.55,0.23432547
4/28/12 18:30,152.6414,93.0,4.926,396.1386,-3.27,0.17,0.2042,16.15,-16.13,-13.0881,-16.0142,0.67,-0.031529011
4/28/12 19:00,154.5664,92.4,4.25,386.118,-3.08,0.13,0.195,13.09,-13.08,0.0,-12.644,0.49,-0.045088511
4/28/12 19:30,156.4664,89.7,3.569,386.2548,-3.02,-0.02,0.1797,10.79,-10.79,0.0,-9.9711,-0.06,-0.045088511
4/28/12 20:00,158.3414,96.3,3.261,376.2234,-2.7,0.3,0.1647,8.87,-8.81,0.0,-7.6788,1.1,-0.045088511
4/28/12 20:30,160.1914,86.8,2.881,376.3529,-2.55,-0.14,0.152,7.35,-7.34,0.0,-5.8284,-0.53,-0.045088511
4/28/12 21:00,162.0164,93.7,2.474,366.3108,-2.22,0.14,0.145,5.5,-5.49,0.0,-3.8924,0.52,-0.08390734
4/28/12 21:30,163.7664,131.4,2.079,346.0826,-0.92,0.82,0.1425,2.56,-1.92,0.0,-1.5605,2.77,-0.1005711
4/28/12 22:00,165.4664,143.4,1.663,346.0554,-0.6,0.8,0.1408,1.66,-0.99,0.0,-0.8298,2.72,0.18680952
4/28/12 22:30,167.1664,145.6,1.311,346.0248,-0.83,1.21,0.1402,1.93,-1.09,0.0,-0.738,4.13,0.23551986
4/28/12 23:00,168.8664,129.7,1.048,345.9976,-0.77,0.64,0.1422,1.05,-0.81,0.0,-0.2721,2.18,0.26006544
4/28/12 23:30,170.5414,60.3,1.099,335.7915,-0.59,-0.34,0.132,0.75,-0.65,0.0,-0.0973,-1.11,0.26006544
4/29/12 0:00,172.2164,60.3,1.119,345.9398,-0.84,-0.48,0.1253,1.08,-0.94,0.0,0.0,-1.63,0.26006544
4/29/12 0:30,173.8914,96.5,1.174,335.7354,-0.63,0.07,0.1199,0.74,-0.74,0.0,0.097,0.24,0.26006544
4/29/12 1:00,175.5414,319.2,1.143,335.7024,0.15,-0.17,0.1111,0.26,0.17,0.0,0.0674,-0.57,0.26006544
4/29/12 1:30,177.1914,56.7,0.682,335.6661,-0.4,-0.27,0.1246,0.33,-0.28,0.0,0.1261,-0.88,0.26549501
4/29/12 2:00,178.8414,336.2,0.547,335.6331,0.25,-0.57,0.1326,0.34,0.14,0.0,0.169,-1.87,0.25645342
4/29/12 2:30,180.5164,36.4,0.454,345.7698,-0.23,-0.31,0.1335,0.18,-0.1,0.0,0.1067,-1.06,0.25469934
4/29/12 3:00,182.2164,294.2,0.382,345.7324,0.05,-0.02,0.1282,0.02,0.02,0.0,0.0151,-0.08,0.25469934
4/29/12 3:30,183.9164,79.6,0.344,345.6984,-0.43,-0.08,0.1316,0.15,-0.15,0.0,0.1193,-0.27,0.25469934
4/29/12 4:00,185.6164,125.7,0.277,345.7426,-0.7,0.5,0.1425,0.24,-0.19,0.0,0.2063,1.71,0.25469934
4/29/12 4:30,187.3164,130.2,0.22,345.7902,-0.39,0.33,0.1382,0.11,-0.09,0.0,0.1047,1.13,0.26037702
4/29/12 5:00,189.0164,65.4,0.229,345.8344,-0.43,-0.2,0.1404,0.11,-0.1,2.8543,0.1044,-0.67,0.25433006
4/29/12 5:30,190.7164,78.1,0.243,345.882,-0.44,-0.09,0.1392,0.11,-0.11,28.6557,0.1091,-0.32,0.047762906
4/29/12 6:00,192.4164,348.9,0.276,345.9262,0.07,-0.34,0.1197,0.1,0.02,89.388,0.0966,-1.17,0.19335847
4/29/12 6:30,194.1414,30.3,0.378,356.146,-0.08,-0.13,0.0873,0.06,-0.03,202.4947,0.0585,-0.47,0.11670979
4/29/12 7:00,195.9164,241.5,1.245,366.3324,0.11,0.06,0.0282,0.16,0.14,285.603,0.1551,0.22,0.32424515
4/29/12 7:30,197.6914,172.8,2.172,356.167,-0.02,0.15,0.0135,0.33,-0.04,356.3163,0.305,0.53,0.19392393
4/29/12 8:00,199.3914,23.8,2.975,335.8212,-0.13,-0.3,0.018,0.98,-0.4,442.0471,0.8502,-1.0,-0.33856052
4/29/12 8:30,201.0164,335.9,2.669,325.6544,0.09,-0.19,0.018,0.57,0.23,489.9187,0.451,-0.62,-0.026573158
4/29/12 9:00,202.6164,304.7,2.967,325.664,0.39,-0.27,0.0311,1.39,1.14,501.939,0.984,-0.85,-0.08470937
4/29/12 9:30,204.2164,267.3,4.056,325.6704,0.36,0.02,0.0434,1.44,1.44,478.1334,0.879,0.05,-0.06733013
4/29/12 10:00,205.8164,284.3,4.595,325.5552,0.46,-0.12,0.0572,2.17,2.11,427.117,1.0867,-0.37,-0.16846669
4/29/12 10:30,207.4164,239.3,5.339,325.44,0.89,0.53,0.067,5.55,4.77,346.332,2.1249,1.7,-0.16248897
4/29/12 11:00,209.0164,251.2,6.194,325.3248,1.12,0.38,0.0752,7.33,6.94,242.7992,1.8981,1.22,0.030843535
4/29/12 11:30,210.6164,320.7,6.996,325.2064,0.26,-0.32,0.0894,2.88,1.82,125.387,0.3753,-1.02,-0.2009691
4/29/12 12:00,212.2164,230.8,9.715,325.0912,0.83,0.68,0.095,10.4,8.06,0.0,0.0,2.17,0.07313475
4/29/12 12:30,213.8414,208.1,11.903,335.1315,0.91,1.71,0.0972,23.1,10.88,-114.5007,-3.0156,5.65,-0.47073968
4/29/12 13:00,215.4914,194.2,13.125,335.115,0.37,1.47,0.0989,19.86,4.87,-199.3466,-5.1397,4.84,-0.09212382
4/29/12 13:30,217.1664,165.7,13.49,345.253,-0.46,1.82,0.0962,25.39,-6.27,-206.4987,-9.7156,6.2,-0.31148768
4/29/12 14:00,218.8914,132.3,13.987,355.3865,-1.12,1.02,0.0887,21.18,-15.66,-336.162,-10.5882,3.57,-0.07341748
4/29/12 14:30,220.6414,149.3,15.653,355.369,-0.81,1.36,0.071,24.7,-12.61,-424.7475,-15.0367,4.75,-0.22020051
4/29/12 15:00,222.3664,165.3,17.833,345.1986,-0.46,1.76,0.0595,32.4,-8.22,-331.9979,-22.9121,5.98,-0.16612984
4/29/12 15:30,224.0664,199.4,17.676,345.1816,0.65,1.85,0.0527,34.73,11.54,-278.0243,-27.5558,6.3,0.12887872
4/29/12 16:00,225.7914,151.3,17.033,355.3725,-1.24,2.26,0.0475,43.91,-21.09,-215.7382,-38.0281,7.91,0.15872116
4/29/12 16:30,227.5664,136.6,13.731,365.5656,-2.48,2.62,0.0598,49.53,-34.03,-190.4402,-45.7576,9.43,-0.001855517
4/29/12 17:00,229.3664,146.4,11.78,365.6016,-2.1,3.16,0.0648,44.67,-24.72,-134.6539,-43.1477,11.37,0.18939448
4/29/12 17:30,231.1664,147.8,9.908,365.6412,-1.73,2.75,0.0735,32.24,-17.18,-83.2179,-31.9648,9.91,0.046036522
4/29/12 18:00,232.9664,139.9,8.46,365.6808,-2.2,2.61,0.0928,28.91,-18.62,-41.913,-28.9078,9.41,0.052529503
4/29/12 18:30,234.7414,132.3,7.746,355.5615,-2.21,2.01,0.0985,23.18,-17.14,-7.5152,-22.9778,7.05,0.01401533
4/29/12 19:00,236.4664,121.9,6.348,345.4672,-1.84,1.14,0.0986,13.73,-11.66,0.0,-13.2629,3.89,0.01401533
4/29/12 19:30,238.1914,119.2,5.34,355.6945,-2.06,1.15,0.0987,12.6,-11.0,0.0,-11.6431,4.03,0.12617259
4/29/12 20:00,239.9414,112.6,4.232,355.7645,-1.86,0.78,0.0962,8.54,-7.88,0.0,-7.396,2.71,0.12175277
4/29/12 20:30,241.6914,121.0,3.606,355.831,-1.79,1.07,0.0919,7.52,-6.44,0.0,-5.9648,3.76,0.12175277
4/29/12 21:00,243.4664,121.0,3.407,366.066,-1.96,1.18,0.0844,7.77,-6.66,0.0,-5.4976,4.23,0.12175277
4/29/12 21:30,245.2664,107.2,3.072,366.1344,-1.73,0.53,0.0806,5.55,-5.3,0.0,-3.3774,1.92,0.12175277
4/29/12 22:00,247.0664,108.9,2.559,366.084,-1.5,0.52,0.0844,4.07,-3.85,0.0,-2.0344,1.85,0.08459397
4/29/12 22:30,248.8664,107.0,2.243,366.0336,-1.32,0.4,0.0863,3.09,-2.95,0.0,-1.182,1.45,-0.00581039
4/29/12 23:00,250.6414,102.2,1.952,355.8135,-0.97,0.21,0.0854,1.94,-1.89,0.0,-0.5017,0.73,-0.010627186
4/29/12 23:30,252.4164,127.2,1.306,365.9292,-0.91,0.69,0.0973,1.49,-1.19,0.0,-0.1943,2.48,-0.010627186
4/30/12 0:00,254.2414,129.5,1.165,376.0421,-1.12,0.92,0.0878,1.68,-1.3,0.0,0.0,3.4,-0.010627186
4/30/12 0:30,256.0914,126.0,1.078,375.9866,-0.73,0.53,0.0798,0.97,-0.78,0.0,0.1265,1.96,-0.010627186
4/30/12 1:00,257.9414,142.0,1.021,375.9718,-0.61,0.78,0.0687,1.01,-0.62,0.0,0.2619,2.89,-0.010627186
4/30/12 1:30,259.7914,125.8,0.895,375.9533,-0.81,0.58,0.0706,0.89,-0.73,0.0,0.3422,2.16,0.001070047
4/30/12 2:00,261.6414,141.7,1.021,375.9348,-1.24,1.57,0.054,2.05,-1.27,0.0,1.0225,5.82,-0.010627186
4/30/12 2:30,263.4664,147.7,1.488,365.7564,-0.58,0.91,0.028,1.61,-0.86,0.0,0.9783,3.29,-0.010627186
4/30/12 3:00,265.2664,119.9,1.274,365.742,-0.85,0.49,0.0337,1.25,-1.09,0.0,0.8873,1.77,-0.010627186
4/30/12 3:30,267.0664,130.6,1.416,365.724,-1.17,1.0,0.0309,2.19,-1.66,0.0,1.7345,3.62,-0.010627186
4/30/12 4:00,268.8664,129.2,1.599,365.7996,-1.33,1.09,0.03,2.75,-2.13,0.0,2.3777,3.91,-0.010627186
4/30/12 4:30,270.6664,115.0,1.747,365.8752,-1.84,0.86,0.0328,3.54,-3.21,0.0,3.2748,3.09,-0.010627186
4/30/12 5:00,272.4664,120.2,1.859,365.9508,-1.86,1.08,0.0341,3.99,-3.45,0.8404,3.8571,3.89,-0.010627186
4/30/12 5:30,274.2664,124.0,2.19,366.0264,-1.74,1.17,0.0237,4.6,-3.81,11.3104,4.5618,4.23,-0.010627186
4/30/12 6:00,276.0664,126.5,2.293,366.102,-1.64,1.21,0.0152,4.68,-3.76,38.048,4.6777,4.37,0.12804784
4/30/12 6:30,277.8664,130.7,2.345,366.1776,-1.19,1.02,0.0097,3.67,-2.78,109.3018,3.6409,3.68,-0.014652338
4/30/12 7:00,279.6664,132.9,2.788,366.21,-0.77,0.71,-0.0069,2.92,-2.14,190.7761,2.8223,2.57,0.0918584
4/30/12 7:30,281.4664,149.4,3.718,366.2424,-0.53,0.9,-0.0277,3.87,-1.97,261.1743,3.5724,3.22,0.8248792
4/30/12 8:00,283.2664,164.6,4.714,366.2748,-0.38,1.36,-0.0368,6.66,-1.77,284.7717,5.7685,4.9,0.19845338
4/30/12 8:30,285.0664,196.5,5.565,366.3072,0.32,1.08,-0.0374,6.27,1.78,310.62,4.9757,3.89,0.50559625
4/30/12 9:00,286.8664,193.9,6.221,366.3396,0.22,0.87,-0.0227,5.6,1.35,181.2286,3.959,3.15,0.35188922
4/30/12 9:30,288.6664,203.2,6.691,366.372,0.36,0.83,-0.0149,6.08,2.39,190.8491,3.6985,3.0,0.27276521
4/30/12 10:00,290.4664,197.5,6.735,366.3,0.28,0.88,-0.006,6.24,1.88,182.1715,3.1183,3.18,0.27776203
4/30/12 10:30,292.2664,193.5,6.871,366.228,0.15,0.61,0.005,4.28,1.0,150.6602,1.6381,2.18,0.2711323
4/30/12 11:00,294.0664,209.5,7.228,366.156,0.41,0.73,0.0119,6.04,2.97,99.3909,1.5621,2.62,0.2711323
4/30/12 11:30,295.8664,192.8,7.576,366.084,0.24,1.06,0.0211,8.21,1.82,56.3826,1.0719,3.81,0.13342548
4/30/12 12:00,297.6664,209.8,8.118,366.012,0.59,1.04,0.0261,9.7,4.82,0.0,0.0,3.73,-0.1208815
4/30/12 12:30,299.4664,202.3,8.741,365.94,0.51,1.24,0.0296,11.67,4.43,-62.8179,-1.5231,4.45,-0.10687194
4/30/12 13:00,301.2914,186.1,9.439,376.0606,0.18,1.72,0.036,16.29,1.73,-120.4735,-4.2166,6.35,-0.25626878
4/30/12 13:30,303.1414,170.0,9.8,376.0125,-0.34,1.92,0.0445,19.09,-3.32,-149.5148,-7.3056,7.1,-0.07312898
4/30/12 14:00,304.9914,172.8,10.307,375.9681,-0.2,1.58,0.0453,16.37,-2.05,-192.526,-8.1838,5.83,0.024465954
4/30/12 14:30,306.8164,128.5,10.673,365.76,-1.16,0.92,0.0418,15.8,-12.36,-289.0509,-9.616,3.32,-0.10687194
4/30/12 15:00,308.6414,115.3,11.188,375.8756,-1.75,0.83,0.043,21.68,-19.6,-267.9426,-15.3317,3.06,0.15865769
4/30/12 15:30,310.5414,151.3,8.504,396.1425,-1.96,3.58,0.0634,34.66,-16.65,-167.342,-27.4995,13.94,-0.23348882
4/30/12 16:00,312.4914,137.1,7.936,396.201,-2.47,2.66,0.0679,28.78,-19.59,-225.326,-24.9276,10.36,0.06460092
4/30/12 16:30,314.4414,122.1,7.99,396.2595,-2.76,1.73,0.0641,26.01,-22.03,-165.792,-24.0278,6.75,0.03501236
4/30/12 17:00,316.4164,131.3,6.834,406.48,-3.16,2.78,0.0728,28.77,-21.61,-105.9447,-27.7908,11.11,-0.13647204
4/30/12 17:30,318.4164,144.1,6.287,406.54,-2.28,3.15,0.0686,24.48,-14.35,-49.483,-24.2659,12.61,-0.0228492
4/30/12 18:00,320.3914,149.7,5.696,396.435,-1.73,2.96,0.0621,19.53,-9.85,-30.993,-19.5316,11.55,-0.051250294
4/30/12 18:30,322.3414,155.2,5.321,396.4935,-1.18,2.55,0.0573,14.97,-6.28,-5.8902,-14.8399,9.96,0.01401533
4/30/12 19:00,324.2914,133.4,4.726,396.5559,-2.16,2.04,0.0565,14.04,-10.2,0.0,-13.5625,7.96,0.039871277
4/30/12 19:30,326.2414,145.0,4.167,396.6183,-1.6,2.29,0.0517,11.65,-6.68,0.0,-10.7641,8.93,0.14146886
4/30/12 20:00,328.1914,130.7,3.596,396.6846,-1.54,1.32,0.0496,7.29,-5.53,0.0,-6.3125,5.16,0.12175277
4/30/12 20:30,330.1164,112.4,3.199,386.574,-1.0,0.41,0.0517,3.45,-3.19,0.0,-2.741,1.56,0.12175277
4/30/12 21:00,332.0164,87.8,2.471,386.6348,-0.54,-0.02,0.06,1.34,-1.34,0.0,-0.9488,-0.08,0.12617259
4/30/12 21:30,333.9414,93.8,2.385,396.8718,-1.11,0.07,0.0607,2.66,-2.66,0.0,-1.6218,0.29,0.16179657
4/30/12 22:00,335.8914,107.5,2.069,396.7782,-1.14,0.36,0.0644,2.47,-2.36,0.0,-1.2373,1.4,0.041719408
4/30/12 22:30,337.8414,87.4,2.25,396.6846,-1.3,-0.06,0.0489,2.92,-2.92,0.0,-1.1176,-0.23,0.12483395
4/30/12 23:00,339.7914,109.1,1.816,396.591,-1.14,0.4,0.0566,2.2,-2.08,0.0,-0.5687,1.54,-0.002296518
4/30/12 23:30,341.7414,97.9,1.775,396.4974,-0.8,0.11,0.0525,1.43,-1.41,0.0,-0.1863,0.43,-0.00581039
5/1/12 0:00,343.7164,72.5,1.626,406.568,-0.54,-0.17,0.0518,0.92,-0.87,0.0,0.0,-0.68,-0.00581039
5/1/12 0:30,345.7164,56.7,1.184,406.436,-0.49,-0.33,0.0624,0.7,-0.59,0.0,0.0915,-1.3,-0.010627186
5/1/12 1:00,347.7164,58.9,0.822,406.412,-0.46,-0.28,0.0708,0.44,-0.38,0.0,0.1149,-1.12,-0.010627186
5/1/12 1:30,349.7414,71.2,0.776,416.5313,-0.46,-0.16,0.0643,0.37,-0.35,0.0,0.1434,-0.64,-0.010627186
5/1/12 2:00,351.7914,70.0,0.916,416.4042,-0.46,-0.17,0.0542,0.45,-0.42,0.0,0.2249,-0.69,-0.010627186
5/1/12 2:30,353.8414,49.6,0.992,416.4452,-0.32,-0.27,0.0486,0.42,-0.32,0.0,0.2536,-1.12,-0.010627186
5/1/12 3:00,355.8914,123.1,0.977,416.5272,-0.28,0.18,0.049,0.32,-0.27,0.0,0.2294,0.74,-0.010627186
5/1/12 3:30,357.9414,66.6,0.837,416.5846,-0.22,-0.1,0.05,0.2,-0.19,0.0,0.16,-0.39,-0.010627186
5/1/12 4:00,359.9914,49.2,0.939,416.5928,-0.44,-0.38,0.0421,0.54,-0.41,0.0,0.47,-1.55,-0.010627186
5/1/12 4:30,362.0414,52.9,1.409,416.6338,-1.09,-0.83,0.0272,1.93,-1.54,0.0,1.7808,-3.38,-0.010627186
5/1/12 5:00,364.0914,68.1,1.616,416.6953,-1.11,-0.44,0.0254,1.93,-1.79,2.55,1.8606,-1.82,-0.010627186
5/1/12 5:30,366.1414,77.7,1.676,416.7486,-1.57,-0.34,0.0227,2.69,-2.63,41.0458,2.6653,-1.4,0.05999069
5/1/12 6:00,368.1914,76.7,1.637,416.8675,-1.62,-0.38,0.02,2.72,-2.65,56.564,2.724,-1.57,0.056046895
5/1/12 6:30,370.2414,66.4,2.168,416.888,-1.84,-0.8,0.0006,4.35,-3.98,86.2349,4.3097,-3.29,0.024258811
5/1/12 7:00,372.2664,76.8,2.779,406.788,-1.61,-0.38,-0.0144,4.59,-4.47,140.8977,4.4318,-1.51,-0.036723165
5/1/12 7:30,374.2914,93.4,3.532,416.9208,-2.08,0.12,-0.0308,7.35,-7.33,366.7552,6.7873,0.51,-0.28082013
5/1/12 8:00,376.4164,116.4,4.851,447.4448,-2.75,1.37,-0.0478,14.91,-13.35,419.5347,12.9099,6.01,0.6573184
5/1/12 8:30,378.6414,119.1,5.622,457.5915,-3.08,1.71,-0.0399,19.81,-17.31,472.6688,15.7134,7.71,0.3422187
5/1/12 9:00,380.8914,123.9,6.279,457.5555,-2.86,1.92,-0.0211,21.63,-17.95,447.6368,15.2955,8.65,0.28523418
5/1/12 9:30,383.1664,118.6,8.416,467.6636,-3.02,1.64,-0.0154,28.92,-25.39,475.1024,17.6038,7.57,0.017952201
5/1/12 10:00,385.4414,127.1,9.468,457.452,-2.51,1.9,0.0007,29.81,-23.78,391.9805,14.9074,8.55,0.03850898
5/1/12 10:30,387.6914,117.4,10.337,457.3575,-2.56,1.33,0.0289,29.86,-26.51,136.5476,11.4283,5.98,0.29041564
5/1/12 11:00,389.9414,126.0,9.806,457.218,-2.7,1.96,0.0375,32.67,-26.43,154.7901,8.4565,8.81,-0.51618997
5/1/12 11:30,392.1664,136.6,9.713,446.93,-2.22,2.35,0.0409,31.45,-21.61,65.4432,4.1051,10.35,0.056543115
5/1/12 12:00,394.3914,153.7,8.017,456.975,-1.87,3.78,0.0751,33.85,-15.0,0.0,0.0,17.03,0.028803263
5/1/12 12:30,396.6164,163.5,8.66,446.7364,-0.95,3.22,0.0599,29.08,-8.26,-60.929,-3.7957,14.17,-0.11051281
5/1/12 13:00,398.9664,148.0,7.119,507.545,-3.01,4.82,0.0831,40.43,-21.42,-68.9235,-10.4637,24.08,0.13201183
5/1/12 13:30,401.4414,147.9,6.508,497.203,-2.83,4.52,0.0899,34.71,-18.44,-103.8036,-13.2819,22.14,0.35188922
5/1/12 14:00,403.8414,147.3,7.031,476.7586,-2.54,3.95,0.0723,33.01,-17.83,-102.684,-16.5053,18.57,-0.5900402
5/1/12 14:30,406.1664,152.2,7.61,466.5504,-2.21,4.19,0.056,36.03,-16.81,-105.8569,-21.9357,19.27,-0.44352259
5/1/12 15:00,408.4914,151.8,6.235,476.6223,-2.31,4.3,0.0605,30.45,-14.39,-89.3147,-21.5326,20.23,-0.15810377
5/1/12 15:30,410.8664,148.8,5.887,486.7248,-2.68,4.42,0.0538,30.45,-15.78,-116.8284,-24.1603,21.24,-0.07473881
5/1/12 16:00,413.2164,147.7,6.163,466.3572,-2.47,3.9,0.0462,28.44,-15.2,-138.0115,-24.6317,17.94,-0.07350403
5/1/12 16:30,415.4914,147.0,7.415,456.201,-2.42,3.72,0.0267,32.91,-17.92,-138.6854,-30.4028,16.75,-0.20923751
5/1/12 17:00,417.6914,148.1,8.466,435.9684,-2.21,3.55,,35.36,-18.69,-107.4544,-34.1575,15.25,-0.13647204
5/1/12 17:30,418.7664,,7.725,0.0,,,,18.81,,-70.6504,-18.6494,,-0.07545429
5/1/12 18:00,418.7664,,6.722,-192.5878,,,,15.75,,-28.955,-15.7496,,-0.0228492
5/1/12 18:30,418.7664,,5.36,-182.4354,,,,12.07,,-3.5206,-11.9675,,0.12617259
5/1/12 19:00,418.7664,,5.354,-212.8224,,,,11.34,,0.0,-10.9534,,0.12617259
5/1/12 19:30,418.7664,,4.915,-233.0705,,,,9.76,,0.0,-9.0136,,0.12617259
5/1/12 20:00,418.7664,,4.303,-222.9172,,,,7.97,,0.0,-6.9015,,0.12617259
5/1/12 20:30,418.7664,,3.986,-212.7636,,,,6.85,,0.0,-5.4328,,0.12617259
5/1/12 21:00,418.7664,,3.46,-222.8754,,,,5.48,,0.0,-3.8778,,0.12617259
5/1/12 21:30,418.7664,,3.353,-232.9854,,,,4.87,,0.0,-2.9617,,0.12617259
5/1/12 22:00,418.7664,,3.058,-243.0936,,,,4.48,,0.0,-2.2415,,0.12617259
5/1/12 22:30,418.7664,,2.796,-253.2,,,,4.14,,0.0,-1.5846,,0.12617259
5/1/12 23:00,418.7664,,2.224,-253.1775,,,,3.32,,0.0,-0.8605,,0.12617259
5/1/12 23:30,418.7664,,2.001,-253.155,,,,3.02,,0.0,-0.3944,,0.16179657
5/2/12 0:00,418.7664,,2.217,-253.1325,,,,3.38,,0.0,0.0,,0.12617259
5/2/12 0:30,418.7664,,2.088,-263.2344,,,,3.22,,0.0,0.4197,,0.16179657
5/2/12 1:00,418.7664,,2.329,-263.211,,,,3.85,,0.0,0.997,,0.16179657
5/2/12 1:30,418.7664,,2.315,-263.1876,,,,4.09,,0.0,1.5663,,0.16179657
5/2/12 2:00,418.7664,,2.166,-242.9208,,,,4.08,,0.0,2.0382,,0.16179657
5/2/12 2:30,418.7664,,2.045,-222.6576,,,,4.08,,0.0,2.4861,,0.16179657
5/2/12 3:00,418.7664,,1.873,-232.7577,,,,3.95,,0.0,2.7958,,0.09057746
5/2/12 3:30,418.7664,,2.004,-212.499,,,,4.46,,0.0,3.5375,,0.12483395
5/2/12 4:00,418.7664,,1.793,-212.4801,,,,4.11,,0.0,3.559,,0.08215903
5/2/12 4:30,418.7664,,1.772,-232.6956,,,,4.18,,0.0,3.862,,0.08215903
5/2/12 5:00,418.7664,,1.942,-273.1401,,,,4.71,,2.2786,4.5508,,0.08215903
5/2/12 5:30,418.7664,,2.156,-222.5388,,,,5.37,,22.2431,5.3289,,0.1107263
5/2/12 6:00,418.7664,,2.551,-222.519,,,,6.53,,41.94,6.5306,,0.055850138
5/2/12 6:30,418.7664,,3.024,-222.4992,,,,7.94,,60.4881,7.8761,,0.023610263
5/2/12 7:00,418.7664,,3.355,-273.0429,,,,9.25,,89.606,8.9378,,2.99076e-06
5/2/12 7:30,418.7664,,3.9,-283.1304,,,,11.27,,115.7325,10.413,,0.00720096
5/2/12 8:00,418.7664,,3.288,-283.1052,,,,9.94,,87.5985,8.6051,,0.011249769
5/2/12 8:30,418.7664,,2.644,-283.08,,,,8.34,,99.6198,6.6138,,0.042747622
5/2/12 9:00,418.7664,,4.441,-293.1639,,,,14.59,,125.2534,10.3158,,-0.025857678
5/2/12 9:30,418.7664,,5.527,-252.705,,,,18.89,,71.2817,11.4969,,0.004387623
5/2/12 10:00,418.7664,,7.135,-252.6825,,,,24.52,,172.785,12.2579,,0.0710864
5/2/12 10:30,418.7664,,8.12,-282.9792,,,,28.05,,130.4702,10.736,,0.06331421
5/2/12 11:00,418.7664,,8.79,-50.5275,,,,30.54,,94.0662,7.9034,,0.21053576
5/2/12 11:30,419.0711,,6.578,161.6736,,,0.0137,22.98,,27.1821,2.9991,,0.20387141
5/2/12 12:00,419.8461,,8.136,151.584,,,-0.0024,28.57,,0.0,0.0,,0.20387141
5/2/12 12:30,420.5961,115.3,7.389,151.524,-3.91,1.85,-0.0005,31.92,-28.86,-30.6076,-4.1665,2.77,0.2827877
5/2/12 13:00,421.3461,107.6,6.335,151.4925,-3.77,1.2,0.0137,25.06,-23.89,-56.3757,-6.4863,1.79,0.20262509
5/2/12 13:30,422.0711,103.8,5.286,141.358,-3.41,0.84,0.0279,18.55,-18.02,-55.7298,-7.1003,1.17,0.026740488
5/2/12 14:00,422.7711,95.9,4.148,141.3412,-3.3,0.34,0.039,13.75,-13.68,-61.2565,-6.8774,0.48,0.034564031
5/2/12 14:30,423.4961,89.3,2.71,151.3875,-3.29,-0.04,0.0581,8.93,-8.93,-89.7607,-5.4343,-0.06,0.07909516
5/2/12 15:00,424.2461,83.9,2.252,151.368,-2.71,-0.29,0.06,6.14,-6.1,-96.397,-4.3393,-0.43,0.07909516
5/2/12 15:30,424.9961,72.1,2.301,151.335,-2.62,-0.85,0.0555,6.33,-6.02,-67.75,-5.0201,-1.27,0.08211864
5/2/12 16:00,425.7211,70.9,2.482,141.2138,-2.87,-0.99,0.0535,7.55,-7.13,-73.7897,-6.5344,-1.39,0.06049845
5/2/12 16:30,426.4211,63.1,2.365,141.1872,-2.7,-1.37,0.0515,7.15,-6.38,-56.4657,-6.6052,-1.91,0.05930983
5/2/12 17:00,427.1211,60.7,2.108,141.1284,-3.05,-1.71,0.0505,7.37,-6.43,-53.3046,-7.1205,-2.4,0.033634484
5/2/12 17:30,427.8461,61.6,1.867,151.1625,-3.11,-1.68,0.0501,6.6,-5.8,-38.1111,-6.5397,-2.52,0.08894455
5/2/12 18:00,428.5961,61.0,1.736,151.1445,-3.35,-1.86,0.0462,6.65,-5.82,-13.187,-6.6524,-2.79,0.010765089
5/2/12 18:30,429.3461,60.2,1.498,151.1325,-3.24,-1.85,0.0418,5.58,-4.85,-0.922,-5.5368,-2.78,-0.00581039
5/2/12 19:00,430.1211,56.8,1.369,161.1504,-3.38,-2.21,0.0374,5.53,-4.63,0.0,-5.3463,-3.54,-0.00581039
5/2/12 19:30,430.9211,59.9,1.344,161.1072,-3.51,-2.04,0.0318,5.46,-4.72,0.0,-5.0413,-3.26,-0.00581039
5/2/12 20:00,431.7711,62.5,1.242,181.2132,-3.57,-1.86,0.0282,5.0,-4.44,0.0,-4.3304,-3.35,-0.00581039
5/2/12 20:30,432.7211,63.8,1.173,201.316,-3.61,-1.78,0.0235,4.72,-4.23,0.0,-3.742,-3.55,-0.033999148
5/2/12 21:00,433.8461,68.5,1.098,251.575,-4.28,-1.69,0.022,5.05,-4.7,0.0,-3.573,-4.22,-0.051546295
5/2/12 21:30,435.1711,72.8,0.973,281.6296,-3.81,-1.18,0.0217,3.88,-3.71,0.0,-2.3616,-3.3,-0.050610978
5/2/12 22:00,436.6211,79.7,0.894,301.584,-3.98,-0.72,0.0223,3.61,-3.56,0.0,-1.8068,-2.17,-0.042567598
5/2/12 22:30,438.1711,88.7,0.969,321.5552,-4.26,-0.1,0.0229,4.13,-4.13,0.0,-1.5793,-0.31,-0.042567598
5/2/12 23:00,439.7711,90.3,1.2,321.4496,-4.63,0.02,0.0185,5.55,-5.55,0.0,-1.4368,0.08,-0.002278285
5/2/12 23:30,441.4211,87.9,1.247,341.394,-5.03,-0.18,0.0211,6.28,-6.28,0.0,-0.8197,-0.63,0.049015573
5/3/12 0:00,443.0961,86.8,0.976,331.2276,-4.41,-0.25,0.0246,4.31,-4.31,0.0,0.0,-0.81,0.07402333
5/3/12 0:30,444.7711,86.1,1.069,341.0982,-4.57,-0.31,0.0217,4.89,-4.88,0.0,0.6389,-1.06,0.07402333
5/3/12 1:00,446.4711,69.6,1.134,340.8262,-4.47,-1.66,0.0229,5.41,-5.07,0.0,1.3994,-5.65,0.12735544
5/3/12 1:30,448.1211,65.6,0.955,320.5728,-3.66,-1.66,0.0243,3.84,-3.5,0.0,1.4695,-5.32,0.19013304
5/3/12 2:00,449.7961,67.3,1.01,350.3535,-4.73,-1.98,0.0179,5.18,-4.78,0.0,2.5881,-6.92,0.19013304
5/3/12 2:30,451.5461,62.1,0.931,350.0735,-4.21,-2.23,0.0167,4.44,-3.92,0.0,2.7023,-7.81,0.19013304
5/3/12 3:00,453.2961,62.1,1.008,349.804,-4.49,-2.38,0.0164,5.12,-4.52,0.0,3.6187,-8.31,0.19013304
5/3/12 3:30,454.9961,59.7,1.046,329.6139,-4.6,-2.69,0.0151,5.57,-4.81,0.0,4.4181,-8.86,0.19013304
5/3/12 4:00,456.6461,60.5,0.955,329.4093,-4.79,-2.71,0.0074,5.25,-4.57,0.0,4.5496,-8.94,0.10777206
5/3/12 4:30,458.3711,68.5,0.972,359.0928,-5.45,-2.15,-0.0014,5.69,-5.3,0.0,5.2596,-7.73,0.10777206
5/3/12 5:00,460.1961,70.1,0.939,368.853,-5.74,-2.08,-0.0013,5.74,-5.39,1.1495,5.54,-7.69,0.11552117
5/3/12 5:30,462.0711,74.5,0.856,378.67,-5.38,-1.49,-0.0021,4.78,-4.61,1.2938,4.7382,-5.67,0.11552117
5/3/12 6:00,464.0711,78.0,1.003,418.2528,-5.67,-1.21,-0.0091,5.82,-5.69,4.368,5.8154,-5.06,0.16168117
5/3/12 6:30,466.1711,75.9,0.891,418.0596,-5.57,-1.4,-0.0149,5.11,-4.96,9.0925,5.0706,-5.87,0.11512881
5/3/12 7:00,468.1961,73.3,0.786,388.0383,-4.76,-1.43,-0.0163,3.9,-3.74,14.2831,3.7695,-5.56,0.12171238
5/3/12 7:30,470.0711,78.8,0.775,358.0164,-4.65,-0.92,-0.0215,3.67,-3.6,18.6919,3.3917,-3.31,0.07503885
5/3/12 8:00,471.7711,73.8,0.686,318.112,-3.2,-0.93,-0.0218,2.29,-2.2,15.0749,1.9813,-2.98,0.10534866
5/3/12 8:30,473.3961,97.2,0.738,327.9375,-3.6,0.45,-0.0351,2.68,-2.66,17.2404,2.1253,1.5,0.07503885
5/3/12 9:00,475.0961,105.1,0.912,347.648,-4.16,1.12,-0.0451,3.93,-3.79,19.1866,2.7781,3.93,0.032941507
5/3/12 9:30,476.8961,109.8,0.987,367.4137,-4.15,1.5,-0.0441,4.36,-4.1,15.4948,2.6521,5.53,0.032941507
5/3/12 10:00,478.8211,110.0,0.943,397.072,-3.99,1.45,-0.0406,4.0,-3.76,24.679,2.0025,5.81,0.032941507
5/3/12 10:30,480.7961,115.3,0.859,387.036,-3.69,1.74,-0.0381,3.51,-3.17,25.0172,1.3415,6.8,-0.000208961
5/3/12 11:00,482.7211,111.2,0.881,376.922,-3.72,1.44,-0.0369,3.52,-3.28,24.5397,0.9107,5.49,0.10532558
5/3/12 11:30,484.5961,110.3,0.943,366.8328,-3.76,1.39,-0.0301,3.78,-3.54,10.6473,0.4931,5.14,0.030110745
5/3/12 12:00,486.5211,119.5,0.941,396.46,-4.2,2.37,-0.0252,4.54,-3.95,0.0,0.0,9.5,0.08328995
5/3/12 12:30,488.4711,114.4,0.975,376.4318,-4.04,1.83,-0.0281,4.32,-3.94,-2.2914,-0.564,6.96,0.09069286
5/3/12 13:00,490.2711,122.0,0.969,336.7768,-2.93,1.83,-0.0315,3.34,-2.84,-6.3141,-0.8657,6.22,0.032941507
5/3/12 13:30,491.9711,116.9,1.023,336.634,-3.54,1.79,-0.0359,4.06,-3.62,-14.9361,-1.5518,6.1,0.08328995
5/3/12 14:00,493.6211,118.7,1.039,316.6848,-3.14,1.72,-0.0375,3.72,-3.26,-45.986,-1.8593,5.5,-0.10009219
5/3/12 14:30,495.1711,116.3,1.236,296.715,-3.52,1.74,-0.0402,4.85,-4.35,-36.6018,-2.9525,5.22,-0.07545429
5/3/12 15:00,496.6961,119.4,1.105,306.466,-3.37,1.9,-0.0337,4.28,-3.73,-39.2041,-3.0246,5.89,-0.07545429
5/3/12 15:30,498.2211,124.6,1.224,296.442,-3.22,2.22,-0.0309,4.79,-3.94,-29.8817,-3.8017,6.67,0.08328995
5/3/12 16:00,499.5461,234.3,0.677,227.3067,1.74,1.25,0.0345,1.45,1.18,-44.8731,-1.2594,2.88,0.07503885
5/3/12 16:30,500.6211,240.5,0.544,197.672,1.6,0.91,0.0441,1.0,0.87,-73.2128,-0.9268,1.82,0.07365405
5/3/12 17:00,501.5961,238.7,0.533,187.7694,1.05,0.64,0.0494,0.66,0.56,-51.9485,-0.6343,1.22,0.016805125
5/3/12 17:30,502.4961,247.2,0.539,167.994,1.03,0.43,0.0489,0.6,0.56,-30.9103,-0.5969,0.74,0.07503885
5/3/12 18:00,503.3211,247.9,0.482,158.12,0.97,0.39,0.0462,0.5,0.47,-8.23,-0.5037,0.63,0.10534866
5/3/12 18:30,504.0961,239.3,0.438,148.242,0.94,0.56,0.0406,0.48,0.41,-0.4233,-0.4755,0.84,0.12617259
5/3/12 19:00,504.8211,241.6,0.445,138.3634,0.99,0.54,0.0357,0.5,0.44,0.0,-0.4857,0.75,0.12617259
5/3/12 19:30,505.4961,242.1,0.467,128.4881,0.71,0.37,0.0314,0.37,0.33,0.0,-0.3443,0.49,0.12617259
5/3/12 20:00,506.1211,248.4,0.488,118.614,0.83,0.33,0.0287,0.44,0.41,0.0,-0.3791,0.4,0.12617259
5/3/12 20:30,506.7211,239.8,0.517,118.6284,0.6,0.35,0.0239,0.36,0.31,0.0,-0.2851,0.42,0.12617259
5/3/12 21:00,507.2961,228.2,0.446,108.7449,0.73,0.65,0.0206,0.44,0.33,0.0,-0.3087,0.72,0.12617259
5/3/12 21:30,507.8211,239.1,0.512,98.85,0.79,0.47,0.017,0.47,0.41,0.0,-0.2874,0.47,0.12617259
5/3/12 22:00,508.3211,235.7,0.524,98.83,0.88,0.6,0.014,0.56,0.46,0.0,-0.2803,0.6,0.12617259
5/3/12 22:30,508.8211,228.6,0.476,98.825,0.7,0.61,0.0121,0.44,0.33,0.0,-0.169,0.61,0.12617259
5/3/12 23:00,509.2961,237.8,0.469,88.9209,0.65,0.41,0.0104,0.36,0.3,0.0,-0.0931,0.37,0.12617259
5/3/12 23:30,509.7461,236.5,0.439,88.9011,0.95,0.63,0.0086,0.5,0.42,0.0,-0.0652,0.57,0.12617259
5/4/12 0:00,510.1711,228.7,0.467,79.0184,0.79,0.7,0.0062,0.49,0.37,0.0,0.0,0.56,0.12617259
5/4/12 0:30,510.5711,238.3,0.46,78.9928,1.0,0.62,0.0056,0.54,0.46,0.0,0.0706,0.49,0.12617259
5/4/12 1:00,510.9461,240.3,0.411,69.0984,1.39,0.79,0.0063,0.66,0.57,0.0,0.1701,0.55,0.12617259
5/4/12 1:30,511.2961,,0.347,69.0844,,,0.0075,0.39,,0.0,0.1477,,0.12617259
5/4/12 2:00,511.6461,,0.376,69.0781,,,0.0072,0.42,,0.0,0.2096,,0.12617259
5/4/12 2:30,511.9961,345.9,0.74,69.0683,0.21,-0.83,0.0018,0.63,0.15,0.0,0.3834,-0.58,0.12617259
5/4/12 3:00,512.3461,305.8,1.595,69.076,0.91,-0.65,0.001,1.78,1.45,0.0,1.2598,-0.46,0.12617259
5/4/12 3:30,512.6711,274.9,1.399,59.211,0.78,-0.07,0.0034,1.1,1.09,0.0,0.8691,-0.04,0.12617259
5/4/12 4:00,512.9711,307.8,1.172,59.2212,0.6,-0.46,0.008,0.88,0.7,0.0,0.7653,-0.28,0.15494181
5/4/12 4:30,513.2711,253.0,1.031,59.2254,0.65,0.2,0.0105,0.71,0.67,0.0,0.6515,0.12,0.15494181
5/4/12 5:00,513.5711,,0.766,59.2242,,,0.0117,1.04,,1.3967,1.0048,,0.15494181
5/4/12 5:30,513.8961,,0.67,69.1096,,,0.0134,0.96,,5.9665,0.9546,,0.15494181
5/4/12 6:00,514.2461,,1.055,69.1208,,,0.0087,1.6,,19.804,1.5994,,0.12298178
5/4/12 6:30,514.6211,,1.007,79.0104,,,0.0126,1.61,,63.4079,1.5924,,0.07118449
5/4/12 7:00,515.0461,72.8,1.34,88.8849,-0.86,-0.27,0.0128,1.21,-1.16,55.7281,1.1701,-0.24,0.07118449
5/4/12 7:30,515.4711,,1.729,79.0088,,,0.0154,2.67,,62.2889,2.4696,,0.11939284
5/4/12 8:00,515.8461,318.1,1.601,69.139,0.77,-0.86,0.0168,1.84,1.23,96.8416,1.5973,-0.6,0.14910834
5/4/12 8:30,516.1711,317.6,1.1,59.265,1.58,-1.73,0.0258,2.58,1.74,111.8596,2.043,-1.04,0.10532558
5/4/12 9:00,516.4461,307.2,0.949,49.3925,1.76,-1.34,0.034,2.1,1.67,85.7692,1.4864,-0.67,0.13112325
5/4/12 9:30,516.6711,,1.652,39.5152,,,0.0259,2.39,,158.1842,1.4562,,0.23326956
5/4/12 10:00,516.8711,347.3,2.549,39.5228,0.48,-2.12,0.0202,5.55,1.22,52.112,2.7746,-0.85,0.14910834
5/4/12 10:30,517.0711,1.2,1.78,39.5268,-0.04,-2.0,0.0289,3.57,-0.07,60.8302,1.3658,-0.8,0.1338063
5/4/12 11:00,517.2711,7.6,1.504,39.5248,-0.26,-1.94,0.0403,2.94,-0.39,42.687,0.7618,-0.78,0.10750087
5/4/12 11:30,517.4711,350.1,1.817,39.5212,0.19,-1.07,0.0427,1.98,0.34,21.5031,0.2578,-0.43,0.10750087
5/4/12 12:00,517.6711,54.6,2.366,39.51,-0.77,-0.55,0.0392,2.24,-1.83,0.0,0.0,-0.22,0.23326956
5/4/12 12:30,517.8961,56.8,2.205,49.37,-1.3,-0.85,0.0547,3.41,-2.86,-48.7359,-0.4455,-0.42,0.06804561
5/4/12 13:00,518.1711,60.0,2.605,59.2284,-1.28,-0.74,0.0914,3.85,-3.33,-148.0049,-0.9958,-0.44,0.051987123
5/4/12 13:30,518.4711,106.5,3.432,59.2296,-0.98,0.29,0.1084,3.51,-3.37,-181.8098,-1.3436,0.17,-0.039371595
5/4/12 14:00,518.7461,63.8,4.905,49.362,-0.81,-0.4,0.1064,4.4,-3.95,-186.76,-2.2023,-0.2,0.06804561
5/4/12 14:30,518.9961,132.9,5.233,49.362,-0.57,0.53,0.0856,4.05,-2.97,-116.0111,-2.4657,0.26,-0.12354147
5/4/12 15:00,519.2711,76.3,5.388,59.2206,-1.12,-0.27,0.07,6.21,-6.04,-110.5519,-4.3928,-0.16,-0.14656954
5/4/12 15:30,519.5711,125.8,4.703,59.2278,-1.53,1.11,0.0513,8.9,-7.22,-99.4381,-7.0593,0.66,-0.08480746
5/4/12 16:00,519.8711,153.1,3.729,59.2392,-1.08,2.13,0.0522,8.9,-4.03,-89.0612,-7.7086,1.28,-0.09965944
5/4/12 16:30,520.1961,140.3,3.814,69.0963,-1.64,1.97,0.0544,9.76,-6.24,-205.8912,-9.0206,1.38,-0.07400025
5/4/12 17:00,520.5211,150.3,4.346,59.2278,-0.96,1.69,0.0543,8.44,-4.18,-125.0343,-8.1565,1.01,-0.10052494
5/4/12 17:30,520.8211,147.5,4.312,59.2248,-1.18,1.86,0.0424,9.49,-5.1,-227.0686,-9.4095,1.11,-0.017889308
5/4/12 18:00,521.1211,128.9,4.374,59.2494,-1.44,1.16,0.041,8.11,-6.31,-60.349,-8.1138,0.7,-0.000208961
5/4/12 18:30,521.3961,104.5,3.148,49.39,-0.83,0.21,0.0343,2.7,-2.61,-7.7035,-2.6748,0.11,0.10534866
5/4/12 19:00,521.6461,104.1,2.549,49.3955,-0.7,0.18,0.0321,1.85,-1.79,0.0,-1.7826,0.09,0.12617259
5/4/12 19:30,521.8961,121.9,1.662,49.4215,-0.4,0.25,0.0381,0.79,-0.67,0.0,-0.7309,0.13,0.12617259
5/4/12 20:00,522.1461,329.6,1.083,49.434,0.06,-0.1,0.0429,0.13,0.06,0.0,-0.1088,-0.05,0.16168117
5/4/12 20:30,522.3961,34.2,1.016,49.4555,-0.15,-0.22,0.0377,0.27,-0.15,0.0,-0.2152,-0.11,0.16168117
5/4/12 21:00,522.6461,345.6,0.913,49.481,0.04,-0.16,0.0351,0.15,0.04,0.0,-0.1065,-0.08,0.16168117
5/4/12 21:30,522.8961,317.4,0.886,49.505,0.24,-0.26,0.0268,0.32,0.21,0.0,-0.192,-0.13,0.16168117
5/4/12 22:00,523.1711,36.6,0.856,59.4162,-0.38,-0.52,0.0265,0.55,-0.33,0.0,-0.2756,-0.31,0.16168117
5/4/12 22:30,523.4711,100.0,0.64,59.4072,-0.3,0.05,0.028,0.2,-0.19,0.0,-0.0754,0.03,0.16168117
5/4/12 23:00,523.7711,244.9,1.116,59.406,1.21,0.57,0.0188,1.49,1.35,0.0,-0.3859,0.34,0.16168117
5/4/12 23:30,524.0711,282.1,1.26,59.4174,0.66,-0.14,0.0163,0.85,0.83,0.0,-0.1108,-0.08,0.16168117
5/5/12 0:00,524.3711,304.9,0.984,59.4288,0.62,-0.43,0.0191,0.74,0.61,0.0,0.0,-0.26,0.16168117
5/5/12 0:30,524.6461,256.7,1.091,49.5165,1.85,0.44,0.0161,2.07,2.01,0.0,0.2701,0.22,0.16168117
5/5/12 1:00,524.8711,253.5,2.232,39.61,2.12,0.63,0.0153,4.93,4.73,0.0,1.2755,0.25,0.057518245
5/5/12 1:30,525.0961,348.1,2.134,49.523,0.13,-0.59,0.0201,1.3,0.27,0.0,0.4957,-0.3,0.052435452
5/5/12 2:00,525.3461,219.0,1.834,49.5375,0.12,0.14,0.0166,0.34,0.21,0.0,0.1706,0.07,0.052435452
5/5/12 2:30,525.5961,267.5,1.636,49.547,0.34,0.01,0.0196,0.55,0.55,0.0,0.3366,0.01,-0.027275944
5/5/12 3:00,525.8711,3.8,1.572,59.4702,-0.01,-0.18,0.0233,0.28,-0.02,0.0,0.199,-0.11,-0.027275944
5/5/12 3:30,526.1711,144.2,1.46,59.5038,-0.57,0.8,0.0291,1.43,-0.84,0.0,1.1374,0.48,-0.027275944
5/5/12 4:00,526.4461,185.0,1.918,49.625,0.07,0.79,0.0173,1.52,0.13,0.0,1.3172,0.39,-0.027275944
5/5/12 4:30,526.6961,321.8,3.412,49.646,0.24,-0.3,-0.0088,1.3,0.81,0.0,1.2042,-0.15,0.031949067
5/5/12 5:00,526.9461,315.5,5.669,49.663,0.82,-0.83,-0.0471,6.62,4.64,2.6495,6.3958,-0.42,0.06042921
5/5/12 5:30,527.1961,337.6,4.242,49.682,0.24,-0.59,-0.0197,2.7,1.03,30.6128,2.679,-0.29,0.07503885
5/5/12 6:00,527.4461,289.4,6.197,49.6965,1.43,-0.5,-0.0546,9.42,8.88,110.145,9.4194,-0.25,0.23902225
5/5/12 6:30,527.6961,308.1,5.837,49.74,0.64,-0.51,-0.0421,4.78,3.76,183.5968,4.7396,-0.25,0.2928275
5/5/12 7:00,527.9461,324.7,6.673,49.77,0.38,-0.54,-0.0227,4.4,2.54,341.0076,4.2541,-0.27,0.06804561
5/5/12 7:30,528.1711,317.4,8.667,39.8372,0.99,-1.07,-0.0251,12.65,8.56,431.3224,11.6826,-0.43,0.35578397
5/5/12 8:00,528.3461,303.5,10.552,29.8845,3.23,-2.14,-0.0425,40.87,34.08,498.7588,35.3926,-0.64,-0.10623147
5/5/12 8:30,528.4711,312.6,11.834,19.9246,3.52,-3.24,-0.0575,56.59,41.66,542.5307,44.896,-0.65,0.044958686
5/5/12 9:00,528.5461,302.2,12.378,9.9639,4.63,-2.91,-0.0481,67.68,57.27,554.948,47.859,-0.29,0.038939422
5/5/12 9:30,528.5711,290.8,12.301,0.0,5.91,-2.24,-0.0405,77.77,72.7,441.0714,47.3415,0.0,0.22320668
5/5/12 10:00,528.5711,294.3,12.503,0.0,4.94,-2.23,-0.0914,67.73,61.73,438.0105,33.8644,0.0,-0.08031263
5/5/12 10:30,528.5961,289.2,13.163,9.9786,4.84,-1.69,-0.0371,67.53,63.77,349.6158,25.8412,-0.17,0.50190345
5/5/12 11:00,528.6961,293.3,13.673,29.937,5.21,-2.24,-0.0313,77.57,71.24,245.8385,20.0758,-0.67,0.33245009
5/5/12 11:30,528.8461,307.1,14.784,29.9373,3.72,-2.81,0.0083,68.86,54.92,126.0811,8.9885,-0.84,-0.40930649
5/5/12 12:00,529.0461,314.4,15.968,49.8795,2.54,-2.49,0.0977,56.8,40.58,0.0,0.0,-1.24,-0.034754441
5/5/12 12:30,529.3211,288.9,18.8,59.847,3.88,-1.33,0.0847,77.0,72.85,-124.5563,-10.0511,-0.8,-0.20150571
5/5/12 13:00,529.6711,270.5,20.097,79.7984,2.99,-0.03,0.075,60.13,60.13,-239.837,-15.5628,-0.02,0.13933973
5/5/12 13:30,530.1461,234.0,20.674,109.7162,1.85,1.34,0.1073,47.2,38.18,-338.6917,-18.0622,1.48,0.17284035
5/5/12 14:00,530.7461,216.8,20.674,129.6477,1.48,1.98,0.1309,51.11,30.61,-414.608,-25.5531,2.57,-0.046123072
5/5/12 14:30,531.4711,206.3,19.743,159.5232,1.74,3.53,0.1117,77.69,34.42,-458.9635,-47.2939,5.64,-0.11469029
5/5/12 15:00,532.3461,194.0,20.093,189.4205,1.08,4.35,0.0677,90.0,21.77,-485.4656,-63.6372,8.26,-1.1695213
5/5/12 15:30,533.2961,204.3,22.021,189.4319,1.61,3.57,0.0342,86.37,35.54,-477.0632,-68.519,6.79,0.09559736
5/5/12 16:00,534.2461,192.1,22.003,189.4205,0.81,3.76,-0.0028,84.67,17.75,-434.9526,-73.3242,7.15,0.79049
5/5/12 16:30,535.2211,182.9,21.427,199.358,0.21,4.06,-0.0297,87.21,4.41,-367.2902,-80.5696,8.13,0.08411506
5/5/12 17:00,536.2461,189.4,19.768,209.3175,0.7,4.22,-0.0527,84.47,13.8,-279.7766,-81.5905,8.85,0.040984887
5/5/12 17:30,537.2961,187.1,18.881,209.2944,0.52,4.18,-0.0705,79.56,9.83,-180.3755,-78.8838,8.78,0.51152204
5/5/12 18:00,538.3461,176.4,15.802,209.3301,-0.26,4.07,-0.0724,64.52,-4.05,-87.727,-64.5196,8.56,0.1460964
5/5/12 18:30,539.4211,176.8,13.396,219.34,-0.18,3.21,-0.0647,43.14,-2.41,-20.0371,-42.7661,7.07,0.032941507
5/5/12 19:00,540.5211,153.7,12.098,219.4236,-1.09,2.2,-0.061,29.74,-13.18,0.0,-28.7236,4.85,0.12617259
5/5/12 19:30,541.6211,54.3,9.414,219.5644,-0.68,-0.49,-0.0372,7.85,-6.38,0.0,-7.2536,-1.07,0.48372218
5/5/12 20:00,542.7211,73.1,7.246,219.67,-0.89,-0.27,-0.0213,6.72,-6.43,0.0,-5.8234,-0.59,0.01401533
5/5/12 20:30,543.8211,86.4,5.387,219.769,-1.2,-0.08,-0.0102,6.46,-6.45,0.0,-5.1243,-0.17,0.12617259
5/5/12 21:00,544.9211,63.0,5.109,219.8922,-1.1,-0.56,-0.0097,6.32,-5.63,0.0,-4.4688,-1.24,0.12617259
5/5/12 21:30,546.0211,103.5,3.992,219.9274,-1.2,0.29,0.0089,4.94,-4.81,0.0,-3.0086,0.64,0.12617259
5/5/12 22:00,547.1461,58.2,4.012,230.0161,-1.98,-1.23,-0.0043,9.36,-7.95,0.0,-4.68,-2.83,0.12617259
5/5/12 22:30,548.3711,59.2,4.136,260.117,-2.56,-1.53,-0.0155,12.35,-10.6,0.0,-4.7246,-3.97,-0.13929357
5/5/12 23:00,549.7961,61.7,3.745,310.1922,-3.34,-1.8,-0.0124,14.23,-12.53,0.0,-3.6823,-5.58,0.12617259
5/5/12 23:30,551.3711,63.0,4.087,320.2176,-3.2,-1.63,-0.0133,14.68,-13.08,0.0,-1.9167,-5.22,0.12617259
5/6/12 0:00,553.0211,79.7,4.735,340.3026,-3.31,-0.6,-0.0174,15.91,-15.65,0.0,0.0,-2.04,0.46265591
5/6/12 0:30,554.7461,97.6,4.254,350.4095,-3.36,0.45,-0.0094,14.4,-14.28,0.0,1.8801,1.57,0.16168117
5/6/12 1:00,556.5461,93.0,3.69,370.5032,-3.18,0.17,-0.0069,11.75,-11.74,0.0,3.0418,0.62,0.16168117
5/6/12 1:30,558.3961,93.7,3.114,370.5698,-2.87,0.19,0.0006,8.96,-8.94,0.0,3.4273,0.69,0.06042921
5/6/12 2:00,560.2461,92.3,3.045,370.6586,-2.38,0.1,0.0097,7.24,-7.24,0.0,3.6205,0.35,0.06042921
5/6/12 2:30,562.0961,94.2,2.949,370.7104,-2.28,0.17,0.008,6.73,-6.71,0.0,4.0967,0.62,0.055877257
5/6/12 3:00,563.9461,74.8,2.646,370.6808,-1.96,-0.53,0.0093,5.37,-5.18,0.0,3.7963,-1.97,0.055877257
5/6/12 3:30,565.7961,65.8,2.851,370.6549,-1.76,-0.79,-0.0006,5.52,-5.03,0.0,4.3767,-2.93,0.055877257
5/6/12 4:00,567.6461,64.4,2.843,370.6623,-1.35,-0.65,-0.0008,4.26,-3.84,0.0,3.6882,-2.39,0.055877257
5/6/12 4:30,569.5211,58.0,2.673,380.6726,-1.18,-0.74,0.002,3.73,-3.16,0.0,3.445,-2.81,0.031949067
5/6/12 5:00,571.4211,178.0,2.322,380.817,-0.04,1.2,0.0088,2.79,-0.1,4.9958,2.6982,4.57,-0.027275944
5/6/12 5:30,573.3211,23.4,1.7,380.874,-0.16,-0.37,0.0346,0.69,-0.28,43.0079,0.6877,-1.42,0.09345092
5/6/12 6:00,575.2461,50.2,1.486,390.9321,-0.51,-0.43,0.0373,1.0,-0.76,101.626,0.9956,-1.67,0.23667386
5/6/12 6:30,577.2211,4.7,2.269,401.06,-0.04,-0.5,0.0174,1.13,-0.09,203.2046,1.1248,-1.99,-0.09095251
5/6/12 7:00,579.2211,305.5,2.796,401.256,0.85,-0.61,0.0223,2.94,2.39,232.9127,2.8358,-2.44,0.22478766
5/6/12 7:30,581.2461,337.0,3.188,411.2095,0.41,-0.96,0.0343,3.31,1.29,339.0462,3.0602,-3.92,-0.030159213
5/6/12 8:00,583.3461,39.0,3.928,431.0406,-0.83,-1.03,0.0407,5.19,-3.27,414.187,4.4937,-4.41,0.24154374
5/6/12 8:30,585.5211,74.6,4.488,440.9196,-1.47,-0.41,0.0527,6.85,-6.61,459.73,5.437,-1.78,0.2623619
5/6/12 9:00,587.7961,136.8,5.389,470.893,-1.4,1.49,0.054,11.03,-7.55,474.0112,7.7965,7.01,0.08439202
5/6/12 9:30,590.2711,176.4,6.076,521.0348,-0.22,3.5,0.0667,21.29,-1.34,448.729,12.9607,18.18,-0.45748022
5/6/12 10:00,592.8711,180.1,5.786,520.8112,0.0,2.78,0.1044,16.07,0.03,327.6675,8.0368,14.45,-0.41756336
5/6/12 10:30,595.5211,181.4,6.586,540.5184,0.1,4.17,0.0904,27.48,0.67,210.606,10.5149,22.52,0.19938235
5/6/12 11:00,598.2711,181.2,7.592,560.1456,0.11,5.32,0.071,40.43,0.85,174.2414,10.4634,29.81,-0.12678998
5/6/12 11:30,601.1961,187.6,8.359,609.7743,0.93,6.95,0.072,58.57,7.75,103.3577,7.6451,42.37,0.4449824
5/6/12 12:00,604.2211,200.9,9.025,599.532,2.67,6.98,0.0709,67.46,24.07,0.0,0.0,41.9,0.41717677
5/6/12 12:30,607.3961,187.3,8.565,668.7806,1.08,8.46,0.0808,73.02,9.28,-58.8826,-9.5306,56.65,-0.16619908
5/6/12 13:00,610.8961,194.6,9.784,727.737,2.66,10.2,0.0338,103.09,25.99,-205.2753,-26.6827,74.44,0.19956122
5/6/12 13:30,614.2211,212.1,10.232,598.374,4.85,7.72,0.0192,93.31,49.58,-279.3111,-35.7065,46.35,-1.5450906
5/6/12 14:00,616.8961,285.9,7.306,469.1446,2.03,-0.58,0.0842,15.45,14.86,-103.121,-7.7261,-2.72,-0.33284822
5/6/12 14:30,619.2711,347.4,6.719,479.1696,0.29,-1.31,0.0963,9.01,1.97,-45.9944,-5.485,-6.28,-0.07545429
5/6/12 15:00,621.6461,340.4,6.69,469.2198,0.68,-1.92,0.0882,13.64,4.58,-91.7393,-9.6456,-9.03,-0.16358527
5/6/12 15:30,623.8211,314.4,7.084,399.532,3.05,-2.99,0.0861,30.23,21.6,-6.4769,-23.9867,-11.94,0.01401533
5/6/12 16:00,625.8461,,3.08,410.4305,,,0.1491,11.62,,-1.8897,-10.0639,,0.16168117
5/6/12 16:30,628.2211,,3.275,540.8856,,,0.1044,11.48,,-8.7538,-10.6051,,0.11512881
5/6/12 17:00,630.9211,273.5,4.917,541.242,2.01,-0.12,0.0634,9.88,9.86,-39.9207,-9.5417,-0.66,0.07503885
5/6/12 17:30,633.6711,229.6,7.83,561.1424,4.19,3.56,0.0279,43.07,32.8,-28.5566,-42.6966,19.96,0.036882417
5/6/12 18:00,636.3961,233.0,8.611,530.7791,3.23,2.43,0.0156,34.78,27.78,-93.076,-34.7798,12.88,0.011096864
5/6/12 18:30,639.0461,230.4,8.948,531.1766,3.94,3.26,-0.0164,45.74,35.24,-46.0457,-45.3508,17.27,-0.0228492
5/6/12 19:00,641.6461,237.7,8.059,511.6269,2.69,1.7,-0.0115,25.67,21.7,0.0,-24.7933,8.68,0.12617259
5/6/12 19:30,644.1711,246.4,7.71,501.9,1.95,0.85,-0.0122,16.4,15.03,0.0,-15.1509,4.26,0.12617259
5/6/12 20:00,646.6711,19.7,5.825,502.205,-0.21,-0.58,0.0166,3.59,-1.21,0.0,-3.1075,-2.9,0.16168117
5/6/12 20:30,649.1461,34.8,3.766,492.4451,-0.62,-0.89,0.0563,4.09,-2.33,0.0,-3.2447,-4.37,-0.016331408
5/6/12 21:00,651.5961,71.7,3.333,492.5137,-1.65,-0.55,0.0557,5.8,-5.51,0.0,-4.1008,-2.68,-0.016331408
5/6/12 21:30,654.1211,59.8,1.896,522.7352,-3.81,-2.22,0.0415,8.36,-7.22,0.0,-5.0889,-11.53,-0.027275944
5/6/12 22:00,656.7461,75.2,1.61,532.9627,-4.16,-1.1,0.0377,6.93,-6.7,0.0,-3.4655,-5.83,-0.027275944
5/6/12 22:30,659.3461,75.4,1.489,512.9835,-3.27,-0.85,0.0429,5.03,-4.86,0.0,-1.9231,-4.34,-0.045088511
5/6/12 23:00,661.8711,74.7,1.299,502.975,-2.77,-0.76,0.0439,3.73,-3.6,0.0,-0.9656,-3.79,-0.045088511
5/6/12 23:30,664.3461,80.4,1.19,493.1164,-2.5,-0.42,0.043,3.01,-2.97,0.0,-0.3934,-2.07,-0.045088511
5/7/12 0:00,666.7711,72.6,1.246,483.0816,-2.18,-0.68,0.0414,2.85,-2.72,0.0,0.0,-3.28,-0.08390734
5/7/12 0:30,669.1461,56.4,1.335,472.9892,-1.76,-1.17,0.041,2.81,-2.34,0.0,0.3673,-5.48,-0.0868962
5/7/12 1:00,671.4961,50.6,1.51,472.9563,-1.63,-1.34,0.0338,3.18,-2.46,0.0,0.8231,-6.28,-0.0868962
5/7/12 1:30,673.8211,49.5,1.639,462.7738,-1.45,-1.24,0.0298,3.13,-2.38,0.0,1.1974,-5.7,-0.08289182
5/7/12 2:00,676.1211,33.5,1.282,462.7692,-0.63,-0.95,0.0373,1.45,-0.8,0.0,0.7269,-4.35,0.09735144
5/7/12 2:30,678.3961,326.9,0.649,452.7,0.75,-1.16,0.0549,0.9,0.49,0.0,0.5452,-5.2,0.09735144
5/7/12 3:00,680.6461,318.2,0.367,452.709,0.87,-0.98,0.06,0.48,0.32,0.0,0.3405,-4.4,0.09735144
5/7/12 3:30,682.8961,344.9,0.335,452.6595,0.17,-0.63,0.0558,0.22,0.06,0.0,0.1728,-2.82,0.09735144
5/7/12 4:00,685.1211,322.1,0.434,442.5784,0.64,-0.83,0.0591,0.45,0.28,0.0,0.3931,-3.63,0.09735144
5/7/12 4:30,687.2961,318.9,0.652,432.6273,1.44,-1.65,0.0545,1.43,0.94,0.0,1.3192,-7.1,0.09735144
5/7/12 5:00,689.4461,318.7,0.586,432.7778,1.38,-1.57,0.0585,1.23,0.81,6.5171,1.1847,-6.76,0.08480169
5/7/12 5:30,691.5961,323.6,0.909,432.9455,1.26,-1.71,0.0462,1.93,1.15,30.0973,1.9169,-7.36,0.017288651
5/7/12 6:00,693.7461,356.0,1.175,432.9412,0.13,-1.82,0.0492,2.14,0.15,97.638,2.1385,-7.81,0.11564811
5/7/12 6:30,695.8711,323.7,1.424,422.9778,1.17,-1.6,0.049,2.82,1.67,133.9135,2.7954,-6.7,0.044064336
5/7/12 7:00,697.9461,315.3,1.638,413.0135,1.8,-1.82,0.0527,4.2,2.96,192.8481,4.0583,-7.48,-0.06512022
5/7/12 7:30,700.0211,345.5,2.146,422.9148,0.37,-1.45,0.0589,3.21,0.8,410.2459,2.966,-6.08,0.028998866
5/7/12 8:00,702.0961,300.4,3.253,412.9725,1.6,-0.94,0.0714,6.02,5.2,486.8812,5.2174,-3.84,0.42925338
5/7/12 8:30,704.1461,322.7,4.231,412.9479,1.07,-1.4,0.1001,7.46,4.52,514.9641,5.9145,-5.75,-0.0735675
5/7/12 9:00,706.1961,318.8,5.317,412.9643,0.99,-1.14,0.1235,8.02,5.28,519.0927,5.6734,-4.66,-0.24697331
5/7/12 9:30,708.2211,311.7,6.113,402.92,1.41,-1.25,0.1695,11.51,8.59,494.1785,7.0073,-5.01,-0.11679634
5/7/12 10:00,710.2461,307.7,6.767,412.8823,1.19,-0.92,0.203,10.16,8.04,454.7245,5.082,-3.77,0.2232413
5/7/12 10:30,712.2961,267.9,7.546,412.8208,0.63,0.02,0.2275,4.76,4.76,352.7266,1.8222,0.09,-0.10793362
5/7/12 11:00,714.3461,306.3,8.234,412.7552,0.43,-0.31,0.2496,4.38,3.53,218.3837,1.1338,-1.29,-0.08342266
5/7/12 11:30,716.3961,252.9,9.084,412.6855,0.77,0.24,0.288,7.33,7.01,122.8772,0.9569,0.97,-0.15916545
5/7/12 12:00,718.4461,237.4,10.091,412.6691,0.97,0.62,0.3073,11.58,9.76,0.0,0.0,2.54,-0.10053648
5/7/12 12:30,720.4961,214.3,10.886,412.6117,1.19,1.75,0.3029,23.07,13.0,-123.7572,-3.0109,7.18,-0.10485821
5/7/12 13:00,722.5211,198.7,13.708,402.404,0.65,1.91,0.3039,27.66,8.87,-230.8681,-7.1596,7.65,-0.07053825
5/7/12 13:30,724.5211,176.0,14.967,402.332,-0.18,2.64,0.2905,39.57,-2.76,-326.5709,-15.1438,10.55,0.047898501
5/7/12 14:00,726.4961,160.7,14.406,392.1333,-0.79,2.26,0.2866,34.47,-11.39,-402.6895,-17.2368,8.81,0.11518651
5/7/12 14:30,728.4961,138.8,14.627,412.0787,-2.4,2.74,0.257,53.3,-35.11,-458.1405,-32.4475,11.24,-0.42764932
5/7/12 15:00,730.6461,115.3,14.162,452.2455,-4.58,2.17,0.2391,71.79,-64.9,-451.7359,-50.7612,9.75,-0.12876909
5/7/12 15:30,732.8961,135.1,13.551,452.25,-4.05,4.06,0.1963,77.69,-54.84,-449.8488,-61.6339,18.27,-0.44634989
5/7/12 16:00,735.1211,124.3,12.267,442.1736,-4.2,2.87,0.1661,62.41,-51.56,-406.5894,-54.0525,12.62,-0.12144696
5/7/12 16:30,737.2711,127.9,11.918,422.0286,-3.6,2.8,0.1395,54.38,-42.91,-339.9969,-50.2423,11.77,0.17822953
5/7/12 17:00,739.3461,135.4,11.489,412.0336,-3.05,3.09,0.1158,49.89,-35.03,-243.0115,-48.1854,12.68,-0.18202619
5/7/12 17:30,741.3711,126.9,9.939,401.98,-3.11,2.34,0.0973,38.71,-30.96,-162.2946,-38.3812,9.35,-0.41426292
5/7/12 18:00,743.3461,110.2,8.893,391.9305,-3.26,1.2,0.0838,30.92,-29.02,-65.473,-30.921,4.68,0.13706058
5/7/12 18:30,745.2711,94.1,6.864,381.9646,-3.01,0.22,0.0831,20.69,-20.64,-14.5851,-20.5111,0.82,0.12617259
5/7/12 19:00,747.1711,96.4,4.941,382.0368,-3.14,0.35,0.0838,15.61,-15.51,0.0,-15.0768,1.34,0.12617259
5/7/12 19:30,749.0711,92.5,4.412,382.0786,-2.86,0.12,0.0733,12.64,-12.62,0.0,-11.6741,0.47,0.15494181
5/7/12 20:00,750.9711,88.6,4.149,382.2002,-2.67,-0.07,0.0669,11.06,-11.06,0.0,-9.5793,-0.25,0.16168117
5/7/12 20:30,752.8461,85.1,3.867,372.2644,-2.66,-0.23,0.0583,10.32,-10.28,0.0,-8.1882,-0.84,0.16168117
5/7/12 21:00,754.7211,77.6,3.674,382.4282,-2.57,-0.56,0.0471,9.66,-9.43,0.0,-6.8299,-2.15,0.16168117
5/7/12 21:30,756.6211,75.3,3.505,382.4472,-2.81,-0.74,0.05,10.19,-9.85,0.0,-6.2006,-2.8,0.29566634
5/7/12 22:00,758.4961,72.7,3.229,372.3717,-2.16,-0.67,0.0464,7.32,-6.99,0.0,-3.6601,-2.49,0.29566634
5/7/12 22:30,760.3211,62.3,3.06,362.3184,-1.59,-0.84,0.0407,5.5,-4.87,0.0,-2.1055,-3.01,0.22673215
5/7/12 23:00,762.1211,79.7,2.814,362.3004,-1.76,-0.32,0.0411,5.04,-4.96,0.0,-1.3044,-1.15,0.24982369
5/7/12 23:30,763.9211,59.6,2.633,362.2968,-1.23,-0.72,0.0348,3.76,-3.24,0.0,-0.4904,-2.6,0.26170412
5/8/12 0:00,765.7211,20.8,2.287,362.2572,-0.33,-0.88,0.0365,2.15,-0.76,0.0,0.0,-3.16,0.26958594
5/8/12 0:30,767.5211,353.7,2.023,362.1888,0.13,-1.14,0.0388,2.32,0.25,0.0,0.3029,-4.1,0.29554517
5/8/12 1:00,769.3211,345.7,1.948,362.0952,0.27,-1.05,0.0392,2.12,0.52,0.0,0.5485,-3.8,0.29554517
5/8/12 1:30,771.1211,351.1,1.824,362.0772,0.19,-1.19,0.0491,2.2,0.34,0.0,0.8418,-4.29,0.32887269
5/8/12 2:00,772.9211,0.6,1.898,362.1204,-0.01,-1.03,0.0473,1.96,-0.02,0.0,0.9803,-3.72,0.36061346
5/8/12 2:30,774.7211,5.9,1.795,362.1168,-0.06,-0.57,0.0497,1.03,-0.11,0.0,0.6294,-2.06,0.36061346
5/8/12 3:00,776.5211,319.7,1.855,362.0988,0.39,-0.46,0.0483,1.12,0.72,0.0,0.7923,-1.66,0.39779534
5/8/12 3:30,778.2961,328.7,2.386,352.0965,0.7,-1.15,0.0489,3.21,1.67,0.0,2.546,-4.02,0.40492129
5/8/12 4:00,780.0461,321.8,2.586,352.135,0.61,-0.77,0.0451,2.54,1.57,0.0,2.1992,-2.7,0.40492129
5/8/12 4:30,781.7961,335.6,2.864,352.1455,0.36,-0.8,0.041,2.52,1.04,0.0,2.3311,-2.81,0.41215687
5/8/12 5:00,783.5461,325.6,2.948,352.2435,0.38,-0.55,0.0375,1.98,1.12,2.3327,1.9079,-1.93,0.419479
5/8/12 5:30,785.2961,345.8,3.544,352.2995,0.17,-0.69,0.037,2.51,0.62,29.551,2.4912,-2.41,0.199642
5/8/12 6:00,787.0711,316.0,3.551,362.412,0.28,-0.29,0.0383,1.45,1.01,92.249,1.4488,-1.06,0.14304407
5/8/12 6:30,788.8711,306.2,3.508,362.466,0.23,-0.17,0.0412,1.0,0.81,159.6712,0.9947,-0.61,-0.016353911
5/8/12 7:00,790.6961,303.6,3.692,372.5604,0.87,-0.58,0.0459,3.85,3.21,295.4323,3.7195,-2.14,0.06089658
5/8/12 7:30,792.5211,315.7,4.053,362.556,1.1,-1.13,0.0526,6.41,4.48,362.1414,5.9238,-4.08,-0.28082013
5/8/12 8:00,794.3211,320.3,4.428,362.574,1.02,-1.22,0.0663,7.04,4.49,426.3634,6.0934,-4.4,0.01691187
5/8/12 8:30,796.0961,322.9,4.739,352.5375,1.29,-1.7,0.0856,10.11,6.1,463.9768,8.0232,-5.96,0.20572358
5/8/12 9:00,797.8211,321.7,5.563,342.499,1.5,-1.9,0.1099,13.43,8.33,464.9432,9.4997,-6.44,0.22697449
5/8/12 9:30,799.5211,329.8,6.198,342.4344,0.92,-1.58,0.1445,11.32,5.7,448.8027,6.8935,-5.37,0.050489231
5/8/12 10:00,801.2461,310.5,6.683,352.457,1.31,-1.12,0.1827,11.54,8.78,401.3345,5.7708,-3.93,-0.009640516
5/8/12 10:30,802.9961,259.5,7.225,352.3905,1.08,0.2,0.2092,7.97,7.84,321.5597,3.0497,0.7,-0.13662206
5/8/12 11:00,804.7461,240.0,8.168,352.345,0.45,0.26,0.2079,4.27,3.7,224.3011,1.1056,0.92,-0.07758342
5/8/12 11:30,806.4961,216.6,9.304,352.233,0.58,0.79,0.218,9.13,5.44,101.8705,1.1913,2.76,0.054783265
5/8/12 12:00,808.2461,216.9,10.313,352.107,0.51,0.68,0.2287,8.72,5.24,0.0,0.0,2.37,0.020564857
5/8/12 12:30,809.9961,243.1,12.606,352.093,1.34,0.68,0.2253,18.87,16.83,-100.392,-2.4632,2.37,-0.051596494
5/8/12 13:00,811.7461,200.0,17.014,352.0685,0.38,1.05,0.2233,19.02,6.51,-201.84,-4.9232,3.68,0.030098628
5/8/12 13:30,813.4961,226.3,16.181,352.0055,0.58,0.55,0.2217,12.98,9.38,-241.5903,-4.9661,1.94,0.44760198
5/8/12 14:00,815.2461,209.3,16.405,351.967,0.53,0.94,0.2151,17.72,8.67,-240.107,-8.8587,3.3,-0.22939789
5/8/12 14:30,817.0211,172.6,16.61,361.9656,-0.14,1.1,0.1928,18.35,-2.36,-251.3905,-11.1732,3.94,0.56273656
5/8/12 15:00,818.8211,158.4,16.956,361.9584,-0.43,1.09,0.1625,19.94,-7.34,-223.3086,-14.0999,3.94,0.02095087
5/8/12 15:30,820.5961,160.4,16.299,351.82,-0.51,1.44,0.1315,24.9,-8.35,-127.0714,-19.7584,5.04,0.38317416
5/8/12 16:00,822.3711,128.0,15.806,361.7064,-2.07,1.61,0.0981,41.44,-32.66,-125.5338,-35.891,5.81,0.34377083
5/8/12 16:30,824.1961,0.0,15.394,371.85,0.0,0.0,0.0727,0.0,0.0,-154.2934,0.0,0.0,0.38317416
5/8/12 17:00,826.0211,142.6,15.269,361.9152,-1.32,1.72,0.054,33.07,-20.09,-112.7747,-31.9457,6.19,0.4003226
5/8/12 17:30,827.8461,131.2,12.282,371.9277,-2.32,2.03,0.0474,37.85,-28.48,-66.6707,-37.5293,7.51,0.08177244
5/8/12 18:00,829.7211,143.0,8.641,382.1508,-2.18,2.9,0.0515,31.35,-18.87,-36.431,-31.3495,11.01,0.003216198
5/8/12 18:30,831.5961,153.5,9.028,372.2237,-1.26,2.53,0.0411,25.48,-11.37,-6.6229,-25.2591,9.34,0.44427269
5/8/12 19:00,833.4211,130.6,9.453,362.2176,-2.0,1.71,0.0358,24.91,-18.91,0.0,-24.0599,6.17,0.49473711
5/8/12 19:30,835.2211,120.1,7.003,362.3148,-1.8,1.05,0.0362,14.61,-12.64,0.0,-13.4963,3.77,0.06979392
5/8/12 20:00,837.0211,124.9,5.857,362.4552,-1.52,1.06,0.0365,10.82,-8.88,0.0,-9.3736,3.81,0.06979392
5/8/12 20:30,838.7961,117.1,5.199,352.492,-1.2,0.61,0.0381,7.0,-6.23,0.0,-5.5559,2.15,0.20725263
5/8/12 21:00,840.5461,107.6,4.473,352.506,-1.09,0.35,0.0426,5.14,-4.89,0.0,-3.631,1.21,0.20725263
5/8/12 21:30,842.2961,94.6,3.679,352.6075,-0.8,0.06,0.0466,2.97,-2.96,0.0,-1.8051,0.23,0.20725263
5/8/12 22:00,844.0461,102.3,3.361,352.646,-0.96,0.21,0.0466,3.31,-3.23,0.0,-1.6553,0.73,0.19919194
5/8/12 22:30,845.8211,97.5,3.129,362.6928,-1.27,0.17,0.0429,4.01,-3.97,0.0,-1.5327,0.6,0.19919194
5/8/12 23:00,847.6211,115.9,2.776,362.6568,-1.24,0.6,0.0433,3.83,-3.44,0.0,-0.9901,2.17,0.19919194
5/8/12 23:30,849.4211,70.6,2.631,362.6496,-1.0,-0.35,0.0357,2.8,-2.64,0.0,-0.3657,-1.27,0.19919194
5/9/12 0:00,851.2211,83.9,2.527,362.538,-1.44,-0.15,0.0349,3.67,-3.65,0.0,0.0,-0.56,0.19919194
5/9/12 0:30,853.0211,71.7,2.265,362.5128,-1.23,-0.41,0.0391,2.93,-2.78,0.0,0.3823,-1.46,0.19919194
5/9/12 1:00,854.8211,106.5,1.862,362.4804,-1.18,0.35,0.0461,2.28,-2.19,0.0,0.5913,1.25,0.19572994
5/9/12 1:30,856.6211,82.1,1.646,362.538,-1.07,-0.15,0.0448,1.78,-1.76,0.0,0.6809,-0.53,0.19572994
5/9/12 2:00,858.4211,65.9,1.574,362.6064,-0.99,-0.44,0.0409,1.71,-1.56,0.0,0.8539,-1.59,0.19572994
5/9/12 2:30,860.2211,76.9,1.667,362.556,-1.83,-0.42,0.037,3.13,-3.04,0.0,1.9028,-1.53,0.19572994
5/9/12 3:00,862.0211,48.6,1.798,362.5884,-1.03,-0.9,0.0307,2.46,-1.84,0.0,1.738,-3.25,0.19572994
5/9/12 3:30,863.8211,50.5,1.588,362.5704,-1.08,-0.89,0.033,2.23,-1.72,0.0,1.7688,-3.21,0.19572994
5/9/12 4:00,865.6211,46.7,1.337,362.574,-0.71,-0.67,0.0364,1.3,-0.95,0.0,1.1266,-2.4,0.19572994
5/9/12 4:30,867.4211,37.5,1.162,362.6964,-0.09,-0.12,0.0373,0.17,-0.11,0.0,0.16,-0.43,0.19572994
5/9/12 5:00,869.2211,46.5,1.473,362.7612,-0.68,-0.65,0.031,1.39,-1.01,2.8601,1.3417,-2.34,0.19572994
5/9/12 5:30,871.0461,57.9,1.647,372.8305,-1.58,-0.99,0.0282,3.08,-2.61,25.9243,3.0503,-3.67,0.02202986
5/9/12 6:00,872.8961,59.7,1.585,372.9711,-1.49,-0.87,0.0241,2.73,-2.36,56.733,2.7294,-3.21,-0.038815367
5/9/12 6:30,874.7711,81.6,1.933,383.1464,-1.96,-0.29,0.023,3.83,-3.78,116.2776,3.7927,-1.1,0.19257952
5/9/12 7:00,876.6711,90.1,2.16,383.2604,-2.18,0.0,0.0287,4.71,-4.71,127.0299,4.5525,0.01,0.13206376
5/9/12 7:30,878.5461,52.4,2.483,373.1376,-1.56,-1.2,0.0336,4.88,-3.87,125.084,4.51,-4.44,0.42889564
5/9/12 8:00,880.3961,62.6,3.472,373.1265,-1.88,-0.97,0.0391,7.33,-6.51,128.8732,6.3504,-3.6,0.13206376
5/9/12 8:30,882.2461,81.6,3.906,373.1857,-1.61,-0.24,0.0441,6.35,-6.28,157.1197,5.0387,-0.88,0.12519169
5/9/12 9:00,884.0961,67.4,3.869,373.1931,-1.19,-0.5,0.0531,4.99,-4.6,165.8667,3.5264,-1.83,0.5405336
5/9/12 9:30,885.9461,22.6,4.035,373.1709,-0.32,-0.77,0.0645,3.35,-1.29,211.5714,2.0412,-2.84,0.08065883
5/9/12 10:00,887.7961,285.3,4.567,373.219,0.41,-0.11,0.0904,1.94,1.87,170.8065,0.9682,-0.41,-0.14097264
5/9/12 10:30,889.6211,306.7,4.619,363.0996,0.38,-0.28,0.0931,2.18,1.75,89.2399,0.8343,-1.02,0.17282881
5/9/12 11:00,891.4211,285.6,4.799,363.0024,0.44,-0.12,0.0951,2.17,2.09,73.7215,0.5627,-0.44,0.021977353
5/9/12 11:30,893.2461,49.3,5.447,372.9489,-0.31,-0.27,0.0956,2.22,-1.68,47.3375,0.2894,-0.98,0.02768446
5/9/12 12:00,895.0961,178.7,6.575,372.9119,-0.01,0.66,0.1059,4.33,-0.1,0.0,0.0,2.43,0.43034968
5/9/12 12:30,896.9211,224.1,7.038,362.736,0.59,0.6,0.1161,5.92,4.12,-64.7291,-0.7726,2.17,0.36250602
5/9/12 13:00,898.7211,208.9,6.41,362.646,0.88,1.6,0.1137,11.72,5.67,-59.8074,-3.0344,5.76,-0.011024162
5/9/12 13:30,900.5211,205.4,6.749,362.556,0.71,1.5,0.097,11.2,4.8,-99.8015,-4.2847,5.4,0.051949041
5/9/12 14:00,902.3211,210.6,8.297,362.4732,0.71,1.2,0.0855,11.53,5.87,-129.568,-5.7664,4.31,0.06096005
5/9/12 14:30,904.1211,258.8,8.926,362.376,0.5,0.1,0.0877,4.53,4.45,-159.9003,-2.7604,0.36,0.10594297
5/9/12 15:00,905.9211,342.7,8.423,362.2248,0.27,-0.87,0.1025,7.72,2.29,-200.6896,-5.4557,-3.15,-0.007993758
5/9/12 15:30,907.6961,329.6,8.945,352.0615,0.95,-1.62,0.1071,16.83,8.52,-149.4598,-13.3557,-5.68,-0.11962364
5/9/12 16:00,909.4211,331.1,8.138,342.0434,1.32,-2.38,0.0997,22.16,10.71,-101.4133,-19.1909,-8.11,0.08556333
5/9/12 16:30,911.0961,323.2,7.156,332.0526,1.74,-2.32,0.0905,20.74,12.42,-122.1165,-19.1595,-7.66,-0.10009219
5/9/12 17:00,912.7711,325.9,7.334,342.1692,1.05,-1.55,0.0727,13.71,7.68,-43.6608,-13.2402,-5.26,0.23121544
5/9/12 17:30,914.4711,317.4,7.032,342.2406,1.43,-1.55,0.0584,14.81,10.02,-21.4162,-14.6827,-5.27,0.002048408
5/9/12 18:00,916.1711,312.3,5.93,342.3426,1.66,-1.51,0.0537,13.34,9.87,-8.612,-13.3425,-5.15,0.06979392
5/9/12 18:30,917.8711,316.9,4.795,342.4106,1.68,-1.8,0.0562,11.8,8.06,-2.782,-11.6995,-6.11,0.20725263
5/9/12 19:00,919.5711,319.0,4.149,342.482,1.47,-1.69,0.0563,9.31,6.11,0.0,-8.9971,-5.76,0.20725263
5/9/12 19:30,921.2461,333.6,3.478,332.442,1.43,-2.87,0.0858,11.16,4.96,0.0,-10.3113,-9.49,0.19919194
5/9/12 20:00,922.8961,334.6,3.391,332.5608,1.21,-2.55,0.0886,9.56,4.1,0.0,-8.2815,-8.41,0.19572994
5/9/12 20:30,924.5711,351.6,3.026,342.8322,0.33,-2.26,0.0825,6.9,1.01,0.0,-5.4736,-7.67,0.19572994
5/9/12 21:00,926.2211,,2.358,322.72,,,0.0899,2.01,,0.0,-1.4189,,0.26273118
5/9/12 21:30,927.8961,,1.429,352.989,,,0.1004,1.25,,0.0,-0.7612,,0.29624334
5/9/12 22:00,929.7211,,1.446,383.0932,,,0.0969,1.42,,0.0,-0.71,,0.29624334
5/9/12 22:30,931.6461,,1.554,393.0732,,,0.091,1.69,,0.0,-0.6476,,0.16572594
5/9/12 23:00,933.5961,,1.311,392.9718,,,0.0934,1.57,,0.0,-0.4058,,0.50821583
5/9/12 23:30,935.5711,,1.18,402.888,,,0.0944,1.54,,0.0,-0.2007,,0.54378788
5/10/12 0:00,937.5711,,1.06,402.752,,,0.0962,1.49,,0.0,0.0,,0.57196279
5/10/12 0:30,939.5461,,1.142,392.6949,,,0.0886,1.73,,0.0,0.226,,0.55210822
5/10/12 1:00,941.4961,,1.103,392.6871,,,0.0833,1.66,,0.0,0.4288,,0.55210822
5/10/12 1:30,943.4711,336.5,1.022,402.696,0.46,-1.06,0.0786,1.18,0.47,0.0,0.4517,-4.24,0.5800004
5/10/12 2:00,945.4461,346.2,1.206,392.6013,0.39,-1.59,0.07,1.98,0.47,0.0,0.9889,-6.21,0.5800004
5/10/12 2:30,947.3961,,1.16,392.6364,,,0.0706,1.69,,0.0,1.031,,0.5800004
5/10/12 3:00,949.3461,47.7,1.034,392.6754,-0.63,-0.57,0.0671,0.88,-0.65,0.0,0.6193,-2.22,0.5800004
5/10/12 3:30,951.2961,43.8,0.834,392.6481,-0.66,-0.69,0.0693,0.79,-0.55,0.0,0.6292,-2.68,0.5800004
5/10/12 4:00,953.2461,85.7,0.773,392.6442,-1.03,-0.08,0.0725,0.8,-0.8,0.0,0.6942,-0.3,0.5800004
5/10/12 4:30,955.1961,340.3,0.706,392.6364,0.01,-0.03,0.0705,0.02,0.01,0.0,0.0202,-0.11,0.5800004
5/10/12 5:00,957.1461,99.1,0.504,392.5623,-1.0,0.16,0.0845,0.51,-0.5,6.2022,0.4936,0.63,0.54122023
5/10/12 5:30,959.0961,102.1,0.829,392.3946,-1.68,0.36,0.0665,1.42,-1.39,42.9177,1.4087,1.4,0.32862458
5/10/12 6:00,961.0211,119.9,0.689,382.5118,-0.44,0.25,0.07,0.35,-0.3,76.251,0.3466,0.95,0.48719572
5/10/12 6:30,962.9211,66.4,0.844,382.6182,-1.08,-0.47,0.0637,1.0,-0.91,84.1479,0.9899,-1.8,0.5780963
5/10/12 7:00,964.8211,45.8,1.076,382.6752,-0.35,-0.34,0.0709,0.52,-0.37,126.9188,0.503,-1.28,0.15119708
5/10/12 7:30,966.7211,322.9,1.424,382.7398,0.29,-0.38,0.0777,0.68,0.41,133.0525,0.6289,-1.45,0.1636949
5/10/12 8:00,968.6211,142.5,1.882,382.698,-0.22,0.29,0.0859,0.69,-0.42,297.5923,0.5998,1.11,0.013860694
5/10/12 8:30,970.5211,93.2,2.166,382.6334,-0.54,0.03,0.1002,1.16,-1.16,345.476,0.9211,0.11,-0.16119649
5/10/12 9:00,972.4211,232.4,2.773,382.5384,0.19,0.15,0.1268,0.67,0.53,439.2088,0.4706,0.56,-0.034394393
5/10/12 9:30,974.3211,329.8,4.071,382.4434,0.05,-0.08,0.1746,0.38,0.19,463.1268,0.2305,-0.31,-0.12604565
5/10/12 10:00,976.2211,276.7,4.5,382.2952,0.05,-0.01,0.2052,0.24,0.24,408.909,0.1193,-0.02,-0.008125314
5/10/12 10:30,978.0961,254.1,5.242,372.183,0.92,0.26,0.2357,5.01,4.82,331.2603,1.9178,0.97,-0.12125078
5/10/12 11:00,979.9711,202.3,6.812,382.166,0.18,0.43,0.2501,3.15,1.19,227.3596,0.8145,1.62,-0.34753287
5/10/12 11:30,981.8711,16.9,7.608,381.9494,-0.29,-0.96,0.2864,7.6,-2.21,115.1349,0.9921,-3.63,-0.031774236
5/10/12 12:00,983.7461,245.7,8.76,371.7094,0.5,0.23,0.3279,4.79,4.37,0.0,0.0,0.83,-0.52134258
5/10/12 12:30,985.5961,241.4,9.746,371.5318,0.43,0.24,0.3219,4.82,4.24,-118.611,-0.6297,0.88,-0.10578141
5/10/12 13:00,987.4461,240.7,11.208,371.3283,0.68,0.38,0.3207,8.79,7.66,-233.2723,-2.2743,1.42,-0.11868313
5/10/12 13:30,989.3211,63.7,9.512,381.1324,-1.58,-0.78,0.3326,16.78,-15.04,-287.4768,-6.4211,-2.97,0.42542787
5/10/12 14:00,991.2461,66.8,5.769,391.1349,-4.42,-1.89,0.3684,27.74,-25.5,-76.2135,-13.8716,-7.39,0.13206376
5/10/12 14:30,993.1961,,2.893,391.5756,,,0.3652,6.2,,-6.7944,-3.7724,,0.22261237
5/10/12 15:00,995.1461,,2.751,391.794,,,0.3332,5.91,,-11.6701,-4.1803,,0.08644037
5/10/12 15:30,997.1461,,2.276,411.9926,,,0.3014,4.91,,-21.9132,-3.893,,0.24002046
5/10/12 16:00,999.1961,,1.503,411.6441,,,0.2766,3.3,,-40.7049,-2.8584,,0.4173441
5/10/12 16:30,1001.2461,145.6,1.726,411.8122,-0.87,1.27,0.2496,2.65,-1.5,-126.3119,-2.4477,5.19,0.17470983
5/10/12 17:00,1003.2711,192.6,2.072,401.648,0.4,1.79,0.2268,3.81,0.83,-79.883,-3.6806,7.18,0.53539253
5/10/12 17:30,1005.2711,139.4,2.071,401.58,-1.32,1.54,0.2153,4.2,-2.74,-109.7579,-4.1682,6.17,0.6937271
5/10/12 18:00,1007.2711,97.0,2.215,401.632,-1.96,0.24,0.2,4.37,-4.33,-90.044,-4.3658,0.96,0.53539253
5/10/12 18:30,1009.2711,82.6,1.787,401.62,-1.73,-0.23,0.1906,3.13,-3.1,-22.0656,-3.0987,-0.9,0.20369254
5/10/12 19:00,1011.2711,106.3,1.251,401.716,-1.8,0.53,0.1795,2.35,-2.25,0.0,-2.2693,2.11,0.57126462
5/10/12 19:30,1013.2711,93.5,1.131,401.812,-1.82,0.11,0.1625,2.06,-2.06,0.0,-1.9049,0.45,0.5922905
5/10/12 20:00,1015.2711,102.7,1.092,401.908,-1.2,0.27,0.1499,1.34,-1.31,0.0,-1.1594,1.08,0.5922905
5/10/12 20:30,1017.2711,88.5,0.998,401.984,-1.24,-0.03,0.1417,1.24,-1.24,0.0,-0.9802,-0.13,0.5922905
5/10/12 21:00,1019.2711,180.1,0.967,402.108,0.0,0.59,0.1356,0.57,0.0,0.0,-0.4041,2.36,0.5922905
5/10/12 21:30,1021.2711,216.2,1.171,402.116,0.73,1.0,0.1193,1.46,0.86,0.0,-0.8861,4.01,0.5922905
5/10/12 22:00,1023.2711,187.1,1.18,402.116,0.13,1.01,0.1161,1.2,0.15,0.0,-0.5983,4.02,0.5922905
5/10/12 22:30,1025.2711,220.9,1.276,402.076,0.97,1.12,0.1051,1.89,1.24,0.0,-0.7251,4.49,0.5922905
5/10/12 23:00,1027.2461,234.5,2.696,391.9305,1.23,0.87,0.0988,4.06,3.31,0.0,-1.0509,3.41,0.5922905
5/10/12 23:30,1029.1961,292.7,2.841,391.8642,0.64,-0.27,0.0929,1.99,1.83,0.0,-0.2592,-1.05,0.5922905
5/11/12 0:00,1031.1461,156.9,1.815,391.8408,-0.05,0.13,0.1036,0.25,-0.1,0.0,0.0,0.5,0.55506823
5/11/12 0:30,1033.0961,97.4,1.061,391.8057,-0.27,0.03,0.1281,0.29,-0.28,0.0,0.0373,0.14,0.45585885
5/11/12 1:00,1035.0211,268.4,2.712,381.691,1.02,0.03,0.109,2.76,2.76,0.0,0.7138,0.11,0.56751989
5/11/12 1:30,1036.9211,273.6,3.064,381.5542,2.0,-0.13,0.112,6.13,6.12,0.0,2.3474,-0.48,0.3833011
5/11/12 2:00,1038.7711,278.5,3.672,361.3896,2.9,-0.43,0.0958,10.77,10.66,0.0,5.3868,-1.56,0.3833011
5/11/12 2:30,1040.5961,263.3,3.896,371.4023,2.25,0.26,0.0815,8.81,8.75,0.0,5.3649,0.98,0.3833011
5/11/12 3:00,1042.4211,303.4,4.197,361.3464,2.15,-1.42,0.0624,10.8,9.02,0.0,7.6389,-5.1,0.3833011
5/11/12 3:30,1044.2211,315.5,3.707,361.3032,1.58,-1.61,0.0573,8.37,5.86,0.0,6.6377,-5.8,0.41057589
5/11/12 4:00,1046.0461,327.6,3.464,371.3542,0.84,-1.33,0.0554,5.45,2.92,0.0,4.7219,-4.92,0.41057589
5/11/12 4:30,1047.8961,358.2,2.179,371.3616,0.02,-0.77,0.0926,1.68,0.05,0.0,1.5481,-2.84,0.24238039
5/11/12 5:00,1049.7461,37.0,1.845,371.4171,-0.31,-0.41,0.0943,0.95,-0.57,6.4746,0.9142,-1.52,0.22034476
5/11/12 5:30,1051.5961,251.6,2.117,371.4874,0.14,0.05,0.0905,0.31,0.3,34.5132,0.3106,0.17,0.003216198
5/11/12 6:00,1053.4461,253.9,2.738,371.5614,0.8,0.23,0.0571,2.27,2.18,81.427,2.2671,0.85,0.07686794
5/11/12 6:30,1055.2711,281.3,3.805,361.5552,1.67,-0.33,0.0375,6.47,6.34,249.045,6.4132,-1.2,0.06907844
5/11/12 7:00,1057.0461,305.7,4.573,351.547,1.88,-1.35,0.0276,10.57,8.59,345.8053,10.2125,-4.72,0.024773495
5/11/12 7:30,1058.7461,306.5,5.358,331.5147,2.5,-1.85,0.035,16.69,13.42,430.7921,15.4197,-6.11,0.09304125
5/11/12 8:00,1060.3961,297.6,6.06,331.5378,2.86,-1.49,0.0519,19.53,17.3,498.3942,16.9094,-4.93,-0.28977517
5/11/12 8:30,1062.0211,296.3,6.889,321.4912,2.74,-1.36,0.0823,21.07,18.89,549.3274,16.7187,-4.34,0.14093225
5/11/12 9:00,1063.6461,299.8,7.999,331.5048,2.46,-1.41,0.1177,22.72,19.71,535.9233,16.0635,-4.66,0.034136474
5/11/12 9:30,1065.2961,302.0,8.785,331.4883,1.68,-1.05,0.1662,17.39,14.74,503.022,10.5836,-3.46,-0.0769141
5/11/12 10:00,1066.9711,277.2,9.466,341.496,1.29,-0.16,0.209,12.28,12.18,444.071,6.1387,-0.55,-0.030303463
5/11/12 10:30,1068.6711,325.1,9.947,341.4586,0.85,-1.21,0.2391,14.7,8.41,299.6641,5.6261,-4.12,-0.10488706
5/11/12 11:00,1070.3711,353.5,10.703,341.3906,0.11,-1.0,0.2631,10.78,1.22,179.7095,2.7895,-3.4,0.18352062
5/11/12 11:30,1072.0461,303.0,10.979,331.2969,1.29,-0.84,0.2932,16.84,14.12,127.7055,2.1983,-2.76,-0.049069811
5/11/12 12:00,1073.6961,267.7,11.174,331.2144,1.56,0.06,0.3315,17.42,17.41,0.0,0.0,0.21,0.07117872
5/11/12 12:30,1075.3461,267.2,11.589,331.1154,1.21,0.06,0.3479,14.03,14.02,-136.0853,-1.8318,0.2,-0.12752854
5/11/12 13:00,1076.9711,294.2,11.895,320.9888,1.15,-0.52,0.3891,15.0,13.68,-216.8973,-3.8822,-1.65,0.07908362
5/11/12 13:30,1078.5461,253.6,12.357,310.8525,3.0,0.88,0.3583,38.69,37.12,-300.6151,-14.8059,2.74,-0.17795834
5/11/12 14:00,1079.9711,267.9,12.41,260.6526,4.96,0.18,0.3028,61.65,61.61,-347.9865,-30.8264,0.47,0.038459358
5/11/12 14:30,1081.2711,288.8,12.491,260.6214,4.15,-1.41,0.2481,54.7,51.78,-193.5776,-33.2981,-3.67,0.025317606
5/11/12 15:00,1082.5461,290.1,12.947,250.5925,4.05,-1.48,0.1947,55.84,52.44,-440.6711,-39.4851,-3.71,-0.19271223
5/11/12 15:30,1083.7711,295.7,12.815,240.5544,3.88,-1.87,0.1783,55.22,49.76,-442.0795,-43.8088,-4.48,-0.12808823
5/11/12 16:00,1084.9461,300.2,12.358,230.552,3.73,-2.17,0.1597,53.35,46.11,-282.8898,-46.202,-4.99,-0.06638385
5/11/12 16:30,1086.1211,300.0,11.869,240.6216,3.53,-2.04,0.1261,48.35,41.88,-224.3087,-44.6736,-4.89,-0.006533371
5/11/12 17:00,1087.4461,49.1,7.317,290.8903,-2.11,-1.82,0.1432,20.38,-15.4,-105.7186,-19.6835,-5.29,0.18912906
5/11/12 17:30,1088.8961,104.4,6.2,290.9193,-2.07,0.53,0.1404,13.27,-12.85,-40.1823,-13.1545,1.54,0.013790877
5/11/12 18:00,1090.3461,125.3,5.484,291.0179,-0.97,0.68,0.1375,6.49,-5.3,-21.143,-6.4931,1.98,0.27531555
5/11/12 18:30,1091.7961,105.6,5.438,291.16,-1.66,0.46,0.1285,9.35,-9.0,-22.6277,-9.2679,1.34,0.013790877
5/11/12 19:00,1093.2461,98.1,5.587,291.2731,-1.58,0.22,0.1164,8.89,-8.81,-0.6945,-8.5914,0.65,0.19572994
5/11/12 19:30,1094.6961,98.6,5.176,291.3572,-1.52,0.23,0.1094,7.93,-7.85,0.0,-7.3308,0.66,0.26273118
5/11/12 20:00,1096.1461,92.8,4.093,291.5022,-1.6,0.08,0.1122,6.57,-6.56,0.0,-5.6892,0.23,0.29624334
5/11/12 20:30,1097.5961,101.9,3.507,291.5892,-1.78,0.38,0.1072,6.39,-6.26,0.0,-5.0721,1.09,0.29624334
5/11/12 21:00,1099.0461,84.1,3.555,291.6559,-1.82,-0.19,0.0991,6.5,-6.47,0.0,-4.5977,-0.55,0.29624334
5/11/12 21:30,1100.4961,86.0,3.539,291.6675,-1.74,-0.12,0.0912,6.17,-6.15,0.0,-3.7551,-0.35,0.16572594
5/11/12 22:00,1101.9461,88.4,3.217,291.682,-1.25,-0.03,0.0893,4.02,-4.02,0.0,-2.009,-0.1,0.57126462
5/11/12 22:30,1103.3961,69.0,3.101,291.6994,-0.72,-0.28,0.0839,2.38,-2.23,0.0,-0.9126,-0.8,0.57126462
5/11/12 23:00,1104.8461,78.0,2.837,291.6907,-0.62,-0.13,0.084,1.79,-1.75,0.0,-0.4641,-0.38,0.57126462
5/11/12 23:30,1106.2961,348.6,2.421,291.6849,0.05,-0.24,0.0902,0.59,0.12,0.0,-0.0768,-0.69,0.57126462
5/12/12 0:00,1107.7461,95.2,2.08,291.6501,-0.64,0.06,0.0968,1.33,-1.33,0.0,0.0,0.17,0.5922905
5/12/12 0:30,1109.1961,111.6,1.828,291.5834,-0.88,0.35,0.1018,1.73,-1.61,0.0,0.2255,1.01,0.54473416
5/12/12 1:00,1110.6211,254.3,5.285,281.4672,1.31,0.37,0.0817,7.2,6.93,0.0,1.8644,1.03,0.5922905
5/12/12 1:30,1112.0211,259.6,4.675,281.4672,1.29,0.24,0.096,6.11,6.01,0.0,2.3401,0.66,0.5124914
5/12/12 2:00,1113.4211,290.4,4.216,281.4392,0.52,-0.19,0.0947,2.35,2.2,0.0,1.1763,-0.54,0.53163049
5/12/12 2:30,1114.8211,257.7,3.691,281.4028,1.39,0.3,0.1004,5.26,5.14,0.0,3.1996,0.85,0.25694964
5/12/12 3:00,1116.2211,276.1,3.391,281.3916,1.32,-0.14,0.0979,4.51,4.48,0.0,3.1891,-0.4,0.41057589
5/12/12 3:30,1117.5961,288.9,3.597,271.3689,1.81,-0.62,0.0895,6.88,6.51,0.0,5.462,-1.67,0.41057589
5/12/12 4:00,1118.9461,308.2,3.622,271.3608,1.35,-1.07,0.0798,6.24,4.9,0.0,5.4046,-2.88,0.3569899
5/12/12 4:30,1120.3211,320.7,3.39,281.428,0.8,-0.98,0.0768,4.31,2.73,0.0,3.9776,-2.75,0.24150335
5/12/12 5:00,1121.7211,350.6,3.311,281.4728,0.13,-0.81,0.076,2.72,0.44,8.6528,2.6225,-2.27,0.22034476
5/12/12 5:30,1123.0961,319.1,3.657,271.4445,1.3,-1.5,0.0591,7.24,4.74,58.6806,7.1789,-4.04,0.06666658
5/12/12 6:00,1124.4211,328.1,4.247,261.3364,1.3,-2.09,0.0366,10.44,5.52,147.396,10.4391,-5.43,0.2641506
5/12/12 6:30,1125.7211,325.2,4.812,261.3572,1.34,-1.93,0.0225,11.31,6.45,240.6445,11.2115,-5.02,0.09769187
5/12/12 7:00,1127.0211,317.9,5.005,261.3494,1.63,-1.8,0.04,12.14,8.14,347.797,11.7284,-4.68,0.024773495
5/12/12 7:30,1128.2711,311.9,5.648,241.2336,2.31,-2.08,0.0497,17.55,13.07,435.8522,16.2178,-4.98,0.09304125
5/12/12 8:00,1129.3961,316.5,6.803,211.0773,2.75,-2.9,0.0642,27.18,18.71,500.7125,23.5368,-6.09,-0.28977517
5/12/12 8:30,1130.4461,306.9,7.565,211.1109,3.06,-2.3,0.092,28.93,23.13,435.5351,22.9506,-4.82,0.0590271
5/12/12 9:00,1131.4961,303.1,8.34,211.1046,3.49,-2.28,0.0946,34.78,29.13,449.1168,24.5916,-4.78,-0.035515504
5/12/12 9:30,1132.5461,303.8,10.04,211.0521,3.2,-2.14,0.1206,38.64,32.11,458.7023,23.525,-4.5,-0.15124324
5/12/12 10:00,1133.6211,326.4,10.465,221.0538,1.75,-2.64,0.1408,33.12,18.33,400.0315,16.5609,-5.8,-0.006255257
5/12/12 10:30,1134.5711,308.9,11.89,160.7248,4.27,-3.44,0.1557,65.17,50.72,352.4162,24.9391,-5.51,-0.38121236
5/12/12 11:00,1135.3211,305.1,12.681,140.6062,4.6,-3.23,0.151,71.24,58.29,258.5478,18.4387,-4.52,-0.25096615
5/12/12 11:30,1135.8211,310.2,13.271,60.2388,5.08,-4.29,0.1231,88.24,67.4,132.2452,11.5175,-2.57,-0.11763299
5/12/12 12:00,1136.0711,305.1,13.858,40.1384,5.64,-3.96,0.0905,95.52,78.15,0.0,0.0,-1.59,-0.008961964
5/12/12 12:30,1136.2211,305.3,14.183,20.0658,5.3,-3.75,0.0665,92.12,75.18,-130.165,-12.0239,-0.75,-0.08076269
5/12/12 13:00,1136.3211,305.8,14.342,20.0608,5.35,-3.86,0.0656,94.63,76.75,-255.6099,-24.4917,-0.77,-0.08703468
5/12/12 13:30,1136.3961,303.5,14.351,10.0303,5.37,-3.55,0.0648,92.42,77.07,-371.082,-35.3678,-0.36,-0.18792313
5/12/12 14:00,1136.4461,300.9,14.844,10.0307,5.73,-3.43,0.0402,99.05,84.99,-409.099,-49.527,-0.34,-0.19882266
5/12/12 14:30,1136.4961,301.2,14.707,10.0313,5.03,-3.05,0.0275,86.55,74.03,-444.853,-52.6887,-0.3,-0.17155364
5/12/12 15:00,1136.5961,301.3,14.265,30.0924,4.39,-2.67,0.0391,73.21,62.55,-515.3359,-51.7659,-0.8,-0.3163114
5/12/12 15:30,1136.8211,301.8,13.335,60.1878,4.46,-2.77,0.0675,70.0,59.49,-507.6898,-55.5311,-1.66,-0.09055438
5/12/12 16:00,1137.1461,295.9,13.238,70.231,4.6,-2.23,0.0644,67.69,60.89,-465.1197,-58.6177,-1.56,0.018678644
5/12/12 16:30,1137.5461,299.8,13.2,90.3114,4.31,-2.47,0.0586,65.56,56.89,-395.4094,-60.5736,-2.22,-0.013717021
5/12/12 17:00,1137.9461,304.7,12.955,70.2653,4.88,-3.38,0.0362,76.93,63.24,-332.1896,-74.3056,-2.37,-0.020533122
5/12/12 17:30,1138.3461,306.3,12.216,90.3798,3.6,-2.64,0.0181,54.53,43.95,-228.766,-54.0657,-2.38,-0.005072869
5/12/12 18:00,1138.8961,306.4,11.839,130.6006,2.66,-1.96,0.0192,39.06,31.44,-132.271,-39.0569,-2.54,0.36839142
5/12/12 18:30,1139.6211,301.4,11.176,160.7824,2.45,-1.49,0.0187,32.02,27.33,-41.8112,-31.7453,-2.39,0.06666658
5/12/12 19:00,1140.4461,311.9,10.035,170.901,2.3,-2.06,0.0214,31.0,23.07,-0.8519,-29.9419,-3.51,0.24238039
5/12/12 19:30,1141.3211,312.9,9.142,181.0206,2.1,-1.96,0.0192,26.26,19.24,0.0,-24.2657,-3.52,0.30514645
5/12/12 20:00,1142.2461,303.7,8.693,191.1818,2.35,-1.57,0.018,24.59,20.46,0.0,-21.2977,-2.98,0.33052291
5/12/12 20:30,1143.2461,290.3,7.843,211.4259,1.85,-0.68,0.017,15.44,14.48,0.0,-12.2454,-1.43,0.7975294
5/12/12 21:00,1144.3211,261.8,8.248,221.5356,2.47,0.36,0.0153,20.6,20.38,0.0,-14.563,0.78,0.787028
5/12/12 21:30,1145.4211,268.9,7.712,221.5774,2.02,0.04,0.0169,15.58,15.58,0.0,-9.4834,0.09,0.7465803
5/12/12 22:00,1146.5711,238.8,6.754,241.7376,1.23,0.75,0.0291,9.74,8.33,0.0,-4.8696,1.79,0.6145627
5/12/12 22:30,1147.7711,274.0,6.211,241.7784,1.99,-0.14,0.035,12.4,12.37,0.0,-4.7466,-0.33,0.41057589
5/12/12 23:00,1148.9711,281.8,6.158,241.8,1.99,-0.42,0.0297,12.53,12.27,0.0,-3.2434,-1.0,0.41057589
5/12/12 23:30,1150.1961,280.0,7.03,251.8775,2.48,-0.44,0.0082,17.74,17.47,0.0,-2.3151,-1.1,0.48836703
5/13/12 0:00,1151.4711,304.0,5.925,261.9552,0.99,-0.67,0.025,7.05,5.85,0.0,0.0,-1.73,0.24150335
5/13/12 0:30,1152.7961,349.8,4.51,271.9521,0.17,-0.94,0.0579,4.32,0.77,0.0,0.5639,-2.55,0.37616361
5/13/12 1:00,1154.1711,24.2,3.598,281.9684,-0.21,-0.47,0.0813,1.86,-0.76,0.0,0.4805,-1.32,0.37616361
5/13/12 1:30,1155.5961,337.1,2.582,292.0996,0.17,-0.4,0.0891,1.12,0.44,0.0,0.4278,-1.16,0.37616361
5/13/12 2:00,1157.0711,317.8,2.965,302.241,0.76,-0.84,0.0821,3.34,2.25,0.0,1.6723,-2.51,0.37616361
5/13/12 2:30,1158.5711,308.7,3.039,302.346,0.85,-0.68,0.0764,3.32,2.59,0.0,2.0202,-2.05,0.37616361
5/13/12 3:00,1160.0961,274.5,2.734,312.4831,0.31,-0.02,0.0844,0.86,0.86,0.0,0.609,-0.08,0.37616361
5/13/12 3:30,1161.6711,224.2,3.174,322.64,0.49,0.5,0.0851,2.23,1.56,0.0,1.7702,1.61,0.37616361
5/13/12 4:00,1163.2711,234.6,2.919,322.7456,1.21,0.86,0.0855,4.35,3.54,0.0,3.7641,2.76,0.37616361
5/13/12 4:30,1164.8711,19.0,2.271,322.7776,-0.1,-0.28,0.0859,0.68,-0.22,0.0,0.6294,-0.91,0.37616361
5/13/12 5:00,1166.4961,57.3,1.248,332.9106,-0.37,-0.24,0.1246,0.55,-0.46,12.8246,0.5316,-0.79,-0.01793316
5/13/12 5:30,1168.1711,48.6,1.376,343.0736,-0.23,-0.2,0.1327,0.41,-0.31,66.7639,0.4106,-0.68,0.10877027
5/13/12 6:00,1169.8961,16.7,1.88,353.178,-0.12,-0.4,0.1253,0.78,-0.22,153.988,0.7821,-1.39,0.35164688
5/13/12 6:30,1171.6461,8.2,3.379,353.1955,-0.14,-1.0,0.0955,3.42,-0.49,257.5615,3.3903,-3.51,0.17065929
5/13/12 7:00,1173.3961,334.9,4.165,353.325,0.12,-0.26,0.0975,1.18,0.5,356.8932,1.1385,-0.9,-0.40703311
5/13/12 7:30,1175.1711,258.9,4.766,363.5028,0.82,0.16,0.1124,4.0,3.93,439.9274,3.6987,0.58,0.29980343
5/13/12 8:00,1176.9711,277.0,5.849,363.5856,1.09,-0.13,0.1219,6.42,6.37,502.2229,5.5567,-0.48,0.7994912
5/13/12 8:30,1178.7961,305.3,6.131,373.6593,0.75,-0.53,0.1378,5.62,4.58,533.2294,4.4555,-1.96,0.025616492
5/13/12 9:00,1180.6711,351.1,7.661,383.7658,0.14,-0.92,0.1841,7.17,1.11,537.5716,5.0704,-3.51,-0.15173946
5/13/12 9:30,1182.5961,56.0,8.644,393.8883,-0.28,-0.19,0.2078,2.88,-2.39,506.9041,1.7523,-0.73,-0.019934196
5/13/12 10:00,1184.5461,255.6,9.028,393.8883,1.02,0.26,0.2331,9.55,9.25,448.2475,4.7758,1.03,0.014587137
5/13/12 10:30,1186.5211,243.6,9.553,403.976,0.67,0.33,0.2579,7.18,6.43,360.7901,2.7491,1.34,-0.034961584
5/13/12 11:00,1188.5211,259.7,10.134,403.924,0.84,0.15,0.279,8.6,8.47,252.8872,2.2268,0.61,-0.10694118
5/13/12 11:30,1190.5211,294.9,10.796,403.852,0.48,-0.22,0.3155,5.75,5.22,130.3241,0.7511,-0.9,-0.16941874
5/13/12 12:00,1192.5461,222.2,12.193,413.9401,0.92,1.02,0.3318,16.75,11.25,0.0,0.0,4.17,-0.14601562
5/13/12 12:30,1194.5961,240.6,12.936,413.9114,1.16,0.65,0.3299,17.15,14.94,-113.8294,-2.2389,2.67,0.12295293
5/13/12 13:00,1196.6461,314.5,13.391,413.8253,0.68,-0.66,0.3314,12.69,9.05,-221.7212,-3.2856,-2.72,-0.049603536
5/13/12 13:30,1198.6961,222.9,14.751,413.8376,0.62,0.67,0.337,13.47,9.17,-365.1615,-5.1539,2.74,-0.37304204
5/13/12 14:00,1200.7461,227.9,14.998,413.7351,0.78,0.71,0.3368,15.81,11.73,-440.716,-7.9039,2.9,0.14460774
5/13/12 14:30,1202.7961,274.8,15.082,413.7146,0.74,-0.06,0.3352,11.18,11.14,-405.689,-6.8034,-0.25,-0.06482595
5/13/12 15:00,1204.8461,190.5,15.261,413.6777,0.17,0.9,0.3048,14.04,2.56,-359.8311,-9.9279,3.71,-0.13388131
5/13/12 15:30,1206.8961,187.1,15.509,413.6613,0.16,1.29,0.2731,20.24,2.5,-350.6241,-16.0569,5.31,-0.06758401
5/13/12 16:00,1208.9461,230.0,15.561,413.7269,0.42,0.35,0.238,8.45,6.47,-293.7731,-7.3176,1.43,-0.020533122
5/13/12 16:30,1210.9961,222.8,15.578,413.8417,0.66,0.72,0.1955,15.19,10.32,-175.7126,-14.0324,2.93,0.25117964
5/13/12 17:00,1213.0461,173.8,15.347,413.8909,-0.12,1.15,0.1562,17.74,-1.92,-124.164,-17.1366,4.71,0.054306086
5/13/12 17:30,1215.1211,156.1,14.658,424.0614,-0.98,2.2,0.1191,35.31,-14.31,-76.5544,-35.009,9.25,-0.13320045
5/13/12 18:00,1217.2711,161.8,10.362,444.4132,-1.37,4.16,0.1093,45.33,-14.16,-44.828,-45.3338,18.29,0.005551779
5/13/12 18:30,1219.4961,168.9,9.493,454.6575,-0.72,3.68,0.0891,35.56,-6.85,-29.1584,-35.2566,16.54,-0.0228492
5/13/12 19:00,1221.7211,177.0,9.311,444.7916,-0.19,3.53,0.077,32.95,-1.72,-3.7362,-31.8288,15.55,0.5857127
5/13/12 19:30,1223.9461,168.4,8.665,455.0625,-0.57,2.78,0.0699,24.56,-4.94,0.0,-22.6873,12.49,0.5308977
5/13/12 20:00,1226.1711,166.5,7.14,445.1744,-0.43,1.8,0.0656,13.24,-3.09,0.0,-11.4702,7.94,0.34674238
5/13/12 20:30,1228.3961,152.7,6.104,455.2965,-1.05,2.04,0.0622,14.01,-6.43,0.0,-11.1138,9.18,0.21275144
5/13/12 21:00,1230.6461,145.9,5.338,455.481,-0.77,1.13,0.0681,7.3,-4.09,0.0,-5.1636,5.1,0.21275144
5/13/12 21:30,1232.8961,76.5,4.232,455.652,-0.7,-0.17,0.0869,3.06,-2.97,0.0,-1.8601,-0.76,0.24077633
5/13/12 22:00,1235.1461,113.4,3.426,455.661,-0.73,0.32,0.1073,2.72,-2.5,0.0,-1.3601,1.42,0.57126462
5/13/12 22:30,1237.3961,71.9,3.125,455.697,-0.46,-0.15,0.1055,1.52,-1.45,0.0,-0.5824,-0.68,0.57126462
5/13/12 23:00,1239.6461,76.8,2.573,455.643,-0.56,-0.13,0.1187,1.49,-1.45,0.0,-0.3856,-0.59,0.5922905
5/13/12 23:30,1241.8961,54.1,2.362,455.643,-0.36,-0.26,0.12,1.05,-0.85,0.0,-0.1375,-1.18,0.5771154
5/14/12 0:00,1244.1461,61.7,2.012,455.6295,-0.75,-0.4,0.1278,1.71,-1.5,0.0,0.0,-1.81,0.5124914
5/14/12 0:30,1246.3961,80.4,2.168,455.5485,-0.6,-0.1,0.126,1.32,-1.3,0.0,0.1721,-0.46,0.51343768
5/14/12 1:00,1248.6461,65.5,2.087,455.4225,-0.74,-0.34,0.1241,1.69,-1.54,0.0,0.4381,-1.51,0.53273256
5/14/12 1:30,1250.9211,64.3,1.899,465.5614,-0.68,-0.33,0.1258,1.44,-1.3,0.0,0.5516,-1.51,0.56751989
5/14/12 2:00,1253.2211,75.0,2.247,465.704,-1.04,-0.28,0.1118,2.42,-2.34,0.0,1.2111,-1.28,0.53273256
5/14/12 2:30,1255.5211,75.5,2.002,465.7914,-0.8,-0.21,0.1137,1.65,-1.59,0.0,1.0018,-0.95,0.56751989
5/14/12 3:00,1257.8211,111.3,1.667,465.8098,-0.65,0.25,0.1244,1.16,-1.08,0.0,0.8216,1.16,0.3833011
5/14/12 3:30,1260.1211,83.6,1.584,465.9616,-0.79,-0.09,0.1243,1.26,-1.25,0.0,0.9965,-0.41,0.3833011
5/14/12 4:00,1262.4461,79.8,1.469,476.1805,-0.66,-0.12,0.1215,0.98,-0.97,0.0,0.8498,-0.56,0.25694964
5/14/12 4:30,1264.7961,75.6,1.479,476.1194,-0.63,-0.16,0.1137,0.97,-0.94,0.0,0.895,-0.77,0.3833011
5/14/12 5:00,1267.1461,52.9,1.422,476.3309,-0.63,-0.48,0.1119,1.13,-0.9,16.7752,1.0933,-2.26,0.36383889
5/14/12 5:30,1269.4961,85.6,1.497,476.5142,-0.42,-0.03,0.1077,0.64,-0.64,76.1013,0.6323,-0.15,0.57148388
5/14/12 6:00,1271.8461,72.9,1.996,476.5847,-0.65,-0.2,0.0921,1.36,-1.3,117.761,1.3593,-0.94,0.22968062
5/14/12 6:30,1274.1961,343.1,1.904,476.6176,0.13,-0.41,0.0919,0.82,0.24,139.0739,0.8174,-1.95,0.35164688
5/14/12 7:00,1276.5461,316.7,2.041,476.7492,0.41,-0.43,0.0902,1.21,0.83,223.8012,1.1671,-2.02,0.36049229
5/14/12 7:30,1278.8961,62.4,2.897,476.8526,-0.72,-0.38,0.0741,2.36,-2.09,347.072,2.1813,-1.77,0.19128704
5/14/12 8:00,1281.2711,79.5,3.501,486.9552,-0.95,-0.18,0.0682,3.37,-3.31,339.6422,2.9167,-0.84,0.24553081
5/14/12 8:30,1283.6711,59.2,3.802,487.0656,-0.61,-0.36,0.0716,2.7,-2.32,287.8984,2.1386,-1.74,0.16071181
5/14/12 9:00,1286.0711,103.1,4.136,486.9696,-1.09,0.25,0.071,4.65,-4.53,387.3382,3.2872,1.22,-0.25740547
5/14/12 9:30,1288.4711,146.9,4.931,487.008,-0.56,0.86,0.0673,5.03,-2.75,390.9009,3.0648,4.11,-0.10401579
5/14/12 10:00,1290.8711,235.2,5.328,487.1472,0.74,0.52,0.0774,4.83,3.96,310.16,2.4136,2.48,-0.0931278
5/14/12 10:30,1293.2711,194.1,7.438,487.1328,0.34,1.34,0.0841,10.3,2.51,320.7358,3.9423,6.45,-0.06412778
5/14/12 11:00,1295.6711,183.5,8.826,486.9408,0.1,1.63,0.1024,14.43,0.88,224.0485,3.7349,7.83,-0.31875788
5/14/12 11:30,1298.0711,175.6,10.301,486.6144,-0.12,1.59,0.1159,16.47,-1.26,96.7241,2.1499,7.65,0.28500915
5/14/12 12:00,1300.4961,153.5,12.867,496.5268,-1.55,3.11,0.1061,44.78,-19.98,0.0,0.0,15.26,0.6652233
5/14/12 12:30,1302.9461,171.9,15.689,496.4043,-0.51,3.61,0.1118,57.19,-8.06,-110.3344,-7.4643,17.68,-0.22940366
5/14/12 13:00,1305.3711,181.2,15.272,486.1728,0.08,3.99,0.1375,60.89,1.28,-211.2062,-15.7594,19.13,-0.06382774
5/14/12 13:30,1307.7711,191.3,14.882,486.1152,0.67,3.36,0.163,51.0,9.99,-345.645,-19.5171,16.13,-0.10428121
5/14/12 14:00,1310.1711,154.4,12.849,486.024,-1.18,2.46,0.1752,35.12,-15.17,-263.6125,-17.5582,11.83,0.32516258
5/14/12 14:30,1312.5711,161.0,11.912,485.8992,-0.98,2.85,0.1745,35.95,-11.7,-241.8347,-21.8852,13.7,0.57653263
5/14/12 15:00,1314.9711,140.7,11.242,485.8656,-2.15,2.62,0.1648,38.1,-24.13,-314.4447,-26.9402,12.59,-0.17226912
5/14/12 15:30,1317.3711,179.6,12.589,485.8944,-0.02,2.71,0.1445,34.17,-0.24,-353.051,-27.1061,13.03,0.11083016
5/14/12 16:00,1319.7711,180.5,12.862,485.8416,0.03,3.78,0.1396,48.67,0.42,-413.2284,-42.1493,18.16,-0.33734882
5/14/12 16:30,1322.1711,172.0,12.46,485.9232,-0.5,3.57,0.1182,44.97,-6.26,-321.3937,-41.5451,17.15,0.3106568
5/14/12 17:00,1324.5711,190.1,12.118,485.8512,0.63,3.52,0.1122,43.32,7.6,-291.5869,-41.8457,16.89,0.27387305
5/14/12 17:30,1326.9711,187.0,11.195,485.7888,0.44,3.61,0.1039,40.74,4.96,-135.8884,-40.3901,17.34,0.39721834
5/14/12 18:00,1329.3711,190.7,10.693,485.8464,0.69,3.65,0.0921,39.75,7.38,-78.368,-39.7459,17.53,0.45688014
5/14/12 18:30,1331.7711,191.1,10.118,485.8848,0.65,3.3,0.0763,34.04,6.55,-41.608,-33.7458,15.85,0.1097454
5/14/12 19:00,1334.1711,193.3,8.448,485.9952,0.64,2.69,0.0733,23.34,5.37,-1.5281,-22.5465,12.91,0.5857127
5/14/12 19:30,1336.5711,157.9,7.224,486.2112,-0.9,2.21,0.0713,17.19,-6.47,0.0,-15.8844,10.58,0.21999279
5/14/12 20:00,1338.9461,146.4,6.002,476.1382,-1.08,1.62,0.0715,11.67,-6.46,0.0,-10.1099,7.61,0.45359124
5/14/12 20:30,1341.2961,141.5,4.643,476.2463,-1.72,2.16,0.0719,12.84,-7.99,0.0,-10.1887,10.17,0.45359124
5/14/12 21:00,1343.6461,128.5,3.933,476.2322,-1.68,1.34,0.0715,8.44,-6.61,0.0,-5.9681,6.28,0.41995214
5/14/12 21:30,1345.9961,129.8,3.28,476.2463,-1.59,1.33,0.0662,6.81,-5.23,0.0,-4.1432,6.24,0.12868254
5/14/12 22:00,1348.3461,132.2,2.956,476.1899,-1.32,1.19,0.0616,5.25,-3.89,0.0,-2.6264,5.61,0.46440422
5/14/12 22:30,1350.6961,115.9,2.341,476.1617,-1.44,0.7,0.0697,3.76,-3.38,0.0,-1.4379,3.3,0.54010085
5/14/12 23:00,1353.0211,111.6,1.857,465.773,-1.33,0.53,0.076,2.65,-2.47,0.0,-0.6863,2.42,0.55659151
5/14/12 23:30,1355.3211,108.1,1.691,465.5384,-1.54,0.5,0.0728,2.73,-2.6,0.0,-0.3567,2.31,0.55085613
5/15/12 0:00,1357.6211,111.8,1.687,465.3682,-1.56,0.62,0.0676,2.83,-2.62,0.0,0.0,2.86,0.55085613
5/15/12 0:30,1359.9211,122.1,1.571,465.175,-1.52,0.95,0.0661,2.82,-2.39,0.0,0.3677,4.38,0.5882515
5/15/12 1:00,1362.2211,125.1,1.471,465.0876,-1.65,1.16,0.0617,2.97,-2.43,0.0,0.7679,5.34,0.5882515
5/15/12 1:30,1364.5211,120.0,1.485,465.0232,-1.4,0.81,0.0605,2.41,-2.08,0.0,0.9212,3.73,0.6166399
5/15/12 2:00,1366.8211,126.0,1.855,464.8714,-1.7,1.24,0.0495,3.9,-3.16,0.0,1.9524,5.69,0.643355
5/15/12 2:30,1369.1211,120.3,2.072,464.5954,-2.01,1.17,0.0383,4.82,-4.16,0.0,2.9314,5.39,0.15084511
5/15/12 3:00,1371.4211,142.7,2.852,464.393,-1.72,2.26,0.0096,8.11,-4.91,0.0,5.7334,10.4,0.6037728
5/15/12 3:30,1373.7211,153.2,3.379,464.2964,-1.62,3.21,-0.0038,12.15,-5.48,0.0,9.6373,14.76,0.18060677
5/15/12 4:00,1376.0211,153.7,3.646,464.14,-1.69,3.41,-0.0078,13.88,-6.15,0.0,12.0207,15.7,0.39087711
5/15/12 4:30,1378.3211,146.7,3.68,464.1906,-1.74,2.65,-0.0089,11.65,-6.39,0.0,10.7606,12.17,0.54517845
5/15/12 5:00,1380.5961,143.3,3.618,454.1085,-1.81,2.42,-0.0076,10.93,-6.53,5.3841,10.561,10.9,0.54517845
5/15/12 5:30,1382.8461,134.3,3.44,454.1355,-1.83,1.78,-0.0036,8.79,-6.29,18.2902,8.714,8.03,0.53760244
5/15/12 6:00,1385.0961,136.2,3.07,454.1625,-1.54,1.6,-0.0009,6.82,-4.72,22.711,6.8215,7.22,0.22969793
5/15/12 6:30,1387.3461,133.5,2.566,454.113,-1.51,1.43,0.0046,5.34,-3.87,32.2725,5.2942,6.45,0.22969793
5/15/12 7:00,1389.5961,134.3,2.643,453.951,-1.61,1.57,0.0015,5.94,-4.25,44.2636,5.739,7.07,0.08845987
5/15/12 7:30,1391.8461,140.8,2.949,453.8925,-1.56,1.91,-0.0075,7.27,-4.6,62.7638,6.7187,8.6,0.12316642
5/15/12 8:00,1394.0961,129.4,2.453,453.6765,-1.69,1.39,-0.0026,5.37,-4.15,70.5179,4.6523,6.26,0.1737347
5/15/12 8:30,1396.3961,131.3,2.018,473.666,-2.2,1.93,0.0061,5.91,-4.44,26.0331,4.6877,9.08,0.22969793
5/15/12 9:00,1398.7461,142.5,1.805,473.5156,-1.93,2.51,0.0125,5.71,-3.48,36.1381,4.0409,11.81,0.08845987
5/15/12 9:30,1401.0961,154.4,2.249,473.3981,-1.52,3.18,0.0014,7.93,-3.43,50.6891,4.8275,14.95,0.1737347
5/15/12 10:00,1403.4211,157.6,2.163,463.2154,-0.97,2.35,-0.0001,5.5,-2.1,44.527,2.7492,10.81,0.25879027
5/15/12 10:30,1405.7211,144.6,2.376,463.0222,-1.42,2.0,-0.0056,5.82,-3.37,22.6063,2.2259,9.18,0.08845987
5/15/12 11:00,1408.0211,158.9,2.058,462.898,-0.66,1.72,0.0009,3.79,-1.37,15.0925,0.9822,7.91,0.08845987
5/15/12 11:30,1410.3961,191.1,1.244,492.9792,0.47,2.4,0.0174,3.04,0.59,6.3668,0.3968,11.75,0.08845987
5/15/12 12:00,1412.8711,185.2,1.397,502.81,0.3,3.32,0.0313,4.65,0.42,0.0,0.0,16.59,0.25879027
5/15/12 12:30,1415.3711,178.0,1.191,502.595,-0.07,2.14,0.0395,2.55,-0.09,-11.6668,-0.333,10.7,0.25879027
5/15/12 13:00,1417.8711,171.0,1.041,502.34,-0.43,2.71,0.0318,2.86,-0.45,-19.3943,-0.7404,13.57,0.12316642
5/15/12 13:30,1420.3711,172.3,1.14,502.085,-0.47,3.51,0.0323,4.04,-0.54,-23.8175,-1.5461,17.56,0.08845987
5/15/12 14:00,1422.8961,175.0,1.272,511.836,-0.38,4.31,0.0417,5.5,-0.48,-46.1285,-2.7501,21.97,0.25879027
5/15/12 14:30,1425.4711,173.8,1.18,521.6068,-0.41,3.74,0.0456,4.44,-0.48,-54.4799,-2.7031,19.45,0.25879027
5/15/12 15:00,1428.0711,170.5,1.19,521.3728,-0.52,3.09,0.043,3.73,-0.61,-34.1589,-2.6346,16.06,0.08845987
5/15/12 15:30,1430.6711,170.5,0.956,521.1024,-0.44,2.65,0.0493,2.57,-0.42,-34.7671,-2.041,13.8,0.08845987
5/15/12 16:00,1433.2711,150.5,0.787,520.728,-1.17,2.07,0.0489,1.88,-0.92,-48.5996,-1.6248,10.79,0.08845987
5/15/12 16:30,1435.8711,142.9,0.662,520.5408,-1.04,1.37,0.0468,1.14,-0.69,-25.4399,-1.0532,7.14,0.22969793
5/15/12 17:00,1438.4711,,0.535,520.3328,,,0.0437,1.25,,-21.4049,-1.2108,,0.22969793
5/15/12 17:30,1441.0711,136.2,0.466,520.078,-0.63,0.65,0.0343,0.42,-0.29,-8.8467,-0.4186,3.4,0.50278049
5/15/12 18:00,1443.6711,138.2,0.473,519.8856,-1.04,1.16,0.0229,0.74,-0.49,-4.034,-0.7365,6.04,0.55659151
5/15/12 18:30,1446.2711,129.9,0.459,519.7972,-0.7,0.59,0.0186,0.42,-0.32,-0.6028,-0.4159,3.05,0.54010085
5/15/12 19:00,1448.8711,124.8,0.446,519.6672,-1.0,0.7,0.0149,0.55,-0.45,-0.3023,-0.5269,3.63,0.5301476
5/15/12 19:30,1451.4711,105.5,0.531,519.4436,-0.96,0.27,0.0129,0.53,-0.51,0.0,-0.4911,1.39,0.50149378
5/15/12 20:00,1454.0711,30.3,0.437,519.246,-0.54,-0.93,0.0141,0.47,-0.24,0.0,-0.4072,-4.83,0.54010085
5/15/12 20:30,1456.6711,7.6,0.382,519.1316,-0.2,-1.52,0.0145,0.59,-0.08,0.0,-0.4658,-7.92,0.55659151
5/15/12 21:00,1459.2711,30.6,0.386,518.8872,-0.57,-0.96,0.0144,0.43,-0.22,0.0,-0.3041,-4.99,0.55659151
5/15/12 21:30,1461.8711,352.3,0.387,518.7208,0.08,-0.59,0.0141,0.23,0.03,0.0,-0.1409,-3.08,0.55659151
5/15/12 22:00,1464.4711,316.1,0.391,518.648,1.01,-1.05,0.0148,0.57,0.4,0.0,-0.285,-5.46,0.55659151
5/15/12 22:30,1467.0711,313.3,0.407,518.5232,1.21,-1.14,0.0217,0.68,0.49,0.0,-0.2587,-5.92,0.55085613
5/15/12 23:00,1469.6711,312.8,0.483,518.3776,1.21,-1.12,0.0203,0.79,0.58,0.0,-0.2055,-5.81,0.55085613
5/15/12 23:30,1472.2461,310.3,0.559,508.3221,1.34,-1.14,0.0209,0.98,0.75,0.0,-0.1285,-5.81,0.55085613
5/16/12 0:00,1474.7961,304.2,0.615,508.2711,1.6,-1.09,0.0236,1.19,0.98,0.0,0.0,-5.55,0.55085613
5/16/12 0:30,1477.3461,294.1,0.679,508.1079,1.56,-0.7,0.0251,1.16,1.06,0.0,0.151,-3.55,0.5882515
5/16/12 1:00,1479.8711,300.2,0.825,498.16,1.64,-0.95,0.0287,1.56,1.35,0.0,0.4042,-4.76,0.6166399
5/16/12 1:30,1482.3711,311.0,0.758,497.88,0.85,-0.74,0.0287,0.85,0.64,0.0,0.3255,-3.68,0.6166399
5/16/12 2:00,1484.8711,317.9,0.685,497.755,0.99,-1.09,0.0296,1.01,0.68,0.0,0.5048,-5.47,0.643355
5/16/12 2:30,1487.3711,311.7,0.666,497.805,0.94,-0.84,0.029,0.84,0.63,0.0,0.5125,-4.2,0.643355
5/16/12 3:00,1489.8711,314.6,0.71,497.75,0.45,-0.44,0.0265,0.45,0.32,0.0,0.3148,-2.2,0.643355
5/16/12 3:30,1492.3711,247.9,0.646,497.69,0.43,0.17,0.0265,0.3,0.28,0.0,0.2368,0.87,0.6705894
5/16/12 4:00,1494.8711,283.7,0.62,497.755,0.53,-0.13,0.0267,0.34,0.33,0.0,0.2926,-0.65,0.6705894
5/16/12 4:30,1497.3461,280.7,0.996,487.8881,0.58,-0.11,0.0253,0.58,0.57,0.0,0.5392,-0.53,0.6705894
5/16/12 5:00,1499.7711,261.7,1.206,478.1088,1.2,0.18,0.0228,1.47,1.45,7.7033,1.4177,0.84,0.630084
5/16/12 5:30,1502.1461,304.4,1.315,468.3221,1.09,-0.75,0.0241,1.74,1.44,45.7641,1.7249,-3.51,0.55291025
5/16/12 6:00,1504.4961,315.1,1.264,468.4255,1.23,-1.24,0.0294,2.21,1.56,144.999,2.2082,-5.82,0.31073758
5/16/12 6:30,1506.8211,313.1,1.462,458.643,1.23,-1.15,0.0342,2.46,1.8,209.0243,2.4409,-5.29,0.12519169
5/16/12 7:00,1509.1211,307.3,1.578,458.7166,1.2,-0.91,0.0453,2.37,1.89,322.6192,2.2924,-4.19,-0.010878181
5/16/12 7:30,1511.3961,300.6,1.591,449.0505,1.53,-0.9,0.0604,2.83,2.43,430.6286,2.6105,-4.07,0.40657151
5/16/12 8:00,1513.6461,298.1,2.202,449.046,0.71,-0.38,0.0813,1.78,1.57,519.7304,1.5428,-1.71,-0.16491814
5/16/12 8:30,1515.8961,284.4,3.455,449.1675,1.09,-0.28,0.107,3.9,3.78,537.865,3.0974,-1.26,0.7441569
5/16/12 9:00,1518.1461,300.3,5.561,449.2215,1.63,-0.95,0.128,10.51,9.07,526.3045,7.4319,-4.29,1.0444854
5/16/12 9:30,1520.3711,302.2,6.602,439.3268,1.48,-0.93,0.1534,11.51,9.74,501.6474,7.0092,-4.09,-0.08691928
5/16/12 10:00,1522.5961,286.7,7.04,449.2755,0.7,-0.21,0.1832,5.11,4.9,442.4345,2.5555,-0.94,-0.29368723
5/16/12 10:30,1524.8211,273.5,7.77,439.3972,1.01,-0.06,0.195,7.86,7.85,235.759,3.0091,-0.27,-0.23853757
5/16/12 11:00,1527.0211,320.8,9.646,439.3752,0.15,-0.19,0.1885,2.34,1.48,208.5352,0.6067,-0.83,1.1863697
5/16/12 11:30,1529.2211,288.4,14.116,439.296,0.83,-0.27,0.1968,12.3,11.67,122.7899,1.6048,-1.21,0.21353039
5/16/12 12:00,1531.4211,313.8,16.228,439.2476,0.81,-0.78,0.2208,18.18,13.12,0.0,0.0,-3.41,0.14038987
5/16/12 12:30,1533.4711,312.3,20.927,379.2362,3.93,-3.58,0.207,111.27,82.3,-117.0863,-14.5235,-13.6,0.29649145
5/16/12 13:00,1535.2961,310.9,21.783,349.2405,3.92,-3.39,0.1696,112.94,85.37,-248.7569,-29.2323,-11.88,0.2218565
5/16/12 13:30,1536.9961,311.0,23.036,329.1915,4.28,-3.72,0.1218,130.75,98.68,-348.5175,-50.0368,-12.29,0.049390046
5/16/12 14:00,1538.6961,315.9,23.71,349.146,2.93,-3.03,0.0941,99.99,69.58,-416.4355,-49.9925,-10.6,0.000491604
5/16/12 14:30,1540.4711,316.6,24.659,359.064,2.74,-2.89,0.0842,98.24,67.5,-369.5133,-59.8056,-10.42,0.49532565
5/16/12 15:00,1542.3211,321.0,24.907,379.0196,1.59,-1.97,0.0536,63.01,39.66,-324.7713,-44.5581,-7.47,0.44563441
5/16/12 15:30,1544.2461,2.0,25.759,389.0523,-0.03,-0.81,0.0564,20.86,-0.73,-502.1419,-16.5532,-3.16,0.44382263
5/16/12 16:00,1546.1961,44.1,26.098,389.0718,-0.64,-0.66,0.0566,24.06,-16.75,-430.1921,-20.8386,-2.58,0.3779927
5/16/12 16:30,1548.1461,77.8,25.014,389.103,-1.56,-0.34,0.0419,40.05,-39.14,-230.1227,-36.999,-1.32,0.47940045
5/16/12 17:00,1550.0961,90.2,20.517,389.1576,-2.05,0.01,0.0252,42.1,-42.1,-180.2949,-40.6663,0.03,0.48015632
5/16/12 17:30,1552.0711,125.2,9.843,399.28,-3.97,2.8,0.093,47.85,-39.1,-141.617,-47.4375,11.21,0.5954063
5/16/12 18:00,1554.0961,136.1,8.402,409.4629,-3.51,3.65,0.1045,42.56,-29.51,-91.558,-42.5561,14.96,0.46752579
5/16/12 18:30,1556.1461,133.7,7.25,409.754,-3.31,3.16,0.0969,33.18,-23.99,-27.8913,-32.8922,12.96,0.37309974
5/16/12 19:00,1558.1961,141.5,6.992,409.9795,-3.0,3.77,0.0853,33.72,-20.99,-1.2856,-32.5734,15.48,0.50954293
5/16/12 19:30,1560.2211,143.3,6.181,400.18,-2.47,3.31,0.0707,25.5,-15.24,0.0,-23.5558,13.23,0.50954293
5/16/12 20:00,1562.2211,141.2,5.223,400.376,-2.06,2.56,0.06,17.14,-10.74,0.0,-14.8408,10.23,0.45359124
5/16/12 20:30,1564.1961,150.2,4.58,390.5343,-1.32,2.3,0.0515,12.12,-6.02,0.0,-9.618,8.96,0.45359124
5/16/12 21:00,1566.1461,124.1,3.761,390.6747,-1.36,0.92,0.0524,6.2,-5.13,0.0,-4.3827,3.6,0.45359124
5/16/12 21:30,1568.0961,131.6,3.112,390.7449,-1.34,1.19,0.0542,5.56,-4.16,0.0,-3.3854,4.63,0.39409677
5/16/12 22:00,1570.0461,126.1,2.346,390.78,-1.16,0.84,0.0639,3.36,-2.72,0.0,-1.6821,3.3,0.31266476
5/16/12 22:30,1571.9961,113.1,2.149,390.7644,-1.24,0.53,0.062,2.89,-2.66,0.0,-1.1061,2.06,0.50149378
5/16/12 23:00,1573.9461,82.1,2.135,390.8229,-1.14,-0.16,0.0525,2.46,-2.44,0.0,-0.6371,-0.62,0.4227102
5/16/12 23:30,1575.8961,83.5,2.04,390.8073,-1.1,-0.13,0.0493,2.26,-2.24,0.0,-0.2945,-0.49,0.50149378
5/17/12 0:00,1577.8461,96.5,1.859,390.8307,-1.35,0.15,0.0519,2.52,-2.51,0.0,0.0,0.6,0.55085613
5/17/12 0:30,1579.7961,110.0,1.563,390.8619,-1.2,0.44,0.0586,1.99,-1.87,0.0,0.2597,1.7,0.52682985
5/17/12 1:00,1581.7461,89.5,1.481,390.7293,-1.4,-0.01,0.0547,2.07,-2.07,0.0,0.5363,-0.05,0.56033624
5/17/12 1:30,1583.6961,85.2,1.48,390.6318,-1.44,-0.12,0.0472,2.14,-2.13,0.0,0.819,-0.47,0.56033624
5/17/12 2:00,1585.6461,95.7,1.186,390.5421,-0.9,0.09,0.0516,1.08,-1.07,0.0,0.5384,0.35,0.5890593
5/17/12 2:30,1587.5961,81.1,1.136,390.4797,-1.21,-0.19,0.0458,1.39,-1.37,0.0,0.8444,-0.74,0.5890593
5/17/12 3:00,1589.5461,97.6,0.99,390.5538,-0.85,0.11,0.0473,0.84,-0.84,0.0,0.5971,0.44,0.6162937
5/17/12 3:30,1591.4961,108.5,0.908,390.6396,-0.36,0.12,0.0462,0.35,-0.33,0.0,0.2745,0.47,0.6162937
5/17/12 4:00,1593.4461,47.0,0.792,390.624,-0.41,-0.38,0.0464,0.44,-0.32,0.0,0.3814,-1.48,0.6162937
5/17/12 4:30,1595.3961,12.1,0.825,390.7176,-0.09,-0.44,0.0458,0.37,-0.08,0.0,0.3399,-1.7,0.6162937
5/17/12 5:00,1597.3461,319.2,0.696,390.8424,0.47,-0.55,0.049,0.5,0.33,11.1603,0.484,-2.13,0.53721008
5/17/12 5:30,1599.2961,335.6,0.571,390.9555,0.14,-0.3,0.0551,0.19,0.08,46.2767,0.1891,-1.19,0.43767758
5/17/12 6:00,1601.2211,319.8,0.664,380.9538,0.36,-0.42,0.0466,0.37,0.24,101.171,0.3679,-1.61,0.8765784
5/17/12 6:30,1603.1211,318.1,0.954,380.9576,0.84,-0.94,0.0443,1.2,0.8,125.3315,1.1946,-3.57,0.8309954
5/17/12 7:00,1605.0211,316.3,1.42,381.0108,0.85,-0.89,0.0466,1.75,1.21,212.437,1.6857,-3.38,0.12519169
5/17/12 7:30,1606.9211,320.4,1.849,381.0564,0.87,-1.05,0.0513,2.53,1.61,201.9693,2.3335,-4.0,0.48400491
5/17/12 8:00,1608.8211,343.1,2.119,380.9614,0.13,-0.44,0.0535,0.98,0.28,247.4936,0.846,-1.68,0.6271413
5/17/12 8:30,1610.7461,51.9,2.757,390.9282,-0.61,-0.48,0.0428,2.15,-1.69,315.93,1.7083,-1.88,0.6977084
5/17/12 9:00,1612.6711,40.8,3.636,380.855,-0.33,-0.39,0.0504,1.86,-1.21,385.707,1.3138,-1.47,-0.006896881
5/17/12 9:30,1614.5711,69.7,4.844,380.7904,-0.89,-0.33,0.0647,4.59,-4.31,362.5667,2.7955,-1.25,-0.021342076
5/17/12 10:00,1616.4711,133.8,6.631,380.7106,-0.81,0.78,0.0623,7.44,-5.37,368.7865,3.72,2.95,1.3199452
5/17/12 10:30,1618.3711,101.0,7.878,380.551,-0.84,0.16,0.0691,6.74,-6.61,283.4196,2.5776,0.62,1.2728043
5/17/12 11:00,1620.2711,118.6,9.643,380.4522,-0.94,0.51,0.0831,10.33,-9.07,114.5634,2.673,1.95,1.0237711
5/17/12 11:30,1622.1711,122.0,10.016,380.3268,-1.48,0.93,0.0796,17.49,-14.83,60.6205,2.2826,3.52,0.12047183
5/17/12 12:00,1624.0711,164.5,11.357,380.1482,-0.69,2.49,0.0688,29.39,-7.85,0.0,0.0,9.48,1.6791854
5/17/12 12:30,1625.9711,147.8,12.846,379.9544,-1.22,1.93,0.0644,29.3,-15.61,-59.5805,-3.8246,7.33,-0.032268148
5/17/12 13:00,1627.8711,140.9,12.349,379.7112,-1.72,2.12,0.0555,33.75,-21.29,-84.8714,-8.7351,8.06,0.19647427
5/17/12 13:30,1629.7711,132.2,12.567,379.5858,-1.87,1.7,0.0376,31.76,-23.53,-138.9524,-12.1528,6.45,0.20038633
5/17/12 14:00,1631.6711,173.9,13.683,379.5858,-0.31,2.91,0.0309,40.09,-4.26,-139.9485,-20.0456,11.07,0.23517366
5/17/12 14:30,1633.5461,211.4,15.06,369.3747,1.36,2.23,0.0229,39.43,20.54,-272.6368,-24.0017,8.27,-0.05933868
5/17/12 15:00,1635.3961,205.7,14.789,369.2267,1.5,3.12,0.0206,51.29,22.24,-333.1392,-36.2663,11.56,0.35303745
5/17/12 15:30,1637.2711,175.7,16.512,379.1602,-0.28,3.67,0.0223,60.71,-4.55,-385.2254,-48.1681,13.93,0.3045406
5/17/12 16:00,1639.1711,190.6,16.818,379.0272,0.72,3.86,0.0243,65.96,12.13,-222.0281,-57.1232,14.65,0.8218788
5/17/12 16:30,1641.0961,179.7,14.276,388.9392,-0.02,4.39,0.0489,62.63,-0.33,-139.0688,-57.8615,17.11,0.33930485
5/17/12 17:00,1643.0461,177.9,12.263,388.908,-0.17,4.71,0.0395,57.84,-2.12,-224.3189,-55.8736,18.38,1.0958961
5/17/12 17:30,1645.0211,183.2,9.042,398.736,0.3,5.44,0.0462,49.22,2.75,-176.0459,-48.8035,21.74,1.2354147
5/17/12 18:00,1647.0461,184.9,6.605,408.7495,0.48,5.57,0.0566,36.9,3.15,-85.295,-36.8955,22.82,0.1075528
5/17/12 18:30,1649.0711,187.7,6.089,398.868,0.7,5.19,0.0534,31.88,4.27,-26.7888,-31.6092,20.76,0.42110037
5/17/12 19:00,1651.0711,187.1,5.51,398.88,0.68,5.46,0.043,30.32,3.75,-1.5271,-29.2883,21.84,0.6421433
5/17/12 19:30,1653.0711,189.2,4.571,398.996,0.82,5.06,0.0321,23.43,3.75,0.0,-21.6431,20.24,0.8049727
5/17/12 20:00,1655.0461,186.0,4.22,389.1459,0.49,4.67,0.0237,19.82,2.07,0.0,-17.1658,18.22,0.5779809
5/17/12 20:30,1656.9961,182.4,3.969,389.2824,0.18,4.25,0.0177,16.88,0.71,0.0,-13.3951,16.58,0.44363222
5/17/12 21:00,1658.9211,184.2,3.803,379.3768,0.31,4.19,0.011,15.99,1.17,0.0,-11.3051,15.93,0.44519012
5/17/12 21:30,1660.7711,129.8,3.628,359.4636,-1.66,1.38,0.0111,7.84,-6.02,0.0,-4.7705,4.98,0.37272469
5/17/12 22:00,1662.5711,141.4,3.398,359.3988,-2.03,2.54,0.0131,11.04,-6.89,0.0,-5.5218,9.14,0.37272469
5/17/12 22:30,1664.3961,127.9,3.222,369.4154,-2.58,2.01,0.0105,10.54,-8.31,0.0,-4.0319,7.43,0.37272469
5/17/12 23:00,1666.2711,129.1,3.348,379.3388,-3.02,2.46,0.006,13.03,-10.11,0.0,-3.3734,9.33,0.37272469
5/17/12 23:30,1668.1461,126.5,3.319,369.3118,-2.44,1.8,0.0047,10.06,-8.08,0.0,-1.3126,6.67,0.36079233
5/18/12 0:00,1669.9711,114.5,3.134,359.3736,-1.79,0.82,0.0052,6.16,-5.61,0.0,0.0,2.94,0.35322209
5/18/12 0:30,1671.7211,34.7,4.211,339.5036,-1.33,-1.93,0.03,9.86,-5.61,0.0,1.2873,-6.55,0.43301542
5/18/12 1:00,1673.4211,43.8,4.385,339.4798,-1.26,-1.32,0.0472,8.0,-5.54,0.0,2.0712,-4.48,0.51163744
5/18/12 1:30,1675.1961,69.5,3.155,369.3377,-3.56,-1.33,0.0697,11.99,-11.23,0.0,4.5892,-4.93,0.55271984
5/18/12 2:00,1677.0461,65.8,3.12,369.1971,-3.83,-1.72,0.0813,13.12,-11.96,0.0,6.5582,-6.38,0.54432449
5/18/12 2:30,1678.9211,70.6,2.869,379.2818,-3.61,-1.27,0.0757,10.97,-10.35,0.0,6.6805,-4.83,0.54643631
5/18/12 3:00,1680.7461,16.3,2.146,349.5765,-0.63,-2.16,0.0834,4.82,-1.35,0.0,3.4097,-7.55,0.54643631
5/18/12 3:30,1682.4711,,1.173,339.7552,,,0.0991,2.11,,0.0,1.6779,,0.57126462
5/18/12 4:00,1684.2961,,1.084,389.5632,,,0.0958,2.06,,0.0,1.7865,,0.57126462
5/18/12 4:30,1686.2711,56.9,1.311,399.584,-1.58,-1.03,0.0853,2.47,-2.07,0.0,2.2795,-4.11,0.57126462
5/18/12 5:00,1688.2211,,1.609,379.8252,,,0.074,3.38,,0.5641,3.2669,,0.57126462
5/18/12 5:30,1690.1711,,1.083,400.008,,,0.0795,2.38,,2.5609,2.3644,,0.5673641
5/18/12 6:00,1692.1961,,0.772,410.0328,,,0.0795,1.78,,13.329,1.7771,,0.55266214
5/18/12 6:30,1694.2711,,0.9,420.0756,,,0.0736,2.16,,26.2535,2.1424,,0.24002046
5/18/12 7:00,1696.3961,,0.973,429.828,,,0.0775,2.71,,49.7539,2.6137,,0.43767758
5/18/12 7:30,1698.5461,,1.055,429.8151,,,0.077,3.33,,115.2752,3.081,,0.8309954
5/18/12 8:00,1700.6961,,1.327,429.9312,,,0.0777,4.7,,121.0184,4.0682,,0.6674159
5/18/12 8:30,1702.8211,338.5,1.726,420.0798,0.6,-1.52,0.0792,2.82,1.03,147.1171,2.2389,-6.39,0.7157108
5/18/12 9:00,1704.8711,318.1,2.305,400.14,2.04,-2.27,0.0918,7.03,4.7,438.7767,4.9711,-9.08,0.3993994
5/18/12 9:30,1706.8461,340.2,3.121,390.1989,0.98,-2.72,0.1299,9.01,3.05,503.4293,5.4851,-10.59,-0.25873834
5/18/12 10:00,1708.8211,340.6,3.984,400.224,0.88,-2.51,0.179,10.61,3.52,428.5455,5.3047,-10.05,-0.014745235
5/18/12 10:30,1710.7961,353.6,4.953,390.312,0.31,-2.8,0.2208,13.97,1.56,331.9851,5.347,-10.93,0.31789238
5/18/12 11:00,1712.7711,7.8,5.538,400.356,-0.4,-2.95,0.2599,16.5,-2.24,239.6887,4.2714,-11.81,0.14849095
5/18/12 11:30,1714.7711,28.6,6.772,400.328,-1.11,-2.04,0.2776,15.73,-7.53,120.8648,2.0534,-8.16,0.19344502
5/18/12 12:00,1716.7711,19.3,7.498,400.232,-0.56,-1.59,0.2894,12.6,-4.17,0.0,0.0,-6.35,1.0793362
5/18/12 12:30,1718.7711,17.3,7.368,400.412,-0.45,-1.46,0.276,11.26,-3.35,-16.8135,-1.4695,-5.84,0.5338404
5/18/12 13:00,1720.7961,12.6,5.872,410.4428,-0.33,-1.49,0.275,8.97,-1.96,-154.2709,-2.3222,-6.11,-0.031039138
5/18/12 13:30,1722.8461,44.6,6.986,410.4551,-0.23,-0.23,0.2753,2.25,-1.58,-217.2391,-0.8608,-0.94,-0.19267184
5/18/12 14:00,1724.8711,321.0,7.747,400.536,0.46,-0.56,0.2851,5.63,3.54,-380.2215,-2.816,-2.26,0.776065
5/18/12 14:30,1726.8711,291.0,8.504,400.636,1.19,-0.46,0.3065,10.81,10.09,-483.3438,-6.5798,-1.82,0.13123288
5/18/12 15:00,1728.8461,324.3,9.464,390.6825,1.0,-1.39,0.302,16.18,9.44,-481.3891,-11.4434,-5.42,0.7999528
5/18/12 15:30,1730.6711,305.7,13.05,340.6392,3.87,-2.78,0.2454,62.24,50.54,-515.6487,-49.3747,-9.46,1.1121675
5/18/12 16:00,1732.1461,303.7,13.193,250.5675,5.21,-3.48,0.1903,82.65,68.76,-470.6043,-71.5806,-8.69,-0.30467908
5/18/12 16:30,1733.2211,311.2,13.186,180.4986,5.32,-4.66,0.1291,93.25,70.16,-439.6697,-86.1531,-8.38,1.0353688
5/18/12 17:00,1733.9961,306.2,12.585,130.4511,5.51,-4.03,0.0801,85.97,69.37,-364.6582,-83.0388,-5.24,1.2048914
5/18/12 17:30,1734.6461,312.3,11.935,130.5434,5.1,-4.64,0.048,82.35,60.91,-133.5129,-81.647,-6.04,0.50287858
5/18/12 18:00,1735.3461,317.2,11.29,150.744,4.12,-4.45,0.0309,68.54,46.57,-96.089,-68.5416,-6.68,-0.039446028
5/18/12 18:30,1736.2461,316.3,10.904,211.2054,3.47,-3.63,0.0154,54.71,37.79,-38.361,-54.2374,-7.62,-0.06382197
5/18/12 19:00,1737.3961,317.8,10.548,251.63,2.89,-3.19,0.0068,45.44,30.52,-1.7174,-43.8924,-7.98,0.5308977
5/18/12 19:30,1738.7461,324.9,10.103,292.1199,1.64,-2.34,0.0016,28.87,16.6,0.0,-26.6764,-6.78,0.5308977
5/18/12 20:00,1740.2461,323.8,8.733,312.4769,0.82,-1.12,0.0097,12.12,7.16,0.0,-10.4974,-3.47,0.5308977
5/18/12 20:30,1741.7961,11.3,8.183,312.7342,-0.25,-1.25,0.0216,10.43,-2.04,0.0,-8.2708,-3.87,0.5855396
5/18/12 21:00,1743.3461,18.9,6.913,312.8799,-0.15,-0.45,0.0379,3.29,-1.07,0.0,-2.3268,-1.4,0.6140434
5/18/12 21:30,1744.8961,193.5,5.43,312.9388,0.04,0.16,0.0557,0.91,0.21,0.0,-0.5553,0.51,0.54643631
5/18/12 22:00,1746.4461,276.5,3.794,313.0566,0.13,-0.02,0.071,0.5,0.5,0.0,-0.2523,-0.05,0.57126462
5/18/12 22:30,1747.9961,151.5,3.117,313.1062,-0.19,0.36,0.0899,1.27,-0.61,0.0,-0.4855,1.11,0.57126462
5/18/12 23:00,1749.5461,258.2,3.459,313.2085,0.53,0.11,0.077,1.87,1.83,0.0,-0.4834,0.34,0.57126462
5/18/12 23:30,1751.0961,115.3,2.747,313.317,-0.32,0.15,0.0997,0.98,-0.89,0.0,-0.128,0.47,0.5922905
5/19/12 0:00,1752.6461,110.0,1.913,313.3449,-0.34,0.12,0.1192,0.69,-0.65,0.0,0.0,0.38,0.51343768
5/19/12 0:30,1754.1961,40.2,1.738,313.3387,-0.25,-0.29,0.1251,0.66,-0.43,0.0,0.0864,-0.9,0.53163049
5/19/12 1:00,1755.7461,149.3,1.259,313.3139,-0.14,0.24,0.1102,0.34,-0.18,0.0,0.0893,0.73,0.53273256
5/19/12 1:30,1757.3211,341.6,1.076,323.424,0.07,-0.2,0.1218,0.22,0.07,0.0,0.0848,-0.63,0.3833011
5/19/12 2:00,1758.9211,108.9,0.857,323.392,-0.45,0.15,0.1363,0.41,-0.38,0.0,0.2027,0.49,0.3569899
5/19/12 2:30,1760.5211,138.7,0.987,323.4336,-0.19,0.22,0.1388,0.28,-0.19,0.0,0.1724,0.69,0.24150335
5/19/12 3:00,1762.1211,100.2,1.145,323.5392,-0.4,0.07,0.1354,0.47,-0.46,0.0,0.332,0.23,0.50415952
5/19/12 3:30,1763.7211,58.7,0.951,323.6352,-0.23,-0.14,0.1437,0.26,-0.22,0.0,0.2052,-0.45,0.50415952
5/19/12 4:00,1765.3211,17.7,0.757,323.7056,-0.06,-0.2,0.1366,0.16,-0.05,0.0,0.139,-0.65,0.50415952
5/19/12 4:30,1766.9211,323.1,0.635,323.76,0.18,-0.24,0.1292,0.19,0.11,0.0,0.1725,-0.75,0.50415952
5/19/12 5:00,1768.5211,177.6,1.069,323.8784,-0.03,0.76,0.113,0.81,-0.03,12.8922,0.7817,2.42,0.49803178
5/19/12 5:30,1770.1211,142.0,1.288,324.0544,-0.39,0.5,0.1178,0.81,-0.5,66.9959,0.8045,1.59,0.4701973
5/19/12 6:00,1771.7211,302.4,1.669,324.1504,0.22,-0.14,0.1023,0.44,0.37,165.432,0.4356,-0.45,0.6818986
5/19/12 6:30,1773.3211,255.5,3.32,324.2464,1.21,0.31,0.0732,4.15,4.02,265.4792,4.1145,1.0,0.6607804
5/19/12 7:00,1774.9211,295.1,3.774,324.336,1.13,-0.53,0.0758,4.7,4.26,356.9849,4.5422,-1.69,0.51740167
5/19/12 7:30,1776.5211,315.9,4.023,324.3936,0.71,-0.73,0.0909,4.1,2.85,443.0935,3.7874,-2.34,0.6379889
5/19/12 8:00,1778.1211,279.9,5.105,324.416,0.74,-0.13,0.1113,3.84,3.79,504.7984,3.3291,-0.41,-0.6385659
5/19/12 8:30,1779.7211,235.3,6.125,324.4288,0.8,0.55,0.1254,5.97,4.9,537.0431,4.7329,1.77,-0.11162642
5/19/12 9:00,1781.3211,221.7,7.964,324.4608,0.73,0.82,0.1086,8.74,5.82,534.4348,6.1833,2.62,0.49576417
5/19/12 9:30,1782.9211,197.5,9.386,324.4864,0.37,1.17,0.1103,11.53,3.47,503.9796,7.0166,3.75,0.037840237
5/19/12 10:00,1784.5461,190.1,10.389,334.6398,0.18,1.0,0.1207,10.53,1.85,444.1405,5.2672,3.29,-0.051522638
5/19/12 10:30,1786.1711,207.2,12.107,324.4832,0.44,0.85,0.1265,11.57,5.29,356.2247,4.4293,2.72,-0.016976494
5/19/12 11:00,1787.7711,248.8,14.251,324.448,0.77,0.3,0.1475,11.83,11.03,250.2514,3.0614,0.96,0.13909162
5/19/12 11:30,1789.3711,247.1,16.012,324.4096,1.03,0.43,0.1577,17.87,16.46,128.2459,2.3324,1.39,0.26263309
5/19/12 12:00,1790.9711,230.3,17.38,324.3648,0.75,0.62,0.1986,16.95,13.04,0.0,0.0,1.99,0.049952621
5/19/12 12:30,1792.5711,301.7,17.954,324.2752,0.58,-0.36,0.2109,12.3,10.46,-127.5129,-1.6053,-1.15,0.7386754
5/19/12 13:00,1794.1711,270.1,19.302,324.1952,1.07,0.0,0.2382,20.69,20.69,-247.6942,-5.3554,-0.01,0.001051583
5/19/12 13:30,1795.7711,211.2,20.323,324.0832,0.29,0.47,0.2395,11.22,5.81,-351.3811,-4.2931,1.51,0.09772649
5/19/12 14:00,1797.3711,209.4,21.252,324.0,0.38,0.67,0.2402,16.3,8.0,-428.803,-8.1501,2.14,0.8257447
5/19/12 14:30,1798.9711,185.1,19.887,323.8976,0.12,1.34,0.2395,26.81,2.38,-473.0119,-16.3195,4.3,0.37578279
5/19/12 15:00,1800.5711,177.1,18.054,323.8432,-0.16,3.25,0.2235,58.84,-2.98,-500.9229,-41.6047,10.42,1.073797
5/19/12 15:30,1802.1711,185.9,17.986,323.8336,0.35,3.37,0.2148,60.9,6.26,-488.1122,-48.3157,10.78,1.6290441
5/19/12 16:00,1803.7711,190.4,17.585,323.8944,0.63,3.45,0.2005,61.65,11.13,-444.4971,-53.3931,11.03,1.747156
5/19/12 16:30,1805.3711,183.0,16.776,323.9136,0.22,4.17,0.1804,70.02,3.66,-358.6842,-64.6928,13.34,1.5201065
5/19/12 17:00,1806.9711,181.9,16.412,323.9584,0.17,4.98,0.1574,81.76,2.71,-276.4808,-78.9785,15.93,0.56681595
5/19/12 17:30,1808.5711,199.5,14.025,324.0352,1.34,3.77,0.1318,56.1,18.73,-169.8196,-55.6201,12.07,0.8514789
5/19/12 18:00,1810.1711,204.6,12.464,324.1152,1.43,3.13,0.1138,42.93,17.87,-74.14,-42.926,10.02,0.16184273
5/19/12 18:30,1811.7711,198.8,10.561,324.2944,1.08,3.18,0.103,35.45,11.43,-23.1056,-35.15,10.17,0.52404871
5/19/12 19:00,1813.3711,189.3,9.35,324.4256,0.54,3.28,0.0955,31.09,5.02,-0.794,-30.0294,10.5,0.57159928
5/19/12 19:30,1814.9711,191.3,8.7,324.5024,0.63,3.14,0.0815,27.87,5.46,0.0,-25.7449,10.05,0.8700583
5/19/12 20:00,1816.5711,178.7,7.965,324.624,-0.06,2.48,0.0708,19.76,-0.45,0.0,-17.1137,7.94,0.5843279
5/19/12 20:30,1818.1711,171.4,7.594,324.7456,-0.33,2.21,0.0616,16.97,-2.54,0.0,-13.4653,7.07,0.44922335
5/19/12 21:00,1819.7711,140.9,6.992,324.8128,-1.08,1.33,0.0617,11.99,-7.56,0.0,-8.4791,4.26,0.39297739
5/19/12 21:30,1821.3711,129.6,6.498,324.8224,-1.24,1.03,0.0587,10.47,-8.07,0.0,-6.3727,3.29,0.3756847
5/19/12 22:00,1822.9711,129.9,6.018,324.8576,-1.2,1.01,0.0532,9.45,-7.25,0.0,-4.7241,3.22,0.39860891
5/19/12 22:30,1824.5711,94.5,5.491,324.8928,-1.1,0.09,0.0529,6.06,-6.04,0.0,-2.3178,0.28,0.46968954
5/19/12 23:00,1826.1711,71.2,4.728,324.9504,-1.08,-0.37,0.0587,5.4,-5.12,0.0,-1.3987,-1.18,0.51163744
5/19/12 23:30,1827.7711,86.3,4.123,324.9984,-1.15,-0.07,0.0678,4.75,-4.74,0.0,-0.6194,-0.24,0.5587668
5/20/12 0:00,1829.3711,86.3,4.544,325.0048,-1.24,-0.08,0.0575,5.66,-5.65,0.0,0.0,-0.26,0.5587668
5/20/12 0:30,1830.9711,99.3,4.288,325.0592,-0.99,0.16,0.061,4.31,-4.25,0.0,0.5625,0.52,0.6162937
5/20/12 1:00,1832.5711,78.4,3.94,325.0528,-1.0,-0.21,0.0645,4.02,-3.94,0.0,1.0401,-0.66,0.55271984
5/20/12 1:30,1834.1711,70.4,3.763,325.0592,-0.88,-0.31,0.0631,3.51,-3.31,0.0,1.345,-1.0,0.55360842
5/20/12 2:00,1835.7711,65.4,3.31,325.0816,-0.62,-0.29,0.0691,2.27,-2.06,0.0,1.1353,-0.91,0.54432449
5/20/12 2:30,1837.3711,82.4,3.104,325.0432,-0.63,-0.08,0.0722,1.97,-1.96,0.0,1.2018,-0.27,0.54643631
5/20/12 3:00,1838.9711,71.2,3.23,325.0592,-0.88,-0.3,0.0696,2.99,-2.83,0.0,2.1127,-0.95,0.54643631
5/20/12 3:30,1840.5711,99.8,2.974,325.0592,-0.7,0.12,0.0729,2.11,-2.08,0.0,1.6728,0.39,0.54643631
5/20/12 4:00,1842.1711,74.1,2.803,325.0816,-0.88,-0.25,0.0712,2.56,-2.46,0.0,2.2187,-0.8,0.54643631
5/20/12 4:30,1843.7711,75.6,2.526,325.1328,-0.58,-0.15,0.0728,1.5,-1.46,0.0,1.3886,-0.47,0.55351033
5/20/12 5:00,1845.3711,86.0,2.366,325.1936,-0.51,-0.04,0.0733,1.22,-1.22,8.7648,1.1793,-0.12,0.5673641
5/20/12 5:30,1846.9711,106.9,2.099,325.2032,-0.54,0.16,0.0752,1.19,-1.14,43.9973,1.1779,0.53,0.43767758
5/20/12 6:00,1848.5711,81.9,2.342,325.2576,-0.6,-0.09,0.0591,1.43,-1.42,99.338,1.431,-0.28,0.8765784
5/20/12 6:30,1850.1961,71.3,3.053,335.5308,-0.87,-0.29,0.039,2.81,-2.66,167.464,2.7817,-0.97,0.55485474
5/20/12 7:00,1851.8461,91.3,3.805,335.5572,-1.05,0.02,0.0186,4.0,-4.0,234.4582,3.8665,0.08,0.7877204
5/20/12 7:30,1853.4961,101.1,4.437,335.6562,-0.72,0.14,0.009,3.27,-3.2,295.1148,3.0171,0.47,0.5515543
5/20/12 8:00,1855.1211,113.2,5.261,325.4944,-0.65,0.28,0.0123,3.7,-3.4,365.054,3.2075,0.89,0.6372388
5/20/12 8:30,1856.7211,222.3,6.275,325.52,0.41,0.45,0.028,3.83,2.58,362.3038,3.0417,1.45,-0.052003279
5/20/12 9:00,1858.3211,212.6,6.765,325.5392,0.29,0.45,0.0525,3.65,1.96,426.6131,2.5783,1.45,0.40250366
5/20/12 9:30,1859.9211,205.4,9.529,325.536,0.46,0.98,0.0807,10.3,4.42,441.0647,6.2708,3.12,0.3192541
5/20/12 10:00,1861.5211,204.4,10.973,325.5264,0.53,1.17,0.1004,14.11,5.83,397.011,7.0556,3.75,-0.09603011
5/20/12 10:30,1863.1211,204.0,12.614,325.4464,0.6,1.34,0.1034,18.52,7.53,341.2847,7.0863,4.29,-0.12619567
5/20/12 11:00,1864.7211,210.2,14.108,325.4016,1.02,1.75,0.117,28.51,14.34,239.4889,7.3795,5.59,0.12065647
5/20/12 11:30,1866.3211,202.7,15.693,325.408,0.81,1.95,0.1188,33.11,12.78,112.7246,4.322,6.23,0.024434219
5/20/12 12:00,1867.9211,161.5,18.693,325.2672,-0.83,2.47,0.1298,48.66,-15.44,0.0,0.0,7.9,0.49525641
5/20/12 12:30,1869.5211,194.0,20.008,325.1456,0.54,2.16,0.1409,44.48,10.76,-104.6773,-5.8055,6.9,0.23227712
5/20/12 13:00,1871.1211,185.7,21.169,325.0432,0.27,2.67,0.142,56.88,5.65,-192.0864,-14.7219,8.56,0.34460748
5/20/12 13:30,1872.7211,203.7,21.08,324.9792,1.06,2.43,0.1413,55.84,22.45,-278.0578,-21.3694,7.76,0.532571
5/20/12 14:00,1874.2961,205.4,20.108,314.7244,1.02,2.14,0.1388,47.7,20.46,-284.354,-23.8481,6.64,0.8950424
5/20/12 14:30,1875.8461,189.7,19.375,314.619,0.22,1.31,0.1332,25.85,4.35,-314.7826,-15.7342,4.08,0.6083888
5/20/12 15:00,1877.3961,151.6,17.12,314.5105,-1.39,2.56,0.1174,49.87,-23.72,-217.3066,-35.2638,7.94,0.7039977
5/20/12 15:30,1878.9461,185.7,16.032,314.5167,0.26,2.65,0.0946,42.66,4.24,-227.1664,-33.8454,8.21,0.6978815
5/20/12 16:00,1880.4961,180.8,15.392,314.464,0.04,3.07,0.0793,47.25,0.66,-196.6874,-40.9227,9.52,0.9638785
5/20/12 16:30,1882.0461,181.7,15.069,314.4826,0.11,3.55,0.0623,53.54,1.59,-165.9389,-49.4647,11.01,0.7182496
5/20/12 17:00,1883.5961,183.1,14.263,314.433,0.2,3.62,0.0488,51.7,2.8,-105.4714,-49.9416,11.22,0.28349741
5/20/12 17:30,1885.1461,186.0,13.126,314.5229,0.34,3.23,0.0337,42.66,4.46,-74.8085,-42.2945,10.02,0.16184273
5/20/12 18:00,1886.6961,190.0,11.892,314.5725,0.42,2.39,0.0255,28.8,5.0,-42.035,-28.8024,7.39,0.674513
5/20/12 18:30,1888.2211,180.7,10.658,304.419,0.02,1.93,0.0233,20.54,0.25,-15.7025,-20.3623,5.78,0.6150243
5/20/12 19:00,1889.7211,183.9,9.326,304.461,0.1,1.47,0.0242,13.74,0.93,-0.4134,-13.2691,4.41,0.5592861
5/20/12 19:30,1891.2211,159.2,7.853,304.512,-0.37,0.96,0.0323,8.08,-2.87,0.0,-7.4656,2.89,0.46736423
5/20/12 20:00,1892.7211,119.2,6.859,304.587,-0.87,0.48,0.0468,6.8,-5.93,0.0,-5.8866,1.45,0.38468013
5/20/12 20:30,1894.2211,107.7,6.335,304.674,-1.03,0.33,0.048,6.85,-6.52,0.0,-5.433,0.99,0.38468013
5/20/12 21:00,1895.7211,110.2,5.669,304.638,-0.51,0.19,0.0444,3.1,-2.91,0.0,-2.1927,0.57,0.38468013
5/20/12 21:30,1897.2211,153.5,4.8,304.629,-0.54,1.08,0.0533,5.8,-2.59,0.0,-3.5328,3.25,0.38606493
5/20/12 22:00,1898.7211,123.1,4.252,304.68,-0.73,0.47,0.0595,3.69,-3.09,0.0,-1.8454,1.42,0.44694997
5/20/12 22:30,1900.2211,139.0,3.882,304.782,-0.63,0.73,0.0579,3.74,-2.45,0.0,-1.4306,2.18,0.46968954
5/20/12 23:00,1901.7211,133.7,3.92,304.812,-0.4,0.38,0.0518,2.18,-1.57,0.0,-0.5631,1.15,0.46968954
5/20/12 23:30,1903.2211,119.1,3.814,304.755,-0.36,0.2,0.0462,1.58,-1.38,0.0,-0.2066,0.61,0.46968954
5/21/12 0:00,1904.7211,110.7,3.57,304.764,-0.59,0.22,0.0537,2.24,-2.1,0.0,0.0,0.67,0.48490503
5/21/12 0:30,1906.2211,57.1,2.965,304.785,-0.36,-0.23,0.051,1.26,-1.06,0.0,0.1645,-0.69,0.48084872
5/21/12 1:00,1907.7211,93.9,2.494,304.758,-0.49,0.03,0.0603,1.23,-1.23,0.0,0.3189,0.1,0.56561579
5/21/12 1:30,1909.2211,121.4,2.396,304.713,-0.7,0.43,0.0643,1.97,-1.68,0.0,0.7546,1.29,0.5890593
5/21/12 2:00,1910.7211,102.0,2.859,304.683,-0.39,0.08,0.0462,1.14,-1.11,0.0,0.5675,0.25,0.53345958
5/21/12 2:30,1912.2211,338.5,2.689,304.668,0.11,-0.29,0.0398,0.84,0.31,0.0,0.5091,-0.87,0.48809007
5/21/12 3:00,1913.7211,3.5,1.871,304.671,-0.02,-0.38,0.0569,0.71,-0.04,0.0,0.4988,-1.13,0.6162937
5/21/12 3:30,1915.2211,42.7,2.013,304.698,-0.41,-0.45,0.0595,1.23,-0.83,0.0,0.9742,-1.34,0.55271984
5/21/12 4:00,1916.7211,355.2,1.948,304.737,0.04,-0.43,0.0561,0.85,0.07,0.0,0.7322,-1.3,0.55271984
5/21/12 4:30,1918.2211,1.7,1.866,304.713,-0.01,-0.45,0.0542,0.83,-0.02,0.0,0.7689,-1.34,0.55271984
5/21/12 5:00,1919.7211,47.0,2.023,304.785,-0.37,-0.35,0.0521,1.03,-0.76,6.8281,0.9985,-1.05,0.55858216
5/21/12 5:30,1921.2211,16.0,1.87,304.836,-0.16,-0.56,0.0551,1.1,-0.3,31.1314,1.0864,-1.69,0.15303771
5/21/12 6:00,1922.7211,16.1,1.857,304.917,-0.07,-0.23,0.047,0.45,-0.12,73.705,0.4475,-0.69,0.15488988
5/21/12 6:30,1924.2211,47.2,2.293,304.947,-0.12,-0.11,0.0426,0.38,-0.28,107.1425,0.3751,-0.34,0.7966639
5/21/12 7:00,1925.7211,133.1,2.772,304.998,-0.25,0.23,0.033,0.95,-0.69,179.5038,0.9157,0.7,1.1556733
5/21/12 7:30,1927.2211,208.6,3.399,305.043,0.1,0.18,0.0274,0.7,0.34,134.1852,0.6469,0.54,0.9298932
5/21/12 8:00,1928.6961,73.6,3.525,294.8952,-1.03,-0.3,0.0318,3.79,-3.63,75.2767,3.2786,-0.88,0.54541502
5/21/12 8:30,1930.1711,72.1,3.565,305.052,-1.94,-0.63,0.0374,7.27,-6.92,267.7226,5.7697,-1.88,0.8033571
5/21/12 9:00,1931.6711,68.5,4.022,305.04,-2.52,-0.99,0.0588,10.91,-10.15,442.0789,7.7129,-2.98,0.1330562
5/21/12 9:30,1933.1461,73.9,4.999,294.8546,-2.57,-0.74,0.1006,13.39,-12.86,414.8922,8.1497,-2.15,0.9519346
5/21/12 10:00,1934.5961,77.7,5.598,294.8401,-2.84,-0.62,0.1274,16.27,-15.9,328.7095,8.1367,-1.8,0.9112561
5/21/12 10:30,1936.0461,68.4,6.48,294.8807,-2.83,-1.12,0.1316,19.76,-18.37,280.9095,7.5609,-3.25,1.1538269
5/21/12 11:00,1937.4711,59.6,7.208,284.6872,-2.98,-1.75,0.1408,24.93,-21.5,191.9586,6.453,-4.9,1.2997502
5/21/12 11:30,1938.8711,64.6,8.261,284.6564,-2.77,-1.32,0.14,25.35,-22.9,92.9622,3.3092,-3.69,1.8777311
5/21/12 12:00,1940.2711,68.1,9.022,284.6004,-3.23,-1.3,0.1515,31.42,-29.16,0.0,0.0,-3.64,0.7751995
5/21/12 12:30,1941.6711,56.4,9.587,284.5444,-3.09,-2.05,0.1649,35.52,-29.59,-81.8957,-4.6363,-5.74,1.7316924
5/21/12 13:00,1943.0461,79.0,10.135,274.3038,-4.01,-0.78,0.1637,41.37,-40.61,-198.0206,-10.7076,-2.1,2.4687522
5/21/12 13:30,1944.4211,63.9,10.188,284.4576,-4.02,-1.97,0.183,45.66,-41.01,-314.7629,-17.4743,-5.52,0.21071463
5/21/12 14:00,1945.8211,71.7,9.899,284.4744,-4.05,-1.34,0.194,42.27,-40.13,-336.921,-21.1344,-3.75,1.6695495
5/21/12 14:30,1947.2461,70.2,10.732,294.6052,-4.69,-1.69,0.1968,53.51,-50.35,-393.8132,-32.5747,-4.9,1.1773685
5/21/12 15:00,1948.6961,80.4,11.743,294.5791,-5.13,-0.87,0.1972,61.06,-60.21,-452.2153,-43.1785,-2.51,1.0542367
5/21/12 15:30,1950.1211,81.5,11.149,284.3876,-4.47,-0.67,0.1818,50.36,-49.81,-383.3023,-39.9533,-1.87,1.449424
5/21/12 16:00,1951.5211,84.9,10.305,284.368,-4.76,-0.42,0.1772,49.25,-49.05,-488.0079,-42.6497,-1.19,1.3872811
5/21/12 16:30,1952.9461,85.0,10.135,294.495,-5.13,-0.45,0.1726,52.24,-52.04,-399.0374,-48.2596,-1.3,1.8405146
5/21/12 17:00,1954.3961,75.0,9.742,294.4689,-5.06,-1.36,0.1447,51.08,-49.34,-321.265,-49.3369,-3.94,0.7054979
5/21/12 17:30,1955.8461,77.2,9.024,294.495,-5.01,-1.14,0.1221,46.34,-45.19,-234.1941,-45.9418,-3.3,0.46783737
5/21/12 18:00,1957.2711,71.0,7.682,284.4212,-4.17,-1.44,0.1088,33.89,-32.05,-118.6,-33.893,-4.02,0.7076328
5/21/12 18:30,1958.6461,61.9,5.886,274.4739,-3.66,-1.95,0.1134,24.39,-21.52,-35.4689,-24.1829,-5.27,0.53710622
5/21/12 19:00,1959.9711,64.8,3.685,264.3446,-3.46,-1.63,0.1175,14.1,-12.76,-3.2957,-13.6184,-4.24,0.586232
5/21/12 19:30,1961.2461,56.3,3.225,254.27,-2.96,-1.98,0.1175,11.48,-9.55,0.0,-10.6071,-4.94,0.55835713
5/21/12 20:00,1962.4961,58.9,3.112,254.2725,-3.02,-1.82,0.1125,10.99,-9.41,0.0,-9.519,-4.56,0.8802712
5/21/12 20:30,1963.7461,66.3,3.404,254.32,-3.89,-1.71,0.0955,14.45,-13.23,0.0,-11.4666,-4.27,0.5828277
5/21/12 21:00,1964.9961,59.0,3.646,254.3825,-3.59,-2.16,0.0833,15.26,-13.08,0.0,-10.792,-5.39,0.9742068
5/21/12 21:30,1966.2461,60.8,3.56,254.375,-3.78,-2.12,0.0757,15.44,-13.47,0.0,-9.3969,-5.29,0.5995607
5/21/12 22:00,1967.4711,54.4,3.491,244.1592,-2.95,-2.11,0.0652,12.68,-10.31,0.0,-6.3397,-5.07,0.8845987
5/21/12 22:30,1968.6711,57.2,3.488,244.1784,-3.0,-1.94,0.0561,12.46,-10.48,0.0,-4.7692,-4.65,0.7307128
5/21/12 23:00,1969.8461,48.8,3.454,234.0756,-2.21,-1.93,0.0514,10.14,-7.63,0.0,-2.6238,-4.45,0.6885341
5/21/12 23:30,1970.9961,37.0,3.219,234.071,-1.42,-1.88,0.0504,7.59,-4.57,0.0,-0.9912,-4.33,0.49924925
5/22/12 0:00,1972.1461,46.1,3.044,234.0181,-2.22,-2.14,0.053,9.39,-6.76,0.0,0.0,-4.92,0.5995607
5/22/12 0:30,1973.2711,45.6,3.103,223.8786,-2.03,-1.98,0.05,8.8,-6.29,0.0,1.1486,-4.37,0.9623206
5/22/12 1:00,1974.3711,44.8,3.354,223.8258,-2.09,-2.11,0.0435,9.96,-7.02,0.0,2.5782,-4.64,0.6256988
5/22/12 1:30,1975.4711,40.6,3.401,223.817,-2.04,-2.38,0.037,10.67,-6.94,0.0,4.0815,-5.24,0.9286815
5/22/12 2:00,1976.5711,42.5,3.321,223.8192,-2.17,-2.37,0.0349,10.66,-7.2,0.0,5.3285,-5.21,0.9637631
5/22/12 2:30,1977.6711,44.3,3.274,223.7906,-2.22,-2.27,0.0346,10.39,-7.26,0.0,6.3261,-5.0,0.6256988
5/22/12 3:00,1978.7711,44.1,3.226,223.74,-2.1,-2.16,0.0324,9.72,-6.77,0.0,6.8753,-4.76,1.1414214
5/22/12 3:30,1979.8711,31.5,3.385,223.6652,-1.44,-2.36,0.031,9.36,-4.89,0.0,7.4227,-5.18,0.55453162
5/22/12 4:00,1980.9711,46.6,3.533,223.6388,-1.8,-1.7,0.0314,8.77,-6.37,0.0,7.591,-3.75,0.6463554
5/22/12 4:30,1982.0461,38.1,3.417,213.4629,-1.25,-1.59,0.0343,6.9,-4.26,0.0,6.3769,-3.34,0.5713454
5/22/12 5:00,1983.0961,30.7,3.194,213.4797,-0.68,-1.15,0.0362,4.25,-2.17,6.6968,4.1094,-2.41,0.587963
5/22/12 5:30,1984.1461,8.2,3.562,213.5343,-0.2,-1.38,0.0323,4.95,-0.71,21.44,4.9088,-2.89,0.37695987
5/22/12 6:00,1985.1961,47.9,3.899,213.507,-1.44,-1.3,0.0267,7.58,-5.63,49.071,7.5836,-2.74,0.43767758
5/22/12 6:30,1986.2711,43.8,4.186,223.63,-2.19,-2.28,0.0249,13.23,-9.16,80.076,13.1187,-5.02,0.6847259
5/22/12 7:00,1987.3711,43.1,4.24,223.6322,-2.34,-2.5,0.0273,14.5,-9.91,64.4524,14.0067,-5.49,1.4817937
5/22/12 7:30,1988.4711,44.6,4.096,223.586,-2.51,-2.55,0.0304,14.66,-10.29,57.5983,13.5399,-5.6,0.41889623
5/22/12 8:00,1989.5461,1.5,3.201,213.4356,-0.06,-2.47,0.0448,7.9,-0.21,58.9937,6.8417,-5.18,0.55345263
5/22/12 8:30,1990.5961,341.9,1.354,213.3747,0.63,-1.93,0.0843,2.75,0.86,82.2945,2.1849,-4.06,0.7499846
5/22/12 9:00,1991.6711,341.1,1.27,223.465,0.72,-2.09,0.0957,2.81,0.91,90.3548,1.9882,-4.61,0.5981759
5/22/12 9:30,1992.7961,351.3,1.229,233.6156,0.32,-2.08,0.1057,2.58,0.39,102.4746,1.5712,-4.77,0.9012163
5/22/12 10:00,1993.9461,0.4,1.37,233.5305,-0.02,-2.77,0.1116,3.79,-0.03,107.143,1.8975,-6.37,0.8783671
5/22/12 10:30,1995.0711,0.2,1.658,223.3088,-0.01,-2.88,0.1106,4.78,-0.02,39.5752,1.8299,-6.34,0.7499846
5/22/12 11:00,1996.1711,353.1,1.766,223.2714,0.33,-2.7,0.1019,4.81,0.58,22.3734,1.2451,-5.95,0.7499846
5/22/12 11:30,1997.2711,355.9,1.41,223.2934,0.18,-2.57,0.1049,3.63,0.26,13.2072,0.4734,-5.64,0.7499846
5/22/12 12:00,1998.4211,354.5,0.779,243.492,0.23,-2.39,0.113,1.87,0.18,0.0,0.0,-5.73,0.9465108
5/22/12 12:30,1999.6211,339.7,0.834,243.3936,0.88,-2.38,0.1085,2.12,0.74,-12.713,-0.2766,-5.72,0.7499846
5/22/12 13:00,2000.8461,,0.764,253.505,,,0.1064,2.62,,-19.5429,-0.6773,,0.57148388
5/22/12 13:30,2002.1461,3.5,0.737,273.6909,-0.12,-2.02,0.0992,1.49,-0.09,-14.4084,-0.5706,-5.45,0.49012111
5/22/12 14:00,2003.5961,36.9,0.846,314.0021,-1.5,-2.0,0.0838,2.11,-1.27,-19.828,-1.0567,-6.19,0.43767758
5/22/12 14:30,2005.1961,,1.011,334.1316,,,0.0723,3.45,,-19.151,-2.103,,0.24002046
5/22/12 15:00,2006.8961,37.9,1.102,354.1685,-1.91,-2.45,0.0633,3.43,-2.11,-38.3485,-2.4234,-8.59,0.43767758
5/22/12 15:30,2008.6461,,1.341,354.2665,,,0.0539,4.58,,-30.7773,-3.63,,0.49012111
5/22/12 16:00,2010.4461,,1.322,374.4474,,,0.0509,4.57,,-63.7239,-3.9544,,0.5906749
5/22/12 16:30,2012.2961,,1.56,374.3919,,,0.0431,5.45,,-90.9134,-5.0386,,0.8765784
5/22/12 17:00,2014.1211,39.8,1.552,364.2012,-1.87,-2.24,0.0459,4.53,-2.9,-69.9726,-4.3744,-8.07,0.5906749
5/22/12 17:30,2015.8961,,1.924,354.053,,,0.0566,6.89,,-43.0436,-6.829,,0.43767758
5/22/12 18:00,2017.6461,,1.894,354.046,,,0.0765,6.86,,-22.676,-6.8601,,0.24002046
5/22/12 18:30,2019.3961,,2.012,354.13,,,0.0697,7.37,,-10.9783,-7.3089,,0.6205058
5/22/12 19:00,2021.1461,,1.53,354.2595,,,0.0744,5.67,,-0.7022,-5.4785,,0.6463554
5/22/12 19:30,2022.8961,,1.733,354.151,,,0.0778,6.5,,0.0,-6.0057,,0.6463554
5/22/12 20:00,2024.6711,,1.471,364.1724,,,0.0805,5.58,,0.0,-4.8345,,0.6458361
5/22/12 20:30,2026.4961,,1.746,374.1181,,,0.0676,6.7,,0.0,-5.3164,,0.6463554
5/22/12 21:00,2028.3211,359.1,1.957,364.0572,0.04,-2.63,0.0592,5.15,0.08,0.0,-3.6408,-9.47,0.6463554
5/22/12 21:30,2030.0961,0.3,1.581,353.78,-0.02,-3.21,0.0622,5.07,-0.03,0.0,-3.0866,-11.22,0.6463554
5/22/12 22:00,2031.8461,,1.694,353.6855,,,0.0599,6.63,,0.0,-3.3169,,0.6458361
5/22/12 22:30,2033.5961,,1.632,353.4895,,,0.0561,6.37,,0.0,-2.4395,,0.6346423
5/22/12 23:00,2035.3961,,1.227,373.7111,,,0.0502,4.78,,0.0,-1.2376,,0.6458361
5/22/12 23:30,2037.2711,,1.187,383.6176,,,0.0513,4.61,,0.0,-0.6022,,0.5771154
5/23/12 0:00,2039.1711,,1.265,383.458,,,0.0504,4.9,,0.0,0.0,,0.5771154
5/23/12 0:30,2041.0711,,1.369,383.2414,,,0.0491,5.3,,0.0,0.6912,,0.5771154
5/23/12 1:00,2042.9461,342.2,1.56,373.182,0.79,-2.45,0.0423,4.02,1.23,0.0,1.0393,-9.07,0.5771154
5/23/12 1:30,2044.7961,345.4,1.746,373.0784,0.72,-2.76,0.0377,4.98,1.26,0.0,1.9076,-10.22,0.6346423
5/23/12 2:00,2046.6211,346.1,1.967,362.9016,0.65,-2.64,0.0332,5.34,1.28,0.0,2.6702,-9.49,0.6463554
5/23/12 2:30,2048.4211,346.9,1.955,362.7648,0.62,-2.66,0.0331,5.35,1.21,0.0,3.255,-9.59,0.17720824
5/23/12 3:00,2050.2211,330.5,2.087,362.7108,1.49,-2.64,0.0268,6.33,3.11,0.0,4.4729,-9.5,0.30579846
5/23/12 3:30,2052.0211,326.7,2.268,362.6532,1.54,-2.34,0.0196,6.36,3.49,0.0,5.0471,-8.44,0.6463554
5/23/12 4:00,2053.8211,327.6,2.389,362.5704,1.58,-2.48,0.0153,7.02,3.76,0.0,6.0827,-8.94,0.6463554
5/23/12 4:30,2055.6211,328.9,2.653,362.5092,1.64,-2.72,0.0071,8.42,4.35,0.0,7.7796,-9.78,0.6463554
5/23/12 5:00,2057.4211,329.0,2.702,362.4804,1.49,-2.48,0.0039,7.81,4.02,3.6956,7.5427,-8.92,0.6367772
5/23/12 5:30,2059.2211,338.5,2.757,362.4948,0.84,-2.14,0.0015,6.35,2.33,29.4092,6.3005,-7.72,0.2144709
5/23/12 6:00,2061.0211,336.4,2.829,362.448,0.97,-2.21,0.0013,6.83,2.73,78.572,6.8264,-7.96,0.018172038
5/23/12 6:30,2062.8211,338.1,3.139,362.502,1.07,-2.67,-0.0026,9.03,3.37,175.1655,8.9505,-9.61,1.2958843
5/23/12 7:00,2064.6211,340.5,3.56,362.5056,0.94,-2.65,-0.0064,10.0,3.34,342.214,9.6627,-9.54,1.4553094
5/23/12 7:30,2066.4211,343.8,4.264,362.4732,0.84,-2.9,0.0049,12.89,3.6,481.2313,11.9128,-10.45,0.15010078
5/23/12 8:00,2068.1961,336.3,4.634,352.3415,1.15,-2.63,0.0308,13.29,5.34,516.6811,11.5097,-9.19,0.035865743
5/23/12 8:30,2069.9711,344.7,5.2,362.3256,0.56,-2.05,0.0676,11.03,2.91,543.8961,8.7542,-7.37,0.12673805
5/23/12 9:00,2071.7711,352.8,5.601,362.2896,0.23,-1.78,0.1062,10.06,1.26,498.0082,7.1131,-6.41,0.27605411
5/23/12 9:30,2073.5711,331.4,5.98,362.2644,0.42,-0.77,0.143,5.24,2.51,418.8528,3.1926,-2.77,0.21577492
5/23/12 10:00,2075.3711,328.0,6.434,362.1852,0.39,-0.63,0.173,4.75,2.52,338.09,2.3774,-2.26,0.7498115
5/23/12 10:30,2077.1711,288.7,6.855,362.0916,1.01,-0.34,0.1869,7.3,6.92,332.271,2.7938,-1.23,0.09170838
5/23/12 11:00,2078.9711,279.1,7.343,362.0196,0.75,-0.12,0.2151,5.57,5.5,238.7393,1.4406,-0.43,0.05300899
5/23/12 11:30,2080.7711,19.7,7.947,361.926,-0.08,-0.23,0.2367,1.96,-0.66,122.8249,0.2562,-0.84,-0.10187512
5/23/12 12:00,2082.5711,288.9,8.844,361.8612,0.31,-0.11,0.267,2.9,2.74,0.0,0.0,-0.38,0.688938
5/23/12 12:30,2084.3711,33.9,9.427,361.7424,-0.21,-0.31,0.2948,3.52,-1.96,-128.3216,-0.459,-1.11,0.8756552
5/23/12 13:00,2086.1711,58.8,10.041,361.6704,-1.01,-0.61,0.324,11.8,-10.09,-244.7284,-3.0536,-2.19,0.8086078
5/23/12 13:30,2087.9711,94.5,8.612,361.6596,-3.04,0.24,0.3343,26.27,-26.19,-320.9329,-10.0518,0.86,0.5969065
5/23/12 14:00,2089.7711,89.9,7.032,361.7316,-4.21,-0.01,0.3631,29.63,-29.63,-434.301,-14.8129,-0.03,0.55958614
5/23/12 14:30,2091.5711,98.6,6.641,361.7892,-4.09,0.62,0.3606,27.48,-27.17,-415.7433,-16.729,2.23,1.2155659
5/23/12 15:00,2093.3711,99.8,6.284,361.8396,-4.45,0.77,0.3566,28.39,-27.98,-488.5528,-20.0755,2.77,1.5084511
5/23/12 15:30,2095.1711,101.6,6.032,361.9692,-4.52,0.93,0.3439,27.84,-27.28,-506.2586,-22.0899,3.34,0.9113138
5/23/12 16:00,2096.9711,104.0,5.707,362.052,-4.79,1.19,0.3298,28.15,-27.31,-399.1199,-24.376,4.3,0.7690256
5/23/12 16:30,2098.7711,100.1,4.993,362.106,-4.89,0.87,0.3203,24.78,-24.4,-307.2297,-22.894,3.13,2.1280337
5/23/12 17:00,2100.5711,99.6,4.44,362.16,-4.34,0.73,0.2943,19.54,-19.27,-208.3869,-18.8789,2.64,1.4991037
5/23/12 17:30,2102.3711,96.6,4.104,362.214,-4.34,0.5,0.2719,17.91,-17.79,-139.9365,-17.7566,1.81,1.6438153
5/23/12 18:00,2104.1711,106.7,3.759,362.3652,-3.85,1.15,0.2492,15.11,-14.47,-68.443,-15.1074,4.16,1.0841253
5/23/12 18:30,2105.9461,112.6,3.527,352.408,-3.91,1.63,0.2242,14.93,-13.78,-21.2923,-14.8021,5.69,0.6758401
5/23/12 19:00,2107.6961,105.2,3.109,352.408,-3.72,1.01,0.203,11.98,-11.56,-1.8275,-11.5738,3.54,0.6367772
5/23/12 19:30,2109.4461,108.6,2.78,352.485,-3.55,1.2,0.1781,10.42,-9.87,0.0,-9.6237,4.18,0.6463554
5/23/12 20:00,2111.1961,126.1,2.775,352.7125,-2.86,2.08,0.1613,9.81,-7.92,0.0,-8.493,7.29,0.26262732
5/23/12 20:30,2112.9461,125.6,2.65,352.7965,-2.83,2.03,0.1481,9.23,-7.5,0.0,-7.3205,7.09,0.6463554
5/23/12 21:00,2114.6961,111.2,2.568,352.7965,-2.82,1.09,0.1384,7.76,-7.24,0.0,-5.4875,3.82,0.6463554
5/23/12 21:30,2116.4461,108.2,2.562,352.8035,-2.3,0.75,0.1285,6.19,-5.88,0.0,-3.7697,2.64,0.2764984
5/23/12 22:00,2118.1711,105.3,2.632,342.7608,-2.06,0.56,0.1142,5.63,-5.43,0.0,-2.8136,1.92,0.6463554
5/23/12 22:30,2119.8711,87.7,2.668,342.6588,-2.01,-0.08,0.1085,5.37,-5.37,0.0,-2.0553,-0.27,0.995902
5/23/12 23:00,2121.5711,103.1,2.63,342.6622,-2.2,0.51,0.1,5.94,-5.78,0.0,-1.537,1.74,0.6524139
5/23/12 23:30,2123.2961,116.0,2.68,352.8,-2.16,1.06,0.0908,6.45,-5.8,0.0,-0.8423,3.69,0.6524139
5/24/12 0:00,2125.0211,135.1,2.58,342.7404,-1.66,1.67,0.0845,6.07,-4.29,0.0,0.0,5.67,0.6524139
5/24/12 0:30,2126.7461,137.2,2.385,352.8175,-1.88,2.03,0.082,6.61,-4.49,0.0,0.8623,7.11,0.11526729
5/24/12 1:00,2128.4711,137.0,2.476,342.7234,-1.09,1.17,0.0767,3.97,-2.71,0.0,1.0273,3.99,0.6524139
5/24/12 1:30,2130.1711,145.3,2.468,342.635,-1.64,2.37,0.0731,7.12,-4.05,0.0,2.7257,8.07,0.6524139
5/24/12 2:00,2131.8711,90.7,1.924,342.5942,-0.99,0.01,0.0795,1.91,-1.91,0.0,0.9543,0.04,0.6524139
5/24/12 2:30,2133.5711,82.6,1.684,342.6588,-0.63,-0.08,0.0803,1.08,-1.07,0.0,0.6551,-0.28,0.6524139
5/24/12 3:00,2135.2711,95.8,1.762,342.6996,-1.06,0.11,0.0732,1.87,-1.86,0.0,1.3244,0.37,0.7065365
5/24/12 3:30,2136.9711,105.3,1.603,342.6724,-0.87,0.24,0.0763,1.45,-1.4,0.0,1.1484,0.81,0.7065365
5/24/12 4:00,2138.6711,67.6,1.326,342.771,-0.53,-0.22,0.0771,0.77,-0.71,0.0,0.6637,-0.75,0.6959197
5/24/12 4:30,2140.3711,45.5,1.254,342.8254,-0.42,-0.41,0.0712,0.74,-0.53,0.0,0.6859,-1.41,0.6959197
5/24/12 5:00,2142.0711,337.5,1.213,342.8662,0.18,-0.45,0.0719,0.58,0.22,14.2542,0.5647,-1.51,-0.6551258
5/24/12 5:30,2143.7711,174.5,1.134,342.89,-0.04,0.42,0.0675,0.48,-0.05,57.596,0.4711,1.42,0.46471003
5/24/12 6:00,2145.4711,72.3,1.515,342.873,-0.33,-0.11,0.058,0.53,-0.5,100.571,0.5287,-0.36,0.9268351
5/24/12 6:30,2147.1711,64.2,1.984,342.8492,-0.53,-0.25,0.0387,1.16,-1.04,247.3417,1.1507,-0.87,0.6346423
5/24/12 7:00,2148.8711,284.2,2.301,342.8696,0.38,-0.1,0.0365,0.91,0.89,340.7738,0.8824,-0.33,1.4553094
5/24/12 7:30,2150.5461,299.4,2.981,332.8941,0.91,-0.52,0.0467,3.13,2.73,422.8726,2.8918,-1.7,0.4649466
5/24/12 8:00,2152.1961,310.5,3.37,332.9436,0.74,-0.63,0.0726,3.27,2.49,471.091,2.8339,-2.08,0.15010078
5/24/12 8:30,2153.8461,294.8,3.742,333.0492,1.39,-0.64,0.1014,5.71,5.19,471.2455,4.5332,-2.11,0.17888154
5/24/12 9:00,2155.4711,276.7,4.273,323.056,1.67,-0.2,0.1197,7.19,7.14,485.5752,5.0821,-0.63,0.9377981
5/24/12 9:30,2157.0711,292.8,5.218,322.9056,0.78,-0.33,0.1474,4.4,4.06,492.4527,2.6778,-1.05,1.087068
5/24/12 10:00,2158.6711,320.6,6.738,322.752,0.47,-0.57,0.1836,5.01,3.18,416.2,2.5032,-1.84,0.43152099
5/24/12 10:30,2160.2711,54.2,7.947,322.6752,-0.35,-0.26,0.2017,3.47,-2.82,340.8573,1.329,-0.82,-0.028027775
5/24/12 11:00,2161.8711,314.0,9.555,322.4608,0.24,-0.23,0.2148,3.14,2.26,229.6667,0.8136,-0.73,0.51524369
5/24/12 11:30,2163.4711,240.4,10.706,322.4192,0.69,0.39,0.2083,8.47,7.36,114.2816,1.1054,1.25,1.0692964
5/24/12 12:00,2165.0711,204.0,13.479,322.2752,0.58,1.31,0.2036,19.34,7.87,0.0,0.0,4.2,1.1596546
5/24/12 12:30,2166.6711,175.0,15.465,322.1248,-0.14,1.6,0.1981,24.81,-2.16,-104.4009,-3.2378,5.11,0.6111584
5/24/12 13:00,2168.2711,217.6,17.731,322.0192,0.49,0.64,0.1926,14.24,8.69,-203.1779,-3.6851,2.04,0.8001259
5/24/12 13:30,2169.8711,212.9,19.49,322.0448,0.89,1.37,0.1785,31.89,17.32,-251.7919,-12.2021,4.4,1.0202514
5/24/12 14:00,2171.4711,177.5,19.974,322.0672,-0.1,2.36,0.1521,47.22,-2.06,-344.6115,-23.6093,7.56,0.8755398
5/24/12 14:30,2173.0711,159.4,19.57,322.0416,-0.86,2.28,0.1414,47.61,-16.75,-382.7612,-28.9855,7.29,1.1098018
5/24/12 15:00,2174.6461,176.3,20.598,311.8724,-0.18,2.72,0.1133,56.15,-3.62,-332.1952,-39.7042,8.43,0.9808423
5/24/12 15:30,2176.1961,177.1,19.183,311.7608,-0.18,3.64,0.0914,69.86,-3.53,-266.2692,-55.4272,11.28,1.3531227
5/24/12 16:00,2177.7461,178.1,15.619,311.7484,-0.13,4.05,0.0844,63.32,-2.1,-239.6535,-54.8362,12.56,1.2279714
5/24/12 16:30,2179.2961,180.6,14.439,311.7453,0.04,3.78,0.0787,54.54,0.57,-333.1048,-50.3848,11.71,0.1777737
5/24/12 17:00,2180.8461,184.4,12.044,311.7267,0.27,3.49,0.0883,42.14,3.23,-182.9338,-40.706,10.81,1.150538
5/24/12 17:30,2182.3961,187.5,10.571,311.8197,0.5,3.79,0.0765,40.37,5.27,-137.6264,-40.0253,11.74,0.39684329
5/24/12 18:00,2183.9211,195.9,9.93,301.842,0.92,3.23,0.0688,33.34,9.13,-58.611,-33.335,9.69,0.23414083
5/24/12 18:30,2185.4211,183.3,8.605,301.95,0.16,2.7,0.0614,23.3,1.34,-17.6467,-23.103,8.11,0.83665
5/24/12 19:00,2186.9211,188.9,8.563,302.046,0.37,2.36,0.0449,20.41,3.16,-0.849,-19.7186,7.07,0.7299627
5/24/12 19:30,2188.4211,181.8,7.875,302.121,0.07,2.31,0.0366,18.19,0.57,0.0,-16.8065,6.93,0.52440068
5/24/12 20:00,2189.9211,179.3,5.781,302.208,-0.03,2.81,0.0401,16.26,-0.2,0.0,-14.0783,8.44,0.49024805
5/24/12 20:30,2191.4211,175.8,5.055,302.253,-0.19,2.57,0.0398,13.02,-0.95,0.0,-10.3268,7.7,0.07764112
5/24/12 21:00,2192.9211,155.3,4.34,302.316,-0.95,2.07,0.0382,9.9,-4.13,0.0,-6.997,6.21,0.46076912
5/24/12 21:30,2194.4211,156.1,3.81,302.406,-0.82,1.86,0.0369,7.74,-3.14,0.0,-4.713,5.57,0.43014773
5/24/12 22:00,2195.9211,150.6,3.345,302.388,-1.22,2.17,0.0343,8.34,-4.1,0.0,-4.1712,6.52,0.44999653
5/24/12 22:30,2197.4211,144.6,2.941,302.364,-1.17,1.64,0.035,5.93,-3.44,0.0,-2.2712,4.93,0.47910041
5/24/12 23:00,2198.9211,145.9,2.767,302.361,-0.87,1.28,0.0317,4.28,-2.4,0.0,-1.1079,3.84,0.51730935
5/24/12 23:30,2200.4211,141.9,2.705,302.316,-0.95,1.22,0.0289,4.18,-2.58,0.0,-0.5459,3.65,0.24145142
5/25/12 0:00,2201.9211,146.1,2.98,302.205,-1.11,1.65,0.0217,5.92,-3.3,0.0,0.0,4.95,0.26998984
5/25/12 0:30,2203.4211,151.0,3.177,302.127,-0.79,1.42,0.016,5.18,-2.51,0.0,0.6755,4.27,0.53135353
5/25/12 1:00,2204.9211,123.2,2.592,302.082,-0.98,0.64,0.0247,3.03,-2.54,0.0,0.7842,1.92,0.5334365
5/25/12 1:30,2206.4211,92.1,2.111,302.091,-1.01,0.04,0.0336,2.13,-2.13,0.0,0.8151,0.11,0.5887131
5/25/12 2:00,2207.9211,109.3,1.954,301.986,-1.09,0.38,0.0371,2.26,-2.13,0.0,1.1304,1.15,0.5887131
5/25/12 2:30,2209.4211,118.7,1.782,301.971,-1.14,0.62,0.0365,2.31,-2.03,0.0,1.407,1.87,0.5887131
5/25/12 3:00,2210.9211,125.6,1.709,301.947,-0.97,0.69,0.0333,2.03,-1.65,0.0,1.4381,2.08,0.5887131
5/25/12 3:30,2212.4211,101.7,1.315,301.923,-0.87,0.18,0.0437,1.17,-1.14,0.0,0.9254,0.54,0.7216539
5/25/12 4:00,2213.9211,99.5,0.953,301.887,-1.11,0.19,0.0518,1.07,-1.06,0.0,0.931,0.56,0.7757765
5/25/12 4:30,2215.4211,106.2,0.825,301.92,-0.77,0.22,0.055,0.66,-0.63,0.0,0.609,0.67,0.7269046
5/25/12 5:00,2216.9211,120.7,0.724,301.881,-1.07,0.64,0.0528,0.9,-0.78,11.7186,0.8735,1.91,0.7531004
5/25/12 5:30,2218.4211,105.5,0.802,301.92,-1.0,0.28,0.0411,0.83,-0.8,39.9225,0.8214,0.83,0.597195
5/25/12 6:00,2219.9211,92.8,0.99,301.95,-1.01,0.05,0.0316,1.0,-1.0,87.245,1.0039,0.15,0.54541502
5/25/12 6:30,2221.4461,119.4,1.347,312.0553,-0.95,0.54,0.0195,1.47,-1.28,228.1434,1.461,1.66,0.8936576
5/25/12 7:00,2222.9961,162.8,2.829,312.0615,-0.57,1.85,0.004,5.49,-1.62,269.643,5.304,5.75,1.9289687
5/25/12 7:30,2224.5461,175.1,3.933,312.1235,-0.13,1.56,0.0147,6.17,-0.53,253.2696,5.7048,4.85,0.6364887
5/25/12 8:00,2226.0961,156.7,5.491,312.0615,-0.92,2.13,0.0227,12.73,-5.04,404.905,11.0276,6.6,1.2230092
5/25/12 8:30,2227.6211,172.8,6.502,301.959,-0.28,2.24,0.0427,14.69,-1.84,364.2341,11.6579,6.73,1.0601221
5/25/12 9:00,2229.0711,189.1,7.477,281.7892,0.41,2.55,0.0626,19.29,3.05,321.7364,13.6406,7.13,1.0601221
5/25/12 9:30,2230.4461,188.7,8.476,271.6713,0.33,2.14,0.0679,18.31,2.77,208.3772,11.1453,5.76,0.7877204
5/25/12 10:00,2231.7961,176.6,9.117,271.6524,-0.13,2.15,0.0597,19.61,-1.16,154.0565,9.8053,5.8,0.6232177
5/25/12 10:30,2233.1461,184.8,9.281,271.6875,0.17,2.02,0.0592,18.79,1.57,96.3096,7.1922,5.45,0.9050245
5/25/12 11:00,2234.4961,180.2,8.919,271.7253,0.01,2.39,0.0558,21.33,0.07,43.0895,5.5194,6.46,0.951473
5/25/12 11:30,2235.8211,178.5,8.021,261.6094,-0.07,2.79,0.0501,22.41,-0.59,24.4913,2.9252,7.26,1.4328641
5/25/12 12:00,2237.1211,173.4,7.896,261.573,-0.22,1.89,0.048,15.0,-1.72,0.0,0.0,4.91,1.4328641
5/25/12 12:30,2238.4211,175.9,7.411,261.5392,-0.15,2.14,0.0547,15.88,-1.14,-23.0092,-2.073,5.56,1.0589104
5/25/12 13:00,2239.7211,173.0,7.219,261.4586,-0.16,1.33,0.061,9.68,-1.18,-44.8526,-2.5055,3.46,1.0670461
5/25/12 13:30,2241.0211,6.3,6.354,261.2506,-0.17,-1.54,0.0643,9.82,-1.08,-63.4539,-3.7568,-3.99,1.0670461
5/25/12 14:00,2242.3461,172.3,6.173,271.4877,-0.25,1.85,0.0609,11.55,-1.55,-124.2625,-5.7748,5.01,1.3117518
5/25/12 14:30,2243.6961,176.8,5.047,271.458,-0.1,1.7,0.071,8.59,-0.48,-92.4526,-5.2293,4.59,1.0670461
5/25/12 15:00,2245.0461,152.3,4.653,271.4094,-0.42,0.8,0.0733,4.21,-1.96,-111.452,-2.9776,2.16,1.0670461
5/25/12 15:30,2246.3961,44.5,4.327,271.2501,-1.1,-1.11,0.0765,6.76,-4.74,-156.128,-5.3655,-3.01,1.1226689
5/25/12 16:00,2247.7461,123.0,4.217,271.1772,-1.18,0.76,0.0762,5.92,-4.96,-115.4152,-5.1238,2.06,0.47685011
5/25/12 16:30,2249.0961,158.1,3.663,271.2312,-0.91,2.26,0.0733,8.94,-3.33,-84.6939,-8.2574,6.11,0.33862399
5/25/12 17:00,2250.4461,135.9,3.997,271.2069,-1.08,1.11,0.0643,6.18,-4.3,-84.506,-5.9727,3.0,0.33862399
5/25/12 17:30,2251.7961,108.1,4.036,271.1448,-1.42,0.46,0.0562,6.04,-5.74,-54.5463,-5.9862,1.25,0.37106293
5/25/12 18:00,2253.1461,83.3,3.764,271.0827,-1.12,-0.13,0.053,4.23,-4.2,-21.501,-4.227,-0.35,0.53495401
5/25/12 18:30,2254.4961,356.8,3.278,271.2285,0.03,-0.47,0.0492,1.54,0.09,-1.7479,-1.5242,-1.26,0.53135353
5/25/12 19:00,2255.9961,,1.851,331.6797,,,0.1113,1.32,,-0.4492,-1.2784,,0.7996066
5/25/12 19:30,2257.7461,,1.304,371.9425,,,0.1207,1.01,,0.0,-0.9325,,0.7646404
5/25/12 20:00,2259.6461,,1.106,392.0319,,,0.1239,0.92,,0.0,-0.7979,,0.7957984
5/25/12 20:30,2261.5961,,1.381,391.9734,,,0.1176,1.23,,0.0,-0.9773,,0.7420797
5/25/12 21:00,2263.5461,,1.445,392.0553,,,0.1068,1.37,,0.0,-0.9717,,0.7957984
5/25/12 21:30,2265.4711,,1.381,382.0368,,,0.0965,1.39,,0.0,-0.8491,,0.7914709
5/25/12 22:00,2267.3961,,1.443,392.067,,,0.0877,1.66,,0.0,-0.8297,,0.7798732
5/25/12 22:30,2269.3461,,1.264,392.0514,,,0.0889,1.63,,0.0,-0.6235,,0.7957984
5/25/12 23:00,2271.3211,,1.404,402.148,,,0.0763,2.01,,0.0,-0.5193,,0.7798732
5/25/12 23:30,2273.2961,,1.629,392.028,,,0.0749,2.56,,0.0,-0.3336,,0.7798732
5/26/12 0:00,2275.2211,276.2,1.266,382.0596,1.27,-0.14,0.077,1.62,1.61,0.0,0.0,-0.52,0.7957984
5/26/12 0:30,2277.1211,311.8,0.982,382.0558,0.61,-0.55,0.077,0.81,0.6,0.0,0.1056,-2.09,0.76164
5/26/12 1:00,2279.0211,327.1,1.059,382.0596,0.54,-0.83,0.0737,1.05,0.57,0.0,0.2722,-3.17,0.76164
5/26/12 1:30,2280.8961,332.5,0.949,371.9906,0.41,-0.78,0.0757,0.83,0.38,0.0,0.3189,-2.88,0.76164
5/26/12 2:00,2282.7461,345.2,0.764,371.9795,0.11,-0.43,0.0823,0.34,0.09,0.0,0.1708,-1.6,0.7315783
5/26/12 2:30,2284.5961,327.9,0.654,372.0535,0.61,-0.98,0.0812,0.76,0.4,0.0,0.4606,-3.63,0.7164032
5/26/12 3:00,2286.4461,335.8,0.557,372.1497,0.27,-0.61,0.0823,0.37,0.15,0.0,0.2623,-2.25,0.6986316
5/26/12 3:30,2288.2961,51.9,0.446,372.2015,-0.2,-0.15,0.0862,0.11,-0.09,0.0,0.0885,-0.57,0.6986316
5/26/12 4:00,2290.1461,107.8,0.374,372.2052,-0.64,0.2,0.0894,0.25,-0.24,0.0,0.2167,0.76,0.6986316
5/26/12 4:30,2291.9961,98.4,0.29,372.1423,-0.62,0.09,0.1007,0.18,-0.18,0.0,0.1675,0.34,0.6767633
5/26/12 5:00,2293.8461,358.5,0.224,372.2607,0.01,-0.2,0.0955,0.05,0.0,15.278,0.0435,-0.74,0.6513176
5/26/12 5:30,2295.7211,94.2,0.223,382.4624,-0.37,0.03,0.0901,0.08,-0.08,57.8736,0.0818,0.1,0.5295706
5/26/12 6:00,2297.5961,80.8,0.228,372.5308,-0.23,-0.04,0.0865,0.05,-0.05,150.874,0.052,-0.13,1.1190338
5/26/12 6:30,2299.4461,28.9,0.421,372.7195,-0.13,-0.24,0.0694,0.12,-0.06,247.3437,0.1148,-0.89,0.6346423
5/26/12 7:00,2301.2961,125.1,1.527,372.8046,-0.16,0.11,0.0587,0.3,-0.25,310.38,0.2906,0.42,1.4553094
5/26/12 7:30,2303.1461,118.1,3.434,372.7935,-0.13,0.07,0.0546,0.49,-0.43,422.2296,0.4505,0.25,0.33571014
5/26/12 8:00,2304.9961,213.5,4.652,372.8416,0.15,0.22,0.0702,1.23,0.68,360.1115,1.0636,0.81,0.1231318
5/26/12 8:30,2306.8461,219.4,5.449,372.8268,0.44,0.54,0.0827,3.78,2.4,459.0945,3.0001,1.98,0.577577
5/26/12 9:00,2308.6961,249.2,6.029,372.8231,0.64,0.24,0.1052,4.11,3.84,420.6911,2.9032,0.89,0.53960463
5/26/12 9:30,2310.5461,207.6,7.479,372.8046,0.36,0.68,0.1286,5.76,2.67,436.2403,3.5058,2.52,0.53313069
5/26/12 10:00,2312.3961,216.4,9.23,372.7639,0.21,0.28,0.1463,3.22,1.91,392.5825,1.6106,1.04,1.2963459
5/26/12 10:30,2314.2211,303.5,10.652,362.6244,0.5,-0.33,0.1748,6.36,5.3,358.861,2.4336,-1.19,0.41129137
5/26/12 11:00,2316.0211,238.6,11.371,362.6064,0.42,0.25,0.2255,5.54,4.73,235.1301,1.4333,0.91,0.6486634
5/26/12 11:30,2317.8211,318.5,12.304,362.5632,0.26,-0.3,0.2493,4.9,3.24,130.7311,0.6392,-1.07,0.6734744
5/26/12 12:00,2319.6211,157.9,13.374,362.484,-0.28,0.7,0.2799,10.12,-3.81,0.0,0.0,2.52,0.48734574
5/26/12 12:30,2321.3961,270.0,14.269,352.2995,0.65,0.0,0.3037,9.33,9.33,-125.2434,-1.2181,0.0,0.933586
5/26/12 13:00,2323.1211,268.5,16.881,342.1658,0.71,0.02,0.3061,12.0,12.0,-194.7279,-3.1064,0.06,0.42220821
5/26/12 13:30,2324.8211,214.6,17.964,342.1488,0.3,0.44,0.2806,9.59,5.45,-216.3306,-3.671,1.49,0.9531463
5/26/12 14:00,2326.5211,158.4,17.635,342.1386,-0.33,0.84,0.2614,15.94,-5.87,-240.165,-7.971,2.86,1.2159698
5/26/12 14:30,2328.2211,143.2,16.694,342.04,-1.05,1.4,0.2404,29.15,-17.46,-239.8624,-17.744,4.75,0.6484326
5/26/12 15:00,2329.9211,119.7,17.354,341.9788,-1.47,0.84,0.2171,29.42,-25.55,-236.8914,-20.7996,2.86,0.700478
5/26/12 15:30,2331.6211,143.3,16.756,341.9414,-1.44,1.94,0.1903,40.45,-24.17,-210.2315,-32.0903,6.58,0.43525995
5/26/12 16:00,2333.3211,130.0,15.681,341.989,-1.77,1.48,0.1657,36.22,-27.75,-196.7913,-31.3701,5.05,0.8367654
5/26/12 16:30,2335.0211,126.7,16.394,342.0298,-2.09,1.56,0.1327,42.66,-34.2,-270.863,-39.4101,5.29,0.616236
5/26/12 17:00,2336.7211,126.7,15.175,342.0706,-2.79,2.08,0.1202,52.75,-42.29,-177.1817,-50.9509,7.06,1.0454086
5/26/12 17:30,2338.4211,146.0,14.477,342.2372,-2.03,3.01,0.1029,52.49,-29.35,-124.0496,-52.0445,10.22,1.2488588
5/26/12 18:00,2340.1211,146.8,14.755,342.3528,-2.19,3.34,0.0925,58.95,-32.28,-79.061,-58.9462,11.37,0.12599372
5/26/12 18:30,2341.8211,147.8,13.527,342.4684,-2.05,3.26,0.0797,52.04,-27.73,-33.3958,-51.5932,11.07,0.7832775
5/26/12 19:00,2343.5211,150.1,12.569,342.5976,-1.68,2.91,0.0731,42.26,-21.06,-3.6667,-40.8171,9.91,0.5967334
5/26/12 19:30,2345.2211,157.9,12.293,342.7336,-1.15,2.83,0.0594,37.57,-14.13,0.0,-34.7078,9.63,0.50987759
5/26/12 20:00,2346.8961,154.6,11.207,332.7489,-0.92,1.94,0.053,24.03,-10.31,0.0,-20.8087,6.39,0.44793087
5/26/12 20:30,2348.5461,118.4,10.017,332.8776,-1.2,0.65,0.0591,13.61,-11.97,0.0,-10.8,2.13,0.41604585
5/26/12 21:00,2350.1961,113.5,9.318,333.0162,-1.3,0.56,0.0627,13.19,-12.1,0.0,-9.3298,1.86,0.44237436
5/26/12 21:30,2351.8461,115.2,7.994,333.0129,-1.24,0.58,0.0695,10.93,-9.89,0.0,-6.6524,1.92,0.6966121
5/26/12 22:00,2353.4961,108.1,7.351,333.069,-0.71,0.23,0.0647,5.47,-5.2,0.0,-2.7346,0.76,0.6592802
5/26/12 22:30,2355.1461,84.0,7.266,333.0558,-1.13,-0.12,0.0605,8.28,-8.24,0.0,-3.1699,-0.39,0.693554
5/26/12 23:00,2356.7961,110.5,6.108,333.036,-0.62,0.23,0.073,4.03,-3.78,0.0,-1.0434,0.76,0.8608263
5/26/12 23:30,2358.4461,80.8,5.858,333.0657,-0.53,-0.09,0.0691,3.15,-3.11,0.0,-0.4114,-0.28,0.8986775
5/27/12 0:00,2360.0961,82.0,4.976,333.0327,-0.56,-0.08,0.0749,2.8,-2.77,0.0,0.0,-0.26,0.9361825
5/27/12 0:30,2361.7461,125.5,4.695,333.0657,-0.78,0.56,0.0782,4.49,-3.66,0.0,0.5865,1.83,0.9950365
5/27/12 1:00,2363.3961,124.5,4.672,333.0921,-0.54,0.37,0.0739,3.06,-2.53,0.0,0.7932,1.23,0.9896127
5/27/12 1:30,2365.0461,9.1,3.365,333.0525,-0.09,-0.57,0.0809,1.94,-0.31,0.0,0.7417,-1.88,0.9841889
5/27/12 2:00,2366.6961,51.5,2.823,333.036,-0.32,-0.25,0.0933,1.15,-0.9,0.0,0.5773,-0.84,0.954935
5/27/12 2:30,2368.3461,61.5,1.884,333.0954,-0.38,-0.21,0.1058,0.82,-0.72,0.0,0.4989,-0.68,0.9673982
5/27/12 3:00,2369.9961,110.1,2.023,333.0822,-0.34,0.12,0.1009,0.73,-0.69,0.0,0.5193,0.41,0.9955558
5/27/12 3:30,2371.6461,43.6,1.798,333.0987,-0.38,-0.39,0.098,0.98,-0.68,0.0,0.7774,-1.3,1.0214054
5/27/12 4:00,2373.2961,71.1,1.99,333.1515,-0.83,-0.28,0.096,1.74,-1.65,0.0,1.508,-0.94,1.0214054
5/27/12 4:30,2374.9461,87.2,2.3,333.2208,-0.64,-0.03,0.0899,1.48,-1.48,0.0,1.3685,-0.1,1.0400425
5/27/12 5:00,2376.5711,68.1,2.882,323.2032,-1.01,-0.4,0.0731,3.12,-2.9,17.4823,3.0176,-1.29,1.0240019
5/27/12 5:30,2378.1711,69.5,2.977,323.2768,-0.85,-0.32,0.0655,2.71,-2.53,71.2175,2.6829,-1.02,0.9317396
5/27/12 6:00,2379.7961,4.3,2.716,333.4881,-0.03,-0.38,0.057,1.03,-0.08,145.554,1.0348,-1.25,0.7762381
5/27/12 6:30,2381.4461,107.2,3.946,333.5574,-0.18,0.06,0.0394,0.74,-0.71,248.0407,0.7355,0.18,1.114187
5/27/12 7:00,2383.1211,77.2,5.307,343.6856,-1.05,-0.24,0.0243,5.73,-5.59,330.706,5.5363,-0.81,2.1652502
5/27/12 7:30,2384.8211,75.3,5.597,343.7264,-1.07,-0.28,0.0216,6.18,-5.98,418.9323,5.7087,-0.95,0.7882397
5/27/12 8:00,2386.5211,117.3,6.413,343.7264,-0.81,0.42,0.0241,5.81,-5.16,481.4937,5.0318,1.41,1.1524998
5/27/12 8:30,2388.1961,186.4,8.122,333.5904,0.1,0.92,0.0377,7.49,0.83,515.6844,5.941,3.02,1.4515012
5/27/12 9:00,2389.8211,223.3,10.846,323.4464,1.07,1.13,0.0667,16.88,11.57,517.5548,11.9334,3.62,1.6978802
5/27/12 9:30,2391.4211,199.9,10.919,323.4272,0.59,1.64,0.1012,19.0,6.47,484.8432,11.5659,5.24,1.3991673
5/27/12 10:00,2393.0211,194.1,12.549,323.4048,0.41,1.63,0.1256,21.04,5.13,414.228,10.5223,5.2,0.9624937
5/27/12 10:30,2394.6211,188.3,16.987,323.376,0.32,2.22,0.1159,38.07,5.5,350.4649,14.5679,7.1,-0.22169494
5/27/12 11:00,2396.2211,175.2,18.786,323.3312,-0.26,3.05,0.1203,57.56,-4.82,249.2487,14.8977,9.77,0.5247815
5/27/12 11:30,2397.7961,185.1,19.822,313.1744,0.29,3.3,0.1115,65.75,5.84,127.4035,8.582,10.24,0.8117236
5/27/12 12:00,2399.3461,172.0,19.885,313.0814,-0.46,3.3,0.1313,66.2,-9.21,0.0,0.0,10.22,0.7453686
5/27/12 12:30,2400.8961,187.2,20.108,313.0101,0.39,3.12,0.1468,63.24,7.93,-124.8688,-8.2544,9.67,0.9045629
5/27/12 13:00,2402.4211,181.8,20.807,302.829,0.1,3.23,0.1598,67.29,2.11,-245.5453,-17.4159,9.7,0.7703527
5/27/12 13:30,2403.9211,191.0,20.819,302.787,0.56,2.9,0.1657,61.58,11.75,-346.3825,-23.5666,8.71,0.8745589
5/27/12 14:00,2405.3961,187.3,21.125,292.6303,0.4,3.14,0.1719,66.84,8.49,-426.444,-33.4198,9.1,1.1074938
5/27/12 14:30,2406.8461,164.4,19.564,292.5694,-0.91,3.24,0.1688,65.91,-17.72,-447.1882,-40.1241,9.41,2.0697567
5/27/12 15:00,2408.3211,163.4,18.691,302.646,-1.32,4.41,0.1515,86.11,-24.6,-424.0597,-60.8886,13.24,0.6800522
5/27/12 15:30,2409.8461,156.5,18.074,312.7404,-1.94,4.47,0.1262,88.06,-35.11,-392.8186,-69.8599,13.85,0.914545
5/27/12 16:00,2411.4211,155.6,17.58,322.8736,-2.34,5.15,0.1102,99.5,-41.11,-407.3333,-86.172,16.49,0.8628458
5/27/12 16:30,2413.0211,146.5,16.448,322.9024,-2.79,4.21,0.1021,83.03,-45.83,-285.1388,-76.7093,13.47,0.4144591
5/27/12 17:00,2414.6211,140.9,15.762,323.0176,-3.29,4.04,0.0829,82.14,-51.8,-278.5122,-79.3371,12.94,0.30301155
5/27/12 17:30,2416.2211,142.5,14.363,323.0752,-3.14,4.09,0.0696,74.1,-45.11,-205.4978,-73.4648,13.1,0.7200383
5/27/12 18:00,2417.7711,149.2,14.136,302.934,-2.31,3.88,0.0524,63.88,-32.71,-117.168,-63.8806,11.64,0.814147
5/27/12 18:30,2419.2211,148.1,12.51,282.7944,-1.84,2.96,0.0433,43.67,-23.08,-38.48,-43.2988,8.3,0.8232059
5/27/12 19:00,2420.5711,145.6,10.548,262.6962,-1.71,2.5,0.0397,31.98,-18.07,-4.2462,-30.8918,6.5,0.56525805
5/27/12 19:30,2421.8461,149.8,9.718,252.6725,-1.62,2.78,0.0285,31.28,-15.74,0.0,-28.901,6.96,0.21332267
5/27/12 20:00,2423.0961,149.8,8.833,252.815,-1.07,1.85,0.0223,18.87,-9.49,0.0,-16.3396,4.62,0.44817898
5/27/12 20:30,2424.3211,145.6,8.963,242.7936,-1.26,1.83,0.0174,19.92,-11.26,0.0,-15.8074,4.4,0.49919732
5/27/12 21:00,2425.5211,132.5,8.449,242.8728,-1.35,1.24,0.0252,15.49,-11.42,0.0,-10.951,2.97,0.49388315
5/27/12 21:30,2426.7211,146.1,9.227,242.9184,-1.34,1.99,0.0124,22.13,-12.34,0.0,-13.4697,4.78,0.6420279
5/27/12 22:00,2427.9211,144.7,8.551,242.9448,-1.1,1.55,0.0084,16.23,-9.38,0.0,-8.1149,3.72,0.46532165
5/27/12 22:30,2429.0961,128.9,7.037,232.8152,-0.95,0.76,0.0169,8.56,-6.66,0.0,-3.2773,1.76,0.51598225
5/27/12 23:00,2430.2461,78.9,5.757,232.8543,-0.43,-0.08,0.0307,2.52,-2.47,0.0,-0.6511,-0.19,0.5589399
5/27/12 23:30,2431.3961,33.2,5.282,232.8405,-0.3,-0.46,0.0352,2.93,-1.6,0.0,-0.3819,-1.07,0.5589399
5/28/12 0:00,2432.5461,99.1,4.656,232.8175,-0.66,0.11,0.0406,3.1,-3.06,0.0,0.0,0.24,0.5792503
5/28/12 0:30,2433.6961,120.9,4.423,232.8336,-0.69,0.41,0.0448,3.56,-3.06,0.0,0.4647,0.95,0.7144414
5/28/12 1:00,2434.8461,115.0,3.854,232.7991,-0.74,0.34,0.0483,3.14,-2.85,0.0,0.813,0.79,0.8142047
5/28/12 1:30,2435.9961,115.9,3.57,232.7761,-0.63,0.31,0.0454,2.51,-2.25,0.0,0.9591,0.71,0.8755975
5/28/12 2:00,2437.1461,128.2,3.256,232.7807,-0.46,0.36,0.0409,1.9,-1.49,0.0,0.9491,0.83,0.8142047
5/28/12 2:30,2438.2961,139.3,3.091,232.7439,-0.67,0.78,0.0336,3.19,-2.08,0.0,1.9438,1.8,0.774334
5/28/12 3:00,2439.4461,156.9,3.398,232.7416,-0.67,1.56,0.0202,5.77,-2.26,0.0,4.0775,3.59,0.5838086
5/28/12 3:30,2440.5961,159.8,3.189,232.7738,-0.45,1.24,0.0194,4.2,-1.45,0.0,3.332,2.84,0.6958043
5/28/12 4:00,2441.7461,148.9,2.99,232.8451,-0.54,0.89,0.02,3.12,-1.61,0.0,2.6982,2.05,0.7320976
5/28/12 4:30,2442.8961,162.5,3.03,232.9417,-0.37,1.18,0.0208,3.74,-1.12,0.0,3.4544,2.71,0.774334
5/28/12 5:00,2444.0461,151.3,2.853,233.0015,-0.76,1.39,0.0263,4.51,-2.17,1.5339,4.3569,3.19,0.8854065
5/28/12 5:30,2445.1961,157.6,2.437,233.0383,-0.38,0.93,0.0309,2.44,-0.93,16.3043,2.4186,2.13,1.0723545
5/28/12 6:00,2446.3461,156.9,2.673,233.0774,-0.46,1.07,0.0274,3.11,-1.22,66.301,3.106,2.46,0.39722411
5/28/12 6:30,2447.4961,192.5,2.923,233.0981,0.28,1.27,0.0244,3.81,0.82,134.4241,3.7732,2.92,1.4418653
5/28/12 7:00,2448.6711,244.0,4.237,243.3144,1.21,0.59,0.0251,5.71,5.13,316.1871,5.5128,1.42,1.6176195
5/28/12 7:30,2449.8961,234.3,5.322,253.5,1.05,0.76,0.0364,6.91,5.61,398.1773,6.3821,1.89,0.9256811
5/28/12 8:00,2451.0961,217.8,6.048,233.22,0.9,1.16,0.058,8.86,5.43,479.1225,7.6733,2.66,0.7528696
5/28/12 8:30,2452.2211,212.1,7.034,223.0712,0.77,1.23,0.0852,10.21,5.43,497.8007,8.1028,2.71,1.5282999
5/28/12 9:00,2453.3211,210.1,8.642,223.0558,0.98,1.69,0.1009,16.85,8.45,451.5315,11.9161,3.71,1.718306
5/28/12 9:30,2454.4211,192.6,9.564,223.0118,0.55,2.47,0.1127,24.23,5.28,400.5108,14.7476,5.44,1.7466367
5/28/12 10:00,2455.5461,196.2,11.824,233.0889,0.89,3.07,0.0988,37.84,10.56,430.4625,18.9184,7.07,1.1729256
5/28/12 10:30,2456.6961,182.1,13.224,233.0268,0.17,4.58,0.0839,60.57,2.22,357.0444,23.1776,10.53,1.3111748
5/28/12 11:00,2457.8711,179.5,14.001,243.1272,-0.04,4.78,0.1179,66.92,-0.58,247.5822,17.3214,11.47,1.5835765
5/28/12 11:30,2459.0961,179.4,14.954,253.1925,-0.06,5.62,0.1309,84.1,-0.88,128.2606,10.9774,14.06,1.5052199
5/28/12 12:00,2460.3211,186.5,14.863,242.964,0.6,5.25,0.1509,78.51,8.89,0.0,0.0,12.6,1.5429557
5/28/12 12:30,2461.5211,187.4,16.81,242.82,0.68,5.2,0.1464,88.2,11.36,-125.8805,-11.5127,12.49,1.3172333
5/28/12 13:00,2462.7211,187.6,19.502,242.7288,0.83,6.19,0.1454,121.71,16.1,-244.7517,-31.5014,14.85,1.5640162
5/28/12 13:30,2463.9211,182.9,20.486,242.7312,0.32,6.26,0.1398,128.47,6.5,-349.6911,-49.1625,15.03,1.1935822
5/28/12 14:00,2465.0961,201.0,21.954,232.6036,2.36,6.14,0.1291,144.28,51.71,-251.462,-72.1408,14.11,2.2138336
5/28/12 14:30,2466.2211,209.4,21.094,222.6906,2.68,4.75,0.1055,115.07,56.49,-36.2621,-70.0488,10.46,0.7023821
5/28/12 15:00,2467.2711,224.5,16.207,202.666,3.41,3.47,0.0783,78.85,55.26,-12.5009,-55.7533,6.94,0.8847718
5/28/12 15:30,2468.2461,,3.939,192.8329,,,0.1848,10.84,,-5.3543,-8.6032,,0.8962541
5/28/12 16:00,2469.2961,,1.695,233.4293,,,0.1939,4.51,,-26.1791,-3.9032,,1.0041531
5/28/12 16:30,2470.4961,,2.308,253.34,,,0.1693,5.92,,-100.5569,-5.4694,,1.1271695
5/28/12 17:00,2471.6961,117.3,3.816,233.1027,-0.15,0.08,0.1363,0.66,-0.59,-172.8196,-0.6414,0.18,1.2435504
5/28/12 17:30,2472.8211,235.1,3.871,223.19,1.61,1.12,0.1218,7.6,6.23,-76.7289,-7.5338,2.47,0.6966698
5/28/12 18:00,2473.9461,60.3,3.444,233.5581,-1.99,-1.14,0.1206,7.9,-6.86,-33.557,-7.9005,-2.61,-0.008792903
5/28/12 18:30,2475.0961,64.5,3.069,233.6156,-3.4,-1.62,0.1293,11.56,-10.44,-12.8799,-11.4651,-3.73,1.1623665
5/28/12 19:00,2476.2461,64.5,2.22,233.6202,-3.34,-1.59,0.1459,8.21,-7.41,-4.0521,-7.9298,-3.66,1.0980887
5/28/12 19:30,2477.3961,87.8,2.156,233.657,-2.97,-0.11,0.1443,6.4,-6.39,0.0,-5.9119,-0.26,0.6580685
5/28/12 20:00,2478.5461,74.0,2.165,233.7582,-2.91,-0.83,0.1324,6.55,-6.29,0.0,-5.6698,-1.92,1.3446408
5/28/12 20:30,2479.6961,77.0,1.933,233.7812,-2.24,-0.52,0.121,4.44,-4.33,0.0,-3.5226,-1.19,1.0739701
5/28/12 21:00,2480.8461,79.2,1.976,233.7858,-2.03,-0.39,0.1091,4.08,-4.01,0.0,-2.8839,-0.89,1.0176549
5/28/12 21:30,2481.9711,80.0,2.091,223.6278,-1.99,-0.35,0.0986,4.23,-4.16,0.0,-2.5726,-0.77,1.0896645
5/28/12 22:00,2483.0711,57.8,2.018,223.6476,-0.63,-0.4,0.0918,1.5,-1.27,0.0,-0.7517,-0.87,1.0896645
5/28/12 22:30,2484.1711,114.1,1.712,223.619,-0.39,0.17,0.096,0.73,-0.66,0.0,-0.2784,0.38,1.0817596
5/28/12 23:00,2485.2711,96.4,1.459,223.564,-0.78,0.09,0.0981,1.15,-1.14,0.0,-0.2964,0.19,1.0915109
5/28/12 23:30,2486.3711,78.4,1.54,223.5156,-0.55,-0.11,0.0924,0.86,-0.84,0.0,-0.1122,-0.25,1.1030509
5/29/12 0:00,2487.4711,58.7,1.471,223.509,-0.53,-0.33,0.0866,0.92,-0.79,0.0,0.0,-0.72,1.1208225
5/29/12 0:30,2488.5711,18.3,1.286,223.4782,-0.18,-0.53,0.0881,0.72,-0.23,0.0,0.0943,-1.17,1.1208225
5/29/12 1:00,2489.6711,9.9,1.121,223.4298,-0.09,-0.53,0.0922,0.61,-0.1,0.0,0.1573,-1.17,1.1256116
5/29/12 1:30,2490.7961,90.5,1.086,233.5236,-0.68,0.01,0.0935,0.74,-0.74,0.0,0.2814,0.01,1.1256116
5/29/12 2:00,2491.9211,319.8,1.12,223.3836,0.54,-0.64,0.0847,0.93,0.6,0.0,0.4665,-1.4,1.1317278
5/29/12 2:30,2493.0211,23.0,0.893,223.3924,-0.2,-0.46,0.09,0.45,-0.18,0.0,0.274,-1.02,1.1371516
5/29/12 3:00,2494.1461,37.2,0.626,233.5604,-0.3,-0.39,0.0892,0.31,-0.19,0.0,0.2182,-0.9,1.1321317
5/29/12 3:30,2495.2961,38.7,0.646,233.5972,-0.28,-0.35,0.0824,0.29,-0.18,0.0,0.2306,-0.81,1.1370362
5/29/12 4:00,2496.4461,5.7,0.795,233.5972,-0.04,-0.42,0.0771,0.34,-0.03,0.0,0.2912,-0.97,1.1571158
5/29/12 4:30,2497.5961,69.0,0.765,233.6156,-0.18,-0.07,0.0747,0.14,-0.13,0.0,0.1329,-0.15,1.1571158
5/29/12 5:00,2498.7461,62.6,0.666,233.6662,-0.03,-0.02,0.0752,0.02,-0.02,18.2058,0.0212,-0.03,1.1332857
5/29/12 5:30,2499.8711,112.1,0.484,223.5244,-0.54,0.22,0.0828,0.28,-0.26,65.1508,0.2774,0.48,0.9974599
5/29/12 6:00,2500.9711,151.6,0.818,223.5596,-0.53,0.97,0.068,0.9,-0.43,122.564,0.9039,2.14,1.0842984
5/29/12 6:30,2502.0711,132.6,1.502,223.5728,-0.43,0.4,0.0559,0.88,-0.65,215.7731,0.8741,0.87,0.9721296
5/29/12 7:00,2503.1711,302.4,2.28,223.5838,0.19,-0.12,0.0568,0.5,0.42,341.4442,0.4845,-0.26,1.4553094
5/29/12 7:30,2504.2461,339.2,2.549,213.3999,0.24,-0.62,0.0856,1.7,0.6,430.1454,1.5731,-1.31,0.037668291
5/29/12 8:00,2505.2711,304.5,3.343,203.184,1.08,-0.74,0.1084,4.39,3.62,482.3727,3.8042,-1.49,0.4928734
5/29/12 8:30,2506.2711,311.3,4.224,203.178,0.39,-0.35,0.146,2.21,1.66,520.3541,1.756,-0.69,1.0032299
5/29/12 9:00,2507.2711,271.3,4.782,203.166,0.5,-0.01,0.1823,2.38,2.38,524.4109,1.6805,-0.02,0.6072925
5/29/12 9:30,2508.2461,257.6,5.675,192.9963,1.06,0.23,0.2086,6.15,6.01,473.9165,3.7449,0.44,1.0989542
5/29/12 10:00,2509.2211,205.3,7.313,203.188,0.71,1.5,0.2079,12.13,5.18,441.535,6.0661,3.0,1.2586678
5/29/12 10:30,2510.2211,200.0,7.965,203.154,0.58,1.6,0.1933,13.56,4.64,349.5729,5.1878,3.2,1.1065129
5/29/12 11:00,2511.2211,204.7,9.423,203.118,0.54,1.17,0.2128,12.1,5.06,249.0579,3.1315,2.33,1.0928957
5/29/12 11:30,2512.1961,209.4,10.64,192.9298,0.63,1.11,0.2014,13.57,6.66,123.8391,1.7707,2.11,1.4040718
5/29/12 12:00,2513.1461,212.2,11.731,192.8614,0.64,1.01,0.2231,14.05,7.49,0.0,0.0,1.93,0.8549409
5/29/12 12:30,2514.0711,208.6,12.864,182.6424,0.76,1.4,0.2214,20.56,9.84,-116.3026,-2.6832,2.53,1.7968357
5/29/12 13:00,2514.9711,185.9,12.947,182.5596,0.19,1.81,0.2326,23.58,2.42,-216.8373,-6.102,3.26,1.3093861
5/29/12 13:30,2515.8711,193.2,13.67,182.4876,0.59,2.52,0.2443,35.39,8.08,-372.765,-13.5438,4.54,1.7874306
5/29/12 14:00,2516.7711,182.3,12.807,182.3976,0.15,3.67,0.2618,47.0,1.89,-458.0705,-23.5008,6.6,3.3539279
5/29/12 14:30,2517.6961,186.5,12.316,192.5042,0.42,3.68,0.2581,45.61,5.16,-441.0257,-27.7633,6.99,2.468983
5/29/12 15:00,2518.6461,186.3,12.217,192.4966,0.44,4.01,0.245,49.23,5.4,-484.2027,-34.8141,7.61,2.5167009
5/29/12 15:30,2519.5711,195.6,11.087,182.3022,1.24,4.45,0.2265,51.2,13.77,-444.8467,-40.6195,8.01,2.1348423
5/29/12 16:00,2520.4711,191.0,9.888,182.268,0.93,4.79,0.1973,48.2,9.2,-173.3142,-41.7459,8.61,1.9032922
5/29/12 16:30,2521.3961,193.1,8.638,192.3408,1.21,5.22,0.1723,46.26,10.48,-146.8072,-42.7354,9.91,2.2036784
5/29/12 17:00,2522.3211,207.7,8.791,182.16,2.68,5.11,0.1516,50.77,23.6,-227.774,-49.0381,9.2,1.3140021
5/29/12 17:30,2523.2211,209.7,8.844,182.2644,2.63,4.62,0.1274,47.0,23.29,-91.1475,-46.595,8.31,1.0144237
5/29/12 18:00,2524.1211,209.1,8.383,182.3544,2.06,3.7,0.1065,35.52,17.27,-48.723,-35.5188,6.66,0.47817721
5/29/12 18:30,2525.0211,200.5,8.11,182.3832,1.94,5.19,0.0869,44.91,15.73,-24.6572,-44.5289,9.34,0.8819445
5/29/12 19:00,2525.9211,196.5,7.425,182.358,1.56,5.25,0.0696,40.67,11.55,-1.7116,-39.2882,9.45,-0.18483041
5/29/12 19:30,2526.8461,192.1,5.586,192.5061,1.07,4.97,0.0725,28.42,5.96,0.0,-26.2529,9.45,1.1062244
5/29/12 20:00,2527.8211,185.0,4.119,202.702,0.38,4.29,0.078,17.74,1.55,0.0,-15.3638,8.58,1.208238
5/29/12 20:30,2528.8211,352.1,2.478,202.806,0.6,-4.33,0.1699,10.84,1.49,-0.7108,-8.6029,-8.67,1.2179316
5/29/12 21:00,2530.0211,13.6,1.309,284.1244,-0.85,-3.5,0.1716,4.71,-1.11,0.0,-3.3312,-9.79,1.1998715
5/29/12 21:30,2531.6961,25.1,1.16,395.8188,-1.54,-3.29,0.1489,4.22,-1.79,0.0,-2.5662,-12.83,1.1998715
5/29/12 22:00,2533.7711,60.0,1.165,446.534,-2.61,-1.51,0.1318,3.52,-3.05,0.0,-1.7586,-6.64,1.1998715
5/29/12 22:30,2535.9961,55.4,1.298,456.7275,-1.75,-1.21,0.1155,2.76,-2.27,0.0,-1.0555,-5.43,1.1998715
5/29/12 23:00,2538.2711,55.7,1.081,466.9276,-1.94,-1.32,0.105,2.54,-2.1,0.0,-0.6569,-6.09,1.2183355
5/29/12 23:30,2540.5711,,1.321,467.0472,,,0.1002,1.44,,0.0,-0.1879,,1.2183355
5/30/12 0:00,2542.8711,,1.202,467.038,,,0.1062,1.48,,0.0,0.0,,1.1998715
5/30/12 0:30,2545.1461,81.4,1.146,457.02,-0.99,-0.15,0.1076,1.15,-1.14,0.0,0.1499,-0.67,1.1998715
5/30/12 1:00,2547.3961,,1.033,456.993,,,0.1078,1.44,,0.0,0.373,,1.1998715
5/30/12 1:30,2549.6461,,1.004,456.9885,,,0.1097,1.43,,0.0,0.5471,,1.1998715
5/30/12 2:00,2551.9211,,0.941,466.9782,,,0.1065,1.37,,0.0,0.6832,,1.1998715
5/30/12 2:30,2554.2211,269.8,0.999,467.0104,0.89,0.0,0.0948,0.89,0.89,0.0,0.5437,0.01,1.1998715
5/30/12 3:00,2556.4961,,0.958,456.8445,,,0.0871,1.45,,0.0,1.0222,,1.2183355
5/30/12 3:30,2558.7461,,0.929,456.8445,,,0.0865,1.43,,0.0,1.1335,,1.2534171
5/30/12 4:00,2560.9961,,1.015,456.903,,,0.0874,1.65,,0.0,1.4266,,1.2765548
5/30/12 4:30,2563.2461,,1.012,456.9345,,,0.0851,1.73,,0.0,1.5969,,1.2765548
5/30/12 5:00,2565.4961,,0.938,457.047,,,0.0824,1.68,,12.9482,1.6245,,1.243435
5/30/12 5:30,2567.7211,309.8,0.921,446.9476,0.75,-0.63,0.0808,0.9,0.69,59.679,0.8921,-2.75,0.7001895
5/30/12 6:00,2569.9211,34.2,0.955,447.0092,-0.27,-0.4,0.0792,0.46,-0.26,88.819,0.4622,-1.76,0.9507229
5/30/12 6:30,2572.1211,6.2,1.262,446.996,-0.09,-0.83,0.0767,1.05,-0.11,229.463,1.0423,-3.64,0.8120698
5/30/12 7:00,2574.2961,11.1,2.499,436.9359,-0.22,-1.1,0.0704,2.81,-0.54,355.0473,2.7156,-4.75,1.0112502
5/30/12 7:30,2576.4461,9.0,3.417,437.0778,-0.16,-0.98,0.0754,3.4,-0.53,430.7191,3.1411,-4.23,1.2340299
5/30/12 8:00,2578.5961,292.2,4.162,437.1724,0.23,-0.09,0.0927,1.04,0.96,486.8561,0.8975,-0.4,0.7070558
5/30/12 8:30,2580.7461,154.6,4.831,437.224,-0.12,0.25,0.1099,1.34,-0.58,366.6824,1.0655,1.08,0.7529273
5/30/12 9:00,2582.9211,53.1,6.098,447.304,-1.29,-0.97,0.1125,9.82,-7.85,469.4956,6.9422,-4.25,0.9732259
5/30/12 9:30,2585.1211,37.2,6.875,447.3436,-0.96,-1.27,0.1333,10.97,-6.63,427.8528,6.6796,-5.59,1.2171815
5/30/12 10:00,2587.3211,18.3,7.242,447.3304,-0.63,-1.9,0.1594,14.48,-4.55,377.917,7.2384,-8.35,1.1520959
5/30/12 10:30,2589.5461,47.4,8.522,457.4835,-1.41,-1.29,0.1777,16.29,-11.99,370.079,6.2355,-5.82,0.8534984
5/30/12 11:00,2591.7961,20.8,8.619,457.506,-0.45,-1.19,0.2106,10.93,-3.88,112.078,2.8286,-5.33,1.3957053
5/30/12 11:30,2594.0461,346.8,8.92,457.4205,0.2,-0.86,0.215,7.87,1.8,63.0371,1.0269,-3.86,0.8040495
5/30/12 12:00,2596.2961,17.1,9.371,457.2855,-0.16,-0.51,0.2213,4.96,-1.46,0.0,0.0,-2.28,0.57547672
5/30/12 12:30,2598.5461,108.4,9.766,457.119,-1.34,0.45,0.2375,13.84,-13.13,-107.0239,-1.8063,2.01,1.0939343
5/30/12 13:00,2600.7711,102.4,9.786,446.8376,-1.31,0.29,0.2544,13.1,-12.8,-173.1911,-3.3914,1.27,1.7608309
5/30/12 13:30,2602.9711,106.3,9.857,446.7628,-1.6,0.47,0.2566,16.39,-15.73,-274.2895,-6.273,2.05,1.9830336
5/30/12 14:00,2605.1711,91.0,8.677,446.7144,-2.83,0.05,0.2617,24.57,-24.57,-271.137,-12.2866,0.22,3.182155
5/30/12 14:30,2607.3961,93.5,7.857,456.858,-3.71,0.23,0.2651,29.18,-29.13,-456.011,-17.7642,1.02,3.1702111
5/30/12 15:00,2609.6461,101.2,7.276,456.8985,-4.32,0.86,0.2902,32.07,-31.45,-491.802,-22.6736,3.85,1.0874719
5/30/12 15:30,2611.8961,89.4,7.044,456.948,-3.98,-0.04,0.2964,28.06,-28.05,-474.9918,-22.2585,-0.19,1.4115728
5/30/12 16:00,2614.1211,94.6,7.212,446.8112,-3.85,0.31,0.2757,27.82,-27.73,-445.3406,-24.0962,1.36,2.426862
5/30/12 16:30,2616.3211,99.4,7.355,446.7936,-4.07,0.67,0.2582,30.33,-29.92,-331.8843,-28.0231,2.96,1.9422397
5/30/12 17:00,2618.5211,89.3,6.809,446.8068,-3.88,-0.05,0.2348,26.44,-26.44,-259.1299,-25.5384,-0.21,1.5864615
5/30/12 17:30,2620.7211,96.4,6.286,446.9564,-3.42,0.38,0.2173,21.62,-21.48,-184.4811,-21.4326,1.69,1.5628045
5/30/12 18:00,2622.9211,87.3,6.548,447.106,-3.76,-0.18,0.1989,24.64,-24.61,-123.525,-24.6401,-0.78,1.0915109
5/30/12 18:30,2625.1211,88.3,6.124,447.1852,-3.82,-0.11,0.1904,23.43,-23.42,-61.6857,-23.23,-0.5,1.1044357
5/30/12 19:00,2627.3211,85.7,5.564,447.26,-3.29,-0.25,0.1853,18.38,-18.33,-9.5192,-17.7517,-1.09,1.3103093
5/30/12 19:30,2629.5211,93.9,4.92,447.5592,-2.55,0.17,0.1768,12.59,-12.56,0.0,-11.6274,0.77,1.2058146
5/30/12 20:00,2631.7211,89.3,4.544,447.5592,-2.48,-0.03,0.1631,11.27,-11.27,0.0,-9.7593,-0.13,1.2366264
5/30/12 20:30,2633.8961,78.7,4.185,437.4261,-2.55,-0.51,0.1562,10.89,-10.67,0.0,-8.6358,-2.19,1.3227148
5/30/12 21:00,2636.0461,90.4,3.742,437.5422,-2.11,0.01,0.152,7.91,-7.91,0.0,-5.591,0.06,1.25209
5/30/12 21:30,2638.1961,73.4,3.355,437.6497,-1.82,-0.54,0.1454,6.38,-6.12,0.0,-3.8867,-2.34,1.2704963
5/30/12 22:00,2640.3461,88.7,3.106,437.7701,-1.34,-0.03,0.1372,4.15,-4.15,0.0,-2.0748,-0.13,1.3225417
5/30/12 22:30,2642.4961,88.5,2.796,437.7701,-1.45,-0.04,0.1311,4.05,-4.05,0.0,-1.5515,-0.16,0.7919325
5/30/12 23:00,2644.6461,95.9,2.449,437.8346,-1.39,0.14,0.1254,3.41,-3.39,0.0,-0.883,0.62,1.35018
5/30/12 23:30,2646.7961,97.4,2.227,437.7572,-0.98,0.13,0.1203,2.21,-2.19,0.0,-0.2884,0.55,1.35018
5/31/12 0:00,2648.9461,93.4,2.002,437.6411,-1.46,0.09,0.1168,2.92,-2.92,0.0,0.0,0.37,1.35018
5/31/12 0:30,2651.0711,78.1,2.011,427.35,-1.25,-0.26,0.1083,2.56,-2.51,0.0,0.3344,-1.1,1.35018
5/31/12 1:00,2653.1711,56.8,2.051,427.2828,-1.46,-0.95,0.1043,3.57,-2.98,0.0,0.9231,-4.0,1.4063221
5/31/12 1:30,2655.2711,75.5,2.034,427.0896,-1.43,-0.37,0.1018,3.0,-2.9,0.0,1.1473,-1.55,1.4063221
5/31/12 2:00,2657.3711,90.6,2.11,427.14,-0.97,0.01,0.1002,2.05,-2.05,0.0,1.0244,0.04,1.4063221
5/31/12 2:30,2659.4711,60.2,2.097,427.1988,-0.93,-0.53,0.0973,2.25,-1.95,0.0,1.371,-2.24,1.4411152
5/31/12 3:00,2661.5711,53.2,2.045,427.1274,-1.36,-1.02,0.0978,3.48,-2.79,0.0,2.464,-4.29,2.0051327
5/31/12 3:30,2663.6711,85.2,2.048,427.0728,-1.56,-0.13,0.0976,3.21,-3.2,0.0,2.546,-0.55,1.4411152
5/31/12 4:00,2665.7461,59.1,2.209,416.9208,-1.2,-0.72,0.0939,3.09,-2.65,0.0,2.6764,-2.95,0.43146329
5/31/12 4:30,2667.7961,49.6,2.188,416.9536,-0.89,-0.76,0.0939,2.56,-1.95,0.8758,2.3611,-3.1,1.4411152
5/31/12 5:00,2669.8461,92.2,2.052,416.9741,-0.59,0.02,0.0926,1.22,-1.22,13.9518,1.1754,0.09,0.17759483
5/31/12 5:30,2671.8961,90.8,1.788,416.9372,-0.67,0.01,0.0943,1.2,-1.2,39.8482,1.1859,0.04,1.1183991
5/31/12 6:00,2673.9711,80.0,1.747,427.0644,-0.89,-0.16,0.0928,1.58,-1.56,78.028,1.5793,-0.66,1.1781186
5/31/12 6:30,2676.0711,95.5,2.006,427.1736,-1.42,0.14,0.0862,2.86,-2.84,139.2286,2.8321,0.57,0.5941946
5/31/12 7:00,2678.1711,108.8,2.57,427.3248,-1.42,0.48,0.0774,3.86,-3.65,216.2331,3.7236,2.03,0.8495171
5/31/12 7:30,2680.2711,132.0,3.065,427.4256,-1.23,1.11,0.0751,5.08,-3.77,247.3706,4.6893,4.65,0.48164498
5/31/12 8:00,2682.3711,129.4,3.362,427.3416,-1.23,1.01,0.0772,5.33,-4.12,278.0045,4.6178,4.23,0.7632556
5/31/12 8:30,2684.4711,84.3,4.213,427.2912,-1.13,-0.11,0.088,4.76,-4.74,426.6242,3.7803,-0.47,0.9311626
5/31/12 9:00,2686.5461,65.4,5.452,417.0192,-1.47,-0.67,0.1072,8.8,-8.01,424.4479,6.2261,-2.76,0.8446703
5/31/12 9:30,2688.5711,97.6,6.007,406.76,-1.0,0.13,0.1267,6.04,-5.98,466.9401,3.6751,0.53,1.1444218
5/31/12 10:00,2690.5711,111.8,7.224,406.792,-1.11,0.44,0.1578,8.65,-8.03,389.211,4.3236,1.78,0.52440645
5/31/12 10:30,2692.5461,152.8,8.109,396.63,-0.38,0.75,0.1698,6.8,-3.11,280.3462,2.6005,2.91,1.3942051
5/31/12 11:00,2694.4961,163.3,8.431,396.5715,-0.42,1.41,0.1733,12.38,-3.56,151.8497,3.2033,5.48,0.6843797
5/31/12 11:30,2696.4461,163.3,8.513,396.4701,-0.33,1.11,0.1729,9.88,-2.84,76.1896,1.2901,4.34,1.7659085
5/31/12 12:00,2698.3961,152.5,8.972,396.2556,-0.94,1.81,0.1687,18.35,-8.47,0.0,0.0,7.07,0.7275393
5/31/12 12:30,2700.3461,148.0,9.467,396.1503,-0.67,1.07,0.1686,11.97,-6.34,-54.7209,-1.5619,4.18,0.9229115
5/31/12 13:00,2702.2711,129.6,9.711,385.8824,-0.74,0.62,0.1656,9.38,-7.23,-171.522,-2.4279,2.34,0.8229751
5/31/12 13:30,2704.1711,115.8,10.524,385.8064,-1.15,0.55,0.178,13.39,-12.05,-303.0784,-5.1228,2.1,1.3935704
5/31/12 14:00,2706.0711,163.3,10.763,385.6924,-0.43,1.44,0.191,16.2,-4.65,-370.705,-8.0992,5.48,1.3603929
5/31/12 14:30,2707.9461,131.1,10.202,375.4131,-1.59,1.39,0.2,21.55,-16.24,-415.1631,-13.1168,5.14,2.0175959
5/31/12 15:00,2709.7961,110.2,9.04,375.2651,-2.23,0.82,0.2054,21.49,-20.17,-279.6508,-15.1944,3.04,1.0916263
5/31/12 15:30,2711.6461,96.6,7.695,375.1615,-2.7,0.31,0.1923,20.93,-20.79,-270.8445,-16.6052,1.16,2.0174228
5/31/12 16:00,2713.4961,76.8,6.572,375.1023,-2.91,-0.68,0.1819,19.63,-19.11,-263.2769,-17.0006,-2.52,2.7590409
5/31/12 16:30,2715.3461,87.6,6.921,375.1097,-2.68,-0.11,0.158,18.54,-18.53,-274.1298,-17.13,-0.42,2.3913765
5/31/12 17:00,2717.1711,73.0,6.673,364.9356,-2.68,-0.82,0.1443,18.7,-17.88,-248.2555,-18.0606,-2.95,1.8060677
5/31/12 17:30,2718.9711,106.8,6.889,364.95,-2.92,0.88,0.1283,21.03,-20.13,-92.1855,-20.8522,3.18,-0.6124278
5/31/12 18:00,2720.7711,145.3,7.233,365.0148,-2.21,3.19,0.1105,28.04,-15.96,-94.297,-28.0351,11.47,1.0064034
5/31/12 18:30,2722.5711,146.6,6.795,365.0616,-2.01,3.05,0.1011,24.83,-13.67,-23.7818,-24.6165,10.98,1.135536
5/31/12 19:00,2724.3711,141.4,6.237,365.0976,-2.13,2.67,0.0904,21.32,-13.3,-3.0658,-20.5977,9.62,0.7012281
5/31/12 19:30,2726.1711,143.2,5.222,365.1552,-1.74,2.33,0.0833,15.2,-9.1,0.0,-14.0393,8.39,0.9815924
5/31/12 20:00,2727.9711,130.3,4.844,365.2236,-2.03,1.72,0.0764,12.89,-9.83,0.0,-11.163,6.2,0.5824815
5/31/12 20:30,2729.7711,123.4,4.486,365.2992,-2.42,1.59,0.0708,12.99,-10.84,0.0,-10.3033,5.74,0.50133222
5/31/12 21:00,2731.5711,128.3,4.222,365.3352,-2.12,1.67,0.0661,11.4,-8.95,0.0,-8.0636,6.03,1.3591812
5/31/12 21:30,2733.3711,116.9,3.572,365.3532,-1.63,0.83,0.068,6.53,-5.83,0.0,-3.9772,2.98,1.3688171
5/31/12 22:00,2735.1711,122.3,3.401,365.31,-1.66,1.05,0.0637,6.68,-5.64,0.0,-3.3381,3.78,0.7546006
5/31/12 22:30,2736.9711,114.4,3.183,365.2668,-1.57,0.71,0.062,5.47,-4.98,0.0,-2.0939,2.56,0.9626668
5/31/12 23:00,2738.7711,128.3,3.141,365.2272,-1.6,1.26,0.0612,6.41,-5.03,0.0,-1.6584,4.55,1.0140775
5/31/12 23:30,2740.5711,119.8,2.742,365.0652,-1.55,0.89,0.0652,4.91,-4.26,0.0,-0.6403,3.2,0.6749746
6/1/12 0:00,2742.3711,125.3,2.597,364.9284,-1.59,1.12,0.0657,5.05,-4.12,0.0,0.0,4.05,1.3428521
6/1/12 0:30,2744.1961,112.4,2.346,375.1467,-1.16,0.48,0.0668,2.95,-2.73,0.0,0.3852,1.77,1.3794916
6/1/12 1:00,2746.0461,82.7,2.375,375.1578,-0.79,-0.1,0.0586,1.9,-1.89,0.0,0.4924,-0.38,1.3539882
6/1/12 1:30,2747.8961,56.2,1.912,375.1171,-0.48,-0.32,0.0636,1.1,-0.92,0.0,0.4215,-1.19,1.3592389
6/1/12 2:00,2749.7461,77.9,1.751,375.032,-0.74,-0.16,0.0669,1.32,-1.29,0.0,0.661,-0.59,1.3414673
6/1/12 2:30,2751.5961,69.6,1.746,374.995,-0.58,-0.22,0.0646,1.09,-1.02,0.0,0.6632,-0.8,1.3414673
6/1/12 3:00,2753.4711,37.3,1.312,385.1452,-0.31,-0.41,0.0704,0.67,-0.41,0.0,0.4769,-1.55,1.3543344
6/1/12 3:30,2755.3711,31.8,1.425,385.0882,-0.37,-0.59,0.0701,0.99,-0.52,0.0,0.7891,-2.25,1.3828959
6/1/12 4:00,2757.2711,1.5,1.358,385.1072,-0.01,-0.44,0.0704,0.6,-0.02,0.0,0.5198,-1.68,1.3828959
6/1/12 4:30,2759.1711,6.9,1.28,385.111,-0.06,-0.46,0.0646,0.6,-0.07,1.3932,0.5534,-1.77,1.3828959
6/1/12 5:00,2761.0711,91.8,1.206,385.13,-0.25,0.01,0.0679,0.31,-0.31,15.9513,0.2959,0.03,1.3903392
6/1/12 5:30,2762.9961,98.6,1.484,395.3274,-0.27,0.04,0.0608,0.41,-0.4,52.0945,0.4017,0.16,1.180542
6/1/12 6:00,2764.9461,328.8,1.625,395.421,0.14,-0.24,0.0534,0.45,0.23,137.55,0.4518,-0.93,1.1571735
6/1/12 6:30,2766.9211,59.3,2.163,405.592,-0.42,-0.25,0.0468,1.06,-0.91,161.7423,1.0529,-1.0,1.2965767
6/1/12 7:00,2768.9211,65.7,2.753,405.668,-0.48,-0.22,0.0392,1.46,-1.33,181.001,1.4094,-0.87,0.6625114
6/1/12 7:30,2770.9211,311.7,2.938,405.744,0.72,-0.64,0.0396,2.83,2.11,259.1048,2.6166,-2.57,1.6758965
6/1/12 8:00,2772.9211,334.3,3.575,405.696,0.3,-0.62,0.0434,2.47,1.07,351.1118,2.1394,-2.49,1.7252877
6/1/12 8:30,2774.8961,324.2,3.994,395.5302,0.51,-0.71,0.057,3.49,2.04,329.056,2.7694,-2.76,1.4093802
6/1/12 9:00,2776.8211,320.7,4.01,385.301,0.84,-1.02,0.0784,5.29,3.35,151.3781,3.74,-3.88,1.7042272
6/1/12 9:30,2778.7211,324.6,3.979,385.2174,0.71,-0.99,0.077,4.85,2.81,101.3186,2.9527,-3.78,1.6458925
6/1/12 10:00,2780.6211,324.2,3.312,385.2288,1.1,-1.53,0.082,6.23,3.65,106.291,3.1166,-5.8,1.7453096
6/1/12 10:30,2782.5461,349.1,3.768,395.187,0.18,-0.96,0.0848,3.67,0.69,163.2596,1.4059,-3.73,1.5383974
6/1/12 11:00,2784.4961,320.4,4.655,395.1168,0.62,-0.75,0.0918,4.54,2.9,187.1813,1.1759,-2.93,1.4391534
6/1/12 11:30,2786.4461,243.6,6.236,395.0115,0.41,0.2,0.0981,2.84,2.55,104.5021,0.3712,0.79,1.3077128
6/1/12 12:00,2788.3961,317.3,7.168,394.9179,0.48,-0.53,0.149,5.13,3.48,0.0,0.0,-2.05,0.7897399
6/1/12 12:30,2790.3211,245.2,9.6,384.522,0.73,0.34,0.1882,7.73,7.02,-133.5192,-1.0087,1.28,0.6695508
6/1/12 13:00,2792.2211,231.8,10.084,384.3054,0.8,0.63,0.2206,10.21,8.02,-230.5661,-2.6413,2.38,1.0990696
6/1/12 13:30,2794.1211,101.6,11.006,384.2522,-0.69,0.14,0.239,7.73,-7.57,-247.4871,-2.9567,0.54,2.2751687
6/1/12 14:00,2796.0211,112.8,11.758,384.1534,-1.5,0.63,0.2219,19.13,-17.64,-350.8565,-9.5651,2.4,2.1735013
6/1/12 14:30,2797.9211,120.6,13.187,384.1344,-1.66,0.98,0.2018,25.42,-21.88,-448.9031,-15.4775,3.73,1.8350908
6/1/12 15:00,2799.8211,113.2,13.584,384.1686,-1.72,0.74,0.1905,25.48,-23.42,-340.0583,-18.0196,2.81,0.9488765
6/1/12 15:30,2801.7211,99.0,12.526,384.1534,-2.32,0.37,0.1732,29.37,-29.01,-275.3015,-23.3035,1.39,2.1444782
6/1/12 16:00,2803.6211,117.5,10.847,384.0736,-2.39,1.24,0.1478,29.22,-25.92,-120.1446,-25.3068,4.73,1.646181
6/1/12 16:30,2805.5211,120.0,8.689,384.1496,-2.95,1.7,0.1352,29.58,-25.61,-67.5023,-27.3259,6.47,1.2479933
6/1/12 17:00,2807.4461,50.6,6.325,394.2822,-0.88,-0.72,0.162,7.2,-5.57,-20.0797,-6.9587,-2.82,1.1751182
6/1/12 17:30,2809.6461,,2.127,495.7183,,,0.2787,1.93,,-15.7194,-1.9127,,1.4227666
6/1/12 18:00,2812.2711,183.9,2.171,566.9216,0.3,4.41,0.2114,9.59,0.65,-13.773,-9.5871,24.67,1.3419289
6/1/12 18:30,2815.0461,190.9,2.796,556.963,0.65,3.39,0.1907,9.64,1.82,-12.9274,-9.5609,18.63,1.4212087
6/1/12 19:00,2817.7711,218.7,2.859,546.939,1.48,1.85,0.1733,6.77,4.23,-1.502,-6.5394,9.98,1.4021677
6/1/12 19:30,2820.4461,219.5,3.261,536.9059,1.48,1.8,0.1616,7.59,4.83,0.0,-7.0167,9.52,1.3973209
6/1/12 20:00,2823.0961,60.7,2.618,536.9748,-0.68,-0.38,0.1585,2.04,-1.78,0.0,-1.7662,-2.02,1.3662783
6/1/12 20:30,2825.7461,352.3,2.158,537.0755,0.04,-0.32,0.151,0.7,0.09,0.0,-0.5581,-1.71,1.3662783
6/1/12 21:00,2828.3961,240.9,2.943,537.0278,0.41,0.23,0.1303,1.39,1.21,0.0,-0.9822,1.22,1.3819727
6/1/12 21:30,2831.0461,3.2,1.598,536.9112,-0.03,-0.48,0.1326,0.77,-0.04,0.0,-0.4669,-2.54,1.3869349
6/1/12 22:00,2833.6711,314.2,2.009,526.8536,0.96,-0.93,0.1236,2.68,1.92,0.0,-1.339,-4.83,1.3869349
6/1/12 22:30,2836.2461,294.1,2.213,516.7575,1.78,-0.8,0.122,4.32,3.95,0.0,-1.6548,-4.07,1.3662783
6/1/12 23:00,2838.7961,348.8,1.575,516.6147,0.21,-1.06,0.1298,1.71,0.33,0.0,-0.4415,-5.42,1.4564634
6/1/12 23:30,2841.3461,326.2,1.47,516.5229,0.78,-1.17,0.1174,2.06,1.15,0.0,-0.2692,-5.95,1.4080531
6/2/12 0:00,2843.8961,324.6,1.359,516.4974,0.87,-1.23,0.1038,2.05,1.19,0.0,0.0,-6.27,1.3795493
6/2/12 0:30,2846.4461,346.4,1.406,516.375,0.28,-1.17,0.0986,1.69,0.4,0.0,0.22,-5.94,1.2892488
6/2/12 1:00,2848.9961,342.8,1.226,516.1455,0.32,-1.05,0.0976,1.34,0.4,0.0,0.3475,-5.33,1.4080531
6/2/12 1:30,2851.5461,335.5,1.084,515.9823,0.26,-0.57,0.0982,0.67,0.28,0.0,0.258,-2.89,1.4564634
6/2/12 2:00,2854.0961,22.7,0.879,515.9568,-0.14,-0.33,0.1037,0.31,-0.12,0.0,0.156,-1.67,1.4564634
6/2/12 2:30,2856.6461,158.9,0.611,516.1251,-0.33,0.85,0.1111,0.56,-0.2,0.0,0.3381,4.33,1.5044698
6/2/12 3:00,2859.1961,136.3,0.461,516.2883,-0.49,0.52,0.1209,0.33,-0.23,0.0,0.2324,2.63,1.5459561
6/2/12 3:30,2861.7211,178.0,0.394,506.255,0.0,0.13,0.109,0.05,0.0,0.0,0.0419,0.67,1.5044698
6/2/12 4:00,2864.2211,198.6,0.411,506.41,0.16,0.49,0.0997,0.21,0.07,0.0,0.1833,2.44,1.5044698
6/2/12 4:30,2866.7211,37.4,0.404,506.465,-0.22,-0.29,0.1112,0.15,-0.09,0.0933,0.1362,-1.45,1.5459561
6/2/12 5:00,2869.2211,145.2,0.294,506.59,-0.19,0.27,0.1187,0.1,-0.06,18.0889,0.0946,1.37,1.5681129
6/2/12 5:30,2871.7211,10.0,0.257,506.785,-0.07,-0.42,0.1179,0.11,-0.02,45.5936,0.1091,-2.11,1.415958
6/2/12 6:00,2874.2211,18.7,0.231,506.9,-0.25,-0.74,0.1073,0.18,-0.06,79.904,0.1797,-3.68,1.1237075
6/2/12 6:30,2876.6961,10.6,0.211,496.8943,-0.08,-0.45,0.1201,0.1,-0.02,119.6525,0.0958,-2.21,1.1856196
6/2/12 7:00,2879.1461,0.3,0.192,496.9433,0.0,-0.53,0.1137,0.1,0.0,186.3454,0.0983,-2.6,0.09063516
6/2/12 7:30,2881.5711,346.1,0.191,486.9312,0.13,-0.52,0.1123,0.1,0.02,240.5052,0.0946,-2.5,1.114187
6/2/12 8:00,2883.9961,315.2,0.235,497.1001,0.32,-0.32,0.1138,0.11,0.07,451.0962,0.0912,-1.56,1.3931665
6/2/12 8:30,2886.4211,297.0,1.154,486.8832,0.6,-0.31,0.1152,0.78,0.69,461.8506,0.618,-1.47,0.00719519
6/2/12 9:00,2888.8211,8.6,3.415,486.7824,-0.07,-0.45,0.1077,1.56,-0.23,454.2723,1.106,-2.17,1.6060795
6/2/12 9:30,2891.2211,60.6,6.033,486.6384,-1.52,-0.85,0.1107,10.5,-9.15,451.5902,6.3904,-4.1,1.3942051
6/2/12 10:00,2893.6211,70.1,7.953,486.552,-1.88,-0.68,0.1197,15.92,-14.97,380.4775,7.961,-3.27,1.3444677
6/2/12 10:30,2896.0211,84.0,9.999,486.5136,-1.96,-0.21,0.1137,19.7,-19.59,300.6108,7.5381,-0.99,1.541167
6/2/12 11:00,2898.4211,85.6,11.58,486.504,-1.8,-0.14,0.1222,20.88,-20.82,211.6702,5.4038,-0.66,1.3053471
6/2/12 11:30,2900.8211,125.2,12.638,486.3936,-1.66,1.17,0.1247,25.73,-21.03,108.9154,3.3586,5.63,1.093992
6/2/12 12:00,2903.2211,134.4,13.1,486.2448,-1.59,1.55,0.1345,29.08,-20.78,0.0,0.0,7.46,1.7400589
6/2/12 12:30,2905.6211,108.8,13.856,486.2016,-1.38,0.47,0.1447,20.15,-19.07,-109.1957,-2.6297,2.25,1.349603
6/2/12 13:00,2907.9961,118.4,14.703,475.9596,-1.55,0.84,0.1555,25.88,-22.76,-199.2948,-6.6975,3.93,1.6150807
6/2/12 13:30,2910.3461,99.7,14.567,475.8468,-2.06,0.35,0.1601,30.46,-30.02,-268.8948,-11.6564,1.66,2.5244327
6/2/12 14:00,2912.6961,122.4,14.578,475.8515,-1.91,1.21,0.1614,32.95,-27.82,-328.0555,-16.4731,5.69,1.8502659
6/2/12 14:30,2915.0461,108.8,13.986,475.7857,-2.56,0.87,0.1626,37.75,-35.73,-427.7974,-22.9797,4.09,1.7983936
6/2/12 15:00,2917.3961,92.2,14.084,475.7669,-2.3,0.09,0.1686,32.45,-32.43,-457.0745,-22.9453,0.42,2.0849895
6/2/12 15:30,2919.7211,92.8,13.913,465.5522,-2.64,0.13,0.1691,36.74,-36.7,-469.6993,-29.1512,0.59,3.1806548
6/2/12 16:00,2922.0211,85.9,13.565,465.4832,-2.86,-0.21,0.1701,38.93,-38.83,-392.3,-33.7157,-0.94,2.7053799
6/2/12 16:30,2924.3211,86.2,12.957,465.4602,-3.27,-0.22,0.1653,42.46,-42.37,-248.7389,-39.228,-1.0,1.6914178
6/2/12 17:00,2926.6211,88.3,11.645,465.5246,-3.27,-0.1,0.1533,38.1,-38.09,-199.4009,-36.8041,-0.45,2.0289628
6/2/12 17:30,2928.9211,80.9,10.46,465.451,-3.4,-0.54,0.1465,35.97,-35.52,-119.5653,-35.6642,-2.5,1.084183
6/2/12 18:00,2931.2211,83.8,8.67,465.5476,-3.06,-0.33,0.1428,26.73,-26.57,-64.694,-26.7296,-1.53,1.2227784
6/2/12 18:30,2933.5211,91.1,6.966,465.704,-3.01,0.06,0.1333,20.99,-20.98,-25.2759,-20.809,0.27,0.9064093
6/2/12 19:00,2935.8211,74.3,5.134,465.7638,-3.0,-0.84,0.1395,16.0,-15.4,-2.6959,-15.4524,-3.88,1.4744081
6/2/12 19:30,2938.1211,76.6,3.683,465.8282,-2.97,-0.71,0.1551,11.24,-10.93,0.0,-10.3815,-3.25,1.393455
6/2/12 20:00,2940.4211,77.0,3.096,466.003,-2.7,-0.62,0.1574,8.56,-8.34,0.0,-7.4162,-2.86,1.3805879
6/2/12 20:30,2942.7211,78.2,2.703,466.1594,-2.94,-0.61,0.1586,8.11,-7.93,0.0,-6.4312,-2.82,1.4080531
6/2/12 21:00,2945.0211,78.8,2.12,466.2744,-2.79,-0.55,0.1596,6.04,-5.92,0.0,-4.2678,-2.54,1.4564634
6/2/12 21:30,2947.3211,88.4,1.808,466.3434,-3.19,-0.09,0.1619,5.78,-5.78,0.0,-3.5176,-0.41,1.3987634
6/2/12 22:00,2949.6211,96.9,1.772,466.5044,-2.66,0.32,0.157,4.75,-4.71,0.0,-2.3736,1.48,1.3284848
6/2/12 22:30,2951.9211,82.1,1.616,466.3848,-3.09,-0.43,0.1507,5.04,-4.99,0.0,-1.927,-1.97,1.5459561
6/2/12 23:00,2954.2211,77.1,1.523,466.2652,-2.26,-0.52,0.1417,3.53,-3.45,0.0,-0.9149,-2.38,2.6419676
6/2/12 23:30,2956.5211,81.2,1.423,466.1272,-2.71,-0.42,0.1367,3.91,-3.86,0.0,-0.5102,-1.93,1.9582803
6/3/12 0:00,2958.8211,79.1,1.203,466.0122,-2.85,-0.55,0.1327,3.49,-3.43,0.0,0.0,-2.53,1.5459561
6/3/12 0:30,2961.1211,74.4,1.115,466.0628,-2.65,-0.74,0.1267,3.07,-2.95,0.0,0.4001,-3.4,2.5334339
6/3/12 1:00,2963.4211,80.2,1.091,465.9892,-2.8,-0.48,0.125,3.1,-3.05,0.0,0.8014,-2.22,2.459751
6/3/12 1:30,2965.7211,74.3,1.019,465.8696,-2.69,-0.76,0.1225,2.85,-2.75,0.0,1.0915,-3.48,1.5459561
6/3/12 2:00,2968.0211,73.4,1.054,465.865,-2.01,-0.6,0.1154,2.21,-2.12,0.0,1.1067,-2.76,1.5403015
6/3/12 2:30,2970.3211,81.9,1.187,465.8696,-2.45,-0.35,0.1095,2.94,-2.91,0.0,1.7892,-1.6,1.4049373
6/3/12 3:00,2972.6211,72.3,1.248,465.8098,-2.29,-0.73,0.1042,3.01,-2.86,0.0,2.125,-3.37,2.0088832
6/3/12 3:30,2974.9211,61.2,1.365,465.8512,-1.8,-0.99,0.0972,2.8,-2.46,0.0,2.2243,-4.55,1.9776675
6/3/12 4:00,2977.2211,57.2,1.467,465.8788,-1.81,-1.17,0.0953,3.16,-2.66,0.0,2.7378,-5.37,1.5459561
6/3/12 4:30,2979.5461,67.7,1.472,476.063,-1.94,-0.8,0.0927,3.09,-2.86,0.5285,2.8518,-3.74,1.9971124
6/3/12 5:00,2981.8961,64.9,1.522,476.1147,-2.19,-1.02,0.0888,3.67,-3.33,4.1863,3.5489,-4.81,1.9538374
6/3/12 5:30,2984.2461,59.5,1.509,476.1852,-2.26,-1.33,0.0862,3.96,-3.42,26.7105,3.9302,-6.27,2.0118836
6/3/12 6:00,2986.5961,59.0,1.533,476.3027,-2.24,-1.34,0.0844,4.0,-3.43,56.683,4.0027,-6.32,1.7668894
6/3/12 6:30,2988.9461,61.4,1.585,476.2933,-1.9,-1.04,0.0822,3.44,-3.02,80.4934,3.4069,-4.88,0.927816
6/3/12 7:00,2991.3211,67.2,1.771,486.264,-2.04,-0.86,0.0756,3.91,-3.61,189.9184,3.7805,-4.11,2.0380794
6/3/12 7:30,2993.6961,67.4,2.059,476.1711,-2.25,-0.94,0.0727,5.02,-4.63,185.7275,4.6377,-4.4,0.8946962
6/3/12 8:00,2996.0711,65.2,2.512,486.408,-2.36,-1.09,0.0674,6.54,-5.94,279.8059,5.6649,-5.24,2.1473055
6/3/12 8:30,2998.4711,69.6,3.008,486.3792,-2.96,-1.1,0.0711,9.48,-8.89,407.5274,7.5243,-5.28,2.2934596
6/3/12 9:00,3000.8461,60.5,3.451,476.1899,-2.31,-1.31,0.0811,9.16,-7.97,389.7898,6.4764,-6.14,1.1096287
6/3/12 9:30,3003.1961,65.7,4.072,476.0959,-2.44,-1.1,0.0895,10.92,-9.95,441.948,6.6483,-5.19,1.5901543
6/3/12 10:00,3005.5211,57.3,4.595,465.9754,-2.53,-1.62,0.1057,13.79,-11.6,421.1565,6.8948,-7.46,2.5485513
6/3/12 10:30,3007.8211,79.9,5.204,465.9018,-2.27,-0.4,0.1251,12.01,-11.82,256.8606,4.5963,-1.86,1.6876096
6/3/12 11:00,3010.1211,106.1,5.608,465.911,-1.99,0.58,0.1188,11.64,-11.18,162.1962,3.0118,2.65,1.8004131
6/3/12 11:30,3012.3961,92.6,5.948,455.652,-2.39,0.11,0.1289,14.23,-14.22,97.8105,1.8579,0.49,2.2136605
6/3/12 12:00,3014.6461,122.4,6.602,455.454,-2.2,1.39,0.1447,17.17,-14.5,0.0,0.0,6.27,0.9099867
6/3/12 12:30,3016.8961,105.9,7.116,455.2875,-2.04,0.58,0.171,15.13,-14.55,-113.0235,-1.9747,2.62,2.5302027
6/3/12 13:00,3019.1461,109.9,8.579,455.1525,-2.06,0.75,0.1893,18.82,-17.7,-218.8915,-4.8716,3.36,1.4885446
6/3/12 13:30,3021.3711,112.0,9.51,444.906,-1.65,0.67,0.2014,16.92,-15.69,-364.731,-6.4743,2.93,1.9803794
6/3/12 14:00,3023.5711,111.9,8.877,444.7608,-2.38,0.96,0.2192,22.74,-21.1,-299.5035,-11.3714,4.2,2.6798765
6/3/12 14:30,3025.7711,112.2,8.895,444.5892,-2.83,1.16,0.2114,27.19,-25.18,-243.8144,-16.5534,5.08,1.7339427
6/3/12 15:00,3027.9961,132.9,8.808,454.5765,-2.72,2.53,0.1882,32.69,-23.94,-498.5449,-23.1128,11.37,2.0305207
6/3/12 15:30,3030.2211,122.6,9.432,444.3868,-2.99,1.92,0.191,33.53,-28.25,-510.173,-26.6017,8.43,2.0653138
6/3/12 16:00,3032.4211,109.4,9.506,444.3032,-2.98,1.05,0.1939,30.06,-28.35,-466.32,-26.031,4.62,1.8970029
6/3/12 16:30,3034.6211,103.2,9.316,444.2636,-3.23,0.76,0.1874,30.88,-30.07,-411.4331,-28.5317,3.33,2.3186168
6/3/12 17:00,3036.8211,110.1,8.294,444.2988,-3.27,1.2,0.1738,28.85,-27.09,-338.9472,-27.8636,5.26,1.2498974
6/3/12 17:30,3039.0211,118.5,7.852,444.3736,-3.32,1.81,0.157,29.7,-26.1,-235.7646,-29.45,7.94,1.3952437
6/3/12 18:00,3041.1961,83.2,5.277,434.515,-2.87,-0.34,0.1615,15.27,-15.16,-100.962,-15.2664,-1.47,1.5262227
6/3/12 18:30,3043.3461,78.6,3.786,434.5752,-3.0,-0.6,0.1693,11.58,-11.35,-28.507,-11.4785,-2.6,1.2204704
6/3/12 19:00,3045.4961,96.1,2.977,434.6999,-2.82,0.3,0.1656,8.46,-8.41,-5.2508,-8.1695,1.3,1.5191256
6/3/12 19:30,3047.6461,93.8,2.101,434.816,-2.47,0.16,0.1641,5.2,-5.18,0.0,-4.8003,0.7,1.4254208
6/3/12 20:00,3049.7961,63.3,1.856,434.9235,-2.14,-1.08,0.168,4.44,-3.97,0.0,-3.848,-4.63,1.4265748
6/3/12 20:30,3051.9461,73.4,1.611,435.0654,-2.15,-0.64,0.167,3.62,-3.47,0.0,-2.8732,-2.76,1.4408267
6/3/12 21:00,3054.0961,67.0,1.395,435.2159,-2.05,-0.87,0.1622,3.11,-2.86,0.0,-2.1997,-3.75,1.4893524
6/3/12 21:30,3056.2461,71.3,1.224,435.2933,-1.94,-0.66,0.1563,2.5,-2.37,0.0,-1.523,-2.82,1.4716385
6/3/12 22:00,3058.3961,59.7,1.176,435.3406,-1.46,-0.85,0.1505,1.99,-1.72,0.0,-0.9955,-3.67,1.5003154
6/3/12 22:30,3060.5461,83.6,1.096,435.4137,-1.03,-0.12,0.1487,1.14,-1.13,0.0,-0.4354,-0.5,1.5202219
6/3/12 23:00,3062.6961,133.1,0.935,435.3879,-0.9,0.85,0.1438,1.16,-0.84,0.0,-0.2993,3.63,1.5202219
6/3/12 23:30,3064.8461,141.7,0.89,435.2761,-0.63,0.79,0.1354,0.9,-0.56,0.0,-0.1173,3.41,1.5202219
6/4/12 0:00,3066.9961,147.7,1.097,435.2288,-0.22,0.34,0.1234,0.45,-0.24,0.0,0.0,1.48,1.4982382
6/4/12 0:30,3069.1461,148.3,1.023,435.1428,-0.32,0.52,0.1218,0.63,-0.33,0.0,0.0817,2.24,1.4982382
6/4/12 1:00,3071.2961,122.9,0.929,434.9493,-0.75,0.49,0.1208,0.83,-0.7,0.0,0.215,2.09,1.5202219
6/4/12 1:30,3073.4461,92.1,0.812,434.7429,-0.89,0.03,0.1218,0.72,-0.72,0.0,0.2759,0.14,1.5202219
6/4/12 2:00,3075.5961,148.3,0.695,434.7171,-0.45,0.73,0.1209,0.59,-0.31,0.0,0.2975,3.13,1.5459561
6/4/12 2:30,3077.7461,159.1,0.599,434.7945,-0.31,0.82,0.117,0.52,-0.19,0.0,0.3183,3.51,1.5459561
6/4/12 3:00,3079.8961,117.2,0.623,434.8676,-0.18,0.09,0.1131,0.13,-0.11,0.0,0.0903,0.4,1.5459561
6/4/12 3:30,3082.0461,316.0,0.645,434.9278,0.39,-0.41,0.1076,0.37,0.25,0.0,0.2907,-1.76,1.5202219
6/4/12 4:00,3084.1961,353.2,0.735,435.1815,0.09,-0.73,0.0992,0.54,0.06,0.0,0.4698,-3.15,1.5202219
6/4/12 4:30,3086.3461,65.4,0.738,435.117,-0.28,-0.13,0.0991,0.22,-0.2,1.833,0.2066,-0.54,1.5202219
6/4/12 5:00,3088.4961,139.4,0.563,435.0869,-0.57,0.67,0.1067,0.49,-0.32,15.7813,0.4769,2.86,1.4964495
6/4/12 5:30,3090.6211,141.7,0.482,425.061,-0.49,0.62,0.1026,0.38,-0.24,83.4142,0.377,2.6,1.0839522
6/4/12 6:00,3092.7461,185.2,0.645,435.3062,0.13,1.4,0.086,0.91,0.08,143.203,0.9062,6.02,2.1128009
6/4/12 6:30,3094.8961,212.6,0.368,435.4352,0.69,1.08,0.0993,0.47,0.25,112.2167,0.4692,4.66,0.9192187
6/4/12 7:00,3097.0461,237.8,0.293,435.6029,0.74,0.46,0.1051,0.26,0.22,143.8457,0.2468,2.0,1.2563021
6/4/12 7:30,3099.1961,276.2,0.338,435.6631,0.73,-0.08,0.1034,0.25,0.25,213.4901,0.2292,-0.34,0.787605
6/4/12 8:00,3101.3461,321.7,0.615,435.5298,0.34,-0.43,0.109,0.33,0.21,409.391,0.2897,-1.84,1.1883892
6/4/12 8:30,3103.4711,306.1,1.985,425.355,0.58,-0.43,0.097,1.44,1.16,520.6834,1.1402,-1.79,1.797932
6/4/12 9:00,3105.5461,335.4,4.769,415.0143,0.22,-0.48,0.094,2.51,1.05,520.9659,1.7771,-1.96,0.12381843
6/4/12 9:30,3107.5961,306.8,5.819,414.961,0.33,-0.25,0.1177,2.41,1.93,490.123,1.4701,-1.02,-0.38080846
6/4/12 10:00,3109.6211,245.9,7.233,404.712,0.52,0.23,0.1379,4.15,3.79,434.6005,2.0759,0.94,1.8163383
6/4/12 10:30,3111.6211,228.4,8.41,404.648,0.5,0.44,0.1404,5.58,4.17,354.1023,2.1338,1.76,1.5900966
6/4/12 11:00,3113.6211,216.2,11.832,404.628,0.65,0.89,0.1526,13.07,7.72,247.6875,3.3839,3.57,1.1703291
6/4/12 11:30,3115.6211,223.9,12.75,404.452,0.8,0.83,0.1686,14.71,10.2,125.118,1.9205,3.33,1.6406418
6/4/12 12:00,3117.6211,231.0,13.399,404.272,1.3,1.06,0.1943,22.47,17.46,0.0,0.0,4.22,2.3960502
6/4/12 12:30,3119.6211,218.5,15.203,404.168,1.42,1.78,0.204,34.66,21.58,-126.2584,-4.5244,7.14,2.1318996
6/4/12 13:00,3121.6211,175.4,16.674,404.152,-0.19,2.33,0.202,38.98,-3.13,-241.459,-10.0898,9.32,2.8256844
6/4/12 13:30,3123.6211,182.6,18.01,404.104,0.11,2.37,0.2038,42.7,1.94,-346.3059,-16.3412,9.47,2.3062113
6/4/12 14:00,3125.5961,171.6,17.991,393.9975,-0.37,2.5,0.2007,45.43,-6.64,-412.904,-22.7136,9.74,3.3016517
6/4/12 14:30,3127.5461,177.4,18.875,393.939,-0.09,1.97,0.1896,37.26,-1.69,-458.9635,-22.682,7.69,3.123878
6/4/12 15:00,3129.4961,186.1,17.615,393.8142,0.32,2.99,0.1843,53.02,5.63,-442.8306,-37.4916,11.67,3.4925233
6/4/12 15:30,3131.4461,176.0,17.153,393.7401,-0.28,3.94,0.1661,67.82,-4.73,-434.2039,-53.8076,15.38,2.8787684
6/4/12 16:00,3133.3711,187.1,15.657,383.5948,0.5,4.0,0.1523,63.13,7.8,-327.2667,-54.6713,15.2,2.812875
6/4/12 16:30,3135.2711,191.0,13.967,383.5986,0.79,4.06,0.1372,57.75,11.02,-319.6559,-53.3573,15.42,3.010209
6/4/12 17:00,3137.1711,198.3,11.99,383.705,1.29,3.89,0.1282,49.12,15.42,-195.6782,-47.4492,14.78,3.5655715
6/4/12 17:30,3139.0711,195.5,11.179,383.7696,0.99,3.56,0.1095,41.33,11.04,-171.5358,-40.9752,13.54,2.7037643
6/4/12 18:00,3140.9461,189.8,10.321,373.7962,0.55,3.2,0.0943,33.48,5.7,-84.911,-33.4813,11.83,1.2810554
6/4/12 18:30,3142.7961,186.2,9.172,373.8406,0.29,2.71,0.0874,24.96,2.7,-36.4723,-24.7435,10.01,1.3160793
6/4/12 19:00,3144.6461,171.6,8.467,373.922,-0.43,2.88,0.0808,24.65,-3.6,-4.9127,-23.8076,10.66,1.9703396
6/4/12 19:30,3146.4961,184.7,8.374,373.9812,0.28,3.43,0.0696,28.84,2.36,0.0,-26.6447,12.7,2.8885197
6/4/12 20:00,3148.3461,176.2,7.88,374.0811,-0.23,3.47,0.066,27.43,-1.82,0.0,-23.7553,12.85,1.7977589
6/4/12 20:30,3150.1961,182.3,5.923,374.2402,0.1,2.58,0.0636,15.29,0.61,0.0,-12.1329,9.55,2.1102621
6/4/12 21:00,3152.0461,175.5,5.076,374.3216,-0.21,2.65,0.0582,13.51,-1.06,0.0,-9.5511,9.82,2.2676677
6/4/12 21:30,3153.8961,171.7,4.791,374.3253,-0.4,2.73,0.0507,13.21,-1.91,0.0,-8.041,10.09,1.8090104
6/4/12 22:00,3155.7461,175.8,4.804,374.2772,-0.23,3.08,0.0444,14.86,-1.09,0.0,-7.4294,11.41,2.2957099
6/4/12 22:30,3157.5961,180.2,5.009,374.3401,0.01,2.5,0.0391,12.55,0.04,0.0,-4.8017,9.27,2.0132684
6/4/12 23:00,3159.4461,173.7,5.029,374.3438,-0.21,1.93,0.0377,9.78,-1.07,0.0,-2.5316,7.15,2.1094543
6/4/12 23:30,3161.2961,159.7,4.868,374.2365,-0.62,1.69,0.0382,8.76,-3.04,0.0,-1.1437,6.25,1.364028
6/5/12 0:00,3163.1461,150.2,4.421,374.1144,-0.7,1.23,0.0423,6.26,-3.11,0.0,0.0,4.55,1.7721401
6/5/12 0:30,3164.9961,146.5,3.934,374.0515,-0.9,1.36,0.0499,6.43,-3.55,0.0,0.839,5.04,1.655413
6/5/12 1:00,3166.8461,120.1,3.269,373.9701,-0.92,0.53,0.0549,3.48,-3.01,0.0,0.9019,1.98,1.6442769
6/5/12 1:30,3168.7211,91.2,2.52,384.047,-0.62,0.01,0.0636,1.57,-1.57,0.0,0.5998,0.05,1.6677608
6/5/12 2:00,3170.6211,153.7,2.719,384.0926,-0.65,1.31,0.0548,3.98,-1.76,0.0,1.9903,4.99,1.6382761
6/5/12 2:30,3172.5211,99.9,2.485,384.066,-0.74,0.13,0.0584,1.88,-1.85,0.0,1.1437,0.49,1.6817242
6/5/12 3:00,3174.4211,85.3,1.934,384.1306,-0.72,-0.06,0.0723,1.4,-1.4,0.0,0.9915,-0.23,1.6446808
6/5/12 3:30,3176.3211,83.1,1.883,384.085,-0.66,-0.08,0.0713,1.25,-1.24,0.0,0.989,-0.3,1.6433537
6/5/12 4:00,3178.2211,104.4,1.731,384.0698,-0.92,0.24,0.0753,1.65,-1.6,0.0,1.4301,0.9,1.6360835
6/5/12 4:30,3180.1211,109.2,1.709,384.0166,-0.87,0.3,0.0705,1.58,-1.49,0.8213,1.4573,1.15,1.6325061
6/5/12 5:00,3182.0461,101.6,1.761,394.2822,-0.53,0.11,0.0652,0.96,-0.94,8.7107,0.9253,0.43,1.6407572
6/5/12 5:30,3183.9961,137.5,2.107,394.2783,-1.0,1.09,0.0525,3.12,-2.11,50.8542,3.0938,4.26,1.9434514
6/5/12 6:00,3185.9461,144.5,3.019,394.2276,-1.24,1.73,0.0264,6.43,-3.73,79.719,6.4275,6.76,1.8050291
6/5/12 6:30,3187.9211,133.2,3.314,404.312,-1.24,1.16,0.0184,5.63,-4.11,175.4917,5.5856,4.65,1.946221
6/5/12 7:00,3189.9211,170.1,3.625,404.408,-0.29,1.65,0.0108,6.06,-1.04,128.8844,5.851,6.58,1.6431229
6/5/12 7:30,3191.9211,180.1,3.871,404.444,0.0,2.16,0.008,8.37,0.01,178.9518,7.7356,8.65,1.8406877
6/5/12 8:00,3193.9211,181.2,4.564,404.456,0.05,2.4,-0.0011,10.95,0.23,280.5221,9.4821,9.59,2.2552045
6/5/12 8:30,3195.8961,204.9,5.99,394.3992,1.18,2.55,-0.0038,16.83,7.09,266.5953,13.3536,9.94,1.879289
6/5/12 9:00,3197.8211,201.0,6.643,384.2104,1.1,2.86,0.0007,20.32,7.28,269.7825,14.3691,10.85,1.9134474
6/5/12 9:30,3199.7211,195.7,7.131,384.1344,0.83,2.96,0.0086,21.95,5.94,287.9636,13.3618,11.26,2.4415178
6/5/12 10:00,3201.6211,204.3,7.743,384.0318,1.24,2.74,0.0194,23.3,9.59,199.9565,11.6493,10.42,2.1646732
6/5/12 10:30,3203.5211,208.5,8.395,384.0204,1.42,2.61,0.0211,24.97,11.91,177.205,9.5544,9.93,2.4050514
6/5/12 11:00,3205.4211,201.7,8.794,384.0204,1.11,2.78,0.0247,26.33,9.74,95.7084,6.8145,10.57,3.0230184
6/5/12 11:30,3207.3211,195.9,8.952,383.9292,0.95,3.35,0.0282,31.15,8.53,51.9141,4.0663,12.72,3.4669622
6/5/12 12:00,3209.2211,197.4,9.079,383.8,1.18,3.77,0.0344,35.92,10.74,0.0,0.0,14.34,3.2206986
6/5/12 12:30,3211.0961,203.7,9.667,373.6408,1.58,3.61,0.0369,38.07,15.3,-53.269,-4.969,13.34,2.6841463
6/5/12 13:00,3212.9461,195.5,9.918,373.5224,1.13,4.06,0.0327,41.75,11.16,-116.8723,-10.8069,15.01,2.9837247
6/5/12 13:30,3214.7961,189.7,9.625,373.3929,0.69,4.03,0.0412,39.31,6.62,-145.1128,-15.0427,14.89,2.537069
6/5/12 14:00,3216.6461,198.0,9.347,373.3115,1.15,3.53,0.0423,34.73,10.73,-205.8665,-17.3667,13.08,2.3347151
6/5/12 14:30,3218.4961,194.6,9.271,373.2782,1.02,3.93,0.0476,37.7,9.5,-209.6921,-22.9478,14.56,2.996938
6/5/12 15:00,3220.3211,199.5,9.148,363.2004,1.25,3.52,0.0449,34.12,11.39,-190.6629,-24.1279,12.66,2.8669399
6/5/12 15:30,3222.1211,191.1,8.342,363.0996,0.72,3.69,0.0448,31.4,6.05,-160.1534,-24.9107,13.3,2.6007698
6/5/12 16:00,3223.9211,187.1,8.164,362.9916,0.45,3.61,0.0402,29.69,3.67,-135.2429,-25.7144,12.99,2.0549278
6/5/12 16:30,3225.7211,184.8,8.004,362.8044,0.31,3.67,0.0364,29.49,2.47,-95.9698,-27.2496,13.22,1.5688053
6/5/12 17:00,3227.5211,191.7,7.482,362.7576,0.76,3.66,0.0293,27.95,5.67,-89.3964,-27.0003,13.17,1.4324602
6/5/12 17:30,3229.3211,195.7,7.098,362.8116,0.94,3.35,0.0246,24.72,6.69,-62.2677,-24.5038,12.07,2.3120967
6/5/12 18:00,3231.1211,188.0,6.484,362.8368,0.44,3.15,0.0232,20.62,2.87,-41.578,-20.6191,11.34,1.5498797
6/5/12 18:30,3232.9211,181.6,5.492,362.772,0.08,2.79,0.0238,15.34,0.43,-18.2793,-15.2134,10.05,2.4771187
6/5/12 19:00,3234.7211,174.5,5.184,362.6928,-0.31,3.22,0.0236,16.78,-1.61,-2.0169,-16.2038,11.6,1.7464636
6/5/12 19:30,3236.5211,182.2,4.73,362.664,0.1,2.47,0.0226,11.71,0.45,0.0,-10.82,8.91,1.7670625
6/5/12 20:00,3238.3211,179.7,4.494,362.628,-0.01,2.86,0.0235,12.85,-0.07,0.0,-11.1309,10.3,1.8568437
6/5/12 20:30,3240.1211,178.9,4.506,362.6424,-0.05,2.79,0.0204,12.57,-0.24,0.0,-9.9738,10.04,2.0292513
6/5/12 21:00,3241.9211,167.6,4.205,362.7,-0.51,2.34,0.0203,10.08,-2.16,0.0,-7.1272,8.43,1.825051
6/5/12 21:30,3243.7211,156.5,3.759,362.6424,-0.83,1.91,0.0227,7.83,-3.12,0.0,-4.7689,6.88,1.7848341
6/5/12 22:00,3245.5211,158.8,3.309,362.5524,-0.59,1.52,0.0238,5.39,-1.95,0.0,-2.6968,5.47,1.7514835
6/5/12 22:30,3247.3211,151.7,3.635,362.4228,-1.0,1.86,0.0207,7.68,-3.64,0.0,-2.9407,6.7,1.1078977
6/5/12 23:00,3249.1211,162.8,3.6,362.2896,-0.55,1.78,0.0182,6.71,-1.99,0.0,-1.7377,6.41,1.4040718
6/5/12 23:30,3250.9211,156.2,3.283,362.2104,-0.58,1.31,0.0202,4.71,-1.9,0.0,-0.6149,4.73,1.6749733
6/6/12 0:00,3252.7211,138.5,3.301,362.0592,-0.77,0.87,0.0227,3.85,-2.55,0.0,0.0,3.15,1.7014576
6/6/12 0:30,3254.5461,66.8,2.897,372.0054,-0.46,-0.2,0.0272,1.46,-1.34,0.0,0.191,-0.74,1.7014576
6/6/12 1:00,3256.3961,78.2,2.648,371.7057,-1.19,-0.25,0.032,3.23,-3.16,0.0,0.8354,-0.92,1.7014576
6/6/12 1:30,3258.2461,44.5,2.54,371.4356,-0.66,-0.67,0.031,2.39,-1.68,0.0,0.9147,-2.48,1.671569
6/6/12 2:00,3260.0961,76.7,2.704,371.3764,-0.87,-0.21,0.027,2.43,-2.36,0.0,1.2141,-0.76,1.7014576
6/6/12 2:30,3261.9461,31.3,1.999,371.2617,-0.34,-0.56,0.0353,1.3,-0.68,0.0,0.791,-2.05,1.6832821
6/6/12 3:00,3263.7961,42.3,1.559,371.0434,-0.57,-0.63,0.0429,1.32,-0.89,0.0,0.9348,-2.32,1.6576056
6/6/12 3:30,3265.6711,50.4,1.37,380.9614,-0.83,-0.68,0.045,1.47,-1.13,0.0,1.1652,-2.6,1.6637795
6/6/12 4:00,3267.5711,63.6,1.234,380.7296,-1.03,-0.51,0.0458,1.41,-1.27,0.0,1.2236,-1.93,1.69638
6/6/12 4:30,3269.4961,52.0,1.135,390.6123,-1.15,-0.9,0.0471,1.66,-1.31,0.304,1.531,-3.51,1.7084393
6/6/12 5:00,3271.4461,53.0,1.085,390.4914,-1.38,-1.04,0.0492,1.88,-1.5,3.004,1.812,-4.06,1.7510796
6/6/12 5:30,3273.3961,49.1,1.19,390.2067,-1.49,-1.29,0.0495,2.34,-1.77,10.3378,2.3242,-5.03,1.7926813
6/6/12 6:00,3275.3461,50.4,1.271,390.1872,-1.33,-1.1,0.0484,2.2,-1.7,16.368,2.2014,-4.31,1.8082603
6/6/12 6:30,3277.3211,59.1,1.295,400.216,-1.49,-0.89,0.0484,2.25,-1.93,26.1315,2.2353,-3.58,2.2488575
6/6/12 7:00,3279.3211,50.5,1.7,400.16,-1.89,-1.56,0.0536,4.16,-3.21,47.8259,4.0198,-6.23,2.0892016
6/6/12 7:30,3281.3211,54.4,1.976,399.924,-2.46,-1.76,0.0563,5.97,-4.85,116.3109,5.5151,-7.03,2.1916768
6/6/12 8:00,3283.3211,52.1,2.259,399.76,-2.54,-1.98,0.0581,7.29,-5.75,165.2307,6.3092,-7.92,1.903523
6/6/12 8:30,3285.3211,45.6,2.449,399.644,-2.5,-2.45,0.0602,8.59,-6.13,117.6852,6.8119,-9.81,2.0732187
6/6/12 9:00,3287.3211,43.3,2.867,399.512,-2.02,-2.14,0.0606,8.43,-5.78,133.0245,5.9602,-8.56,1.8099913
6/6/12 9:30,3289.3211,37.4,3.724,399.296,-1.98,-2.59,0.0524,12.13,-7.37,154.64,7.386,-10.35,2.0732764
6/6/12 10:00,3291.2961,34.4,4.359,389.2434,-1.94,-2.83,0.0478,14.93,-8.43,129.014,7.4648,-11.02,2.1912152
6/6/12 10:30,3293.2461,31.1,4.912,389.2044,-1.82,-3.02,0.0432,17.3,-8.94,113.7561,6.6204,-11.76,2.0394642
6/6/12 11:00,3295.1961,33.2,5.462,389.2044,-1.99,-3.05,0.0457,19.88,-10.89,49.4181,5.1458,-11.88,2.5973078
6/6/12 11:30,3297.1461,34.3,5.851,389.2551,-1.83,-2.69,0.0446,19.04,-10.73,29.8915,2.4851,-10.48,2.1805407
6/6/12 12:00,3299.0961,36.7,6.756,389.2083,-2.46,-3.3,0.044,27.83,-16.63,0.0,0.0,-12.88,2.2086406
6/6/12 12:30,3301.0461,46.4,7.309,389.2122,-3.88,-3.7,0.0619,39.18,-28.37,-49.9158,-5.1135,-14.42,2.1177054
6/6/12 13:00,3302.9961,44.1,6.78,389.2083,-2.92,-3.01,0.085,28.41,-19.77,-92.1039,-7.3543,-11.74,3.099644
6/6/12 13:30,3304.9211,39.9,6.644,379.1336,-2.68,-3.21,0.0848,27.8,-17.83,-133.4628,-10.638,-12.2,2.0167304
6/6/12 14:00,3306.8211,39.8,6.886,379.0728,-2.65,-3.18,0.089,28.47,-18.22,-173.803,-14.2334,-12.07,2.6072899
6/6/12 14:30,3308.7211,25.8,7.231,379.0196,-1.62,-3.36,0.0837,26.99,-11.75,-369.2662,-16.4325,-12.77,2.5910762
6/6/12 15:00,3310.5961,28.0,7.496,369.0935,-1.79,-3.36,0.0972,28.51,-13.38,-246.1184,-20.1577,-12.42,1.9717821
6/6/12 15:30,3312.4461,23.9,7.549,369.1083,-1.34,-3.02,0.0993,24.95,-10.11,-314.321,-19.7937,-11.18,2.5001987
6/6/12 16:00,3314.2961,33.5,8.561,369.1231,-1.74,-2.63,0.0925,26.98,-14.89,-172.5945,-23.3617,-9.72,2.0537738
6/6/12 16:30,3316.1211,26.5,8.343,359.1468,-0.93,-1.87,0.0787,17.48,-7.8,-191.475,-16.1481,-6.75,2.0560818
6/6/12 17:00,3317.9211,2.7,7.851,359.1936,-0.1,-2.22,0.073,17.46,-0.82,-147.6408,-16.8657,-8.0,2.0787002
6/6/12 17:30,3319.7211,359.7,7.347,359.3088,0.01,-1.89,0.0701,13.89,0.07,-67.2874,-13.7743,-6.81,1.520972
6/6/12 18:00,3321.5211,350.7,6.988,359.4096,0.26,-1.61,0.0644,11.4,1.84,-35.778,-11.3974,-5.79,1.7982205
6/6/12 18:30,3323.3211,5.6,6.524,359.496,-0.11,-1.09,0.0598,7.16,-0.7,-18.8424,-7.1021,-3.93,1.8069332
6/6/12 19:00,3325.1211,81.3,5.033,359.6292,-1.85,-0.28,0.084,9.44,-9.33,-4.9301,-9.1202,-1.02,1.6843207
6/6/12 19:30,3326.9211,83.8,4.249,359.7408,-2.27,-0.25,0.1047,9.68,-9.63,0.0,-8.9464,-0.89,1.7374047
6/6/12 20:00,3328.7211,92.6,4.114,359.9208,-1.22,0.06,0.1072,5.03,-5.02,0.0,-4.3538,0.2,1.7554071
6/6/12 20:30,3330.5211,96.9,3.759,360.108,-0.86,0.1,0.1017,3.26,-3.24,0.0,-2.5856,0.37,1.838899
6/6/12 21:00,3332.3211,113.4,3.54,360.2124,-0.69,0.3,0.097,2.68,-2.46,0.0,-1.8924,1.08,1.8544203
6/6/12 21:30,3334.1211,88.3,3.246,360.3924,-0.78,-0.02,0.1005,2.53,-2.52,0.0,-1.5374,-0.08,1.8623829
6/6/12 22:00,3335.9211,90.0,2.55,360.4716,-1.02,0.0,0.1045,2.59,-2.59,0.0,-1.2941,0.0,1.9161016
6/6/12 22:30,3337.7211,128.0,2.0,360.5076,-0.37,0.29,0.1076,0.93,-0.73,0.0,-0.3551,1.03,1.9653774
6/6/12 23:00,3339.5211,84.0,2.033,360.4788,-0.84,-0.09,0.1002,1.72,-1.71,0.0,-0.4462,-0.32,1.9903038
6/6/12 23:30,3341.3211,69.8,1.887,360.432,-0.47,-0.17,0.0982,0.94,-0.89,0.0,-0.1232,-0.62,2.0207117
6/7/12 0:00,3343.1211,134.3,1.635,360.5076,-0.29,0.28,0.101,0.66,-0.47,0.0,0.0,1.02,2.0256162
6/7/12 0:30,3344.9211,219.0,1.356,360.6228,1.02,1.25,0.0929,2.19,1.38,0.0,0.2855,4.51,2.011422
6/7/12 1:00,3346.7211,214.6,1.267,360.7956,0.6,0.88,0.0928,1.35,0.77,0.0,0.3489,3.15,2.011422
6/7/12 1:30,3348.5211,206.0,1.347,360.9108,0.41,0.83,0.0906,1.25,0.55,0.0,0.4789,3.01,2.0066906
6/7/12 2:00,3350.3211,101.1,1.256,360.9792,-0.48,0.1,0.0954,0.62,-0.61,0.0,0.3102,0.34,2.0286743
6/7/12 2:30,3352.1211,77.4,1.203,360.9432,-0.86,-0.19,0.1016,1.06,-1.04,0.0,0.6474,-0.69,2.0314439
6/7/12 3:00,3353.9211,72.2,0.88,361.044,-0.73,-0.24,0.108,0.68,-0.65,0.0,0.4798,-0.85,2.0189807
6/7/12 3:30,3355.7211,82.5,0.84,361.1448,-0.9,-0.12,0.1064,0.76,-0.75,0.0,0.6018,-0.42,2.0283281
6/7/12 4:00,3357.5211,79.3,0.804,361.2888,-0.82,-0.16,0.1039,0.67,-0.66,0.0,0.5835,-0.56,2.0283281
6/7/12 4:30,3359.3211,74.7,0.893,361.4364,-0.98,-0.27,0.0968,0.9,-0.87,0.7973,0.8349,-0.96,2.0753536
6/7/12 5:00,3361.1211,102.7,0.936,361.566,-0.44,0.1,0.0892,0.42,-0.41,23.8072,0.4059,0.36,2.2237003
6/7/12 5:30,3362.9211,56.6,0.745,361.602,-0.38,-0.25,0.0877,0.34,-0.28,68.3353,0.3346,-0.9,2.3270987
6/7/12 6:00,3364.7461,152.2,1.023,371.7168,-0.07,0.14,0.0702,0.16,-0.08,140.098,0.1616,0.52,2.4794844
6/7/12 6:30,3366.5961,98.9,1.609,371.8056,-0.94,0.15,0.048,1.54,-1.52,119.0289,1.5234,0.55,2.3792018
6/7/12 7:00,3368.4711,127.4,2.033,381.9646,-0.81,0.62,0.0379,2.08,-1.65,195.9458,2.0089,2.36,2.016615
6/7/12 7:30,3370.3711,135.1,2.912,382.0254,-1.12,1.12,0.0197,4.6,-3.25,259.7284,4.2534,4.26,2.052389
6/7/12 8:00,3372.2461,164.8,5.721,371.9832,-0.51,1.86,-0.0126,11.05,-2.9,472.8256,9.5722,6.9,1.256129
6/7/12 8:30,3374.0961,170.5,8.141,371.9943,-0.39,2.33,-0.0117,19.25,-3.18,533.2802,15.2748,8.63,1.4932183
6/7/12 9:00,3375.9211,168.0,8.712,361.8828,-0.46,2.18,0.0253,19.4,-4.03,531.0266,13.719,7.84,2.2815157
6/7/12 9:30,3377.6961,182.5,9.565,351.848,0.08,1.84,0.0644,17.58,0.77,485.3217,10.7023,6.43,1.5121439
6/7/12 10:00,3379.4461,188.2,9.584,351.8585,0.32,2.2,0.0908,21.31,3.04,442.396,10.6526,7.7,1.7307692
6/7/12 10:30,3381.1961,182.5,10.035,351.8725,0.1,2.26,0.0964,22.72,0.99,353.9118,8.6943,7.92,1.7003613
6/7/12 11:00,3382.9211,178.1,10.529,341.7952,-0.08,2.38,0.1181,25.1,-0.83,246.2252,6.4967,8.1,1.7464636
6/7/12 11:30,3384.6211,188.3,11.243,341.7204,0.33,2.25,0.1213,25.61,3.7,109.6468,3.343,7.66,2.4659826
6/7/12 12:00,3386.3211,198.0,12.162,341.6762,0.77,2.38,0.1412,30.44,9.41,0.0,0.0,8.09,2.8144329
6/7/12 12:30,3388.0211,193.9,12.758,341.6252,0.63,2.57,0.1509,33.72,8.1,-126.1389,-4.4013,8.72,2.3285412
6/7/12 13:00,3389.7211,185.6,13.297,341.564,0.27,2.78,0.1642,37.14,3.62,-246.1687,-9.6122,9.45,2.3272141
6/7/12 13:30,3391.3961,199.7,14.165,331.4586,1.04,2.92,0.1727,43.91,14.8,-356.4015,-16.8042,9.63,2.7225168
6/7/12 14:00,3393.0461,195.8,14.165,331.4289,0.86,3.03,0.1885,44.63,12.15,-365.2845,-22.317,10.01,2.8421289
6/7/12 14:30,3394.6961,201.0,14.145,331.3992,1.04,2.72,0.181,41.2,14.77,-362.6118,-25.0836,8.97,2.4717526
6/7/12 15:00,3396.3461,193.0,14.777,331.3761,0.46,2.01,0.1538,30.54,6.87,-480.0095,-21.5979,6.65,2.9684342
6/7/12 15:30,3397.9711,182.7,15.081,321.3408,0.12,2.48,0.1512,37.39,1.76,-440.2056,-29.6601,7.92,2.4044744
6/7/12 16:00,3399.5711,188.4,14.69,321.3888,0.57,3.85,0.1437,57.22,8.36,-409.2351,-49.5519,12.33,2.3669694
6/7/12 16:30,3401.1711,185.4,13.901,321.4496,0.31,3.27,0.1299,45.68,4.3,-385.1164,-42.2016,10.47,2.8511878
6/7/12 17:00,3402.7711,184.0,13.013,321.4496,0.24,3.38,0.1115,44.15,3.08,-290.6529,-42.6486,10.83,2.9673379
6/7/12 17:30,3404.3711,178.7,12.147,321.4784,-0.08,3.44,0.0849,41.85,-0.95,-264.0049,-41.4884,11.02,2.2828428
6/7/12 18:00,3405.9461,191.2,11.118,311.4818,0.59,2.95,0.0752,33.49,6.5,-154.624,-33.4874,9.16,2.5917686
6/7/12 18:30,3407.4961,196.2,10.614,311.5996,0.97,3.36,0.0709,37.09,10.35,-71.037,-36.768,10.4,1.5541495
6/7/12 19:00,3409.0461,198.6,8.401,311.6988,1.02,3.02,0.067,26.74,8.53,-9.1357,-25.8292,9.35,1.9256798
6/7/12 19:30,3410.5961,198.0,6.954,311.767,1.07,3.28,0.0581,23.99,7.41,0.0,-22.1651,10.17,2.9270056
6/7/12 20:00,3412.1461,194.7,6.378,311.8383,0.67,2.56,0.048,16.88,4.28,0.0,-14.6207,7.94,1.9040423
6/7/12 20:30,3413.6961,197.1,6.112,311.9406,0.66,2.16,0.0367,13.82,4.06,0.0,-10.9635,6.7,2.1915037
6/7/12 21:00,3415.2461,184.2,5.575,312.0336,0.11,1.49,0.0319,8.32,0.61,0.0,-5.8856,4.62,1.949106
6/7/12 21:30,3416.7961,134.1,4.954,312.108,-1.03,1.0,0.0384,7.11,-5.11,0.0,-4.3307,3.1,1.949106
6/7/12 22:00,3418.3461,128.8,4.468,312.0832,-1.1,0.88,0.0431,6.31,-4.92,0.0,-3.1544,2.74,1.949106
6/7/12 22:30,3419.8961,118.3,3.844,312.0584,-1.21,0.65,0.0473,5.26,-4.63,0.0,-2.0138,2.01,1.9786484
6/7/12 23:00,3421.4461,116.3,3.412,311.9654,-1.36,0.67,0.0536,5.16,-4.63,0.0,-1.3361,2.08,1.9436245
6/7/12 23:30,3422.9961,107.0,2.975,311.9096,-0.99,0.3,0.0587,3.09,-2.96,0.0,-0.4035,0.94,1.9579341
6/8/12 0:00,3424.5461,83.8,2.638,311.9003,-0.71,-0.08,0.0566,1.89,-1.88,0.0,0.0,-0.24,2.0278665
6/8/12 0:30,3426.1211,70.8,2.416,321.92,-0.59,-0.2,0.0557,1.5,-1.41,0.0,0.1955,-0.65,2.0278665
6/8/12 1:00,3427.7211,56.5,2.469,321.872,-0.68,-0.45,0.0521,2.03,-1.69,0.0,0.5246,-1.45,2.0278665
6/8/12 1:30,3429.3211,60.8,2.31,321.8016,-0.91,-0.51,0.051,2.4,-2.1,0.0,0.9185,-1.62,2.0278665
6/8/12 2:00,3430.9211,91.8,2.408,321.808,-0.7,0.02,0.0396,1.68,-1.68,0.0,0.8404,0.07,2.011422
6/8/12 2:30,3432.5211,72.4,2.511,321.824,-0.9,-0.28,0.0348,2.36,-2.25,0.0,1.4384,-0.91,2.011422
6/8/12 3:00,3434.1211,98.4,2.372,321.8592,-0.72,0.11,0.0344,1.73,-1.71,0.0,1.2227,0.34,2.011422
6/8/12 3:30,3435.7211,82.7,2.332,321.856,-0.47,-0.06,0.0302,1.1,-1.09,0.0,0.8732,-0.19,2.011422
6/8/12 4:00,3437.3211,53.3,2.261,321.8624,-0.38,-0.29,0.0294,1.08,-0.86,0.0,0.934,-0.91,2.011422
6/8/12 4:30,3438.9211,125.7,2.106,321.8304,-0.57,0.41,0.0333,1.47,-1.19,1.3008,1.3542,1.3,2.011422
6/8/12 5:00,3440.5211,72.9,1.795,321.7824,-0.55,-0.17,0.0384,1.04,-0.99,9.6834,1.0039,-0.54,2.0863166
6/8/12 5:30,3442.1211,75.8,1.51,321.84,-0.15,-0.04,0.0401,0.23,-0.23,71.6775,0.2306,-0.12,2.5598605
6/8/12 6:00,3443.7211,171.0,2.11,321.8976,-0.14,0.86,0.0214,1.84,-0.29,157.438,1.8378,2.75,2.0389449
6/8/12 6:30,3445.3461,152.1,2.705,331.9569,-0.28,0.52,0.0103,1.59,-0.75,245.4778,1.5796,1.72,2.4617128
6/8/12 7:00,3446.9961,281.5,2.717,331.9569,0.07,-0.01,0.0181,0.19,0.19,318.6184,0.1863,-0.05,2.1365156
6/8/12 7:30,3448.6211,267.0,3.163,321.9264,0.35,0.02,0.0282,1.11,1.11,406.0072,1.0228,0.06,0.7730069
6/8/12 8:00,3450.1961,340.1,4.148,311.8259,0.23,-0.63,0.0542,2.79,0.95,400.9516,2.414,-1.96,0.9954404
6/8/12 8:30,3451.7211,281.3,4.739,301.746,0.7,-0.14,0.067,3.37,3.3,267.7393,2.6731,-0.42,0.8877722
6/8/12 9:00,3453.2211,299.8,5.579,301.704,0.67,-0.38,0.0726,4.31,3.74,312.561,3.0494,-1.15,2.3466013
6/8/12 9:30,3454.7211,56.2,6.169,301.671,-0.16,-0.11,0.0769,1.17,-0.97,361.681,0.7135,-0.32,2.4976599
6/8/12 10:00,3456.2211,303.3,6.892,301.599,0.31,-0.21,0.1076,2.59,2.17,379.2645,1.2957,-0.62,1.6863979
6/8/12 10:30,3457.6961,355.8,7.295,291.4761,0.03,-0.43,0.1356,3.17,0.23,315.7743,1.2144,-1.26,1.7351544
6/8/12 11:00,3459.1461,261.6,8.319,291.4007,0.56,0.08,0.1536,4.69,4.64,246.7105,1.2144,0.24,2.0600631
6/8/12 11:30,3460.5961,224.4,9.361,291.3253,0.45,0.46,0.158,6.06,4.24,125.2965,0.7905,1.34,2.2953637
6/8/12 12:00,3462.0461,201.3,10.795,291.1919,0.47,1.2,0.1781,13.88,5.04,0.0,0.0,3.47,2.1631153
6/8/12 12:30,3463.4711,229.6,11.343,281.0472,0.94,0.8,0.1953,13.94,10.62,-122.4937,-1.8196,2.23,1.9316229
6/8/12 13:00,3464.8711,226.2,12.41,280.9632,1.02,0.98,0.1988,17.51,12.64,-244.6063,-4.5321,2.73,2.5798247
6/8/12 13:30,3466.2711,214.2,13.782,280.8848,0.81,1.19,0.1966,19.78,11.12,-349.7512,-7.5684,3.32,2.8174333
6/8/12 14:00,3467.6711,185.0,14.99,280.812,0.13,1.49,0.1949,22.47,1.96,-385.832,-11.235,4.18,3.2721093
6/8/12 14:30,3469.0461,144.8,15.601,270.6723,-0.99,1.4,0.1812,26.66,-15.37,-432.5542,-16.2309,3.77,3.2573958
6/8/12 15:00,3470.3961,152.5,16.396,270.5994,-0.94,1.81,0.167,33.53,-15.48,-481.3332,-23.7092,4.9,4.5256995
6/8/12 15:30,3471.7461,167.4,15.733,270.5751,-0.69,3.07,0.1578,49.48,-10.79,-430.1221,-39.2553,8.29,2.6608355
6/8/12 16:00,3473.0961,187.4,14.692,270.5778,0.45,3.49,0.1496,51.73,6.66,-446.5643,-44.8,9.43,4.2071955
6/8/12 16:30,3474.4461,182.4,13.858,270.6156,0.13,3.2,0.1282,44.41,1.86,-250.4212,-41.034,8.65,3.7100523
6/8/12 17:00,3475.7711,192.6,11.998,260.5902,0.67,3.01,0.0994,36.97,8.06,-160.5745,-35.7063,7.82,3.1346679
6/8/12 17:30,3477.0711,183.2,10.051,260.5226,0.2,3.59,0.093,36.09,2.01,-113.3906,-35.7844,9.32,3.2591845
6/8/12 18:00,3478.3711,173.8,8.746,260.4966,-0.32,2.94,0.0833,25.86,-2.79,-44.695,-25.8619,7.64,3.1314944
6/8/12 18:30,3479.6961,168.6,7.473,270.5319,-0.58,2.86,0.0745,21.83,-4.31,-38.2688,-21.6419,7.73,3.1314944
6/8/12 19:00,3481.0461,172.3,6.142,270.6156,-0.43,3.18,0.0798,19.72,-2.64,-4.792,-19.044,8.59,2.5258175
6/8/12 19:30,3482.3961,167.8,5.499,270.6588,-0.6,2.79,0.0731,15.69,-3.32,0.0,-14.4944,7.53,2.3981851
6/8/12 20:00,3483.7461,154.6,4.487,270.6912,-1.35,2.84,0.078,14.11,-6.05,0.0,-12.2171,7.67,2.2190266
6/8/12 20:30,3485.1211,158.1,4.078,280.7168,-1.25,3.11,0.0731,13.67,-5.1,0.0,-10.8447,8.71,2.7776203
6/8/12 21:00,3486.5211,155.1,3.992,280.7196,-1.26,2.71,0.0638,11.94,-5.03,0.0,-8.4457,7.6,1.9864956
6/8/12 21:30,3487.9211,158.2,4.267,280.7084,-1.08,2.7,0.0539,12.41,-4.61,0.0,-7.5538,7.56,2.0551586
6/8/12 22:00,3489.3211,156.5,4.394,280.6804,-1.2,2.76,0.0452,13.21,-5.27,0.0,-6.6064,7.72,2.5208553
6/8/12 22:30,3490.7211,162.7,4.166,280.6916,-0.84,2.68,0.0375,11.71,-3.48,0.0,-4.4815,7.51,2.7738121
6/8/12 23:00,3492.1211,182.9,4.038,280.7532,0.15,2.94,0.033,11.9,0.6,0.0,-3.0789,8.24,2.7027257
6/8/12 23:30,3493.5211,170.9,4.211,280.756,-0.46,2.88,0.0304,12.28,-1.94,0.0,-1.6033,8.06,2.1490942
6/9/12 0:00,3494.9211,170.9,3.993,280.6972,-0.48,3.01,0.0307,12.19,-1.93,0.0,0.0,8.44,2.1231292
6/9/12 0:30,3496.3461,187.0,3.057,290.6844,0.47,3.82,0.0371,11.76,1.43,0.0,1.535,11.07,2.0855665
6/9/12 1:00,3497.8211,193.9,2.204,300.801,0.85,3.42,0.0451,7.76,1.87,0.0,2.0097,10.26,2.1179939
6/9/12 1:30,3499.3211,179.3,1.801,300.846,-0.03,2.79,0.0525,5.03,-0.06,0.0,1.925,8.38,2.1063385
6/9/12 2:00,3500.8211,165.8,1.91,300.705,-0.61,2.41,0.0533,4.75,-1.16,0.0,2.3741,7.23,2.1063385
6/9/12 2:30,3502.3211,185.8,2.332,300.825,0.32,3.19,0.0574,7.49,0.76,0.0,4.5584,9.58,2.1346115
6/9/12 3:00,3503.8211,181.0,2.331,300.84,0.05,2.92,0.0701,6.8,0.12,0.0,4.8096,8.75,2.1128009
6/9/12 3:30,3505.3461,169.7,2.018,310.8773,-0.39,2.12,0.081,4.36,-0.78,0.0,3.4565,6.59,2.0973373
6/9/12 4:00,3506.8961,124.6,1.569,310.7905,-0.77,0.53,0.0958,1.47,-1.21,0.0,1.2691,1.64,2.0067483
6/9/12 4:30,3508.4711,102.7,1.163,320.8928,-0.77,0.17,0.101,0.92,-0.9,0.2744,0.8531,0.56,1.994689
6/9/12 5:00,3510.0711,94.9,1.063,320.9376,-0.92,0.08,0.1045,0.98,-0.97,0.113,0.9436,0.25,2.0121721
6/9/12 5:30,3511.6711,83.3,0.969,320.8128,-1.27,-0.15,0.1003,1.24,-1.23,9.2898,1.2307,-0.48,2.0951447
6/9/12 6:00,3513.2961,76.4,0.812,330.7029,-1.6,-0.39,0.097,1.34,-1.3,44.29,1.3374,-1.28,2.4359786
6/9/12 6:30,3514.9211,71.8,0.955,320.6976,-1.38,-0.45,0.0874,1.38,-1.31,32.7881,1.372,-1.45,2.408398
6/9/12 7:00,3516.5211,114.4,1.233,320.6752,-2.16,0.98,0.0849,2.93,-2.67,37.6875,2.8286,3.14,2.408398
6/9/12 7:30,3518.1461,126.0,1.52,330.6303,-2.06,1.49,0.083,3.86,-3.12,63.5934,3.5683,4.93,2.4763686
6/9/12 8:00,3519.7961,117.8,1.573,330.5907,-1.8,0.95,0.0862,3.2,-2.83,86.8026,2.7681,3.13,2.3411775
6/9/12 8:30,3521.4461,115.5,1.412,330.5313,-2.01,0.96,0.0819,3.15,-2.84,112.8696,2.4958,3.17,2.3531214
6/9/12 9:00,3523.0961,103.4,1.58,330.4356,-2.55,0.61,0.0812,4.13,-4.02,134.4316,2.9238,2.0,2.1798483
6/9/12 9:30,3524.7461,118.0,2.046,330.3003,-2.6,1.38,0.0744,6.02,-5.32,94.6435,3.6656,4.56,2.1619036
6/9/12 10:00,3526.3961,123.2,2.752,330.1848,-2.69,1.76,0.0686,8.86,-7.41,68.054,4.428,5.81,2.0592553
6/9/12 10:30,3528.0461,128.5,2.276,330.1221,-2.0,1.59,0.0729,5.82,-4.56,41.6214,2.2289,5.26,2.031617
6/9/12 11:00,3529.6961,129.4,2.072,329.9868,-2.45,2.02,0.0778,6.58,-5.08,23.3188,1.7027,6.65,1.9439707
6/9/12 11:30,3531.3461,129.9,2.658,329.8746,-2.62,2.19,0.074,9.07,-6.96,39.6467,1.1844,7.23,1.9792254
6/9/12 12:00,3532.9961,119.1,3.173,329.6964,-3.02,1.68,0.0757,10.95,-9.57,0.0,0.0,5.54,2.2712451
6/9/12 12:30,3534.6711,115.6,2.551,339.5886,-2.45,1.17,0.0883,6.93,-6.25,-14.272,-0.9044,3.99,1.943913
6/9/12 13:00,3536.3961,110.1,1.76,349.489,-2.4,0.88,0.093,4.51,-4.23,-38.6779,-1.1661,3.08,2.1711356
6/9/12 13:30,3538.1711,116.5,1.311,359.3016,-2.23,1.11,0.0987,3.26,-2.92,-51.9933,-1.2482,4.0,2.2202383
6/9/12 14:00,3540.0211,111.5,1.121,379.1108,-3.02,1.19,0.101,3.64,-3.38,-66.158,-1.8177,4.52,2.1178208
6/9/12 14:30,3541.9461,93.3,1.24,388.9977,-2.45,0.14,0.0998,3.04,-3.04,-76.3734,-1.8509,0.55,2.0924905
6/9/12 15:00,3543.8961,,1.566,388.9353,,,0.1025,5.62,,-98.0276,-3.9709,,2.1237062
6/9/12 15:30,3545.8961,,1.218,408.7577,,,0.1095,4.3,,-78.3746,-3.412,,1.916794
6/9/12 16:00,3548.0461,56.7,1.049,448.3485,-2.96,-1.95,0.1181,3.72,-3.11,-68.5572,-3.2223,-8.76,2.1680198
6/9/12 16:30,3550.3461,47.5,1.2,468.1012,-3.04,-2.79,0.1202,4.96,-3.65,-58.6839,-4.5787,-13.11,2.4149758
6/9/12 17:00,3552.7211,43.5,1.096,477.7632,-2.99,-3.15,0.1212,4.77,-3.28,-59.4769,-4.603,-15.14,2.5203937
6/9/12 17:30,3555.1461,42.5,1.048,487.501,-2.77,-3.02,0.1178,4.3,-2.9,-47.7777,-4.2621,-14.82,2.3897609
6/9/12 18:00,3557.6211,44.6,1.104,497.2,-3.41,-3.46,0.1118,5.36,-3.76,-44.11,-5.3599,-17.28,2.3897609
6/9/12 18:30,3560.1461,44.6,1.268,506.9502,-3.58,-3.63,0.1001,6.46,-4.54,-20.2949,-6.4064,-18.51,2.5206245
6/9/12 19:00,3562.6961,,1.328,506.8788,,,0.0885,3.27,,-2.0758,-3.1556,,2.1646732
6/9/12 19:30,3565.2461,,1.372,506.6646,,,0.076,3.27,,0.0,-3.0206,,2.0891439
6/9/12 20:00,3567.8211,,1.525,516.4068,,,0.0668,3.52,,0.0,-3.0468,,2.0891439
6/9/12 20:30,3570.3961,,1.658,506.43,,,0.0602,3.7,,0.0,-2.9333,,2.1072617
6/9/12 21:00,3572.9461,22.6,1.904,506.532,-1.34,-3.23,0.0518,6.66,-2.56,0.0,-4.7068,-16.46,2.0843548
6/9/12 21:30,3575.4961,6.8,1.723,506.5422,-0.37,-3.13,0.0547,5.44,-0.64,0.0,-3.3114,-15.99,2.0891439
6/9/12 22:00,3578.0711,,1.47,516.4328,,,0.0574,3.12,,0.0,-1.5619,,2.1234754
6/9/12 22:30,3580.6461,,1.461,506.5065,,,0.0589,3.17,,0.0,-1.2144,,2.1313226
6/9/12 23:00,3583.1961,,1.252,506.4657,,,0.0619,2.78,,0.0,-0.7194,,2.1512868
6/9/12 23:30,3585.7461,,1.239,506.4657,,,0.0584,2.81,,0.0,-0.3666,,2.1501905
6/10/12 0:00,3588.2961,337.0,1.227,506.4045,1.13,-2.66,0.058,3.54,1.38,0.0,0.0,-13.55,2.148171
6/10/12 0:30,3590.8211,336.2,1.456,496.445,1.05,-2.38,0.0534,3.78,1.53,0.0,0.4934,-11.88,2.160865
6/10/12 1:00,3593.3211,323.4,2.098,496.495,1.61,-2.17,0.0385,5.68,3.39,0.0,1.4699,-10.87,2.1305148
6/10/12 1:30,3595.7961,324.0,2.56,486.5553,1.35,-1.86,0.0289,5.89,3.46,0.0,2.2532,-9.12,2.1241678
6/10/12 2:00,3598.2461,335.3,2.725,486.4769,0.79,-1.72,0.0265,5.15,2.15,0.0,2.5751,-8.41,2.1241678
6/10/12 2:30,3600.6961,327.8,2.767,486.521,0.95,-1.52,0.0252,4.96,2.64,0.0,3.0168,-7.43,2.1241678
6/10/12 3:00,3603.1461,319.2,2.654,486.6484,1.4,-1.62,0.0248,5.7,3.72,0.0,4.0273,-7.96,2.124514
6/10/12 3:30,3605.5961,322.1,2.836,486.7121,1.29,-1.66,0.0217,5.96,3.66,0.0,4.7249,-8.12,2.1241678
6/10/12 4:00,3608.0461,331.5,3.104,486.7219,0.85,-1.56,0.0195,5.53,2.64,0.0,4.7849,-7.67,1.8514199
6/10/12 4:30,3610.4961,325.1,3.27,486.8738,1.11,-1.59,0.017,6.36,3.64,1.8247,5.873,-7.81,2.1357655
6/10/12 5:00,3612.9461,318.8,3.192,487.1139,0.98,-1.12,0.018,4.77,3.14,19.8363,4.6064,-5.51,2.6372939
6/10/12 5:30,3615.3961,320.1,3.091,487.2315,1.02,-1.22,0.0168,4.9,3.14,75.3567,4.8604,-5.96,2.3040764
6/10/12 6:00,3617.8461,332.4,3.476,487.3638,0.85,-1.62,0.009,6.34,2.94,128.418,6.3402,-7.92,1.7828146
6/10/12 6:30,3620.2961,348.5,4.141,487.3589,0.48,-2.37,-0.0035,10.03,2.0,328.2654,9.9478,-11.63,2.3734895
6/10/12 7:00,3622.7461,357.1,4.909,487.4128,0.13,-2.52,-0.0053,12.41,0.63,399.3736,11.9824,-12.37,1.767928
6/10/12 7:30,3625.1961,332.9,5.348,487.4128,1.17,-2.29,0.0007,13.78,6.28,434.0405,12.7327,-11.24,1.7338273
6/10/12 8:00,3627.6461,340.4,5.842,487.4765,0.82,-2.3,0.0131,14.25,4.78,523.9887,12.3397,-11.26,2.2991142
6/10/12 8:30,3630.0961,333.3,6.555,487.5402,1.04,-2.08,0.03,15.23,6.84,532.452,12.0858,-10.17,1.6498161
6/10/12 9:00,3632.5211,341.0,7.077,477.6336,0.53,-1.53,0.0515,11.45,3.73,544.1342,8.0968,-7.34,1.3763758
6/10/12 9:30,3634.9211,3.9,7.851,477.6336,-0.12,-1.76,0.0699,13.83,-0.94,428.0116,8.4165,-8.43,2.3028647
6/10/12 10:00,3637.3211,346.6,7.97,477.6288,0.27,-1.14,0.0867,9.3,2.16,290.9245,4.6505,-5.45,1.8950988
6/10/12 10:30,3639.7211,353.5,8.752,477.6576,0.12,-1.02,0.0972,8.98,1.02,358.1243,3.4363,-4.89,1.4208625
6/10/12 11:00,3642.1211,344.3,10.098,477.5424,0.37,-1.32,0.1132,13.85,3.75,257.2232,3.5858,-6.34,2.4485572
6/10/12 11:30,3644.5211,338.7,11.757,477.4464,0.86,-2.22,0.127,27.96,10.16,126.1673,3.6493,-10.63,3.2129668
6/10/12 12:00,3646.8961,354.8,12.708,467.4761,0.21,-2.28,0.1517,29.13,2.64,0.0,0.0,-10.73,2.854419
6/10/12 12:30,3649.2461,10.4,13.387,467.4667,-0.41,-2.22,0.1733,30.24,-5.46,-126.6754,-3.9473,-10.44,4.0712543
6/10/12 13:00,3651.5961,13.0,13.97,467.3539,-0.36,-1.57,0.1882,22.58,-5.08,-151.4205,-5.843,-7.4,2.3475245
6/10/12 13:30,3653.9461,344.4,14.211,467.3539,0.42,-1.49,0.1763,22.06,5.93,-245.1983,-8.4403,-7.03,2.8904238
6/10/12 14:00,3656.2961,83.8,10.379,467.3539,-3.26,-0.35,0.1948,34.02,-33.82,-331.641,-17.0112,-1.66,2.6413906
6/10/12 14:30,3658.6461,98.3,8.681,467.4714,-3.48,0.51,0.2242,30.51,-30.19,-423.4727,-18.5703,2.38,1.7594461
6/10/12 15:00,3660.9711,72.2,7.848,457.6034,-2.91,-0.93,0.2378,23.98,-22.84,-187.768,-16.9589,-4.3,6.385659
6/10/12 15:30,3663.2711,92.3,7.696,457.7368,-2.92,0.12,0.217,22.46,-22.45,-191.3505,-17.8224,0.54,4.0703888
6/10/12 16:00,3665.5711,93.6,6.982,457.8426,-3.47,0.22,0.2165,24.3,-24.25,-110.4252,-21.0421,1.01,2.2973255
6/10/12 16:30,3667.8711,101.8,6.719,457.953,-3.44,0.72,0.2021,23.59,-23.09,-94.2921,-21.7947,3.3,1.9789946
6/10/12 17:00,3670.1711,95.5,6.144,458.1048,-3.02,0.29,0.1967,18.61,-18.52,-126.7034,-17.976,1.34,2.9794549
6/10/12 17:30,3672.4711,118.3,5.316,458.2336,-2.87,1.55,0.2,17.35,-15.28,-79.7826,-17.203,7.12,1.8871939
6/10/12 18:00,3674.7711,127.8,4.816,458.4314,-2.75,2.13,0.198,16.75,-13.24,-40.574,-16.75,9.81,2.026424
6/10/12 18:30,3677.0711,126.9,4.46,458.6062,-2.59,1.94,0.1887,14.43,-11.54,-10.4211,-14.3047,8.93,1.7472714
6/10/12 19:00,3679.3711,123.9,4.093,458.758,-2.6,1.75,0.1811,12.81,-10.63,-0.9611,-12.3706,8.03,2.2662829
6/10/12 19:30,3681.6711,135.1,3.708,458.919,-2.15,2.16,0.1747,11.31,-7.98,0.0,-10.4451,9.93,1.9490483
6/10/12 20:00,3683.9711,141.5,3.426,459.0386,-1.85,2.33,0.1681,10.19,-6.34,0.0,-8.8239,10.71,2.2184496
6/10/12 20:30,3686.2711,135.3,2.937,459.172,-2.07,2.09,0.1664,8.65,-6.08,0.0,-6.8598,9.63,2.1443051
6/10/12 21:00,3688.5961,143.4,2.929,469.3138,-1.42,1.91,0.1542,6.96,-4.15,0.0,-4.9189,8.96,2.1332267
6/10/12 21:30,3690.9461,132.5,2.691,469.5394,-1.03,0.94,0.148,3.75,-2.76,0.0,-2.282,4.42,2.1565952
6/10/12 22:00,3693.3211,129.9,1.806,479.5248,-1.08,0.9,0.152,2.54,-1.95,0.0,-1.2714,4.34,2.2031591
6/10/12 22:30,3695.7711,169.2,1.433,499.6,-0.23,1.2,0.1502,1.75,-0.33,0.0,-0.6679,5.98,2.1727512
6/10/12 23:00,3698.2961,139.9,1.234,509.6379,-0.91,1.08,0.1481,1.74,-1.12,0.0,-0.4494,5.49,2.1985431
6/10/12 23:30,3700.8461,159.2,1.037,509.7246,-0.54,1.42,0.1474,1.57,-0.56,0.0,-0.2052,7.23,2.2021782
6/11/12 0:00,3703.3961,152.7,0.745,509.7603,-0.74,1.43,0.1466,1.2,-0.55,0.0,0.0,7.3,2.2242196
6/11/12 0:30,3705.9461,119.5,0.894,509.8521,-1.65,0.93,0.1461,1.69,-1.47,0.0,0.2209,4.75,2.1675005
6/11/12 1:00,3708.4961,130.0,0.808,509.898,-1.43,1.2,0.1489,1.51,-1.16,0.0,0.3909,6.13,2.2553199
6/11/12 1:30,3711.0461,146.0,0.738,509.9796,-0.75,1.12,0.1475,0.99,-0.56,0.0,0.3807,5.7,2.241645
6/11/12 2:00,3713.5961,140.7,0.735,510.0714,-0.76,0.93,0.1447,0.89,-0.56,0.0,0.4432,4.76,2.2467226
6/11/12 2:30,3716.1461,137.7,0.687,510.0867,-0.8,0.88,0.1402,0.82,-0.55,0.0,0.4968,4.48,2.2467226
6/11/12 3:00,3718.7211,126.1,0.711,520.1248,-0.73,0.53,0.1346,0.64,-0.52,0.0,0.4515,2.75,2.241645
6/11/12 3:30,3721.3211,144.5,0.796,520.208,-0.55,0.78,0.1282,0.76,-0.44,0.0,0.6025,4.04,2.2553199
6/11/12 4:00,3723.9211,222.0,0.793,520.3692,0.4,0.45,0.1225,0.48,0.32,0.0,0.4121,2.32,2.2553199
6/11/12 4:30,3726.5211,202.7,0.788,520.5044,0.36,0.86,0.1206,0.73,0.28,0.3936,0.6778,4.47,2.2553199
6/11/12 5:00,3729.0961,165.3,0.79,510.6171,-0.25,0.97,0.1185,0.79,-0.2,3.3972,0.7623,4.93,2.2778806
6/11/12 5:30,3731.6711,150.9,0.832,520.7904,-0.3,0.53,0.1151,0.51,-0.25,20.9929,0.504,2.78,2.5072958
6/11/12 6:00,3734.2461,164.6,0.935,511.0098,-0.2,0.73,0.1077,0.71,-0.19,34.774,0.7059,3.71,2.4203996
6/11/12 6:30,3736.7961,230.5,1.362,511.1679,0.21,0.17,0.1012,0.37,0.28,69.6084,0.3619,0.87,2.4071863
6/11/12 7:00,3739.3211,126.8,1.403,501.285,-0.4,0.3,0.0972,0.7,-0.56,66.3581,0.679,1.5,2.522067
6/11/12 7:30,3741.8211,89.6,1.351,501.25,-1.33,-0.01,0.0933,1.79,-1.79,105.0543,1.6576,-0.05,1.8098182
6/11/12 8:00,3744.3211,86.8,1.426,501.25,-0.56,-0.03,0.0919,0.8,-0.8,220.1237,0.6903,-0.16,2.303961
6/11/12 8:30,3746.8211,25.3,1.897,501.265,-0.3,-0.64,0.0838,1.35,-0.58,298.2096,1.0716,-3.22,2.2799001
6/11/12 9:00,3749.3211,57.3,3.56,501.33,-1.27,-0.82,0.071,5.37,-4.52,269.9161,3.7986,-4.08,1.8669989
6/11/12 9:30,3751.8211,95.0,4.442,501.325,-1.71,0.15,0.0687,7.62,-7.59,185.1645,4.6376,0.75,1.913909
6/11/12 10:00,3754.2961,99.7,4.465,491.3769,-2.21,0.38,0.0869,10.0,-9.85,79.88,4.9986,1.85,1.4879676
6/11/12 10:30,3756.7461,118.3,5.176,491.4406,-1.35,0.73,0.0762,7.95,-7.0,123.5735,3.0405,3.57,2.1546911
6/11/12 11:00,3759.1961,113.7,7.196,491.4651,-1.52,0.67,0.0542,11.95,-10.94,101.3709,3.0917,3.27,1.5814993
6/11/12 11:30,3761.6461,131.1,7.599,491.5239,-1.2,1.05,0.0539,12.14,-9.14,34.9599,1.584,5.14,1.953722
6/11/12 12:00,3764.0961,109.0,8.511,491.4749,-2.53,0.87,0.0513,22.74,-21.5,0.0,0.0,4.26,1.6473927
6/11/12 12:30,3766.5461,104.4,9.283,491.6219,-2.79,0.72,0.0661,26.77,-25.93,-128.7449,-3.4945,3.51,2.0915096
6/11/12 13:00,3768.9711,95.6,9.171,481.6176,-2.46,0.24,0.1118,22.71,-22.6,-208.3488,-5.8771,1.16,1.6477389
6/11/12 13:30,3771.3711,,8.315,481.416,,,0.1559,17.54,,-332.126,-6.714,,2.3377732
6/11/12 14:00,3773.7711,,7.62,481.2528,,,0.186,16.25,,-405.294,-8.1267,,1.8854629
6/11/12 14:30,3776.1711,,7.166,481.4016,,,0.2127,15.44,,-469.3538,-9.4009,,1.853901
6/11/12 15:00,3778.5711,108.8,7.393,481.5264,-3.31,1.13,0.2308,25.85,-24.47,-521.1391,-18.2811,5.41,1.9991319
6/11/12 15:30,3780.9461,108.9,7.715,471.6732,-2.92,1.0,0.2412,23.85,-22.56,-494.6717,-18.9191,4.71,3.1664606
6/11/12 16:00,3783.2961,99.5,7.523,471.739,-2.86,0.48,0.2446,21.79,-21.5,-372.8577,-18.8743,2.25,3.095605
6/11/12 16:30,3785.6461,109.9,6.85,471.7766,-2.95,1.07,0.2438,21.52,-20.23,-255.4749,-19.8781,5.02,2.3191938
6/11/12 17:00,3787.9961,96.6,6.283,471.8095,-2.86,0.33,0.2391,18.1,-17.98,-151.9276,-17.4845,1.56,2.5507439
6/11/12 17:30,3790.3461,97.2,6.077,471.7719,-3.37,0.43,0.2302,20.63,-20.46,-89.3351,-20.4489,2.0,1.8180116
6/11/12 18:00,3792.6961,93.2,5.657,471.8142,-3.02,0.17,0.222,17.11,-17.09,-50.228,-17.1124,0.79,2.5166432
6/11/12 18:30,3795.0461,80.6,5.25,471.88,-2.83,-0.47,0.216,15.07,-14.87,-19.1934,-14.9386,-2.2,2.1775403
6/11/12 19:00,3797.3961,83.1,4.766,471.8236,-3.03,-0.37,0.2144,14.56,-14.45,-4.1689,-14.0594,-1.72,2.2157954
6/11/12 19:30,3799.7461,83.7,4.641,472.0069,-3.08,-0.34,0.2048,14.37,-14.28,0.0,-13.2748,-1.6,2.3889531
6/11/12 20:00,3802.0961,81.2,4.442,472.3876,-2.19,-0.34,0.1908,9.84,-9.73,0.0,-8.5247,-1.59,2.2021782
6/11/12 20:30,3804.4461,79.9,4.102,472.5145,-2.3,-0.41,0.184,9.58,-9.43,0.0,-7.5989,-1.92,2.9626642
6/11/12 21:00,3806.7961,83.8,3.704,472.5239,-3.16,-0.34,0.1816,11.78,-11.71,0.0,-8.3314,-1.61,2.522067
6/11/12 21:30,3809.1461,77.8,3.321,472.8435,-2.62,-0.57,0.1777,8.89,-8.69,0.0,-5.4141,-2.66,2.252031
6/11/12 22:00,3811.4961,89.2,3.154,472.961,-3.19,-0.04,0.1677,10.05,-10.05,0.0,-5.0259,-0.21,2.4229961
6/11/12 22:30,3813.8461,88.1,2.911,472.773,-2.77,-0.09,0.1575,8.06,-8.06,0.0,-3.0846,-0.43,2.3635074
6/11/12 23:00,3816.1961,88.9,2.851,472.8576,-1.92,-0.04,0.1468,5.47,-5.46,0.0,-1.4145,-0.17,2.2548583
6/11/12 23:30,3818.5711,80.0,2.686,482.9136,-1.69,-0.3,0.1387,4.61,-4.54,0.0,-0.6023,-1.43,1.2184509
6/12/12 0:00,3820.9711,86.5,2.697,482.9328,-1.74,-0.11,0.1315,4.71,-4.71,0.0,0.0,-0.51,2.2548583
6/12/12 0:30,3823.3711,81.5,2.452,482.9136,-1.34,-0.2,0.1296,3.33,-3.29,0.0,0.4343,-0.96,2.4474032
6/12/12 1:00,3825.7711,77.6,2.375,482.8656,-1.47,-0.32,0.1263,3.58,-3.49,0.0,0.9257,-1.55,1.2115269
6/12/12 1:30,3828.1711,73.3,2.194,482.6976,-1.28,-0.38,0.124,2.93,-2.81,0.0,1.1226,-1.84,2.2548583
6/12/12 2:00,3830.5711,62.3,2.132,482.6016,-1.16,-0.61,0.1194,2.78,-2.46,0.0,1.3911,-2.91,1.994112
6/12/12 2:30,3832.9711,43.8,2.212,482.616,-1.18,-1.23,0.1156,3.77,-2.61,0.0,2.2946,-5.9,1.9000033
6/12/12 3:00,3835.3711,45.1,2.233,482.6112,-1.52,-1.51,0.1124,4.78,-3.39,0.0,3.3806,-7.25,2.2426836
6/12/12 3:30,3837.7711,41.8,2.491,482.7264,-1.19,-1.33,0.1037,4.45,-2.97,0.0,3.5335,-6.4,1.9590881
6/12/12 4:00,3840.1711,32.2,2.489,482.7744,-0.82,-1.3,0.0985,3.83,-2.04,0.0,3.3131,-6.24,1.6874365
6/12/12 4:30,3842.5711,42.1,2.543,482.8368,-1.17,-1.3,0.0958,4.44,-2.98,0.5978,4.1021,-6.22,1.4740619
6/12/12 5:00,3844.9711,51.3,2.506,482.9424,-1.21,-0.97,0.0953,3.89,-3.03,3.2474,3.7544,-4.65,2.2666291
6/12/12 5:30,3847.3711,68.8,2.423,483.1056,-1.07,-0.41,0.093,2.77,-2.58,11.8587,2.7458,-1.98,2.680742
6/12/12 6:00,3849.7711,57.9,2.477,482.9856,-1.71,-1.07,0.0924,5.0,-4.24,51.151,5.0035,-5.15,2.3698544
6/12/12 6:30,3852.1711,56.4,2.769,482.9328,-2.87,-1.91,0.0903,9.54,-7.95,98.9898,9.4576,-9.15,2.3583721
6/12/12 7:00,3854.5711,58.4,2.844,483.0048,-3.12,-1.92,0.0895,10.42,-8.88,107.4081,10.0653,-9.22,3.7489998
6/12/12 7:30,3856.9711,55.0,2.951,482.9856,-2.63,-1.84,0.0847,9.47,-7.76,78.0946,8.7489,-8.83,2.2210461
6/12/12 8:00,3859.3711,57.7,3.006,483.048,-2.24,-1.42,0.0806,7.97,-6.74,78.1649,6.9065,-6.8,2.2009088
6/12/12 8:30,3861.7711,54.0,3.101,483.0672,-2.06,-1.5,0.0782,7.91,-6.4,86.8452,6.2735,-7.19,3.2155056
6/12/12 9:00,3864.1711,54.0,3.283,482.8992,-2.49,-1.81,0.077,10.09,-8.16,90.0218,7.1361,-8.67,2.9843017
6/12/12 9:30,3866.5711,55.7,3.307,482.7264,-2.54,-1.73,0.0775,10.16,-8.39,78.2009,6.1845,-8.31,2.3007298
6/12/12 10:00,3868.9711,59.5,3.511,482.6976,-2.72,-1.6,0.0778,11.09,-9.56,83.199,5.5474,-7.7,2.6779724
6/12/12 10:30,3871.3711,,3.655,482.6496,,,0.0798,10.27,,69.5359,3.9304,,2.0814698
6/12/12 11:00,3873.7711,52.9,3.748,482.5968,-3.16,-2.39,0.0823,14.86,-11.85,43.9439,3.8453,-11.48,3.5132376
6/12/12 11:30,3876.1711,47.9,3.734,482.4576,-3.08,-2.78,0.0857,15.51,-11.51,21.5879,2.0241,-13.36,2.4835234
6/12/12 12:00,3878.5711,55.1,3.497,482.424,-3.16,-2.2,0.0913,13.46,-11.04,0.0,0.0,-10.57,2.3007298
6/12/12 12:30,3880.9711,48.2,3.318,482.4336,-2.55,-2.28,0.0945,11.33,-8.45,-15.0617,-1.479,-10.93,2.2799001
6/12/12 13:00,3883.3711,53.3,3.264,482.2944,-2.62,-1.95,0.0948,10.65,-8.54,-35.6119,-2.7565,-9.36,2.3007298
6/12/12 13:30,3885.7711,54.5,1.934,482.3232,-2.48,-1.77,0.1224,5.89,-4.8,-40.6938,-2.2559,-8.5,2.467252
6/12/12 14:00,3888.1711,56.0,1.697,482.2704,-2.36,-1.59,0.1268,4.82,-4.0,-55.443,-2.4123,-7.63,2.4673674
6/12/12 14:30,3890.5961,54.9,1.455,492.2981,-2.03,-1.43,0.1297,3.61,-2.95,-78.165,-2.1958,-6.98,2.9076184
6/12/12 15:00,3893.0211,45.2,1.857,482.1168,-1.75,-1.74,0.1183,4.59,-3.26,-79.3763,-3.2473,-8.36,3.0662934
6/12/12 15:30,3895.4211,36.6,2.326,482.0784,-1.46,-1.96,0.1101,5.68,-3.39,-56.9588,-4.5082,-9.41,2.4838696
6/12/12 16:00,3897.8461,20.6,2.046,492.1266,-0.33,-0.88,0.1084,1.91,-0.67,-28.6663,-1.6567,-4.29,1.7810836
6/12/12 16:30,3900.2961,50.2,1.973,491.9992,-1.05,-0.87,0.1071,2.7,-2.07,-19.9807,-2.49,-4.28,3.1684224
6/12/12 17:00,3902.7461,46.7,1.937,491.911,-1.58,-1.48,0.1079,4.19,-3.05,-32.402,-4.0507,-7.28,3.7060133
6/12/12 17:30,3905.1961,49.2,1.97,491.8571,-2.18,-1.89,0.1098,5.69,-4.3,-21.8405,-5.6368,-9.24,3.6170976
6/12/12 18:00,3907.6711,51.1,1.74,501.875,-2.17,-1.75,0.1106,4.86,-3.78,-26.765,-4.8616,-8.77,2.5815557
6/12/12 18:30,3910.1461,48.0,1.791,491.8032,-2.74,-2.46,0.1102,6.6,-4.9,-13.9586,-6.5398,-12.08,1.9316229
6/12/12 19:00,3912.6211,46.3,1.606,501.935,-1.92,-1.83,0.1054,4.27,-3.08,-0.6008,-4.1202,-9.17,2.2385292
6/12/12 19:30,3915.1211,50.4,1.498,501.855,-2.48,-2.05,0.1026,4.83,-3.72,0.0,-4.4592,-10.27,3.0875847
6/12/12 20:00,3917.6211,46.8,1.388,501.855,-2.61,-2.45,0.1003,4.97,-3.62,0.0,-4.3021,-12.25,3.3561205
6/12/12 20:30,3920.1211,46.9,1.379,501.95,-2.5,-2.34,0.0943,4.71,-3.44,0.0,-3.7394,-11.68,2.2385292
6/12/12 21:00,3922.6211,42.0,1.354,502.09,-1.68,-1.87,0.0894,3.41,-2.28,0.0,-2.4089,-9.35,2.2385292
6/12/12 21:30,3925.1211,42.1,1.427,502.145,-2.04,-2.26,0.0843,4.35,-2.92,0.0,-2.6469,-11.3,2.1528447
6/12/12 22:00,3927.6211,40.8,1.368,502.105,-1.89,-2.19,0.0814,3.95,-2.58,0.0,-1.9761,-10.93,2.4104175
6/12/12 22:30,3930.1211,40.8,1.389,502.135,-1.66,-1.93,0.0789,3.54,-2.31,0.0,-1.3533,-9.64,2.2385292
6/12/12 23:00,3932.6211,40.4,1.339,501.93,-1.68,-1.97,0.078,3.47,-2.25,0.0,-0.8979,-9.87,2.2385292
6/12/12 23:30,3935.1211,41.6,1.329,501.795,-1.74,-1.96,0.0786,3.49,-2.32,0.0,-0.4552,-9.81,2.2385292
6/13/12 0:00,3937.6211,13.6,1.328,501.895,-0.5,-2.08,0.0757,2.84,-0.67,0.0,0.0,-10.39,2.2385292
6/13/12 0:30,3940.1211,18.9,1.279,501.78,-0.58,-1.69,0.0745,2.28,-0.74,0.0,0.2982,-8.45,1.6835706
6/13/12 1:00,3942.6211,25.7,1.396,501.7,-0.78,-1.62,0.072,2.52,-1.09,0.0,0.6511,-8.12,1.1808882
6/13/12 1:30,3945.1211,31.1,1.535,501.545,-1.07,-1.78,0.0704,3.19,-1.65,0.0,1.2207,-8.9,2.2385292
6/13/12 2:00,3947.6211,24.6,1.392,501.44,-0.75,-1.64,0.0744,2.51,-1.04,0.0,1.2549,-8.2,1.8626714
6/13/12 2:30,3950.1211,9.7,1.825,501.68,-0.36,-2.08,0.0651,3.86,-0.65,0.0,2.3497,-10.42,1.6562785
6/13/12 3:00,3952.6211,352.4,1.935,502.005,0.39,-2.94,0.0605,5.74,0.76,0.0,4.061,-14.71,1.3618931
6/13/12 3:30,3955.1211,352.4,0.877,502.305,0.33,-2.5,0.0788,2.21,0.29,0.0,1.7554,-12.5,2.1185709
6/13/12 4:00,3957.6461,10.2,0.614,512.499,-0.27,-1.51,0.0808,0.94,-0.17,0.0,0.8173,-7.71,2.2425682
6/13/12 4:30,3960.1961,29.3,0.613,512.5398,-0.54,-0.96,0.0791,0.67,-0.33,1.2713,0.6235,-4.9,2.2425682
6/13/12 5:00,3962.7461,49.7,0.643,512.601,-0.54,-0.46,0.0774,0.45,-0.35,10.1065,0.4385,-2.33,1.5837496
6/13/12 5:30,3965.2961,76.0,0.992,512.5908,-1.15,-0.29,0.0737,1.17,-1.14,34.9365,1.1635,-1.46,2.3629881
6/13/12 6:00,3967.8211,48.3,1.744,502.675,-2.02,-1.8,0.0642,4.71,-3.52,70.188,4.7088,-8.98,2.2996335
6/13/12 6:30,3970.3211,45.1,2.088,502.735,-1.85,-1.84,0.0617,5.46,-3.86,101.1532,5.4093,-9.22,2.274534
6/13/12 7:00,3972.7961,43.3,2.523,492.8126,-2.35,-2.49,0.0575,8.64,-5.92,66.9193,8.3444,-12.21,2.7348069
6/13/12 7:30,3975.2461,46.3,3.079,493.0037,-2.69,-2.57,0.0534,11.45,-8.28,123.167,10.582,-12.59,1.8684414
6/13/12 8:00,3977.6961,50.6,3.454,493.0625,-2.51,-2.06,0.0422,11.23,-8.67,269.6361,9.7216,-10.11,2.3607378
6/13/12 8:30,3980.1461,49.9,4.137,493.1654,-2.55,-2.15,0.0343,13.81,-10.57,367.1972,10.9589,-10.54,1.9961315
6/13/12 9:00,3982.5961,20.9,3.985,493.2732,-0.85,-2.24,0.0469,9.54,-3.4,178.9291,6.743,-10.95,2.1041459
6/13/12 9:30,3985.0461,41.7,4.387,493.2732,-1.88,-2.11,0.0489,12.42,-8.26,185.0592,7.5632,-10.36,2.0767384
6/13/12 10:00,3987.4961,41.3,4.651,493.3467,-1.71,-1.94,0.052,12.02,-7.94,169.337,6.0114,-9.52,2.3716431
6/13/12 10:30,3989.9461,45.9,5.042,493.3957,-1.88,-1.82,0.0557,13.19,-9.48,202.2646,5.0495,-8.92,2.1024149
6/13/12 11:00,3992.3961,47.6,5.917,493.4888,-2.19,-2.0,0.0587,17.51,-12.93,169.8156,4.5315,-9.78,2.4520769
6/13/12 11:30,3994.8461,55.6,6.386,493.6309,-2.46,-1.68,0.0714,19.02,-15.7,68.9144,2.4831,-8.25,2.5681116
6/13/12 12:00,3997.2961,53.9,6.32,493.7779,-2.7,-1.97,0.0937,21.14,-17.08,0.0,0.0,-9.66,3.4746363
6/13/12 12:30,3999.7461,50.4,6.691,493.675,-2.21,-1.83,0.0931,19.21,-14.8,-90.9432,-2.5074,-8.97,3.6473901
6/13/12 13:00,4002.1961,67.7,6.958,493.6554,-2.86,-1.17,0.1117,21.52,-19.91,-187.2074,-5.5701,-5.75,2.4343053
6/13/12 13:30,4004.6461,74.6,7.18,493.6995,-2.91,-0.8,0.1308,21.68,-20.91,-255.9804,-8.298,-3.93,2.4981215
6/13/12 14:00,4007.0961,71.3,7.059,493.7093,-3.03,-1.03,0.1447,22.6,-21.41,-276.295,-11.3015,-5.03,2.4294008
6/13/12 14:30,4009.5461,64.5,6.933,493.8122,-3.25,-1.55,0.1586,25.0,-22.56,-375.6947,-15.2193,-7.61,2.300499
6/13/12 15:00,4011.9961,72.2,6.543,493.8612,-3.46,-1.11,0.1719,23.78,-22.65,-308.3961,-16.8177,-5.44,2.5224132
6/13/12 15:30,4014.4461,71.7,6.273,493.92,-4.07,-1.35,0.1811,26.9,-25.54,-355.0486,-21.3401,-6.6,2.1269374
6/13/12 16:00,4016.8961,72.6,6.041,494.0033,-3.67,-1.15,0.1801,23.22,-22.16,-365.6013,-20.1105,-5.63,2.2443569
6/13/12 16:30,4019.3461,77.3,6.1,494.1013,-3.65,-0.82,0.1729,22.81,-22.25,-468.795,-21.0718,-4.03,2.0456958
6/13/12 17:00,4021.7961,74.2,6.071,494.1699,-3.55,-1.0,0.1755,22.4,-21.55,-312.8325,-21.6328,-4.92,2.1932347
6/13/12 17:30,4024.2211,72.6,5.771,484.176,-3.28,-1.03,0.1728,19.86,-18.95,-247.6243,-19.6938,-4.94,3.2703206
6/13/12 18:00,4026.6211,79.0,5.542,484.2624,-3.84,-0.75,0.174,21.68,-21.28,-141.576,-21.6803,-3.58,2.4408254
6/13/12 18:30,4029.0211,71.4,5.162,484.3296,-3.45,-1.16,0.171,18.78,-17.8,-98.8242,-18.6187,-5.57,2.7177854
6/13/12 19:00,4031.4211,73.3,4.627,484.44,-3.04,-0.91,0.1717,14.67,-14.05,-25.9177,-14.1723,-4.37,3.7457686
6/13/12 19:30,4033.8211,76.1,4.211,484.5408,-3.16,-0.78,0.171,13.72,-13.32,-0.049,-12.679,-3.76,2.3313685
6/13/12 20:00,4036.2211,72.8,3.811,484.608,-3.01,-0.93,0.1685,11.99,-11.46,0.0,-10.3864,-4.47,2.2495499
6/13/12 20:30,4038.6211,70.7,3.411,484.7616,-3.29,-1.15,0.1655,11.91,-11.24,0.0,-9.4471,-5.54,2.479369
6/13/12 21:00,4041.0211,66.2,2.951,484.9104,-3.74,-1.65,0.1611,12.07,-11.04,0.0,-8.5324,-7.92,2.6636628
6/13/12 21:30,4043.4211,70.7,2.873,485.088,-3.2,-1.12,0.1519,9.73,-9.18,0.0,-5.9238,-5.37,2.3710661
6/13/12 22:00,4045.8211,67.7,2.827,485.016,-2.92,-1.2,0.1449,8.94,-8.27,0.0,-4.4681,-5.76,2.2358173
6/13/12 22:30,4048.2211,63.2,2.832,484.968,-3.13,-1.58,0.1363,9.92,-8.85,0.0,-3.7964,-7.58,2.973281
6/13/12 23:00,4050.6211,66.0,2.442,484.872,-2.89,-1.29,0.1321,7.74,-7.07,0.0,-2.0023,-6.19,2.2344325
6/13/12 23:30,4053.0211,66.0,2.284,484.9536,-2.72,-1.21,0.1252,6.79,-6.2,0.0,-0.8863,-5.8,3.4498253
6/14/12 0:00,4055.4211,68.8,2.47,485.0016,-2.53,-0.98,0.1157,6.7,-6.24,0.0,0.0,-4.71,2.2598205
6/14/12 0:30,4057.8211,67.7,2.616,485.1024,-2.4,-0.99,0.107,6.8,-6.29,0.0,0.8874,-4.73,1.3168871
6/14/12 1:00,4060.2211,64.4,2.646,485.0832,-2.53,-1.21,0.102,7.41,-6.69,0.0,1.9189,-5.81,2.2344325
6/14/12 1:30,4062.6211,58.9,2.748,485.1504,-2.46,-1.48,0.0971,7.88,-6.75,0.0,3.0171,-7.11,1.7693128
6/14/12 2:00,4065.0211,57.7,2.714,485.3424,-2.46,-1.56,0.0939,7.91,-6.69,0.0,3.957,-7.48,2.7723119
6/14/12 2:30,4067.4211,57.5,2.737,485.2656,-2.82,-1.8,0.0903,9.14,-7.71,0.0,5.5667,-8.62,3.0994132
6/14/12 3:00,4069.8211,55.3,2.814,485.376,-2.43,-1.69,0.0846,8.33,-6.85,0.0,5.8898,-8.09,1.8988493
6/14/12 3:30,4072.2211,54.6,2.649,485.352,-1.93,-1.37,0.0823,6.26,-5.1,0.0,4.964,-6.57,2.472445
6/14/12 4:00,4074.6211,56.4,2.612,485.352,-2.16,-1.43,0.0794,6.76,-5.63,0.0,5.8565,-6.88,2.2344325
6/14/12 4:30,4077.0211,53.0,2.597,485.5392,-1.9,-1.43,0.0752,6.16,-4.92,0.7077,5.6936,-6.85,2.7841404
6/14/12 5:00,4079.4211,44.7,2.784,485.8752,-1.37,-1.38,0.0697,5.41,-3.8,5.5019,5.225,-6.63,2.9039833
6/14/12 5:30,4081.8211,44.5,3.017,486.0288,-1.3,-1.33,0.0645,5.61,-3.94,21.6046,5.5666,-6.37,1.4037256
6/14/12 6:00,4084.2211,44.2,3.283,486.1536,-1.35,-1.39,0.063,6.37,-4.44,35.74,6.3657,-6.67,2.6431216
6/14/12 6:30,4086.6211,49.9,3.389,486.1488,-1.44,-1.21,0.0625,6.38,-4.88,98.9184,6.3269,-5.82,2.5487244
6/14/12 7:00,4089.0211,51.3,3.707,486.1872,-1.46,-1.17,0.0565,6.95,-5.43,154.9442,6.7174,-5.63,2.6256962
6/14/12 7:30,4091.4211,56.3,4.239,486.264,-2.01,-1.34,0.055,10.25,-8.52,228.9216,9.4658,-6.44,3.1943297
6/14/12 8:00,4093.8211,56.6,4.8,486.2928,-2.24,-1.48,0.0525,12.87,-10.75,264.2503,11.1489,-7.09,2.2729761
6/14/12 8:30,4096.2211,59.1,5.117,486.312,-1.98,-1.18,0.0512,11.78,-10.11,312.9081,9.3452,-5.67,2.4261696
6/14/12 9:00,4098.6211,66.3,5.52,486.2832,-1.97,-0.86,0.0543,11.88,-10.88,419.3348,8.3997,-4.15,1.8559205
6/14/12 9:30,4101.0211,60.4,5.783,486.2544,-1.98,-1.13,0.0742,13.19,-11.46,357.6035,8.0267,-5.41,2.4145142
6/14/12 10:00,4103.3961,48.0,5.933,476.0771,-1.66,-1.5,0.0919,13.27,-9.86,308.405,6.6361,-7.04,1.6793008
6/14/12 10:30,4105.7461,45.8,6.292,476.0771,-1.31,-1.27,0.1013,11.5,-8.24,255.1576,4.3991,-5.99,1.7023808
6/14/12 11:00,4108.0961,29.7,6.553,476.063,-0.94,-1.64,0.1177,12.39,-6.14,169.035,3.2055,-7.72,1.4916027
6/14/12 11:30,4110.4461,37.7,6.811,476.0771,-1.19,-1.55,0.1346,13.31,-8.14,89.755,1.7371,-7.27,2.0669871
6/14/12 12:00,4112.7961,44.9,6.982,476.1664,-0.97,-0.97,0.1512,9.61,-6.78,0.0,0.0,-4.58,1.8172615
6/14/12 12:30,4115.1461,44.0,7.119,476.157,-1.0,-1.04,0.1519,10.26,-7.13,-71.1013,-1.339,-4.87,1.9218716
6/14/12 13:00,4117.4961,55.7,7.411,476.0912,-1.5,-1.03,0.1546,13.49,-11.14,-172.9356,-3.491,-4.82,2.7392498
6/14/12 13:30,4119.8211,63.3,7.994,465.9524,-1.6,-0.8,0.1682,14.32,-12.79,-302.5916,-5.479,-3.7,2.2421066
6/14/12 14:00,4122.1211,88.9,8.662,465.9386,-1.93,-0.04,0.1771,16.7,-16.7,-422.355,-8.3502,-0.17,2.3399658
6/14/12 14:30,4124.4211,127.7,8.693,465.8696,-2.43,1.88,0.2023,26.69,-21.12,-483.5161,-16.2463,8.64,2.7071109
6/14/12 15:00,4126.6961,100.7,8.838,455.733,-2.69,0.51,0.2165,24.19,-23.77,-510.0361,-17.1046,2.29,2.1336306
6/14/12 15:30,4128.9461,75.7,9.104,455.697,-2.41,-0.62,0.2201,22.67,-21.97,-508.1912,-17.9845,-2.77,3.346023
6/14/12 16:00,4131.1961,71.4,9.07,455.6835,-2.63,-0.89,0.2263,25.19,-23.87,-475.8108,-21.8129,-3.99,3.2871113
6/14/12 16:30,4133.4461,68.8,8.643,455.733,-2.82,-1.1,0.2249,26.19,-24.42,-414.8145,-24.1948,-4.93,3.0844112
6/14/12 17:00,4135.6961,74.5,8.22,455.697,-2.66,-0.74,0.211,22.65,-21.83,-336.5295,-21.8824,-3.31,3.6295031
6/14/12 17:30,4137.9211,77.5,7.587,445.6936,-2.88,-0.64,0.2047,22.36,-21.83,-241.3296,-22.1676,-2.81,2.8307043
6/14/12 18:00,4140.1211,88.9,7.123,445.8256,-2.96,-0.06,0.1993,21.09,-21.09,-143.782,-21.0912,-0.25,2.1886187
6/14/12 18:30,4142.2461,85.5,6.754,415.5555,-2.7,-0.21,0.1943,18.29,-18.23,-60.1757,-18.1334,-0.87,2.8346856
6/14/12 19:00,4144.2211,90.6,5.885,385.2364,-3.42,0.04,0.1974,20.13,-20.13,-11.368,-19.4409,0.14,2.2968639
6/14/12 19:30,4146.0461,86.9,4.888,354.8685,-3.05,-0.17,0.1938,14.92,-14.9,0.0,-13.7871,-0.58,2.2879781
6/14/12 20:00,4147.7211,79.1,4.239,324.544,-2.85,-0.55,0.1877,12.31,-12.09,0.0,-10.6645,-1.76,2.4236885
6/14/12 20:30,4149.2711,80.1,3.981,304.371,-2.39,-0.42,0.1815,9.67,-9.53,0.0,-7.6716,-1.25,2.9741465
6/14/12 21:00,4150.7461,83.7,4.293,294.3732,-2.79,-0.31,0.1761,12.06,-11.99,0.0,-8.5301,-0.89,2.2385292
6/14/12 21:30,4152.1461,85.7,3.85,274.1364,-2.74,-0.21,0.1657,10.6,-10.57,0.0,-6.4499,-0.56,2.2385292
6/14/12 22:00,4153.4711,81.7,3.552,263.9806,-2.5,-0.37,0.156,8.99,-8.89,0.0,-4.4933,-0.95,2.1929462
6/14/12 22:30,4154.7461,76.5,3.492,253.77,-2.47,-0.59,0.1445,8.86,-8.61,0.0,-3.3889,-1.48,2.7436927
6/14/12 23:00,4155.9711,79.1,3.083,243.5832,-2.99,-0.58,0.1349,9.38,-9.21,0.0,-2.4273,-1.38,2.2425682
6/14/12 23:30,4157.1461,80.7,2.654,233.4316,-2.77,-0.45,0.1294,7.45,-7.35,0.0,-0.972,-1.04,2.2344325
6/15/12 0:00,4158.2961,79.8,2.555,233.4845,-2.56,-0.46,0.1206,6.66,-6.55,0.0,0.0,-1.06,2.6834539
6/15/12 0:30,4159.4211,83.1,2.301,223.3572,-2.4,-0.29,0.1146,5.56,-5.52,0.0,0.7253,-0.64,2.2344325
6/15/12 1:00,4160.4961,67.7,2.166,213.2172,-1.71,-0.7,0.1115,3.99,-3.69,0.0,1.0332,-1.47,2.2287779
6/15/12 1:30,4161.5461,56.2,2.395,213.2046,-1.79,-1.2,0.1077,5.15,-4.28,0.0,1.9696,-2.51,2.2690525
6/15/12 2:00,4162.5711,61.0,2.43,203.048,-1.29,-0.71,0.1044,3.57,-3.12,0.0,1.7861,-1.43,2.2576279
6/15/12 2:30,4163.5711,55.7,2.6,203.05,-1.11,-0.76,0.0957,3.5,-2.89,0.0,2.1288,-1.52,2.5463587
6/15/12 3:00,4164.5461,59.4,3.152,192.8937,-1.69,-1.0,0.0824,6.19,-5.33,0.0,4.3796,-1.9,2.2890167
6/15/12 3:30,4165.4961,57.4,3.38,192.8937,-2.02,-1.29,0.0755,8.08,-6.81,0.0,6.4142,-2.45,2.2344325
6/15/12 4:00,4166.4211,61.5,3.335,182.7558,-2.14,-1.16,0.0704,8.11,-7.13,0.0,7.0241,-2.09,2.3902225
6/15/12 4:30,4167.3211,65.3,3.177,182.8062,-1.91,-0.88,0.0636,6.68,-6.07,1.0819,6.1756,-1.58,2.4718103
6/15/12 5:00,4168.2211,62.3,3.159,182.8116,-2.19,-1.15,0.0591,7.81,-6.91,14.968,7.5399,-2.07,2.3479861
6/15/12 5:30,4169.1211,78.1,3.102,182.8296,-2.34,-0.49,0.0553,7.42,-7.26,44.9313,7.3565,-0.89,1.4506934
6/15/12 6:00,4169.9961,62.7,3.022,172.7217,-1.86,-0.96,0.0548,6.33,-5.63,57.778,6.3311,-1.63,2.3350036
6/15/12 6:30,4170.8461,62.2,3.349,172.7353,-1.96,-1.04,0.0496,7.43,-6.58,98.3543,7.3712,-1.76,1.6647027
6/15/12 7:00,4171.6961,62.2,3.55,172.7846,-1.59,-0.84,0.0442,6.39,-5.66,142.8894,6.1757,-1.43,1.9882266
6/15/12 7:30,4172.5211,61.6,4.005,162.6032,-1.89,-1.02,0.0412,8.61,-7.57,269.1566,7.9516,-1.64,2.3815098
6/15/12 8:00,4173.3211,48.9,4.503,162.56,-1.5,-1.31,0.0405,8.98,-6.77,414.5837,7.776,-2.1,2.4757339
6/15/12 8:30,4174.1211,55.1,5.38,162.536,-1.88,-1.31,0.0517,12.35,-10.13,509.9239,9.7999,-2.1,2.4307279
6/15/12 9:00,4174.9211,52.6,5.831,162.488,-1.87,-1.43,0.0748,13.76,-10.93,438.1722,9.7265,-2.29,2.4709448
6/15/12 9:30,4175.6961,59.0,6.171,152.3325,-1.33,-0.8,0.0986,9.58,-8.21,381.5266,5.8303,-1.2,2.2136028
6/15/12 10:00,4176.4461,74.3,6.653,152.3115,-1.33,-0.37,0.119,9.21,-8.86,388.107,4.6039,-0.56,0.7922787
6/15/12 10:30,4177.1961,73.8,6.948,152.301,-1.0,-0.29,0.1155,7.27,-6.98,336.6493,2.7812,-0.44,2.6671248
6/15/12 11:00,4177.9211,107.5,7.568,142.1322,-0.96,0.3,0.1255,7.65,-7.3,176.8738,1.9803,0.43,1.3513917
6/15/12 11:30,4178.6211,85.7,7.744,142.1084,-0.58,-0.04,0.1132,4.48,-4.46,85.7604,0.5842,-0.06,2.3191938
6/15/12 12:00,4179.2961,140.3,8.341,131.9253,-0.85,1.02,0.0987,11.05,-7.06,0.0,0.0,1.33,1.612138
6/15/12 12:30,4179.9461,133.9,8.492,131.8733,-1.67,1.6,0.1029,19.63,-14.14,-94.5678,-2.5616,2.08,1.4115728
6/15/12 13:00,4180.5961,119.0,8.336,131.8265,-1.46,0.81,0.1083,13.89,-12.15,-108.2443,-3.5944,1.05,2.4618859
6/15/12 13:30,4181.2461,117.8,8.026,131.807,-1.39,0.73,0.0975,12.64,-11.18,-205.3422,-4.8375,0.95,1.9553376
6/15/12 14:00,4181.8711,107.5,8.467,121.65,-1.43,0.45,0.0961,12.72,-12.13,-283.169,-6.3587,0.54,1.8343984
6/15/12 14:30,4182.4711,94.1,8.155,121.632,-2.15,0.15,0.0967,17.58,-17.54,-374.3122,-10.7034,0.18,1.9908231
6/15/12 15:00,4183.0711,89.1,8.153,121.5816,-2.93,-0.05,0.1129,23.86,-23.85,-539.7982,-16.8685,-0.06,1.9649735
6/15/12 15:30,4183.6461,96.7,8.054,111.4597,-2.63,0.31,0.1272,21.3,-21.16,-481.0982,-16.9007,0.34,2.9949762
6/15/12 16:00,4184.1961,94.7,7.524,111.4542,-2.96,0.24,0.1213,22.36,-22.29,-320.852,-19.3655,0.27,2.8252805
6/15/12 16:30,4184.7461,92.3,6.884,111.4476,-2.88,0.12,0.1048,19.82,-19.8,-224.0861,-18.3104,0.13,3.7616361
6/15/12 17:00,4185.2961,84.1,5.969,111.4641,-3.15,-0.33,0.0996,18.92,-18.82,-167.3679,-18.277,-0.36,1.6359681
6/15/12 17:30,4185.8461,85.2,5.283,111.4894,-3.41,-0.29,0.097,18.1,-18.04,-127.4939,-17.95,-0.32,2.6839155
6/15/12 18:00,4186.3961,81.9,5.044,111.5125,-3.0,-0.43,0.0894,15.26,-15.11,-77.051,-15.2631,-0.47,2.1250333
6/15/12 18:30,4186.9211,85.8,4.919,101.397,-2.67,-0.2,0.0788,13.19,-13.15,-33.4305,-13.075,-0.2,4.2186778
6/15/12 19:00,4187.4211,85.1,4.593,101.41,-2.68,-0.23,0.0731,12.35,-12.3,-6.0554,-11.9253,-0.23,2.9610486
6/15/12 19:30,4187.9211,84.6,4.114,101.44,-2.68,-0.25,0.0712,11.07,-11.02,0.0,-10.2243,-0.25,2.8668245
6/15/12 20:00,4188.4211,85.3,3.597,101.467,-2.58,-0.21,0.0709,9.3,-9.27,0.0,-8.0525,-0.21,2.3246176
6/15/12 20:30,4188.9211,92.3,3.318,101.501,-2.47,0.1,0.0687,8.21,-8.2,0.0,-6.5124,0.1,2.2991142
6/15/12 21:00,4189.4211,87.9,2.98,101.512,-2.2,-0.08,0.0671,6.55,-6.54,0.0,-4.6295,-0.08,1.8686722
6/15/12 21:30,4189.9211,79.6,2.686,101.511,-1.93,-0.35,0.0665,5.28,-5.19,0.0,-3.213,-0.35,1.9469134
6/15/12 22:00,4190.4211,87.4,2.598,101.49,-2.35,-0.11,0.0672,6.12,-6.11,0.0,-3.0578,-0.11,2.2878627
6/15/12 22:30,4190.9211,98.2,2.415,101.488,-1.23,0.18,0.0652,3.0,-2.97,0.0,-1.1478,0.18,2.2878627
6/15/12 23:00,4191.4211,84.9,2.23,101.459,-1.1,-0.1,0.0651,2.46,-2.45,0.0,-0.6355,-0.1,2.2230656
6/15/12 23:30,4191.9211,80.9,2.143,101.442,-0.87,-0.14,0.0649,1.88,-1.86,0.0,-0.2456,-0.14,2.2359327
6/16/12 0:00,4192.4211,97.9,2.141,101.438,-0.89,0.12,0.0637,1.92,-1.9,0.0,0.0,0.12,2.236452
6/16/12 0:30,4192.9211,110.1,2.122,101.405,-1.21,0.44,0.0607,2.72,-2.56,0.0,0.3556,0.44,1.6381607
6/16/12 1:00,4193.4211,119.8,1.995,101.378,-1.16,0.66,0.061,2.66,-2.31,0.0,0.6878,0.66,1.4063221
6/16/12 1:30,4193.9211,110.6,1.875,101.368,-0.86,0.32,0.0627,1.72,-1.61,0.0,0.6587,0.32,2.249146
6/16/12 2:00,4194.4211,98.6,1.746,101.328,-1.44,0.22,0.064,2.54,-2.52,0.0,1.272,0.22,2.2293549
6/16/12 2:30,4194.9211,83.4,1.775,101.322,-0.78,-0.09,0.0596,1.39,-1.38,0.0,0.8461,-0.09,2.2293549
6/16/12 3:00,4195.4211,102.8,1.782,101.314,-0.56,0.13,0.0591,1.03,-1.0,0.0,0.7258,0.13,2.2293549
6/16/12 3:30,4195.9211,98.5,1.822,101.308,-0.48,0.07,0.0583,0.88,-0.87,0.0,0.6967,0.07,2.2293549
6/16/12 4:00,4196.4211,100.1,1.795,101.283,-0.61,0.11,0.0587,1.11,-1.09,0.0,0.9622,0.11,2.2799001
6/16/12 4:30,4196.9211,92.9,1.709,101.264,-0.75,0.04,0.0572,1.28,-1.28,0.7169,1.181,0.04,2.305692
6/16/12 5:00,4197.4211,101.1,1.672,101.234,-1.05,0.21,0.0541,1.79,-1.76,9.2864,1.7281,0.21,2.328772
6/16/12 5:30,4197.9211,125.1,1.707,101.245,-0.69,0.49,0.048,1.44,-1.18,25.6933,1.4301,0.49,0.9317396
6/16/12 6:00,4198.4211,106.2,2.036,101.236,-1.47,0.43,0.0407,3.12,-2.99,49.758,3.1171,0.43,1.4123806
6/16/12 6:30,4198.9211,101.6,2.207,101.239,-1.28,0.26,0.0342,2.89,-2.83,70.6266,2.8664,0.26,2.4901589
6/16/12 7:00,4199.4211,91.7,2.349,101.235,-1.08,0.03,0.0281,2.53,-2.53,108.0147,2.4437,0.03,1.9342771
6/16/12 7:30,4199.9211,98.4,2.414,101.24,-1.27,0.19,0.0236,3.09,-3.06,156.3417,2.8569,0.19,1.6447385
6/16/12 8:00,4200.4211,84.8,2.542,101.251,-1.01,-0.09,0.0228,2.58,-2.57,111.1344,2.2367,-0.09,1.9285648
6/16/12 8:30,4200.9461,112.9,2.432,111.3519,-1.33,0.56,0.0198,3.51,-3.23,125.8798,2.7822,0.62,1.8224545
6/16/12 9:00,4201.4961,129.8,1.971,111.3233,-1.27,1.06,0.0256,3.25,-2.5,93.9215,2.301,1.16,0.9538964
6/16/12 9:30,4202.0711,132.6,1.779,121.4412,-0.83,0.76,0.0258,2.01,-1.48,76.8476,1.2227,0.92,0.6385659
6/16/12 10:00,4202.6961,109.7,1.492,131.5067,-1.4,0.5,0.0261,2.22,-2.09,99.15,1.11,0.65,1.8076833
6/16/12 10:30,4203.3711,119.5,1.321,141.5652,-1.78,1.01,0.0261,2.71,-2.36,79.9364,1.0358,1.41,1.1509996
6/16/12 11:00,4204.0461,129.6,1.651,131.3611,-2.03,1.68,0.0206,4.35,-3.35,73.0416,1.126,2.18,1.8241278
6/16/12 11:30,4204.6961,153.5,2.885,131.3325,-1.18,2.37,0.0045,7.63,-3.4,54.9836,0.9956,3.08,2.018346
6/16/12 12:00,4205.3211,156.6,3.406,121.2564,-0.86,1.98,0.012,7.36,-2.92,0.0,0.0,2.38,2.1541141
6/16/12 12:30,4205.9211,151.0,2.915,121.2252,-1.05,1.89,0.0142,6.3,-3.06,-10.0646,-0.8226,2.27,0.9293739
6/16/12 13:00,4206.5211,136.6,2.27,121.188,-1.52,1.61,0.0193,5.02,-3.45,-36.4275,-1.2984,1.93,1.6074643
6/16/12 13:30,4207.1211,146.0,3.087,121.1664,-1.32,1.95,0.0078,7.27,-4.07,-101.7184,-2.7821,2.34,1.2739006
6/16/12 14:00,4207.7211,149.6,3.168,121.122,-1.53,2.61,0.0167,9.59,-4.85,-59.6605,-4.7932,3.13,1.3647204
6/16/12 14:30,4208.3211,144.6,2.353,121.08,-1.76,2.48,0.0222,7.15,-4.14,-129.9937,-4.3502,2.97,1.071489
6/16/12 15:00,4208.9461,137.6,1.586,131.0985,-1.9,2.08,0.0325,4.46,-3.01,-91.279,-3.1536,2.7,0.9521077
6/16/12 15:30,4209.5961,145.7,1.574,131.066,-1.1,1.62,0.0312,3.08,-1.74,-73.5661,-2.4438,2.1,2.0615633
6/16/12 16:00,4210.2461,123.9,1.268,131.053,-1.38,0.93,0.036,2.11,-1.75,-91.7909,-1.824,1.2,1.4491932
6/16/12 16:30,4210.9211,97.9,0.959,141.0738,-1.48,0.21,0.0392,1.43,-1.42,-75.3036,-1.3246,0.29,2.118167
6/16/12 17:00,4211.6461,88.7,0.787,151.1025,-1.31,-0.03,0.0414,1.03,-1.03,-43.7255,-0.9966,-0.04,2.1825025
6/16/12 17:30,4212.3961,84.8,0.738,151.0785,-1.36,-0.12,0.0388,1.01,-1.0,-36.973,-0.9966,-0.19,2.1785789
6/16/12 18:00,4213.1461,64.8,0.702,151.035,-1.29,-0.61,0.035,1.0,-0.9,-19.821,-0.9975,-0.91,3.0035735
6/16/12 18:30,4213.8961,50.8,0.674,150.9705,-1.52,-1.24,0.0331,1.32,-1.03,-10.5966,-1.3124,-1.86,3.2133707
6/16/12 19:00,4214.6461,48.6,0.688,150.9345,-1.64,-1.44,0.0296,1.5,-1.13,-0.3149,-1.4501,-2.16,4.8365871
6/16/12 19:30,4215.3961,44.2,0.675,150.9165,-1.26,-1.3,0.0246,1.22,-0.85,0.0,-1.1275,-1.94,3.088681
6/16/12 20:00,4216.1461,20.3,0.584,150.915,-0.36,-0.98,0.0207,0.61,-0.21,0.0,-0.5275,-1.47,3.088681
6/16/12 20:30,4216.8961,333.1,0.53,150.9195,0.42,-0.83,0.0204,0.49,0.22,0.0,-0.3919,-1.25,3.088681
6/16/12 21:00,4217.6461,331.7,0.506,150.936,0.53,-0.98,0.0243,0.57,0.27,0.0,-0.3997,-1.48,3.0433865
6/16/12 21:30,4218.3961,331.7,0.48,150.9495,0.62,-1.16,0.0239,0.63,0.3,0.0,-0.3837,-1.73,3.0433865
6/16/12 22:00,4219.1461,343.0,0.468,150.93,0.37,-1.22,0.0247,0.6,0.17,0.0,-0.2979,-1.83,3.0433865
6/16/12 22:30,4219.8961,333.0,0.49,150.927,0.38,-0.75,0.0249,0.41,0.19,0.0,-0.1585,-1.13,3.0433865
6/16/12 23:00,4220.6461,321.2,0.568,150.894,0.27,-0.34,0.024,0.25,0.15,0.0,-0.0639,-0.51,3.0433865
6/16/12 23:30,4221.3961,277.3,0.596,150.882,0.65,-0.08,0.0207,0.39,0.39,0.0,-0.0513,-0.13,3.0433865
6/17/12 0:00,4222.1461,281.2,0.602,150.8595,0.89,-0.18,0.0188,0.55,0.54,0.0,0.0,-0.27,3.0433865
6/17/12 0:30,4222.8961,270.5,0.59,150.807,0.86,-0.01,0.0191,0.51,0.51,0.0,0.066,-0.01,3.0433865
6/17/12 1:00,4223.6461,323.7,0.565,150.723,0.51,-0.7,0.0199,0.49,0.29,0.0,0.1268,-1.05,3.0433865
6/17/12 1:30,4224.3961,357.2,0.567,150.657,0.04,-0.87,0.0212,0.49,0.02,0.0,0.1881,-1.3,3.0253841
6/17/12 2:00,4225.1461,20.3,0.602,150.6015,-0.1,-0.26,0.0207,0.17,-0.06,0.0,0.0849,-0.4,3.0253841
6/17/12 2:30,4225.8961,299.2,0.67,150.618,0.34,-0.19,0.0186,0.26,0.23,0.0,0.157,-0.28,3.0433865
6/17/12 3:00,4226.6461,322.1,0.663,150.6015,0.35,-0.44,0.0172,0.37,0.23,0.0,0.2639,-0.67,3.0433865
6/17/12 3:30,4227.3961,350.7,0.606,150.591,0.08,-0.47,0.0176,0.29,0.05,0.0,0.2284,-0.7,3.0433865
6/17/12 4:00,4228.1711,322.4,0.571,160.616,0.51,-0.67,0.0171,0.48,0.29,0.0,0.4164,-1.07,3.0433865
6/17/12 4:30,4228.9711,334.3,0.598,160.592,0.25,-0.53,0.0167,0.35,0.15,0.3908,0.3232,-0.84,3.087527
6/17/12 5:00,4229.7711,41.5,0.621,160.536,-0.38,-0.43,0.0171,0.36,-0.24,2.1009,0.3473,-0.69,3.0443097
6/17/12 5:30,4230.5711,359.2,0.567,160.496,0.02,-1.3,0.0179,0.74,0.01,10.202,0.7314,-2.08,3.0618505
6/17/12 6:00,4231.3961,342.7,0.581,170.493,0.41,-1.32,0.0168,0.8,0.24,23.216,0.8041,-2.25,1.25209
6/17/12 6:30,4232.2461,356.8,0.66,170.4505,0.09,-1.59,0.0154,1.05,0.06,27.3322,1.0398,-2.7,1.9890921
6/17/12 7:00,4233.0961,12.6,0.763,170.391,-0.21,-0.94,0.0128,0.73,-0.16,63.5135,0.7097,-1.6,2.3122121
6/17/12 7:30,4233.9461,323.8,1.043,170.425,0.64,-0.87,0.01,1.13,0.67,88.7359,1.0445,-1.49,2.0355406
6/17/12 8:00,4234.7961,318.5,1.106,170.5066,1.36,-1.54,0.012,2.27,1.51,85.9158,1.9683,-2.62,2.0389449
6/17/12 8:30,4235.6461,301.2,1.161,170.5253,1.14,-0.69,0.0127,1.55,1.32,112.6236,1.226,-1.17,1.4144001
6/17/12 9:00,4236.4711,302.1,1.63,160.536,1.48,-0.93,0.0078,2.85,2.42,199.5462,2.017,-1.49,1.466734
6/17/12 9:30,4237.2461,312.6,2.052,150.5355,1.64,-1.51,0.0074,4.57,3.37,161.1239,2.7832,-2.26,2.3937422
6/17/12 10:00,4237.9961,308.3,2.528,150.5235,1.27,-1.0,0.0104,4.1,3.22,140.4865,2.0489,-1.51,1.7364815
6/17/12 10:30,4238.7461,272.7,2.834,150.5175,1.05,-0.05,0.0181,2.98,2.98,130.621,1.1409,-0.07,2.1655964
6/17/12 11:00,4239.4711,302.9,3.115,140.4634,1.0,-0.64,0.0265,3.7,3.1,94.5826,0.957,-0.9,2.1059346
6/17/12 11:30,4240.1711,314.6,3.167,140.4494,1.03,-1.02,0.0317,4.6,3.28,55.5604,0.6006,-1.43,2.7218821
6/17/12 12:00,4240.8711,299.5,4.026,140.4676,0.87,-0.49,0.0336,4.0,3.48,0.0,0.0,-0.69,2.0674487
6/17/12 12:30,4241.5711,229.2,5.328,140.4102,0.51,0.44,0.027,3.62,2.74,-68.9255,-0.4729,0.62,2.3777593
6/17/12 13:00,4242.2461,243.3,6.183,130.3354,0.93,0.47,0.0367,6.43,5.74,-157.1177,-1.6643,0.61,2.2734954
6/17/12 13:30,4242.8961,261.3,6.358,130.3146,0.92,0.14,0.0486,5.9,5.83,-193.2486,-2.2579,0.18,2.1047806
6/17/12 14:00,4243.5461,268.8,6.33,130.3081,0.49,0.01,0.0511,3.09,3.09,-296.105,-1.5445,0.01,1.66753
6/17/12 14:30,4244.1961,279.2,7.065,130.3224,0.65,-0.11,0.0681,4.68,4.62,-420.9616,-2.8515,-0.14,1.5638431
6/17/12 15:00,4244.8211,352.0,7.293,120.3228,0.03,-0.23,0.0681,1.66,0.23,-370.9355,-1.1758,-0.27,1.0511209
6/17/12 15:30,4245.4211,186.4,8.058,120.3336,0.06,0.49,0.0635,3.98,0.44,-472.6133,-3.1581,0.59,1.6810895
6/17/12 16:00,4246.0211,224.0,8.57,120.3348,0.42,0.44,0.057,5.23,3.63,-251.6271,-4.5273,0.53,2.0854511
6/17/12 16:30,4246.6211,206.7,9.192,120.3312,0.25,0.51,0.0295,5.21,2.34,-308.5702,-4.8151,0.61,1.5188948
6/17/12 17:00,4247.2211,164.4,9.465,120.3384,-0.11,0.39,0.0082,3.81,-1.03,-203.1216,-3.6844,0.47,3.2504141
6/17/12 17:30,4247.8211,147.0,8.999,120.3564,-0.42,0.65,-0.0097,6.97,-3.8,-198.283,-6.9146,0.78,2.6405828
6/17/12 18:00,4248.4211,188.7,8.369,120.408,0.12,0.78,-0.0184,6.58,0.99,-139.635,-6.578,0.93,3.7700603
6/17/12 18:30,4248.9961,190.8,7.522,110.4004,0.06,0.33,-0.0175,2.49,0.47,-64.5877,-2.4685,0.36,3.2216218
6/17/12 19:00,4249.5711,174.3,4.928,120.4752,-0.04,0.4,-0.0076,1.96,-0.19,-12.1349,-1.8945,0.48,2.943277
6/17/12 19:30,4250.1711,111.2,3.088,120.4992,-0.46,0.18,0.0205,1.51,-1.41,0.0,-1.3951,0.21,2.7810246
6/17/12 20:00,4250.7961,99.1,3.379,130.5954,-0.33,0.05,0.0145,1.14,-1.12,0.0,-0.9862,0.07,2.7810246
6/17/12 20:30,4251.4461,58.4,2.489,130.6721,-0.55,-0.34,0.0196,1.6,-1.36,0.0,-1.2658,-0.44,2.4254195
6/17/12 21:00,4252.0961,98.7,2.465,130.7124,-0.64,0.1,0.0167,1.61,-1.59,0.0,-1.1364,0.13,2.2725145
6/17/12 21:30,4252.7461,81.9,2.352,130.7566,-0.51,-0.07,0.0135,1.2,-1.19,0.0,-0.7317,-0.09,2.6868005
6/17/12 22:00,4253.3961,70.6,1.875,130.7787,-0.5,-0.18,0.0156,1.0,-0.94,0.0,-0.4988,-0.23,2.7379804
6/17/12 22:30,4254.0461,88.4,1.704,130.7748,-0.93,-0.03,0.0079,1.59,-1.59,0.0,-0.6071,-0.03,2.7379804
6/17/12 23:00,4254.6961,110.0,1.45,130.7735,-0.62,0.23,0.0125,0.96,-0.9,0.0,-0.2488,0.29,2.7379804
6/17/12 23:30,4255.3461,48.4,2.152,130.7995,-0.4,-0.36,0.0123,1.15,-0.86,0.0,-0.1506,-0.46,2.9207163
6/18/12 0:00,4255.9961,170.4,2.457,130.7891,-0.04,0.25,0.0208,0.63,-0.11,0.0,0.0,0.33,3.0219221
6/18/12 0:30,4256.6461,80.4,1.596,130.7735,-0.25,-0.04,0.0319,0.41,-0.4,0.0,0.0529,-0.06,2.9899563
6/18/12 1:00,4257.2961,93.4,1.071,130.7696,-0.14,0.01,0.0418,0.15,-0.15,0.0,0.0399,0.01,3.192541
6/18/12 1:30,4257.9461,108.6,1.75,130.7631,-0.41,0.14,0.0295,0.76,-0.72,0.0,0.29,0.18,3.1228394
6/18/12 2:00,4258.5961,334.6,1.734,130.7657,0.27,-0.57,0.0391,1.09,0.47,0.0,0.5436,-0.74,3.4163593
6/18/12 2:30,4259.2211,334.3,0.924,120.7224,0.07,-0.15,0.0575,0.15,0.07,0.0,0.0922,-0.18,3.61779
6/18/12 3:00,4259.8211,138.1,0.723,120.7464,-0.3,0.33,0.0596,0.32,-0.21,0.0,0.227,0.4,3.5763614
6/18/12 3:30,4260.4211,56.2,0.727,120.7704,-0.19,-0.13,0.0638,0.17,-0.14,0.0,0.1338,-0.15,3.38699
6/18/12 4:00,4261.0211,32.2,0.723,120.7812,-0.2,-0.31,0.057,0.26,-0.14,0.0,0.2292,-0.37,3.4858878
6/18/12 4:30,4261.6211,75.6,0.66,120.8088,-0.54,-0.14,0.0645,0.37,-0.36,1.9318,0.339,-0.17,3.1731538
6/18/12 5:00,4262.2211,50.3,0.703,120.8244,-0.19,-0.16,0.0638,0.18,-0.14,17.6726,0.1711,-0.19,3.056946
6/18/12 5:30,4262.8211,314.8,0.785,120.8544,0.42,-0.42,0.0525,0.47,0.33,66.9235,0.4654,-0.51,2.3770092
6/18/12 6:00,4263.3961,341.8,2.026,110.8173,0.14,-0.42,0.036,0.89,0.28,118.629,0.8914,-0.46,2.0690066
6/18/12 6:30,4263.9211,13.0,3.479,100.78,-0.19,-0.82,0.0337,2.93,-0.66,188.662,2.9043,-0.82,1.7226335
6/18/12 7:00,4264.4211,325.0,3.606,100.778,0.44,-0.62,0.0337,2.75,1.58,274.6465,2.6541,-0.62,2.110089
6/18/12 7:30,4264.9211,258.8,4.33,100.805,0.3,0.06,0.0314,1.31,1.29,287.4004,1.2121,0.06,1.2441851
6/18/12 8:00,4265.4211,256.2,4.514,100.802,0.49,0.12,0.032,2.26,2.2,344.1568,1.9585,0.12,2.7185355
6/18/12 8:30,4265.9211,233.3,6.873,100.81,0.49,0.36,0.0141,4.19,3.36,399.1734,3.3262,0.36,2.4101867
6/18/12 9:00,4266.4211,235.6,7.695,100.799,0.4,0.27,0.0171,3.74,3.09,390.1752,2.6444,0.27,2.2096792
6/18/12 9:30,4266.8961,140.3,9.601,90.7101,-0.54,0.65,0.0057,8.08,-5.16,359.207,4.9213,0.58,2.3135392
6/18/12 10:00,4267.3461,147.3,11.304,90.7128,-0.61,0.96,0.0047,12.85,-6.94,278.4595,6.4263,0.86,2.0605247
6/18/12 10:30,4267.7711,172.3,11.775,80.6304,-0.23,1.74,-0.002,20.63,-2.76,305.5398,7.8947,1.39,2.8237226
6/18/12 11:00,4268.1711,172.4,11.02,80.6264,-0.2,1.5,0.0183,16.72,-2.21,211.7142,4.3268,1.2,2.0129222
6/18/12 11:30,4268.5461,139.3,11.811,70.539,-1.36,1.58,0.0237,24.63,-16.06,64.1244,3.2143,1.11,2.4565775
6/18/12 12:00,4268.8961,152.5,10.281,70.5355,-0.98,1.89,0.0136,21.86,-10.09,0.0,0.0,1.32,3.1809433
6/18/12 12:30,4269.2461,149.8,10.824,70.5306,-1.52,2.61,0.0069,32.69,-16.44,-68.5298,-4.2667,1.83,0.614505
6/18/12 13:00,4269.5961,144.8,11.92,70.5124,-1.84,2.61,0.0074,38.07,-21.95,-146.5998,-9.8539,1.83,1.3026352
6/18/12 13:30,4269.9461,155.3,12.133,70.5026,-1.18,2.57,0.0077,34.38,-14.37,-280.0313,-13.1585,1.8,2.5097769
6/18/12 14:00,4270.2711,137.7,12.12,60.4272,-2.13,2.34,0.0229,38.31,-25.78,-384.3985,-19.1557,1.4,2.3548524
6/18/12 14:30,4270.5461,156.0,12.337,50.347,-1.22,2.73,0.0387,36.89,-15.0,-398.8794,-22.4558,1.37,2.6777416
6/18/12 15:00,4270.7961,155.0,13.913,50.3425,-1.28,2.75,0.0435,42.17,-17.82,-521.8335,-29.8189,1.37,2.1823294
6/18/12 15:30,4271.0461,169.3,14.236,50.3415,-0.58,3.06,0.0515,44.29,-8.22,-507.7049,-35.1362,1.53,2.3956463
6/18/12 16:00,4271.2711,159.7,13.507,40.27,-1.09,2.95,0.0401,42.43,-14.72,-478.3041,-36.7415,1.18,2.8719598
6/18/12 16:30,4271.4711,141.5,12.769,40.264,-2.16,2.71,0.0299,44.27,-27.56,-432.8394,-40.9003,1.09,3.476425
6/18/12 17:00,4271.6711,143.2,11.89,40.2716,-2.2,2.94,0.0176,43.65,-26.15,-343.9073,-42.1609,1.18,2.0250969
6/18/12 17:30,4271.8461,129.9,11.154,30.2109,-2.45,2.05,0.0082,35.66,-27.36,-235.607,-35.3543,0.62,2.2051786
6/18/12 18:00,4271.9961,143.8,10.966,30.216,-1.84,2.51,-0.0054,34.17,-20.18,-161.714,-34.1701,0.75,2.035079
6/18/12 18:30,4272.1461,141.8,10.19,30.2196,-1.68,2.13,-0.001,27.67,-17.11,-47.9512,-27.4292,0.64,2.2186804
6/18/12 19:00,4272.2961,128.0,9.392,30.2238,-1.91,1.49,0.0006,22.77,-17.94,-8.1988,-21.9905,0.45,3.5871513
6/18/12 19:30,4272.4461,130.1,8.347,30.2346,-1.48,1.25,0.0021,16.2,-12.39,0.0,-14.9683,0.38,3.3133071
6/18/12 20:00,4272.5711,128.4,7.658,20.1646,-1.36,1.07,0.0043,13.24,-10.38,0.0,-11.4668,0.21,1.4947185
6/18/12 20:30,4272.6711,127.8,7.132,20.1692,-1.44,1.12,0.0054,13.04,-10.3,0.0,-10.3432,0.22,1.1424023
6/18/12 21:00,4272.7711,129.3,6.298,20.1818,-0.92,0.75,0.0082,7.46,-5.77,0.0,-5.2728,0.15,2.8090091
6/18/12 21:30,4272.8711,117.2,5.239,20.192,-0.87,0.45,0.017,5.11,-4.54,0.0,-3.1096,0.09,2.9708576
6/18/12 22:00,4272.9711,103.5,4.805,20.1916,-0.89,0.21,0.0195,4.41,-4.29,0.0,-2.2055,0.04,2.9555094
6/18/12 22:30,4273.0711,65.9,4.385,20.1894,-0.83,-0.37,0.0181,4.01,-3.66,0.0,-1.5338,-0.07,2.9555094
6/18/12 23:00,4273.1711,62.1,3.644,20.1898,-0.62,-0.33,0.0212,2.56,-2.26,0.0,-0.6621,-0.07,2.9796857
6/18/12 23:30,4273.2711,73.4,3.898,20.187,-0.82,-0.24,0.0185,3.33,-3.19,0.0,-0.435,-0.05,2.9796857
6/19/12 0:00,4273.3711,83.1,3.576,20.1836,-0.79,-0.1,0.0214,2.84,-2.82,0.0,0.0,-0.02,2.8449562
6/19/12 0:30,4273.4711,72.2,3.149,20.1758,-0.86,-0.28,0.0233,2.86,-2.72,0.0,0.3732,-0.06,2.9458158
6/19/12 1:00,4273.5711,64.7,3.357,20.176,-0.59,-0.28,0.0152,2.19,-1.98,0.0,0.5665,-0.06,2.8449562
6/19/12 1:30,4273.6961,193.8,3.012,30.2658,0.06,0.26,0.0181,0.79,0.19,0.0,0.3031,0.08,2.9308715
6/19/12 2:00,4273.8461,23.4,1.932,30.2577,-0.19,-0.44,0.0232,0.93,-0.37,0.0,0.4656,-0.13,3.1275708
6/19/12 2:30,4273.9961,45.9,2.137,30.2547,-0.29,-0.29,0.0261,0.88,-0.63,0.0,0.5334,-0.09,3.0628314
6/19/12 3:00,4274.1461,81.7,2.346,30.2493,-0.55,-0.08,0.0278,1.3,-1.28,0.0,0.9174,-0.02,3.1264168
6/19/12 3:30,4274.2961,93.8,2.35,30.2487,-0.8,0.05,0.0214,1.89,-1.89,0.0,1.5008,0.02,3.1264168
6/19/12 4:00,4274.4211,94.9,2.971,20.1676,-0.86,0.07,0.0059,2.56,-2.55,0.0,2.2205,0.01,2.9458158
6/19/12 4:30,4274.5211,68.7,3.065,20.1704,-0.7,-0.27,0.0023,2.32,-2.16,0.8056,2.1408,-0.05,2.8429367
6/19/12 5:00,4274.6211,53.3,3.288,20.1702,-0.94,-0.7,-0.0012,3.86,-3.1,8.1379,3.7318,-0.14,2.5949998
6/19/12 5:30,4274.7211,60.0,3.571,20.1742,-0.77,-0.45,-0.005,3.19,-2.76,17.1589,3.1581,-0.09,3.4830605
6/19/12 6:00,4274.8211,71.0,3.422,20.1758,-0.51,-0.18,-0.0051,1.86,-1.76,40.641,1.8581,-0.04,0.8987352
6/19/12 6:30,4274.9211,53.8,3.404,20.1758,-1.0,-0.74,-0.0062,4.24,-3.42,110.447,4.2017,-0.15,2.6111558
6/19/12 7:00,4275.0461,55.0,3.581,30.2616,-1.33,-0.93,-0.0094,5.82,-4.77,214.0704,5.6243,-0.28,2.3204055
6/19/12 7:30,4275.1961,60.1,3.653,30.2631,-1.72,-0.99,-0.0051,7.25,-6.29,215.1133,6.7026,-0.3,4.21787
6/19/12 8:00,4275.3461,66.3,3.624,30.2613,-1.72,-0.75,0.0008,6.79,-6.22,266.625,5.8815,-0.23,4.6072873
6/19/12 8:30,4275.4961,67.3,3.867,30.2517,-2.05,-0.86,0.0043,8.61,-7.94,283.6103,6.8291,-0.26,3.45046
6/19/12 9:00,4275.6211,81.4,3.959,20.166,-2.28,-0.34,0.0082,9.13,-9.03,225.0735,6.4583,-0.07,2.6013468
6/19/12 9:30,4275.7211,72.8,4.253,20.162,-2.4,-0.74,0.0088,10.68,-10.2,264.1708,6.4985,-0.15,5.996761
6/19/12 10:00,4275.8211,77.7,4.352,20.1598,-2.12,-0.46,0.0111,9.45,-9.24,153.2975,4.7263,-0.09,3.0364048
6/19/12 10:30,4275.8961,76.6,5.01,10.0776,-2.51,-0.6,0.0039,12.95,-12.59,144.7466,4.9542,-0.06,4.4337834
6/19/12 11:00,4275.9461,76.9,5.092,10.0745,-2.89,-0.67,0.0061,15.1,-14.7,99.1274,3.9076,-0.07,3.9477186
6/19/12 11:30,4275.9961,68.3,5.099,10.0708,-2.82,-1.12,0.0055,15.5,-14.4,31.385,2.0226,-0.11,3.2408936
6/19/12 12:00,4276.0211,76.5,5.138,0.0,-2.79,-0.67,-0.0012,14.73,-14.32,0.0,0.0,0.0,2.8576502
6/19/12 12:30,4276.0211,80.4,5.911,0.0,-3.49,-0.59,-0.0147,20.94,-20.65,-54.0585,-2.7336,0.0,4.6968377
6/19/12 13:00,4276.0211,80.1,5.98,0.0,-3.55,-0.62,-0.007,21.58,-21.25,-56.4637,-5.5842,0.0,2.7312295
6/19/12 13:30,4276.0211,116.9,6.42,0.0,-3.8,1.93,-0.0131,27.32,-24.37,-40.2579,-10.4563,0.0,2.4543849
6/19/12 14:00,4276.0211,124.2,4.88,0.0,-3.85,2.62,-0.0028,22.72,-18.79,-54.3085,-11.3606,0.0,2.0982028
6/19/12 14:30,4276.0211,121.4,3.432,0.0,-3.49,2.13,0.0131,14.05,-11.99,-78.4523,-8.5535,0.0,2.8872503
6/19/12 15:00,4276.0461,116.1,2.442,10.0508,-2.99,1.46,0.0262,8.12,-7.29,-49.8524,-5.7415,0.15,2.4239193
6/19/12 15:30,4276.0961,108.1,2.388,10.0438,-3.16,1.03,0.0131,7.95,-7.56,-68.6298,-6.3069,0.1,3.8331841
6/19/12 16:00,4276.1461,118.1,2.427,10.039,-3.61,1.93,0.003,9.95,-8.77,-44.7553,-8.6134,0.19,2.5304912
6/19/12 16:30,4276.1961,127.1,2.36,10.0347,-3.29,2.49,-0.0005,9.73,-7.76,-52.7101,-8.9852,0.25,1.5753254
6/19/12 17:00,4276.2461,131.4,1.942,10.0313,-3.45,3.04,-0.0013,8.93,-6.7,-31.6978,-8.6213,0.3,1.9668199
6/19/12 17:30,4276.3211,135.5,1.694,20.0516,-3.01,3.07,-0.0071,7.28,-5.11,-26.9822,-7.2219,0.61,1.2313757
6/19/12 18:00,4276.4461,138.1,1.767,30.0588,-3.12,3.47,-0.0117,8.25,-5.51,-20.191,-8.2466,1.04,1.4817937
6/19/12 18:30,4276.5961,134.6,1.689,30.0486,-3.18,3.14,-0.0114,7.55,-5.38,-10.319,-7.4886,0.94,0.9296624
6/19/12 19:00,4276.7961,130.6,1.732,50.0395,-3.81,3.27,-0.0115,8.69,-6.6,-0.9321,-8.3967,1.63,2.1535371
6/19/12 19:30,4277.0711,121.9,1.65,59.982,-4.11,2.56,-0.0093,7.98,-6.78,0.0,-7.3751,1.53,1.6087914
6/19/12 20:00,4277.5211,118.4,1.58,119.826,-4.93,2.67,-0.009,8.86,-7.8,0.0,-7.6749,3.2,2.5455509
6/19/12 20:30,4278.2211,120.6,1.914,159.6064,-5.76,3.41,-0.003,12.81,-11.02,0.0,-10.1601,5.45,1.681955
6/19/12 21:00,4279.3211,107.7,1.621,278.8632,-6.83,2.18,0.0052,11.63,-11.08,0.0,-8.223,6.11,2.7379804
6/19/12 21:30,4280.8461,110.5,1.777,328.1322,-7.59,2.84,0.0055,14.4,-13.49,0.0,-8.7656,9.36,1.4872752
6/19/12 22:00,4282.6211,114.4,1.589,377.2944,-7.4,3.36,-0.0006,12.92,-11.76,0.0,-6.4585,12.76,1.3333893
6/19/12 22:30,4284.6711,121.3,1.468,436.0708,-6.95,4.22,-0.0057,11.93,-10.2,0.0,-4.5667,18.58,2.7379804
6/19/12 23:00,4287.0461,126.8,1.506,504.1299,-7.45,5.57,-0.0152,14.01,-11.22,0.0,-3.6269,28.43,2.5403002
6/19/12 23:30,4289.7961,140.3,1.35,582.1353,-5.69,6.85,-0.0199,12.02,-7.68,0.0,-1.569,40.42,2.6742219
6/20/12 0:00,4292.8461,175.4,1.809,620.4996,-0.77,9.57,-0.0348,17.37,-1.39,0.0,0.0,60.29,1.4771777
6/20/12 0:30,4295.9211,193.7,3.401,589.986,2.69,11.02,-0.0538,38.58,9.14,0.0,5.0354,66.12,1.7518297
6/20/12 1:00,4298.7711,203.9,4.739,531.0144,4.36,9.85,-0.0742,51.04,20.68,0.0,13.2111,53.18,0.24444028
6/20/12 1:30,4301.3211,208.8,5.763,472.5072,4.49,8.16,-0.0856,53.69,25.86,0.0,20.5455,39.19,2.9470852
6/20/12 2:00,4303.5961,213.4,7.24,423.7779,4.72,7.16,-0.1008,62.06,34.16,0.0,31.0306,30.77,4.8356639
6/20/12 2:30,4305.6461,220.8,7.973,384.8091,5.25,6.08,-0.1053,64.06,41.85,0.0,38.9943,23.72,5.2697987
6/20/12 3:00,4307.4961,219.1,7.892,345.702,4.18,5.15,-0.0992,52.32,33.0,0.0,36.9986,18.01,5.5131773
6/20/12 3:30,4309.1711,216.8,7.895,316.2784,3.59,4.8,-0.094,47.35,28.36,0.0,37.5624,15.37,3.6166937
6/20/12 4:00,4310.6961,217.4,8.047,286.8158,3.45,4.51,-0.092,45.67,27.74,0.0,39.5485,13.07,5.594592
6/20/12 4:30,4312.0961,218.3,8.049,267.246,3.2,4.06,-0.0921,41.61,25.79,2.4621,38.4383,10.95,3.6162321
6/20/12 5:00,4313.3711,221.6,7.154,237.7752,2.22,2.5,-0.0805,23.92,15.88,15.903,23.1078,6.0,4.4326294
6/20/12 5:30,4314.5461,219.5,7.569,228.0749,2.01,2.44,-0.0921,23.93,15.22,118.1743,23.7209,5.61,4.6940104
6/20/12 6:00,4315.6461,217.2,8.428,208.425,1.73,2.28,-0.109,24.16,14.61,209.696,24.1631,4.8,3.5660908
6/20/12 6:30,4316.6461,216.5,9.22,188.708,1.08,1.46,-0.1215,16.75,9.96,331.4955,16.6094,2.78,4.1779993
6/20/12 7:00,4317.5711,233.9,9.58,178.8804,1.35,0.99,-0.1107,16.07,12.98,279.6056,15.5182,1.78,2.676703
6/20/12 7:30,4318.4211,223.8,10.775,159.0656,1.1,1.14,-0.1167,17.06,11.81,409.8607,15.7585,1.83,4.4299752
6/20/12 8:00,4319.1961,218.3,12.49,149.175,1.47,1.86,-0.1126,29.54,18.31,511.0858,25.5814,2.78,3.896481
6/20/12 8:30,4319.9461,216.1,14.238,149.223,1.86,2.55,-0.0992,45.01,26.52,537.4525,35.7059,3.83,2.9948031
6/20/12 9:00,4320.6711,220.2,14.451,139.2846,2.23,2.63,-0.0742,49.84,32.17,491.179,35.2433,3.69,3.793775
6/20/12 9:30,4321.3461,220.4,14.508,129.3383,2.66,3.13,-0.0521,59.54,38.59,441.3886,36.2462,4.06,4.4946569
6/20/12 10:00,4321.9711,221.8,15.455,119.3964,2.98,3.34,-0.0369,69.21,46.13,482.4345,34.6037,4.01,3.7222847
6/20/12 10:30,4322.5711,219.8,15.689,119.4192,3.02,3.63,-0.0377,74.04,47.39,371.1735,28.3325,4.35,4.6387915
6/20/12 11:00,4323.1461,214.6,15.339,109.4698,2.0,2.9,-0.0228,53.99,30.66,254.43,13.9745,3.19,6.597995
6/20/12 11:30,4323.6961,202.0,15.326,109.4599,1.08,2.66,-0.0318,44.05,16.5,133.5544,5.7493,2.93,4.1395711
6/20/12 12:00,4324.2211,199.5,15.68,99.484,1.03,2.92,-0.0132,48.61,16.23,0.0,0.0,2.92,4.9193866
6/20/12 12:30,4324.7211,197.3,15.062,99.477,0.97,3.11,-0.0182,49.04,14.58,-82.0952,-6.4012,3.11,6.619344
6/20/12 13:00,4325.1961,199.6,14.751,89.5122,1.26,3.55,-0.0298,55.58,18.64,-191.5854,-14.3856,3.19,5.0515773
6/20/12 13:30,4325.6461,210.4,14.764,89.5518,1.84,3.14,-0.0258,53.76,27.2,-332.1252,-20.5714,2.83,5.0714838
6/20/12 14:00,4326.0961,220.9,15.276,89.5671,2.53,2.92,-0.0174,58.95,38.6,-309.486,-29.475,2.63,5.546124
6/20/12 14:30,4326.5211,178.7,12.909,79.6016,-0.07,3.15,-0.0068,40.71,-0.92,-250.179,-24.7857,2.52,4.0451162
6/20/12 15:00,4326.9211,165.2,12.752,79.6392,-0.54,2.06,-0.0111,27.19,-6.94,-205.7695,-19.2243,1.65,3.5392026
6/20/12 15:30,4327.3211,143.7,12.511,79.6464,-1.05,1.43,-0.018,22.21,-13.15,-311.7077,-17.618,1.14,1.4779855
6/20/12 16:00,4327.7211,162.1,12.418,79.6504,-0.53,1.63,-0.0112,21.26,-6.53,-245.7027,-18.4114,1.3,2.6128291
6/20/12 16:30,4328.1211,160.5,9.387,79.6592,-0.74,2.1,0.0149,20.94,-6.99,-196.6274,-19.3483,1.68,4.7373431
6/20/12 17:00,4328.5211,152.7,11.039,79.6608,-0.6,1.17,-0.004,14.54,-6.67,-226.2053,-14.043,0.94,3.3892403
6/20/12 17:30,4328.9211,70.0,10.145,79.6656,-1.75,-0.64,0.017,18.86,-17.72,-160.6736,-18.6982,-0.51,4.7627888
6/20/12 18:00,4329.3211,71.7,7.186,79.6784,-2.51,-0.83,0.0667,19.01,-18.05,-107.825,-19.007,-0.66,4.9041538
6/20/12 18:30,4329.7211,66.6,6.389,79.7048,-2.56,-1.11,0.0681,17.84,-16.37,-46.0566,-17.6855,-0.89,2.572843
6/20/12 19:00,4330.1211,84.5,5.444,79.7272,-3.34,-0.32,0.0783,18.28,-18.2,-9.7993,-17.658,-0.26,5.7691345
6/20/12 19:30,4330.5211,82.3,4.951,79.7536,-3.64,-0.49,0.0786,18.19,-18.03,0.0,-16.8053,-0.39,2.9708576
6/20/12 20:00,4330.9211,74.5,4.576,79.8056,-3.85,-1.07,0.0786,18.29,-17.62,0.0,-15.8359,-0.85,4.4527667
6/20/12 20:30,4331.3211,71.5,4.232,79.8272,-3.77,-1.26,0.0777,16.84,-15.97,0.0,-13.3627,-1.01,3.7581164
6/20/12 21:00,4331.7211,72.0,3.888,79.88,-3.26,-1.06,0.0804,13.33,-12.68,0.0,-9.4244,-0.85,3.6827025
6/20/12 21:30,4332.1211,66.0,3.743,79.9008,-2.81,-1.25,0.0767,11.51,-10.51,0.0,-7.0067,-1.0,3.6638346
6/20/12 22:00,4332.5211,69.9,3.591,79.9272,-2.62,-0.96,0.0744,10.03,-9.42,0.0,-5.013,-0.77,5.7256864
6/20/12 22:30,4332.9211,72.5,3.498,79.9672,-3.0,-0.95,0.0747,11.0,-10.49,0.0,-4.2086,-0.76,3.535856
6/20/12 23:00,4333.3211,67.8,3.4,79.9816,-3.0,-1.23,0.0698,11.03,-10.22,0.0,-2.8556,-0.98,4.7816567
6/20/12 23:30,4333.7211,78.8,3.186,80.0088,-2.53,-0.5,0.0658,8.22,-8.07,0.0,-1.0733,-0.4,4.4223588
6/21/12 0:00,4334.1211,91.2,3.209,80.044,-2.33,0.05,0.0602,7.47,-7.47,0.0,0.0,0.04,3.6214828
6/21/12 0:30,4334.5211,74.5,3.145,80.0944,-1.09,-0.3,0.0582,3.56,-3.43,0.0,0.4643,-0.24,3.6048075
6/21/12 1:00,4334.9461,69.9,3.159,90.1305,-0.36,-0.13,0.0564,1.22,-1.14,0.0,0.3148,-0.12,3.6214828
6/21/12 1:30,4335.4211,47.5,2.503,100.132,-0.17,-0.15,0.0588,0.57,-0.42,0.0,0.2184,-0.15,3.6048075
6/21/12 2:00,4335.9211,179.6,2.334,100.154,0.0,0.55,0.0561,1.3,-0.01,0.0,0.6477,0.55,3.6100005
6/21/12 2:30,4336.4211,188.4,2.545,100.189,0.13,0.89,0.0492,2.3,0.34,0.0,1.3975,0.89,3.6227522
6/21/12 3:00,4336.9211,173.4,2.318,100.227,-0.11,0.95,0.0528,2.21,-0.25,0.0,1.5653,0.95,3.6072309
6/21/12 3:30,4337.4211,185.3,2.139,100.256,0.08,0.88,0.0519,1.89,0.17,0.0,1.5001,0.88,3.6100005
6/21/12 4:00,4337.9211,253.4,1.862,100.283,0.6,0.18,0.0466,1.17,1.13,0.0,1.0175,0.18,3.5954601
6/21/12 4:30,4338.4211,312.9,1.496,100.321,0.11,-0.11,0.0477,0.23,0.17,0.9553,0.2156,-0.11,3.556051
6/21/12 5:00,4338.9461,94.7,1.158,110.3641,-0.27,0.02,0.0522,0.31,-0.31,13.4544,0.3031,0.02,-3.50816
6/21/12 5:30,4339.4961,116.0,1.108,110.3861,-0.49,0.24,0.054,0.6,-0.54,41.8469,0.5998,0.26,3.0928931
6/21/12 6:00,4340.0461,177.7,2.227,110.429,-0.02,0.55,0.0372,1.23,-0.05,77.26,1.2271,0.61,4.4871559
6/21/12 6:30,4340.5711,211.7,2.754,100.421,0.51,0.83,0.0306,2.68,1.41,87.3037,2.654,0.83,4.5031965
6/21/12 7:00,4341.0711,220.6,3.252,100.46,0.25,0.3,0.0294,1.27,0.82,111.4746,1.2219,0.3,2.294152
6/21/12 7:30,4341.5461,244.1,3.558,90.4581,0.19,0.09,0.0281,0.75,0.68,164.3739,0.6969,0.08,0.7102293
6/21/12 8:00,4341.9961,197.8,4.022,90.4788,0.29,0.91,0.0191,3.87,1.18,211.1353,3.3473,0.82,1.2728043
6/21/12 8:30,4342.4461,186.1,4.752,90.4545,0.12,1.09,0.0143,5.22,0.55,182.0905,4.1432,0.98,2.3417545
6/21/12 9:00,4342.8711,0.2,5.222,80.3872,0.0,-0.13,0.01,0.68,0.0,281.8499,0.48,-0.1,3.0212874
6/21/12 9:30,4343.2461,106.3,6.314,70.3353,-0.46,0.14,0.0195,3.04,-2.91,386.1757,1.8488,0.09,2.2694564
6/21/12 10:00,4343.5961,100.9,7.849,70.3451,-0.71,0.14,0.0258,5.65,-5.55,306.5735,2.8256,0.1,2.2366828
6/21/12 10:30,4343.9461,175.1,8.211,70.3563,-0.06,0.74,0.0178,6.06,-0.52,162.9918,2.319,0.51,2.2686486
6/21/12 11:00,4344.2711,176.8,8.904,60.291,-0.05,0.9,0.0218,8.0,-0.45,184.7717,2.0718,0.54,2.2361635
6/21/12 11:30,4344.5711,189.3,9.195,60.2748,0.11,0.66,0.024,6.11,0.99,75.6579,0.7981,0.39,2.297614
6/21/12 12:00,4344.8711,220.5,9.136,60.2874,0.94,1.1,0.0213,13.19,8.57,0.0,0.0,0.66,3.7306512
6/21/12 12:30,4345.1711,196.4,9.292,60.2706,0.37,1.26,0.0131,12.16,3.43,-98.0805,-1.5876,0.75,2.4612512
6/21/12 13:00,4345.4711,184.0,9.811,60.246,0.18,2.63,0.0095,25.88,1.81,-140.3982,-6.6986,1.58,2.1024726
6/21/12 13:30,4345.7711,188.3,8.446,60.2334,0.37,2.54,0.0168,21.69,3.13,-121.0925,-8.3001,1.52,4.0769666
6/21/12 14:00,4346.0711,178.8,7.677,60.237,-0.07,3.14,0.0144,24.13,-0.51,-155.557,-12.0644,1.89,2.8669976
6/21/12 14:30,4346.3711,169.8,7.115,60.2052,-0.43,2.41,0.0158,17.39,-3.08,-262.3317,-10.5858,1.44,2.4841581
6/21/12 15:00,4346.6711,161.8,6.409,60.183,-0.61,1.85,0.031,12.48,-3.9,-257.4286,-8.828,1.11,2.9770892
6/21/12 15:30,4346.9711,168.4,6.55,60.1848,-0.49,2.38,0.0303,15.92,-3.2,-177.1463,-12.6274,1.43,2.8155869
6/21/12 16:00,4347.2711,173.9,6.602,60.174,-0.35,3.3,0.0401,21.93,-2.33,-151.6558,-18.9878,1.98,2.9338719
6/21/12 16:30,4347.5711,176.1,6.167,60.1878,-0.18,2.62,0.0432,16.18,-1.1,-141.8728,-14.9447,1.57,3.8435124
6/21/12 17:00,4347.8461,177.6,6.481,50.157,-0.07,1.73,0.0323,11.2,-0.47,-157.2112,-10.8176,0.86,3.8749589
6/21/12 17:30,4348.0961,159.6,6.238,50.1475,-0.93,2.49,0.0322,16.6,-5.79,-155.3168,-16.4573,1.25,3.1289556
6/21/12 18:00,4348.3461,176.3,5.606,50.1555,-0.16,2.5,0.0346,14.06,-0.91,-56.267,-14.0598,1.25,3.1960607
6/21/12 18:30,4348.5961,167.2,5.05,50.161,-0.44,1.92,0.0302,9.94,-2.2,-35.2935,-9.8584,0.96,3.0553304
6/21/12 19:00,4348.8461,143.3,4.99,50.1325,-1.04,1.4,0.0293,8.68,-5.19,-10.0881,-8.3867,0.7,1.5159521
6/21/12 19:30,4349.0961,161.3,5.135,50.157,-0.65,1.92,0.0273,10.39,-3.33,0.0,-9.6021,0.96,2.8090091
6/21/12 20:00,4349.3711,144.7,4.71,60.2244,-0.35,0.49,0.026,2.85,-1.65,0.0,-2.4678,0.3,2.8895006
6/21/12 20:30,4349.6711,104.5,4.307,60.2376,-0.93,0.24,0.0332,4.12,-3.99,0.0,-3.27,0.14,3.0008616
6/21/12 21:00,4349.9711,78.2,4.047,60.258,-0.9,-0.19,0.032,3.72,-3.64,0.0,-2.6299,-0.11,2.9861481
6/21/12 21:30,4350.2711,117.1,3.728,60.2622,-1.04,0.53,0.0363,4.37,-3.89,0.0,-2.6621,0.32,2.832493
6/21/12 22:00,4350.5711,91.2,3.715,60.258,-0.81,0.02,0.0281,2.99,-2.99,0.0,-1.4971,0.01,3.0081318
6/21/12 22:30,4350.8711,66.9,3.265,60.2532,-0.68,-0.29,0.0266,2.43,-2.23,0.0,-0.9296,-0.18,3.0369241
6/21/12 23:00,4351.1711,57.9,2.912,60.2454,-0.8,-0.5,0.0289,2.74,-2.32,0.0,-0.7085,-0.3,2.8322045
6/21/12 23:30,4351.4711,72.2,3.029,60.237,-0.81,-0.26,0.026,2.59,-2.46,0.0,-0.3376,-0.16,2.8851731
6/22/12 0:00,4351.7711,138.2,2.75,60.2556,-0.41,0.45,0.0253,1.67,-1.11,0.0,0.0,0.27,2.8982133
6/22/12 0:30,4352.0961,107.2,2.653,70.3059,-0.61,0.19,0.0252,1.7,-1.62,0.0,0.2213,0.13,2.9784163
6/22/12 1:00,4352.4461,88.4,2.885,70.2849,-0.68,-0.02,0.0217,1.96,-1.96,0.0,0.5085,-0.01,2.8851731
6/22/12 1:30,4352.7961,46.9,2.748,70.2849,-0.32,-0.3,0.0186,1.22,-0.89,0.0,0.4659,-0.21,2.8322045
6/22/12 2:00,4353.1461,48.5,2.653,70.2758,-0.8,-0.71,0.0225,2.85,-2.13,0.0,1.4247,-0.5,2.9784163
6/22/12 2:30,4353.4961,50.9,2.835,70.2681,-0.64,-0.52,0.019,2.32,-1.8,0.0,1.4135,-0.36,2.9347951
6/22/12 3:00,4353.8461,87.5,2.446,70.2744,-1.18,-0.05,0.0214,2.9,-2.9,0.0,2.0513,-0.04,3.0369241
6/22/12 3:30,4354.1961,63.6,2.259,70.2891,-1.23,-0.61,0.0203,3.09,-2.77,0.0,2.4517,-0.43,3.1028175
6/22/12 4:00,4354.5461,74.6,2.381,70.2786,-1.91,-0.53,0.02,4.73,-4.56,0.0,4.0951,-0.37,3.0867769
6/22/12 4:30,4354.8711,59.3,3.23,60.2094,-2.49,-1.48,0.0189,9.35,-8.04,0.68,8.6361,-0.89,9.729951
6/22/12 5:00,4355.2211,,2.463,80.2712,,,0.0401,1.47,,1.0558,1.4203,,3.6171553
6/22/12 5:30,4355.6461,,1.71,90.2358,,,0.0659,1.16,,10.8841,1.1512,,3.5104103
6/22/12 6:00,4356.1961,,1.223,130.3068,,,0.0803,0.93,,6.362,0.9307,,3.3244432
6/22/12 6:30,4356.9711,,1.047,180.3006,,,0.0792,0.88,,12.5477,0.874,,3.3568129
6/22/12 7:00,4357.9961,,1.017,230.2162,,,0.0762,0.8,,21.9082,0.7692,,2.7829287
6/22/12 7:30,4359.2711,,0.863,280.4172,,,0.0678,0.62,,7.3504,0.5765,,3.3231738
6/22/12 8:00,4360.8461,,0.8,350.567,,,0.0633,0.53,,26.9931,0.46,,2.7337106
6/22/12 8:30,4362.6211,,1.088,360.4932,,,0.0597,0.66,,88.5081,0.5214,,2.1979084
6/22/12 9:00,4364.4211,,1.104,360.2664,,,0.0607,0.6,,128.0457,0.4255,,1.9798601
6/22/12 9:30,4366.1961,,1.32,350.2065,,,0.0691,0.64,,66.6746,0.3897,,2.2853816
6/22/12 10:00,4367.8461,18.1,1.518,310.4898,-0.57,-1.75,0.0576,2.79,-0.87,91.517,1.3973,-5.42,2.0548701
6/22/12 10:30,4369.3711,335.2,1.399,300.552,0.57,-1.24,0.044,1.92,0.8,36.8788,0.7329,-3.73,0.51880378
6/22/12 11:00,4370.8211,,1.445,280.4872,,,0.0363,2.06,,35.8897,0.5344,,1.8114915
6/22/12 11:30,4372.1211,,2.159,240.4488,,,0.0399,3.76,,28.589,0.4912,,1.837745
6/22/12 12:00,4373.2711,,2.633,220.4224,,,0.0482,5.42,,0.0,0.0,,2.4614243
6/22/12 12:30,4374.3211,95.7,2.702,200.358,-1.08,0.11,0.0562,2.92,-2.91,-45.1199,-0.3816,0.21,2.0838932
6/22/12 13:00,4375.2711,78.4,3.034,180.3276,-0.78,-0.16,0.0622,2.42,-2.37,-111.1511,-0.6274,-0.29,1.8649217
6/22/12 13:30,4376.1461,99.1,3.35,170.2958,-1.17,0.19,0.0616,3.98,-3.93,-155.513,-1.5217,0.32,2.3722201
6/22/12 14:00,4376.9711,88.4,3.968,160.3008,-1.47,-0.04,0.0566,5.82,-5.81,-158.933,-2.9085,-0.07,1.5961551
6/22/12 14:30,4377.7461,70.8,4.978,150.2745,-1.35,-0.47,0.0503,7.14,-6.74,-210.9888,-4.3456,-0.71,2.6331972
6/22/12 15:00,4378.4711,112.4,5.202,140.2632,-1.19,0.49,0.0413,6.7,-6.19,-235.4178,-4.7377,0.69,1.9136205
6/22/12 15:30,4379.1461,105.6,5.538,130.2392,-1.25,0.35,0.0363,7.18,-6.92,-301.7718,-5.6985,0.45,2.2414719
6/22/12 16:00,4379.7961,104.6,5.888,130.2509,-1.14,0.3,0.0436,6.95,-6.73,-278.4809,-6.0221,0.39,2.524375
6/22/12 16:30,4380.4461,110.5,5.801,130.2444,-1.77,0.66,0.0366,10.96,-10.27,-365.3047,-10.1293,0.86,2.4122062
6/22/12 17:00,4381.0711,110.7,5.534,120.2352,-1.71,0.65,0.0425,10.14,-9.48,-248.0005,-9.7928,0.78,2.0145955
6/22/12 17:30,4381.6711,106.1,5.058,120.2496,-2.12,0.61,0.0493,11.14,-10.71,-168.0687,-11.0474,0.73,1.2407231
6/22/12 18:00,4382.2461,109.9,4.886,110.2772,-2.17,0.79,0.0525,11.3,-10.63,-169.803,-11.3013,0.87,1.3160216
6/22/12 18:30,4382.7961,124.0,4.335,110.3047,-1.84,1.24,0.0585,9.62,-7.97,-103.9302,-9.5328,1.36,2.447057
6/22/12 19:00,4383.3711,141.2,3.286,120.378,-1.34,1.66,0.0712,7.01,-4.39,-20.2912,-6.7702,1.99,2.3994545
6/22/12 19:30,4383.9711,136.4,2.972,120.3996,-1.4,1.47,0.0838,6.05,-4.17,0.0,-5.5876,1.77,1.398648
6/22/12 20:00,4384.5961,150.9,2.661,130.4745,-0.8,1.43,0.0837,4.37,-2.12,0.0,-3.7817,1.86,3.6730666
6/22/12 20:30,4385.2461,142.1,2.632,130.5603,-1.05,1.35,0.0733,4.51,-2.77,0.0,-3.5748,1.76,1.8997725
6/22/12 21:00,4385.8711,136.5,2.606,120.5364,-1.24,1.31,0.07,4.71,-3.24,0.0,-3.3298,1.57,1.7992014
6/22/12 21:30,4386.4711,139.4,2.579,120.5592,-0.99,1.15,0.0692,3.9,-2.54,0.0,-2.377,1.38,3.7140913
6/22/12 22:00,4387.0961,140.3,2.278,130.6019,-0.81,0.97,0.0703,2.89,-1.84,0.0,-1.4431,1.27,3.7416719
6/22/12 22:30,4387.7461,151.6,1.879,130.6045,-0.49,0.91,0.0744,1.95,-0.93,0.0,-0.7449,1.18,3.6169822
6/22/12 23:00,4388.3961,123.4,2.317,130.5876,-0.74,0.49,0.0659,2.06,-1.72,0.0,-0.5319,0.63,3.7661367
6/22/12 23:30,4389.0211,150.0,2.561,120.5664,-0.58,1.01,0.0599,2.98,-1.49,0.0,-0.3894,1.21,2.4757916
6/23/12 0:00,4389.6211,153.8,2.583,120.5796,-0.32,0.64,0.0544,1.85,-0.82,0.0,0.0,0.77,3.7604821
6/23/12 0:30,4390.2461,87.6,2.21,130.6357,-0.11,0.0,0.0551,0.25,-0.25,0.0,0.0323,-0.01,3.73896
6/23/12 1:00,4390.8961,84.0,2.316,130.6305,-0.64,-0.07,0.0507,1.5,-1.49,0.0,0.3878,-0.09,3.8046803
6/23/12 1:30,4391.5461,122.5,2.15,130.6422,-0.56,0.36,0.0504,1.43,-1.2,0.0,0.5463,0.46,3.8557448
6/23/12 2:00,4392.1961,70.7,2.428,130.6591,-0.5,-0.18,0.0448,1.29,-1.22,0.0,0.6446,-0.23,3.8719008
6/23/12 2:30,4392.8461,105.7,2.291,130.6513,-0.83,0.23,0.0482,1.98,-1.91,0.0,1.2078,0.3,3.8557448
6/23/12 3:00,4393.5211,94.7,1.654,140.707,-1.03,0.08,0.0526,1.71,-1.7,0.0,1.2093,0.12,3.8596107
6/23/12 3:30,4394.2211,89.0,1.457,140.7112,-1.15,-0.02,0.0564,1.68,-1.68,0.0,1.3305,-0.03,3.6685083
6/23/12 4:00,4394.9211,66.4,1.337,140.742,-1.13,-0.49,0.0577,1.65,-1.51,0.0,1.43,-0.69,3.6666042
6/23/12 4:30,4395.6211,83.7,1.471,140.7714,-1.48,-0.16,0.0604,2.2,-2.18,0.0,2.0304,-0.23,3.9320242
6/23/12 5:00,4396.3211,83.1,1.13,140.8106,-1.9,-0.23,0.0619,2.16,-2.14,3.0997,2.0848,-0.32,3.6023841
6/23/12 5:30,4397.0211,85.4,1.056,140.8428,-1.79,-0.14,0.0556,1.89,-1.89,11.4839,1.8772,-0.2,3.4369582
6/23/12 6:00,4397.7211,99.1,1.097,140.8526,-1.88,0.3,0.0509,2.09,-2.06,24.684,2.0898,0.42,2.9032332
6/23/12 6:30,4398.4211,94.9,1.083,140.8638,-1.29,0.11,0.046,1.4,-1.39,48.9119,1.3851,0.15,2.9893793
6/23/12 7:00,4399.0961,78.5,1.253,130.8099,-1.08,-0.22,0.0428,1.38,-1.36,85.4951,1.3362,-0.29,2.5355688
6/23/12 7:30,4399.7211,71.7,1.447,120.7608,-1.14,-0.38,0.0455,1.74,-1.65,135.0887,1.6096,-0.45,1.7751982
6/23/12 8:00,4400.2961,81.5,1.955,110.6952,-1.23,-0.18,0.0387,2.44,-2.41,277.4884,2.1113,-0.2,2.7322104
6/23/12 8:30,4400.8461,81.0,2.766,110.6853,-1.29,-0.2,0.0329,3.62,-3.58,306.1789,2.8747,-0.23,1.7030732
6/23/12 9:00,4401.3711,114.3,3.81,100.617,-1.14,0.51,0.0254,4.75,-4.33,325.448,3.3568,0.51,1.1457489
6/23/12 9:30,4401.8711,125.8,4.791,100.619,-0.9,0.65,0.028,5.3,-4.3,213.45,3.2257,0.65,2.1172438
6/23/12 10:00,4402.3711,198.4,5.686,100.614,0.29,0.86,0.0205,5.18,1.64,224.993,2.59,0.86,2.5709966
6/23/12 10:30,4402.8461,177.2,6.753,90.5571,-0.05,0.92,0.0271,6.25,-0.31,290.0893,2.3904,0.83,3.2000997
6/23/12 11:00,4403.2961,178.4,7.599,90.5463,-0.02,0.77,0.0495,5.85,-0.16,194.7331,1.5144,0.69,1.7780832
6/23/12 11:30,4403.7461,172.7,8.578,90.5445,-0.11,0.9,0.0499,7.75,-0.99,70.6202,1.0122,0.81,3.9005777
6/23/12 12:00,4404.1961,140.4,8.229,90.5409,-1.07,1.29,0.0451,13.79,-8.79,0.0,0.0,1.16,3.1235318
6/23/12 12:30,4404.6211,161.7,8.657,80.464,-0.4,1.19,0.0545,10.89,-3.42,-96.2892,-1.4215,0.96,1.7949893
6/23/12 13:00,4405.0211,167.8,9.635,80.4528,-0.39,1.82,0.0484,17.92,-3.79,-239.1954,-4.6383,1.45,2.6792418
6/23/12 13:30,4405.4211,170.7,10.181,80.4424,-0.34,2.08,0.0619,21.44,-3.46,-239.6811,-8.2052,1.66,2.1198403
6/23/12 14:00,4405.8211,161.1,9.883,80.4432,-0.78,2.28,0.0602,23.78,-7.7,-174.302,-11.8892,1.82,2.80422
6/23/12 14:30,4406.1961,152.4,10.577,70.3885,-1.33,2.55,0.048,30.41,-14.09,-357.2042,-18.5118,1.78,2.4284776
6/23/12 15:00,4406.5461,160.4,11.108,70.3857,-0.89,2.51,0.0489,29.57,-9.92,-401.4811,-20.9088,1.76,2.7896219
6/23/12 15:30,4406.8961,,10.772,70.3654,,,0.051,5.58,,-349.8823,-4.4268,,3.1629986
6/23/12 16:00,4407.2461,,10.194,70.3633,,,0.0317,6.06,,-376.8354,-5.244,,2.9333526
6/23/12 16:30,4407.5711,144.8,8.978,60.3156,-1.74,2.47,0.0349,27.18,-15.67,-316.9443,-25.1077,1.48,1.7978166
6/23/12 17:00,4407.8711,162.1,8.267,60.3054,-1.01,3.14,0.0339,27.24,-8.37,-273.4787,-26.3116,1.88,3.2094471
6/23/12 17:30,4408.1711,162.0,8.052,60.3144,-1.11,3.41,0.0292,28.87,-8.92,-255.4031,-28.6274,2.05,2.109512
6/23/12 18:00,4408.4711,160.4,6.551,60.3246,-1.02,2.87,0.04,19.93,-6.68,-96.165,-19.9281,1.72,2.6271964
6/23/12 18:30,4408.7711,157.3,5.689,60.3354,-1.1,2.63,0.0436,16.23,-6.26,-47.5735,-16.0919,1.58,1.961223
6/23/12 19:00,4409.0711,149.7,4.908,60.342,-1.19,2.04,0.0471,11.57,-5.84,-16.1541,-11.1787,1.22,2.8293195
6/23/12 19:30,4409.3711,147.9,4.357,60.3576,-1.05,1.68,0.0513,8.64,-4.59,0.0,-7.9823,1.01,2.2361635
6/23/12 20:00,4409.6711,138.2,3.969,60.381,-1.36,1.52,0.0499,8.07,-5.38,0.0,-6.9879,0.91,3.2096779
6/23/12 20:30,4409.9961,110.4,3.017,70.4606,-1.02,0.38,0.0574,3.29,-3.09,0.0,-2.6138,0.27,3.6469862
6/23/12 21:00,4410.3711,113.6,2.643,80.5336,-1.0,0.44,0.0625,2.89,-2.64,0.0,-2.0408,0.35,3.8150086
6/23/12 21:30,4410.7711,144.6,2.873,80.5496,-0.74,1.04,0.055,3.66,-2.12,0.0,-2.2264,0.83,3.7727145
6/23/12 22:00,4411.1711,110.2,2.616,80.5616,-1.04,0.38,0.0583,2.9,-2.72,0.0,-1.448,0.31,3.8207209
6/23/12 22:30,4411.5961,88.5,2.15,90.621,-0.72,-0.02,0.0599,1.55,-1.55,0.0,-0.594,-0.02,3.8200285
6/23/12 23:00,4412.0461,102.3,1.94,90.6075,-0.91,0.2,0.065,1.8,-1.76,0.0,-0.4665,0.18,3.828972
6/23/12 23:30,4412.4961,58.4,1.619,90.6129,-0.63,-0.39,0.0646,1.19,-1.01,0.0,-0.1555,-0.35,3.7853508
6/24/12 0:00,4412.9461,89.4,1.309,90.6156,-0.38,0.0,0.066,0.5,-0.5,0.0,0.0,0.0,3.8038148
6/24/12 0:30,4413.3961,81.1,1.76,90.6075,-0.45,-0.07,0.0568,0.8,-0.79,0.0,0.1045,-0.06,3.8395888
6/24/12 1:00,4413.8461,79.5,1.698,90.612,-0.4,-0.07,0.0567,0.68,-0.67,0.0,0.1771,-0.07,3.8199131
6/24/12 1:30,4414.2961,57.4,1.441,90.6093,-0.4,-0.26,0.059,0.69,-0.58,0.0,0.2647,-0.23,3.7913516
6/24/12 2:00,4414.7461,127.2,1.219,90.5778,-0.62,0.47,0.0674,0.95,-0.76,0.0,0.4772,0.43,3.6488326
6/24/12 2:30,4415.1961,53.2,1.066,90.576,-0.41,-0.31,0.064,0.55,-0.44,0.0,0.3349,-0.28,3.6488326
6/24/12 3:00,4415.6461,102.9,1.276,90.5787,-0.52,0.12,0.0498,0.68,-0.66,0.0,0.4791,0.11,3.8038148
6/24/12 3:30,4416.0961,53.8,1.38,90.5832,-0.21,-0.15,0.0393,0.36,-0.29,0.0,0.2836,-0.14,3.8032378
6/24/12 4:00,4416.5461,51.8,1.379,90.594,-0.27,-0.21,0.0364,0.47,-0.37,0.0,0.406,-0.19,3.8127583
6/24/12 4:30,4416.9961,52.1,1.452,90.5832,-0.38,-0.3,0.0406,0.7,-0.55,0.5941,0.6493,-0.27,3.8032378
6/24/12 5:00,4417.4461,51.7,1.523,90.576,-0.35,-0.28,0.0413,0.69,-0.54,18.1024,0.6635,-0.25,3.7099369
6/24/12 5:30,4417.8711,355.8,1.114,80.516,0.02,-0.26,0.0452,0.29,0.02,62.116,0.2838,-0.21,2.8096438
6/24/12 6:00,4418.2211,40.2,1.453,60.3984,-0.14,-0.17,0.0298,0.32,-0.21,129.421,0.3182,-0.1,2.3088078
6/24/12 6:30,4418.4961,99.0,2.075,50.337,-0.65,0.1,0.0244,1.37,-1.35,135.6634,1.3537,0.05,2.0242891
6/24/12 7:00,4418.7461,137.7,2.425,50.353,-0.37,0.4,0.0201,1.32,-0.89,134.1729,1.2742,0.2,2.0469652
6/24/12 7:30,4418.9961,93.7,3.373,50.357,-0.95,0.06,0.0067,3.2,-3.19,296.4055,2.9542,0.03,2.3784517
6/24/12 8:00,4419.2211,72.0,3.934,40.2864,-1.69,-0.55,0.0106,6.98,-6.64,321.6401,6.0473,-0.22,2.6355052
6/24/12 8:30,4419.4211,77.6,4.66,40.2888,-2.2,-0.48,0.0153,10.51,-10.26,476.0334,8.3368,-0.19,2.0972796
6/24/12 9:00,4419.6211,98.3,5.699,40.2848,-2.56,0.37,0.0294,14.75,-14.6,469.5578,10.4332,0.15,2.3211556
6/24/12 9:30,4419.7961,84.5,6.336,30.2106,-2.57,-0.25,0.0438,16.37,-16.3,474.7262,9.9668,-0.07,2.5356265
6/24/12 10:00,4419.9461,69.3,6.133,30.2088,-2.47,-0.93,0.063,16.19,-15.15,392.735,8.0956,-0.28,4.9375621
6/24/12 10:30,4420.0711,78.6,6.347,20.137,-2.59,-0.52,0.0698,16.78,-16.44,282.7365,6.4196,-0.1,2.9334103
6/24/12 11:00,4420.1711,99.9,7.129,20.1344,-2.8,0.49,0.0782,20.26,-19.96,238.1844,5.2438,0.1,1.842361
6/24/12 11:30,4420.2461,110.1,7.819,10.0661,-2.8,1.03,0.0737,23.32,-21.9,134.1431,3.0444,0.1,2.8973478
6/24/12 12:00,4420.2961,101.4,8.3,10.0652,-2.65,0.54,0.0881,22.48,-22.03,0.0,0.0,0.05,4.9150014
6/24/12 12:30,4420.3211,87.8,8.628,0.0,-3.1,-0.12,0.0893,26.81,-26.79,-123.8515,-3.499,0.0,2.9960148
6/24/12 13:00,4420.3211,91.9,8.806,0.0,-3.17,0.11,0.0853,27.92,-27.91,-239.3362,-7.2272,0.0,2.4334398
6/24/12 13:30,4420.3211,88.4,8.898,-10.0602,-2.98,-0.08,0.0859,26.55,-26.54,-319.1048,-10.1609,0.01,2.8278193
6/24/12 14:00,4420.3211,81.2,8.985,-10.0601,-3.66,-0.57,0.1116,33.28,-32.89,-442.522,-16.6402,0.06,4.5610119
6/24/12 14:30,4420.3211,91.5,9.047,-20.123,-3.3,0.09,0.1237,29.85,-29.84,-470.0174,-18.1691,-0.02,4.4660377
6/24/12 15:00,4420.3211,81.0,8.865,-20.1256,-3.46,-0.55,0.1264,31.04,-30.65,-501.7672,-21.946,0.11,6.922846
6/24/12 15:30,4420.3211,79.5,8.485,-20.122,-4.26,-0.79,0.136,36.77,-36.16,-515.9645,-29.1748,0.16,2.0562549
6/24/12 16:00,4420.3211,79.1,7.961,-30.183,-4.17,-0.8,0.1216,33.81,-33.2,-358.8203,-29.2806,0.24,5.5842637
6/24/12 16:30,4420.3211,89.9,8.409,-40.2412,-4.11,-0.01,0.0903,34.59,-34.59,-378.2797,-31.9613,0.0,4.7982166
6/24/12 17:00,4420.3211,91.7,8.282,-50.306,-4.26,0.13,0.083,35.3,-35.28,-200.2615,-34.0951,-0.06,3.5969026
6/24/12 17:30,4420.3211,94.4,7.496,-50.319,-3.85,0.3,0.0712,28.93,-28.85,-146.0825,-28.687,-0.15,2.4958712
6/24/12 18:00,4420.3211,92.5,6.878,-60.4032,-3.74,0.16,0.0636,25.76,-25.74,-84.936,-25.765,-0.1,4.2627606
6/24/12 18:30,4420.3211,84.0,6.061,-60.4158,-3.29,-0.35,0.0649,20.07,-19.96,-48.5025,-19.8963,0.21,4.7685011
6/24/12 19:00,4420.3211,85.1,5.003,-60.4248,-3.2,-0.27,0.0679,16.07,-16.01,-8.5369,-15.5221,0.16,2.5538597
6/24/12 19:30,4420.3211,76.6,4.428,-60.4308,-3.04,-0.72,0.0645,13.85,-13.47,0.0,-12.7965,0.43,3.8023723
6/24/12 20:00,4420.3211,72.5,4.284,-70.5096,-3.0,-0.95,0.0608,13.47,-12.85,0.0,-11.6681,0.66,3.7973524
6/24/12 20:30,4420.3211,73.8,3.714,-70.5082,-3.56,-1.03,0.057,13.78,-13.23,0.0,-10.9286,0.72,4.325192
6/24/12 21:00,4420.3211,73.6,3.524,-70.5313,-3.02,-0.89,0.052,11.11,-10.66,0.0,-7.8568,0.62,4.1415329
6/24/12 21:30,4420.3211,64.3,3.197,-70.5467,-2.98,-1.43,0.0518,10.57,-9.52,0.0,-6.4342,1.0,3.4083967
6/24/12 22:00,4420.3211,60.1,2.969,-70.5537,-2.49,-1.43,0.0549,8.52,-7.39,0.0,-4.262,1.0,3.8884607
6/24/12 22:30,4420.3211,60.7,2.6,-60.4806,-2.48,-1.39,0.065,7.4,-6.46,0.0,-2.8337,0.84,5.5254674
6/24/12 23:00,4420.3211,60.6,2.579,-70.5425,-2.66,-1.5,0.0615,7.88,-6.86,0.0,-2.0385,1.05,5.4113945
6/24/12 23:30,4420.3211,58.0,2.503,-70.5355,-2.79,-1.74,0.0621,8.22,-6.97,0.0,-1.0732,1.22,4.8410877
6/25/12 0:00,4420.3211,56.0,2.479,-70.5586,-2.62,-1.77,0.0614,7.84,-6.5,0.0,0.0,1.24,4.4167619
6/25/12 0:30,4420.3211,58.0,2.926,-80.636,-2.41,-1.5,0.0577,8.3,-7.04,0.0,1.0839,1.2,5.4618243
6/25/12 1:00,4420.3211,57.6,3.075,-90.7146,-2.32,-1.47,0.0584,8.46,-7.14,0.0,2.1894,1.33,4.6480235
6/25/12 1:30,4420.3211,52.0,3.119,-90.711,-2.12,-1.65,0.0568,8.37,-6.6,0.0,3.2048,1.49,5.5696656
6/25/12 2:00,4420.3211,51.6,3.081,-90.6732,-2.27,-1.8,0.0553,8.94,-7.01,0.0,4.4705,1.62,3.4809256
6/25/12 2:30,4420.3211,49.1,3.272,-100.736,-2.01,-1.74,0.0514,8.72,-6.59,0.0,5.3063,1.74,3.4707704
6/25/12 3:00,4420.3211,59.8,2.738,-90.6678,-1.92,-1.12,0.0506,6.08,-5.26,0.0,4.3,1.01,5.0362291
6/25/12 3:30,4420.3211,58.8,2.716,-100.753,-1.83,-1.11,0.049,5.81,-4.97,0.0,4.6133,1.11,3.0069201
6/25/12 4:00,4420.3211,56.0,3.11,-100.771,-2.22,-1.5,0.0445,8.32,-6.9,0.0,7.2074,1.5,3.4513255
6/25/12 4:30,4420.3211,57.0,3.137,-110.8723,-2.1,-1.37,0.0429,7.87,-6.6,0.3649,7.2687,1.5,4.7105703
6/25/12 5:00,4420.3211,56.3,3.03,-110.8965,-1.81,-1.2,0.0417,6.58,-5.47,5.4971,6.3511,1.32,3.4777521
6/25/12 5:30,4420.3211,58.1,3.04,-110.8932,-2.2,-1.37,0.043,7.89,-6.7,13.2913,7.8273,1.51,4.4167042
6/25/12 6:00,4420.3211,57.4,2.982,-110.8921,-2.08,-1.33,0.0415,7.36,-6.2,19.35,7.3596,1.46,3.4540374
6/25/12 6:30,4420.3211,57.1,2.956,-120.9732,-2.04,-1.32,0.0408,7.17,-6.02,26.5757,7.1099,1.58,4.5904389
6/25/12 7:00,4420.3211,56.5,2.931,-120.978,-2.15,-1.42,0.0412,7.54,-6.29,32.8685,7.2873,1.7,3.3746999
6/25/12 7:30,4420.3211,57.9,2.944,-131.0569,-2.44,-1.53,0.0422,8.48,-7.18,52.0911,7.8306,1.99,3.2969203
6/25/12 8:00,4420.3211,60.0,2.677,-131.0881,-2.49,-1.44,0.0425,7.69,-6.66,44.0183,6.6583,1.87,2.6865697
6/25/12 8:30,4420.3211,63.9,2.574,-131.0816,-2.57,-1.26,0.0444,7.37,-6.62,70.9329,5.8486,1.64,2.3876837
6/25/12 9:00,4420.3211,58.3,2.691,-131.0842,-2.29,-1.41,0.0408,7.24,-6.16,70.8337,5.1167,1.84,2.5123157
6/25/12 9:30,4420.3211,59.4,2.91,-141.1592,-2.88,-1.7,0.0412,9.73,-8.38,136.39,5.9257,2.38,2.941546
6/25/12 10:00,4420.3211,62.7,3.127,-151.26,-2.91,-1.5,0.0462,10.23,-9.09,86.1935,5.1173,2.25,2.7275944
6/25/12 10:30,4420.3211,56.3,3.036,-151.296,-2.86,-1.91,0.0503,10.44,-8.69,55.1477,3.9967,2.86,3.8016799
6/25/12 11:00,4420.3211,61.5,3.285,-161.3984,-2.85,-1.55,0.0497,10.66,-9.37,39.6177,2.7581,2.48,4.3045354
6/25/12 11:30,4420.3211,56.9,3.769,-161.4048,-2.67,-1.74,0.0432,12.0,-10.06,25.0032,1.5669,2.78,2.4931016
6/25/12 12:00,4420.3211,64.1,4.09,-171.496,-3.42,-1.66,0.0433,15.56,-14.0,0.0,0.0,2.82,2.37724
6/25/12 12:30,4420.3211,70.8,4.085,-181.5768,-3.38,-1.18,0.046,14.64,-13.82,-45.1178,-1.9105,2.12,3.2350659
6/25/12 13:00,4420.3211,62.5,4.585,-191.653,-3.48,-1.81,0.0554,18.01,-15.97,-82.6621,-4.6601,3.45,4.1443602
6/25/12 13:30,4420.3211,63.1,4.673,-191.6169,-3.5,-1.78,0.0556,18.34,-16.35,-116.0499,-7.0172,3.37,3.4804063
6/25/12 14:00,4420.3211,58.4,4.709,-191.6473,-3.38,-2.08,0.056,18.7,-15.93,-128.061,-9.3521,3.95,3.7485382
6/25/12 14:30,4420.3211,63.1,4.657,-201.718,-3.01,-1.53,0.0466,15.71,-14.01,-185.5225,-9.5653,3.05,3.7361327
6/25/12 15:00,4420.3211,64.8,5.182,-201.716,-3.15,-1.48,0.0452,18.04,-16.33,-232.1474,-12.7588,2.97,3.8316839
6/25/12 15:30,4420.3211,61.1,5.208,-201.74,-2.87,-1.59,0.0411,17.09,-14.96,-220.6109,-13.5564,3.17,3.339099
6/25/12 16:00,4420.3211,67.4,5.295,-201.748,-2.98,-1.24,0.0375,17.11,-15.79,-297.7283,-14.8161,2.48,3.0003423
6/25/12 16:30,4420.3211,63.0,5.511,-201.726,-2.79,-1.42,0.0375,17.27,-15.39,-292.5049,-15.9568,2.85,2.9548747
6/25/12 17:00,4420.3211,63.2,5.135,-201.74,-2.5,-1.26,0.0416,14.37,-12.82,-198.5857,-13.8782,2.52,2.6656246
6/25/12 17:30,4420.3211,76.0,5.092,-201.784,-2.68,-0.67,0.0503,14.05,-13.64,-92.1687,-13.9337,1.34,2.1825602
6/25/12 18:00,4420.3211,66.4,5.125,-201.868,-2.32,-1.01,0.0488,12.97,-11.88,-40.181,-12.9663,2.03,3.3825471
6/25/12 18:30,4420.3211,66.4,4.869,-201.868,-2.32,-1.01,0.0466,12.32,-11.29,-21.7662,-12.2132,2.03,2.9998807
6/25/12 19:00,4420.3211,66.4,4.762,-201.868,-2.32,-1.01,0.0428,12.05,-11.04,-4.6007,-11.6373,2.03,3.426226
6/25/12 19:30,4420.3211,82.6,4.446,-202.016,-1.68,-0.22,0.0427,7.52,-7.46,0.0,-6.95,0.44,3.4742324
6/25/12 20:00,4420.3211,72.5,4.38,-202.048,-1.79,-0.57,0.0408,8.24,-7.86,0.0,-7.135,1.13,4.704858
6/25/12 20:30,4420.3211,81.5,4.304,-202.098,-1.71,-0.26,0.0379,7.43,-7.35,0.0,-5.8936,0.51,3.0274036
6/25/12 21:00,4420.3211,74.8,4.26,-202.134,-1.59,-0.43,0.0347,7.04,-6.79,0.0,-4.9763,0.87,3.5081023
6/25/12 21:30,4420.3211,70.0,3.915,-202.162,-0.96,-0.35,0.0347,4.01,-3.76,0.0,-2.4381,0.7,3.5384525
6/25/12 22:00,4420.3211,61.2,3.822,-202.19,-1.43,-0.79,0.0373,6.25,-5.47,0.0,-3.1226,1.57,4.1386479
6/25/12 22:30,4420.3211,60.2,3.703,-202.164,-1.48,-0.85,0.0383,6.34,-5.5,0.0,-2.4246,1.7,2.8370513
6/25/12 23:00,4420.3211,73.9,3.238,-202.182,-1.63,-0.47,0.0437,5.48,-5.26,0.0,-1.418,0.94,3.9985523
6/25/12 23:30,4420.3211,75.0,2.66,-202.172,-1.85,-0.49,0.0508,5.08,-4.91,0.0,-0.6635,0.99,4.8092373
6/26/12 0:00,4420.3211,71.7,2.197,-192.0482,-1.66,-0.55,0.0596,3.84,-3.65,0.0,0.0,1.04,3.9366979
6/26/12 0:30,4420.3211,63.3,1.89,-192.0691,-0.72,-0.36,0.0651,1.53,-1.36,0.0,0.1991,0.69,3.8614571
6/26/12 1:00,4420.3211,90.8,1.57,-181.9548,-0.53,0.01,0.0718,0.83,-0.83,0.0,0.2146,-0.01,3.6006531
6/26/12 1:30,4420.3211,71.9,1.29,-171.87,-0.44,-0.14,0.0789,0.6,-0.57,0.0,0.23,0.25,3.4274377
6/26/12 2:00,4420.3211,326.0,1.212,-171.8632,0.14,-0.21,0.0784,0.3,0.17,0.0,0.1503,0.35,3.4274377
6/26/12 2:30,4420.3211,339.3,1.034,-171.8547,0.17,-0.46,0.0842,0.51,0.18,0.0,0.3103,0.78,3.2685896
6/26/12 3:00,4420.3211,50.2,0.672,-171.8768,-0.43,-0.36,0.1055,0.38,-0.29,0.0,0.2675,0.61,2.3497748
6/26/12 3:30,4420.3211,60.3,1.112,-171.9091,-0.99,-0.57,0.0806,1.27,-1.1,0.0,1.0075,0.96,3.3165383
6/26/12 4:00,4420.3211,61.2,1.152,-171.9567,-1.03,-0.57,0.0843,1.36,-1.19,0.0,1.1742,0.96,3.2663393
6/26/12 4:30,4420.3211,59.5,0.954,-172.0128,-0.78,-0.46,0.0936,0.87,-0.75,0.2227,0.8012,0.78,2.3497748
6/26/12 5:00,4420.3211,30.4,0.92,-172.0604,-0.35,-0.59,0.0896,0.63,-0.32,29.0589,0.6078,1.0,2.4202842
6/26/12 5:30,4420.3211,213.5,0.762,-202.472,0.05,0.07,0.0821,0.07,0.04,97.348,0.0657,-0.15,1.505393
6/26/12 6:00,4420.3211,52.1,1.938,-212.6019,-0.43,-0.33,0.0501,1.06,-0.83,192.209,1.0562,0.7,2.2801309
6/26/12 6:30,4420.3211,60.3,3.52,-212.6628,-0.69,-0.39,0.0233,2.81,-2.44,292.9145,2.7814,0.83,3.7307089
6/26/12 7:00,4420.3211,59.0,5.094,-212.7279,-1.71,-1.03,0.0097,10.15,-8.7,388.9271,9.8015,2.15,2.8402825
6/26/12 7:30,4420.3211,60.9,6.125,-212.7573,-1.85,-1.03,0.0031,12.97,-11.33,467.4174,11.9796,2.16,3.3012478
6/26/12 8:00,4420.3211,47.6,7.25,-212.7531,-1.73,-1.58,0.007,17.0,-12.55,518.854,14.7235,3.32,2.3234636
6/26/12 8:30,4420.3211,38.7,7.369,-212.7552,-1.38,-1.72,0.0073,16.25,-10.16,545.0425,12.8909,3.61,3.1058756
6/26/12 9:00,4420.3211,48.8,7.742,-212.7363,-2.22,-1.95,0.0159,22.89,-17.22,518.9393,16.1824,4.09,3.1987726
6/26/12 9:30,4420.3211,58.4,7.625,-202.558,-1.9,-1.17,0.0318,16.98,-14.46,509.6356,10.3373,2.33,3.6499866
6/26/12 10:00,4420.3211,73.2,8.343,-202.552,-1.97,-0.6,0.0609,17.19,-16.46,449.6355,8.5975,1.19,3.0353085
6/26/12 10:30,4420.3211,72.3,8.905,-202.526,-1.9,-0.61,0.0563,17.73,-16.89,360.629,6.7849,1.21,2.6625665
6/26/12 11:00,4420.3211,78.0,9.428,-202.496,-2.36,-0.5,0.086,22.71,-22.22,251.415,5.8783,1.0,2.6896855
6/26/12 11:30,4420.3211,83.4,9.917,-202.506,-2.14,-0.25,0.0782,21.34,-21.2,129.0242,2.7856,0.49,2.8016235
6/26/12 12:00,4420.3211,80.8,10.264,-212.604,-2.17,-0.35,0.0952,22.59,-22.3,0.0,0.0,0.74,3.4194174
6/26/12 12:30,4420.3211,88.3,10.712,-212.5683,-2.6,-0.08,0.0917,27.84,-27.83,-129.3935,-3.6339,0.16,3.9526231
6/26/12 13:00,4420.3211,98.2,10.767,-212.5473,-2.46,0.35,0.0913,26.78,-26.5,-249.1641,-6.9305,-0.74,3.8853449
6/26/12 13:30,4420.3211,111.8,10.46,-212.5284,-3.11,1.24,0.097,35.05,-32.54,-355.5661,-13.4136,-2.61,2.9473737
6/26/12 14:00,4420.3211,83.3,9.919,-212.52,-2.69,-0.32,0.1239,26.86,-26.68,-436.7355,-13.4303,0.66,4.3105362
6/26/12 14:30,4420.3211,81.2,9.696,-212.5284,-3.1,-0.48,0.1533,30.38,-30.02,-495.2877,-18.4927,1.01,3.9956096
6/26/12 15:00,4420.3211,80.3,9.4,-212.5179,-3.38,-0.58,0.1656,32.22,-31.76,-524.418,-22.7852,1.21,4.1562464
6/26/12 15:30,4420.3211,87.9,10.136,-212.5725,-3.33,-0.12,0.1551,33.75,-33.73,-522.0384,-26.778,0.26,2.2717067
6/26/12 16:00,4420.3211,77.8,10.392,-212.5893,-3.44,-0.74,0.1273,36.56,-35.73,-479.8387,-31.6611,1.56,2.6692597
6/26/12 16:30,4420.3211,70.1,10.595,-212.604,-3.25,-1.18,0.0987,36.6,-34.41,-432.9207,-33.8095,2.47,2.4670789
6/26/12 17:00,4420.3211,81.6,10.657,-212.6187,-2.96,-0.44,0.0733,31.93,-31.59,-358.6888,-30.8404,0.92,4.6597943
6/26/12 17:30,4420.3211,72.7,10.052,-212.667,-3.25,-1.01,0.0619,34.19,-32.64,-262.9589,-33.8944,2.12,5.2280816
6/26/12 18:00,4420.3211,87.4,9.303,-212.7216,-3.28,-0.15,0.0533,30.5,-30.47,-164.895,-30.5045,0.31,4.0425197
6/26/12 18:30,4420.3211,83.4,8.322,-212.7762,-3.54,-0.41,0.0515,29.67,-29.47,-76.5693,-29.4141,0.86,4.5226991
6/26/12 19:00,4420.3211,77.0,6.624,-212.8224,-2.7,-0.62,0.0583,18.34,-17.87,-16.3425,-17.7105,1.31,5.2834736
6/26/12 19:30,4420.3211,78.1,5.314,-212.8728,-2.43,-0.51,0.067,13.2,-12.92,0.0,-12.1952,1.08,3.4685778
6/26/12 20:00,4420.3211,73.0,4.679,-212.8917,-2.41,-0.74,0.0682,11.78,-11.26,0.0,-10.1992,1.55,3.9037512
6/26/12 20:30,4420.3211,68.2,4.033,-212.9463,-2.25,-0.9,0.0687,9.75,-9.05,0.0,-7.7366,1.89,2.985975
6/26/12 21:00,4420.3211,86.1,3.174,-213.0156,-2.63,-0.18,0.0669,8.36,-8.34,0.0,-5.9116,0.38,3.5949985
6/26/12 21:30,4420.3211,99.6,2.701,-213.0996,-1.91,0.32,0.0664,5.23,-5.16,0.0,-3.1849,-0.68,1.544629
6/26/12 22:00,4420.3211,83.5,2.588,-213.1395,-1.59,-0.18,0.0647,4.15,-4.13,0.0,-2.0769,0.38,3.5791887
6/26/12 22:30,4420.3211,82.6,2.657,-213.1647,-1.99,-0.26,0.0613,5.33,-5.28,0.0,-2.0387,0.54,4.0834867
6/26/12 23:00,4420.3211,88.6,2.481,-203.06,-1.61,-0.04,0.0639,3.98,-3.98,0.0,-1.0313,0.08,3.2662239
6/26/12 23:30,4420.3211,76.4,2.05,-203.032,-1.22,-0.3,0.072,2.58,-2.51,0.0,-0.3366,0.59,3.9727027
6/27/12 0:00,4420.3211,67.1,1.738,-192.8291,-1.05,-0.44,0.0776,1.98,-1.82,0.0,0.0,0.84,3.8614571
6/27/12 0:30,4420.3211,71.8,1.575,-192.7987,-0.93,-0.31,0.0792,1.54,-1.47,0.0,0.2015,0.58,3.631061
6/27/12 1:00,4420.3211,64.4,1.705,-192.774,-1.15,-0.55,0.0753,2.17,-1.96,0.0,0.5622,1.05,3.3874516
6/27/12 1:30,4420.3211,67.2,1.886,-192.7493,-1.46,-0.62,0.0714,3.0,-2.76,0.0,1.1468,1.17,3.631061
6/27/12 2:00,4420.3211,60.2,1.758,-192.7379,-1.12,-0.64,0.0704,2.26,-1.96,0.0,1.1322,1.22,3.4981202
6/27/12 2:30,4420.3211,65.6,1.411,-192.7379,-0.81,-0.37,0.0786,1.26,-1.15,0.0,0.7679,0.7,3.4274377
6/27/12 3:00,4420.3211,68.2,1.425,-182.5776,-1.22,-0.49,0.0734,1.87,-1.74,0.0,1.322,0.88,3.4274377
6/27/12 3:30,4420.3211,62.6,1.5,-182.5794,-1.34,-0.7,0.0695,2.27,-2.01,0.0,1.8005,1.25,3.4274377
6/27/12 4:00,4420.3211,71.7,1.461,-192.7075,-1.41,-0.47,0.0679,2.17,-2.06,0.0,1.8764,0.88,3.4274377
6/27/12 4:30,4420.3211,66.7,1.328,-182.583,-1.09,-0.47,0.0687,1.58,-1.45,2.4862,1.4551,0.84,3.3210389
6/27/12 5:00,4420.3211,63.7,1.385,-192.7531,-0.73,-0.36,0.0621,1.13,-1.01,35.7634,1.0876,0.68,2.3138854
6/27/12 5:30,4420.3211,81.9,1.567,-213.0807,-1.23,-0.18,0.0572,1.95,-1.93,84.6049,1.9327,0.37,2.2472419
6/27/12 6:00,4420.3211,76.3,1.807,-202.974,-1.25,-0.3,0.0528,2.32,-2.25,97.854,2.3166,0.61,1.6455463
6/27/12 6:30,4420.3211,88.7,2.139,-213.1878,-1.4,-0.03,0.0439,2.99,-2.99,194.4541,2.9647,0.07,2.2265276
6/27/12 7:00,4420.3211,81.2,2.847,-213.2193,-1.91,-0.3,0.0318,5.51,-5.45,328.0757,5.3267,0.62,2.3873952
6/27/12 7:30,4420.3211,79.6,3.473,-213.2382,-1.44,-0.26,0.0331,5.08,-5.0,415.4095,4.6942,0.55,1.7063044
6/27/12 8:00,4420.3211,91.8,3.804,-213.2634,-1.44,0.05,0.0498,5.47,-5.47,360.9906,4.7406,-0.09,2.2966331
6/27/12 8:30,4420.3211,78.7,4.085,-213.2361,-1.03,-0.21,0.0629,4.31,-4.23,382.1012,3.4191,0.43,0.29108496
6/27/12 9:00,4420.3211,56.0,4.269,-203.052,-1.24,-0.84,0.073,6.4,-5.31,350.4817,4.5249,1.68,3.9776072
6/27/12 9:30,4420.3211,135.2,5.121,-213.3474,-0.53,0.54,0.087,3.88,-2.73,427.9502,2.3599,-1.13,0.897812
6/27/12 10:00,4420.3211,56.4,5.733,-203.128,-0.88,-0.59,0.1178,6.08,-5.06,381.4865,3.0385,1.17,1.5625737
6/27/12 10:30,4420.3211,66.6,6.618,-202.982,-1.86,-0.8,0.1074,13.38,-12.28,246.7742,5.1209,1.61,3.1992919
6/27/12 11:00,4420.3211,69.2,7.159,-202.978,-1.69,-0.64,0.1078,12.96,-12.11,196.9983,3.3537,1.29,2.6959748
6/27/12 11:30,4420.3211,73.4,8.536,-213.1017,-1.7,-0.51,0.0885,15.15,-14.52,103.37,1.9777,1.06,1.876404
6/27/12 12:00,4420.3211,86.6,8.585,-213.0702,-1.77,-0.1,0.0877,15.2,-15.17,0.0,0.0,0.22,2.0901248
6/27/12 12:30,4420.3211,101.9,8.939,-213.0177,-1.61,0.34,0.0895,14.7,-14.38,-105.6595,-1.9182,-0.71,2.3106542
6/27/12 13:00,4420.3211,107.5,9.488,-212.9505,-2.05,0.65,0.0847,20.39,-19.45,-213.7203,-5.2772,-1.36,1.8681529
6/27/12 13:30,4420.3211,105.7,9.89,-212.9169,-1.94,0.55,0.0819,19.93,-19.18,-303.5606,-7.6262,-1.15,1.4097841
6/27/12 14:00,4420.3211,92.1,10.513,-212.8938,-1.94,0.07,0.0905,20.46,-20.44,-341.477,-10.2291,-0.15,3.3443497
6/27/12 14:30,4420.3211,108.9,11.096,-222.992,-2.34,0.8,0.0898,27.43,-25.95,-423.4204,-16.6979,-1.76,2.6139254
6/27/12 15:00,4420.3211,95.5,11.831,-222.9546,-2.55,0.25,0.1005,30.28,-30.14,-485.602,-21.408,-0.54,2.078931
6/27/12 15:30,4420.3211,93.4,10.955,-222.904,-2.5,0.15,0.0954,27.42,-27.37,-391.842,-21.754,-0.33,2.4967367
6/27/12 16:00,4420.3211,87.7,10.184,-222.9216,-2.28,-0.09,0.0716,23.24,-23.22,-411.2434,-20.1263,0.2,3.196003
6/27/12 16:30,4420.3211,92.7,9.929,-222.9238,-2.27,0.11,0.058,22.59,-22.56,-390.1368,-20.869,-0.24,2.9237167
6/27/12 17:00,4420.3211,95.4,9.341,-222.948,-2.32,0.22,0.0486,21.79,-21.7,-304.4241,-21.05,-0.48,2.9671071
6/27/12 17:30,4420.3211,79.2,8.444,-222.937,-2.49,-0.47,0.0464,21.4,-21.02,-211.496,-21.214,1.04,2.428593
6/27/12 18:00,4420.3211,80.2,8.1,-223.014,-2.17,-0.38,0.0436,17.85,-17.59,-118.797,-17.8524,0.83,4.4466505
6/27/12 18:30,4420.3211,82.5,6.735,-223.0536,-1.83,-0.24,0.0417,12.41,-12.3,-69.4725,-12.2997,0.53,4.6084413
6/27/12 19:00,4420.3211,77.3,4.974,-212.9316,-1.98,-0.45,0.0427,10.1,-9.85,-27.9838,-9.7532,0.94,4.2834749
6/27/12 19:30,4420.3211,76.1,4.317,-212.9274,-1.76,-0.44,0.0444,7.82,-7.59,-0.9276,-7.227,0.91,3.561244
6/27/12 20:00,4420.3211,89.8,4.351,-212.9568,-1.75,-0.01,0.048,7.63,-7.63,0.0,-6.6054,0.01,1.7717362
6/27/12 20:30,4420.3211,85.4,3.569,-213.0093,-1.5,-0.12,0.052,5.38,-5.36,0.0,-4.2699,0.25,3.4938504
6/27/12 21:00,4420.3211,83.3,2.476,-202.896,-1.3,-0.15,0.0614,3.25,-3.23,0.0,-2.297,0.31,3.4465364
6/27/12 21:30,4420.3211,82.5,1.734,-192.7626,-1.33,-0.18,0.0662,2.33,-2.31,0.0,-1.4208,0.33,3.4584803
6/27/12 22:00,4420.3211,82.0,1.35,-192.7892,-0.9,-0.13,0.0711,1.22,-1.21,0.0,-0.6109,0.24,3.433727
6/27/12 22:30,4420.3211,86.6,1.2,-182.6658,-0.62,-0.04,0.0718,0.75,-0.75,0.0,-0.2866,0.07,3.4549606
6/27/12 23:00,4420.3211,76.5,1.051,-182.6352,-0.83,-0.2,0.0764,0.9,-0.87,0.0,-0.2326,0.36,3.8838447
6/27/12 23:30,4420.3211,87.1,0.997,-182.5758,-1.14,-0.06,0.0784,1.13,-1.13,0.0,-0.148,0.1,3.9002315
6/28/12 0:00,4420.3211,91.6,1.064,-182.5416,-1.28,0.04,0.0743,1.36,-1.36,0.0,0.0,-0.06,2.6828192
6/28/12 0:30,4420.3211,82.6,1.036,-182.4948,-0.77,-0.1,0.0722,0.81,-0.8,0.0,0.1055,0.18,4.0373267
6/28/12 1:00,4420.3211,101.2,1.01,-182.4408,-0.86,0.17,0.0706,0.89,-0.87,0.0,0.23,-0.31,4.0373267
6/28/12 1:30,4420.3211,116.9,0.963,-182.4066,-0.43,0.22,0.0692,0.46,-0.41,0.0,0.1758,-0.39,4.0373267
6/28/12 2:00,4420.3211,117.7,0.865,-182.3814,-0.12,0.06,0.0683,0.12,-0.1,0.0,0.0584,-0.11,4.0373267
6/28/12 2:30,4420.3211,343.0,0.792,-182.3634,0.08,-0.25,0.0671,0.21,0.06,0.0,0.1273,0.45,3.9180608
6/28/12 3:00,4420.3211,31.1,0.563,-182.3742,-0.14,-0.24,0.0799,0.16,-0.08,0.0,0.1099,0.43,3.7866202
6/28/12 3:30,4420.3211,326.4,0.426,-182.3724,0.07,-0.11,0.0875,0.06,0.03,0.0,0.0449,0.2,3.4981202
6/28/12 4:00,4420.3211,324.5,0.414,-182.3922,0.15,-0.21,0.086,0.11,0.06,0.0,0.0929,0.38,3.4274377
6/28/12 4:30,4420.3211,9.7,0.372,-182.4066,-0.06,-0.38,0.0891,0.14,-0.02,0.5072,0.1309,0.68,3.4274377
6/28/12 5:00,4420.3211,135.6,0.386,-182.4354,-0.15,0.15,0.0762,0.08,-0.06,16.3879,0.0787,-0.27,3.6843181
6/28/12 5:30,4420.3211,38.2,0.477,-182.466,-0.29,-0.37,0.0695,0.22,-0.14,47.4555,0.2199,0.66,4.1935206
6/28/12 6:00,4420.3211,24.9,0.536,-182.4624,-0.12,-0.26,0.0666,0.15,-0.07,95.067,0.1549,0.47,0.6234485
6/28/12 6:30,4420.3211,355.0,0.466,-172.3562,0.05,-0.54,0.0616,0.25,0.02,135.3917,0.2513,0.92,2.2475304
6/28/12 7:00,4420.3211,339.0,0.46,-172.363,0.25,-0.65,0.0618,0.32,0.11,146.9714,0.3084,1.1,2.743058
6/28/12 7:30,4420.3211,340.6,0.363,-182.5164,0.14,-0.4,0.0647,0.15,0.05,159.9356,0.1425,0.72,0.6395468
6/28/12 8:00,4420.3211,53.6,0.35,-192.698,-0.28,-0.21,0.0659,0.12,-0.1,201.9978,0.1058,0.39,0.30405015
6/28/12 8:30,4420.3211,239.6,0.573,-202.836,0.59,0.34,0.0638,0.39,0.34,274.6415,0.3096,-0.69,0.91743
6/28/12 9:00,4420.3211,263.3,1.38,-212.9295,0.94,0.11,0.0692,1.3,1.29,363.4642,0.9192,-0.23,0.8463436
6/28/12 9:30,4420.3211,295.0,3.306,-202.774,0.43,-0.2,0.0547,1.57,1.42,379.6888,0.954,0.4,1.2083534
6/28/12 10:00,4420.3211,35.6,4.386,-192.5669,-0.44,-0.62,0.0599,3.32,-1.93,274.8095,1.6601,1.17,0.48001784
6/28/12 10:30,4420.3211,80.0,5.638,-202.694,-1.12,-0.2,0.0507,6.44,-6.34,264.3573,2.4639,0.4,1.4805243
6/28/12 11:00,4420.3211,114.0,6.93,-212.7951,-0.94,0.42,0.0489,7.17,-6.55,135.3103,1.8546,-0.88,0.8652115
6/28/12 11:30,4420.3211,139.4,8.503,-212.7447,-0.86,1.0,0.0336,11.21,-7.29,84.5226,1.4628,-2.1,0.43020543
6/28/12 12:00,4420.3211,161.1,9.49,-212.7216,-0.38,1.12,0.0293,11.22,-3.63,0.0,0.0,-2.35,0.9061785
6/28/12 12:30,4420.3211,118.6,9.759,-212.6607,-0.29,0.16,0.0337,3.23,-2.84,-79.3363,-0.4216,-0.33,1.0660652
6/28/12 13:00,4420.3211,151.5,10.758,-212.5284,-0.58,1.08,0.0231,13.19,-6.29,-142.8016,-3.4136,-2.26,2.6504495
6/28/12 13:30,4420.3211,154.3,10.792,-212.4486,-0.72,1.51,0.0119,18.03,-7.82,-150.1983,-6.9011,-3.16,1.1510573
6/28/12 14:00,4420.3211,161.9,10.913,-212.4675,-0.5,1.52,-0.0036,17.49,-5.43,-233.228,-8.7468,-3.2,1.8342253
6/28/12 14:30,4420.3211,126.6,10.466,-212.4108,-1.03,0.76,0.0089,13.37,-10.73,-271.325,-8.1361,-1.6,1.2542826
6/28/12 15:00,4420.3211,85.2,8.872,-212.3625,-2.03,-0.17,0.0136,18.08,-18.02,-218.1658,-12.7853,0.36,2.8192797
6/28/12 15:30,4420.3211,79.1,7.595,-212.3394,-2.45,-0.47,0.0122,18.93,-18.59,-202.5931,-15.0216,0.99,4.4623449
6/28/12 16:00,4420.3211,84.4,7.374,-212.3583,-2.43,-0.24,0.0053,17.99,-17.9,-158.8065,-15.5756,0.5,3.259473
6/28/12 16:30,4420.3211,76.7,6.321,-212.3121,-2.9,-0.69,0.011,18.86,-18.35,-174.1688,-17.4203,1.44,3.4268607
6/28/12 17:00,4420.3211,90.9,5.63,-212.2722,-2.71,0.04,0.0145,15.23,-15.23,-176.6041,-14.7157,-0.09,2.2238157
6/28/12 17:30,4420.3211,83.3,4.558,-212.2995,-2.42,-0.28,0.0207,11.13,-11.05,-97.3321,-11.0309,0.6,2.9117728
6/28/12 18:00,4420.3211,86.7,4.341,-212.3436,-1.89,-0.11,0.0129,8.23,-8.22,-50.286,-8.2349,0.23,2.8331277
6/28/12 18:30,4420.3211,78.9,3.791,-202.234,-1.64,-0.32,0.0133,6.32,-6.21,-44.5555,-6.2693,0.64,3.0572345
6/28/12 19:00,4420.3211,74.5,3.046,-202.222,-1.47,-0.41,0.0204,4.64,-4.47,-9.7655,-4.481,0.81,3.1082413
6/28/12 19:30,4420.3211,79.5,2.499,-192.1261,-1.36,-0.25,0.022,3.47,-3.41,0.0,-3.2023,0.48,3.1497276
6/28/12 20:00,4420.3211,74.0,2.382,-182.0196,-1.25,-0.36,0.0171,3.09,-2.97,0.0,-2.6776,0.64,3.6912421
6/28/12 20:30,4420.3211,81.4,2.22,-182.0556,-1.36,-0.21,0.0163,3.06,-3.03,0.0,-2.4288,0.37,3.1496699
6/28/12 21:00,4420.3211,94.3,2.376,-182.0952,-1.42,0.11,0.0134,3.38,-3.37,0.0,-2.3924,-0.19,3.1962338
6/28/12 21:30,4420.3211,83.2,1.996,-182.0916,-0.93,-0.11,0.0154,1.88,-1.86,0.0,-1.1422,0.2,3.2813413
6/28/12 22:00,4420.3211,76.5,1.851,-182.0646,-1.02,-0.24,0.0172,1.94,-1.89,0.0,-0.9699,0.44,3.3043636
6/28/12 22:30,4420.3211,86.7,2.159,-182.0196,-1.51,-0.09,0.0167,3.26,-3.25,0.0,-1.2468,0.16,3.7563854
6/28/12 23:00,4420.3211,79.1,1.988,-182.0088,-1.3,-0.25,0.0187,2.64,-2.59,0.0,-0.6823,0.45,3.3980107
6/28/12 23:30,4420.3211,75.3,1.72,-182.0142,-0.96,-0.25,0.0219,1.7,-1.65,0.0,-0.2225,0.45,3.4277262
6/29/12 0:00,4420.3211,60.5,1.649,-181.9566,-1.22,-0.69,0.0291,2.32,-2.02,0.0,0.0,1.25,3.547396
6/29/12 0:30,4420.3211,57.3,1.364,-181.9044,-0.9,-0.58,0.0384,1.45,-1.22,0.0,0.1898,1.04,3.5858242
6/29/12 1:00,4420.3211,59.6,1.353,-171.7816,-0.79,-0.46,0.0342,1.24,-1.07,0.0,0.3201,0.79,3.5735341
6/29/12 1:30,4420.3211,56.5,1.432,-171.768,-0.77,-0.51,0.031,1.32,-1.1,0.0,0.5058,0.87,3.5858242
6/29/12 2:00,4420.3211,58.5,1.463,-171.7425,-1.0,-0.61,0.0263,1.72,-1.47,0.0,0.861,1.05,3.5618787
6/29/12 2:30,4420.3211,55.2,1.35,-171.717,-0.79,-0.55,0.025,1.3,-1.07,0.0,0.7898,0.93,3.5858242
6/29/12 3:00,4420.3211,57.1,1.324,-171.6966,-0.75,-0.49,0.0236,1.19,-1.0,0.0,0.8407,0.83,3.5618787
6/29/12 3:30,4420.3211,83.9,1.443,-171.6813,-0.99,-0.11,0.0186,1.44,-1.43,0.0,1.1425,0.18,3.5523005
6/29/12 4:00,4420.3211,74.9,1.64,-171.6592,-1.25,-0.34,0.0117,2.12,-2.05,0.0,1.835,0.57,3.5898632
6/29/12 4:30,4420.3211,50.8,1.775,-171.6507,-1.02,-0.83,0.0069,2.34,-1.82,0.0,2.1663,1.42,3.1767889
6/29/12 5:00,4420.3211,53.0,1.767,-171.6677,-1.15,-0.87,0.0029,2.55,-2.04,10.4069,2.4646,1.48,3.4299188
6/29/12 5:30,4420.3211,41.5,1.757,-181.7982,-0.55,-0.62,0.0002,1.46,-0.97,78.5135,1.4476,1.12,2.6626242
6/29/12 6:00,4420.3211,59.3,2.349,-212.1,-1.03,-0.61,-0.0095,2.81,-2.42,139.412,2.8094,1.28,2.9795126
6/29/12 6:30,4420.3211,58.5,3.47,-202.022,-1.42,-0.87,-0.0263,5.78,-4.93,277.2338,5.7316,1.74,2.6548924
6/29/12 7:00,4420.3211,62.0,4.427,-212.1441,-1.74,-0.93,-0.0314,8.73,-7.71,369.939,8.4326,1.94,3.3273859
6/29/12 7:30,4420.3211,54.7,4.957,-212.1273,-1.74,-1.23,-0.0211,10.56,-8.62,424.6686,9.7593,2.59,3.7447877
6/29/12 8:00,4420.3211,54.2,5.63,-212.1378,-1.29,-0.93,-0.0128,8.94,-7.25,488.1136,7.7426,1.95,2.1030496
6/29/12 8:30,4420.3211,60.8,6.619,-222.233,-1.31,-0.73,-0.002,9.94,-8.67,492.1377,7.8821,1.61,2.4950634
6/29/12 9:00,4420.3211,55.7,6.883,-212.1105,-1.4,-0.96,0.0176,11.69,-9.66,274.6551,8.2691,2.01,1.960646
6/29/12 9:30,4420.3211,66.4,7.574,-212.121,-1.67,-0.73,0.008,13.82,-12.67,281.7884,8.4146,1.53,2.7656187
6/29/12 10:00,4420.3211,47.8,7.823,-212.1189,-1.27,-1.15,0.011,13.44,-9.96,209.42,6.72,2.42,2.9302368
6/29/12 10:30,4420.3211,43.3,8.805,-212.0874,-1.12,-1.19,0.0091,14.39,-9.87,299.2064,5.5058,2.5,3.3539279
6/29/12 11:00,4420.3211,66.7,10.441,-212.016,-1.57,-0.68,0.0411,17.89,-16.43,179.9403,4.6291,1.42,3.2346043
6/29/12 11:30,4420.3211,65.1,10.225,-211.9614,-1.7,-0.79,0.0288,19.18,-17.4,74.6866,2.5038,1.66,2.8518225
6/29/12 12:00,4420.3211,80.9,10.161,-221.9822,-2.75,-0.44,0.0416,28.3,-27.94,0.0,0.0,0.97,3.5291051
6/29/12 12:30,4420.3211,86.5,8.402,-221.9602,-4.0,-0.24,0.0735,33.63,-33.57,-126.1353,-4.39,0.54,2.1581531
6/29/12 13:00,4420.3211,85.1,8.499,-221.9008,-3.28,-0.28,0.0845,27.96,-27.86,-247.9261,-7.237,0.62,2.2267007
6/29/12 13:30,4420.3211,93.5,9.94,-221.8788,-2.6,0.16,0.0745,25.88,-25.84,-330.4399,-9.9053,-0.35,3.1853285
6/29/12 14:00,4420.3211,96.6,10.618,-221.8612,-2.97,0.34,0.0822,31.73,-31.52,-457.6505,-15.8633,-0.76,2.9124075
6/29/12 14:30,4420.3211,83.7,10.304,-211.7619,-3.18,-0.35,0.0986,32.93,-32.73,-453.4396,-20.0475,0.74,3.5100064
6/29/12 15:00,4420.3211,91.8,10.215,-50.415,-3.46,0.11,0.1052,35.35,-35.34,-518.6847,-24.9991,-0.05,2.8799801
6/29/12 15:30,4420.3211,82.6,10.534,-10.0828,-3.33,-0.43,0.1257,35.37,-35.08,-479.8748,-28.0634,0.04,3.8859219
6/29/12 16:00,4420.3211,76.0,10.198,0.0,-3.44,-0.86,0.1083,36.17,-35.1,-509.2048,-31.3261,0.0,2.6416214
6/29/12 16:30,4420.3211,79.5,9.956,0.0,-3.56,-0.66,0.0799,36.08,-35.48,-448.4659,-33.3341,0.0,5.17569
6/29/12 17:00,4420.3461,79.9,9.616,10.0834,-3.68,-0.66,0.0594,35.96,-35.41,-368.8465,-34.7384,-0.07,3.5948254
6/29/12 17:30,4420.3961,68.2,9.207,10.086,-3.2,-1.28,0.0449,31.69,-29.42,-273.0043,-31.4194,-0.13,6.913037
6/29/12 18:00,4420.4711,64.4,8.919,20.1756,-3.53,-1.69,0.0352,34.88,-31.46,-173.322,-34.8822,-0.34,4.3121518
6/29/12 18:30,4420.5961,81.3,7.534,30.2733,-3.32,-0.51,0.0396,25.28,-24.99,-72.0067,-25.0603,-0.15,2.9550478
6/29/12 19:00,4420.7711,76.8,6.849,40.3736,-2.77,-0.65,0.0489,19.49,-18.98,-10.4513,-18.8281,-0.26,3.3617751
6/29/12 19:30,4420.9961,84.4,5.657,50.4795,-2.73,-0.27,0.063,15.5,-15.43,0.0,-14.3203,-0.13,3.0361163
6/29/12 20:00,4421.2711,78.1,4.193,60.5982,-1.6,-0.34,0.077,6.86,-6.71,0.0,-5.9407,-0.2,3.051176
6/29/12 20:30,4421.5961,68.9,3.103,70.7168,-1.2,-0.46,0.0881,3.98,-3.71,0.0,-3.156,-0.32,3.7465187
6/29/12 21:00,4421.9461,67.1,3.398,70.7287,-2.12,-0.9,0.0811,7.83,-7.21,0.0,-5.5335,-0.63,5.3393849
6/29/12 21:30,4422.2961,58.2,3.32,70.7329,-1.74,-1.08,0.0802,6.79,-5.77,0.0,-4.1311,-0.75,3.2734364
6/29/12 22:00,4422.6711,63.7,2.971,80.8496,-1.11,-0.55,0.0829,3.68,-3.29,0.0,-1.8376,-0.44,3.3751615
6/29/12 22:30,4423.0711,59.3,3.168,80.8424,-1.47,-0.87,0.0797,5.42,-4.66,0.0,-2.0743,-0.7,4.6634294
6/29/12 23:00,4423.4711,41.4,3.237,80.8432,-0.95,-1.08,0.0775,4.66,-3.08,0.0,-1.2064,-0.86,3.3751615
6/29/12 23:30,4423.8961,5.3,2.787,90.9378,-0.03,-0.33,0.0865,0.91,-0.08,0.0,-0.119,-0.29,3.4951775
6/30/12 0:00,4424.3961,142.5,1.752,111.1352,-0.17,0.22,0.1048,0.48,-0.29,0.0,0.0,0.24,3.6009993
6/30/12 0:30,4424.9711,45.8,1.143,121.2192,-0.05,-0.05,0.1188,0.08,-0.06,0.0,0.0104,-0.06,3.637985
6/30/12 1:00,4425.6211,136.4,0.901,141.3944,-0.28,0.3,0.1277,0.37,-0.26,0.0,0.0963,0.42,3.6169245
6/30/12 1:30,4426.3461,96.6,0.84,151.479,-0.19,0.02,0.1344,0.16,-0.16,0.0,0.0608,0.03,3.5886515
6/30/12 2:00,4427.1211,56.8,0.76,161.5344,-0.37,-0.24,0.1331,0.34,-0.28,0.0,0.168,-0.39,3.5886515
6/30/12 2:30,4427.9461,135.4,0.723,171.615,-0.31,0.31,0.1399,0.32,-0.22,0.0,0.1923,0.53,3.5893439
6/30/12 3:00,4428.8461,188.6,0.687,191.8088,0.02,0.14,0.1328,0.1,0.01,0.0,0.068,0.26,3.5795349
6/30/12 3:30,4429.8211,53.7,0.613,201.942,-0.28,-0.21,0.1414,0.22,-0.17,0.0,0.1707,-0.42,3.5994991
6/30/12 4:00,4430.8461,57.5,0.527,212.0664,-0.31,-0.2,0.14,0.19,-0.16,0.0,0.1684,-0.42,3.5994991
6/30/12 4:30,4431.9461,52.3,0.509,232.3069,-0.65,-0.51,0.131,0.42,-0.33,0.0,0.3889,-1.16,3.5853049
6/30/12 5:00,4433.1461,79.7,0.698,252.515,-0.45,-0.08,0.1159,0.32,-0.32,20.8621,0.3095,-0.21,3.3194233
6/30/12 5:30,4434.4211,352.3,0.831,262.6572,0.04,-0.27,0.1043,0.23,0.03,88.2317,0.2266,-0.71,2.5216054
6/30/12 6:00,4435.6711,70.5,1.78,242.4456,-0.46,-0.16,0.0693,0.87,-0.82,203.906,0.8669,-0.39,1.6674723
6/30/12 6:30,4436.9211,58.3,3.157,262.6728,-0.6,-0.37,0.0514,2.21,-1.88,165.0726,2.191,-0.96,3.061562
6/30/12 7:00,4438.2461,158.8,3.208,272.8296,-0.17,0.45,0.0546,1.53,-0.55,200.7744,1.4812,1.2,0.8182437
6/30/12 7:30,4439.6211,264.3,4.306,282.9848,0.65,0.06,0.0338,2.8,2.79,401.5245,2.5858,0.18,2.6557002
6/30/12 8:00,4441.0711,4.2,5.344,303.27,-0.03,-0.36,0.0232,1.93,-0.14,274.0,1.6754,-1.08,1.0500823
6/30/12 8:30,4442.5961,129.2,5.741,313.3294,-0.27,0.22,0.0242,2.03,-1.57,260.5428,1.6123,0.69,0.11928898
6/30/12 9:00,4444.1711,70.3,6.369,323.3888,-0.96,-0.34,0.0247,6.46,-6.09,361.8987,4.5711,-1.09,2.229528
6/30/12 9:30,4445.8211,80.8,7.278,343.553,-1.29,-0.21,0.02,9.54,-9.42,402.8661,5.8085,-0.71,0.5972527
6/30/12 10:00,4447.5461,65.4,8.434,353.654,-1.44,-0.66,0.0264,13.4,-12.19,318.5895,6.7008,-2.32,2.1399776
6/30/12 10:30,4449.3211,71.3,8.857,363.7044,-1.45,-0.49,0.0308,13.6,-12.88,217.1939,5.2028,-1.77,2.6877814
6/30/12 11:00,4451.1211,107.4,9.554,363.6612,-2.03,0.64,0.0329,20.29,-19.36,154.5326,5.2521,2.29,2.1921384
6/30/12 11:30,4452.8961,113.6,9.053,353.521,-2.43,1.06,0.0548,24.03,-22.02,72.5181,3.1361,3.72,2.1705586
6/30/12 12:00,4454.6461,113.4,9.357,353.472,-2.62,1.13,0.0687,26.73,-24.53,0.0,0.0,3.97,1.6872057
6/30/12 12:30,4456.3961,98.2,9.52,353.395,-2.24,0.32,0.1045,21.51,-21.29,-128.0606,-2.8071,1.13,2.0672179
6/30/12 13:00,4458.1461,112.1,9.917,353.2865,-2.57,1.04,0.1446,27.48,-25.46,-248.1658,-7.1123,3.65,2.2661675
6/30/12 13:30,4459.8961,98.3,10.636,353.213,-2.02,0.29,0.1693,21.68,-21.45,-354.0155,-8.2951,1.03,2.6316393
6/30/12 14:00,4461.6211,109.4,10.987,343.0328,-1.93,0.68,0.1898,22.53,-21.25,-401.2765,-11.2672,2.32,1.8589786
6/30/12 14:30,4463.3211,99.6,10.711,343.0396,-2.66,0.45,0.2053,28.91,-28.5,-357.9268,-17.5987,1.53,2.7625029
6/30/12 15:00,4465.0211,106.2,9.493,343.0124,-3.39,0.98,0.2068,33.47,-32.14,-383.6896,-23.6685,3.34,2.9671071
6/30/12 15:30,4466.7211,104.4,9.228,342.9886,-3.23,0.83,0.1951,30.78,-29.82,-460.4877,-24.4231,2.82,2.9025985
6/30/12 16:00,4468.3961,78.1,8.784,332.8941,-3.4,-0.72,0.1929,30.5,-29.84,-486.2456,-26.4121,-2.36,4.4918296
6/30/12 16:30,4470.0461,82.6,8.611,332.8347,-3.5,-0.45,0.1774,30.41,-30.16,-450.479,-28.0989,-1.5,4.2936301
6/30/12 17:00,4471.6711,90.3,8.005,322.7776,-3.24,0.02,0.1675,25.93,-25.93,-333.312,-25.0447,0.05,3.5199885
6/30/12 17:30,4473.2461,77.0,7.574,312.7032,-3.01,-0.7,0.147,23.43,-22.83,-260.6806,-23.2335,-2.16,4.3221916
6/30/12 18:00,4474.7961,99.8,7.093,312.8365,-3.21,0.55,0.1348,23.12,-22.78,-166.501,-23.1161,1.72,2.9505472
6/30/12 18:30,4476.3211,96.8,5.991,302.79,-3.16,0.38,0.141,19.08,-18.94,-44.2056,-18.9122,1.13,3.4375352
6/30/12 19:00,4477.8211,95.9,5.018,302.82,-3.02,0.31,0.1422,15.21,-15.13,-8.0143,-14.6962,0.94,2.4959289
6/30/12 19:30,4479.3211,94.8,3.96,302.856,-2.77,0.23,0.1455,11.02,-10.99,0.0,-10.1854,0.7,3.2644352
6/30/12 20:00,4480.8211,84.4,3.323,302.871,-2.87,-0.28,0.1407,9.59,-9.55,0.0,-8.3082,-0.85,3.4101277
6/30/12 20:30,4482.3211,82.9,2.899,302.934,-3.16,-0.39,0.1366,9.23,-9.16,0.0,-7.323,-1.18,4.5967859
6/30/12 21:00,4483.8211,84.8,2.557,303.066,-2.75,-0.25,0.1332,7.05,-7.02,0.0,-4.9867,-0.75,3.6575453
6/30/12 21:30,4485.3211,99.1,2.322,303.141,-2.35,0.38,0.1288,5.54,-5.47,0.0,-3.3699,1.13,2.0821045
6/30/12 22:00,4486.7961,91.5,2.363,293.0276,-2.37,0.06,0.1185,5.6,-5.6,0.0,-2.799,0.18,3.9009816
6/30/12 22:30,4488.2461,90.4,2.261,292.9783,-1.57,0.01,0.111,3.56,-3.56,0.0,-1.361,0.03,3.7887551
6/30/12 23:00,4489.6961,99.7,2.294,292.9754,-1.38,0.24,0.1034,3.21,-3.16,0.0,-0.8306,0.68,3.6289261
6/30/12 23:30,4491.1461,98.8,2.183,292.9464,-1.87,0.29,0.0988,4.12,-4.07,0.0,-0.538,0.84,3.6382158
7/1/12 0:00,4492.5961,79.3,1.959,292.871,-1.41,-0.27,0.099,2.82,-2.77,0.0,0.0,-0.77,4.0490398
7/1/12 0:30,4494.0461,70.6,1.79,292.7898,-0.55,-0.19,0.0973,1.04,-0.98,0.0,0.1353,-0.56,3.6578338
7/1/12 1:00,4495.4961,136.3,1.46,292.7231,-0.19,0.2,0.0962,0.39,-0.27,0.0,0.102,0.57,3.6438127
7/1/12 1:30,4496.9461,247.4,1.535,292.6593,0.33,0.14,0.0907,0.56,0.51,0.0,0.2126,0.4,3.6559874
7/1/12 2:00,4498.3961,295.9,1.152,292.5549,0.36,-0.18,0.089,0.46,0.42,0.0,0.231,-0.51,3.6498135
7/1/12 2:30,4499.8211,317.8,1.047,282.4052,0.28,-0.3,0.0901,0.43,0.29,0.0,0.2613,-0.85,3.6361963
7/1/12 3:00,4501.2211,305.0,1.015,282.3828,0.54,-0.38,0.0898,0.67,0.55,0.0,0.4715,-1.06,3.6280606
7/1/12 3:30,4502.6211,338.0,0.818,282.3744,0.22,-0.55,0.0938,0.49,0.18,0.0,0.3861,-1.54,3.5853049
7/1/12 4:00,4504.0211,349.0,0.79,282.38,0.08,-0.39,0.0904,0.31,0.06,0.0,0.2723,-1.09,3.5853049
7/1/12 4:30,4505.3961,342.5,0.921,272.2869,0.14,-0.45,0.086,0.43,0.13,0.0,0.3999,-1.21,3.5853049
7/1/12 5:00,4506.7461,323.7,0.847,272.2599,0.2,-0.27,0.0803,0.29,0.17,13.5143,0.2782,-0.74,3.564129
7/1/12 5:30,4508.0961,339.1,0.908,272.2167,0.07,-0.19,0.0733,0.18,0.06,55.9343,0.1791,-0.5,4.2493742
7/1/12 6:00,4509.4211,315.9,1.211,262.1216,0.31,-0.32,0.0624,0.54,0.37,85.617,0.5365,-0.83,2.7665996
7/1/12 6:30,4510.6711,287.9,1.417,241.968,0.92,-0.3,0.0579,1.37,1.3,112.6361,1.3557,-0.71,1.7821222
7/1/12 7:00,4511.8211,314.9,1.805,221.7798,0.51,-0.51,0.0436,1.29,0.92,194.3037,1.2483,-1.11,1.8257434
7/1/12 7:30,4512.8961,340.7,2.563,211.6821,0.26,-0.74,0.0312,2.0,0.66,265.6311,1.8493,-1.55,1.8768656
7/1/12 8:00,4513.9461,17.1,4.257,211.6359,-0.29,-0.93,0.0113,4.13,-1.22,532.0843,3.5798,-1.95,1.6783776
7/1/12 8:30,4515.0211,53.7,7.143,221.6522,-0.74,-0.55,0.0104,6.59,-5.31,364.2127,5.2249,-1.2,0.8317455
7/1/12 9:00,4516.0961,43.2,8.062,211.5687,-0.75,-0.8,0.0172,8.81,-6.03,289.6811,6.2309,-1.67,2.104896
7/1/12 9:30,4517.1461,50.3,8.37,211.5288,-1.09,-0.91,0.0168,11.86,-9.13,317.9141,7.2201,-1.9,4.4072991
7/1/12 10:00,4518.1961,80.1,7.998,211.5267,-0.89,-0.15,0.0293,7.19,-7.08,241.7385,3.5951,-0.32,3.0504836
7/1/12 10:30,4519.2461,86.9,7.751,211.5162,-0.82,-0.04,0.0397,6.38,-6.37,208.4802,2.4412,-0.09,1.9055425
7/1/12 11:00,4520.2711,154.0,8.364,201.406,-0.39,0.79,0.0448,7.36,-3.23,145.2386,1.905,1.58,2.669779
7/1/12 11:30,4521.2461,106.0,8.462,191.3015,-0.38,0.11,0.0487,3.32,-3.19,61.5883,0.433,0.21,-0.027889295
7/1/12 12:00,4522.1961,136.1,8.769,191.2483,-0.48,0.5,0.0473,6.04,-4.19,0.0,0.0,0.94,0.707402
7/1/12 12:30,4523.1461,156.7,9.301,191.1362,-0.36,0.84,0.0483,8.5,-3.36,-87.8802,-1.1096,1.59,0.8489978
7/1/12 13:00,4524.0711,173.3,9.382,180.9828,-0.11,0.9,0.0604,8.55,-1.0,-112.6942,-2.2121,1.63,2.5667845
7/1/12 13:30,4524.9461,145.7,9.414,170.8517,-0.67,0.99,0.062,11.26,-6.34,-102.5067,-4.3087,1.68,1.0987811
7/1/12 14:00,4525.7961,149.3,9.006,170.8109,-0.67,1.12,0.057,11.75,-6.0,-94.5675,-5.8764,1.91,0.8185899
7/1/12 14:30,4526.6461,172.7,7.748,170.7718,-0.19,1.51,0.0535,11.77,-1.5,-104.6942,-7.1646,2.56,1.1928321
7/1/12 15:00,4527.4961,165.0,6.823,170.7344,-0.52,1.94,0.0538,13.69,-3.54,-136.3832,-9.683,3.3,1.3883197
7/1/12 15:30,4528.3461,148.9,6.699,170.714,-1.01,1.68,0.0535,13.16,-6.8,-126.9453,-10.4433,2.86,0.9196226
7/1/12 16:00,4529.1961,134.3,6.054,170.6953,-1.12,1.09,0.0558,9.47,-6.78,-76.4086,-8.1999,1.86,1.0462741
7/1/12 16:30,4530.0461,125.3,5.856,170.6579,-1.54,1.09,0.0543,11.06,-9.02,-53.9693,-10.2145,1.85,1.6299673
7/1/12 17:00,4530.9211,124.4,4.249,180.6768,-1.44,0.99,0.0675,7.43,-6.13,-42.2061,-7.1742,1.78,1.4203432
7/1/12 17:30,4531.8961,118.9,2.639,210.7833,-1.57,0.86,0.0841,4.72,-4.13,-34.4904,-4.6782,1.81,3.3270974
7/1/12 18:00,4532.9961,90.7,1.793,230.8648,-1.84,0.02,0.0996,3.3,-3.3,-30.765,-3.2955,0.05,3.8978658
7/1/12 18:30,4534.1711,90.7,1.434,240.8952,-2.17,0.03,0.1078,3.11,-3.11,-11.706,-3.0852,0.06,2.9863789
7/1/12 19:00,4535.3711,93.8,1.24,240.8952,-1.99,0.13,0.1096,2.47,-2.47,-2.4061,-2.3883,0.32,3.2465482
7/1/12 19:30,4536.5711,92.9,1.116,240.8832,-1.79,0.09,0.1084,2.0,-2.0,0.0,-1.8497,0.22,2.8019697
7/1/12 20:00,4537.7711,97.0,1.021,240.8712,-1.78,0.22,0.1059,1.83,-1.81,0.0,-1.5819,0.52,3.099067
7/1/12 20:30,4538.9961,84.8,0.925,250.925,-1.92,-0.18,0.1076,1.79,-1.78,0.0,-1.4178,-0.44,1.8910598
7/1/12 21:00,4540.2461,77.9,0.883,250.9075,-1.83,-0.39,0.1075,1.65,-1.61,0.0,-1.167,-0.98,3.8682657
7/1/12 21:30,4541.4961,68.5,0.923,250.895,-1.58,-0.62,0.1046,1.57,-1.46,0.0,-0.9535,-1.55,3.2091009
7/1/12 22:00,4542.7711,83.8,0.784,260.8814,-1.63,-0.18,0.1058,1.29,-1.28,0.0,-0.6437,-0.46,3.3026903
7/1/12 22:30,4544.0711,76.1,0.665,260.8216,-1.54,-0.38,0.1031,1.05,-1.02,0.0,-0.4031,-0.99,3.5855357
7/1/12 23:00,4545.3711,73.4,0.623,260.715,-1.63,-0.49,0.0997,1.06,-1.02,0.0,-0.2743,-1.26,2.6992637
7/1/12 23:30,4546.6961,60.6,0.689,270.6993,-1.5,-0.84,0.096,1.18,-1.03,0.0,-0.1546,-2.28,2.7319219
7/2/12 0:00,4548.0461,53.5,0.74,270.648,-1.42,-1.05,0.0941,1.31,-1.05,0.0,0.0,-2.83,2.6157141
7/2/12 0:30,4549.4211,53.7,0.693,280.6048,-1.26,-0.93,0.0938,1.08,-0.87,0.0,0.1416,-2.59,2.538223
7/2/12 1:00,4550.8461,56.3,0.606,290.5191,-1.03,-0.69,0.0908,0.75,-0.62,0.0,0.1942,-1.99,2.8350318
7/2/12 1:30,4552.2961,39.1,0.622,290.4611,-0.51,-0.62,0.0875,0.5,-0.32,0.0,0.1916,-1.81,1.7352698
7/2/12 2:00,4553.7461,38.4,0.608,290.4031,-0.69,-0.87,0.0865,0.67,-0.42,0.0,0.3362,-2.51,3.3029211
7/2/12 2:30,4555.2211,40.8,0.586,300.333,-0.66,-0.76,0.0848,0.59,-0.38,0.0,0.3582,-2.28,2.8807302
7/2/12 3:00,4556.7211,21.5,0.609,300.309,-0.31,-0.78,0.0818,0.51,-0.19,0.0,0.3587,-2.33,3.3029211
7/2/12 3:30,4558.2211,38.6,0.659,300.258,-0.79,-0.99,0.0804,0.83,-0.52,0.0,0.6608,-2.96,2.3032686
7/2/12 4:00,4559.7461,25.1,0.611,310.279,-0.43,-0.91,0.0779,0.62,-0.26,0.0,0.5328,-2.83,3.2723401
7/2/12 4:30,4561.3461,,0.514,330.363,,,0.0722,0.8,,0.0,0.737,,3.3168845
7/2/12 5:00,4563.0461,,0.514,350.483,,,0.0618,0.8,,0.4878,0.777,,3.2746481
7/2/12 5:30,4564.7961,,0.566,350.4655,,,0.0573,0.89,,8.3113,0.8855,,3.227738
7/2/12 6:00,4566.5461,354.7,0.612,350.504,0.1,-1.08,0.0555,0.66,0.06,22.002,0.6628,-3.77,1.2317796
7/2/12 6:30,4568.2961,,0.639,350.525,,,0.0519,1.02,,46.583,1.0162,,3.5463574
7/2/12 7:00,4570.0461,,0.682,350.546,,,0.0475,1.12,,74.7057,1.083,,3.5079292
7/2/12 7:30,4571.8211,33.1,0.803,360.5616,-0.65,-0.99,0.0448,0.95,-0.52,95.2889,0.8784,-3.57,2.988283
7/2/12 8:00,4573.6211,18.9,0.95,360.5616,-0.26,-0.77,0.0424,0.77,-0.25,68.5165,0.6656,-2.76,3.2501256
7/2/12 8:30,4575.4211,26.7,1.222,360.4644,-0.28,-0.55,0.0361,0.75,-0.34,110.5324,0.5982,-1.98,2.3791441
7/2/12 9:00,4577.2211,,1.718,360.4536,,,0.025,3.1,,200.2081,2.1939,,1.510586
7/2/12 9:30,4579.0461,344.4,2.107,370.5328,0.34,-1.23,0.022,2.69,0.72,105.0698,1.6405,-4.56,1.1040318
7/2/12 10:00,4580.8461,339.0,2.249,350.546,0.57,-1.48,0.0166,3.56,1.27,130.1855,1.7778,-5.17,1.7380971
7/2/12 10:30,4582.5461,335.7,2.832,330.4851,0.62,-1.37,0.0111,4.24,1.75,138.0064,1.6235,-4.51,1.4075338
7/2/12 11:00,4584.1961,25.4,3.135,330.4158,-0.64,-1.34,0.0125,4.64,-1.99,82.7866,1.2017,-4.41,2.3768938
7/2/12 11:30,4585.8461,61.8,4.214,330.396,-1.43,-0.77,0.0062,6.85,-6.03,96.7112,0.8938,-2.53,2.6652207
7/2/12 12:00,4587.4711,53.4,6.018,320.2944,-1.54,-1.14,0.0141,11.54,-9.26,0.0,0.0,-3.66,2.6171566
7/2/12 12:30,4589.0711,61.2,6.166,320.1536,-1.61,-0.88,0.0296,11.3,-9.9,-87.9985,-1.4752,-2.83,2.9494509
7/2/12 13:00,4590.6711,66.6,6.608,320.048,-1.75,-0.76,0.043,12.63,-11.6,-203.5099,-3.27,-2.43,3.4545567
7/2/12 13:30,4592.2711,71.9,7.486,319.9648,-2.06,-0.67,0.0583,16.24,-15.43,-320.4369,-6.2137,-2.16,3.4049924
7/2/12 14:00,4593.8711,65.5,8.342,319.9648,-2.22,-1.01,0.0747,20.35,-18.51,-432.7275,-10.1731,-3.24,4.3207491
7/2/12 14:30,4595.4711,73.0,8.464,320.0192,-2.01,-0.61,0.0952,17.77,-16.99,-508.6238,-10.8152,-1.96,3.3153843
7/2/12 15:00,4597.0461,89.8,8.121,310.031,-2.29,-0.01,0.1169,18.57,-18.57,-354.3779,-13.1329,-0.02,2.3358691
7/2/12 15:30,4598.5961,72.6,8.202,310.0093,-2.52,-0.79,0.113,21.69,-20.7,-457.0501,-17.2112,-2.45,4.2267558
7/2/12 16:00,4600.1461,81.4,8.502,309.9318,-2.98,-0.45,0.1064,25.6,-25.31,-509.1649,-22.1698,-1.4,3.5985759
7/2/12 16:30,4601.6961,81.5,8.678,309.8295,-3.3,-0.49,0.1049,28.98,-28.66,-437.9309,-26.7702,-1.53,3.8845948
7/2/12 17:00,4603.2461,91.1,8.475,309.969,-2.88,0.06,0.103,24.42,-24.42,-327.0451,-23.5927,0.17,2.6806266
7/2/12 17:30,4604.7961,90.2,7.611,310.0744,-2.76,0.01,0.1099,20.98,-20.98,-182.1017,-20.804,0.03,3.2307961
7/2/12 18:00,4606.3461,97.4,7.646,310.0806,-2.59,0.34,0.0967,19.96,-19.8,-175.431,-19.9637,1.04,3.4296303
7/2/12 18:30,4607.8961,89.5,7.089,310.1581,-2.61,-0.02,0.0978,18.47,-18.47,-76.7269,-18.3159,-0.07,5.1220867
7/2/12 19:00,4609.4461,93.3,6.017,310.3038,-2.39,0.14,0.1075,14.42,-14.39,-13.6147,-13.9255,0.43,3.3538125
7/2/12 19:30,4610.9961,115.4,4.555,310.3286,-2.02,0.96,0.1143,10.19,-9.2,0.0,-9.4139,2.97,2.1552104
7/2/12 20:00,4612.5461,110.6,3.911,310.4526,-1.65,0.62,0.1154,6.9,-6.46,0.0,-5.9747,1.92,2.1272836
7/2/12 20:30,4614.1211,111.0,3.576,320.5472,-2.01,0.77,0.109,7.68,-7.17,0.0,-6.0939,2.46,2.1253795
7/2/12 21:00,4615.7211,89.4,3.146,320.7264,-1.86,-0.02,0.1049,5.86,-5.86,0.0,-4.1466,-0.06,4.0197282
7/2/12 21:30,4617.3211,104.4,2.521,320.8736,-1.64,0.42,0.099,4.28,-4.14,0.0,-2.6028,1.35,3.2278534
7/2/12 22:00,4618.9461,92.0,2.066,330.9306,-2.28,0.08,0.0989,4.72,-4.72,0.0,-2.3594,0.26,3.2434324
7/2/12 22:30,4620.5961,136.2,1.847,330.9141,-0.72,0.75,0.0929,1.92,-1.33,0.0,-0.7365,2.48,3.1741347
7/2/12 23:00,4622.2461,131.6,1.811,330.9504,-0.8,0.71,0.0847,1.93,-1.44,0.0,-0.4997,2.34,3.2434324
7/2/12 23:30,4623.9211,156.9,1.697,341.0064,-0.24,0.56,0.082,1.02,-0.4,0.0,-0.1338,1.89,3.2434324
7/3/12 0:00,4625.6211,150.5,1.561,340.9962,-0.36,0.64,0.0816,1.15,-0.57,0.0,0.0,2.19,3.1741347
7/3/12 0:30,4627.3211,98.4,1.328,340.816,-0.96,0.14,0.0858,1.29,-1.28,0.0,0.1688,0.48,3.1741347
7/3/12 1:00,4629.0211,99.7,1.202,340.7412,-0.38,0.07,0.0854,0.46,-0.46,0.0,0.1201,0.22,3.1741347
7/3/12 1:30,4630.7211,114.4,1.08,340.7752,-0.22,0.1,0.0824,0.27,-0.24,0.0,0.1017,0.35,3.1741347
7/3/12 2:00,4632.4211,46.8,0.965,340.7446,-0.53,-0.5,0.0775,0.7,-0.51,0.0,0.3517,-1.7,3.1704996
7/3/12 2:30,4634.1211,72.6,0.998,340.6868,-0.55,-0.17,0.0744,0.57,-0.55,0.0,0.3487,-0.58,3.1704996
7/3/12 3:00,4635.8211,129.9,1.021,340.629,-0.3,0.25,0.0733,0.4,-0.31,0.0,0.2852,0.86,3.1741347
7/3/12 3:30,4637.4961,165.5,0.844,330.5907,-0.15,0.57,0.0791,0.5,-0.13,0.0,0.3964,1.89,3.1704996
7/3/12 4:00,4639.1461,177.1,0.817,330.627,-0.02,0.39,0.0717,0.32,-0.02,0.0,0.2766,1.29,3.1704996
7/3/12 4:30,4640.7961,79.6,0.889,330.6501,-0.4,-0.07,0.067,0.36,-0.35,0.0,0.3318,-0.24,3.1704996
7/3/12 5:00,4642.4461,124.6,0.82,330.66,-0.34,0.24,0.0732,0.34,-0.28,14.5381,0.3295,0.78,3.1849823
7/3/12 5:30,4644.0961,80.8,0.836,330.7293,-0.19,-0.03,0.065,0.16,-0.16,34.2524,0.1616,-0.1,1.331716
7/3/12 6:00,4645.7211,112.8,1.047,320.7168,-0.3,0.13,0.0581,0.34,-0.31,60.222,0.3413,0.4,3.3635061
7/3/12 6:30,4647.2461,119.5,1.477,290.6438,-0.49,0.28,0.049,0.83,-0.72,114.2045,0.8186,0.8,0.09859776
7/3/12 7:00,4648.6961,113.1,2.073,290.6206,-0.62,0.26,0.0341,1.4,-1.29,164.9154,1.3496,0.77,1.8909444
7/3/12 7:30,4650.1211,174.9,2.732,280.5992,-0.03,0.39,0.025,1.07,-0.1,159.6649,0.9919,1.1,0.54521884
7/3/12 8:00,4651.5211,131.8,3.473,280.5068,-0.54,0.48,0.0168,2.5,-1.86,214.1308,2.1655,1.34,0.8654423
7/3/12 8:30,4652.9211,143.5,4.554,280.5068,-0.25,0.33,0.0093,1.89,-1.12,359.1074,1.4994,0.93,2.4172838
7/3/12 9:00,4654.2961,208.3,5.346,270.4941,0.24,0.44,-0.0041,2.69,1.28,472.4972,1.9052,1.2,2.1494404
7/3/12 9:30,4655.6211,234.3,5.757,260.5382,0.89,0.64,0.0038,6.31,5.12,322.3173,3.8411,1.66,2.6425446
7/3/12 10:00,4656.9211,102.5,6.049,260.4446,-0.25,0.06,0.017,1.55,-1.51,258.995,0.7743,0.14,2.590153
7/3/12 10:30,4658.2211,216.0,6.811,260.455,0.39,0.54,0.0106,4.55,2.67,174.2251,1.7411,1.41,1.450578
7/3/12 11:00,4659.5211,188.7,7.567,260.4368,0.24,1.54,0.0032,11.78,1.78,148.9335,3.0494,4.0,1.6304289
7/3/12 11:30,4660.7961,168.0,7.857,250.3875,-0.21,0.99,0.0077,7.97,-1.66,62.0741,1.0399,2.48,1.5156636
7/3/12 12:00,4662.0461,192.6,9.108,250.2575,0.24,1.06,-0.0009,9.9,2.16,0.0,0.0,2.65,1.0950306
7/3/12 12:30,4663.2961,181.5,9.685,250.225,0.03,1.08,-0.0038,10.45,0.27,-36.6471,-1.364,2.7,1.7562726
7/3/12 13:00,4664.5461,205.8,10.181,250.1975,0.69,1.42,-0.006,16.1,7.01,-50.851,-4.166,3.56,2.4996794
7/3/12 13:30,4665.7961,205.7,10.541,250.16,0.68,1.42,-0.0175,16.6,7.2,-122.683,-6.3533,3.55,2.8885774
7/3/12 14:00,4667.0211,203.3,11.642,240.1272,0.77,1.78,-0.0246,22.53,8.91,-132.26,-11.2636,4.27,0.6281222
7/3/12 14:30,4668.2211,203.5,12.168,240.06,0.94,2.15,-0.0248,28.57,11.39,-210.0933,-17.3926,5.17,2.263571
7/3/12 15:00,4669.4211,188.4,12.4,240.048,0.35,2.37,-0.0218,29.76,4.35,-160.0869,-21.0435,5.7,2.4149181
7/3/12 15:30,4670.6211,183.1,10.888,239.9952,0.09,1.72,-0.0166,18.78,1.02,-138.8511,-14.9006,4.13,1.8870785
7/3/12 16:00,4671.8211,183.9,9.905,239.9976,0.11,1.57,-0.0118,15.63,1.06,-109.463,-13.5361,3.78,2.2342017
7/3/12 16:30,4672.9961,184.7,8.335,229.9517,0.19,2.36,0.0117,19.73,1.62,-61.8159,-18.2272,5.43,3.5361445
7/3/12 17:00,4674.1461,197.5,5.552,229.9011,0.47,1.49,0.04,8.66,2.6,-46.0669,-8.366,3.42,2.6987444
7/3/12 17:30,4675.3461,208.0,3.68,249.9375,0.63,1.19,0.0507,4.98,2.34,-15.2564,-4.9328,2.98,2.7102267
7/3/12 18:00,4676.6961,221.9,1.946,289.9362,1.02,1.14,0.0665,2.98,1.99,-12.312,-2.9813,3.31,3.1529588
7/3/12 18:30,4678.1461,184.7,1.634,289.9275,0.08,0.99,0.0632,1.63,0.13,-5.4738,-1.6152,2.88,3.1662298
7/3/12 19:00,4679.6461,156.8,2.045,309.9411,-0.83,1.93,0.0854,4.3,-1.69,-0.9833,-4.1541,5.99,3.2977281
7/3/12 19:30,4681.1961,138.4,1.856,309.969,-0.64,0.72,0.0872,1.78,-1.18,0.0,-1.6461,2.23,3.260627
7/3/12 20:00,4682.7211,45.2,1.307,299.958,-0.66,-0.65,0.0763,1.21,-0.86,0.0,-1.0493,-1.96,3.2876306
7/3/12 20:30,4684.2211,53.6,1.335,300.048,-1.0,-0.74,0.0681,1.66,-1.33,0.0,-1.3154,-2.21,3.2284881
7/3/12 21:00,4685.7211,41.8,1.346,300.039,-0.81,-0.91,0.0648,1.64,-1.09,0.0,-1.1602,-2.73,2.2784576
7/3/12 21:30,4687.2211,41.2,1.265,299.946,-1.15,-1.31,0.0627,2.21,-1.45,0.0,-1.3438,-3.94,2.6068283
7/3/12 22:00,4688.7211,30.8,1.315,299.958,-0.88,-1.48,0.0637,2.27,-1.16,0.0,-1.1348,-4.45,2.0968757
7/3/12 22:30,4690.2211,37.7,1.059,299.961,-0.95,-1.23,0.0716,1.64,-1.0,0.0,-0.6278,-3.68,3.2245068
7/3/12 23:00,4691.7211,36.2,0.86,299.949,-0.87,-1.18,0.0728,1.26,-0.75,0.0,-0.3268,-3.55,3.1669799
7/3/12 23:30,4693.2211,42.8,1.017,299.919,-1.45,-1.56,0.0778,2.17,-1.47,0.0,-0.2829,-4.69,3.9626629
7/4/12 0:00,4694.7211,40.0,0.993,299.82,-1.25,-1.49,0.0758,1.93,-1.24,0.0,0.0,-4.46,3.0775449
7/4/12 0:30,4696.2211,3.9,0.883,299.802,-0.09,-1.3,0.0716,1.15,-0.08,0.0,0.1504,-3.91,3.2359891
7/4/12 1:00,4697.7211,3.4,0.78,299.838,-0.09,-1.44,0.0663,1.12,-0.07,0.0,0.2911,-4.32,3.2359891
7/4/12 1:30,4699.2461,7.3,0.898,309.8605,-0.16,-1.24,0.0646,1.12,-0.14,0.0,0.4285,-3.83,3.2359891
7/4/12 2:00,4700.7961,359.3,0.959,309.8822,0.01,-1.06,0.0682,1.02,0.01,0.0,0.5102,-3.3,3.2201793
7/4/12 2:30,4702.3461,349.8,0.764,309.8295,0.27,-1.48,0.0614,1.15,0.2,0.0,0.7004,-4.59,3.2359891
7/4/12 3:00,4703.8961,340.7,0.718,309.8853,0.49,-1.4,0.0597,1.06,0.35,0.0,0.7514,-4.33,3.2097933
7/4/12 3:30,4705.4461,342.9,0.723,309.8729,0.4,-1.29,0.0548,0.98,0.29,0.0,0.7744,-4.0,3.2359891
7/4/12 4:00,4706.9961,340.6,0.789,309.9628,0.42,-1.19,0.0504,0.99,0.33,0.0,0.8589,-3.68,3.186771
7/4/12 4:30,4708.5461,324.1,0.897,310.1178,0.53,-0.73,0.0468,0.8,0.47,0.0,0.7434,-2.25,3.1724614
7/4/12 5:00,4710.0961,326.3,0.947,310.2697,0.62,-0.92,0.0438,1.05,0.58,2.5259,1.0144,-2.86,3.1382453
7/4/12 5:30,4711.6461,312.2,0.951,310.4185,0.63,-0.57,0.0425,0.81,0.6,8.1764,0.7986,-1.76,3.1508239
7/4/12 6:00,4713.1961,321.1,0.844,310.4712,0.68,-0.84,0.0417,0.91,0.57,42.461,0.909,-2.6,3.3903943
7/4/12 6:30,4714.7711,334.2,1.269,320.5056,0.66,-1.37,0.0391,1.93,0.84,154.6505,1.9124,-4.38,1.5820186
7/4/12 7:00,4716.3461,328.3,1.891,310.589,0.84,-1.36,0.0303,3.03,1.59,292.3655,2.9243,-4.22,1.5416863
7/4/12 7:30,4717.8461,339.2,2.702,290.5974,0.58,-1.53,0.0135,4.43,1.57,391.1623,4.0915,-4.44,1.608099
7/4/12 8:00,4719.2711,317.8,3.89,280.63,0.92,-1.01,0.002,5.31,3.57,472.8577,4.5985,-2.83,2.227797
7/4/12 8:30,4720.6711,324.2,4.932,280.6748,0.65,-0.9,-0.0005,5.45,3.19,512.3817,4.3276,-2.51,1.8844243
7/4/12 9:00,4722.0461,339.2,5.634,270.6858,0.45,-1.19,0.0049,7.17,2.55,488.2721,5.0714,-3.21,1.3785684
7/4/12 9:30,4723.3961,339.8,6.662,270.7128,0.37,-1.01,0.0148,7.16,2.47,447.9431,4.3597,-2.72,1.1861966
7/4/12 10:00,4724.7211,296.1,7.524,260.7254,0.61,-0.3,0.0285,5.11,4.59,376.44,2.5544,-0.78,0.683168
7/4/12 10:30,4726.0211,300.9,8.133,260.7514,0.67,-0.4,0.04,6.31,5.42,336.5517,2.4152,-1.04,1.2858445
7/4/12 11:00,4727.2961,179.3,9.67,250.6775,-0.01,0.67,0.0586,6.52,-0.08,257.768,1.6869,1.68,0.7390793
7/4/12 11:30,4728.5211,233.9,11.03,240.6432,0.4,0.29,0.0757,5.45,4.4,131.5547,0.7112,0.7,1.2644955
7/4/12 12:00,4729.7211,230.0,12.419,240.6024,0.25,0.21,0.099,3.97,3.04,0.0,0.0,0.49,1.1377863
7/4/12 12:30,4730.8961,228.2,13.41,230.5635,0.62,0.55,0.1126,11.14,8.31,-135.3152,-1.4545,1.27,1.3915509
7/4/12 13:00,4732.0461,228.9,15.004,230.6233,0.73,0.64,0.1279,14.6,11.0,-260.2736,-3.7785,1.47,1.8957335
7/4/12 13:30,4733.1711,250.1,15.501,220.5786,0.86,0.31,0.136,14.11,13.26,-320.4901,-5.3981,0.68,3.622983
7/4/12 14:00,4734.2711,198.1,16.051,220.5984,0.3,0.92,0.1314,15.55,4.83,-446.5,-7.7767,2.03,2.8329546
7/4/12 14:30,4735.3711,178.5,16.872,220.5896,-0.03,1.19,0.1338,20.16,-0.53,-490.5552,-12.2739,2.63,1.9579918
7/4/12 15:00,4736.4461,190.3,16.63,210.5166,0.37,2.06,0.1168,34.77,6.22,-528.9378,-24.5885,4.32,2.5282986
7/4/12 15:30,4737.4961,188.3,16.304,210.5124,0.33,2.27,0.1009,37.4,5.4,-506.9187,-29.6725,4.77,4.2443543
7/4/12 16:00,4738.5211,194.9,16.953,200.51,0.64,2.4,0.0768,42.09,10.82,-492.2211,-36.4547,4.8,3.5864589
7/4/12 16:30,4739.5211,183.6,17.068,200.486,0.15,2.34,0.0554,39.97,2.51,-408.2818,-36.9305,4.67,3.3562359
7/4/12 17:00,4740.5211,185.4,15.903,200.46,0.29,3.08,0.0499,49.12,4.62,-317.9074,-47.4505,6.15,3.3676605
7/4/12 17:30,4741.4961,188.6,15.15,190.4465,0.37,2.47,0.0345,37.8,5.65,-249.9829,-37.4759,4.69,2.5420312
7/4/12 18:00,4742.4461,184.6,13.608,190.5434,0.21,2.56,0.0334,34.95,2.8,-143.804,-34.9453,4.86,3.1523241
7/4/12 18:30,4743.3961,178.6,11.34,190.6194,-0.05,2.14,0.0426,24.29,-0.59,-58.6013,-24.0825,4.07,3.3113453
7/4/12 19:00,4744.3461,188.2,8.434,190.703,0.21,1.48,0.0625,12.62,1.8,-7.0426,-12.1873,2.81,3.0766217
7/4/12 19:30,4745.2961,197.1,8.115,190.7714,0.47,1.54,0.0626,13.1,3.85,0.0,-12.1006,2.93,4.7940045
7/4/12 20:00,4746.2211,173.6,7.772,180.7938,-0.21,1.83,0.0592,14.32,-1.6,0.0,-12.398,3.29,3.6867415
7/4/12 20:30,4747.1211,170.9,6.308,180.8748,-0.28,1.75,0.0581,11.19,-1.77,0.0,-8.8779,3.15,1.7562726
7/4/12 21:00,4748.0461,165.3,5.797,190.9804,-0.34,1.29,0.0565,7.74,-1.96,0.0,-5.4723,2.45,3.0307502
7/4/12 21:30,4748.9961,170.5,5.371,191.0051,-0.19,1.15,0.0538,6.24,-1.03,0.0,-3.7961,2.18,3.1276285
7/4/12 22:00,4749.9461,157.1,4.795,190.9823,-0.46,1.08,0.058,5.61,-2.18,0.0,-2.8075,2.05,3.1640372
7/4/12 22:30,4750.8961,143.6,4.321,191.0241,-0.64,0.87,0.0531,4.67,-2.77,0.0,-1.7875,1.65,3.164845
7/4/12 23:00,4751.8461,132.1,3.848,191.0298,-1.09,0.98,0.0532,5.65,-4.19,0.0,-1.461,1.87,3.1276862
7/4/12 23:30,4752.7961,130.7,3.551,191.0146,-0.77,0.66,0.0485,3.61,-2.74,0.0,-0.4714,1.26,3.1171271
7/5/12 0:00,4753.7711,110.8,3.047,201.012,-0.59,0.23,0.0488,1.93,-1.81,0.0,0.0,0.45,3.0932393
7/5/12 0:30,4754.7711,114.0,2.849,200.972,-0.76,0.34,0.0492,2.36,-2.16,0.0,0.3079,0.67,3.1057025
7/5/12 1:00,4755.7711,109.8,2.778,200.972,-0.31,0.11,0.0456,0.91,-0.85,0.0,0.2344,0.22,3.107145
7/5/12 1:30,4756.7961,30.0,2.375,211.0332,-0.06,-0.1,0.0455,0.27,-0.13,0.0,0.1027,-0.21,3.1059333
7/5/12 2:00,4757.8461,53.1,2.22,211.0416,-0.48,-0.36,0.0437,1.33,-1.06,0.0,0.6649,-0.76,3.1059333
7/5/12 2:30,4758.8961,124.3,2.04,211.0752,-0.48,0.32,0.0475,1.17,-0.97,0.0,0.7141,0.68,3.1324753
7/5/12 3:00,4759.9211,76.4,2.213,200.936,-0.94,-0.23,0.0468,2.14,-2.08,0.0,1.5101,-0.45,3.1309174
7/5/12 3:30,4760.9211,102.6,1.831,200.862,-0.86,0.19,0.0531,1.61,-1.57,0.0,1.2769,0.38,3.2414129
7/5/12 4:00,4761.9461,123.8,1.71,210.9387,-0.88,0.59,0.054,1.8,-1.5,0.0,1.5609,1.23,3.2572227
7/5/12 4:30,4762.9961,107.8,1.733,210.9681,-0.83,0.27,0.0481,1.52,-1.44,0.0,1.4009,0.56,3.2288343
7/5/12 5:00,4764.0211,2.6,1.803,200.906,-0.04,-0.83,0.0417,1.5,-0.07,2.9094,1.449,-1.66,3.2680126
7/5/12 5:30,4765.0211,68.2,1.975,200.91,-0.42,-0.17,0.0338,0.88,-0.82,7.999,0.8772,-0.33,3.1922525
7/5/12 6:00,4765.9961,126.9,2.094,190.8227,-0.35,0.26,0.0281,0.9,-0.72,35.765,0.9046,0.49,3.5921712
7/5/12 6:30,4766.9211,176.4,2.493,180.7542,-0.02,0.3,0.023,0.75,-0.05,48.6849,0.7464,0.54,1.0217516
7/5/12 7:00,4767.7961,310.8,2.729,170.6868,0.28,-0.24,0.0189,1.0,0.75,115.2649,0.9621,-0.41,3.3846243
7/5/12 7:30,4768.6461,291.5,3.031,170.6902,0.37,-0.15,0.0167,1.22,1.14,162.5917,1.1285,-0.25,2.527837
7/5/12 8:00,4769.4961,307.9,3.4,170.7021,0.19,-0.15,0.0129,0.84,0.66,153.0787,0.7273,-0.26,1.8675182
7/5/12 8:30,4770.3461,181.7,3.776,170.7004,0.01,0.21,0.0081,0.8,0.02,147.4661,0.6321,0.36,2.836532
7/5/12 9:00,4771.1961,250.4,4.05,170.7072,0.37,0.13,0.0114,1.58,1.49,120.3998,1.1197,0.22,2.9616256
7/5/12 9:30,4772.0461,299.6,4.681,170.7072,0.21,-0.12,0.0061,1.13,0.98,185.5121,0.6896,-0.2,3.1362835
7/5/12 10:00,4772.8961,208.4,5.788,170.6528,0.16,0.3,-0.0021,1.94,0.92,206.7355,0.9724,0.5,2.0418299
7/5/12 10:30,4773.7211,289.1,6.542,160.6224,0.49,-0.17,0.0079,3.4,3.21,141.8378,1.3018,-0.27,1.9041577
7/5/12 11:00,4774.5211,273.7,7.474,160.5904,0.64,-0.04,0.0081,4.76,4.75,183.1675,1.2322,-0.07,2.8475527
7/5/12 11:30,4775.2961,274.6,8.375,150.5385,0.36,-0.03,0.0199,2.99,2.98,122.4329,0.3903,-0.04,0.7427721
7/5/12 12:00,4776.0211,225.9,9.077,140.4928,0.4,0.39,0.0448,5.03,3.61,0.0,0.0,0.54,2.6858196
7/5/12 12:30,4776.7211,338.1,9.055,140.4508,0.1,-0.25,0.0558,2.48,0.93,-77.6588,-0.3238,-0.36,1.9961892
7/5/12 13:00,4777.4211,104.4,9.517,140.3976,-0.32,0.08,0.0499,3.12,-3.02,-135.0823,-0.8079,0.11,2.5913647
7/5/12 13:30,4778.1211,145.5,10.121,140.3808,-0.04,0.06,0.0416,0.75,-0.42,-151.8186,-0.2866,0.09,2.2727453
7/5/12 14:00,4778.7961,231.2,11.171,130.3315,0.09,0.07,0.0269,1.32,1.03,-236.451,-0.6591,0.1,2.6224073
7/5/12 14:30,4779.4461,217.0,11.776,130.325,0.15,0.2,0.0186,2.93,1.76,-242.6073,-1.785,0.26,2.8135674
7/5/12 15:00,4780.0961,1.5,12.188,130.325,-0.01,-0.27,0.0126,3.33,-0.09,-261.0073,-2.3528,-0.35,3.0501374
7/5/12 15:30,4780.7461,339.3,12.599,130.2899,0.21,-0.56,0.0075,7.53,2.66,-240.0846,-5.9773,-0.73,1.8611712
7/5/12 16:00,4781.3961,52.4,12.503,130.2626,-0.5,-0.39,-0.0029,7.9,-6.26,-268.3224,-6.8432,-0.5,2.0069791
7/5/12 16:30,4782.0211,65.7,12.399,120.2412,-0.6,-0.27,-0.0102,8.16,-7.44,-199.7252,-7.5375,-0.32,4.3112286
7/5/12 17:00,4782.6211,82.5,12.211,120.2424,-0.76,-0.1,-0.0165,9.39,-9.31,-138.6789,-9.0703,-0.12,6.0008
7/5/12 17:30,4783.2211,121.2,11.197,120.2352,-0.99,0.6,-0.0178,13.02,-11.14,-113.4054,-12.9107,0.72,2.7353262
7/5/12 18:00,4783.8211,92.4,8.336,120.2784,-2.04,0.09,-0.0006,17.03,-17.02,-69.559,-17.0304,0.1,4.7143785
7/5/12 18:30,4784.4461,75.0,4.767,130.3549,-3.09,-0.83,0.0702,15.26,-14.74,-31.3297,-15.1333,-1.08,4.457325
7/5/12 19:00,4785.0961,90.1,4.12,130.3653,-2.35,0.0,0.0781,9.68,-9.68,-6.2776,-9.3521,0.01,5.805197
7/5/12 19:30,4785.7711,110.4,3.674,140.3976,-1.69,0.63,0.0726,6.63,-6.22,0.0,-6.1268,0.88,3.1210507
7/5/12 20:00,4786.4711,100.7,3.597,140.4368,-1.4,0.26,0.0662,5.11,-5.02,0.0,-4.4234,0.37,3.8397042
7/5/12 20:30,4787.1961,123.9,3.193,150.4905,-1.19,0.8,0.0666,4.57,-3.8,0.0,-3.6275,1.2,3.1150499
7/5/12 21:00,4787.9461,128.1,3.094,150.54,-1.15,0.91,0.0626,4.54,-3.57,0.0,-3.2095,1.36,3.0823917
7/5/12 21:30,4788.7211,142.7,2.591,160.5808,-0.59,0.77,0.0625,2.51,-1.52,0.0,-1.5252,1.23,3.0405592
7/5/12 22:00,4789.5711,164.8,2.622,180.6354,-0.17,0.64,0.0638,1.74,-0.46,0.0,-0.8679,1.15,3.0752946
7/5/12 22:30,4790.4711,131.0,2.599,180.684,-0.37,0.32,0.0595,1.28,-0.97,0.0,-0.4913,0.58,3.0752946
7/5/12 23:00,4791.3961,96.4,2.352,190.7277,-0.53,0.06,0.0598,1.26,-1.26,0.0,-0.3269,0.11,3.1168963
7/5/12 23:30,4792.3211,40.8,2.405,180.6732,-0.41,-0.47,0.059,1.5,-0.98,0.0,-0.1953,-0.85,3.1483428
7/6/12 0:00,4793.3461,,1.836,230.9499,,,0.0748,1.41,,0.0,0.0,,3.1932334
7/6/12 0:30,4794.6961,,1.888,310.8649,,,0.0854,1.33,,0.0,0.1735,,3.2437209
7/6/12 1:00,4796.2711,2.9,1.583,320.8864,-0.04,-0.72,0.0715,1.13,-0.06,0.0,0.2934,-2.29,3.2929967
7/6/12 1:30,4797.8711,356.3,0.993,320.9088,0.05,-0.8,0.0715,0.8,0.05,0.0,0.3051,-2.56,3.2985359
7/6/12 2:00,4799.4711,50.5,0.95,320.7968,-0.88,-0.72,0.0595,1.08,-0.83,0.0,0.5396,-2.31,3.2711861
7/6/12 2:30,4801.0711,158.4,1.197,320.9024,-0.15,0.38,0.0502,0.48,-0.18,0.0,0.2944,1.2,3.3137687
7/6/12 3:00,4802.6711,213.4,1.072,320.912,0.38,0.58,0.0503,0.74,0.41,0.0,0.5223,1.84,3.3137687
7/6/12 3:30,4804.2961,275.5,0.959,330.9042,0.36,-0.03,0.055,0.34,0.34,0.0,0.2716,-0.11,3.2668009
7/6/12 4:00,4805.9461,239.0,0.891,330.957,0.64,0.38,0.0583,0.66,0.57,0.0,0.5733,1.26,3.2838801
7/6/12 4:30,4807.5961,246.7,0.9,330.9966,0.71,0.31,0.0636,0.7,0.64,0.0,0.6452,1.01,3.291785
7/6/12 5:00,4809.2461,343.6,0.923,330.9438,0.19,-0.64,0.0615,0.62,0.17,0.9321,0.5956,-2.11,3.291785
7/6/12 5:30,4810.9211,342.8,0.846,340.9588,0.33,-1.05,0.0602,0.93,0.28,7.3952,0.9252,-3.58,3.2633966
7/6/12 6:00,4812.6211,337.7,0.895,340.918,0.23,-0.57,0.0538,0.55,0.21,13.218,0.5477,-1.93,3.3133648
7/6/12 6:30,4814.3211,328.0,0.941,340.8942,0.13,-0.21,0.0506,0.23,0.12,21.9942,0.2314,-0.72,3.5218349
7/6/12 7:00,4816.0461,257.5,1.037,350.889,0.53,0.12,0.0447,0.56,0.55,61.9236,0.5449,0.41,3.4246104
7/6/12 7:30,4817.7961,305.4,1.287,350.917,0.65,-0.46,0.0384,1.02,0.83,81.282,0.9453,-1.61,1.094569
7/6/12 8:00,4819.5461,319.2,1.802,350.931,0.57,-0.66,0.0233,1.58,1.03,159.5418,1.3686,-2.32,2.3249638
7/6/12 8:30,4821.2461,296.5,3.374,330.7227,1.03,-0.51,-0.0069,3.87,3.47,419.6895,3.0729,-1.69,3.5442225
7/6/12 9:00,4822.8711,299.2,5.427,320.544,0.94,-0.52,-0.0263,5.82,5.08,496.2822,4.1176,-1.68,2.2973255
7/6/12 9:30,4824.4711,282.8,6.544,320.5504,1.26,-0.29,-0.0252,8.47,8.26,458.0887,5.155,-0.92,2.4442297
7/6/12 10:00,4826.0711,279.9,7.909,320.5504,1.17,-0.2,-0.016,9.39,9.25,405.194,4.694,-0.65,2.8372821
7/6/12 10:30,4827.6711,254.3,9.458,320.48,0.73,0.21,-0.0012,7.17,6.9,225.7381,2.7435,0.66,2.7916414
7/6/12 11:00,4829.2961,259.8,10.216,330.4983,0.58,0.1,0.0015,6.04,5.94,188.0064,1.5627,0.35,1.7235567
7/6/12 11:30,4830.9461,206.1,12.257,330.4323,0.19,0.39,-0.0015,5.38,2.37,113.5189,0.7023,1.3,2.5551868
7/6/12 12:00,4832.5961,196.4,12.551,330.3234,0.32,1.09,0.0183,14.22,4.01,0.0,0.0,3.59,1.8061831
7/6/12 12:30,4834.2211,185.4,13.095,320.1856,0.13,1.43,0.0381,18.77,1.77,-74.447,-2.4493,4.57,1.2908067
7/6/12 13:00,4835.8461,201.2,11.883,330.1056,0.68,1.76,0.0501,22.46,8.12,-140.6788,-5.8128,5.81,2.6079823
7/6/12 13:30,4837.4961,192.5,11.722,329.9967,0.4,1.8,0.0584,21.64,4.68,-152.0673,-8.2808,5.95,2.8722483
7/6/12 14:00,4839.1461,189.3,10.697,330.0,0.28,1.72,0.0525,18.67,3.02,-168.843,-9.3331,5.68,3.0672743
7/6/12 14:30,4840.7961,159.6,10.392,330.0528,-0.75,2.0,0.0479,22.22,-7.74,-196.9112,-13.5255,6.61,1.5608427
7/6/12 15:00,4842.4461,160.2,9.392,329.9472,-0.65,1.8,0.0473,18.01,-6.1,-142.2939,-12.7377,5.96,1.5700747
7/6/12 15:30,4844.0961,171.0,8.361,330.0165,-0.28,1.75,0.0443,14.8,-2.32,-121.9392,-11.7408,5.77,0.7352711
7/6/12 16:00,4845.7461,187.7,9.604,329.9703,0.26,1.92,0.0333,18.57,2.49,-117.8505,-16.0857,6.32,2.6677018
7/6/12 16:30,4847.3961,200.6,10.653,329.9604,0.48,1.29,0.0247,14.63,5.15,-116.7599,-13.5132,4.24,2.4613089
7/6/12 17:00,4849.0461,186.5,10.576,329.8911,0.15,1.34,0.0185,14.29,1.62,-125.6621,-13.8013,4.43,2.0458112
7/6/12 17:30,4850.6961,166.4,9.105,329.8581,-0.34,1.42,0.0307,13.29,-3.13,-60.8321,-13.1796,4.68,3.1317829
7/6/12 18:00,4852.3711,139.2,6.208,339.7688,-1.2,1.39,0.0504,11.37,-7.43,-28.095,-11.3731,4.72,0.7487152
7/6/12 18:30,4854.0961,134.6,3.938,349.629,-1.75,1.72,0.0699,9.67,-6.88,-17.2541,-9.5851,6.03,3.4110509
7/6/12 19:00,4855.8461,130.6,4.152,349.4995,-1.98,1.7,0.0735,10.82,-8.21,-4.1419,-10.4474,5.93,2.8873657
7/6/12 19:30,4857.6211,129.0,3.996,359.5824,-1.39,1.13,0.0743,7.15,-5.56,0.0,-6.6047,4.05,2.9105034
7/6/12 20:00,4859.4711,110.8,2.764,379.5288,-1.44,0.55,0.0802,4.26,-3.98,0.0,-3.6863,2.08,1.8442651
7/6/12 20:30,4861.3961,97.7,1.9,389.3058,-1.55,0.21,0.0825,2.98,-2.95,0.0,-2.3651,0.82,5.5837444
7/6/12 21:00,4863.3711,105.4,1.542,398.984,-1.93,0.53,0.0823,3.09,-2.98,0.0,-2.1829,2.13,3.0604657
7/6/12 21:30,4865.3711,115.3,1.55,398.856,-1.55,0.73,0.0786,2.66,-2.4,0.0,-1.6173,2.93,2.3560641
7/6/12 22:00,4867.3711,131.4,1.541,398.744,-1.12,0.98,0.0741,2.29,-1.72,0.0,-1.1457,3.93,1.6374106
7/6/12 22:30,4869.3711,136.6,1.539,398.564,-1.46,1.55,0.0742,3.27,-2.25,0.0,-1.2527,6.18,2.6393134
7/6/12 23:00,4871.3961,138.3,1.283,408.36,-1.61,1.8,0.0766,3.1,-2.06,0.0,-0.8023,7.4,3.2119282
7/6/12 23:30,4873.4711,119.3,1.043,418.0134,-1.7,0.95,0.0753,2.03,-1.77,0.0,-0.2655,4.01,2.509373
7/7/12 0:00,4875.5961,118.3,1.014,427.7038,-1.66,0.9,0.0749,1.91,-1.69,0.0,0.0,3.85,2.5790169
7/7/12 0:30,4877.7711,96.8,0.953,437.448,-1.21,0.14,0.0729,1.17,-1.16,0.0,0.1521,0.64,2.847495
7/7/12 1:00,4879.9961,84.5,0.923,447.0165,-1.23,-0.12,0.0693,1.14,-1.14,0.0,0.2953,-0.53,2.8182411
7/7/12 1:30,4882.2461,82.3,0.885,446.724,-1.23,-0.17,0.0644,1.1,-1.09,0.0,0.4206,-0.75,2.8054894
7/7/12 2:00,4884.5211,63.4,0.864,456.4442,-0.99,-0.5,0.0576,0.96,-0.86,0.0,0.4795,-2.29,2.7725427
7/7/12 2:30,4886.8211,55.9,0.846,456.2004,-0.9,-0.61,0.0523,0.92,-0.76,0.0,0.5603,-2.81,2.7863907
7/7/12 3:00,4889.1211,39.3,0.847,456.0762,-0.68,-0.83,0.0478,0.91,-0.58,0.0,0.642,-3.82,2.8074512
7/7/12 3:30,4891.4211,22.4,0.845,455.9934,-0.46,-1.13,0.045,1.03,-0.39,0.0,0.8159,-5.18,2.8074512
7/7/12 4:00,4893.7211,353.1,0.865,456.0302,0.11,-0.88,0.0426,0.77,0.09,0.0,0.6645,-4.05,2.7963151
7/7/12 4:30,4896.0461,353.4,0.955,465.7794,0.22,-1.91,0.0492,1.83,0.21,0.0,1.6923,-8.95,2.7738121
7/7/12 5:00,4898.3961,356.8,0.968,465.7277,0.08,-1.43,0.0487,1.39,0.08,5.9868,1.3389,-6.72,2.7743891
7/7/12 5:30,4900.7461,5.1,1.026,465.8123,-0.07,-0.82,0.0433,0.85,-0.08,19.2727,0.8402,-3.87,2.8927895
7/7/12 6:00,4903.1211,86.3,1.182,475.9056,-0.97,-0.06,0.0426,1.15,-1.15,11.617,1.1525,-0.3,2.9325448
7/7/12 6:30,4905.5211,77.1,1.312,475.848,-1.6,-0.37,0.0511,2.16,-2.1,17.035,2.1398,-1.76,7.371175
7/7/12 7:00,4907.9211,59.8,1.36,475.6848,-1.75,-1.02,0.0551,2.76,-2.38,34.5618,2.6628,-4.89,3.4378814
7/7/12 7:30,4910.2961,65.0,1.448,465.7653,-2.0,-0.93,0.0556,3.19,-2.89,82.4867,2.9471,-4.38,2.7790628
7/7/12 8:00,4912.5961,59.1,1.739,446.175,-2.58,-1.54,0.053,5.22,-4.48,85.6205,4.5241,-6.94,2.7926223
7/7/12 8:30,4914.8461,50.4,1.576,446.256,-1.98,-1.64,0.0549,4.05,-3.12,66.0974,3.2096,-7.36,3.7276508
7/7/12 9:00,4917.0961,44.1,1.749,446.346,-1.48,-1.52,0.0508,3.71,-2.58,59.6388,2.6243,-6.86,2.9547016
7/7/12 9:30,4919.3711,52.9,2.044,456.0118,-2.03,-1.54,0.0461,5.2,-4.15,98.1062,3.1668,-7.06,2.6232151
7/7/12 10:00,4921.6711,62.5,2.723,455.8278,-2.39,-1.24,0.0296,7.33,-6.5,191.415,3.6652,-5.72,5.7429964
7/7/12 10:30,4923.9711,55.6,3.131,456.0762,-1.86,-1.28,0.0272,7.08,-5.84,89.06,2.7079,-5.87,2.8729407
7/7/12 11:00,4926.2711,52.8,3.201,456.2096,-1.41,-1.07,0.0302,5.68,-4.52,49.9391,1.4697,-4.93,4.39674
7/7/12 11:30,4928.5711,64.6,3.399,456.2786,-1.55,-0.74,0.0297,5.85,-5.28,21.7323,0.7631,-3.39,5.2513924
7/7/12 12:00,4930.8961,88.3,3.603,466.287,-1.81,-0.05,0.0335,6.53,-6.53,0.0,0.0,-0.25,4.2415847
7/7/12 12:30,4933.2461,77.0,3.472,466.1507,-1.73,-0.4,0.0375,6.16,-6.0,-23.0552,-0.804,-1.88,2.8136828
7/7/12 13:00,4935.5961,58.6,3.181,466.0708,-1.58,-0.97,0.0458,5.9,-5.04,-27.0437,-1.5272,-4.54,4.1840578
7/7/12 13:30,4937.9461,56.8,3.527,465.9204,-2.43,-1.59,0.0543,10.22,-8.56,-50.9662,-3.9129,-7.46,4.9492752
7/7/12 14:00,4940.2961,61.3,3.454,466.0567,-2.75,-1.51,0.0681,10.84,-9.5,-61.4045,-5.4176,-7.08,4.1051242
7/7/12 14:30,4942.6461,60.8,3.044,466.1319,-3.05,-1.7,0.0946,10.63,-9.28,-85.1773,-6.4691,-8.0,2.6710484
7/7/12 15:00,4945.0211,63.4,2.445,476.0544,-3.54,-1.77,0.1092,9.67,-8.65,-105.6368,-6.8394,-8.5,2.5899799
7/7/12 15:30,4947.4211,57.7,2.45,476.112,-3.02,-1.91,0.108,8.74,-7.39,-73.2019,-6.9332,-9.15,4.5854767
7/7/12 16:00,4949.8211,54.7,2.608,476.1648,-2.51,-1.77,0.1016,8.01,-6.54,-77.3369,-6.9361,-8.52,5.1890187
7/7/12 16:30,4952.2211,54.9,2.438,476.2896,-1.67,-1.18,0.0975,4.98,-4.08,-43.6505,-4.6039,-5.64,4.3975478
7/7/12 17:00,4954.6211,56.3,3.256,476.3136,-2.54,-1.69,0.0838,9.94,-8.27,-70.0035,-9.6019,-8.13,4.0140159
7/7/12 17:30,4957.0211,52.7,3.427,476.3856,-2.47,-1.88,0.084,10.64,-8.46,-35.6593,-10.5464,-9.03,4.8043905
7/7/12 18:00,4959.4211,52.3,3.645,476.472,-2.83,-2.19,0.0792,13.04,-10.32,-32.877,-13.0418,-10.5,5.1704393
7/7/12 18:30,4961.8211,42.6,3.272,476.6256,-2.15,-2.34,0.0792,10.39,-7.03,-2.5797,-10.303,-11.22,4.1538807
7/7/12 19:00,4964.2211,45.1,3.086,476.784,-1.99,-1.98,0.0773,8.66,-6.13,-1.0954,-8.3613,-9.5,5.1222021
7/7/12 19:30,4966.6461,37.7,2.928,486.9669,-1.44,-1.86,0.0791,6.89,-4.21,0.0,-6.3679,-9.13,4.4502279
7/7/12 20:00,4969.1961,,1.7,527.085,,,0.0868,4.7,,0.0,-4.0722,,3.1499584
7/7/12 20:30,4972.1211,,1.181,636.0256,,,0.0942,3.28,,0.0,-2.5991,,3.1802509
7/7/12 21:00,4975.3461,,1.381,646.3145,,,0.0841,3.84,,0.0,-2.7167,,3.1317252
7/7/12 21:30,4978.5961,329.2,1.13,646.6135,0.67,-1.12,0.0832,1.47,0.75,0.0,-0.8943,-7.26,3.1465541
7/7/12 22:00,4981.8461,,1.195,646.724,,,0.0848,3.09,,0.0,-1.5469,,3.0800837
7/7/12 22:30,4985.0961,336.5,1.102,647.023,0.6,-1.38,0.0861,1.65,0.66,0.0,-0.6326,-8.94,3.0584462
7/7/12 23:00,4988.3461,339.9,1.131,647.1855,0.43,-1.17,0.0834,1.41,0.48,0.0,-0.3647,-7.61,3.0387128
7/7/12 23:30,4991.5961,331.4,1.12,647.244,0.39,-0.71,0.0797,0.9,0.43,0.0,-0.118,-4.61,3.0387128
7/8/12 0:00,4994.8461,354.8,1.196,647.257,0.1,-1.11,0.0779,1.33,0.12,0.0,0.0,-7.22,3.0387128
7/8/12 0:30,4998.0961,345.3,1.207,647.2895,0.17,-0.66,0.0747,0.83,0.21,0.0,0.1078,-4.3,3.114069
7/8/12 1:00,5001.3461,344.0,1.199,647.218,0.19,-0.65,0.0751,0.81,0.22,0.0,0.2098,-4.22,3.0106706
7/8/12 1:30,5004.5961,319.3,1.34,647.348,0.57,-0.66,0.0737,1.17,0.76,0.0,0.4487,-4.31,3.0106706
7/8/12 2:00,5007.8461,322.0,1.305,647.465,0.55,-0.7,0.0716,1.16,0.71,0.0,0.5801,-4.55,3.128494
7/8/12 2:30,5011.0961,340.2,1.327,647.673,0.37,-1.03,0.0719,1.45,0.49,0.0,0.8805,-6.67,3.0106706
7/8/12 3:00,5014.3461,328.2,1.289,647.816,0.54,-0.87,0.0726,1.31,0.69,0.0,0.9297,-5.63,3.0106706
7/8/12 3:30,5017.5961,331.8,0.978,647.972,0.81,-1.51,0.081,1.67,0.79,0.0,1.3268,-9.8,2.0110758
7/8/12 4:00,5020.8461,317.4,0.732,648.258,0.87,-0.95,0.0805,0.94,0.64,0.0,0.8159,-6.16,3.0008616
7/8/12 4:30,5024.0961,317.7,0.57,648.4855,0.99,-1.09,0.0825,0.84,0.56,0.0,0.7725,-7.05,3.0008616
7/8/12 5:00,5027.3461,325.0,0.573,648.7325,1.03,-1.47,0.0828,1.03,0.59,0.1478,0.9963,-9.58,3.0008616
7/8/12 5:30,5030.5961,332.7,0.605,649.077,1.05,-2.03,0.0829,1.38,0.64,3.9469,1.373,-13.22,1.3783376
7/8/12 6:00,5033.8711,330.6,0.699,659.2872,1.04,-1.84,0.0792,1.48,0.73,6.577,1.4798,-12.17,2.9517012
7/8/12 6:30,5037.2211,347.2,0.737,679.4764,0.5,-2.22,0.0754,1.67,0.37,35.5185,1.6601,-15.07,3.424495
7/8/12 7:00,5040.7211,,0.608,719.6544,,,0.0713,1.18,,92.5,1.1434,,3.5174497
7/8/12 7:30,5044.3711,,0.77,739.8298,,,0.0591,1.57,,152.6748,1.4463,,1.998151
7/8/12 8:00,5048.0711,10.6,1.16,740.0222,-0.22,-1.18,0.0475,1.39,-0.26,168.5649,1.2015,-8.7,1.6378722
7/8/12 8:30,5051.7461,31.0,1.913,730.3066,-0.41,-0.68,0.0421,1.52,-0.78,186.876,1.202,-4.96,1.7915273
7/8/12 9:00,5055.3711,59.7,2.338,720.4968,-0.3,-0.18,0.0395,0.81,-0.7,153.1211,0.5753,-1.26,1.820435
7/8/12 9:30,5058.9211,147.9,2.941,700.637,-0.04,0.07,0.0351,0.23,-0.12,239.1166,0.1414,0.47,2.8099323
7/8/12 10:00,5062.4211,223.3,3.889,700.819,0.4,0.43,0.018,2.28,1.56,251.6565,1.1375,2.98,1.5408208
7/8/12 10:30,5065.8961,247.4,4.436,690.9522,0.44,0.18,0.0224,2.12,1.96,151.6685,0.8131,1.27,1.531935
7/8/12 11:00,5069.3211,56.9,5.176,680.9384,-0.47,-0.31,0.015,2.91,-2.44,174.642,0.7529,-2.09,1.9714936
7/8/12 11:30,5072.6961,66.5,6.338,670.8911,-1.04,-0.45,0.0152,7.18,-6.59,89.2894,0.9373,-3.03,2.6501033
7/8/12 12:00,5076.0461,108.5,6.786,670.8174,-0.54,0.18,0.0233,3.9,-3.69,0.0,0.0,1.22,2.33108
7/8/12 12:30,5079.3711,72.9,7.457,660.8976,-0.8,-0.25,0.0288,6.22,-5.94,-76.2456,-0.8118,-1.62,2.0938176
7/8/12 13:00,5082.6461,97.6,7.38,650.845,-1.83,0.24,0.0331,13.62,-13.5,-152.7918,-3.5241,1.59,2.502449
7/8/12 13:30,5085.8711,92.8,7.522,640.8448,-2.44,0.12,0.0482,18.37,-18.35,-270.2415,-7.0294,0.76,5.0248622
7/8/12 14:00,5089.0461,92.7,7.188,630.945,-2.34,0.11,0.0824,16.86,-16.84,-215.083,-8.4315,0.7,3.9046744
7/8/12 14:30,5092.1961,84.0,6.85,630.9891,-2.15,-0.23,0.0966,14.8,-14.72,-146.846,-9.0114,-1.42,4.8938832
7/8/12 15:00,5095.3211,93.9,6.911,620.8928,-2.26,0.15,0.0887,15.63,-15.59,-274.1071,-11.0491,0.95,3.7607706
7/8/12 15:30,5098.3961,96.6,7.338,610.9211,-2.78,0.32,0.0922,20.51,-20.37,-365.3884,-16.2714,1.96,2.3468321
7/8/12 16:00,5101.4461,100.6,7.757,611.0675,-2.77,0.52,0.091,21.83,-21.46,-527.4736,-18.9038,3.16,2.9570096
7/8/12 16:30,5104.4711,102.9,7.3,601.14,-2.87,0.66,0.0976,21.48,-20.94,-396.7499,-19.8485,3.94,4.060349
7/8/12 17:00,5107.4711,109.7,6.842,601.29,-2.68,0.96,0.1122,19.49,-18.35,-251.4131,-18.822,5.76,2.3339073
7/8/12 17:30,5110.4461,101.8,6.357,591.416,-2.71,0.57,0.1147,17.59,-17.22,-177.4746,-17.4393,3.34,2.8255113
7/8/12 18:00,5113.3961,101.6,5.706,591.5399,-2.69,0.55,0.1218,15.69,-15.37,-96.165,-15.6858,3.26,2.818645
7/8/12 18:30,5116.3211,102.6,4.644,581.6936,-2.3,0.51,0.1319,10.94,-10.68,-27.0694,-10.8477,2.98,3.9059438
7/8/12 19:00,5119.2211,104.8,4.11,581.8502,-2.41,0.64,0.135,10.23,-9.89,-7.1546,-9.8852,3.69,3.0003423
7/8/12 19:30,5122.1211,103.4,3.858,582.059,-2.14,0.51,0.1316,8.5,-8.26,0.0,-7.8486,2.96,3.1484582
7/8/12 20:00,5125.0211,92.0,3.82,582.262,-1.97,0.07,0.1301,7.51,-7.51,0.0,-6.5073,0.4,3.1107224
7/8/12 20:30,5127.9211,90.7,3.491,582.4128,-2.45,0.03,0.1333,8.55,-8.55,0.0,-6.78,0.17,4.2430849
7/8/12 21:00,5130.8211,83.9,3.07,582.6216,-1.5,-0.16,0.134,4.62,-4.59,0.0,-3.2671,-0.93,3.0501951
7/8/12 21:30,5133.7211,85.6,2.807,582.8014,-1.87,-0.14,0.1372,5.26,-5.25,0.0,-3.204,-0.83,4.7529221
7/8/12 22:00,5136.6211,96.0,2.409,582.7608,-1.61,0.17,0.1398,3.9,-3.88,0.0,-1.9489,0.98,3.468347
7/8/12 22:30,5139.5211,103.2,2.097,582.755,-1.18,0.28,0.1381,2.54,-2.47,0.0,-0.971,1.6,3.7457686
7/8/12 23:00,5142.4211,66.6,1.886,582.8072,-0.63,-0.27,0.1355,1.3,-1.19,0.0,-0.3368,-1.59,3.0755831
7/8/12 23:30,5145.3211,113.2,1.739,582.8304,-1.29,0.55,0.1371,2.45,-2.25,0.0,-0.3191,3.21,2.60804
7/9/12 0:00,5148.2211,106.8,1.607,582.8188,-1.6,0.48,0.1392,2.68,-2.57,0.0,0.0,2.8,3.0013809
7/9/12 0:30,5151.1211,109.9,1.384,582.8014,-1.07,0.39,0.1402,1.58,-1.49,0.0,0.2065,2.26,2.9902448
7/9/12 1:00,5154.0211,102.7,1.421,582.7782,-1.32,0.3,0.1339,1.92,-1.87,0.0,0.4958,1.72,2.9660685
7/9/12 1:30,5156.9211,116.9,1.425,582.8362,-1.12,0.57,0.1287,1.79,-1.59,0.0,0.6833,3.29,2.9742619
7/9/12 2:00,5159.8211,126.4,1.262,582.8884,-0.63,0.47,0.1243,0.99,-0.8,0.0,0.4953,2.7,3.0568306
7/9/12 2:30,5162.7211,122.0,1.512,583.0276,-1.35,0.84,0.1132,2.4,-2.04,0.0,1.4635,4.89,3.1439576
7/9/12 3:00,5165.6211,97.1,1.188,582.9928,-0.74,0.09,0.122,0.89,-0.88,0.0,0.6292,0.54,3.1418804
7/9/12 3:30,5168.5211,44.7,0.924,582.8768,-0.6,-0.6,0.128,0.78,-0.55,0.0,0.6216,-3.5,3.170038
7/9/12 4:00,5171.4211,31.9,0.893,582.8362,-0.3,-0.49,0.1277,0.51,-0.27,0.0,0.4439,-2.83,3.1725191
7/9/12 4:30,5174.3211,121.4,0.828,582.9928,-0.18,0.11,0.1274,0.17,-0.15,0.0,0.1606,0.63,3.1725191
7/9/12 5:00,5177.2211,134.5,0.711,583.1494,-0.68,0.67,0.1281,0.68,-0.49,11.7225,0.6579,3.89,2.9298906
7/9/12 5:30,5180.0961,75.0,0.751,573.2946,-0.63,-0.17,0.1176,0.49,-0.48,45.0185,0.4884,-0.97,2.7136887
7/9/12 6:00,5182.9211,56.8,0.885,563.1864,-0.91,-0.6,0.1031,0.97,-0.81,126.912,0.9673,-3.35,5.1134894
7/9/12 6:30,5185.6961,95.5,1.218,553.3275,-0.82,0.08,0.0854,1.0,-0.99,216.6466,0.989,0.43,2.9136192
7/9/12 7:00,5188.4461,137.8,1.275,553.4815,-0.94,1.04,0.0859,1.79,-1.2,241.6679,1.7254,5.71,1.4884292
7/9/12 7:30,5191.1961,126.0,1.782,553.553,-1.09,0.79,0.0688,2.4,-1.94,365.739,2.2143,4.35,1.5579577
7/9/12 8:00,5193.9461,140.6,2.521,553.597,-0.42,0.51,0.047,1.67,-1.06,401.6115,1.4497,2.82,1.5744599
7/9/12 8:30,5196.7211,32.4,3.595,563.64,-0.42,-0.66,0.0278,2.8,-1.5,477.4194,2.2189,-3.68,1.7158826
7/9/12 9:00,5199.5461,15.4,5.279,573.6081,-0.29,-1.06,0.0024,5.81,-1.54,510.7729,4.1098,-6.05,2.2887282
7/9/12 9:30,5202.3711,20.9,7.127,563.4664,-0.36,-0.94,-0.0101,7.21,-2.57,484.235,4.3864,-5.29,2.0330018
7/9/12 10:00,5205.1461,35.2,8.135,553.3825,-0.48,-0.68,-0.007,6.81,-3.92,421.813,3.4045,-3.76,2.6369477
7/9/12 10:30,5207.8961,23.0,9.587,553.256,-0.24,-0.56,0.0016,5.79,-2.26,347.5856,2.2159,-3.06,2.1295916
7/9/12 11:00,5210.6211,57.4,10.422,543.0078,-0.49,-0.32,0.0218,6.12,-5.15,243.8062,1.5834,-1.71,1.436153
7/9/12 11:30,5213.3211,143.8,11.222,542.8404,-0.34,0.47,0.0292,6.54,-3.86,126.1912,0.854,2.54,1.1605201
7/9/12 12:00,5216.0211,154.0,12.187,542.7648,-0.26,0.52,0.0519,7.11,-3.11,0.0,0.0,2.83,1.4224204
7/9/12 12:30,5218.6961,152.6,12.619,532.5652,-0.68,1.32,0.0716,18.76,-8.64,-114.7693,-2.4493,7.0,1.647335
7/9/12 13:00,5221.3461,160.3,12.013,532.5122,-0.42,1.18,0.093,15.05,-5.07,-129.5811,-3.8958,6.25,1.3348895
7/9/12 13:30,5223.9961,158.6,11.625,532.4168,-0.78,2.0,0.0874,25.01,-9.12,-253.8278,-9.5691,10.61,2.3216749
7/9/12 14:00,5226.6461,154.7,12.903,532.3479,-1.08,2.29,0.0834,32.7,-13.97,-389.0995,-16.3481,12.14,2.1278029
7/9/12 14:30,5229.2961,161.4,14.52,532.3002,-0.64,1.89,0.0797,28.97,-9.24,-448.0983,-17.6342,10.02,1.7836801
7/9/12 15:00,5231.9461,166.5,13.528,532.2525,-0.31,1.27,0.0817,17.72,-4.14,-356.0141,-12.5311,6.75,2.5858255
7/9/12 15:30,5234.5961,157.5,14.262,532.2154,-0.69,1.67,0.0602,25.74,-9.85,-478.4103,-20.4232,8.84,2.6226381
7/9/12 16:00,5237.2461,150.8,14.832,532.1571,-1.26,2.26,0.0481,38.44,-18.76,-487.0544,-33.294,11.99,3.1534781
7/9/12 16:30,5239.8961,137.6,13.487,532.2313,-1.83,2.0,0.0457,36.54,-24.64,-447.8515,-33.7551,10.6,2.3614879
7/9/12 17:00,5242.5211,129.7,12.46,522.2048,-2.34,1.94,0.0607,37.89,-29.15,-276.4219,-36.5998,10.1,1.5386282
7/9/12 17:30,5245.1211,142.8,13.255,522.2724,-1.79,2.35,0.051,39.14,-23.67,-235.8171,-38.8071,12.23,2.4670789
7/9/12 18:00,5247.7211,142.7,11.838,522.4284,-1.94,2.55,0.058,37.88,-22.96,-138.282,-37.8816,13.24,2.8574771
7/9/12 18:30,5250.3461,146.3,9.236,532.7666,-1.51,2.26,0.0808,25.1,-13.93,-40.7167,-24.8887,11.98,3.1640949
7/9/12 19:00,5252.9961,143.1,7.515,532.9468,-1.48,1.97,0.0898,18.49,-11.1,-9.2169,-17.857,10.43,2.4625206
7/9/12 19:30,5255.6461,138.9,5.689,533.0316,-1.29,1.48,0.1012,11.2,-7.36,0.0,-10.3437,7.86,2.8465718
7/9/12 20:00,5258.2961,141.6,5.257,533.2118,-1.25,1.58,0.0987,10.6,-6.59,0.0,-9.1828,8.38,2.2998643
7/9/12 20:30,5260.9461,136.8,4.585,533.2489,-1.45,1.55,0.0988,9.72,-6.65,0.0,-7.7116,8.19,2.0304053
7/9/12 21:00,5263.5961,129.8,4.037,533.3337,-1.71,1.43,0.0955,8.99,-6.91,0.0,-6.36,7.56,2.8263191
7/9/12 21:30,5266.2461,124.6,3.479,533.3708,-1.63,1.13,0.0927,6.9,-5.68,0.0,-4.1976,5.96,2.8343971
7/9/12 22:00,5268.9211,118.7,2.93,543.375,-1.15,0.63,0.092,3.85,-3.38,0.0,-1.9265,3.41,2.8370513
7/9/12 22:30,5271.6211,83.7,2.573,543.3696,-0.92,-0.1,0.0934,2.39,-2.38,0.0,-0.9157,-0.55,2.9229666
7/9/12 23:00,5274.3211,79.4,2.339,543.375,-0.61,-0.11,0.091,1.46,-1.43,0.0,-0.3778,-0.62,2.9424115
7/9/12 23:30,5277.0461,90.4,1.846,553.388,-0.4,0.0,0.0961,0.73,-0.73,0.0,-0.0959,0.02,3.2125052
7/10/12 0:00,5279.7961,55.7,1.549,553.355,-0.54,-0.37,0.0993,1.01,-0.84,0.0,0.0,-2.02,3.3002092
7/10/12 0:30,5282.5461,91.3,1.512,553.2835,-0.36,0.01,0.0958,0.55,-0.55,0.0,0.0712,0.05,3.3002092
7/10/12 1:00,5285.3211,90.7,1.376,563.304,-0.38,0.0,0.0947,0.53,-0.53,0.0,0.1364,0.03,3.3002092
7/10/12 1:30,5288.1211,115.8,1.071,563.2536,-0.37,0.18,0.1036,0.44,-0.39,0.0,0.1672,0.99,3.229469
7/10/12 2:00,5290.9211,51.3,1.122,563.2312,-0.49,-0.39,0.096,0.71,-0.55,0.0,0.3534,-2.21,3.2586652
7/10/12 2:30,5293.7461,59.2,1.077,573.3915,-0.34,-0.2,0.0944,0.42,-0.36,0.0,0.257,-1.14,3.229469
7/10/12 3:00,5296.5961,18.2,0.939,573.5625,-0.09,-0.27,0.0982,0.27,-0.08,0.0,0.1919,-1.56,3.2125052
7/10/12 3:30,5299.4461,109.1,0.761,573.648,-0.52,0.18,0.1014,0.42,-0.39,0.0,0.3309,1.02,3.4027998
7/10/12 4:00,5302.2961,112.2,0.787,573.7905,-0.42,0.17,0.0954,0.36,-0.33,0.0,0.3115,0.98,3.3696223
7/10/12 4:30,5305.1461,76.8,0.769,573.8988,-0.54,-0.13,0.0913,0.43,-0.42,0.0,0.3971,-0.73,3.3696223
7/10/12 5:00,5307.9961,118.7,0.709,574.0014,-1.04,0.57,0.0889,0.84,-0.74,14.5468,0.8095,3.24,3.4108201
7/10/12 5:30,5310.8461,111.6,0.705,574.1895,-0.36,0.14,0.0777,0.27,-0.25,57.2797,0.2719,0.82,3.7102831
7/10/12 6:00,5313.6711,74.1,0.885,564.2448,-0.51,-0.15,0.0598,0.47,-0.45,136.462,0.4699,-0.81,2.6565657
7/10/12 6:30,5316.4461,89.2,1.462,554.312,-0.67,-0.01,0.0326,0.98,-0.98,290.2663,0.9755,-0.05,0.51887879
7/10/12 7:00,5319.2211,177.6,2.818,564.452,-0.02,0.4,-0.004,1.14,-0.05,367.1774,1.1024,2.27,2.8669399
7/10/12 7:30,5322.0211,216.6,3.234,564.508,0.47,0.63,-0.0101,2.54,1.51,227.4009,2.3454,3.53,3.0070355
7/10/12 8:00,5324.8461,217.4,4.368,574.5372,0.27,0.35,-0.0181,1.91,1.16,409.8275,1.6531,1.98,2.0677372
7/10/12 8:30,5327.6961,165.3,6.082,574.4232,-0.04,0.14,-0.0325,0.9,-0.23,499.143,0.7141,0.82,2.5055648
7/10/12 9:00,5330.5211,217.2,7.533,564.2784,0.55,0.72,-0.0485,6.83,4.13,446.0818,4.8313,4.05,2.9467967
7/10/12 9:30,5333.2961,196.6,8.743,554.213,0.33,1.11,-0.051,10.12,2.89,385.6723,6.158,6.1,3.2454519
7/10/12 10:00,5336.0461,197.4,10.618,554.1855,0.4,1.29,-0.0558,14.33,4.29,398.8205,7.1672,7.09,3.3433688
7/10/12 10:30,5338.7961,185.6,11.314,554.158,0.14,1.47,-0.0484,16.72,1.63,342.0103,6.3993,8.09,2.7183624
7/10/12 11:00,5341.5461,183.4,11.985,554.059,0.08,1.31,-0.0263,15.75,0.93,234.4934,4.076,7.21,1.8350331
7/10/12 11:30,5344.2961,195.7,12.808,553.9105,0.27,0.96,-0.011,12.76,3.45,112.6391,1.6651,5.27,2.5267407
7/10/12 12:00,5347.0461,200.1,14.068,553.8115,0.44,1.21,0.0023,18.13,6.23,0.0,0.0,6.66,2.7551173
7/10/12 12:30,5349.7961,203.8,15.559,553.7345,0.5,1.13,0.011,19.14,7.72,-129.7353,-2.498,6.19,3.1203006
7/10/12 13:00,5352.5461,183.9,16.54,553.707,0.1,1.54,0.0282,25.46,1.73,-250.7053,-6.5883,8.44,3.2307384
7/10/12 13:30,5355.2961,199.4,17.294,553.6245,0.64,1.82,0.044,33.39,11.09,-360.0948,-12.7796,10.02,5.3771784
7/10/12 14:00,5358.0211,183.7,18.639,543.4884,0.11,1.73,0.0587,32.32,2.09,-432.8575,-16.16,9.34,4.5509721
7/10/12 14:30,5360.7211,189.0,19.773,543.4128,0.32,1.99,0.0606,39.84,6.23,-485.2857,-24.2546,10.75,4.8685529
7/10/12 15:00,5363.4211,168.8,20.458,543.3318,-0.33,1.66,0.0556,34.53,-6.71,-515.8754,-24.4186,8.94,2.5573794
7/10/12 15:30,5366.0961,188.3,20.017,533.1164,0.26,1.78,0.0425,35.95,5.19,-525.5688,-28.5215,9.42,4.3029775
7/10/12 16:00,5368.7461,148.6,17.19,533.1164,-1.57,2.57,0.0404,51.85,-27.01,-501.6288,-44.8991,13.64,2.0616787
7/10/12 16:30,5371.3961,153.6,16.433,533.1323,-1.17,2.36,0.0412,43.27,-19.24,-441.2957,-39.9745,12.5,3.1017789
7/10/12 17:00,5374.0461,192.9,17.024,533.0793,0.61,2.65,0.0424,46.31,10.34,-347.7536,-44.7275,14.05,5.330903
7/10/12 17:30,5376.6961,184.8,15.242,533.1058,0.23,2.76,0.0498,42.14,3.53,-253.3102,-41.7836,14.6,5.91425
7/10/12 18:00,5379.3461,181.8,14.68,533.2542,0.1,3.07,0.0543,45.16,1.42,-157.432,-45.1557,16.29,3.4593458
7/10/12 18:30,5381.9961,184.9,13.136,533.4503,0.22,2.57,0.068,33.84,2.89,-69.8721,-33.5488,13.6,2.7569637
7/10/12 19:00,5384.6461,169.4,12.174,533.5669,-0.43,2.29,0.0805,28.3,-5.21,-11.5225,-27.3401,12.11,2.4304971
7/10/12 19:30,5387.2961,169.4,10.473,533.6411,-0.36,1.9,0.0936,20.28,-3.73,0.0,-18.7323,10.09,3.3704878
7/10/12 20:00,5389.9461,163.7,8.431,533.7789,-0.39,1.32,0.1072,11.58,-3.25,0.0,-10.0249,6.98,2.8529188
7/10/12 20:30,5392.5961,150.5,7.309,534.0068,-0.64,1.13,0.1047,9.5,-4.68,0.0,-7.5382,6.0,2.6912434
7/10/12 21:00,5395.2461,145.2,6.814,534.1181,-0.81,1.17,0.1006,9.68,-5.53,0.0,-6.8467,6.18,2.5634379
7/10/12 21:30,5397.8961,150.4,6.071,534.1923,-0.6,1.06,0.1011,7.42,-3.66,0.0,-4.5163,5.63,2.8072204
7/10/12 22:00,5400.5711,138.0,5.142,544.3578,-0.59,0.66,0.103,4.55,-3.04,0.0,-2.2753,3.55,2.8300119
7/10/12 22:30,5403.2711,120.8,3.23,544.4334,-0.56,0.33,0.121,2.1,-1.81,0.0,-0.8047,1.8,2.8424174
7/10/12 23:00,5405.9711,127.9,2.959,544.4064,-0.79,0.62,0.1204,2.97,-2.35,0.0,-0.7697,3.33,2.8635356
7/10/12 23:30,5408.6961,116.8,2.521,554.323,-1.01,0.51,0.116,2.86,-2.55,0.0,-0.3732,2.81,2.9292559
7/11/12 0:00,5411.4461,119.6,1.836,554.257,-0.97,0.55,0.1157,2.05,-1.78,0.0,0.0,3.03,3.0066316
7/11/12 0:30,5414.1961,135.7,1.688,554.279,-0.61,0.63,0.1115,1.48,-1.04,0.0,0.1937,3.46,3.0751792
7/11/12 1:00,5416.9711,72.2,1.688,564.368,-0.4,-0.13,0.113,0.71,-0.68,0.0,0.1848,-0.72,3.342561
7/11/12 1:30,5419.7711,73.1,1.342,564.2952,-0.41,-0.12,0.12,0.57,-0.55,0.0,0.2183,-0.69,3.423918
7/11/12 2:00,5422.5711,105.6,1.152,564.3176,-0.79,0.22,0.1249,0.95,-0.92,0.0,0.4752,1.24,3.3805276
7/11/12 2:30,5425.3711,97.6,1.112,564.3624,-0.83,0.11,0.1186,0.93,-0.92,0.0,0.5673,0.62,3.3805276
7/11/12 3:00,5428.1711,70.7,0.992,564.3848,-0.44,-0.15,0.1169,0.46,-0.43,0.0,0.3241,-0.86,3.4275531
7/11/12 3:30,5430.9711,78.0,0.889,564.2728,-0.33,-0.07,0.1153,0.3,-0.3,0.0,0.2412,-0.4,3.3295208
7/11/12 4:00,5433.7961,56.0,0.824,574.3491,-0.53,-0.36,0.1158,0.53,-0.44,0.0,0.4581,-2.05,3.3680644
7/11/12 4:30,5436.6461,60.8,0.754,574.3662,-0.52,-0.29,0.1148,0.45,-0.39,0.0,0.4159,-1.66,3.54855
7/11/12 5:00,5439.4711,68.6,0.738,564.3904,-0.61,-0.24,0.1037,0.49,-0.45,11.4829,0.4698,-1.35,3.3325212
7/11/12 5:30,5442.2711,69.4,0.781,564.4464,-0.54,-0.2,0.0845,0.45,-0.42,53.885,0.4499,-1.14,3.8562641
7/11/12 6:00,5445.0711,89.1,0.972,564.4912,-0.64,-0.01,0.0681,0.63,-0.63,139.454,0.626,-0.06,1.7533299
7/11/12 6:30,5447.8211,116.0,1.571,544.4172,-0.56,0.27,0.0474,0.98,-0.88,216.8111,0.9719,1.48,2.7360186
7/11/12 7:00,5450.5211,134.5,2.524,544.3578,-0.25,0.25,0.022,0.89,-0.64,298.4653,0.8631,1.34,2.1521523
7/11/12 7:30,5453.2461,184.6,3.744,554.499,0.06,0.78,0.0007,2.92,0.23,344.1858,2.698,4.28,2.9090032
7/11/12 8:00,5455.9961,175.3,5.034,554.4935,-0.06,0.68,-0.0092,3.42,-0.28,362.3572,2.9601,3.72,2.2431452
7/11/12 8:30,5458.7711,175.8,6.165,564.4632,-0.08,1.05,-0.0181,6.46,-0.47,388.9875,5.1258,5.85,1.2183932
7/11/12 9:00,5461.5711,185.3,7.616,564.396,0.15,1.66,-0.0395,12.73,1.18,451.4332,9.0043,9.32,2.614387
7/11/12 9:30,5464.3461,183.4,9.308,554.2075,0.1,1.75,-0.0508,16.31,0.97,474.8534,9.9274,9.62,1.952568
7/11/12 10:00,5467.0711,187.7,11.172,543.8988,0.26,1.93,-0.0529,21.77,2.92,385.1135,10.8871,10.43,1.5636123
7/11/12 10:30,5469.7461,191.1,13.174,533.6782,0.56,2.87,-0.0552,38.48,7.41,312.3286,14.7261,15.19,3.8247599
7/11/12 11:00,5472.3961,184.4,14.43,533.5775,0.27,3.55,-0.0481,51.31,3.94,244.3964,13.2808,18.79,3.1530165
7/11/12 11:30,5475.0461,179.3,13.621,533.498,-0.04,3.47,-0.0253,47.28,-0.58,120.2911,6.1711,18.39,3.4172248
7/11/12 12:00,5477.6711,181.2,14.318,523.302,0.07,3.53,-0.005,50.54,1.06,0.0,0.0,18.35,3.2936314
7/11/12 12:30,5480.2711,180.3,16.1,523.224,0.02,3.94,0.0101,63.45,0.33,-127.1719,-8.2819,20.49,2.8990211
7/11/12 13:00,5482.8461,185.1,16.176,513.0906,0.41,4.63,0.0354,75.19,6.68,-251.6461,-19.4596,23.61,4.3030352
7/11/12 13:30,5485.3961,184.8,15.008,513.1365,0.43,5.09,0.0624,76.66,6.41,-291.17,-29.3368,25.96,3.6791828
7/11/12 14:00,5487.9461,196.9,14.319,513.1671,1.32,4.35,0.0736,65.11,18.93,-325.825,-32.5542,22.19,5.970796
7/11/12 14:30,5490.4711,191.6,13.764,502.985,0.85,4.14,0.0764,58.22,11.71,-374.4717,-35.4431,20.72,2.7392498
7/11/12 15:00,5492.9711,184.8,13.993,502.9,0.38,4.58,0.0534,64.28,5.38,-539.649,-45.4555,22.89,3.1921371
7/11/12 15:30,5495.4711,187.2,14.309,502.77,0.61,4.85,0.0481,69.96,8.77,-513.7518,-55.5004,24.25,3.1759234
7/11/12 16:00,5497.9461,187.7,13.488,492.6558,0.61,4.51,0.0501,61.38,8.22,-433.0803,-53.16,22.1,4.2314295
7/11/12 16:30,5500.3961,189.9,13.832,492.5186,0.8,4.56,0.03,63.99,11.0,-444.6466,-59.1161,22.33,5.2635094
7/11/12 17:00,5502.8211,194.3,12.877,482.4864,1.14,4.46,0.03,59.22,14.63,-323.8836,-57.2034,21.39,2.8755372
7/11/12 17:30,5505.2211,188.6,11.979,482.5488,0.68,4.48,0.025,54.32,8.12,-255.9256,-53.86,21.52,4.3359819
7/11/12 18:00,5507.6211,188.8,10.654,482.616,0.65,4.22,0.0231,45.52,6.96,-166.106,-45.5245,20.27,4.6896252
7/11/12 18:30,5510.0211,186.8,8.244,482.64,0.57,4.76,0.043,39.52,4.68,-54.5969,-39.1836,22.85,3.9675674
7/11/12 19:00,5512.4211,184.9,7.006,482.6688,0.37,4.34,0.0515,30.55,2.61,-10.8763,-29.5053,20.85,2.3317724
7/11/12 19:30,5514.7961,184.6,6.334,472.6884,0.33,4.1,0.0496,26.05,2.09,0.0,-24.0687,19.27,1.7770446
7/11/12 20:00,5517.1711,185.4,5.401,482.8224,0.38,4.0,0.0457,21.67,2.04,0.0,-18.7704,19.18,2.799604
7/11/12 20:30,5519.5461,187.0,4.81,472.8247,0.43,3.47,0.039,16.81,2.05,0.0,-13.337,16.3,2.6093094
7/11/12 21:00,5521.8961,186.5,4.749,472.82,0.45,3.94,0.0308,18.84,2.13,0.0,-13.3214,18.53,3.7566162
7/11/12 21:30,5524.2711,187.0,4.176,482.8176,0.52,4.24,0.0353,17.83,2.17,0.0,-10.8551,20.34,3.0398668
7/11/12 22:00,5526.6711,184.0,4.094,482.88,0.32,4.52,0.0358,18.53,1.29,0.0,-9.2668,21.68,2.875191
7/11/12 22:30,5529.0461,180.2,3.973,472.8576,0.01,3.97,0.0338,15.76,0.06,0.0,-6.0299,18.64,3.1968685
7/11/12 23:00,5531.3961,182.6,3.862,472.7401,0.17,3.72,0.0296,14.4,0.65,0.0,-3.7264,17.5,2.2233541
7/11/12 23:30,5533.7711,188.9,4.216,482.6736,0.63,4.05,0.0163,17.28,2.67,0.0,-2.2557,19.44,2.6844925
7/12/12 0:00,5536.1711,190.5,4.182,482.5728,0.69,3.7,0.0129,15.73,2.87,0.0,0.0,17.75,2.8251074
7/12/12 0:30,5538.5461,190.9,4.248,472.4393,0.71,3.68,0.0078,15.92,3.01,0.0,2.0776,17.29,3.0808915
7/12/12 1:00,5540.9211,197.3,4.279,482.352,1.19,3.83,-0.0065,17.15,5.1,0.0,4.4377,18.36,2.8918086
7/12/12 1:30,5543.3211,187.6,4.591,482.1408,0.57,4.25,-0.0127,19.66,2.6,0.0,7.5248,20.38,2.8937704
7/12/12 2:00,5545.6961,193.6,4.991,471.9129,1.09,4.49,-0.0205,23.04,5.42,0.0,11.5217,21.09,3.119262
7/12/12 2:30,5548.0461,187.8,5.397,471.7766,0.6,4.38,-0.0277,23.85,3.24,0.0,14.5186,20.58,2.747097
7/12/12 3:00,5550.3961,189.4,5.347,471.6685,0.76,4.57,-0.0296,24.77,4.05,0.0,17.5131,21.48,3.2410667
7/12/12 3:30,5552.7461,193.9,5.344,471.6168,1.25,5.06,-0.0293,27.88,6.7,0.0,22.1184,23.8,2.3628727
7/12/12 4:00,5555.0961,189.7,5.115,471.5557,0.88,5.12,-0.0284,26.58,4.48,0.0,23.0168,24.07,3.9448336
7/12/12 4:30,5557.4711,195.1,5.049,481.5264,1.35,4.99,-0.0262,26.11,6.8,0.0,24.1257,23.97,2.8091822
7/12/12 5:00,5559.8461,198.0,4.717,471.5087,1.51,4.64,-0.025,23.0,7.11,6.3925,22.2209,21.8,2.9968226
7/12/12 5:30,5562.1961,197.3,4.93,471.4664,1.42,4.56,-0.0284,23.54,7.0,42.2435,23.3394,21.43,2.9595484
7/12/12 6:00,5564.5461,191.5,5.359,471.3912,1.05,5.18,-0.0334,28.35,5.65,99.693,28.3491,24.36,3.1921371
7/12/12 6:30,5566.8961,192.6,5.761,471.3724,1.14,5.09,-0.0368,30.04,6.55,98.0589,29.7866,23.92,2.8381476
7/12/12 7:00,5569.2461,194.3,5.507,471.3865,1.4,5.5,-0.0345,31.28,7.73,71.8272,30.2139,25.87,3.0049006
7/12/12 7:30,5571.5961,191.7,5.582,471.3348,1.14,5.53,-0.0359,31.5,6.39,103.2306,29.1066,25.98,2.9413729
7/12/12 8:00,5573.9461,195.1,6.15,471.2408,1.51,5.6,-0.0355,35.7,9.3,115.1329,30.9178,26.34,2.9037525
7/12/12 8:30,5576.2711,199.5,6.095,461.2144,1.91,5.4,-0.0302,34.94,11.66,62.4456,27.717,24.85,3.8293759
7/12/12 9:00,5578.5711,199.4,4.92,461.2466,2.02,5.74,-0.019,29.96,9.95,94.4101,21.1834,26.42,2.3742396
7/12/12 9:30,5580.8711,197.2,4.134,461.2098,1.7,5.49,-0.0109,23.74,7.02,76.5481,14.4529,25.24,3.1903484
7/12/12 10:00,5583.1961,194.4,3.59,471.1327,1.43,5.58,-0.0036,20.68,5.14,85.2805,10.3392,26.22,2.1599418
7/12/12 10:30,5585.5461,193.9,3.583,471.034,1.45,5.86,-0.0063,21.63,5.2,90.2191,8.2763,27.54,2.4974868
7/12/12 11:00,5587.8711,193.2,3.858,460.9384,1.35,5.76,-0.0095,22.82,5.21,71.688,5.9063,26.49,2.599385
7/12/12 11:30,5590.1711,189.9,4.232,460.8602,1.01,5.79,-0.0117,24.86,4.27,39.4052,3.2453,26.62,2.4234577
7/12/12 12:00,5592.4711,190.1,3.946,460.7084,1.02,5.72,-0.0011,22.93,4.02,0.0,0.0,26.31,3.037905
7/12/12 12:30,5594.7461,191.9,5.118,450.4635,1.23,5.86,-0.0181,30.64,6.32,-57.4091,-3.9995,26.36,2.216257
7/12/12 13:00,5597.0211,200.1,4.851,460.5888,2.06,5.63,-0.0061,29.08,9.99,-105.7607,-7.5269,25.9,4.2890141
7/12/12 13:30,5599.3461,195.1,3.968,470.4982,1.71,6.34,0.0134,26.07,6.79,-139.0323,-9.978,29.82,1.4080531
7/12/12 14:00,5601.6961,194.4,3.861,470.4277,1.5,5.84,0.0219,23.28,5.79,-107.9485,-11.639,27.45,3.7295549
7/12/12 14:30,5604.0461,198.3,3.669,470.5217,1.77,5.35,0.025,20.69,6.5,-135.7794,-12.5972,25.17,3.0137864
7/12/12 15:00,5606.3711,198.4,4.11,460.5658,1.65,4.95,0.0174,21.46,6.77,-150.6244,-15.1733,22.79,3.5602054
7/12/12 15:30,5608.6711,198.0,4.625,460.4876,1.72,5.31,0.0144,25.81,7.97,-120.1875,-20.4745,24.41,2.1429203
7/12/12 16:00,5610.9461,195.9,4.729,450.396,1.48,5.2,0.0115,25.59,7.01,-86.8416,-22.1645,23.42,2.5517825
7/12/12 16:30,5613.1961,195.7,4.91,450.3105,1.61,5.71,0.0077,29.13,7.88,-64.5117,-26.9136,25.7,3.3201157
7/12/12 17:00,5615.4461,192.8,5.183,450.2475,1.3,5.71,-0.0001,30.34,6.72,-52.1523,-29.3074,25.69,2.3009029
7/12/12 17:30,5617.6961,194.4,5.157,450.261,1.47,5.72,-0.0044,30.45,7.57,-42.9415,-30.1865,25.73,3.7232079
7/12/12 18:00,5619.9461,197.0,4.947,450.324,1.49,4.88,-0.0069,25.23,7.38,-33.69,-25.2346,21.95,3.123878
7/12/12 18:30,5622.1961,195.9,4.722,450.333,1.33,4.66,-0.0076,22.87,6.27,-17.7102,-22.6777,20.96,2.9164465
7/12/12 19:00,5624.4461,193.7,4.396,450.369,1.14,4.69,-0.0049,21.2,5.02,-4.6509,-20.4795,21.09,3.6221752
7/12/12 19:30,5626.6961,194.9,4.356,450.4005,1.21,4.55,-0.0081,20.49,5.27,0.0,-18.9309,20.46,3.4523064
7/12/12 20:00,5628.9461,194.3,4.266,450.4275,1.23,4.81,-0.0113,21.18,5.23,0.0,-18.343,21.65,2.8007003
7/12/12 20:30,5631.1961,193.1,4.064,450.495,1.17,5.02,-0.0122,20.95,4.75,0.0,-16.6175,22.59,2.8244727
7/12/12 21:00,5633.4461,192.7,3.374,450.5445,0.97,4.29,-0.0067,14.82,3.26,0.0,-10.4807,19.28,2.2235849
7/12/12 21:30,5635.7461,194.7,2.955,470.4747,0.99,3.79,-0.0045,11.58,2.94,0.0,-7.0516,17.82,2.091625
7/12/12 22:00,5638.0711,197.1,3.425,460.3956,1.13,3.68,-0.0143,13.19,3.88,0.0,-6.5966,16.94,2.8296657
7/12/12 22:30,5640.3461,202.0,3.649,450.3645,1.8,4.46,-0.0191,17.55,6.57,0.0,-6.7167,20.07,4.1865389
7/12/12 23:00,5642.6211,204.4,3.261,460.4738,1.86,4.09,-0.0155,14.65,6.05,0.0,-3.793,18.83,1.0983195
7/12/12 23:30,5645.0211,205.0,1.68,500.59,1.27,2.72,0.0067,5.03,2.13,0.0,-0.657,13.58,2.6480838
7/13/12 0:00,5647.5711,212.1,1.545,520.65,1.2,1.91,0.0073,3.47,1.85,0.0,0.0,9.91,2.7442697
7/13/12 0:30,5650.2211,197.3,1.507,540.5238,0.79,2.54,0.0079,4.01,1.19,0.0,0.5228,13.7,1.8315711
7/13/12 1:00,5652.9461,201.7,1.626,550.5005,1.05,2.64,0.0033,4.62,1.71,0.0,1.1948,14.51,3.0354239
7/13/12 1:30,5655.6961,208.2,1.638,550.44,1.27,2.36,0.0027,4.39,2.07,0.0,1.6787,12.98,2.890193
7/13/12 2:00,5658.4711,208.1,1.455,560.4928,0.94,1.75,0.0044,2.89,1.36,0.0,1.4448,9.81,2.2920171
7/13/12 2:30,5661.3211,195.4,1.398,580.5162,0.52,1.87,0.0038,2.72,0.72,0.0,1.6544,10.87,2.1322458
7/13/12 3:00,5664.2461,185.9,1.306,590.3776,0.2,1.95,0.003,2.56,0.26,0.0,1.81,11.5,2.8535535
7/13/12 3:30,5667.1961,184.2,1.38,590.3363,0.18,2.49,0.0003,3.44,0.25,0.0,2.7294,14.67,2.8438599
7/13/12 4:00,5670.1461,223.6,1.379,590.4425,0.71,0.75,-0.0009,1.43,0.98,0.0,1.2349,4.42,2.8874234
7/13/12 4:30,5673.0961,237.5,1.378,590.4897,0.49,0.31,-0.0023,0.8,0.68,0.0,0.7409,1.84,2.8874234
7/13/12 5:00,5676.0461,233.4,1.355,590.5428,0.72,0.54,-0.0017,1.22,0.98,0.4202,1.1753,3.16,2.8874234
7/13/12 5:30,5678.9961,204.5,1.285,590.6549,0.3,0.67,0.0026,0.94,0.39,28.624,0.9326,3.93,2.56765
7/13/12 6:00,5681.9211,188.9,1.229,580.7772,0.17,1.07,-0.0027,1.33,0.21,107.251,1.3347,6.22,1.8826356
7/13/12 6:30,5684.8461,181.4,1.521,590.8614,0.03,1.09,-0.0061,1.66,0.04,74.5011,1.6452,6.43,2.2574548
7/13/12 7:00,5687.7711,176.3,1.618,580.9396,-0.09,1.32,-0.002,2.14,-0.14,62.0211,2.0708,7.67,1.5057969
7/13/12 7:30,5690.6211,184.0,2.357,560.924,0.12,1.69,-0.0134,3.99,0.28,203.2202,3.6823,9.45,1.3185604
7/13/12 8:00,5693.3961,217.2,3.66,550.979,1.2,1.57,-0.0258,7.24,4.37,207.2018,6.2664,8.66,3.6128855
7/13/12 8:30,5696.1461,231.9,4.377,550.9185,1.63,1.28,-0.0344,9.09,7.15,265.5727,7.2089,7.05,2.4394983
7/13/12 9:00,5698.8711,229.7,4.468,540.9018,1.18,1.0,-0.0374,6.89,5.25,250.6269,4.8686,5.38,4.0237672
7/13/12 9:30,5701.5711,223.9,5.668,540.864,1.08,1.13,-0.0482,8.86,6.14,282.7246,5.3931,6.08,4.4917142
7/13/12 10:00,5704.2461,215.2,5.691,530.8692,0.64,0.91,-0.0438,6.36,3.67,180.732,3.1813,4.84,3.4034922
7/13/12 10:30,5706.8711,210.5,6.734,520.8008,0.83,1.4,-0.0589,10.98,5.57,164.0151,4.2005,7.3,3.8038725
7/13/12 11:00,5709.4711,188.9,7.799,520.6968,0.34,2.14,-0.0632,16.92,2.62,114.6377,4.3802,11.15,3.2925928
7/13/12 11:30,5712.0461,197.8,7.996,510.6222,0.86,2.66,-0.0504,22.37,6.84,45.3043,2.9202,13.59,1.4702537
7/13/12 12:00,5714.5961,192.0,7.982,510.5865,0.6,2.82,-0.0493,23.05,4.79,0.0,0.0,14.41,2.3105965
7/13/12 12:30,5717.1461,193.0,8.304,510.4692,0.81,3.53,-0.0464,30.04,6.76,-67.1429,-3.9215,17.98,2.3892416
7/13/12 13:00,5719.6961,197.0,9.546,510.3825,1.03,3.35,-0.05,33.48,9.79,-160.4044,-8.6647,17.1,1.6791854
7/13/12 13:30,5722.2461,184.3,10.398,510.2958,0.29,3.89,-0.0482,40.51,3.04,-273.8414,-15.5027,19.81,2.7790628
7/13/12 14:00,5724.7711,192.0,9.587,500.25,0.64,2.99,-0.0268,29.33,6.1,-199.1965,-14.6633,14.96,2.5378191
7/13/12 14:30,5727.2461,180.3,7.639,490.1813,0.02,3.5,0.0127,26.71,0.14,-159.9983,-16.2575,17.13,1.3371398
7/13/12 15:00,5729.6961,182.8,6.686,490.1519,0.15,3.09,0.0201,20.71,1.01,-184.347,-14.6465,15.16,2.4472301
7/13/12 15:30,5732.1211,176.8,5.824,480.1776,-0.19,3.32,0.0339,19.35,-1.08,-145.9207,-15.3493,15.92,1.5037197
7/13/12 16:00,5734.5211,173.3,4.942,480.2832,-0.33,2.85,0.0429,14.16,-1.65,-134.2513,-12.2619,13.66,2.1599995
7/13/12 16:30,5736.9211,180.1,4.889,480.264,0.0,2.7,0.0403,13.18,0.02,-184.4184,-12.1774,12.94,2.4800037
7/13/12 17:00,5739.3211,174.4,4.693,480.3168,-0.23,2.38,0.0409,11.24,-1.1,-115.405,-10.8522,11.44,1.8924446
7/13/12 17:30,5741.7211,171.5,4.779,480.3216,-0.32,2.14,0.0344,10.32,-1.53,-84.8102,-10.2296,10.25,2.9529706
7/13/12 18:00,5744.1211,160.7,4.251,480.3408,-0.84,2.41,0.0385,10.85,-3.59,-53.413,-10.8528,11.57,2.5648227
7/13/12 18:30,5746.5211,168.7,3.577,480.48,-0.43,2.14,0.0531,7.81,-1.53,-14.5643,-7.7382,10.27,2.2188535
7/13/12 19:00,5748.9211,166.1,3.229,480.504,-0.57,2.31,0.0541,7.68,-1.85,-1.7561,-7.42,11.08,2.2059287
7/13/12 19:30,5751.3211,171.4,2.767,480.6384,-0.43,2.82,0.0601,7.9,-1.18,0.0,-7.2959,13.55,2.1268797
7/13/12 20:00,5753.7211,175.2,2.654,480.7584,-0.24,2.88,0.0584,7.66,-0.64,0.0,-6.6333,13.8,2.3596415
7/13/12 20:30,5756.1461,166.9,2.52,490.833,-0.51,2.2,0.0543,5.69,-1.29,0.0,-4.5163,10.78,2.0088832
7/13/12 21:00,5758.5961,160.8,2.462,490.8379,-0.74,2.13,0.0501,5.56,-1.83,0.0,-3.9344,10.46,2.8869041
7/13/12 21:30,5761.0461,166.0,2.469,490.9555,-0.54,2.18,0.0451,5.54,-1.34,0.0,-3.3698,10.66,2.5281255
7/13/12 22:00,5763.4961,161.6,2.351,490.9653,-0.64,1.92,0.0426,4.76,-1.5,0.0,-2.3792,9.41,1.3702019
7/13/12 22:30,5765.9461,158.7,2.314,490.9212,-0.69,1.77,0.0397,4.39,-1.6,0.0,-1.6816,8.67,1.8664219
7/13/12 23:00,5768.3711,157.5,2.44,480.8256,-0.82,1.98,0.0356,5.24,-2.01,0.0,-1.3565,9.53,2.7272482
7/13/12 23:30,5770.7711,165.4,2.481,480.7872,-0.53,2.02,0.0299,5.19,-1.31,0.0,-0.6775,9.72,0.35347597
7/14/12 0:00,5773.1711,178.8,2.627,480.7008,-0.05,2.17,0.0215,5.69,-0.12,0.0,0.0,10.39,1.8760001
7/14/12 0:30,5775.5711,180.5,2.684,480.5424,0.02,2.33,0.0124,6.25,0.05,0.0,0.8159,11.18,2.4175146
7/14/12 1:00,5777.9711,181.1,2.55,480.4416,0.04,2.31,0.0095,5.9,0.11,0.0,1.5272,11.11,1.1519805
7/14/12 1:30,5780.3711,179.6,2.343,480.4704,-0.01,1.74,0.0117,4.09,-0.03,0.0,1.5646,8.38,2.5230479
7/14/12 2:00,5782.7711,197.2,2.448,480.5568,0.52,1.66,0.0121,4.26,1.26,0.0,2.1322,7.99,2.6539115
7/14/12 2:30,5785.2711,212.9,1.525,520.5148,1.17,1.81,0.0219,3.29,1.79,0.0,2.0025,9.42,2.8908277
7/14/12 3:00,5788.2211,249.9,1.326,660.4818,1.31,0.48,0.0344,1.85,1.74,0.0,1.3089,3.17,2.9053681
7/14/12 3:30,5791.6711,182.0,1.044,720.3312,0.04,1.15,0.0296,1.2,0.04,0.0,0.9517,8.27,2.9053681
7/14/12 4:00,5795.2961,203.8,1.2,730.2774,0.86,1.95,0.0025,2.56,1.03,0.0,2.2146,14.23,3.7974101
7/14/12 4:30,5799.0461,190.4,1.326,770.077,0.53,2.88,0.0017,3.89,0.7,0.0,3.5931,22.21,2.6143293
7/14/12 5:00,5802.9711,190.7,1.731,799.992,0.65,3.46,-0.0034,6.09,1.13,0.3352,5.8805,27.65,2.0872398
7/14/12 5:30,5806.9711,205.6,2.17,800.104,1.44,3.01,-0.0094,7.25,3.13,11.0031,7.1922,24.12,2.5078151
7/14/12 6:00,5810.9461,205.1,2.361,790.2528,1.32,2.83,-0.0124,7.37,3.13,32.35,7.3687,22.33,2.8109132
7/14/12 6:30,5814.8711,213.4,2.38,780.39,1.31,1.98,-0.0138,5.65,3.11,28.9958,5.5994,15.45,2.8623816
7/14/12 7:00,5818.7461,228.0,2.122,770.4697,0.87,0.78,-0.0132,2.48,1.84,32.3981,2.3961,6.02,3.6550065
7/14/12 7:30,5822.5461,234.0,2.073,750.5325,0.46,0.33,-0.0172,1.18,0.95,36.5431,1.0898,2.51,1.5167599
7/14/12 8:00,5826.2711,252.3,2.189,740.6068,0.62,0.2,-0.023,1.43,1.36,58.9408,1.2341,1.46,3.0290769
7/14/12 8:30,5829.8961,240.8,3.028,710.5467,1.2,0.67,-0.0394,4.16,3.63,181.2162,3.3031,4.76,2.3320032
7/14/12 9:00,5833.3961,241.8,4.087,690.5865,1.32,0.71,-0.0563,6.11,5.38,244.0261,4.3205,4.87,2.610348
7/14/12 9:30,5836.8211,261.3,4.341,680.714,1.36,0.21,-0.0591,5.98,5.91,151.3868,3.6389,1.42,3.0803145
7/14/12 10:00,5840.1711,277.9,5.166,660.8118,1.74,-0.24,-0.0693,9.06,8.98,283.193,4.5306,-1.59,3.180424
7/14/12 10:30,5843.4461,260.5,6.837,650.8775,1.75,0.29,-0.0743,12.16,12.0,216.1763,4.6546,1.91,3.2324117
7/14/12 11:00,5846.6711,266.6,7.443,640.9984,1.8,0.11,-0.0675,13.46,13.43,114.9232,3.4829,0.69,2.9725886
7/14/12 11:30,5849.8461,248.0,9.291,630.9387,1.84,0.74,-0.0766,18.46,17.12,87.5973,2.4097,4.69,2.2380099
7/14/12 12:00,5852.9961,235.6,9.878,630.7623,1.49,1.02,-0.0733,17.79,14.68,0.0,0.0,6.41,3.6319842
7/14/12 12:30,5856.1211,232.5,10.771,620.7502,1.54,1.18,-0.0824,20.93,16.6,-99.3687,-2.7317,7.33,4.8626098
7/14/12 13:00,5859.1961,203.7,13.394,610.6466,0.98,2.24,-0.0912,32.76,13.17,-250.9067,-8.4794,13.66,1.1747143
7/14/12 13:30,5862.2461,202.9,14.899,610.5307,0.89,2.11,-0.0801,34.18,13.3,-328.2169,-13.0795,12.89,3.4051078
7/14/12 14:00,5865.2711,203.2,15.411,600.51,0.94,2.2,-0.0658,36.91,14.54,-401.648,-18.4547,13.21,3.0219221
7/14/12 14:30,5868.2461,182.0,13.054,590.5723,0.1,2.85,-0.0284,37.19,1.3,-278.5175,-22.6404,16.8,2.9978035
7/14/12 15:00,5871.1711,171.7,13.3,580.5336,-0.48,3.28,-0.0277,44.05,-6.36,-466.426,-31.1478,19.01,1.8522277
7/14/12 15:30,5874.0711,180.9,13.106,580.7714,0.05,3.46,-0.0174,45.35,0.71,-382.4217,-35.976,20.07,2.0802581
7/14/12 16:00,5876.9461,183.2,10.837,570.855,0.16,2.81,0.0098,30.48,1.7,-252.1407,-26.4003,16.01,3.0016117
7/14/12 16:30,5879.7711,170.4,9.711,560.8288,-0.46,2.71,0.0225,26.71,-4.46,-175.9889,-24.6814,15.19,3.9744337
7/14/12 17:00,5882.5711,175.0,8.506,560.8512,-0.24,2.75,0.032,23.48,-2.05,-147.7751,-22.6766,15.4,1.6364874
7/14/12 17:30,5885.3461,178.1,8.089,550.946,-0.08,2.55,0.0353,20.67,-0.69,-77.1989,-20.4906,14.04,1.8438612
7/14/12 18:00,5888.0711,178.6,7.837,540.9828,-0.06,2.49,0.0325,19.51,-0.48,-62.411,-19.5141,13.44,1.6602021
7/14/12 18:30,5890.7711,163.7,7.027,541.188,-0.65,2.22,0.0335,16.22,-4.55,-36.9541,-16.0796,11.96,2.9682611
7/14/12 19:00,5893.4711,159.4,5.998,541.377,-0.78,2.08,0.0427,13.31,-4.68,-8.4634,-12.856,11.22,2.491486
7/14/12 19:30,5896.1461,155.5,5.342,531.5105,-0.95,2.09,0.0498,12.27,-5.09,0.0,-11.3316,11.07,3.5128337
7/14/12 20:00,5898.7961,166.9,5.146,531.7172,-0.5,2.16,0.0494,11.43,-2.59,0.0,-9.898,11.46,0.9581085
7/14/12 20:30,5901.4461,156.3,4.604,531.8815,-0.91,2.07,0.0516,10.4,-4.18,0.0,-8.2512,10.96,1.6908985
7/14/12 21:00,5904.0711,152.7,4.028,522.0852,-1.05,2.03,0.0548,9.22,-4.23,0.0,-6.5196,10.58,2.8230879
7/14/12 21:30,5906.6711,144.3,3.797,522.1944,-1.44,2.0,0.0524,9.36,-5.46,0.0,-5.7001,10.41,2.8566693
7/14/12 22:00,5909.2711,150.1,3.567,522.2048,-1.26,2.2,0.0519,9.04,-4.51,0.0,-4.5212,11.43,3.4970816
7/14/12 22:30,5911.8461,150.8,3.66,512.1726,-1.15,2.05,0.0463,8.6,-4.2,0.0,-3.2915,10.46,2.8622085
7/14/12 23:00,5914.3961,132.0,3.858,512.244,-1.05,0.95,0.0389,5.46,-4.06,0.0,-1.4139,4.83,2.8622085
7/14/12 23:30,5916.9461,118.9,3.948,512.2185,-1.3,0.72,0.0336,5.86,-5.13,0.0,-0.7652,3.66,1.9838414
7/15/12 0:00,5919.4711,120.0,3.946,502.145,-1.32,0.76,0.0308,6.01,-5.2,0.0,0.0,3.8,2.8001233
7/15/12 0:30,5921.9711,130.4,4.082,502.0,-1.31,1.11,0.0273,7.0,-5.33,0.0,0.9132,5.55,2.8622085
7/15/12 1:00,5924.4461,123.5,3.936,491.8669,-1.39,0.92,0.0271,6.55,-5.46,0.0,1.6962,4.5,1.6816665
7/15/12 1:30,5926.8961,146.0,4.205,491.813,-0.73,1.09,0.019,5.52,-3.09,0.0,2.1129,5.33,2.8622085
7/15/12 2:00,5929.3211,160.8,4.37,481.7808,-0.65,1.87,0.0086,8.67,-2.85,0.0,4.335,8.99,2.3834139
7/15/12 2:30,5931.7211,183.1,4.112,481.7808,0.11,1.95,0.0052,8.04,0.43,0.0,4.8938,9.37,2.0885092
7/15/12 3:00,5934.0961,189.5,4.117,471.7061,0.36,2.12,0.0019,8.86,1.46,0.0,6.2648,9.98,3.3260011
7/15/12 3:30,5936.4461,199.2,4.041,471.6591,0.57,1.64,0.0014,7.02,2.31,0.0,5.5687,7.71,3.5100064
7/15/12 4:00,5938.7961,207.2,4.241,471.6873,0.74,1.44,-0.001,6.89,3.15,0.0,5.9646,6.79,3.0986054
7/15/12 4:30,5941.1211,210.4,4.047,461.7572,0.48,0.83,0.0009,3.88,1.96,0.0,3.5819,3.8,2.8622085
7/15/12 5:00,5943.4211,185.9,3.493,461.8952,0.15,1.4,0.0072,4.93,0.51,8.6769,4.7641,6.46,2.594192
7/15/12 5:30,5945.7211,185.8,3.959,461.9964,0.19,1.85,-0.0049,7.37,0.74,48.7117,7.3047,8.52,1.8506698
7/15/12 6:00,5947.9961,200.7,4.408,452.0565,0.61,1.62,-0.0168,7.61,2.69,100.32,7.6126,7.27,4.2850905
7/15/12 6:30,5950.2461,201.7,4.662,452.133,0.71,1.8,-0.0288,9.01,3.33,176.2452,8.9346,8.08,3.001554
7/15/12 7:00,5952.4711,211.6,5.169,442.2352,1.22,1.98,-0.0386,12.02,6.3,179.0788,11.6134,8.72,1.4052835
7/15/12 7:30,5954.6711,210.5,5.571,442.3452,0.91,1.54,-0.0514,9.94,5.05,281.9024,9.1873,6.77,2.8910585
7/15/12 8:00,5956.8711,203.9,7.061,442.4156,0.92,2.08,-0.0801,16.06,6.51,463.5903,13.9116,9.15,1.5014117
7/15/12 8:30,5959.0961,195.1,7.525,452.511,0.67,2.5,-0.0763,19.47,5.07,389.9062,15.4443,11.24,2.4977176
7/15/12 9:00,5961.3211,209.5,8.332,442.486,1.12,1.99,-0.076,19.03,9.37,286.8266,13.4564,8.75,3.3603903
7/15/12 9:30,5963.4961,197.2,9.638,432.4682,0.91,2.94,-0.0831,29.69,8.78,327.3596,18.0711,12.65,3.6000761
7/15/12 10:00,5965.6461,189.9,9.299,432.5499,0.63,3.59,-0.0636,33.89,5.83,237.2165,16.9474,15.44,2.0450611
7/15/12 10:30,5967.7711,195.9,10.31,422.478,0.97,3.4,-0.0719,36.49,10.0,261.9372,13.963,14.3,4.339617
7/15/12 11:00,5969.8711,192.6,10.534,422.5284,0.64,2.88,-0.0652,31.12,6.79,143.8951,8.0538,12.11,3.4117433
7/15/12 11:30,5971.9461,209.8,12.637,412.4108,1.53,2.67,-0.0845,38.95,19.36,91.6157,5.0836,10.97,3.8150086
7/15/12 12:00,5973.9961,221.7,14.939,412.3452,2.3,2.58,-0.0861,51.54,34.29,0.0,0.0,10.56,6.694354
7/15/12 12:30,5976.0211,226.0,16.234,402.168,2.77,2.68,-0.0806,62.57,45.01,-111.048,-8.1665,10.71,4.2229476
7/15/12 13:00,5978.0211,220.0,17.65,402.108,2.34,2.79,-0.0782,64.3,41.33,-203.1805,-16.6418,11.16,6.273144
7/15/12 13:30,5979.9961,214.7,16.94,392.0397,2.28,3.29,-0.0554,67.88,38.64,-295.6134,-25.976,12.85,5.915404
7/15/12 14:00,5981.9461,191.0,15.087,392.0163,0.75,3.88,-0.035,59.65,11.38,-397.6595,-29.827,15.14,4.5366048
7/15/12 14:30,5983.8711,185.2,14.882,381.9494,0.38,4.12,-0.0246,61.61,5.58,-423.7339,-37.5067,15.67,1.6974186
7/15/12 15:00,5985.7711,192.9,15.404,381.9494,0.89,3.87,-0.0263,61.09,13.64,-511.9637,-43.1988,14.69,2.8398209
7/15/12 15:30,5987.6461,187.9,13.285,371.8907,0.6,4.29,-0.0036,57.55,7.91,-456.198,-45.658,15.88,3.2768984
7/15/12 16:00,5989.4961,189.1,11.907,371.9277,0.61,3.83,0.0056,46.18,7.3,-435.0279,-39.989,14.17,3.5736495
7/15/12 16:30,5991.3461,193.7,10.945,371.9314,0.89,3.65,0.0109,41.08,9.73,-307.9133,-37.9498,13.49,5.5502784
7/15/12 17:00,5993.1711,181.6,10.345,361.998,0.1,3.54,0.0125,36.68,1.02,-260.034,-35.4334,12.76,3.0024195
7/15/12 17:30,5994.9711,191.6,9.882,362.1024,0.62,3.0,0.0161,30.23,6.08,-117.6934,-29.9704,10.79,3.8672271
7/15/12 18:00,5996.7711,186.0,9.036,362.214,0.38,3.59,0.0209,32.59,3.41,-78.2,-32.5929,12.91,4.0533673
7/15/12 18:30,5998.5711,187.7,7.749,362.3436,0.46,3.37,0.0279,26.32,3.53,-43.2825,-26.0982,12.12,3.047137
7/15/12 19:00,6000.3711,180.6,6.475,362.4804,0.04,3.44,0.0339,22.29,0.23,-9.3801,-21.5338,12.39,3.2878614
7/15/12 19:30,6002.1711,181.1,5.785,362.5704,0.06,3.2,0.0362,18.54,0.36,0.0,-17.1242,11.53,2.4567506
7/15/12 20:00,6003.9711,185.0,5.581,362.6496,0.28,3.19,0.0318,17.89,1.56,0.0,-15.4955,11.5,1.9968816
7/15/12 20:30,6005.7711,178.2,5.024,362.7072,-0.1,3.33,0.0338,16.72,-0.53,0.0,-13.2688,11.98,3.238124
7/15/12 21:00,6007.5711,174.2,4.525,362.7756,-0.33,3.28,0.0336,14.9,-1.51,0.0,-10.5365,11.79,2.9125229
7/15/12 21:30,6009.3711,175.8,3.712,362.8044,-0.23,3.12,0.0377,11.61,-0.85,0.0,-7.0684,11.23,1.9201983
7/15/12 22:00,6011.1711,185.0,3.907,362.8548,0.21,2.46,0.0286,9.63,0.84,0.0,-4.8154,8.84,3.3722188
7/15/12 22:30,6012.9461,190.9,4.39,352.8175,0.51,2.63,0.0169,11.74,2.22,0.0,-4.4939,9.19,3.9217536
7/15/12 23:00,6014.6961,197.2,4.273,352.849,0.74,2.38,0.0129,10.64,3.15,0.0,-2.7527,8.32,3.540472
7/15/12 23:30,6016.4461,194.9,4.039,352.807,0.73,2.73,0.0122,11.41,2.93,0.0,-1.4893,9.56,3.6452552
7/16/12 0:00,6018.1961,182.5,3.773,352.7825,0.09,2.07,0.0156,7.8,0.34,0.0,0.0,7.23,2.5727853
7/16/12 0:30,6019.9461,185.4,3.541,352.765,0.16,1.66,0.0175,5.91,0.56,0.0,0.7719,5.82,3.2087547
7/16/12 1:00,6021.6961,202.1,3.862,352.7335,0.9,2.22,0.0116,9.27,3.49,0.0,2.3999,7.79,2.5968462
7/16/12 1:30,6023.4461,196.8,3.962,352.709,0.71,2.36,0.0098,9.77,2.82,0.0,3.7389,8.26,3.4668468
7/16/12 2:00,6025.1961,199.0,4.034,352.639,1.01,2.93,0.0084,12.51,4.07,0.0,6.2567,10.27,2.7003023
7/16/12 2:30,6026.9461,208.3,4.184,352.611,1.35,2.51,0.0044,11.94,5.66,0.0,7.2668,8.79,2.8622085
7/16/12 3:00,6028.6961,206.2,4.709,352.6285,1.01,2.06,-0.0013,10.8,4.77,0.0,7.6352,7.2,2.3354075
7/16/12 3:30,6030.4211,200.8,5.559,342.5432,1.24,3.26,-0.0125,19.38,6.88,0.0,15.3785,11.08,1.5333775
7/16/12 4:00,6032.1211,208.5,4.99,342.6554,1.08,1.99,-0.0045,11.32,5.4,0.0,9.8054,6.78,2.0782386
7/16/12 4:30,6033.8211,208.1,5.0,342.72,1.03,1.93,-0.0031,10.93,5.15,0.0,10.098,6.56,3.6221175
7/16/12 5:00,6035.5211,209.7,5.301,342.7472,1.22,2.14,-0.0075,13.07,6.47,6.7934,12.6217,7.28,2.8674592
7/16/12 5:30,6037.2211,217.3,4.93,342.8526,1.16,1.52,-0.0086,9.41,5.7,40.7771,9.3309,5.16,4.1479953
7/16/12 6:00,6038.9211,211.5,5.001,342.958,0.91,1.49,-0.0199,8.72,4.55,90.529,8.7167,5.05,4.5630891
7/16/12 6:30,6040.6211,209.7,5.598,342.9852,0.93,1.63,-0.0383,10.51,5.21,198.7906,10.4231,5.55,3.0994132
7/16/12 7:00,6042.3461,212.6,6.798,353.1395,1.22,1.9,-0.062,15.36,8.27,298.8787,14.8334,6.66,2.6479684
7/16/12 7:30,6044.0961,213.6,7.757,353.1885,1.56,2.35,-0.0707,21.84,12.09,321.7946,20.181,8.21,4.4017022
7/16/12 8:00,6045.8711,213.3,9.013,363.3516,1.2,1.83,-0.0852,19.71,10.82,365.519,17.0706,6.58,3.852629
7/16/12 8:30,6047.6711,214.2,10.861,363.384,1.46,2.16,-0.099,28.3,15.91,421.1175,22.4549,7.76,3.4194174
7/16/12 9:00,6049.4711,219.7,12.594,363.3768,1.9,2.28,-0.1014,37.37,23.87,416.8154,26.422,8.22,3.9843004
7/16/12 9:30,6051.2461,207.3,13.196,353.269,1.29,2.5,-0.1014,37.16,17.04,400.2113,22.6215,8.76,3.9672789
7/16/12 10:00,6052.9711,199.3,13.765,343.1552,0.92,2.62,-0.0966,38.18,12.62,361.6965,19.0921,8.9,5.3933344
7/16/12 10:30,6054.6461,182.3,12.918,332.9865,0.15,3.73,-0.0793,48.18,1.93,287.5958,18.4393,12.3,3.5276049
7/16/12 11:00,6056.2711,177.4,13.367,322.816,-0.17,3.68,-0.0725,49.23,-2.23,201.7549,12.7418,11.77,2.9399304
7/16/12 11:30,6057.8711,177.8,13.682,322.7744,-0.14,3.62,-0.0687,49.58,-1.9,107.9839,6.472,11.59,3.9380827
7/16/12 12:00,6059.4711,181.9,14.045,322.7296,0.13,3.94,-0.0547,55.42,1.84,0.0,0.0,12.62,4.7202062
7/16/12 12:30,6061.0461,192.1,14.592,312.5699,0.83,3.85,-0.0445,57.45,12.04,-115.4466,-7.4986,11.93,4.2803014
7/16/12 13:00,6062.5961,187.7,14.89,312.5358,0.57,4.2,-0.0293,63.15,8.46,-227.2757,-16.344,13.03,3.3072486
7/16/12 13:30,6064.1461,179.4,14.84,312.4862,-0.04,4.16,-0.0204,61.68,-0.65,-332.5002,-23.602,12.88,3.9459299
7/16/12 14:00,6065.6711,182.0,14.782,302.361,0.15,4.42,-0.0098,65.32,2.28,-420.0405,-32.6608,13.25,4.4429577
7/16/12 14:30,6067.1461,191.6,14.573,292.2272,0.86,4.2,-0.0012,62.53,12.57,-462.4681,-38.0675,12.19,5.0377293
7/16/12 15:00,6068.5961,184.0,14.338,292.2243,0.29,4.17,0.0023,59.96,4.18,-481.9802,-42.3992,12.1,3.463154
7/16/12 15:30,6070.0211,191.8,13.814,282.1112,0.84,4.01,0.0053,56.53,11.56,-467.7453,-44.8458,11.22,3.206966
7/16/12 16:00,6071.4211,180.1,13.507,282.086,0.01,4.52,0.0014,61.04,0.11,-434.672,-52.8606,12.65,2.8900776
7/16/12 16:30,6072.8211,189.0,13.001,282.0776,0.74,4.65,0.0002,61.17,9.57,-485.0571,-56.5134,13.01,4.8258549
7/16/12 17:00,6074.2211,182.6,11.891,282.0608,0.18,3.89,0.0007,46.32,2.1,-428.7822,-44.7373,10.89,3.2091009
7/16/12 17:30,6075.6211,181.7,11.47,282.03,0.1,3.4,0.0004,39.06,1.16,-240.9905,-38.7212,9.53,3.3022287
7/16/12 18:00,6077.0211,178.7,10.87,282.0272,-0.07,3.21,0.0013,34.89,-0.79,-152.112,-34.8927,8.99,3.6485441
7/16/12 18:30,6078.4211,178.5,10.225,282.1252,-0.07,2.62,0.003,26.81,-0.7,-98.6874,-26.5806,7.34,3.1882135
7/16/12 19:00,6079.8211,179.5,9.289,282.1644,-0.01,1.67,0.0098,15.55,-0.14,-21.3354,-15.0199,4.69,3.0814108
7/16/12 19:30,6081.2211,174.6,8.581,282.1924,-0.22,2.33,0.0166,20.05,-1.89,0.0,-18.5273,6.51,2.6106942
7/16/12 20:00,6082.6211,186.3,8.269,282.3072,0.23,2.12,0.0144,17.65,1.94,0.0,-15.2891,5.94,3.4617692
7/16/12 20:30,6084.0211,184.0,7.542,282.3772,0.12,1.74,0.0169,13.12,0.92,0.0,-10.4112,4.86,2.8337047
7/16/12 21:00,6085.4211,178.7,6.967,282.4192,-0.05,2.24,0.0191,15.58,-0.35,0.0,-11.0155,6.26,1.7628504
7/16/12 21:30,6086.8211,176.9,6.947,282.4668,-0.1,1.89,0.0143,13.18,-0.71,0.0,-8.0225,5.3,2.0822199
7/16/12 22:00,6088.2211,164.0,6.444,282.5228,-0.5,1.76,0.0166,11.81,-3.25,0.0,-5.9027,4.93,3.2141785
7/16/12 22:30,6089.6211,173.0,5.964,282.5396,-0.18,1.49,0.0177,8.98,-1.09,0.0,-3.4372,4.19,2.6291582
7/16/12 23:00,6091.0211,167.0,5.137,282.6012,-0.33,1.41,0.025,7.43,-1.67,0.0,-1.9225,3.95,2.1092812
7/16/12 23:30,6092.4211,167.9,5.174,282.5816,-0.38,1.76,0.0213,9.34,-1.96,0.0,-1.219,4.94,3.1730961
7/17/12 0:00,6093.8211,162.7,4.969,282.534,-0.43,1.38,0.0212,7.2,-2.14,0.0,0.0,3.87,2.6468144
7/17/12 0:30,6095.2211,169.7,4.978,282.5396,-0.29,1.57,0.0171,7.96,-1.42,0.0,1.039,4.41,2.8952706
7/17/12 1:00,6096.6461,153.3,4.577,292.6361,-0.54,1.06,0.0214,5.45,-2.45,0.0,1.4109,3.09,2.8952706
7/17/12 1:30,6098.0961,149.9,4.152,292.6448,-0.47,0.82,0.0253,3.92,-1.97,0.0,1.4999,2.37,2.9012714
7/17/12 2:00,6099.5461,160.7,3.823,292.6187,-0.24,0.69,0.0278,2.81,-0.93,0.0,1.403,2.01,2.9038102
7/17/12 2:30,6101.0211,105.2,3.326,302.664,-0.78,0.21,0.0354,2.68,-2.58,0.0,1.6299,0.63,2.8989057
7/17/12 3:00,6102.5211,116.8,3.316,302.649,-0.72,0.36,0.0328,2.66,-2.38,0.0,1.8828,1.09,2.8989057
7/17/12 3:30,6104.0211,148.9,2.87,302.652,-0.51,0.85,0.0339,2.86,-1.48,0.0,2.2655,2.56,2.9031178
7/17/12 4:00,6105.5211,157.5,2.83,302.697,-0.27,0.64,0.031,1.96,-0.75,0.0,1.7009,1.92,2.9031178
7/17/12 4:30,6107.0211,75.9,2.581,302.763,-0.4,-0.1,0.0358,1.07,-1.03,0.0,0.9848,-0.3,2.8612853
7/17/12 5:00,6108.5461,56.1,2.09,312.8861,-0.47,-0.32,0.0433,1.19,-0.99,7.0155,1.1467,-0.98,2.8768066
7/17/12 5:30,6110.0961,83.5,1.745,312.9419,-0.18,-0.02,0.0386,0.32,-0.32,66.8868,0.3201,-0.06,2.9762237
7/17/12 6:00,6111.6461,276.7,2.729,313.0411,0.26,-0.03,0.0027,0.71,0.71,154.135,0.715,-0.09,2.3649499
7/17/12 6:30,6113.1961,248.2,5.503,313.1062,0.7,0.28,-0.0451,4.13,3.84,248.7614,4.0974,0.86,2.7685614
7/17/12 7:00,6114.7461,232.4,7.651,313.1992,1.17,0.9,-0.0756,11.31,8.96,339.2438,10.9229,2.8,1.8326674
7/17/12 7:30,6116.2961,231.0,9.058,313.2457,1.15,0.93,-0.0942,13.43,10.44,418.1765,12.4105,2.89,3.8072768
7/17/12 8:00,6117.8211,215.3,10.737,303.105,0.98,1.38,-0.1097,18.16,10.49,474.8166,15.7238,4.14,4.185558
7/17/12 8:30,6119.3211,204.5,12.241,303.114,0.58,1.28,-0.1182,17.16,7.12,503.9127,13.6154,3.83,3.642601
7/17/12 9:00,6120.7961,204.6,13.333,293.0421,0.6,1.32,-0.1192,19.33,8.05,503.2401,13.6704,3.82,3.0221529
7/17/12 9:30,6122.2211,174.6,13.477,282.9092,-0.16,1.69,-0.1094,22.82,-2.15,474.5752,13.8898,4.72,2.867113
7/17/12 10:00,6123.6211,169.7,14.271,282.884,-0.32,1.76,-0.0918,25.57,-4.57,418.709,12.7868,4.94,2.89077
7/17/12 10:30,6125.0211,184.0,15.219,282.842,0.13,1.92,-0.0859,29.22,2.04,339.816,11.1822,5.36,3.1675569
7/17/12 11:00,6126.3961,179.7,15.921,272.6865,-0.01,2.07,-0.0697,33.0,-0.17,238.5494,8.5421,5.6,3.8357806
7/17/12 11:30,6127.7461,191.9,16.232,272.646,0.46,2.18,-0.0601,36.13,7.45,121.2813,4.7162,5.88,4.2677228
7/17/12 12:00,6129.0961,188.8,17.2,272.6379,0.31,2.03,-0.045,35.28,5.4,0.0,0.0,5.47,4.4742311
7/17/12 12:30,6130.4461,174.6,18.02,272.5974,-0.14,1.49,-0.0325,27.05,-2.55,-121.8996,-3.5305,4.03,2.4374211
7/17/12 13:00,6131.7711,181.9,18.559,262.4024,0.06,1.82,-0.0215,33.83,1.12,-235.8054,-8.7566,4.74,4.2659341
7/17/12 13:30,6133.0711,158.8,19.427,262.3452,-0.83,2.13,-0.0096,44.33,-16.03,-335.5116,-16.9653,5.53,4.6511393
7/17/12 14:00,6134.3461,165.5,19.779,252.1975,-0.6,2.33,-0.0058,47.61,-11.92,-416.8995,-23.804,5.83,5.425531
7/17/12 14:30,6135.5961,171.0,19.72,252.175,-0.38,2.43,0.0014,48.45,-7.58,-471.4358,-29.4957,6.07,3.7445569
7/17/12 15:00,6136.8211,188.2,18.555,242.0736,0.43,2.97,0.0134,55.63,7.93,-504.9754,-39.3349,7.12,3.7314013
7/17/12 15:30,6138.0211,177.7,17.371,242.0976,-0.11,2.85,0.0221,49.49,-1.99,-383.6165,-39.263,6.83,5.877899
7/17/12 16:00,6139.2211,170.7,15.483,242.0928,-0.43,2.63,0.0281,41.2,-6.66,-242.0099,-35.6805,6.3,5.7294369
7/17/12 16:30,6140.4211,166.0,14.537,242.1384,-0.67,2.68,0.0264,40.21,-9.73,-176.8315,-37.1486,6.44,5.1734397
7/17/12 17:00,6141.6211,167.4,13.465,242.1624,-0.55,2.46,0.0224,33.96,-7.41,-164.304,-32.8016,5.91,3.6662003
7/17/12 17:30,6142.8211,172.1,13.047,242.1576,-0.37,2.68,0.0155,35.25,-4.85,-119.6515,-34.9514,6.42,4.629848
7/17/12 18:00,6144.0211,,11.558,242.2584,,,0.0216,6.6,,-42.278,-6.5996,,3.1489775
7/17/12 18:30,6145.2211,134.1,9.453,242.3592,-0.92,0.9,0.0353,12.17,-8.74,-11.5593,-12.0619,2.15,2.8330123
7/17/12 19:00,6146.4211,118.4,8.681,242.4768,-1.21,0.65,0.0386,11.92,-10.48,-5.1658,-11.5129,1.57,2.2074866
7/17/12 19:30,6147.6211,108.2,8.262,242.4816,-1.08,0.35,0.0375,9.35,-8.88,0.0,-8.6407,0.85,2.9568365
7/17/12 20:00,6148.8211,118.0,6.41,242.5872,-0.81,0.43,0.0457,5.85,-5.17,0.0,-5.0683,1.03,2.8481297
7/17/12 20:30,6150.0211,76.2,6.945,242.6976,-1.57,-0.39,0.0368,11.25,-10.93,0.0,-8.9259,-0.93,2.8564962
7/17/12 21:00,6151.2211,74.4,6.647,242.7432,-2.57,-0.72,0.0318,17.72,-17.07,0.0,-12.5306,-1.72,7.081521
7/17/12 21:30,6152.4211,68.6,5.177,242.832,-1.36,-0.53,0.0494,7.59,-7.07,0.0,-4.6202,-1.28,5.1175861
7/17/12 22:00,6153.6211,82.9,4.853,242.8608,-1.22,-0.15,0.0616,5.97,-5.93,0.0,-2.987,-0.37,2.8981556
7/17/12 22:30,6154.8211,80.7,4.599,242.8296,-1.52,-0.25,0.0711,7.08,-6.99,0.0,-2.7103,-0.6,2.9068106
7/17/12 23:00,6156.0211,86.4,4.592,242.8248,-1.77,-0.11,0.068,8.16,-8.14,0.0,-2.1108,-0.27,2.9068106
7/17/12 23:30,6157.2211,83.3,4.481,242.8368,-1.73,-0.2,0.0658,7.79,-7.73,0.0,-1.0165,-0.49,3.1699803
7/18/12 0:00,6158.4211,77.2,4.259,242.8224,-1.72,-0.39,0.0652,7.51,-7.32,0.0,0.0,-0.94,5.0774269
7/18/12 0:30,6159.6461,79.1,4.108,252.9425,-1.75,-0.34,0.0639,7.31,-7.18,0.0,0.9539,-0.84,4.0419427
7/18/12 1:00,6160.8961,86.0,3.849,252.95,-1.44,-0.1,0.0646,5.54,-5.53,0.0,1.4345,-0.25,2.8818265
7/18/12 1:30,6162.1461,97.8,4.0,252.9475,-0.8,0.11,0.0604,3.23,-3.2,0.0,1.2353,0.27,2.8818265
7/18/12 2:00,6163.3961,102.8,3.867,252.9125,-1.23,0.28,0.063,4.88,-4.76,0.0,2.4381,0.7,2.8851731
7/18/12 2:30,6164.6461,101.4,3.622,252.9225,-1.16,0.23,0.0642,4.3,-4.22,0.0,2.6195,0.59,2.9099841
7/18/12 3:00,6165.8961,97.0,3.535,252.915,-1.33,0.16,0.0636,4.74,-4.71,0.0,3.352,0.41,2.886731
7/18/12 3:30,6167.1461,85.6,2.922,252.9325,-0.4,-0.03,0.0663,1.17,-1.17,0.0,0.9319,-0.08,2.909234
7/18/12 4:00,6168.4211,86.7,2.599,263.0992,-0.2,-0.01,0.0659,0.51,-0.51,0.0,0.4457,-0.03,2.8975209
7/18/12 4:30,6169.7211,91.5,2.625,263.1642,-0.41,0.01,0.0673,1.08,-1.08,0.0,0.9943,0.03,2.8605929
7/18/12 5:00,6171.0461,185.6,2.011,273.2886,0.03,0.33,0.0757,0.68,0.07,5.4121,0.6527,0.9,2.8625547
7/18/12 5:30,6172.3961,126.2,2.403,273.3021,-0.33,0.24,0.0657,0.99,-0.8,45.9723,0.9839,0.66,2.9410844
7/18/12 6:00,6173.7461,88.7,3.081,273.3372,-0.63,-0.01,0.0503,1.95,-1.95,93.838,1.9503,-0.04,3.9309856
7/18/12 6:30,6175.0961,99.7,3.662,273.3912,-0.85,0.15,0.0394,3.16,-3.12,127.6892,3.1333,0.39,3.700878
7/18/12 7:00,6176.4711,110.6,4.357,283.5168,-1.23,0.46,0.0166,5.7,-5.34,307.744,5.509,1.29,2.2706681
7/18/12 7:30,6177.8711,106.0,6.213,283.4944,-1.42,0.41,-0.0146,9.18,-8.82,453.4549,8.4781,1.14,2.8313967
7/18/12 8:00,6179.2711,84.4,7.836,283.5084,-1.21,-0.12,-0.0337,9.56,-9.51,486.6483,8.2791,-0.33,4.1754028
7/18/12 8:30,6180.6461,84.4,8.957,273.3102,-1.16,-0.11,-0.0436,10.43,-10.39,455.0548,8.2786,-0.31,3.4414011
7/18/12 9:00,6181.9961,76.4,9.284,273.2427,-0.44,-0.11,-0.0436,4.2,-4.08,394.0282,2.9673,-0.29,3.3609673
7/18/12 9:30,6183.3461,123.9,10.254,273.213,-0.23,0.16,-0.0538,2.88,-2.39,417.4947,1.7541,0.42,4.5663203
7/18/12 10:00,6184.6711,92.1,10.663,263.068,-0.68,0.02,-0.0424,7.27,-7.27,276.257,3.6361,0.06,4.8911713
7/18/12 10:30,6185.9711,67.4,10.527,263.003,-1.36,-0.57,-0.0396,15.5,-14.31,224.0099,5.93,-1.47,7.029014
7/18/12 11:00,6187.2461,128.1,11.723,252.84,-0.99,0.77,-0.0434,14.68,-11.55,200.6122,3.7987,1.93,5.1712471
7/18/12 11:30,6188.4961,117.1,11.661,252.7775,-1.39,0.71,-0.0284,18.23,-16.23,73.7222,2.379,1.78,3.0300578
7/18/12 12:00,6189.7461,139.1,11.935,252.7225,-0.86,0.99,-0.0324,15.6,-10.21,0.0,0.0,2.47,4.411742
7/18/12 12:30,6190.9711,128.8,12.514,242.52,-0.89,0.72,-0.0248,14.32,-11.16,-105.8141,-1.8686,1.72,3.7260929
7/18/12 13:00,6192.1711,119.2,11.774,242.4552,-1.6,0.89,-0.0086,21.53,-18.8,-128.6667,-5.5736,2.14,5.0742534
7/18/12 13:30,6193.3711,106.1,12.287,242.3352,-2.18,0.63,-0.0101,27.92,-26.82,-241.513,-10.683,1.51,6.435858
7/18/12 14:00,6194.5711,89.3,12.993,242.2848,-2.19,-0.03,-0.0066,28.45,-28.45,-369.553,-14.2273,-0.06,7.462918
7/18/12 14:30,6195.7711,82.0,12.364,242.2368,-2.14,-0.3,0.0041,26.66,-26.4,-403.9223,-16.2276,-0.72,8.17032
7/18/12 15:00,6196.9711,74.6,12.046,242.1744,-2.81,-0.77,0.0163,35.08,-33.82,-504.1311,-24.8039,-1.86,8.254562
7/18/12 15:30,6198.1711,82.0,11.554,242.1264,-2.85,-0.4,0.028,33.23,-32.91,-384.5971,-26.3626,-0.96,5.1067962
7/18/12 16:00,6199.3711,76.8,10.819,242.088,-2.38,-0.56,0.0305,26.47,-25.77,-213.7143,-22.9272,-1.34,3.9583354
7/18/12 16:30,6200.5711,87.8,10.618,242.0352,-2.13,-0.08,0.0211,22.67,-22.65,-212.0996,-20.9438,-0.2,8.277642
7/18/12 17:00,6201.7711,98.5,10.123,242.0112,-2.51,0.37,0.0094,25.64,-25.36,-179.6651,-24.7678,0.9,5.2223116
7/18/12 17:30,6202.9711,78.5,9.205,242.052,-3.07,-0.63,0.0243,28.86,-28.28,-110.5729,-28.6108,-1.5,2.8995404
7/18/12 18:00,6204.1711,90.5,7.757,242.0592,-2.71,0.02,0.0304,21.02,-21.02,-50.549,-21.0215,0.06,5.6552347
7/18/12 18:30,6205.3711,87.8,5.941,242.1168,-2.32,-0.09,0.0436,13.8,-13.78,-21.0543,-13.677,-0.21,2.8759411
7/18/12 19:00,6206.5711,84.5,4.411,242.1552,-2.94,-0.28,0.0645,13.04,-12.98,-4.3621,-12.5946,-0.68,5.2960522
7/18/12 19:30,6207.7961,89.7,3.729,252.255,-2.92,-0.02,0.0758,10.88,-10.88,0.0,-10.0529,-0.04,5.778078
7/18/12 20:00,6209.0461,87.6,3.337,252.3,-3.13,-0.13,0.0806,10.45,-10.44,0.0,-9.0484,-0.33,4.5458368
7/18/12 20:30,6210.2961,87.9,2.718,252.4075,-2.99,-0.11,0.0893,8.13,-8.12,0.0,-6.4496,-0.27,2.8908277
7/18/12 21:00,6211.5461,78.5,2.215,252.4375,-2.6,-0.53,0.0929,5.89,-5.77,0.0,-4.1631,-1.32,5.957525
7/18/12 21:30,6212.7961,93.4,1.901,252.395,-1.93,0.11,0.093,3.68,-3.67,0.0,-2.2393,0.29,2.8969439
7/18/12 22:00,6214.0711,92.1,1.755,262.47,-1.6,0.06,0.0896,2.81,-2.81,0.0,-1.4066,0.15,4.9406202
7/18/12 22:30,6215.3711,107.5,1.69,262.4466,-1.27,0.4,0.083,2.25,-2.14,0.0,-0.8602,1.04,5.1862491
7/18/12 23:00,6216.6961,76.8,1.743,272.4516,-1.0,-0.23,0.0788,1.78,-1.74,0.0,-0.4615,-0.63,2.9165042
7/18/12 23:30,6218.0461,109.4,1.619,272.3679,-0.46,0.16,0.0766,0.79,-0.74,0.0,-0.1027,0.44,2.8997135
7/19/12 0:00,6219.4211,66.4,1.557,282.4024,-0.5,-0.22,0.0745,0.85,-0.78,0.0,0.0,-0.61,2.8983287
7/19/12 0:30,6220.8211,39.7,1.581,282.3324,-0.47,-0.56,0.0716,1.16,-0.74,0.0,0.1513,-1.58,2.9030024
7/19/12 1:00,6222.2211,53.9,1.543,282.2764,-0.5,-0.36,0.0694,0.95,-0.77,0.0,0.2464,-1.02,2.9261978
7/19/12 1:30,6223.6461,159.6,1.407,292.2562,-0.25,0.66,0.0683,1.0,-0.35,0.0,0.3812,1.92,2.9009829
7/19/12 2:00,6225.0961,54.7,1.271,292.1605,-0.27,-0.19,0.0662,0.43,-0.35,0.0,0.2135,-0.56,2.9009829
7/19/12 2:30,6226.5461,348.3,1.206,292.1228,0.1,-0.5,0.0686,0.62,0.13,0.0,0.3766,-1.46,2.8944628
7/19/12 3:00,6227.9961,14.7,1.123,292.1547,-0.1,-0.37,0.0706,0.42,-0.11,0.0,0.3002,-1.06,2.9066952
7/19/12 3:30,6229.4711,270.7,1.315,302.163,0.28,0.0,0.0669,0.37,0.37,0.0,0.2921,-0.01,2.9066952
7/19/12 4:00,6230.9711,248.2,1.323,302.106,0.79,0.32,0.0629,1.13,1.05,0.0,0.9785,0.95,2.9133884
7/19/12 4:30,6232.4961,212.5,1.21,312.1824,0.06,0.1,0.0609,0.14,0.08,0.0,0.1308,0.31,2.9005213
7/19/12 5:00,6234.0461,18.0,1.128,312.1638,-0.11,-0.35,0.0611,0.42,-0.13,7.6395,0.4042,-1.09,2.9016753
7/19/12 5:30,6235.6211,53.7,1.128,322.272,-0.43,-0.31,0.0589,0.6,-0.48,36.387,0.5938,-1.01,2.9954955
7/19/12 6:00,6237.2211,41.1,1.6,322.2816,-0.27,-0.31,0.0465,0.66,-0.43,111.421,0.6576,-0.99,3.0887964
7/19/12 6:30,6238.7711,315.0,2.215,302.136,0.49,-0.49,0.0252,1.53,1.08,151.119,1.5153,-1.46,2.4367287
7/19/12 7:00,6240.2711,3.6,3.143,302.136,-0.03,-0.54,0.0046,1.69,-0.11,249.2069,1.6333,-1.61,3.4245527
7/19/12 7:30,6241.7711,271.8,3.998,302.148,0.24,-0.01,-0.0113,0.94,0.94,383.9717,0.8717,-0.02,3.4825412
7/19/12 8:00,6243.2461,272.5,4.925,292.088,0.87,-0.04,-0.027,4.27,4.27,546.6188,3.6979,-0.11,0.5964449
7/19/12 8:30,6244.6961,280.4,5.707,292.059,1.0,-0.18,-0.0347,5.79,5.69,407.4441,4.5911,-0.53,2.7825825
7/19/12 9:00,6246.1461,275.2,7.537,292.0184,0.6,-0.05,-0.0557,4.55,4.53,517.1708,3.219,-0.16,4.9248681
7/19/12 9:30,6247.5711,260.7,9.535,281.9684,0.66,0.11,-0.0715,6.42,6.33,413.4008,3.9065,0.3,4.1817498
7/19/12 10:00,6248.9711,89.6,13.288,281.9152,-0.82,-0.01,-0.077,10.86,-10.86,427.4805,5.4281,-0.02,2.6191184
7/19/12 10:30,6250.3461,70.8,14.437,271.7982,-1.59,-0.55,-0.0701,24.3,-22.95,350.1113,9.2982,-1.49,4.8289707
7/19/12 11:00,6251.6961,69.6,15.636,271.7658,-1.51,-0.56,-0.0538,25.22,-23.64,239.0737,6.5276,-1.52,7.936058
7/19/12 11:30,6253.0461,81.3,14.625,271.7064,-2.36,-0.36,-0.0442,34.98,-34.58,123.2833,4.5662,-0.98,7.130566
7/19/12 12:00,6254.3961,94.6,12.766,271.6929,-3.69,0.3,-0.0058,47.2,-47.04,0.0,0.0,0.8,5.6181913
7/19/12 12:30,6255.7211,87.4,11.89,261.6198,-3.88,-0.18,0.0356,46.16,-46.11,-120.9235,-6.0247,-0.46,8.303607
7/19/12 13:00,6257.0211,88.8,12.433,261.6042,-4.23,-0.09,0.0675,52.6,-52.59,-235.8258,-13.6149,-0.23,4.6351564
7/19/12 13:30,6258.3211,81.3,13.556,261.5704,-4.38,-0.67,0.0968,60.0,-59.31,-337.9225,-22.9606,-1.74,5.293975
7/19/12 14:00,6259.5961,75.2,13.94,251.4875,-4.51,-1.19,0.1027,64.97,-62.82,-419.8475,-32.4872,-2.98,4.7214179
7/19/12 14:30,6260.8461,82.3,13.469,251.4575,-4.9,-0.66,0.1164,66.63,-66.03,-487.8833,-40.5625,-1.66,6.026188
7/19/12 15:00,6262.0961,84.0,12.035,251.45,-4.5,-0.47,0.129,54.47,-54.17,-447.0032,-38.5164,-1.18,6.300263
7/19/12 15:30,6263.3211,85.1,11.266,241.4016,-4.48,-0.38,0.1271,50.65,-50.47,-461.7063,-40.1849,-0.92,2.9419499
7/19/12 16:00,6264.5211,86.3,10.036,241.4832,-4.36,-0.28,0.131,43.89,-43.8,-419.8474,-38.0076,-0.68,6.354501
7/19/12 16:30,6265.7211,91.7,9.607,241.5384,-4.43,0.13,0.1257,42.56,-42.54,-349.2071,-39.3194,0.32,5.6125944
7/19/12 17:00,6266.9211,94.4,9.053,241.6296,-3.63,0.28,0.1166,32.95,-32.86,-346.3849,-31.8301,0.67,3.7801578
7/19/12 17:30,6268.1211,90.2,7.43,241.68,-4.21,0.01,0.1363,31.27,-31.27,-217.1641,-31.0053,0.04,3.1097415
7/19/12 18:00,6269.3211,74.1,5.651,241.728,-4.16,-1.18,0.1515,24.42,-23.48,-131.657,-24.418,-2.84,3.0162098
7/19/12 18:30,6270.5211,78.4,4.126,241.8504,-4.03,-0.83,0.1709,16.99,-16.65,-28.5001,-16.8496,-1.99,5.918289
7/19/12 19:00,6271.7211,80.2,3.331,241.9104,-3.96,-0.68,0.1692,13.37,-13.18,-0.7148,-12.9183,-1.64,4.3310774
7/19/12 19:30,6272.9211,71.3,3.256,241.968,-3.69,-1.25,0.1664,12.67,-12.0,0.0,-11.7047,-2.99,5.294552
7/19/12 20:00,6274.1211,66.7,3.166,242.1144,-3.69,-1.59,0.1593,12.72,-11.68,0.0,-11.0167,-3.81,6.457784
7/19/12 20:30,6275.3211,71.8,2.91,242.2368,-3.61,-1.19,0.1556,11.07,-10.52,0.0,-8.7821,-2.85,6.499328
7/19/12 21:00,6276.5211,69.5,2.8,242.2992,-3.76,-1.4,0.1535,11.23,-10.52,0.0,-7.9414,-3.37,4.6929718
7/19/12 21:30,6277.7211,63.0,2.721,242.4216,-2.83,-1.44,0.1452,8.65,-7.7,0.0,-5.2642,-3.46,4.4753851
7/19/12 22:00,6278.9211,61.6,2.601,242.4528,-3.21,-1.73,0.145,9.48,-8.34,0.0,-4.7416,-4.16,4.173441
7/19/12 22:30,6280.1211,60.8,2.644,242.4504,-2.86,-1.6,0.1422,8.65,-7.55,0.0,-3.3107,-3.83,4.2630491
7/19/12 23:00,6281.3211,59.0,2.841,242.4336,-3.02,-1.82,0.1411,10.02,-8.59,0.0,-2.5934,-4.36,4.8539548
7/19/12 23:30,6282.5211,61.4,2.918,242.4432,-2.92,-1.59,0.1379,9.71,-8.52,0.0,-1.2672,-3.82,4.2700308
7/20/12 0:00,6283.7211,58.8,2.896,242.46,-3.0,-1.82,0.1339,10.15,-8.68,0.0,0.0,-4.36,5.3933921
7/20/12 0:30,6284.9211,58.0,2.977,242.4312,-2.97,-1.86,0.1316,10.44,-8.85,0.0,1.3627,-4.46,6.569145
7/20/12 1:00,6286.1211,56.8,3.153,242.4096,-2.81,-1.84,0.1267,10.6,-8.87,0.0,2.7444,-4.42,4.2700308
7/20/12 1:30,6287.3211,57.9,3.134,242.3496,-2.68,-1.68,0.1232,9.92,-8.4,0.0,3.7959,-4.04,4.2700308
7/20/12 2:00,6288.5211,56.4,3.155,242.3352,-2.34,-1.56,0.1207,8.88,-7.39,0.0,4.4391,-3.74,5.862897
7/20/12 2:30,6289.7461,55.7,3.21,252.4375,-2.1,-1.43,0.1175,8.17,-6.75,0.0,4.9732,-3.59,4.3397901
7/20/12 3:00,6290.9961,56.6,3.196,252.425,-2.28,-1.51,0.1143,8.74,-7.3,0.0,6.1809,-3.76,4.2700308
7/20/12 3:30,6292.2461,62.6,2.805,252.4275,-1.7,-0.88,0.113,5.38,-4.78,0.0,4.2682,-2.21,6.162937
7/20/12 4:00,6293.4961,59.5,2.8,252.4575,-1.69,-0.99,0.1136,5.48,-4.72,0.0,4.743,-2.48,5.5035991
7/20/12 4:30,6294.7461,59.4,2.794,252.4925,-1.92,-1.14,0.115,6.24,-5.37,0.0,5.7641,-2.84,5.858281
7/20/12 5:00,6296.0211,61.2,2.98,262.613,-1.7,-0.93,0.1117,5.78,-5.07,3.8956,5.5842,-2.43,4.2442966
7/20/12 5:30,6297.3211,64.2,3.113,262.6416,-1.77,-0.85,0.1082,6.1,-5.5,14.5138,6.0524,-2.22,4.1252038
7/20/12 6:00,6298.6211,72.3,3.166,262.6884,-1.52,-0.49,0.1038,5.06,-4.82,32.559,5.0593,-1.26,4.1195492
7/20/12 6:30,6299.9211,69.8,3.487,262.7196,-1.54,-0.57,0.094,5.71,-5.36,86.8188,5.6628,-1.47,3.5229312
7/20/12 7:00,6301.2461,55.3,3.754,272.8701,-1.83,-1.27,0.0868,8.37,-6.88,101.7825,8.0862,-3.43,4.8112568
7/20/12 7:30,6302.5711,60.5,3.847,262.7716,-1.83,-1.04,0.0846,8.1,-7.05,83.5908,7.4815,-2.7,4.2924184
7/20/12 8:00,6303.8961,66.4,3.718,272.8728,-1.76,-0.77,0.0827,7.13,-6.53,106.3817,6.1725,-2.07,4.0999312
7/20/12 8:30,6305.2461,61.0,3.956,272.8701,-1.82,-1.01,0.0801,8.22,-7.19,130.6264,6.5187,-2.72,4.3090937
7/20/12 9:00,6306.5961,64.8,4.011,272.8755,-1.51,-0.71,0.0761,6.71,-6.07,105.9854,4.745,-1.92,3.2628773
7/20/12 9:30,6307.9461,73.9,3.923,272.9052,-2.14,-0.62,0.0824,8.72,-8.38,104.1506,5.3089,-1.66,4.3205183
7/20/12 10:00,6309.2961,74.1,3.95,272.9106,-2.46,-0.7,0.0789,10.12,-9.74,134.233,5.0619,-1.9,4.1771915
7/20/12 10:30,6310.6461,75.5,4.099,272.9295,-2.82,-0.73,0.0773,11.93,-11.55,98.9834,4.5663,-1.97,3.9577007
7/20/12 11:00,6311.9711,77.2,4.128,262.8444,-2.46,-0.56,0.0837,10.42,-10.16,49.6707,2.6977,-1.45,3.4145129
7/20/12 11:30,6313.2711,73.4,4.302,262.8288,-2.78,-0.83,0.0827,12.46,-11.94,30.1574,1.6267,-2.15,4.3989903
7/20/12 12:00,6314.5711,72.8,4.491,262.8106,-2.83,-0.88,0.0845,13.32,-12.73,0.0,0.0,-2.28,3.6401776
7/20/12 12:30,6315.8711,74.0,4.759,262.8028,-2.93,-0.84,0.0834,14.5,-13.94,-28.9691,-1.8927,-2.18,3.3202311
7/20/12 13:00,6317.1711,78.1,5.012,262.7898,-2.96,-0.62,0.0807,15.17,-14.84,-51.8839,-3.9253,-1.62,3.141188
7/20/12 13:30,6318.4711,69.8,5.012,262.769,-2.08,-0.76,0.0744,11.1,-10.41,-63.437,-4.2465,-1.99,3.2533568
7/20/12 14:00,6319.7461,79.7,5.3,252.625,-2.38,-0.43,0.0735,12.79,-12.59,-74.12,-6.3971,-1.08,3.0949703
7/20/12 14:30,6320.9961,70.2,5.623,252.61,-2.16,-0.78,0.068,12.9,-12.14,-88.5364,-7.8525,-1.94,3.3031519
7/20/12 15:00,6322.2461,73.5,5.676,252.61,-2.1,-0.62,0.0622,12.43,-11.92,-103.5459,-8.7896,-1.55,4.2568752
7/20/12 15:30,6323.4961,71.6,5.813,252.59,-2.06,-0.69,0.0614,12.64,-11.99,-117.5353,-10.026,-1.72,4.9038076
7/20/12 16:00,6324.7461,76.0,5.8,252.5875,-2.18,-0.54,0.061,13.06,-12.67,-107.1914,-11.3067,-1.36,3.8210671
7/20/12 16:30,6325.9961,71.7,5.723,252.5575,-2.33,-0.77,0.062,14.04,-13.33,-100.7694,-12.9752,-1.93,3.2337965
7/20/12 17:00,6327.2461,84.8,5.679,252.555,-2.29,-0.21,0.0631,13.08,-13.03,-72.7371,-12.6386,-0.52,3.4041269
7/20/12 17:30,6328.4711,84.9,5.307,242.4456,-2.32,-0.21,0.0638,12.34,-12.29,-67.9249,-12.2332,-0.5,3.3335598
7/20/12 18:00,6329.6711,82.8,5.09,242.4888,-2.48,-0.31,0.0681,12.73,-12.63,-38.161,-12.7301,-0.75,3.7805617
7/20/12 18:30,6330.8711,70.6,4.882,242.5248,-2.4,-0.85,0.0708,12.44,-11.73,-14.9639,-12.3329,-2.03,5.1946156
7/20/12 19:00,6332.0711,76.2,4.418,242.5656,-1.87,-0.46,0.0736,8.51,-8.27,-1.0171,-8.2234,-1.1,3.2151594
7/20/12 19:30,6333.2711,74.0,4.144,242.5968,-2.23,-0.64,0.0754,9.6,-9.23,0.0,-8.8708,-1.53,5.6297313
7/20/12 20:00,6334.4711,57.3,3.906,242.6544,-2.38,-1.53,0.0763,11.04,-9.29,0.0,-9.5595,-3.66,3.7781383
7/20/12 20:30,6335.6711,66.5,3.741,242.7312,-2.45,-1.06,0.0757,9.98,-9.15,0.0,-7.9185,-2.55,3.5857088
7/20/12 21:00,6336.8711,62.2,3.756,242.784,-2.54,-1.34,0.076,10.77,-9.53,0.0,-7.6144,-3.21,4.5272574
7/20/12 21:30,6338.0711,60.0,3.865,242.7768,-2.82,-1.63,0.0812,12.6,-10.92,0.0,-7.6727,-3.91,4.1214533
7/20/12 22:00,6339.2711,58.3,4.061,242.7696,-2.8,-1.73,0.0799,13.34,-11.35,0.0,-6.6722,-4.14,3.4931003
7/20/12 22:30,6340.4711,59.4,4.048,242.808,-2.58,-1.53,0.0767,12.15,-10.46,0.0,-4.6504,-3.67,4.7613463
7/20/12 23:00,6341.6711,63.4,3.715,242.8392,-2.33,-1.16,0.0778,9.66,-8.64,0.0,-2.5009,-2.8,3.7042823
7/20/12 23:30,6342.8711,63.7,3.195,242.8464,-2.35,-1.16,0.0821,8.37,-7.51,0.0,-1.093,-2.79,3.406031
7/21/12 0:00,6344.0711,61.3,3.114,242.844,-2.06,-1.13,0.0822,7.3,-6.4,0.0,0.0,-2.7,5.2990526
7/21/12 0:30,6345.2711,63.4,3.096,242.7792,-1.54,-0.77,0.0794,5.34,-4.78,0.0,0.6971,-1.85,4.9403317
7/21/12 1:00,6346.4711,57.6,3.337,242.736,-2.01,-1.28,0.076,7.95,-6.71,0.0,2.0573,-3.06,4.5848997
7/21/12 1:30,6347.6711,58.7,3.107,242.7024,-1.58,-0.96,0.0772,5.74,-4.9,0.0,2.1949,-2.3,3.455076
7/21/12 2:00,6348.8711,54.5,3.027,242.6568,-1.61,-1.15,0.0785,5.98,-4.87,0.0,2.9907,-2.75,2.0032863
7/21/12 2:30,6350.0961,47.8,2.054,252.725,-0.88,-0.8,0.0932,2.44,-1.81,0.0,1.4855,-2.0,4.2000407
7/21/12 3:00,6351.3961,356.4,1.387,272.9673,0.03,-0.41,0.0955,0.56,0.04,0.0,0.3992,-1.1,4.355196
7/21/12 3:30,6352.7711,24.7,1.456,283.0744,-0.26,-0.56,0.0978,0.89,-0.37,0.0,0.7058,-1.55,4.355196
7/21/12 4:00,6354.1961,14.3,1.633,293.219,-0.18,-0.69,0.0951,1.17,-0.29,0.0,1.0098,-2.01,4.3365589
7/21/12 4:30,6355.6711,46.9,1.831,303.333,-0.77,-0.72,0.0973,1.93,-1.41,0.0,1.7796,-2.16,4.355196
7/21/12 5:00,6357.1711,45.3,2.141,303.345,-0.92,-0.91,0.0955,2.78,-1.98,7.9312,2.6843,-2.74,4.6483697
7/21/12 5:30,6358.6711,24.8,2.106,303.381,-0.42,-0.91,0.0884,2.1,-0.88,27.703,2.0838,-2.72,3.8638228
7/21/12 6:00,6360.1711,19.6,1.857,303.471,-0.28,-0.8,0.0858,1.57,-0.53,34.662,1.571,-2.39,3.8638228
7/21/12 6:30,6361.6711,37.6,2.253,303.555,-0.65,-0.84,0.0793,2.39,-1.46,35.1437,2.3677,-2.52,3.8638228
7/21/12 7:00,6363.1961,39.2,2.05,313.6797,-0.77,-0.94,0.0822,2.49,-1.57,74.6419,2.4039,-2.92,3.81397
7/21/12 7:30,6364.7461,32.8,2.43,313.658,-0.69,-1.07,0.0655,3.09,-1.68,266.737,2.8579,-3.32,3.5840355
7/21/12 8:00,6366.2711,54.1,3.57,303.522,-1.36,-0.99,0.0404,6.02,-4.87,306.5072,5.2095,-2.96,4.3063818
7/21/12 8:30,6367.7461,43.3,4.23,293.4249,-1.4,-1.49,0.0392,8.65,-5.94,307.5609,6.8661,-4.32,3.4626347
7/21/12 9:00,6369.1961,46.9,4.735,293.4394,-1.3,-1.22,0.0343,8.44,-6.16,262.3988,5.9698,-3.53,3.9814731
7/21/12 9:30,6370.6461,54.4,5.216,293.4684,-1.22,-0.88,0.031,7.86,-6.39,223.3594,4.782,-2.54,2.9239475
7/21/12 10:00,6372.0961,63.6,5.603,293.4858,-1.3,-0.64,0.0256,8.12,-7.27,207.8375,4.0594,-1.87,3.7743878
7/21/12 10:30,6373.5461,60.1,6.288,293.4684,-0.83,-0.48,0.0182,6.06,-5.25,212.524,2.3173,-1.39,2.9137346
7/21/12 11:00,6374.9961,80.4,6.514,293.4684,-0.77,-0.13,0.0273,5.08,-5.01,71.6717,1.315,-0.38,3.2186214
7/21/12 11:30,6376.4461,90.7,6.386,293.4568,-1.01,0.01,0.0272,6.48,-6.48,32.5748,0.846,0.04,2.3198285
7/21/12 12:00,6377.8961,76.5,6.388,293.4191,-0.68,-0.16,0.0328,4.47,-4.34,0.0,0.0,-0.47,2.4933324
7/21/12 12:30,6379.3461,108.7,6.262,293.3872,-0.63,0.21,0.0314,4.15,-3.93,-18.7413,-0.5411,0.62,2.2622439
7/21/12 13:00,6380.7961,16.5,6.708,293.3002,-0.12,-0.41,0.022,2.9,-0.82,-82.5853,-0.75,-1.2,3.108876
7/21/12 13:30,6382.2461,14.0,6.647,293.2567,-0.08,-0.32,0.021,2.19,-0.53,-98.081,-0.8369,-0.93,3.1284363
7/21/12 14:00,6383.6961,10.5,6.353,293.2219,-0.13,-0.71,0.023,4.57,-0.83,-152.4845,-2.2871,-2.05,3.3377142
7/21/12 14:30,6385.1461,309.5,5.454,293.1581,0.42,-0.34,0.0331,2.94,2.27,-96.513,-1.7896,-0.99,1.5252995
7/21/12 15:00,6386.5961,278.4,4.938,293.1117,1.04,-0.15,0.04,5.18,5.13,-72.4905,-3.6663,-0.44,2.921351
7/21/12 15:30,6388.0461,298.4,4.948,293.1088,0.78,-0.42,0.0384,4.41,3.88,-75.0719,-3.5016,-1.23,2.1497289
7/21/12 16:00,6389.4961,303.3,4.4,293.0769,0.75,-0.49,0.0412,3.96,3.31,-44.596,-3.4257,-1.43,2.6607778
7/21/12 16:30,6390.9461,308.6,3.798,293.045,0.48,-0.38,0.0427,2.32,1.81,-26.7971,-2.1439,-1.11,1.7329618
7/21/12 17:00,6392.4211,333.6,3.448,303.099,0.22,-0.44,0.0398,1.68,0.75,-24.1443,-1.6186,-1.31,2.2303935
7/21/12 17:30,6393.9211,338.7,3.52,303.123,0.2,-0.51,0.0399,1.94,0.71,-15.2355,-1.9264,-1.54,2.8690748
7/21/12 18:00,6395.4211,34.5,3.372,303.168,-0.26,-0.38,0.0393,1.57,-0.89,-8.782,-1.5747,-1.15,4.2389305
7/21/12 18:30,6396.9211,73.4,4.07,303.204,-1.17,-0.35,0.0422,4.98,-4.77,-5.2765,-4.9391,-1.05,2.8553999
7/21/12 19:00,6398.4211,76.1,4.083,303.219,-1.33,-0.33,0.0495,5.58,-5.41,-1.5001,-5.3873,-0.98,3.7489421
7/21/12 19:30,6399.9211,70.5,3.828,303.282,-1.55,-0.55,0.0511,6.29,-5.93,0.0,-5.8071,-1.64,4.3077089
7/21/12 20:00,6401.4211,73.1,3.509,303.348,-1.58,-0.48,0.0561,5.79,-5.54,0.0,-5.0142,-1.44,3.9297162
7/21/12 20:30,6402.9211,75.3,3.033,303.441,-1.44,-0.38,0.0638,4.52,-4.37,0.0,-3.5829,-1.13,3.5910749
7/21/12 21:00,6404.4211,70.3,3.054,303.51,-1.74,-0.62,0.0682,5.64,-5.31,0.0,-3.9886,-1.87,3.9791651
7/21/12 21:30,6405.9211,74.8,2.886,303.465,-1.96,-0.53,0.0723,5.88,-5.67,0.0,-3.577,-1.6,4.7584036
7/21/12 22:00,6407.4211,72.6,2.993,303.45,-2.04,-0.64,0.0712,6.41,-6.11,0.0,-3.2025,-1.92,4.3919509
7/21/12 22:30,6408.9211,75.2,2.863,303.477,-1.95,-0.51,0.07,5.77,-5.57,0.0,-2.2066,-1.54,5.1590724
7/21/12 23:00,6410.4211,66.8,2.662,303.537,-1.51,-0.65,0.0699,4.36,-4.01,0.0,-1.1285,-1.94,3.8743819
7/21/12 23:30,6411.9211,61.5,2.686,303.498,-1.82,-0.99,0.0688,5.57,-4.9,0.0,-0.7275,-2.97,4.2209858
7/22/12 0:00,6413.4211,64.2,2.663,303.423,-1.92,-0.93,0.0688,5.68,-5.11,0.0,0.0,-2.78,4.8105644
7/22/12 0:30,6414.9211,72.4,2.545,303.357,-1.71,-0.54,0.0701,4.57,-4.36,0.0,0.5966,-1.63,3.0319619
7/22/12 1:00,6416.4211,70.1,2.564,303.297,-1.81,-0.66,0.0709,4.94,-4.64,0.0,1.2775,-1.97,3.770118
7/22/12 1:30,6417.9211,71.3,2.548,303.264,-1.9,-0.64,0.0718,5.11,-4.84,0.0,1.957,-1.93,4.2700308
7/22/12 2:00,6419.4211,77.3,2.561,303.27,-2.08,-0.47,0.0715,5.46,-5.33,0.0,2.7313,-1.41,2.202986
7/22/12 2:30,6420.9461,76.0,2.445,313.3945,-1.6,-0.4,0.0727,4.02,-3.9,0.0,2.4485,-1.23,4.2700308
7/22/12 3:00,6422.4961,77.0,2.405,313.4038,-1.5,-0.35,0.0718,3.7,-3.6,0.0,2.6155,-1.07,4.2700308
7/22/12 3:30,6424.0461,72.7,2.215,313.3976,-1.4,-0.44,0.0721,3.25,-3.11,0.0,2.5814,-1.35,4.1329933
7/22/12 4:00,6425.5961,73.1,2.134,313.4069,-1.29,-0.39,0.071,2.87,-2.74,0.0,2.4838,-1.21,3.3134802
7/22/12 4:30,6427.1711,64.5,2.042,323.5136,-1.13,-0.54,0.071,2.55,-2.31,0.0,2.3601,-1.72,4.2700308
7/22/12 5:00,6428.7711,63.5,2.204,323.5936,-1.37,-0.68,0.0692,3.37,-3.01,1.2509,3.253,-2.18,3.7583472
7/22/12 5:30,6430.3711,58.1,2.155,323.632,-1.21,-0.75,0.068,3.08,-2.61,5.8049,3.051,-2.41,3.7121295
7/22/12 6:00,6431.9711,59.6,2.151,323.6096,-1.27,-0.75,0.066,3.17,-2.74,22.395,3.1749,-2.39,2.8278193
7/22/12 6:30,6433.5711,57.6,2.321,323.6096,-1.16,-0.73,0.0602,3.18,-2.68,46.7972,3.148,-2.35,3.517969
7/22/12 7:00,6435.1711,63.8,2.537,323.6384,-1.33,-0.66,0.0522,3.76,-3.38,84.6393,3.6366,-2.1,3.2386433
7/22/12 7:30,6436.7711,59.5,2.656,323.728,-1.39,-0.82,0.0494,4.29,-3.7,85.7379,3.9629,-2.62,2.9426423
7/22/12 8:00,6438.3711,55.3,2.73,323.7344,-1.09,-0.76,0.0452,3.63,-2.98,134.9709,3.1397,-2.42,3.4956968
7/22/12 8:30,6439.9961,76.6,2.963,333.8445,-1.28,-0.31,0.0369,3.91,-3.8,184.4221,3.1029,-1.01,3.3202311
7/22/12 9:00,6441.6461,84.4,3.188,333.828,-1.3,-0.13,0.0331,4.17,-4.15,171.5087,2.9463,-0.42,3.0474255
7/22/12 9:30,6443.2961,77.8,3.324,333.8544,-1.07,-0.23,0.0341,3.65,-3.57,124.3785,2.2239,-0.77,3.1982533
7/22/12 10:00,6444.9461,72.9,3.253,333.9039,-0.6,-0.19,0.038,2.05,-1.96,63.3335,1.0247,-0.61,2.4490188
7/22/12 10:30,6446.5961,58.0,2.542,333.8907,-0.53,-0.33,0.0466,1.6,-1.35,70.4256,0.6109,-1.1,2.5229325
7/22/12 11:00,6448.2461,47.3,2.338,333.8709,-0.69,-0.64,0.049,2.21,-1.62,43.3359,0.5712,-2.11,3.4783868
7/22/12 11:30,6449.8961,58.1,2.764,333.8247,-1.06,-0.66,0.0405,3.44,-2.92,34.8822,0.4492,-2.17,3.7203229
7/22/12 12:00,6451.5711,76.1,3.042,343.8998,-0.83,-0.2,0.0327,2.59,-2.51,0.0,0.0,-0.69,3.9823386
7/22/12 12:30,6453.2711,65.7,3.448,343.8216,-1.11,-0.5,0.0275,4.21,-3.84,-33.2461,-0.5495,-1.71,3.4760788
7/22/12 13:00,6454.9711,85.8,3.322,343.7366,-1.22,-0.09,0.0292,4.06,-4.05,-68.05,-1.0507,-0.3,2.7565021
7/22/12 13:30,6456.6711,105.3,3.688,343.6278,-1.07,0.29,0.0245,4.09,-3.95,-115.0698,-1.5652,0.99,2.3058074
7/22/12 14:00,6458.3711,109.6,3.868,343.5768,-1.27,0.45,0.0255,5.21,-4.9,-124.1725,-2.6032,1.54,2.1361694
7/22/12 14:30,6460.0961,76.6,3.813,353.7135,-1.18,-0.28,0.0314,4.62,-4.5,-92.6511,-2.8133,-0.98,2.5714582
7/22/12 15:00,6461.8461,81.9,3.725,353.724,-1.56,-0.22,0.0328,5.88,-5.82,-145.4886,-4.1564,-0.78,3.7991411
7/22/12 15:30,6463.5961,91.7,3.733,353.7065,-1.49,0.04,0.0342,5.57,-5.57,-145.09,-4.4217,0.16,2.5759011
7/22/12 16:00,6465.3461,77.2,3.944,353.731,-1.14,-0.26,0.0329,4.63,-4.52,-92.6058,-4.0099,-0.91,4.0498476
7/22/12 16:30,6467.0961,76.4,3.786,353.64,-1.21,-0.29,0.034,4.69,-4.56,-74.9774,-4.3373,-1.02,2.0996453
7/22/12 17:00,6468.8461,69.6,3.372,353.619,-1.37,-0.51,0.042,4.94,-4.63,-49.3221,-4.7749,-1.79,3.9796267
7/22/12 17:30,6470.5961,75.0,3.084,353.682,-1.19,-0.32,0.0447,3.79,-3.66,-29.5203,-3.7578,-1.11,3.739537
7/22/12 18:00,6472.3461,76.6,3.171,353.71,-1.4,-0.33,0.043,4.57,-4.44,-27.631,-4.5662,-1.17,3.3257126
7/22/12 18:30,6474.0961,80.9,3.179,353.773,-1.36,-0.22,0.0414,4.39,-4.34,-25.3612,-4.3558,-0.77,2.1349
7/22/12 19:00,6475.8461,83.0,2.838,353.8115,-1.21,-0.15,0.0454,3.46,-3.43,-4.6123,-3.3416,-0.52,3.0091704
7/22/12 19:30,6477.5961,68.1,2.611,353.8955,-1.07,-0.43,0.0493,3.0,-2.78,0.0,-2.7693,-1.5,4.3045931
7/22/12 20:00,6479.3711,60.4,2.511,364.1868,-0.94,-0.53,0.0506,2.7,-2.35,0.0,-2.342,-1.92,4.3045931
7/22/12 20:30,6481.1711,64.5,2.18,364.284,-1.03,-0.49,0.0556,2.48,-2.24,0.0,-1.9647,-1.76,4.3077089
7/22/12 21:00,6482.9711,68.9,1.875,364.3524,-1.13,-0.44,0.059,2.27,-2.12,0.0,-1.6056,-1.57,4.2642031
7/22/12 21:30,6484.7711,78.5,1.773,364.3848,-0.94,-0.19,0.0581,1.7,-1.67,0.0,-1.0372,-0.69,4.2642031
7/22/12 22:00,6486.5711,76.0,1.699,364.3992,-0.9,-0.22,0.0563,1.57,-1.52,0.0,-0.7858,-0.81,4.2642031
7/22/12 22:30,6488.3961,63.4,1.795,374.5584,-1.03,-0.51,0.0527,2.06,-1.84,0.0,-0.7893,-1.9,3.7728299
7/22/12 23:00,6490.2461,56.5,1.757,374.5177,-0.6,-0.39,0.0488,1.26,-1.05,0.0,-0.3251,-1.46,4.2642031
7/22/12 23:30,6492.0961,58.8,2.009,374.4844,-0.9,-0.54,0.0421,2.11,-1.8,0.0,-0.2751,-2.01,3.4440553
7/23/12 0:00,6493.9461,98.1,1.787,374.4289,-0.13,0.02,0.0411,0.24,-0.24,0.0,0.0,0.07,4.3244419
7/23/12 0:30,6495.7961,268.3,1.453,374.2994,0.06,0.0,0.0413,0.08,0.08,0.0,0.0106,0.01,4.3244419
7/23/12 1:00,6497.6711,331.2,1.258,384.3548,0.15,-0.27,0.0389,0.39,0.19,0.0,0.1019,-1.04,4.3244419
7/23/12 1:30,6499.5711,342.3,0.95,384.2826,0.29,-0.9,0.0416,0.9,0.27,0.0,0.3439,-3.42,4.3077089
7/23/12 2:00,6501.4711,328.9,0.76,384.2332,0.38,-0.63,0.0419,0.56,0.29,0.0,0.2808,-2.4,4.3077089
7/23/12 2:30,6503.3961,338.1,0.703,394.29,0.32,-0.8,0.0419,0.61,0.23,0.0,0.371,-3.14,4.3077089
7/23/12 3:00,6505.3461,356.5,0.738,394.1925,0.06,-0.98,0.0436,0.72,0.04,0.0,0.5109,-3.81,4.2642031
7/23/12 3:30,6507.2961,347.7,0.768,394.1418,0.18,-0.83,0.0439,0.66,0.14,0.0,0.5197,-3.25,4.2642031
7/23/12 4:00,6509.2461,354.0,0.783,394.1067,0.06,-0.6,0.0436,0.47,0.05,0.0,0.4082,-2.33,4.2642031
7/23/12 4:30,6511.1961,358.5,0.805,394.1262,0.01,-0.47,0.0403,0.38,0.01,0.0,0.3533,-1.85,4.3077089
7/23/12 5:00,6513.1711,11.2,0.823,404.288,-0.07,-0.33,0.0369,0.28,-0.05,1.2895,0.2695,-1.33,4.3244419
7/23/12 5:30,6515.1711,335.8,0.852,404.352,0.07,-0.15,0.0329,0.14,0.06,16.2488,0.1385,-0.6,1.8301863
7/23/12 6:00,6517.1711,332.6,0.99,404.392,0.08,-0.16,0.0276,0.17,0.08,46.571,0.1742,-0.63,3.3172884
7/23/12 6:30,6519.1711,205.8,1.272,404.54,0.08,0.16,0.0198,0.23,0.1,66.4119,0.2232,0.64,3.3335598
7/23/12 7:00,6521.1461,84.1,1.672,394.4928,-0.41,-0.04,0.0094,0.69,-0.69,120.5804,0.6686,-0.17,1.9527988
7/23/12 7:30,6523.0961,9.6,2.349,394.5513,-0.1,-0.56,-0.0019,1.34,-0.22,153.9183,1.237,-2.19,2.4530578
7/23/12 8:00,6525.0461,3.4,2.942,394.5474,-0.04,-0.71,-0.0161,2.1,-0.12,348.0392,1.8166,-2.78,1.149961
7/23/12 8:30,6526.9961,359.1,3.979,394.5864,0.01,-0.5,-0.0389,1.98,0.03,352.0355,1.5689,-1.94,2.2161416
7/23/12 9:00,6528.9461,2.5,4.695,394.6215,-0.03,-0.62,-0.0536,2.89,-0.13,374.2504,2.045,-2.4,2.3498902
7/23/12 9:30,6530.8961,329.1,4.888,394.6215,0.46,-0.77,-0.0515,4.38,2.25,236.8679,2.6662,-3.0,2.8989057
7/23/12 10:00,6532.8461,356.2,5.463,394.5201,0.03,-0.44,-0.0589,2.39,0.16,376.931,1.1937,-1.7,1.9812449
7/23/12 10:30,6534.7961,315.7,6.39,394.407,0.65,-0.67,-0.0644,5.94,4.15,250.5911,2.2742,-2.6,2.5443392
7/23/12 11:00,6536.7461,334.1,7.295,394.29,0.35,-0.72,-0.0571,5.85,2.56,223.7573,1.5142,-2.81,2.2190266
7/23/12 11:30,6538.6961,320.4,8.252,394.1613,0.76,-0.92,-0.0557,9.9,6.31,127.3256,1.2925,-3.61,5.3792556
7/23/12 12:00,6540.6461,319.3,9.36,394.0716,0.47,-0.54,-0.0456,6.69,4.36,0.0,0.0,-2.11,4.0797939
7/23/12 12:30,6542.5961,250.0,10.468,393.9975,0.75,0.27,-0.0348,8.37,7.87,-124.7428,-1.0931,1.07,3.5244891
7/23/12 13:00,6544.5461,291.9,11.129,393.9312,1.03,-0.42,-0.0157,12.41,11.51,-176.9315,-3.2116,-1.62,3.7135143
7/23/12 13:30,6546.4961,95.3,10.346,393.9195,-0.74,0.07,0.01,7.69,-7.65,-34.9329,-2.9417,0.27,1.8218775
7/23/12 14:00,6548.4461,133.8,8.387,393.9546,-1.51,1.45,0.0332,17.6,-12.7,-28.354,-8.798,5.66,2.6990906
7/23/12 14:30,6550.3961,134.8,8.065,393.9468,-1.74,1.72,0.0227,19.74,-14.0,-83.3973,-12.0139,6.72,3.3478694
7/23/12 15:00,6552.3461,128.9,9.312,393.9312,-1.79,1.44,-0.0125,21.4,-16.65,-320.2727,-15.1314,5.63,3.1542859
7/23/12 15:30,6554.2961,125.5,11.084,393.9273,-1.8,1.29,-0.0322,24.57,-20.01,-368.9426,-19.4953,5.02,3.1444769
7/23/12 16:00,6556.2461,134.5,11.091,393.9312,-1.88,1.85,-0.0314,29.21,-20.84,-428.57,-25.2998,7.2,4.313075
7/23/12 16:30,6558.1961,128.2,11.405,393.9117,-1.89,1.49,-0.0325,27.49,-21.6,-358.0874,-25.3938,5.81,2.7121885
7/23/12 17:00,6560.1461,109.1,11.201,393.9156,-1.87,0.65,-0.0215,22.12,-20.9,-223.3819,-21.3682,2.52,5.3853141
7/23/12 17:30,6562.0961,88.8,11.52,393.9585,-1.77,-0.04,-0.0233,20.41,-20.41,-210.2022,-20.2388,-0.14,4.8276436
7/23/12 18:00,6564.0461,85.4,9.854,394.0872,-1.59,-0.13,-0.0124,15.71,-15.66,-95.325,-15.7073,-0.5,3.1765004
7/23/12 18:30,6565.9961,72.8,7.88,394.1496,-0.78,-0.24,0.0027,6.42,-6.13,-43.804,-6.3673,-0.94,3.9490457
7/23/12 19:00,6567.9461,62.7,5.825,394.2783,-0.93,-0.48,0.018,6.09,-5.41,-6.2582,-5.8797,-1.87,4.1587275
7/23/12 19:30,6569.8961,71.0,4.176,394.3134,-1.25,-0.43,0.0312,5.53,-5.23,0.0,-5.1082,-1.68,4.4952916
7/23/12 20:00,6571.8711,79.5,3.94,404.516,-1.64,-0.3,0.025,6.58,-6.47,0.0,-5.6983,-1.22,3.9140795
7/23/12 20:30,6573.8711,83.9,3.432,404.648,-0.91,-0.1,0.0258,3.14,-3.13,0.0,-2.4941,-0.39,4.0701003
7/23/12 21:00,6575.8711,91.7,2.9,404.764,-0.93,0.03,0.0303,2.71,-2.71,0.0,-1.9173,0.11,4.0445392
7/23/12 21:30,6577.8711,89.7,2.915,404.792,-1.34,-0.01,0.0281,3.89,-3.89,0.0,-2.3708,-0.03,3.9880509
7/23/12 22:00,6579.8711,85.2,2.828,404.788,-1.08,-0.09,0.0274,3.06,-3.05,0.0,-1.5299,-0.36,4.0665229
7/23/12 22:30,6581.8711,59.9,2.218,404.8,-0.69,-0.4,0.0371,1.77,-1.53,0.0,-0.6773,-1.6,4.5711094
7/23/12 23:00,6583.8711,56.6,1.789,404.852,-0.7,-0.46,0.0397,1.5,-1.25,0.0,-0.3876,-1.84,4.5547803
7/23/12 23:30,6585.8711,45.9,2.266,404.82,-0.76,-0.74,0.0251,2.4,-1.72,0.0,-0.3135,-2.95,4.2715887
7/24/12 0:00,6587.8711,48.2,2.067,404.7,-0.67,-0.6,0.0289,1.86,-1.39,0.0,0.0,-2.4,4.5711094
7/24/12 0:30,6589.8711,350.5,1.588,404.596,0.07,-0.44,0.0439,0.71,0.12,0.0,0.092,-1.75,4.1680749
7/24/12 1:00,6591.8711,340.1,1.144,404.492,0.15,-0.4,0.0559,0.49,0.17,0.0,0.1264,-1.61,4.2438927
7/24/12 1:30,6593.8961,340.7,0.961,414.4485,0.03,-0.09,0.0608,0.09,0.03,0.0,0.036,-0.38,4.2205242
7/24/12 2:00,6595.9461,29.3,0.817,414.3665,-0.09,-0.16,0.061,0.15,-0.07,0.0,0.076,-0.67,4.2919568
7/24/12 2:30,6597.9961,359.7,0.879,414.3337,0.0,-0.1,0.058,0.09,0.0,0.0,0.0519,-0.4,4.2919568
7/24/12 3:00,6600.0461,102.9,0.708,414.3296,-0.17,0.04,0.0692,0.12,-0.12,0.0,0.0851,0.16,4.264607
7/24/12 3:30,6602.0961,331.7,0.66,414.4034,0.08,-0.14,0.0709,0.11,0.05,0.0,0.0843,-0.58,4.3213261
7/24/12 4:00,6604.1461,81.7,0.63,414.5182,-0.39,-0.06,0.0749,0.25,-0.25,0.0,0.2155,-0.23,4.3658705
7/24/12 4:30,6606.1961,90.9,0.609,414.6043,-0.47,0.01,0.0726,0.28,-0.28,0.0,0.2628,0.03,4.4326871
7/24/12 5:00,6608.2461,316.6,0.586,414.5756,0.18,-0.19,0.0755,0.15,0.1,4.6828,0.146,-0.77,4.3927587
7/24/12 5:30,6610.2961,311.3,0.557,414.5838,0.24,-0.21,0.0698,0.18,0.13,44.966,0.1767,-0.87,3.3186155
7/24/12 6:00,6612.3711,309.8,0.592,424.8342,0.29,-0.25,0.0486,0.23,0.17,79.035,0.2267,-1.03,3.4071273
7/24/12 6:30,6614.4461,318.5,0.715,414.8011,0.24,-0.27,0.0338,0.26,0.17,97.9895,0.2545,-1.1,3.4078774
7/24/12 7:00,6616.4961,115.2,0.896,414.9405,-0.18,0.09,0.0238,0.18,-0.16,115.7643,0.1748,0.35,4.1891354
7/24/12 7:30,6618.5211,86.9,1.138,404.916,-0.32,-0.02,0.0099,0.37,-0.37,143.0951,0.3417,-0.07,2.8773259
7/24/12 8:00,6620.5211,241.2,1.817,404.904,0.09,0.05,-0.0085,0.19,0.16,205.4204,0.1605,0.2,1.2628222
7/24/12 8:30,6622.5211,290.1,2.593,404.872,0.71,-0.26,-0.0162,1.95,1.83,285.293,1.549,-1.04,0.43317698
7/24/12 9:00,6624.5211,290.9,3.71,404.844,0.66,-0.25,-0.0359,2.62,2.45,365.9476,1.8521,-1.01,1.6522395
7/24/12 9:30,6626.4961,296.8,5.3,394.7697,0.63,-0.32,-0.0534,3.74,3.34,304.3131,2.2779,-1.24,1.6645296
7/24/12 10:00,6628.4461,274.0,6.108,394.7658,0.59,-0.04,-0.0523,3.62,3.61,187.6805,1.811,-0.16,3.5186614
7/24/12 10:30,6630.3961,294.2,6.613,394.7112,0.55,-0.25,-0.0563,3.95,3.61,233.5693,1.5133,-0.96,1.6768774
7/24/12 11:00,6632.3461,296.7,7.51,394.6293,0.77,-0.39,-0.0643,6.5,5.8,180.9805,1.6813,-1.52,3.3381758
7/24/12 11:30,6634.2961,306.3,8.878,394.5708,0.76,-0.56,-0.064,8.41,6.78,81.5068,1.0974,-2.19,3.3965682
7/24/12 12:00,6636.2461,297.3,9.477,394.4967,0.96,-0.5,-0.0639,10.28,9.14,0.0,0.0,-1.94,3.0919699
7/24/12 12:30,6638.1961,303.9,8.974,394.4304,1.06,-0.71,-0.0532,11.43,9.49,-51.2525,-1.4923,-2.77,3.0854498
7/24/12 13:00,6640.1461,313.7,9.482,394.3641,0.73,-0.7,-0.0515,9.6,6.94,-104.301,-2.4836,-2.73,2.9863212
7/24/12 13:30,6642.0961,286.5,9.976,394.3446,0.6,-0.18,-0.0538,6.26,6.01,-121.0037,-2.3975,-0.7,2.9982074
7/24/12 14:00,6644.0461,269.0,9.801,394.2861,0.47,0.01,-0.0552,4.58,4.58,-142.66,-2.2885,0.03,3.3219044
7/24/12 14:30,6645.9711,217.0,10.778,384.142,0.24,0.32,-0.0676,4.3,2.59,-197.8974,-2.6179,1.21,2.1577492
7/24/12 15:00,6647.8711,224.0,10.403,384.123,0.33,0.34,-0.0626,4.94,3.43,-138.5144,-3.4941,1.3,3.2137169
7/24/12 15:30,6649.7711,221.3,9.568,384.0888,0.32,0.36,-0.056,4.58,3.02,-128.0798,-3.636,1.37,2.7345761
7/24/12 16:00,6651.6711,225.4,8.808,384.123,0.42,0.41,-0.0531,5.17,3.68,-120.2485,-4.4776,1.57,1.4770046
7/24/12 16:30,6653.5711,145.9,8.345,384.1078,-0.28,0.42,-0.0503,4.21,-2.36,-127.4076,-3.8857,1.59,4.0463279
7/24/12 17:00,6655.4711,167.5,8.469,384.0774,-0.05,0.24,-0.056,2.1,-0.45,-116.1139,-2.0287,0.92,3.6705855
7/24/12 17:30,6657.3711,1.9,8.815,384.0964,-0.01,-0.23,-0.0577,2.07,-0.07,-83.2546,-2.0538,-0.89,4.3783337
7/24/12 18:00,6659.2711,228.6,7.487,384.1496,0.2,0.18,-0.0512,2.01,1.51,-71.543,-2.0065,0.67,4.1000466
7/24/12 18:30,6661.1711,278.2,6.077,384.1724,0.07,-0.01,-0.045,0.4,0.4,-22.9054,-0.3977,-0.04,4.3137674
7/24/12 19:00,6663.0711,92.3,3.938,384.1952,-0.37,0.02,-0.0013,1.47,-1.47,-4.1912,-1.4226,0.06,4.4130114
7/24/12 19:30,6664.9711,141.5,3.06,384.2332,-0.43,0.54,0.0197,2.12,-1.32,0.0,-1.962,2.06,4.6031329
7/24/12 20:00,6666.8711,110.5,3.934,384.2978,-0.91,0.34,0.0024,3.81,-3.57,0.0,-3.2979,1.29,4.5682244
7/24/12 20:30,6668.7711,105.2,3.539,384.4194,-0.84,0.23,-0.0011,3.08,-2.97,0.0,-2.4427,0.87,4.5543187
7/24/12 21:00,6670.6711,102.3,3.31,384.484,-0.88,0.19,0.0021,2.97,-2.9,0.0,-2.1018,0.73,4.5909582
7/24/12 21:30,6672.5711,86.9,2.423,384.4688,-0.62,-0.03,0.0166,1.5,-1.5,0.0,-0.9145,-0.13,4.51791
7/24/12 22:00,6674.4711,91.3,2.549,384.4954,-0.69,0.02,0.02,1.76,-1.76,0.0,-0.8807,0.06,4.5218913
7/24/12 22:30,6676.3711,96.0,2.331,384.4688,-0.71,0.07,0.0247,1.66,-1.65,0.0,-0.6351,0.28,4.5397206
7/24/12 23:00,6678.2711,131.7,2.033,384.465,-0.41,0.37,0.029,1.13,-0.84,0.0,-0.2915,1.4,4.4922912
7/24/12 23:30,6680.1711,92.8,2.008,384.4308,-0.63,0.03,0.0232,1.27,-1.27,0.0,-0.1659,0.12,4.4922912
7/25/12 0:00,6682.0711,100.4,2.222,384.3586,-0.51,0.09,0.0141,1.14,-1.13,0.0,0.0,0.35,4.5788412
7/25/12 0:30,6683.9711,119.1,2.13,384.3168,-0.35,0.2,0.0131,0.86,-0.75,0.0,0.112,0.74,4.5229299
7/25/12 1:00,6685.8711,65.3,1.566,384.2636,-0.51,-0.24,0.0247,0.88,-0.8,0.0,0.2286,-0.9,4.5207373
7/25/12 1:30,6687.7711,71.3,1.383,384.2066,-0.35,-0.12,0.0308,0.51,-0.48,0.0,0.1948,-0.45,4.7877152
7/25/12 2:00,6689.6711,140.5,1.227,384.0964,-0.33,0.4,0.035,0.63,-0.4,0.0,0.3166,1.51,4.5540879
7/25/12 2:30,6691.5711,89.1,1.211,384.0204,-0.24,0.0,0.0303,0.29,-0.29,0.0,0.1762,-0.01,4.5540879
7/25/12 3:00,6693.4711,43.6,1.136,384.0166,-0.11,-0.11,0.0288,0.18,-0.12,0.0,0.1245,-0.43,4.5540879
7/25/12 3:30,6695.3711,133.7,0.931,384.0736,-0.33,0.31,0.0437,0.42,-0.31,0.0,0.3361,1.19,4.4473429
7/25/12 4:00,6697.2711,50.1,0.781,384.0774,-0.18,-0.15,0.0472,0.19,-0.14,0.0,0.1603,-0.58,4.2743583
7/25/12 4:30,6699.1711,133.8,0.708,384.123,-0.07,0.07,0.0444,0.07,-0.05,0.0,0.0674,0.27,4.2743583
7/25/12 5:00,6701.0711,333.6,0.683,384.2484,0.16,-0.32,0.0563,0.24,0.11,5.1455,0.2355,-1.22,4.1949054
7/25/12 5:30,6702.9711,159.6,0.625,384.2484,-0.09,0.25,0.0536,0.17,-0.06,32.0514,0.1636,0.94,3.4139359
7/25/12 6:00,6704.8711,140.4,0.609,384.2332,-0.14,0.17,0.0365,0.13,-0.08,56.982,0.1322,0.64,3.5026208
7/25/12 6:30,6706.7711,21.9,0.637,384.2598,-0.02,-0.05,0.0179,0.04,-0.01,93.5022,0.036,-0.2,3.5945946
7/25/12 7:00,6708.6461,348.8,0.765,374.2328,0.06,-0.31,-0.0115,0.24,0.05,329.5198,0.2328,-1.14,3.1151653
7/25/12 7:30,6710.4711,265.2,2.728,364.086,0.65,0.05,-0.0551,1.79,1.78,376.3137,1.6533,0.2,2.6562195
7/25/12 8:00,6712.2711,296.7,4.308,364.0464,0.5,-0.25,-0.0778,2.42,2.16,420.8295,2.093,-0.91,2.0731033
7/25/12 8:30,6714.0711,299.1,6.265,364.0068,0.99,-0.55,-0.0898,7.08,6.19,470.1261,5.6165,-1.98,3.7187073
7/25/12 9:00,6715.8461,297.8,7.911,353.836,0.87,-0.46,-0.0921,7.82,6.92,388.1854,5.5324,-1.61,3.8474937
7/25/12 9:30,6717.5961,274.3,9.557,353.8115,0.39,-0.03,-0.0963,3.71,3.7,381.4432,2.2574,-0.1,3.0999325
7/25/12 10:00,6719.3211,302.1,10.515,343.6346,0.29,-0.18,-0.0943,3.56,3.02,363.3875,1.7823,-0.61,5.2543928
7/25/12 10:30,6721.0211,97.2,11.195,343.6074,-0.49,0.06,-0.0914,5.51,-5.46,274.2424,2.1078,0.21,5.0992952
7/25/12 11:00,6722.7211,181.0,13.25,343.5496,0.01,0.34,-0.0945,4.45,0.08,172.7172,1.1523,1.14,3.2032732
7/25/12 11:30,6724.3961,181.5,14.807,333.3264,0.03,1.16,-0.1064,17.19,0.45,103.2324,2.2439,3.83,3.0598887
7/25/12 12:00,6726.0461,168.6,15.476,333.2274,-0.2,0.97,-0.0958,15.27,-3.02,0.0,0.0,3.19,3.575092
7/25/12 12:30,6727.6961,191.8,16.138,333.102,0.18,0.86,-0.0996,14.23,2.91,-82.2973,-1.8579,2.85,3.7400563
7/25/12 13:00,6729.3211,202.2,16.151,322.9216,0.33,0.8,-0.0964,14.0,5.29,-163.4108,-3.6242,2.57,3.7966023
7/25/12 13:30,6730.9211,176.2,17.581,322.8704,-0.02,0.35,-0.0901,6.24,-0.41,-186.1357,-2.3884,1.13,3.3936832
7/25/12 14:00,6732.5211,121.7,17.768,322.8224,-0.67,0.41,-0.0836,13.95,-11.87,-200.7625,-6.9739,1.32,4.5712248
7/25/12 14:30,6734.1211,120.5,18.136,322.768,-0.67,0.4,-0.0858,14.15,-12.19,-236.0448,-8.6116,1.27,4.3812187
7/25/12 15:00,6735.7211,143.2,17.345,322.7264,-0.53,0.71,-0.085,15.4,-9.23,-282.009,-10.8911,2.28,3.6565644
7/25/12 15:30,6737.3211,145.6,17.768,322.7264,-0.69,1.01,-0.0765,21.71,-12.27,-202.1171,-17.2257,3.23,4.510986
7/25/12 16:00,6738.8961,137.9,17.184,312.6288,-0.68,0.75,-0.0737,17.44,-11.69,-218.8108,-15.105,2.33,4.4175697
7/25/12 16:30,6740.4211,148.7,16.099,302.511,-0.55,0.9,-0.0808,17.02,-8.84,-199.3187,-15.7213,2.71,3.7941789
7/25/12 17:00,6741.9211,155.1,13.845,302.502,-0.75,1.62,-0.0679,24.69,-10.39,-115.7382,-23.8445,4.85,5.5269099
7/25/12 17:30,6743.4211,137.2,11.472,302.487,-1.38,1.5,-0.0526,23.38,-15.89,-57.485,-23.1799,4.49,3.3718726
7/25/12 18:00,6744.9211,140.1,10.578,302.487,-1.34,1.6,-0.0456,22.02,-14.13,-44.351,-22.0234,4.79,4.8267204
7/25/12 18:30,6746.4211,138.0,9.635,302.565,-1.04,1.15,-0.0313,14.93,-9.99,-19.2707,-14.8065,3.46,4.6058448
7/25/12 19:00,6747.9211,113.8,7.903,302.604,-0.98,0.43,-0.0231,8.47,-7.75,-2.267,-8.1833,1.3,4.4829438
7/25/12 19:30,6749.4211,117.2,7.622,302.616,-1.27,0.65,-0.023,10.91,-9.7,0.0,-10.0768,1.96,2.849803
7/25/12 20:00,6750.9211,116.5,6.708,302.622,-0.86,0.43,-0.0179,6.45,-5.77,0.0,-5.5827,1.29,4.5286422
7/25/12 20:30,6752.4211,125.2,5.84,302.655,-0.44,0.31,-0.015,3.12,-2.55,0.0,-2.4788,0.93,4.6220585
7/25/12 21:00,6753.9211,137.9,5.208,302.676,-0.57,0.63,-0.0136,4.44,-2.97,0.0,-3.1376,1.9,4.6419073
7/25/12 21:30,6755.4211,152.4,4.947,302.691,-0.44,0.85,-0.0135,4.72,-2.19,0.0,-2.876,2.54,4.6482543
7/25/12 22:00,6756.9211,150.1,4.726,302.619,-0.38,0.67,-0.0113,3.63,-1.81,0.0,-1.8171,2.0,4.6486005
7/25/12 22:30,6758.4211,114.7,4.933,302.628,-0.41,0.19,-0.0156,2.23,-2.03,0.0,-0.8552,0.57,4.644273
7/25/12 23:00,6759.9211,157.2,4.052,302.535,-0.42,1.0,-0.0067,4.38,-1.7,0.0,-1.1347,2.99,4.6485428
7/25/12 23:30,6761.4211,178.7,4.167,302.445,-0.02,0.96,-0.0122,4.0,-0.09,0.0,-0.5221,2.88,4.6485428
7/26/12 0:00,6762.9211,165.7,3.342,302.364,-0.2,0.78,-0.0044,2.7,-0.67,0.0,0.0,2.35,4.6244819
7/26/12 0:30,6764.4211,43.4,2.709,302.418,-0.45,-0.47,0.0,1.77,-1.22,0.0,0.2309,-1.42,4.6795854
7/26/12 1:00,6765.9211,67.3,2.487,302.409,-0.69,-0.29,0.0076,1.87,-1.73,0.0,0.4847,-0.87,4.7304768
7/26/12 1:30,6767.4211,56.5,2.336,302.343,-0.37,-0.24,0.0094,1.03,-0.86,0.0,0.3951,-0.73,4.725053
7/26/12 2:00,6768.9211,90.4,2.204,302.304,-0.33,0.0,0.0111,0.72,-0.72,0.0,0.3615,0.01,4.6554091
7/26/12 2:30,6770.4211,83.3,1.914,302.295,-0.49,-0.06,0.0155,0.95,-0.94,0.0,0.5756,-0.17,4.602152
7/26/12 3:00,6771.9211,84.4,1.916,302.25,-0.33,-0.03,0.0127,0.63,-0.63,0.0,0.4471,-0.1,4.602152
7/26/12 3:30,6773.4211,138.2,1.767,302.229,-0.2,0.22,0.0162,0.52,-0.35,0.0,0.4135,0.66,4.5928046
7/26/12 4:00,6774.9211,359.8,1.467,302.241,0.0,-0.15,0.0209,0.23,0.0,0.0,0.1969,-0.46,4.6069411
7/26/12 4:30,6776.4211,114.6,1.578,302.241,-0.42,0.19,0.0128,0.73,-0.66,0.0,0.6735,0.58,4.5928046
7/26/12 5:00,6777.9211,88.6,1.333,302.268,-0.15,0.0,0.0206,0.2,-0.2,4.7427,0.1906,-0.01,4.5716287
7/26/12 5:30,6779.4211,347.6,1.147,302.292,0.04,-0.2,0.0206,0.23,0.05,24.3767,0.232,-0.6,4.0152853
7/26/12 6:00,6780.9211,46.1,1.042,302.331,-0.18,-0.17,0.0158,0.26,-0.19,67.72,0.2605,-0.52,4.8961335
7/26/12 6:30,6782.4211,55.7,1.215,302.352,-0.3,-0.2,-0.0057,0.44,-0.36,131.9722,0.4361,-0.61,4.1448218
7/26/12 7:00,6783.8961,,2.176,292.2736,,,-0.0282,1.16,,231.2784,1.1245,,2.9763968
7/26/12 7:30,6785.3211,320.9,2.985,282.2652,0.1,-0.13,-0.0423,0.49,0.31,253.228,0.4523,-0.36,3.7791192
7/26/12 8:00,6786.7211,316.3,4.347,282.2624,0.18,-0.19,-0.063,1.15,0.8,308.1405,0.9976,-0.54,3.7809079
7/26/12 8:30,6788.1211,338.5,5.379,282.2512,0.11,-0.28,-0.0684,1.65,0.6,375.0514,1.3058,-0.8,1.9701088
7/26/12 9:00,6789.5211,316.7,6.4,282.254,0.33,-0.35,-0.0771,3.1,2.13,456.0443,2.1949,-0.99,3.9810115
7/26/12 9:30,6790.8961,241.0,8.11,272.1465,0.54,0.3,-0.0903,5.03,4.4,430.9629,3.061,0.81,3.4048193
7/26/12 10:00,6792.2461,201.8,10.409,272.0655,0.03,0.07,-0.0938,0.82,0.31,375.781,0.4112,0.2,4.4224165
7/26/12 10:30,6793.5711,96.1,12.059,261.9032,-0.53,0.06,-0.0919,6.49,-6.45,322.6955,2.4828,0.15,3.6143857
7/26/12 11:00,6794.8711,123.4,14.152,261.8408,-0.5,0.33,-0.0931,8.48,-7.08,191.7363,2.194,0.86,6.771095
7/26/12 11:30,6796.1711,91.9,15.552,261.7758,-0.72,0.02,-0.0986,11.28,-11.27,115.1109,1.4717,0.06,3.8109119
7/26/12 12:00,6797.4711,114.2,16.017,261.7368,-0.8,0.36,-0.0915,14.05,-12.81,0.0,0.0,0.93,5.3568103
7/26/12 12:30,6798.7461,118.9,17.647,251.6425,-0.56,0.31,-0.0953,11.36,-9.95,-112.7095,-1.4834,0.78,4.4789048
7/26/12 13:00,6799.9961,98.1,20.074,251.585,-0.94,0.13,-0.0871,19.13,-18.94,-226.2793,-4.9513,0.34,5.4207996
7/26/12 13:30,6801.2461,91.2,20.354,251.5225,-1.41,0.03,-0.0772,28.7,-28.69,-325.8882,-10.9827,0.07,7.729492
7/26/12 14:00,6802.4711,130.3,20.951,241.3896,-0.78,0.66,-0.0711,21.47,-16.38,-343.369,-10.7374,1.59,5.3842755
7/26/12 14:30,6803.6711,106.3,19.099,241.3488,-1.66,0.49,-0.0558,33.06,-31.73,-273.2493,-20.1259,1.17,4.8897865
7/26/12 15:00,6804.8711,96.6,17.457,241.2984,-1.93,0.22,-0.0625,33.97,-33.75,-282.8901,-24.0214,0.54,5.5756087
7/26/12 15:30,6806.0461,105.1,17.413,231.2328,-2.4,0.65,-0.0785,43.32,-41.83,-383.2991,-34.3709,1.49,7.644096
7/26/12 16:00,6807.1961,112.9,16.773,231.2305,-2.23,0.94,-0.0798,40.67,-37.47,-395.7684,-35.2252,2.17,7.946444
7/26/12 16:30,6808.3461,87.2,17.222,231.2144,-2.54,-0.12,-0.0815,43.88,-43.83,-324.4951,-40.5414,-0.29,5.2793192
7/26/12 17:00,6809.4961,75.1,16.574,231.2236,-2.56,-0.68,-0.0678,43.92,-42.44,-251.8777,-42.4245,-1.57,8.318609
7/26/12 17:30,6810.6461,95.9,15.199,231.2236,-2.19,0.23,-0.0653,33.5,-33.32,-170.1974,-33.212,0.52,6.38162
7/26/12 18:00,6811.7711,123.8,13.06,221.21,-2.41,1.61,-0.0556,37.86,-31.46,-60.083,-37.8609,3.55,5.1619574
7/26/12 18:30,6812.8711,132.5,11.217,221.287,-1.58,1.45,-0.037,24.06,-17.74,-31.3822,-23.8546,3.19,4.561762
7/26/12 19:00,6813.9711,141.4,10.653,221.3574,-1.04,1.31,-0.0219,17.8,-11.11,-2.8311,-17.1946,2.87,4.9693548
7/26/12 19:30,6815.0711,110.1,10.442,221.4102,-1.22,0.44,-0.0171,13.51,-12.69,0.0,-12.4834,0.98,5.1097389
7/26/12 20:00,6816.1711,86.8,9.829,221.4674,-1.08,-0.06,-0.0187,10.59,-10.57,0.0,-9.1676,-0.13,5.0984297
7/26/12 20:30,6817.2711,85.3,8.187,221.5004,-0.51,-0.04,-0.0137,4.22,-4.21,0.0,-3.3515,-0.09,4.824874
7/26/12 21:00,6818.3711,72.3,7.607,221.5224,-0.77,-0.25,-0.0098,6.15,-5.86,0.0,-4.3462,-0.54,4.798332
7/26/12 21:30,6819.4711,91.3,7.854,221.5312,-0.46,0.01,-0.0158,3.61,-3.61,0.0,-2.1994,0.02,4.8132763
7/26/12 22:00,6820.5961,133.5,6.599,231.6284,-0.53,0.5,-0.0093,4.8,-3.48,0.0,-2.402,1.15,4.8132763
7/26/12 22:30,6821.7461,107.1,5.862,231.6284,-0.51,0.16,-0.003,3.12,-2.99,0.0,-1.1957,0.36,4.8408569
7/26/12 23:00,6822.8961,101.3,4.387,231.6951,-0.78,0.15,0.0062,3.47,-3.4,0.0,-0.8981,0.36,4.7353813
7/26/12 23:30,6824.0461,98.2,3.662,231.6491,-1.23,0.18,0.0084,4.54,-4.5,0.0,-0.5932,0.41,4.7117243
7/27/12 0:00,6825.1961,85.9,2.851,231.6169,-1.31,-0.09,0.0092,3.75,-3.75,0.0,0.0,-0.22,4.7466328
7/27/12 0:30,6826.3461,86.7,2.35,231.5525,-1.2,-0.07,0.0143,2.81,-2.81,0.0,0.3672,-0.16,4.7631927
7/27/12 1:00,6827.4961,114.7,1.996,231.5226,-0.79,0.36,0.0216,1.74,-1.58,0.0,0.4494,0.84,4.698511
7/27/12 1:30,6828.6461,105.3,1.664,231.4904,-0.51,0.14,0.022,0.87,-0.84,0.0,0.3343,0.32,4.6361373
7/27/12 2:00,6829.7961,144.8,1.59,231.472,-0.05,0.08,0.0247,0.15,-0.09,0.0,0.0747,0.18,4.6361373
7/27/12 2:30,6830.9461,41.4,1.465,231.4743,-0.38,-0.43,0.0413,0.84,-0.55,0.0,0.5083,-0.98,4.6483697
7/27/12 3:00,6832.0961,68.2,1.604,231.5088,-0.58,-0.23,0.0423,1.0,-0.93,0.0,0.7077,-0.53,4.6187696
7/27/12 3:30,6833.2461,76.3,1.478,231.5295,-0.46,-0.11,0.0387,0.69,-0.67,0.0,0.5511,-0.26,4.6187696
7/27/12 4:00,6834.3961,243.7,1.373,231.5502,0.07,0.03,0.0338,0.1,0.09,0.0,0.0892,0.08,4.6187696
7/27/12 4:30,6835.5461,27.1,1.216,231.5962,-0.22,-0.42,0.0389,0.58,-0.26,0.0,0.5348,-0.97,4.4461889
7/27/12 5:00,6836.6961,358.5,1.013,231.679,0.02,-0.73,0.0388,0.74,0.02,2.4081,0.7153,-1.68,4.4112227
7/27/12 5:30,6837.8461,122.6,1.011,231.6928,-0.08,0.05,0.031,0.1,-0.08,30.4374,0.0952,0.12,4.0152853
7/27/12 6:00,6839.0211,176.0,0.981,241.7856,-0.01,0.14,0.0241,0.14,-0.01,55.809,0.1393,0.34,4.6348679
7/27/12 6:30,6840.2211,300.4,1.123,241.8528,0.23,-0.13,0.0156,0.3,0.25,76.598,0.2928,-0.32,4.8961335
7/27/12 7:00,6841.3961,146.4,1.826,231.8009,-0.07,0.1,-0.0036,0.22,-0.12,249.7198,0.2152,0.23,3.3141726
7/27/12 7:30,6842.5461,221.0,3.716,231.8607,0.07,0.08,-0.0291,0.4,0.26,343.9557,0.3708,0.19,4.6013442
7/27/12 8:00,6843.6961,244.6,5.109,231.8837,0.14,0.07,-0.0453,0.78,0.71,436.9133,0.677,0.15,3.7174956
7/27/12 8:30,6844.8461,286.6,7.977,231.8538,0.4,-0.12,-0.0621,3.31,3.17,476.6245,2.6264,-0.27,4.0804863
7/27/12 9:00,6845.9711,,10.584,221.7446,,,-0.0768,6.15,,470.5916,4.3482,,4.6759503
7/27/12 9:30,6847.0711,,12.207,221.716,,,-0.0891,6.71,,442.4423,4.0871,,6.140434
7/27/12 10:00,6848.1461,293.7,12.062,211.6107,0.33,-0.15,-0.0803,4.38,4.01,391.5735,2.1893,-0.31,2.7485395
7/27/12 10:30,6849.1711,230.0,13.663,201.494,0.48,0.41,-0.0784,8.62,6.6,322.65,3.2992,0.81,4.3679477
7/27/12 11:00,6850.1461,235.6,15.41,191.3775,0.29,0.2,-0.0718,5.39,4.45,229.8021,1.3959,0.38,5.0002243
7/27/12 11:30,6851.0961,249.6,18.119,191.3528,0.65,0.24,-0.0839,12.65,11.85,119.3359,1.6508,0.46,5.3053419
7/27/12 12:00,6852.0461,261.6,18.326,191.2806,0.58,0.09,-0.0854,10.78,10.66,0.0,0.0,0.16,3.5366061
7/27/12 12:30,6852.9711,240.7,19.366,181.152,0.38,0.21,-0.0876,8.46,7.38,-117.9864,-1.1046,0.38,6.202173
7/27/12 13:00,6853.8711,233.5,20.328,181.0944,0.65,0.48,-0.0906,16.34,13.14,-225.4881,-4.2301,0.86,7.723145
7/27/12 13:30,6854.7461,202.4,19.423,170.9945,0.25,0.61,-0.086,12.88,4.91,-323.0912,-4.928,1.04,5.4167606
7/27/12 14:00,6855.5961,212.4,20.954,170.969,0.6,0.94,-0.0865,23.45,12.56,-396.938,-11.7238,1.61,6.023303
7/27/12 14:30,6856.4461,216.9,20.912,170.9163,0.65,0.86,-0.0834,22.58,13.56,-435.4507,-13.7489,1.47,4.4142808
7/27/12 15:00,6857.2711,158.4,19.827,160.8336,-0.51,1.28,-0.0826,27.24,-10.03,-467.9025,-19.2632,2.04,5.540354
7/27/12 15:30,6858.0711,150.5,19.198,160.7984,-1.03,1.82,-0.0776,40.12,-19.76,-409.0276,-31.8324,2.91,8.004144
7/27/12 16:00,6858.8711,175.0,21.044,160.7968,-0.19,2.12,-0.0877,44.82,-3.91,-387.6607,-38.8185,3.4,5.2692794
7/27/12 16:30,6859.6461,190.6,20.831,150.753,0.45,2.42,-0.0917,51.22,9.42,-344.5516,-47.3243,3.63,4.1752874
7/27/12 17:00,6860.3961,188.3,17.142,150.7575,0.41,2.78,-0.0697,48.1,6.94,-163.8655,-46.4615,4.16,5.5371805
7/27/12 17:30,6861.1461,171.1,16.017,150.774,-0.35,2.22,-0.0595,35.97,-5.57,-161.7959,-35.6664,3.33,6.366618
7/27/12 18:00,6861.8961,170.4,14.634,150.8145,-0.38,2.26,-0.052,33.57,-5.6,-88.985,-33.5704,3.39,4.0235364
7/27/12 18:30,6862.6461,177.7,11.297,150.8565,-0.07,1.75,-0.0315,19.78,-0.79,-39.4704,-19.6118,2.62,3.5264509
7/27/12 19:00,6863.3961,191.5,9.474,150.8835,0.34,1.65,-0.0194,15.94,3.18,-4.1709,-15.4014,2.47,3.8889223
7/27/12 19:30,6864.1461,168.7,8.122,150.915,-0.29,1.47,-0.0007,12.19,-2.39,0.0,-11.2631,2.21,2.7593294
7/27/12 20:00,6864.8961,162.2,7.198,150.933,-0.53,1.64,0.0079,12.37,-3.78,0.0,-10.7156,2.46,4.9716628
7/27/12 20:30,6865.6461,163.0,7.431,150.9855,-0.55,1.81,0.0087,14.06,-4.11,0.0,-11.1541,2.71,4.8212966
7/27/12 21:00,6866.3961,157.5,5.232,151.0305,-0.58,1.41,0.0178,7.98,-3.06,0.0,-5.6456,2.11,4.7353813
7/27/12 21:30,6867.1461,159.0,4.385,151.053,-0.59,1.53,0.0144,7.18,-2.57,0.0,-4.3725,2.29,4.5234492
7/27/12 22:00,6867.8961,153.6,4.136,151.038,-0.56,1.13,0.015,5.22,-2.32,0.0,-2.6077,1.69,4.1155102
7/27/12 22:30,6868.6711,147.9,4.031,161.0944,-0.71,1.14,0.017,5.41,-2.88,0.0,-2.0717,1.82,4.7957355
7/27/12 23:00,6869.4461,147.9,3.838,151.038,-0.76,1.21,0.0157,5.47,-2.91,0.0,-1.4165,1.81,2.5726699
7/27/12 23:30,6870.2211,146.3,3.637,161.1216,-0.6,0.9,0.0152,3.95,-2.19,0.0,-0.5156,1.45,2.5756703
7/28/12 0:00,6871.0211,143.7,3.361,161.1216,-0.62,0.84,0.0164,3.52,-2.08,0.0,0.0,1.35,4.8539548
7/28/12 0:30,6871.8211,119.0,3.083,161.1008,-0.74,0.41,0.0185,2.62,-2.29,0.0,0.3425,0.66,4.9064618
7/28/12 1:00,6872.6211,103.1,2.703,161.0912,-0.66,0.15,0.0243,1.83,-1.78,0.0,0.4736,0.25,4.9064618
7/28/12 1:30,6873.4211,76.0,2.325,161.0816,-0.68,-0.17,0.0307,1.63,-1.58,0.0,0.6219,-0.27,4.9098661
7/28/12 2:00,6874.2211,105.3,2.158,161.0528,-0.85,0.23,0.0325,1.91,-1.84,0.0,0.956,0.37,4.8586862
7/28/12 2:30,6875.0461,93.1,2.193,171.1067,-0.85,0.05,0.0286,1.86,-1.86,0.0,1.1334,0.08,4.8586862
7/28/12 3:00,6875.8961,68.7,1.994,171.156,-0.54,-0.21,0.0325,1.16,-1.08,0.0,0.8206,-0.36,4.8798621
7/28/12 3:30,6876.7461,92.1,1.955,171.1645,-0.75,0.03,0.0347,1.47,-1.47,0.0,1.1679,0.05,4.8591478
7/28/12 4:00,6877.5961,77.5,2.155,171.173,-0.45,-0.1,0.0309,1.0,-0.98,0.0,0.8697,-0.17,4.8591478
7/28/12 4:30,6878.4461,71.4,1.814,171.2053,-0.24,-0.08,0.0374,0.45,-0.43,0.0,0.419,-0.14,4.8092373
7/28/12 5:00,6879.2961,92.7,1.623,171.2223,-0.39,0.02,0.0398,0.63,-0.63,3.1103,0.6051,0.03,4.8111414
7/28/12 5:30,6880.1461,122.9,1.671,171.224,-0.7,0.46,0.0326,1.4,-1.18,42.9365,1.3883,0.77,4.4671917
7/28/12 6:00,6880.9961,34.1,2.224,171.2614,-0.28,-0.42,0.0115,1.13,-0.63,103.228,1.1253,-0.71,4.6279439
7/28/12 6:30,6881.8461,101.4,2.998,171.3022,-0.95,0.19,-0.0085,2.91,-2.86,187.9452,2.8891,0.33,3.4849069
7/28/12 7:00,6882.6711,111.9,3.77,161.2512,-0.39,0.16,-0.0235,1.59,-1.48,290.167,1.5404,0.25,4.0027644
7/28/12 7:30,6883.4711,235.6,4.448,161.248,0.18,0.13,-0.0356,0.99,0.81,361.5076,0.9123,0.2,2.9699921
7/28/12 8:00,6884.2711,328.7,5.162,161.2416,0.2,-0.33,-0.0399,2.0,1.04,429.7902,1.7345,-0.53,3.9067516
7/28/12 8:30,6885.0711,334.9,5.749,161.2304,0.08,-0.17,-0.0486,1.11,0.47,454.2186,0.8803,-0.28,4.5853613
7/28/12 9:00,6885.8961,257.8,6.899,171.2733,0.52,0.11,-0.0569,3.7,3.61,462.8728,2.6148,0.19,2.9248707
7/28/12 9:30,6886.7461,285.3,7.716,171.2801,0.72,-0.2,-0.0602,5.76,5.56,451.2724,3.5088,-0.34,4.6084413
7/28/12 10:00,6887.6211,291.2,9.148,181.341,0.57,-0.22,-0.0606,5.59,5.21,391.9455,2.7947,-0.4,2.6027316
7/28/12 10:30,6888.5211,221.5,11.241,181.305,0.27,0.3,-0.0675,4.54,3.01,318.902,1.7379,0.54,5.0822737
7/28/12 11:00,6889.4211,257.2,12.271,181.2474,0.35,0.08,-0.0621,4.36,4.25,225.9951,1.1275,0.14,6.767633
7/28/12 11:30,6890.3211,257.8,13.857,181.1988,0.48,0.1,-0.0665,6.75,6.6,117.114,0.8808,0.19,5.847895
7/28/12 12:00,6891.2461,244.1,14.832,191.2046,0.65,0.32,-0.0676,10.78,9.7,0.0,0.0,0.6,4.8484156
7/28/12 12:30,6892.1961,217.0,17.068,191.1438,0.67,0.89,-0.0709,18.98,11.42,-113.2721,-2.4773,1.69,8.322071
7/28/12 13:00,6893.1711,225.6,18.902,201.152,0.98,0.96,-0.0654,25.97,18.56,-222.9843,-6.7219,1.92,5.792503
7/28/12 13:30,6894.1711,208.4,21.267,201.09,0.66,1.22,-0.0689,29.6,14.08,-320.1484,-11.3288,2.45,6.925154
7/28/12 14:00,6895.1961,191.3,20.989,211.0857,0.32,1.58,-0.072,33.92,6.65,-401.1495,-16.9591,3.33,6.00657
7/28/12 14:30,6896.2461,200.2,18.321,211.0416,0.89,2.42,-0.0551,47.3,16.33,-464.5337,-28.7974,5.09,5.7165698
7/28/12 15:00,6897.3211,191.7,17.64,221.0868,0.6,2.88,-0.0467,51.84,10.51,-456.0832,-36.6592,6.33,4.8420109
7/28/12 15:30,6898.4211,182.8,17.15,221.0758,0.16,3.28,-0.0379,56.35,2.75,-429.2875,-44.7093,7.22,6.996702
7/28/12 16:00,6899.5461,190.0,16.091,231.0971,0.55,3.14,-0.0364,51.38,8.92,-404.6426,-44.4951,7.23,5.528814
7/28/12 16:30,6900.6961,199.7,15.424,231.081,1.09,3.04,-0.0298,49.8,16.79,-351.1657,-46.013,6.99,6.298532
7/28/12 17:00,6901.8711,194.1,15.081,241.0248,0.85,3.37,-0.024,52.39,12.76,-266.6612,-50.6062,8.09,6.514907
7/28/12 17:30,6903.0711,192.2,13.987,241.0392,0.57,2.61,-0.0168,37.4,7.9,-160.622,-37.0813,6.27,6.156013
7/28/12 18:00,6904.2961,159.4,12.538,251.29,-0.75,1.99,-0.01,26.67,-9.38,-115.781,-26.6683,4.98,5.5763011
7/28/12 18:30,6905.5711,173.3,10.604,261.2246,-0.32,2.75,0.008,29.39,-3.43,-51.4272,-29.1428,7.16,3.6784327
7/28/12 19:00,6906.8961,160.5,8.572,271.4499,-0.76,2.15,0.0262,19.54,-6.52,-9.5955,-18.8699,5.8,4.9726437
7/28/12 19:30,6908.2461,152.4,6.883,271.4148,-0.99,1.89,0.0426,14.69,-6.81,0.0,-13.5702,5.11,6.311226
7/28/12 20:00,6909.5961,162.2,5.925,271.6119,-0.54,1.68,0.0471,10.48,-3.2,0.0,-9.072,4.55,4.6829897
7/28/12 20:30,6910.9711,129.2,5.376,281.7556,-0.84,0.68,0.0467,5.82,-4.51,0.0,-4.6148,1.91,5.0536545
7/28/12 21:00,6912.3961,42.4,5.197,291.8473,-0.62,-0.68,0.0435,4.78,-3.22,0.0,-3.3808,-1.97,5.0536545
7/28/12 21:30,6913.8461,124.3,4.654,291.9053,-0.62,0.42,0.0467,3.5,-2.89,0.0,-2.1277,1.23,5.0145339
7/28/12 22:00,6915.3211,267.5,3.992,302.022,0.07,0.0,0.0489,0.28,0.28,0.0,-0.1377,0.01,4.9918578
7/28/12 22:30,6916.8211,339.7,3.786,302.169,0.55,-1.49,0.0791,6.03,2.09,0.0,-2.308,-4.48,2.3023454
7/28/12 23:00,6918.3461,39.2,3.78,312.1266,-0.9,-1.1,0.0803,5.36,-3.39,0.0,-1.3873,-3.41,4.750441
7/28/12 23:30,6919.9211,90.4,3.103,322.112,-0.54,0.0,0.0808,1.69,-1.69,0.0,-0.2203,0.01,5.0118797
7/29/12 0:00,6921.5461,125.7,2.473,332.1153,-0.39,0.28,0.0767,1.19,-0.97,0.0,0.0,0.93,5.0332287
7/29/12 0:30,6923.2211,326.3,2.813,342.0842,0.06,-0.09,0.0639,0.32,0.17,0.0,0.0411,-0.32,5.0024169
7/29/12 1:00,6924.9461,327.4,2.243,352.142,0.25,-0.39,0.0542,1.04,0.56,0.0,0.2682,-1.36,5.041249
7/29/12 1:30,6926.6961,307.0,2.646,352.121,0.64,-0.48,0.069,2.11,1.69,0.0,0.808,-1.68,5.0301706
7/29/12 2:00,6928.4711,298.5,2.74,362.0988,0.05,-0.03,0.0617,0.16,0.14,0.0,0.0808,-0.1,5.0530198
7/29/12 2:30,6930.2961,130.4,2.004,372.1238,-0.47,0.4,0.0746,1.25,-0.95,0.0,0.7588,1.49,4.9300034
7/29/12 3:00,6932.1711,272.0,1.776,382.2724,0.56,-0.02,0.0778,0.99,0.99,0.0,0.7007,-0.07,4.9481789
7/29/12 3:30,6934.1211,254.7,2.213,402.4,0.4,0.11,0.0692,0.92,0.89,0.0,0.7304,0.44,4.9511793
7/29/12 4:00,6936.1461,345.7,2.239,412.4272,0.05,-0.19,0.0701,0.44,0.11,0.0,0.382,-0.78,4.9694125
7/29/12 4:30,6938.2211,77.9,1.569,422.5074,-0.27,-0.06,0.0791,0.43,-0.42,0.0,0.4015,-0.24,4.8092373
7/29/12 5:00,6940.3211,17.8,1.495,422.646,-0.12,-0.37,0.075,0.58,-0.18,1.0248,0.5632,-1.56,4.8538394
7/29/12 5:30,6942.4461,145.9,1.51,432.7047,-0.27,0.4,0.075,0.73,-0.41,17.1173,0.7201,1.71,2.9956686
7/29/12 6:00,6944.6211,288.6,1.595,442.772,0.34,-0.11,0.0594,0.57,0.54,50.4,0.5726,-0.5,4.4671917
7/29/12 6:30,6946.8211,315.1,2.103,442.838,0.32,-0.32,0.0426,0.95,0.67,132.8477,0.9403,-1.41,3.4656351
7/29/12 7:00,6949.0461,277.2,4.743,452.9295,0.24,-0.03,0.0133,1.12,1.12,247.7532,1.0858,-0.13,-0.00652587
7/29/12 7:30,6951.2711,288.9,5.848,442.9304,0.6,-0.21,-0.0127,3.73,3.53,347.849,3.447,-0.91,1.7579459
7/29/12 8:00,6953.4711,297.3,7.094,442.9304,0.68,-0.35,-0.0287,5.45,4.84,404.097,4.7183,-1.55,4.3059202
7/29/12 8:30,6955.6961,295.9,7.859,452.9835,0.81,-0.39,-0.0372,7.06,6.35,446.4429,5.599,-1.77,5.3789671
7/29/12 9:00,6957.9461,275.6,8.786,453.006,0.28,-0.03,-0.0518,2.48,2.47,445.9616,1.752,-0.12,5.1142395
7/29/12 9:30,6960.1961,224.4,10.307,453.0105,0.3,0.3,-0.0612,4.35,3.04,469.1097,2.6478,1.36,4.6821819
7/29/12 10:00,6962.4461,347.1,10.399,452.997,0.12,-0.54,-0.053,5.76,1.29,377.2215,2.8805,-2.43,4.6959722
7/29/12 10:30,6964.7211,184.1,12.464,463.0084,0.06,0.83,-0.0732,10.39,0.74,330.849,3.978,3.83,5.195308
7/29/12 11:00,6967.0211,204.7,13.811,462.9072,0.28,0.6,-0.0725,9.16,3.83,230.8459,2.3699,2.77,6.969006
7/29/12 11:30,6969.3211,213.0,14.856,462.783,0.79,1.22,-0.0808,21.67,11.8,121.163,2.8291,5.63,7.012858
7/29/12 12:00,6971.6211,198.1,15.304,462.6634,0.45,1.38,-0.0788,22.3,6.93,0.0,0.0,6.37,5.883669
7/29/12 12:30,6973.9461,197.7,15.591,472.585,0.51,1.58,-0.0662,25.91,7.88,-119.5115,-3.3822,7.44,7.454263
7/29/12 13:00,6976.2961,194.2,15.969,472.491,0.53,2.1,-0.0552,34.6,8.49,-223.0795,-8.9564,9.87,6.813793
7/29/12 13:30,6978.6711,185.1,16.658,482.4624,0.22,2.49,-0.0433,41.56,3.69,-294.3628,-15.905,11.93,7.605437
7/29/12 14:00,6981.0711,183.9,17.319,482.3664,0.22,3.21,-0.0308,55.8,3.8,-357.8155,-27.9009,15.43,6.818986
7/29/12 14:30,6983.4711,183.0,17.672,482.2608,0.19,3.54,-0.0294,62.58,3.28,-444.2467,-38.0942,16.97,6.91823
7/29/12 15:00,6985.8711,186.6,17.432,482.2464,0.35,3.02,-0.0286,53.06,6.1,-497.2658,-37.5212,14.51,6.581839
7/29/12 15:30,6988.2711,185.9,16.627,482.232,0.33,3.2,-0.0245,53.46,5.49,-470.9695,-42.4093,15.35,5.6235574
7/29/12 16:00,6990.6711,186.3,16.058,482.2704,0.3,2.76,-0.0254,44.63,4.9,-417.4468,-38.6465,13.26,7.712182
7/29/12 16:30,6993.0711,185.1,15.195,482.2752,0.28,3.15,-0.0128,48.03,4.27,-333.8984,-44.3752,15.11,6.569145
7/29/12 17:00,6995.4961,180.5,15.151,492.4108,0.03,3.13,-0.0145,47.48,0.41,-294.5011,-45.8653,15.36,5.3299221
7/29/12 17:30,6997.9461,175.3,12.956,492.4451,-0.24,2.98,0.002,38.73,-3.17,-164.5313,-38.3942,14.6,5.744035
7/29/12 18:00,7000.4211,172.4,11.486,502.575,-0.42,3.15,0.0195,36.49,-4.83,-56.336,-36.491,15.75,5.4056245
7/29/12 18:30,7002.9211,178.5,10.99,502.735,-0.07,2.56,0.0257,28.12,-0.74,-22.0507,-27.8828,12.79,4.9718359
7/29/12 19:00,7005.4461,183.3,11.095,512.7999,0.18,3.18,0.0254,35.38,2.04,-2.3327,-34.1763,16.24,3.4276685
7/29/12 19:30,7007.9961,174.2,10.757,512.9172,-0.28,2.78,0.0251,30.01,-3.03,0.0,-27.7275,14.16,4.8339329
7/29/12 20:00,7010.5711,179.3,10.615,523.1044,-0.03,2.68,0.0193,28.43,-0.35,0.0,-24.6185,13.92,5.4193571
7/29/12 20:30,7013.1711,179.7,9.738,523.354,-0.01,1.9,0.0212,18.51,-0.1,0.0,-14.6865,9.89,4.2958804
7/29/12 21:00,7015.7711,159.2,8.982,523.5464,-0.58,1.52,0.0266,14.61,-5.19,0.0,-10.3335,7.91,5.1674389
7/29/12 21:30,7018.3961,162.8,8.626,533.6941,-0.5,1.61,0.029,14.54,-4.3,0.0,-8.8535,8.54,5.261663
7/29/12 22:00,7021.0461,157.6,8.093,533.7895,-0.64,1.55,0.0328,13.57,-5.17,0.0,-6.786,8.22,4.0080728
7/29/12 22:30,7023.6961,154.6,7.204,533.6464,-0.87,1.83,0.035,14.6,-6.26,0.0,-5.5854,9.7,5.92579
7/29/12 23:00,7026.3461,165.2,6.091,533.6517,-0.47,1.79,0.0361,11.28,-2.88,0.0,-2.9196,9.49,5.3103041
7/29/12 23:30,7028.9961,166.3,5.568,533.604,-0.49,2.03,0.0292,11.63,-2.75,0.0,-1.5182,10.76,5.4381096
7/30/12 0:00,7031.6461,167.3,5.315,533.5139,-0.52,2.31,0.0251,12.58,-2.77,0.0,0.0,12.24,5.6074014
7/30/12 0:30,7034.2961,170.7,5.15,533.5298,-0.33,2.01,0.0207,10.48,-1.69,0.0,1.3679,10.64,4.7144362
7/30/12 1:00,7036.9461,184.7,5.186,533.4344,0.17,2.05,0.0208,10.69,0.88,0.0,2.7663,10.89,3.39853
7/30/12 1:30,7039.5961,171.4,4.617,533.2807,-0.28,1.87,0.022,8.72,-1.3,0.0,3.3376,9.9,4.4015868
7/30/12 2:00,7042.2461,172.7,4.642,533.2118,-0.23,1.81,0.018,8.48,-1.08,0.0,4.2405,9.6,4.0697541
7/30/12 2:30,7044.8961,189.7,4.733,533.233,0.38,2.21,0.0102,10.61,1.79,0.0,6.4569,11.71,4.7444979
7/30/12 3:00,7047.5461,181.7,4.654,533.2754,0.06,2.11,0.0075,9.84,0.29,0.0,6.9569,11.2,4.856609
7/30/12 3:30,7050.1961,174.3,4.309,533.3443,-0.15,1.53,0.0091,6.61,-0.66,0.0,5.2441,8.09,2.8746717
7/30/12 4:00,7052.8711,157.9,4.196,543.537,-0.57,1.4,0.0092,6.35,-2.39,0.0,5.5016,7.57,4.3813341
7/30/12 4:30,7055.5711,165.2,3.891,543.6666,-0.38,1.42,0.0107,5.73,-1.46,0.0,5.2916,7.69,5.0708491
7/30/12 5:00,7058.2711,166.4,3.142,543.6774,-0.37,1.52,0.0233,4.92,-1.16,2.5075,4.7557,8.22,2.8164524
7/30/12 5:30,7060.9711,167.7,3.014,543.6936,-0.3,1.38,0.0244,4.26,-0.91,37.1147,4.2283,7.47,5.0200154
7/30/12 6:00,7063.6711,172.1,3.621,543.6666,-0.21,1.49,0.0094,5.45,-0.75,103.977,5.4496,8.05,3.6616997
7/30/12 6:30,7066.3711,187.3,4.455,543.7692,0.23,1.81,-0.009,8.11,1.03,187.6171,8.0432,9.75,4.1285504
7/30/12 7:00,7069.0711,198.3,5.345,543.8124,0.51,1.53,-0.0273,8.63,2.71,269.8826,8.3329,8.27,3.9525654
7/30/12 7:30,7071.7711,200.5,6.847,543.9096,0.64,1.7,-0.0464,12.44,4.36,349.8843,11.494,9.19,3.6893957
7/30/12 8:00,7074.4711,200.3,8.178,543.9096,0.5,1.35,-0.0648,11.76,4.08,425.357,10.1844,7.28,4.3111709
7/30/12 8:30,7077.1711,204.7,9.785,543.8664,0.64,1.39,-0.0786,14.94,6.24,458.2306,11.854,7.49,4.9297726
7/30/12 9:00,7079.8711,168.6,10.803,543.9528,-0.35,1.75,-0.0916,19.33,-3.82,492.2694,13.6659,9.47,6.89515
7/30/12 9:30,7082.5711,190.2,11.555,544.0284,0.26,1.46,-0.0921,17.1,3.03,389.0278,10.4107,7.87,5.2281393
7/30/12 10:00,7085.2711,181.0,13.211,544.0176,0.04,2.12,-0.1,27.97,0.49,425.6435,13.9838,11.43,4.2485087
7/30/12 10:30,7087.9711,182.2,14.239,544.0014,0.08,2.11,-0.0956,30.0,1.15,303.4611,11.4811,11.37,5.6854118
7/30/12 11:00,7090.6711,181.7,14.979,543.8934,0.06,2.13,-0.0953,31.95,0.95,232.1296,8.2693,11.51,7.75488
7/30/12 11:30,7093.3711,174.4,15.426,543.861,-0.23,2.33,-0.0863,36.07,-3.52,102.7253,4.7076,12.56,6.978238
7/30/12 12:00,7096.0711,179.7,16.228,543.8232,-0.01,2.52,-0.0842,40.91,-0.21,0.0,0.0,13.61,6.921115
7/30/12 12:30,7098.7711,177.9,16.938,543.7692,-0.11,3.06,-0.0755,51.9,-1.9,-117.4296,-6.7741,16.53,7.397717
7/30/12 13:00,7101.4711,181.0,18.469,543.726,0.06,3.22,-0.0676,59.45,1.04,-229.9084,-15.3872,17.38,7.164609
7/30/12 13:30,7104.1711,181.5,19.503,543.618,0.09,3.5,-0.0618,68.3,1.79,-326.659,-26.1371,18.9,4.9733938
7/30/12 14:00,7106.8711,191.8,20.646,543.51,0.67,3.19,-0.059,67.29,13.76,-405.948,-33.6427,17.23,8.721355
7/30/12 14:30,7109.5711,183.9,20.655,543.4506,0.24,3.49,-0.054,72.31,4.92,-462.3768,-44.0215,18.86,6.961505
7/30/12 15:00,7112.2711,197.0,20.577,543.456,0.86,2.81,-0.0498,60.41,17.66,-496.8818,-42.7192,15.16,4.5981707
7/30/12 15:30,7114.9461,189.9,20.785,533.5351,0.53,3.02,-0.0502,63.64,10.94,-498.5726,-50.4919,15.99,6.911883
7/30/12 16:00,7117.5961,211.6,20.136,533.6782,1.5,2.44,-0.0501,57.69,30.23,-468.1907,-49.9607,12.93,1.7618118
7/30/12 16:30,7120.2461,205.7,19.73,533.6358,1.2,2.49,-0.0498,54.49,23.63,-409.3378,-50.3461,13.19,7.07402
7/30/12 17:00,7122.8961,207.9,18.41,533.6676,1.16,2.2,-0.0456,45.79,21.42,-323.6112,-44.2256,11.65,5.5723775
7/30/12 17:30,7125.5461,190.2,16.932,533.7365,0.45,2.49,-0.0442,42.77,7.57,-235.6327,-42.4043,13.18,6.869762
7/30/12 18:00,7128.1961,189.8,15.509,533.8319,0.51,2.92,-0.0364,46.03,7.83,-140.255,-46.0307,15.5,5.7557481
7/30/12 18:30,7130.8461,198.2,12.573,533.8266,0.8,2.44,-0.0159,32.3,10.09,-41.1192,-32.0237,12.93,6.186594
7/30/12 19:00,7133.4961,204.1,9.471,533.8849,0.76,1.71,0.0098,17.72,7.24,-2.267,-17.1164,9.05,5.4827694
7/30/12 19:30,7136.1461,203.9,7.668,534.0757,0.69,1.56,0.0239,13.08,5.3,0.0,-12.0858,8.27,4.3212107
7/30/12 20:00,7138.8211,174.0,6.761,544.3902,-0.17,1.59,0.0314,10.82,-1.13,0.0,-9.3683,8.59,4.8476655
7/30/12 20:30,7141.5211,181.0,6.479,544.5252,0.03,1.85,0.032,11.97,0.21,0.0,-9.4938,9.97,4.1122213
7/30/12 21:00,7144.2211,183.8,5.623,544.6278,0.09,1.31,0.0396,7.37,0.49,0.0,-5.2126,7.06,3.5390872
7/30/12 21:30,7146.9211,162.9,4.424,544.6764,-0.35,1.12,0.0534,5.2,-1.53,0.0,-3.1645,6.06,5.1411277
7/30/12 22:00,7149.6211,137.6,3.379,544.7196,-0.7,0.77,0.068,3.51,-2.37,0.0,-1.7537,4.14,5.1097966
7/30/12 22:30,7152.3461,129.7,3.279,554.9005,-0.89,0.74,0.0732,3.79,-2.92,0.0,-1.4506,4.06,5.1465515
7/30/12 23:00,7155.0711,140.4,3.248,544.7466,-0.82,0.99,0.0773,4.17,-2.66,0.0,-1.0794,5.34,5.1649578
7/30/12 23:30,7157.7961,139.9,2.904,554.796,-0.59,0.7,0.083,2.64,-1.7,0.0,-0.3449,3.83,5.1130278
7/31/12 0:00,7160.5461,136.8,2.668,554.785,-0.74,0.79,0.085,2.9,-1.98,0.0,0.0,4.35,5.1058153
7/31/12 0:30,7163.2961,110.2,2.4,554.8015,-0.78,0.29,0.0889,2.0,-1.88,0.0,0.2613,1.58,4.9762211
7/31/12 1:00,7166.0461,102.8,1.885,554.7575,-0.99,0.23,0.0964,1.92,-1.87,0.0,0.4967,1.24,4.9624885
7/31/12 1:30,7168.7961,106.7,1.7,554.785,-0.99,0.3,0.0916,1.76,-1.69,0.0,0.6733,1.64,4.9624885
7/31/12 2:00,7171.5711,123.1,1.564,564.8272,-1.34,0.87,0.0933,2.5,-2.1,0.0,1.252,4.9,4.8840742
7/31/12 2:30,7174.3711,124.4,1.526,564.8888,-1.15,0.79,0.093,2.13,-1.76,0.0,1.2968,4.42,4.9418319
7/31/12 3:00,7177.1711,112.7,1.372,564.956,-1.0,0.42,0.0976,1.49,-1.37,0.0,1.0507,2.34,4.5974206
7/31/12 3:30,7179.9711,70.0,1.315,565.124,-0.5,-0.18,0.0994,0.7,-0.66,0.0,0.5571,-1.02,4.5911313
7/31/12 4:00,7182.7711,59.4,1.223,565.3144,-0.48,-0.28,0.0887,0.68,-0.58,0.0,0.5847,-1.57,4.7341119
7/31/12 4:30,7185.5711,85.6,1.574,565.3984,-0.6,-0.05,0.0779,0.94,-0.94,0.0,0.8711,-0.26,4.9113663
7/31/12 5:00,7188.3711,67.8,1.734,565.5664,-0.46,-0.19,0.0723,0.87,-0.8,0.1256,0.8391,-1.06,4.7835031
7/31/12 5:30,7191.1961,84.1,1.82,575.7969,-0.61,-0.06,0.0699,1.11,-1.1,10.8405,1.1007,-0.36,5.2289471
7/31/12 6:00,7194.0211,107.3,1.755,565.7456,-1.05,0.33,0.0727,1.93,-1.84,63.342,1.9252,1.83,6.274875
7/31/12 6:30,7196.7961,121.3,2.306,555.6485,-1.31,0.8,0.0597,3.53,-3.02,113.8942,3.5003,4.37,3.9529116
7/31/12 7:00,7199.5211,121.5,3.185,545.5782,-1.2,0.74,0.0331,4.5,-3.84,224.7883,4.3471,3.99,4.5351046
7/31/12 7:30,7202.2211,144.8,4.427,545.5836,-0.57,0.8,0.0106,4.35,-2.51,262.3227,4.0205,4.34,4.1657669
7/31/12 8:00,7204.9211,148.2,6.341,545.4864,-0.61,0.98,-0.0142,7.34,-3.87,414.6469,6.3536,5.31,4.5509721
7/31/12 8:30,7207.6211,165.7,7.66,545.4594,-0.26,1.03,-0.0242,8.16,-2.01,389.4881,6.4721,5.57,5.946562
7/31/12 9:00,7210.3211,213.4,9.244,545.3838,0.29,0.43,-0.0258,4.82,2.65,326.4804,3.4055,2.35,5.5057917
7/31/12 9:30,7213.0461,175.3,9.939,555.478,-0.13,1.53,-0.0389,15.3,-1.25,405.1015,9.3117,8.44,5.815583
7/31/12 10:00,7215.7961,187.3,11.734,555.5165,0.22,1.74,-0.0556,20.57,2.61,405.0335,10.2849,9.56,5.791926
7/31/12 10:30,7218.5211,190.5,12.756,545.3946,0.27,1.47,-0.0585,19.08,3.48,338.8329,7.3027,7.94,7.735839
7/31/12 11:00,7221.2211,215.8,13.917,545.211,0.74,1.02,-0.0542,17.58,10.28,235.1764,4.5493,5.53,6.506252
7/31/12 11:30,7223.9211,182.9,15.81,545.0706,0.06,1.16,-0.0586,18.4,0.93,122.4156,2.4021,6.28,8.590953
7/31/12 12:00,7226.6211,157.1,17.269,544.8708,-0.49,1.17,-0.0546,21.95,-8.54,0.0,0.0,6.32,5.779809
7/31/12 12:30,7229.3211,155.3,18.686,544.8276,-0.81,1.77,-0.0503,36.34,-15.19,-122.9204,-4.7439,9.54,10.518133
7/31/12 13:00,7232.0211,175.2,18.905,544.6764,-0.14,1.64,-0.0452,31.16,-2.61,-236.1051,-8.0636,8.87,6.506829
7/31/12 13:30,7234.7211,172.9,20.68,544.6062,-0.27,2.18,-0.0438,45.43,-5.62,-338.5673,-17.3868,11.77,7.146722
7/31/12 14:00,7237.3961,147.9,19.875,534.4308,-1.05,1.67,-0.0408,39.21,-20.84,-418.8385,-19.6067,8.86,8.097618
7/31/12 14:30,7240.0461,148.2,20.829,534.3884,-0.97,1.57,-0.0355,38.49,-20.28,-478.6186,-23.4324,8.32,9.877663
7/31/12 15:00,7242.6711,148.7,20.937,524.3212,-1.15,1.89,-0.0266,46.4,-24.1,-508.9472,-32.8072,9.85,9.910552
7/31/12 15:30,7245.2711,157.3,20.135,524.3264,-0.85,2.04,-0.023,44.58,-17.2,-507.9215,-35.3668,10.62,6.908998
7/31/12 16:00,7247.8711,151.2,18.034,524.342,-1.25,2.28,-0.0211,46.96,-22.62,-474.3602,-40.669,11.87,9.121793
7/31/12 16:30,7250.4711,150.6,16.631,524.368,-1.63,2.9,-0.0144,55.28,-27.14,-415.4483,-51.0734,15.06,9.398753
7/31/12 17:00,7253.0461,152.5,14.662,514.3299,-1.59,3.05,-0.0036,50.39,-23.27,-336.6454,-48.6762,15.55,7.780845
7/31/12 17:30,7255.5961,156.3,13.691,514.488,-1.51,3.45,0.0079,51.57,-20.73,-242.0365,-51.1328,17.59,6.273144
7/31/12 18:00,7258.1461,146.3,12.779,514.7277,-1.77,2.66,0.0199,40.85,-22.67,-141.354,-40.8545,13.56,8.687889
7/31/12 18:30,7260.6961,143.6,10.606,514.845,-1.51,2.05,0.0378,27.05,-16.05,-51.8783,-26.8139,10.47,5.779809
7/31/12 19:00,7263.2461,134.4,7.479,514.9827,-1.15,1.13,0.0665,12.03,-8.6,-4.5988,-11.6237,5.74,4.8639369
7/31/12 19:30,7265.7961,133.8,6.228,515.0592,-1.26,1.21,0.0765,10.86,-7.83,0.0,-10.0291,6.15,8.820022
7/31/12 20:00,7268.3711,127.1,5.12,525.2624,-1.27,0.96,0.0827,8.13,-6.48,0.0,-7.0413,4.98,5.1458591
7/31/12 20:30,7270.9711,116.7,4.309,525.46,-0.95,0.48,0.0844,4.59,-4.1,0.0,-3.6408,2.49,5.2069057
7/31/12 21:00,7273.5711,101.5,3.698,525.6732,-0.92,0.19,0.0842,3.49,-3.42,0.0,-2.4658,0.98,5.1665157
7/31/12 21:30,7276.1711,103.4,2.972,525.6576,-1.09,0.26,0.0887,3.34,-3.25,0.0,-2.0354,1.36,5.1130278
7/31/12 22:00,7278.7961,111.9,2.454,535.8194,-0.68,0.27,0.0929,1.81,-1.68,0.0,-0.9043,1.46,5.1239908
7/31/12 22:30,7281.4461,99.0,2.353,535.7929,-0.66,0.1,0.0868,1.57,-1.55,0.0,-0.6015,0.55,5.1239908
7/31/12 23:00,7284.0961,120.1,1.959,535.83,-0.7,0.41,0.0934,1.59,-1.38,0.0,-0.4127,2.16,4.9929541
7/31/12 23:30,7286.7461,9.0,1.659,535.8035,-0.02,-0.13,0.0966,0.21,-0.03,0.0,-0.0275,-0.66,5.0505387
8/1/12 0:00,7289.3961,11.0,1.404,535.7505,-0.07,-0.37,0.0971,0.54,-0.1,0.0,0.0,-1.99,5.1033919
8/1/12 0:30,7292.0461,349.4,1.295,535.6445,0.05,-0.28,0.0972,0.36,0.07,0.0,0.0475,-1.46,5.1923653
8/1/12 1:00,7294.6961,33.7,1.284,535.5332,-0.21,-0.31,0.0937,0.48,-0.27,0.0,0.1243,-1.65,5.1923653
8/1/12 1:30,7297.3461,28.7,1.148,535.4219,-0.14,-0.25,0.0976,0.32,-0.16,0.0,0.1239,-1.31,5.0220926
8/1/12 2:00,7299.9961,163.8,1.059,535.4007,-0.03,0.11,0.0953,0.12,-0.03,0.0,0.0598,0.58,5.0390564
8/1/12 2:30,7302.6461,34.5,0.973,535.3318,-0.1,-0.15,0.0949,0.18,-0.1,0.0,0.1072,-0.79,5.1548603
8/1/12 3:00,7305.2961,132.1,0.968,535.2894,-0.38,0.34,0.0958,0.49,-0.36,0.0,0.347,1.8,5.2722221
8/1/12 3:30,7307.9461,109.1,0.954,535.3,-0.6,0.21,0.0888,0.6,-0.57,0.0,0.4791,1.1,5.3616571
8/1/12 4:00,7310.5961,46.2,0.991,535.353,-0.12,-0.11,0.0875,0.16,-0.12,0.0,0.1382,-0.59,5.4007777
8/1/12 4:30,7313.2461,9.9,0.947,535.4272,-0.07,-0.39,0.0868,0.37,-0.06,0.0,0.3421,-2.04,5.5059071
8/1/12 5:00,7315.8961,26.9,0.898,535.5014,-0.12,-0.23,0.0862,0.23,-0.11,1.3851,0.2247,-1.22,5.5733007
8/1/12 5:30,7318.5461,130.2,0.89,535.5703,-0.26,0.22,0.0802,0.31,-0.23,21.2397,0.3044,1.18,5.822507
8/1/12 6:00,7321.1961,51.5,1.013,535.6074,-0.25,-0.2,0.0598,0.33,-0.26,85.108,0.3262,-1.06,4.5006
8/1/12 6:30,7323.8711,71.2,1.457,545.751,-0.69,-0.23,0.0296,1.06,-1.0,195.6894,1.0502,-1.27,4.1005082
8/1/12 7:00,7326.5461,106.7,2.834,535.7134,-1.0,0.3,-0.0048,2.95,-2.83,309.0692,2.8497,1.59,5.1554373
8/1/12 7:30,7329.1711,137.5,4.109,525.6524,-0.53,0.58,-0.0226,3.25,-2.19,311.5202,2.999,3.03,4.1856157
8/1/12 8:00,7331.7711,228.5,4.701,525.6368,0.45,0.4,-0.0235,2.82,2.11,156.7662,2.4427,2.07,4.4240321
8/1/12 8:30,7334.3711,231.3,4.786,525.59,0.55,0.44,-0.0197,3.35,2.61,145.7596,2.6579,2.28,4.2704924
8/1/12 9:00,7336.9711,213.1,6.697,525.564,0.27,0.41,-0.0395,3.28,1.79,223.9167,2.3204,2.13,4.8539548
8/1/12 9:30,7339.5961,159.7,9.438,535.5862,-0.46,1.26,-0.0773,12.65,-4.39,419.6953,7.699,6.66,6.365464
8/1/12 10:00,7342.2211,164.3,11.754,525.33,-0.39,1.38,-0.0842,16.84,-4.56,274.9005,8.4217,7.17,4.869303
8/1/12 10:30,7344.8211,200.5,14.737,525.2676,0.51,1.36,-0.0998,21.37,7.48,351.7982,8.1774,7.06,5.988683
8/1/12 11:00,7347.3961,189.2,15.563,515.0745,0.21,1.31,-0.099,20.64,3.3,172.0647,5.3411,6.68,6.824179
8/1/12 11:30,7349.9461,155.0,15.745,514.9929,-0.81,1.73,-0.1053,30.01,-12.68,119.5438,3.9171,8.81,8.12993
8/1/12 12:00,7352.4711,170.5,15.834,504.855,-0.27,1.6,-0.0945,25.76,-4.25,0.0,0.0,8.02,10.057687
8/1/12 12:30,7354.9461,161.3,15.463,494.7383,-0.7,2.07,-0.0798,33.79,-10.83,-96.7963,-4.41,10.14,8.794634
8/1/12 13:00,7357.3961,165.7,14.564,494.7383,-0.58,2.26,-0.0579,33.96,-8.39,-125.6763,-8.7903,11.07,10.089999
8/1/12 13:30,7359.8211,177.4,12.604,484.6464,-0.15,3.4,-0.0461,42.85,-1.94,-291.2672,-16.3994,16.3,8.499787
8/1/12 14:00,7362.2211,170.9,14.486,484.5936,-0.55,3.42,-0.0438,50.19,-7.94,-419.9855,-25.097,16.42,10.11481
8/1/12 14:30,7364.6211,182.5,15.446,484.5216,0.13,3.02,-0.0448,46.63,2.03,-463.6351,-28.3874,14.48,7.454263
8/1/12 15:00,7366.9961,190.3,15.174,474.4321,0.5,2.76,-0.0438,42.55,7.61,-494.3256,-30.0859,12.97,7.121911
8/1/12 15:30,7369.3461,186.1,14.96,474.3992,0.26,2.47,-0.0389,37.16,3.95,-482.4897,-29.4815,11.61,8.060113
8/1/12 16:00,7371.6961,164.8,15.024,474.2676,-0.58,2.13,-0.042,33.1,-8.68,-443.1998,-28.6636,9.99,8.855219
8/1/12 16:30,7374.0461,156.7,15.029,474.136,-1.0,2.32,-0.0401,37.9,-14.99,-386.2149,-35.0179,10.89,7.936058
8/1/12 17:00,7376.3961,158.9,14.162,474.1266,-0.87,2.24,-0.0331,34.05,-12.26,-306.6428,-32.8854,10.54,8.609417
8/1/12 17:30,7378.7211,146.9,12.39,464.0756,-1.38,2.12,-0.0345,31.41,-17.15,-215.0137,-31.1399,9.77,7.36252
8/1/12 18:00,7381.0211,160.5,12.181,464.0848,-0.87,2.45,-0.023,31.62,-10.56,-128.29,-31.6219,11.26,7.897976
8/1/12 18:30,7383.3211,161.1,10.018,464.1906,-0.79,2.3,-0.0083,24.31,-7.88,-43.7386,-24.1057,10.56,6.95285
8/1/12 19:00,7385.6211,153.1,8.312,464.2918,-0.95,1.86,0.0091,17.37,-7.86,-1.9299,-16.7801,8.57,5.2470649
8/1/12 19:30,7387.9211,136.1,7.208,464.4528,-1.47,1.52,0.0252,15.23,-10.56,0.0,-14.0712,7.0,6.239101
8/1/12 20:00,7390.2211,140.1,6.299,464.6322,-1.38,1.65,0.0336,13.54,-8.69,0.0,-11.7285,7.59,5.772885
8/1/12 20:30,7392.5461,143.5,5.851,474.9115,-1.36,1.84,0.0369,13.42,-7.98,0.0,-10.6485,8.67,7.537928
8/1/12 21:00,7394.8961,143.7,5.051,474.9867,-1.34,1.82,0.0447,11.41,-6.75,0.0,-8.0682,8.56,5.7078571
8/1/12 21:30,7397.2461,139.4,4.45,474.982,-1.4,1.63,0.0468,9.56,-6.22,0.0,-5.8216,7.67,4.9265991
8/1/12 22:00,7399.5961,143.9,4.036,474.9679,-1.06,1.45,0.0485,7.24,-4.27,0.0,-3.6223,6.82,5.96618
8/1/12 22:30,7401.9461,156.0,3.757,474.9115,-0.84,1.88,0.0522,7.72,-3.14,0.0,-2.9546,8.82,4.7927351
8/1/12 23:00,7404.2961,153.0,3.546,475.0196,-0.72,1.4,0.0536,5.59,-2.54,0.0,-1.4464,6.6,4.8829202
8/1/12 23:30,7406.6711,149.3,2.931,485.1936,-0.62,1.04,0.0599,3.55,-1.81,0.0,-0.4637,5.0,5.2938019
8/2/12 0:00,7409.0711,138.2,2.59,485.2032,-0.64,0.72,0.0613,2.5,-1.66,0.0,0.0,3.45,5.3012452
8/2/12 0:30,7411.4711,131.5,2.143,485.1936,-0.64,0.56,0.0665,1.82,-1.37,0.0,0.238,2.71,5.3186129
8/2/12 1:00,7413.8711,124.7,2.051,485.1696,-0.72,0.5,0.0669,1.8,-1.48,0.0,0.465,2.39,5.2927056
8/2/12 1:30,7416.2961,107.5,1.822,495.2479,-0.9,0.28,0.0688,1.72,-1.64,0.0,0.6596,1.39,5.3295759
8/2/12 2:00,7418.7461,123.8,1.722,495.194,-0.81,0.54,0.0671,1.67,-1.39,0.0,0.8343,2.64,5.3277872
8/2/12 2:30,7421.1961,116.4,1.68,495.1058,-0.63,0.31,0.0687,1.17,-1.05,0.0,0.7139,1.52,5.3632727
8/2/12 3:00,7423.6461,138.0,1.61,495.0764,-0.82,0.91,0.0672,1.97,-1.32,0.0,1.3912,4.45,5.3632727
8/2/12 3:30,7426.1211,127.9,1.591,505.24,-0.62,0.49,0.0663,1.26,-0.99,0.0,0.9984,2.43,5.3525982
8/2/12 4:00,7428.6211,121.1,1.511,505.245,-0.48,0.29,0.0693,0.84,-0.72,0.0,0.7302,1.44,5.2874549
8/2/12 4:30,7431.1211,41.7,1.551,505.42,-0.29,-0.32,0.0673,0.67,-0.45,0.0,0.6205,-1.62,5.2874549
8/2/12 5:00,7433.6211,104.0,1.314,505.45,-0.4,0.1,0.0743,0.54,-0.52,0.936,0.5217,0.5,5.4157797
8/2/12 5:30,7436.1211,136.2,1.04,505.415,-0.55,0.57,0.077,0.82,-0.57,30.8548,0.8177,2.86,5.555356
8/2/12 6:00,7438.6211,129.6,1.376,505.46,-0.68,0.56,0.0455,1.21,-0.93,114.345,1.2095,2.8,3.6812023
8/2/12 6:30,7441.1211,144.0,2.83,505.55,-0.67,0.92,0.0049,3.2,-1.88,208.2927,3.1762,4.58,3.9815308
8/2/12 7:00,7443.5711,171.0,4.269,485.4912,-0.16,1.03,-0.0229,4.44,-0.69,294.6479,4.2885,4.93,5.2591242
8/2/12 7:30,7445.9961,174.7,5.12,495.6252,-0.1,1.04,-0.035,5.36,-0.5,347.4046,4.9526,5.11,4.9733938
8/2/12 8:00,7448.4461,197.4,6.559,495.6203,0.12,0.4,-0.0441,2.72,0.81,302.7452,2.3573,1.94,3.8718431
8/2/12 8:30,7450.9211,214.6,7.647,505.815,0.14,0.2,-0.05,1.87,1.06,344.5311,1.4803,1.0,5.7225129
8/2/12 9:00,7453.4211,177.7,9.676,505.805,-0.03,0.65,-0.0718,6.25,-0.25,432.3562,4.4199,3.23,6.106391
8/2/12 9:30,7455.9211,227.2,10.422,505.76,0.5,0.47,-0.0749,7.14,5.24,404.2943,4.346,2.33,6.484326
8/2/12 10:00,7458.3961,230.2,11.957,495.5762,0.84,0.7,-0.0853,13.03,10.01,415.1925,6.5166,3.42,7.885859
8/2/12 10:30,7460.8211,212.0,13.497,485.304,0.75,1.2,-0.0906,19.1,10.12,339.7594,7.3086,5.76,7.766997
8/2/12 11:00,7463.2211,218.8,16.098,485.2272,0.83,1.03,-0.0923,21.2,13.28,238.9128,5.4872,4.93,7.018628
8/2/12 11:30,7465.5961,184.8,17.045,475.029,0.11,1.27,-0.0961,21.72,1.82,125.7209,2.8344,5.97,7.359635
8/2/12 12:00,7467.9461,224.0,18.503,474.9538,0.64,0.66,-0.0839,17.0,11.81,0.0,0.0,3.11,8.429393
8/2/12 12:30,7470.2961,218.4,19.994,474.935,0.46,0.58,-0.082,14.76,9.17,-122.9632,-1.926,2.72,10.34561
8/2/12 13:00,7472.6461,211.8,20.602,474.8692,0.5,0.81,-0.0684,19.53,10.29,-204.7228,-5.0549,3.79,8.507288
8/2/12 13:30,7474.9961,237.9,23.155,474.7705,0.7,0.44,-0.0725,19.1,16.18,-357.6104,-7.3104,2.06,8.409775
8/2/12 14:00,7477.3211,207.2,24.059,464.5586,0.3,0.58,-0.0692,15.64,7.15,-420.941,-7.8192,2.66,8.75886
8/2/12 14:30,7479.6211,179.0,23.479,464.439,-0.02,1.13,-0.0634,26.53,-0.46,-475.2235,-16.1512,5.2,12.837673
8/2/12 15:00,7481.9211,164.0,23.489,464.3516,-0.34,1.2,-0.0625,29.38,-8.1,-495.7787,-20.7781,5.53,9.169684
8/2/12 15:30,7484.2211,160.2,23.566,464.2826,-0.42,1.16,-0.0644,29.03,-9.83,-478.9974,-23.0337,5.33,6.903228
8/2/12 16:00,7486.5211,156.7,20.867,464.2366,-0.86,1.99,-0.0635,45.24,-17.89,-489.8049,-39.1787,9.16,10.448893
8/2/12 16:30,7488.8211,151.4,17.879,464.2596,-1.45,2.65,-0.0459,54.03,-25.86,-399.2416,-49.9175,12.21,12.531863
8/2/12 17:00,7491.0961,140.3,16.429,454.1355,-1.94,2.34,-0.0362,49.98,-31.92,-315.765,-48.2741,10.53,11.480569
8/2/12 17:30,7493.3711,143.9,15.458,464.3838,-1.92,2.64,-0.0299,50.44,-29.72,-225.6895,-50.0079,12.13,9.466262
8/2/12 18:00,7495.6461,141.6,13.763,454.464,-1.75,2.2,-0.0146,38.69,-24.03,-122.989,-38.6878,9.91,7.884128
8/2/12 18:30,7497.9211,138.6,11.308,464.6552,-1.53,1.74,0.0156,26.22,-17.34,-17.613,-25.9989,8.0,4.6828743
8/2/12 19:00,7500.2211,136.6,10.015,464.6552,-1.74,1.84,0.0333,25.3,-17.38,-1.6971,-24.4359,8.44,8.195708
8/2/12 19:30,7502.5211,137.5,8.495,464.7104,-1.46,1.6,0.0465,18.42,-12.44,0.0,-17.0152,7.35,5.813275
8/2/12 20:00,7504.8211,136.4,7.431,464.8714,-1.64,1.72,0.0504,17.62,-12.15,0.0,-15.2584,7.9,6.09889
8/2/12 20:30,7507.1211,138.6,6.72,465.0508,-1.76,2.0,0.0536,17.93,-11.86,0.0,-14.224,9.21,5.4945402
8/2/12 21:00,7509.4211,137.2,5.648,465.1428,-1.63,1.77,0.0581,13.59,-9.23,0.0,-9.6089,8.12,5.3472321
8/2/12 21:30,7511.7461,134.5,4.765,475.2593,-1.7,1.68,0.0629,11.39,-8.12,0.0,-6.9328,7.87,5.650561
8/2/12 22:00,7514.0961,130.8,4.091,475.264,-1.62,1.4,0.0649,8.74,-6.61,0.0,-4.3692,6.56,5.1748245
8/2/12 22:30,7516.4461,127.4,3.568,475.3533,-1.52,1.16,0.0655,6.84,-5.43,0.0,-2.6175,5.47,5.1553796
8/2/12 23:00,7518.7961,123.9,3.096,475.4661,-1.32,0.89,0.0686,4.91,-4.08,0.0,-1.2717,4.16,4.2621259
8/2/12 23:30,7521.1711,132.5,3.276,485.6448,-1.15,1.05,0.061,5.09,-3.75,0.0,-0.6645,5.04,3.8661308
8/3/12 0:00,7523.5711,134.7,3.673,485.6688,-1.26,1.25,0.0518,6.5,-4.62,0.0,0.0,5.98,5.5243711
8/3/12 0:30,7525.9711,137.5,3.212,485.592,-1.27,1.38,0.0586,6.03,-4.07,0.0,0.7869,6.64,5.2056363
8/3/12 1:00,7528.3711,134.1,3.101,485.5824,-1.08,1.04,0.055,4.65,-3.34,0.0,1.2023,5.0,5.2056363
8/3/12 1:30,7530.7711,131.1,3.001,485.5248,-1.05,0.91,0.0551,4.17,-3.14,0.0,1.5963,4.39,5.2246196
8/3/12 2:00,7533.1711,136.2,2.569,485.5392,-0.78,0.82,0.0634,2.9,-2.01,0.0,1.4515,3.91,5.2878588
8/3/12 2:30,7535.5711,118.1,2.049,485.544,-0.96,0.51,0.0732,2.24,-1.97,0.0,1.3609,2.47,5.358599
8/3/12 3:00,7537.9961,140.1,1.974,495.6105,-0.75,0.9,0.0706,2.32,-1.49,0.0,1.6429,4.42,5.358599
8/3/12 3:30,7540.4461,69.2,2.112,495.6693,-0.31,-0.12,0.0679,0.71,-0.66,0.0,0.5596,-0.58,5.358599
8/3/12 4:00,7542.8961,54.0,2.063,495.7232,-0.49,-0.36,0.0658,1.26,-1.02,0.0,1.0898,-1.76,5.358599
8/3/12 4:30,7545.3711,70.1,1.807,505.855,-0.42,-0.15,0.0696,0.81,-0.76,0.0,0.7513,-0.77,5.358599
8/3/12 5:00,7547.8711,41.9,1.686,505.89,-0.37,-0.42,0.0728,0.95,-0.63,0.6752,0.9136,-2.09,5.4283006
8/3/12 5:30,7550.3711,51.3,1.583,505.995,-0.38,-0.3,0.0702,0.77,-0.6,24.4193,0.7596,-1.51,5.1134317
8/3/12 6:00,7552.8711,66.8,1.434,506.055,-0.43,-0.18,0.0564,0.67,-0.61,82.663,0.6654,-0.91,4.8786504
8/3/12 6:30,7555.3711,94.4,2.212,506.195,-0.86,0.07,0.0371,1.92,-1.91,147.0699,1.9014,0.33,1.3024621
8/3/12 7:00,7557.8711,92.3,2.983,506.28,-0.83,0.03,0.0214,2.48,-2.48,211.8015,2.3973,0.17,4.8821124
8/3/12 7:30,7560.3711,85.3,3.858,506.305,-0.78,-0.06,0.0079,3.0,-2.99,241.7599,2.773,-0.32,4.0893144
8/3/12 8:00,7562.8711,64.9,4.697,506.255,-0.73,-0.34,0.0008,3.8,-3.44,281.9354,3.2867,-1.71,5.6011698
8/3/12 8:30,7565.3711,4.0,5.866,506.255,-0.03,-0.4,-0.0142,2.35,-0.16,391.8515,1.8662,-2.0,4.7681549
8/3/12 9:00,7567.8711,54.4,7.522,506.305,-0.38,-0.27,-0.0284,3.51,-2.86,276.9264,2.4839,-1.36,4.5420286
8/3/12 9:30,7570.3711,57.2,9.101,506.315,-0.41,-0.26,-0.042,4.39,-3.69,375.3355,2.6704,-1.31,7.121911
8/3/12 10:00,7572.8711,75.7,12.316,506.24,-1.14,-0.29,-0.065,14.52,-14.07,324.2175,7.2603,-1.46,6.532217
8/3/12 10:30,7575.3711,105.8,13.018,506.15,-1.57,0.44,-0.0738,21.22,-20.42,315.4861,8.1203,2.22,7.633133
8/3/12 11:00,7577.8711,96.7,14.239,506.095,-1.86,0.22,-0.0739,26.6,-26.42,241.986,6.8842,1.09,9.705717
8/3/12 11:30,7580.3461,105.4,15.066,495.929,-2.07,0.57,-0.0673,32.27,-31.11,113.218,4.2123,2.79,8.9435
8/3/12 12:00,7582.7961,103.7,15.003,495.929,-2.42,0.59,-0.0466,37.36,-36.29,0.0,0.0,2.89,9.80323
8/3/12 12:30,7585.2461,97.3,16.681,495.8506,-2.44,0.31,-0.0463,41.1,-40.77,-115.4334,-5.3649,1.53,11.55731
8/3/12 13:00,7587.6961,101.2,17.995,495.7673,-2.32,0.46,-0.0399,42.65,-41.84,-239.3258,-11.0382,2.26,11.736757
8/3/12 13:30,7590.1461,101.7,18.597,495.6742,-2.27,0.47,-0.0291,43.15,-42.25,-338.5302,-16.5109,2.31,9.841312
8/3/12 14:00,7592.5961,80.8,18.645,495.6007,-2.37,-0.38,-0.0167,44.67,-44.1,-417.447,-22.3367,-1.88,13.488529
8/3/12 14:30,7595.0211,71.3,18.761,485.4576,-2.11,-0.71,-0.0127,41.84,-39.63,-474.9526,-25.4688,-3.43,11.272272
8/3/12 15:00,7597.3961,79.2,18.592,475.2875,-2.06,-0.39,-0.013,39.06,-38.37,-501.3932,-27.6209,-1.85,14.018215
8/3/12 15:30,7599.7461,85.7,17.323,475.2358,-2.53,-0.19,-0.0111,43.88,-43.76,-493.676,-34.8117,-0.89,10.417158
8/3/12 16:00,7602.0961,87.5,15.967,475.1841,-2.63,-0.11,-0.0084,41.98,-41.94,-439.6932,-36.3534,-0.54,11.486339
8/3/12 16:30,7604.4461,85.4,15.661,475.1653,-2.64,-0.21,-0.0092,41.42,-41.29,-408.9867,-38.2702,-1.0,11.253231
8/3/12 17:00,7606.7961,98.0,16.17,475.17,-2.21,0.31,-0.0125,36.03,-35.68,-322.4309,-34.7992,1.46,6.648771
8/3/12 17:30,7609.1461,92.4,14.644,475.2217,-2.27,0.1,-0.0057,33.3,-33.27,-222.849,-33.0156,0.45,8.425931
8/3/12 18:00,7611.4961,88.4,12.113,475.2828,-2.35,-0.07,0.0119,28.5,-28.49,-108.021,-28.5019,-0.31,9.85516
8/3/12 18:30,7613.8461,80.0,8.901,475.4332,-2.06,-0.36,0.0373,18.6,-18.32,-35.5849,-18.4439,-1.71,9.824002
8/3/12 19:00,7616.1961,77.3,6.598,475.5742,-1.87,-0.42,0.0602,12.65,-12.34,-4.0173,-12.2174,-1.98,5.2442953
8/3/12 19:30,7618.5711,90.9,5.963,485.7792,-2.1,0.03,0.0706,12.53,-12.53,0.0,-11.5801,0.16,8.12993
8/3/12 20:00,7620.9711,102.1,5.675,485.8656,-2.53,0.54,0.0713,14.67,-14.34,0.0,-12.7045,2.6,6.974199
8/3/12 20:30,7623.3711,106.2,4.824,485.9856,-2.19,0.64,0.0758,11.01,-10.57,0.0,-8.7335,3.06,5.2399101
8/3/12 21:00,7625.7711,107.5,4.159,486.1152,-1.83,0.58,0.0759,7.96,-7.6,0.0,-5.6317,2.76,6.204481
8/3/12 21:30,7628.1711,85.7,3.255,486.216,-1.38,-0.1,0.0798,4.5,-4.49,0.0,-2.7424,-0.5,5.3370769
8/3/12 22:00,7630.5961,74.5,2.584,496.37,-1.27,-0.35,0.0884,3.4,-3.28,0.0,-1.7003,-1.72,6.625114
8/3/12 22:30,7633.0461,54.9,2.18,496.4141,-0.8,-0.56,0.0955,2.14,-1.75,0.0,-0.8192,-2.77,5.4748645
8/3/12 23:00,7635.4961,46.5,2.056,496.3945,-0.85,-0.81,0.0983,2.42,-1.76,0.0,-0.6269,-3.97,5.5225824
8/3/12 23:30,7637.9461,48.8,2.026,496.4043,-0.56,-0.49,0.0972,1.5,-1.13,0.0,-0.196,-2.39,5.5589334
8/4/12 0:00,7640.4211,25.1,1.824,506.555,-0.1,-0.21,0.0976,0.41,-0.18,0.0,0.0,-1.03,5.5915339
8/4/12 0:30,7642.9211,31.6,1.275,506.54,-0.05,-0.08,0.1062,0.11,-0.06,0.0,0.015,-0.38,5.6544846
8/4/12 1:00,7645.4211,329.2,1.207,506.53,0.13,-0.22,0.1052,0.31,0.16,0.0,0.0793,-1.09,5.6292697
8/4/12 1:30,7647.9211,130.7,1.143,506.535,-0.13,0.11,0.1047,0.19,-0.14,0.0,0.073,0.54,5.5933226
8/4/12 2:00,7650.4211,76.1,1.327,506.495,-0.13,-0.03,0.0971,0.18,-0.18,0.0,0.0916,-0.17,5.7123
8/4/12 2:30,7652.9211,21.3,1.102,506.465,-0.04,-0.11,0.0993,0.13,-0.05,0.0,0.0778,-0.54,5.5933226
8/4/12 3:00,7655.4461,14.0,1.061,516.5382,-0.11,-0.44,0.1015,0.48,-0.12,0.0,0.3414,-2.25,5.5049839
8/4/12 3:30,7657.9961,156.6,1.023,516.4566,-0.16,0.38,0.1074,0.42,-0.17,0.0,0.3319,1.91,5.6653899
8/4/12 4:00,7660.5461,164.1,0.904,516.5382,-0.09,0.33,0.1089,0.31,-0.09,0.0,0.2709,1.7,5.8854
8/4/12 4:30,7663.0961,67.3,0.952,516.5739,-0.2,-0.08,0.0907,0.21,-0.19,0.0,0.1909,-0.43,5.4993293
8/4/12 5:00,7665.6461,33.8,1.09,516.5025,-0.24,-0.36,0.0915,0.47,-0.26,1.4315,0.4527,-1.82,5.5379883
8/4/12 5:30,7668.1961,355.4,1.159,516.5382,0.03,-0.42,0.0848,0.49,0.04,30.2708,0.4872,-2.16,5.209156
8/4/12 6:00,7670.7711,356.6,1.567,526.7028,0.03,-0.51,0.0687,0.81,0.05,118.19,0.807,-2.67,4.2263519
8/4/12 6:30,7673.3461,357.5,2.352,516.5484,0.02,-0.52,0.0442,1.21,0.05,190.4199,1.2032,-2.63,4.0126888
8/4/12 7:00,7675.8961,76.6,3.749,516.579,-1.51,-0.36,0.0188,5.84,-5.68,231.8348,5.6383,-1.84,3.7339401
8/4/12 7:30,7678.4211,65.0,4.605,506.44,-1.35,-0.63,0.0109,6.86,-6.22,338.5122,6.3392,-3.15,6.388544
8/4/12 8:00,7680.9461,38.6,6.332,516.5382,-0.86,-1.08,-0.0105,8.75,-5.46,435.4956,7.5784,-5.51,5.1223175
8/4/12 8:30,7683.4961,58.8,6.964,516.4974,-1.04,-0.63,-0.0164,8.48,-7.26,293.1306,6.7293,-3.22,5.6185952
8/4/12 9:00,7686.0711,77.1,9.209,526.5728,-1.09,-0.25,-0.0381,10.32,-10.06,421.8903,7.2997,-1.3,6.37008
8/4/12 9:30,7688.6711,46.1,9.554,526.5364,-0.59,-0.57,-0.0374,7.85,-5.66,265.395,4.7808,-2.96,8.137431
8/4/12 10:00,7691.2711,98.7,10.503,526.4792,-1.28,0.2,-0.0469,13.59,-13.43,283.3455,6.7954,1.02,7.536774
8/4/12 10:30,7693.8711,77.8,9.914,526.4584,-1.56,-0.34,-0.0386,15.82,-15.47,203.1808,6.0551,-1.75,8.131084
8/4/12 11:00,7696.4711,101.8,10.143,526.37,-1.51,0.32,-0.0334,15.69,-15.36,98.9017,4.0612,1.65,9.903051
8/4/12 11:30,7699.0461,141.2,8.541,516.1557,-1.04,1.3,-0.0112,14.22,-8.91,33.7831,1.8562,6.62,5.6164603
8/4/12 12:00,7701.5961,66.3,10.207,516.1047,-1.14,-0.5,-0.0342,12.72,-11.65,0.0,0.0,-2.55,6.356232
8/4/12 12:30,7704.1461,47.7,11.769,515.9313,-1.0,-0.91,-0.05,15.91,-11.77,-102.269,-2.0769,-4.64,8.02607
8/4/12 13:00,7706.6961,58.8,13.299,515.7834,-0.88,-0.53,-0.0587,13.6,-11.64,-171.7427,-3.5212,-2.7,6.516638
8/4/12 13:30,7709.2211,87.7,14.692,505.62,-1.8,-0.07,-0.0542,26.5,-26.48,-237.2358,-10.1428,-0.36,7.450801
8/4/12 14:00,7711.7211,111.2,14.279,505.555,-2.21,0.86,-0.0495,33.84,-31.55,-326.537,-16.9206,4.29,7.185958
8/4/12 14:30,7714.2211,89.5,14.454,505.5,-2.04,-0.02,-0.0496,29.47,-29.47,-450.7787,-17.9412,-0.09,8.266102
8/4/12 15:00,7716.7211,91.0,13.937,505.405,-2.44,0.04,-0.0386,34.01,-34.0,-465.4156,-24.0461,0.21,10.93415
8/4/12 15:30,7719.1961,86.6,13.128,495.2185,-2.47,-0.15,-0.029,32.43,-32.37,-399.9612,-25.7254,-0.72,7.776806
8/4/12 16:00,7721.6461,104.4,13.113,495.1989,-2.28,0.59,-0.0306,30.85,-29.89,-370.5913,-26.7211,2.87,8.501518
8/4/12 16:30,7724.0961,99.1,12.78,495.2185,-2.18,0.35,-0.023,28.22,-27.86,-265.1045,-26.0703,1.71,8.44151
8/4/12 17:00,7726.5461,96.9,12.167,495.1695,-2.12,0.26,-0.025,25.95,-25.76,-283.0375,-25.0679,1.26,11.059359
8/4/12 17:30,7728.9961,85.3,10.638,495.1597,-2.17,-0.18,-0.0127,23.17,-23.09,-189.8567,-22.9713,-0.87,8.85695
8/4/12 18:00,7731.4461,99.1,9.208,495.1842,-1.91,0.31,0.002,17.81,-17.58,-91.438,-17.8083,1.5,8.157049
8/4/12 18:30,7733.8961,94.7,7.574,495.2626,-1.9,0.16,0.0184,14.47,-14.43,-39.5666,-14.3501,0.77,7.307128
8/4/12 19:00,7736.3711,102.2,6.089,505.44,-1.79,0.39,0.0364,11.13,-10.88,-4.5437,-10.7514,1.93,7.427721
8/4/12 19:30,7738.8711,90.2,4.964,505.49,-1.82,0.01,0.0472,9.05,-9.05,0.0,-8.3651,0.03,7.952214
8/4/12 20:00,7741.3961,83.6,4.411,515.7273,-1.46,-0.16,0.0527,6.48,-6.44,0.0,-5.6155,-0.84,5.3460204
8/4/12 20:30,7743.9461,93.4,3.973,515.8548,-1.45,0.09,0.0554,5.75,-5.74,0.0,-4.5641,0.44,5.3569834
8/4/12 21:00,7746.5211,106.3,3.324,526.0424,-1.25,0.37,0.0598,4.33,-4.15,0.0,-3.0603,1.9,5.3353459
8/4/12 21:30,7749.1461,102.6,2.863,536.0897,-1.12,0.25,0.0623,3.27,-3.19,0.0,-1.9921,1.32,5.3535791
8/4/12 22:00,7751.7961,93.7,2.495,536.0844,-0.62,0.04,0.0647,1.56,-1.56,0.0,-0.7797,0.21,5.3914303
8/4/12 22:30,7754.4711,121.7,2.105,546.1398,-0.63,0.39,0.0683,1.55,-1.32,0.0,-0.5929,2.09,5.4169337
8/4/12 23:00,7757.1961,131.5,1.96,556.2535,-0.76,0.68,0.0678,2.0,-1.5,0.0,-0.5169,3.71,5.4772879
8/4/12 23:30,7759.9461,122.3,1.917,556.259,-0.59,0.37,0.0668,1.34,-1.13,0.0,-0.1747,2.05,5.4896357
8/5/12 0:00,7762.7211,100.9,1.99,566.356,-0.37,0.07,0.0595,0.75,-0.74,0.0,0.0,0.4,5.4821347
8/5/12 0:30,7765.5461,163.5,1.877,576.4068,-0.19,0.63,0.0595,1.24,-0.35,0.0,0.1612,3.6,5.4896357
8/5/12 1:00,7768.3961,121.1,2.214,576.3327,-0.48,0.29,0.0591,1.25,-1.07,0.0,0.3226,1.66,5.5090806
8/5/12 1:30,7771.2461,114.3,1.988,576.1674,-0.63,0.29,0.0677,1.38,-1.26,0.0,0.528,1.63,5.5691463
8/5/12 2:00,7774.1211,116.8,1.833,586.119,-0.35,0.18,0.0712,0.73,-0.65,0.0,0.3629,1.04,5.6034778
8/5/12 2:30,7777.0211,88.7,1.462,586.0668,-0.32,-0.01,0.08,0.46,-0.46,0.0,0.283,-0.04,5.5590488
8/5/12 3:00,7779.9461,58.2,1.416,596.0652,-0.52,-0.32,0.083,0.86,-0.73,0.0,0.6068,-1.88,5.5590488
8/5/12 3:30,7782.8961,62.9,1.24,595.9354,-0.35,-0.18,0.0858,0.48,-0.43,0.0,0.3827,-1.05,5.551894
8/5/12 4:00,7785.8711,135.0,1.17,605.982,-0.38,0.38,0.0872,0.63,-0.44,0.0,0.5441,2.28,5.6215956
8/5/12 4:30,7788.8961,129.2,1.099,615.9414,-0.5,0.41,0.0825,0.71,-0.55,0.0,0.6519,2.48,5.61421
8/5/12 5:00,7791.9711,119.7,1.21,625.9768,-0.35,0.2,0.0767,0.49,-0.43,2.7423,0.4769,1.25,5.4786727
8/5/12 5:30,7795.0711,12.0,1.13,626.0016,-0.04,-0.2,0.0761,0.23,-0.05,20.399,0.2274,-1.23,5.3930459
8/5/12 6:00,7798.1961,88.0,1.073,636.0606,-0.47,-0.02,0.0606,0.51,-0.51,106.129,0.5065,-0.1,4.2642031
8/5/12 6:30,7801.3461,129.2,1.749,636.111,-0.7,0.57,0.0245,1.59,-1.23,202.8506,1.5728,3.61,3.7472688
8/5/12 7:00,7804.4961,135.3,3.081,636.174,-0.54,0.54,-0.0054,2.35,-1.65,301.3862,2.2677,3.41,4.0817557
8/5/12 7:30,7807.5961,173.6,4.476,616.0268,-0.09,0.79,-0.023,3.57,-0.4,252.8455,3.2958,4.83,4.0744855
8/5/12 8:00,7810.6461,176.7,6.048,615.9841,-0.06,1.11,-0.0411,6.74,-0.39,364.8383,5.8401,6.79,5.6278849
8/5/12 8:30,7813.6961,163.6,8.24,615.8621,-0.33,1.11,-0.0647,9.49,-2.68,456.2559,7.5309,6.74,5.6987982
8/5/12 9:00,7816.7711,187.3,10.431,625.8466,0.19,1.47,-0.0844,15.47,1.97,470.4579,10.9384,9.12,8.38381
8/5/12 9:30,7819.8711,145.1,12.002,625.735,-0.78,1.11,-0.0964,16.26,-9.3,459.5096,9.9001,6.89,6.608958
8/5/12 10:00,7822.9711,187.5,12.793,625.611,0.14,1.07,-0.1019,13.79,1.8,391.048,6.8954,6.63,7.300204
8/5/12 10:30,7826.0711,220.9,14.422,625.549,0.8,0.93,-0.1044,17.71,11.6,329.5463,6.7774,5.75,7.927403
8/5/12 11:00,7829.1711,218.3,15.504,625.425,0.61,0.77,-0.0972,15.22,9.44,194.7862,3.9405,4.78,9.967675
8/5/12 11:30,7832.2711,201.7,17.133,625.2018,0.42,1.07,-0.1034,19.65,7.27,100.2277,2.565,6.61,7.048055
8/5/12 12:00,7835.3711,166.3,17.651,624.9352,-0.34,1.39,-0.1012,25.24,-5.98,0.0,0.0,8.61,7.897976
8/5/12 12:30,7838.4711,167.6,16.827,624.7306,-0.21,0.98,-0.0806,16.84,-3.62,-76.0624,-2.1986,6.06,9.528578
8/5/12 13:00,7841.5961,172.2,17.963,634.5549,-0.2,1.43,-0.083,25.87,-3.51,-179.028,-6.6948,8.99,9.02428
8/5/12 13:30,7844.7461,173.8,15.522,634.3155,-0.16,1.43,-0.0554,22.29,-2.41,-127.7489,-8.5299,8.99,12.597641
8/5/12 14:00,7847.8961,162.7,15.988,634.1454,-0.57,1.83,-0.0583,30.59,-9.1,-273.694,-15.2925,11.51,8.2511
8/5/12 14:30,7851.0461,151.6,16.502,633.9564,-1.2,2.21,-0.0639,41.54,-19.76,-368.3189,-25.2852,13.95,9.968829
8/5/12 15:00,7854.1961,155.5,17.016,633.8241,-1.09,2.39,-0.0682,44.77,-18.57,-407.7659,-31.6565,15.08,10.223863
8/5/12 15:30,7857.3461,142.5,16.476,633.6981,-1.91,2.48,-0.0602,51.6,-31.41,-464.4148,-40.9393,15.65,10.119426
8/5/12 16:00,7860.5211,148.0,16.531,643.6416,-1.62,2.59,-0.0648,50.5,-26.76,-446.9289,-43.7362,16.58,8.608263
8/5/12 16:30,7863.7211,158.8,15.236,643.5712,-1.14,2.93,-0.0563,47.86,-17.31,-389.5058,-44.2134,18.74,11.19957
8/5/12 17:00,7866.9211,159.8,14.292,643.4368,-1.2,3.25,-0.0492,49.46,-17.08,-309.7599,-47.7791,20.79,9.776688
8/5/12 17:30,7870.1211,167.4,13.604,643.3792,-0.59,2.63,-0.0402,36.64,-7.99,-214.1372,-36.3221,16.82,8.49344
8/5/12 18:00,7873.3211,190.0,13.058,643.4496,0.46,2.58,-0.0347,34.26,5.95,-124.744,-34.2642,16.54,6.882456
8/5/12 18:30,7876.5211,178.7,11.055,643.5456,-0.05,2.28,-0.0133,25.19,-0.57,-41.0488,-24.9788,14.58,8.198016
8/5/12 19:00,7879.7211,174.8,10.22,643.648,-0.2,2.2,0.0062,22.58,-2.05,-1.6266,-21.8067,14.08,5.939638
8/5/12 19:30,7882.9461,174.7,8.569,653.8155,-0.19,2.04,0.0219,17.54,-1.62,0.0,-16.2055,13.25,6.359117
8/5/12 20:00,7886.1961,187.9,6.842,654.069,0.21,1.49,0.0325,10.28,1.41,0.0,-8.8999,9.67,6.000223
8/5/12 20:30,7889.4461,181.0,6.236,654.2705,0.03,1.73,0.0354,10.79,0.19,0.0,-8.5639,11.25,6.728397
8/5/12 21:00,7892.7211,177.7,5.532,664.422,-0.06,1.55,0.0412,8.57,-0.34,0.0,-6.0632,10.22,4.495407
8/5/12 21:30,7896.0211,177.7,5.172,664.4352,-0.07,1.69,0.0402,8.75,-0.35,0.0,-5.3241,11.15,7.301935
8/5/12 22:00,7899.3211,158.9,4.593,664.3626,-0.52,1.36,0.0532,6.67,-2.4,0.0,-3.3368,8.95,7.087868
8/5/12 22:30,7902.6461,151.3,4.202,674.3483,-0.58,1.06,0.0609,5.06,-2.43,0.0,-1.9345,7.07,5.5729545
8/5/12 23:00,7905.9961,151.0,4.161,674.221,-0.7,1.26,0.0592,6.02,-2.92,0.0,-1.5573,8.47,6.510868
8/5/12 23:30,7909.3461,150.3,3.863,674.1272,-0.59,1.04,0.0616,4.64,-2.3,0.0,-0.6051,6.98,5.5145044
8/6/12 0:00,7912.7211,142.9,3.349,684.0392,-0.69,0.91,0.0646,3.84,-2.32,0.0,0.0,6.22,5.5742239
8/6/12 0:30,7916.1211,117.5,2.822,683.8488,-0.61,0.32,0.0698,1.95,-1.73,0.0,0.2549,2.17,5.6157679
8/6/12 1:00,7919.5211,101.4,2.377,683.7196,-0.61,0.12,0.078,1.48,-1.45,0.0,0.3833,0.84,5.6674094
8/6/12 1:30,7922.9461,111.6,1.976,693.6087,-0.58,0.23,0.0816,1.23,-1.14,0.0,0.4703,1.58,5.776924
8/6/12 2:00,7926.3961,113.2,2.01,693.6087,-0.5,0.21,0.0783,1.09,-1.0,0.0,0.5457,1.48,5.801735
8/6/12 2:30,7929.8461,76.9,1.867,693.4707,-0.63,-0.15,0.0754,1.2,-1.17,0.0,0.7331,-1.01,5.834047
8/6/12 3:00,7933.3211,107.9,1.856,703.332,-0.82,0.26,0.0726,1.59,-1.52,0.0,1.1273,1.85,5.854242
8/6/12 3:30,7936.8211,85.8,1.711,703.262,-0.58,-0.04,0.0688,0.99,-0.99,0.0,0.7887,-0.3,5.820776
8/6/12 4:00,7940.3461,110.9,1.711,713.2305,-0.85,0.32,0.0694,1.55,-1.45,0.0,1.3425,2.29,5.919443
8/6/12 4:30,7943.8961,68.6,1.725,713.1808,-0.7,-0.27,0.0692,1.29,-1.2,0.0,1.1937,-1.94,5.948293
8/6/12 5:00,7947.4461,60.7,1.577,713.3086,-0.53,-0.3,0.0637,0.95,-0.83,0.6935,0.9201,-2.1,5.944254
8/6/12 5:30,7951.0211,121.9,1.752,723.2832,-0.99,0.62,0.0527,2.04,-1.74,14.5812,2.0271,4.44,6.047537
8/6/12 6:00,7954.6211,135.8,1.877,723.2616,-0.43,0.44,0.0411,1.14,-0.8,55.973,1.145,3.15,5.1987123
8/6/12 6:30,7958.2211,143.8,2.473,723.3912,-0.31,0.42,0.0275,1.28,-0.76,77.1919,1.2676,3.0,5.6521189
8/6/12 7:00,7961.8211,148.6,3.017,723.4272,-0.42,0.68,0.0111,2.41,-1.26,167.422,2.3314,4.92,7.17788
8/6/12 7:30,7965.3961,183.8,4.389,713.2944,0.03,0.4,-0.0138,1.75,0.12,258.2336,1.6179,2.83,6.748592
8/6/12 8:00,7968.9461,217.3,6.035,713.2163,0.48,0.63,-0.0324,4.74,2.87,249.2031,4.108,4.44,4.5255264
8/6/12 8:30,7972.4961,226.0,7.5,713.0459,0.98,0.95,-0.0415,10.25,7.38,218.7339,8.1339,6.74,4.5916506
8/6/12 9:00,7976.0461,246.6,8.24,713.1027,0.99,0.43,-0.0495,8.87,8.14,268.2586,6.2694,3.03,5.1293569
8/6/12 9:30,7979.6211,274.8,8.184,723.132,1.45,-0.12,-0.0464,11.89,11.85,167.1269,7.239,-0.88,6.066578
8/6/12 10:00,7983.2211,283.4,7.972,723.0672,1.33,-0.32,-0.0423,10.91,10.62,142.9995,5.4568,-2.28,4.5031388
8/6/12 10:30,7986.8211,292.9,7.787,722.916,1.05,-0.44,-0.0349,8.86,8.16,57.7221,3.3912,-3.19,4.4632104
8/6/12 11:00,7990.3961,215.8,4.611,712.8045,0.99,1.37,0.03,7.8,4.56,5.7341,2.0193,9.74,6.68743
8/6/12 11:30,7993.9711,210.0,1.856,722.916,0.78,1.36,0.0735,2.91,1.45,3.5404,0.3794,9.76,8.694813
8/6/12 12:00,7997.5961,227.4,1.382,732.7813,0.45,0.41,0.0664,0.84,0.62,0.0,0.0,3.0,5.6410405
8/6/12 12:30,8001.2711,212.3,1.448,742.6788,0.26,0.42,0.0584,0.71,0.38,-11.3914,-0.093,3.08,4.7910618
8/6/12 13:00,8005.0211,223.5,1.938,762.9184,0.6,0.64,0.049,1.7,1.17,-45.6647,-0.4394,4.83,4.7121282
8/6/12 13:30,8008.8711,265.9,3.052,782.6676,0.66,0.05,0.0365,2.03,2.02,-107.7977,-0.7767,0.37,5.0160918
8/6/12 14:00,8012.7711,165.4,3.428,782.5584,-0.27,1.02,0.0334,3.61,-0.91,-71.5035,-1.8048,7.95,4.6204429
8/6/12 14:30,8016.6711,189.4,2.381,782.2932,0.19,1.14,0.041,2.76,0.45,-135.4342,-1.6799,8.92,4.7330156
8/6/12 15:00,8020.5461,162.1,2.926,771.9866,-0.55,1.71,0.034,5.25,-1.61,-268.2593,-3.7097,13.14,7.092484
8/6/12 15:30,8024.3711,165.5,4.381,761.8164,-0.45,1.73,0.0232,7.82,-1.96,-393.8999,-6.2076,13.14,6.442782
8/6/12 16:00,8028.1711,166.3,4.777,761.786,-0.32,1.33,0.028,6.55,-1.55,-330.8321,-5.6718,10.12,7.068827
8/6/12 16:30,8031.9711,167.5,4.926,761.5352,-0.39,1.77,0.0196,8.92,-1.93,-411.3454,-8.2419,13.44,9.328936
8/6/12 17:00,8035.7711,204.4,4.548,761.6568,0.26,0.57,0.0368,2.85,1.18,-159.228,-2.7544,4.34,5.3471744
8/6/12 17:30,8039.5711,203.9,4.312,761.4592,0.13,0.3,0.0387,1.4,0.57,-83.1128,-1.3894,2.26,7.146722
8/6/12 18:00,8043.3711,146.8,3.273,761.216,-0.3,0.47,0.0461,1.82,-1.0,-60.724,-1.8198,3.54,6.691469
8/6/12 18:30,8047.1961,139.0,2.604,771.078,-0.58,0.67,0.0549,2.3,-1.51,-27.1458,-2.2822,5.14,6.587032
8/6/12 19:00,8051.0461,18.5,2.207,771.1858,-0.09,-0.27,0.0619,0.63,-0.2,-2.4206,-0.6118,-2.1,5.918866
8/6/12 19:30,8054.8961,261.8,1.489,771.2089,0.18,0.03,0.0752,0.27,0.27,0.0,-0.2517,0.2,5.956371
8/6/12 20:00,8058.7711,124.8,1.354,781.2636,-0.25,0.17,0.0829,0.41,-0.34,0.0,-0.3576,1.36,6.031958
8/6/12 20:30,8062.6711,71.2,1.019,781.5444,-0.43,-0.15,0.0911,0.46,-0.44,0.0,-0.367,-1.14,6.001377
8/6/12 21:00,8066.5711,13.6,1.019,781.7472,-0.09,-0.37,0.0857,0.38,-0.09,0.0,-0.2716,-2.86,6.035997
8/6/12 21:30,8070.4711,71.6,1.026,781.6926,-0.08,-0.03,0.0841,0.08,-0.08,0.0,-0.05,-0.2,6.07004
8/6/12 22:00,8074.3711,162.5,1.032,781.5054,-0.08,0.27,0.0878,0.29,-0.09,0.0,-0.1434,2.07,5.996184
8/6/12 22:30,8078.2711,137.1,0.894,781.3884,-0.14,0.15,0.0919,0.19,-0.13,0.0,-0.0722,1.21,5.982336
8/6/12 23:00,8082.1961,9.9,0.809,791.4931,-0.02,-0.09,0.0928,0.08,-0.01,0.0,-0.0195,-0.72,5.938484
8/6/12 23:30,8086.1461,75.4,0.753,791.5247,-0.24,-0.06,0.0969,0.19,-0.18,0.0,-0.0242,-0.49,5.892901
8/7/12 0:00,8090.0961,343.6,0.696,791.4299,0.04,-0.13,0.0974,0.09,0.03,0.0,0.0,-1.02,5.81039
8/7/12 0:30,8094.0461,326.7,0.667,791.3983,0.17,-0.25,0.0962,0.2,0.11,0.0,0.0262,-1.99,5.805197
8/7/12 1:00,8097.9961,184.2,0.656,791.3588,0.01,0.19,0.0929,0.12,0.01,0.0,0.0319,1.48,5.805197
8/7/12 1:30,8101.9461,69.2,0.648,791.2403,-0.27,-0.1,0.0972,0.19,-0.18,0.0,0.0717,-0.81,5.7103959
8/7/12 2:00,8105.8961,343.2,0.647,791.3825,0.22,-0.72,0.089,0.49,0.14,0.0,0.2433,-5.69,5.7492857
8/7/12 2:30,8109.8461,306.5,0.769,791.343,0.1,-0.08,0.0859,0.1,0.08,0.0,0.0609,-0.61,5.890016
8/7/12 3:00,8113.7961,21.1,0.876,791.2956,-0.08,-0.2,0.0829,0.19,-0.07,0.0,0.1344,-1.6,5.892901
8/7/12 3:30,8117.7461,230.8,0.874,791.2482,0.19,0.15,0.0816,0.21,0.17,0.0,0.1699,1.22,5.892901
8/7/12 4:00,8121.6961,72.5,0.781,791.1692,-0.21,-0.07,0.094,0.17,-0.16,0.0,0.1481,-0.52,5.945985
8/7/12 4:30,8125.6211,313.8,0.678,781.2714,0.25,-0.24,0.1001,0.23,0.17,0.0,0.2142,-1.85,5.958679
8/7/12 5:00,8129.5211,0.1,0.636,781.443,0.0,-0.37,0.0916,0.24,0.0,2.3028,0.2279,-2.89,5.958679
8/7/12 5:30,8133.4211,149.9,0.633,781.5054,-0.18,0.32,0.09,0.23,-0.12,25.5773,0.231,2.48,6.16813
8/7/12 6:00,8137.3211,164.5,0.7,781.599,-0.03,0.09,0.0804,0.07,-0.02,72.004,0.0658,0.71,0.7275393
8/7/12 6:30,8141.2211,143.7,1.329,781.833,-0.17,0.23,0.0654,0.38,-0.22,193.0809,0.3742,1.79,4.0544636
8/7/12 7:00,8145.0961,271.6,2.274,772.079,0.32,-0.01,0.0477,0.73,0.73,229.2152,0.7007,-0.07,0.989555
8/7/12 7:30,8148.9211,163.8,3.103,762.052,-0.04,0.12,0.0309,0.4,-0.11,342.6928,0.3727,0.95,5.310708
8/7/12 8:00,8152.6961,155.5,5.286,751.965,-0.22,0.47,0.0043,2.76,-1.14,420.0232,2.3896,3.56,7.221155
8/7/12 8:30,8156.4461,67.3,6.459,751.9425,-0.61,-0.25,-0.0097,4.26,-3.93,458.3781,3.3769,-1.91,5.120298
8/7/12 9:00,8160.1961,88.9,8.144,751.92,-0.3,-0.01,-0.034,2.41,-2.41,468.0022,1.7046,-0.04,6.333729
8/7/12 9:30,8163.9461,266.3,9.402,751.965,0.42,0.03,-0.0495,3.99,3.98,445.544,2.4268,0.21,5.1680159
8/7/12 10:00,8167.6961,50.9,10.513,751.935,-0.42,-0.34,-0.0612,5.67,-4.4,403.451,2.8333,-2.55,8.223981
8/7/12 10:30,8171.4211,103.9,12.259,741.7464,-0.76,0.19,-0.0742,9.59,-9.31,334.5943,3.6686,1.39,6.06427
8/7/12 11:00,8175.1211,146.2,13.072,741.6058,-0.23,0.34,-0.0713,5.31,-2.95,171.7262,1.3736,2.5,9.332975
8/7/12 11:30,8178.7961,180.0,14.58,731.4819,0.0,0.86,-0.0749,12.47,0.0,123.8645,1.6271,6.24,8.403428
8/7/12 12:00,8182.4461,232.9,16.053,731.241,0.62,0.47,-0.0728,12.52,9.99,0.0,0.0,3.43,8.231482
8/7/12 12:30,8186.0711,192.5,18.025,720.9936,0.11,0.51,-0.0752,9.43,2.04,-126.0826,-1.2305,3.68,9.058323
8/7/12 13:00,8189.6711,187.4,18.262,720.6912,0.17,1.28,-0.0742,23.5,3.03,-239.1307,-6.0831,9.19,10.130966
8/7/12 13:30,8193.2461,182.2,18.97,710.4828,0.02,0.6,-0.0619,11.31,0.43,-334.4336,-4.3267,4.23,9.290277
8/7/12 14:00,8196.7961,177.1,19.156,710.2911,-0.05,1.05,-0.0596,20.11,-1.02,-410.5835,-10.0569,7.45,11.696367
8/7/12 14:30,8200.3211,184.6,20.198,700.098,0.09,1.15,-0.0649,23.37,1.87,-460.111,-14.2262,8.07,12.07661
8/7/12 15:00,8203.7961,160.3,20.11,689.9379,-0.49,1.36,-0.0667,29.06,-9.8,-478.0593,-20.5478,9.39,16.537974
8/7/12 15:30,8207.2461,155.7,18.142,690.0069,-0.93,2.07,-0.0479,41.15,-16.93,-337.3077,-32.6434,14.26,9.324897
8/7/12 16:00,8210.6711,147.4,14.053,680.0952,-1.54,2.41,-0.011,40.16,-21.64,-254.5396,-34.7826,16.37,12.506475
8/7/12 16:30,8214.0711,118.3,13.324,680.1768,-2.4,1.29,0.0051,36.32,-31.98,-152.5168,-33.5564,8.79,11.312662
8/7/12 17:00,8217.4711,106.1,10.683,680.3604,-2.71,0.78,0.0564,30.1,-28.92,-134.2038,-29.0789,5.31,10.948575
8/7/12 17:30,8220.8461,117.5,9.758,670.1005,-2.43,1.27,0.0473,26.74,-23.72,-122.492,-26.5082,8.48,7.638326
8/7/12 18:00,8224.1961,120.2,9.589,670.3484,-2.31,1.34,0.0516,25.59,-22.12,-23.113,-25.593,9.0,8.857527
8/7/12 18:30,8227.5461,85.4,7.946,670.6901,-1.93,-0.16,0.0705,15.38,-15.33,-6.7775,-15.2518,-1.04,5.92579
8/7/12 19:00,8230.9461,94.5,4.171,691.0833,-0.92,0.07,0.1127,3.86,-3.85,-0.2685,-3.7307,0.5,5.935599
8/7/12 19:30,8234.4711,127.6,2.784,721.1448,-0.91,0.7,0.1315,3.19,-2.53,0.0,-2.945,5.03,6.255834
8/7/12 20:00,8238.0961,93.4,3.219,731.4892,-0.83,0.05,0.1183,2.68,-2.68,0.0,-2.3222,0.36,6.232754
8/7/12 20:30,8241.7461,95.0,3.148,731.7593,-1.57,0.14,0.1239,4.96,-4.95,0.0,-3.9385,1.0,6.178516
8/7/12 21:00,8245.3961,82.9,2.847,731.8323,-1.39,-0.17,0.121,3.98,-3.95,0.0,-2.8123,-1.26,6.128894
8/7/12 21:30,8249.0211,70.8,2.628,721.8648,-1.41,-0.49,0.1216,3.91,-3.69,0.0,-2.3805,-3.52,6.03542
8/7/12 22:00,8252.6211,73.7,3.058,721.98,-2.43,-0.71,0.109,7.73,-7.42,0.0,-3.8668,-5.11,6.128894
8/7/12 22:30,8256.2211,64.4,3.023,722.0664,-2.51,-1.2,0.1166,8.4,-7.58,0.0,-3.216,-8.65,6.035997
8/7/12 23:00,8259.7961,65.7,3.369,712.0732,-2.78,-1.25,0.1192,10.27,-9.36,0.0,-2.6577,-8.91,6.630307
8/7/12 23:30,8263.3211,67.1,3.161,701.932,-2.58,-1.09,0.1215,8.85,-8.15,0.0,-1.1553,-7.63,6.729551
8/8/12 0:00,8266.8211,67.9,3.405,701.89,-2.02,-0.82,0.1158,7.42,-6.88,0.0,0.0,-5.74,7.227502
8/8/12 0:30,8270.2961,80.8,3.904,691.8009,-2.0,-0.32,0.1013,7.89,-7.79,0.0,1.0298,-2.23,6.059077
8/8/12 1:00,8273.7461,62.6,3.891,691.7526,-1.4,-0.73,0.0924,6.16,-5.47,0.0,1.5932,-5.02,6.030804
8/8/12 1:30,8277.1711,53.5,4.252,681.6252,-1.64,-1.21,0.0919,8.65,-6.96,0.0,3.3113,-8.23,6.050999
8/8/12 2:00,8280.5711,56.1,4.51,681.5844,-1.6,-1.07,0.1003,8.69,-7.21,0.0,4.3431,-7.3,5.3102464
8/8/12 2:30,8283.9461,53.1,4.303,671.6549,-1.46,-1.1,0.0992,7.88,-6.3,0.0,4.7963,-7.37,6.220637
8/8/12 3:00,8287.2961,47.0,3.561,671.7889,-1.02,-0.95,0.1002,4.97,-3.63,0.0,3.5126,-6.37,6.795906
8/8/12 3:30,8290.6461,47.7,2.972,671.8224,-1.69,-1.53,0.1045,6.77,-5.01,0.0,5.3735,-10.28,7.030168
8/8/12 4:00,8293.9961,56.1,2.923,671.8358,-2.4,-1.61,0.1093,8.45,-7.01,0.0,7.3157,-10.8,6.178516
8/8/12 4:30,8297.3211,58.3,2.903,662.0526,-2.04,-1.26,0.1102,6.95,-5.91,0.0,6.4181,-8.3,6.580108
8/8/12 5:00,8300.6211,57.4,2.915,662.2506,-2.35,-1.5,0.1111,8.14,-6.86,0.5448,7.8642,-9.93,6.719165
8/8/12 5:30,8303.9211,57.2,3.211,662.3628,-2.98,-1.92,0.1159,11.38,-9.57,6.4503,11.2856,-12.67,6.276606
8/8/12 6:00,8307.2211,59.5,3.596,662.4816,-3.02,-1.78,0.1162,12.61,-10.87,37.683,12.6112,-11.75,6.033112
8/8/12 6:30,8310.4961,58.2,4.042,652.717,-2.86,-1.77,0.1092,13.59,-11.55,90.9849,13.4729,-11.52,6.2893
8/8/12 7:00,8313.7461,54.8,4.067,652.8925,-2.6,-1.84,0.0991,12.95,-10.58,179.4835,12.512,-11.93,5.2010203
8/8/12 7:30,8316.9961,61.0,4.643,653.0745,-2.66,-1.48,0.0759,14.14,-12.37,312.0274,13.0617,-9.6,5.7572483
8/8/12 8:00,8320.2461,60.2,4.847,653.094,-2.31,-1.33,0.0705,12.93,-11.22,235.0653,11.1951,-8.62,5.0583282
8/8/12 8:30,8323.4711,60.4,6.008,643.0848,-2.5,-1.42,0.0441,17.26,-15.01,490.3566,13.6941,-9.08,6.027919
8/8/12 9:00,8326.6711,60.4,7.54,643.1168,-1.86,-1.06,0.0167,16.12,-14.02,494.559,11.3989,-6.76,6.985739
8/8/12 9:30,8329.8711,65.0,8.623,643.0784,-1.5,-0.7,0.0036,14.3,-12.96,402.3195,8.7034,-4.48,6.460669
8/8/12 10:00,8333.0711,48.5,9.968,642.88,-1.48,-1.31,-0.0018,19.7,-14.75,410.302,9.8484,-8.38,5.0022438
8/8/12 10:30,8336.2711,62.6,11.081,642.688,-1.95,-1.01,-0.0095,24.31,-21.58,327.2984,9.3037,-6.46,6.567991
8/8/12 11:00,8339.4461,70.3,11.265,632.4885,-2.06,-0.74,-0.0032,24.7,-23.26,213.1652,6.3939,-4.66,9.510691
8/8/12 11:30,8342.5961,65.4,12.357,632.3121,-2.09,-0.95,-0.008,28.35,-25.77,106.4155,3.7,-6.02,8.334188
8/8/12 12:00,8345.7211,81.9,13.058,622.1514,-2.36,-0.34,0.0003,31.09,-30.78,0.0,0.0,-2.08,8.223981
8/8/12 12:30,8348.8211,68.8,13.191,622.1018,-2.29,-0.89,0.0098,32.36,-30.17,-77.6964,-4.2235,-5.5,9.401061
8/8/12 13:00,8351.9211,86.7,12.421,621.9902,-2.41,-0.14,0.0252,29.96,-29.91,-137.1412,-7.7541,-0.86,8.910611
8/8/12 13:30,8355.0211,89.9,13.747,621.8848,-2.86,-0.01,0.0093,39.39,-39.39,-352.8911,-15.072,-0.03,10.589104
8/8/12 14:00,8358.0961,98.1,14.293,611.83,-2.68,0.38,0.0194,38.63,-38.25,-389.1555,-19.317,2.32,9.660134
8/8/12 14:30,8361.1461,70.4,13.726,611.7385,-2.62,-0.93,0.027,38.21,-36.0,-460.1591,-23.2627,-5.7,11.587891
8/8/12 15:00,8364.1961,82.8,12.922,611.7141,-2.89,-0.37,0.0439,37.71,-37.41,-482.3048,-26.6624,-2.23,8.521136
8/8/12 15:30,8367.2461,76.9,12.524,611.647,-2.9,-0.68,0.0503,37.32,-36.35,-480.3223,-29.6092,-4.12,7.636595
8/8/12 16:00,8370.2961,65.6,11.905,611.5372,-2.87,-1.3,0.0561,37.5,-34.15,-442.8854,-32.4766,-7.94,9.455299
8/8/12 16:30,8373.3461,66.9,11.268,611.5982,-2.92,-1.25,0.0629,35.78,-32.91,-380.4148,-33.0526,-7.6,8.869067
8/8/12 17:00,8376.3711,74.1,10.709,601.602,-2.84,-0.81,0.0667,31.67,-30.45,-290.3119,-30.5875,-4.86,8.839063
8/8/12 17:30,8379.3711,65.5,9.989,601.608,-2.77,-1.26,0.0883,30.45,-27.71,-150.4656,-30.186,-7.58,11.007429
8/8/12 18:00,8382.3711,58.1,9.414,601.632,-3.32,-2.07,0.0974,36.86,-31.29,-123.632,-36.8558,-12.41,8.872529
8/8/12 18:30,8385.3711,66.6,8.184,601.806,-2.81,-1.22,0.1126,25.05,-22.99,-26.4557,-24.8369,-7.29,9.582239
8/8/12 19:00,8388.3711,68.1,7.693,601.956,-2.57,-1.03,0.1159,21.29,-19.75,-0.2569,-20.5612,-6.19,8.878299
8/8/12 19:30,8391.3711,72.5,6.807,602.136,-2.65,-0.84,0.1227,18.94,-18.06,0.0,-17.4956,-5.02,7.386754
8/8/12 20:00,8394.3711,70.2,6.563,602.34,-2.84,-1.02,0.1208,19.79,-18.62,0.0,-17.1364,-6.13,7.729492
8/8/12 20:30,8397.3711,63.0,6.071,602.55,-2.31,-1.17,0.1202,15.71,-14.0,0.0,-12.465,-7.05,6.725512
8/8/12 21:00,8400.3711,61.0,5.92,602.646,-2.5,-1.39,0.1172,16.94,-14.82,0.0,-11.9805,-8.33,5.947716
8/8/12 21:30,8403.3711,61.2,5.531,602.622,-2.71,-1.49,0.1184,17.13,-15.01,0.0,-10.4278,-8.95,6.645886
8/8/12 22:00,8406.3711,60.2,5.001,602.67,-2.48,-1.42,0.1228,14.29,-12.4,0.0,-7.1439,-8.52,6.101198
8/8/12 22:30,8409.3711,50.3,4.81,602.742,-1.62,-1.35,0.1219,10.16,-7.82,0.0,-3.8876,-8.09,6.550681
8/8/12 23:00,8412.3711,41.7,4.57,602.706,-0.85,-0.96,0.1221,5.86,-3.9,0.0,-1.5164,-5.74,6.550681
8/8/12 23:30,8415.3711,38.6,4.094,602.592,-0.53,-0.66,0.1267,3.46,-2.16,0.0,-0.4521,-3.97,6.550681
8/9/12 0:00,8418.3711,42.0,3.734,602.448,-0.44,-0.49,0.1262,2.48,-1.66,0.0,0.0,-2.97,6.547219
8/9/12 0:30,8421.3961,35.2,2.38,612.3912,-0.05,-0.06,0.1353,0.19,-0.11,0.0,0.0245,-0.39,6.468747
8/9/12 1:00,8424.4461,295.8,1.894,612.3241,0.2,-0.09,0.1375,0.41,0.37,0.0,0.1064,-0.58,6.448552
8/9/12 1:30,8427.4961,296.5,2.103,612.2997,0.33,-0.17,0.13,0.78,0.7,0.0,0.2994,-1.01,6.468747
8/9/12 2:00,8430.5461,63.0,1.549,612.3485,-0.4,-0.2,0.1397,0.7,-0.62,0.0,0.3493,-1.25,6.048691
8/9/12 2:30,8433.5961,59.9,1.697,612.3607,-0.46,-0.26,0.1474,0.9,-0.78,0.0,0.5455,-1.62,6.036574
8/9/12 3:00,8436.6461,40.3,1.67,612.3363,-0.19,-0.22,0.1511,0.48,-0.31,0.0,0.3401,-1.34,5.7442658
8/9/12 3:30,8439.6961,251.7,1.512,612.4522,0.47,0.16,0.1322,0.75,0.71,0.0,0.5974,0.95,6.048691
8/9/12 4:00,8442.7711,111.8,1.322,622.5234,-0.47,0.19,0.1403,0.66,-0.61,0.0,0.5736,1.15,5.982336
8/9/12 4:30,8445.8711,346.4,0.963,622.542,0.08,-0.35,0.1378,0.34,0.08,0.0,0.3158,-2.14,5.899825
8/9/12 5:00,8448.9711,30.4,0.913,622.6164,-0.16,-0.27,0.1299,0.28,-0.14,1.3204,0.2725,-1.65,5.990991
8/9/12 5:30,8452.0711,227.7,0.955,622.7094,0.31,0.28,0.1221,0.4,0.29,10.8355,0.3939,1.74,5.986952
8/9/12 6:00,8455.1711,273.0,1.486,622.759,0.37,-0.02,0.1128,0.55,0.54,48.18,0.5454,-0.12,5.801735
8/9/12 6:30,8458.2711,317.6,2.064,622.9078,0.4,-0.44,0.0921,1.22,0.82,184.8301,1.2114,-2.71,4.6743347
8/9/12 7:00,8461.3711,324.6,3.763,622.9388,0.46,-0.65,0.0636,2.99,1.73,290.5756,2.886,-4.01,3.8543023
8/9/12 7:30,8464.4711,351.4,5.996,622.9202,0.11,-0.73,0.0355,4.41,0.66,374.3606,4.0771,-4.51,4.1971557
8/9/12 8:00,8467.5711,350.9,7.839,622.7838,0.16,-0.97,0.0151,7.72,1.22,424.2719,6.6869,-6.03,6.109853
8/9/12 8:30,8470.6711,357.9,9.034,622.7652,0.04,-1.08,0.0042,9.8,0.36,457.4317,7.7764,-6.72,8.311685
8/9/12 9:00,8473.7711,284.0,10.053,622.728,0.4,-0.1,-0.0054,4.14,4.02,463.3614,2.9287,-0.62,5.5943612
8/9/12 9:30,8476.8711,357.1,10.394,622.6784,0.02,-0.42,-0.019,4.32,0.22,463.4787,2.6322,-2.58,8.765784
8/9/12 10:00,8479.9711,47.7,11.22,622.5544,-0.75,-0.68,-0.0365,11.38,-8.41,412.5145,5.6885,-4.23,7.271354
8/9/12 10:30,8483.0711,35.6,12.311,622.4552,-0.58,-0.81,-0.0374,12.21,-7.11,324.5653,4.6735,-5.0,8.063575
8/9/12 11:00,8486.1711,89.0,12.887,622.387,-1.31,-0.02,-0.0484,16.87,-16.87,234.0356,4.366,-0.14,8.341689
8/9/12 11:30,8489.2711,93.2,13.324,622.3746,-1.27,0.07,-0.0368,16.89,-16.87,100.7414,2.2052,0.44,8.566719
8/9/12 12:00,8492.3461,104.3,13.441,612.257,-1.99,0.51,-0.0364,27.57,-26.71,0.0,0.0,3.09,8.3665
8/9/12 12:30,8495.4211,104.6,13.53,622.0398,-2.0,0.52,-0.0232,27.99,-27.09,-119.7977,-3.6539,3.23,8.525752
8/9/12 13:00,8498.5211,91.1,13.535,621.9716,-1.98,0.04,-0.0135,26.85,-26.85,-232.411,-6.9502,0.24,10.669307
8/9/12 13:30,8501.6211,98.4,13.97,621.9096,-1.71,0.25,-0.0069,24.14,-23.88,-336.8693,-9.238,1.57,9.926131
8/9/12 14:00,8504.6961,,14.177,611.8361,,,-0.0026,18.54,,-415.887,-9.2718,,7.764112
8/9/12 14:30,8507.7211,92.0,14.069,601.758,-2.55,0.09,0.0071,35.85,-35.83,-464.6201,-21.8228,0.53,8.750782
8/9/12 15:00,8510.6961,82.5,13.49,591.7936,-2.14,-0.28,0.0159,29.07,-28.82,-491.1804,-20.5563,-1.66,12.533017
8/9/12 15:30,8513.6461,95.8,13.246,591.7523,-2.21,0.22,0.0205,29.38,-29.23,-483.7528,-23.3084,1.32,9.454722
8/9/12 16:00,8516.5961,100.5,12.685,591.7169,-2.86,0.53,0.0278,36.88,-36.26,-439.2221,-31.9349,3.13,7.865087
8/9/12 16:30,8519.5461,82.1,11.665,591.77,-2.85,-0.4,0.0446,33.6,-33.28,-376.8865,-31.0379,-2.34,7.117295
8/9/12 17:00,8522.4961,87.9,10.611,591.7582,-2.92,-0.11,0.0614,30.95,-30.93,-228.9891,-29.8976,-0.63,4.6459463
8/9/12 17:30,8525.4461,87.2,9.573,591.8172,-2.64,-0.13,0.0712,25.32,-25.29,-162.9231,-25.104,-0.76,11.248038
8/9/12 18:00,8528.3961,91.0,8.346,592.0473,-2.54,0.04,0.0831,21.17,-21.17,-92.38,-21.1738,0.26,7.555815
8/9/12 18:30,8531.3461,91.7,7.008,592.2361,-2.43,0.07,0.1011,17.02,-17.01,-27.2856,-16.8699,0.42,6.88361
8/9/12 19:00,8534.2961,93.1,6.254,592.4839,-2.32,0.13,0.1142,14.52,-14.5,-1.5387,-14.027,0.74,5.924636
8/9/12 19:30,8537.2461,86.6,5.71,592.6845,-2.68,-0.16,0.118,15.34,-15.32,0.0,-14.1749,-0.94,8.443818
8/9/12 20:00,8540.1961,83.0,5.141,592.8261,-2.6,-0.32,0.1174,13.49,-13.39,0.0,-11.6827,-1.89,6.210251
8/9/12 20:30,8543.1461,78.1,4.748,592.9795,-2.48,-0.52,0.1188,12.04,-11.78,0.0,-9.5527,-3.09,6.170438
8/9/12 21:00,8546.0961,77.1,4.046,593.1211,-1.74,-0.4,0.1239,7.2,-7.02,0.0,-5.0925,-2.34,6.53741
8/9/12 21:30,8549.0461,82.1,4.115,593.1447,-2.02,-0.28,0.1133,8.41,-8.33,0.0,-5.1178,-1.66,6.345846
8/9/12 22:00,8551.9961,81.5,3.549,593.0916,-1.98,-0.3,0.1179,7.12,-7.04,0.0,-3.5614,-1.75,6.53741
8/9/12 22:30,8554.9461,79.7,3.5,593.1683,-1.88,-0.34,0.1122,6.68,-6.57,0.0,-2.5569,-2.01,5.3767168
8/9/12 23:00,8557.8961,112.9,3.755,593.2745,-1.11,0.47,0.106,4.54,-4.19,0.0,-1.176,2.78,5.0265355
8/9/12 23:30,8560.8461,117.5,3.761,593.3099,-0.49,0.25,0.1031,2.06,-1.82,0.0,-0.2685,1.49,6.53741
8/10/12 0:00,8563.8211,132.1,3.187,603.108,-0.91,0.82,0.1158,3.92,-2.91,0.0,0.0,4.95,4.8353754
8/10/12 0:30,8566.8211,149.7,2.908,603.06,-0.35,0.6,0.1109,2.01,-1.02,0.0,0.2627,3.58,6.550681
8/10/12 1:00,8569.8211,138.7,2.903,603.048,-0.64,0.73,0.1074,2.82,-1.86,0.0,0.7311,4.39,6.550681
8/10/12 1:30,8572.8211,114.5,2.948,602.946,-0.5,0.23,0.0994,1.61,-1.46,0.0,0.6148,1.36,6.550681
8/10/12 2:00,8575.8461,89.0,2.893,612.9646,-0.66,-0.01,0.0961,1.91,-1.91,0.0,0.9532,-0.07,6.53741
8/10/12 2:30,8578.8961,101.3,3.417,612.8731,-0.68,0.14,0.0929,2.35,-2.31,0.0,1.4332,0.82,6.53741
8/10/12 3:00,8581.9461,148.9,2.904,612.8853,-0.13,0.21,0.0911,0.71,-0.37,0.0,0.5051,1.28,6.53741
8/10/12 3:30,8584.9961,64.5,2.529,612.8365,-0.68,-0.33,0.1019,1.91,-1.73,0.0,1.5168,-1.99,6.44509
8/10/12 4:00,8588.0461,154.8,2.359,612.8975,-0.14,0.29,0.1046,0.76,-0.33,0.0,0.6619,1.79,6.44509
8/10/12 4:30,8591.1211,117.5,1.964,622.9636,-0.47,0.24,0.1063,1.04,-0.92,0.0,0.9581,1.51,6.436435
8/10/12 5:00,8594.2211,141.9,1.632,623.0504,-0.22,0.28,0.0999,0.59,-0.36,0.9505,0.5675,1.76,6.400084
8/10/12 5:30,8597.3461,165.1,1.772,633.2319,-0.1,0.36,0.0959,0.66,-0.17,11.6743,0.6553,2.27,6.400084
8/10/12 6:00,8600.4961,164.9,2.36,633.3327,-0.11,0.42,0.0856,1.02,-0.27,32.142,1.0219,2.63,3.9219844
8/10/12 6:30,8603.6461,180.1,2.657,633.4209,0.0,0.36,0.0723,0.95,0.0,68.5287,0.9457,2.26,3.8452434
8/10/12 7:00,8606.7961,137.0,3.387,633.4587,-0.24,0.26,0.0592,1.19,-0.81,111.8233,1.1451,1.61,4.6657374
8/10/12 7:30,8609.9461,145.5,4.157,633.4335,-0.3,0.43,0.0447,2.18,-1.24,152.891,2.0163,2.73,4.3137674
8/10/12 8:00,8613.0961,106.6,4.955,633.3579,-0.64,0.19,0.0331,3.32,-3.19,165.0999,2.8794,1.21,3.8660731
8/10/12 8:30,8616.2711,142.0,5.326,643.488,-0.33,0.42,0.0237,2.83,-1.74,174.6385,2.2437,2.68,5.316478
8/10/12 9:00,8619.4711,134.4,6.31,643.5136,-0.5,0.49,0.0155,4.41,-3.15,177.761,3.1188,3.13,0.7473304
8/10/12 9:30,8622.6711,169.2,7.11,643.6544,-0.18,0.95,-0.0009,6.9,-1.29,237.6087,4.2028,6.1,5.0915634
8/10/12 10:00,8625.8711,194.0,8.721,643.616,0.18,0.74,-0.0275,6.65,1.61,343.6485,3.3227,4.73,6.112738
8/10/12 10:30,8629.0711,217.5,9.573,643.4944,0.41,0.54,-0.0387,6.47,3.94,280.7588,2.4765,3.43,6.31238
8/10/12 11:00,8632.2461,211.5,9.777,633.3012,0.35,0.57,-0.0387,6.52,3.41,196.541,1.6878,3.58,8.596723
8/10/12 11:30,8635.3961,163.0,10.396,633.1248,-0.26,0.85,-0.0452,9.24,-2.7,109.9436,1.2063,5.36,6.901497
8/10/12 12:00,8638.5211,161.7,10.495,622.8892,-0.48,1.46,-0.0441,16.1,-5.06,0.0,0.0,9.03,7.516579
8/10/12 12:30,8641.6211,189.2,12.138,622.728,0.17,1.04,-0.0552,12.79,2.05,-110.8676,-1.6699,6.45,8.087809
8/10/12 13:00,8644.7211,190.1,12.875,622.5172,0.23,1.28,-0.0644,16.69,2.93,-209.0207,-4.3187,7.91,8.787133
8/10/12 13:30,8647.8211,176.7,14.018,622.3374,-0.08,1.31,-0.0746,18.41,-1.06,-309.8718,-7.0435,8.13,9.342207
8/10/12 14:00,8650.9211,161.4,15.035,622.1328,-0.5,1.48,-0.0827,23.51,-7.5,-364.57,-11.7574,9.19,11.096287
8/10/12 14:30,8653.9961,189.0,15.622,612.0618,0.37,2.33,-0.0838,36.85,5.76,-421.5661,-22.4343,14.21,9.871316
8/10/12 15:00,8657.0461,191.2,15.853,612.2448,0.45,2.28,-0.0776,36.81,7.15,-432.7656,-26.0291,13.89,9.487034
8/10/12 15:30,8660.0961,175.1,15.209,612.2875,-0.18,2.14,-0.064,32.64,-2.79,-325.7588,-25.8939,13.04,7.87028
8/10/12 16:00,8663.1211,178.4,13.182,602.202,-0.06,2.13,-0.0391,28.14,-0.79,-228.9962,-24.373,12.81,8.982736
8/10/12 16:30,8666.1461,181.7,13.963,612.2936,0.07,2.37,-0.0593,33.11,0.98,-362.1857,-30.5862,14.46,6.787828
8/10/12 17:00,8669.1711,180.0,12.947,602.31,0.0,2.76,-0.0462,35.67,0.0,-228.7303,-34.4536,16.53,8.515943
8/10/12 17:30,8672.1711,178.6,12.101,602.358,-0.06,2.53,-0.0315,30.57,-0.75,-153.0781,-30.3056,15.15,7.413873
8/10/12 18:00,8675.1711,183.8,10.679,602.46,0.14,2.05,-0.0205,21.93,1.45,-83.469,-21.9347,12.3,6.62396
8/10/12 18:30,8678.1711,180.6,8.986,602.694,0.02,2.2,-0.005,19.76,0.21,-23.8036,-19.5912,13.19,5.5693771
8/10/12 19:00,8681.1961,180.4,7.477,612.9768,0.01,1.55,0.0093,11.57,0.08,-1.2142,-11.18,9.44,6.038882
8/10/12 19:30,8684.2461,161.6,6.554,613.1842,-0.51,1.52,0.0236,10.49,-3.31,0.0,-9.6942,9.27,7.235003
8/10/12 20:00,8687.2961,176.8,6.624,613.4221,-0.11,1.96,0.0191,12.98,-0.72,0.0,-11.2379,11.93,5.4011816
8/10/12 20:30,8690.3461,169.3,6.034,613.66,-0.37,1.94,0.0182,11.89,-2.21,0.0,-9.4354,11.81,5.7034719
8/10/12 21:00,8693.3961,159.2,5.536,613.843,-0.68,1.78,0.018,10.52,-3.74,0.0,-7.4415,10.84,5.255316
8/10/12 21:30,8696.4461,147.8,5.42,613.8552,-0.94,1.49,0.0141,9.53,-5.08,0.0,-5.8038,9.08,5.748074
8/10/12 22:00,8699.4961,139.0,4.711,613.8064,-1.07,1.23,0.0226,7.7,-5.05,0.0,-3.8512,7.53,3.2146978
8/10/12 22:30,8702.5461,124.8,4.222,613.7637,-1.11,0.77,0.0328,5.68,-4.67,0.0,-2.1747,4.69,5.981182
8/10/12 23:00,8705.5961,117.3,3.483,613.6905,-1.02,0.53,0.0423,4.0,-3.56,0.0,-1.0358,3.21,6.051576
8/10/12 23:30,8708.6461,126.2,3.046,613.7088,-1.2,0.88,0.0449,4.53,-3.66,0.0,-0.5912,5.36,6.089081
8/11/12 0:00,8711.7211,121.9,2.766,623.6704,-1.19,0.74,0.0469,3.89,-3.3,0.0,0.0,4.61,4.4664416
8/11/12 0:30,8714.8211,120.6,2.637,623.472,-1.35,0.8,0.0464,4.15,-3.57,0.0,0.5414,4.96,6.041767
8/11/12 1:00,8717.9211,119.8,2.625,623.3232,-1.32,0.76,0.0451,3.99,-3.46,0.0,1.0327,4.68,6.046383
8/11/12 1:30,8721.0211,85.5,2.407,623.3108,-0.95,-0.07,0.0477,2.28,-2.28,0.0,0.8741,-0.46,6.005993
8/11/12 2:00,8724.1211,111.6,2.561,623.3852,-0.98,0.39,0.0397,2.69,-2.5,0.0,1.3471,2.4,6.046383
8/11/12 2:30,8727.2211,102.2,2.553,623.3542,-1.01,0.22,0.0377,2.64,-2.59,0.0,1.6101,1.36,6.046383
8/11/12 3:00,8730.3211,108.7,2.322,623.4658,-0.84,0.28,0.0371,2.05,-1.94,0.0,1.4514,1.76,6.032535
8/11/12 3:30,8733.4211,113.1,2.265,623.4782,-0.7,0.3,0.0343,1.73,-1.6,0.0,1.3765,1.86,6.046383
8/11/12 4:00,8736.5461,68.0,2.352,633.5406,-0.49,-0.2,0.0269,1.24,-1.15,0.0,1.0775,-1.25,6.057346
8/11/12 4:30,8739.6961,75.3,2.079,633.6414,-0.63,-0.17,0.0326,1.35,-1.31,0.0,1.2504,-1.04,6.046383
8/11/12 5:00,8742.8461,72.8,1.974,633.717,-0.49,-0.15,0.0357,1.01,-0.96,0.0,0.9743,-0.95,6.04119
8/11/12 5:30,8745.9961,59.6,1.95,633.8115,-0.71,-0.41,0.0354,1.6,-1.38,17.6061,1.5815,-2.61,6.059654
8/11/12 6:00,8749.1461,81.7,1.732,633.7863,-0.58,-0.09,0.0308,1.02,-1.01,43.671,1.0236,-0.54,5.6904317
8/11/12 6:30,8752.2961,109.3,2.271,633.8997,-1.11,0.39,0.0062,2.66,-2.51,128.3425,2.6388,2.44,3.6880686
8/11/12 7:00,8755.4211,119.8,3.201,623.9742,-1.0,0.57,-0.0205,3.7,-3.21,161.9964,3.5774,3.56,3.7644057
8/11/12 7:30,8758.5211,188.9,4.306,624.0238,0.1,0.64,-0.0471,2.77,0.43,264.4984,2.558,3.94,4.2120423
8/11/12 8:00,8761.6211,223.8,6.361,623.8936,0.74,0.77,-0.0651,6.78,4.69,313.2509,5.8724,4.77,6.050422
8/11/12 8:30,8764.7211,250.2,7.025,623.7696,1.03,0.37,-0.0604,7.71,7.25,231.4521,6.1139,2.3,4.8488195
8/11/12 9:00,8767.7961,268.3,7.39,613.7454,1.08,0.03,-0.0576,7.99,7.99,229.7171,5.6488,0.2,2.8193374
8/11/12 9:30,8770.8461,236.4,8.84,613.8003,1.04,0.69,-0.0732,11.04,9.2,274.0248,6.7214,4.22,6.271413
8/11/12 10:00,8773.8961,226.7,9.411,613.8552,0.86,0.81,-0.0884,11.1,8.08,333.0515,5.5525,4.94,6.676467
8/11/12 10:30,8776.9461,232.2,11.077,613.8369,1.02,0.79,-0.1047,14.32,11.32,324.2722,5.481,4.83,7.134028
8/11/12 11:00,8779.9711,228.0,12.807,603.702,1.32,1.19,-0.1131,22.71,16.87,178.7909,5.877,7.12,7.51831
8/11/12 11:30,8782.9961,233.3,13.723,613.6722,1.21,0.9,-0.1134,20.75,16.64,84.2485,2.7083,5.51,9.421833
8/11/12 12:00,8786.0211,203.4,13.831,603.396,0.41,0.94,-0.1123,14.22,5.65,0.0,0.0,5.66,9.545888
8/11/12 12:30,8789.0211,198.5,14.301,603.186,0.5,1.5,-0.1136,22.64,7.18,-108.3523,-2.9549,9.01,8.228597
8/11/12 13:00,8792.0211,177.3,13.565,603.156,-0.08,1.66,-0.0965,22.6,-1.06,-142.6893,-5.8491,9.98,8.722509
8/11/12 13:30,8794.9961,191.5,11.874,593.1152,0.51,2.53,-0.0605,30.62,6.11,-98.2938,-11.7189,14.91,7.029014
8/11/12 14:00,8797.9461,189.9,12.741,593.0739,0.43,2.47,-0.0769,31.98,5.5,-299.6415,-15.99,14.59,9.818232
8/11/12 14:30,8800.9211,189.2,13.874,603.036,0.44,2.69,-0.0907,37.81,6.04,-450.6539,-23.0152,16.14,9.742645
8/11/12 15:00,8803.8961,162.8,12.999,592.9677,-1.0,3.23,-0.0697,43.98,-13.0,-348.7861,-31.0955,19.07,7.49523
8/11/12 15:30,8806.8461,166.8,12.062,592.95,-0.79,3.38,-0.0453,41.86,-9.56,-327.6145,-33.2059,19.93,10.773744
8/11/12 16:00,8809.7711,162.0,9.636,582.8594,-0.94,2.89,-0.0111,29.29,-9.05,-176.0881,-25.3689,16.77,12.493204
8/11/12 16:30,8812.6711,169.6,9.183,582.7666,-0.6,3.27,-0.0076,30.54,-5.51,-116.2767,-28.2177,18.97,7.878935
8/11/12 17:00,8815.5711,188.7,10.428,582.726,0.42,2.74,-0.0138,28.91,4.37,-94.341,-27.9215,15.89,7.983372
8/11/12 17:30,8818.4711,197.7,9.25,583.0972,0.58,1.81,-0.0083,17.57,5.34,-40.0861,-17.4155,10.49,6.322766
8/11/12 18:00,8821.3711,188.1,8.167,583.364,0.35,2.44,-0.0034,20.16,2.84,-15.364,-20.1562,14.17,5.55074
8/11/12 18:30,8824.2711,180.2,6.385,583.6018,0.01,1.54,0.0088,9.81,0.03,-2.9753,-9.7235,8.91,6.001377
8/11/12 19:00,8827.1711,163.2,4.628,583.654,-0.26,0.87,0.0225,4.23,-1.22,-0.5245,-4.0814,5.07,6.045806
8/11/12 19:30,8830.0961,139.7,4.208,593.8468,-0.67,0.79,0.0237,4.34,-2.81,0.0,-4.0121,4.64,6.025611
8/11/12 20:00,8833.0461,154.1,4.98,594.0002,-0.72,1.49,0.0143,8.24,-3.6,0.0,-7.1334,8.78,5.1268181
8/11/12 20:30,8835.9961,131.9,4.353,594.0887,-0.37,0.33,0.0214,2.17,-1.62,0.0,-1.7233,1.97,6.005416
8/11/12 21:00,8838.9461,343.0,2.741,594.0474,0.29,-0.96,0.0626,2.74,0.8,0.0,-1.9362,-5.64,5.995607
8/11/12 21:30,8841.8961,343.0,2.101,594.0002,0.39,-1.28,0.0753,2.81,0.82,0.0,-1.71,-7.54,6.048691
8/11/12 22:00,8844.8461,7.3,1.731,593.9648,-0.12,-0.93,0.0827,1.63,-0.21,0.0,-0.8153,-5.51,6.011763
8/11/12 22:30,8847.8211,17.3,1.323,603.942,-0.23,-0.74,0.0829,1.03,-0.31,0.0,-0.3929,-4.45,5.932137
8/11/12 23:00,8850.8211,21.4,1.124,603.888,-0.17,-0.43,0.0749,0.52,-0.19,0.0,-0.1338,-2.57,5.963872
8/11/12 23:30,8853.8211,323.0,1.07,603.828,0.35,-0.46,0.0674,0.62,0.37,0.0,-0.081,-2.78,5.924059
8/12/12 0:00,8856.8461,342.7,0.999,613.8674,0.18,-0.57,0.063,0.6,0.18,0.0,0.0,-3.47,5.902133
8/12/12 0:30,8859.8961,38.1,0.97,613.7271,-0.24,-0.31,0.058,0.39,-0.24,0.0,0.0503,-1.91,5.904441
8/12/12 1:00,8862.9461,348.3,1.044,613.6417,0.08,-0.41,0.054,0.43,0.09,0.0,0.1124,-2.48,5.842702
8/12/12 1:30,8865.9961,60.1,1.033,613.5258,-0.2,-0.12,0.0524,0.24,-0.21,0.0,0.0929,-0.71,5.86809
8/12/12 2:00,8869.0461,70.8,1.089,613.3977,-0.33,-0.12,0.049,0.38,-0.36,0.0,0.1911,-0.7,5.843279
8/12/12 2:30,8872.0961,97.8,1.095,613.2025,-0.38,0.05,0.0409,0.42,-0.42,0.0,0.256,0.32,5.792503
8/12/12 3:00,8875.1461,4.9,1.092,613.0927,-0.03,-0.4,0.0397,0.44,-0.04,0.0,0.3096,-2.44,5.792503
8/12/12 3:30,8878.1961,345.8,1.044,613.0744,0.1,-0.41,0.0404,0.45,0.11,0.0,0.3545,-2.53,5.792503
8/12/12 4:00,8881.2461,323.6,0.991,613.2086,0.35,-0.48,0.0454,0.59,0.35,0.0,0.5132,-2.94,5.845587
8/12/12 4:30,8884.2961,326.6,0.903,613.2452,0.43,-0.65,0.0562,0.71,0.39,0.0,0.6532,-3.99,5.92579
8/12/12 5:00,8887.3461,335.2,0.854,613.2818,0.33,-0.7,0.0604,0.66,0.28,0.0,0.6393,-4.29,5.890593
8/12/12 5:30,8890.3961,314.1,0.858,613.2818,0.53,-0.51,0.0632,0.63,0.45,4.5874,0.6244,-3.12,5.858281
8/12/12 6:00,8893.4461,355.9,0.914,613.1781,0.05,-0.64,0.0607,0.58,0.04,27.787,0.5831,-3.88,6.981123
8/12/12 6:30,8896.4961,83.6,0.931,613.1049,-0.16,-0.02,0.0519,0.15,-0.15,68.0339,0.1477,-0.11,4.4421499
8/12/12 7:00,8899.5461,253.5,1.018,613.2208,0.38,0.11,0.0376,0.41,0.39,116.112,0.3914,0.69,4.5791297
8/12/12 7:30,8902.5961,258.2,1.219,613.3977,0.73,0.15,0.0308,0.91,0.89,90.9449,0.8402,0.93,3.9199649
8/12/12 8:00,8905.6461,235.0,1.476,613.4038,0.51,0.36,0.0224,0.92,0.76,148.2298,0.7989,2.19,5.0023592
8/12/12 8:30,8908.6711,214.9,2.051,603.306,0.56,0.8,0.007,2.0,1.14,176.3172,1.5865,4.8,5.1174707
8/12/12 9:00,8911.6461,222.4,2.513,593.2509,0.71,0.78,0.0004,2.65,1.79,227.0025,1.8765,4.6,4.5026772
8/12/12 9:30,8914.5961,220.6,3.272,593.3099,0.64,0.75,-0.0093,3.23,2.1,148.6334,1.968,4.43,6.169861
8/12/12 10:00,8917.5461,223.6,3.851,593.2627,0.86,0.9,-0.0105,4.79,3.31,141.5305,2.3972,5.32,4.841607
8/12/12 10:30,8920.4961,219.9,5.048,593.2214,0.69,0.83,-0.0256,5.46,3.5,172.8887,2.0902,4.9,4.607345
8/12/12 11:00,8923.4461,207.3,7.328,593.0621,0.71,1.38,-0.0545,11.39,5.22,185.4397,2.9474,8.15,6.810908
8/12/12 11:30,8926.3711,225.8,9.548,582.7492,1.36,1.32,-0.0718,18.13,13.0,102.285,2.3667,7.68,7.404641
8/12/12 12:00,8929.2711,221.8,10.405,582.6912,1.12,1.25,-0.0724,17.46,11.64,0.0,0.0,7.26,7.999528
8/12/12 12:30,8932.1461,226.7,10.069,572.508,1.08,1.01,-0.0571,14.88,10.83,-47.0255,-1.9425,5.78,7.337132
8/12/12 13:00,8934.9961,201.9,9.93,572.3883,0.61,1.52,-0.0604,16.28,6.07,-128.0986,-4.2123,8.67,7.082675
8/12/12 13:30,8937.8461,192.6,12.359,572.1204,0.55,2.48,-0.0827,31.39,6.85,-253.752,-12.0131,14.13,8.195131
8/12/12 14:00,8940.6961,180.4,12.096,572.0463,0.02,2.74,-0.0723,33.19,0.23,-362.025,-16.5957,15.64,7.626786
8/12/12 14:30,8943.5461,173.0,12.991,571.9893,-0.3,2.48,-0.0731,32.48,-3.96,-408.9653,-19.771,14.14,13.022313
8/12/12 15:00,8946.3711,182.7,13.819,561.7976,0.13,2.85,-0.077,39.49,1.86,-455.3336,-27.927,15.99,9.014471
8/12/12 15:30,8949.1461,175.8,13.993,551.7545,-0.24,3.26,-0.0638,45.8,-3.35,-392.7639,-36.3349,17.95,10.390039
8/12/12 16:00,8951.8961,179.0,14.015,551.749,-0.05,2.88,-0.0637,40.36,-0.7,-374.5317,-34.9556,15.84,10.991273
8/12/12 16:30,8954.6461,188.6,14.883,551.628,0.44,2.88,-0.0678,43.37,6.49,-431.0055,-40.0678,15.85,10.301181
8/12/12 17:00,8957.3961,187.7,14.368,551.5235,0.39,2.86,-0.0449,41.48,5.56,-195.6985,-40.067,15.74,8.67808
8/12/12 17:30,8960.1461,197.5,13.54,551.551,0.66,2.09,-0.0464,29.63,8.91,-148.9329,-29.3721,11.48,8.032994
8/12/12 18:00,8962.8961,187.9,11.107,551.6885,0.24,1.76,-0.0266,19.75,2.71,-55.265,-19.7482,9.69,7.090753
8/12/12 18:30,8965.6461,176.3,8.81,551.9415,-0.06,0.93,-0.0086,8.2,-0.53,-20.4565,-8.1319,5.11,4.3463102
8/12/12 19:00,8968.3961,188.6,7.226,552.145,0.1,0.68,0.0037,4.95,0.74,0.0,-4.7811,3.73,6.11043
8/12/12 19:30,8971.1461,170.2,6.185,552.3155,-0.18,1.04,0.0175,6.56,-1.12,0.0,-6.057,5.74,5.970219
8/12/12 20:00,8973.8961,169.0,6.74,552.464,-0.38,1.97,0.0103,13.55,-2.59,0.0,-11.7382,10.86,7.338863
8/12/12 20:30,8976.6461,165.9,5.743,552.5355,-0.39,1.57,0.0151,9.28,-2.26,0.0,-7.3629,8.62,7.828736
8/12/12 21:00,8979.3961,161.0,4.819,552.651,-0.52,1.51,0.0204,7.67,-2.5,0.0,-5.4248,8.28,7.259237
8/12/12 21:30,8982.1461,136.8,3.817,552.695,-0.79,0.85,0.0289,4.43,-3.03,0.0,-2.6954,4.65,5.861166
8/12/12 22:00,8984.8961,110.7,3.593,552.761,-0.97,0.37,0.0401,3.74,-3.5,0.0,-1.8684,2.02,5.865205
8/12/12 22:30,8987.6461,116.6,3.6,552.772,-1.17,0.58,0.0523,4.7,-4.2,0.0,-1.7992,3.22,5.948293
8/12/12 23:00,8990.3961,109.0,3.424,552.673,-0.89,0.31,0.0488,3.24,-3.06,0.0,-0.8375,1.69,5.910211
8/12/12 23:30,8993.1461,106.6,3.015,552.6895,-0.88,0.26,0.0525,2.78,-2.67,0.0,-0.3632,1.45,5.952909
8/13/12 0:00,8995.9211,90.5,2.453,562.6712,-0.73,0.01,0.057,1.78,-1.78,0.0,0.0,0.04,5.969065
8/13/12 0:30,8998.7211,73.6,2.074,562.4808,-0.55,-0.16,0.0587,1.19,-1.14,0.0,0.1554,-0.91,5.924636
8/13/12 1:00,9001.5211,93.1,1.78,562.2176,-0.52,0.03,0.0606,0.92,-0.92,0.0,0.2382,0.16,5.890016
8/13/12 1:30,9004.3211,44.5,1.545,561.9824,-0.23,-0.24,0.0628,0.51,-0.36,0.0,0.1969,-1.33,5.804043
8/13/12 2:00,9007.1211,53.5,1.507,561.7864,-0.57,-0.42,0.0614,1.07,-0.86,0.0,0.5335,-2.36,5.804043
8/13/12 2:30,9009.9211,356.7,1.426,561.7696,0.01,-0.1,0.0576,0.14,0.01,0.0,0.0842,-0.54,5.804043
8/13/12 3:00,9012.7211,75.5,1.31,561.6744,-0.47,-0.12,0.0625,0.64,-0.62,0.0,0.4493,-0.68,5.7577099
8/13/12 3:30,9015.5211,326.6,1.12,561.5176,0.06,-0.09,0.0638,0.12,0.06,0.0,0.0915,-0.48,5.7539594
8/13/12 4:00,9018.3211,134.9,1.097,561.3776,-0.17,0.17,0.0599,0.27,-0.19,0.0,0.2318,0.96,5.7539594
8/13/12 4:30,9021.1211,3.2,0.977,561.4392,-0.01,-0.11,0.0539,0.1,-0.01,0.0,0.0957,-0.59,5.810967
8/13/12 5:00,9023.9211,54.5,1.015,561.5064,-0.14,-0.1,0.0409,0.17,-0.14,0.0,0.1657,-0.55,5.86809
8/13/12 5:30,9026.7461,151.4,1.028,571.5732,-0.24,0.43,0.0334,0.51,-0.24,5.8763,0.5014,2.46,5.829431
8/13/12 6:00,9029.5961,177.0,1.093,571.6188,-0.02,0.4,0.0198,0.44,-0.02,30.392,0.435,2.27,5.937907
8/13/12 6:30,9032.4461,177.9,1.292,571.596,-0.03,0.75,0.0121,0.97,-0.04,92.6297,0.9633,4.28,5.4374172
8/13/12 7:00,9035.2961,172.5,2.045,571.5846,-0.08,0.64,-0.0082,1.33,-0.17,259.6254,1.284,3.67,5.54497
8/13/12 7:30,9038.0961,214.6,4.063,551.518,0.75,1.08,-0.0464,5.35,3.04,389.2341,4.9437,5.96,4.6813741
8/13/12 8:00,9040.8461,220.7,5.688,551.529,0.92,1.07,-0.0597,8.03,5.23,268.37,6.9505,5.88,5.721532
8/13/12 8:30,9043.5961,223.8,6.291,551.397,0.86,0.89,-0.0553,7.8,5.4,201.7664,6.1888,4.92,5.6366553
8/13/12 9:00,9046.3461,206.8,7.716,551.2155,0.63,1.25,-0.0784,10.83,4.88,367.6008,7.6548,6.89,6.92977
8/13/12 9:30,9049.0961,212.0,10.209,551.1275,0.97,1.55,-0.1005,18.61,9.86,438.4836,11.3297,8.5,8.719047
8/13/12 10:00,9051.8211,203.4,11.822,541.1016,0.61,1.4,-0.1086,18.09,7.18,367.6525,9.0438,7.58,7.861048
8/13/12 10:30,9054.5211,233.3,12.668,541.107,1.34,1.0,-0.1043,21.24,17.03,251.7571,8.1298,5.41,7.540813
8/13/12 11:00,9057.2211,185.3,13.403,540.8802,0.12,1.29,-0.1135,17.37,1.6,159.4442,4.4958,6.97,9.401638
8/13/12 11:30,9059.8961,179.4,14.601,530.6148,-0.02,2.06,-0.1261,30.14,-0.32,104.7437,3.9336,10.94,7.938366
8/13/12 12:00,9062.5461,189.2,16.88,530.3551,0.43,2.63,-0.1402,45.04,7.2,0.0,0.0,13.96,9.68206
8/13/12 12:30,9065.1711,186.8,15.387,520.2496,0.32,2.72,-0.1204,42.13,4.99,-74.3113,-5.499,14.14,7.918171
8/13/12 13:00,9067.7711,175.1,15.789,520.078,-0.31,3.59,-0.1293,56.9,-4.86,-238.7921,-14.7277,18.67,9.349131
8/13/12 13:30,9070.3961,197.4,17.801,529.9894,1.07,3.43,-0.1278,63.91,19.11,-281.7009,-24.4556,18.16,11.945054
8/13/12 14:00,9073.0461,185.1,19.163,529.8516,0.34,3.83,-0.1318,73.7,6.55,-393.588,-36.8504,20.3,10.017874
8/13/12 14:30,9075.6711,192.6,19.668,519.7244,0.89,3.98,-0.1273,80.13,17.48,-449.8808,-48.7785,20.67,14.591753
8/13/12 15:00,9078.2461,201.8,19.104,509.7399,1.59,3.96,-0.1186,81.55,30.29,-471.4903,-57.6681,20.21,13.047701
8/13/12 15:30,9080.7711,199.8,17.014,499.76,1.14,3.17,-0.1059,57.27,19.4,-415.5394,-45.4347,15.84,10.504862
8/13/12 16:00,9083.2711,207.6,17.614,499.765,1.77,3.38,-0.1026,67.22,31.14,-335.5511,-58.2099,16.91,13.352934
8/13/12 16:30,9085.7711,219.3,17.586,499.835,2.62,3.2,-0.0942,72.67,46.02,-216.5943,-67.134,15.99,12.31895
8/13/12 17:00,9088.2461,210.4,16.127,489.8628,2.01,3.42,-0.0861,63.98,32.37,-177.6917,-61.7959,16.77,12.793821
8/13/12 17:30,9090.6961,213.1,15.096,489.9118,2.07,3.18,-0.0762,57.29,31.29,-74.7877,-56.7992,15.58,7.36829
8/13/12 18:00,9093.1461,203.3,13.035,490.0049,1.07,2.48,-0.0591,35.16,13.91,-40.058,-35.1554,12.14,6.753785
8/13/12 18:30,9095.5961,187.9,9.927,490.098,0.37,2.66,-0.0388,26.61,3.66,-13.3488,-26.3866,13.01,5.959833
8/13/12 19:00,9098.0461,189.2,7.864,490.1617,0.52,3.22,-0.0213,25.64,4.1,0.0,-24.7631,15.77,5.90848
8/13/12 19:30,9100.4961,193.3,7.388,490.2597,0.76,3.22,-0.019,24.45,5.62,0.0,-22.586,15.78,8.323802
8/13/12 20:00,9102.9461,186.0,6.612,490.4655,0.34,3.22,-0.0148,21.4,2.24,0.0,-18.5356,15.77,6.570299
8/13/12 20:30,9105.4211,186.4,6.07,500.8,0.34,3.05,-0.0148,18.62,2.08,0.0,-14.7696,15.24,6.116777
8/13/12 21:00,9107.9211,185.2,5.891,500.845,0.22,2.45,-0.015,14.51,1.32,0.0,-10.2598,12.26,5.0239967
8/13/12 21:30,9110.4211,180.8,5.798,500.825,0.04,2.66,-0.0144,15.41,0.22,0.0,-9.3817,13.29,4.6633717
8/13/12 22:00,9112.9211,192.5,5.967,500.905,0.7,3.14,-0.0218,19.22,4.16,0.0,-9.6099,15.72,6.518369
8/13/12 22:30,9115.4211,195.6,5.76,500.955,0.75,2.69,-0.0243,16.1,4.33,0.0,-6.1609,13.46,6.079849
8/13/12 23:00,9117.9211,195.4,6.071,501.01,0.77,2.81,-0.0308,17.69,4.7,0.0,-4.5787,14.05,5.3842178
8/13/12 23:30,9120.4211,188.7,5.62,500.93,0.42,2.74,-0.0269,15.6,2.36,0.0,-2.0356,13.72,5.6554078
8/14/12 0:00,9122.9211,194.5,5.825,500.925,0.7,2.69,-0.029,16.19,4.05,0.0,0.0,13.46,5.3580797
8/14/12 0:30,9125.4211,200.2,5.37,500.85,0.97,2.64,-0.0272,15.08,5.21,0.0,1.9682,13.18,4.2429118
8/14/12 1:00,9127.9211,198.3,4.851,500.83,0.82,2.49,-0.0223,12.72,3.99,0.0,3.292,12.45,5.3866412
8/14/12 1:30,9130.4211,193.7,4.729,500.86,0.44,1.79,-0.0203,8.72,2.06,0.0,3.3353,8.95,6.094851
8/14/12 2:00,9132.9211,193.2,5.004,500.73,0.42,1.79,-0.0204,9.22,2.1,0.0,4.6087,8.97,4.7949854
8/14/12 2:30,9135.4211,188.9,4.632,500.7,0.27,1.74,-0.0168,8.14,1.26,0.0,4.9544,8.68,6.049268
8/14/12 3:00,9137.9211,194.9,4.946,500.865,0.63,2.37,-0.0227,12.12,3.12,0.0,8.572,11.84,5.0632327
8/14/12 3:30,9140.4211,200.2,5.043,501.015,0.8,2.17,-0.026,11.66,4.03,0.0,9.254,10.85,4.6496968
8/14/12 4:00,9142.9211,204.0,4.811,501.18,0.77,1.72,-0.0225,9.07,3.69,0.0,7.8538,8.61,4.4380532
8/14/12 4:30,9145.4211,182.4,4.002,501.42,0.04,0.94,-0.0111,3.75,0.16,0.0,3.4644,4.68,5.980028
8/14/12 5:00,9147.9461,179.9,3.951,511.581,0.0,1.09,-0.012,4.31,-0.01,0.0,4.1675,5.57,5.980028
8/14/12 5:30,9150.4961,197.3,3.952,511.9023,0.28,0.9,-0.0135,3.71,1.1,5.794,3.6831,4.58,5.895209
8/14/12 6:00,9153.0461,189.5,4.176,512.1369,0.14,0.84,-0.0181,3.57,0.59,21.12,3.5663,4.3,4.0465587
8/14/12 6:30,9155.5961,162.8,4.174,512.3868,-0.07,0.24,-0.0222,1.06,-0.31,32.0564,1.047,1.23,4.0203629
8/14/12 7:00,9158.1461,244.1,4.796,512.6418,0.29,0.14,-0.029,1.55,1.39,38.1434,1.4963,0.72,6.544334
8/14/12 7:30,9160.6961,241.4,5.595,512.9325,0.71,0.39,-0.0354,4.54,3.99,81.7107,4.1973,1.98,2.7391344
8/14/12 8:00,9163.2461,249.8,6.538,513.2589,1.61,0.59,-0.0452,11.23,10.54,145.3728,9.7218,3.02,6.545488
8/14/12 8:30,9165.7711,264.7,6.029,503.445,2.33,0.22,-0.0227,14.13,14.07,109.2154,11.2117,1.08,4.9411395
8/14/12 9:00,9168.2711,279.3,4.803,503.68,1.79,-0.29,-0.0048,8.71,8.59,138.2825,6.1574,-1.46,5.980605
8/14/12 9:30,9170.7711,244.9,3.983,503.76,1.58,0.74,0.0107,6.96,6.3,79.9079,4.2359,3.71,5.1187401
8/14/12 10:00,9173.3211,,2.661,523.9624,,,0.0412,5.22,,45.739,2.6118,,4.8575322
8/14/12 10:30,9175.9461,,1.82,534.0757,,,0.056,3.55,,30.9556,1.3588,,4.4483238
8/14/12 11:00,9178.6461,,1.607,554.488,,,0.0495,3.12,,37.4434,0.8065,,4.4217241
8/14/12 11:30,9181.4211,,2.035,564.564,,,0.0405,3.92,,32.6129,0.5116,,5.1102582
8/14/12 12:00,9184.2461,299.8,2.602,574.6341,1.13,-0.65,0.0286,3.38,2.93,0.0,0.0,-3.68,4.7994283
8/14/12 12:30,9187.0961,322.7,3.673,574.5201,0.61,-0.8,0.0169,3.7,2.24,-47.3839,-0.4828,-4.57,5.0951985
8/14/12 13:00,9189.9211,323.9,4.59,564.3624,0.55,-0.75,0.0122,4.27,2.52,-85.6952,-1.1048,-4.21,5.359753
8/14/12 13:30,9192.6961,359.4,5.517,554.081,0.01,-0.67,0.0014,3.7,0.04,-129.9034,-1.4145,-3.68,4.0919109
8/14/12 14:00,9195.4711,303.2,7.457,564.1664,0.37,-0.24,-0.0142,3.28,2.75,-223.933,-1.6405,-1.35,5.6543692
8/14/12 14:30,9198.2711,44.2,8.427,564.172,-0.24,-0.25,-0.0241,2.93,-2.04,-320.8952,-1.7853,-1.4,5.899825
8/14/12 15:00,9201.0711,199.3,9.255,564.2224,0.09,0.27,-0.0319,2.64,0.87,-219.1946,-1.8651,1.51,5.2762611
8/14/12 15:30,9203.8711,183.6,8.909,564.2952,0.03,0.51,-0.0335,4.59,0.29,-211.0193,-3.64,2.88,5.7363032
8/14/12 16:00,9206.6711,174.1,7.758,564.452,-0.11,1.08,-0.036,8.39,-0.86,-265.5883,-7.2696,6.03,5.897517
8/14/12 16:30,9209.4711,154.1,7.728,564.6648,-0.76,1.56,-0.0437,13.44,-5.87,-264.5695,-12.416,8.76,6.250064
8/14/12 17:00,9212.2461,156.3,8.147,554.686,-0.54,1.23,-0.0538,10.9,-4.38,-259.2516,-10.5293,6.74,8.297837
8/14/12 17:30,9214.9961,116.7,8.239,554.796,-0.8,0.4,-0.0541,7.35,-6.57,-184.6051,-7.2863,2.2,8.264371
8/14/12 18:00,9217.7461,108.9,6.752,554.972,-1.0,0.34,-0.0399,7.12,-6.74,-92.221,-7.1234,1.88,5.7175507
8/14/12 18:30,9220.4961,114.8,5.515,555.159,-0.74,0.34,-0.0114,4.47,-4.06,-15.0809,-4.4344,1.87,6.042344
8/14/12 19:00,9223.2461,110.5,4.662,555.2855,-0.99,0.37,0.0072,4.93,-4.62,0.0,-4.7598,2.04,5.980028
8/14/12 19:30,9225.9961,101.8,3.751,555.5055,-1.04,0.22,0.0092,3.97,-3.88,0.0,-3.6665,1.19,5.956948
8/14/12 20:00,9228.7461,79.1,3.616,555.7145,-1.0,-0.19,0.0143,3.69,-3.63,0.0,-3.1973,-1.06,5.96618
8/14/12 20:30,9231.4961,122.5,2.751,555.8905,-0.75,0.48,0.0339,2.45,-2.07,0.0,-1.9468,2.64,5.873283
8/14/12 21:00,9234.2461,105.1,3.026,556.017,-1.0,0.27,0.0364,3.12,-3.02,0.0,-2.2082,1.48,5.869821
8/14/12 21:30,9236.9961,91.7,3.493,556.171,-0.64,0.02,0.0326,2.23,-2.22,0.0,-1.3545,0.1,5.911942
8/14/12 22:00,9239.7461,99.0,2.942,556.3965,-0.81,0.13,0.0318,2.4,-2.37,0.0,-1.2003,0.7,5.944254
8/14/12 22:30,9242.4961,73.5,2.74,556.6165,-0.87,-0.26,0.0223,2.48,-2.38,0.0,-0.95,-1.42,5.98926
8/14/12 23:00,9245.2711,66.0,2.39,566.72,-1.27,-0.57,0.0272,3.33,-3.04,0.0,-0.8617,-3.17,5.959256
8/14/12 23:30,9248.0461,63.0,2.244,556.534,-1.91,-0.98,0.0444,4.82,-4.3,0.0,-0.6294,-5.37,6.042344
8/15/12 0:00,9250.7961,62.5,2.096,556.534,-1.56,-0.81,0.0545,3.68,-3.26,0.0,0.0,-4.46,5.3867566
8/15/12 0:30,9253.5461,58.7,2.19,556.655,-1.77,-1.08,0.0519,4.55,-3.89,0.0,0.5937,-5.93,5.5248327
8/15/12 1:00,9256.2961,58.5,2.444,556.457,-2.38,-1.46,0.0492,6.81,-5.81,0.0,1.7623,-8.01,7.12595
8/15/12 1:30,9259.0211,54.7,2.298,546.156,-2.19,-1.55,0.0487,6.17,-5.03,0.0,2.3603,-8.38,5.0428069
8/15/12 2:00,9261.7461,65.2,2.123,556.336,-1.71,-0.79,0.0471,4.01,-3.64,0.0,2.0052,-4.36,5.4003161
8/15/12 2:30,9264.4961,58.9,2.2,556.413,-1.27,-0.77,0.0445,3.26,-2.8,0.0,1.9875,-4.22,5.866936
8/15/12 3:00,9267.2461,60.0,2.373,556.5285,-1.26,-0.73,0.0393,3.44,-2.98,0.0,2.4347,-3.99,4.5461253
8/15/12 3:30,9269.9961,64.9,2.703,556.4955,-1.6,-0.75,0.0353,4.77,-4.32,0.0,3.7806,-4.11,4.6746809
8/15/12 4:00,9272.7211,59.2,2.62,546.3612,-1.24,-0.74,0.0381,3.78,-3.25,0.0,3.2764,-3.99,6.044075
8/15/12 4:30,9275.4211,69.1,2.293,546.399,-0.72,-0.27,0.0441,1.77,-1.65,0.0,1.6312,-1.48,5.992722
8/15/12 5:00,9278.1461,77.7,2.151,556.589,-0.85,-0.19,0.048,1.87,-1.83,0.0,1.8097,-1.02,5.936176
8/15/12 5:30,9280.8961,133.4,1.903,556.7485,-0.65,0.62,0.0466,1.71,-1.24,10.3477,1.6962,3.4,6.235062
8/15/12 6:00,9283.6461,80.3,2.381,556.7815,-0.86,-0.15,0.0295,2.08,-2.05,42.099,2.0786,-0.81,5.4421486
8/15/12 6:30,9286.3961,64.7,2.745,556.699,-1.12,-0.53,0.0174,3.39,-3.06,114.0548,3.3611,-2.9,4.7570765
8/15/12 7:00,9289.1211,61.3,3.744,546.6258,-1.42,-0.78,-0.0046,6.07,-5.32,265.2558,5.8586,-4.2,5.5546636
8/15/12 7:30,9291.8211,82.6,4.563,546.642,-1.7,-0.22,-0.0191,7.84,-7.77,336.67,7.2425,-1.19,4.9388892
8/15/12 8:00,9294.5211,108.9,5.079,546.7122,-1.14,0.39,-0.0308,6.1,-5.77,357.2606,5.2827,2.1,5.6866235
8/15/12 8:30,9297.2211,117.6,5.757,546.804,-1.34,0.7,-0.0368,8.7,-7.71,339.1022,6.9012,3.78,6.750323
8/15/12 9:00,9299.9211,116.6,5.824,546.885,-0.9,0.45,-0.0321,5.87,-5.25,204.2874,4.1511,2.44,6.801676
8/15/12 9:30,9302.6211,121.9,5.923,547.0092,-0.6,0.37,-0.0338,4.15,-3.52,170.2541,2.5276,2.0,6.463554
8/15/12 10:00,9305.3211,63.4,6.518,546.966,-0.75,-0.38,-0.0418,5.48,-4.9,184.3955,2.7376,-2.03,6.761286
8/15/12 10:30,9308.0211,127.1,7.004,546.7446,-0.33,0.25,-0.0522,2.9,-2.31,146.0408,1.1097,1.35,8.994853
8/15/12 11:00,9310.7211,96.5,8.019,546.507,-0.82,0.09,-0.0621,6.6,-6.56,166.1077,1.7081,0.5,9.916322
8/15/12 11:30,9313.3961,114.8,9.36,536.2275,-0.11,0.05,-0.0786,1.16,-1.05,103.4733,0.1515,0.28,8.548832
8/15/12 12:00,9316.0461,142.8,10.375,536.0261,-0.18,0.23,-0.0734,3.06,-1.85,0.0,0.0,1.25,7.636018
8/15/12 12:30,9318.6961,147.4,9.358,535.8883,-0.51,0.8,-0.0653,8.88,-4.78,-48.3352,-1.1592,4.24,11.013776
8/15/12 13:00,9321.3211,196.6,11.723,525.6316,0.31,1.04,-0.0885,12.77,3.65,-169.5208,-3.3042,5.43,7.738147
8/15/12 13:30,9323.9211,206.9,10.442,525.5276,0.47,0.92,-0.067,10.76,4.87,-76.9029,-4.1159,4.78,9.547042
8/15/12 14:00,9326.5211,291.0,4.921,525.4028,1.72,-0.66,0.006,9.08,8.48,-41.718,-4.5421,-3.44,6.311226
8/15/12 14:30,9329.1461,75.2,4.526,535.3212,-0.42,-0.11,-0.0056,1.98,-1.91,-171.2769,-1.204,-0.59,10.41485
8/15/12 15:00,9331.7711,160.1,8.276,525.1168,-0.3,0.82,-0.0518,7.26,-2.47,-258.7587,-5.1322,4.29,6.828218
8/15/12 15:30,9334.3711,180.7,10.623,524.9764,0.04,2.97,-0.0585,31.59,0.39,-211.746,-25.0643,15.46,9.962482
8/15/12 16:00,9336.9711,178.7,11.157,524.9556,-0.08,3.49,-0.0708,38.97,-0.88,-323.2518,-33.7502,18.16,9.182378
8/15/12 16:30,9339.5711,177.4,10.914,524.9868,-0.18,4.01,-0.0624,43.84,-1.99,-242.6025,-40.5043,20.87,9.417794
8/15/12 17:00,9342.1711,174.2,9.863,525.0804,-0.34,3.36,-0.0471,33.28,-3.36,-147.3037,-32.1438,17.45,8.315147
8/15/12 17:30,9344.7461,166.0,8.959,514.998,-0.81,3.23,-0.0365,29.85,-7.22,-123.7829,-29.596,16.49,7.757188
8/15/12 18:00,9347.2961,164.3,8.288,515.0898,-0.89,3.15,-0.0287,27.13,-7.34,-88.68,-27.1349,16.07,8.670579
8/15/12 18:30,9349.8461,167.9,7.054,515.1918,-0.61,2.86,-0.0148,20.62,-4.32,-19.2747,-20.4424,14.58,6.662619
8/15/12 19:00,9352.3961,167.6,5.959,515.2428,-0.63,2.85,-0.0052,17.39,-3.74,0.0,-16.8016,14.54,7.323861
8/15/12 19:30,9354.9711,167.4,5.324,525.4808,-0.58,2.57,0.0017,14.04,-3.06,0.0,-12.9707,13.38,5.880784
8/15/12 20:00,9357.5711,171.9,5.126,525.5796,-0.35,2.48,0.0011,12.87,-1.81,0.0,-11.1425,12.92,6.567991
8/15/12 20:30,9360.1711,172.3,4.823,525.7616,-0.33,2.44,-0.0003,11.9,-1.59,0.0,-9.4396,12.71,6.207366
8/15/12 21:00,9362.7711,166.3,4.315,525.902,-0.42,1.74,0.0034,7.74,-1.83,0.0,-5.4738,9.06,6.030227
8/15/12 21:30,9365.3711,166.5,4.077,525.9176,-0.38,1.57,0.0061,6.6,-1.54,0.0,-4.0182,8.19,5.93733
8/15/12 22:00,9367.9711,167.9,4.6,525.8708,-0.41,1.91,-0.0016,8.97,-1.88,0.0,-4.485,9.91,5.5187165
8/15/12 22:30,9370.5711,160.6,4.6,525.8448,-0.55,1.57,0.0002,7.65,-2.54,0.0,-2.9292,8.16,5.4628052
8/15/12 23:00,9373.1711,159.4,4.288,525.7304,-0.56,1.49,0.0074,6.82,-2.4,0.0,-1.7657,7.74,5.5098307
8/15/12 23:30,9375.7711,158.1,4.174,525.6056,-0.63,1.58,0.012,7.1,-2.65,0.0,-0.9273,8.21,5.838086
8/16/12 0:00,9378.3711,175.0,4.367,525.5328,-0.15,1.7,0.0096,7.45,-0.65,0.0,0.0,8.83,5.3916034
8/16/12 0:30,9380.9711,161.9,3.604,525.4444,-0.43,1.3,0.0182,4.93,-1.53,0.0,0.6435,6.76,4.6963761
8/16/12 1:00,9383.5961,163.8,3.263,535.4908,-0.43,1.48,0.0157,5.04,-1.41,0.0,1.3048,7.86,6.224099
8/16/12 1:30,9386.2461,167.1,2.934,535.3901,-0.36,1.59,0.017,4.78,-1.07,0.0,1.8302,8.42,5.899248
8/16/12 2:00,9388.8961,172.1,2.597,535.2841,-0.2,1.44,0.0166,3.76,-0.52,0.0,1.8815,7.61,4.4838093
8/16/12 2:30,9391.5461,159.1,2.324,535.2152,-0.45,1.17,0.0222,2.91,-1.04,0.0,1.7741,6.21,5.858281
8/16/12 3:00,9394.1961,165.2,2.297,535.0986,-0.24,0.9,0.0261,2.13,-0.55,0.0,1.5089,4.76,5.838663
8/16/12 3:30,9396.8711,174.0,2.536,545.049,-0.07,0.63,0.0243,1.6,-0.17,0.0,1.2715,3.39,5.901556
8/16/12 4:00,9399.5711,22.7,2.189,545.13,-0.15,-0.35,0.0375,0.83,-0.32,0.0,0.7223,-1.9,5.83924
8/16/12 4:30,9402.2711,98.5,1.558,545.0868,-0.49,0.07,0.0593,0.77,-0.76,0.0,0.7096,0.39,5.6803342
8/16/12 5:00,9404.9711,12.4,1.379,545.0976,-0.08,-0.36,0.0631,0.51,-0.11,0.0,0.4915,-1.95,5.4902704
8/16/12 5:30,9407.6711,128.6,1.255,545.1138,-0.53,0.43,0.0631,0.86,-0.67,22.1102,0.8486,2.3,5.3606185
8/16/12 6:00,9410.3711,116.8,1.431,545.1246,-0.21,0.1,0.0333,0.33,-0.3,83.244,0.3306,0.56,5.0158033
8/16/12 6:30,9413.0711,133.2,2.235,545.1948,-0.31,0.29,-0.0007,0.96,-0.7,87.2551,0.9506,1.59,5.1102582
8/16/12 7:00,9415.7711,196.5,3.377,545.3352,0.11,0.36,-0.0236,1.27,0.36,125.6148,1.2232,1.94,3.6472747
8/16/12 7:30,9418.4711,257.4,4.327,545.4324,0.32,0.07,-0.0293,1.41,1.38,138.6836,1.3072,0.39,3.2127937
8/16/12 8:00,9421.1461,200.4,6.114,535.3159,0.25,0.68,-0.0514,4.46,1.55,338.6454,3.86,3.62,5.815583
8/16/12 8:30,9423.7961,211.9,8.366,535.3265,0.85,1.37,-0.0838,13.53,7.15,449.633,10.7323,7.28,7.632556
8/16/12 9:00,9426.4461,197.3,10.065,535.3424,0.54,1.72,-0.0994,18.14,5.39,463.5354,12.8249,9.12,6.349308
8/16/12 9:30,9429.0961,184.7,11.091,535.3901,0.14,1.69,-0.1053,18.84,1.54,411.194,11.4713,8.97,7.347518
8/16/12 10:00,9431.7211,192.6,12.505,525.278,0.44,1.95,-0.1073,24.98,5.45,360.3965,12.4925,10.14,8.032417
8/16/12 10:30,9434.3211,189.2,13.35,525.2884,0.28,1.75,-0.1134,23.62,3.78,285.2652,9.0375,9.08,8.234367
8/16/12 11:00,9436.8961,190.7,14.94,515.1,0.31,1.65,-0.1222,25.14,4.67,206.2454,6.5078,8.43,8.623265
8/16/12 11:30,9439.4461,179.0,14.786,515.0082,-0.03,1.87,-0.1158,27.65,-0.48,87.1009,3.609,9.54,9.897858
8/16/12 12:00,9441.9961,164.2,15.091,514.8756,-0.61,2.14,-0.1174,33.61,-9.15,0.0,0.0,10.93,9.72245
8/16/12 12:30,9444.5211,168.3,15.301,504.64,-0.44,2.14,-0.1102,33.49,-6.79,-83.5942,-4.3718,10.72,10.361189
8/16/12 13:00,9447.0211,168.8,15.964,504.535,-0.51,2.56,-0.108,41.68,-8.1,-170.6811,-10.7881,12.81,14.973727
8/16/12 13:30,9449.5211,166.4,16.179,504.45,-0.57,2.35,-0.1067,39.19,-9.21,-251.658,-14.9957,11.77,13.287733
8/16/12 14:00,9452.0211,166.1,15.225,504.335,-0.54,2.19,-0.0886,34.29,-8.24,-252.262,-17.1434,10.93,16.203891
8/16/12 14:30,9454.4961,164.6,15.437,494.0768,-0.66,2.39,-0.0882,38.22,-10.15,-331.5522,-23.2681,11.7,12.057569
8/16/12 15:00,9456.9461,167.9,14.835,494.0768,-0.44,2.06,-0.0809,31.29,-6.56,-289.1876,-22.1233,10.1,14.772931
8/16/12 15:30,9459.3711,170.1,15.386,483.9552,-0.37,2.12,-0.0856,33.1,-5.69,-381.4356,-26.2563,10.17,12.559559
8/16/12 16:00,9461.7711,167.6,13.86,483.9744,-0.36,1.65,-0.0624,23.37,-5.02,-263.47,-20.2372,7.9,7.890475
8/16/12 16:30,9464.1711,155.4,13.021,483.9696,-0.79,1.72,-0.0562,24.61,-10.24,-251.6288,-22.7364,8.25,10.979733
8/16/12 17:00,9466.5711,173.6,13.427,484.0128,-0.25,2.24,-0.0579,30.26,-3.37,-245.0863,-29.2332,10.75,8.705199
8/16/12 17:30,9468.9711,183.5,12.212,483.9984,0.15,2.38,-0.0468,29.11,1.78,-181.0259,-28.8643,11.42,9.289123
8/16/12 18:00,9471.3711,176.9,9.99,484.0752,-0.12,2.17,-0.0275,21.67,-1.17,-85.323,-21.6683,10.4,7.448493
8/16/12 18:30,9473.7711,162.4,7.888,484.2096,-0.53,1.69,-0.0074,13.95,-4.22,-18.7115,-13.8345,8.09,5.5606644
8/16/12 19:00,9476.1711,153.3,6.337,484.2576,-0.68,1.35,0.011,9.56,-4.3,0.0,-9.2367,6.47,7.588704
8/16/12 19:30,9478.5711,151.3,5.834,484.3104,-0.81,1.48,0.0184,9.83,-4.72,0.0,-9.082,7.09,8.308223
8/16/12 20:00,9480.9711,153.4,4.764,484.512,-0.61,1.21,0.0263,6.44,-2.88,0.0,-5.578,5.8,6.848413
8/16/12 20:30,9483.3711,143.3,4.355,484.68,-0.62,0.83,0.0275,4.51,-2.7,0.0,-3.5794,3.99,6.050422
8/16/12 21:00,9485.7711,104.9,3.829,484.7376,-0.64,0.17,0.0316,2.54,-2.45,0.0,-1.7951,0.82,6.015802
8/16/12 21:30,9488.1711,86.1,4.183,484.7856,-0.55,-0.04,0.0221,2.31,-2.31,0.0,-1.4082,-0.18,6.050422
8/16/12 22:00,9490.5711,111.5,2.746,484.7616,-0.69,0.27,0.0432,2.05,-1.91,0.0,-1.0243,1.31,5.935022
8/16/12 22:30,9492.9961,111.2,2.466,494.802,-0.86,0.33,0.0409,2.28,-2.12,0.0,-0.872,1.64,5.900979
8/16/12 23:00,9495.4461,117.8,2.282,494.8363,-0.64,0.34,0.0392,1.66,-1.47,0.0,-0.43,1.66,5.846741
8/16/12 23:30,9497.8961,130.9,2.316,494.8118,-0.86,0.74,0.0369,2.63,-1.99,0.0,-0.3437,3.65,5.846741
8/17/12 0:00,9500.3461,82.1,2.483,494.8804,-0.67,-0.09,0.0324,1.67,-1.66,0.0,0.0,-0.45,5.901556
8/17/12 0:30,9502.8211,75.2,1.915,505.0,-0.53,-0.14,0.0426,1.04,-1.01,0.0,0.136,-0.69,5.852511
8/17/12 1:00,9505.3211,72.5,1.609,504.965,-0.57,-0.18,0.0453,0.97,-0.92,0.0,0.2507,-0.91,5.7376303
8/17/12 1:30,9507.8211,73.3,1.504,504.985,-0.51,-0.15,0.0456,0.8,-0.77,0.0,0.3068,-0.77,5.7127616
8/17/12 2:00,9510.3211,67.5,1.453,505.015,-0.51,-0.21,0.0459,0.8,-0.74,0.0,0.401,-1.06,5.6966633
8/17/12 2:30,9512.8211,80.7,1.422,505.05,-0.52,-0.08,0.0451,0.74,-0.73,0.0,0.4519,-0.42,5.7144926
8/17/12 3:00,9515.3211,88.3,1.432,505.105,-0.41,-0.01,0.0443,0.59,-0.59,0.0,0.4141,-0.06,5.7120115
8/17/12 3:30,9517.8211,72.4,1.498,505.145,-0.39,-0.12,0.0435,0.61,-0.58,0.0,0.4849,-0.62,5.7120115
8/17/12 4:00,9520.3461,100.1,1.481,515.2071,-0.46,0.08,0.0465,0.69,-0.68,0.0,0.6002,0.42,5.6699482
8/17/12 4:30,9522.8961,117.4,1.618,515.1204,-0.72,0.37,0.0492,1.31,-1.17,0.0,1.2138,1.91,5.7594409
8/17/12 5:00,9525.4461,33.9,1.516,515.2734,-0.19,-0.28,0.0514,0.5,-0.28,0.0,0.4876,-1.41,5.6848348
8/17/12 5:30,9527.9961,6.7,1.368,515.4417,-0.04,-0.34,0.0513,0.46,-0.05,17.3354,0.4584,-1.71,5.5907838
8/17/12 6:00,9530.5461,306.8,1.233,515.5386,0.14,-0.11,0.0395,0.22,0.17,84.892,0.217,-0.54,5.2562969
8/17/12 6:30,9533.0961,138.5,1.734,515.6457,-0.02,0.02,0.0128,0.05,-0.03,172.8316,0.0499,0.11,4.412319
8/17/12 7:00,9535.6461,297.9,3.066,515.6967,0.07,-0.04,-0.0178,0.25,0.22,260.2871,0.2458,-0.2,5.5754933
8/17/12 7:30,9538.1961,331.0,3.955,515.7681,0.11,-0.2,-0.0334,0.88,0.43,345.7314,0.8148,-0.99,2.5173356
8/17/12 8:00,9540.7211,305.5,5.33,505.655,0.41,-0.29,-0.0537,2.67,2.17,422.8863,2.308,-1.45,3.6020956
8/17/12 8:30,9543.2211,281.4,6.03,505.69,0.74,-0.15,-0.0652,4.55,4.46,446.8198,3.6119,-0.75,3.5975373
8/17/12 9:00,9545.7211,271.0,7.505,505.7,0.69,-0.01,-0.0748,5.2,5.2,423.2395,3.6776,-0.06,4.0008026
8/17/12 9:30,9548.2211,303.7,9.357,505.605,0.48,-0.32,-0.0925,5.42,4.51,434.7999,3.2981,-1.61,4.1756913
8/17/12 10:00,9550.7211,26.5,12.283,505.52,-0.19,-0.39,-0.1038,5.29,-2.36,342.4205,2.647,-1.93,6.943618
8/17/12 10:30,9553.2211,79.8,15.027,505.445,-0.8,-0.14,-0.12,12.28,-12.08,320.4518,4.6982,-0.72,10.484667
8/17/12 11:00,9555.6961,137.8,16.703,495.2479,-0.65,0.72,-0.1228,16.17,-10.86,222.5119,4.1847,3.51,13.773567
8/17/12 11:30,9558.1461,108.7,16.911,495.1842,-0.78,0.26,-0.1158,13.93,-13.2,86.6266,1.8188,1.29,11.052435
8/17/12 12:00,9560.5961,119.1,16.242,495.047,-0.48,0.27,-0.112,8.97,-7.83,0.0,0.0,1.32,9.350285
8/17/12 12:30,9563.0461,63.0,17.618,494.8804,-1.1,-0.56,-0.1172,21.69,-19.32,-94.8985,-2.8308,-2.74,11.294775
8/17/12 13:00,9565.4961,73.8,18.685,494.7285,-1.62,-0.47,-0.1137,31.54,-30.29,-218.473,-8.1632,-2.31,17.204409
8/17/12 13:30,9567.9211,100.5,20.034,484.5264,-1.73,0.32,-0.1109,35.34,-34.75,-297.4017,-13.524,1.54,13.161947
8/17/12 14:00,9570.3211,72.7,20.476,484.3968,-1.53,-0.48,-0.1028,32.84,-31.36,-389.405,-16.4218,-2.29,16.406995
8/17/12 14:30,9572.7211,77.7,20.667,484.3152,-2.13,-0.46,-0.0972,45.03,-44.0,-424.4973,-27.4146,-2.23,17.15998
8/17/12 15:00,9575.1211,72.4,16.953,484.3056,-1.92,-0.61,-0.0487,34.11,-32.51,-93.5707,-24.119,-2.92,20.289628
8/17/12 15:30,9577.5211,64.6,14.997,484.3632,-1.45,-0.69,-0.0333,24.0,-21.68,-67.8166,-19.0367,-3.29,9.564352
8/17/12 16:00,9579.9461,14.2,11.508,494.4492,-0.32,-1.27,0.0091,15.09,-3.7,-38.5884,-13.0657,-6.23,7.59332
8/17/12 16:30,9582.3961,2.4,8.123,494.508,-0.04,-0.92,0.0507,7.5,-0.31,-22.4909,-6.9268,-4.52,3.3043636
8/17/12 17:00,9584.8461,48.0,7.534,494.6158,-0.39,-0.36,0.0389,4.0,-2.97,-18.7592,-3.8642,-1.74,6.123701
8/17/12 17:30,9587.2961,129.5,8.551,494.6648,-1.2,0.99,0.0033,13.28,-10.25,-18.5222,-13.1661,4.84,12.211051
8/17/12 18:00,9589.7711,137.7,7.67,505.23,-0.25,0.27,0.0064,2.82,-1.9,-11.738,-2.8226,1.36,6.370657
8/17/12 18:30,9592.2711,107.6,5.566,505.32,-0.69,0.22,0.026,4.01,-3.82,-1.394,-3.9732,1.09,6.138126
8/17/12 19:00,9594.7711,51.6,5.681,505.395,-0.13,-0.1,0.0204,0.94,-0.74,0.0,-0.9109,-0.52,6.192941
8/17/12 19:30,9597.2961,56.9,5.753,515.6661,-0.67,-0.44,0.0269,4.59,-3.85,0.0,-4.2414,-2.22,6.180247
8/17/12 20:00,9599.8461,60.8,5.209,515.8242,-0.65,-0.36,0.0283,3.88,-3.39,0.0,-3.3608,-1.85,6.152551
8/17/12 20:30,9602.4211,42.1,4.339,525.9384,-0.49,-0.55,0.0361,3.19,-2.14,0.0,-2.5301,-2.84,6.027342
8/17/12 21:00,9605.0211,303.4,2.979,526.0268,1.12,-0.74,0.0492,3.99,3.33,0.0,-2.8206,-3.83,5.872129
8/17/12 21:30,9607.6211,324.9,3.11,526.1516,0.88,-1.25,0.0574,4.76,2.73,0.0,-2.8948,-6.5,5.883669
8/17/12 22:00,9610.2211,323.0,4.293,526.2504,0.83,-1.11,0.0397,5.95,3.58,0.0,-2.9772,-5.76,6.007724
8/17/12 22:30,9612.8211,315.2,3.182,526.1568,0.59,-0.6,0.0509,2.68,1.89,0.0,-1.0241,-3.1,5.915404
8/17/12 23:00,9615.4211,265.9,3.131,526.1048,0.63,0.04,0.0535,1.97,1.96,0.0,-0.5097,0.23,5.92002
8/17/12 23:30,9618.0461,250.3,2.951,536.0897,0.72,0.26,0.0586,2.25,2.11,0.0,-0.2931,1.36,5.888285
8/18/12 0:00,9620.6961,231.1,2.912,535.9254,0.44,0.35,0.0581,1.63,1.27,0.0,0.0,1.87,5.868667
8/18/12 0:30,9623.3711,208.9,2.604,545.886,0.27,0.49,0.0612,1.46,0.7,0.0,0.1903,2.65,5.884823
8/18/12 1:00,9626.0711,220.1,2.68,545.7402,0.41,0.48,0.0611,1.7,1.09,0.0,0.4398,2.62,5.907903
8/18/12 1:30,9628.7711,206.3,2.462,545.7564,0.31,0.63,0.0624,1.74,0.77,0.0,0.6652,3.42,5.827123
8/18/12 2:00,9631.4711,222.2,2.405,545.859,0.63,0.7,0.0611,2.27,1.53,0.0,1.1364,3.78,5.825392
8/18/12 2:30,9634.1961,235.4,2.684,556.061,0.65,0.45,0.0605,2.11,1.74,0.0,1.2843,2.45,5.831162
8/18/12 3:00,9636.9461,250.4,3.342,556.226,0.53,0.19,0.0515,1.89,1.78,0.0,1.3352,1.04,5.900979
8/18/12 3:30,9639.6961,332.0,3.164,556.259,0.23,-0.44,0.0547,1.58,0.74,0.0,1.2551,-2.43,5.825392
8/18/12 4:00,9642.4461,340.1,3.039,556.2975,0.18,-0.51,0.0576,1.64,0.56,0.0,1.4186,-2.79,5.871552
8/18/12 4:30,9645.1961,27.3,2.767,556.3305,-0.17,-0.34,0.0567,1.05,-0.48,0.0,0.9714,-1.86,5.892324
8/18/12 5:00,9647.9711,112.7,2.344,566.5184,-0.14,0.06,0.0552,0.37,-0.34,0.0,0.3532,0.34,5.842125
8/18/12 5:30,9650.7711,354.0,1.674,566.6528,0.03,-0.3,0.0565,0.5,0.05,10.2198,0.4946,-1.66,5.797696
8/18/12 6:00,9653.5961,316.5,1.386,576.8742,0.23,-0.24,0.0554,0.47,0.32,36.608,0.4657,-1.39,4.907962
8/18/12 6:30,9656.4461,333.5,1.428,576.954,0.16,-0.31,0.0503,0.5,0.22,45.8603,0.4955,-1.79,5.326864
8/18/12 7:00,9659.3211,295.4,1.602,587.25,0.07,-0.03,0.0443,0.12,0.11,101.3836,0.1207,-0.19,5.982913
8/18/12 7:30,9662.2211,253.9,2.082,587.3254,0.22,0.06,0.0277,0.48,0.46,172.9641,0.4405,0.37,3.2849764
8/18/12 8:00,9665.1211,179.9,2.483,587.3544,0.0,0.32,0.0138,0.8,0.0,197.1585,0.6924,1.87,4.4669032
8/18/12 8:30,9667.9961,282.5,2.96,577.2561,0.35,-0.08,0.0058,1.05,1.03,292.0683,0.836,-0.44,4.8985569
8/18/12 9:00,9670.7961,332.2,4.113,556.9245,0.15,-0.29,-0.0054,1.34,0.63,400.2769,0.9481,-1.59,4.8633022
8/18/12 9:30,9673.5461,302.4,6.007,556.9795,0.39,-0.25,-0.0177,2.78,2.35,302.8826,1.6931,-1.36,5.4645362
8/18/12 10:00,9676.2961,110.7,7.607,557.007,-0.14,0.05,-0.0288,1.13,-1.06,315.794,0.5667,0.29,6.662042
8/18/12 10:30,9679.0461,192.7,8.461,557.084,0.04,0.17,-0.0349,1.44,0.32,175.0585,0.5504,0.91,5.84501
8/18/12 11:00,9681.7961,264.3,7.865,557.062,0.47,0.05,-0.0311,3.7,3.68,66.26,0.9567,0.26,4.7496332
8/18/12 11:30,9684.5461,158.4,6.346,556.963,-0.59,1.48,-0.008,10.13,-3.73,8.7065,1.322,8.16,6.336037
8/18/12 12:00,9687.2961,158.4,4.466,556.842,-0.6,1.52,0.0089,7.32,-2.7,0.0,0.0,8.39,7.180188
8/18/12 12:30,9690.0711,152.3,5.137,566.832,-0.65,1.23,0.0064,7.15,-3.32,-30.0171,-0.9334,6.9,7.04517
8/18/12 13:00,9692.8461,204.4,6.947,556.501,0.64,1.41,-0.0165,10.74,4.44,-96.6725,-2.7797,7.74,5.976566
8/18/12 13:30,9695.5961,191.9,7.704,556.4735,0.24,1.13,-0.0244,8.91,1.84,-173.3877,-3.4081,6.22,7.930288
8/18/12 14:00,9698.3461,237.4,8.935,556.3525,0.86,0.55,-0.0308,9.1,7.67,-336.334,-4.5524,3.02,8.472668
8/18/12 14:30,9701.0961,290.9,10.405,556.303,0.42,-0.16,-0.039,4.72,4.41,-463.8963,-2.8757,-0.89,8.200324
8/18/12 15:00,9703.8461,21.5,11.625,556.0775,-0.27,-0.69,-0.0419,8.58,-3.14,-468.5997,-6.0664,-3.78,9.832657
8/18/12 15:30,9706.5961,224.5,13.387,556.028,0.37,0.37,-0.0616,7.01,4.92,-483.4767,-5.5652,2.06,7.741609
8/18/12 16:00,9709.3461,168.6,15.129,555.951,-0.28,1.38,-0.0715,21.35,-4.22,-424.9898,-18.4871,7.61,9.847659
8/18/12 16:30,9712.0961,156.0,13.084,556.0225,-1.02,2.29,-0.0471,32.8,-13.34,-235.8711,-30.3047,12.6,13.42679
8/18/12 17:00,9714.8461,150.4,11.071,555.9895,-1.36,2.39,-0.04,30.48,-15.05,-217.3217,-29.4399,13.17,12.646109
8/18/12 17:30,9717.5961,157.7,8.76,556.1105,-1.09,2.66,-0.0085,25.17,-9.55,-59.8089,-24.9522,14.62,8.925613
8/18/12 18:00,9720.3461,170.1,7.201,556.2425,-0.4,2.3,0.0198,16.83,-2.89,-18.797,-16.8287,12.66,7.952214
8/18/12 18:30,9723.1211,165.1,6.73,566.5856,-0.54,2.03,0.0293,14.12,-3.63,-2.1376,-13.9987,11.35,7.983949
8/18/12 19:00,9725.9211,200.2,5.978,566.9608,0.41,1.11,0.0354,7.08,2.45,0.0,-6.8426,6.23,6.22006
8/18/12 19:30,9728.7211,144.7,5.209,567.196,-0.53,0.75,0.0371,4.81,-2.78,0.0,-4.4419,4.22,6.154859
8/18/12 20:00,9731.5211,131.7,4.757,567.3472,-1.14,1.01,0.0444,7.25,-5.41,0.0,-6.2784,5.68,6.014648
8/18/12 20:30,9734.3211,137.0,4.368,567.476,-1.19,1.27,0.0501,7.6,-5.18,0.0,-6.0297,7.13,6.319304
8/18/12 21:00,9737.1211,136.8,3.803,567.5544,-0.99,1.06,0.0531,5.52,-3.78,0.0,-3.9046,5.93,5.937907
8/18/12 21:30,9739.9211,128.1,3.283,567.6328,-0.78,0.61,0.0557,3.25,-2.56,0.0,-1.9806,3.42,5.926944
8/18/12 22:00,9742.7461,121.2,2.796,577.7805,-0.95,0.58,0.0602,3.11,-2.66,0.0,-1.5546,3.28,5.878476
8/18/12 22:30,9745.5961,123.5,2.725,577.809,-1.13,0.75,0.0606,3.68,-3.07,0.0,-1.4088,4.25,5.90848
8/18/12 23:00,9748.4461,107.7,2.327,577.7919,-0.89,0.28,0.0662,2.16,-2.06,0.0,-0.5601,1.61,5.81039
8/18/12 23:30,9751.2961,138.3,1.982,577.7007,-0.78,0.88,0.0699,2.33,-1.55,0.0,-0.3042,5.0,5.967334
8/19/12 0:00,9754.1711,139.7,2.028,587.7082,-0.89,1.05,0.0663,2.8,-1.81,0.0,0.0,6.11,4.7413821
8/19/12 0:30,9757.0711,135.5,1.846,587.569,-0.91,0.92,0.0705,2.39,-1.67,0.0,0.3113,5.34,5.870975
8/19/12 1:00,9759.9711,140.3,1.783,587.4878,-0.74,0.89,0.0702,2.07,-1.32,0.0,0.5353,5.18,5.838086
8/19/12 1:30,9762.8711,142.7,1.699,587.3834,-0.65,0.86,0.0715,1.83,-1.11,0.0,0.6996,4.96,5.812121
8/19/12 2:00,9765.7711,134.2,1.655,587.3718,-0.39,0.38,0.0716,0.89,-0.64,0.0,0.4452,2.18,5.622865
8/19/12 2:30,9768.6711,110.0,1.538,587.3312,-0.49,0.18,0.0752,0.8,-0.75,0.0,0.4841,1.03,5.4739413
8/19/12 3:00,9771.5711,110.0,1.392,587.2906,-0.5,0.18,0.0764,0.74,-0.69,0.0,0.5227,1.05,5.4363786
8/19/12 3:30,9774.4961,116.8,1.278,597.4104,-0.27,0.14,0.0752,0.39,-0.35,0.0,0.3082,0.81,5.4208573
8/19/12 4:00,9777.4461,100.8,1.424,597.3573,-0.48,0.09,0.0712,0.69,-0.68,0.0,0.5993,0.54,5.4363786
8/19/12 4:30,9780.3961,111.5,1.261,597.375,-0.66,0.26,0.0784,0.9,-0.83,0.0,0.8283,1.54,5.5824173
8/19/12 5:00,9783.3461,99.6,1.182,597.4989,-0.66,0.11,0.074,0.79,-0.78,0.0,0.7672,0.66,5.5824173
8/19/12 5:30,9786.2961,17.5,1.175,597.5638,-0.12,-0.39,0.0775,0.48,-0.14,16.4848,0.4753,-2.3,5.4697292
8/19/12 6:00,9789.2461,81.3,1.122,597.67,-0.4,-0.06,0.0643,0.45,-0.45,84.961,0.451,-0.36,5.5344686
8/19/12 6:30,9792.1961,66.2,1.777,597.7762,-0.38,-0.17,0.0348,0.73,-0.67,178.0447,0.7241,-0.98,3.9810692
8/19/12 7:00,9795.1461,141.5,3.289,597.788,-0.6,0.75,-0.0075,3.15,-1.96,271.939,3.0435,4.42,5.6319239
8/19/12 7:30,9798.0711,158.1,5.178,587.6966,-0.46,1.15,-0.0436,6.43,-2.4,360.4257,5.9415,6.68,4.8952103
8/19/12 8:00,9800.9461,160.4,6.866,577.5468,-0.56,1.59,-0.069,11.56,-3.88,437.3203,10.0073,9.04,5.976566
8/19/12 8:30,9803.7961,184.7,7.825,577.6323,0.12,1.5,-0.0745,11.82,0.97,416.2138,9.3741,8.58,9.111984
8/19/12 9:00,9806.6461,163.3,9.563,577.6665,-0.39,1.29,-0.0902,12.86,-3.7,459.3542,9.095,7.34,7.299627
8/19/12 9:30,9809.4961,180.3,11.38,577.752,0.01,1.64,-0.092,18.64,0.1,345.1318,11.3476,9.34,8.96081
8/19/12 10:00,9812.3461,192.0,12.441,577.7805,0.37,1.75,-0.0909,22.27,4.63,262.433,11.1347,9.98,7.539082
8/19/12 10:30,9815.1961,183.2,14.722,577.6665,0.09,1.56,-0.1116,23.04,1.29,284.9155,8.817,8.91,10.63988
8/19/12 11:00,9818.0461,202.0,16.685,577.5411,0.69,1.71,-0.1174,30.73,11.51,218.7953,7.9545,9.73,9.040436
8/19/12 11:30,9820.8711,180.7,17.84,567.1904,0.02,1.66,-0.1188,29.58,0.36,119.0729,3.8608,9.28,15.733059
8/19/12 12:00,9823.6711,182.3,19.384,567.0224,0.07,1.77,-0.117,34.35,1.38,0.0,0.0,9.92,16.436999
8/19/12 12:30,9826.4711,186.5,20.294,566.8712,0.21,1.82,-0.1107,37.14,4.2,-119.1665,-4.8475,10.18,14.352298
8/19/12 13:00,9829.2711,193.9,20.242,566.748,0.41,1.65,-0.1004,34.35,8.25,-211.0395,-8.8906,9.22,15.233954
8/19/12 13:30,9832.0711,170.8,20.849,566.6696,-0.33,2.06,-0.0978,43.51,-6.96,-337.6209,-16.6513,11.54,16.337755
8/19/12 14:00,9834.8711,163.8,18.891,566.4848,-0.65,2.23,-0.0852,43.85,-12.23,-427.409,-21.923,12.48,18.150112
8/19/12 14:30,9837.6711,150.2,17.952,566.3728,-1.38,2.41,-0.0674,49.87,-24.78,-444.4975,-30.3593,13.5,14.174582
8/19/12 15:00,9840.4711,159.1,18.42,566.2888,-0.95,2.5,-0.0607,49.31,-17.59,-467.0624,-34.8677,14.0,16.074066
8/19/12 15:30,9843.2711,140.3,15.789,566.2888,-2.38,2.87,-0.0442,58.86,-37.6,-461.5746,-46.6979,16.06,15.750369
8/19/12 16:00,9846.0461,156.7,15.144,556.2425,-1.39,3.23,-0.0295,53.26,-21.07,-409.3797,-46.1258,17.77,10.988388
8/19/12 16:30,9848.8211,147.1,14.445,566.3112,-2.09,3.23,-0.0271,55.5,-30.14,-353.4532,-51.2732,18.06,18.923869
8/19/12 17:00,9851.6211,158.5,12.553,566.4176,-1.5,3.82,-0.01,51.54,-18.89,-263.5857,-49.7863,21.39,13.57104
8/19/12 17:30,9854.4211,159.9,11.519,566.5016,-1.25,3.4,0.0079,41.74,-14.35,-174.1582,-41.3877,19.06,10.409657
8/19/12 18:00,9857.2211,155.2,10.139,566.664,-1.16,2.5,0.023,27.92,-11.71,-84.113,-27.9228,14.0,9.955558
8/19/12 18:30,9860.0211,150.6,8.929,566.7984,-1.15,2.03,0.043,20.84,-10.23,-12.8471,-20.662,11.39,7.598513
8/19/12 19:00,9862.8211,143.3,7.822,566.8936,-1.17,1.57,0.0492,15.31,-9.15,0.0,-14.7861,8.79,5.4816154
8/19/12 19:30,9865.6211,138.6,6.096,567.0,-1.0,1.14,0.0616,9.25,-6.12,0.0,-8.5437,6.37,3.8949231
8/19/12 20:00,9868.4211,141.7,5.939,567.112,-1.45,1.84,0.0564,13.93,-8.64,0.0,-12.0662,10.31,4.8498004
8/19/12 20:30,9871.2211,138.1,4.994,567.196,-1.4,1.56,0.0636,10.5,-7.01,0.0,-8.3281,8.76,6.01811
8/19/12 21:00,9874.0211,135.9,4.266,567.2744,-1.29,1.33,0.0706,7.92,-5.51,0.0,-5.5987,7.46,5.4553619
8/19/12 21:30,9876.8461,136.5,4.025,577.3872,-1.33,1.41,0.0693,7.8,-5.37,0.0,-4.7511,8.02,6.132933
8/19/12 22:00,9879.6961,132.6,3.61,577.3131,-1.27,1.17,0.0712,6.25,-4.6,0.0,-3.1263,6.68,5.822507
8/19/12 22:30,9882.5461,114.4,3.011,577.3644,-0.95,0.43,0.0779,3.14,-2.86,0.0,-1.2018,2.46,5.827123
8/19/12 23:00,9885.3961,121.5,2.838,577.4613,-1.14,0.7,0.0791,3.8,-3.24,0.0,-0.9835,3.99,5.7490549
8/19/12 23:30,9888.2711,122.4,2.585,587.6734,-1.03,0.65,0.0809,3.15,-2.66,0.0,-0.4116,3.79,5.6493493
8/20/12 0:00,9891.1711,124.1,2.257,587.6328,-1.07,0.73,0.0852,2.93,-2.43,0.0,0.0,4.22,5.4132986
8/20/12 0:30,9894.0711,129.3,2.09,587.5284,-0.87,0.71,0.0885,2.36,-1.82,0.0,0.3077,4.14,5.4467069
8/20/12 1:00,9896.9711,102.3,1.996,587.453,-0.43,0.09,0.0885,0.87,-0.85,0.0,0.2258,0.54,5.4449182
8/20/12 1:30,9899.8711,36.1,1.811,587.3486,-0.08,-0.11,0.0903,0.24,-0.14,0.0,0.0922,-0.62,5.4784996
8/20/12 2:00,9902.7711,48.2,1.492,587.1862,-0.14,-0.13,0.1008,0.29,-0.21,0.0,0.144,-0.75,5.5111001
8/20/12 2:30,9905.6711,64.4,1.402,587.1688,-0.27,-0.13,0.1031,0.42,-0.38,0.0,0.2535,-0.74,5.5161777
8/20/12 3:00,9908.5711,81.7,1.157,587.1108,-0.22,-0.03,0.1188,0.25,-0.25,0.0,0.1784,-0.18,5.5604336
8/20/12 3:30,9911.4711,67.9,1.241,587.0644,-0.56,-0.23,0.1077,0.75,-0.7,0.0,0.5976,-1.32,5.4544964
8/20/12 4:00,9914.3711,24.6,1.19,587.1514,-0.1,-0.21,0.1094,0.28,-0.12,0.0,0.2401,-1.23,5.5411618
8/20/12 4:30,9917.2711,93.1,1.05,587.308,-0.38,0.02,0.1132,0.4,-0.4,0.0,0.3686,0.12,5.248392
8/20/12 5:00,9920.1711,108.4,0.944,587.4066,-0.47,0.16,0.1214,0.47,-0.44,0.0,0.4504,0.9,5.0031093
8/20/12 5:30,9923.0711,67.3,0.866,587.4646,-0.48,-0.2,0.111,0.45,-0.42,16.2309,0.449,-1.17,4.8019094
8/20/12 6:00,9925.9961,71.6,1.19,597.6464,-0.34,-0.11,0.0818,0.42,-0.4,88.629,0.4236,-0.66,6.936694
8/20/12 6:30,9928.9461,85.4,1.598,597.6346,-0.58,-0.05,0.0455,0.93,-0.92,184.4692,0.9173,-0.27,4.1681903
8/20/12 7:00,9931.8961,95.8,2.722,597.5874,-0.77,0.08,0.0041,2.1,-2.09,282.1605,2.0324,0.46,5.834624
8/20/12 7:30,9934.8461,79.6,4.721,597.5166,-0.3,-0.06,-0.028,1.44,-1.42,366.8227,1.3347,-0.33,5.2401409
8/20/12 8:00,9937.7461,294.6,6.547,577.1991,0.46,-0.21,-0.0499,3.33,3.03,430.0041,2.886,-1.21,2.6799342
8/20/12 8:30,9940.5961,307.1,8.202,577.2105,0.59,-0.45,-0.0636,6.07,4.84,470.2197,4.8152,-2.54,2.5933842
8/20/12 9:00,9943.4461,333.8,9.317,577.2675,0.31,-0.64,-0.0753,6.61,2.92,480.4628,4.671,-3.63,4.0201898
8/20/12 9:30,9946.2961,310.9,11.804,577.3416,0.47,-0.4,-0.0843,7.28,5.5,458.7553,4.4337,-2.3,7.413296
8/20/12 10:00,9949.1461,292.2,14.131,577.2219,0.56,-0.23,-0.0848,8.59,7.95,406.801,4.2958,-1.31,6.615882
8/20/12 10:30,9951.9711,293.9,15.846,566.9944,0.24,-0.1,-0.0913,4.09,3.74,328.1132,1.5645,-0.59,8.79348
8/20/12 11:00,9954.7711,238.8,18.076,566.8488,0.66,0.4,-0.0964,14.05,12.01,231.4846,3.6351,2.25,9.942864
8/20/12 11:30,9957.5711,217.7,19.863,566.692,0.37,0.48,-0.0986,12.06,7.37,118.7291,1.5737,2.69,8.876568
8/20/12 12:00,9960.3461,236.8,20.024,556.479,0.47,0.31,-0.0961,11.27,9.43,0.0,0.0,1.7,10.200206
8/20/12 12:30,9963.0961,287.8,19.742,556.369,0.6,-0.19,-0.0927,12.34,11.75,-118.457,-1.6105,-1.05,7.892783
8/20/12 13:00,9965.8461,192.0,20.662,556.2425,0.11,0.5,-0.1004,10.66,2.22,-232.9881,-2.7594,2.78,8.744435
8/20/12 13:30,9968.5961,144.9,21.281,556.138,-0.48,0.68,-0.1003,17.77,-10.22,-323.9255,-6.8001,3.76,17.438671
8/20/12 14:00,9971.3211,167.2,21.515,545.9292,-0.19,0.83,-0.1014,18.33,-4.06,-415.8485,-9.1654,4.49,17.271918
8/20/12 14:30,9974.0211,136.4,21.381,545.7888,-1.16,1.21,-0.0906,35.86,-24.73,-450.9814,-21.8277,6.56,21.612689
8/20/12 15:00,9976.7211,155.8,21.101,545.7834,-0.6,1.34,-0.0867,30.89,-12.66,-498.5951,-21.8438,7.21,12.869408
8/20/12 15:30,9979.4211,159.4,20.145,545.7888,-0.66,1.76,-0.0826,37.89,-13.33,-495.9506,-30.0623,9.51,13.665091
8/20/12 16:00,9982.1211,159.5,17.454,545.7618,-0.79,2.11,-0.0651,39.25,-13.75,-420.936,-33.995,11.38,12.309718
8/20/12 16:30,9984.8211,158.0,16.283,545.7618,-0.88,2.18,-0.058,38.3,-14.35,-339.6015,-35.3824,11.78,13.704327
8/20/12 17:00,9987.4961,148.8,14.428,535.6339,-1.38,2.28,-0.0469,38.45,-19.92,-254.9696,-37.1404,12.08,14.873329
8/20/12 17:30,9990.1461,151.1,12.842,535.6763,-1.02,1.84,-0.0357,27.06,-13.08,-162.1845,-26.8266,9.78,9.023703
8/20/12 18:00,9992.7961,153.5,11.525,535.7187,-0.97,1.95,-0.021,25.09,-11.2,-69.893,-25.0899,10.33,10.398694
8/20/12 18:30,9995.4461,131.6,9.798,535.9307,-1.8,1.6,-0.0026,23.56,-17.62,-11.4026,-23.3626,8.46,11.846387
8/20/12 19:00,9998.0961,145.9,8.199,536.1798,-1.39,2.05,0.0187,20.27,-11.36,0.0,-19.5773,10.85,8.108004
8/20/12 19:30,10000.7461,145.3,7.603,536.3865,-1.27,1.84,0.0348,17.01,-9.68,0.0,-15.7133,9.75,6.153128
8/20/12 20:00,10003.3961,142.4,6.627,536.5561,-1.22,1.59,0.0487,13.26,-8.09,0.0,-11.484,8.4,8.019146
8/20/12 20:30,10006.0711,142.8,5.101,546.8634,-0.99,1.3,0.0626,8.35,-5.05,0.0,-6.6248,7.04,6.029073
8/20/12 21:00,10008.7711,139.1,4.346,546.9336,-0.76,0.88,0.0708,5.08,-3.32,0.0,-3.5894,4.77,6.000223
8/20/12 21:30,10011.4711,129.7,3.607,546.9228,-0.73,0.6,0.078,3.41,-2.62,0.0,-2.0728,3.26,5.95464
8/20/12 22:00,10014.1711,144.4,3.109,546.9012,-0.34,0.47,0.0794,1.8,-1.05,0.0,-0.8985,2.54,5.862897
8/20/12 22:30,10016.8961,141.3,3.064,557.029,-0.31,0.39,0.0748,1.51,-0.95,0.0,-0.5792,2.12,5.862897
8/20/12 23:00,10019.6461,122.0,3.416,556.9575,-0.7,0.44,0.0682,2.8,-2.38,0.0,-0.7259,2.39,5.862897
8/20/12 23:30,10022.3961,111.6,2.939,556.9465,-0.76,0.3,0.0729,2.4,-2.24,0.0,-0.3138,1.66,5.867513
8/21/12 0:00,10025.1461,106.5,2.672,556.864,-0.57,0.17,0.0725,1.6,-1.53,0.0,0.0,0.93,5.836932
8/21/12 0:30,10027.8961,49.5,2.201,556.7815,-0.29,-0.25,0.0763,0.85,-0.64,0.0,0.1103,-1.37,5.7068185
8/21/12 1:00,10030.6461,69.5,2.093,556.743,-0.41,-0.15,0.0745,0.91,-0.85,0.0,0.2362,-0.84,5.707107
8/21/12 1:30,10033.4211,137.8,1.769,566.8544,-0.29,0.32,0.0805,0.77,-0.52,0.0,0.2938,1.8,5.4742875
8/21/12 2:00,10036.2211,68.7,1.675,566.86,-0.14,-0.05,0.0774,0.25,-0.24,0.0,0.1265,-0.31,5.4742875
8/21/12 2:30,10039.0211,354.9,1.226,566.832,0.04,-0.41,0.0975,0.51,0.04,0.0,0.3075,-2.3,5.5111001
8/21/12 3:00,10041.8211,115.7,0.985,566.8264,-0.33,0.16,0.1037,0.36,-0.33,0.0,0.2563,0.89,5.5161777
8/21/12 3:30,10044.6211,66.8,1.053,566.8152,-0.31,-0.13,0.0955,0.36,-0.33,0.0,0.2857,-0.75,5.5111001
8/21/12 4:00,10047.4211,110.2,1.089,566.86,-0.28,0.1,0.0935,0.32,-0.3,0.0,0.2792,0.57,5.5111001
8/21/12 4:30,10050.2211,123.2,1.024,566.9664,-0.15,0.1,0.0892,0.18,-0.15,0.0,0.1693,0.55,5.5111001
8/21/12 5:00,10053.0211,35.0,0.971,567.084,-0.18,-0.26,0.0994,0.3,-0.17,0.0,0.2936,-1.44,5.4544964
8/21/12 5:30,10055.8211,68.6,0.828,567.1512,-0.3,-0.12,0.1002,0.26,-0.25,14.1529,0.2627,-0.65,5.0028208
8/21/12 6:00,10058.6211,121.6,0.862,567.3136,-0.15,0.09,0.0785,0.15,-0.13,80.218,0.1509,0.51,6.936694
8/21/12 6:30,10061.4461,66.8,1.132,577.5411,-0.32,-0.14,0.036,0.4,-0.36,170.5454,0.3917,-0.78,4.0518671
8/21/12 7:00,10064.2961,142.7,2.491,577.581,-0.23,0.31,-0.0108,0.96,-0.58,264.0436,0.9312,1.75,3.2142362
8/21/12 7:30,10067.1461,269.1,4.911,577.6266,0.24,0.0,-0.0428,1.19,1.19,346.61,1.098,0.02,4.6357334
8/21/12 8:00,10069.9711,191.8,6.054,567.4704,0.07,0.33,-0.0601,2.07,0.42,418.4851,1.7931,1.87,5.81039
8/21/12 8:30,10072.7711,183.7,7.888,567.4816,0.04,0.69,-0.082,5.45,0.35,464.4743,4.3243,3.86,6.905536
8/21/12 9:00,10075.5461,149.4,8.936,557.3865,-0.23,0.39,-0.0907,4.08,-2.08,498.1751,2.8876,2.16,6.414509
8/21/12 9:30,10078.2961,216.0,11.177,557.326,0.48,0.66,-0.099,9.1,5.35,440.305,5.5386,3.62,7.713913
8/21/12 10:00,10081.0461,217.0,13.643,557.2105,0.6,0.8,-0.1104,13.7,8.24,389.8535,6.8488,4.41,7.225194
8/21/12 10:30,10083.7711,202.9,15.922,546.9822,0.32,0.77,-0.1199,13.29,5.17,316.1558,5.0877,4.15,8.740973
8/21/12 11:00,10086.4711,184.0,17.551,546.8742,0.06,0.85,-0.1244,14.97,1.04,222.5867,3.8748,4.59,9.747838
8/21/12 11:30,10089.1461,203.4,18.958,536.6409,0.32,0.75,-0.1261,15.43,6.13,114.3667,2.0143,3.96,12.932301
8/21/12 12:00,10091.7961,195.5,20.384,536.5137,0.21,0.76,-0.1263,16.16,4.32,0.0,0.0,4.05,12.884987
8/21/12 12:30,10094.4461,189.5,20.44,536.4024,0.16,0.98,-0.1238,20.38,3.36,-117.3519,-2.66,5.21,12.579177
8/21/12 13:00,10097.0961,156.3,20.074,536.3229,-0.32,0.74,-0.115,16.18,-6.5,-230.3883,-4.1876,3.91,14.906218
8/21/12 13:30,10099.7461,184.6,20.103,536.1586,0.12,1.43,-0.1087,28.83,2.31,-281.3328,-11.0319,7.58,13.597582
8/21/12 14:00,10102.3961,184.3,19.833,536.0473,0.12,1.57,-0.104,31.22,2.34,-361.308,-15.6086,8.32,9.477225
8/21/12 14:30,10105.0461,192.3,20.26,535.9625,0.44,2.01,-0.1012,41.61,8.87,-436.8162,-25.333,10.64,10.724122
8/21/12 15:00,10107.6961,176.2,19.649,535.9254,-0.17,2.58,-0.0927,50.79,-3.37,-449.0298,-35.9158,13.67,16.332562
8/21/12 15:30,10110.3461,172.2,19.252,535.8618,-0.38,2.78,-0.087,53.94,-7.32,-440.3873,-42.7967,14.71,18.009901
8/21/12 16:00,10112.9961,182.0,18.469,535.8883,0.11,3.04,-0.0786,56.15,1.96,-405.48,-48.6237,16.1,15.21549
8/21/12 16:30,10115.6211,185.6,18.062,525.798,0.31,3.19,-0.0711,57.83,5.64,-340.676,-53.4321,16.57,10.515248
8/21/12 17:00,10118.2211,183.4,16.954,525.798,0.17,2.92,-0.0587,49.59,2.94,-255.7887,-47.9007,15.18,9.691292
8/21/12 17:30,10120.8211,182.4,15.909,525.9592,0.13,3.02,-0.0425,48.08,2.01,-158.653,-47.6657,15.7,11.867736
8/21/12 18:00,10123.4211,182.0,13.823,526.032,0.09,2.56,-0.0196,35.46,1.24,-67.574,-35.456,13.33,7.63371
8/21/12 18:30,10126.0211,183.1,12.639,526.1256,0.14,2.58,0.0004,32.66,1.77,-9.734,-32.3798,13.42,8.485939
8/21/12 19:00,10128.6211,180.5,10.668,526.214,0.02,2.78,0.012,29.67,0.26,0.0,-28.6568,14.46,6.794752
8/21/12 19:30,10131.2211,177.8,8.986,526.3856,-0.11,2.93,0.0166,26.31,-1.01,0.0,-24.3082,15.21,8.281104
8/21/12 20:00,10133.8461,170.2,7.383,536.6833,-0.41,2.35,0.0258,17.61,-3.0,0.0,-15.2494,12.46,6.359694
8/21/12 20:30,10136.4961,178.2,6.332,536.7469,-0.07,2.23,0.0294,14.13,-0.44,0.0,-11.2125,11.82,6.005416
8/21/12 21:00,10139.1461,177.3,6.297,536.784,-0.11,2.25,0.026,14.19,-0.67,0.0,-10.0363,11.93,6.82014
8/21/12 21:30,10141.7961,163.1,5.544,536.8741,-0.51,1.66,0.0315,9.65,-2.8,0.0,-5.8725,8.82,7.110371
8/21/12 22:00,10144.4461,160.3,5.027,536.9377,-0.6,1.69,0.0326,9.0,-3.03,0.0,-4.4992,8.93,7.237888
8/21/12 22:30,10147.1211,166.8,4.783,547.0038,-0.48,2.05,0.0261,10.08,-2.3,0.0,-3.8584,11.08,8.686735
8/21/12 23:00,10149.8211,167.8,4.487,547.0578,-0.38,1.77,0.0246,8.11,-1.71,0.0,-2.0997,9.54,8.550563
8/21/12 23:30,10152.5211,157.7,4.013,547.0416,-0.67,1.62,0.0299,7.04,-2.67,0.0,-0.9187,8.76,4.6267322
8/22/12 0:00,10155.2211,151.7,3.536,546.9822,-0.74,1.38,0.0343,5.55,-2.63,0.0,0.0,7.46,4.9489867
8/22/12 0:30,10157.9461,152.1,3.146,557.018,-0.69,1.3,0.0376,4.63,-2.17,0.0,0.6049,7.16,6.667812
8/22/12 1:00,10160.6961,130.6,2.884,556.9465,-0.93,0.8,0.0405,3.55,-2.69,0.0,0.9181,4.4,6.158321
8/22/12 1:30,10163.4461,113.1,2.635,556.864,-0.99,0.42,0.0436,2.82,-2.6,0.0,1.08,2.31,6.146204
8/22/12 2:00,10166.2211,122.7,2.314,566.9104,-0.99,0.64,0.0455,2.73,-2.3,0.0,1.3653,3.57,6.142165
8/22/12 2:30,10169.0211,93.1,2.052,566.9328,-0.78,0.04,0.0528,1.61,-1.61,0.0,0.9819,0.24,6.050422
8/22/12 3:00,10171.8211,101.5,1.673,566.7816,-0.88,0.18,0.0633,1.5,-1.47,0.0,1.06,1.0,6.010032
8/22/12 3:30,10174.6211,75.1,1.493,566.7144,-0.67,-0.18,0.068,1.03,-1.0,0.0,0.8197,-1.0,5.87963
8/22/12 4:00,10177.4211,87.7,1.352,566.776,-0.54,-0.02,0.0672,0.73,-0.73,0.0,0.6334,-0.12,5.879053
8/22/12 4:30,10180.2461,78.9,1.414,576.9711,-0.54,-0.11,0.0645,0.78,-0.77,0.0,0.725,-0.61,5.879053
8/22/12 5:00,10183.0961,107.7,1.245,577.0167,-0.5,0.16,0.0672,0.65,-0.62,0.0,0.6265,0.9,5.7072224
8/22/12 5:30,10185.9461,20.5,1.275,577.1934,-0.1,-0.26,0.0602,0.35,-0.12,13.9308,0.3489,-1.47,5.89117
8/22/12 6:00,10188.7961,94.3,1.213,577.2732,-0.35,0.03,0.0544,0.43,-0.42,71.981,0.4258,0.15,6.936694
8/22/12 6:30,10191.6711,137.6,1.624,587.395,-0.37,0.41,0.0151,0.9,-0.61,163.7232,0.892,2.37,3.3766617
8/22/12 7:00,10194.5711,217.3,5.015,587.4182,0.75,0.98,-0.0336,6.19,3.75,262.3648,5.9825,5.7,5.1830179
8/22/12 7:30,10197.4461,219.1,6.836,577.3872,1.13,1.39,-0.0554,12.22,7.71,341.5518,11.2924,7.91,3.2195446
8/22/12 8:00,10200.2961,220.6,8.319,577.4214,1.17,1.37,-0.0728,14.97,9.74,407.6919,12.9608,7.79,4.8331828
8/22/12 8:30,10203.1461,214.4,10.116,577.4385,0.89,1.29,-0.0878,15.87,8.97,454.8398,12.5921,7.38,4.6877211
8/22/12 9:00,10205.9711,219.7,11.318,567.2744,1.11,1.33,-0.1005,19.64,12.54,418.5457,13.8853,7.48,4.9318498
8/22/12 9:30,10208.7711,217.2,12.874,567.2744,1.06,1.4,-0.1112,22.56,13.64,388.1445,13.7308,7.81,4.4147424
8/22/12 10:00,10211.5711,221.0,12.373,567.196,1.1,1.27,-0.0982,20.84,13.67,194.7045,10.4181,7.12,6.438743
8/22/12 10:30,10214.3711,223.0,13.467,567.084,1.2,1.29,-0.1115,23.77,16.21,231.3069,9.0961,7.23,6.229869
8/22/12 11:00,10217.1711,228.0,14.201,566.9552,1.19,1.07,-0.1147,22.68,16.85,145.1209,5.8698,5.98,6.173323
8/22/12 11:30,10219.9461,193.9,16.757,556.677,0.51,2.06,-0.1344,35.64,8.56,94.4358,4.6522,11.36,7.809118
8/22/12 12:00,10222.6961,200.8,17.463,556.5615,0.82,2.15,-0.1313,40.25,14.29,0.0,0.0,11.85,8.566719
8/22/12 12:30,10225.4461,182.1,18.255,556.369,0.1,2.65,-0.1344,48.34,1.77,-118.2301,-6.3095,14.55,10.690079
8/22/12 13:00,10228.1961,182.2,18.241,556.2755,0.11,2.96,-0.1192,53.99,2.07,-224.3475,-13.9745,16.27,11.02647
8/22/12 13:30,10230.9211,181.3,19.007,546.0912,0.06,2.73,-0.1135,51.91,1.18,-315.8723,-19.8644,14.74,12.219129
8/22/12 14:00,10233.6211,181.9,20.163,545.9616,0.1,3.11,-0.1081,62.71,2.08,-388.68,-31.3535,16.78,15.819032
8/22/12 14:30,10236.3211,178.8,20.691,545.9238,-0.08,3.68,-0.0992,76.12,-1.59,-438.9036,-46.3403,19.86,11.736757
8/22/12 15:00,10239.0211,189.9,21.078,545.9076,0.54,3.12,-0.0962,66.78,11.48,-459.9496,-47.2171,16.85,13.541613
8/22/12 15:30,10241.6961,181.7,20.57,535.7505,0.1,3.37,-0.0913,69.38,2.06,-453.0397,-55.0449,17.87,10.304066
8/22/12 16:00,10244.3461,184.0,20.085,535.7187,0.23,3.24,-0.0865,65.24,4.55,-415.6827,-56.4961,17.17,9.991332
8/22/12 16:30,10246.9961,184.4,18.933,535.7399,0.25,3.27,-0.082,62.06,4.76,-352.4037,-57.3382,17.32,11.600585
8/22/12 17:00,10249.6461,181.7,17.402,535.7611,0.09,3.11,-0.0669,54.12,1.61,-266.1551,-52.2761,16.48,7.720837
8/22/12 17:30,10252.2961,197.2,16.306,535.7929,0.81,2.62,-0.0534,44.69,13.22,-156.7425,-44.3124,13.88,8.528637
8/22/12 18:00,10254.9461,207.6,14.033,535.8724,1.1,2.1,-0.0231,33.33,15.44,-49.443,-33.3284,11.16,6.972468
8/22/12 18:30,10257.5961,211.2,12.114,536.1003,1.16,1.92,0.0033,27.2,14.09,-4.1333,-26.9633,10.18,9.50896
8/22/12 19:00,10260.2461,206.0,10.522,536.36,0.88,1.8,0.0092,21.07,9.23,0.0,-20.3473,9.54,8.628458
8/22/12 19:30,10262.8961,181.2,8.818,536.5402,0.04,1.84,0.0116,16.21,0.34,0.0,-14.9738,9.74,5.770577
8/22/12 20:00,10265.5461,184.4,8.747,536.7416,0.16,2.1,0.0079,18.39,1.41,0.0,-15.9305,11.11,6.104083
8/22/12 20:30,10268.1961,185.2,8.554,536.8847,0.19,2.05,0.0051,17.65,1.6,0.0,-14.0002,10.89,8.780786
8/22/12 21:00,10270.8711,159.0,6.997,547.0686,-0.53,1.39,0.0235,10.43,-3.74,0.0,-7.3769,7.52,2.5092576
8/22/12 21:30,10273.5711,169.4,7.394,547.0578,-0.4,2.16,0.0105,16.27,-2.99,0.0,-9.9071,11.68,7.236157
8/22/12 22:00,10276.2711,156.6,6.502,547.1334,-0.68,1.56,0.0174,11.09,-4.4,0.0,-5.543,8.45,6.709356
8/22/12 22:30,10278.9711,140.3,5.376,547.128,-1.15,1.38,0.0287,9.65,-6.16,0.0,-3.6929,7.46,5.0269394
8/22/12 23:00,10281.6711,116.1,4.476,547.1928,-1.21,0.59,0.0413,6.02,-5.41,0.0,-1.5581,3.2,8.682696
8/22/12 23:30,10284.3961,122.1,3.537,557.414,-1.17,0.73,0.0505,4.89,-4.14,0.0,-0.6385,4.04,8.440933
8/23/12 0:00,10287.1461,117.0,3.051,557.381,-1.15,0.59,0.0516,3.95,-3.52,0.0,0.0,3.23,8.494017
8/23/12 0:30,10289.8961,108.4,2.646,557.3205,-0.78,0.26,0.0551,2.16,-2.05,0.0,0.2825,1.42,7.802771
8/23/12 1:00,10292.6711,72.2,2.299,567.4648,-0.64,-0.21,0.0612,1.54,-1.47,0.0,0.3993,-1.15,7.328477
8/23/12 1:30,10295.4711,119.5,1.998,567.4144,-1.15,0.65,0.0594,2.64,-2.3,0.0,1.01,3.64,7.417912
8/23/12 2:00,10298.2711,82.3,2.083,567.5152,-0.66,-0.09,0.0511,1.39,-1.38,0.0,0.6957,-0.5,8.101657
8/23/12 2:30,10301.0711,77.3,1.723,567.56,-0.52,-0.12,0.0576,0.92,-0.9,0.0,0.5591,-0.66,7.655636
8/23/12 3:00,10303.8961,61.7,1.58,577.7634,-0.53,-0.29,0.0595,0.96,-0.84,0.0,0.6759,-1.63,7.636018
8/23/12 3:30,10306.7461,60.1,1.498,577.7577,-0.61,-0.35,0.0568,1.06,-0.92,0.0,0.8414,-2.01,7.668907
8/23/12 4:00,10309.5961,109.2,1.475,577.7178,-0.46,0.16,0.0595,0.71,-0.67,0.0,0.6183,0.91,7.724876
8/23/12 4:30,10312.4461,69.0,1.365,577.7349,-0.49,-0.19,0.0551,0.71,-0.66,0.0,0.6558,-1.06,7.664868
8/23/12 5:00,10315.2961,77.3,1.426,577.8375,-0.64,-0.14,0.0513,0.94,-0.92,0.0,0.9077,-0.83,7.668907
8/23/12 5:30,10318.1711,110.9,1.29,588.004,-0.55,0.21,0.0561,0.76,-0.71,12.9552,0.7546,1.22,6.79129
8/23/12 6:00,10321.0711,60.9,1.25,588.1258,-0.5,-0.28,0.041,0.72,-0.62,74.092,0.715,-1.61,7.889898
8/23/12 6:30,10323.9961,70.9,1.732,598.3839,-0.44,-0.15,0.0112,0.81,-0.77,163.2602,0.8054,-0.91,4.6872595
8/23/12 7:00,10326.9461,113.9,3.023,598.4488,-0.8,0.35,-0.0233,2.64,-2.41,256.0167,2.5462,2.08,5.084524
8/23/12 7:30,10329.8711,159.6,5.213,588.4448,-0.11,0.31,-0.0516,1.7,-0.59,336.6802,1.5701,1.77,4.82372
8/23/12 8:00,10332.7711,216.0,7.016,588.3984,0.25,0.35,-0.0685,3.0,1.77,381.2625,2.6005,2.01,4.0519825
8/23/12 8:30,10335.6711,270.9,8.082,588.4158,0.28,0.0,-0.0752,2.3,2.3,461.2255,1.821,-0.03,3.8651499
8/23/12 9:00,10338.5461,275.0,8.896,578.2878,0.36,-0.03,-0.0798,3.18,3.16,425.3106,2.2457,-0.18,5.6104595
8/23/12 9:30,10341.3961,111.5,10.491,578.379,-0.17,0.07,-0.093,1.89,-1.76,453.4798,1.1496,0.38,8.001259
8/23/12 10:00,10344.2461,209.9,11.685,578.3619,0.16,0.29,-0.0984,3.87,1.93,395.4695,1.9339,1.64,8.594415
8/23/12 10:30,10347.0711,265.5,12.056,568.0864,0.31,0.02,-0.0944,3.71,3.7,318.106,1.421,0.14,8.659616
8/23/12 11:00,10349.8711,337.3,13.122,568.0304,0.05,-0.12,-0.0958,1.77,0.68,226.4703,0.4585,-0.7,6.932078
8/23/12 11:30,10352.6711,341.7,13.47,567.8512,0.16,-0.5,-0.095,7.06,2.22,114.0191,0.9213,-2.79,7.054979
8/23/12 12:00,10355.4461,129.8,15.052,557.568,-0.37,0.31,-0.0975,7.21,-5.54,0.0,0.0,1.69,14.015907
8/23/12 12:30,10358.1961,179.0,18.327,557.3755,-0.02,1.02,-0.1124,18.73,-0.33,-114.7189,-2.4448,5.62,11.616164
8/23/12 13:00,10360.9461,165.8,19.864,557.271,-0.32,1.25,-0.1183,25.53,-6.26,-219.6269,-6.6064,6.85,12.271059
8/23/12 13:30,10363.6961,177.6,21.094,557.106,-0.07,1.69,-0.1222,35.75,-1.5,-315.1486,-13.6826,9.31,13.883774
8/23/12 14:00,10366.4461,184.8,21.557,556.974,0.11,1.3,-0.1241,28.07,2.35,-400.4715,-14.0336,7.14,14.942569
8/23/12 14:30,10369.1961,194.7,21.744,556.8805,0.48,1.82,-0.1181,40.86,10.37,-454.5433,-24.8722,10.0,11.002813
8/23/12 15:00,10371.9461,165.6,21.595,556.8255,-0.68,2.64,-0.1073,58.93,-14.66,-450.123,-41.6718,14.54,12.117
8/23/12 15:30,10374.6961,184.5,23.182,556.897,0.2,2.48,-0.1013,57.75,4.53,-441.4789,-45.8133,13.66,11.685981
8/23/12 16:00,10377.4461,194.4,24.058,556.8695,0.62,2.42,-0.0957,60.19,14.97,-404.7127,-52.1288,13.33,14.064952
8/23/12 16:30,10380.1711,195.3,23.568,546.8418,0.72,2.65,-0.0906,64.69,17.07,-337.1809,-59.7696,14.3,10.036338
8/23/12 17:00,10382.8711,194.2,21.933,546.939,0.6,2.39,-0.083,54.04,13.26,-254.1602,-52.2014,12.9,9.098713
8/23/12 17:30,10385.5961,185.5,19.596,557.0895,0.18,1.83,-0.066,36.0,3.45,-159.0684,-35.6899,10.06,7.491768
8/23/12 18:00,10388.3211,174.1,16.86,547.0146,-0.18,1.74,-0.0399,29.56,-3.04,-60.588,-29.5556,9.42,6.91823
8/23/12 18:30,10391.0211,161.7,14.744,547.29,-0.53,1.6,-0.0148,24.89,-7.81,-5.9437,-24.675,8.65,14.465967
8/23/12 19:00,10393.7211,158.2,13.876,547.5438,-0.72,1.8,0.0002,26.92,-10.0,0.0,-26.0022,9.73,4.4876752
8/23/12 19:30,10396.4461,169.4,12.799,557.8815,-0.37,1.96,-0.0002,25.51,-4.69,0.0,-23.5667,10.77,6.947657
8/23/12 20:00,10399.1961,174.8,10.331,558.096,-0.18,2.01,0.0003,20.88,-1.89,0.0,-18.0817,11.07,5.923482
8/23/12 20:30,10401.9461,179.6,8.907,558.305,-0.01,1.6,0.0029,14.26,-0.1,0.0,-11.3133,8.81,5.2439491
8/23/12 21:00,10404.6961,178.2,6.768,558.4535,-0.05,1.58,0.0156,10.72,-0.34,0.0,-7.5805,8.71,11.786379
8/23/12 21:30,10407.4461,178.1,6.324,558.558,-0.04,1.33,0.0201,8.42,-0.28,0.0,-5.1279,7.32,11.721755
8/23/12 22:00,10410.1961,170.4,6.355,558.5635,-0.25,1.48,0.0215,9.54,-1.59,0.0,-4.7694,8.14,11.688289
8/23/12 22:30,10412.9711,154.8,5.263,568.6968,-0.65,1.37,0.0284,7.99,-3.4,0.0,-3.0594,7.7,3.4402471
8/23/12 23:00,10415.7711,159.7,4.954,568.624,-0.48,1.29,0.0252,6.82,-2.37,0.0,-1.7656,7.23,5.96041
8/23/12 23:30,10418.5711,159.7,4.719,568.6632,-0.59,1.6,0.0238,8.04,-2.79,0.0,-1.049,8.94,10.82452
8/24/12 0:00,10421.3711,121.7,3.402,568.6744,-0.89,0.55,0.0375,3.57,-3.04,0.0,0.0,3.09,10.70335
8/24/12 0:30,10424.1961,90.3,3.126,578.778,-0.68,0.0,0.0442,2.14,-2.14,0.0,0.2791,0.02,10.226748
8/24/12 1:00,10427.0461,56.7,2.696,578.7837,-0.46,-0.3,0.0535,1.49,-1.25,0.0,0.3866,-1.73,9.693023
8/24/12 1:30,10429.8961,103.2,2.686,578.7324,-0.4,0.09,0.0579,1.11,-1.09,0.0,0.4266,0.54,9.377404
8/24/12 2:00,10432.7461,110.9,2.199,578.6184,-0.51,0.19,0.0679,1.19,-1.12,0.0,0.597,1.1,8.285143
8/24/12 2:30,10435.5961,108.5,2.002,578.5272,-0.88,0.29,0.0652,1.85,-1.75,0.0,1.1261,1.67,8.370539
8/24/12 3:00,10438.4711,97.6,1.819,588.5376,-0.91,0.12,0.0696,1.67,-1.65,0.0,1.1782,0.7,7.631402
8/24/12 3:30,10441.3711,66.7,1.744,588.5666,-0.45,-0.19,0.0644,0.86,-0.79,0.0,0.6807,-1.13,7.655636
8/24/12 4:00,10444.2711,110.8,1.681,588.6304,-0.62,0.24,0.0668,1.11,-1.04,0.0,0.9652,1.37,7.648712
8/24/12 4:30,10447.1711,66.4,1.659,588.729,-0.54,-0.24,0.0629,0.98,-0.9,0.0,0.9089,-1.38,7.631402
8/24/12 5:00,10450.0711,82.1,1.474,588.8566,-0.58,-0.08,0.0645,0.86,-0.86,0.0,0.8343,-0.47,7.625632
8/24/12 5:30,10452.9961,62.0,1.389,599.1037,-0.5,-0.27,0.0643,0.79,-0.7,11.4472,0.7836,-1.58,6.722627
8/24/12 6:00,10455.9461,109.3,1.282,599.1273,-0.47,0.16,0.0562,0.63,-0.6,69.055,0.6333,0.96,6.936694
8/24/12 6:30,10458.9211,125.5,1.755,609.414,-0.49,0.35,0.0237,1.06,-0.87,156.5749,1.0544,2.11,4.7222834
8/24/12 7:00,10461.9211,138.0,2.854,609.588,-0.19,0.21,-0.0111,0.8,-0.53,251.3996,0.7691,1.24,3.7543082
8/24/12 7:30,10464.9211,230.4,3.813,609.612,0.09,0.08,-0.0336,0.45,0.35,296.3519,0.4192,0.46,6.065424
8/24/12 8:00,10467.8961,55.6,5.982,599.4341,-0.22,-0.15,-0.0476,1.61,-1.33,406.3781,1.3936,-0.9,5.955794
8/24/12 8:30,10470.8211,43.5,8.068,589.3322,-0.32,-0.34,-0.0681,3.77,-2.59,449.9781,2.9892,-1.96,5.1643808
8/24/12 9:00,10473.7211,22.8,9.696,589.2336,-0.16,-0.38,-0.0761,4.0,-1.55,463.8896,2.8316,-2.21,6.890534
8/24/12 9:30,10476.6211,222.7,12.137,589.135,0.26,0.29,-0.0934,4.72,3.2,396.3384,2.8741,1.66,6.218329
8/24/12 10:00,10479.5211,194.5,12.616,589.1002,0.19,0.72,-0.0952,9.4,2.35,231.7815,4.6995,4.18,6.148512
8/24/12 10:30,10482.4211,198.9,13.471,588.9668,0.11,0.33,-0.1016,4.77,1.54,244.5787,1.8249,1.94,12.894796
8/24/12 11:00,10485.2961,173.1,15.505,578.721,-0.12,1.01,-0.1135,15.85,-1.9,157.5877,4.1013,5.78,6.453168
8/24/12 11:30,10488.1461,178.0,16.95,578.5899,-0.05,1.36,-0.1178,23.02,-0.8,90.4237,3.0045,7.74,7.355596
8/24/12 12:00,10490.9961,158.7,18.44,578.5158,-0.57,1.46,-0.1251,28.9,-10.5,0.0,0.0,8.32,9.001777
8/24/12 12:30,10493.8461,160.7,18.232,578.5557,-0.35,0.99,-0.1065,19.03,-6.29,-66.8904,-2.4845,5.62,9.668212
8/24/12 13:00,10496.6961,160.9,19.122,578.4417,-0.51,1.47,-0.1121,29.75,-9.74,-171.2432,-7.7009,8.38,10.2706
8/24/12 13:30,10499.5461,177.0,21.981,578.2536,-0.07,1.28,-0.1281,28.18,-1.47,-334.1152,-10.7839,7.3,11.394019
8/24/12 14:00,10502.3711,145.9,21.746,567.9968,-0.84,1.24,-0.1029,32.62,-18.29,-299.481,-16.3095,6.96,6.430088
8/24/12 14:30,10505.1711,169.8,23.409,567.9464,-0.31,1.74,-0.1211,41.41,-7.33,-473.2688,-25.2091,9.75,10.090576
8/24/12 15:00,10507.9711,144.4,22.313,567.8624,-1.13,1.58,-0.1084,43.24,-25.17,-464.0417,-30.5771,8.82,16.818396
8/24/12 15:30,10510.7711,152.9,21.859,567.8512,-0.87,1.71,-0.1076,41.9,-19.09,-457.1231,-33.2444,9.56,15.008924
8/24/12 16:00,10513.5461,145.5,21.107,557.623,-1.51,2.2,-0.0947,56.4,-31.94,-401.6279,-48.842,12.11,15.727289
8/24/12 16:30,10516.2961,149.9,18.826,557.612,-1.58,2.73,-0.077,59.38,-29.78,-338.9224,-54.8574,15.01,15.891157
8/24/12 17:00,10519.0461,145.3,17.486,557.6725,-1.89,2.73,-0.0617,58.04,-33.04,-253.8096,-56.0585,15.01,12.418194
8/24/12 17:30,10521.7961,141.9,15.841,557.7495,-1.86,2.38,-0.0503,47.86,-29.53,-153.5302,-47.4462,13.08,11.299968
8/24/12 18:00,10524.5211,144.9,13.754,547.6734,-1.45,2.07,-0.0332,34.77,-19.99,-64.048,-34.7701,11.17,9.330667
8/24/12 18:30,10527.2461,138.7,12.041,557.8815,-1.37,1.56,-0.0026,25.0,-16.5,-4.7778,-24.7833,8.58,4.7647506
8/24/12 19:00,10529.9961,131.5,10.936,558.1125,-1.4,1.24,0.0248,20.42,-15.29,0.0,-19.7218,6.8,6.591071
8/24/12 19:30,10532.7461,125.1,9.961,558.4205,-1.61,1.13,0.0304,19.57,-16.01,0.0,-18.0834,6.21,5.886554
8/24/12 20:00,10535.5211,123.5,8.723,568.7584,-1.64,1.08,0.0382,17.12,-14.28,0.0,-14.8292,6.07,5.2919555
8/24/12 20:30,10538.3211,128.7,7.231,568.7976,-1.48,1.18,0.049,13.68,-10.68,0.0,-10.8539,6.62,4.6399455
8/24/12 21:00,10541.1461,129.4,6.036,578.9661,-1.31,1.07,0.054,10.21,-7.89,0.0,-7.2174,6.12,10.544675
8/24/12 21:30,10543.9961,129.5,5.195,578.9433,-1.17,0.97,0.0581,7.91,-6.1,0.0,-4.8133,5.52,10.222132
8/24/12 22:00,10546.8711,129.1,4.561,589.193,-1.05,0.85,0.0636,6.17,-4.79,0.0,-3.0855,4.95,9.856314
8/24/12 22:30,10549.7961,129.3,4.033,599.3338,-0.79,0.65,0.0695,4.14,-3.21,0.0,-1.585,3.84,9.15699
8/24/12 23:00,10552.7711,127.6,3.583,609.498,-0.77,0.59,0.0753,3.48,-2.76,0.0,-0.9005,3.55,8.131084
8/24/12 23:30,10555.7961,73.8,3.727,619.6868,-0.35,-0.1,0.0707,1.35,-1.3,0.0,-0.1761,-0.62,8.151279
8/25/12 0:00,10558.8711,55.7,3.613,629.8022,-0.27,-0.18,0.0699,1.18,-0.98,0.0,0.0,-1.14,8.171474
8/25/12 0:30,10561.9961,63.6,3.043,639.8343,-0.27,-0.13,0.0791,0.91,-0.81,0.0,0.1188,-0.84,7.592166
8/25/12 1:00,10565.1711,37.2,2.831,649.8304,-0.23,-0.3,0.0818,1.07,-0.65,0.0,0.2762,-1.92,7.511963
8/25/12 1:30,10568.3711,72.9,2.396,649.7792,-0.18,-0.05,0.0869,0.44,-0.42,0.0,0.1696,-0.35,7.08556
8/25/12 2:00,10571.5961,87.4,2.076,659.971,-0.36,-0.02,0.0931,0.75,-0.74,0.0,0.3726,-0.11,6.23737
8/25/12 2:30,10574.8461,93.3,1.909,659.9125,-0.32,0.02,0.0978,0.62,-0.62,0.0,0.3777,0.12,6.564529
8/25/12 3:00,10578.0961,86.9,1.828,659.8475,-0.28,-0.01,0.0973,0.5,-0.5,0.0,0.3568,-0.1,6.258142
8/25/12 3:30,10581.3461,96.5,1.927,659.8605,-0.22,0.03,0.0903,0.43,-0.43,0.0,0.344,0.17,6.564529
8/25/12 4:00,10584.6211,4.4,1.638,670.0518,-0.02,-0.28,0.0925,0.46,-0.04,0.0,0.4,-1.86,6.258142
8/25/12 4:30,10587.9211,42.6,1.447,670.1772,-0.21,-0.23,0.0986,0.45,-0.3,0.0,0.4118,-1.5,6.293916
8/25/12 5:00,10591.2211,331.2,1.203,670.3422,0.05,-0.08,0.0999,0.11,0.06,0.0,0.1104,-0.55,6.293916
8/25/12 5:30,10594.5461,61.0,1.113,680.586,-0.21,-0.12,0.0979,0.27,-0.23,11.477,0.2648,-0.78,6.293916
8/25/12 6:00,10597.8961,65.1,1.203,680.6195,-0.23,-0.11,0.0857,0.31,-0.28,72.224,0.3092,-0.72,9.502613
8/25/12 6:30,10601.2711,52.5,1.661,690.7644,-0.18,-0.14,0.051,0.39,-0.31,159.7654,0.3821,-0.96,6.694931
8/25/12 7:00,10604.6711,107.6,2.862,690.7644,-0.16,0.05,0.0069,0.49,-0.47,218.617,0.4755,0.35,5.1133163
8/25/12 7:30,10608.0711,172.9,4.367,690.6284,-0.03,0.26,-0.0357,1.13,-0.14,324.8287,1.045,1.75,5.834047
8/25/12 8:00,10611.4711,235.6,6.762,690.5536,0.4,0.27,-0.0579,3.27,2.69,409.559,2.8285,1.86,5.1997509
8/25/12 8:30,10614.8711,243.3,8.56,690.5128,0.25,0.12,-0.0738,2.37,2.12,460.091,1.8811,0.85,7.087291
8/25/12 9:00,10618.2711,227.4,13.154,690.5876,0.68,0.62,-0.0951,12.06,8.88,467.2144,8.5293,4.22,5.0401527
8/25/12 9:30,10621.6961,229.5,14.38,700.7502,0.58,0.49,-0.0968,10.96,8.33,451.2639,6.6705,3.41,6.239101
8/25/12 10:00,10625.1461,249.4,15.977,700.6398,0.34,0.13,-0.096,5.75,5.38,383.857,2.8759,0.87,5.7410923
8/25/12 10:30,10628.6211,244.3,16.125,710.605,0.53,0.25,-0.0979,9.42,8.49,310.0612,3.6037,1.77,7.209038
8/25/12 11:00,10632.1211,252.2,18.016,710.36,0.94,0.3,-0.1051,17.8,16.95,225.5546,4.6069,2.11,8.945808
8/25/12 11:30,10635.6461,231.8,20.015,720.3092,1.04,0.82,-0.1134,26.4,20.75,110.9727,3.4459,5.79,10.560831
8/25/12 12:00,10639.2211,180.0,20.269,730.26,0.0,0.96,-0.1136,19.52,0.0,0.0,0.0,6.93,11.705022
8/25/12 12:30,10642.8211,196.2,21.29,730.0872,0.25,0.88,-0.1099,19.44,5.42,-115.3658,-2.5371,6.31,17.022077
8/25/12 13:00,10646.4211,213.3,21.411,729.8568,0.37,0.56,-0.1027,14.3,7.85,-172.5272,-3.7018,4.02,12.158544
8/25/12 13:30,10650.0461,152.0,21.432,739.8185,-0.56,1.05,-0.0969,25.48,-11.96,-271.1898,-9.7518,7.66,12.136041
8/25/12 14:00,10653.6961,156.6,21.133,739.6725,-0.36,0.83,-0.0923,19.1,-7.59,-333.4905,-9.5521,6.06,18.367641
8/25/12 14:30,10657.3461,181.3,23.959,739.4681,0.02,0.97,-0.1088,23.31,0.53,-461.8113,-14.1915,7.1,16.662606
8/25/12 15:00,10660.9961,130.2,25.226,739.3294,-1.03,0.87,-0.099,34.06,-26.01,-470.6312,-24.0806,6.36,14.774662
8/25/12 15:30,10664.6461,97.4,21.841,739.2199,-2.14,0.28,-0.0855,47.18,-46.78,-449.249,-37.4277,2.03,20.192692
8/25/12 16:00,10668.2961,129.4,20.765,739.2199,-1.53,1.26,-0.0758,41.22,-31.85,-378.796,-35.6963,9.2,18.646332
8/25/12 16:30,10671.9461,150.2,19.598,739.417,-1.56,2.72,-0.0601,61.44,-30.53,-319.2992,-56.7629,19.86,14.572712
8/25/12 17:00,10675.5961,143.1,18.417,739.5119,-1.92,2.56,-0.0473,58.93,-35.39,-238.5431,-56.9263,18.68,12.967498
8/25/12 17:30,10679.2461,147.6,16.114,739.6287,-1.82,2.87,-0.0295,54.8,-29.37,-132.0158,-54.3349,20.96,12.283176
8/25/12 18:00,10682.8961,147.5,13.32,739.7236,-1.83,2.88,-0.0077,45.45,-24.42,-44.249,-45.4478,21.01,8.815406
8/25/12 18:30,10686.5461,145.2,10.951,739.8404,-1.64,2.36,0.0162,31.5,-17.97,-5.4986,-31.2256,17.24,11.354783
8/25/12 19:00,10690.1711,143.7,9.263,729.9072,-1.7,2.32,0.0259,26.61,-15.76,0.0,-25.7058,16.67,8.427085
8/25/12 19:30,10693.7711,141.4,7.755,730.116,-1.63,2.04,0.0338,20.23,-12.62,0.0,-18.6927,14.68,11.429216
8/25/12 20:00,10697.3711,134.0,6.547,730.3392,-1.59,1.54,0.0446,14.47,-10.41,0.0,-12.5304,11.05,5.1314341
8/25/12 20:30,10700.9711,133.2,6.005,730.5696,-1.47,1.38,0.0467,12.08,-8.8,0.0,-9.5806,9.91,7.400602
8/25/12 21:00,10704.5711,133.6,5.132,730.728,-1.35,1.28,0.05,9.55,-6.92,0.0,-6.7533,9.24,5.1446474
8/25/12 21:30,10708.1711,144.4,4.846,730.7712,-1.08,1.5,0.051,8.97,-5.22,0.0,-5.4576,10.83,5.974258
8/25/12 22:00,10711.7711,141.7,4.092,730.8216,-0.85,1.08,0.0583,5.61,-3.47,0.0,-2.803,7.74,5.4755569
8/25/12 22:30,10715.3711,143.5,3.522,730.8,-0.74,1.0,0.0634,4.4,-2.62,0.0,-1.6848,7.23,10.373306
8/25/12 23:00,10718.9711,144.4,3.221,730.7352,-0.53,0.73,0.0654,2.91,-1.69,0.0,-0.7528,5.29,9.384905
8/25/12 23:30,10722.5711,127.6,3.064,730.692,-0.49,0.38,0.0666,1.9,-1.5,0.0,-0.2476,2.72,9.271813
8/26/12 0:00,10726.1711,133.8,2.454,730.4904,-0.43,0.41,0.0776,1.47,-1.06,0.0,0.0,2.98,9.241232
8/26/12 0:30,10729.7711,125.3,2.306,730.3176,-0.64,0.46,0.0803,1.82,-1.49,0.0,0.2378,3.29,7.987411
8/26/12 1:00,10733.3711,130.7,2.189,730.1232,-0.75,0.65,0.0814,2.17,-1.65,0.0,0.5626,4.66,7.465803
8/26/12 1:30,10736.9711,106.0,2.307,730.044,-0.59,0.17,0.0755,1.42,-1.37,0.0,0.5438,1.22,7.401756
8/26/12 2:00,10740.5711,55.1,2.081,729.9288,-0.14,-0.1,0.0788,0.36,-0.3,0.0,0.1821,-0.72,7.417912
8/26/12 2:30,10744.1711,109.1,1.969,729.8496,-0.16,0.06,0.0782,0.34,-0.32,0.0,0.205,0.4,7.382715
8/26/12 3:00,10747.7461,52.9,2.033,719.7128,-0.38,-0.29,0.0724,0.97,-0.77,0.0,0.6828,-2.03,7.105755
8/26/12 3:30,10751.2961,57.8,1.801,719.6915,-0.38,-0.24,0.078,0.8,-0.68,0.0,0.6358,-1.68,6.085619
8/26/12 4:00,10754.8461,4.8,1.508,719.6915,-0.03,-0.33,0.0818,0.49,-0.04,0.0,0.4284,-2.32,5.993876
8/26/12 4:30,10758.3961,22.4,1.477,719.7341,-0.08,-0.2,0.0834,0.32,-0.12,0.0,0.3002,-1.44,5.1689391
8/26/12 5:00,10761.9211,104.1,1.205,709.632,-0.37,0.09,0.0929,0.46,-0.44,0.0,0.4423,0.65,4.4113381
8/26/12 5:30,10765.4211,71.8,1.121,709.793,-0.61,-0.2,0.0929,0.72,-0.69,9.3255,0.7157,-1.41,4.2217359
8/26/12 6:00,10768.9211,106.8,1.208,709.982,-0.36,0.11,0.0717,0.45,-0.43,71.126,0.4506,0.75,7.69718
8/26/12 6:30,10772.3961,56.4,1.924,699.9636,-0.53,-0.35,0.0293,1.23,-1.02,166.2385,1.217,-2.44,4.2671458
8/26/12 7:00,10775.8461,102.4,3.116,699.9705,-0.53,0.12,-0.0074,1.69,-1.65,263.5567,1.6283,0.8,5.4770571
8/26/12 7:30,10779.2711,151.1,5.248,689.792,-0.48,0.87,-0.043,5.21,-2.52,333.515,4.8146,5.91,5.1528408
8/26/12 8:00,10782.6711,167.4,6.798,689.8328,-0.15,0.67,-0.0581,4.64,-1.01,344.259,4.0151,4.53,5.3561756
8/26/12 8:30,10786.0711,226.7,8.944,689.86,0.56,0.53,-0.0765,6.9,5.02,397.2003,5.4708,3.6,9.16276
8/26/12 9:00,10789.4461,196.0,11.271,679.7284,0.18,0.62,-0.0937,7.24,1.99,452.5809,5.1166,4.13,6.707625
8/26/12 9:30,10792.7961,173.2,12.955,679.6815,-0.1,0.85,-0.0977,11.05,-1.31,360.2559,6.7272,5.67,6.818986
8/26/12 10:00,10796.1461,179.6,15.216,679.5207,-0.01,1.23,-0.1159,18.73,-0.13,405.631,9.3654,8.25,7.955099
8/26/12 10:30,10799.4711,169.3,16.454,669.2004,-0.21,1.13,-0.1143,19.0,-3.53,247.8078,7.2727,7.49,7.078059
8/26/12 11:00,10802.7461,179.5,17.544,658.9765,-0.01,0.75,-0.1146,13.12,-0.11,218.8455,3.3965,4.86,12.825556
8/26/12 11:30,10805.9961,163.5,18.475,658.7555,-0.26,0.88,-0.1086,17.03,-4.84,76.8841,2.2234,5.75,10.718352
8/26/12 12:00,10809.2211,138.8,21.002,648.4672,-0.52,0.59,-0.1144,16.49,-10.86,0.0,0.0,3.78,14.962187
8/26/12 12:30,10812.4211,144.3,25.116,648.2496,-0.54,0.76,-0.1269,23.43,-13.67,-115.7688,-3.0587,4.85,12.260673
8/26/12 13:00,10815.5961,175.6,25.028,637.8687,-0.08,1.02,-0.1229,25.63,-1.97,-230.5788,-6.6332,6.43,25.495899
8/26/12 13:30,10818.7461,146.8,24.334,637.7553,-0.44,0.68,-0.1186,19.71,-10.79,-320.825,-7.5429,4.27,17.960856
8/26/12 14:00,10821.8961,189.7,24.96,637.5789,0.27,1.6,-0.1166,40.44,6.81,-417.1615,-20.2176,10.06,15.4636
8/26/12 14:30,10825.0211,179.0,25.369,627.2788,-0.03,1.65,-0.1129,41.91,-0.73,-464.6219,-25.5129,10.24,16.662029
8/26/12 15:00,10828.0961,100.9,20.924,617.0577,-1.95,0.38,-0.0849,41.56,-40.81,-352.3032,-29.3839,2.29,18.974645
8/26/12 15:30,10831.1461,89.9,19.537,616.954,-2.22,0.0,-0.0657,43.41,-43.41,-262.9308,-34.4404,-0.02,18.91983
8/26/12 16:00,10834.1711,139.4,19.396,606.828,-1.73,2.02,-0.0612,51.59,-33.58,-278.9442,-44.6812,12.12,19.05254
8/26/12 16:30,10837.1711,146.9,18.946,607.038,-1.83,2.8,-0.0652,63.41,-34.63,-343.5816,-58.5853,16.82,19.290264
8/26/12 17:00,10840.1711,145.6,18.202,607.164,-2.03,2.96,-0.0562,65.31,-36.9,-273.1667,-63.0834,17.76,12.464931
8/26/12 17:30,10843.1711,147.0,16.128,607.302,-1.74,2.68,-0.0408,51.53,-28.06,-172.2616,-51.0881,16.08,12.807669
8/26/12 18:00,10846.1711,146.5,14.76,607.44,-1.83,2.76,-0.0252,48.91,-27.0,-74.826,-48.9146,16.58,12.848059
8/26/12 18:30,10849.1461,141.6,11.863,597.375,-1.79,2.25,-0.0009,34.11,-21.18,-11.3511,-33.8143,13.29,9.374519
8/26/12 19:00,10852.0961,138.5,9.784,597.5461,-1.61,1.82,0.0121,23.77,-15.75,0.0,-22.9556,10.73,11.708484
8/26/12 19:30,10855.0461,136.9,7.562,597.8057,-1.27,1.36,0.0305,14.08,-9.62,0.0,-13.0086,8.02,4.7356121
8/26/12 20:00,10857.9961,141.2,6.389,597.9886,-1.4,1.74,0.0291,14.28,-8.95,0.0,-12.3663,10.28,8.656731
8/26/12 20:30,10860.9461,140.1,5.456,598.1125,-1.45,1.74,0.0311,12.37,-7.93,0.0,-9.8128,10.26,7.787769
8/26/12 21:00,10863.8961,139.5,5.086,598.1715,-1.62,1.9,0.031,12.73,-8.26,0.0,-8.9981,11.22,5.4161836
8/26/12 21:30,10866.8461,139.3,4.237,598.1774,-1.31,1.52,0.0392,8.49,-5.53,0.0,-5.1664,8.96,6.703009
8/26/12 22:00,10869.7961,133.5,3.791,598.2128,-1.3,1.24,0.0426,6.81,-4.94,0.0,-3.4062,7.3,10.594874
8/26/12 22:30,10872.7461,137.8,3.506,598.1479,-1.32,1.45,0.0435,6.89,-4.63,0.0,-2.6351,8.58,4.4484969
8/26/12 23:00,10875.6961,130.9,3.146,598.1951,-0.87,0.75,0.0479,3.62,-2.74,0.0,-0.938,4.45,9.279314
8/26/12 23:30,10878.6461,121.3,2.631,598.2423,-0.67,0.41,0.0578,2.05,-1.76,0.0,-0.2682,2.39,8.847141
8/27/12 0:00,10881.5961,65.1,2.621,598.201,-0.33,-0.15,0.0578,0.96,-0.87,0.0,0.0,-0.91,8.847141
8/27/12 0:30,10884.5461,44.0,2.666,598.083,-0.31,-0.32,0.0553,1.18,-0.82,0.0,0.1542,-1.88,8.847141
8/27/12 1:00,10887.4961,309.0,1.855,598.0063,0.13,-0.11,0.0738,0.31,0.24,0.0,0.0811,-0.63,7.123642
8/27/12 1:30,10890.4461,53.9,1.877,597.9945,-0.19,-0.14,0.0665,0.44,-0.35,0.0,0.1681,-0.81,7.123642
8/27/12 2:00,10893.3961,105.2,1.505,597.9414,-0.5,0.14,0.0766,0.78,-0.75,0.0,0.3905,0.8,6.047537
8/27/12 2:30,10896.3461,39.1,1.678,597.9709,-0.22,-0.27,0.0693,0.58,-0.36,0.0,0.3514,-1.58,6.045806
8/27/12 3:00,10899.2711,64.9,1.47,587.8532,-0.16,-0.08,0.0762,0.26,-0.24,0.0,0.1871,-0.44,5.0806004
8/27/12 3:30,10902.1711,23.5,1.275,587.7604,-0.05,-0.11,0.075,0.15,-0.06,0.0,0.1183,-0.62,4.9813564
8/27/12 4:00,10905.0711,51.4,1.28,587.7836,-0.4,-0.32,0.075,0.66,-0.52,0.0,0.5742,-1.87,4.5776872
8/27/12 4:30,10907.9711,75.1,1.167,587.8242,-0.37,-0.1,0.0754,0.44,-0.43,0.0,0.4075,-0.56,4.4783855
8/27/12 5:00,10910.8711,61.2,1.193,587.9576,-0.18,-0.1,0.0749,0.25,-0.22,0.0,0.2431,-0.59,4.4783855
8/27/12 5:30,10913.7711,74.5,1.075,588.1432,-0.27,-0.07,0.0788,0.3,-0.29,9.1699,0.2974,-0.43,3.8723047
8/27/12 6:00,10916.6711,8.4,1.084,588.2476,-0.02,-0.17,0.0717,0.19,-0.03,66.974,0.1854,-0.98,4.7477291
8/27/12 6:30,10919.5711,211.1,1.256,588.3578,0.02,0.03,0.0331,0.04,0.02,159.6306,0.0423,0.17,6.675313
8/27/12 7:00,10922.4711,131.6,2.595,588.4448,-0.42,0.37,-0.0131,1.45,-1.08,252.4109,1.3987,2.15,5.5642995
8/27/12 7:30,10925.3461,118.0,4.238,578.2707,-0.32,0.17,-0.0447,1.55,-1.37,309.6087,1.4291,0.98,5.6664285
8/27/12 8:00,10928.1711,238.5,6.184,568.0416,0.14,0.08,-0.0546,1.0,0.85,195.0307,0.8676,0.47,6.293916
8/27/12 8:30,10930.9711,244.2,7.81,568.0976,0.21,0.1,-0.0796,1.81,1.63,448.2605,1.4375,0.57,5.4923476
8/27/12 9:00,10933.7461,212.4,9.997,557.953,0.38,0.6,-0.099,7.1,3.8,465.417,5.019,3.3,8.495171
8/27/12 9:30,10936.4961,162.1,11.062,557.953,-0.18,0.57,-0.1002,6.6,-2.03,382.2084,4.0203,3.12,8.892147
8/27/12 10:00,10939.2461,357.9,12.162,557.8925,0.0,-0.09,-0.1053,1.16,0.04,409.6385,0.5777,-0.52,9.073325
8/27/12 10:30,10941.9711,323.7,12.646,547.6626,0.25,-0.34,-0.1049,5.32,3.15,314.575,2.0374,-1.83,10.643919
8/27/12 11:00,10944.6711,167.7,16.003,547.5006,-0.21,0.94,-0.1218,15.46,-3.29,233.6062,4.0011,5.1,11.088786
8/27/12 11:30,10947.3461,139.2,16.647,537.2557,-0.36,0.41,-0.1139,9.12,-5.96,106.0823,1.1907,2.2,10.649689
8/27/12 12:00,10949.9961,198.8,18.675,537.0596,0.51,1.49,-0.1261,29.38,9.47,0.0,0.0,7.89,17.556956
8/27/12 12:30,10952.6211,199.5,20.875,526.8536,0.71,2.01,-0.124,44.55,14.87,-114.0945,-5.8146,10.46,13.9057
8/27/12 13:00,10955.2211,179.7,22.662,526.6872,-0.01,2.16,-0.1209,49.06,-0.26,-214.428,-12.6985,11.26,19.841876
8/27/12 13:30,10957.8211,196.4,25.145,526.5156,0.51,1.72,-0.1223,45.03,12.72,-302.5583,-17.234,8.93,16.961492
8/27/12 14:00,10960.3961,212.2,26.174,516.2526,1.08,1.71,-0.1172,52.9,28.19,-371.314,-26.4488,8.72,13.466603
8/27/12 14:30,10962.9461,191.4,26.588,516.1455,0.31,1.54,-0.1162,41.85,8.27,-418.1887,-25.4764,7.87,17.975858
8/27/12 15:00,10965.4711,190.1,26.704,505.935,0.32,1.78,-0.1199,48.33,8.48,-454.734,-34.1775,8.91,19.147745
8/27/12 15:30,10967.9711,148.9,20.115,505.9,-1.81,2.99,-0.0952,70.32,-36.32,-419.2785,-55.7902,14.97,24.416909
8/27/12 16:00,10970.4711,157.1,19.317,505.985,-1.43,3.39,-0.0856,71.14,-27.68,-385.0384,-61.613,16.96,23.609109
8/27/12 16:30,10972.9461,171.6,18.064,496.0123,-0.47,3.2,-0.079,58.44,-8.54,-315.7284,-53.9888,15.68,15.578423
8/27/12 17:00,10975.3961,180.1,16.757,496.0221,0.0,2.72,-0.0724,45.66,0.08,-232.0656,-44.1069,13.35,12.666304
8/27/12 17:30,10977.7711,159.5,15.327,465.6764,-0.96,2.58,-0.0585,42.2,-14.78,-131.4378,-41.8342,11.86,10.994735
8/27/12 18:00,10979.9711,156.5,12.452,425.1996,-1.01,2.32,-0.0396,31.49,-12.56,-45.395,-31.4911,9.74,13.483913
8/27/12 18:30,10981.9961,151.3,10.427,394.9764,-1.23,2.25,-0.0218,26.7,-12.82,-1.3414,-26.4751,8.76,11.100326
8/27/12 19:00,10983.8711,137.7,8.154,364.7412,-1.47,1.62,-0.001,17.82,-11.99,0.0,-17.2094,5.82,7.266738
8/27/12 19:30,10985.6211,143.8,7.082,344.624,-1.16,1.59,0.0084,13.94,-8.23,0.0,-12.8765,5.4,8.185322
8/27/12 20:00,10987.2711,140.0,6.604,324.512,-1.33,1.58,0.0142,13.66,-8.78,0.0,-11.8274,5.07,8.685581
8/27/12 20:30,10988.8211,134.6,6.464,304.269,-1.36,1.34,0.022,12.31,-8.76,0.0,-9.7642,4.01,11.775993
8/27/12 21:00,10990.2961,135.0,5.69,294.1586,-1.12,1.12,0.0312,9.01,-6.37,0.0,-6.3731,3.25,7.066519
8/27/12 21:30,10991.6961,134.2,5.369,273.8502,-0.96,0.93,0.0347,7.19,-5.15,0.0,-4.3764,2.52,10.681424
8/27/12 22:00,10993.0211,131.3,5.099,263.7128,-0.85,0.75,0.0387,5.8,-4.36,0.0,-2.9013,1.95,9.349131
8/27/12 22:30,10994.2961,116.1,5.057,253.61,-0.49,0.24,0.0371,2.74,-2.46,0.0,-1.047,0.6,9.365864
8/27/12 23:00,10995.5461,103.9,4.239,253.58,-0.63,0.16,0.0463,2.77,-2.69,0.0,-0.7164,0.39,8.599031
8/27/12 23:30,10996.7711,115.2,3.035,243.4056,-0.81,0.38,0.0577,2.71,-2.45,0.0,-0.3534,0.91,6.737052
8/28/12 0:00,10997.9711,100.7,3.044,243.4176,-0.81,0.15,0.0451,2.52,-2.48,0.0,0.0,0.37,6.82591
8/28/12 0:30,10999.1461,99.5,2.703,233.2614,-0.72,0.12,0.0423,1.98,-1.96,0.0,0.259,0.28,6.795329
8/28/12 1:00,11000.2961,65.8,2.518,233.2154,-0.36,-0.16,0.0415,1.0,-0.91,0.0,0.2587,-0.37,6.795329
8/28/12 1:30,11001.4461,63.7,2.026,233.1878,-0.53,-0.26,0.0484,1.19,-1.06,0.0,0.4543,-0.6,6.615882
8/28/12 2:00,11002.5711,92.4,1.901,223.025,-0.48,0.02,0.0459,0.92,-0.92,0.0,0.46,0.04,6.724935
8/28/12 2:30,11003.6711,31.6,1.776,223.0184,-0.23,-0.38,0.0481,0.79,-0.41,0.0,0.48,-0.83,5.826546
8/28/12 3:00,11004.7711,54.6,1.802,223.0074,-0.3,-0.21,0.0395,0.67,-0.54,0.0,0.4727,-0.47,6.740514
8/28/12 3:30,11005.8461,51.8,1.62,212.8854,-0.53,-0.42,0.0436,1.1,-0.86,0.0,0.8727,-0.88,5.826546
8/28/12 4:00,11006.8961,49.6,1.501,212.9106,-0.37,-0.32,0.0447,0.74,-0.56,0.0,0.6383,-0.67,5.709992
8/28/12 4:30,11007.9461,38.5,1.588,212.9421,-0.19,-0.24,0.0387,0.48,-0.3,0.0,0.4416,-0.49,5.832316
8/28/12 5:00,11008.9961,78.7,1.894,212.982,-0.62,-0.12,0.0288,1.19,-1.17,0.0,1.1489,-0.26,6.779173
8/28/12 5:30,11010.0461,107.0,1.826,212.9925,-0.5,0.15,0.0318,0.96,-0.92,10.8365,0.9523,0.32,0.48584554
8/28/12 6:00,11011.0711,113.2,1.944,202.878,-0.29,0.12,0.0246,0.61,-0.56,62.03,0.6065,0.25,4.0654843
8/28/12 6:30,11012.0711,57.1,1.889,202.894,-0.09,-0.06,0.0055,0.21,-0.18,123.1771,0.2116,-0.12,5.0753497
8/28/12 7:00,11013.0711,146.5,2.684,202.88,-0.29,0.44,-0.0199,1.41,-0.78,179.6892,1.3637,0.88,6.094274
8/28/12 7:30,11014.0461,149.8,4.525,192.7246,-0.53,0.91,-0.0521,4.78,-2.41,335.1077,4.4188,1.74,7.259237
8/28/12 8:00,11014.9711,187.6,6.27,182.5794,0.17,1.27,-0.0682,8.05,1.06,284.8782,6.9721,2.29,4.2167737
8/28/12 8:30,11015.8711,171.3,7.868,182.5866,-0.17,1.08,-0.0807,8.62,-1.3,401.931,6.8413,1.95,6.134664
8/28/12 9:00,11016.7461,165.8,9.452,172.4242,-0.25,0.99,-0.0839,9.66,-2.37,413.6398,6.8306,1.68,7.295011
8/28/12 9:30,11017.5711,206.6,11.04,162.2528,0.21,0.42,-0.0789,5.16,2.31,275.0238,3.1386,0.67,6.479133
8/28/12 10:00,11018.3711,209.1,12.419,162.2256,0.14,0.26,-0.0899,3.64,1.77,344.096,1.8194,0.41,10.647958
8/28/12 10:30,11019.1461,208.9,13.438,152.073,0.39,0.71,-0.0887,10.9,5.27,210.7292,4.1706,1.07,7.54716
8/28/12 11:00,11019.8711,183.7,16.989,141.8942,0.08,1.2,-0.1054,20.42,1.32,196.7944,5.2853,1.68,8.484208
8/28/12 11:30,11020.5461,185.9,19.591,131.7199,0.19,1.81,-0.1091,35.58,3.66,109.6438,4.6438,2.35,13.701442
8/28/12 12:00,11021.1961,170.3,21.125,131.6744,-0.41,2.4,-0.11,51.44,-8.67,0.0,0.0,3.12,14.296329
8/28/12 12:30,11021.8211,194.7,23.281,121.5228,0.57,2.19,-0.1188,52.68,13.37,-111.7543,-6.8768,2.63,15.120862
8/28/12 13:00,11022.3961,193.5,24.102,111.3651,0.54,2.24,-0.1181,55.56,12.97,-201.0191,-14.3787,2.47,14.744658
8/28/12 13:30,11022.9461,186.6,24.848,111.3354,0.27,2.34,-0.1307,58.52,6.73,-313.8031,-22.3935,2.57,22.248543
8/28/12 14:00,11023.4961,195.3,24.667,111.2947,0.71,2.59,-0.1297,66.3,17.5,-411.47,-33.1524,2.85,20.027093
8/28/12 14:30,11024.0461,171.8,21.907,111.2903,-0.38,2.64,-0.1226,58.38,-8.33,-503.8645,-35.5408,2.9,19.874765
8/28/12 15:00,11024.5711,196.9,22.414,101.165,0.79,2.59,-0.1183,60.72,17.65,-424.5328,-42.9352,2.59,18.301863
8/28/12 15:30,11025.0711,163.1,19.173,101.158,-0.95,3.13,-0.0938,62.75,-18.24,-286.2276,-49.7855,3.13,17.217103
8/28/12 16:00,11025.5711,156.3,15.765,101.163,-1.28,2.91,-0.078,50.15,-20.16,-245.2567,-43.4298,2.91,16.632025
8/28/12 16:30,11026.0711,150.5,15.208,101.173,-1.43,2.53,-0.08,44.27,-21.8,-234.9915,-40.9006,2.53,24.352862
8/28/12 17:00,11026.5711,169.8,16.584,101.174,-0.49,2.72,-0.089,45.81,-8.11,-206.7139,-44.2442,2.72,17.277688
8/28/12 17:30,11027.0711,178.3,16.091,101.179,-0.08,2.75,-0.0821,44.27,-1.31,-101.5686,-43.8876,2.75,11.089363
8/28/12 18:00,11027.5711,183.2,13.656,101.188,0.14,2.52,-0.0658,34.44,1.92,-42.898,-34.4404,2.52,10.411965
8/28/12 18:30,11028.0711,182.7,11.361,101.227,0.11,2.37,-0.0464,26.95,1.27,-2.6432,-26.7177,2.37,9.397022
8/28/12 19:00,11028.5711,181.0,9.758,101.268,0.04,2.33,-0.0333,22.74,0.4,0.0,-21.9614,2.33,9.514153
8/28/12 19:30,11029.0711,179.5,8.923,101.318,-0.02,2.29,-0.0288,20.42,-0.18,0.0,-18.8618,2.29,8.079731
8/28/12 20:00,11029.5711,156.0,7.044,101.346,-0.69,1.54,-0.0092,11.87,-4.83,0.0,-10.279,1.54,11.614433
8/28/12 20:30,11030.0711,134.7,5.746,101.368,-1.16,1.15,0.0173,9.38,-6.67,0.0,-7.4442,1.15,10.089999
8/28/12 21:00,11030.5711,135.8,5.095,101.382,-1.07,1.1,0.0221,7.79,-5.43,0.0,-5.5049,1.1,9.200842
8/28/12 21:30,11031.0711,129.5,4.637,101.375,-1.25,1.03,0.0262,7.53,-5.81,0.0,-4.5843,1.03,8.526906
8/28/12 22:00,11031.5711,131.6,4.177,101.364,-1.05,0.93,0.0275,5.85,-4.37,0.0,-2.9239,0.93,7.330785
8/28/12 22:30,11032.0711,118.5,3.509,101.349,-1.07,0.58,0.0352,4.26,-3.75,0.0,-1.6315,0.58,6.633192
8/28/12 23:00,11032.5961,116.7,3.173,111.4586,-1.12,0.56,0.0346,3.96,-3.54,0.0,-1.0257,0.62,6.512022
8/28/12 23:30,11033.1461,123.9,2.976,111.4564,-1.21,0.81,0.0316,4.35,-3.61,0.0,-0.5675,0.9,6.460092
8/29/12 0:00,11033.6961,122.1,3.005,111.4289,-1.28,0.8,0.0256,4.53,-3.84,0.0,0.0,0.88,10.147699
8/29/12 0:30,11034.2461,123.5,2.912,111.3981,-1.42,0.94,0.0221,4.97,-4.14,0.0,0.6484,1.04,10.798555
8/29/12 1:00,11034.7961,118.5,2.664,111.3783,-1.17,0.64,0.0238,3.56,-3.13,0.0,0.9205,0.7,6.546642
8/29/12 1:30,11035.3461,117.6,2.311,111.364,-0.95,0.5,0.0279,2.48,-2.2,0.0,0.9498,0.55,6.527024
8/29/12 2:00,11035.8961,122.8,2.071,111.3376,-0.73,0.47,0.0309,1.8,-1.51,0.0,0.8978,0.52,5.5779744
8/29/12 2:30,11036.4461,102.3,2.118,111.3343,-0.49,0.11,0.0272,1.07,-1.04,0.0,0.6498,0.12,6.449706
8/29/12 3:00,11036.9961,78.2,1.954,111.3266,-0.45,-0.09,0.0309,0.9,-0.88,0.0,0.637,-0.1,5.6520035
8/29/12 3:30,11037.5461,105.3,1.796,111.309,-0.36,0.1,0.0313,0.68,-0.65,0.0,0.5372,0.11,5.516697
8/29/12 4:00,11038.0961,94.9,1.86,111.2914,-0.46,0.04,0.0287,0.86,-0.86,0.0,0.7474,0.04,5.6520035
8/29/12 4:30,11038.6461,94.6,1.622,111.2848,-0.19,0.02,0.0373,0.31,-0.31,0.0,0.2862,0.02,3.8874798
8/29/12 5:00,11039.1961,109.4,1.443,111.2892,-0.76,0.27,0.0396,1.16,-1.1,0.0,1.1248,0.29,3.4209176
8/29/12 5:30,11039.7711,122.9,1.272,121.4112,-0.51,0.33,0.0368,0.77,-0.64,7.0046,0.7592,0.39,3.6401199
8/29/12 6:00,11040.3711,25.9,1.326,121.4244,-0.03,-0.07,0.0306,0.11,-0.05,51.469,0.1061,-0.09,2.9337565
8/29/12 6:30,11040.9711,99.8,1.373,121.4412,-0.44,0.08,0.0134,0.62,-0.61,115.7571,0.6112,0.09,7.075751
8/29/12 7:00,11041.5961,136.0,2.046,131.5808,-0.44,0.45,-0.009,1.28,-0.89,150.1744,1.2391,0.59,4.9060579
8/29/12 7:30,11042.2211,196.8,4.256,121.4484,0.11,0.36,-0.0311,1.58,0.46,194.6605,1.4588,0.43,9.056592
8/29/12 8:00,11042.8211,199.8,5.824,121.4604,0.21,0.6,-0.0477,3.69,1.25,299.6353,3.1927,0.71,10.507747
8/29/12 8:30,11043.3961,201.2,8.115,111.342,0.3,0.79,-0.067,6.83,2.47,369.5408,5.4208,0.86,10.477743
8/29/12 9:00,11043.9461,225.4,10.499,111.3508,0.88,0.86,-0.0796,12.9,9.19,433.7421,9.124,0.95,8.760591
8/29/12 9:30,11044.4961,194.2,12.913,111.3244,0.3,1.19,-0.0917,15.86,3.89,407.9408,9.6532,1.31,14.505203
8/29/12 10:00,11045.0461,181.0,14.976,111.2914,0.02,0.88,-0.0995,13.21,0.23,368.598,6.6044,0.97,13.123865
8/29/12 10:30,11045.5711,221.2,15.883,101.165,0.37,0.42,-0.1012,8.93,5.88,294.5775,3.4159,0.42,16.249474
8/29/12 11:00,11046.0711,292.0,15.584,101.123,0.74,-0.3,-0.0896,12.39,11.49,175.3647,3.2066,-0.3,9.680906
8/29/12 11:30,11046.5711,202.1,17.53,101.09,0.47,1.16,-0.108,22.04,8.29,105.5843,2.8762,1.16,28.713251
8/29/12 12:00,11047.0711,210.1,16.568,101.068,0.49,0.85,-0.0859,16.34,8.19,0.0,0.0,0.85,26.43237
8/29/12 12:30,11047.5711,198.6,16.862,101.047,0.45,1.32,-0.103,23.54,7.51,-83.0636,-3.0725,1.32,32.602808
8/29/12 13:00,11048.0711,193.4,17.762,101.028,0.34,1.41,-0.1117,25.7,5.96,-168.5264,-6.6521,1.41,47.236682
8/29/12 13:30,11048.5461,193.5,18.117,90.9063,0.37,1.55,-0.115,28.79,6.72,-251.8903,-11.0167,1.39,41.917896
8/29/12 14:00,11049.0211,187.6,19.412,100.981,0.26,1.98,-0.1179,38.82,5.13,-379.231,-19.412,1.98,45.979976
8/29/12 14:30,11049.4961,185.7,18.275,90.8568,0.22,2.23,-0.0947,40.9,4.06,-212.9776,-24.898,2.0,20.977989
8/29/12 15:00,11049.9461,178.5,18.689,90.8433,-0.07,2.53,-0.1124,47.3,-1.24,-402.2052,-33.4475,2.28,51.659964
8/29/12 15:30,11050.3961,189.0,18.562,90.8424,0.41,2.61,-0.1131,49.1,7.68,-401.3352,-38.9509,2.35,49.536604
8/29/12 16:00,11050.8461,175.8,17.465,90.8379,-0.23,3.13,-0.1031,54.84,-4.02,-355.1969,-47.4929,2.82,59.2002
8/29/12 16:30,11051.2961,176.7,16.73,90.8334,-0.18,3.17,-0.1007,53.2,-3.06,-312.5106,-49.1517,2.86,60.67155
8/29/12 17:00,11051.7461,170.8,15.362,90.8397,-0.38,2.36,-0.088,36.67,-5.86,-186.0586,-35.4196,2.12,56.418483
8/29/12 17:30,11052.1961,175.7,14.104,90.8586,-0.18,2.4,-0.0784,33.96,-2.55,-117.516,-33.6719,2.16,10.265407
8/29/12 18:00,11052.6461,174.7,11.762,90.8622,-0.22,2.42,-0.0605,28.64,-2.65,-47.22,-28.6405,2.18,47.11205
8/29/12 18:30,11053.0961,172.1,9.855,90.8604,-0.33,2.41,-0.0447,24.02,-3.3,-3.1548,-23.8112,2.17,49.720667
8/29/12 19:00,11053.5461,174.0,8.304,90.8838,-0.24,2.27,-0.0335,18.92,-1.98,0.0,-18.2719,2.04,41.493801
8/29/12 19:30,11054.0211,175.0,7.122,101.012,-0.19,2.2,-0.0263,15.7,-1.37,0.0,-14.5086,2.2,50.633481
8/29/12 20:00,11054.5211,168.6,6.454,101.022,-0.42,2.08,-0.0234,13.71,-2.71,0.0,-11.8717,2.08,39.752992
8/29/12 20:30,11055.0211,171.9,5.645,101.042,-0.26,1.84,-0.0214,10.51,-1.48,0.0,-8.3345,1.84,12.550327
8/29/12 21:00,11055.5211,165.3,5.074,101.049,-0.39,1.49,-0.0139,7.79,-1.98,0.0,-5.511,1.49,33.481579
8/29/12 21:30,11056.0211,149.1,4.483,101.049,-0.77,1.29,-0.0069,6.74,-3.46,0.0,-4.1045,1.29,25.268561
8/29/12 22:00,11056.5211,137.7,4.108,101.027,-0.9,0.99,-0.0017,5.47,-3.68,0.0,-2.7359,0.99,11.564234
8/29/12 22:30,11057.0211,106.6,3.869,101.033,-0.94,0.28,0.0065,3.8,-3.64,0.0,-1.4525,0.28,10.77836
8/29/12 23:00,11057.5461,100.1,3.684,111.1561,-1.04,0.19,0.0095,3.9,-3.84,0.0,-1.0097,0.2,10.438507
8/29/12 23:30,11058.0961,104.0,3.695,111.1462,-0.61,0.15,0.0097,2.32,-2.25,0.0,-0.3024,0.17,9.158144
8/30/12 0:00,11058.6461,95.8,3.214,111.1198,-0.9,0.09,0.0238,2.9,-2.88,0.0,0.0,0.1,7.634864
8/30/12 0:30,11059.1961,86.2,2.977,111.1033,-0.83,-0.06,0.0266,2.48,-2.47,0.0,0.3233,-0.06,6.772249
8/30/12 1:00,11059.7461,54.0,2.554,111.0967,-0.6,-0.43,0.0318,1.89,-1.53,0.0,0.4892,-0.48,6.693777
8/30/12 1:30,11060.2961,53.1,2.347,111.0967,-0.31,-0.23,0.0301,0.9,-0.72,0.0,0.3431,-0.25,6.482018
8/30/12 2:00,11060.8461,59.7,2.287,111.0989,-0.35,-0.2,0.0296,0.92,-0.8,0.0,0.4608,-0.22,6.527601
8/30/12 2:30,11061.3961,93.4,2.04,111.0747,-0.67,0.04,0.0298,1.37,-1.37,0.0,0.8345,0.04,5.6932013
8/30/12 3:00,11061.9461,82.3,1.801,111.0483,-0.45,-0.06,0.03,0.82,-0.82,0.0,0.5833,-0.07,5.6804496
8/30/12 3:30,11062.4961,81.2,1.662,111.034,-0.52,-0.08,0.0292,0.88,-0.87,0.0,0.6962,-0.09,5.6804496
8/30/12 4:00,11063.0711,89.4,1.697,121.1268,-0.34,0.0,0.0278,0.58,-0.58,0.0,0.4982,0.0,5.6804496
8/30/12 4:30,11063.6711,70.1,1.498,121.128,-0.57,-0.21,0.0303,0.9,-0.85,0.0,0.8345,-0.25,4.4213779
8/30/12 5:00,11064.2711,50.7,1.598,121.1388,-0.47,-0.38,0.0231,0.96,-0.74,0.0,0.9277,-0.46,5.6804496
8/30/12 5:30,11064.8711,50.7,1.689,121.1628,-0.41,-0.34,0.022,0.9,-0.7,3.7298,0.8909,-0.4,5.6804496
8/30/12 6:00,11065.4711,96.6,1.646,121.1724,-0.07,0.01,0.0201,0.11,-0.11,49.334,0.1086,0.01,2.9337565
8/30/12 6:30,11066.0711,74.9,1.867,121.1952,-0.2,-0.05,-0.004,0.38,-0.37,154.2777,0.3795,-0.06,5.3509826
8/30/12 7:00,11066.6711,61.7,3.104,121.2132,-0.37,-0.2,-0.0308,1.32,-1.16,245.3828,1.2742,-0.24,13.246766
8/30/12 7:30,11067.2461,314.1,4.207,111.1352,0.14,-0.14,-0.0536,0.84,0.6,327.4645,0.7735,-0.15,5.4668442
8/30/12 8:00,11067.7711,17.7,6.262,101.037,-0.22,-0.7,-0.0706,4.6,-1.4,390.7983,3.9805,-0.7,5.4510344
8/30/12 8:30,11068.2711,29.8,8.191,101.016,-0.38,-0.66,-0.0855,6.27,-3.11,435.3709,4.9712,-0.66,22.436645
8/30/12 9:00,11068.7711,6.5,9.543,101.023,-0.07,-0.58,-0.089,5.53,-0.63,387.9513,3.907,-0.58,16.287556
8/30/12 9:30,11069.2711,340.3,12.039,101.003,0.11,-0.31,-0.0988,3.98,1.34,415.4218,2.4259,-0.31,27.152466
8/30/12 10:00,11069.7711,30.2,14.33,100.973,-0.11,-0.18,-0.1129,3.04,-1.53,364.2735,1.519,-0.18,26.044626
8/30/12 10:30,11070.2461,54.1,16.023,90.8532,-0.43,-0.31,-0.1176,8.57,-6.94,291.5757,3.2805,-0.28,54.092019
8/30/12 11:00,11070.6961,103.9,18.429,90.8262,-0.82,0.2,-0.1219,15.63,-15.17,212.1522,4.0448,0.18,55.145044
8/30/12 11:30,11071.1461,93.0,20.032,90.7983,-1.19,0.06,-0.1102,23.9,-23.87,116.4057,3.1193,0.06,67.53785
8/30/12 12:00,11071.5961,62.7,21.926,90.7704,-1.06,-0.55,-0.1034,26.27,-23.34,0.0,0.0,-0.49,77.31223
8/30/12 12:30,11072.0461,78.4,22.975,90.7443,-1.2,-0.25,-0.1073,28.12,-27.55,-91.7536,-3.6706,-0.22,29.064067
8/30/12 13:00,11072.4961,67.1,24.632,90.7326,-1.2,-0.51,-0.122,32.05,-29.52,-195.7922,-8.2942,-0.46,89.42346
8/30/12 13:30,11072.9461,101.8,26.325,90.7146,-1.12,0.23,-0.1327,30.09,-29.45,-305.435,-11.5147,0.21,115.88468
8/30/12 14:00,11073.3961,79.2,27.018,90.6813,-0.91,-0.17,-0.1269,25.07,-24.63,-369.212,-12.5364,-0.16,102.29056
8/30/12 14:30,11073.8461,110.3,27.208,90.6498,-0.94,0.35,-0.1322,27.21,-25.52,-415.5679,-16.5632,0.31,91.27563
8/30/12 15:00,11074.2961,149.8,24.796,90.6309,-0.91,1.56,-0.138,44.68,-22.48,-430.1939,-31.5952,1.4,16.337755
8/30/12 15:30,11074.7461,142.9,24.72,90.6291,-1.1,1.45,-0.139,45.06,-27.18,-436.9433,-35.7521,1.31,75.01
8/30/12 16:00,11075.1961,115.3,23.887,90.6147,-1.57,0.74,-0.132,41.59,-37.6,-336.321,-36.0156,0.67,11.820422
8/30/12 16:30,11075.6461,145.3,19.688,90.6138,-1.34,1.93,-0.1226,46.33,-26.37,-289.6344,-42.7995,1.74,71.65186
8/30/12 17:00,11076.0961,156.3,17.615,90.6354,-1.22,2.78,-0.1133,53.53,-21.52,-206.6463,-51.7079,2.5,13.301581
8/30/12 17:30,11076.5461,183.2,15.239,90.6525,0.14,2.54,-0.0792,38.74,2.16,-77.4596,-38.4061,2.28,13.948398
8/30/12 18:00,11076.9961,170.5,13.331,90.657,-0.42,2.54,-0.0657,34.33,-5.67,-21.229,-34.3273,2.29,45.607811
8/30/12 18:30,11077.4461,171.3,10.301,90.6777,-0.33,2.14,-0.0451,22.32,-3.38,-0.1061,-22.1313,1.93,43.076512
8/30/12 19:00,11077.8961,162.5,8.772,90.6975,-0.7,2.22,-0.0355,20.43,-6.14,0.0,-19.7339,2.0,47.922735
8/30/12 19:30,11078.3711,165.7,7.706,100.829,-0.54,2.12,-0.0306,16.83,-4.16,0.0,-15.5488,2.12,41.666324
8/30/12 20:00,11078.8711,165.4,6.737,100.861,-0.55,2.09,-0.0257,14.58,-3.67,0.0,-12.6257,2.09,26.356783
8/30/12 20:30,11079.3711,157.0,5.68,100.888,-0.66,1.55,-0.0168,9.58,-3.74,0.0,-7.602,1.55,32.881499
8/30/12 21:00,11079.8711,155.5,4.531,100.89,-0.64,1.39,-0.008,6.94,-2.88,0.0,-4.9084,1.39,12.357609
8/30/12 21:30,11080.3711,158.9,4.507,100.895,-0.47,1.22,-0.0094,5.91,-2.13,0.0,-3.5997,1.22,12.311449
8/30/12 22:00,11080.8711,122.4,4.193,100.904,-0.98,0.62,-0.0032,4.86,-4.11,0.0,-2.4319,0.62,12.394537
8/30/12 22:30,11081.3711,125.3,3.837,100.903,-0.91,0.64,0.0024,4.26,-3.48,0.0,-1.6313,0.64,12.005639
8/30/12 23:00,11081.8961,117.6,3.399,110.979,-1.06,0.55,0.0079,4.06,-3.6,0.0,-1.0504,0.61,11.668094
8/30/12 23:30,11082.4461,107.8,3.188,110.979,-1.05,0.34,0.0084,3.52,-3.35,0.0,-0.4598,0.37,11.093979
8/31/12 0:00,11082.9961,81.4,3.017,110.9867,-0.83,-0.13,0.0102,2.54,-2.51,0.0,0.0,-0.14,10.714313
8/31/12 0:30,11083.5461,85.5,2.5,110.9856,-1.03,-0.08,0.0199,2.58,-2.57,0.0,0.3364,-0.09,9.483572
8/31/12 1:00,11084.0961,109.0,2.282,110.9691,-0.87,0.3,0.0213,2.09,-1.97,0.0,0.5404,0.33,9.515884
8/31/12 1:30,11084.6461,108.9,2.026,110.968,-0.96,0.33,0.0242,2.06,-1.95,0.0,0.79,0.36,8.646922
8/31/12 2:00,11085.1961,92.2,1.989,110.9614,-0.87,0.03,0.0211,1.73,-1.73,0.0,0.8632,0.04,8.646922
8/31/12 2:30,11085.7461,96.4,1.724,110.9482,-0.98,0.11,0.0261,1.71,-1.7,0.0,1.0401,0.12,8.058382
8/31/12 3:00,11086.2961,78.9,1.65,110.9306,-0.73,-0.14,0.0271,1.23,-1.21,0.0,0.8715,-0.16,7.130566
8/31/12 3:30,11086.8461,63.7,1.396,110.9152,-0.5,-0.25,0.0348,0.78,-0.7,0.0,0.6224,-0.27,6.955158
8/31/12 4:00,11087.3961,51.8,1.389,110.9174,-0.38,-0.3,0.0311,0.67,-0.52,0.0,0.5774,-0.33,7.191728
8/31/12 4:30,11087.9461,65.3,1.378,110.9328,-0.58,-0.27,0.0288,0.89,-0.8,0.0,0.8186,-0.3,7.191728
8/31/12 5:00,11088.4961,65.9,1.28,110.9493,-0.3,-0.13,0.0273,0.42,-0.38,0.0,0.4055,-0.15,7.191728
8/31/12 5:30,11089.0461,74.5,1.35,110.9735,-0.53,-0.15,0.0206,0.74,-0.71,4.3415,0.7308,-0.16,7.198652
8/31/12 6:00,11089.5961,73.8,1.352,110.9933,-0.77,-0.22,0.0119,1.08,-1.04,39.211,1.0843,-0.25,2.4044744
8/31/12 6:30,11090.1711,93.2,1.622,121.1172,-1.05,0.06,0.0004,1.7,-1.7,71.041,1.6869,0.07,14.634451
8/31/12 7:00,11090.7461,112.8,2.195,111.0384,-1.19,0.5,-0.0146,2.83,-2.61,133.8223,2.7329,0.55,15.841535
8/31/12 7:30,11091.2961,105.5,3.221,111.0362,-1.24,0.34,-0.0343,4.15,-3.99,255.3233,3.8299,0.38,12.0593
8/31/12 8:00,11091.8211,135.3,4.992,100.959,-0.8,0.81,-0.0599,5.71,-4.01,326.5721,4.9414,0.81,15.985785
8/31/12 8:30,11092.2961,145.1,7.258,90.8712,-1.04,1.49,-0.078,13.22,-7.56,401.9199,10.4856,1.34,12.252595
8/31/12 9:00,11092.7461,148.4,8.444,90.8802,-0.91,1.48,-0.0772,14.63,-7.67,350.877,10.3474,1.33,9.759955
8/31/12 9:30,11093.1961,131.8,9.746,90.8802,-1.14,1.02,-0.074,14.93,-11.13,325.7513,9.0893,0.92,15.343007
8/31/12 10:00,11093.6461,147.1,13.328,90.8766,-0.82,1.26,-0.097,20.03,-10.88,400.703,10.016,1.14,13.839922
8/31/12 10:30,11094.0961,196.8,12.817,90.8649,0.15,0.5,-0.0811,6.73,1.94,179.5681,2.575,0.45,7.630825
8/31/12 11:00,11094.5461,321.2,13.826,90.8424,0.39,-0.49,-0.0817,8.67,5.43,174.5338,2.2437,-0.44,15.366664
8/31/12 11:30,11094.9961,347.2,14.336,90.8172,0.17,-0.76,-0.0762,11.17,2.47,100.2495,1.4577,-0.68,15.621698
8/31/12 12:00,11095.4461,184.7,19.154,90.792,0.06,0.71,-0.0987,13.68,1.12,0.0,0.0,0.64,19.100431
8/31/12 12:30,11095.8961,206.5,22.68,90.7749,0.49,0.99,-0.1091,25.04,11.17,-104.6923,-3.2682,0.89,29.143693
8/31/12 13:00,11096.3211,146.5,22.028,80.6664,-0.7,1.06,-0.1018,27.89,-15.39,-162.4307,-7.2178,0.84,22.68764
8/31/12 13:30,11096.7211,149.1,19.352,80.6488,-1.82,3.03,-0.0998,68.41,-35.13,-259.966,-26.1791,2.43,21.062808
8/31/12 14:00,11097.1461,147.6,18.234,90.7119,-2.31,3.65,-0.0943,78.73,-42.19,-370.635,-39.3672,3.28,19.113702
8/31/12 14:30,11097.5961,140.2,18.302,90.7029,-2.62,3.15,-0.0911,74.95,-47.97,-403.5157,-45.6247,2.83,22.633979
8/31/12 15:00,11098.0461,151.7,17.629,90.7164,-1.8,3.34,-0.0963,66.78,-31.66,-404.248,-47.2196,3.0,18.848282
8/31/12 15:30,11098.4961,148.1,17.656,90.7434,-1.98,3.18,-0.0932,66.16,-34.96,-409.3965,-52.4859,2.86,19.841876
8/31/12 16:00,11098.9461,144.6,16.282,90.7668,-2.07,2.91,-0.0842,58.06,-33.63,-323.5358,-50.2828,2.62,18.911752
8/31/12 16:30,11099.4211,142.9,15.291,100.864,-2.23,2.95,-0.0825,56.64,-34.16,-286.3029,-52.3266,2.95,22.342017
8/31/12 17:00,11099.9211,144.6,13.342,100.886,-1.82,2.56,-0.0753,41.84,-24.24,-198.9382,-40.4148,2.56,21.947349
8/31/12 17:30,11100.4211,153.5,12.441,100.905,-1.16,2.33,-0.0698,32.45,-14.48,-114.147,-32.1685,2.33,14.562326
8/31/12 18:00,11100.9211,151.5,10.9,100.918,-0.97,1.78,-0.05,22.11,-10.55,-31.097,-22.1052,1.78,17.61581
8/31/12 18:30,11101.4211,166.5,9.826,100.928,-0.47,1.94,-0.03,19.59,-4.57,-0.6216,-19.4254,1.94,10.107886
8/31/12 19:00,11101.9211,150.9,8.282,100.968,-0.75,1.36,-0.0186,12.85,-6.25,0.0,-12.4077,1.36,13.234072
8/31/12 19:30,11102.4211,132.2,6.77,101.023,-1.37,1.24,-0.0152,12.52,-9.27,0.0,-11.5649,1.24,11.466144
8/31/12 20:00,11102.9211,131.3,5.822,101.073,-1.72,1.51,-0.013,13.31,-10.0,0.0,-11.526,1.51,10.244058
8/31/12 20:30,11103.4211,134.5,4.99,101.116,-1.49,1.46,-0.0058,10.41,-7.43,0.0,-8.2621,1.46,11.966403
8/31/12 21:00,11103.9211,130.3,4.401,101.142,-1.36,1.16,0.0022,7.86,-5.99,0.0,-5.558,1.16,8.629035
8/31/12 21:30,11104.4211,128.5,4.089,101.159,-1.49,1.18,0.0056,7.77,-6.08,0.0,-4.727,1.18,9.627822
8/31/12 22:00,11104.9211,129.9,3.723,101.17,-1.44,1.21,0.0099,7.01,-5.38,0.0,-3.5033,1.21,9.159875
8/31/12 22:30,11105.4211,127.0,3.433,101.178,-1.28,0.97,0.0133,5.52,-4.41,0.0,-2.1112,0.97,7.854124
8/31/12 23:00,11105.9461,127.6,3.175,111.3134,-1.24,0.96,0.0158,4.97,-3.94,0.0,-1.2869,1.05,9.292008
8/31/12 23:30,11106.4961,128.7,2.883,111.3211,-1.11,0.89,0.0196,4.12,-3.21,0.0,-0.5374,0.98,8.73001
9/1/12 0:00,11107.0461,92.5,2.822,111.3222,-0.92,0.04,0.0209,2.6,-2.6,0.0,0.0,0.04,8.742704
9/1/12 0:30,11107.5961,82.8,2.31,111.3167,-0.87,-0.11,0.0284,2.01,-2.0,0.0,0.2629,-0.12,7.244812
9/1/12 1:00,11108.1461,99.3,2.278,111.3046,-0.88,0.14,0.0166,2.03,-2.01,0.0,0.5259,0.16,8.835601
9/1/12 1:30,11108.6961,76.3,2.364,111.3057,-0.62,-0.15,0.0129,1.5,-1.46,0.0,0.5736,-0.17,8.835601
9/1/12 2:00,11109.2461,72.2,2.08,111.2925,-0.66,-0.21,0.022,1.44,-1.37,0.0,0.7176,-0.23,7.432337
9/1/12 2:30,11109.7961,47.7,1.807,111.2815,-0.33,-0.3,0.0309,0.81,-0.6,0.0,0.4961,-0.33,6.472786
9/1/12 3:00,11110.3461,64.7,1.659,111.2694,-0.69,-0.33,0.0338,1.27,-1.15,0.0,0.8962,-0.36,6.372388
9/1/12 3:30,11110.8961,24.7,1.597,111.2496,-0.16,-0.34,0.0345,0.6,-0.25,0.0,0.4789,-0.38,6.165822
9/1/12 4:00,11111.4461,69.1,1.485,111.2529,-0.46,-0.18,0.0362,0.73,-0.68,0.0,0.6327,-0.19,5.1106044
9/1/12 4:30,11111.9961,86.2,1.328,111.2804,-0.47,-0.03,0.0376,0.62,-0.62,0.0,0.5742,-0.03,4.1062205
9/1/12 5:00,11112.5461,71.9,1.229,111.2881,-0.88,-0.29,0.0353,1.13,-1.08,0.0,1.0945,-0.32,4.1062205
9/1/12 5:30,11113.0961,77.8,1.254,111.3046,-1.02,-0.22,0.0319,1.3,-1.27,4.8779,1.2918,-0.24,5.1549757
9/1/12 6:00,11113.6461,76.5,1.541,111.3376,-0.66,-0.16,0.0206,1.04,-1.01,60.018,1.0417,-0.17,2.3438317
9/1/12 6:30,11114.1961,67.3,2.389,111.3706,-1.13,-0.47,-0.0043,2.91,-2.69,147.4477,2.8896,-0.52,11.455758
9/1/12 7:00,11114.7461,68.5,3.36,111.3728,-1.76,-0.69,-0.0239,6.37,-5.92,246.9167,6.1502,-0.76,6.713395
9/1/12 7:30,11115.2711,70.2,5.024,101.253,-2.24,-0.81,-0.0414,11.95,-11.24,321.0869,11.0377,-0.81,4.8738613
9/1/12 8:00,11115.7711,64.3,6.266,101.279,-1.94,-0.93,-0.0596,13.49,-12.16,410.6251,11.6833,-0.93,6.95285
9/1/12 8:30,11116.2711,67.9,7.434,101.267,-1.98,-0.8,-0.0539,15.88,-14.71,282.748,12.5977,-0.8,6.247179
9/1/12 9:00,11116.7711,67.2,9.289,101.269,-1.76,-0.74,-0.065,17.7,-16.31,368.7816,12.5126,-0.74,8.186476
9/1/12 9:30,11117.2461,52.2,10.17,91.1421,-1.49,-1.16,-0.0584,19.18,-15.16,284.8419,11.6764,-1.04,6.795906
9/1/12 10:00,11117.6961,72.8,10.919,91.1421,-2.27,-0.7,-0.0571,25.93,-24.77,170.815,12.9663,-0.63,5.6011121
9/1/12 10:30,11118.1461,59.0,8.644,91.134,-1.87,-1.12,-0.0386,18.83,-16.14,195.5688,7.2046,-1.01,8.040495
9/1/12 11:00,11118.6211,69.9,13.768,101.229,-2.65,-0.97,-0.0825,38.8,-36.44,178.3333,10.0417,-0.97,8.733472
9/1/12 11:30,11119.0961,86.7,15.382,91.1043,-2.98,-0.17,-0.0821,45.98,-45.9,69.0114,6.0012,-0.15,5.5708196
9/1/12 12:00,11119.5461,75.3,15.21,91.0836,-2.76,-0.72,-0.0849,43.33,-41.91,0.0,0.0,-0.65,7.242504
9/1/12 12:30,11119.9961,82.6,14.692,91.0629,-3.21,-0.42,-0.0794,47.54,-47.15,-64.1053,-6.2056,-0.38,6.50279
9/1/12 13:00,11120.4461,91.1,16.023,91.0539,-3.54,0.07,-0.0898,56.8,-56.79,-206.3512,-14.7013,0.06,5.800004
9/1/12 13:30,11120.8961,84.3,16.915,91.0287,-3.24,-0.32,-0.0983,55.14,-54.87,-301.3666,-21.1023,-0.29,6.45086
9/1/12 14:00,11121.3461,81.5,17.064,91.0089,-2.88,-0.43,-0.0906,49.67,-49.13,-348.054,-24.8367,-0.39,8.526906
9/1/12 14:30,11121.7961,78.2,15.924,90.9972,-2.92,-0.61,-0.07,47.45,-46.45,-229.0447,-28.8879,-0.55,7.251159
9/1/12 15:00,11122.2461,73.1,14.344,91.017,-2.63,-0.8,-0.0732,39.37,-37.67,-211.9447,-27.8418,-0.72,8.695967
9/1/12 15:30,11122.6961,85.4,13.806,91.0116,-2.95,-0.24,-0.0694,40.88,-40.75,-284.3704,-32.4319,-0.21,4.6914716
9/1/12 16:00,11123.1461,68.5,16.113,91.0107,-3.27,-1.29,-0.083,56.56,-52.62,-400.7966,-48.9795,-1.16,8.145509
9/1/12 16:30,11123.5961,72.1,14.928,91.008,-2.95,-0.95,-0.0793,46.28,-44.04,-329.1672,-42.7542,-0.86,7.78373
9/1/12 17:00,11124.0461,65.4,13.904,91.0179,-2.61,-1.19,-0.0708,39.88,-36.26,-243.4587,-38.5179,-1.07,8.253408
9/1/12 17:30,11124.4961,62.9,12.9,91.026,-2.72,-1.39,-0.0727,39.36,-35.04,-181.5078,-39.0212,-1.25,8.425354
9/1/12 18:00,11124.9461,57.0,11.241,91.0323,-2.52,-1.64,-0.0556,33.82,-28.37,-56.877,-33.8242,-1.47,8.746743
9/1/12 18:30,11125.3961,57.6,8.796,91.0413,-2.2,-1.4,-0.0411,22.93,-19.36,-1.164,-22.735,-1.26,6.206789
9/1/12 19:00,11125.8711,50.9,7.907,101.189,-1.64,-1.34,-0.0309,16.74,-12.99,0.0,-16.1687,-1.34,12.114692
9/1/12 19:30,11126.3711,50.4,7.166,101.211,-1.97,-1.63,-0.0317,18.37,-14.15,0.0,-16.9684,-1.63,5.4263388
9/1/12 20:00,11126.8711,42.8,6.11,101.249,-1.14,-1.23,-0.0223,10.23,-6.95,0.0,-8.8631,-1.23,5.14684
9/1/12 20:30,11127.3711,40.9,5.566,101.257,-1.02,-1.18,-0.0158,8.7,-5.7,0.0,-6.9019,-1.18,3.4940812
9/1/12 21:00,11127.8711,33.3,5.601,101.262,-0.95,-1.45,-0.0208,9.69,-5.32,0.0,-6.8517,-1.45,4.0766204
9/1/12 21:30,11128.3711,26.2,5.327,101.249,-0.51,-1.03,-0.0225,6.1,-2.69,0.0,-3.7131,-1.03,10.088845
9/1/12 22:00,11128.8711,6.9,5.4,101.223,-0.2,-1.68,-0.0226,9.14,-1.1,0.0,-4.5711,-1.68,10.047878
9/1/12 22:30,11129.3711,,2.914,101.225,,,0.0185,4.83,,0.0,-1.8467,,5.828277
9/1/12 23:00,11129.9211,,2.198,121.4484,,,0.0252,3.8,,0.0,-0.983,,5.6425984
9/1/12 23:30,11130.5211,347.2,2.0,121.4184,0.52,-2.29,0.0327,4.7,1.04,0.0,-0.6132,-2.75,1.3273308
9/2/12 0:00,11131.1211,340.2,1.694,121.3848,0.72,-1.99,0.0435,3.59,1.22,0.0,0.0,-2.39,3.040213
9/2/12 0:30,11131.7211,344.8,1.526,121.3644,0.54,-1.97,0.0433,3.12,0.82,0.0,0.4069,-2.37,3.1373221
9/2/12 1:00,11132.3211,339.6,1.566,121.3356,0.49,-1.32,0.0384,2.21,0.77,0.0,0.5711,-1.58,2.9238321
9/2/12 1:30,11132.9211,333.4,1.54,121.332,0.56,-1.13,0.0403,1.94,0.87,0.0,0.7426,-1.35,2.8425328
9/2/12 2:00,11133.5211,343.9,1.641,121.314,0.47,-1.64,0.038,2.8,0.78,0.0,1.4014,-1.97,2.8425328
9/2/12 2:30,11134.1211,346.6,1.78,121.2948,0.57,-2.38,0.0326,4.36,1.01,0.0,2.6526,-2.86,0.8622111
9/2/12 3:00,11134.7211,350.5,1.816,121.2852,0.45,-2.69,0.0294,4.94,0.82,0.0,3.4966,-3.22,1.1640975
9/2/12 3:30,11135.3211,347.9,1.68,121.284,0.46,-2.15,0.0301,3.69,0.77,0.0,2.9282,-2.58,1.1367477
9/2/12 4:00,11135.9211,,1.427,121.3164,,,0.0465,3.57,,0.0,3.0895,,2.8166832
9/2/12 4:30,11136.5211,,1.372,121.3284,,,0.0512,3.38,,0.0,3.1258,,3.1016058
9/2/12 5:00,11137.1211,51.4,1.668,121.3344,-1.67,-1.34,0.0257,3.57,-2.79,0.0,3.4479,-1.6,2.9631258
9/2/12 5:30,11137.7211,39.9,1.408,121.3644,-1.13,-1.35,0.0243,2.48,-1.59,2.0295,2.4555,-1.62,1.0736239
9/2/12 6:00,11138.3211,15.9,1.347,121.3788,-0.33,-1.17,0.0282,1.63,-0.45,33.17,1.6326,-1.4,0.56627357
9/2/12 6:30,11138.9211,13.3,1.319,121.3764,-0.3,-1.27,0.0194,1.72,-0.4,73.9776,1.7079,-1.53,0.4926426
9/2/12 7:00,11139.5211,25.1,1.552,121.374,-0.58,-1.23,0.0045,2.11,-0.89,156.2694,2.0358,-1.48,0.39481802
9/2/12 7:30,11140.1211,355.0,1.739,121.4064,0.14,-1.63,-0.0007,2.85,0.25,239.2839,2.6349,-1.96,0.38998853
9/2/12 8:00,11140.6961,31.4,2.607,111.2936,-0.72,-1.18,-0.0119,3.61,-1.88,387.4251,3.127,-1.3,0.5984644
9/2/12 8:30,11141.2461,44.6,4.073,111.3068,-1.3,-1.31,-0.0343,7.52,-5.28,388.9375,5.965,-1.45,0.8622688
9/2/12 9:00,11141.7711,30.2,5.26,101.18,-0.79,-1.36,-0.0378,8.25,-4.15,342.8542,5.832,-1.36,0.6282376
9/2/12 9:30,11142.2711,50.0,5.7,101.183,-1.59,-1.33,-0.0375,11.8,-9.04,183.7248,7.1862,-1.33,0.7005357
9/2/12 10:00,11142.7711,44.0,6.187,101.18,-1.43,-1.48,-0.044,12.74,-8.85,318.467,6.3695,-1.48,0.53532329
9/2/12 10:30,11143.2461,48.6,7.941,91.0278,-1.73,-1.52,-0.0478,18.26,-13.7,163.614,6.9894,-1.37,0.6186594
9/2/12 11:00,11143.7211,,5.575,101.119,,,-0.0034,14.99,,20.9227,3.8786,,3.5653407
9/2/12 11:30,11144.2461,,3.138,111.1946,,,0.0133,8.25,,85.9271,1.0772,,0.8304184
9/2/12 12:00,11144.8461,,1.89,131.4144,,,0.0482,4.86,,0.0,0.0,,2.1336306
9/2/12 12:30,11145.9461,,1.455,313.4348,,,0.0826,3.65,,-9.6134,-0.4771,,0.6050422
9/2/12 13:00,11147.5711,,1.444,343.7536,,,0.0797,3.5,,-35.5871,-0.9071,,1.3134828
9/2/12 13:30,11149.2711,,1.611,343.57,,,0.0678,3.77,,-116.0319,-1.4432,,0.15588809
9/2/12 14:00,11150.9211,,2.567,323.264,,,0.042,5.79,,-255.745,-2.8956,,12.04199
9/2/12 14:30,11152.4461,79.5,3.674,292.9493,-1.49,-0.28,0.0221,5.56,-5.46,-262.3835,-3.3817,-0.8,0.30486949
9/2/12 15:00,11153.7961,79.5,5.992,252.5475,-0.48,-0.09,-0.0156,2.94,-2.89,-472.2957,-2.0761,-0.22,0.34325153
9/2/12 15:30,11154.9961,64.2,7.692,232.2379,-0.2,-0.09,-0.0328,1.67,-1.5,-251.2796,-1.3242,-0.22,0.20704491
9/2/12 16:00,11156.1211,349.2,7.572,222.167,0.06,-0.33,-0.0269,2.57,0.48,-116.7498,-2.223,-0.73,3.1203583
9/2/12 16:30,11157.1711,92.4,6.786,202.052,-0.46,0.02,-0.0312,3.15,-3.15,-150.4298,-2.909,0.04,0.25626301
9/2/12 17:00,11158.1211,79.9,5.488,181.863,-1.17,-0.21,-0.0201,6.52,-6.42,-63.6159,-6.2976,-0.38,3.0087088
9/2/12 17:30,11158.9961,58.0,2.381,171.7561,-1.11,-0.7,0.0443,3.13,-2.65,-27.0674,-3.0995,-1.18,0.6037728
9/2/12 18:00,11159.7961,45.6,2.216,151.5375,-0.68,-0.67,0.0345,2.11,-1.51,-12.543,-2.1118,-1.0,4.5899773
9/2/12 18:30,11160.5211,28.8,1.839,141.4686,-0.13,-0.23,0.0285,0.48,-0.23,-0.6345,-0.4777,-0.32,4.6796431
9/2/12 19:00,11161.1961,346.4,1.356,131.4053,0.05,-0.21,0.0276,0.3,0.07,0.0,-0.2855,-0.28,4.81218
9/2/12 19:30,11161.8211,316.3,1.149,121.3224,0.22,-0.23,0.0259,0.37,0.26,0.0,-0.345,-0.28,4.81218
9/2/12 20:00,11162.4211,329.8,1.088,121.3512,0.19,-0.32,0.0268,0.4,0.2,0.0,-0.3505,-0.39,4.8009862
9/2/12 20:30,11163.0211,279.9,1.037,121.386,0.37,-0.07,0.0248,0.39,0.39,0.0,-0.3126,-0.08,4.8147188
9/2/12 21:00,11163.6211,8.1,1.013,121.3896,-0.03,-0.18,0.023,0.18,-0.03,0.0,-0.1282,-0.21,4.7870805
9/2/12 21:30,11164.2211,265.0,0.948,121.3788,0.37,0.03,0.0255,0.35,0.35,0.0,-0.2158,0.04,4.6443884
9/2/12 22:00,11164.7961,6.7,1.034,111.2628,-0.1,-0.82,0.0266,0.85,-0.1,0.0,-0.426,-0.9,3.8822868
9/2/12 22:30,11165.3461,298.3,0.995,111.2606,0.33,-0.18,0.0353,0.37,0.33,0.0,-0.1424,-0.2,3.4438245
9/2/12 23:00,11165.8961,335.1,0.948,111.2661,0.16,-0.34,0.0423,0.35,0.15,0.0,-0.0915,-0.37,2.9064644
9/2/12 23:30,11166.4461,112.0,0.89,111.2507,-0.13,0.05,0.0441,0.12,-0.11,0.0,-0.0157,0.06,3.0275767
9/3/12 0:00,11166.9961,113.1,0.786,111.2353,-0.16,0.07,0.0504,0.14,-0.13,0.0,0.0,0.08,2.8915778
9/3/12 0:30,11167.5461,335.7,0.709,111.243,0.03,-0.07,0.0467,0.06,0.02,0.0,0.0074,-0.08,2.8915778
9/3/12 1:00,11168.0961,,0.69,111.2144,,,0.0378,0.25,,0.0,0.0654,,3.0275767
9/3/12 1:30,11168.6461,,0.683,111.1869,,,0.0447,0.28,,0.0,0.1066,,2.8915778
9/3/12 2:00,11169.1961,75.8,0.643,111.1748,-0.41,-0.1,0.0471,0.27,-0.26,0.0,0.1354,-0.11,2.8166832
9/3/12 2:30,11169.7461,4.2,0.627,111.1803,-0.03,-0.35,0.0457,0.22,-0.02,0.0,0.1344,-0.39,2.8166832
9/3/12 3:00,11170.2961,320.3,0.61,111.1594,0.11,-0.14,0.0556,0.11,0.07,0.0,0.0768,-0.15,3.1016058
9/3/12 3:30,11170.8461,340.4,0.594,111.1495,0.12,-0.35,0.0575,0.22,0.07,0.0,0.1744,-0.38,0.9954404
9/3/12 4:00,11171.3961,,0.578,111.1561,,,0.0538,0.33,,0.0,0.2858,,0.9954404
9/3/12 4:30,11171.9461,,0.577,111.1825,,,0.0531,0.32,,0.0,0.3001,,0.9954404
9/3/12 5:00,11172.4961,18.1,0.603,111.2188,-0.05,-0.17,0.0493,0.1,-0.03,0.0,0.1013,-0.18,0.9954404
9/3/12 5:30,11173.0461,234.5,0.632,111.2386,0.41,0.29,0.048,0.32,0.26,2.7106,0.3133,0.32,0.9954404
9/3/12 6:00,11173.5961,265.8,0.67,111.2683,0.78,0.06,0.0428,0.53,0.52,36.428,0.5253,0.06,0.1551553
9/3/12 6:30,11174.1461,308.2,0.7,111.2914,0.37,-0.29,0.0348,0.33,0.26,83.0504,0.3303,-0.32,0.54473416
9/3/12 7:00,11174.6961,291.3,0.81,111.3222,0.54,-0.21,0.0226,0.47,0.44,176.6176,0.4538,-0.23,0.25575525
9/3/12 7:30,11175.2461,315.1,1.143,111.3321,0.32,-0.33,0.0116,0.53,0.37,253.24,0.4858,-0.36,2.7536171
9/3/12 8:00,11175.7961,295.6,1.635,111.3321,0.47,-0.23,0.0007,0.86,0.77,231.9866,0.7405,-0.25,-0.24824271
9/3/12 8:30,11176.3461,327.6,2.167,111.331,0.39,-0.62,-0.0083,1.58,0.85,343.9901,1.2567,-0.68,0.49762211
9/3/12 9:00,11176.8461,331.1,3.497,91.0971,0.27,-0.49,-0.0358,1.94,0.94,507.4658,1.3724,-0.44,0.9444913
9/3/12 9:30,11177.2961,354.8,5.308,91.1097,0.04,-0.39,-0.0415,2.05,0.19,419.1469,1.2505,-0.35,1.1838886
9/3/12 10:00,11177.7461,312.7,7.4,91.0944,0.32,-0.29,-0.0521,3.2,2.35,305.381,1.5984,-0.26,3.2977858
9/3/12 10:30,11178.1961,321.2,6.77,91.0764,0.46,-0.58,-0.0441,5.0,3.13,109.1884,1.912,-0.52,3.9144257
9/3/12 11:00,11178.6461,334.6,7.128,91.062,0.51,-1.07,-0.0489,8.44,3.62,82.921,2.1843,-0.96,0.22267584
9/3/12 11:30,11179.0961,342.4,8.084,91.035,0.3,-0.94,-0.0627,7.99,2.42,102.7228,1.0425,-0.85,0.22291241
9/3/12 12:00,11179.5461,228.3,10.404,91.0161,0.42,0.38,-0.0794,5.89,4.4,0.0,0.0,0.34,0.28144906
9/3/12 12:30,11179.9961,75.9,11.721,90.9909,-0.81,-0.2,-0.066,9.85,-9.55,-104.5902,-1.2851,-0.18,0.9659557
9/3/12 13:00,11180.4461,86.6,11.91,90.9792,-0.36,-0.02,-0.059,4.3,-4.29,-95.0741,-1.1128,-0.02,0.7050363
9/3/12 13:30,11180.8961,114.8,12.295,90.9819,-0.49,0.23,-0.0684,6.7,-6.08,-107.456,-2.5643,0.21,0.7987411
9/3/12 14:00,11181.3461,238.8,6.351,90.9837,2.19,1.33,0.0103,16.3,13.94,-102.235,-8.1483,1.2,4.6169809
9/3/12 14:30,11181.7961,282.2,7.738,90.9504,1.01,-0.22,-0.0213,7.97,7.79,-357.055,-4.8519,-0.2,9.452991
9/3/12 15:00,11182.2461,171.2,13.299,90.9477,-0.11,0.72,-0.0782,9.68,-1.48,-403.1548,-6.846,0.65,7.880666
9/3/12 15:30,11182.6961,124.1,10.079,90.9432,-1.81,1.22,-0.0453,21.99,-18.21,-290.8949,-17.4477,1.1,4.1522651
9/3/12 16:00,11183.1461,155.9,8.667,90.9576,-0.76,1.69,-0.0185,16.08,-6.56,-78.9192,-13.9233,1.52,0.48780157
9/3/12 16:30,11183.5961,136.9,8.985,90.9747,-1.37,1.47,-0.0208,18.05,-12.33,-108.8866,-16.6768,1.32,0.6984008
9/3/12 17:00,11184.0461,120.4,8.62,90.9873,-2.12,1.25,-0.0259,21.22,-18.3,-75.0882,-20.4993,1.12,0.3089835
9/3/12 17:30,11184.4961,117.1,7.214,90.99,-1.94,0.99,-0.0252,15.7,-13.97,-46.9459,-15.5634,0.89,0.55825327
9/3/12 18:00,11184.9461,124.7,5.216,91.0053,-1.3,0.9,-0.0119,8.27,-6.8,-9.746,-8.2674,0.81,0.45164675
9/3/12 18:30,11185.3961,123.2,4.289,91.0242,-1.09,0.71,-0.011,5.59,-4.68,-1.0133,-5.545,0.64,9.008701
9/3/12 19:00,11185.8461,88.5,3.448,91.0548,-1.16,-0.03,0.0005,4.0,-4.0,0.0,-3.8667,-0.03,7.998374
9/3/12 19:30,11186.2961,100.6,3.158,91.0953,-1.05,0.2,0.0017,3.38,-3.32,0.0,-3.1189,0.18,7.904323
9/3/12 20:00,11186.7711,148.2,3.716,101.266,-0.75,1.2,0.0009,5.27,-2.77,0.0,-4.5601,1.2,7.647558
9/3/12 20:30,11187.2461,159.3,5.173,91.1682,-0.36,0.95,-0.0035,5.25,-1.86,0.0,-4.1656,0.85,7.502731
9/3/12 21:00,11187.6961,63.2,3.727,91.161,-0.59,-0.3,0.0108,2.45,-2.19,0.0,-1.7314,-0.27,5.2630478
9/3/12 21:30,11188.1711,102.2,2.735,101.288,-0.52,0.11,0.0193,1.44,-1.41,0.0,-0.8774,0.11,4.3192489
9/3/12 22:00,11188.6711,109.2,2.516,101.288,-0.62,0.22,0.0156,1.66,-1.57,0.0,-0.8303,0.22,4.2550865
9/3/12 22:30,11189.1711,85.7,2.301,101.303,-0.75,-0.06,0.0112,1.73,-1.73,0.0,-0.6639,-0.06,4.9211176
9/3/12 23:00,11189.6711,86.5,1.978,101.313,-0.68,-0.04,0.0135,1.35,-1.35,0.0,-0.3491,-0.04,4.1021815
9/3/12 23:30,11190.1711,68.8,1.795,101.296,-0.55,-0.21,0.0134,1.06,-0.99,0.0,-0.1382,-0.21,4.0344417
9/4/12 0:00,11190.6711,19.2,1.758,101.295,-0.17,-0.5,0.0144,0.93,-0.31,0.0,0.0,-0.5,4.0344417
9/4/12 0:30,11191.1711,93.9,1.809,101.289,-0.12,0.01,0.0108,0.22,-0.22,0.0,0.0286,0.01,4.0601759
9/4/12 1:00,11191.6711,112.5,1.625,101.288,-0.1,0.04,0.0122,0.17,-0.16,0.0,0.0437,0.04,4.0344417
9/4/12 1:30,11192.1961,114.6,1.857,111.4146,-0.66,0.3,0.0239,1.36,-1.23,0.0,0.5188,0.33,3.3547357
9/4/12 2:00,11192.7461,101.7,1.5,111.4179,-0.5,0.1,0.0251,0.77,-0.75,0.0,0.384,0.11,3.1681339
9/4/12 2:30,11193.2961,108.9,1.218,111.4069,-0.88,0.3,0.0259,1.13,-1.07,0.0,0.6866,0.33,3.1436691
9/4/12 3:00,11193.8461,61.7,1.072,111.3893,-0.62,-0.34,0.0291,0.76,-0.67,0.0,0.5367,-0.37,2.9468544
9/4/12 3:30,11194.3961,52.7,0.984,111.3915,-0.58,-0.44,0.0273,0.72,-0.57,0.0,0.5675,-0.48,2.846918
9/4/12 4:00,11194.9461,77.0,0.99,111.3871,-0.83,-0.19,0.0237,0.84,-0.82,0.0,0.727,-0.21,3.0765063
9/4/12 4:30,11195.4961,102.0,1.047,111.4091,-0.86,0.18,0.0225,0.92,-0.9,0.0,0.8474,0.2,3.1436691
9/4/12 5:00,11196.0461,74.7,1.047,111.4223,-0.41,-0.11,0.0224,0.44,-0.43,0.0,0.4268,-0.12,3.1436691
9/4/12 5:30,11196.5961,32.9,0.975,111.4278,-0.11,-0.17,0.0269,0.2,-0.11,0.2717,0.1933,-0.18,2.8654397
9/4/12 6:00,11197.1461,74.2,0.961,111.4509,-0.57,-0.16,0.0215,0.57,-0.54,43.035,0.5651,-0.18,0.6541449
9/4/12 6:30,11197.6961,80.4,1.062,111.4729,-0.54,-0.09,0.0163,0.58,-0.57,60.7072,0.5781,-0.1,2.3783363
9/4/12 7:00,11198.2461,51.4,1.509,111.474,-0.11,-0.09,0.0084,0.22,-0.17,252.5326,0.2113,-0.1,0.30014963
9/4/12 7:30,11198.8211,171.3,2.18,121.6044,-0.02,0.13,-0.0038,0.29,-0.04,209.716,0.2638,0.16,0.54815
9/4/12 8:00,11199.4211,253.4,2.586,121.6008,0.22,0.06,-0.0084,0.58,0.56,220.6546,0.5061,0.08,0.18164537
9/4/12 8:30,11200.0211,330.4,3.086,121.6152,0.25,-0.45,-0.0136,1.59,0.79,283.9761,1.2609,-0.54,0.38215864
9/4/12 9:00,11200.5961,342.0,3.975,111.5059,0.11,-0.32,-0.024,1.35,0.42,356.0113,0.9557,-0.36,3.3110568
9/4/12 9:30,11201.1211,111.0,6.427,101.361,-0.08,0.03,-0.0535,0.53,-0.5,483.7791,0.3247,0.03,-0.044836939
9/4/12 10:00,11201.6211,152.3,7.866,101.344,-0.38,0.72,-0.055,6.38,-2.97,352.826,3.1897,0.72,8.126468
9/4/12 10:30,11202.1211,290.0,8.122,101.323,0.23,-0.08,-0.0479,1.97,1.85,205.1727,0.7553,-0.08,0.9229692
9/4/12 11:00,11202.6211,178.0,9.916,101.321,-0.01,0.38,-0.0666,3.76,-0.13,190.3505,0.9727,0.38,6.160629
9/4/12 11:30,11203.0961,252.0,11.083,91.1664,0.47,0.15,-0.0675,5.49,5.22,111.8807,0.7161,0.14,0.44426692
9/4/12 12:00,11203.5461,210.0,13.093,91.1403,0.29,0.5,-0.0734,7.59,3.8,0.0,0.0,0.45,1.2759778
9/4/12 12:30,11203.9961,315.9,13.494,91.1232,0.26,-0.27,-0.0738,5.11,3.56,-114.9111,-0.6675,-0.24,1.1477107
9/4/12 13:00,11204.4461,316.1,13.403,91.1142,0.47,-0.49,-0.0686,9.1,6.31,-129.38,-2.3554,-0.44,7.520041
9/4/12 13:30,11204.8961,217.6,15.694,91.0926,0.37,0.48,-0.0924,9.6,5.86,-313.1567,-3.6756,0.44,8.821176
9/4/12 14:00,11205.3461,144.2,16.65,91.0665,-0.52,0.72,-0.1027,14.79,-8.65,-397.9915,-7.3926,0.65,13.651243
9/4/12 14:30,11205.7711,93.4,16.675,80.924,-1.27,0.08,-0.0965,21.16,-21.12,-458.0735,-12.8817,0.06,1.5383397
9/4/12 15:00,11206.1711,146.9,17.412,80.9128,-0.84,1.28,-0.1032,26.64,-14.55,-348.4304,-18.8376,1.03,1.325946
9/4/12 15:30,11206.5961,169.0,15.204,91.0386,-0.23,1.16,-0.0889,17.99,-3.43,-144.4331,-14.2695,1.05,0.8833293
9/4/12 16:00,11207.0461,166.5,15.409,91.0503,-0.5,2.09,-0.1081,33.16,-7.74,-341.7561,-28.7175,1.88,0.55633763
9/4/12 16:30,11207.4961,187.5,14.349,91.0656,0.34,2.59,-0.0983,37.51,4.9,-264.3801,-34.6531,2.33,1.0553907
9/4/12 17:00,11207.9461,182.8,13.811,91.0935,0.12,2.41,-0.0919,33.37,1.63,-188.1797,-32.2304,2.17,0.8245907
9/4/12 17:30,11208.3961,,10.535,91.0737,,,-0.0557,3.03,,-33.2947,-3.0081,,16.204468
9/4/12 18:00,11208.8461,,8.808,91.1133,,,-0.0287,2.26,,-3.488,-2.2637,,12.303371
9/4/12 18:30,11209.2961,351.4,6.395,91.2294,0.36,-2.38,0.0236,15.41,2.3,0.0,-15.2801,-2.14,0.57144926
9/4/12 19:00,11209.7461,,2.968,91.3059,,,0.0684,0.69,,0.0,-0.6622,,4.183827
9/4/12 19:30,11210.2461,,1.887,111.6357,,,0.0778,0.45,,0.0,-0.4132,,2.9497971
9/4/12 20:00,11210.7961,,1.73,111.6577,,,0.0678,0.42,,0.0,-0.3641,,3.1855593
9/4/12 20:30,11211.3461,,1.375,111.6797,,,0.0604,0.34,,0.0,-0.2727,,3.2294113
9/4/12 21:00,11211.8961,349.2,1.378,111.7006,0.19,-1.0,0.0547,1.4,0.26,0.0,-0.991,-1.1,3.2893039
9/4/12 21:30,11212.4711,,1.247,121.7868,,,0.0553,0.33,,0.0,-0.1989,,3.2294113
9/4/12 22:00,11213.0711,,1.134,121.7844,,,0.0542,0.38,,0.0,-0.1899,,3.0347315
9/4/12 22:30,11213.6711,,1.007,121.8108,,,0.0531,0.41,,0.0,-0.1572,,2.9961302
9/4/12 23:00,11214.2711,,0.984,121.8252,,,0.0482,0.47,,0.0,-0.1225,,2.9312177
9/4/12 23:30,11214.8711,,0.97,121.8336,,,0.0563,0.54,,0.0,-0.0701,,2.7794667
9/5/12 0:00,11215.4711,,0.977,121.8156,,,0.0615,0.61,,0.0,0.0,,3.0336352
9/5/12 0:30,11216.0711,,0.968,121.7856,,,0.0594,0.68,,0.0,0.0884,,2.314347
9/5/12 1:00,11216.6711,,0.948,121.7796,,,0.062,0.71,,0.0,0.1838,,1.1939284
9/5/12 1:30,11217.2461,,0.871,111.6302,,,0.061,0.69,,0.0,0.2657,,1.212277
9/5/12 2:00,11217.7961,8.8,0.804,111.6313,-0.04,-0.24,0.0599,0.2,-0.03,0.0,0.0977,-0.26,1.0803748
9/5/12 2:30,11218.3711,,0.717,121.7784,,,0.0642,0.64,,0.0,0.3907,,1.0803748
9/5/12 3:00,11218.9711,,0.664,121.7736,,,0.0608,0.63,,0.0,0.4428,,1.0803748
9/5/12 3:30,11219.5461,,0.665,111.6247,,,0.0561,0.66,,0.0,0.5234,,1.0803748
9/5/12 4:00,11220.0961,,0.678,111.6302,,,0.0522,0.68,,0.0,0.5866,,1.0803748
9/5/12 4:30,11220.6711,,0.649,121.7796,,,0.058,0.65,,0.0,0.6038,,1.0803748
9/5/12 5:00,11221.2711,,0.607,121.7868,,,0.0591,0.62,,0.0,0.5945,,1.0803748
9/5/12 5:30,11221.8461,,0.559,111.6654,,,0.0723,0.57,,6.2977,0.5664,,1.0243481
9/5/12 6:00,11222.4211,,0.541,121.8624,,,0.0559,0.56,,51.897,0.5567,,0.6555297
9/5/12 6:30,11223.0211,,0.561,121.8792,,,0.0338,0.58,,136.5894,0.5768,,1.7014576
9/5/12 7:00,11223.6211,,0.642,121.8864,,,0.0162,0.61,,148.9033,0.586,,3.2471252
9/5/12 7:30,11224.2211,,1.04,121.9068,,,0.0097,0.89,,212.1939,0.8196,,3.1106647
9/5/12 8:00,11224.8211,,1.939,121.9116,,,-0.0005,1.48,,225.8819,1.2779,,2.6210802
9/5/12 8:30,11225.4211,,2.671,121.92,,,-0.0161,1.79,,336.4183,1.4176,,0.35301437
9/5/12 9:00,11226.0211,320.6,4.144,121.9428,0.43,-0.53,-0.0343,2.83,1.8,340.4387,2.0043,-0.63,2.355314
9/5/12 9:30,11226.5961,286.2,6.635,111.7809,0.22,-0.06,-0.0599,1.52,1.46,444.99,0.925,-0.07,1.3063857
9/5/12 10:00,11227.1461,263.8,9.29,111.7699,0.65,0.07,-0.0783,6.03,5.99,378.1395,3.0146,0.08,1.7843148
9/5/12 10:30,11227.6711,286.4,10.384,101.584,1.08,-0.32,-0.0807,11.71,11.24,299.033,4.4824,-0.32,2.4468839
9/5/12 11:00,11228.1711,281.3,11.741,101.552,0.79,-0.16,-0.0869,9.46,9.28,212.075,2.4493,-0.16,3.5236236
9/5/12 11:30,11228.6711,281.4,14.272,101.52,0.84,-0.17,-0.0923,12.23,11.99,111.1055,1.5965,-0.17,0.7773921
9/5/12 12:00,11229.1461,300.7,16.099,91.3419,0.4,-0.23,-0.0992,7.41,6.37,0.0,0.0,-0.21,1.3479297
9/5/12 12:30,11229.5961,29.2,16.781,91.3275,-0.12,-0.22,-0.0957,4.28,-2.09,-96.0379,-0.5585,-0.2,1.1793303
9/5/12 13:00,11230.0461,237.1,17.593,91.3113,0.24,0.16,-0.1041,5.1,4.28,-160.6958,-1.3205,0.14,1.0887413
9/5/12 13:30,11230.4961,152.1,18.316,91.2888,-0.17,0.32,-0.1119,6.61,-3.09,-249.3496,-2.5303,0.29,1.3471796
9/5/12 14:00,11230.9711,225.4,21.682,101.403,0.5,0.49,-0.1383,15.16,10.79,-379.0825,-7.5779,0.49,1.6546052
9/5/12 14:30,11231.4461,210.6,22.142,91.2366,0.58,0.98,-0.1292,25.09,12.77,-220.5549,-15.2719,0.88,1.1639821
9/5/12 15:00,11231.8961,184.0,21.991,91.2312,0.05,0.7,-0.1438,15.53,1.08,-364.8586,-10.9783,0.63,1.272862
9/5/12 15:30,11232.3461,141.5,21.017,91.2231,-0.61,0.77,-0.139,20.66,-12.86,-293.2758,-16.3905,0.69,1.815819
9/5/12 16:00,11232.7961,152.7,16.659,91.215,-0.6,1.16,-0.1098,21.71,-9.96,-186.9047,-18.7985,1.04,0.684322
9/5/12 16:30,11233.2461,131.7,15.416,91.2087,-0.81,0.72,-0.105,16.76,-12.51,-167.139,-15.4816,0.65,1.1279773
9/5/12 17:00,11233.6961,115.3,13.851,91.2213,-1.01,0.48,-0.0977,15.49,-14.0,-108.3305,-14.9578,0.43,6.368926
9/5/12 17:30,11234.1461,147.0,11.663,91.233,-1.33,2.05,-0.0935,28.57,-15.56,-116.93,-28.3299,1.85,1.2449929
9/5/12 18:00,11234.5961,136.0,9.268,91.2555,-1.93,1.99,-0.0709,25.69,-17.85,-41.953,-25.6909,1.79,0.7974717
9/5/12 18:30,11235.0461,142.5,7.807,91.2771,-1.66,2.17,-0.047,21.34,-12.99,0.0,-21.1617,1.95,1.3388708
9/5/12 19:00,11235.4961,136.0,6.527,91.3059,-1.48,1.53,-0.0297,13.87,-9.63,0.0,-13.3973,1.38,0.9793421
9/5/12 19:30,11235.9461,136.4,5.986,91.3329,-1.34,1.41,-0.0246,11.65,-8.03,0.0,-10.762,1.27,9.447798
9/5/12 20:00,11236.3961,125.9,4.778,91.3626,-1.15,0.83,-0.0111,6.79,-5.5,0.0,-5.8841,0.75,8.204363
9/5/12 20:30,11236.8461,130.5,4.264,91.3725,-1.2,1.02,-0.0064,6.71,-5.1,0.0,-5.3246,0.92,7.492345
9/5/12 21:00,11237.2961,131.5,3.834,91.3581,-1.11,0.98,-0.0012,5.69,-4.26,0.0,-4.0205,0.88,6.720896
9/5/12 21:30,11237.7461,131.4,3.779,91.3392,-0.77,0.68,-0.001,3.9,-2.93,0.0,-2.3764,0.61,5.996184
9/5/12 22:00,11238.1961,133.6,3.236,91.341,-0.66,0.63,0.0063,2.96,-2.14,0.0,-1.4789,0.57,4.4540938
9/5/12 22:30,11238.6711,96.4,2.872,101.492,-0.54,0.06,0.0072,1.57,-1.56,0.0,-0.6012,0.06,4.4038948
9/5/12 23:00,11239.1711,88.9,2.938,101.486,-0.57,-0.01,0.0044,1.66,-1.66,0.0,-0.4304,-0.01,4.4038948
9/5/12 23:30,11239.6711,118.2,2.341,101.464,-0.84,0.45,0.0183,2.22,-1.96,0.0,-0.29,0.45,3.6198672
9/6/12 0:00,11240.1711,87.8,2.188,101.462,-0.5,-0.02,0.0182,1.1,-1.1,0.0,0.0,-0.02,3.4582495
9/6/12 0:30,11240.6711,68.2,2.252,101.455,-0.44,-0.18,0.0126,1.07,-0.99,0.0,0.139,-0.18,3.6198672
9/6/12 1:00,11241.1711,119.1,1.895,101.437,-0.6,0.34,0.0221,1.31,-1.14,0.0,0.3389,0.34,3.23697
9/6/12 1:30,11241.6711,99.2,1.59,101.434,-0.57,0.09,0.0259,0.91,-0.9,0.0,0.3499,0.09,3.1496122
9/6/12 2:00,11242.1711,52.4,1.585,101.422,-0.36,-0.28,0.0222,0.72,-0.57,0.0,0.3582,-0.28,3.1496122
9/6/12 2:30,11242.6711,66.5,1.384,101.397,-0.65,-0.28,0.0255,0.98,-0.9,0.0,0.5982,-0.28,3.0617351
9/6/12 3:00,11243.1711,123.9,1.283,101.382,-0.55,0.37,0.0281,0.85,-0.71,0.0,0.6033,0.37,2.8671707
9/6/12 3:30,11243.6711,95.4,1.205,101.369,-0.49,0.05,0.0212,0.59,-0.59,0.0,0.4713,0.05,3.0617351
9/6/12 4:00,11244.1711,67.5,1.306,101.358,-0.66,-0.27,0.0184,0.93,-0.86,0.0,0.8064,-0.27,3.0617351
9/6/12 4:30,11244.6961,64.4,1.21,111.4927,-0.53,-0.25,0.0206,0.71,-0.64,0.0,0.6529,-0.28,3.0617351
9/6/12 5:00,11245.2461,67.8,1.121,111.4861,-0.55,-0.22,0.0187,0.66,-0.61,0.0,0.6378,-0.24,3.0617351
9/6/12 5:30,11245.7961,65.3,1.055,111.4971,-0.34,-0.16,0.0205,0.39,-0.36,5.331,0.3901,-0.17,2.7296716
9/6/12 6:00,11246.3461,153.9,1.003,111.5345,-0.17,0.34,0.0172,0.38,-0.17,21.225,0.3791,0.37,0.6488942
9/6/12 6:30,11246.8961,62.6,1.104,111.5499,-0.36,-0.19,0.0023,0.45,-0.4,35.1894,0.4477,-0.21,0.6496443
9/6/12 7:00,11247.4461,104.5,1.342,111.5664,-0.63,0.16,-0.0063,0.88,-0.85,69.1188,0.8478,0.18,0.8769823
9/6/12 7:30,11247.9961,114.3,1.788,111.5609,-0.6,0.27,-0.0154,1.17,-1.07,131.2408,1.082,0.3,1.1079554
9/6/12 8:00,11248.5461,116.4,2.379,111.5499,-0.83,0.41,-0.0256,2.2,-1.97,244.0079,1.9078,0.45,1.2887872
9/6/12 8:30,11249.0711,108.0,3.331,101.392,-0.42,0.14,-0.0409,1.47,-1.4,283.3501,1.1681,0.14,1.0085383
9/6/12 9:00,11249.5461,180.8,5.161,91.2501,0.0,0.17,-0.0632,0.89,0.01,343.2183,0.6313,0.16,4.9872995
9/6/12 9:30,11249.9961,171.0,7.112,91.2474,-0.04,0.23,-0.076,1.64,-0.26,356.3683,0.9958,0.2,0.7297896
9/6/12 10:00,11250.4461,310.3,8.511,91.2456,0.19,-0.16,-0.0763,2.09,1.6,208.953,1.0469,-0.14,4.9338693
9/6/12 10:30,11250.8961,252.2,9.526,91.2285,0.28,0.09,-0.0861,2.78,2.65,179.3637,1.0645,0.08,1.3938589
9/6/12 11:00,11251.3461,309.2,10.688,91.2051,0.25,-0.21,-0.0929,3.52,2.72,166.2294,0.9101,-0.19,1.1720024
9/6/12 11:30,11251.7961,260.2,11.776,91.1808,1.21,0.21,-0.0964,14.4,14.19,69.1357,1.8798,0.19,6.261027
9/6/12 12:00,11252.2461,266.0,13.223,91.161,0.96,0.07,-0.0993,12.69,12.66,0.0,0.0,0.06,6.651656
9/6/12 12:30,11252.6961,255.2,14.261,91.1457,1.48,0.39,-0.1038,21.86,21.14,-54.5692,-2.8536,0.35,1.3839345
9/6/12 13:00,11253.1211,232.9,16.474,80.9976,0.8,0.61,-0.1212,16.61,13.24,-187.8206,-4.2979,0.49,2.4126678
9/6/12 13:30,11253.5211,200.8,16.669,80.9736,0.28,0.73,-0.1102,12.95,4.6,-156.3897,-4.9564,0.58,3.8416083
9/6/12 14:00,11253.9211,175.4,14.079,80.9488,-0.12,1.44,-0.095,20.39,-1.63,-84.7495,-10.1932,1.15,2.7499243
9/6/12 14:30,11254.3461,171.6,13.892,91.0854,-0.15,1.01,-0.1027,14.24,-2.08,-134.3823,-8.6683,0.91,5.37187
9/6/12 15:00,11254.7961,187.0,16.692,91.0719,0.13,1.03,-0.1224,17.34,2.11,-200.2519,-12.2633,0.93,2.8724791
9/6/12 15:30,11255.2461,,9.56,91.1502,,,0.0132,2.39,,-11.1942,-1.8961,,9.016779
9/6/12 16:00,11255.7961,,1.396,131.9266,,,0.1329,0.38,,-2.4405,-0.3325,,1.0803748
9/6/12 16:30,11256.6211,,1.077,202.982,,,0.1211,0.32,,-4.4864,-0.2975,,1.0243481
9/6/12 17:00,11257.6461,,0.993,213.1479,,,0.0976,0.32,,-18.0435,-0.3108,,0.8813675
9/6/12 17:30,11258.6961,,1.046,213.1668,,,0.0777,0.37,,-9.852,-0.3619,,1.0525057
9/6/12 18:00,11259.7211,,1.364,203.034,,,0.0625,0.51,,-5.445,-0.5101,,1.1714254
9/6/12 18:30,11260.6961,,1.544,192.8975,,,0.0585,0.62,,0.0,-0.6108,,1.1939284
9/6/12 19:00,11261.5961,,1.564,172.6078,,,0.055,0.7,,0.0,-0.6798,,1.1939284
9/6/12 19:30,11262.3961,,1.352,152.3145,,,0.0553,0.68,,0.0,-0.6245,,1.212277
9/6/12 20:00,11263.1211,317.8,1.148,142.1714,0.86,-0.95,0.0535,1.48,0.99,0.0,-1.2785,-1.33,1.212277
9/6/12 20:30,11263.7961,289.1,1.143,132.028,0.54,-0.19,0.0546,0.66,0.62,0.0,-0.5205,-0.24,1.0803748
9/6/12 21:00,11264.4211,,1.142,121.8816,,,0.0525,0.74,,0.0,-0.5265,,1.0803748
9/6/12 21:30,11265.0211,263.7,1.082,121.8924,0.51,0.06,0.0521,0.56,0.56,0.0,-0.3405,0.07,1.0803748
9/6/12 22:00,11265.6211,243.8,1.079,121.9032,0.26,0.13,0.0509,0.32,0.28,0.0,-0.1586,0.16,1.0803748
9/6/12 22:30,11266.1961,274.0,1.122,111.7534,0.37,-0.03,0.05,0.41,0.41,0.0,-0.1576,-0.03,1.0803748
9/6/12 23:00,11266.7461,61.7,1.022,111.7633,-0.17,-0.09,0.0495,0.19,-0.17,0.0,-0.0497,-0.1,1.0803748
9/6/12 23:30,11267.2961,230.2,0.898,111.7721,0.19,0.16,0.0497,0.22,0.17,0.0,-0.0293,0.18,1.0803748
9/7/12 0:00,11267.8461,337.2,0.945,111.782,0.06,-0.15,0.0454,0.15,0.06,0.0,0.0,-0.16,1.0803748
9/7/12 0:30,11268.3961,48.5,0.814,111.7919,-0.29,-0.26,0.0519,0.31,-0.23,0.0,0.0409,-0.28,1.0803748
9/7/12 1:00,11268.9461,278.7,0.733,111.8007,0.07,-0.01,0.0534,0.05,0.05,0.0,0.0135,-0.01,1.0803748
9/7/12 1:30,11269.4961,300.1,0.724,111.8106,0.17,-0.1,0.0497,0.14,0.12,0.0,0.0529,-0.11,1.0803748
9/7/12 2:00,11270.0461,352.0,0.689,111.8194,0.11,-0.78,0.0591,0.54,0.08,0.0,0.2711,-0.86,1.0803748
9/7/12 2:30,11270.5961,15.1,0.678,111.8293,-0.05,-0.2,0.0518,0.14,-0.04,0.0,0.0871,-0.22,1.0803748
9/7/12 3:00,11271.1461,287.0,0.706,111.8392,0.16,-0.05,0.0466,0.12,0.11,0.0,0.0819,-0.05,1.0803748
9/7/12 3:30,11271.6961,26.3,0.635,111.848,-0.19,-0.38,0.0594,0.27,-0.12,0.0,0.2121,-0.42,1.0591412
9/7/12 4:00,11272.2461,243.2,0.571,111.8579,0.49,0.25,0.0572,0.32,0.28,0.0,0.274,0.27,1.0591412
9/7/12 4:30,11272.7961,225.3,0.553,111.8678,0.48,0.47,0.055,0.37,0.26,0.0,0.3418,0.52,1.0591412
9/7/12 5:00,11273.3711,93.0,0.527,122.0472,-0.06,0.0,0.0611,0.03,-0.03,0.0,0.0295,0.0,1.0591412
9/7/12 5:30,11273.9461,28.0,0.5,111.8865,-0.09,-0.17,0.0618,0.1,-0.05,0.1656,0.0972,-0.19,1.0591412
9/7/12 6:00,11274.5211,337.1,0.489,122.0676,0.32,-0.76,0.0545,0.41,0.16,21.895,0.4059,-0.92,0.6231023
9/7/12 6:30,11275.1211,,0.48,122.0784,,,0.0507,0.43,,67.4817,0.4283,,0.54008931
9/7/12 7:00,11275.7211,,0.474,122.0892,,,0.0452,0.41,,90.6956,0.396,,0.39802614
9/7/12 7:30,11276.3211,,0.468,122.0988,,,0.0421,0.39,,110.1024,0.3584,,1.0058264
9/7/12 8:00,11276.9211,,0.484,122.1096,,,0.0341,0.38,,243.6415,0.3328,,0.14730233
9/7/12 8:30,11277.5211,,0.601,122.1192,,,0.023,0.46,,464.7599,0.3619,,4.6388492
9/7/12 9:00,11278.1211,,1.487,122.1348,,,0.0162,1.08,,390.9233,0.7602,,5.0597707
9/7/12 9:30,11278.6961,328.4,3.26,111.9756,0.19,-0.32,-0.0166,1.21,0.64,418.9533,0.7383,-0.35,0.7622747
9/7/12 10:00,11279.2461,86.1,6.292,111.9558,-0.22,-0.01,-0.0552,1.38,-1.37,373.8095,0.689,-0.02,0.49481789
9/7/12 10:30,11279.7711,111.9,9.961,101.758,-0.91,0.37,-0.0919,9.8,-9.09,330.1992,3.7509,0.37,1.8929062
9/7/12 11:00,11280.2711,79.9,14.567,101.747,-2.04,-0.36,-0.1136,30.24,-29.77,196.7623,7.827,-0.36,1.9772059
9/7/12 11:30,11280.7711,109.1,16.069,101.729,-2.22,0.77,-0.1273,37.76,-35.68,114.7341,4.9289,0.77,2.148171
9/7/12 12:00,11281.2711,100.8,16.575,101.719,-2.29,0.44,-0.1213,38.59,-37.9,0.0,0.0,0.44,2.7489434
9/7/12 12:30,11281.7711,97.7,17.055,101.7,-2.22,0.3,-0.1122,38.19,-37.84,-82.2755,-4.9843,0.3,1.842938
9/7/12 13:00,11282.2461,86.7,18.499,91.5048,-2.45,-0.14,-0.1233,45.45,-45.38,-218.3229,-11.7639,-0.13,1.5634969
9/7/12 13:30,11282.6961,105.0,18.791,91.4742,-2.78,0.74,-0.1259,54.06,-52.22,-296.2563,-20.6885,0.67,1.5768833
9/7/12 14:00,11283.1461,96.6,19.611,91.4616,-2.71,0.31,-0.1248,53.54,-53.18,-361.5805,-26.769,0.28,1.3800109
9/7/12 14:30,11283.5961,91.3,20.503,91.4616,-2.85,0.06,-0.1239,58.52,-58.5,-402.2178,-35.622,0.06,1.4272672
9/7/12 15:00,11284.0461,75.2,18.979,91.4634,-2.56,-0.68,-0.1233,50.18,-48.52,-400.8525,-35.483,-0.61,2.1207058
9/7/12 15:30,11284.4961,72.8,16.962,91.4706,-2.63,-0.81,-0.1151,46.66,-44.58,-354.9669,-37.0198,-0.73,1.5185486
9/7/12 16:00,11284.9461,80.6,13.24,91.4796,-2.44,-0.4,-0.1087,32.7,-32.26,-341.4842,-28.3215,-0.36,1.3406595
9/7/12 16:30,11285.3961,84.2,12.449,91.4751,-2.49,-0.25,-0.0983,31.2,-31.04,-267.1416,-28.8224,-0.23,1.2337414
9/7/12 17:00,11285.8461,86.1,10.998,91.467,-2.11,-0.14,-0.087,23.3,-23.25,-173.858,-22.5107,-0.13,1.7095356
9/7/12 17:30,11286.2961,73.8,8.95,91.4751,-1.55,-0.45,-0.0674,14.4,-13.83,-78.1873,-14.2774,-0.4,2.058736
9/7/12 18:00,11286.7461,69.9,7.094,91.4814,-1.34,-0.49,-0.0408,10.1,-9.49,-13.311,-10.1019,-0.44,1.1462682
9/7/12 18:30,11287.1961,86.7,6.14,91.5039,-1.36,-0.08,-0.0264,8.37,-8.36,0.0,-8.3033,-0.07,4.0609837
9/7/12 19:00,11287.6461,76.7,5.547,91.5354,-1.31,-0.31,-0.0196,7.48,-7.28,0.0,-7.2226,-0.28,3.7734646
9/7/12 19:30,11288.0961,89.0,5.174,91.5777,-1.49,-0.03,-0.0199,7.74,-7.73,0.0,-7.1463,-0.02,0.8117236
9/7/12 20:00,11288.5461,80.1,4.008,91.6191,-1.37,-0.24,-0.0084,5.59,-5.51,0.0,-4.8421,-0.22,3.5617056
9/7/12 20:30,11289.0211,77.1,3.75,101.817,-1.75,-0.4,-0.0073,6.73,-6.56,0.0,-5.3403,-0.4,1.0654882
9/7/12 21:00,11289.4961,83.2,3.831,91.6425,-1.73,-0.21,-0.0008,6.69,-6.65,0.0,-4.7325,-0.19,3.2643198
9/7/12 21:30,11289.9461,77.1,3.521,91.6569,-1.25,-0.29,0.0074,4.5,-4.39,0.0,-2.7393,-0.26,3.102529
9/7/12 22:00,11290.4211,92.2,3.464,101.844,-1.51,0.06,0.0105,5.24,-5.24,0.0,-2.6222,0.06,0.9182955
9/7/12 22:30,11290.8961,120.6,2.91,91.6452,-0.92,0.55,0.02,3.13,-2.69,0.0,-1.196,0.49,2.571689
9/7/12 23:00,11291.3711,61.0,2.616,101.82,-0.56,-0.31,0.0204,1.67,-1.46,0.0,-0.4313,-0.31,2.3159626
9/7/12 23:30,11291.8711,7.6,2.484,101.834,-0.05,-0.34,0.0222,0.85,-0.11,0.0,-0.1106,-0.34,2.1824448
9/8/12 0:00,11292.3711,65.9,1.934,101.848,-0.66,-0.29,0.0325,1.39,-1.27,0.0,0.0,-0.29,1.9431629
9/8/12 0:30,11292.8711,129.9,1.73,101.844,-0.49,0.41,0.0349,1.11,-0.85,0.0,0.1454,0.41,1.4659262
9/8/12 1:00,11293.3711,73.6,1.81,101.827,-0.21,-0.06,0.0328,0.4,-0.39,0.0,0.1045,-0.06,1.4659262
9/8/12 1:30,11293.8711,56.1,1.573,101.812,-0.35,-0.23,0.0407,0.66,-0.55,0.0,0.2528,-0.23,1.212277
9/8/12 2:00,11294.3711,308.7,1.483,101.802,0.13,-0.1,0.0387,0.24,0.19,0.0,0.1209,-0.1,1.0803748
9/8/12 2:30,11294.8711,297.4,1.478,101.801,0.44,-0.23,0.0281,0.74,0.66,0.0,0.4499,-0.23,1.4659262
9/8/12 3:00,11295.3961,26.0,1.337,111.9679,-0.1,-0.21,0.0236,0.31,-0.14,0.0,0.2184,-0.23,1.9708012
9/8/12 3:30,11295.9461,119.2,1.227,111.9448,-0.39,0.22,0.0352,0.54,-0.47,0.0,0.4303,0.24,1.1939284
9/8/12 4:00,11296.4711,121.7,1.51,101.776,-0.43,0.26,0.0369,0.76,-0.65,0.0,0.6578,0.26,1.0803748
9/8/12 4:30,11296.9711,75.0,1.598,101.784,-0.36,-0.1,0.0383,0.6,-0.58,0.0,0.5551,-0.1,1.0803748
9/8/12 5:00,11297.4711,348.1,1.364,101.77,0.11,-0.51,0.0445,0.71,0.15,0.0,0.6851,-0.51,1.0803748
9/8/12 5:30,11297.9711,302.6,1.063,101.779,0.29,-0.18,0.0468,0.36,0.3,1.6627,0.3583,-0.18,1.0803748
9/8/12 6:00,11298.4711,347.3,0.976,101.802,0.06,-0.25,0.0355,0.25,0.06,24.741,0.2508,-0.25,0.8851757
9/8/12 6:30,11298.9711,328.7,1.032,101.822,0.32,-0.52,0.0227,0.63,0.33,92.1578,0.6231,-0.52,1.3180988
9/8/12 7:00,11299.4711,7.6,1.716,101.825,-0.07,-0.52,0.0002,0.9,-0.12,187.2042,0.8735,-0.52,1.3768951
9/8/12 7:30,11299.9711,351.2,3.171,101.831,0.04,-0.24,-0.0313,0.78,0.12,283.0296,0.7207,-0.24,1.2375496
9/8/12 8:00,11300.4711,237.4,4.583,101.846,0.18,0.12,-0.0616,1.0,0.84,304.1706,0.8652,0.12,1.307482
9/8/12 8:30,11300.9711,291.8,5.065,101.852,0.17,-0.07,-0.0678,0.95,0.88,285.9825,0.7514,-0.07,0.43476373
9/8/12 9:00,11301.4711,132.6,6.871,101.857,-0.22,0.2,-0.0854,2.06,-1.52,409.0005,1.4576,0.2,0.6539141
9/8/12 9:30,11301.9711,255.1,7.95,101.858,0.69,0.18,-0.0886,5.69,5.5,391.3484,3.4652,0.18,1.2593025
9/8/12 10:00,11302.4711,207.4,9.4,101.839,0.36,0.69,-0.0912,7.29,3.35,241.7185,3.6425,0.69,1.5404169
9/8/12 10:30,11302.9711,139.9,11.107,101.801,-0.37,0.44,-0.101,6.45,-4.16,215.8021,2.4695,0.44,1.553284
9/8/12 11:00,11303.4461,142.7,12.097,91.5894,-0.09,0.12,-0.1033,1.83,-1.11,192.2774,0.4728,0.11,2.7939494
9/8/12 11:30,11303.9211,208.6,14.229,101.744,0.27,0.49,-0.1122,8.0,3.83,93.8584,1.0438,0.49,2.1421702
9/8/12 12:00,11304.3961,95.1,14.607,91.5327,-0.76,0.07,-0.1033,11.1,-11.06,0.0,0.0,0.06,4.3037276
9/8/12 12:30,11304.8461,150.6,15.838,91.5012,-0.33,0.58,-0.1088,10.55,-5.18,-93.0294,-1.3768,0.52,4.4609024
9/8/12 13:00,11305.2961,212.7,18.835,91.4751,0.63,0.98,-0.1273,21.96,11.86,-219.8784,-5.6841,0.88,2.9614525
9/8/12 13:30,11305.7211,182.9,19.625,81.2808,0.07,1.48,-0.1279,29.03,1.47,-298.6121,-11.1075,1.18,3.79666
9/8/12 14:00,11306.1211,107.5,14.177,81.256,-2.79,0.88,-0.0832,41.51,-39.59,-193.296,-20.7551,0.7,3.4442284
9/8/12 14:30,11306.5461,99.0,12.463,91.3734,-3.15,0.5,-0.0806,39.76,-39.27,-378.5339,-24.2025,0.45,7.516579
9/8/12 15:00,11306.9961,105.8,13.536,91.3851,-2.56,0.73,-0.104,36.06,-34.7,-362.762,-25.4982,0.65,9.554543
9/8/12 15:30,11307.4461,85.8,12.405,91.3662,-2.81,-0.21,-0.0923,34.93,-34.84,-358.9281,-27.7138,-0.19,6.426626
9/8/12 16:00,11307.8961,92.5,10.895,91.3716,-2.88,0.13,-0.073,31.41,-31.38,-159.2984,-27.2021,0.11,7.204999
9/8/12 16:30,11308.3711,115.4,9.359,101.532,-2.72,1.29,-0.0552,28.13,-25.41,-117.9877,-25.9916,1.29,7.974717
9/8/12 17:00,11308.8711,114.0,8.552,101.546,-2.12,0.94,-0.0642,19.86,-18.14,-163.4037,-19.1811,0.94,7.595628
9/8/12 17:30,11309.3711,138.5,10.018,101.528,-1.86,2.1,-0.059,28.07,-18.6,-76.4979,-27.8303,2.1,4.4900986
9/8/12 18:00,11309.8711,136.9,8.491,101.535,-1.72,1.84,-0.0372,21.4,-14.62,-7.367,-21.3973,1.84,5.0923712
9/8/12 18:30,11310.3711,134.5,6.774,101.559,-1.48,1.45,-0.0274,14.02,-10.0,0.0,-13.8955,1.45,5.0894862
9/8/12 19:00,11310.8711,133.4,5.314,101.578,-1.31,1.24,-0.0168,9.61,-6.98,0.0,-9.2803,1.24,4.5699554
9/8/12 19:30,11311.3711,139.9,4.848,101.609,-1.28,1.52,-0.0179,9.61,-6.19,0.0,-8.8773,1.52,3.6518907
9/8/12 20:00,11311.8711,139.1,4.399,101.634,-1.47,1.7,-0.0164,9.88,-6.47,0.0,-8.5603,1.7,3.5484923
9/8/12 20:30,11312.3711,135.4,3.866,101.659,-1.35,1.37,-0.013,7.44,-5.22,0.0,-5.9011,1.37,3.1845784
9/8/12 21:00,11312.8711,137.8,3.159,101.637,-1.42,1.57,-0.0071,6.7,-4.5,0.0,-4.7378,1.57,3.2197754
9/8/12 21:30,11313.3711,142.8,3.066,101.645,-1.14,1.5,-0.0097,5.76,-3.48,0.0,-3.5052,1.5,3.5653407
9/8/12 22:00,11313.8711,134.2,2.675,101.644,-1.39,1.35,-0.0028,5.19,-3.72,0.0,-2.5961,1.35,3.7150145
9/8/12 22:30,11314.3711,134.2,2.367,101.64,-1.32,1.28,0.0004,4.35,-3.12,0.0,-1.6631,1.28,2.0037479
9/8/12 23:00,11314.8711,121.0,2.067,101.643,-1.12,0.67,0.0054,2.7,-2.32,0.0,-0.6992,0.67,2.3560064
9/8/12 23:30,11315.3711,100.0,1.919,101.641,-1.13,0.2,0.0086,2.2,-2.17,0.0,-0.287,0.2,2.3196554
9/9/12 0:00,11315.8711,101.1,1.596,101.627,-1.16,0.23,0.0152,1.89,-1.86,0.0,0.0,0.23,2.2563008
9/9/12 0:30,11316.3961,92.3,1.58,111.7589,-0.99,0.04,0.0139,1.56,-1.56,0.0,0.2042,0.04,2.2563008
9/9/12 1:00,11316.9461,95.0,1.463,111.7369,-0.92,0.08,0.0161,1.34,-1.34,0.0,0.348,0.09,2.2563008
9/9/12 1:30,11317.4961,100.8,1.326,111.6918,-1.08,0.21,0.0169,1.46,-1.44,0.0,0.5592,0.23,2.3210979
9/9/12 2:00,11318.0461,111.8,1.283,111.6511,-1.22,0.49,0.0182,1.69,-1.57,0.0,0.8449,0.54,2.3210979
9/9/12 2:30,11318.5961,103.3,1.178,111.6225,-1.31,0.31,0.0209,1.59,-1.54,0.0,0.966,0.34,2.3129045
9/9/12 3:00,11319.1461,113.1,1.115,111.5994,-1.29,0.55,0.0205,1.56,-1.44,0.0,1.1038,0.6,2.3733741
9/9/12 3:30,11319.6961,80.5,1.102,111.5851,-0.87,-0.15,0.022,0.97,-0.96,0.0,0.7694,-0.16,2.3284835
9/9/12 4:00,11320.2461,27.1,1.07,111.6082,-0.24,-0.47,0.0235,0.56,-0.26,0.0,0.4856,-0.51,2.3216172
9/9/12 4:30,11320.7961,95.2,1.028,111.6236,-0.63,0.06,0.0266,0.65,-0.65,0.0,0.605,0.06,2.3849141
9/9/12 5:00,11321.3461,122.9,0.9,111.6071,-0.73,0.47,0.0294,0.78,-0.66,0.0,0.7572,0.52,2.2167186
9/9/12 5:30,11321.8961,116.6,0.895,111.606,-0.92,0.46,0.0258,0.92,-0.82,5.332,0.9131,0.51,2.1143011
9/9/12 6:00,11322.4461,106.2,0.902,111.6181,-1.23,0.36,0.015,1.16,-1.11,64.643,1.1582,0.39,0.55122541
9/9/12 6:30,11322.9961,107.0,1.321,111.6324,-1.33,0.41,-0.0108,1.83,-1.75,162.2817,1.8152,0.45,3.2898809
9/9/12 7:00,11323.5461,108.4,2.329,111.6368,-1.25,0.42,-0.0351,3.07,-2.91,226.3918,2.965,0.46,2.3613725
9/9/12 7:30,11324.0961,125.5,3.195,111.6456,-0.7,0.5,-0.0496,2.76,-2.24,283.2328,2.5474,0.55,2.6385056
9/9/12 8:00,11324.6211,156.7,4.606,101.503,-0.49,1.14,-0.0653,5.72,-2.26,259.2196,4.9502,1.14,1.583288
9/9/12 8:30,11325.1211,173.7,7.573,101.502,-0.21,1.9,-0.0918,14.46,-1.59,415.3506,11.4754,1.9,1.2314911
9/9/12 9:00,11325.6211,186.1,9.266,101.506,0.17,1.63,-0.0954,15.2,1.61,437.103,10.7454,1.63,1.6552976
9/9/12 9:30,11326.1211,181.7,11.988,101.502,0.06,1.86,-0.1083,22.26,0.66,383.7492,13.5521,1.86,2.0562549
9/9/12 10:00,11326.6211,176.0,13.345,101.495,-0.09,1.28,-0.1144,17.12,-1.19,391.6025,8.5608,1.28,3.5023323
9/9/12 10:30,11327.1211,164.0,15.052,101.48,-0.45,1.58,-0.1142,24.81,-6.84,298.3898,9.4927,1.58,5.6624472
9/9/12 11:00,11327.6211,171.2,17.673,101.451,-0.3,1.94,-0.1279,34.75,-5.32,250.6505,8.9927,1.94,5.609594
9/9/12 11:30,11328.0961,169.8,19.255,91.2663,-0.37,2.05,-0.1285,40.03,-7.09,109.873,5.2251,1.84,6.81437
9/9/12 12:00,11328.5461,190.9,20.066,91.2339,0.35,1.82,-0.1273,37.2,7.03,0.0,0.0,1.64,6.372965
9/9/12 12:30,11328.9961,167.2,22.264,91.2078,-0.61,2.67,-0.1352,61.05,-13.53,-108.0897,-7.9683,2.41,6.712818
9/9/12 13:00,11329.4461,186.0,24.253,91.1799,0.26,2.5,-0.1417,61.0,6.38,-218.7756,-15.787,2.25,6.013494
9/9/12 13:30,11329.8961,166.4,25.119,91.1511,-0.66,2.71,-0.149,70.01,-16.46,-297.3917,-26.7904,2.44,9.495689
9/9/12 14:00,11330.3461,180.9,26.517,91.1178,0.04,2.53,-0.1602,67.14,1.05,-375.291,-33.5705,2.28,7.421951
9/9/12 14:30,11330.7961,183.8,26.509,91.1025,0.16,2.43,-0.168,64.6,4.28,-402.0467,-39.3275,2.19,8.650384
9/9/12 15:00,11331.2461,172.6,25.896,91.0926,-0.31,2.36,-0.1712,61.53,-7.92,-382.2336,-43.5075,2.12,5.938484
9/9/12 15:30,11331.6961,183.9,20.885,91.0899,0.15,2.18,-0.1476,45.57,3.1,-212.8765,-36.154,1.96,8.904264
9/9/12 16:00,11332.1461,148.2,16.278,91.0908,-1.65,2.67,-0.1234,51.08,-26.92,-227.5361,-44.2369,2.4,12.508206
9/9/12 16:30,11332.5961,154.5,14.842,91.0953,-1.47,3.09,-0.1163,50.83,-21.88,-213.6592,-46.9644,2.78,9.783035
9/9/12 17:00,11333.0461,157.5,12.561,91.0962,-1.37,3.31,-0.0925,45.06,-17.24,-116.6703,-43.5211,2.98,6.627999
9/9/12 17:30,11333.4961,142.9,10.66,91.1097,-1.96,2.59,-0.0669,34.67,-20.91,-29.3289,-34.3697,2.33,7.506193
9/9/12 18:00,11333.9461,143.3,9.936,91.1169,-1.87,2.51,-0.0544,31.09,-18.58,-8.311,-31.0897,2.26,7.621016
9/9/12 18:30,11334.3961,143.2,8.861,91.1367,-1.69,2.26,-0.0465,25.0,-14.97,0.0,-24.783,2.03,7.20096
9/9/12 19:00,11334.8711,139.7,8.021,101.294,-1.7,2.01,-0.0376,21.14,-13.67,0.0,-20.4152,2.01,6.763594
9/9/12 19:30,11335.3711,139.9,7.676,101.318,-1.58,1.88,-0.0342,18.88,-12.16,0.0,-17.4385,1.88,5.2186765
9/9/12 20:00,11335.8711,136.1,6.619,101.34,-1.65,1.71,-0.0246,15.71,-10.9,0.0,-13.6083,1.71,4.4407074
9/9/12 20:30,11336.3711,144.1,6.005,101.359,-1.12,1.55,-0.0178,11.51,-6.75,0.0,-9.128,1.55,5.2257159
9/9/12 21:00,11336.8711,142.2,5.543,101.344,-1.15,1.48,-0.0125,10.41,-6.38,0.0,-7.3608,1.48,3.9301201
9/9/12 21:30,11337.3711,133.9,4.617,101.325,-0.84,0.81,-0.0006,5.38,-3.88,0.0,-3.2772,0.81,2.4903897
9/9/12 22:00,11337.8711,101.1,3.861,101.317,-0.36,0.07,0.0097,1.43,-1.41,0.0,-0.7162,0.07,2.4471147
9/9/12 22:30,11338.3711,117.2,3.115,101.305,-1.17,0.6,0.0139,4.11,-3.65,0.0,-1.5711,0.6,2.1596533
9/9/12 23:00,11338.8711,110.5,3.005,101.296,-1.23,0.46,0.0092,3.95,-3.7,0.0,-1.0212,0.46,2.1596533
9/9/12 23:30,11339.3711,112.4,2.569,101.281,-1.34,0.55,0.0125,3.72,-3.44,0.0,-0.4859,0.55,2.0720647
9/10/12 0:00,11339.8711,118.0,2.35,101.267,-1.19,0.63,0.0131,3.16,-2.79,0.0,0.0,0.63,2.0690066
9/10/12 0:30,11340.3711,120.5,2.125,101.252,-1.0,0.59,0.0151,2.47,-2.13,0.0,0.3229,0.59,2.0148263
9/10/12 1:00,11340.8711,105.5,2.074,101.233,-0.95,0.26,0.0154,2.04,-1.96,0.0,0.5277,0.26,2.2378945
9/10/12 1:30,11341.3711,115.1,1.902,101.219,-0.93,0.43,0.0167,1.95,-1.77,0.0,0.7461,0.43,2.2953637
9/10/12 2:00,11341.8711,119.3,1.852,101.191,-1.32,0.74,0.0148,2.81,-2.45,0.0,1.4038,0.74,2.2953637
9/10/12 2:30,11342.3961,108.3,1.88,111.2881,-1.37,0.45,0.0128,2.71,-2.57,0.0,1.648,0.5,2.2953637
9/10/12 3:00,11342.9461,108.2,1.83,111.2661,-1.28,0.42,0.016,2.47,-2.34,0.0,1.7443,0.46,2.063352
9/10/12 3:30,11343.4961,97.6,1.68,111.2738,-1.08,0.14,0.0227,1.83,-1.81,0.0,1.4488,0.16,2.3631612
9/10/12 4:00,11344.0461,103.1,1.541,111.2727,-1.22,0.28,0.0255,1.92,-1.87,0.0,1.6655,0.31,2.1876955
9/10/12 4:30,11344.5961,102.5,1.435,111.2826,-0.99,0.22,0.0268,1.46,-1.42,0.0,1.3483,0.24,2.2752841
9/10/12 5:00,11345.1461,68.2,1.457,111.287,-0.36,-0.15,0.0256,0.57,-0.53,0.0,0.5503,-0.16,2.1213405
9/10/12 5:30,11345.6711,52.2,1.373,101.178,-0.42,-0.33,0.0244,0.73,-0.58,3.482,0.7269,-0.33,1.9643965
9/10/12 6:00,11346.1711,74.9,1.377,101.202,-0.64,-0.17,0.0208,0.91,-0.88,38.055,0.9074,-0.17,0.5123183
9/10/12 6:30,11346.6711,100.0,1.465,101.2,-0.58,0.1,0.0045,0.86,-0.85,113.6136,0.8541,0.1,1.6908408
9/10/12 7:00,11347.1711,131.5,2.068,101.199,-0.63,0.56,-0.0186,1.73,-1.3,137.9487,1.6739,0.56,2.4368441
9/10/12 7:30,11347.6711,144.3,3.789,101.181,-0.87,1.21,-0.0606,5.65,-3.3,324.8647,5.2194,1.21,2.4146873
