slot,fold,DAY,n_records,y_mean,pred_refit,pred_nofit,resid_refit,resid_nofit
simple_ruleA,2,2012-04-16,17,0.2202384731764706,0.0,0.0,0.2202384731764706,0.2202384731764706
simple_ruleA,5,2012-04-17,44,0.08553189661363636,0.0,0.0,0.08553189661363636,0.08553189661363636
simple_ruleA,4,2012-04-18,46,0.10277196365217392,0.0,0.0,0.10277196365217392,0.10277196365217392
simple_ruleA,4,2012-04-19,48,0.13160591110416667,0.0,0.0,0.13160591110416667,0.13160591110416667
simple_ruleA,2,2012-04-20,47,0.19268152623404253,0.0,0.0,0.19268152623404253,0.19268152623404253
simple_ruleA,3,2012-04-21,48,0.31302222352083336,0.0,0.0,0.31302222352083336,0.31302222352083336
simple_ruleA,4,2012-04-22,47,0.22889915329787233,0.0,0.0,0.22889915329787233,0.22889915329787233
simple_ruleA,3,2012-04-23,48,0.09675257410416667,0.0,0.0,0.09675257410416667,0.09675257410416667
simple_ruleA,4,2012-04-24,48,-0.12169867535416667,0.0,0.0,-0.12169867535416667,-0.12169867535416667
simple_ruleA,1,2012-04-25,48,0.12789548795833333,0.0014133947721447586,0.0014132877572916667,0.12648209318618858,0.12648220020104167
simple_ruleA,2,2012-04-26,48,0.031396444041666666,0.025746152930089767,0.0264708041171875,0.0056502911115769,0.004925639924479167
simple_ruleA,2,2012-04-27,33,-0.0011584061818181795,0.06779302374801756,0.06970112610681818,-0.06895142992983574,-0.07085953228863637
simple_ruleA,1,2012-04-28,17,0.1495946152352941,0.11310197700622011,0.11309341351660471,0.03649263822907402,0.03650120171868942
simple_ruleA,4,2012-04-29,48,0.0563516495625,0.15373695213047103,0.15368653667124624,-0.09738530256797105,-0.09733488710874626
simple_ruleA,5,2012-04-30,48,0.067841465,0.22537976343085467,0.21570379519088168,-0.15753829843085468,-0.14786233019088166
simple_ruleA,3,2012-05-01,35,-0.011450152857142857,0.28509208800290464,0.27539662181934,-0.2965422408600475,-0.28684677467648284
simple_ruleA,2,2012-05-02,23,0.03662533839130435,0.30298390092280975,0.3115116854066274,-0.2663585625315054,-0.27488634701532305
simple_ruleA,4,2012-05-03,48,0.09201962160416667,0.3500215970696366,0.34990681334776413,-0.25800197546546993,-0.2578871917435975
simple_ruleA,1,2012-05-04,40,0.085187383475,0.37600175001213204,0.3759732811279725,-0.290814366537132,-0.2907858976529725
simple_ruleA,1,2012-05-05,48,0.0777986770625,0.38656404158610896,0.3865347729805246,-0.308765364523609,-0.3087360959180246
simple_ruleA,5,2012-05-06,46,0.009543028086956524,0.4580227707369851,0.4383590098235296,-0.4484797426500286,-0.42881598173657304
simple_ruleA,5,2012-05-07,48,0.021618651333333332,0.5435587015146844,0.5202227255940662,-0.521940050181351,-0.49860407426073294
simple_ruleA,1,2012-05-08,48,0.19335431079166668,0.5859218625449645,0.5858774996088059,-0.3925675517532978,-0.39252318881713916
simple_ruleA,2,2012-05-09,42,0.1434148763095238,0.6269182506958446,0.6445634909697434,-0.48350337438632074,-0.5011486146602195
simple_ruleA,2,2012-05-10,40,0.319251258275,0.6957626077885618,0.7153455412482226,-0.3765113495135618,-0.39609428297322247
simple_ruleA,2,2012-05-11,48,0.17239545895833333,0.7558201313091754,0.777093443748233,-0.5834246723508419,-0.6046979847898996
simple_ruleA,1,2012-05-12,48,0.17601843233333334,0.8212165682812428,0.8211543900617224,-0.6451981359479094,-0.6451359577283892
simple_ruleA,2,2012-05-13,48,0.17704623283333332,0.842018839382566,0.86571830054766,-0.6649726065492327,-0.6886720677143267
simple_ruleA,2,2012-05-14,48,0.27600001625,0.9169943565084447,0.9428040784816704,-0.6409943402584447,-0.6668040622316704
simple_ruleA,1,2012-05-15,47,0.35306912361702125,1.0250061754681574,1.02492856736641,-0.6719370518511363,-0.6718594437493888
simple_ruleA,1,2012-05-16,48,0.4190129162291667,1.1087543506742226,1.1086704015990663,-0.689741434445056,-0.6896574853698995
simple_ruleA,1,2012-05-17,48,0.5381429567708333,1.1777359517287411,1.1776467797278682,-0.6395929949579079,-0.639503822957035
simple_ruleA,5,2012-05-18,39,0.4551124043333334,1.302593418014882,1.2466706840903843,-0.8474810136815486,-0.791558279757051
simple_ruleA,3,2012-05-19,48,0.4896868033125,1.344550993265712,1.2988252462672434,-0.8548641899532119,-0.8091384429547434
simple_ruleA,3,2012-05-20,48,0.47750789,1.402121352400547,1.3544377416322433,-0.9246134624005468,-0.8769298516322434
simple_ruleA,3,2012-05-21,48,0.8335178516666667,1.456374437090778,1.4068457770555767,-0.6228565854241116,-0.57332792538891
simple_ruleA,1,2012-05-22,32,0.702621915625,1.4447464425345624,1.4446370538971132,-0.7421245269095624,-0.7420151382721131
simple_ruleA,5,2012-05-23,46,0.6635871663260869,1.5794004645463784,1.5115938944243992,-0.9158132982202914,-0.8480067280983122
simple_ruleA,4,2012-05-24,48,0.6281435369791667,1.5703906829925904,1.569875699663285,-0.9422471460134237,-0.9417321626841183
simple_ruleA,3,2012-05-25,38,0.8183735249999999,1.6741190798328711,1.61718531839641,-0.8557455548328711,-0.7988117933964101
simple_ruleA,2,2012-05-26,48,0.6980216629166667,1.6356964697385328,1.681734780461931,-0.9376748068218661,-0.9837131175452641
simple_ruleA,5,2012-05-27,48,0.8635254579166666,1.8176133029212125,1.739579817022139,-0.9540878450045458,-0.8760543591054725
simple_ruleA,2,2012-05-28,45,1.0706195379333332,1.7352317462863194,1.784071576774799,-0.6646122083529862,-0.7134520388414656
simple_ruleA,3,2012-05-29,47,1.2441222806595744,1.8864980211730387,1.8223416361334845,-0.6423757405134642,-0.57821935547391
simple_ruleA,3,2012-05-30,39,1.3168110543589744,1.9561109992711574,1.8895872027758331,-0.6392999449121831,-0.5727761484168588
simple_ruleA,2,2012-05-31,48,1.122336043125,1.9027382877228813,1.95629275711016,-0.7804022445978812,-0.83395671398516
simple_ruleA,4,2012-06-01,47,1.408223744680851,2.023547042739327,2.0228834543696546,-0.6153232980584762,-0.6146597096888036
simple_ruleA,3,2012-06-02,48,1.5114160385416666,2.179164334323142,2.1050548974044827,-0.6677482957814758,-0.5936388588628162
simple_ruleA,5,2012-06-03,48,1.7375850125,2.2839119828167074,2.1858594359854204,-0.5463269703167073,-0.4482744234854204
simple_ruleA,3,2012-06-04,48,1.8668908327083333,2.3401346855595,2.260550938189431,-0.4732438528511671,-0.39366010548109753
simple_ruleA,4,2012-06-05,48,2.0323514729166665,2.3280374323739923,2.327273991479535,-0.29568595945732584,-0.2949225185628683
simple_ruleA,1,2012-06-06,48,1.9727137145833333,2.3926817837774808,2.3925006224383893,-0.4199680691941475,-0.41978690785505585
simple_ruleA,5,2012-06-07,48,2.1687674958333334,2.5656981392930827,2.455547993906254,-0.3969306434597491,-0.28678049807292044
simple_ruleA,3,2012-06-08,48,2.3881609270833333,2.5989669800398048,2.510580814560108,-0.21080605295647156,-0.12241988747677461
simple_ruleA,4,2012-06-09,38,2.1885792210526316,2.559353020791174,2.558513723822726,-0.3707737997385424,-0.3699345027700942
simple_ruleA,1,2012-06-10,48,2.3298899375,2.644871469910418,2.6446712140884934,-0.3149815324104179,-0.31478127658849336
simple_ruleA,2,2012-06-11,45,2.215788988888889,2.654285141298636,2.72899264745541,-0.4384961524097471,-0.5132036585665211
simple_ruleA,5,2012-06-12,47,2.466926670212766,2.9396376860455145,2.8134336273748675,-0.4727110158327486,-0.34650695716210145
simple_ruleA,5,2012-06-13,48,2.355464260416667,3.0291820373402416,2.899133674788858,-0.673717776923575,-0.5436694143721913
simple_ruleA,5,2012-06-14,48,2.396814725,3.1159096158079276,2.9821378786198474,-0.7190948908079279,-0.5853231536198474
simple_ruleA,2,2012-06-15,48,2.2765174375,2.9480001207344197,3.0309745283228158,-0.6714826832344198,-0.7544570908228162
simple_ruleA,4,2012-06-16,48,2.12172636875,3.0523483779811085,3.05134741144016,-0.9306220092311084,-0.9296210426901599
simple_ruleA,3,2012-06-17,48,2.4683254604166667,3.1842996646020585,3.076007393382764,-0.7159742041853918,-0.6076819329660975
simple_ruleA,4,2012-06-18,48,2.57933425,3.0970323715897012,3.0960167516812533,-0.5176981215897013,-0.5166825016812536
simple_ruleA,1,2012-06-19,48,2.7591370666666664,3.1030385018227684,3.1028035559916702,-0.34390143515610183,-0.3436664893250037
simple_ruleA,2,2012-06-20,48,4.0653092766666665,3.0491749671867168,3.1349970418726074,1.01613430947995,0.9303122347940588
simple_ruleA,1,2012-06-21,48,2.852546154166667,3.1519015242436246,3.151662878760264,-0.29935537007695767,-0.29911672459359745
simple_ruleA,1,2012-06-22,35,2.690932479428571,3.173087048568767,3.17284679902841,-0.48215456914019544,-0.4819143195998386
simple_ruleA,3,2012-06-23,46,3.013371210869565,3.3066475289792088,3.1941944282188013,-0.2932763181096432,-0.18082321734923607
simple_ruleA,1,2012-06-24,48,3.617370472916667,3.206299838971326,3.206057074732348,0.41107063394534027,0.41131339818431906
simple_ruleA,4,2012-06-25,48,3.588744060416667,3.2081634357640354,3.20711137228391,0.38058062465263126,0.38163268813275647
simple_ruleA,5,2012-06-26,48,3.3450276750000003,3.3509748947259443,3.20711137228391,-0.005947219725944368,0.1379163027160898
simple_ruleA,4,2012-06-27,48,2.8715724887499996,3.2081634357640354,3.20711137228391,-0.3365909470140354,-0.3355388835339102
simple_ruleA,2,2012-06-28,48,2.6015098025000003,3.1193151325931345,3.20711137228391,-0.5178053300931341,-0.6056015697839102
simple_ruleA,5,2012-06-29,48,3.3835941145833335,3.351279707685254,3.2074030990616187,0.03231440689807988,0.17619101552171487
simple_ruleA,5,2012-06-30,48,2.9133323829166664,3.377201049125157,3.2322115895840664,-0.4638686662084904,-0.3188792066673995
simple_ruleA,1,2012-07-01,48,2.5759667938541666,3.280173524337453,3.2799251667697433,-0.7042067304832861,-0.7039583729155766
simple_ruleA,3,2012-07-02,42,2.9145822404761907,3.4463640104217097,3.3291594048734927,-0.5317817699455194,-0.41457716439730274
simple_ruleA,3,2012-07-03,48,2.5154627541666668,3.5004343544206704,3.3813909142858893,-0.9849716002540035,-0.8659281601192225
simple_ruleA,4,2012-07-04,48,2.6683533291666666,3.430692438035058,3.429567399894743,-0.7623391088683918,-0.7612140707280766
simple_ruleA,3,2012-07-05,48,3.0286032791666666,3.585964486392013,3.4640123211922433,-0.5573612072253463,-0.4354090420255767
simple_ruleA,1,2012-07-06,46,2.6821343260869566,3.5072792816882328,3.5070137288614642,-0.825144955601276,-0.8248794027745078
simple_ruleA,1,2012-07-07,44,3.637924677272727,3.574702594915827,3.574431937148739,0.0632220823568999,0.06349274012398783
simple_ruleA,4,2012-07-08,46,2.952379802173913,3.6822620826769765,3.6810545464840727,-0.7298822805030636,-0.7286747443101599
simple_ruleA,3,2012-07-09,48,2.5226163520833333,3.915993783639619,3.7828179190609412,-1.3933774315562857,-1.2602015669776079
simple_ruleA,2,2012-07-10,48,3.164615041458333,3.7718755443386667,3.8780387485351078,-0.6072605028803335,-0.7134237070767745
simple_ruleA,3,2012-07-11,48,3.165003675,4.112032576486935,3.9721897871962017,-0.9470289014869344,-0.8071861121962015
simple_ruleA,5,2012-07-12,48,2.8945481479166664,4.238471781602364,4.056506383642452,-1.3439236336856968,-1.161958235725785
simple_ruleA,5,2012-07-13,48,2.438382886875,4.329808274155562,4.143921632390785,-1.8914253872805624,-1.7055387455157849
simple_ruleA,4,2012-07-14,48,2.6562699875,4.244259858384722,4.242868024431567,-1.5879898708847218,-1.586598036931566
simple_ruleA,5,2012-07-15,48,3.2690944749999997,4.526565829060504,4.332232023170368,-1.2574713540605045,-1.0631375481703684
simple_ruleA,5,2012-07-16,48,3.3365409666666666,4.591851868985077,4.394715213188598,-1.25531090231841,-1.0581742465219308
simple_ruleA,5,2012-07-17,47,3.506454780851064,4.644596927260022,4.4451958289913565,-1.1381421464089572,-0.9387410481402929
simple_ruleA,2,2012-07-18,48,4.31823554375,4.3670593403252225,4.489974586874326,-0.04882379657522299,-0.17173904312432656
simple_ruleA,3,2012-07-19,48,4.235942120833333,4.696130280457017,4.536423384882556,-0.4601881596236834,-0.3004812640492224
simple_ruleA,4,2012-07-20,48,4.197089585416667,4.582228086435008,4.580725421460524,-0.38513850101834207,-0.38363583604385787
simple_ruleA,1,2012-07-21,48,3.581241858333333,4.627283104972947,4.626932751319847,-1.0460412466396143,-1.0456908929865139
simple_ruleA,3,2012-07-22,48,3.47300988125,4.845563714485799,4.680774858143962,-1.3725538332357987,-1.207764976893962
simple_ruleA,3,2012-07-23,48,3.6027254916666664,4.911821577260463,4.744779410865629,-1.3090960855937963,-1.142053919198962
simple_ruleA,5,2012-07-24,48,3.5953668183333334,5.0297129211846086,4.813778084175628,-1.4343461028512756,-1.2184112658422954
simple_ruleA,4,2012-07-25,48,4.1132118166666665,4.880007218625603,4.878406901970837,-0.7667954019589364,-0.7651950853041702
simple_ruleA,3,2012-07-26,47,4.945090108510638,5.104143434672908,4.93056074981625,-0.1590533261622695,0.014529358694388041
simple_ruleA,5,2012-07-27,46,4.631375795652175,5.1929090002279095,4.969967855049671,-0.5615332045757353,-0.3385920593974968
simple_ruleA,5,2012-07-28,48,5.015409016666667,5.225070784456454,5.000748874661202,-0.20966176778978718,0.014660142005465004
simple_ruleA,1,2012-07-29,48,5.191188340208334,5.058779679865359,5.058396655550472,0.13240866034297408,0.13279168465786098
simple_ruleA,1,2012-07-30,48,5.172252041666667,5.147821660945276,5.147431894837712,0.02443038072139092,0.024820146828954653
simple_ruleA,5,2012-07-31,48,6.134338235416667,5.476852606212852,5.241721239199118,0.6574856292038141,0.8926169962175484
simple_ruleA,5,2012-08-01,48,6.280896235416667,5.571752093772276,5.332546517017452,0.7091441416443899,0.948349718399215
simple_ruleA,2,2012-08-02,48,6.6504443,5.268529001107125,5.416817011563597,1.3819152988928753,1.2336272884364023
simple_ruleA,4,2012-08-03,48,7.160892158333333,5.502145142851543,5.500340806481827,1.65874701548179,1.6605513518515067
simple_ruleA,3,2012-08-04,48,6.567858770833333,5.7833086926602,5.58662882598417,0.7845500781731326,0.9812299448491631
simple_ruleA,3,2012-08-05,48,6.946719375,5.884296619404952,5.684182336026723,1.0624227555950478,1.2625370389732775
simple_ruleA,4,2012-08-06,48,5.922653764583334,5.804251715074886,5.802348307913388,0.1184020495084474,0.12030545666994423
simple_ruleA,4,2012-08-07,48,7.153456070833333,5.936040181669699,5.934093556687295,1.2174158891636344,1.219362514146038
simple_ruleA,3,2012-08-08,48,7.373567145833333,6.26627607744475,6.053171363696514,1.107291068388584,1.320395782136819
simple_ruleA,2,2012-08-09,47,7.0186513255319145,5.991161028203162,6.1597882387604,1.0274902973287532,0.8588630867715156
simple_ruleA,5,2012-08-10,48,6.428932797916667,6.547138954650328,6.266058223960315,-0.11820615673366124,0.16287457395635063
simple_ruleA,2,2012-08-11,48,6.577051102083334,6.198454684705676,6.372916382250941,0.3785964173776574,0.20413471983239226
simple_ruleA,1,2012-08-12,48,6.641491183333333,6.477101682234509,6.476611270002452,0.16438950109882405,0.1648799133308817
simple_ruleA,2,2012-08-13,48,7.441026860416667,6.3933808116305135,6.573328899692296,1.0476460487861539,0.8676979607243713
simple_ruleA,3,2012-08-14,44,5.585122643181818,6.898444388321557,6.663840773908058,-1.313321745139739,-1.0787181307262395
simple_ruleA,5,2012-08-15,48,6.8359822562499994,7.060860924351087,6.75772516357615,-0.22487866810108692,0.07825709267385055
simple_ruleA,4,2012-08-16,48,7.5789022125,6.8509966340025725,6.848749964371983,0.7279055784974284,0.7301522481280172
simple_ruleA,4,2012-08-17,48,7.50730011875,6.937741999019617,6.935466882699067,0.569558119730383,0.5718332360509337
simple_ruleA,1,2012-08-18,48,6.590918335416667,7.027927700939128,7.027395583044483,-0.437009365522462,-0.4364772476278162
simple_ruleA,1,2012-08-19,48,8.61395005625,7.126606464556396,7.126066875222347,1.4873435916936044,1.4878831810276525
simple_ruleA,3,2012-08-20,48,7.9814005833333335,7.479241781182264,7.224886298095629,0.5021588021510691,0.7565142852377046
simple_ruleA,2,2012-08-21,48,8.186272847916667,7.120044568897312,7.320445334132035,1.0662282790193547,0.8658275137846317
simple_ruleA,4,2012-08-22,48,7.327301362499999,7.4178221027575155,7.415389552205576,-0.09052074025751546,-0.08808818970557637
simple_ruleA,5,2012-08-23,48,8.517630725,7.848724641583682,7.511764440720056,0.668906083416319,1.0058662842799444
simple_ruleA,5,2012-08-24,48,8.681626145833333,7.951482538895864,7.6101107522906295,0.7301436069374687,1.0715153935427046
simple_ruleA,1,2012-08-25,48,9.249283554166666,7.719429959471829,7.718845484646149,1.5298535946948366,1.5304380695205173
simple_ruleA,4,2012-08-26,48,9.87117175,7.842438547668976,7.839866751263858,2.028733202331024,2.0313049987361422
simple_ruleA,4,2012-08-27,48,10.066777154166667,7.944191601730412,7.941586437115004,2.1225855524362545,2.125190717051663
simple_ruleA,2,2012-08-28,48,9.852360588333333,7.775635712649433,7.994488745368962,2.0767248756839005,1.8578718429643717
simple_ruleA,1,2012-08-29,48,21.97209148125,8.015135576413035,8.014528712306046,13.956955904836965,13.957562768943957
simple_ruleA,2,2012-08-30,48,28.967427914583336,7.812518317168127,8.032409447626774,21.15490959741521,20.93501846695656
simple_ruleA,4,2012-08-31,48,13.058101424999998,8.052484956931488,8.049844279323546,5.005616468068511,5.008257145676454
simple_ruleA,5,2012-09-01,46,6.837848882608696,8.42882411369791,8.06695917434864,-1.590975231089215,-1.2291102917399426
simple_ruleA,1,2012-09-02,39,2.226128878205128,8.08943673956864,8.088824249766539,-5.863307861363511,-5.86269537156141
simple_ruleA,2,2012-09-03,44,2.9446648161363638,7.889333002734579,8.11138615923391,-4.944668186598215,-5.166721343097546
simple_ruleA,2,2012-09-04,37,2.855260219216216,7.903764556611262,8.126223903607356,-5.048504337395046,-5.270963684391139
simple_ruleA,5,2012-09-05,31,2.949354112903226,8.51516628459895,8.149594516869474,-5.565812171695723,-5.200240403966249
simple_ruleA,3,2012-09-06,38,2.514661660526316,8.450413426008046,8.163030152122989,-5.93575176548173,-5.648368491596673
simple_ruleA,1,2012-09-07,42,1.6679321140476189,8.185394525140117,8.184774769916826,-6.517462411092497,-6.516842655869207
simple_ruleA,4,2012-09-08,48,3.0139437527083337,8.204140788414596,8.201450377816098,-5.190197035706264,-5.187506625107765
simple_ruleA,2,2012-09-09,48,4.418429550208333,7.993874512439405,8.218870094135786,-3.5754449622310713,-3.800440543927452
simple_ruleA,5,2012-09-10,16,2.077358675,8.59953186831104,8.23033813072891,-6.522173193311039,-6.15297945572891
knee_ruleA,2,2012-04-16,17,0.2202384731764706,1.0,1.0,-0.7797615268235294,-0.7797615268235294
knee_ruleA,5,2012-04-17,44,0.08553189661363636,1.0,1.0,-0.9144681033863636,-0.9144681033863636
knee_ruleA,4,2012-04-18,46,0.10277196365217392,1.0,1.0,-0.8972280363478261,-0.8972280363478261
knee_ruleA,4,2012-04-19,48,0.13160591110416667,1.0,1.0,-0.8683940888958332,-0.8683940888958332
knee_ruleA,2,2012-04-20,47,0.19268152623404253,1.0,1.0,-0.8073184737659574,-0.8073184737659574
knee_ruleA,3,2012-04-21,48,0.31302222352083336,1.0,1.0,-0.6869777764791666,-0.6869777764791666
knee_ruleA,4,2012-04-22,47,0.22889915329787233,1.0,1.0,-0.7711008467021276,-0.7711008467021276
knee_ruleA,3,2012-04-23,48,0.09675257410416667,1.0,1.0,-0.9032474258958333,-0.9032474258958333
knee_ruleA,4,2012-04-24,48,-0.12169867535416667,1.0,1.0,-1.1216986753541667,-1.1216986753541667
knee_ruleA,1,2012-04-25,48,0.12789548795833333,1.0000841307954074,1.0001196695317467,-0.8721886428370741,-0.8722241815734133
knee_ruleA,2,2012-04-26,48,0.031396444041666666,1.0030386401715499,1.002703408659262,-0.9716421961298832,-0.9713069646175955
knee_ruleA,2,2012-04-27,33,-0.0011584061818181795,1.0077022657914243,1.006803564726828,-1.0088606719732423,-1.0079619709086463
knee_ruleA,1,2012-04-28,17,0.1495946152352941,1.0056092601360505,1.0082323688625012,-0.8560146449007563,-0.8586377536272072
knee_ruleA,4,2012-04-29,48,0.0563516495625,1.0144865849681264,1.018836845674646,-0.9581349354056264,-0.9624851961121458
knee_ruleA,5,2012-04-30,48,0.067841465,1.022164668276874,1.0293962356106936,-0.954323203276874,-0.9615547706106935
knee_ruleA,3,2012-05-01,35,-0.011450152857142857,1.029700685778026,1.0371957947564072,-1.0411508386351689,-1.0486459476135501
knee_ruleA,2,2012-05-02,23,0.03662533839130435,1.040239430565558,1.0361670065464372,-1.0036140921742536,-0.9995416681551328
knee_ruleA,4,2012-05-03,48,0.09201962160416667,1.031034690778491,1.043257935982677,-0.9390150691743244,-0.9512383143785104
knee_ruleA,1,2012-05-04,40,0.085187383475,1.0343659537496983,1.045152531752887,-0.9491785702746982,-0.9599651482778869
knee_ruleA,1,2012-05-05,48,0.0777986770625,1.0462275415088054,1.0567726375811637,-0.9684288644463054,-0.9789739605186637
knee_ruleA,5,2012-05-06,46,0.009543028086956524,1.0381775279538892,1.052287783622156,-1.0286344998669326,-1.0427447555351994
knee_ruleA,5,2012-05-07,48,0.021618651333333332,1.0357946416584527,1.0518732299513782,-1.0141759903251193,-1.0302545786180448
knee_ruleA,1,2012-05-08,48,0.19335431079166668,1.0616018914990286,1.0779515381533449,-0.868247580707362,-0.8845972273616783
knee_ruleA,2,2012-05-09,42,0.1434148763095238,1.091973320518336,1.083404209847742,-0.9485584442088123,-0.9399893335382185
knee_ruleA,2,2012-05-10,40,0.319251258275,1.0711024166586276,1.061595287256323,-0.7518511583836275,-0.742344028981323
knee_ruleA,2,2012-05-11,48,0.17239545895833333,1.0771153695489468,1.0669876373058669,-0.9047199105906135,-0.8945921783475336
knee_ruleA,1,2012-05-12,48,0.17601843233333334,1.0438513102319258,1.0637940028635036,-0.8678328778985923,-0.8877755705301702
knee_ruleA,2,2012-05-13,48,0.17704623283333332,1.0777827615224282,1.0672859720682584,-0.9007365286890949,-0.890239739234925
knee_ruleA,2,2012-05-14,48,0.27600001625,1.128658831325355,1.1166875383213368,-0.852658815075355,-0.8406875220713368
knee_ruleA,1,2012-05-15,47,0.35306912361702125,1.089479597235339,1.1204725160902147,-0.7364104736183179,-0.7674033924731936
knee_ruleA,1,2012-05-16,48,0.4190129162291667,1.1442712872894436,1.1783524545163233,-0.725258371060277,-0.7593395382871565
knee_ruleA,1,2012-05-17,48,0.5381429567708333,1.1548778823557277,1.1915701768468392,-0.6167349255848945,-0.6534272200760058
knee_ruleA,5,2012-05-18,39,0.4551124043333334,1.0971262699805142,1.1423746970355706,-0.6420138656471808,-0.6872622927022372
knee_ruleA,3,2012-05-19,48,0.4896868033125,1.1279656275878787,1.162961297293571,-0.6382788242753786,-0.6732744939810709
knee_ruleA,3,2012-05-20,48,0.47750789,1.1660577554452722,1.2066604450095877,-0.6885498654452721,-0.7291525550095878
knee_ruleA,3,2012-05-21,48,0.8335178516666667,1.1356592578159843,1.1786593526020186,-0.3021414061493176,-0.34514150093535195
knee_ruleA,1,2012-05-22,32,0.702621915625,1.069545139181964,1.1058188912200442,-0.36692322355696394,-0.4031969755950441
knee_ruleA,5,2012-05-23,46,0.6635871663260869,1.1079420998357974,1.1613464530158362,-0.44435493350971045,-0.49775928668974917
knee_ruleA,4,2012-05-24,48,0.6281435369791667,1.2021850271361287,1.2597921692878302,-0.5740414901569619,-0.6316486323086636
knee_ruleA,3,2012-05-25,38,0.8183735249999999,1.203597336067889,1.25679752474814,-0.385223811067889,-0.43842399974814006
knee_ruleA,2,2012-05-26,48,0.6980216629166667,1.2698016216554604,1.245344587407514,-0.5717799587387936,-0.5473229244908473
knee_ruleA,5,2012-05-27,48,0.8635254579166666,1.2297509726271019,1.2957541774602355,-0.3662255147104352,-0.43222871954356884
knee_ruleA,2,2012-05-28,45,1.0706195379333332,1.299978459342738,1.2741235886950661,-0.22935892140940445,-0.20350405076173286
knee_ruleA,3,2012-05-29,47,1.2441222806595744,1.2223604175681018,1.27832071428119,0.021761863091472617,-0.03419843362161573
knee_ruleA,3,2012-05-30,39,1.3168110543589744,1.198479075715419,1.2598787703083134,0.11833197864355541,0.05693228405066078
knee_ruleA,2,2012-05-31,48,1.122336043125,1.3054905193848312,1.275315732154213,-0.18315447625983106,-0.15297968902921294
knee_ruleA,4,2012-06-01,47,1.408223744680851,1.2347278534130257,1.3189335524359858,0.17349589126782544,0.08929019224486524
knee_ruleA,3,2012-06-02,48,1.5114160385416666,1.2526247966816935,1.3211468991664206,0.25879124185997315,0.19026913937524617
knee_ruleA,5,2012-06-03,48,1.7375850125,1.2231686277834428,1.311560740518747,0.5144163847165572,0.4260242719812528
knee_ruleA,3,2012-06-04,48,1.8668908327083333,1.3385493803194575,1.4133839354719295,0.5283414523888758,0.453506897236404
knee_ruleA,4,2012-06-05,48,2.0323514729166665,1.3134298245247689,1.4182034048923116,0.7189216483918979,0.6141480680243551
knee_ruleA,1,2012-06-06,48,1.9727137145833333,1.2514980322577263,1.3370287678122565,0.7212156823256071,0.6356849467710769
knee_ruleA,5,2012-06-07,48,2.1687674958333334,1.3150185244961585,1.4169778267745086,0.8537489713371748,0.7517896690588248
knee_ruleA,3,2012-06-08,48,2.3881609270833333,1.504372515193061,1.5898189329179686,0.8837884118902725,0.7983419941653649
knee_ruleA,4,2012-06-09,38,2.1885792210526316,1.2810769651567795,1.3975414328059728,0.9075022558958521,0.7910377882466589
knee_ruleA,1,2012-06-10,48,2.3298899375,1.393133068190167,1.4948049946911643,0.9367568693098329,0.8350849428088357
knee_ruleA,2,2012-06-11,45,2.215788988888889,1.4344015238184025,1.387303129344798,0.7813874650704864,0.8284858595440909
knee_ruleA,5,2012-06-12,47,2.466926670212766,1.1787989451976935,1.2887806107819464,1.2881277250150727,1.1781460594308195
knee_ruleA,5,2012-06-13,48,2.355464260416667,1.210024640172573,1.3274878103272152,1.1454396202440937,1.0279764500894515
knee_ruleA,5,2012-06-14,48,2.396814725,1.2266196435194419,1.3483665425912852,1.1701950814805582,1.0484481824087146
knee_ruleA,2,2012-06-15,48,2.2765174375,1.4740383803420214,1.4216822820284702,0.8024790571579783,0.8548351554715299
knee_ruleA,4,2012-06-16,48,2.12172636875,1.3312120182604565,1.4749870852292943,0.7905143504895434,0.6467392835207058
knee_ruleA,3,2012-06-17,48,2.4683254604166667,1.641019399376917,1.7578202361814783,0.8273060610397497,0.7105052242351885
knee_ruleA,4,2012-06-18,48,2.57933425,1.6386079484779945,1.7847781643589924,0.9407263015220054,0.7945560856410075
knee_ruleA,1,2012-06-19,48,2.7591370666666664,1.651566537702984,1.7875192712559151,1.1075705289636828,0.9716177954107517
knee_ruleA,2,2012-06-20,48,4.0653092766666665,2.1813752702864853,2.169264786779558,1.883934006380181,1.8960444898871085
knee_ruleA,1,2012-06-21,48,2.852546154166667,1.6039920304560378,1.7376517189293823,1.2485541237106288,1.1148944352372843
knee_ruleA,1,2012-06-22,35,2.690932479428571,1.4742596016675793,1.6088863904270132,1.216672877760992,1.0820460890015582
knee_ruleA,3,2012-06-23,46,3.013371210869565,1.4965729508965202,1.6228169274570277,1.516798259973045,1.3905542834125375
knee_ruleA,1,2012-06-24,48,3.617370472916667,1.4730269413987882,1.6075303434945738,2.1443435315178783,2.0098401294220927
knee_ruleA,4,2012-06-25,48,3.588744060416667,1.2407262158108683,1.3794031615959934,2.348017844605798,2.2093408988206735
knee_ruleA,5,2012-06-26,48,3.3450276750000003,1.2638854803531536,1.3983938914857195,2.0811421946468465,1.9466337835142804
knee_ruleA,4,2012-06-27,48,2.8715724887499996,1.2994796226811558,1.4409688371246665,1.572092866068844,1.4306036516253335
knee_ruleA,2,2012-06-28,48,2.6015098025000003,1.6261704823440353,1.5708871608589605,0.9753393201559647,1.0306226416410396
knee_ruleA,5,2012-06-29,48,3.3835941145833335,1.5660351807696042,1.7226770778475622,1.8175589338137288,1.6609170367357713
knee_ruleA,5,2012-06-30,48,2.9133323829166664,1.515477641749954,1.6712631533248266,1.3978547411667126,1.2420692295918403
knee_ruleA,1,2012-07-01,48,2.5759667938541666,1.530638364176614,1.6710756214366025,1.0453284296775525,0.9048911724175642
knee_ruleA,3,2012-07-02,42,2.9145822404761907,1.65314561323253,1.7878817868475396,1.2614366272436606,1.1267004536286511
knee_ruleA,3,2012-07-03,48,2.5154627541666668,1.7717456905582647,1.9057913873692112,0.7437170636084022,0.6096713667974555
knee_ruleA,4,2012-07-04,48,2.6683533291666666,1.9987002926925124,2.1383643399763996,0.6696530364741543,0.529988989190267
knee_ruleA,3,2012-07-05,48,3.0286032791666666,2.0625001493433586,2.1844462856979763,0.9661031298233079,0.8441569934686902
knee_ruleA,1,2012-07-06,46,2.6821343260869566,2.0623474241187125,2.210965494175635,0.6197869019682439,0.47116883191132175
knee_ruleA,1,2012-07-07,44,3.637924677272727,1.7807931106238286,1.951386458100062,1.8571315666488986,1.6865382191726652
knee_ruleA,4,2012-07-08,46,2.952379802173913,1.6396093143646637,1.8410572451146623,1.3127704878092494,1.1113225570592506
knee_ruleA,3,2012-07-09,48,2.5226163520833333,1.950790999936807,2.099081317515274,0.5718253521465263,0.4235350345680596
knee_ruleA,2,2012-07-10,48,3.164615041458333,2.558806628030579,2.5343209848687978,0.6058084134277547,0.6302940565895354
knee_ruleA,3,2012-07-11,48,3.165003675,2.5069288506999468,2.6320653421006384,0.6580748243000533,0.5329383328993615
knee_ruleA,5,2012-07-12,48,2.8945481479166664,2.536007004434652,2.7120697518891075,0.35854114348201455,0.18247839602755922
knee_ruleA,5,2012-07-13,48,2.438382886875,2.739690096591451,2.8821091823206526,-0.3013072097164509,-0.4437262954456524
knee_ruleA,4,2012-07-14,48,2.6562699875,3.1805386585818938,3.2450737223199444,-0.5242686710818937,-0.5888037348199445
knee_ruleA,5,2012-07-15,48,3.2690944749999997,3.5440382575739005,3.5236174332721215,-0.2749437825739007,-0.25452295827212157
knee_ruleA,5,2012-07-16,48,3.3365409666666666,3.652479257708706,3.6250676174551475,-0.31593829104203935,-0.28852665078848044
knee_ruleA,5,2012-07-17,47,3.506454780851064,4.096179684954346,3.9064533599611315,-0.5897249041032822,-0.39999857911006803
knee_ruleA,2,2012-07-18,48,4.31823554375,3.2487044445923026,3.241344989491561,1.0695310991576974,1.0768905542584386
knee_ruleA,3,2012-07-19,48,4.235942120833333,2.7294337652686114,2.8831702344949215,1.5065083555647218,1.352771886338412
knee_ruleA,4,2012-07-20,48,4.197089585416667,1.532527417951221,1.7924421018603338,2.6645621674654456,2.404647483556333
knee_ruleA,1,2012-07-21,48,3.581241858333333,1.6147601705936667,1.8353525596780635,1.9664816877396667,1.7458892986552697
knee_ruleA,3,2012-07-22,48,3.47300988125,1.7000605504561852,1.926810443544115,1.7729493307938144,1.5461994377058852
knee_ruleA,3,2012-07-23,48,3.6027254916666664,2.463729622730448,2.69293489369951,1.1389958689362187,0.9097905979671563
knee_ruleA,5,2012-07-24,48,3.5953668183333334,2.930689955724389,3.148345067071714,0.6646768626089444,0.4470217512616195
knee_ruleA,4,2012-07-25,48,4.1132118166666665,4.000094096373467,4.002825550543607,0.11311772029319948,0.11038626612306007
knee_ruleA,3,2012-07-26,47,4.945090108510638,4.837567531576984,4.689409221810893,0.10752257693365382,0.25568088669974554
knee_ruleA,5,2012-07-27,46,4.631375795652175,5.206021247512339,4.794529777581983,-0.5746454518601654,-0.16315398192980848
knee_ruleA,5,2012-07-28,48,5.015409016666667,5.0540392560095855,4.730313137929952,-0.038630239342918656,0.28509587873671455
knee_ruleA,1,2012-07-29,48,5.191188340208334,4.556535176765788,4.638943780431263,0.6346531634425455,0.5522445597770704
knee_ruleA,1,2012-07-30,48,5.172252041666667,4.926290522975115,4.985817504861624,0.24596151869155225,0.18643453680504318
knee_ruleA,5,2012-07-31,48,6.134338235416667,4.222750145089587,4.261136514626489,1.9115880903270794,1.8732017207901777
knee_ruleA,5,2012-08-01,48,6.280896235416667,4.640237852817552,4.605573050354806,1.6406583825991146,1.6753231850618604
knee_ruleA,2,2012-08-02,48,6.6504443,5.079771315524044,5.23586171083666,1.5706729844759557,1.4145825891633408
knee_ruleA,4,2012-08-03,48,7.160892158333333,4.766997379534089,4.810715149206849,2.3938947787992437,2.350177009126485
knee_ruleA,3,2012-08-04,48,6.567858770833333,4.494766140165319,4.636343738716223,2.073092630668014,1.9315150321171097
knee_ruleA,3,2012-08-05,48,6.946719375,5.710841528271909,5.607856796498225,1.2358778467280915,1.3388625785017754
knee_ruleA,4,2012-08-06,48,5.922653764583334,4.0662177881808885,4.4068392365268645,1.8564359764024447,1.5158145280564692
knee_ruleA,4,2012-08-07,48,7.153456070833333,4.716055416819277,4.857354404523656,2.437400654014056,2.296101666309677
knee_ruleA,3,2012-08-08,48,7.373567145833333,3.118559759035891,3.514679714242481,4.255007386797443,3.8588874315908526
knee_ruleA,2,2012-08-09,47,7.0186513255319145,3.5921003494790065,3.447258809671266,3.426550976052908,3.571392515860649
knee_ruleA,5,2012-08-10,48,6.428932797916667,4.137761362540574,4.477846082595378,2.2911714353760932,1.9510867153212885
knee_ruleA,2,2012-08-11,48,6.577051102083334,5.725824947063006,5.77056640634789,0.8512261550203272,0.8064846957354428
knee_ruleA,1,2012-08-12,48,6.641491183333333,5.373415955149624,5.793597222283675,1.2680752281837098,0.8478939610496581
knee_ruleA,2,2012-08-13,48,7.441026860416667,7.126936035458269,7.395422363133197,0.3140908249583971,0.04560449728346872
knee_ruleA,3,2012-08-14,44,5.585122643181818,5.711614379755366,6.057885411994383,-0.12649173657354715,-0.472762768812565
knee_ruleA,5,2012-08-15,48,6.8359822562499994,6.172834395777719,6.376810554272822,0.6631478604722809,0.4591717019771783
knee_ruleA,4,2012-08-16,48,7.5789022125,8.161476134649133,7.823187075718132,-0.5825739221491327,-0.24428486321813278
knee_ruleA,4,2012-08-17,48,7.50730011875,8.624740767012291,8.115134974133797,-1.117440648262291,-0.607834855383797
knee_ruleA,1,2012-08-18,48,6.590918335416667,5.792462049643394,6.378553972310971,0.7984562857732733,0.2123643631056953
knee_ruleA,1,2012-08-19,48,8.61395005625,6.873293103171483,7.286086130541933,1.7406569530785168,1.3278639257080664
knee_ruleA,3,2012-08-20,48,7.9814005833333335,7.142919800427316,7.268570068976075,0.838480782906017,0.7128305143572587
knee_ruleA,2,2012-08-21,48,8.186272847916667,8.513116838564285,8.856799695405304,-0.3268439906476184,-0.6705268474886369
knee_ruleA,4,2012-08-22,48,7.327301362499999,9.76711099097932,9.235131871936577,-2.43980962847932,-1.9078305094365768
knee_ruleA,5,2012-08-23,48,8.517630725,10.933656164803752,9.898860942046733,-2.4160254398037533,-1.381230217046732
knee_ruleA,5,2012-08-24,48,8.681626145833333,9.923328637676951,9.37397516392428,-1.2417024918436177,-0.6923490180909471
knee_ruleA,1,2012-08-25,48,9.249283554166666,9.4741439577286,9.71741519433103,-0.22486040356193318,-0.46813164016436315
knee_ruleA,4,2012-08-26,48,9.87117175,10.044769628307414,9.74731740294955,-0.173597878307414,0.12385434705045018
knee_ruleA,4,2012-08-27,48,10.066777154166667,11.375683636568292,10.599540153520048,-1.3089064824016257,-0.5327629993533818
knee_ruleA,2,2012-08-28,48,9.852360588333333,9.724071526660111,10.022583194021811,0.1282890616732216,-0.17022260568847844
knee_ruleA,1,2012-08-29,48,21.97209148125,9.337003745827586,9.831595421329002,12.635087735422415,12.140496059920999
knee_ruleA,2,2012-08-30,48,28.967427914583336,11.29837923495901,11.963049741558587,17.669048679624325,17.004378173024747
knee_ruleA,4,2012-08-31,48,13.058101424999998,11.581365096058583,10.952854620922615,1.476736328941417,2.1052468040773853
knee_ruleA,5,2012-09-01,46,6.837848882608696,7.91655240176351,8.448506493356186,-1.0787035191548133,-1.6106576107474908
knee_ruleA,1,2012-09-02,39,2.226128878205128,4.8474729857614625,5.789813262396923,-2.621344107556334,-3.563684384191795
knee_ruleA,2,2012-09-03,44,2.9446648161363638,6.831714368098221,6.623034052471514,-3.887049551961858,-3.6783692363351506
knee_ruleA,2,2012-09-04,37,2.855260219216216,8.808809495065521,8.906152031318568,-5.953549275849306,-6.0508918121023525
knee_ruleA,5,2012-09-05,31,2.949354112903226,10.993684227469405,10.76559581504486,-8.044330114566177,-7.816241702141634
knee_ruleA,3,2012-09-06,38,2.514661660526316,8.035882227042471,8.374273123059968,-5.521220566516156,-5.859611462533652
knee_ruleA,1,2012-09-07,42,1.6679321140476189,6.445798896451249,7.304176008165435,-4.77786678240363,-5.636243894117816
knee_ruleA,4,2012-09-08,48,3.0139437527083337,7.63857200943178,8.16809342649153,-4.6246282567234465,-5.1541496737831975
knee_ruleA,2,2012-09-09,48,4.418429550208333,9.630882098102562,9.850080668366045,-5.212452547894228,-5.431651118157711
knee_ruleA,5,2012-09-10,16,2.077358675,4.191749088870064,5.212235280244017,-2.1143904138700638,-3.134876605244017
complex_ruleA,2,2012-04-16,17,0.2202384731764706,1.3231187174605858,1.3231187174605858,-1.1028802442841152,-1.1028802442841152
complex_ruleA,5,2012-04-17,44,0.08553189661363636,1.094179772693226,1.094179772693226,-1.0086478760795896,-1.0086478760795896
complex_ruleA,4,2012-04-18,46,0.10277196365217392,1.1775216950609362,1.1775216950609362,-1.0747497314087622,-1.0747497314087622
complex_ruleA,4,2012-04-19,48,0.13160591110416667,1.2744941596056027,1.2744941596056027,-1.1428882485014362,-1.1428882485014362
complex_ruleA,2,2012-04-20,47,0.19268152623404253,1.2924883592594547,1.2924883592594547,-1.099806833025412,-1.099806833025412
complex_ruleA,3,2012-04-21,48,0.31302222352083336,1.2909095431288962,1.2909095431288962,-0.9778873196080627,-0.9778873196080627
complex_ruleA,4,2012-04-22,47,0.22889915329787233,1.0422729234316201,1.0422729234316201,-0.8133737701337479,-0.8133737701337479
complex_ruleA,3,2012-04-23,48,0.09675257410416667,1.1092142148195328,1.1092142148195328,-1.012461640715366,-1.012461640715366
complex_ruleA,4,2012-04-24,48,-0.12169867535416667,1.0393100711539127,1.0393100711539127,-1.1610087465080794,-1.1610087465080794
complex_ruleA,1,2012-04-25,48,0.12789548795833333,1.2483617022547404,1.2350110869991708,-1.120466214296407,-1.1071155990408375
complex_ruleA,2,2012-04-26,48,0.031396444041666666,1.141930046458804,1.141930046458804,-1.1105336024171373,-1.1105336024171373
complex_ruleA,2,2012-04-27,33,-0.0011584061818181795,1.2843064882199675,1.2843064882199675,-1.2854648944017857,-1.2854648944017857
complex_ruleA,1,2012-04-28,17,0.1495946152352941,1.3195120067671193,1.3054734213013603,-1.169917391531825,-1.1558788060660663
complex_ruleA,4,2012-04-29,48,0.0563516495625,1.1052374605859276,1.1052374605859276,-1.0488858110234276,-1.0488858110234276
complex_ruleA,5,2012-04-30,48,0.067841465,1.196003897106815,1.196003897106815,-1.128162432106815,-1.128162432106815
complex_ruleA,3,2012-05-01,35,-0.011450152857142857,1.2877237793591807,1.2877237793591807,-1.2991739322163234,-1.2991739322163234
complex_ruleA,2,2012-05-02,23,0.03662533839130435,1.345648379404933,1.345648379404933,-1.3090230410136285,-1.3090230410136285
complex_ruleA,4,2012-05-03,48,0.09201962160416667,1.1522438983290557,1.1522438983290557,-1.0602242767248888,-1.0602242767248888
complex_ruleA,1,2012-05-04,40,0.085187383475,1.0663289553053932,1.0755046011510576,-0.9811415718303932,-0.9903172176760575
complex_ruleA,1,2012-05-05,48,0.0777986770625,0.9518265424360782,0.9671250688659385,-0.8740278653735783,-0.8893263918034385
complex_ruleA,5,2012-05-06,46,0.009543028086956524,1.1217639054084194,1.1217639054084194,-1.112220877321463,-1.112220877321463
complex_ruleA,5,2012-05-07,48,0.021618651333333332,1.10299557833622,1.10299557833622,-1.0813769270028866,-1.0813769270028866
complex_ruleA,1,2012-05-08,48,0.19335431079166668,1.0476255892721817,1.0646547556540542,-0.8583099986764371,-0.8753391650583097
complex_ruleA,2,2012-05-09,42,0.1434148763095238,1.1272152578070862,1.1272152578070862,-0.9838003814975623,-0.9838003814975623
complex_ruleA,2,2012-05-10,40,0.319251258275,1.1130757429569507,1.1130757429569507,-0.7938244846819507,-0.7938244846819507
complex_ruleA,2,2012-05-11,48,0.17239545895833333,0.9821950085027739,0.9821950085027739,-0.8097995495444406,-0.8097995495444406
complex_ruleA,1,2012-05-12,48,0.17601843233333334,0.7818329433883209,0.8141063926301711,-0.6058145110549876,-0.6380879602968378
complex_ruleA,2,2012-05-13,48,0.17704623283333332,1.008352353279627,1.008352353279627,-0.8313061204462938,-0.8313061204462938
complex_ruleA,2,2012-05-14,48,0.27600001625,1.268980827175773,1.268980827175773,-0.992980810925773,-0.992980810925773
complex_ruleA,1,2012-05-15,47,0.35306912361702125,1.2290880830014077,1.2538219650065985,-0.8760189593843862,-0.9007528413895771
complex_ruleA,1,2012-05-16,48,0.4190129162291667,1.04415253301722,1.082530979309404,-0.6251396167880535,-0.6635180630802373
complex_ruleA,1,2012-05-17,48,0.5381429567708333,1.2619228922272092,1.2940691670590008,-0.7237799354563759,-0.7559262102881674
complex_ruleA,5,2012-05-18,39,0.4551124043333334,1.1100847488287462,1.1100847488287462,-0.6549723444954129,-0.6549723444954129
complex_ruleA,3,2012-05-19,48,0.4896868033125,1.1340465120370842,1.1340465120370842,-0.6443597087245841,-0.6443597087245841
complex_ruleA,3,2012-05-20,48,0.47750789,1.3342637303116085,1.3342637303116085,-0.8567558403116085,-0.8567558403116085
complex_ruleA,3,2012-05-21,48,0.8335178516666667,1.4360962889182984,1.4360962889182984,-0.602578437251632,-0.602578437251632
complex_ruleA,1,2012-05-22,32,0.702621915625,1.1861829872393366,1.217383067791238,-0.4835610716143365,-0.5147611521662381
complex_ruleA,5,2012-05-23,46,0.6635871663260869,1.2462112995202372,1.2462112995202372,-0.5826241331941503,-0.5826241331941503
complex_ruleA,4,2012-05-24,48,0.6281435369791667,1.2834045334656459,1.2834045334656459,-0.6552609964864793,-0.6552609964864793
complex_ruleA,3,2012-05-25,38,0.8183735249999999,1.420018356855385,1.420018356855385,-0.6016448318553851,-0.6016448318553851
complex_ruleA,2,2012-05-26,48,0.6980216629166667,1.3099411649520394,1.3099411649520394,-0.6119195020353728,-0.6119195020353728
complex_ruleA,5,2012-05-27,48,0.8635254579166666,1.452401481717333,1.452401481717333,-0.5888760238006662,-0.5888760238006662
complex_ruleA,2,2012-05-28,45,1.0706195379333332,1.3678924893922706,1.3678924893922706,-0.29727295145893723,-0.29727295145893723
complex_ruleA,3,2012-05-29,47,1.2441222806595744,1.2630268716287838,1.2630268716287838,-0.018904590969209198,-0.018904590969209198
complex_ruleA,3,2012-05-30,39,1.3168110543589744,1.4850610329179061,1.4850610329179061,-0.16824997855893178,-0.16824997855893178
complex_ruleA,2,2012-05-31,48,1.122336043125,1.5565988809925455,1.5565988809925455,-0.4342628378675455,-0.4342628378675455
complex_ruleA,4,2012-06-01,47,1.408223744680851,1.354047409134447,1.354047409134447,0.054176335546404074,0.054176335546404074
complex_ruleA,3,2012-06-02,48,1.5114160385416666,1.5234549129766706,1.5234549129766706,-0.012038874435003894,-0.012038874435003894
complex_ruleA,5,2012-06-03,48,1.7375850125,1.632780665961728,1.632780665961728,0.10480434653827166,0.10480434653827166
complex_ruleA,3,2012-06-04,48,1.8668908327083333,1.3722663756311662,1.3722663756311662,0.4946244570771672,0.4946244570771672
complex_ruleA,4,2012-06-05,48,2.0323514729166665,1.4647382423589068,1.4647382423589068,0.56761323055776,0.56761323055776
complex_ruleA,1,2012-06-06,48,1.9727137145833333,1.4972863477609628,1.575321444193334,0.4754273668223706,0.3973922703899993
complex_ruleA,5,2012-06-07,48,2.1687674958333334,1.4797501055211641,1.4797501055211641,0.6890173903121691,0.6890173903121691
complex_ruleA,3,2012-06-08,48,2.3881609270833333,1.6258081546169991,1.6258081546169991,0.7623527724663344,0.7623527724663344
complex_ruleA,4,2012-06-09,38,2.1885792210526316,1.6250885319796626,1.6250885319796626,0.5634906890729688,0.5634906890729688
complex_ruleA,1,2012-06-10,48,2.3298899375,1.4281965967934627,1.5286817943820639,0.9016933407065374,0.8012081431179361
complex_ruleA,2,2012-06-11,45,2.215788988888889,1.6535660523422375,1.6535660523422375,0.5622229365466516,0.5622229365466516
complex_ruleA,5,2012-06-12,47,2.466926670212766,1.5554660631584285,1.5554660631584285,0.9114606070543374,0.9114606070543374
complex_ruleA,5,2012-06-13,48,2.355464260416667,1.5829628476645592,1.5829628476645592,0.7725014127521074,0.7725014127521074
complex_ruleA,5,2012-06-14,48,2.396814725,1.654690712876109,1.654690712876109,0.7421240121238909,0.7421240121238909
complex_ruleA,2,2012-06-15,48,2.2765174375,1.7528342731003015,1.7528342731003015,0.5236831643996985,0.5236831643996985
complex_ruleA,4,2012-06-16,48,2.12172636875,1.6929964310744137,1.6929964310744137,0.42872993767558626,0.42872993767558626
complex_ruleA,3,2012-06-17,48,2.4683254604166667,1.658711583585255,1.658711583585255,0.8096138768314116,0.8096138768314116
complex_ruleA,4,2012-06-18,48,2.57933425,1.9208399133163259,1.9208399133163259,0.6584943366836739,0.6584943366836739
complex_ruleA,1,2012-06-19,48,2.7591370666666664,1.9765994312019455,2.106626831671942,0.7825376354647212,0.6525102349947248
complex_ruleA,2,2012-06-20,48,4.0653092766666665,2.1045755856739836,2.1045755856739836,1.960733690992683,1.960733690992683
complex_ruleA,1,2012-06-21,48,2.852546154166667,1.6785752766002726,1.810424101949394,1.1739708775663942,1.0421220522172725
complex_ruleA,1,2012-06-22,35,2.690932479428571,1.7634621907935915,1.8926344400603523,0.92747028863498,0.7982980393682191
complex_ruleA,3,2012-06-23,46,3.013371210869565,1.8608976610935624,1.8608976610935624,1.1524735497760028,1.1524735497760028
complex_ruleA,1,2012-06-24,48,3.617370472916667,1.8151901544865536,1.9433214731027757,1.802180318430113,1.674048999813891
complex_ruleA,4,2012-06-25,48,3.588744060416667,1.6920544014423309,1.6920544014423309,1.8966896589743358,1.8966896589743358
complex_ruleA,5,2012-06-26,48,3.3450276750000003,1.6955901163326377,1.6955901163326377,1.6494375586673622,1.6494375586673622
complex_ruleA,4,2012-06-27,48,2.8715724887499996,1.784227460947368,1.784227460947368,1.0873450278026318,1.0873450278026318
complex_ruleA,2,2012-06-28,48,2.6015098025000003,1.776666478567407,1.776666478567407,0.8248433239325932,0.8248433239325932
complex_ruleA,5,2012-06-29,48,3.3835941145833335,2.0510716654834615,2.0510716654834615,1.3325224490998717,1.3325224490998717
complex_ruleA,5,2012-06-30,48,2.9133323829166664,1.9723155879536025,1.9723155879536025,0.9410167949630641,0.9410167949630641
complex_ruleA,1,2012-07-01,48,2.5759667938541666,1.6720730088514564,1.8098256085781543,0.9038937850027104,0.7661411852760124
complex_ruleA,3,2012-07-02,42,2.9145822404761907,2.047285556046686,2.047285556046686,0.8672966844295041,0.8672966844295041
complex_ruleA,3,2012-07-03,48,2.5154627541666668,1.994993200223546,1.994993200223546,0.5204695539431207,0.5204695539431207
complex_ruleA,4,2012-07-04,48,2.6683533291666666,2.005644148688631,2.005644148688631,0.662709180478036,0.662709180478036
complex_ruleA,3,2012-07-05,48,3.0286032791666666,2.275850477414409,2.275850477414409,0.7527528017522572,0.7527528017522572
complex_ruleA,1,2012-07-06,46,2.6821343260869566,1.9891562984870022,2.138867220985625,0.6929780275999544,0.5432671051013314
complex_ruleA,1,2012-07-07,44,3.637924677272727,2.023811569911123,2.1913435635426874,1.614113107361604,1.4465811137300397
complex_ruleA,4,2012-07-08,46,2.952379802173913,1.9922725629934326,1.9922725629934326,0.9601072391804805,0.9601072391804805
complex_ruleA,3,2012-07-09,48,2.5226163520833333,2.3474772413521956,2.3474772413521956,0.17513911073113786,0.17513911073113786
complex_ruleA,2,2012-07-10,48,3.164615041458333,2.6011823452552987,2.6011823452552987,0.5634326962030346,0.5634326962030346
complex_ruleA,3,2012-07-11,48,3.165003675,2.656858530470206,2.656858530470206,0.5081451445297939,0.5081451445297939
complex_ruleA,5,2012-07-12,48,2.8945481479166664,2.526233495998498,2.526233495998498,0.36831465191816887,0.36831465191816887
complex_ruleA,5,2012-07-13,48,2.438382886875,2.7335630138638187,2.7335630138638187,-0.29518012698881896,-0.29518012698881896
complex_ruleA,4,2012-07-14,48,2.6562699875,3.040607056537723,3.040607056537723,-0.3843370690377226,-0.3843370690377226
complex_ruleA,5,2012-07-15,48,3.2690944749999997,3.323638938152127,3.323638938152127,-0.05454446315212678,-0.05454446315212678
complex_ruleA,5,2012-07-16,48,3.3365409666666666,3.412949357472836,3.412949357472836,-0.07640839080616903,-0.07640839080616903
complex_ruleA,5,2012-07-17,47,3.506454780851064,3.933388041715841,3.933388041715841,-0.4269332608647766,-0.4269332608647766
complex_ruleA,2,2012-07-18,48,4.31823554375,3.646740561862772,3.646740561862772,0.6714949818872279,0.6714949818872279
complex_ruleA,3,2012-07-19,48,4.235942120833333,3.054606515466711,3.054606515466711,1.1813356053666226,1.1813356053666226
complex_ruleA,4,2012-07-20,48,4.197089585416667,2.1380495186703157,2.1380495186703157,2.059040066746351,2.059040066746351
complex_ruleA,1,2012-07-21,48,3.581241858333333,1.7996293710092017,2.0185442947980827,1.7816124873241315,1.5626975635352505
complex_ruleA,3,2012-07-22,48,3.47300988125,2.284407884831747,2.284407884831747,1.1886019964182533,1.1886019964182533
complex_ruleA,3,2012-07-23,48,3.6027254916666664,2.758484181592433,2.758484181592433,0.8442413100742336,0.8442413100742336
complex_ruleA,5,2012-07-24,48,3.5953668183333334,3.0064275386356063,3.0064275386356063,0.5889392796977271,0.5889392796977271
complex_ruleA,4,2012-07-25,48,4.1132118166666665,4.077095930209649,4.077095930209649,0.03611588645701813,0.03611588645701813
complex_ruleA,3,2012-07-26,47,4.945090108510638,4.967456846118778,4.967456846118778,-0.022366737608139786,-0.022366737608139786
complex_ruleA,5,2012-07-27,46,4.631375795652175,4.59546373956071,4.59546373956071,0.03591205609146388,0.03591205609146388
complex_ruleA,5,2012-07-28,48,5.015409016666667,4.575574201392405,4.575574201392405,0.43983481527426216,0.43983481527426216
complex_ruleA,1,2012-07-29,48,5.191188340208334,4.251737471175018,4.348471869868803,0.9394508690333155,0.8427164703395307
complex_ruleA,1,2012-07-30,48,5.172252041666667,4.699351709983232,4.776695352274275,0.47290033168343437,0.39555668939239247
complex_ruleA,5,2012-07-31,48,6.134338235416667,4.445151329663615,4.445151329663615,1.6891869057530517,1.6891869057530517
complex_ruleA,5,2012-08-01,48,6.280896235416667,4.639576066321102,4.639576066321102,1.6413201690955643,1.6413201690955643
complex_ruleA,2,2012-08-02,48,6.6504443,5.210284091324703,5.210284091324703,1.4401602086752965,1.4401602086752965
complex_ruleA,4,2012-08-03,48,7.160892158333333,5.234833414082145,5.234833414082145,1.9260587442511887,1.9260587442511887
complex_ruleA,3,2012-08-04,48,6.567858770833333,4.983934181566618,4.983934181566618,1.583924589266715,1.583924589266715
complex_ruleA,3,2012-08-05,48,6.946719375,5.607292919252385,5.607292919252385,1.3394264557476159,1.3394264557476159
complex_ruleA,4,2012-08-06,48,5.922653764583334,4.351598638611976,4.351598638611976,1.571055125971358,1.571055125971358
complex_ruleA,4,2012-08-07,48,7.153456070833333,4.905353718314653,4.905353718314653,2.24810235251868,2.24810235251868
complex_ruleA,3,2012-08-08,48,7.373567145833333,3.900137856908447,3.900137856908447,3.4734292889248866,3.4734292889248866
complex_ruleA,2,2012-08-09,47,7.0186513255319145,3.6483750331755065,3.6483750331755065,3.3702762923564085,3.3702762923564085
complex_ruleA,5,2012-08-10,48,6.428932797916667,4.495794415310002,4.495794415310002,1.9331383826066653,1.9331383826066653
complex_ruleA,2,2012-08-11,48,6.577051102083334,5.599070153776769,5.599070153776769,0.9779809483065641,0.9779809483065641
complex_ruleA,1,2012-08-12,48,6.641491183333333,5.069662757804383,5.490889177565765,1.5718284255289505,1.1506020057675685
complex_ruleA,2,2012-08-13,48,7.441026860416667,6.907982667951114,6.907982667951114,0.5330441924655536,0.5330441924655536
complex_ruleA,3,2012-08-14,44,5.585122643181818,5.848208827732528,5.848208827732528,-0.26308618455071053,-0.26308618455071053
complex_ruleA,5,2012-08-15,48,6.8359822562499994,6.494863174227668,6.494863174227668,0.3411190820223311,0.3411190820223311
complex_ruleA,4,2012-08-16,48,7.5789022125,7.678690456448222,7.678690456448222,-0.09978824394822104,-0.09978824394822104
complex_ruleA,4,2012-08-17,48,7.50730011875,8.28152726045444,8.28152726045444,-0.77422714170444,-0.77422714170444
complex_ruleA,1,2012-08-18,48,6.590918335416667,5.473742324867188,6.054142154329518,1.117176010549479,0.5367761810871499
complex_ruleA,1,2012-08-19,48,8.61395005625,6.867444587992858,7.319779087829274,1.7465054682571417,1.2941709684207263
complex_ruleA,3,2012-08-20,48,7.9814005833333335,7.199829115321218,7.199829115321218,0.7815714680121163,0.7815714680121163
complex_ruleA,2,2012-08-21,48,8.186272847916667,8.485418306282876,8.485418306282876,-0.2991454583662098,-0.2991454583662098
complex_ruleA,4,2012-08-22,48,7.327301362499999,8.71653682553039,8.71653682553039,-1.3892354630303905,-1.3892354630303905
complex_ruleA,5,2012-08-23,48,8.517630725,9.48236837713506,9.48236837713506,-0.9647376521350598,-0.9647376521350598
complex_ruleA,5,2012-08-24,48,8.681626145833333,9.55214092066082,9.55214092066082,-0.8705147748274867,-0.8705147748274867
complex_ruleA,1,2012-08-25,48,9.249283554166666,9.321948789634906,9.636145553050554,-0.07266523546823926,-0.3868619988838877
complex_ruleA,4,2012-08-26,48,9.87117175,9.925267935093471,9.925267935093471,-0.054096185093471715,-0.054096185093471715
complex_ruleA,4,2012-08-27,48,10.066777154166667,10.1552960389044,10.1552960389044,-0.0885188847377334,-0.0885188847377334
complex_ruleA,2,2012-08-28,48,9.852360588333333,9.696995812165735,9.696995812165735,0.155364776167598,0.155364776167598
complex_ruleA,1,2012-08-29,48,21.97209148125,8.850904397723626,9.370080979364472,13.121187083526374,12.602010501885529
complex_ruleA,2,2012-08-30,48,28.967427914583336,15.30830162507772,15.30830162507772,13.659126289505613,13.659126289505613
complex_ruleA,4,2012-08-31,48,13.058101424999998,11.35578422998177,11.35578422998177,1.7023171950182292,1.7023171950182292
complex_ruleA,5,2012-09-01,46,6.837848882608696,8.992611112535494,8.992611112535494,-2.1547622299267983,-2.1547622299267983
complex_ruleA,1,2012-09-02,39,2.226128878205128,4.786879734431266,5.727855738791356,-2.5607508562261376,-3.5017268605862273
complex_ruleA,2,2012-09-03,44,2.9446648161363638,6.496920816663822,6.496920816663822,-3.5522560005274584,-3.5522560005274584
complex_ruleA,2,2012-09-04,37,2.855260219216216,8.70393194866285,8.70393194866285,-5.848671729446635,-5.848671729446635
complex_ruleA,5,2012-09-05,31,2.949354112903226,10.33365119395803,10.33365119395803,-7.384297081054804,-7.384297081054804
complex_ruleA,3,2012-09-06,38,2.514661660526316,7.8121547025856275,7.8121547025856275,-5.297493042059312,-5.297493042059312
complex_ruleA,1,2012-09-07,42,1.6679321140476189,6.717272182092219,7.663594760906449,-5.0493400680446,-5.995662646858829
complex_ruleA,4,2012-09-08,48,3.0139437527083337,8.231563861304496,8.231563861304496,-5.217620108596162,-5.217620108596162
complex_ruleA,2,2012-09-09,48,4.418429550208333,9.845170036451135,9.845170036451135,-5.426740486242802,-5.426740486242802
complex_ruleA,5,2012-09-10,16,2.077358675,5.6389438609814135,5.6389438609814135,-3.561585185981413,-3.561585185981413
best_accuracy_ruleA,2,2012-04-16,17,0.2202384731764706,1.1224900445462567,0.9703045999999999,-0.9022515713697861,-0.7500661268235294
best_accuracy_ruleA,5,2012-04-17,44,0.08553189661363636,0.718733748109442,0.9703046,-0.6332018514958057,-0.8847727033863635
best_accuracy_ruleA,4,2012-04-18,46,0.10277196365217392,0.7017742714412734,0.9703046000000001,-0.5990023077890995,-0.8675326363478261
best_accuracy_ruleA,4,2012-04-19,48,0.13160591110416667,0.7017742714412734,0.9703046,-0.5701683603371067,-0.8386986888958333
best_accuracy_ruleA,2,2012-04-20,47,0.19268152623404253,1.1224900445462567,0.9703046,-0.9298085183122141,-0.7776230737659575
best_accuracy_ruleA,3,2012-04-21,48,0.31302222352083336,0.8062007235492517,0.9703046,-0.49317850002841834,-0.6572823764791667
best_accuracy_ruleA,4,2012-04-22,47,0.22889915329787233,0.7017742714412734,0.9703046,-0.47287511814340105,-0.7414054467021277
best_accuracy_ruleA,3,2012-04-23,48,0.09675257410416667,0.8062007235492517,0.9703046,-0.7094481494450849,-0.8735520258958333
best_accuracy_ruleA,4,2012-04-24,48,-0.12169867535416667,0.7017742714412734,0.9703046,-0.82347294679544,-1.0920032753541666
best_accuracy_ruleA,1,2012-04-25,48,0.12789548795833333,0.7763546177424928,0.9719928378207269,-0.6484591297841595,-0.8440973498623935
best_accuracy_ruleA,2,2012-04-26,48,0.031396444041666666,1.1381756729492694,0.9957130408674427,-1.1067792289076028,-0.9643165968257761
best_accuracy_ruleA,2,2012-04-27,33,-0.0011584061818181795,1.1648210620438297,1.0544180446595095,-1.165979468225648,-1.0555764508413275
best_accuracy_ruleA,1,2012-04-28,17,0.1495946152352941,1.0990794715088488,1.1548284141853715,-0.9494848562735546,-1.0052337989500775
best_accuracy_ruleA,4,2012-04-29,48,0.0563516495625,0.48555206703075077,1.2607206090008922,-0.4292004174682508,-1.2043689594383924
best_accuracy_ruleA,5,2012-04-30,48,0.067841465,0.9065281956867827,1.0971649215160244,-0.8386867306867828,-1.0293234565160243
best_accuracy_ruleA,3,2012-05-01,35,-0.011450152857142857,1.0780389921827702,1.1221423177030014,-1.0894891450399131,-1.1335924705601443
best_accuracy_ruleA,2,2012-05-02,23,0.03662533839130435,1.310208220044331,1.1111873189288242,-1.2735828816530266,-1.07456198053752
best_accuracy_ruleA,4,2012-05-03,48,0.09201962160416667,1.0055120270641191,1.1384928608792915,-0.9134924054599526,-1.046473239275125
best_accuracy_ruleA,1,2012-05-04,40,0.085187383475,0.9003887608092574,1.0698804275209095,-0.8152013773342575,-0.9846930440459095
best_accuracy_ruleA,1,2012-05-05,48,0.0777986770625,0.9443085385931398,1.0854685092213818,-0.8665098615306398,-1.007669832158882
best_accuracy_ruleA,5,2012-05-06,46,0.009543028086956524,1.0122961991816293,1.1512328024341434,-1.0027531710946729,-1.1416897743471868
best_accuracy_ruleA,5,2012-05-07,48,0.021618651333333332,1.1035394890029335,1.1589101456778608,-1.0819208376696003,-1.1372914943445274
best_accuracy_ruleA,1,2012-05-08,48,0.19335431079166668,1.1471725542712232,1.1815163080731659,-0.9538182434795566,-0.9881619972814991
best_accuracy_ruleA,2,2012-05-09,42,0.1434148763095238,1.3970747954872178,1.1968912385079231,-1.253659919177694,-1.0534763621983994
best_accuracy_ruleA,2,2012-05-10,40,0.319251258275,1.4536551652317393,1.2505134119086643,-1.1344039069567393,-0.9312621536336643
best_accuracy_ruleA,2,2012-05-11,48,0.17239545895833333,1.2782605167860333,1.1486048379157847,-1.1058650578276998,-0.9762093789574515
best_accuracy_ruleA,1,2012-05-12,48,0.17601843233333334,1.0576022975794122,1.1916602487494046,-0.8815838652460787,-1.0156418164160712
best_accuracy_ruleA,2,2012-05-13,48,0.17704623283333332,1.4361769837454945,1.2270742203168807,-1.259130750912161,-1.0500279874835474
best_accuracy_ruleA,2,2012-05-14,48,0.27600001625,1.5952791701275597,1.2997626115793117,-1.3192791538775597,-1.0237625953293117
best_accuracy_ruleA,1,2012-05-15,47,0.35306912361702125,1.4882644694753822,1.384783951916063,-1.135195345858361,-1.0317148282990416
best_accuracy_ruleA,1,2012-05-16,48,0.4190129162291667,1.4004435316909092,1.408956818745394,-0.9814306154617425,-0.9899439025162273
best_accuracy_ruleA,1,2012-05-17,48,0.5381429567708333,1.3568027368574376,1.329890997260003,-0.8186597800866041,-0.7917480404891698
best_accuracy_ruleA,5,2012-05-18,39,0.4551124043333334,1.2522240418500674,1.3362131134664794,-0.797111637516734,-0.8811007091331462
best_accuracy_ruleA,3,2012-05-19,48,0.4896868033125,1.2542269772652967,1.2514002210957056,-0.7645401739527967,-0.7617134177832057
best_accuracy_ruleA,3,2012-05-20,48,0.47750789,1.3340890870127662,1.3200481450100234,-0.8565811970127662,-0.8425402550100234
best_accuracy_ruleA,3,2012-05-21,48,0.8335178516666667,1.560468535873057,1.4732502011889592,-0.7269506842063903,-0.6397323495222927
best_accuracy_ruleA,1,2012-05-22,32,0.702621915625,1.40162637800375,1.405157699933704,-0.69900446237875,-0.7025357843087041
best_accuracy_ruleA,5,2012-05-23,46,0.6635871663260869,1.5227765050500877,1.5095131499175958,-0.8591893387240009,-0.845925983591509
best_accuracy_ruleA,4,2012-05-24,48,0.6281435369791667,1.3288877123586382,1.3773892827993037,-0.7007441753794716,-0.7492457458201369
best_accuracy_ruleA,3,2012-05-25,38,0.8183735249999999,1.5094446389489362,1.484031232436162,-0.6910711139489362,-0.665657707436162
best_accuracy_ruleA,2,2012-05-26,48,0.6980216629166667,1.9270026050904843,1.5058231003937406,-1.2289809421738176,-0.807801437477074
best_accuracy_ruleA,5,2012-05-27,48,0.8635254579166666,1.2364983898176223,1.2918869891105482,-0.3729729319009556,-0.42836153119388154
best_accuracy_ruleA,2,2012-05-28,45,1.0706195379333332,1.6109101793457674,1.3708815306761388,-0.5402906414124339,-0.3002619927428055
best_accuracy_ruleA,3,2012-05-29,47,1.2441222806595744,1.3076242739440511,1.3478684443945788,-0.06350199328447668,-0.10374616373500443
best_accuracy_ruleA,3,2012-05-30,39,1.3168110543589744,2.0631136738270848,1.8146297655483188,-0.7463026194681104,-0.49781871118934434
best_accuracy_ruleA,2,2012-05-31,48,1.122336043125,2.1324465415937546,1.7584074727251549,-1.0101104984687546,-0.6360714296001547
best_accuracy_ruleA,4,2012-06-01,47,1.408223744680851,1.7469059330946606,1.6618743635910382,-0.33868218841380954,-0.2536506189101871
best_accuracy_ruleA,3,2012-06-02,48,1.5114160385416666,2.1995815001654053,1.9149413216676991,-0.6881654616237388,-0.4035252831260323
best_accuracy_ruleA,5,2012-06-03,48,1.7375850125,2.0936193635924725,1.9202692969405977,-0.3560343510924722,-0.1826842844405978
best_accuracy_ruleA,3,2012-06-04,48,1.8668908327083333,1.6361981387839937,1.5541173444885203,0.2306926939243397,0.3127734882198128
best_accuracy_ruleA,4,2012-06-05,48,2.0323514729166665,1.59979165835063,1.5940515904833985,0.43255981456603676,0.438299882433268
best_accuracy_ruleA,1,2012-06-06,48,1.9727137145833333,1.9947380876675564,1.8424246653211585,-0.022024373084222917,0.13028904926217474
best_accuracy_ruleA,5,2012-06-07,48,2.1687674958333334,1.5654745610404854,1.5936982009164018,0.6032929347928478,0.5750692949169315
best_accuracy_ruleA,3,2012-06-08,48,2.3881609270833333,1.8225142777328098,1.7816332641484804,0.5656466493505236,0.6065276629348527
best_accuracy_ruleA,4,2012-06-09,38,2.1885792210526316,1.940248345496688,1.8465557603999454,0.24833087555594383,0.34202346065268613
best_accuracy_ruleA,1,2012-06-10,48,2.3298899375,2.155268624988214,1.9528194225031255,0.17462131251178606,0.37707051499687466
best_accuracy_ruleA,2,2012-06-11,45,2.215788988888889,2.651238439289497,2.14906279882406,-0.435449450400608,0.06672619006482869
best_accuracy_ruleA,5,2012-06-12,47,2.466926670212766,2.2710545226191137,2.026100971843975,0.19587214759365232,0.44082569836879104
best_accuracy_ruleA,5,2012-06-13,48,2.355464260416667,2.608321142565088,2.272132222910621,-0.25285688214842106,0.08333203750604533
best_accuracy_ruleA,5,2012-06-14,48,2.396814725,2.616418577510248,2.324214349340997,-0.21960385251024797,0.07260037565900303
best_accuracy_ruleA,2,2012-06-15,48,2.2765174375,2.104855142648068,2.1050066383429917,0.17166229485193174,0.17151079915700818
best_accuracy_ruleA,4,2012-06-16,48,2.12172636875,1.71776964622196,1.8568350595390848,0.40395672252804005,0.2648913092109152
best_accuracy_ruleA,3,2012-06-17,48,2.4683254604166667,1.9124035778842225,1.9569394847146209,0.555921882532444,0.5113859757020457
best_accuracy_ruleA,4,2012-06-18,48,2.57933425,1.903138349283055,2.1055700116591534,0.6761959007169452,0.47376423834084685
best_accuracy_ruleA,1,2012-06-19,48,2.7591370666666664,1.9793032276618694,2.2647353202494527,0.7798338390047973,0.49440174641721407
best_accuracy_ruleA,2,2012-06-20,48,4.0653092766666665,1.7909493106917262,1.7522738380378897,2.27435996597494,2.313035438628777
best_accuracy_ruleA,1,2012-06-21,48,2.852546154166667,1.720918591809913,1.9778422353359832,1.1316275623567538,0.8747039188306834
best_accuracy_ruleA,1,2012-06-22,35,2.690932479428571,1.871382843986938,2.0524447877767225,0.8195496354416336,0.6384876916518493
best_accuracy_ruleA,3,2012-06-23,46,3.013371210869565,1.8995259773431799,2.00095171035291,1.113845233526385,1.0124195005166552
best_accuracy_ruleA,1,2012-06-24,48,3.617370472916667,1.7761607114247269,2.2262918955774285,1.8412097614919398,1.3910785773392382
best_accuracy_ruleA,4,2012-06-25,48,3.588744060416667,1.4309118406199255,1.9187785164570492,2.1578322197967412,1.6699655439596173
best_accuracy_ruleA,5,2012-06-26,48,3.3450276750000003,1.3899144416185534,1.9539958227035745,1.9551132333814465,1.3910318522964253
best_accuracy_ruleA,4,2012-06-27,48,2.8715724887499996,1.3427461993825922,1.8960056446414635,1.5288262893674078,0.9755668441085364
best_accuracy_ruleA,2,2012-06-28,48,2.6015098025000003,1.0630089316710296,1.8624688630859618,1.5385008708289705,0.7390409394140383
best_accuracy_ruleA,5,2012-06-29,48,3.3835941145833335,1.7973733480839538,2.2176905568469656,1.5862207664993797,1.1659035577363677
best_accuracy_ruleA,5,2012-06-30,48,2.9133323829166664,2.5122470621108084,2.409202856286789,0.40108532080585824,0.5041295266298776
best_accuracy_ruleA,1,2012-07-01,48,2.5759667938541666,2.059032501399029,2.1078047612699304,0.5169342924551374,0.46816203258423617
best_accuracy_ruleA,3,2012-07-02,42,2.9145822404761907,2.6020777650222087,2.4417851972306317,0.3125044754539819,0.472797043245559
best_accuracy_ruleA,3,2012-07-03,48,2.5154627541666668,2.221143923594243,2.1425139739965036,0.294318830572424,0.37294878017016314
best_accuracy_ruleA,4,2012-07-04,48,2.6683533291666666,2.145588203369149,2.180047849873733,0.5227651257975175,0.48830547929293383
best_accuracy_ruleA,3,2012-07-05,48,3.0286032791666666,2.485237524893544,2.4795049318708977,0.5433657542731228,0.5490983472957688
best_accuracy_ruleA,1,2012-07-06,46,2.6821343260869566,2.450215751157324,2.422401049929221,0.23191857492963258,0.25973327615773556
best_accuracy_ruleA,1,2012-07-07,44,3.637924677272727,2.805813869539272,2.5349375887225096,0.8321108077334557,1.1029870885502178
best_accuracy_ruleA,4,2012-07-08,46,2.952379802173913,3.1607086295192723,2.6731174217604403,-0.2083288273453594,0.279262380413473
best_accuracy_ruleA,3,2012-07-09,48,2.5226163520833333,3.1485004851340608,2.7716522606485294,-0.6258841330507272,-0.24903590856519622
best_accuracy_ruleA,2,2012-07-10,48,3.164615041458333,3.1268507289319767,2.6750957135824898,0.037764312526357056,0.48951932787584346
best_accuracy_ruleA,3,2012-07-11,48,3.165003675,2.5699176748702945,2.355511444298467,0.5950860001297056,0.809492230701533
best_accuracy_ruleA,5,2012-07-12,48,2.8945481479166664,2.446425885150869,2.3764672357994265,0.4481222627657975,0.5180809121172404
best_accuracy_ruleA,5,2012-07-13,48,2.438382886875,3.13236083955416,2.925267328803498,-0.6939779526791598,-0.48688444192849795
best_accuracy_ruleA,4,2012-07-14,48,2.6562699875,3.289338991175478,3.0753037514360257,-0.6330690036754777,-0.41903376393602576
best_accuracy_ruleA,5,2012-07-15,48,3.2690944749999997,2.7966453025281655,2.7254911365404815,0.47244917247183493,0.5436033384595185
best_accuracy_ruleA,5,2012-07-16,48,3.3365409666666666,2.788169811068554,2.772648892730438,0.5483711555981127,0.5638920739362284
best_accuracy_ruleA,5,2012-07-17,47,3.506454780851064,3.9244544090325704,3.909781330508681,-0.4179996281815065,-0.4033265496576175
best_accuracy_ruleA,2,2012-07-18,48,4.31823554375,4.030830941864376,4.1636849559154285,0.2874046018856246,0.15455058783457162
best_accuracy_ruleA,3,2012-07-19,48,4.235942120833333,3.919347367363333,3.786359891917986,0.31659475347000077,0.44958222891534677
best_accuracy_ruleA,4,2012-07-20,48,4.197089585416667,3.1070785035399227,2.9627592293916365,1.0900110818767437,1.2343303560250303
best_accuracy_ruleA,1,2012-07-21,48,3.581241858333333,2.675329857893697,2.6221627003631487,0.9059120004396363,0.9590791579701845
best_accuracy_ruleA,3,2012-07-22,48,3.47300988125,2.9773859950477193,2.7532079313314415,0.4956238862022804,0.7198019499185587
best_accuracy_ruleA,3,2012-07-23,48,3.6027254916666664,3.5459705172905895,3.263763012959402,0.056754974376077294,0.3389624787072645
best_accuracy_ruleA,5,2012-07-24,48,3.5953668183333334,3.4816823638467507,3.250626144626508,0.11368445448658275,0.3447406737068251
best_accuracy_ruleA,4,2012-07-25,48,4.1132118166666665,4.549428350039355,4.393115454744495,-0.4362165333726881,-0.2799036380778281
best_accuracy_ruleA,3,2012-07-26,47,4.945090108510638,6.042589709126437,6.076912007132492,-1.0974996006157995,-1.1318218986218542
best_accuracy_ruleA,5,2012-07-27,46,4.631375795652175,4.967244677710539,5.059333726417699,-0.335868882058365,-0.42795793076552474
best_accuracy_ruleA,5,2012-07-28,48,5.015409016666667,4.247167919149826,4.237198760634593,0.768241097516841,0.7782102560320738
best_accuracy_ruleA,1,2012-07-29,48,5.191188340208334,4.021666759534737,3.9940278034435006,1.1695215806735961,1.197160536764833
best_accuracy_ruleA,1,2012-07-30,48,5.172252041666667,3.9705606556796607,3.8430786100062835,1.201691385987006,1.3291734316603832
best_accuracy_ruleA,5,2012-07-31,48,6.134338235416667,4.941957811518271,4.528992151636943,1.1923804238983957,1.6053460837797235
best_accuracy_ruleA,5,2012-08-01,48,6.280896235416667,4.9640398736268505,4.623207561969445,1.316856361789816,1.657688673447222
best_accuracy_ruleA,2,2012-08-02,48,6.6504443,5.229681469629319,5.226101179112831,1.4207628303706814,1.4243431208871689
best_accuracy_ruleA,4,2012-08-03,48,7.160892158333333,6.5295620839737865,6.066924138469992,0.6313300743595462,1.0939680198633408
best_accuracy_ruleA,3,2012-08-04,48,6.567858770833333,6.105590076908901,5.642069574624247,0.46226869392443226,0.9257891962090863
best_accuracy_ruleA,3,2012-08-05,48,6.946719375,5.7111353858341545,5.386807812429342,1.2355839891658453,1.559911562570658
best_accuracy_ruleA,4,2012-08-06,48,5.922653764583334,4.997720298944745,4.3520248149059695,0.9249334656385891,1.5706289496773644
best_accuracy_ruleA,4,2012-08-07,48,7.153456070833333,5.9924577527902345,5.27831244790355,1.160998318043098,1.8751436229297826
best_accuracy_ruleA,3,2012-08-08,48,7.373567145833333,6.598109540163109,5.582882021119055,0.7754576056702245,1.7906851247142785
best_accuracy_ruleA,2,2012-08-09,47,7.0186513255319145,5.896422831929493,5.003737054561298,1.122228493602422,2.0149142709706167
best_accuracy_ruleA,5,2012-08-10,48,6.428932797916667,5.250671454398749,4.57415796854944,1.1782613435179177,1.8547748293672264
best_accuracy_ruleA,2,2012-08-11,48,6.577051102083334,5.454462137516547,5.0427784901503605,1.122588964566786,1.5342726119329726
best_accuracy_ruleA,1,2012-08-12,48,6.641491183333333,5.535376477659291,4.996179407828489,1.1061147056740417,1.6453117755048448
best_accuracy_ruleA,2,2012-08-13,48,7.441026860416667,4.934358070024921,4.580780424789647,2.506668790391745,2.8602464356270203
best_accuracy_ruleA,3,2012-08-14,44,5.585122643181818,6.071196869451689,5.485804881599677,-0.48607422626987096,0.09931776158214177
best_accuracy_ruleA,5,2012-08-15,48,6.8359822562499994,6.913352738451933,6.1520114403257695,-0.0773704822019331,0.6839708159242296
best_accuracy_ruleA,4,2012-08-16,48,7.5789022125,7.51812359151342,7.1263780306881594,0.0607786209865803,0.4525241818118398
best_accuracy_ruleA,4,2012-08-17,48,7.50730011875,9.339514574712904,9.237187358292475,-1.8322144559629043,-1.729887239542476
best_accuracy_ruleA,1,2012-08-18,48,6.590918335416667,6.753250406146247,6.014481316029226,-0.1623320707295803,0.5764370193874407
best_accuracy_ruleA,1,2012-08-19,48,8.61395005625,7.483617321143714,6.761930247599024,1.1303327351062868,1.8520198086509756
best_accuracy_ruleA,3,2012-08-20,48,7.9814005833333335,7.660663125591454,7.094043123553064,0.3207374577418796,0.887357459780269
best_accuracy_ruleA,2,2012-08-21,48,8.186272847916667,7.377769883210823,7.325620528775115,0.8085029647058438,0.8606523191415513
best_accuracy_ruleA,4,2012-08-22,48,7.327301362499999,6.324364830980955,5.991068007137662,1.0029365315190446,1.336233355362338
best_accuracy_ruleA,5,2012-08-23,48,8.517630725,8.750699960942178,8.246799596964228,-0.23306923594217768,0.2708311280357713
best_accuracy_ruleA,5,2012-08-24,48,8.681626145833333,10.199348370911485,9.310293624120412,-1.5177222250781526,-0.628667478287078
best_accuracy_ruleA,1,2012-08-25,48,9.249283554166666,10.148226605393893,9.173375199795293,-0.898943051227226,0.07590835437137339
best_accuracy_ruleA,4,2012-08-26,48,9.87117175,10.377273716436171,9.58279178281943,-0.5061019664361713,0.2883799671805712
best_accuracy_ruleA,4,2012-08-27,48,10.066777154166667,8.735797963900813,8.385812287169008,1.3309791902658545,1.680964866997659
best_accuracy_ruleA,2,2012-08-28,48,9.852360588333333,6.862487401181912,7.591510397778941,2.989873187151421,2.260850190554392
best_accuracy_ruleA,1,2012-08-29,48,21.97209148125,7.162612725384162,7.820068749512988,14.809478755865838,14.152022731737013
best_accuracy_ruleA,2,2012-08-30,48,28.967427914583336,39.165449812837885,19.720196776372372,-10.198021898254556,9.247231138210962
best_accuracy_ruleA,4,2012-08-31,48,13.058101424999998,10.564188913011856,10.819479367333026,2.4939125119881433,2.238622057666974
best_accuracy_ruleA,5,2012-09-01,46,6.837848882608696,10.154656699047111,9.8129808493186,-3.3168078164384163,-2.975131966709905
best_accuracy_ruleA,1,2012-09-02,39,2.226128878205128,5.421167603368119,5.797628121348988,-3.195038725162991,-3.57149924314386
best_accuracy_ruleA,2,2012-09-03,44,2.9446648161363638,4.621499802165047,6.332298235743576,-1.6768349860286833,-3.3876334196072126
best_accuracy_ruleA,2,2012-09-04,37,2.855260219216216,6.257317763256111,8.29781297233151,-3.402057544039895,-5.442552753115293
best_accuracy_ruleA,5,2012-09-05,31,2.949354112903226,10.528974834589622,9.919205898579284,-7.579620721686395,-6.969851785676059
best_accuracy_ruleA,3,2012-09-06,38,2.514661660526316,7.182105178878149,7.157079878060465,-4.667443518351833,-4.64241821753415
best_accuracy_ruleA,1,2012-09-07,42,1.6679321140476189,7.8039462840090925,8.703652107426608,-6.136014169961473,-7.035719993378988
best_accuracy_ruleA,4,2012-09-08,48,3.0139437527083337,8.432036223529943,8.445811654594449,-5.418092470821609,-5.431867901886116
best_accuracy_ruleA,2,2012-09-09,48,4.418429550208333,7.052199158523028,8.127885387895832,-2.633769608314695,-3.7094558376874978
best_accuracy_ruleA,5,2012-09-10,16,2.077358675,5.670056320482828,5.489225774871767,-3.592697645482828,-3.411867099871767
c02_recur,2,2012-04-16,17,0.2202384731764706,3.039054998718649,3.738674796008364,-2.8188165255421787,-3.518436322831893
c02_recur,5,2012-04-17,44,0.08553189661363636,3.2493767902338644,3.7624202559421773,-3.1638448936202277,-3.676888359328541
c02_recur,4,2012-04-18,46,0.10277196365217392,2.9864812523020228,3.6110747265775607,-2.883709288649849,-3.5083027629253865
c02_recur,4,2012-04-19,48,0.13160591110416667,3.0266290139473164,3.66382929940915,-2.8950231028431497,-3.5322233883049834
c02_recur,2,2012-04-20,47,0.19268152623404253,2.8619774098453026,3.482029749633816,-2.6692958836112606,-3.2893482233997737
c02_recur,3,2012-04-21,48,0.31302222352083336,2.9537456430901474,3.323973625606719,-2.640723419569314,-3.0109514020858854
c02_recur,4,2012-04-22,47,0.22889915329787233,2.72774517444839,3.2437877987698998,-2.4988460211505172,-3.0148886454720274
c02_recur,3,2012-04-23,48,0.09675257410416667,3.4405199309690087,3.93692590051788,-3.343767356864842,-3.8401733264137135
c02_recur,4,2012-04-24,48,-0.12169867535416667,3.4581733904470244,4.283677622841464,-3.5798720658011915,-4.40537629819563
c02_recur,1,2012-04-25,48,0.12789548795833333,3.426813023949808,4.117557667703076,-3.2989175359914746,-3.9896621797447427
c02_recur,2,2012-04-26,48,0.031396444041666666,3.402475652037417,4.274910473677725,-3.3710792079957503,-4.243514029636058
c02_recur,2,2012-04-27,33,-0.0011584061818181795,3.3663541381957773,4.220609164927933,-3.3675125443775955,-4.221767571109751
c02_recur,1,2012-04-28,17,0.1495946152352941,3.297028851375208,3.938928116344602,-3.1474342361399144,-3.789333501109308
c02_recur,4,2012-04-29,48,0.0563516495625,3.455640003693316,4.28685685465721,-3.399288354130816,-4.23050520509471
c02_recur,5,2012-04-30,48,0.067841465,3.8703262429251253,4.577686297019004,-3.8024847779251254,-4.509844832019004
c02_recur,3,2012-05-01,35,-0.011450152857142857,3.927566582627245,4.5589066870459245,-3.9390167354843877,-4.570356839903067
c02_recur,2,2012-05-02,23,0.03662533839130435,3.499854324215895,4.419789913365617,-3.4632289858245904,-4.383164574974313
c02_recur,4,2012-05-03,48,0.09201962160416667,3.5884509186053997,4.472271858022137,-3.4964312970012332,-4.380252236417969
c02_recur,1,2012-05-04,40,0.085187383475,3.668396695643198,4.451681378405253,-3.583209312168198,-4.366493994930252
c02_recur,1,2012-05-05,48,0.0777986770625,3.7889487888869566,4.622278047006593,-3.7111501118244568,-4.544479369944093
c02_recur,5,2012-05-06,46,0.009543028086956524,3.7238340853292047,4.384699210509868,-3.714291057242248,-4.375156182422912
c02_recur,5,2012-05-07,48,0.021618651333333332,3.5471893453402434,4.1528242410820395,-3.5255706940069103,-4.131205589748706
c02_recur,1,2012-05-08,48,0.19335431079166668,3.689662643289047,4.483662561261916,-3.4963083324973803,-4.290308250470249
c02_recur,2,2012-05-09,42,0.1434148763095238,3.557045602848459,4.505859470063228,-3.413630726538935,-4.362444593753705
c02_recur,2,2012-05-10,40,0.319251258275,3.2618143030594404,4.066448430710379,-2.9425630447844404,-3.7471971724353788
c02_recur,2,2012-05-11,48,0.17239545895833333,3.2354878953121595,4.02926936206704,-3.0630924363538257,-3.8568739031087067
c02_recur,1,2012-05-12,48,0.17601843233333334,3.2942963793962847,3.9360659673862757,-3.1182779470629516,-3.7600475350529425
c02_recur,2,2012-05-13,48,0.17704623283333332,3.107114396381258,3.8447104533090943,-2.9300681635479253,-3.667664220475761
c02_recur,2,2012-05-14,48,0.27600001625,3.4478421985513186,4.346509500012875,-3.1718421823013188,-4.070509483762875
c02_recur,1,2012-05-15,47,0.35306912361702125,3.623441209394116,4.388995838186398,-3.2703720857770953,-4.035926714569376
c02_recur,1,2012-05-16,48,0.4190129162291667,3.828061486102378,4.67625678017719,-3.4090485698732116,-4.257243863948023
c02_recur,1,2012-05-17,48,0.5381429567708333,3.833997866816533,4.684555069021565,-3.2958549100456995,-4.146412112250732
c02_recur,5,2012-05-18,39,0.4551124043333334,3.682261915827121,4.328463946209886,-3.227149511493787,-3.8733515418765525
c02_recur,3,2012-05-19,48,0.4896868033125,3.7277282912570033,4.305830520651897,-3.2380414879445034,-3.816143717339397
c02_recur,3,2012-05-20,48,0.47750789,3.951964270045401,4.591014864854659,-3.474456380045401,-4.113506974854659
c02_recur,3,2012-05-21,48,0.8335178516666667,3.826150409745853,4.42846587017379,-2.9926325580791864,-3.5949480185071234
c02_recur,1,2012-05-22,32,0.702621915625,3.273713820604097,3.905971699153815,-2.571091904979097,-3.203349783528815
c02_recur,5,2012-05-23,46,0.6635871663260869,3.6024828543512513,4.223820026979312,-2.938895688025164,-3.5602328606532248
c02_recur,4,2012-05-24,48,0.6281435369791667,3.6895765890720784,4.623254007675148,-3.061433052092912,-3.9951104706959817
c02_recur,3,2012-05-25,38,0.8183735249999999,4.005938121667809,4.659365541334586,-3.187564596667809,-3.840992016334586
c02_recur,2,2012-05-26,48,0.6980216629166667,3.5719010369905555,4.529444538170645,-2.873879374073889,-3.831422875253978
c02_recur,5,2012-05-27,48,0.8635254579166666,3.9300434184861395,4.658376794830903,-3.0665179605694726,-3.794851336914236
c02_recur,2,2012-05-28,45,1.0706195379333332,3.601830229946035,4.57451372246355,-2.5312106920127015,-3.503894184530217
c02_recur,3,2012-05-29,47,1.2441222806595744,3.9051198698331286,4.53130323020598,-2.6609975891735536,-3.2871809495464053
c02_recur,3,2012-05-30,39,1.3168110543589744,3.8632735459852747,4.476173000573013,-2.5464624916263006,-3.1593619462140388
c02_recur,2,2012-05-31,48,1.122336043125,3.541925119128631,4.483999157060813,-2.419589076003631,-3.3616631139358133
c02_recur,4,2012-06-01,47,1.408223744680851,3.671533244935613,4.5944795872244235,-2.263309500254762,-3.1862558425435723
c02_recur,3,2012-06-02,48,1.5114160385416666,3.9044166019817257,4.529826638744175,-2.3930005634400593,-3.0184106002025075
c02_recur,5,2012-06-03,48,1.7375850125,3.7860144949538888,4.466353078824488,-2.0484294824538885,-2.728768066324488
c02_recur,3,2012-06-04,48,1.8668908327083333,4.025919013647372,4.686618098394268,-2.1590281809390386,-2.8197272656859345
c02_recur,4,2012-06-05,48,2.0323514729166665,3.758180975251449,4.721204638929648,-1.725829502334782,-2.6888531660129815
c02_recur,1,2012-06-06,48,1.9727137145833333,3.6911328934278633,4.483546207593368,-1.7184191788445302,-2.5108324930100343
c02_recur,5,2012-06-07,48,2.1687674958333334,3.8768418805295695,4.58790164583595,-1.7080743846962358,-2.4191341500026167
c02_recur,3,2012-06-08,48,2.3881609270833333,4.224683241799608,4.943025838525895,-1.8365223147162741,-2.5548649114425617
c02_recur,4,2012-06-09,38,2.1885792210526316,3.656091180884336,4.570929438452928,-1.4675119598317046,-2.382350217400296
c02_recur,1,2012-06-10,48,2.3298899375,3.8547689420196884,4.713340778831576,-1.524879004519688,-2.3834508413315754
c02_recur,2,2012-06-11,45,2.215788988888889,3.5242178413983014,4.456855475811447,-1.3084288525094125,-2.2410664869225583
c02_recur,5,2012-06-12,47,2.466926670212766,3.562092067630295,4.169400319908186,-1.0951653974175286,-1.7024736496954196
c02_recur,5,2012-06-13,48,2.355464260416667,3.610800416210911,4.234028749265103,-1.2553361557942446,-1.8785644888484363
c02_recur,5,2012-06-14,48,2.396814725,3.6189711284470945,4.2451765918483675,-1.2221564034470944,-1.848361866848368
c02_recur,2,2012-06-15,48,2.2765174375,3.474266042077518,4.383386346089905,-1.197748604577518,-2.106868908589905
c02_recur,4,2012-06-16,48,2.12172636875,3.6248838496233144,4.5257101384794405,-1.5031574808733146,-2.4039837697294404
c02_recur,3,2012-06-17,48,2.4683254604166667,4.22089879836558,4.937990125169895,-1.7525733379489132,-2.4696646647532283
c02_recur,4,2012-06-18,48,2.57933425,3.9225386770831734,4.964733685431047,-1.3432044270831733,-2.385399435431047
c02_recur,1,2012-06-19,48,2.7591370666666664,4.055197849439294,4.995164208049213,-1.2960607827726272,-2.236027141382547
c02_recur,2,2012-06-20,48,4.0653092766666665,4.0742123189230135,5.29469727754382,-0.008903042256346852,-1.2293880008771534
c02_recur,1,2012-06-21,48,2.852546154166667,3.976227829949849,4.884302634721049,-1.123681675783182,-2.031756480554382
c02_recur,1,2012-06-22,35,2.690932479428571,3.861118351114739,4.7216280024090285,-1.1701858716861675,-2.030695522980457
c02_recur,3,2012-06-23,46,3.013371210869565,4.046324618847065,4.712015173701776,-1.0329534079775002,-1.6986439628322105
c02_recur,1,2012-06-24,48,3.617370472916667,3.8425199934610164,4.695779038574615,-0.2251495205443497,-1.0784085656579487
c02_recur,4,2012-06-25,48,3.588744060416667,3.457157460592272,4.280644948741595,0.131586599824395,-0.691900888324929
c02_recur,5,2012-06-26,48,3.3450276750000003,3.6391984309714496,4.272366956241993,-0.2941707559714494,-0.9273392812419928
c02_recur,4,2012-06-27,48,2.8715724887499996,3.5132814207919782,4.364046112263714,-0.641708932041978,-1.4924736235137133
c02_recur,2,2012-06-28,48,2.6015098025000003,3.609892200133604,4.587544717321321,-1.0083823976336037,-1.9860349148213208
c02_recur,5,2012-06-29,48,3.3835941145833335,4.074762228668045,4.8502869822221975,-0.6911681140847122,-1.4666928676388642
c02_recur,5,2012-06-30,48,2.9133323829166664,4.00435748519735,4.756554005630946,-1.091025102280683,-1.8432216227142793
c02_recur,1,2012-07-01,48,2.5759667938541666,3.884070380138297,4.754324454639796,-1.3081035862841304,-2.1783576607856285
c02_recur,3,2012-07-02,42,2.9145822404761907,4.177051727734714,4.881062711966614,-1.2624694872585236,-1.9664804714904234
c02_recur,3,2012-07-03,48,2.5154627541666668,4.260587820335248,4.989405117503236,-1.7451250661685813,-2.47394236333657
c02_recur,4,2012-07-04,48,2.6683533291666666,4.059028083586713,5.167924316275591,-1.3906747544200462,-2.499570987108924
c02_recur,3,2012-07-05,48,3.0286032791666666,4.433874247239061,5.21466412081379,-1.4052709680723938,-2.1860608416471234
c02_recur,1,2012-07-06,46,2.6821343260869566,4.207770733577396,5.212153344074176,-1.52563640749044,-2.5300190179872195
c02_recur,1,2012-07-07,44,3.637924677272727,4.0566295327277535,4.997129728307325,-0.41870485545502606,-1.3592050510345979
c02_recur,4,2012-07-08,46,2.952379802173913,3.8356916930133376,4.835547517681944,-0.8833118908394247,-1.8831677155080302
c02_recur,3,2012-07-09,48,2.5226163520833333,4.252343466965699,4.979456238369807,-1.7297271148823656,-2.4568398862864744
c02_recur,2,2012-07-10,48,3.164615041458333,4.047038418203562,5.252415373687768,-0.8824233767452285,-2.0878003322294343
c02_recur,3,2012-07-11,48,3.165003675,4.49320195793712,5.2924487522125565,-1.3281982829371195,-2.127445077212556
c02_recur,5,2012-07-12,48,2.8945481479166664,4.453300426884979,5.358767639618133,-1.5587522789683126,-2.464219491701466
c02_recur,5,2012-07-13,48,2.438382886875,4.4778341338507675,5.392200945164114,-2.0394512469757675,-2.9538180582891145
c02_recur,4,2012-07-14,48,2.6562699875,4.273397095487199,5.488548511978686,-1.617127107987199,-2.8322785244786863
c02_recur,5,2012-07-15,48,3.2690944749999997,4.596858498006429,5.553737523630576,-1.3277640230064294,-2.2846430486305755
c02_recur,5,2012-07-16,48,3.3365409666666666,4.606810701158782,5.56723364383938,-1.2702697344921152,-2.230692677172713
c02_recur,5,2012-07-17,47,3.506454780851064,4.6309353672716185,5.60039391840375,-1.1244805864205547,-2.0939391375526855
c02_recur,2,2012-07-18,48,4.31823554375,4.143166281296329,5.399887518678871,0.1750692624536706,-1.081651974928872
c02_recur,3,2012-07-19,48,4.235942120833333,4.422692955176788,5.200899782757797,-0.1867508343434547,-0.9649576619244634
c02_recur,4,2012-07-20,48,4.197089585416667,3.637657011448891,4.543797193121092,0.5594325739677752,-0.34670760770442527
c02_recur,1,2012-07-21,48,3.581241858333333,3.7466044642039282,4.5612039023444835,-0.1653626058705947,-0.9799620440111503
c02_recur,3,2012-07-22,48,3.47300988125,3.995309879148033,4.645672627659826,-0.5222999978980328,-1.1726627464098256
c02_recur,3,2012-07-23,48,3.6027254916666664,4.338371973872671,5.0906124113286335,-0.7356464822060041,-1.4878869196619668
c02_recur,5,2012-07-24,48,3.5953668183333334,4.382200559351785,5.263499124727942,-0.7868337410184522,-1.6681323063946085
c02_recur,4,2012-07-25,48,4.1132118166666665,4.276030694629726,5.493092001691014,-0.16281887796305872,-1.379880185024348
c02_recur,3,2012-07-26,47,4.945090108510638,4.757130656795207,5.637980533526225,0.1879594517154321,-0.6928904250155861
c02_recur,5,2012-07-27,46,4.631375795652175,4.65084748826478,5.627517241645096,-0.019471692612605795,-0.996141445992922
c02_recur,5,2012-07-28,48,5.015409016666667,4.642755429471398,5.616411171098264,0.3726535871952686,-0.6010021544315965
c02_recur,1,2012-07-29,48,5.191188340208334,4.475672746168394,5.59510080734887,0.7155155940399395,-0.40391246714053586
c02_recur,1,2012-07-30,48,5.172252041666667,4.512772500303341,5.648229521536862,0.6594795413633255,-0.4759774798701959
c02_recur,5,2012-07-31,48,6.134338235416667,4.52968495583828,5.46283712417432,1.6046532795783868,0.6715011112423469
c02_recur,5,2012-08-01,48,6.280896235416667,4.564217730865834,5.509716152172216,1.7166785045508328,0.7711800832444512
c02_recur,2,2012-08-02,48,6.6504443,4.266873377692138,5.591824568911064,2.383570922307862,1.0586197310889365
c02_recur,4,2012-08-03,48,7.160892158333333,4.2971533383991805,5.524334795747063,2.8637388199341527,1.6365573625862702
c02_recur,3,2012-08-04,48,6.567858770833333,4.625097321141527,5.464626347271952,1.942761449691807,1.103232423561382
c02_recur,3,2012-08-05,48,6.946719375,4.7194162896389935,5.588448495807891,2.2273030853610063,1.3582708791921088
c02_recur,4,2012-08-06,48,5.922653764583334,4.213838639340076,5.398606156393228,1.708815125243258,0.5240476081901057
c02_recur,4,2012-08-07,48,7.153456070833333,4.211775404238263,5.3963356842139945,2.9416806665950705,1.757120386619339
c02_recur,3,2012-08-08,48,7.373567145833333,4.351118370883043,5.106776334717964,3.02244877495029,2.266790811115369
c02_recur,2,2012-08-09,47,7.0186513255319145,3.90521579945553,5.034329642925308,3.113435526076385,1.9843216826066072
c02_recur,5,2012-08-10,48,6.428932797916667,4.364472497409321,5.239803903473561,2.064460300507345,1.1891288944431055
c02_recur,2,2012-08-11,48,6.577051102083334,4.182252832676764,5.460239128669261,2.394798269406569,1.1168119734140731
c02_recur,1,2012-08-12,48,6.641491183333333,4.374998730957924,5.450547971010895,2.2664924523754086,1.1909432123224386
c02_recur,2,2012-08-13,48,7.441026860416667,4.254843262977169,5.573247186105097,3.186183597439498,1.8677796743115698
c02_recur,3,2012-08-14,44,5.585122643181818,4.636964595612619,5.47977487775709,0.9481580475691996,0.1053477654247282
c02_recur,5,2012-08-15,48,6.8359822562499994,4.5348893510679105,5.469612986888811,2.30109290518209,1.3663692693611897
c02_recur,4,2012-08-16,48,7.5789022125,4.328372293067444,5.5716259814981735,3.2505299194325565,2.0072762310018266
c02_recur,4,2012-08-17,48,7.50730011875,4.326922718297376,5.569483214037475,3.180377400452624,1.937816904712526
c02_recur,1,2012-08-18,48,6.590918335416667,4.355469197346645,5.4224598766761325,2.2354491380700217,1.168458458740534
c02_recur,1,2012-08-19,48,8.61395005625,4.376530296688253,5.453135150420267,4.237419759561747,3.160814905829732
c02_recur,3,2012-08-20,48,7.9814005833333335,4.583191344813392,5.410213684345187,3.3982092385199407,2.5711868989881466
c02_recur,2,2012-08-21,48,8.186272847916667,4.216081681408586,5.513468630633657,3.97019116650808,2.67280421728301
c02_recur,4,2012-08-22,48,7.327301362499999,4.317375550103265,5.5551541764835015,3.0099258123967343,1.772147186016498
c02_recur,5,2012-08-23,48,8.517630725,4.604628860352855,5.564672397793678,3.913001864647146,2.952958327206322
c02_recur,5,2012-08-24,48,8.681626145833333,4.572818959465645,5.52141612359869,4.108807186367688,3.160210022234644
c02_recur,1,2012-08-25,48,9.249283554166666,4.411883137230492,5.504035192525979,4.837400416936175,3.7452483616406873
c02_recur,4,2012-08-26,48,9.87117175,4.284921207333945,5.506309156615966,5.586250542666055,4.364862593384035
c02_recur,4,2012-08-27,48,10.066777154166667,4.289976374587174,5.514214504738312,5.776800779579493,4.552562649428354
c02_recur,2,2012-08-28,48,9.852360588333333,4.1985750693649395,5.485938669022047,5.6537855189683945,4.3664219193112865
c02_recur,1,2012-08-29,48,21.97209148125,4.394223657974078,5.478481020805695,17.577867823275923,16.493610460444305
c02_recur,2,2012-08-30,48,28.967427914583336,4.246177797192634,5.560067152139763,24.7212501173907,23.40736076244357
c02_recur,4,2012-08-31,48,13.058101424999998,4.307617957004261,5.54043479926101,8.750483467995739,7.517666625738991
c02_recur,5,2012-09-01,46,6.837848882608696,4.498733098542588,5.420604451252338,2.3391157840661077,1.4172444313563575
c02_recur,1,2012-09-02,39,2.226128878205128,4.1826099759710855,5.17584285230877,-1.9564810977659572,-2.949713974103642
c02_recur,2,2012-09-03,44,2.9446648161363638,4.042415353925442,5.24426832727766,-1.0977505377890782,-2.2996035111412962
c02_recur,2,2012-09-04,37,2.855260219216216,4.136529511289796,5.389935019367697,-1.2812692920735798,-2.5346748001514805
c02_recur,5,2012-09-05,31,2.949354112903226,4.587413057029481,5.5409764196200815,-1.638058944126255,-2.5916223067168556
c02_recur,3,2012-09-06,38,2.514661660526316,4.520804859964423,5.328580252431118,-2.006143199438108,-2.8139185919048026
c02_recur,1,2012-09-07,42,1.6679321140476189,4.233991279635583,5.249919883699602,-2.566059165587964,-3.581987769651982
c02_recur,4,2012-09-08,48,3.0139437527083337,4.166183376322331,5.328058385957959,-1.1522396236139978,-2.3141146332496256
c02_recur,2,2012-09-09,48,4.418429550208333,4.159957063756243,5.426274514822222,0.25847248645209,-1.0078449646138885
c02_recur,5,2012-09-10,16,2.077358675,4.251387411113117,5.0865266450158195,-2.174028736113117,-3.0091679700158194
c03_recur,2,2012-04-16,17,0.2202384731764706,0.0,0.0,0.2202384731764706,0.2202384731764706
c03_recur,5,2012-04-17,44,0.08553189661363636,0.0,0.0,0.08553189661363636,0.08553189661363636
c03_recur,4,2012-04-18,46,0.10277196365217392,0.0,0.0,0.10277196365217392,0.10277196365217392
c03_recur,4,2012-04-19,48,0.13160591110416667,0.0,0.0,0.13160591110416667,0.13160591110416667
c03_recur,2,2012-04-20,47,0.19268152623404253,0.0,0.0,0.19268152623404253,0.19268152623404253
c03_recur,3,2012-04-21,48,0.31302222352083336,0.0,0.0,0.31302222352083336,0.31302222352083336
c03_recur,4,2012-04-22,47,0.22889915329787233,0.0,0.0,0.22889915329787233,0.22889915329787233
c03_recur,3,2012-04-23,48,0.09675257410416667,0.0,0.0,0.09675257410416667,0.09675257410416667
c03_recur,4,2012-04-24,48,-0.12169867535416667,0.0,0.0,-0.12169867535416667,-0.12169867535416667
c03_recur,1,2012-04-25,48,0.12789548795833333,0.0014133947732361915,0.0014135760489583334,0.12648209318509715,0.126481911909375
c03_recur,2,2012-04-26,48,0.031396444041666666,0.025746152917693194,0.0264762038046875,0.005650291123973476,0.004920240236979165
c03_recur,2,2012-04-27,33,-0.0011584061818181795,0.06779302371537574,0.06971534419772728,-0.06895142989719392,-0.07087375037954546
c03_recur,1,2012-04-28,17,0.1495946152352941,0.11310197709355821,0.11311648304968706,0.03649263814173592,0.03647813218560706
c03_recur,4,2012-04-29,48,0.0563516495625,0.1537369521543992,0.15371788665469627,-0.0973853025918992,-0.09736623709219626
c03_recur,5,2012-04-30,48,0.067841465,0.22537976387950762,0.21574779585974835,-0.1575382988795076,-0.14790633085974836
c03_recur,3,2012-05-01,35,-0.011450152857142857,0.28509208813617354,0.2754527990208257,-0.29654224099331633,-0.2869029518779686
c03_recur,2,2012-05-02,23,0.03662533839130435,0.30298390077692533,0.31157522959464484,-0.26635856238562095,-0.27494989120334046
c03_recur,4,2012-05-03,48,0.09201962160416667,0.3500215971241152,0.3499781896247309,-0.2580019755199485,-0.2579585680205642
c03_recur,1,2012-05-04,40,0.085187383475,0.3760017503024831,0.3760499746132725,-0.2908143668274831,-0.29086259113827256
c03_recur,1,2012-05-05,48,0.0777986770625,0.38656404188461635,0.3866136208679079,-0.3087653648221163,-0.3088149438054079
c03_recur,5,2012-05-06,46,0.009543028086956524,0.4580227716487496,0.43844842915719917,-0.44847974356179304,-0.4289054010702426
c03_recur,5,2012-05-07,48,0.021618651333333332,0.5435587025967213,0.5203288440231163,-0.5219400512633879,-0.49871019268978295
c03_recur,1,2012-05-08,48,0.19335431079166668,0.5859218629974172,0.5859970107274391,-0.39256755220575057,-0.39264269993577255
c03_recur,2,2012-05-09,42,0.1434148763095238,0.6269182503939882,0.6446949732401624,-0.4835033740844644,-0.5012800969306386
c03_recur,2,2012-05-10,40,0.319251258275,0.6957626074535574,0.7154914621035225,-0.37651134917855744,-0.39624020382852254
c03_recur,2,2012-05-11,48,0.17239545895833333,0.7558201309452537,0.7772519603439497,-0.5834246719869204,-0.6048565013856163
c03_recur,1,2012-05-12,48,0.17601843233333334,0.8212165689153917,0.8213218944970225,-0.6451981365820584,-0.6453034621636892
c03_recur,2,2012-05-13,48,0.17704623283333332,0.8420188389771405,0.86589489542046,-0.6649726061438072,-0.6888486625871267
c03_recur,2,2012-05-14,48,0.27600001625,0.9169943560669189,0.9429963978148872,-0.640994339816919,-0.666996381564887
c03_recur,1,2012-05-15,47,0.35306912361702125,1.025006176259674,1.02513763898921,-0.6719370526426529,-0.6720685153721888
c03_recur,1,2012-05-16,48,0.4190129162291667,1.1087543515304101,1.1088965554281163,-0.6897414353012435,-0.6898836391989497
c03_recur,1,2012-05-17,48,0.5381429567708333,1.1777359526381967,1.1778870038090017,-0.6395929958673633,-0.6397440470381685
c03_recur,5,2012-05-18,39,0.4551124043333334,1.3025934206078935,1.2469249881183126,-0.8474810162745601,-0.7918125837849793
c03_recur,3,2012-05-19,48,0.4896868033125,1.3445509938942344,1.2990901891233768,-0.8548641905817344,-0.8094033858108767
c03_recur,3,2012-05-20,48,0.47750789,1.402121353055981,1.3547140286883768,-0.924613463055981,-0.8772061386883768
c03_recur,3,2012-05-21,48,0.8335178516666667,1.4563744377715737,1.4071327546450434,-0.6228565861049069,-0.5736149029783767
c03_recur,1,2012-05-22,32,0.702621915625,1.4447464436502053,1.4449317403980382,-0.7421245280252053,-0.7423098247730382
c03_recur,5,2012-05-23,46,0.6635871663260869,1.579400467690417,1.5119022392189383,-0.91581330136433,-0.8483150728928515
c03_recur,4,2012-05-24,48,0.6281435369791667,1.5703906832370114,1.570195933161085,-0.9422471462578447,-0.9420523961819184
c03_recur,3,2012-05-25,38,0.8183735249999999,1.6741190806154531,1.61751520241921,-0.8557455556154532,-0.7991416774192102
c03_recur,2,2012-05-26,48,0.6980216629166667,1.6356964689509574,1.6820778317055642,-0.9376748060342908,-0.9840561687888977
c03_recur,5,2012-05-27,48,0.8635254579166666,1.8176133065394502,1.7399346678741061,-0.9540878486227834,-0.8764092099574393
c03_recur,2,2012-05-28,45,1.0706195379333332,1.7352317454508188,1.784435503346488,-0.6646122075174853,-0.7138159654131546
c03_recur,3,2012-05-29,47,1.2441222806595744,1.8864980220548992,1.8227133692818167,-0.6423757413953246,-0.5785910886222421
c03_recur,3,2012-05-30,39,1.3168110543589744,1.9561110001855593,1.889972653114018,-0.6392999458265849,-0.5731615987550435
c03_recur,2,2012-05-31,48,1.122336043125,1.902738286806727,1.9566918144829601,-0.7804022436817273,-0.8343557713579601
c03_recur,4,2012-06-01,47,1.408223744680851,2.023547043054279,2.023296095347774,-0.615323298373428,-0.6150723506669229
c03_recur,3,2012-06-02,48,1.5114160385416666,2.1791643353418126,2.1054843002502,-0.6677482968001457,-0.5940682617085331
c03_recur,5,2012-06-03,48,1.7375850125,2.283911987363184,2.186305321868637,-0.5463269748631837,-0.4487203093686373
c03_recur,3,2012-06-04,48,1.8668908327083333,2.340134686653417,2.2610120601330643,-0.47324385394508406,-0.394121227424731
c03_recur,4,2012-06-05,48,2.0323514729166665,2.3280374327363362,2.327748724027335,-0.29568595981966955,-0.29539725111066856
c03_recur,1,2012-06-06,48,1.9727137145833333,2.3926817856251255,2.392988660340356,-0.4199680710417923,-0.42027494575702273
c03_recur,5,2012-06-07,48,2.1687674958333334,2.5656981444004976,2.4560488926228037,-0.39693064856716403,-0.2872813967894706
c03_recur,3,2012-06-08,48,2.3881609270833333,2.598966981254715,2.5110929392308248,-0.210806054171382,-0.12293201214749144
c03_recur,4,2012-06-09,38,2.1885792210526316,2.5593530211895206,2.5590356261613154,-0.3707738001368888,-0.37045640510868383
c03_recur,1,2012-06-10,48,2.3298899375,2.6448714719528055,2.645210691394627,-0.31498153445280525,-0.3153207538946269
c03_recur,2,2012-06-11,45,2.215788988888889,2.654285140020618,2.7295493251982106,-0.438496151131729,-0.5137603363093214
c03_recur,5,2012-06-12,47,2.466926670212766,2.9396376918973135,2.8140075299402207,-0.47271102168454743,-0.3470808597274549
c03_recur,5,2012-06-13,48,2.355464260416667,3.0291820433702923,2.8997250590095747,-0.6737177829536257,-0.5442607985929081
c03_recur,5,2012-06-14,48,2.396814725,3.115909622010623,2.9827461945801477,-0.7190948970106228,-0.5859314695801477
c03_recur,2,2012-06-15,48,2.2765174375,2.94800011931498,3.0315928063018664,-0.6714826818149802,-0.7550753688018664
c03_recur,4,2012-06-16,48,2.12172636875,3.0523483784561862,3.05196984521296,-0.9306220097061862,-0.9302434764629601
c03_recur,3,2012-06-17,48,2.4683254604166667,3.1842996660905882,3.0766348574597306,-0.7159742056739214,-0.6083093970430643
c03_recur,4,2012-06-18,48,2.57933425,3.097032372071734,3.096648297397804,-0.5176981220717339,-0.5173140473978038
c03_recur,1,2012-06-19,48,2.7591370666666664,3.1030385042189557,3.103436486124887,-0.3439014375522888,-0.34429941945822057
c03_recur,2,2012-06-20,48,4.0653092766666665,3.049174965718562,3.135636539043325,1.0161343109481045,0.9296727376233419
c03_recur,1,2012-06-21,48,2.852546154166667,3.1519015266775434,3.152305775537231,-0.299355372510877,-0.2997596213705644
c03_recur,1,2012-06-22,35,2.690932479428571,3.1730870510190456,3.1734940170397814,-0.4821545715904743,-0.48256153761121023
c03_recur,3,2012-06-23,46,3.013371210869565,3.3066475305249305,3.1948460008589925,-0.2932763196553654,-0.18147478998942757
c03_recur,1,2012-06-24,48,3.617370472916667,3.2062998414472523,3.2067110671926478,0.4110706314694143,0.41065940572401877
c03_recur,4,2012-06-25,48,3.588744060416667,3.2081634362633644,3.20776557980671,0.3805806241533018,0.38097848060995626
c03_recur,5,2012-06-26,48,3.3450276750000003,3.350974901396573,3.20776557980671,-0.005947226396572862,0.13726209519328958
c03_recur,4,2012-06-27,48,2.8715724887499996,3.2081634362633644,3.20776557980671,-0.3365909475133649,-0.3361930910567104
c03_recur,2,2012-06-28,48,2.6015098025000003,3.1193151310912075,3.20776557980671,-0.5178053285912075,-0.6062557773067104
c03_recur,5,2012-06-29,48,3.3835941145833335,3.3512797143564885,3.2080573660927523,0.03231440022684457,0.1755367484905813
c03_recur,5,2012-06-30,48,2.9133323829166664,3.377201055847993,3.2328709172131163,-0.4638686729313261,-0.31953853429644974
c03_recur,1,2012-07-01,48,2.5759667938541666,3.2801735268704246,3.2805942273258766,-0.7042067330162579,-0.7046274334717103
c03_recur,3,2012-07-02,42,2.9145822404761907,3.446364012032744,3.3298385085510556,-0.5317817715565534,-0.41525626807486493
c03_recur,3,2012-07-03,48,2.5154627541666668,3.5004343560569797,3.382080672487856,-0.9849716018903131,-0.8666179183211892
c03_recur,4,2012-07-04,48,2.6683533291666666,3.4306924385690234,3.4302669854508765,-0.7623391094023565,-0.7619136562842103
c03_recur,3,2012-07-05,48,3.0286032791666666,3.5859644880683046,3.464718933048377,-0.5573612089016377,-0.4361156538817102
c03_recur,1,2012-07-06,46,2.6821343260869566,3.507279284396577,3.5077291124255687,-0.8251449583096203,-0.8255947863386123
c03_recur,1,2012-07-07,44,3.637924677272727,3.5747025976762363,3.575161073119267,0.06322207959649079,0.06276360415346029
c03_recur,4,2012-07-08,46,2.952379802173913,3.6822620832500963,3.6818054320307865,-0.7298822810761834,-0.7294256298568732
c03_recur,3,2012-07-09,48,2.5226163520833333,3.915993785470185,3.7835895629649916,-1.393377433386852,-1.260973210881658
c03_recur,2,2012-07-10,48,3.164615041458333,3.771875542522537,3.878829816205825,-0.6072605010642042,-0.7142147747474915
c03_recur,3,2012-07-11,48,3.165003675,4.112032578409141,3.9730000604106688,-0.9470289034091409,-0.8079963854106685
c03_recur,5,2012-07-12,48,2.8945481479166664,4.23847179003969,4.057333856306919,-1.343923642123024,-1.162785708390252
c03_recur,5,2012-07-13,48,2.438382886875,4.329808282774708,4.144766936588585,-1.8914253958997087,-1.7063840497135854
c03_recur,4,2012-07-14,48,2.6562699875,4.2442598590453136,4.243733512360616,-1.587989871545313,-1.5874635248606166
c03_recur,5,2012-07-15,48,3.2690944749999997,4.526565838071327,4.333115740151502,-1.2574713630713268,-1.064021265151502
c03_recur,5,2012-07-16,48,3.3365409666666666,4.591851878125861,4.3956116758988975,-1.255310911459194,-1.0590707092322311
c03_recur,5,2012-07-17,47,3.506454780851064,4.644596936505803,4.4461025890673485,-1.1381421556547386,-0.9396478082162847
c03_recur,2,2012-07-18,48,4.31823554375,4.367059338222517,4.4908904812137935,-0.04882379447251717,-0.1726549374637936
c03_recur,3,2012-07-19,48,4.235942120833333,4.696130282652265,4.537348754151189,-0.4601881618189318,-0.3014066333178561
c03_recur,4,2012-07-20,48,4.197089585416667,4.582228087148202,4.581659827747909,-0.38513850173153563,-0.38457024233124165
c03_recur,1,2012-07-21,48,3.581241858333333,4.627283108546166,4.627876583280147,-1.0460412502128331,-1.0466347249468144
c03_recur,3,2012-07-22,48,3.47300988125,4.845563716750902,4.681729673168846,-1.3725538355009013,-1.2087197919188457
c03_recur,3,2012-07-23,48,3.6027254916666664,4.9118215795565385,4.745747281957179,-1.3090960878898716,-1.1430217902905124
c03_recur,5,2012-07-24,48,3.5953668183333334,5.029712931197023,4.81476003006718,-1.4343461128636894,-1.2193932117338457
c03_recur,4,2012-07-25,48,4.1132118166666665,4.880007219385144,4.879402031270721,-0.7667954027184772,-0.766190214604054
c03_recur,3,2012-07-26,47,4.945090108510638,5.104143437058886,4.931566517798625,-0.1590533285482473,0.01352359071201318
c03_recur,5,2012-07-27,46,4.631375795652175,5.19290901056519,4.9709816615507325,-0.5615332149130158,-0.3396058658985581
c03_recur,5,2012-07-28,48,5.015409016666667,5.225070794857757,5.001768960075669,-0.20966177819109055,0.013640056590998003
c03_recur,1,2012-07-29,48,5.191188340208334,5.058779683771783,5.059428500335772,0.13240865643655075,0.13175983987256054
c03_recur,1,2012-07-30,48,5.172252041666667,5.147821664920458,5.148481901612596,0.02443037674620883,0.023770140054070948
c03_recur,5,2012-07-31,48,6.134338235416667,5.476852617115366,5.242790479730252,0.6574856183013004,0.8915477556864148
c03_recur,5,2012-08-01,48,6.280896235416667,5.571752104863702,5.333634284681918,0.7091441305529643,0.947261950734748
c03_recur,2,2012-08-02,48,6.6504443,5.268528998570368,5.417921969273898,1.381915301429632,1.2325223307261022
c03_recur,4,2012-08-03,48,7.160892158333333,5.502145143707916,5.501462801921293,1.6587470146254173,1.6594293564120395
c03_recur,3,2012-08-04,48,6.567858770833333,5.783308695363661,5.587768423017387,0.7845500754696729,0.980090347815946
c03_recur,3,2012-08-05,48,6.946719375,5.884296622155619,5.685341832662023,1.0624227528443804,1.261377542337977
c03_recur,4,2012-08-06,48,5.922653764583334,5.804251715978279,5.803531908815356,0.11840204860505392,0.11912185576797714
c03_recur,4,2012-08-07,48,7.153456070833333,5.936040182593604,5.935304031845512,1.2174158882397288,1.2181520389878207
c03_recur,3,2012-08-08,48,7.373567145833333,6.266276080373976,6.054406129123481,1.1072910654593568,1.319161016709852
c03_recur,2,2012-08-09,47,7.0186513255319145,5.991161025318464,6.161044752593838,1.0274903002134517,0.857606572938077
c03_recur,5,2012-08-10,48,6.428932797916667,6.54713896768341,6.267336415439367,-0.11820616976674365,0.1615963824773001
c03_recur,2,2012-08-11,48,6.577051102083334,6.198454681721167,6.374216371354991,0.37859642036216606,0.2028347307283416
c03_recur,1,2012-08-12,48,6.641491183333333,6.47710168723617,6.477932411466919,0.16438949609716305,0.1635587718664146
c03_recur,2,2012-08-13,48,7.441026860416667,6.393380808552148,6.574669770250512,1.0476460518645179,0.8663570901661543
c03_recur,3,2012-08-14,44,5.585122643181818,6.898444391546297,6.665200107669494,-1.313321748364479,-1.0800774644876763
c03_recur,5,2012-08-15,48,6.8359822562499994,7.060860938406812,6.759103648488534,-0.22487868215681162,0.07687860776146667
c03_recur,4,2012-08-16,48,7.5789022125,6.850996635068884,6.8501470171177,0.727905577431116,0.7287551953823
c03_recur,4,2012-08-17,48,7.50730011875,6.937742000099431,6.936881624528117,0.5695581186505692,0.5704184942218832
c03_recur,1,2012-08-18,48,6.590918335416667,7.027927706366142,7.0288290770902,-0.43700937094947445,-0.43791074167353333
c03_recur,1,2012-08-19,48,8.61395005625,7.126606470059609,7.127520496882648,1.4873435861903914,1.486429559367352
c03_recur,3,2012-08-20,48,7.9814005833333335,7.4792417846785035,7.22636007758718,0.5021587986548303,0.755040505746154
c03_recur,2,2012-08-21,48,8.186272847916667,7.1200445654690645,7.3219386063798355,1.066228282447602,0.8643342415368312
c03_recur,4,2012-08-22,48,7.327301362499999,7.417822103912051,7.416902191795043,-0.09052074141205056,-0.0896008292950436
c03_recur,5,2012-08-23,48,8.517630725,7.848724657207769,7.51329673948869,0.6689060677922308,1.0043339855113105
c03_recur,5,2012-08-24,48,8.681626145833333,7.951482554724508,7.611663112382179,0.7301435911088254,1.069963033451154
c03_recur,1,2012-08-25,48,9.249283554166666,7.719429965432824,7.720420025158533,1.5298535887338416,1.5288635290081334
c03_recur,4,2012-08-26,48,9.87117175,7.8424385488896,7.841465978484575,2.0287332011104,2.029705771515425
c03_recur,4,2012-08-27,48,10.066777154166667,7.944191602966874,7.943206413781554,2.1225855511997933,2.1235707403851123
c03_recur,2,2012-08-28,48,9.852360588333333,7.775635708905523,7.996119513393846,2.0767248794278097,1.8562410749394875
c03_recur,1,2012-08-29,48,21.97209148125,8.015135582602376,8.016163568214262,13.956955898647623,13.955927913035737
c03_recur,2,2012-08-30,48,28.967427914583336,7.81251831340646,8.034047950964158,21.154909601176875,20.933379963619174
c03_recur,4,2012-08-31,48,13.058101424999998,8.052484958184806,8.051486339131761,5.005616466815194,5.006615085868238
c03_recur,5,2012-09-01,46,6.837848882608696,8.428824130476775,8.068604725364917,-1.5909752478680799,-1.2307558427562213
c03_recur,1,2012-09-02,39,2.226128878205128,8.089436745815357,8.090474260963697,-5.863307867610228,-5.86434538275857
c03_recur,2,2012-09-03,44,2.9446648161363638,7.889332998935926,8.11304077275671,-4.944668182799561,-5.168375956620347
c03_recur,2,2012-09-04,37,2.855260219216216,7.90376455280566,8.127881543830156,-5.0485043335894435,-5.27262132461394
c03_recur,5,2012-09-05,31,2.949354112903226,8.51516630154969,8.151256924382597,-5.565812188646466,-5.201902811479372
c03_recur,3,2012-09-06,38,2.514661660526316,8.45041342995827,8.164695300324738,-5.935751769431953,-5.650033639798421
c03_recur,1,2012-09-07,42,1.6679321140476189,8.185394531460933,8.186444353727723,-6.517462417413314,-6.518512239680103
c03_recur,4,2012-09-08,48,3.0139437527083337,8.204140789691518,8.203123363226398,-5.190197036983185,-5.189179610518065
c03_recur,2,2012-09-09,48,4.418429550208333,7.993874508590415,8.220546632933585,-3.5754449583820818,-3.802117082725252
c03_recur,5,2012-09-10,16,2.077358675,8.599531885429723,8.232017008851711,-6.522173210429724,-6.154658333851711
c05_recur,2,2012-04-16,17,0.2202384731764706,0.0,0.0,0.2202384731764706,0.2202384731764706
c05_recur,5,2012-04-17,44,0.08553189661363636,0.0,0.0,0.08553189661363636,0.08553189661363636
c05_recur,4,2012-04-18,46,0.10277196365217392,0.0,0.0,0.10277196365217392,0.10277196365217392
c05_recur,4,2012-04-19,48,0.13160591110416667,0.0,0.0,0.13160591110416667,0.13160591110416667
c05_recur,2,2012-04-20,47,0.19268152623404253,0.0,0.0,0.19268152623404253,0.19268152623404253
c05_recur,3,2012-04-21,48,0.31302222352083336,0.0,0.0,0.31302222352083336,0.31302222352083336
c05_recur,4,2012-04-22,47,0.22889915329787233,0.0,0.0,0.22889915329787233,0.22889915329787233
c05_recur,3,2012-04-23,48,0.09675257410416667,0.0,0.0,0.09675257410416667,0.09675257410416667
c05_recur,4,2012-04-24,48,-0.12169867535416667,0.0,0.0,-0.12169867535416667,-0.12169867535416667
c05_recur,1,2012-04-25,48,0.12789548795833333,0.0008502959935139639,0.0008503833672140262,0.12704519196481937,0.1270451045911193
c05_recur,2,2012-04-26,48,0.031396444041666666,0.016934921927242736,0.017416505473750465,0.014461522114423935,0.013979938567916203
c05_recur,2,2012-04-27,33,-0.0011584061818181795,0.043675295326974305,0.04491730303794587,-0.04483370150879249,-0.04607570921976405
c05_recur,1,2012-04-28,17,0.1495946152352941,0.06247509587689401,0.06248151561817252,0.08711951935840012,0.0871130996171216
c05_recur,4,2012-04-29,48,0.0563516495625,0.10742192927648703,0.10607131711764888,-0.051070279713987025,-0.04971966755514887
c05_recur,5,2012-04-30,48,0.067841465,0.17281206597853335,0.16268611098224553,-0.10497060097853333,-0.09484464598224555
c05_recur,3,2012-05-01,35,-0.011450152857142857,0.2140020654367228,0.2062902699023479,-0.22545221829386566,-0.21774042275949074
c05_recur,2,2012-05-02,23,0.03662533839130435,0.211483666385005,0.2174976919898299,-0.17485832799370066,-0.18087235359852552
c05_recur,4,2012-05-03,48,0.09201962160416667,0.25431376620405094,0.2511162881182585,-0.16229414459988425,-0.15909666651409182
c05_recur,1,2012-05-04,40,0.085187383475,0.26641412129601416,0.26644149716007093,-0.18122673782101412,-0.18125411368507094
c05_recur,1,2012-05-05,48,0.0777986770625,0.2975689293403946,0.29759950657300344,-0.2197702522778946,-0.21980082951050348
c05_recur,5,2012-05-06,46,0.009543028086956524,0.32252406906749215,0.30362571153612206,-0.3129810409805356,-0.29408268344916555
c05_recur,5,2012-05-07,48,0.021618651333333332,0.34719050463344076,0.32684681274393246,-0.32557185330010746,-0.3052281614105991
c05_recur,1,2012-05-08,48,0.19335431079166668,0.4261935590171964,0.42623735330586543,-0.23283924822552973,-0.23288304251419878
c05_recur,2,2012-05-09,42,0.1434148763095238,0.4558932039541022,0.4688575782176648,-0.3124783276445784,-0.32544270190814106
c05_recur,2,2012-05-10,40,0.319251258275,0.41249563723805,0.4242259016439639,-0.09324437896304999,-0.1049746433689639
c05_recur,2,2012-05-11,48,0.17239545895833333,0.44341754357373886,0.45602714367319175,-0.2710220846154055,-0.28363168471485845
c05_recur,1,2012-05-12,48,0.17601843233333334,0.45848610542947527,0.45853321799705654,-0.28246767309614196,-0.2825147856637233
c05_recur,2,2012-05-13,48,0.17704623283333332,0.45717211934598767,0.47017286251711027,-0.2801258865126543,-0.29312662968377695
c05_recur,2,2012-05-14,48,0.27600001625,0.6301157257783051,0.648034519099841,-0.3541157095283052,-0.372034502849841
c05_recur,1,2012-05-15,47,0.35306912361702125,0.7062313553587938,0.7063039254368471,-0.3531622317417725,-0.3532348018198258
c05_recur,1,2012-05-16,48,0.4190129162291667,0.8716984284396107,0.8717880013855167,-0.4526855122104439,-0.4527750851563501
c05_recur,1,2012-05-17,48,0.5381429567708333,0.9289624458645463,0.9290579030779559,-0.39081948909371295,-0.3909149463071226
c05_recur,5,2012-05-18,39,0.4551124043333334,0.8893743629680768,0.8372613075325521,-0.4342619586347435,-0.38214890319921874
c05_recur,3,2012-05-19,48,0.4896868033125,0.9117629232012042,0.8789065616272982,-0.42207611988870414,-0.3892197583147982
c05_recur,3,2012-05-20,48,0.47750789,1.0659810239486747,1.02756724657022,-0.5884731339486746,-0.5500593565702199
c05_recur,3,2012-05-21,48,0.8335178516666667,1.0255767639337294,0.9886189976985181,-0.1920589122670627,-0.15510114603185138
c05_recur,1,2012-05-22,32,0.702621915625,0.7880474763803331,0.7881284536216249,-0.08542556075533317,-0.08550653799662487
c05_recur,5,2012-05-23,46,0.6635871663260869,1.0300751522415232,0.9697177080125559,-0.3664879859154362,-0.3061305416864688
c05_recur,4,2012-05-24,48,0.6281435369791667,1.2285860311329615,1.2131390619433093,-0.6004424941537949,-0.5849955249641429
c05_recur,3,2012-05-25,38,0.8183735249999999,1.3029628890010638,1.256009214192604,-0.48458936400106395,-0.4376356891926041
c05_recur,2,2012-05-26,48,0.6980216629166667,1.205897555821906,1.2401900328792403,-0.5078758929052395,-0.5421683699625737
c05_recur,5,2012-05-27,48,0.8635254579166666,1.445365238988992,1.3606737952502235,-0.5818397810723254,-0.49714833733355696
c05_recur,2,2012-05-28,45,1.0706195379333332,1.3035905668164929,1.340661169861412,-0.2329710288831596,-0.2700416319280785
c05_recur,3,2012-05-29,47,1.2441222806595744,1.4001897691679475,1.3497324187348527,-0.15606748850837304,-0.10561013807527828
c05_recur,3,2012-05-30,39,1.3168110543589744,1.407615787643832,1.3568908326154094,-0.09080473328485755,-0.04007977825643497
c05_recur,2,2012-05-31,48,1.122336043125,1.3733828757081559,1.4124381839545166,-0.2510468325831558,-0.29010214082951663
c05_recur,4,2012-06-01,47,1.408223744680851,1.5511466800933542,1.5316441671485037,-0.14292293541250312,-0.12342042246765254
c05_recur,3,2012-06-02,48,1.5114160385416666,1.6123454800525423,1.5542428694652843,-0.10092944151087553,-0.04282683092361781
c05_recur,5,2012-06-03,48,1.7375850125,1.6653727168050783,1.5677898941767756,0.0722122956949218,0.16979511832322444
c05_recur,3,2012-06-04,48,1.8668908327083333,1.8560111842090061,1.7891278168315774,0.01087964849932709,0.07776301587675588
c05_recur,4,2012-06-05,48,2.0323514729166665,1.8810171399210247,1.8573671772246614,0.151334332995642,0.17498429569200533
c05_recur,1,2012-06-06,48,1.9727137145833333,1.7202843923825004,1.720461163311293,0.25242932220083275,0.2522525512720403
c05_recur,5,2012-06-07,48,2.1687674958333334,1.9815116764383698,1.8654046329479799,0.18725581939496352,0.3033628628853535
c05_recur,3,2012-06-08,48,2.3881609270833333,2.2839147389277565,2.2016114048519273,0.10424618815557674,0.18654952223140608
c05_recur,4,2012-06-09,38,2.1885792210526316,1.9358546228365885,1.9115151903859147,0.2527245982160429,0.2770640306667169
c05_recur,1,2012-06-10,48,2.3298899375,2.1070823238171172,2.107298840865736,0.2228076136828827,0.2225910966342641
c05_recur,2,2012-06-11,45,2.215788988888889,1.8882009880720954,1.9418963361972232,0.3275880008167937,0.2738926526916658
c05_recur,5,2012-06-12,47,2.466926670212766,1.8569647425558917,1.7481555497119738,0.6099619276568742,0.7187711205007922
c05_recur,5,2012-06-13,48,2.355464260416667,1.9781310892804835,1.8622221319204106,0.37733317113618314,0.49324212849625604
c05_recur,5,2012-06-14,48,2.396814725,2.049344725729057,1.9292629921584974,0.34746999927094296,0.4675517328415024
c05_recur,2,2012-06-15,48,2.2765174375,2.036849176772597,2.0947716788346544,0.23966826072740274,0.18174575866534534
c05_recur,4,2012-06-16,48,2.12172636875,2.2672593976742106,2.238753224583079,-0.1455330289242103,-0.11702685583307855
c05_recur,3,2012-06-17,48,2.4683254604166667,2.790426185572615,2.6898701645221337,-0.32210072515594873,-0.22154470410546687
c05_recur,4,2012-06-18,48,2.57933425,2.7711659072103836,2.736324135203079,-0.19183165721038362,-0.15698988520307958
c05_recur,1,2012-06-19,48,2.7591370666666664,2.769204643684672,2.7694891983077614,-0.010067577018005355,-0.010352131641094503
c05_recur,2,2012-06-20,48,4.0653092766666665,3.0695112551122894,3.1567998840550886,0.9957980215543772,0.9085093926115776
c05_recur,1,2012-06-21,48,2.852546154166667,2.6957636647361682,2.696040672798864,0.15678248943049833,0.15650548136780215
c05_recur,1,2012-06-22,35,2.690932479428571,2.530871479244747,2.5311315435132022,0.16006100018382452,0.15980093591536904
c05_recur,3,2012-06-23,46,3.013371210869565,2.637900526330909,2.542840932127605,0.37547068453865584,0.4705302787419604
c05_recur,1,2012-06-24,48,3.617370472916667,2.5319984321835713,2.5322586122541106,1.0853720407330953,1.0851118606625558
c05_recur,4,2012-06-25,48,3.588744060416667,2.127708203615402,2.100956602805234,1.4610358568012647,1.4877874576114323
c05_recur,5,2012-06-26,48,3.3450276750000003,2.236073511390044,2.1050503700571963,1.1089541636099562,1.239977304942804
c05_recur,4,2012-06-27,48,2.8715724887499996,2.2240425431192543,2.1960797340285816,0.6475299456307456,0.6754927547214186
c05_recur,2,2012-06-28,48,2.6015098025000003,2.3627909320082714,2.4299823393015267,0.23871887049172866,0.1715274631984732
c05_recur,5,2012-06-29,48,3.3835941145833335,2.8724549488930022,2.7041429194252924,0.5111391656903314,0.679451195158041
c05_recur,5,2012-06-30,48,2.9133323829166664,2.7882000799226874,2.6248249800992163,0.12513230299397915,0.2885074028174503
c05_recur,1,2012-07-01,48,2.5759667938541666,2.656995965281186,2.657268989698928,-0.0810291714270192,-0.08130219584476096
c05_recur,3,2012-07-02,42,2.9145822404761907,2.950000725194864,2.843694263280424,-0.03541848471867359,0.07088797719576645
c05_recur,3,2012-07-03,48,2.5154627541666668,3.1303818150286045,3.0175751257438037,-0.614919060861938,-0.5021123715771371
c05_recur,4,2012-07-04,48,2.6683533291666666,3.327556437117821,3.285719186442272,-0.6592031079511548,-0.6173658572756058
c05_recur,3,2012-07-05,48,3.0286032791666666,3.4991033020520046,3.37300933579045,-0.470500022885338,-0.3444060566237834
c05_recur,1,2012-07-06,46,2.6821343260869566,3.41316519440791,3.4135159203600898,-0.7310308683209539,-0.7313815942731333
c05_recur,1,2012-07-07,44,3.637924677272727,3.1912209438064534,3.1915488634764313,0.4467037334662743,0.4463758137962961
c05_recur,4,2012-07-08,46,2.952379802173913,3.1206039414116318,3.0813686972247503,-0.16822413923771834,-0.1289888950508376
c05_recur,3,2012-07-09,48,2.5226163520833333,3.5006416316463658,3.3744922300165965,-0.9780252795630323,-0.851875877933263
c05_recur,2,2012-07-10,48,3.164615041458333,3.7352215929849906,3.841441230103498,-0.5706065515266575,-0.6768261886451644
c05_recur,3,2012-07-11,48,3.165003675,4.14031044430771,3.9911098862188026,-0.9753067693077103,-0.8261062112188026
c05_recur,5,2012-07-12,48,2.8945481479166664,4.422808036543436,4.163652780909712,-1.5282598886267689,-1.2691046329930449
c05_recur,5,2012-07-13,48,2.438382886875,4.57886262792082,4.3105633246171395,-2.1404797410458207,-1.8721804377421394
c05_recur,4,2012-07-14,48,2.6562699875,4.634603949582151,4.576333236256999,-1.978333962082151,-1.9200632487569986
c05_recur,5,2012-07-15,48,3.2690944749999997,5.081325854648556,4.783584625560788,-1.8122313796485559,-1.5144901505607884
c05_recur,5,2012-07-16,48,3.3365409666666666,5.179322041464092,4.875838707669208,-1.842781074797425,-1.5392977410025406
c05_recur,5,2012-07-17,47,3.506454780851064,5.307897471142853,4.996880236244574,-1.801442690291789,-1.4904254553935106
c05_recur,2,2012-07-18,48,4.31823554375,4.560030356846025,4.6897053326662625,-0.24179481309602457,-0.3714697889162626
c05_recur,3,2012-07-19,48,4.235942120833333,4.571494297167395,4.4067555632941,-0.3355521763340618,-0.1708134424607662
c05_recur,4,2012-07-20,48,4.197089585416667,3.4241587713546604,3.3811069429102036,0.7729308140620059,0.815982642506463
c05_recur,1,2012-07-21,48,3.581241858333333,3.4462234903150555,3.446577613232119,0.13501836801827807,0.13466424510121455
c05_recur,3,2012-07-22,48,3.47300988125,3.7492089174444296,3.6141021252366894,-0.27619903619442976,-0.1410922439866896
c05_recur,3,2012-07-23,48,3.6027254916666664,4.574890514760774,4.410029394518838,-0.9721650230941076,-0.8073039028521715
c05_recur,5,2012-07-24,48,3.5953668183333334,5.078903335358819,4.781304054237281,-1.4835365170254855,-1.1859372359039473
c05_recur,4,2012-07-25,48,4.1132118166666665,5.3450297455678415,5.277826873562677,-1.2318179289011744,-1.1646150568960107
c05_recur,3,2012-07-26,47,4.945090108510638,5.824553659391544,5.614659578189303,-0.8794635508809057,-0.669569469678665
c05_recur,5,2012-07-27,46,4.631375795652175,5.993250736243823,5.6420750999071085,-1.3618749405916486,-1.0106993042549348
c05_recur,5,2012-07-28,48,5.015409016666667,6.004327598535817,5.6525029114026,-0.9889185818691509,-0.6370938947359334
c05_recur,1,2012-07-29,48,5.191188340208334,5.6717034885824456,5.6722862947149375,-0.48051514837411197,-0.48109795450660475
c05_recur,1,2012-07-30,48,5.172252041666667,5.87812369919099,5.878727716404924,-0.7058716575243231,-0.7064756747382582
c05_recur,5,2012-07-31,48,6.134338235416667,5.953360564789719,5.6045223004336675,0.18097767062694717,0.5298159349829995
c05_recur,5,2012-08-01,48,6.280896235416667,6.162299209929825,5.8012181469839055,0.11859702548684221,0.4796780884327619
c05_recur,2,2012-08-02,48,6.6504443,5.902052396100394,6.069890862483643,0.7483919038996062,0.5805534375163571
c05_recur,4,2012-08-03,48,7.160892158333333,6.085704294945464,6.009188947742088,1.075187863387869,1.151703210591245
c05_recur,3,2012-08-04,48,6.567858770833333,6.198107306473779,5.9747518161886894,0.3697514643595545,0.5931069546446437
c05_recur,3,2012-08-05,48,6.946719375,6.59833855434787,6.360560298825567,0.3483808206521295,0.5861590761744324
c05_recur,4,2012-08-06,48,5.922653764583334,6.124259230682372,6.047259133620749,-0.20160546609903876,-0.12460536903741502
c05_recur,4,2012-08-07,48,7.153456070833333,6.272511824319829,6.1936477525847415,0.8809442465135039,0.959808318248592
c05_recur,3,2012-08-08,48,7.373567145833333,5.861787677687123,5.650551828425622,1.5117794681462102,1.723015317407711
c05_recur,2,2012-08-09,47,7.0186513255319145,5.442995218384822,5.5977793356164245,1.5756561071470934,1.4208719899154902
c05_recur,5,2012-08-10,48,6.428932797916667,6.558019710200589,6.1737513312871135,-0.12908691228392122,0.2551814666295537
c05_recur,2,2012-08-11,48,6.577051102083334,6.616135451641157,6.804280515944718,-0.0390843495578242,-0.2272294138613855
c05_recur,1,2012-08-12,48,6.641491183333333,6.887374842682383,6.888082567319817,-0.24588365934904877,-0.24659138398648306
c05_recur,2,2012-08-13,48,7.441026860416667,7.117035834724795,7.319425156189319,0.3239910256918723,0.12160170422734683
c05_recur,3,2012-08-14,44,5.585122643181818,7.421323193707537,7.153887797943522,-1.8362005505257193,-1.5687651547617039
c05_recur,5,2012-08-15,48,6.8359822562499994,7.687023576112158,7.236601006678932,-0.8510413198621581,-0.4006187504289333
c05_recur,4,2012-08-16,48,7.5789022125,7.712308202736278,7.615341621503942,-0.1334059902362782,-0.036439409003941416
c05_recur,4,2012-08-17,48,7.50730011875,7.8046586626439876,7.706530962309938,-0.2973585438939872,-0.19923084355993873
c05_recur,1,2012-08-18,48,6.590918335416667,7.392776262389925,7.393535920462767,-0.8018579269732585,-0.8026175850461005
c05_recur,1,2012-08-19,48,8.61395005625,7.593461898972418,7.594242178860195,1.0204881572775815,1.0197078773898054
c05_recur,3,2012-08-20,48,7.9814005833333335,7.870681617403399,7.587053105567725,0.11071896592993491,0.39434747776560863
c05_recur,2,2012-08-21,48,8.186272847916667,7.763741117615528,7.984520994703389,0.42253173030113816,0.20175185321327707
c05_recur,4,2012-08-22,48,7.327301362499999,8.30340825120782,8.19900978974458,-0.9761068887078204,-0.8717084272445798
c05_recur,5,2012-08-23,48,8.517630725,8.857060432787927,8.338079337145262,-0.3394297077879264,0.179551387854739
c05_recur,5,2012-08-24,48,8.681626145833333,8.831348081081837,8.313873605447158,-0.1497219352485037,0.3677525403861761
c05_recur,1,2012-08-25,48,9.249283554166666,8.386467326461313,8.3873290930536,0.8628162277053536,0.8619544611130676
c05_recur,4,2012-08-26,48,9.87117175,8.627131680782641,8.518663055964213,1.2440400692173599,1.3525086940357864
c05_recur,4,2012-08-27,48,10.066777154166667,8.770351717523587,8.660082392193502,1.2964254366430794,1.4066947619731653
c05_recur,2,2012-08-28,48,9.852360588333333,8.38523061898774,8.623683982819385,1.4671299693455937,1.2286766055139478
c05_recur,1,2012-08-29,48,21.97209148125,8.619236444534197,8.620122129737485,13.352855036715804,13.351969351512516
c05_recur,2,2012-08-30,48,28.967427914583336,8.659422425234398,8.90567306519421,20.308005489348936,20.061754849389125
c05_recur,4,2012-08-31,48,13.058101424999998,8.965209057730762,8.852489797878972,4.092892367269237,4.205611627121029
c05_recur,5,2012-09-01,46,6.837848882608696,9.01057774089528,8.482601270165558,-2.172728858286585,-1.644752387556862
c05_recur,1,2012-09-02,39,2.226128878205128,7.749725374890335,7.75052171191372,-5.523596496685207,-5.524392833708592
c05_recur,2,2012-09-03,44,2.9446648161363638,7.765627163913411,7.986460675075815,-4.820962347777049,-5.041795858939452
c05_recur,2,2012-09-04,37,2.855260219216216,8.228412000905639,8.462405865804907,-5.373151781689422,-5.60714564658869
c05_recur,5,2012-09-05,31,2.949354112903226,9.515514155414886,8.957950842004584,-6.566160042511658,-6.008596729101358
c05_recur,3,2012-09-06,38,2.514661660526316,8.623405373859203,8.312651648573802,-6.1087437133328875,-5.797989988047485
c05_recur,1,2012-09-07,42,1.6679321140476189,8.090703068491226,8.091534443293167,-6.422770954443606,-6.42360232924555
c05_recur,4,2012-09-08,48,3.0139437527083337,8.452813736996468,8.346536805587078,-5.438869984288135,-5.332593052878745
c05_recur,2,2012-09-09,48,4.418429550208333,8.436769864454233,8.676688865548495,-4.0183403142459,-4.258259315340163
c05_recur,5,2012-09-10,16,2.077358675,8.086788678640005,7.612941799021251,-6.009430003640006,-5.535583124021251
c06_recur,2,2012-04-16,17,0.2202384731764706,1.0,1.0,-0.7797615268235294,-0.7797615268235294
c06_recur,5,2012-04-17,44,0.08553189661363636,1.0,1.0,-0.9144681033863636,-0.9144681033863636
c06_recur,4,2012-04-18,46,0.10277196365217392,1.0,1.0,-0.8972280363478261,-0.8972280363478261
c06_recur,4,2012-04-19,48,0.13160591110416667,1.0,1.0,-0.8683940888958332,-0.8683940888958332
c06_recur,2,2012-04-20,47,0.19268152623404253,1.0,1.0,-0.8073184737659574,-0.8073184737659574
c06_recur,3,2012-04-21,48,0.31302222352083336,1.0,1.0,-0.6869777764791666,-0.6869777764791666
c06_recur,4,2012-04-22,47,0.22889915329787233,1.0,1.0,-0.7711008467021276,-0.7711008467021276
c06_recur,3,2012-04-23,48,0.09675257410416667,1.0,1.0,-0.9032474258958333,-0.9032474258958333
c06_recur,4,2012-04-24,48,-0.12169867535416667,1.0,1.0,-1.1216986753541667,-1.1216986753541667
c06_recur,1,2012-04-25,48,0.12789548795833333,1.000226412919949,1.0002264266504037,-0.8723309249616156,-0.8723309386920705
c06_recur,2,2012-04-26,48,0.031396444041666666,1.0045728948407322,1.0046483837876783,-0.9731764507990656,-0.9732519397460115
c06_recur,2,2012-04-27,33,-0.0011584061818181795,1.0118354176084414,1.0120314991234953,-1.0129938237902594,-1.0131899053053135
c06_recur,1,2012-04-28,17,0.1495946152352941,1.0167684512113306,1.016769476206537,-0.8671738359760366,-0.8671748609712429
c06_recur,4,2012-04-29,48,0.0563516495625,1.0293194038771534,1.0286909928972043,-0.9729677543146534,-0.9723393433347045
c06_recur,5,2012-04-30,48,0.067841465,1.045993290153866,1.0442754301012955,-0.978151825153866,-0.9764339651012954
c06_recur,3,2012-05-01,35,-0.011450152857142857,1.057645836586386,1.056480428464555,-1.0690959894435288,-1.067930581321698
c06_recur,2,2012-05-02,23,0.03662533839130435,1.058605616336046,1.0595986263082524,-1.0219802779447416,-1.022973287916948
c06_recur,4,2012-05-03,48,0.09201962160416667,1.0706914046085894,1.0691493932562184,-0.9786717830044228,-0.9771297716520516
c06_recur,1,2012-05-04,40,0.085187383475,1.0734904283250004,1.0734950433698536,-0.9883030448500005,-0.9883076598948536
c06_recur,1,2012-05-05,48,0.0777986770625,1.0825280240062265,1.0825332340422533,-1.0047293469437266,-1.0047345569797532
c06_recur,5,2012-05-06,46,0.009543028086956524,1.0876352847939257,1.0842974721879408,-1.0780922567069693,-1.0747544441009842
c06_recur,5,2012-05-07,48,0.021618651333333332,1.0947703370676811,1.091145205301151,-1.0731516857343477,-1.0695265539678176
c06_recur,1,2012-05-08,48,0.19335431079166668,1.1204147847179098,1.1204225246190787,-0.927060473926243,-0.9270682138274121
c06_recur,2,2012-05-09,42,0.1434148763095238,1.1306908206548911,1.1329805791229022,-0.9872759443453674,-0.9895657028133784
c06_recur,2,2012-05-10,40,0.319251258275,1.1175954389650524,1.119644647216422,-0.7983441806900525,-0.8003933889414221
c06_recur,2,2012-05-11,48,0.17239545895833333,1.127139002113031,1.1293670937097238,-0.9547435431546977,-0.9569716347513905
c06_recur,1,2012-05-12,48,0.17601843233333334,1.130063509184307,1.1300719017963534,-0.9540450768509737,-0.9540534694630199
c06_recur,2,2012-05-13,48,0.17704623283333332,1.131800454142924,1.134122814607352,-0.9547542213095909,-0.9570765817740189
c06_recur,2,2012-05-14,48,0.27600001625,1.185936324157279,1.1892871439809054,-0.9099363079072789,-0.9132871277309054
c06_recur,1,2012-05-15,47,0.35306912361702125,1.2068623565341252,1.2068761156902879,-0.8537932329171039,-0.8538069920732666
c06_recur,1,2012-05-16,48,0.4190129162291667,1.2618873187780733,1.2619051574073332,-0.8428744025489068,-0.8428922411781664
c06_recur,1,2012-05-17,48,0.5381429567708333,1.2813152008929583,1.2813345036104564,-0.743172244122125,-0.743191546839623
c06_recur,5,2012-05-18,39,0.4551124043333334,1.2606186600574876,1.2499836429163202,-0.8055062557241544,-0.7948712385829869
c06_recur,3,2012-05-19,48,0.4896868033125,1.2721298668478453,1.2660746009902484,-0.7824430635353453,-0.7763877976777485
c06_recur,3,2012-05-20,48,0.47750789,1.3230906358691565,1.3158036636239019,-0.8455827458691565,-0.838295773623902
c06_recur,3,2012-05-21,48,0.8335178516666667,1.3083637067393237,1.3014596289313303,-0.47484585507265703,-0.4679417772646636
c06_recur,1,2012-05-22,32,0.702621915625,1.2334241914649982,1.233439880728536,-0.5308022758399982,-0.530817965103536
c06_recur,5,2012-05-23,46,0.6635871663260869,1.3083162678508382,1.295494698713658,-0.6447291015247512,-0.6319075323875711
c06_recur,4,2012-05-24,48,0.6281435369791667,1.3938599479882738,1.384067740188038,-0.7657164110091074,-0.7559242032088712
c06_recur,3,2012-05-25,38,0.8183735249999999,1.4066049684173294,1.3971977327710723,-0.5882314434173295,-0.5788242077710725
c06_recur,2,2012-05-26,48,0.6980216629166667,1.3851936712974984,1.392669579298759,-0.6871720083808315,-0.6946479163820922
c06_recur,5,2012-05-27,48,0.8635254579166666,1.4594111622005783,1.4392858267391746,-0.5958857042839115,-0.575760368822508
c06_recur,2,2012-05-28,45,1.0706195379333332,1.4222965403003647,1.430598295634321,-0.3516770023670313,-0.35997875770098764
c06_recur,3,2012-05-29,47,1.2441222806595744,1.4460890374320488,1.4355740393973815,-0.20196675677247422,-0.1914517587378071
c06_recur,3,2012-05-30,39,1.3168110543589744,1.4464714606226035,1.4359929173934505,-0.12966040626362899,-0.11918186303447602
c06_recur,2,2012-05-31,48,1.122336043125,1.449128456977417,1.4580324449983146,-0.32679241385241725,-0.3356964018733147
c06_recur,4,2012-06-01,47,1.408223744680851,1.5184851690353665,1.5051255838486919,-0.11026142435451537,-0.09690183916784083
c06_recur,3,2012-06-02,48,1.5114160385416666,1.5285527535123051,1.5157864068344884,-0.01713671497063848,-0.004370368292821873
c06_recur,5,2012-06-03,48,1.7375850125,1.5453305195380942,1.52083793829268,0.1922544929619057,0.21674707420731998
c06_recur,3,2012-06-04,48,1.8668908327083333,1.6310848002575178,1.6153638922466893,0.23580603245081544,0.2515269404616441
c06_recur,4,2012-06-05,48,2.0323514729166665,1.658328866810833,1.6407039545822721,0.37402260610583377,0.3916475183343946
c06_recur,1,2012-06-06,48,1.9727137145833333,1.5813234357538486,1.5813674004796692,0.39139027882948474,0.3913463141036642
c06_recur,5,2012-06-07,48,2.1687674958333334,1.6818211318945788,1.649918716144007,0.4869463639387545,0.5188487796893262
c06_recur,3,2012-06-08,48,2.3881609270833333,1.8230749905803432,1.8015822392801366,0.5650859365029902,0.5865786878031968
c06_recur,4,2012-06-09,38,2.1885792210526316,1.6820670756495921,1.6637083469705478,0.5065121454030396,0.5248708740820837
c06_recur,1,2012-06-10,48,2.3298899375,1.7560834686595503,1.7561436539410877,0.5738064688404496,0.5737462835589123
c06_recur,2,2012-06-11,45,2.215788988888889,1.6647423104838346,1.678802655287065,0.5510466784050543,0.5369863336018241
c06_recur,5,2012-06-12,47,2.466926670212766,1.6208773632340472,1.592526439527078,0.8460493069787187,0.874400230685688
c06_recur,5,2012-06-13,48,2.355464260416667,1.6748513567915861,1.643515736425046,0.6806129036250802,0.7119485239916209
c06_recur,5,2012-06-14,48,2.396814725,1.7080754570329437,1.6748489608636505,0.6887392679670565,0.7219657641363494
c06_recur,2,2012-06-15,48,2.2765174375,1.737124184960579,1.7530977423950012,0.5393932525394209,0.5234196951049986
c06_recur,4,2012-06-16,48,2.12172636875,1.840815751661352,1.8172195338821444,0.28091061708864806,0.30450683486785546
c06_recur,3,2012-06-17,48,2.4683254604166667,2.0829741197117415,2.053002968326639,0.3853513407049254,0.41532249209002764
c06_recur,4,2012-06-18,48,2.57933425,2.1115680715550833,2.0783934128251134,0.46776617844491647,0.5009408371748866
c06_recur,1,2012-06-19,48,2.7591370666666664,2.0916212684314233,2.0917149445822063,0.6675157982352431,0.6674221220844605
c06_recur,2,2012-06-20,48,4.0653092766666665,2.299883257942743,2.331871927264156,1.7654260187239237,1.7334373494025108
c06_recur,1,2012-06-21,48,2.852546154166667,2.056078439929244,2.0561686901923957,0.7964677142374227,0.7963774639742708
c06_recur,1,2012-06-22,35,2.690932479428571,1.9634139608637955,1.9634943876881878,0.7275185185647758,0.7274380917403835
c06_recur,3,2012-06-23,46,3.013371210869565,2.0004500191046612,1.9732528087407442,1.0129211917649041,1.040118402128821
c06_recur,1,2012-06-24,48,3.617370472916667,1.9658162338226761,1.9658970168193581,1.6515542390939906,1.6514734560973086
c06_recur,4,2012-06-25,48,3.588744060416667,1.7706890919206988,1.749473464693634,1.8180549684959677,1.8392705957230326
c06_recur,5,2012-06-26,48,3.3450276750000003,1.7960368835363816,1.7577700170943968,1.5489907914636187,1.587257657905603
c06_recur,4,2012-06-27,48,2.8715724887499996,1.824537110438805,1.8013847606089841,1.047035378311195,1.070187728141016
c06_recur,2,2012-06-28,48,2.6015098025000003,1.9000639207170187,1.9204264879721649,0.7014458817829814,0.681083314527835
c06_recur,5,2012-06-29,48,3.3835941145833335,2.116974144242396,2.059541641842723,1.2666199703409375,1.3240524727406107
c06_recur,5,2012-06-30,48,2.9133323829166664,2.0738606619265583,2.0190202986438837,0.8394717209901086,0.8943120842727831
c06_recur,1,2012-07-01,48,2.5759667938541666,2.0338975461922804,2.0339854206255175,0.5420692476618865,0.5419813732286489
c06_recur,3,2012-07-02,42,2.9145822404761907,2.1718581484148833,2.138849634570667,0.742724092061307,0.7757326059055235
c06_recur,3,2012-07-03,48,2.5154627541666668,2.2776432645345372,2.2409152586716243,0.2378194896321292,0.2745474954950425
c06_recur,4,2012-07-04,48,2.6683533291666666,2.457075907712427,2.4106456898943214,0.21127742145423967,0.25770763927234525
c06_recur,3,2012-07-05,48,3.0286032791666666,2.5064988546072327,2.461478114001754,0.5221044245594341,0.5671251651649128
c06_recur,1,2012-07-06,46,2.6821343260869566,2.4900282327462726,2.4901665182687043,0.19210609334068404,0.19196780781825237
c06_recur,1,2012-07-07,44,3.637924677272727,2.3399172409837425,2.340037927996332,1.2980074362889849,1.2978867492763955
c06_recur,4,2012-07-08,46,2.952379802173913,2.31646855443585,2.2756804252706946,0.6359112477380632,0.6766993769032185
c06_recur,3,2012-07-09,48,2.5226163520833333,2.525009487223131,2.4789714055468233,-0.002393135139797678,0.043644946536509945
c06_recur,2,2012-07-10,48,3.164615041458333,2.75833512602159,2.805206285376864,0.40627991543674336,0.3594087560814689
c06_recur,3,2012-07-11,48,3.165003675,2.9774492448862593,2.913854437511611,0.18755443011374054,0.25114923748838935
c06_recur,5,2012-07-12,48,2.8945481479166664,3.1590519368866237,3.02904183347584,-0.264503788969957,-0.13449368555917315
c06_recur,5,2012-07-13,48,2.438382886875,3.298352550359563,3.157337789578085,-0.8599696634845633,-0.7189549027030852
c06_recur,4,2012-07-14,48,2.6562699875,3.48843942258121,3.3973394162516457,-0.8321694350812097,-0.7410694287516457
c06_recur,5,2012-07-15,48,3.2690944749999997,3.7693357244078087,3.590275712558699,-0.5002412494078088,-0.32118123755869893
c06_recur,5,2012-07-16,48,3.3365409666666666,3.865908299185962,3.6788908735503987,-0.529367332519295,-0.34234990688373185
c06_recur,5,2012-07-17,47,3.506454780851064,4.0175493693177815,3.8171448511395623,-0.5110945884667182,-0.31069007028849827
c06_recur,2,2012-07-18,48,4.31823554375,3.4367054309794356,3.5076493538972584,0.881530112770564,0.8105861898527418
c06_recur,3,2012-07-19,48,4.235942120833333,3.354178235451437,3.274450120761958,0.881763885381896,0.9614920000713755
c06_recur,4,2012-07-20,48,4.197089585416667,2.5084769243383906,2.460268325838458,1.688612661078276,1.7368212595782084
c06_recur,1,2012-07-21,48,3.581241858333333,2.5092122515663475,2.5093525948220474,1.0720296067669857,1.071889263511286
c06_recur,3,2012-07-22,48,3.47300988125,2.671925301595099,2.620719265982335,0.801084579654901,0.8522906152676648
c06_recur,3,2012-07-23,48,3.6027254916666664,3.341531564516538,3.262649085369907,0.2611939271501281,0.3400764062967599
c06_recur,5,2012-07-24,48,3.5953668183333334,3.783591878407904,3.6028229202723168,-0.18822506007457088,-0.007456101938983588
c06_recur,4,2012-07-25,48,4.1132118166666665,4.250041686273708,4.1212987352591925,-0.13682986960704102,-0.00808691859252536
c06_recur,3,2012-07-26,47,4.945090108510638,4.640080071668182,4.501277194100366,0.3050100368424568,0.44381291441027254
c06_recur,5,2012-07-27,46,4.631375795652175,4.820803582880099,4.549259621022083,-0.18942778722792458,0.08211617463009122
c06_recur,5,2012-07-28,48,5.015409016666667,4.825956557853239,4.554243439084925,0.1894524588134279,0.46116557758174176
c06_recur,1,2012-07-29,48,5.191188340208334,4.568918866054822,4.569342360828618,0.6222694741535119,0.6218459793797145
c06_recur,1,2012-07-30,48,5.172252041666667,4.816865699624626,4.817326984615655,0.3553863420420403,0.3549250570510112
c06_recur,5,2012-07-31,48,6.134338235416667,4.757096718635678,4.491796574364259,1.377241516780989,1.6425416610524082
c06_recur,5,2012-08-01,48,6.280896235416667,5.028349142114211,4.738175811427327,1.2525470933024558,1.5427204239893395
c06_recur,2,2012-08-02,48,6.6504443,4.96466231429966,5.098475556971435,1.6857819857003407,1.5519687430285651
c06_recur,4,2012-08-03,48,7.160892158333333,5.166120033021476,4.989395548464404,1.9947721253118578,2.17149660986893
c06_recur,3,2012-08-04,48,6.567858770833333,5.113476204015707,4.951114374453216,1.4543825668176271,1.6167443963801178
c06_recur,3,2012-08-05,48,6.946719375,5.699830860577964,5.506690021348717,1.246888514422037,1.4400293536512823
c06_recur,4,2012-08-06,48,5.922653764583334,5.191114928217026,5.013599207810693,0.7315388363663078,0.9090545567726402
c06_recur,4,2012-08-07,48,7.153456070833333,5.474860811720084,5.280207870039047,1.6785952591132498,1.8732482007942861
c06_recur,3,2012-08-08,48,7.373567145833333,4.669748710112118,4.529779930771915,2.7038184357212156,2.843787215061418
c06_recur,2,2012-08-09,47,7.0186513255319145,4.389305258558978,4.498517523013084,2.6293460669729365,2.5201338025188305
c06_recur,5,2012-08-10,48,6.428932797916667,5.625149197710013,5.277146547937291,0.8037836002066537,1.1517862499793756
c06_recur,2,2012-08-11,48,6.577051102083334,6.011919249799142,6.193357418124132,0.5651318522841916,0.38369368395920095
c06_recur,1,2012-08-12,48,6.641491183333333,6.319222091482924,6.319932397002109,0.32226909185040903,0.3215587863312239
c06_recur,2,2012-08-13,48,7.441026860416667,6.937579066751685,7.164771757740638,0.503447793664982,0.27625510267602865
c06_recur,3,2012-08-14,44,5.585122643181818,6.988234510786745,6.725926032822528,-1.4031118676049263,-1.1408033896407106
c06_recur,5,2012-08-15,48,6.8359822562499994,7.463320130027868,6.932262849602683,-0.6273378737778689,-0.09628059335268313
c06_recur,4,2012-08-16,48,7.5789022125,8.071518835645687,7.720877209252617,-0.49261662314568677,-0.14197499675261702
c06_recur,4,2012-08-17,48,7.50730011875,8.292191416701051,7.927017095881648,-0.784891297951051,-0.41971697713164696
c06_recur,1,2012-08-18,48,6.590918335416667,7.215346106460225,7.216214323217269,-0.6244277710435581,-0.6252959878006019
c06_recur,1,2012-08-19,48,8.61395005625,7.712043883883638,7.713009128651927,0.9019061723663625,0.9009409275980732
c06_recur,3,2012-08-20,48,7.9814005833333335,8.086185857561524,7.756189415700903,-0.10478527422819096,0.2252111676324302
c06_recur,2,2012-08-21,48,8.186272847916667,8.353713400941908,8.655349888250557,-0.1674405530252412,-0.4690770403338913
c06_recur,4,2012-08-22,48,7.327301362499999,9.516532073508946,9.070402499438858,-2.1892307110089466,-1.7431011369388585
c06_recur,5,2012-08-23,48,8.517630725,10.314163029545192,9.461217796729315,-1.796532304545191,-0.9435870717293154
c06_recur,5,2012-08-24,48,8.681626145833333,10.21818852235649,9.377215129702199,-1.5365623765231564,-0.6955889838688658
c06_recur,1,2012-08-25,48,9.249283554166666,9.635374065044912,9.636716519339048,-0.3860905108782455,-0.387432965172382
c06_recur,4,2012-08-26,48,9.87117175,10.41882536620159,9.91074959955027,-0.5476536162015894,-0.03957784955026881
c06_recur,4,2012-08-27,48,10.066777154166667,10.924889231445043,10.379828182862655,-0.8581120772783759,-0.31305102869598733
c06_recur,2,2012-08-28,48,9.852360588333333,9.843882719807173,10.226481096017238,0.00847786852616067,-0.3741205076839047
c06_recur,1,2012-08-29,48,21.97209148125,10.191151197750784,10.192602383258956,11.780940283499215,11.779489097991044
c06_recur,2,2012-08-30,48,28.967427914583336,10.683793975204203,11.115442707382186,18.283633939379133,17.85198520720115
c06_recur,4,2012-08-31,48,13.058101424999998,11.405798902458578,10.828875019575031,1.6523025225414223,2.229226405424969
c06_recur,5,2012-09-01,46,6.837848882608696,10.555862055382125,9.680517179699295,-3.7180131727734294,-2.8426682970906
c06_recur,1,2012-09-02,39,2.226128878205128,7.9149088876550655,7.915904495185062,-5.688780009449937,-5.689775616979934
c06_recur,2,2012-09-03,44,2.9446648161363638,8.208931791771422,8.500402403594533,-5.264266975635057,-5.555737587458169
c06_recur,2,2012-09-04,37,2.855260219216216,9.44082361293227,9.801134763322802,-6.585563393716055,-6.9458745441065854
c06_recur,5,2012-09-05,31,2.949354112903226,12.106804743063462,11.045321078724182,-9.157450630160236,-8.095966965820956
c06_recur,3,2012-09-06,38,2.514661660526316,9.909619140665091,9.465901461221222,-7.394957480138774,-6.951239800694905
c06_recur,1,2012-09-07,42,1.6679321140476189,8.894652429854554,8.895847836354827,-7.2267203158069355,-7.227915722307209
c06_recur,4,2012-09-08,48,3.0139437527083337,9.971544704301799,9.493485206480772,-6.957600951593466,-6.4795414537724385
c06_recur,2,2012-09-09,48,4.418429550208333,10.023639661746394,10.417104099584808,-5.605210111538061,-5.998674549376475
c06_recur,5,2012-09-10,16,2.077358675,8.209629476743325,7.601241643909111,-6.132270801743325,-5.523882968909111
c07_recur,2,2012-04-16,17,0.2202384731764706,0.0,0.0,0.2202384731764706,0.2202384731764706
c07_recur,5,2012-04-17,44,0.08553189661363636,0.0,0.0,0.08553189661363636,0.08553189661363636
c07_recur,4,2012-04-18,46,0.10277196365217392,0.0,0.0,0.10277196365217392,0.10277196365217392
c07_recur,4,2012-04-19,48,0.13160591110416667,0.0,0.0,0.13160591110416667,0.13160591110416667
c07_recur,2,2012-04-20,47,0.19268152623404253,0.0,0.0,0.19268152623404253,0.19268152623404253
c07_recur,3,2012-04-21,48,0.31302222352083336,0.0,0.0,0.31302222352083336,0.31302222352083336
c07_recur,4,2012-04-22,47,0.22889915329787233,0.0,0.0,0.22889915329787233,0.22889915329787233
c07_recur,3,2012-04-23,48,0.09675257410416667,0.0,0.0,0.09675257410416667,0.09675257410416667
c07_recur,4,2012-04-24,48,-0.12169867535416667,0.0,0.0,-0.12169867535416667,-0.12169867535416667
c07_recur,1,2012-04-25,48,0.12789548795833333,0.00028483860469237656,0.00038112807954644723,0.12761064935364094,0.12751435987878687
c07_recur,2,2012-04-26,48,0.031396444041666666,0.00982757814119606,0.008726265963426785,0.021568865900470607,0.022670178078239882
c07_recur,2,2012-04-27,33,-0.0011584061818181795,0.024684080392369107,0.021746325165008903,-0.025842486574187286,-0.022904731346827082
c07_recur,1,2012-04-28,17,0.1495946152352941,0.019248888635801157,0.026272912899825272,0.13034572659949295,0.12332170233546884
c07_recur,4,2012-04-29,48,0.0563516495625,0.050977133729616424,0.06438373063099394,0.005374515832883579,-0.008032081068493945
c07_recur,5,2012-04-30,48,0.067841465,0.06496897203301918,0.0968425281592016,0.0028724929669808118,-0.029001063159201604
c07_recur,3,2012-05-01,35,-0.011450152857142857,0.08763431108995993,0.12180416087320169,-0.0990844639471028,-0.13325431373034455
c07_recur,2,2012-05-02,23,0.03662533839130435,0.12853169420727173,0.11546777852159869,-0.09190635581596737,-0.07884244013029433
c07_recur,4,2012-05-03,48,0.09201962160416667,0.10143670694859186,0.1389187364065658,-0.009417085344425185,-0.04689911480239913
c07_recur,1,2012-05-04,40,0.085187383475,0.11477820579895223,0.14394833145568073,-0.029590822323952232,-0.05876094798068073
c07_recur,1,2012-05-05,48,0.0777986770625,0.16075435471140231,0.18916424396483136,-0.08295567764890231,-0.11136556690233139
c07_recur,5,2012-05-06,46,0.009543028086956524,0.11102848701945041,0.16981885679268255,-0.10148545893249387,-0.16027582870572604
c07_recur,5,2012-05-07,48,0.021618651333333332,0.09929173561661131,0.16580472974824773,-0.07767308428327797,-0.1441860784149144
c07_recur,1,2012-05-08,48,0.19335431079166668,0.20884861536113697,0.25198783573663813,-0.015494304569470296,-0.058633524944971475
c07_recur,2,2012-05-09,42,0.1434148763095238,0.289689887317961,0.263436849209214,-0.14627501100843723,-0.12002197289969019
c07_recur,2,2012-05-10,40,0.319251258275,0.2205902622347249,0.19164383448986122,0.09866099604027513,0.12760742378513878
c07_recur,2,2012-05-11,48,0.17239545895833333,0.2395300221226734,0.20880496443776986,-0.06713456316434006,-0.036409505479436534
c07_recur,1,2012-05-12,48,0.17601843233333334,0.1473814805245464,0.19861608363030805,0.028636951808786937,-0.022597651296974743
c07_recur,2,2012-05-13,48,0.17704623283333332,0.24333751766036105,0.21151572987720654,-0.06629128482702772,-0.034469497043873205
c07_recur,2,2012-05-14,48,0.27600001625,0.4020324935044414,0.3674262512110554,-0.12603247725444142,-0.09142623496105541
c07_recur,1,2012-05-15,47,0.35306912361702125,0.289842872135362,0.36812289667705045,0.0632262514816593,-0.01505377306002917
c07_recur,1,2012-05-16,48,0.4190129162291667,0.4751601790316613,0.5588966145925464,-0.0561472628024946,-0.1398836983633797
c07_recur,1,2012-05-17,48,0.5381429567708333,0.5072111197491582,0.596687144740983,0.030931837021675155,-0.0585441879701497
c07_recur,5,2012-05-18,39,0.4551124043333334,0.2548066319092369,0.431162811202917,0.20030577242409645,0.02394959313041636
c07_recur,3,2012-05-19,48,0.4896868033125,0.36350122254118117,0.5029868263647539,0.12618558077131883,-0.01330002305225393
c07_recur,3,2012-05-20,48,0.47750789,0.4715837827011833,0.6324592322680177,0.005924107298816753,-0.1549513422680177
c07_recur,3,2012-05-21,48,0.8335178516666667,0.3660362281539522,0.5371132335794074,0.46748162351271444,0.2964046180872592
c07_recur,1,2012-05-22,32,0.702621915625,0.23090814941667256,0.3200818543551524,0.47171376620832745,0.3825400612698476
c07_recur,5,2012-05-23,46,0.6635871663260869,0.2811451350362277,0.4833563771559772,0.38244203128985926,0.1802307891701097
c07_recur,4,2012-05-24,48,0.6281435369791667,0.6400557625146391,0.7884769414767435,-0.011912225535472462,-0.16033340449757685
c07_recur,3,2012-05-25,38,0.8183735249999999,0.5569150871335528,0.7642182508379927,0.2614584378664473,0.05415527416200734
c07_recur,2,2012-05-26,48,0.6980216629166667,0.7929446757262628,0.7288745846980574,-0.0949230128095961,-0.030852921781390822
c07_recur,5,2012-05-27,48,0.8635254579166666,0.6482667923335556,0.8821048672748435,0.21525866558311116,-0.018579409358176823
c07_recur,2,2012-05-28,45,1.0706195379333332,0.8759717785507426,0.8101222956730258,0.19464775938259077,0.26049724226030746
c07_recur,3,2012-05-29,47,1.2441222806595744,0.6156699220041725,0.8234064234667829,0.6284523586554019,0.4207158571927916
c07_recur,3,2012-05-30,39,1.3168110543589744,0.5262328063958137,0.7580970818607101,0.7905782479631606,0.5587139724982642
c07_recur,2,2012-05-31,48,1.122336043125,0.8775605945175703,0.8000115205119819,0.2447754486074296,0.3223245226130181
c07_recur,4,2012-06-01,47,1.408223744680851,0.7119259925972824,0.9237091512699536,0.6962977520835686,0.48451459341089753
c07_recur,3,2012-06-02,48,1.5114160385416666,0.6782498775297866,0.9263949413572062,0.8331661610118801,0.5850210971844604
c07_recur,5,2012-06-03,48,1.7375850125,0.5832481032604234,0.8927398606607585,1.1543369092395765,0.8448451518392415
c07_recur,3,2012-06-04,48,1.8668908327083333,0.9207670564749081,1.1779379262643783,0.9461237762334253,0.6889529064439549
c07_recur,4,2012-06-05,48,2.0323514729166665,0.9298349406928098,1.1805138251491287,1.1025165322238568,0.851837647767538
c07_recur,1,2012-06-06,48,1.9727137145833333,0.7631665863768485,0.949731090170694,1.209547128206485,1.0229826244126394
c07_recur,5,2012-06-07,48,2.1687674958333334,0.8353764425894418,1.1696058829281764,1.3333910532438915,0.9991616129051569
c07_recur,3,2012-06-08,48,2.3881609270833333,1.37247921576951,1.6373380076401203,1.0156817113138235,0.7508229194432131
c07_recur,4,2012-06-09,38,2.1885792210526316,0.8251519054337696,1.1051740264995713,1.363427315618862,1.0834051945530603
c07_recur,1,2012-06-10,48,2.3298899375,1.158525304724056,1.361239374588581,1.1713646327759442,0.968650562911419
c07_recur,2,2012-06-11,45,2.215788988888889,1.1799559430486504,1.0688172986653124,1.0358330458402385,1.1469716902235765
c07_recur,5,2012-06-12,47,2.466926670212766,0.4307553683371471,0.8089669516716728,2.0361713018756187,1.6579597185410933
c07_recur,5,2012-06-13,48,2.355464260416667,0.5100640164819176,0.9075052030101678,1.8454002439347492,1.4479590574064989
c07_recur,5,2012-06-14,48,2.396814725,0.5522438319435661,0.9590596067992677,1.844570893056434,1.4377551182007322
c07_recur,2,2012-06-15,48,2.2765174375,1.2633033697670286,1.1437932596762783,1.0132140677329713,1.1327241778237218
c07_recur,4,2012-06-16,48,2.12172636875,0.9496282015056977,1.2776728458547524,1.1720981672443023,0.8440535228952477
c07_recur,3,2012-06-17,48,2.4683254604166667,1.6488482426549034,1.9823490251696512,0.8194772177617633,0.4859764352470155
c07_recur,4,2012-06-18,48,2.57933425,1.7693300440306052,2.0464480766987614,0.8100042059693947,0.5328861733012388
c07_recur,1,2012-06-19,48,2.7591370666666664,1.8239920547083102,2.0557842079837036,0.9351450119583568,0.7033528586829628
c07_recur,2,2012-06-20,48,4.0653092766666665,2.926073528373798,2.9565518801999424,1.1392357482928686,1.1087573964667243
c07_recur,1,2012-06-21,48,2.852546154166667,1.6889195312106555,1.9215755445736031,1.1636266229560113,0.9309706095930634
c07_recur,1,2012-06-22,35,2.690932479428571,1.3511767009601514,1.6041686785151807,1.3397557784684202,1.0867638009133906
c07_recur,3,2012-06-23,46,3.013371210869565,1.2450836759188015,1.6345519236122366,1.7682875349507636,1.3788192872573288
c07_recur,1,2012-06-24,48,3.617370472916667,1.344766363409015,1.5967408828472491,2.2726041095076517,2.0206295900694173
c07_recur,4,2012-06-25,48,3.588744060416667,0.7030109541012018,1.0317397709452065,2.885733106315465,2.55700428947146
c07_recur,5,2012-06-26,48,3.3450276750000003,0.6418265175662023,1.0787045728732254,2.7032011574337975,2.2663231021267745
c07_recur,4,2012-06-27,48,2.8715724887499996,0.860220352469428,1.184208479116858,2.0113521362805717,1.6873640096331421
c07_recur,2,2012-06-28,48,2.6015098025000003,1.6182561277398575,1.5046663635700914,0.9832536747601427,1.0968434389299089
c07_recur,5,2012-06-29,48,3.3835941145833335,1.4394783893031715,1.8782024331103822,1.9441157252801615,1.5053916814729513
c07_recur,5,2012-06-30,48,2.9133323829166664,1.3010560928967032,1.7482034780356475,1.6122762900199634,1.1651289048810192
c07_recur,1,2012-07-01,48,2.5759667938541666,1.4896380547034163,1.7437813174877415,1.0863287391507506,0.8321854763664253
c07_recur,3,2012-07-02,42,2.9145822404761907,1.6344532372384037,2.0168049662723697,1.2801290032377868,0.8977772742038207
c07_recur,3,2012-07-03,48,2.5154627541666668,1.930865215544341,2.284878097216209,0.5845975386223256,0.23058465695045768
c07_recur,4,2012-07-04,48,2.6683533291666666,2.6015369526558585,2.799353858067161,0.066816376510808,-0.1310005289004946
c07_recur,3,2012-07-05,48,3.0286032791666666,2.648453253503941,2.9022740312512716,0.38015002566272593,0.12632924791539527
c07_recur,1,2012-07-06,46,2.6821343260869566,2.7563462994507035,2.9472091000486818,-0.0742119733637468,-0.26507477396172563
c07_recur,1,2012-07-07,44,3.637924677272727,2.097291199050927,2.3657704195219935,1.5406334782217999,1.2721542577507334
c07_recur,4,2012-07-08,46,2.952379802173913,1.7141170041698586,2.0961352973304073,1.2382627980040548,0.8562445048435059
c07_recur,3,2012-07-09,48,2.5226163520833333,2.2763648857330305,2.624109681835519,0.24625146635030262,-0.10149332975218546
c07_recur,2,2012-07-10,48,3.164615041458333,3.470737985107405,3.4852676904166215,-0.30612294364907194,-0.3206526489582881
c07_recur,3,2012-07-11,48,3.165003675,3.4891075965789895,3.660757230351854,-0.3241039215789893,-0.4957535553518539
c07_recur,5,2012-07-12,48,2.8945481479166664,3.653074927486514,3.8295489176491766,-0.7585267795698472,-0.9350007697325095
c07_recur,5,2012-07-13,48,2.438382886875,4.047139237357807,4.09663914548716,-1.6087563504828069,-1.6582562586121596
c07_recur,4,2012-07-14,48,2.6562699875,4.743656352353714,4.668716030227574,-2.087386364853714,-2.0124460427275745
c07_recur,5,2012-07-15,48,3.2690944749999997,5.547971834839205,5.085652063772536,-2.2788773598392047,-1.816557588772536
c07_recur,5,2012-07-16,48,3.3365409666666666,5.720965933054676,5.22123143641286,-2.3844249663880097,-1.8846904697461928
c07_recur,5,2012-07-17,47,3.506454780851064,6.382064012160636,5.568683934858612,-2.8756092313095722,-2.062229154007549
c07_recur,2,2012-07-18,48,4.31823554375,4.480946728686118,4.554569551444042,-0.16271118493611766,-0.2363340076940419
c07_recur,3,2012-07-19,48,4.235942120833333,3.674143069579738,3.9023849974309233,0.5617990512535954,0.3335571234024099
c07_recur,4,2012-07-20,48,4.197089585416667,1.415393327808747,1.917983983510412,2.7816962576079196,2.2791056019062546
c07_recur,1,2012-07-21,48,3.581241858333333,1.6346793705347558,1.9988871739050953,1.9465624877985777,1.5823546844282381
c07_recur,3,2012-07-22,48,3.47300988125,1.5844967444709057,2.1833808193389976,1.8885131367790944,1.2896290619110025
c07_recur,3,2012-07-23,48,3.6027254916666664,3.138434934300554,3.56437733949554,0.4642905573661125,0.03834815217112645
c07_recur,5,2012-07-24,48,3.5953668183333334,4.08569656920333,4.289217074654606,-0.49032975086999686,-0.6938502563212726
c07_recur,4,2012-07-25,48,4.1132118166666665,5.667500241949799,5.494833206936021,-1.5542884252831322,-1.381621390269354
c07_recur,3,2012-07-26,47,4.945090108510638,6.9183971682649705,6.369264589407577,-1.973307059754333,-1.424174480896939
c07_recur,5,2012-07-27,46,4.631375795652175,7.521235204614438,6.423788868766286,-2.8898594089622645,-1.7924130731141112
c07_recur,5,2012-07-28,48,5.015409016666667,7.3350780197078835,6.3545755815693274,-2.319669003041217,-1.33916656490266
c07_recur,1,2012-07-29,48,5.191188340208334,6.321354019129362,6.243998458617411,-1.130165678921028,-1.0528101184090775
c07_recur,1,2012-07-30,48,5.172252041666667,6.776499936966662,6.645895178831281,-1.6042478952999952,-1.4736431371646141
c07_recur,5,2012-07-31,48,6.134338235416667,5.995026233233517,5.680940322252688,0.139312002183149,0.45339791316397804
c07_recur,5,2012-08-01,48,6.280896235416667,6.5605662790623915,6.0655050934595565,-0.27967004364572406,0.2153911419571097
c07_recur,2,2012-08-02,48,6.6504443,6.433153766432645,6.709924565134031,0.21729053356735487,-0.059480265134031395
c07_recur,4,2012-08-03,48,7.160892158333333,6.440580401458085,6.2682416033980575,0.7203117568752483,0.8926505549352751
c07_recur,3,2012-08-04,48,6.567858770833333,6.0553773788834375,6.019448578231123,0.5124813919498962,0.5484101926022109
c07_recur,3,2012-08-05,48,6.946719375,7.43088351685812,6.984908774644214,-0.48416414185812,-0.038189399644213425
c07_recur,4,2012-08-06,48,5.922653764583334,5.586947299558048,5.7406804783640935,0.3357064650252857,0.1819732862192399
c07_recur,4,2012-08-07,48,7.153456070833333,6.043773675485031,6.052328479580182,1.1096823953483022,1.101127591253152
c07_recur,3,2012-08-08,48,7.373567145833333,3.9396390700869373,4.526043380608038,3.433928075746396,2.8475237652252954
c07_recur,2,2012-08-09,47,7.0186513255319145,4.485879916799478,4.367143149416129,2.5327714087324376,2.651508176115786
c07_recur,5,2012-08-10,48,6.428932797916667,5.272099690557759,5.516276371933421,1.1568331073589078,0.912656425983246
c07_recur,2,2012-08-11,48,6.577051102083334,6.68697832869692,6.842197501373786,-0.10992722661358684,-0.26514639929045214
c07_recur,1,2012-08-12,48,6.641491183333333,6.6981149873950905,6.848611479542252,-0.0566238040617576,-0.20712029620891825
c07_recur,2,2012-08-13,48,7.441026860416667,7.698954297904031,8.016117697382,-0.25792743748736474,-0.5750908369653341
c07_recur,3,2012-08-14,44,5.585122643181818,7.06028755164438,7.126344663820176,-1.4751649084625624,-1.5412220206383571
c07_recur,5,2012-08-15,48,6.8359822562499994,7.535037583814123,7.265627467395518,-0.6990553275641233,-0.4296452111455183
c07_recur,4,2012-08-16,48,7.5789022125,8.670875056390047,8.251813321360473,-1.0919728438900476,-0.6729111088604723
c07_recur,4,2012-08-17,48,7.50730011875,8.80793608190786,8.36241119396667,-1.3006359631578597,-0.8551110752166692
c07_recur,1,2012-08-18,48,6.590918335416667,6.958835410999183,7.177962558926265,-0.36791707558251674,-0.5870442235095987
c07_recur,1,2012-08-19,48,8.61395005625,7.5731776659339785,7.680518472360958,1.0407723903160224,0.9334315838890426
c07_recur,3,2012-08-20,48,7.9814005833333335,7.611446884892831,7.555059856228787,0.36995369844050313,0.4263407271045459
c07_recur,2,2012-08-21,48,8.186272847916667,8.216149050793428,8.516492024252837,-0.029876202876760904,-0.3302191763361703
c07_recur,4,2012-08-22,48,7.327301362499999,9.262661204890858,8.829381584876554,-1.9353598423908573,-1.5020802223765537
c07_recur,5,2012-08-23,48,8.517630725,10.236422907393743,9.089596484897116,-1.7187921823937435,-0.5719657598971154
c07_recur,5,2012-08-24,48,8.681626145833333,9.617117747648653,8.78336737021859,-0.9354916018153188,-0.10174122438525614
c07_recur,1,2012-08-25,48,9.249283554166666,8.859006175661042,8.849737133553512,0.3902773785056237,0.39954642061315315
c07_recur,4,2012-08-26,48,9.87117175,9.199832701634387,8.905570339164328,0.6713390483656142,0.965601410835673
c07_recur,4,2012-08-27,48,10.066777154166667,9.6069122827786,9.193834927873295,0.45986487138806686,0.8729422262933713
c07_recur,2,2012-08-28,48,9.852360588333333,8.673293691391555,8.933945837745167,1.1790668969417777,0.9184147505881661
c07_recur,1,2012-08-29,48,21.97209148125,8.782602855646136,8.860761378564353,13.189488625603865,13.111330102685647
c07_recur,2,2012-08-30,48,28.967427914583336,9.369409935086614,9.763889906967965,19.59801797949672,19.203538007615368
c07_recur,4,2012-08-31,48,13.058101424999998,9.852102440748014,9.440056758187874,3.2059989842519854,3.6180446668121267
c07_recur,5,2012-09-01,46,6.837848882608696,8.314175054596555,8.243744841192385,-1.4763261719878595,-1.4058959585836894
c07_recur,1,2012-09-02,39,2.226128878205128,5.900987419062937,6.416662035782681,-3.6748585408578096,-4.190533157577553
c07_recur,2,2012-09-03,44,2.9446648161363638,7.013420009405064,6.977520844182641,-4.0687551932687,-4.032856028046278
c07_recur,2,2012-09-04,37,2.855260219216216,8.107911102421433,8.253789913239858,-5.252650883205216,-5.398529694023642
c07_recur,5,2012-09-05,31,2.949354112903226,10.241916065356277,9.454591030344183,-7.29256195245305,-6.505236917440957
c07_recur,3,2012-09-06,38,2.514661660526316,7.676370222001322,7.858127785515852,-5.161708561475007,-5.343466124989535
c07_recur,1,2012-09-07,42,1.6679321140476189,6.895927991075323,7.263345360777128,-5.227995877027704,-5.5954132467295095
c07_recur,4,2012-09-08,48,3.0139437527083337,7.639705419932191,7.824296729822927,-4.625761667223858,-4.810352977114593
c07_recur,2,2012-09-09,48,4.418429550208333,8.491357999148724,8.691444454816294,-4.072928448940389,-4.27301490460796
c07_recur,5,2012-09-10,16,2.077358675,4.941646162682961,5.934689446172689,-2.8642874876829607,-3.8573307711726885
c10_recur,2,2012-04-16,17,0.2202384731764706,0.0,0.0,0.2202384731764706,0.2202384731764706
c10_recur,5,2012-04-17,44,0.08553189661363636,0.0,0.0,0.08553189661363636,0.08553189661363636
c10_recur,4,2012-04-18,46,0.10277196365217392,0.0,0.0,0.10277196365217392,0.10277196365217392
c10_recur,4,2012-04-19,48,0.13160591110416667,0.0,0.0,0.13160591110416667,0.13160591110416667
c10_recur,2,2012-04-20,47,0.19268152623404253,0.0,0.0,0.19268152623404253,0.19268152623404253
c10_recur,3,2012-04-21,48,0.31302222352083336,0.0,0.0,0.31302222352083336,0.31302222352083336
c10_recur,4,2012-04-22,47,0.22889915329787233,0.0,0.0,0.22889915329787233,0.22889915329787233
c10_recur,3,2012-04-23,48,0.09675257410416667,0.0,0.0,0.09675257410416667,0.09675257410416667
c10_recur,4,2012-04-24,48,-0.12169867535416667,0.0,0.0,-0.12169867535416667,-0.12169867535416667
c10_recur,1,2012-04-25,48,0.12789548795833333,0.0010059328053223275,0.0009963309826704822,0.126889555153011,0.12689915697566287
c10_recur,2,2012-04-26,48,0.031396444041666666,0.017929518372802714,0.018701362534589643,0.013466925668863955,0.012695081507077025
c10_recur,2,2012-04-27,33,-0.0011584061818181795,0.04704088343993736,0.049191750143632765,-0.04819928962175555,-0.050350156325450944
c10_recur,1,2012-04-28,17,0.1495946152352941,0.08046707117112646,0.07969473917324431,0.06912754406416766,0.06989987606204984
c10_recur,4,2012-04-29,48,0.0563516495625,0.10532531684897366,0.11058991120680768,-0.04897366728647364,-0.05423826164430768
c10_recur,5,2012-04-30,48,0.067841465,0.15665512436638815,0.1536281527760586,-0.08881365936638815,-0.08578668777605859
c10_recur,3,2012-05-01,35,-0.011450152857142857,0.18670597614387002,0.19597988141351963,-0.19815612900101287,-0.20743003427066248
c10_recur,2,2012-05-02,23,0.03662533839130435,0.2121273439271813,0.22033611128730615,-0.17550200553587697,-0.1837107728960018
c10_recur,4,2012-05-03,48,0.09201962160416667,0.233959443634284,0.24796434717141935,-0.14193982203011732,-0.15594472556725267
c10_recur,1,2012-05-04,40,0.085187383475,0.26852964715784433,0.2660728222020447,-0.1833422636828443,-0.1808854387270447
c10_recur,1,2012-05-05,48,0.0777986770625,0.2807373307552046,0.27851710934704027,-0.20293865369270458,-0.20071843228454025
c10_recur,5,2012-05-06,46,0.009543028086956524,0.3186006787253939,0.31220844065983316,-0.3090576506384373,-0.3026654125728766
c10_recur,5,2012-05-07,48,0.021618651333333332,0.3764530219248301,0.36815135801344834,-0.35483437059149675,-0.346532706680115
c10_recur,1,2012-05-08,48,0.19335431079166668,0.4216928622589504,0.418096495586727,-0.22833855146728377,-0.22474218479506036
c10_recur,2,2012-05-09,42,0.1434148763095238,0.4424962226668625,0.45706321211044393,-0.2990813463573388,-0.31364833580092016
c10_recur,2,2012-05-10,40,0.319251258275,0.4809169304912282,0.5045819906844458,-0.16166567221622813,-0.1853307324094458
c10_recur,2,2012-05-11,48,0.17239545895833333,0.522860643542775,0.548244987490894,-0.3504651845844416,-0.37584952853256065
c10_recur,1,2012-05-12,48,0.17601843233333334,0.5844689052166746,0.5788835338384771,-0.4084504728833413,-0.4028651015051439
c10_recur,2,2012-05-13,48,0.17704623283333332,0.581915358281964,0.6107474473020131,-0.4048691254486307,-0.4337012144686798
c10_recur,2,2012-05-14,48,0.27600001625,0.6511494622070325,0.6710565373878961,-0.37514944595703253,-0.395056521137896
c10_recur,1,2012-05-15,47,0.35306912361702125,0.7312264112310078,0.7244517844810283,-0.37815728761398654,-0.3713826608640072
c10_recur,1,2012-05-16,48,0.4190129162291667,0.804819627451641,0.7984512316332482,-0.38580671122247434,-0.3794383154040815
c10_recur,1,2012-05-17,48,0.5381429567708333,0.8540202763543969,0.847231113719396,-0.3158773195835635,-0.30908815694856256
c10_recur,5,2012-05-18,39,0.4551124043333334,0.9015305692168986,0.8814561604409034,-0.4464181648835652,-0.4263437561075701
c10_recur,3,2012-05-19,48,0.4896868033125,0.8823953407065454,0.9259962977597027,-0.3927085373940453,-0.43630949444720274
c10_recur,3,2012-05-20,48,0.47750789,0.9277718206317647,0.9699338402094134,-0.4502639306317647,-0.49242595020941343
c10_recur,3,2012-05-21,48,0.8335178516666667,0.9456466247327012,0.9966346093270463,-0.11212877306603454,-0.16311675766037956
c10_recur,1,2012-05-22,32,0.702621915625,1.027498492540253,1.0175914338020478,-0.324876576915253,-0.3149695181770478
c10_recur,5,2012-05-23,46,0.6635871663260869,1.0932088609520236,1.0686777210621685,-0.4296216946259367,-0.4050905547360815
c10_recur,4,2012-05-24,48,0.6281435369791667,1.0886814716982245,1.1372522765060664,-0.4605379347190577,-0.5091087395268997
c10_recur,3,2012-05-25,38,0.8183735249999999,1.098240184562871,1.1516150979253161,-0.27986665956287116,-0.33324157292531614
c10_recur,2,2012-05-26,48,0.6980216629166667,1.167022987692803,1.198298579345874,-0.46900132477613643,-0.5002769164292072
c10_recur,5,2012-05-27,48,0.8635254579166666,1.2758940896827136,1.255501615289077,-0.4123686317660468,-0.39197615737241026
c10_recur,2,2012-05-28,45,1.0706195379333332,1.2472605801208043,1.2759324268518377,-0.1766410421874711,-0.2053128889185045
c10_recur,3,2012-05-29,47,1.2441222806595744,1.2511869000618245,1.3073449441741476,-0.007064619402250159,-0.0632226635145732
c10_recur,3,2012-05-30,39,1.3168110543589744,1.2732927370592175,1.3403416109787334,0.043518317299756845,-0.023530556619759203
c10_recur,2,2012-05-31,48,1.122336043125,1.3465499754941088,1.3890322865608862,-0.2242139323691089,-0.2666962434358861
c10_recur,4,2012-06-01,47,1.408223744680851,1.3718913002639883,1.445133038680029,0.036332444416862744,-0.03690929399917781
c10_recur,3,2012-06-02,48,1.5114160385416666,1.435832974428653,1.5039236599988133,0.07558306411301348,0.007492378542853469
c10_recur,5,2012-06-03,48,1.7375850125,1.5864642202198993,1.5546119821858702,0.15112079228010067,0.18297303031412968
c10_recur,3,2012-06-04,48,1.8668908327083333,1.5775811112215345,1.6379908776496566,0.2893097214867986,0.22889995505867666
c10_recur,4,2012-06-05,48,2.0323514729166665,1.5846663153943934,1.6652191540487626,0.44768515752227317,0.36713231886790404
c10_recur,1,2012-06-06,48,1.9727137145833333,1.7101783389361147,1.6946730742653138,0.2625353756472186,0.27804064031801945
c10_recur,5,2012-06-07,48,2.1687674958333334,1.7934333738112027,1.762591971375418,0.3753341220221307,0.4061755244579155
c10_recur,3,2012-06-08,48,2.3881609270833333,1.829912182341067,1.872070241267769,0.5582487447422665,0.5160906858155645
c10_recur,4,2012-06-09,38,2.1885792210526316,1.71700127304167,1.8163458761619744,0.47157794801096153,0.3722333448906572
c10_recur,1,2012-06-10,48,2.3298899375,1.919973096989054,1.9048093408182991,0.40991684051094596,0.4250805966817008
c10_recur,2,2012-06-11,45,2.215788988888889,1.8693318642476897,1.9343558775924325,0.3464571246411994,0.2814331112964564
c10_recur,5,2012-06-12,47,2.466926670212766,2.0318533743702227,1.9840484715515903,0.4350732958425431,0.4828781986611758
c10_recur,5,2012-06-13,48,2.355464260416667,2.0949430958286563,2.046849791370445,0.26052116458801017,0.3086144690462214
c10_recur,5,2012-06-14,48,2.396814725,2.1558637359688655,2.107092777986805,0.24095098903113457,0.2897219470131953
c10_recur,2,2012-06-15,48,2.2765174375,2.077603300123993,2.1501631691695122,0.19891413737600683,0.12635426833048768
c10_recur,4,2012-06-16,48,2.12172636875,2.0463947132629774,2.16563623163224,0.07533165548702284,-0.043909862882239914
c10_recur,3,2012-06-17,48,2.4683254604166667,2.2245137341792414,2.2804349982090337,0.24381172623742534,0.18789046220763275
c10_recur,4,2012-06-18,48,2.57933425,2.238069544034083,2.301173638831776,0.3412647059659169,0.27816061116822394
c10_recur,1,2012-06-19,48,2.7591370666666664,2.292830058138079,2.2778903693930794,0.4663070085285876,0.4812466972735874
c10_recur,2,2012-06-20,48,4.0653092766666665,2.8847064571153482,2.8043869591416772,1.180602819551318,1.2609223175249895
c10_recur,1,2012-06-21,48,2.852546154166667,2.3269632875106225,2.3111527900222986,0.525582866656044,0.5413933641443681
c10_recur,1,2012-06-22,35,2.690932479428571,2.287686007186856,2.268729973194111,0.40324647224171556,0.4222025062344601
c10_recur,3,2012-06-23,46,3.013371210869565,2.2018658213837683,2.2955413639750595,0.8115053894857971,0.7178298468945058
c10_recur,1,2012-06-24,48,3.617370472916667,2.314023969680822,2.294945669955583,1.3033465032358449,1.3224248029610837
c10_recur,4,2012-06-25,48,3.588744060416667,2.1269711243164937,2.2638029235221806,1.4617729361001726,1.3249411368944861
c10_recur,5,2012-06-26,48,3.3450276750000003,2.3200237314701035,2.268685654485322,1.0250039435298965,1.0763420205146776
c10_recur,4,2012-06-27,48,2.8715724887499996,2.1449043445965166,2.273647050991261,0.7266681441534834,0.5979254377587389
c10_recur,2,2012-06-28,48,2.6015098025000003,2.2541164742374025,2.2983507700392427,0.3473933282625978,0.3031590324607573
c10_recur,5,2012-06-29,48,3.3835941145833335,2.3646598656033913,2.332515439929795,1.018934248979942,1.0510786746535385
c10_recur,5,2012-06-30,48,2.9133323829166664,2.3735990779167446,2.337476865140882,0.5397333049999219,0.5758555177757846
c10_recur,1,2012-07-01,48,2.5759667938541666,2.3804170545183014,2.361730439439504,0.19554973933586528,0.21423635441466263
c10_recur,3,2012-07-02,42,2.9145822404761907,2.3618592561566016,2.435997370335412,0.5527229843195889,0.4785848701407785
c10_recur,3,2012-07-03,48,2.5154627541666668,2.4764107306407697,2.5283371213270254,0.03905202352589711,-0.012874367160358655
c10_recur,4,2012-07-04,48,2.6683533291666666,2.770479496113264,2.7709979161396876,-0.1021261669465978,-0.1026445869730208
c10_recur,3,2012-07-05,48,3.0286032791666666,2.7823566954732466,2.7709990371289286,0.24624658369342023,0.25760424203773824
c10_recur,1,2012-07-06,46,2.6821343260869566,2.8228017208472207,2.8144416805844736,-0.14066739476026402,-0.13230735449751702
c10_recur,1,2012-07-07,44,3.637924677272727,2.6379113635423663,2.6205737706609,1.0000133137303608,1.0173509066118274
c10_recur,4,2012-07-08,46,2.952379802173913,2.5491181290376295,2.660188888157825,0.4032616731362837,0.2921909140160882
c10_recur,3,2012-07-09,48,2.5226163520833333,2.8553082761809545,2.893754857297339,-0.33269192409762144,-0.3711385052140055
c10_recur,2,2012-07-10,48,3.164615041458333,3.4636148390394266,3.384594008016603,-0.29899979758109346,-0.2199789665582695
c10_recur,3,2012-07-11,48,3.165003675,3.4683198768310164,3.3966520278467525,-0.30331620183101626,-0.23164835284675248
c10_recur,5,2012-07-12,48,2.8945481479166664,3.3036788199609948,3.3075236154517014,-0.4091306720443282,-0.4129754675350343
c10_recur,5,2012-07-13,48,2.438382886875,3.6299614400350166,3.592740813090321,-1.191578553160017,-1.1543579262153205
c10_recur,4,2012-07-14,48,2.6562699875,4.424756928088476,4.2555648982733105,-1.7684869405884758,-1.5992949107733105
c10_recur,5,2012-07-15,48,3.2690944749999997,5.058515050638136,4.729227958512496,-1.789420575638137,-1.4601334835124957
c10_recur,5,2012-07-16,48,3.3365409666666666,5.103361930087379,4.800933067668072,-1.7668209634207128,-1.4643921010014047
c10_recur,5,2012-07-17,47,3.506454780851064,6.827213402403513,5.916864075264507,-3.3207586215524483,-2.410409294413443
c10_recur,2,2012-07-18,48,4.31823554375,4.280689023198969,4.152747744676581,0.03754652055103106,0.16548779907341926
c10_recur,3,2012-07-19,48,4.235942120833333,3.9685135734288672,3.9162363138953196,0.26742854740446576,0.3197058069380137
c10_recur,4,2012-07-20,48,4.197089585416667,3.0664578101656588,3.247649900949247,1.130631775251008,0.9494396844674191
c10_recur,1,2012-07-21,48,3.581241858333333,3.3157215887558866,3.2864453795903152,0.26552026957744673,0.294796478743018
c10_recur,3,2012-07-22,48,3.47300988125,3.176318713209405,3.33194540196344,0.29669116804059475,0.14106447928655985
c10_recur,3,2012-07-23,48,3.6027254916666664,3.617763641032164,3.6492765758584707,-0.01503814936549682,-0.046551084191803836
c10_recur,5,2012-07-24,48,3.5953668183333334,4.053937012905932,4.012537138938956,-0.4585701945725987,-0.41717032060562276
c10_recur,4,2012-07-25,48,4.1132118166666665,5.467394129647185,5.239945594598018,-1.3541823129805184,-1.1267337779313509
c10_recur,3,2012-07-26,47,4.945090108510638,7.075661330729636,6.73123925924155,-2.1305712222189976,-1.786149150730912
c10_recur,5,2012-07-27,46,4.631375795652175,9.055187696809183,7.435899472356435,-4.423811901157009,-2.8045236767042607
c10_recur,5,2012-07-28,48,5.015409016666667,8.172787773563241,6.934142169656497,-3.157378756896575,-1.9187331529898313
c10_recur,1,2012-07-29,48,5.191188340208334,6.250999247098153,6.258386190352898,-1.0598109068898187,-1.0671978501445645
c10_recur,1,2012-07-30,48,5.172252041666667,6.575016859822909,6.588581359070731,-1.402764818156242,-1.416329317404064
c10_recur,5,2012-07-31,48,6.134338235416667,5.624578569447501,5.324835122932416,0.5097596659691649,0.8095031124842511
c10_recur,5,2012-08-01,48,6.280896235416667,6.053033286045747,5.695190655532421,0.2278629493709191,0.5857055798842451
c10_recur,2,2012-08-02,48,6.6504443,6.5612860310370635,6.960225706146816,0.08915826896293687,-0.30978140614681643
c10_recur,4,2012-08-03,48,7.160892158333333,5.961442087269951,5.6987860765018326,1.1994500710633822,1.4621060818315013
c10_recur,3,2012-08-04,48,6.567858770833333,5.653195740559247,5.420921773478057,0.9146630302740871,1.146936997355277
c10_recur,3,2012-08-05,48,6.946719375,7.270514995704391,6.896831922644318,-0.32379562070439083,0.049887452355682156
c10_recur,4,2012-08-06,48,5.922653764583334,5.074141629917684,4.95637065438313,0.8485121346656497,0.9662831102002033
c10_recur,4,2012-08-07,48,7.153456070833333,5.922026593377272,5.753168233913904,1.2314294774560604,1.40028783691943
c10_recur,3,2012-08-08,48,7.373567145833333,4.537146367607346,4.594007415115585,2.836420778225987,2.779559730717748
c10_recur,2,2012-08-09,47,7.0186513255319145,4.758886997115175,4.670766736371456,2.2597643284167397,2.34788458916046
c10_recur,5,2012-08-10,48,6.428932797916667,5.393769548740436,5.302574511799842,1.035163249176231,1.1263582861168244
c10_recur,2,2012-08-11,48,6.577051102083334,6.3788616370874465,6.24060010332954,0.19818946499588716,0.336450998753794
c10_recur,1,2012-08-12,48,6.641491183333333,6.121976038626954,6.1260636868202765,0.5195151447063794,0.515427496513057
c10_recur,2,2012-08-13,48,7.441026860416667,7.7987298061659045,8.175818158764782,-0.3577029457492373,-0.7347912983481163
c10_recur,3,2012-08-14,44,5.585122643181818,6.246766050827816,6.00182427284974,-0.6616434076459977,-0.41670162966792224
c10_recur,5,2012-08-15,48,6.8359822562499994,6.57636590990584,6.409482635755887,0.2596163463441603,0.42649962049411255
c10_recur,4,2012-08-16,48,7.5789022125,8.389351913806795,8.003207564805374,-0.8104497013067955,-0.424305352305373
c10_recur,4,2012-08-17,48,7.50730011875,8.811789425408259,8.461434917867697,-1.3044893066582584,-0.9541347991176968
c10_recur,1,2012-08-18,48,6.590918335416667,6.3018337083151295,6.302460213227878,0.289084627101537,0.28845812218878913
c10_recur,1,2012-08-19,48,8.61395005625,7.254213696194369,7.25916623070227,1.3597363600556316,1.3547838255477298
c10_recur,3,2012-08-20,48,7.9814005833333335,7.554692971628888,7.277023264261633,0.42670761170444577,0.7043773190717005
c10_recur,2,2012-08-21,48,8.186272847916667,8.398184669248328,8.813489935908947,-0.21191182133166164,-0.6272170879922799
c10_recur,4,2012-08-22,48,7.327301362499999,9.118695862251968,8.728398890773047,-1.7913944997519682,-1.401097528273047
c10_recur,5,2012-08-23,48,8.517630725,10.768393562803686,9.455849980967285,-2.2507628378036855,-0.9382192559672861
c10_recur,5,2012-08-24,48,8.681626145833333,9.427713997113464,8.622113932243122,-0.7460878512801316,0.05951221359021123
c10_recur,1,2012-08-25,48,9.249283554166666,8.869760253469709,8.876136773094748,0.37952330069695855,0.37314678107191956
c10_recur,4,2012-08-26,48,9.87117175,8.89638578047526,8.531404697936326,0.9747859695247397,1.3397670520636733
c10_recur,4,2012-08-27,48,10.066777154166667,9.704333654291693,9.325709112668253,0.3624434998749746,0.7410680414984134
c10_recur,2,2012-08-28,48,9.852360588333333,8.572732294188635,8.675112575432843,1.279628294144698,1.177248012900491
c10_recur,1,2012-08-29,48,21.97209148125,8.426338285684222,8.434107397728203,13.545753195565778,13.537984083521797
c10_recur,2,2012-08-30,48,28.967427914583336,9.758439689369572,10.526575622684526,19.208988225213762,18.44085229189881
c10_recur,4,2012-08-31,48,13.058101424999998,9.63534062050878,9.228682178648924,3.422760804491221,3.8294192463510757
c10_recur,5,2012-09-01,46,6.837848882608696,7.339910397278718,7.2343377629054855,-0.5020615146700219,-0.39648888029678947
c10_recur,1,2012-09-02,39,2.226128878205128,6.228483293675735,6.201402129145372,-4.002354415470608,-3.975273250940243
c10_recur,2,2012-09-03,44,2.9446648161363638,6.776928066098878,6.514666387671278,-3.832263249962514,-3.570001571534914
c10_recur,2,2012-09-04,37,2.855260219216216,7.922785363490377,7.817798511460464,-5.0675251442741605,-4.962538292244247
c10_recur,5,2012-09-05,31,2.949354112903226,9.033661996894015,8.591697506234844,-6.084307883990789,-5.642343393331619
c10_recur,3,2012-09-06,38,2.514661660526316,7.819129166288374,7.61084551897428,-5.304467505762059,-5.096183858447963
c10_recur,1,2012-09-07,42,1.6679321140476189,6.941023994437477,6.928837535066815,-5.273091880389858,-5.2609054210191974
c10_recur,4,2012-09-08,48,3.0139437527083337,7.487350977000454,7.3262687592810005,-4.473407224292122,-4.312325006572668
c10_recur,2,2012-09-09,48,4.418429550208333,8.390973337092513,8.413987385897586,-3.9725437868841804,-3.9955578356892523
c10_recur,5,2012-09-10,16,2.077358675,6.166323549983307,6.119600679357688,-4.088964874983307,-4.042242004357687
