Date,AUC_dry,hwet,h*VPD,Tv_K,uzonal,h_ASINH_cm,h_inv,SR*Ts,SR*HODsin,h*sinTOD,F_CH4_F
04/01/2016 14:00,0.0,5.5536,8.7959,306.0223,-2.99,2.4156,0.18,15774.3592,-271.0371,-2.7768,14.56003411
04/01/2016 14:30,0.0,5.4536,8.648,306.1495,-3.01,2.3977,0.18,14929.7578,-310.0874,-3.3199,14.70087173
04/01/2016 15:00,0.0,5.6436,8.8452,306.0157,-3.4,2.4314,0.18,18964.2964,-458.1408,-3.9906,12.69634651
04/01/2016 15:30,0.0,5.6436,8.0341,305.0907,-3.53,2.4314,0.18,8097.4696,-216.1559,-4.4774,8.67286008
04/01/2016 16:00,0.0,5.6236,7.5826,304.7695,-2.67,2.4279,0.18,6230.8692,-182.4853,-4.8702,7.1111736
04/01/2016 16:30,0.0,5.5836,7.909,305.1748,-2.17,2.4209,0.18,8997.9754,-285.1817,-5.1586,4.966803965
04/01/2016 17:00,0.0,5.5986,7.5907,304.7083,-2.5,2.4235,0.18,5321.3652,-175.9084,-5.4078,5.81077872
04/01/2016 17:30,0.0,5.7136,7.0349,303.7246,-2.1,2.4436,0.17,928.3936,-31.2547,-5.6647,5.515735752
04/01/2016 18:00,0.0,5.6036,5.6062,302.9982,-0.65,2.4244,0.18,0.0,0.0,-5.6036,6.011612352
04/01/2016 18:30,0.0,5.6686,5.1949,302.8191,0.22,2.4358,0.18,0.0,0.0,-5.6201,4.569473275
04/01/2016 19:00,0.0,5.4986,4.4666,302.2662,-0.75,2.4058,0.18,0.0,0.0,-5.3112,6.95497608
04/01/2016 19:30,0.0,5.6236,4.2019,301.9936,0.23,2.4279,0.18,0.0,0.0,-5.1955,4.794062789
04/01/2016 20:00,0.0,5.4636,3.6649,301.6731,1.2,2.3995,0.18,0.0,0.0,-4.7316,2.901589805
04/01/2016 20:30,0.0,5.5286,3.1912,301.2508,0.78,2.4112,0.18,0.0,0.0,-4.3861,-1.79170393
04/01/2016 21:00,0.0,5.4586,2.7123,300.8399,1.28,2.3986,0.18,0.0,0.0,-3.8598,4.290073157
04/01/2016 21:30,0.0,5.5036,3.3515,301.3487,0.86,2.4067,0.18,0.0,0.0,-3.3504,5.048962128
04/01/2016 22:00,0.0,5.4036,3.0499,301.0441,0.56,2.3887,0.19,0.0,0.0,-2.7018,5.95975824
04/01/2016 22:30,0.0,5.4736,3.3156,301.1563,0.46,2.4013,0.18,0.0,0.0,-2.0947,3.940970256
04/01/2016 23:00,0.0,5.3986,3.1506,300.9862,1.16,2.3878,0.19,0.0,0.0,-1.3973,5.782715136
04/01/2016 23:30,0.0,5.3586,3.3248,301.0792,0.41,2.3804,0.19,0.0,0.0,-0.6994,3.165976483
05/01/2016 00:00,0.0,5.3186,3.8291,301.4569,-0.32,2.3731,0.19,0.0,0.0,0.0,11.66711746
05/01/2016 00:30,0.0,5.3886,3.5233,301.1032,0.28,2.3859,0.19,0.0,0.0,0.7034,3.199006051
05/01/2016 01:00,0.0,5.3486,2.7839,300.401,1.05,2.3786,0.19,0.0,0.0,1.3843,8.34314184
05/01/2016 01:30,0.0,5.3586,2.6328,300.2283,0.53,2.3804,0.19,0.0,0.0,2.0506,1.856331014
05/01/2016 02:00,0.0,5.3836,2.7592,300.3142,0.77,2.385,0.19,0.0,0.0,2.6918,7.747858944
05/01/2016 02:30,0.0,5.4036,2.6651,300.0934,0.81,2.3887,0.19,0.0,0.0,3.2895,3.815833234
05/01/2016 03:00,0.0,5.3736,2.4972,299.92,0.93,2.3832,0.19,0.0,0.0,3.7997,-0.18861096
05/01/2016 03:30,0.0,5.3636,2.2672,299.6409,1.17,2.3814,0.19,0.0,0.0,4.2552,7.456598208
05/01/2016 04:00,0.0,5.3436,2.3182,299.7369,-0.05,2.3777,0.19,0.0,0.0,4.6277,9.7212024
05/01/2016 04:30,0.0,5.3536,2.056,299.2738,0.49,2.3795,0.19,0.0,0.0,4.9461,3.321457978
05/01/2016 05:00,0.0,5.3486,1.797,298.7147,0.22,2.3786,0.19,0.0,0.0,5.1664,3.189137602
05/01/2016 05:30,0.0,5.2786,1.6592,298.5827,0.67,2.3657,0.19,0.0,0.0,5.2334,4.357980101
05/01/2016 06:00,0.0,5.2786,1.5304,298.083,0.15,2.3657,0.19,0.0,0.0,5.2786,4.538112509
05/01/2016 06:30,0.0,5.1986,1.318,297.4203,0.04,2.3507,0.19,0.0,0.0,5.1541,4.532800061
05/01/2016 07:00,0.0,5.0836,1.2795,298.0518,0.58,2.3287,0.2,633.9489,23.8546,4.9104,4.853856701
05/01/2016 07:30,0.0,4.8736,2.3904,300.4929,0.39,2.2873,0.21,1122.939,40.7007,4.5026,7.262116416
05/01/2016 08:00,0.0,4.8036,3.6234,301.9582,-0.35,2.2732,0.21,3315.6324,112.5165,4.16,6.076516608
05/01/2016 08:30,0.0,4.7536,3.5403,301.9443,0.84,2.2629,0.21,9747.1056,302.1844,3.7713,-3.282423034
05/01/2016 09:00,0.0,4.6536,3.9503,302.6438,0.01,2.2421,0.21,12623.4726,346.1087,3.2906,2.318641027
05/01/2016 09:30,0.0,4.6936,4.5392,303.5333,-0.51,2.2505,0.21,14393.9234,335.8553,2.8573,5.817303792
05/01/2016 10:00,0.0,4.8586,5.3441,304.1745,-1.03,2.2843,0.21,18364.2905,348.9983,2.4293,8.524342512
05/01/2016 10:30,0.0,4.8986,6.6222,304.5438,-1.71,2.2924,0.2,18820.7959,271.2771,1.8746,15.21057802
05/01/2016 11:00,0.0,4.8336,7.6606,304.9511,-2.37,2.2793,0.21,22885.7729,219.2993,1.251,19.57302173
05/01/2016 11:30,0.0,5.0736,8.6003,305.2857,-2.13,2.3268,0.2,22696.6996,108.1209,0.6622,22.22780213
05/01/2016 12:00,0.0,5.1786,8.9092,305.5019,-2.37,2.3469,0.19,21621.7421,0.0,0.0,24.60223541
05/01/2016 12:30,0.0,5.1986,9.7243,305.8963,-2.62,2.3507,0.19,26504.7817,-122.203,-0.6786,27.96120389
05/01/2016 13:00,0.0,5.2686,10.1407,306.1845,-2.15,2.3638,0.19,26035.8164,-235.203,-1.3636,27.34513315
05/01/2016 13:30,0.0,5.4386,10.9885,306.0742,-2.67,2.395,0.18,23912.2538,-313.3844,-2.0813,23.48725651
05/01/2016 14:00,0.0,5.6136,11.7182,305.8547,-2.78,2.4262,0.18,13293.9689,-225.0164,-2.8068,13.51671552
05/01/2016 14:30,0.0,5.7136,11.3615,305.9315,-2.98,2.4436,0.17,19498.9294,-399.4009,-3.4782,11.97633658
05/01/2016 15:00,0.0,5.7636,11.7238,305.7492,-3.64,2.4522,0.17,17978.1845,-429.9119,-4.0755,10.33952515
05/01/2016 15:30,0.0,5.8036,11.7585,305.6034,-3.34,2.459,0.17,14276.6017,-381.7455,-4.6043,13.05903658
05/01/2016 16:00,0.0,5.8036,11.3589,305.3608,-3.19,2.459,0.17,12300.1814,-361.0939,-5.0261,19.95886714
05/01/2016 16:30,0.0,5.7836,10.0872,304.9017,-2.54,2.4556,0.17,8884.4757,-279.095,-5.3433,7.502851152
05/01/2016 17:00,0.0,5.8436,9.3538,304.2259,-2.31,2.4657,0.17,5253.5691,-173.016,-5.6445,6.37811352
05/01/2016 17:30,0.0,5.8436,7.7881,303.2466,-1.7,2.4657,0.17,937.2488,-31.7035,-5.7936,3.537212659
05/01/2016 18:00,0.0,5.8636,6.3337,302.3615,-0.77,2.4691,0.17,0.0,0.0,-5.8636,4.656210538
05/01/2016 18:30,0.0,5.8436,4.9517,301.6364,-0.1,2.4657,0.17,0.0,0.0,-5.7936,7.506950976
05/01/2016 19:00,0.0,5.8436,4.1884,300.8754,0.55,2.4657,0.17,0.0,0.0,-5.6445,4.714070026
05/01/2016 19:30,0.0,5.7686,4.284,300.9676,0.26,2.453,0.17,0.0,0.0,-5.3295,0.829140322
05/01/2016 20:00,0.0,5.6736,4.0553,300.937,0.52,2.4366,0.18,0.0,0.0,-4.9135,-2.010074414
05/01/2016 20:30,0.0,5.6386,3.6699,300.4716,0.69,2.4306,0.18,0.0,0.0,-4.4734,8.843666832
05/01/2016 21:00,0.0,5.6386,4.2831,300.591,0.23,2.4306,0.18,0.0,0.0,-3.9871,3.66852829
05/01/2016 21:30,0.0,5.5736,3.8821,300.0776,0.03,2.4191,0.18,0.0,0.0,-3.393,2.862993715
05/01/2016 22:00,0.0,5.4936,3.8316,300.1128,-0.39,2.4049,0.18,0.0,0.0,-2.7468,2.11911241
05/01/2016 22:30,0.0,5.4536,3.918,300.2353,-0.3,2.3977,0.18,0.0,0.0,-2.087,2.231233934
05/01/2016 23:00,0.0,5.5186,2.873,299.176,1.06,2.4094,0.18,0.0,0.0,-1.4283,2.479879598
05/01/2016 23:30,0.0,5.4536,3.2156,299.8474,0.77,2.3977,0.18,0.0,0.0,-0.7118,5.713866965
06/01/2016 00:00,0.0,5.4186,2.8345,299.5601,1.08,2.3914,0.18,0.0,0.0,0.0,10.06887902
06/01/2016 00:30,0.0,5.3686,2.6286,299.3331,0.45,2.3823,0.19,0.0,0.0,0.7007,0.375593538
06/01/2016 01:00,0.0,5.3686,2.1256,298.7538,0.72,2.3823,0.19,0.0,0.0,1.3895,1.908808762
06/01/2016 01:30,0.0,5.3886,2.3835,299.1469,0.89,2.3859,0.19,0.0,0.0,2.0621,2.954783578
06/01/2016 02:00,0.0,5.3886,2.3574,299.1411,0.79,2.3859,0.19,0.0,0.0,2.6943,1.631597141
06/01/2016 02:30,0.0,5.3586,2.1238,298.8034,0.9,2.3804,0.19,0.0,0.0,3.2621,5.1096222
06/01/2016 03:00,0.0,5.4186,2.4052,299.0623,0.93,2.3914,0.18,0.0,0.0,3.8315,3.324068006
06/01/2016 03:30,0.0,5.4036,1.8383,298.2197,0.95,2.3887,0.19,0.0,0.0,4.287,7.491591072
06/01/2016 04:00,0.0,5.3536,1.4489,297.6303,0.69,2.3795,0.19,0.0,0.0,4.6364,2.415009989
06/01/2016 04:30,0.0,5.3786,1.4339,297.6466,-0.3,2.3841,0.19,0.0,0.0,4.9692,-2.371378622
06/01/2016 05:00,0.0,5.3936,1.445,297.5496,0.49,2.3868,0.19,0.0,0.0,5.2098,8.37316872
06/01/2016 05:30,0.0,5.3836,1.3604,297.222,-0.29,2.385,0.19,0.0,0.0,5.3375,-1.198967544
06/01/2016 06:00,0.0,5.3386,1.2388,296.7474,-0.31,2.3768,0.19,0.0,0.0,5.3386,0.400402093
06/01/2016 06:30,0.0,5.1936,1.1121,296.507,0.21,2.3497,0.19,0.0,0.0,5.1492,2.694208003
06/01/2016 07:00,0.0,5.0686,1.0915,297.5231,0.11,2.3258,0.2,777.6114,30.2869,4.8959,3.912848928
06/01/2016 07:30,0.0,4.9736,1.9757,299.7386,0.47,2.3072,0.2,1914.2799,71.9221,4.595,3.937291963
06/01/2016 08:00,0.0,4.8286,3.016,300.5605,-0.39,2.2783,0.21,3608.6952,126.0678,4.1817,1.320414725
06/01/2016 08:30,0.0,4.8136,4.3228,301.8072,-0.77,2.2752,0.21,9358.2663,298.8894,3.8189,2.149156613
06/01/2016 09:00,0.0,4.6986,4.2979,302.0106,-1.25,2.2515,0.21,12210.961,343.5915,3.3224,5.90403528
06/01/2016 09:30,0.0,4.7336,4.3727,302.4101,-1.72,2.2588,0.21,12601.8659,301.9099,2.8816,5.82088392
06/01/2016 10:00,0.0,4.7836,4.6712,302.7734,-0.94,2.2691,0.21,12588.1049,245.0955,2.3918,21.26180275
06/01/2016 10:30,0.0,4.6986,4.7283,303.1894,-1.06,2.2515,0.21,14232.9692,209.1675,1.7981,12.50948693
06/01/2016 11:00,0.0,4.7486,4.5828,303.3258,-0.35,2.2619,0.21,14249.4229,139.4865,1.229,14.2936033
06/01/2016 11:30,0.0,4.8236,5.0635,303.7822,-0.58,2.2772,0.21,15231.1129,74.126,0.6296,9.032720688
06/01/2016 12:00,0.0,4.7786,5.011,303.6342,-0.35,2.2681,0.21,8335.812,0.0,0.0,13.48149168
06/01/2016 12:30,0.0,4.8236,5.3396,304.0093,-0.91,2.2772,0.21,12103.408,-57.5943,-0.6296,16.88168938
06/01/2016 13:00,0.0,4.8836,5.377,304.3086,0.27,2.2894,0.2,20422.9503,-191.0317,-1.264,20.27397614
06/01/2016 13:30,0.0,4.9236,4.7717,304.1209,-0.03,2.2973,0.2,13965.5745,-190.3952,-1.8842,12.19414694
06/01/2016 14:00,0.0,4.9786,4.7945,303.8013,-2.02,2.3082,0.2,10226.4873,-179.5381,-2.4893,11.71175357
06/01/2016 14:30,0.0,4.9136,4.8221,303.8693,-1.78,2.2954,0.2,12690.6065,-272.4101,-2.9912,11.28283114
06/01/2016 15:00,0.0,4.8786,5.0749,304.2304,-0.45,2.2883,0.2,17085.848,-427.3618,-3.4497,12.44157998
06/01/2016 15:30,0.0,4.6936,5.3133,304.6944,-0.15,2.2505,0.21,15526.0669,-434.179,-3.7237,16.75488355
06/01/2016 16:00,0.0,4.7136,5.4772,304.7354,0.22,2.2547,0.21,12613.3628,-383.146,-4.0821,13.73250485
06/01/2016 16:30,0.0,4.5936,5.3462,304.7449,0.19,2.2295,0.22,9331.9829,-301.1396,-4.2439,10.74107693
06/01/2016 17:00,0.0,4.7486,4.7635,304.1693,0.12,2.2619,0.21,4445.9504,-149.9462,-4.5868,9.692503632
06/01/2016 17:30,0.0,4.7086,4.7895,303.5976,-1.41,2.2536,0.21,1136.2522,-39.4168,-4.6683,9.053854992
06/01/2016 18:00,0.0,4.8586,4.6704,303.1467,-0.85,2.2843,0.21,0.0,0.0,-4.8586,7.421489856
06/01/2016 18:30,0.0,4.8036,4.1831,302.6879,-0.85,2.2732,0.21,0.0,0.0,-4.7625,6.469175808
06/01/2016 19:00,0.0,4.6636,3.8297,302.3208,-0.11,2.2442,0.21,0.0,0.0,-4.5047,2.955003005
06/01/2016 19:30,0.0,4.6186,3.6838,302.0867,-0.02,2.2348,0.22,0.0,0.0,-4.267,6.467443488
06/01/2016 20:00,0.0,4.5186,3.2395,301.697,0.24,2.2134,0.22,0.0,0.0,-3.9132,4.129227245
06/01/2016 20:30,0.0,4.5386,3.0364,301.4313,0.44,2.2177,0.22,0.0,0.0,-3.6007,4.959129787
06/01/2016 21:00,0.0,4.5036,2.4282,300.6851,0.95,2.2101,0.22,0.0,0.0,-3.1845,4.780920254
06/01/2016 21:30,0.0,4.5286,2.5984,300.719,0.77,2.2155,0.22,0.0,0.0,-2.7568,3.756426206
06/01/2016 22:00,0.0,4.5336,2.476,300.3722,0.77,2.2166,0.22,0.0,0.0,-2.2668,6.555329856
06/01/2016 22:30,0.0,4.4286,2.2586,300.0486,1.1,2.1937,0.23,0.0,0.0,-1.6948,6.232367664
06/01/2016 23:00,0.0,4.3686,2.1109,299.8129,0.74,2.1804,0.23,0.0,0.0,-1.1307,1.501771306
06/01/2016 23:30,0.0,4.2336,1.8271,299.4848,1.37,2.1499,0.24,0.0,0.0,-0.5526,2.857138474
07/01/2016 00:00,0.0,4.3036,2.3289,300.1365,1.04,2.1658,0.23,0.0,0.0,0.0,4.94182391
07/01/2016 00:30,0.0,4.3136,2.3945,300.2798,0.89,2.1681,0.23,0.0,0.0,0.563,4.182894518
07/01/2016 01:00,0.0,4.2786,2.4269,300.4613,1.04,2.1602,0.23,0.0,0.0,1.1074,3.399106334
07/01/2016 01:30,0.0,4.2586,2.3833,300.3844,1.07,2.1556,0.23,0.0,0.0,1.6297,4.91276713
07/01/2016 02:00,0.0,4.1836,2.2066,300.3114,1.0,2.1383,0.24,0.0,0.0,2.0918,3.753666043
07/01/2016 02:30,0.0,4.2236,2.4176,300.5525,0.71,2.1476,0.24,0.0,0.0,2.5712,4.877618357
07/01/2016 03:00,0.0,4.1586,2.3081,300.5237,0.67,2.1325,0.24,0.0,0.0,2.9406,6.02905104
07/01/2016 03:30,0.0,4.1486,2.4597,300.6512,0.46,2.1301,0.24,0.0,0.0,3.2913,6.154297776
07/01/2016 04:00,0.0,4.1186,2.3708,300.5974,0.17,2.1231,0.24,0.0,0.0,3.5668,3.625358875
07/01/2016 04:30,0.0,4.1136,1.8766,300.1609,0.47,2.1219,0.24,0.0,0.0,3.8005,3.450204
07/01/2016 05:00,0.0,4.1036,1.5108,299.8721,0.53,2.1195,0.24,0.0,0.0,3.9638,4.439202811
07/01/2016 05:30,0.0,3.9336,1.4558,299.8932,0.48,2.0785,0.25,0.0,0.0,3.8999,5.045462842
07/01/2016 06:00,0.0,4.0286,1.6113,300.0404,0.33,2.1016,0.25,0.0,0.0,4.0286,0.511817409
07/01/2016 06:30,0.0,3.8836,1.3738,299.8374,-0.12,2.0661,0.26,0.0,0.0,3.8504,1.230651677
07/01/2016 07:00,0.0,3.8336,1.2235,299.7548,0.02,2.0535,0.26,434.0842,16.3022,3.703,0.616786762
07/01/2016 07:30,0.0,3.7186,1.5306,300.1581,0.47,2.0241,0.27,1486.0951,53.9267,3.4355,2.087197301
07/01/2016 08:00,0.0,3.6386,1.9112,300.9422,0.06,2.0031,0.27,3429.7812,116.4358,3.1511,3.122830166
07/01/2016 08:30,0.0,3.4786,2.5799,301.9366,0.57,1.9598,0.29,5043.1009,157.2705,2.7598,5.696272368
07/01/2016 09:00,0.0,3.4436,3.0832,302.6411,-0.38,1.9501,0.29,7579.6957,209.1164,2.435,4.993787736
07/01/2016 09:30,0.0,3.3086,3.2398,303.2693,-1.07,1.9118,0.3,12581.0412,296.3952,2.0141,6.984310032
07/01/2016 10:00,0.0,3.3736,3.4574,303.7187,-0.72,1.9304,0.3,14253.0302,271.2796,1.6868,6.194545344
07/01/2016 10:30,0.0,3.3236,3.0514,303.2899,-1.36,1.9161,0.3,5925.1259,84.4802,1.2719,6.262394544
07/01/2016 11:00,0.0,3.2086,3.0429,303.2185,-2.27,1.8824,0.31,12319.4853,118.0058,0.8304,9.82745136
07/01/2016 11:30,0.0,3.2686,3.5547,303.5863,-2.46,1.9001,0.31,13186.6617,63.0709,0.4266,14.29239067
07/01/2016 12:00,0.0,3.1036,3.2599,303.7566,-2.41,1.8507,0.32,18477.1555,0.0,0.0,19.0685124
07/01/2016 12:30,0.0,3.0436,3.4969,304.1867,-2.86,1.8321,0.33,25131.3847,-117.3213,-0.3973,21.58095384
07/01/2016 13:00,0.0,3.1236,3.8055,304.513,-3.09,1.8568,0.32,12446.1256,-112.8695,-0.8084,15.208326
07/01/2016 13:30,0.0,3.1936,4.0279,303.8568,-3.7,1.878,0.31,12242.0077,-159.4016,-1.2221,15.92614166
07/01/2016 14:00,0.0,3.0986,3.8677,303.8222,-3.46,1.8492,0.32,11223.3483,-190.6787,-1.5493,12.5530259
07/01/2016 14:30,0.0,2.9636,3.7184,303.9792,-3.11,1.8069,0.34,17899.6669,-371.265,-1.8041,17.46640512
07/01/2016 15:00,0.0,2.9286,3.7673,304.5126,-2.31,1.7956,0.34,17131.6446,-412.0375,-2.0708,14.85221875
07/01/2016 15:30,0.0,2.9436,3.8273,304.2426,-3.02,1.8005,0.34,9318.181,-249.1611,-2.3353,9.469785024
07/01/2016 16:00,0.0,2.9436,3.7976,303.8364,-2.76,1.8005,0.34,7739.9119,-226.3749,-2.5492,10.16640864
07/01/2016 16:30,0.0,2.8386,3.7147,304.0163,-2.35,1.7661,0.35,9102.2342,-286.4226,-2.6225,7.340301792
07/01/2016 17:00,0.0,2.7636,3.2059,303.4558,-2.31,1.7409,0.36,3971.4217,-131.2833,-2.6694,8.550327312
07/01/2016 17:30,0.0,2.7336,2.7374,302.6366,-1.89,1.7307,0.37,927.8654,-31.472,-2.7102,7.046153856
07/01/2016 18:00,0.0,2.6936,2.4389,301.8902,-1.32,1.7168,0.37,0.0,0.0,-2.6936,11.30656392
07/01/2016 18:30,0.0,2.8236,2.5268,301.3591,-0.36,1.7611,0.35,0.0,0.0,-2.7994,-1.803114144
07/01/2016 19:00,0.0,2.7136,1.8595,300.3367,0.86,1.7238,0.37,0.0,0.0,-2.6211,3.391564968
07/01/2016 19:30,0.0,2.6386,1.8049,300.021,0.95,1.6975,0.38,0.0,0.0,-2.4377,4.064657904
07/01/2016 20:00,0.0,2.5936,1.7967,300.169,0.9,1.6814,0.39,0.0,0.0,-2.2461,7.491071376
07/01/2016 20:30,0.0,2.5336,1.6742,300.1322,0.78,1.6596,0.39,0.0,0.0,-2.01,5.035813819
07/01/2016 21:00,0.0,2.4786,1.8713,300.8299,-0.89,1.6393,0.4,0.0,0.0,-1.7526,3.565899878
07/01/2016 21:30,0.0,2.4486,1.7953,300.8544,-0.55,1.628,0.41,0.0,0.0,-1.4906,2.925876931
07/01/2016 22:00,0.0,2.3786,1.2995,300.0062,0.89,1.6012,0.42,0.0,0.0,-1.1893,6.505785504
07/01/2016 22:30,0.0,2.3686,1.2807,300.061,0.85,1.5973,0.42,0.0,0.0,-0.9064,4.665068467
07/01/2016 23:00,0.0,2.3286,1.516,300.5443,0.62,1.5816,0.43,0.0,0.0,-0.6027,-0.342004431
07/01/2016 23:30,0.0,2.1886,1.12,299.9243,1.01,1.5249,0.46,0.0,0.0,-0.2857,3.895439112
08/01/2016 00:00,0.0,2.2486,1.2054,300.1642,0.78,1.5496,0.44,0.0,0.0,0.0,2.18970445
08/01/2016 00:30,0.0,2.2186,1.3254,300.5208,0.48,1.5373,0.45,0.0,0.0,0.2896,5.667619795
08/01/2016 01:00,0.0,2.1586,1.1482,300.2556,0.74,1.5124,0.46,0.0,0.0,0.5587,5.89652856
08/01/2016 01:30,0.0,2.1986,1.1619,300.139,0.84,1.5291,0.45,0.0,0.0,0.8414,4.057965374
08/01/2016 02:00,0.0,2.1136,1.0344,299.8809,0.9,1.4933,0.47,0.0,0.0,1.0568,3.75070955
08/01/2016 02:30,0.0,2.1336,0.9137,299.4308,1.11,1.5018,0.47,0.0,0.0,1.2989,7.497134496
08/01/2016 03:00,0.0,1.9786,0.9351,299.7192,0.78,1.434,0.51,0.0,0.0,1.3991,7.915663008
08/01/2016 03:30,0.0,2.0586,0.8384,299.0689,0.19,1.4695,0.49,0.0,0.0,1.6332,3.311768534
08/01/2016 04:00,0.0,2.0286,0.6416,298.2605,0.27,1.4564,0.49,0.0,0.0,1.7568,4.200702768
08/01/2016 04:30,0.0,2.0936,0.6378,298.489,0.64,1.4847,0.48,0.0,0.0,1.9342,3.155051318
08/01/2016 05:00,0.0,1.9736,0.6933,298.6991,0.77,1.4318,0.51,0.0,0.0,1.9064,8.105409792
08/01/2016 05:30,0.0,1.8736,0.7874,299.1975,0.98,1.3856,0.53,0.0,0.0,1.8576,12.46438886
08/01/2016 06:00,0.0,1.7936,0.7438,299.046,0.43,1.3473,0.56,0.0,0.0,1.7936,4.06021739
08/01/2016 06:30,0.0,1.7986,0.6206,298.2721,-0.37,1.3498,0.56,0.0,0.0,1.7832,14.85204552
08/01/2016 07:00,0.0,1.6086,0.471,298.1987,-0.31,1.2535,0.62,493.1329,19.3945,1.5538,16.57674331
08/01/2016 07:30,0.0,1.3736,0.6045,299.92,0.14,1.1225,0.73,902.6446,34.1917,1.269,6.948797472
08/01/2016 08:00,0.0,0.9636,0.5357,300.6757,-0.18,0.8554,1.04,2955.9936,104.4884,0.8345,12.72810571
08/01/2016 08:30,0.1972226738660907,0.0,-0.9384,301.5969,0.19,-1.1094,-0.74,9508.2192,305.1528,-1.0721,1.54484833
08/01/2016 09:00,0.9829226738660908,0.0,-1.5175,302.4239,-0.69,-1.3463,-0.56,12578.3075,355.7683,-1.2667,1.33393837
08/01/2016 09:30,1.8623726738660908,0.0,-1.7214,303.2876,-0.53,-1.3141,-0.58,15755.6664,373.9354,-1.051,12.6002605
08/01/2016 10:00,2.721822673866091,0.0,-1.7532,303.4828,-0.49,-1.3066,-0.58,16303.7147,307.9659,-0.8557,4.215312
08/01/2016 10:30,3.431272673866091,0.0,-1.2461,304.0064,-1.18,-0.968,-0.89,20303.5318,290.3522,-0.4311,13.2430667
08/01/2016 11:00,3.985722673866091,0.0,-1.3544,304.5097,-1.08,-0.9445,-0.92,16473.6909,156.7539,-0.2825,9.646828128
08/01/2016 11:30,4.540172673866091,0.0,-1.3161,304.2525,-0.84,-0.968,-0.89,9934.2994,46.6099,-0.147,13.44921278
08/01/2016 12:00,5.060872673866091,0.0,-1.165,304.2089,0.35,-0.8502,-1.05,11120.2823,0.0,0.0,14.2362635
08/01/2016 12:30,5.191918656674114,0.7886,1.0002,304.3677,0.02,0.7237,1.27,10974.1521,-50.687,-0.1029,10.54087848
08/01/2016 13:00,5.191918656674114,1.0086,1.3714,305.0264,-0.75,0.8874,0.99,11345.5477,-103.1779,-0.261,13.8334991
08/01/2016 13:30,5.191918656674114,1.0486,1.3073,304.6241,-2.77,0.9153,0.95,18480.828,-246.336,-0.4013,29.09754806
08/01/2016 14:00,5.191918656674114,0.9886,1.3725,305.0473,-2.38,0.8733,1.01,21290.6277,-368.6051,-0.4943,25.73933026
08/01/2016 14:30,5.191918656674114,1.0636,1.5144,305.2881,-2.0,0.9256,0.94,19889.9905,-410.5886,-0.6475,21.4369403
08/01/2016 15:00,5.191918656674114,1.1386,1.7359,305.2228,-1.53,0.9761,0.88,14366.706,-339.3051,-0.8051,14.12857094
08/01/2016 15:30,5.191918656674114,1.1736,2.0272,305.9776,-0.38,0.999,0.85,16157.5399,-431.4587,-0.9311,21.54342024
08/01/2016 16:00,5.191918656674114,1.1936,1.8854,305.7233,-1.37,1.0119,0.84,9139.0771,-263.1208,-1.0337,24.47092555
08/01/2016 16:30,5.191918656674114,1.2986,1.8567,305.2035,-1.02,1.0776,0.77,4414.998,-135.9642,-1.1997,12.74259946
08/01/2016 17:00,5.191918656674114,1.2586,1.5843,304.6998,-1.29,1.053,0.79,3023.306,-99.1273,-1.2157,15.30435427
08/01/2016 17:30,5.191918656674114,1.3686,1.574,304.0767,-0.45,1.1196,0.73,932.8447,-31.8151,-1.3569,8.689201632
08/01/2016 18:00,5.191918656674114,1.3686,1.0288,302.8044,0.67,1.1196,0.73,0.0,0.0,-1.3686,11.47864104
08/01/2016 18:30,5.191918656674114,1.3136,0.9534,302.3856,0.46,1.0867,0.76,0.0,0.0,-1.3024,11.78826437
08/01/2016 19:00,5.191918656674114,1.2336,0.9395,302.2813,0.15,1.0373,0.81,0.0,0.0,-1.1916,8.114533344
08/01/2016 19:30,5.191918656674114,1.0686,0.6674,301.3751,0.79,0.9291,0.93,0.0,0.0,-0.9873,6.421075056
08/01/2016 20:00,5.191918656674114,0.9886,0.4755,300.4853,0.86,0.8733,1.01,0.0,0.0,-0.8562,4.95842531
08/01/2016 20:30,5.191918656674114,0.9286,0.5081,300.6654,0.73,0.83,1.08,0.0,0.0,-0.7367,1.349835293
08/01/2016 21:00,5.191918656674114,0.8986,0.4852,300.5512,0.66,0.8078,1.11,0.0,0.0,-0.6354,5.436920966
08/01/2016 21:30,5.191918656674114,0.8986,0.3903,299.8688,0.34,0.8078,1.11,0.0,0.0,-0.547,4.883225299
08/01/2016 22:00,5.191918656674114,0.8436,0.3148,299.3343,0.04,0.7664,1.18,0.0,0.0,-0.4218,2.450095243
08/01/2016 22:30,5.191918656674114,0.8486,0.2706,299.0587,-0.29,0.7702,1.18,0.0,0.0,-0.3247,2.932713821
08/01/2016 23:00,5.191918656674114,0.8136,0.2488,298.8092,0.18,0.7433,1.23,0.0,0.0,-0.2106,7.457984064
08/01/2016 23:30,5.191918656674114,0.8936,0.2545,298.9051,0.36,0.8041,1.12,0.0,0.0,-0.1166,7.388749008
09/01/2016 00:00,5.191918656674114,0.7536,0.3719,300.5315,0.78,0.696,1.33,0.0,0.0,0.0,6.379788096
09/01/2016 00:30,5.191918656674114,0.7736,0.4201,300.5735,0.69,0.7119,1.29,0.0,0.0,0.101,0.85186836
09/01/2016 01:00,5.191918656674114,0.8086,0.3859,300.1258,0.42,0.7394,1.24,0.0,0.0,0.2093,4.61533356
09/01/2016 01:30,5.191918656674114,0.6786,0.2441,299.7265,0.71,0.635,1.47,0.0,0.0,0.2597,6.51987504
09/01/2016 02:00,5.191918656674114,0.6686,0.2762,300.3828,0.61,0.6268,1.49,0.0,0.0,0.3343,3.465633197
09/01/2016 02:30,5.191918656674114,0.5936,0.2615,300.4979,0.27,0.5633,1.68,0.0,0.0,0.3614,17.35282267
09/01/2016 03:00,5.191918656674114,0.7086,0.2742,300.2545,0.01,0.6597,1.41,0.0,0.0,0.5011,6.064967808
09/01/2016 03:30,5.191918656674114,0.7236,0.2705,300.3544,0.1,0.6719,1.38,0.0,0.0,0.5741,6.796699776
09/01/2016 04:00,5.191918656674114,0.6886,0.2785,300.4652,-0.11,0.6433,1.45,0.0,0.0,0.5963,5.497090214
09/01/2016 04:30,5.191918656674114,0.6986,0.2524,299.991,0.31,0.6515,1.43,0.0,0.0,0.6454,3.421990282
09/01/2016 05:00,5.191918656674114,0.6736,0.2175,299.5733,0.55,0.6309,1.48,0.0,0.0,0.6506,2.315274552
09/01/2016 05:30,5.191918656674114,0.7236,0.2217,299.2293,0.37,0.6719,1.38,0.0,0.0,0.7174,3.754844021
09/01/2016 06:00,5.191918656674114,0.6786,0.1948,299.0818,0.71,0.635,1.47,0.0,0.0,0.6786,12.1926456
09/01/2016 06:30,5.191918656674114,0.6136,0.2183,299.3402,0.42,0.5805,1.63,0.0,0.0,0.6084,5.712163517
09/01/2016 07:00,5.191918656674114,0.4636,0.1634,299.2106,0.93,0.4484,2.15,516.4093,20.3182,0.4478,5.45978759
09/01/2016 07:30,5.191918656674114,0.2886,0.1682,300.8656,0.23,0.2847,3.45,1075.5473,40.181,0.2666,7.605519984
09/01/2016 08:00,5.191918656674114,0.0736,0.0559,301.7442,0.14,0.0735,13.4,3114.858,106.4961,0.0637,7.402838544
09/01/2016 08:30,5.191918656674114,0.0086,0.0078,302.4659,-0.25,0.0086,104.17,9736.7706,293.6032,0.0068,6.44538528
09/01/2016 09:00,5.191967656674113,0.0,-0.0014,302.9711,-1.09,-0.0014,-2500.0,13363.8008,345.5076,-0.001,10.68281323
09/01/2016 09:30,5.191970305322762,0.1836,0.2002,303.4681,-1.48,0.1826,5.42,15882.9716,343.7234,0.1118,8.251733088
09/01/2016 10:00,5.191970305322762,0.1636,0.185,303.7741,-0.91,0.1629,6.08,15197.4629,267.1847,0.0818,9.041728752
09/01/2016 10:30,5.191970305322762,0.1586,0.1683,303.7547,-0.23,0.1579,6.27,12138.0475,164.8343,0.0607,19.2022475
09/01/2016 11:00,5.191970305322762,0.1536,0.1857,304.5461,-1.02,0.153,6.47,20070.5993,180.4953,0.0398,22.89538051
09/01/2016 11:30,5.191970305322762,0.0486,0.0695,305.1947,-2.31,0.0486,20.16,22622.2872,100.6408,0.0063,26.66744957
09/01/2016 12:00,5.191970305322762,0.0586,0.0895,305.3144,-2.29,0.0586,16.78,21857.107,0.0,0.0,32.34160598
09/01/2016 12:30,5.191970305322762,0.2186,0.3355,305.2054,-2.54,0.2169,4.55,12328.7031,-53.498,-0.0285,34.13779085
09/01/2016 13:00,5.191970305322762,0.1286,0.1981,305.4947,-3.1,0.1282,7.72,19668.0106,-171.1078,-0.0333,33.54239246
09/01/2016 13:30,5.191970305322762,0.1286,0.1814,305.0194,-2.38,0.1282,7.72,13799.3714,-177.8044,-0.0492,36.7217771
09/01/2016 14:00,5.191970305322762,0.1486,0.2153,305.2446,-2.22,0.1481,6.68,14821.9582,-251.1345,-0.0743,36.55714896
09/01/2016 14:30,5.191970305322762,0.1236,0.1878,305.6758,-2.73,0.1233,8.03,21578.4034,-445.2915,-0.0752,40.55834621
09/01/2016 15:00,5.191970305322762,0.0786,0.1097,305.153,-2.42,0.0785,12.56,13897.0832,-329.5346,-0.0556,31.08821472
09/01/2016 15:30,5.191970305322762,0.0636,0.0847,304.7164,-2.21,0.0636,15.48,9530.8611,-253.2264,-0.0505,30.68989661
09/01/2016 16:00,5.191970305322762,0.0586,0.0781,304.8047,-2.25,0.0586,16.78,11627.8943,-342.8686,-0.0507,26.21935613
09/01/2016 16:30,5.191970305322762,0.2136,0.2811,304.6315,-2.29,0.212,4.66,5723.8771,-180.9159,-0.1973,25.7518607
09/01/2016 17:00,5.191970305322762,0.1686,0.2096,304.1316,-2.16,0.1678,5.9,4408.4128,-147.0373,-0.1629,22.0519139
09/01/2016 17:30,5.191970305322762,0.1336,0.1611,303.43,-2.44,0.1332,7.43,1116.269,-39.0929,-0.1325,19.05217085
09/01/2016 18:00,5.191970305322762,0.0836,0.0915,302.8061,-1.91,0.0835,11.82,86.0648,-3.1104,-0.0836,19.55777731
09/01/2016 18:30,5.191970305322762,0.0086,0.008,302.2309,-1.62,0.0086,104.17,0.0,0.0,-0.0085,12.66793646
09/01/2016 19:00,5.193594805322762,0.0,-0.0096,301.9835,-1.46,-0.0114,-96.15,0.0,0.0,0.011,10.47938112
09/01/2016 19:30,5.195760805322762,0.0036,0.0026,301.4485,-1.71,0.0036,217.39,0.0,0.0,-0.0033,5.441321059
09/01/2016 20:00,5.220241662465619,0.0,-0.0682,301.2929,-0.32,-0.1012,-9.96,0.0,0.0,0.0878,4.88254392
09/01/2016 20:30,5.279691662465619,0.0,-0.0944,301.4182,-0.01,-0.136,-7.39,0.0,0.0,0.1082,4.675999406
09/01/2016 21:00,5.360391662465619,0.0,-0.1218,301.216,-0.21,-0.1853,-5.39,0.0,0.0,0.1318,5.944802544
09/01/2016 21:30,5.477341662465619,0.0,-0.1826,301.0977,-0.12,-0.2778,-3.57,0.0,0.0,0.1713,7.544080368
09/01/2016 22:00,5.625541662465619,0.0,-0.2112,301.1135,-0.2,-0.3066,-3.22,0.0,0.0,0.1557,3.156125357
09/01/2016 22:30,5.801241662465619,0.0,-0.2356,300.7232,0.43,-0.382,-2.56,0.0,0.0,0.1498,6.921657792
09/01/2016 23:00,5.991941662465619,0.0,-0.2004,300.441,0.75,-0.3634,-2.7,0.0,0.0,0.0961,9.307524384
09/01/2016 23:30,6.150141662465619,0.0,-0.1263,300.1161,1.16,-0.2585,-3.84,0.0,0.0,0.0341,5.743449216
10/01/2016 00:00,6.318341662465619,0.0,-0.1928,300.0112,0.74,-0.4006,-2.44,0.0,0.0,0.0,-1.575620107
10/01/2016 00:30,6.537791662465619,0.0,-0.2182,300.1581,0.47,-0.451,-2.15,0.0,0.0,-0.0609,8.537219424
10/01/2016 01:00,6.775991662465619,0.0,-0.1956,299.8207,0.92,-0.469,-2.06,0.0,0.0,-0.1259,4.240072627
10/01/2016 01:30,6.997941662465618,0.0,-0.1869,300.3081,-0.91,-0.3913,-2.5,0.0,0.0,-0.1536,7.419064608
10/01/2016 02:00,7.212391662465619,0.0,-0.1877,300.1032,-0.35,-0.4419,-2.2,0.0,0.0,-0.2282,11.0415767
10/01/2016 02:30,7.431841662465619,0.0,-0.1957,300.2987,0.43,-0.4098,-2.38,0.0,0.0,-0.2565,3.281129568
10/01/2016 03:00,7.652541662465619,0.0,-0.2567,300.5715,0.04,-0.4464,-2.17,0.0,0.0,-0.3263,4.960440576
10/01/2016 03:30,7.879491662465618,0.0,-0.2393,300.4605,-0.75,-0.4328,-2.25,0.0,0.0,-0.3542,3.338896666
10/01/2016 04:00,8.122691662465618,0.0,-0.2772,300.3616,0.15,-0.5047,-1.9,0.0,0.0,-0.4559,4.814677397
10/01/2016 04:30,8.364641662465617,0.0,-0.2197,300.078,0.68,-0.4282,-2.27,0.0,0.0,-0.4078,3.787157563
10/01/2016 05:00,8.604091662465617,0.0,-0.2399,299.8003,0.89,-0.4958,-1.94,0.0,0.0,-0.4988,5.724156946
10/01/2016 05:30,8.891041662465616,0.0,-0.3326,300.2265,0.78,-0.5956,-1.59,0.0,0.0,-0.626,5.909867424
10/01/2016 06:00,9.221741662465616,0.0,-0.3741,300.2456,0.74,-0.6456,-1.45,0.0,0.0,-0.6914,4.185596938
10/01/2016 06:30,9.579941662465616,0.0,-0.3866,300.1329,0.95,-0.6863,-1.35,0.0,0.0,-0.7351,6.00595344
10/01/2016 07:00,9.999391662465616,0.0,-0.5456,300.5736,0.16,-0.8357,-1.07,576.3012,22.9647,-0.9045,4.963830149
10/01/2016 07:30,10.490091662465616,0.0,-0.7001,301.1935,-0.58,-0.8999,-0.98,2286.6113,86.4384,-0.9483,4.549921157
10/01/2016 08:00,11.028291662465616,0.0,-0.9003,301.8961,-0.73,-0.968,-0.89,4317.5388,149.4444,-0.9755,5.017191379
10/01/2016 08:30,11.605241662465616,0.0,-1.0605,302.5392,-1.0,-1.004,-0.85,9830.892,298.941,-0.9373,6.417610416
10/01/2016 09:00,12.205941662465616,0.0,-1.1781,302.7244,-1.47,-1.0296,-0.82,11035.5327,288.6903,-0.8637,7.754845968
10/01/2016 09:30,12.835391662465616,0.0,-1.401,303.3411,-2.23,-1.0763,-0.77,13426.0613,297.7511,-0.7892,9.841136688
10/01/2016 10:00,13.496091662465616,0.0,-1.659,303.8081,-2.71,-1.1064,-0.74,17941.3794,322.1074,-0.6732,14.4845627
10/01/2016 10:30,14.200541662465616,0.0,-1.8768,304.1502,-2.97,-1.1788,-0.68,21341.9961,293.9967,-0.5631,18.03847493
10/01/2016 11:00,14.938741662465617,0.0,-2.0319,304.4588,-3.19,-1.1844,-0.68,23807.8397,213.9556,-0.3834,23.21897789
10/01/2016 11:30,15.706941662465615,0.0,-2.3168,304.7829,-2.96,-1.2444,-0.63,25271.6126,111.5902,-0.2077,30.51556747
10/01/2016 12:00,16.523891662465616,0.0,-2.6711,305.328,-3.11,-1.2888,-0.6,27151.9849,0.0,0.0,30.99466944
10/01/2016 12:30,17.362091662465616,0.0,-2.6642,305.4371,-2.94,-1.2888,-0.6,27849.7711,-119.2626,0.2188,40.16516731
10/01/2016 13:00,18.209041662465616,0.0,-2.6769,305.3266,-3.65,-1.3066,-0.58,27002.5959,-227.2776,0.4429,35.82576346
10/01/2016 13:30,19.097241662465617,0.0,-2.9657,305.2737,-3.34,-1.3704,-0.54,22732.3951,-283.9201,0.7047,46.24514856
10/01/2016 14:00,20.022941662465616,0.0,-2.9568,305.2363,-3.36,-1.3799,-0.54,22550.5599,-371.5084,0.9307,37.95039619
10/01/2016 14:30,20.969891662465617,0.0,-3.2397,305.6161,-3.08,-1.4102,-0.52,21945.3523,-440.7616,1.1727,37.00351008
10/01/2016 15:00,21.964341662465618,0.0,-3.4683,305.2719,-3.34,-1.4664,-0.49,19455.6214,-454.183,1.4506,38.65348714
10/01/2016 15:30,22.98879166246562,0.0,-3.3231,305.1186,-3.15,-1.4642,-0.49,16054.8231,-425.5646,1.6235,34.02599846
10/01/2016 16:00,24.06199166246562,0.0,-3.6596,304.6009,-3.26,-1.5487,-0.45,12638.9085,-368.2912,1.9454,31.98497904
10/01/2016 16:30,25.19019166246562,0.0,-3.5572,304.3259,-2.82,-1.5568,-0.44,9076.1785,-286.6768,2.0939,27.9259223
10/01/2016 17:00,26.34089166246562,0.0,-3.5405,303.7423,-2.69,-1.5847,-0.43,5390.9227,-181.4999,2.2568,22.37701262
10/01/2016 17:30,27.54534166246562,0.0,-3.427,302.9661,-2.27,-1.6403,-0.4,1147.1247,-40.3731,2.4602,19.44228931
10/01/2016 18:00,28.76354166246562,0.0,-3.0582,302.3462,-1.53,-1.6061,-0.42,83.2068,-3.0257,2.3914,18.2234867
10/01/2016 18:30,29.97674166246562,0.0,-2.8617,301.9822,-1.54,-1.6328,-0.41,0.0,0.0,2.4403,20.34043949
10/01/2016 19:00,31.22494166246562,0.0,-2.5985,301.6183,-1.56,-1.6588,-0.4,0.0,0.0,2.4451,15.70221043
10/01/2016 19:30,32.51189166246562,0.0,-2.6729,301.7956,-2.63,-1.6896,-0.38,0.0,0.0,2.4172,12.27654763
10/01/2016 20:00,33.85009166246562,0.0,-2.6048,301.5781,-1.62,-1.7316,-0.37,0.0,0.0,2.3698,10.83202373
10/01/2016 20:30,35.234541662465624,0.0,-2.4616,301.3652,-1.51,-1.7537,-0.36,0.0,0.0,2.2225,5.956062624
10/01/2016 21:00,36.681491662465625,0.0,-2.3919,301.1096,0.02,-1.8141,-0.33,0.0,0.0,2.1117,10.2798756
10/01/2016 21:30,38.16344166246562,0.0,-2.0394,300.6684,0.79,-1.7998,-0.34,0.0,0.0,1.7906,8.273618064
10/01/2016 22:00,39.631641662465626,0.0,-1.7261,300.1537,1.04,-1.7965,-0.34,0.0,0.0,1.4657,10.812564
10/01/2016 22:30,41.127341662465625,0.0,-1.7291,300.0581,0.96,-1.8346,-0.33,0.0,0.0,1.1677,13.22978558
10/01/2016 23:00,42.65679166246562,0.0,-1.8798,300.2976,0.99,-1.8392,-0.33,0.0,0.0,0.7936,6.633515232
10/01/2016 23:30,44.187491662465625,0.0,-1.8985,300.2644,0.95,-1.8361,-0.33,0.0,0.0,0.3989,8.45603136
11/01/2016 00:00,45.72319166246562,0.0,-1.8408,300.0866,0.78,-1.8454,-0.32,0.0,0.0,0.0,4.88398752
11/01/2016 00:30,47.277641662465626,0.0,-1.7189,299.8508,0.98,-1.8592,-0.32,0.0,0.0,-0.4087,8.692897248
11/01/2016 01:00,48.87834166246563,0.0,-1.79,299.8658,0.8,-1.9009,-0.31,0.0,0.0,-0.8467,3.234472416
11/01/2016 01:30,50.50529166246563,0.0,-1.8851,300.0082,0.3,-1.8907,-0.31,0.0,0.0,-1.2385,8.136822528
11/01/2016 02:00,52.14099166246563,0.0,-1.869,299.9189,0.48,-1.9111,-0.3,0.0,0.0,-1.6532,6.483554064
11/01/2016 02:30,53.77544166246563,0.0,-1.7933,299.8826,0.58,-1.8892,-0.31,0.0,0.0,-1.9672,5.98863024
11/01/2016 03:00,55.40739166246564,0.0,-1.6045,299.4396,0.82,-1.9082,-0.3,0.0,0.0,-2.3309,6.107525136
11/01/2016 03:30,57.066841662465634,0.0,-1.5002,299.2898,1.15,-1.9212,-0.3,0.0,0.0,-2.6509,5.695157909
11/01/2016 04:00,58.73879166246564,0.0,-1.6407,299.5809,0.56,-1.9226,-0.3,0.0,0.0,-2.8981,5.322928536
11/01/2016 04:30,60.44574166246564,0.0,-1.5106,299.2219,0.77,-1.9606,-0.29,0.0,0.0,-3.2164,3.480005678
11/01/2016 05:00,62.21144166246564,0.0,-1.6387,299.3523,0.74,-1.9878,-0.28,0.0,0.0,-3.4594,6.47801064
11/01/2016 05:30,63.99964166246564,0.0,-1.3821,298.9864,0.66,-1.9852,-0.28,0.0,0.0,-3.5408,2.744272051
11/01/2016 06:00,65.77784166246565,0.0,-1.29,298.6991,0.72,-1.977,-0.28,0.0,0.0,-3.5414,3.34419179
11/01/2016 06:30,67.56604166246565,0.0,-1.3936,298.8426,0.8,-1.9959,-0.28,0.0,0.0,-3.5805,2.390255136
11/01/2016 07:00,69.40174166246565,0.0,-1.6346,299.1318,-0.1,-2.0274,-0.27,352.7097,14.4606,-3.6043,2.168951256
11/01/2016 07:30,71.31744166246565,0.0,-1.9264,299.6275,0.62,-2.0779,-0.25,848.9534,33.2343,-3.6321,6.103194336
11/01/2016 08:00,73.32564166246566,0.0,-2.9314,301.3094,0.65,-2.119,-0.24,2816.3329,100.661,-3.5519,1.986399374
11/01/2016 08:30,75.40759166246566,0.0,-3.8957,302.4436,-0.11,-2.1482,-0.24,9494.6682,296.7938,-3.353,1.311874387
11/01/2016 09:00,77.52954166246566,0.0,-4.0334,302.826,-0.27,-2.1562,-0.23,13001.8865,342.5381,-3.0133,5.955369696
11/01/2016 09:30,79.69274166246566,0.0,-4.418,303.3583,-1.08,-2.1855,-0.23,16395.4749,354.8145,-2.6733,8.432991504
11/01/2016 10:00,81.88344166246567,0.0,-4.9603,304.0788,-1.01,-2.1811,-0.23,20024.599,348.0118,-2.1857,7.170534432
11/01/2016 10:30,84.07914166246567,0.0,-5.3504,304.7368,-1.32,-2.1899,-0.23,22203.5503,295.5454,-1.6882,10.16352144
11/01/2016 11:00,86.33734166246568,0.0,-6.0639,305.2862,-1.18,-2.2354,-0.22,24766.2732,211.6204,-1.1961,7.674119856
11/01/2016 11:30,88.60929166246568,0.0,-6.1548,305.5317,-1.26,-2.202,-0.22,24306.2718,102.4743,-0.583,13.06925726
11/01/2016 12:00,90.85499166246568,0.0,-6.6678,305.9332,-0.47,-2.2129,-0.22,19356.878,0.0,0.0,22.24743509
11/01/2016 12:30,93.12319166246569,0.0,-6.2178,305.8459,0.75,-2.2215,-0.22,13866.9248,-56.5624,0.5947,20.05662773
11/01/2016 13:00,95.41264166246567,0.0,-6.2086,305.7746,0.64,-2.2311,-0.22,23325.9411,-189.9087,1.1909,25.19243683
11/01/2016 13:30,97.70834166246568,0.0,-6.2451,305.6441,0.24,-2.2269,-0.22,16306.1367,-196.1059,1.7532,18.63364234
11/01/2016 14:00,100.03154166246568,0.0,-6.5425,305.7695,-0.26,-2.2542,-0.21,17516.425,-278.5691,2.3557,20.18557008
11/01/2016 14:30,102.41099166246568,0.0,-6.7092,306.0579,-0.4,-2.2737,-0.21,10401.8669,-202.1793,2.926,18.07473816
11/01/2016 15:00,104.80294166246568,0.0,-6.3463,305.9763,-1.4,-2.2645,-0.21,8583.9495,-195.4837,3.3668,18.12081787
11/01/2016 15:30,107.19614166246566,0.0,-6.1854,305.722,-1.35,-2.2748,-0.21,5541.3743,-142.274,3.8171,14.89240858
11/01/2016 16:00,109.65809166246568,0.0,-6.2837,305.47,-1.19,-2.3196,-0.2,4692.8994,-134.1753,4.3617,15.78068453
11/01/2016 16:30,112.19129166246566,0.0,-6.2697,305.2204,-1.46,-2.3312,-0.2,5708.3562,-176.0879,4.7085,14.41902326
11/01/2016 17:00,114.75699166246568,0.0,-6.0022,305.0818,-1.62,-2.3446,-0.19,4773.4351,-155.7697,4.9904,5.679093528
11/01/2016 17:30,117.36269166246566,0.0,-5.5158,304.4736,-0.44,-2.3615,-0.19,1310.5893,-44.3171,5.2114,10.08423893
11/01/2016 18:00,120.00839166246568,0.0,-4.7713,303.83,0.49,-2.3745,-0.19,0.0,0.0,5.3264,10.39813531
11/01/2016 18:30,122.68659166246567,0.0,-3.8402,303.0501,0.6,-2.3855,-0.19,0.0,0.0,5.3403,1.448883576
11/01/2016 19:00,125.36854166246567,0.0,-3.5297,302.7227,0.74,-2.3773,-0.19,0.0,0.0,5.1594,1.421201102
11/01/2016 19:30,128.07174166246568,0.0,-3.1763,302.3297,0.71,-2.4009,-0.18,0.0,0.0,5.0549,3.046394434
11/01/2016 20:00,130.79369166246568,0.0,-2.7691,302.1483,0.41,-2.391,-0.18,0.0,0.0,4.6907,2.111715403
11/01/2016 20:30,133.54689166246567,0.0,-2.6481,301.993,0.56,-2.4232,-0.18,0.0,0.0,4.4399,1.600588613
11/01/2016 21:00,136.33259166246566,0.0,-2.8443,301.8729,0.79,-2.4143,-0.18,0.0,0.0,3.9219,2.285368934
11/01/2016 21:30,139.15704166246567,0.0,-3.2324,301.8777,0.73,-2.4501,-0.17,0.0,0.0,3.5012,3.920563526
11/01/2016 22:00,142.02774166246567,0.0,-2.7856,301.4231,0.66,-2.4466,-0.17,0.0,0.0,2.8657,2.79394344
11/01/2016 22:30,144.91219166246566,0.0,-2.7066,301.1633,0.75,-2.4594,-0.17,0.0,0.0,2.222,2.047417459
11/01/2016 23:00,147.81914166246565,0.0,-2.6823,300.9738,0.74,-2.462,-0.17,0.0,0.0,1.5067,4.739223312
11/01/2016 23:30,150.75859166246565,0.0,-2.7953,300.9259,0.86,-2.4813,-0.17,0.0,0.0,0.7749,2.831823504
12/01/2016 00:00,153.72179166246565,0.0,-2.9401,301.031,0.89,-2.4779,-0.17,0.0,0.0,0.0,1.736154202
12/01/2016 00:30,156.67374166246566,0.0,-2.8715,300.9327,0.9,-2.4738,-0.17,0.0,0.0,-0.769,1.577479464
12/01/2016 01:00,159.61194166246565,0.0,-2.5925,300.8384,0.8,-2.4687,-0.17,0.0,0.0,-1.517,0.746254584
12/01/2016 01:30,162.54014166246566,0.0,-2.3932,300.6576,0.73,-2.4671,-0.17,0.0,0.0,-2.2392,7.308484848
12/01/2016 02:00,165.49959166246566,0.0,-2.1911,300.2198,0.22,-2.4895,-0.17,0.0,0.0,-2.9932,10.62911131
12/01/2016 02:30,168.53154166246566,0.0,-1.9476,299.9364,-0.51,-2.5148,-0.16,0.0,0.0,-3.7386,12.28440082
12/01/2016 03:00,171.56724166246565,0.0,-1.9266,300.406,0.44,-2.492,-0.17,0.0,0.0,-4.2436,12.61891181
12/01/2016 03:30,174.59294166246565,0.0,-2.5482,301.0154,0.17,-2.5083,-0.16,0.0,0.0,-4.8406,8.320506192
12/01/2016 04:00,177.65489166246564,0.0,-2.5681,301.0395,0.13,-2.5156,-0.16,0.0,0.0,-5.3229,4.595798765
12/01/2016 04:30,180.73434166246565,0.0,-2.5496,301.0448,0.18,-2.5196,-0.16,0.0,0.0,-5.7016,6.735202416
12/01/2016 05:00,183.82754166246565,0.0,-2.524,300.9169,0.28,-2.5244,-0.16,0.0,0.0,-5.9901,16.33450723
12/01/2016 05:30,186.94449166246565,0.0,-2.2796,300.4166,0.3,-2.5347,-0.16,0.0,0.0,-6.2128,3.963346056
12/01/2016 06:00,190.0864416624657,0.0,-1.9727,300.2302,-0.23,-2.5402,-0.16,0.0,0.0,-6.3014,13.27107254
12/01/2016 06:30,193.2658916624657,0.0,-2.1526,300.6416,0.41,-2.558,-0.16,0.0,0.0,-6.3615,1.260129989
12/01/2016 07:00,196.49034166246565,0.0,-2.4241,300.9504,0.49,-2.568,-0.15,287.9746,10.9902,-6.2606,3.106009339
12/01/2016 07:30,199.7597916624657,0.0,-2.6892,301.2289,0.54,-2.5854,-0.15,807.7333,29.4727,-6.0943,3.375575654
12/01/2016 08:00,203.0617416624657,0.0,-3.2228,301.6032,0.46,-2.5876,-0.15,1246.9934,42.4,-5.7256,2.169032098
12/01/2016 08:30,206.37869166246568,0.0,-3.7368,301.9618,0.13,-2.5943,-0.15,2000.6338,61.8072,-5.2809,4.069877962
12/01/2016 09:00,209.6493916624657,0.0,-4.3061,302.531,0.38,-2.5596,-0.16,4379.8338,120.1323,-4.5442,1.804130438
12/01/2016 09:30,212.90634166246565,0.0,-5.2468,303.1604,-0.61,-2.5861,-0.15,6637.8279,153.1787,-4.0187,2.724171365
12/01/2016 10:00,216.22329166246564,0.0,-6.129,303.694,-0.6,-2.5958,-0.15,8341.3733,154.1844,-3.3332,3.261051979
12/01/2016 10:30,219.62399166246564,0.0,-7.5729,304.594,-1.32,-2.6351,-0.14,20961.5774,283.7513,-2.6544,8.038657728
12/01/2016 11:00,223.08969166246564,0.0,-7.571,304.5429,-0.96,-2.6337,-0.14,13611.3967,117.508,-1.7927,8.659463472
12/01/2016 11:30,226.56664166246563,0.0,-8.4686,305.3996,-1.47,-2.6415,-0.14,26145.7852,111.6724,-0.9113,9.990173952
12/01/2016 12:00,230.04609166246564,0.0,-8.6759,305.6526,-2.01,-2.6351,-0.14,28813.5871,0.0,0.0,12.23693525
12/01/2016 12:30,233.53429166246565,0.0,-9.2623,306.0497,-1.76,-2.6464,-0.14,28696.5477,-114.1271,0.9158,15.18672974
12/01/2016 13:00,237.01374166246563,0.0,-9.0321,306.2199,-1.13,-2.6301,-0.14,20318.7158,-159.408,1.7862,14.67361656
12/01/2016 13:30,240.45631666246564,0.0,-9.8484,306.5667,-2.29,-2.6254,-0.15,23627.8132,-274.665,2.6286,13.25086214
12/01/2016 14:00,243.87264166246564,0.0,-10.0095,306.3538,-2.65,-2.6149,-0.15,15450.3497,-235.2368,3.3982,10.28316701
12/01/2016 14:30,247.29209166246565,0.0,-10.3511,306.3694,-2.6,-2.6272,-0.15,15616.4472,-295.5142,4.1891,15.02510429
12/01/2016 15:00,250.72654166246565,0.0,-10.9366,306.6266,-2.69,-2.6236,-0.15,16018.2053,-356.2939,4.8482,11.1176833
12/01/2016 15:30,254.13349166246564,0.0,-10.7188,306.627,-2.96,-2.6113,-0.15,17840.9018,-447.9158,5.3721,9.502294896
12/01/2016 16:00,257.50169166246565,0.0,-9.4951,305.9404,-2.7,-2.601,-0.15,9862.8741,-271.5898,5.8036,9.588737664
12/01/2016 16:30,260.88864166246566,0.0,-9.0829,305.606,-2.67,-2.6222,-0.15,6074.6342,-180.923,6.3252,9.072333072
12/01/2016 17:00,264.3068416624657,0.0,-8.8957,304.6733,-2.95,-2.6193,-0.15,4361.31,-138.212,6.5938,10.87729502
12/01/2016 17:30,267.73629166246565,0.0,-8.3907,302.8292,-3.03,-2.6286,-0.15,1170.087,-39.1125,6.8324,7.454115216
12/01/2016 18:00,271.20699166246567,0.0,-7.6966,302.153,-1.55,-2.6429,-0.14,126.8499,-4.3984,6.9914,6.759454896
12/01/2016 18:30,274.73144166246567,0.0,-6.395,301.6399,0.22,-2.6591,-0.14,0.0,0.0,7.0456,6.847514496
12/01/2016 19:00,278.2746416624657,0.0,-6.125,301.6771,-0.44,-2.6535,-0.14,0.0,0.0,6.8256,11.9900219
12/01/2016 19:30,281.8490916624657,0.0,-6.1831,301.5419,0.28,-2.6763,-0.14,0.0,0.0,6.6809,3.493361866
12/01/2016 20:00,285.5010416624657,0.0,-6.1364,301.2235,0.78,-2.696,-0.14,0.0,0.0,6.3881,8.698151952
12/01/2016 20:30,289.21174166246567,0.0,-6.7805,301.567,-0.04,-2.708,-0.13,0.0,0.0,5.9235,3.21143256
12/01/2016 21:00,292.9474416624657,0.0,-5.6389,301.0295,0.91,-2.7093,-0.13,0.0,0.0,5.2866,4.374616147
12/01/2016 21:30,296.68939166246565,0.0,-5.8643,301.23,0.89,-2.7113,-0.13,0.0,0.0,4.5605,9.325540512
12/01/2016 22:00,300.36759166246566,0.0,-5.7787,301.2348,0.73,-2.675,-0.14,0.0,0.0,3.6107,8.874733104
12/01/2016 22:30,303.90204166246565,0.0,-5.5148,301.1889,0.19,-2.6322,-0.14,0.0,0.0,2.6468,10.37388283
12/01/2016 23:00,307.37274166246567,0.0,-4.8205,300.7704,0.45,-2.6394,-0.14,0.0,0.0,1.803,6.529171824
12/01/2016 23:30,310.89594166246565,0.0,-5.1118,300.9747,0.09,-2.6618,-0.14,0.0,0.0,0.9302,3.774078547
13/01/2016 00:00,314.4553916624657,0.0,-5.117,301.0094,-0.35,-2.6598,-0.14,0.0,0.0,0.0,4.587962904
13/01/2016 00:30,318.02859166246566,0.0,-5.0147,300.9242,0.14,-2.6695,-0.14,0.0,0.0,-0.9374,5.533561325
13/01/2016 01:00,321.63554166246564,0.0,-5.1895,301.027,0.48,-2.6784,-0.14,0.0,0.0,-1.8755,2.607303283
13/01/2016 01:30,325.2499916624656,0.0,-4.4874,300.5358,1.14,-2.6736,-0.14,0.0,0.0,-2.7597,1.356608664
13/01/2016 02:00,328.8494416624656,0.0,-4.1885,300.3498,1.11,-2.6701,-0.14,0.0,0.0,-3.5932,2.510662925
13/01/2016 02:30,332.4776416624656,0.0,-4.2408,300.257,1.01,-2.6893,-0.14,0.0,0.0,-4.46,3.271411253
13/01/2016 03:00,336.1670916624656,0.0,-4.6571,300.4337,0.7,-2.7034,-0.13,0.0,0.0,-5.2548,2.481121094
13/01/2016 03:30,339.86654166246564,0.0,-4.4445,300.2652,0.84,-2.6947,-0.14,0.0,0.0,-5.8442,1.549438978
13/01/2016 04:00,343.58724166246566,0.0,-4.5206,300.182,0.84,-2.7146,-0.13,0.0,0.0,-6.5094,2.718310349
13/01/2016 04:30,347.33544166246566,0.0,-4.1954,299.8509,0.64,-2.7093,-0.13,0.0,0.0,-6.9073,0.543327732
13/01/2016 05:00,351.0798916624656,0.0,-3.9116,299.823,0.89,-2.7127,-0.13,0.0,0.0,-7.2458,1.308288485
13/01/2016 05:30,354.84184166246564,0.0,-4.2763,299.9772,0.82,-2.7186,-0.13,0.0,0.0,-7.4818,2.642001653
13/01/2016 06:00,358.64504166246564,0.0,-4.2242,299.849,0.75,-2.7342,-0.13,0.0,0.0,-7.6664,6.418476576
13/01/2016 06:30,362.4844916624656,0.0,-4.1848,299.7106,0.41,-2.7374,-0.13,0.0,0.0,-7.6256,1.787049763
13/01/2016 07:00,366.3939416624656,0.0,-4.461,299.9204,0.39,-2.7698,-0.13,533.3744,21.3954,-7.6756,2.618320838
13/01/2016 07:30,370.3746416624657,0.0,-6.37,301.3963,0.59,-2.7735,-0.13,1124.8317,42.8894,-7.3692,4.573798301
13/01/2016 08:00,374.4003416624656,0.0,-7.5151,302.2639,0.54,-2.792,-0.12,2769.8525,96.2972,-7.0377,3.340138162
13/01/2016 08:30,378.4760416624656,0.0,-7.9824,302.7641,-0.61,-2.7981,-0.12,9436.5609,286.4012,-6.4868,2.633490187
13/01/2016 09:00,382.5579916624656,0.0,-8.4504,303.3698,-0.77,-2.7951,-0.12,13067.1558,336.7301,-5.7639,3.26484576
13/01/2016 09:30,386.2511916624656,0.0,-7.4042,303.8423,-1.29,-2.5891,-0.15,12508.7791,265.5112,-4.0309,2.116144368
13/01/2016 10:00,389.5618916624656,0.0,-7.679,304.3134,-2.31,-2.5891,-0.15,19232.2491,334.9399,-3.3107,3.4581438
13/01/2016 10:30,392.8313416624656,0.0,-7.9292,304.705,-2.56,-2.5642,-0.15,17807.8072,236.8701,-2.4708,2.448328277
13/01/2016 11:00,396.0470416624656,0.0,-7.4753,304.7011,-2.69,-2.5565,-0.16,17652.2189,156.0892,-1.6581,3.62738569
13/01/2016 11:30,399.23399166246566,0.0,-7.9221,305.2066,-2.21,-2.5464,-0.16,24847.1198,108.3595,-0.8277,4.836539275
13/01/2016 12:00,401.8971916624657,0.0,-5.5609,305.5322,-2.02,-2.1676,-0.23,26567.2992,0.0,0.0,9.24741288
13/01/2016 12:30,404.0103916624657,0.0,-5.6257,305.7364,-1.73,-2.1284,-0.24,15376.4383,-62.7785,0.5406,10.61034451
13/01/2016 13:00,405.8210916624657,0.0,-4.2704,305.8707,-2.23,-1.85,-0.32,21333.0455,-174.8938,0.8027,7.79139792
13/01/2016 13:30,407.26929166246566,0.0,-3.5674,305.495,-2.61,-1.7161,-0.37,12357.0055,-149.8834,1.03,7.441931232
13/01/2016 14:00,408.58749166246565,0.0,-3.3161,305.6078,-2.42,-1.677,-0.39,17612.4294,-283.7968,1.2907,9.479197296
13/01/2016 14:30,409.8556916624656,0.0,-3.2741,305.5995,-1.62,-1.644,-0.4,13799.1074,-270.8048,1.5167,7.936104384
13/01/2016 15:00,411.0988916624656,0.0,-3.4921,305.9541,-2.18,-1.6403,-0.4,20646.4166,-474.0007,1.7546,7.82950896
13/01/2016 15:30,412.3420916624656,0.0,-3.619,305.9397,-2.07,-1.644,-0.4,14859.759,-377.37,1.9766,9.6490224
13/01/2016 16:00,413.6327916624657,0.0,-4.086,305.9522,-2.0,-1.7091,-0.37,13599.1614,-377.354,2.3135,6.16619304
13/01/2016 16:30,414.95224166246567,0.0,-3.8808,305.7667,-2.39,-1.686,-0.38,9668.4769,-288.3314,2.408,8.146350288
13/01/2016 17:00,416.2791916624657,0.0,-3.4649,305.1972,-1.99,-1.7195,-0.37,5786.8133,-184.1724,2.6094,6.683925744
13/01/2016 17:30,417.6298916624657,0.0,-2.8969,304.2194,-1.43,-1.7195,-0.37,980.4759,-32.6642,2.6783,7.083976176
13/01/2016 18:00,419.0155916624657,0.0,-2.8439,303.6077,-1.39,-1.7671,-0.35,124.6871,-4.2789,2.8414,6.135415488
13/01/2016 18:30,420.4487916624657,0.0,-2.6282,303.1232,-1.33,-1.7835,-0.35,0.0,0.0,2.8667,5.677979069
13/01/2016 19:00,421.9082416624657,0.0,-2.5676,302.8159,-0.4,-1.8014,-0.34,0.0,0.0,2.846,6.919867728
13/01/2016 19:30,423.4114416624657,0.0,-2.5799,302.7004,-0.16,-1.8392,-0.33,0.0,0.0,2.833,4.024260202
13/01/2016 20:00,424.95339166246566,0.0,-2.6364,302.6646,-0.96,-1.85,-0.32,0.0,0.0,2.6859,4.006509696
13/01/2016 20:30,426.5253416624657,0.0,-2.5961,302.4562,0.02,-1.8758,-0.31,0.0,0.0,2.5279,5.735884752
13/01/2016 21:00,428.1510416624657,0.0,-2.5749,302.016,0.65,-1.914,-0.3,0.0,0.0,2.345,2.948350896
13/01/2016 21:30,429.8042416624657,0.0,-2.3237,301.6043,0.72,-1.9082,-0.3,0.0,0.0,2.0067,2.851987709
13/01/2016 22:00,431.4761916624657,0.0,-2.6147,301.6516,0.36,-1.9354,-0.29,0.0,0.0,1.6957,3.209619398
13/01/2016 22:30,433.17439166246567,0.0,-2.245,301.1762,0.67,-1.9383,-0.29,0.0,0.0,1.3017,1.579806547
13/01/2016 23:00,434.90134166246565,0.0,-2.1998,300.9935,1.17,-1.9675,-0.29,0.0,0.0,0.9075,1.093948531
13/01/2016 23:30,436.67579166246566,0.0,-2.2881,301.0321,1.13,-1.9905,-0.28,0.0,0.0,0.4688,1.748355509
14/01/2016 00:00,438.4564916624657,0.0,-2.0606,300.7388,0.91,-1.9743,-0.28,0.0,0.0,0.0,1.516877136
14/01/2016 00:30,440.2471916624657,0.0,-1.9822,300.5751,0.95,-2.0012,-0.28,0.0,0.0,-0.474,1.261533168
14/01/2016 01:00,442.0753916624657,0.0,-2.3188,300.7365,0.68,-2.0144,-0.27,0.0,0.0,-0.9528,3.407080781
14/01/2016 01:30,443.9310916624657,0.0,-2.77,300.9406,0.29,-2.03,-0.27,0.0,0.0,-1.4318,4.011885662
14/01/2016 02:00,445.82429166246567,0.0,-2.2539,300.1751,0.8,-2.053,-0.26,0.0,0.0,-1.9157,1.048007405
14/01/2016 02:30,447.7537416624656,0.0,-2.134,300.0502,0.71,-2.0668,-0.26,0.0,0.0,-2.3659,0.288576217
14/01/2016 03:00,449.6969416624656,0.0,-2.0115,299.8191,0.88,-2.0668,-0.26,0.0,0.0,-2.7481,1.039455518
14/01/2016 03:30,451.6688916624656,0.0,-1.7763,299.395,0.87,-2.0951,-0.25,0.0,0.0,-3.1745,1.617911813
14/01/2016 04:00,453.6633416624656,0.0,-1.7692,299.3212,0.64,-2.089,-0.25,0.0,0.0,-3.4437,1.335705336
14/01/2016 04:30,455.6802916624656,0.0,-1.6703,298.9399,0.8,-2.1166,-0.24,0.0,0.0,-3.78,1.443420994
14/01/2016 05:00,457.7609916624656,0.0,-1.5734,298.7398,0.96,-2.1494,-0.24,0.0,0.0,-4.0872,1.986994138
14/01/2016 05:30,459.8504416624656,0.0,-1.666,298.9434,0.79,-2.1249,-0.24,0.0,0.0,-4.0911,0.945084499
14/01/2016 06:00,461.9361416624656,0.0,-2.0598,299.4734,0.89,-2.1459,-0.24,0.0,0.0,-4.2164,2.065150642
14/01/2016 06:30,464.0680916624656,0.0,-2.1235,299.359,0.99,-2.1676,-0.23,0.0,0.0,-4.2745,0.732136176
14/01/2016 07:00,466.2550416624656,0.0,-2.3369,299.6211,0.88,-2.1955,-0.23,441.4192,17.6627,-4.2852,-2.239987925
14/01/2016 07:30,468.5082416624656,0.0,-2.9723,300.8554,0.72,-2.2258,-0.22,991.9516,37.9323,-4.228,-0.017937019
14/01/2016 08:00,470.8289416624656,0.0,-4.172,302.2585,0.0,-2.2532,-0.21,2937.5297,102.9533,-4.0759,0.061843824
14/01/2016 08:30,473.1896416624656,0.0,-4.4597,302.8292,-0.3,-2.2594,-0.21,9690.8987,296.3881,-3.7576,2.300844326
14/01/2016 09:00,475.5453416624656,0.0,-4.7626,303.4065,-1.2,-2.249,-0.21,13328.4807,343.9657,-3.3138,1.388899109
14/01/2016 09:30,477.8672916624656,0.0,-4.9345,303.946,-1.59,-2.2311,-0.22,17108.2434,363.2661,-2.8012,-2.032577251
14/01/2016 10:00,480.2017416624656,0.0,-5.3376,304.4017,-0.81,-2.2594,-0.21,16049.1298,271.7428,-2.3682,1.475185968
14/01/2016 10:30,482.6086916624656,0.0,-6.2694,304.9226,-1.93,-2.2909,-0.2,22847.5872,295.8847,-1.8719,2.937610512
14/01/2016 11:00,485.0556416624656,0.0,-7.1246,305.5027,-2.46,-2.2919,-0.2,27161.1779,229.0593,-1.2673,1.134409752
14/01/2016 11:30,487.5150916624656,0.0,-7.3582,305.6443,-2.99,-2.3009,-0.2,27486.5083,113.715,-0.645,2.286223546
14/01/2016 12:00,489.9895416624656,0.0,-7.8203,305.929,-2.87,-2.3039,-0.2,28739.8641,0.0,0.0,3.326400864
14/01/2016 12:30,492.5127416624656,0.0,-8.9643,306.3434,-2.58,-2.3388,-0.19,29698.1659,-119.1635,0.6704,3.696921014
14/01/2016 13:00,495.0771916624656,0.0,-8.8879,306.5383,-2.58,-2.336,-0.2,29333.164,-230.3392,1.3255,3.516817478
14/01/2016 13:30,497.6728916624656,0.0,-9.0212,306.5124,-3.06,-2.3625,-0.19,28139.9885,-327.3163,2.0135,3.572372981
14/01/2016 14:00,500.2585916624656,0.0,-8.673,306.5744,-2.89,-2.3283,-0.2,26287.1547,-400.1089,2.5407,3.040354411
14/01/2016 14:30,502.7492916624656,0.0,-8.1406,306.4777,-3.61,-2.2889,-0.2,24894.0695,-462.3108,2.9716,3.561343877
14/01/2016 15:00,505.2087416624656,0.0,-7.6548,305.8968,-3.34,-2.3039,-0.2,18422.0906,-399.705,3.5047,2.219829494
14/01/2016 15:30,507.6994416624656,0.0,-7.0578,305.3848,-2.95,-2.3137,-0.2,10280.45,-254.0028,3.9718,9.999008784
14/01/2016 16:00,510.2051416624656,0.0,-6.5794,304.9357,-3.04,-2.3156,-0.2,7482.4092,-206.4338,4.3443,4.606856741
14/01/2016 16:30,512.7120916624656,0.0,-6.6192,304.8343,-2.77,-2.3147,-0.2,8043.7217,-241.9085,4.6299,2.670255792
14/01/2016 17:00,515.1690416624656,0.0,-6.104,304.6916,-2.37,-2.2758,-0.21,6020.1806,-194.1585,4.6523,4.144927838
14/01/2016 17:30,517.5447416624656,0.0,-4.7879,303.7224,-2.38,-2.249,-0.21,984.7868,-33.0522,4.6463,3.468058445
14/01/2016 18:00,519.8954416624656,0.0,-4.1904,302.9974,-2.1,-2.2552,-0.21,151.9592,-5.2454,4.7164,2.24734451
14/01/2016 18:30,522.2548916624656,0.0,-4.1328,302.7373,-2.36,-2.2563,-0.21,0.0,0.0,4.681,0.661775112
14/01/2016 19:00,524.6343416624657,0.0,-4.0847,302.3779,-1.86,-2.2717,-0.21,0.0,0.0,4.633,1.928863253
14/01/2016 19:30,527.0475416624656,0.0,-4.3775,302.3079,-1.79,-2.2839,-0.21,0.0,0.0,4.4867,1.461483317
14/01/2016 20:00,529.4944916624656,0.0,-4.0397,302.0419,-0.49,-2.2989,-0.2,0.0,0.0,4.2707,2.356948397
14/01/2016 20:30,531.9639416624657,0.0,-3.4855,301.5675,0.43,-2.3019,-0.2,0.0,0.0,3.9242,2.60781143
14/01/2016 21:00,534.4533916624657,0.0,-3.3576,301.4349,0.39,-2.3147,-0.2,0.0,0.0,3.5436,2.606500642
14/01/2016 21:30,536.9490916624658,0.0,-3.2001,301.2564,0.32,-2.3068,-0.2,0.0,0.0,3.0264,1.35438552
14/01/2016 22:00,539.4485416624658,0.0,-3.7976,301.7067,-0.56,-2.3176,-0.2,0.0,0.0,2.5132,2.363779512
14/01/2016 22:30,541.9754916624659,0.0,-3.7816,301.6338,-0.76,-2.3283,-0.2,0.0,0.0,1.9446,2.143341792
14/01/2016 23:00,544.5299416624658,0.0,-3.4085,301.1856,0.56,-2.3388,-0.19,0.0,0.0,1.3294,6.057692064
14/01/2016 23:30,547.0993916624658,0.0,-3.2342,301.1523,0.74,-2.3398,-0.19,0.0,0.0,0.6711,3.722634418
15/01/2016 00:00,549.6563416624658,0.0,-3.3047,301.1785,0.6,-2.3292,-0.2,0.0,0.0,0.0,5.638828637
15/01/2016 00:30,552.2182916624658,0.0,-3.1585,300.9528,0.56,-2.3436,-0.19,0.0,0.0,-0.6737,0.545275437
15/01/2016 01:00,554.8089916624658,0.0,-3.3491,300.991,0.15,-2.3512,-0.19,0.0,0.0,-1.3462,2.826435989
15/01/2016 01:30,557.4159416624658,0.0,-2.9536,300.6296,0.0,-2.3559,-0.19,0.0,0.0,-2.0001,1.354015958
15/01/2016 02:00,560.0466416624658,0.0,-3.5629,301.058,-1.66,-2.369,-0.19,0.0,0.0,-2.6482,1.775321957
15/01/2016 02:30,562.7185916624659,0.0,-3.9376,301.1394,-1.19,-2.3864,-0.19,0.0,0.0,-3.2821,2.360170512
15/01/2016 03:00,565.3905416624659,0.0,-3.537,300.7215,-0.09,-2.369,-0.19,0.0,0.0,-3.7451,2.358241862
15/01/2016 03:30,568.083741662466,0.0,-3.8865,300.8447,-0.01,-2.4018,-0.18,0.0,0.0,-4.3447,-0.26831558
15/01/2016 04:00,570.7931916624659,0.0,-3.9802,301.0151,0.05,-2.381,-0.19,0.0,0.0,-4.6431,2.59256124
15/01/2016 04:30,573.4826416624659,0.0,-3.3062,300.4171,0.49,-2.3874,-0.19,0.0,0.0,-4.9856,2.687757998
15/01/2016 05:00,576.1895916624659,0.0,-3.1509,300.3688,0.62,-2.3937,-0.18,0.0,0.0,-5.2463,3.45756636
15/01/2016 05:30,578.9265416624659,0.0,-3.0136,300.1511,0.49,-2.409,-0.18,0.0,0.0,-5.4692,1.848472056
15/01/2016 06:00,581.6872416624659,0.0,-2.8435,300.0651,0.59,-2.4108,-0.18,0.0,0.0,-5.5264,1.600311442
15/01/2016 06:30,584.4554416624659,0.0,-3.0732,300.3722,0.3,-2.4143,-0.18,0.0,0.0,-5.4989,2.407191451
15/01/2016 07:00,587.2598916624659,0.0,-3.6708,300.9122,0.28,-2.4363,-0.18,485.2278,19.2245,-5.4782,2.019249936
15/01/2016 07:30,590.1080916624659,0.0,-4.5402,301.8505,0.15,-2.4449,-0.17,2470.1766,93.1108,-5.2859,1.82707213
15/01/2016 08:00,592.9762916624659,0.0,-4.4717,301.8931,-0.6,-2.4501,-0.17,3362.6855,115.8842,-4.9809,0.911639174
15/01/2016 08:30,595.8732416624658,0.0,-4.4077,302.0667,0.01,-2.4645,-0.17,6350.4779,196.3434,-4.6303,1.12273969
15/01/2016 09:00,598.8164416624659,0.0,-5.2942,303.0291,-1.34,-2.4813,-0.17,11430.5894,304.202,-4.1977,0.994016765
15/01/2016 09:30,601.8008916624659,0.0,-6.6623,303.8945,-2.08,-2.492,-0.17,18774.1939,408.9089,-3.6534,0.907244856
15/01/2016 10:00,604.790341662466,0.0,-7.0088,303.9953,-2.6,-2.4846,-0.17,18358.2329,315.1087,-2.9782,1.135379851
15/01/2016 10:30,607.809791662466,0.0,-7.6583,304.2387,-2.7,-2.5115,-0.16,17614.0153,231.4764,-2.3426,1.699359725
15/01/2016 11:00,610.860491662466,0.0,-7.3801,304.0421,-3.02,-2.5051,-0.16,11174.0278,98.1687,-1.574,-1.150716658
15/01/2016 11:30,613.918691662466,0.0,-5.9066,303.0038,-2.56,-2.5164,-0.16,5995.9462,26.9593,-0.8029,0.855627494
15/01/2016 12:00,617.0443916624661,0.0,-6.7625,303.373,-2.62,-2.548,-0.16,12324.1226,0.0,0.0,0.905587603
15/01/2016 12:30,620.208841662466,0.0,-7.1356,303.7999,-2.3,-2.5409,-0.16,11294.3023,-51.2232,0.8232,1.525192272
15/01/2016 13:00,623.382041662466,0.0,-6.4197,302.9935,-2.94,-2.5534,-0.16,5790.8743,-52.1499,1.6529,1.485187229
15/01/2016 13:30,626.593991662466,0.0,-7.3157,303.362,-1.69,-2.5649,-0.15,7075.5797,-95.074,2.4727,0.887513731
15/01/2016 14:00,629.819691662466,0.0,-7.3983,303.5833,-2.17,-2.5619,-0.16,7108.185,-124.705,3.2207,1.660544208
15/01/2016 14:30,633.070391662466,0.0,-7.667,303.6242,-1.55,-2.5801,-0.15,4649.0658,-99.5838,3.9943,0.726465715
15/01/2016 15:00,636.381091662466,0.0,-7.6464,303.6024,-1.61,-2.598,-0.15,5522.5227,-137.8402,4.7245,1.701398088
15/01/2016 15:30,639.736791662466,0.0,-7.8251,303.9243,-1.51,-2.6069,-0.15,8089.5485,-227.2617,5.3483,0.890262346
15/01/2016 16:00,643.104991662466,0.0,-8.8004,304.4243,-2.36,-2.6054,-0.15,11373.6505,-349.0386,5.8296,6.74074584
15/01/2016 16:30,646.488191662466,0.0,-8.0836,303.6757,-2.36,-2.6156,-0.15,5091.9472,-162.7238,6.2837,0.861309504
15/01/2016 17:00,649.871391662466,0.0,-7.7367,303.5691,-2.38,-2.6054,-0.15,4712.2985,-160.2158,6.502,1.652563987
15/01/2016 17:30,653.293341662466,0.0,-7.4938,303.2373,-1.28,-2.6379,-0.14,1578.1954,-55.7624,6.8969,2.272815389
15/01/2016 18:00,656.760291662466,0.0,-6.5401,302.6128,-0.22,-2.6315,-0.14,157.9168,-5.6601,6.9114,4.819932101
15/01/2016 18:30,660.228491662466,0.0,-5.6651,301.9699,0.35,-2.6386,-0.14,0.0,0.0,6.9018,1.751895216
15/01/2016 19:00,663.740441662466,0.0,-4.98,301.455,0.61,-2.6563,-0.14,0.0,0.0,6.8449,1.898322451
15/01/2016 19:30,667.289891662466,0.0,-4.36,300.9304,0.59,-2.6598,-0.14,0.0,0.0,6.5701,1.720990627
15/01/2016 20:00,670.8243416624659,0.0,-4.1717,300.8051,0.48,-2.6478,-0.14,0.0,0.0,6.085,-0.080986537
15/01/2016 20:30,674.3675416624659,0.0,-3.9138,300.5519,0.65,-2.6646,-0.14,0.0,0.0,5.6696,1.986636125
15/01/2016 21:00,677.9332416624659,0.0,-4.1807,300.7134,0.71,-2.6604,-0.14,0.0,0.0,5.0321,2.7962532
15/01/2016 21:30,681.5126916624658,0.0,-4.0409,300.4992,0.63,-2.6722,-0.14,0.0,0.0,4.3839,-0.001559088
15/01/2016 22:00,685.1283916624658,0.0,-3.9795,300.417,0.37,-2.6804,-0.14,0.0,0.0,3.6307,3.302512171
15/01/2016 22:30,688.7740916624658,0.0,-3.7632,300.2003,0.74,-2.6886,-0.14,0.0,0.0,2.8018,1.158044371
15/01/2016 23:00,692.4485416624658,0.0,-3.6096,300.0221,0.81,-2.696,-0.14,0.0,0.0,1.9092,2.930328994
15/01/2016 23:30,696.1492416624658,0.0,-3.4239,299.8122,0.85,-2.7027,-0.13,0.0,0.0,0.9693,1.995361243
16/01/2016 00:00,699.8611916624658,0.0,-3.3983,299.7433,0.71,-2.702,-0.13,0.0,0.0,0.0,1.233388742
16/01/2016 00:30,703.5943916624658,0.0,-3.4452,299.6335,0.93,-2.714,-0.13,0.0,0.0,-0.9804,2.549767162
16/01/2016 01:00,707.3388416624658,0.0,-3.573,299.6715,0.76,-2.708,-0.13,0.0,0.0,-1.9324,2.311896528
16/01/2016 01:30,711.0882916624658,0.0,-3.3132,299.5227,0.83,-2.7166,-0.13,0.0,0.0,-2.8821,1.316060827
16/01/2016 02:00,714.8889916624659,0.0,-3.7161,299.7269,0.65,-2.7349,-0.13,0.0,0.0,-3.8357,1.252063152
16/01/2016 02:30,718.7221916624659,0.0,-3.5536,299.436,0.76,-2.7336,-0.13,0.0,0.0,-4.664,1.915310736
16/01/2016 03:00,722.5766416624659,0.0,-3.1432,299.0086,0.96,-2.7458,-0.13,0.0,0.0,-5.4846,1.22480221
16/01/2016 03:30,726.461091662466,0.0,-2.8164,298.6729,0.85,-2.749,-0.13,0.0,0.0,-6.1734,1.585517429
16/01/2016 04:00,730.334291662466,0.0,-3.0249,298.9387,0.75,-2.74,-0.13,0.0,0.0,-6.6783,2.062350058
16/01/2016 04:30,734.2262416624659,0.0,-3.361,299.2714,0.9,-2.7585,-0.13,0.0,0.0,-7.2584,2.768489885
16/01/2016 05:00,738.1456916624659,0.0,-3.9526,299.7506,0.41,-2.7541,-0.13,0.0,0.0,-7.5549,2.487894466
16/01/2016 05:30,742.0651416624659,0.0,-3.9771,299.725,0.36,-2.7585,-0.13,0.0,0.0,-7.7892,5.283466286
16/01/2016 06:00,746.0008416624659,0.0,-3.6987,299.5122,0.62,-2.7623,-0.13,0.0,0.0,-7.8864,1.214281253
16/01/2016 06:30,749.9515416624658,0.0,-3.5882,299.3237,0.71,-2.766,-0.13,0.0,0.0,-7.8487,2.535308064
16/01/2016 07:00,753.9372416624658,0.0,-3.5562,299.2258,1.1,-2.7797,-0.12,651.5293,26.0808,-7.7529,1.583219218
16/01/2016 07:30,757.9766916624658,0.0,-4.5526,300.2426,0.98,-2.7926,-0.12,1665.7535,63.7249,-7.5124,1.724951866
16/01/2016 08:00,762.0598916624658,0.0,-5.9638,301.1749,0.2,-2.8011,-0.12,2736.0672,96.9916,-7.1026,2.613100781
16/01/2016 08:30,766.1930916624658,0.0,-5.922,301.3899,0.28,-2.8168,-0.12,5671.2039,180.187,-6.6097,-2.07252455
16/01/2016 09:00,770.3387916624658,0.0,-6.3787,301.9847,-0.75,-2.8072,-0.12,7701.8971,211.4976,-5.8346,0.537100619
16/01/2016 09:30,774.5057416624659,0.0,-7.2732,302.5628,-1.28,-2.8268,-0.12,14861.939,341.9265,-5.1236,1.09506299
16/01/2016 10:00,778.7576916624658,0.0,-8.5075,303.4676,-1.55,-2.8473,-0.12,17742.2877,319.5657,-4.2957,0.835469064
16/01/2016 10:30,783.0596416624659,0.0,-9.0685,304.0258,-1.81,-2.8502,-0.12,18761.3382,252.8047,-3.2974,2.113251394
16/01/2016 11:00,787.3578416624658,0.0,-9.9564,304.3695,-1.66,-2.8455,-0.12,18672.8457,165.0577,-2.2197,1.245532306
16/01/2016 11:30,791.4360416624659,0.0,-9.3243,304.3825,-2.13,-2.7432,-0.13,13891.5661,60.7442,-1.0098,0.595329091
16/01/2016 12:00,795.3104916624659,0.0,-9.9182,304.6676,-2.61,-2.7464,-0.13,15644.2301,0.0,0.0,0.556165378
16/01/2016 12:30,799.2236916624659,0.0,-9.6364,304.4935,-2.4,-2.7629,-0.13,12996.7127,-56.9457,1.03,0.71496311
16/01/2016 13:00,803.1618916624659,0.0,-10.1724,304.7662,-2.05,-2.7591,-0.13,12784.2449,-111.2952,2.0347,0.177337598
16/01/2016 13:30,807.1375916624659,0.0,-9.3287,304.0972,-2.8,-2.7816,-0.12,7037.7024,-90.2854,3.0773,4.605037805
16/01/2016 14:00,811.1395416624658,0.0,-7.4596,303.2871,-2.89,-2.7723,-0.13,6417.3483,-109.4737,3.9832,1.170753826
16/01/2016 14:30,815.1552416624659,0.0,-6.2065,302.7848,-1.2,-2.7884,-0.12,8288.077,-173.7418,4.9288,1.454779238
16/01/2016 15:00,819.2146916624658,0.0,-8.0436,303.4554,-0.81,-2.7939,-0.12,7490.1557,-182.5695,5.7568,2.375980819
16/01/2016 15:30,823.1503916624658,0.0,-8.2909,304.1428,-0.98,-2.7258,-0.13,7884.9926,-215.1164,6.0306,0.74446452
16/01/2016 16:00,826.9935916624659,0.0,-8.6135,303.8945,-1.91,-2.7477,-0.13,6771.033,-200.6119,6.7302,1.663344792
16/01/2016 16:30,830.9067916624658,0.0,-8.2815,303.9855,-1.24,-2.7617,-0.13,6955.181,-220.6645,7.2815,1.477258978
16/01/2016 17:00,834.9199916624658,0.0,-7.3499,303.3047,-1.58,-2.7975,-0.12,2629.5148,-87.0431,7.893,1.660151549
16/01/2016 17:30,839.0169416624658,0.0,-6.9621,302.7388,-1.3,-2.803,-0.12,1129.0672,-39.1675,8.1461,1.069124386
16/01/2016 18:00,843.1451416624658,0.0,-6.515,302.361,-1.69,-2.8126,-0.12,137.3742,-4.8697,8.2964,3.44895673
16/01/2016 18:30,847.3245916624658,0.0,-4.9383,301.514,-2.24,-2.8274,-0.12,0.0,0.0,8.3494,1.602823306
16/01/2016 19:00,851.5715416624657,0.0,-4.1957,301.1697,-1.19,-2.8444,-0.12,0.0,0.0,8.2745,1.750515134
16/01/2016 19:30,855.8884916624658,0.0,-4.5778,301.3238,-0.8,-2.8599,-0.11,0.0,0.0,8.039,1.716573211
16/01/2016 20:00,860.2729416624658,0.0,-5.062,301.3432,-1.01,-2.8752,-0.11,0.0,0.0,7.6525,1.16402665
16/01/2016 20:30,864.7111416624658,0.0,-5.3188,301.2907,-0.63,-2.8842,-0.11,0.0,0.0,7.0739,3.796823909
16/01/2016 21:00,869.2068416624659,0.0,-5.2785,301.0735,0.26,-2.9008,-0.11,0.0,0.0,6.4109,3.361670899
16/01/2016 21:30,873.7762916624658,0.0,-5.1261,300.8336,0.81,-2.9165,-0.11,0.0,0.0,5.6075,1.495205813
16/01/2016 22:00,878.4207416624658,0.0,-5.0153,300.6995,0.85,-2.9331,-0.11,0.0,0.0,4.6832,1.163045002
16/01/2016 22:30,883.1376916624658,0.0,-4.8376,300.6077,1.37,-2.9473,-0.11,0.0,0.0,3.636,3.488915578
16/01/2016 23:00,887.8708916624659,0.0,-4.4991,300.5106,0.57,-2.94,-0.11,0.0,0.0,2.441,3.617823283
16/01/2016 23:30,892.6378416624658,0.0,-5.0885,300.8316,0.33,-2.9614,-0.1,0.0,0.0,1.2578,3.617188099
17/01/2016 00:00,897.4972916624658,0.0,-4.7845,300.4135,0.77,-2.9783,-0.1,0.0,0.0,0.0,1.833978312
17/01/2016 00:30,902.419241662466,0.0,-4.5419,300.0694,0.91,-2.9869,-0.1,0.0,0.0,-1.2904,2.974220208
17/01/2016 01:00,907.387441662466,0.0,-4.3564,299.939,0.49,-2.9969,-0.1,0.0,0.0,-2.5847,1.842484003
17/01/2016 01:30,912.390641662466,0.0,-4.4689,299.9414,0.54,-3.0008,-0.1,0.0,0.0,-3.8369,3.473469058
17/01/2016 02:00,917.430091662466,0.0,-4.6589,299.9989,0.41,-3.0112,-0.1,0.0,0.0,-5.0657,1.57213237
17/01/2016 02:30,922.520791662466,0.0,-4.0877,299.7655,0.77,-3.021,-0.1,0.0,0.0,-6.2285,1.637463931
17/01/2016 03:00,927.6377416624658,0.0,-4.0493,299.7342,0.64,-3.0215,-0.1,0.0,0.0,-7.2382,3.296755094
17/01/2016 03:30,932.793441662466,0.0,-4.2167,299.613,0.11,-3.036,-0.1,0.0,0.0,-8.2401,0.958596595
17/01/2016 04:00,937.9928916624658,0.0,-3.8367,299.4741,0.34,-3.0383,-0.1,0.0,0.0,-9.0165,17.65130141
17/01/2016 04:30,943.2260916624658,0.0,-3.454,299.4114,0.01,-3.0488,-0.1,0.0,0.0,-9.7205,10.91425118
17/01/2016 05:00,948.486791662466,0.0,-3.4295,299.0272,0.28,-3.0488,-0.1,0.0,0.0,-10.1629,-3.594933562
17/01/2016 05:30,953.7799916624658,0.0,-2.9566,298.3014,-0.02,-3.061,-0.09,0.0,0.0,-10.5603,2.838914467
17/01/2016 06:00,959.113191662466,0.0,-2.7269,298.1349,-0.02,-3.0638,-0.09,0.0,0.0,-10.6814,6.14136312
17/01/2016 06:30,964.4738916624658,0.0,-2.7151,298.0299,0.1,-3.0713,-0.09,35.7403,1.4588,-10.6693,7.933043952
17/01/2016 07:00,969.8620916624658,0.0,-2.5885,298.0313,-0.56,-3.074,-0.09,721.4242,28.9026,-10.4237,0.187914567
17/01/2016 07:30,975.3077916624658,0.0,-4.4445,300.2525,-0.15,-3.0923,-0.09,1699.5031,65.016,-10.1547,-0.218500986
17/01/2016 08:00,980.8772416624656,0.0,-7.9387,301.8081,-0.25,-3.1187,-0.09,2861.9537,100.5487,-9.7743,0.636922094
17/01/2016 08:30,986.4854416624656,0.0,-10.1808,302.4958,0.03,-3.1063,-0.09,9078.7098,281.3525,-8.843,1.115596757
17/01/2016 09:00,991.8761416624658,0.0,-11.3709,302.9263,-0.18,-3.0388,-0.1,12832.1312,337.6884,-7.3655,8.053671168
17/01/2016 09:30,997.0780916624658,0.0,-12.3028,303.7993,-1.37,-3.0364,-0.1,16380.7452,356.5236,-6.3259,0.421924437
17/01/2016 10:00,1002.2837916624658,0.0,-12.6418,304.0833,-1.42,-3.0403,-0.1,19373.6172,333.2236,-5.2157,-0.143541768
17/01/2016 10:30,1007.5044916624656,0.0,-14.6076,304.6298,-1.21,-3.0422,-0.1,19995.8363,261.52,-3.9996,2.255538384
17/01/2016 11:00,1012.1876916624658,0.0,-12.7046,305.0464,-0.19,-2.8108,-0.12,23198.1934,198.8124,-2.1434,0.794193653
17/01/2016 11:30,1016.3046416624658,0.0,-13.0732,305.4746,-0.99,-2.7993,-0.12,24725.8056,102.7169,-1.0685,0.919538554
17/01/2016 12:00,1020.3553416624658,0.0,-13.8018,305.9752,-0.38,-2.7785,-0.12,21127.8782,0.0,0.0,-0.244631301
17/01/2016 12:30,1024.269791662466,0.0,-12.6442,305.4367,-1.26,-2.731,-0.13,15319.074,-61.7333,0.9974,8.138497104
17/01/2016 13:00,1028.060491662466,0.0,-13.4977,305.9067,-0.64,-2.7153,-0.13,23692.2419,-191.4456,1.9467,1.867914461
17/01/2016 13:30,1031.579941662466,0.0,-12.7349,306.24,0.02,-2.5794,-0.15,26712.2697,-317.8589,2.509,1.193118077
17/01/2016 14:00,1034.8243916624658,0.0,-12.1159,306.2929,-0.06,-2.5588,-0.16,26325.5185,-409.1626,3.2107,1.081856938
17/01/2016 14:30,1037.856341662466,0.0,-10.7078,306.1497,-0.14,-2.4423,-0.18,23973.5069,-455.6399,3.4738,1.445153314
17/01/2016 15:00,1040.692041662466,0.0,-10.8733,306.127,0.14,-2.4302,-0.18,21387.8594,-472.905,3.9855,1.508446512
17/01/2016 15:30,1043.537741662466,0.0,-11.2139,305.8675,0.03,-2.4492,-0.17,17891.4281,-448.1915,4.5589,1.31748133
17/01/2016 16:00,1046.409691662466,0.0,-11.1816,305.665,0.3,-2.4483,-0.17,14461.9001,-398.3579,4.9722,1.578016483
17/01/2016 16:30,1049.310391662466,0.0,-10.9632,305.548,-0.21,-2.4687,-0.17,10582.1748,-314.6654,5.4152,1.468181621
17/01/2016 17:00,1052.259841662466,0.0,-10.6871,304.9865,0.22,-2.4813,-0.17,6373.1514,-202.4331,5.7341,0.562737223
17/01/2016 17:30,1055.230541662466,0.0,-9.4535,303.8043,0.79,-2.4829,-0.17,1832.0792,-61.0762,5.8955,0.580823798
17/01/2016 18:00,1058.248741662466,0.0,-7.3028,302.2819,0.73,-2.5123,-0.16,163.3297,-5.6243,6.1264,1.149255734
17/01/2016 18:30,1061.343191662466,0.0,-6.9157,301.9079,0.7,-2.5323,-0.16,0.0,0.0,6.1979,1.198759666
17/01/2016 19:00,1064.508891662466,0.0,-6.7021,301.2602,0.56,-2.5573,-0.16,0.0,0.0,6.1929,0.984055925
17/01/2016 19:30,1067.715841662466,0.0,-6.7513,301.1284,0.4,-2.558,-0.16,0.0,0.0,5.928,0.868885517
17/01/2016 20:00,1070.944041662466,0.0,-6.1493,300.7204,0.03,-2.5703,-0.15,0.0,0.0,5.626,1.036395086
17/01/2016 20:30,1074.229741662466,0.0,-5.9525,300.5212,0.43,-2.5928,-0.15,0.0,0.0,5.2729,0.836987731
17/01/2016 21:00,1077.575441662466,0.0,-5.9519,300.4739,0.09,-2.6061,-0.15,0.0,0.0,4.7634,0.978287299
17/01/2016 21:30,1080.966141662466,0.0,-5.3441,299.9552,-0.03,-2.6193,-0.15,0.0,0.0,4.1556,0.681281035
17/01/2016 22:00,1084.395591662466,0.0,-4.5398,299.3447,-0.42,-2.6286,-0.15,0.0,0.0,3.4457,1.842183734
17/01/2016 22:30,1087.862541662466,0.0,-4.1532,298.9584,-0.87,-2.6408,-0.14,0.0,0.0,2.6698,0.528453455
17/01/2016 23:00,1091.3632416624662,0.0,-3.3102,298.6913,-0.95,-2.6478,-0.14,0.0,0.0,1.8186,0.700971739
17/01/2016 23:30,1094.8726916624662,0.0,-2.5626,298.045,-0.34,-2.6457,-0.14,0.0,0.0,0.9152,1.314288086
18/01/2016 00:00,1098.4158916624665,0.0,-2.2662,297.6836,-0.41,-2.6667,-0.14,0.0,0.0,0.0,2.483962099
18/01/2016 00:30,1101.9965916624662,0.0,-2.146,297.0854,0.17,-2.6667,-0.14,0.0,0.0,-0.9348,0.029976123
18/01/2016 01:00,1105.5972916624662,0.0,-2.1717,296.7423,0.23,-2.6777,-0.14,0.0,0.0,-1.8742,0.131134892
18/01/2016 01:30,1109.2417416624662,0.0,-1.9609,296.4022,0.53,-2.6906,-0.14,0.0,0.0,-2.8075,0.601911907
18/01/2016 02:00,1112.9274416624662,0.0,-1.9136,296.3536,-0.03,-2.7,-0.14,0.0,0.0,-3.7032,4.120710005
18/01/2016 02:30,1116.6531416624662,0.0,-1.8752,296.3513,-0.39,-2.712,-0.13,0.0,0.0,-4.5635,-0.460297057
18/01/2016 03:00,1120.427591662466,0.0,-1.7677,296.2531,-0.4,-2.7258,-0.13,0.0,0.0,-5.375,-0.218453059
18/01/2016 03:30,1124.227041662466,0.0,-1.6684,296.3498,-0.12,-2.7251,-0.13,0.0,0.0,-6.0266,0.365116467
18/01/2016 04:00,1128.053991662466,0.0,-1.692,296.1612,-0.1,-2.74,-0.13,0.0,0.0,-6.6783,0.702859968
18/01/2016 04:30,1131.9221916624658,0.0,-1.6216,296.0551,0.09,-2.7464,-0.13,0.0,0.0,-7.1706,0.946019952
18/01/2016 05:00,1135.820391662466,0.0,-1.6682,296.1793,-0.25,-2.7553,-0.13,0.0,0.0,-7.5646,0.669726461
18/01/2016 05:30,1139.776091662466,0.0,-1.641,296.1052,-0.21,-2.7754,-0.13,0.0,0.0,-7.923,-0.10299624
18/01/2016 06:00,1143.809291662466,0.0,-1.7408,296.4242,0.08,-2.7939,-0.12,0.0,0.0,-8.1414,1.334065406
18/01/2016 06:30,1147.894991662466,0.0,-1.953,296.7372,-0.09,-2.8011,-0.12,0.0,0.0,-8.1312,-0.209148768
18/01/2016 07:00,1152.010691662466,0.0,-1.9263,296.3168,-0.14,-2.8084,-0.12,416.5184,17.4167,-7.9799,2.675065867
18/01/2016 07:30,1156.1901416624662,0.0,-1.9487,297.1697,-0.89,-2.8315,-0.12,1419.3354,56.7906,-7.8127,1.337391461
18/01/2016 08:00,1160.245841662466,0.0,-2.416,298.8437,-0.52,-2.7471,-0.13,4017.5717,148.7524,-6.7259,2.366366443
18/01/2016 08:30,1164.212791662466,0.0,-5.3062,301.196,-0.32,-2.789,-0.12,8080.5721,263.4915,-6.4273,1.601858981
18/01/2016 09:00,1167.918491662466,0.0,-6.255,303.0474,-0.69,-2.6039,-0.15,11951.6773,329.2214,-4.7527,2.55594577
18/01/2016 09:30,1171.236691662466,0.0,-7.2085,303.9697,-0.61,-2.5786,-0.15,14681.551,331.389,-3.9882,3.120503083
18/01/2016 10:00,1174.201141662466,0.0,-7.5608,305.131,-0.43,-2.3708,-0.19,19137.0759,336.6833,-2.6532,0.580921963
18/01/2016 10:30,1176.693091662466,0.0,-6.2031,304.7432,-0.14,-2.2438,-0.21,21556.0464,284.0614,-1.7838,0.871131758
18/01/2016 11:00,1178.965041662466,0.0,-5.5712,304.8277,-1.08,-2.1933,-0.23,25235.6823,214.5688,-1.1456,5.39266019
18/01/2016 11:30,1181.1744916624662,0.0,-6.3174,305.3815,-0.15,-2.1899,-0.23,27188.5543,112.8759,-0.5758,1.477045325
18/01/2016 12:00,1183.222691662466,0.0,-6.251,305.5624,0.07,-2.0403,-0.26,28203.1726,0.0,0.0,1.433922106
18/01/2016 12:30,1185.083391662466,0.0,-6.6067,305.8132,-0.4,-2.0091,-0.27,29161.6232,-116.1537,0.4779,0.71328276
18/01/2016 13:00,1186.727841662466,0.0,-5.558,306.2401,0.06,-1.7917,-0.34,28832.3577,-225.3129,0.7548,2.090748557
18/01/2016 13:30,1188.058541662466,0.0,-4.7098,306.571,-0.05,-1.6119,-0.42,28338.3038,-322.7559,0.9209,1.723150253
18/01/2016 14:00,1189.186741662466,0.0,-4.0779,306.7661,0.02,-1.4902,-0.47,26539.3722,-395.4019,1.0532,2.565600566
18/01/2016 14:30,1190.2299416624662,0.0,-3.6213,306.5774,-0.98,-1.4729,-0.48,19215.0245,-346.6913,1.2579,0.760482706
18/01/2016 15:00,1191.2493916624662,0.0,-3.3412,306.6064,-1.4,-1.4487,-0.5,16181.1021,-341.9536,1.4223,1.966113907
18/01/2016 15:30,1192.2600916624665,0.0,-3.1233,305.844,-1.78,-1.4576,-0.49,7367.6804,-176.6447,1.6116,0.578808533
18/01/2016 16:00,1193.3057916624662,0.0,-3.577,306.0582,-2.4,-1.5094,-0.47,11294.7029,-305.7674,1.8632,1.540384718
18/01/2016 16:30,1194.403991662466,0.0,-3.4745,305.3892,-2.04,-1.5467,-0.45,3974.2968,-116.3057,2.0708,0.100032241
18/01/2016 17:00,1195.570941662466,0.0,-3.1981,304.8646,-1.01,-1.6195,-0.41,1650.7598,-51.4857,2.3437,1.126366013
18/01/2016 17:30,1196.8228916624662,0.0,-3.0647,304.1391,-0.64,-1.677,-0.39,1499.4812,-49.2595,2.5593,1.193146949
18/01/2016 18:00,1198.1360916624662,0.0,-2.776,302.9264,-0.09,-1.7091,-0.37,152.6467,-5.1535,2.6714,1.723843181
18/01/2016 18:30,1199.4805416624663,0.0,-2.423,302.1204,0.26,-1.7213,-0.37,0.0,0.0,2.6832,8.048474208
18/01/2016 19:00,1200.8574916624664,0.0,-2.2296,301.6768,-0.19,-1.7537,-0.36,0.0,0.0,2.7059,2.717842622
18/01/2016 19:30,1202.2931916624664,0.0,-1.8457,301.0934,0.48,-1.7998,-0.34,0.0,0.0,2.7175,4.306703429
18/01/2016 20:00,1203.7751416624665,0.0,-1.9066,301.5099,0.62,-1.8141,-0.33,0.0,0.0,2.5863,1.39894079
18/01/2016 20:30,1205.3033416624664,0.0,-1.8842,301.1077,0.87,-1.8577,-0.32,0.0,0.0,2.4803,1.38287641
18/01/2016 21:00,1206.9227916624664,0.0,-2.1511,301.1476,0.72,-1.9241,-0.3,0.0,0.0,2.3698,0.974978568
18/01/2016 21:30,1208.6134916624665,0.0,-2.0574,300.7873,0.8,-1.9411,-0.29,0.0,0.0,2.0767,0.753905664
18/01/2016 22:00,1210.3554416624663,0.0,-2.4659,301.0272,0.49,-1.9811,-0.28,0.0,0.0,1.7782,0.545736234
18/01/2016 22:30,1212.1611416624664,0.0,-2.3156,300.5849,0.77,-2.0105,-0.27,0.0,0.0,1.4031,1.503913608
18/01/2016 23:00,1213.9868416624663,0.0,-2.3728,300.5858,0.74,-2.0025,-0.28,0.0,0.0,0.9412,0.754644787
18/01/2016 23:30,1215.8387916624663,0.0,-2.1002,299.9164,0.79,-2.0377,-0.27,0.0,0.0,0.4923,1.676048472
19/01/2016 00:00,1217.7482416624666,0.0,-2.1329,299.8743,0.62,-2.0618,-0.26,0.0,0.0,0.0,1.586065997
19/01/2016 00:30,1219.6826916624666,0.0,-2.5109,300.3234,0.69,-2.063,-0.26,0.0,0.0,-0.5053,1.146894005
19/01/2016 01:00,1221.6258916624663,0.0,-2.3871,300.1955,1.0,-2.0705,-0.26,0.0,0.0,-1.0098,1.65191148
19/01/2016 01:30,1223.5965916624666,0.0,-2.0631,299.8295,1.11,-2.0902,-0.25,0.0,0.0,-1.5236,1.145375338
19/01/2016 02:00,1225.5960416624666,0.0,-2.1409,300.1901,0.9,-2.0987,-0.25,0.0,0.0,-2.0082,2.85784295
19/01/2016 02:30,1227.6217416624663,0.0,-2.3101,300.3362,0.63,-2.1155,-0.24,0.0,0.0,-2.4876,1.039016664
19/01/2016 03:00,1229.6674416624664,0.0,-1.9817,299.8704,0.82,-2.1178,-0.24,0.0,0.0,-2.8966,1.325346062
19/01/2016 03:30,1231.7106416624663,0.0,-1.9063,299.9491,0.62,-2.1131,-0.25,0.0,0.0,-3.234,-0.398654182
19/01/2016 04:00,1233.7763416624666,0.0,-1.8775,299.8976,0.76,-2.139,-0.24,0.0,0.0,-3.6255,3.253141051
19/01/2016 04:30,1235.8645416624663,0.0,-2.1816,300.5655,0.92,-2.1343,-0.24,0.0,0.0,-3.8493,2.335184683
19/01/2016 05:00,1237.9764916624663,0.0,-2.2725,300.6665,0.42,-2.1608,-0.23,0.0,0.0,-4.1355,2.14235437
19/01/2016 05:30,1240.1396916624665,0.0,-2.301,300.5121,0.63,-2.1811,-0.23,0.0,0.0,-4.334,1.094439355
19/01/2016 06:00,1242.3366416624665,0.0,-2.2623,300.5276,0.64,-2.191,-0.23,0.0,0.0,-4.4164,1.146097138
19/01/2016 06:30,1244.5848416624665,0.0,-2.2967,300.4042,0.17,-2.2258,-0.22,0.0,0.0,-4.5372,1.173294562
19/01/2016 07:00,1246.8842916624665,0.0,-2.468,300.9278,0.49,-2.2354,-0.22,528.8695,20.6487,-4.4639,2.441295058
19/01/2016 07:30,1249.2312416624666,0.0,-3.741,302.1418,-0.38,-2.2656,-0.21,2084.5984,77.4394,-4.4036,1.58781564
19/01/2016 08:00,1251.6594416624666,0.0,-4.5111,303.0519,-0.59,-2.3019,-0.2,3666.1743,125.9421,-4.2837,0.884857507
19/01/2016 08:30,1254.1188916624667,0.0,-3.7302,302.1284,-0.1,-2.2909,-0.2,5662.4482,173.2481,-3.8806,0.415522359
19/01/2016 09:00,1256.6045916624666,0.0,-4.2745,302.8649,0.23,-2.3225,-0.2,10101.4742,270.5614,-3.5719,8.435763216
19/01/2016 09:30,1259.1552916624669,0.0,-4.6349,303.1532,0.44,-2.3417,-0.19,7719.4941,174.6314,-3.136,0.214334179
19/01/2016 10:00,1261.7647416624666,0.0,-6.0835,304.3492,-1.94,-2.3671,-0.19,13651.8864,250.0346,-2.6432,0.105567581
19/01/2016 10:30,1264.3979416624666,0.0,-7.0197,305.4838,-2.63,-2.3597,-0.19,16185.627,222.0061,-2.0077,1.989344318
19/01/2016 11:00,1267.0223916624666,0.0,-6.8231,305.2993,-2.51,-2.3606,-0.19,17384.5152,156.2307,-1.3592,0.4216259
19/01/2016 11:30,1269.6568416624666,0.0,-7.973,305.9696,-3.76,-2.3671,-0.19,25532.834,112.8582,-0.69,0.261133959
19/01/2016 12:00,1272.3362916624667,0.0,-8.173,305.5248,-3.78,-2.3937,-0.18,13277.6279,0.0,0.0,-0.178286332
19/01/2016 12:30,1275.0794916624666,0.0,-8.4351,306.021,-3.1,-2.4134,-0.18,20821.8572,-90.3824,0.7233,1.119615739
19/01/2016 13:00,1277.8776916624663,0.0,-8.8737,306.419,-2.96,-2.4328,-0.18,26933.2102,-228.8519,1.4627,1.075378061
19/01/2016 13:30,1280.7021416624666,0.0,-8.4529,306.0526,-3.06,-2.4319,-0.18,18599.3553,-227.6196,2.1608,0.274498808
19/01/2016 14:00,1283.5553416624666,0.0,-8.7934,306.2792,-3.29,-2.4526,-0.17,26216.9693,-417.8669,2.8832,0.945188438
19/01/2016 14:30,1286.4422916624667,0.0,-8.8775,306.1124,-3.35,-2.4552,-0.17,23338.2035,-449.459,3.5195,0.825721877
19/01/2016 15:00,1289.3604916624668,0.0,-9.2427,306.087,-2.88,-2.4738,-0.17,20851.7013,-462.9318,4.1658,0.16016742
19/01/2016 15:30,1292.3274416624668,0.0,-9.637,306.0744,-2.85,-2.4879,-0.17,18905.421,-471.5083,4.7414,1.724911445
19/01/2016 16:00,1295.3193916624668,0.0,-9.3521,305.8369,-2.52,-2.4904,-0.17,13787.3327,-376.0687,5.1887,0.804200688
19/01/2016 16:30,1298.3588416624668,0.0,-9.4172,305.4763,-2.8,-2.5188,-0.16,9197.6594,-270.1917,5.697,0.963464414
19/01/2016 17:00,1301.444541662467,0.0,-8.5041,304.6015,-2.46,-2.5204,-0.16,3098.0199,-96.7494,5.9659,0.988611926
19/01/2016 17:30,1304.5452416624669,0.0,-8.0938,303.967,-2.43,-2.5283,-0.16,1578.1689,-52.0688,6.1731,1.855049098
19/01/2016 18:00,1307.6771916624668,0.0,-7.2701,303.2286,-1.53,-2.5402,-0.16,179.7486,-6.1264,6.3014,2.116161691
19/01/2016 18:30,1310.8503916624668,0.0,-6.6681,302.7417,-1.5,-2.5542,-0.16,0.0,0.0,6.3367,1.531636502
19/01/2016 19:00,1314.0498416624669,0.0,-5.7717,302.3445,-0.8,-2.5565,-0.16,0.0,0.0,6.1881,1.67991732
19/01/2016 19:30,1317.290541662467,0.0,-5.699,302.2183,-0.82,-2.5794,-0.15,0.0,0.0,6.0573,1.294649352
19/01/2016 20:00,1320.579991662467,0.0,-5.4688,302.1524,-0.11,-2.5861,-0.15,0.0,0.0,5.717,1.199596954
19/01/2016 20:30,1323.881941662467,0.0,-4.9759,301.9533,-0.13,-2.5869,-0.15,0.0,0.0,5.2412,1.593405259
19/01/2016 21:00,1327.246391662467,0.0,-5.1719,301.9507,-0.17,-2.6229,-0.15,0.0,0.0,4.8447,0.856476331
19/01/2016 21:30,1330.679591662467,0.0,-5.2392,302.0296,-0.29,-2.6272,-0.15,0.0,0.0,4.1891,2.719805918
19/01/2016 22:00,1334.1327916624668,0.0,-4.9325,301.8766,0.42,-2.6344,-0.14,0.0,0.0,3.4657,2.566807416
19/01/2016 22:30,1337.593491662467,0.0,-4.5483,301.5808,0.53,-2.6315,-0.14,0.0,0.0,2.6449,1.555086341
19/01/2016 23:00,1341.081691662467,0.0,-4.1138,301.1123,1.19,-2.65,-0.14,0.0,0.0,1.8224,1.543935974
19/01/2016 23:30,1344.653641662467,0.0,-3.904,300.9318,1.06,-2.6784,-0.14,0.0,0.0,0.9458,0.775299816
20/01/2016 00:00,1348.266841662467,0.0,-5.0356,301.8553,-0.58,-2.6729,-0.14,0.0,0.0,0.0,0.106314788
20/01/2016 00:30,1351.8850416624668,0.0,-5.0423,301.9849,-0.45,-2.6811,-0.14,0.0,0.0,-0.9485,2.977736818
20/01/2016 01:00,1355.5257416624668,0.0,-4.8471,301.9574,-0.73,-2.6852,-0.14,0.0,0.0,-1.8884,2.096442115
20/01/2016 01:30,1359.175191662467,0.0,-3.2615,301.149,-0.88,-2.6859,-0.14,0.0,0.0,-2.7941,2.010403555
20/01/2016 02:00,1362.809641662467,0.0,-2.4653,300.7081,-1.03,-2.677,-0.14,0.0,0.0,-3.6182,1.933194053
20/01/2016 02:30,1366.4153416624667,0.0,-2.4219,300.6399,-1.25,-2.6701,-0.14,0.0,0.0,-4.3748,1.935371002
20/01/2016 03:00,1370.0222916624668,0.0,-2.6088,300.7358,0.1,-2.6777,-0.14,0.0,0.0,-5.1204,1.943189539
20/01/2016 03:30,1373.617991662467,0.0,-2.666,300.7453,0.91,-2.6639,-0.14,0.0,0.0,-5.6657,1.962204638
20/01/2016 04:00,1377.2049416624668,0.0,-3.5664,301.1321,-0.95,-2.6729,-0.14,0.0,0.0,-6.2409,1.506841229
20/01/2016 04:30,1380.8206416624669,0.0,-3.054,300.8616,0.43,-2.6797,-0.14,0.0,0.0,-6.704,1.697315587
20/01/2016 05:00,1384.458841662467,0.0,-3.3821,300.8851,0.2,-2.6852,-0.14,0.0,0.0,-7.0478,3.669036437
20/01/2016 05:30,1388.120791662467,0.0,-3.3051,300.6918,0.32,-2.6926,-0.14,0.0,0.0,-7.2885,2.162010427
20/01/2016 06:00,1391.8052416624669,0.0,-3.29,300.5609,0.58,-2.6973,-0.14,0.0,0.0,-7.3864,0.896071392
20/01/2016 06:30,1395.5196916624668,0.0,-4.0541,301.0721,-0.36,-2.7087,-0.13,0.0,0.0,-7.4075,1.432565122
20/01/2016 07:00,1399.2678916624668,0.0,-4.0936,301.1792,0.1,-2.7153,-0.13,408.1257,15.7625,-7.2651,0.324492985
20/01/2016 07:30,1403.0548416624667,0.0,-4.7565,301.8494,-0.52,-2.729,-0.13,2309.7961,84.8498,-7.0459,0.865830859
20/01/2016 08:00,1406.8892916624668,0.0,-5.4338,302.3364,-1.6,-2.74,-0.13,3738.6719,127.3716,-6.6783,-0.007200273
20/01/2016 08:30,1410.7687416624667,0.0,-5.833,302.5223,-2.22,-2.7522,-0.13,4661.1899,142.8891,-6.1932,0.514174519
20/01/2016 09:00,1414.6881916624668,0.0,-6.2819,302.7869,-2.11,-2.7604,-0.13,6403.6166,172.4968,-5.5659,0.635628629
20/01/2016 09:30,1418.6451416624668,0.0,-6.8509,303.1387,-2.34,-2.771,-0.13,8747.9451,199.8278,-4.8435,-0.126239933
20/01/2016 10:00,1422.6858416624668,0.0,-7.7035,303.5386,-2.68,-2.8018,-0.12,12828.8583,236.2589,-4.1032,0.827436874
20/01/2016 10:30,1426.8052916624667,0.0,-9.1414,304.4571,-3.45,-2.8096,-0.12,22250.0693,307.3911,-3.1653,0.947203704
20/01/2016 11:00,1430.9547416624666,0.0,-9.7536,304.7494,-3.7,-2.8162,-0.12,23327.2361,207.5467,-2.155,1.081729901
20/01/2016 11:30,1435.1279416624666,0.0,-10.1139,304.6182,-4.08,-2.8209,-0.12,21179.3474,92.5187,-1.092,1.608002942
20/01/2016 12:00,1439.359891662467,0.0,-10.6252,304.4812,-3.59,-2.8438,-0.12,15884.8654,0.0,0.0,2.091297125
20/01/2016 12:30,1443.6380916624666,0.0,-11.2431,304.9059,-3.77,-2.8426,-0.12,20608.7801,-89.6961,1.1162,1.27046039
20/01/2016 13:00,1447.9475416624666,0.0,-11.4569,304.7749,-4.16,-2.8582,-0.12,19148.347,-163.9959,2.2482,1.5908472
20/01/2016 13:30,1452.3482416624663,0.0,-12.1643,304.4952,-4.15,-2.8842,-0.11,19096.9,-238.8257,3.4122,0.668288635
20/01/2016 14:00,1456.8226916624665,0.0,-12.7406,304.9681,-4.45,-2.8914,-0.11,26232.8257,-432.3142,4.4907,1.191097037
20/01/2016 14:30,1461.3558916624663,0.0,-11.7347,304.2366,-4.28,-2.91,-0.11,14538.0661,-289.2227,5.571,1.107847512
20/01/2016 15:00,1465.9453416624665,0.0,-12.1103,304.4644,-4.31,-2.916,-0.11,17693.7078,-412.0995,6.5099,0.493466943
20/01/2016 15:30,1470.5522916624666,0.0,-10.1774,303.5724,-4.05,-2.9176,-0.11,7750.5576,-202.4673,7.3158,0.987433949
20/01/2016 16:00,1475.1717416624665,0.0,-9.2326,302.918,-4.33,-2.9214,-0.11,5755.1867,-167.5904,8.0163,1.720187986
20/01/2016 16:30,1479.8524416624664,0.0,-9.489,302.8368,-3.69,-2.9437,-0.11,3972.8583,-126.4798,8.7458,0.846919699
20/01/2016 17:00,1484.5831416624665,0.0,-9.4578,302.776,-2.53,-2.9426,-0.11,3550.5247,-120.4194,9.1342,0.694475539
20/01/2016 17:30,1489.3263416624663,0.0,-9.464,302.3959,-2.94,-2.9489,-0.11,1713.4058,-60.7346,9.435,0.559489123
20/01/2016 18:00,1494.1095416624664,0.0,-9.418,302.2516,-2.12,-2.9593,-0.1,267.7665,-9.7547,9.6164,1.326651077
20/01/2016 18:30,1498.8702416624665,0.0,-9.0052,301.8821,-1.66,-2.9395,-0.11,0.0,0.0,9.3458,0.928690978
20/01/2016 19:00,1503.5784416624665,0.0,-8.9436,301.7502,-2.34,-2.9374,-0.11,0.0,0.0,9.0859,0.141339989
20/01/2016 19:30,1508.3166416624665,0.0,-8.0608,301.3779,-0.02,-2.952,-0.1,0.0,0.0,8.8197,1.419047251
20/01/2016 20:00,1513.0798416624666,0.0,-7.4373,301.2146,-0.49,-2.9479,-0.11,0.0,0.0,8.2328,1.970179085
20/01/2016 20:30,1517.8692916624666,0.0,-7.7539,301.3006,-0.55,-2.9629,-0.1,0.0,0.0,7.657,2.382621379
20/01/2016 21:00,1522.714991662467,0.0,-7.4012,301.2514,-0.62,-2.9711,-0.1,0.0,0.0,6.8811,1.856498472
20/01/2016 21:30,1527.6306916624667,0.0,-7.3459,301.4229,-0.51,-2.9914,-0.1,0.0,0.0,6.0459,1.962776304
20/01/2016 22:00,1532.5838916624666,0.0,-6.5168,301.0844,0.45,-2.9864,-0.1,0.0,0.0,4.9407,4.10617584
20/01/2016 22:30,1537.5445916624667,0.0,-5.9503,300.8373,0.45,-2.9944,-0.1,0.0,0.0,3.8121,1.558493237
20/01/2016 23:00,1542.5090416624666,0.0,-6.4141,301.0002,-0.21,-2.9879,-0.1,0.0,0.0,2.5614,1.537249219
20/01/2016 23:30,1547.4734916624666,0.0,-6.8359,301.0549,-0.04,-2.9944,-0.1,0.0,0.0,1.3002,0.859912099
21/01/2016 00:00,1552.4891916624665,0.0,-7.1998,301.0741,-0.22,-3.0083,-0.1,0.0,0.0,0.0,2.418151262
21/01/2016 00:30,1557.5486416624665,0.0,-7.5222,301.3357,-0.62,-3.0117,-0.1,0.0,0.0,-1.3231,1.956863318
21/01/2016 01:00,1562.6118416624663,0.0,-7.1028,301.1121,-0.99,-3.0097,-0.1,0.0,0.0,-2.6183,1.932703229
21/01/2016 01:30,1567.6662916624666,0.0,-4.5733,300.1041,-0.96,-3.0083,-0.1,0.0,0.0,-3.8656,1.946348136
21/01/2016 02:00,1572.7369916624666,0.0,-4.4691,300.2181,0.27,-3.0161,-0.1,0.0,0.0,-5.0907,1.94077584
21/01/2016 02:30,1577.8139416624665,0.0,-5.0445,300.4803,-0.41,-3.0107,-0.1,0.0,0.0,-6.1646,1.954946218
21/01/2016 03:00,1582.8871416624663,0.0,-6.0153,300.752,-0.05,-3.0146,-0.1,0.0,0.0,-7.1887,0.560835713
21/01/2016 03:30,1587.9965916624665,0.0,-6.5011,300.778,-0.51,-3.0249,-0.1,0.0,0.0,-8.1488,0.672596338
21/01/2016 04:00,1593.1335416624663,0.0,-6.871,300.9206,-1.65,-3.0254,-0.1,0.0,0.0,-8.8996,0.622953821
21/01/2016 04:30,1598.3129916624666,0.0,-8.3899,300.9621,-0.87,-3.0412,-0.1,0.0,0.0,-9.6466,0.165941243
21/01/2016 05:00,1603.5399416624666,0.0,-8.1913,300.8138,-1.29,-3.0436,-0.1,0.0,0.0,-10.1098,0.136154578
21/01/2016 05:30,1608.7793916624669,0.0,-8.3712,301.0534,-1.52,-3.046,-0.1,0.0,0.0,-10.4016,0.548582436
21/01/2016 06:00,1614.0488416624669,0.0,-8.5997,301.1588,-1.17,-3.0549,-0.09,0.0,0.0,-10.5864,0.382346122
21/01/2016 06:30,1619.349541662467,0.0,-8.1912,301.0448,-0.96,-3.0578,-0.09,0.0,0.0,-10.5256,3.843775555
21/01/2016 07:00,1624.6664916624666,0.0,-8.2657,301.1493,-1.08,-3.061,-0.09,847.003,33.3391,-10.2885,1.355875315
21/01/2016 07:30,1630.0221916624666,0.0,-9.9309,302.2398,-0.02,-3.0722,-0.09,2582.3189,97.0212,-9.9515,1.249516642
21/01/2016 08:00,1635.2791416624666,0.0,-11.1001,303.1139,-0.51,-3.0234,-0.1,3815.79,132.3947,-8.8823,3.061413648
21/01/2016 08:30,1640.3998416624663,0.0,-11.9938,303.5359,-1.47,-3.0205,-0.1,9583.7093,294.7003,-8.1131,0.062287298
21/01/2016 09:00,1645.4955416624666,0.0,-11.5349,303.7543,-2.57,-3.0137,-0.1,13672.0051,361.2693,-7.1817,0.239295756
21/01/2016 09:30,1650.2387416624665,0.0,-10.5775,304.4001,-2.11,-2.873,-0.11,15546.6117,340.1933,-5.3671,0.593925912
21/01/2016 10:00,1654.6219416624665,0.0,-9.6967,304.3237,-2.95,-2.8616,-0.11,17068.3712,296.1203,-4.3582,0.87144935
21/01/2016 10:30,1658.9813916624664,0.0,-7.8787,303.6581,-2.01,-2.8622,-0.11,16435.5539,216.5845,-3.3375,-0.261646726
21/01/2016 11:00,1663.3058416624665,0.0,-8.8419,304.218,-2.26,-2.8455,-0.12,15210.2432,132.5488,-2.2197,0.434328425
21/01/2016 11:30,1667.5952916624665,0.0,-10.3882,304.4546,-4.01,-2.8461,-0.12,18948.2896,82.8836,-1.1201,0.762047568
21/01/2016 12:00,1671.8797416624666,0.0,-10.6168,304.5478,-3.18,-2.8432,-0.12,14570.6347,0.0,0.0,0.689469134
21/01/2016 12:30,1675.9716916624666,0.0,-10.892,305.1232,-3.4,-2.7528,-0.13,24584.7468,-105.976,1.0196,0.96856321
21/01/2016 13:00,1679.7061416624665,0.0,-9.3033,304.3883,-3.65,-2.6618,-0.14,10933.7533,-92.4792,1.8444,0.674652024
21/01/2016 13:30,1683.0055916624665,0.0,-9.3148,304.5193,-3.78,-2.5035,-0.16,16899.0587,-214.3517,2.3234,0.529617574
21/01/2016 14:00,1685.9850416624663,0.0,-9.8415,305.2803,-3.94,-2.4662,-0.17,22907.4611,-382.8119,2.9232,0.554467127
21/01/2016 14:30,1688.9494916624665,0.0,-10.1125,305.2569,-3.39,-2.4937,-0.17,15704.2243,-314.0646,3.6595,0.884522592
21/01/2016 15:00,1691.9987166624664,0.0,-10.9649,305.5121,-3.04,-2.5218,-0.16,20449.5723,-475.6589,4.3738,0.876507725
21/01/2016 15:30,1695.1349916624663,0.0,-10.7259,305.7541,-3.19,-2.5492,-0.16,17133.0322,-442.6098,5.0454,0.840527438
21/01/2016 16:00,1698.3583416624665,0.0,-10.306,305.3922,-3.37,-2.5759,-0.15,13743.3191,-386.1799,5.6584,0.648794261
21/01/2016 16:30,1701.6687666624664,0.0,-9.7638,305.1871,-2.15,-2.6019,-0.15,9697.0092,-292.6778,6.1973,1.398721363
21/01/2016 17:00,1705.0562416624664,0.0,-8.821,304.4363,-2.04,-2.6215,-0.15,5797.4232,-184.8145,6.6089,0.22469865
21/01/2016 17:30,1708.4690916624663,0.0,-7.7644,303.6222,-2.4,-2.6168,-0.15,2001.3122,-67.0335,6.7511,0.756544565
21/01/2016 18:00,1711.8827666624663,0.0,-6.6848,302.8449,-1.57,-2.622,-0.15,222.6747,-7.6917,6.8453,1.933725298
21/01/2016 18:30,1715.3371916624662,0.0,-6.1166,302.2986,-0.72,-2.6402,-0.14,0.0,0.0,6.9128,1.672866778
21/01/2016 19:00,1718.8352916624665,0.0,-5.8816,302.0332,-0.39,-2.6469,-0.14,0.0,0.0,6.7808,1.967060909
21/01/2016 19:30,1722.3508666624662,0.0,-5.337,301.7039,0.03,-2.6501,-0.14,0.0,0.0,6.5062,2.881483344
21/01/2016 20:00,1725.9116166624665,0.0,-5.1073,301.4013,0.39,-2.6721,-0.14,0.0,0.0,6.236,2.284485451
21/01/2016 20:30,1729.530266662466,0.0,-4.6236,300.9939,0.96,-2.6821,-0.14,0.0,0.0,5.7708,3.31171079
21/01/2016 21:00,1733.168816662466,0.0,-4.7235,301.1256,0.55,-2.683,-0.14,0.0,0.0,5.1479,3.091527144
21/01/2016 21:30,1736.8169166624662,0.0,-4.8845,301.1645,0.75,-2.6873,-0.14,0.0,0.0,4.4513,2.361614112
21/01/2016 22:00,1740.498541662466,0.0,-4.1465,300.6278,1.09,-2.7011,-0.13,0.0,0.0,3.7072,3.636110808
21/01/2016 22:30,1744.222141662466,0.0,-3.9726,300.6726,1.18,-2.7098,-0.13,0.0,0.0,2.8625,2.383354728
21/01/2016 23:00,1747.9855416624662,0.0,-3.9496,300.6476,1.11,-2.7221,-0.13,0.0,0.0,1.9602,2.03778576
21/01/2016 23:30,1751.7999916624665,0.0,-3.7507,300.442,1.06,-2.7365,-0.13,0.0,0.0,1.003,1.677740371
22/01/2016 00:00,1755.6566916624663,0.0,-3.8003,300.4634,1.21,-2.744,-0.13,0.0,0.0,0.0,5.600798438
22/01/2016 00:30,1759.5690166624663,0.0,-4.3402,300.7761,1.09,-2.7648,-0.13,0.0,0.0,-1.032,2.465022067
22/01/2016 01:00,1763.5132666624663,0.0,-4.0848,300.6157,0.61,-2.7603,-0.13,0.0,0.0,-2.037,0.765725861
22/01/2016 01:30,1767.4418416624662,0.0,-3.4503,300.0138,1.03,-2.7569,-0.13,0.0,0.0,-3.0018,4.537171282
22/01/2016 02:00,1771.3990166624662,0.0,-3.9359,300.5135,0.8,-2.7746,-0.13,0.0,0.0,-3.9924,3.691054224
22/01/2016 02:30,1775.4147416624662,0.0,-4.0176,300.3261,0.74,-2.7861,-0.12,0.0,0.0,-4.9177,0.74152535
22/01/2016 03:00,1779.4639166624663,0.0,-3.369,299.6922,0.64,-2.7911,-0.12,0.0,0.0,-5.7406,2.197263139
22/01/2016 03:30,1783.5157416624663,0.0,-3.6313,299.9562,0.82,-2.7874,-0.12,0.0,0.0,-6.4173,4.114531397
22/01/2016 04:00,1787.5868416624662,0.0,-2.8764,299.1965,0.45,-2.8004,-0.12,0.0,0.0,-7.0976,0.417321662
22/01/2016 04:30,1791.6989666624663,0.0,-2.6877,299.02,0.73,-2.8074,-0.12,0.0,0.0,-7.6247,2.434388875
22/01/2016 05:00,1795.8345166624665,0.0,-2.5819,298.975,0.66,-2.8117,-0.12,0.0,0.0,-8.0068,1.919964902
22/01/2016 05:30,1799.9927416624662,0.0,-2.8811,299.5017,0.61,-2.8182,-0.12,0.0,0.0,-8.2722,0.476789321
22/01/2016 06:00,1804.187416662466,0.0,-3.0267,299.5458,0.79,-2.829,-0.12,0.0,0.0,-8.4351,0.526126372
22/01/2016 06:30,1808.4103416624664,0.0,-3.0473,299.9063,0.45,-2.8316,-0.12,0.0,0.0,-8.3843,-0.647056166
22/01/2016 07:00,1812.6706916624664,0.0,-3.2097,300.1447,-0.39,-2.8465,-0.12,347.3649,13.8993,-8.2923,0.21668436
22/01/2016 07:30,1816.946066662466,0.0,-2.9054,300.3513,-0.29,-2.8386,-0.12,602.3693,22.9302,-7.8684,-0.008420461
22/01/2016 08:00,1821.186691662466,0.0,-2.8678,300.6567,-0.33,-2.8303,-0.12,1967.8604,69.4748,-7.3143,1.403623829
22/01/2016 08:30,1825.467716662466,0.0,-5.4156,302.4573,-0.03,-2.8573,-0.12,8295.6194,263.149,-6.885,0.327901036
22/01/2016 09:00,1829.809316662466,0.0,-5.4742,302.1894,-0.74,-2.8584,-0.12,4007.8003,109.3764,-6.1434,6.631205472
22/01/2016 09:30,1833.996941662466,0.0,-4.0409,301.6585,-0.08,-2.7842,-0.12,4425.7531,103.1086,-4.9081,2.502347789
22/01/2016 10:00,1838.086241662466,0.0,-4.9996,302.1107,0.67,-2.8124,-0.12,8331.5769,157.9147,-4.1474,1.913999947
22/01/2016 10:30,1842.0836666624664,0.0,-6.9595,303.3579,-0.12,-2.7379,-0.13,13037.1376,186.7876,-2.9447,2.509375234
22/01/2016 11:00,1845.440066662466,0.0,-5.199,303.4802,-0.19,-2.4465,-0.17,11792.975,110.1099,-1.4832,3.827243448
22/01/2016 11:30,1848.279016662466,0.0,-3.8121,302.622,-0.05,-2.4282,-0.18,6771.7129,31.1666,-0.7342,3.001787194
22/01/2016 12:00,1851.087891662466,0.0,-3.9534,302.8792,0.57,-2.4256,-0.18,8470.8158,0.0,0.0,7.686765792
22/01/2016 12:30,1853.620941662466,0.0,-4.0904,303.8148,0.59,-2.2141,-0.22,14545.0265,-67.5625,0.5902,4.29297768
22/01/2016 13:00,1855.897316662466,0.0,-4.6457,304.1072,0.5,-2.2273,-0.22,14620.0823,-131.7992,1.1863,3.45574165
22/01/2016 13:30,1858.2025666624656,0.0,-5.6228,305.2635,0.41,-2.2387,-0.22,24494.0111,-321.3388,1.7746,0.519348381
22/01/2016 14:00,1860.4556916624656,0.0,-5.8244,306.0515,-0.98,-2.1819,-0.23,24804.8869,-411.2216,2.1876,0.594659261
22/01/2016 14:30,1862.6189916624653,0.0,-6.0295,306.1547,-1.64,-2.16,-0.23,22653.658,-441.5842,2.6043,1.331386085
22/01/2016 15:00,1864.7588916624657,0.0,-6.0148,305.645,-1.54,-2.1608,-0.23,14714.2232,-328.115,3.0275,0.586448064
22/01/2016 15:30,1866.9290416624656,0.0,-6.576,306.017,-1.69,-2.1872,-0.23,17415.3673,-442.6959,3.49,0.801463622
22/01/2016 16:00,1869.1271916624653,0.0,-6.8976,305.9553,-1.72,-2.186,-0.23,13899.6591,-385.5688,3.805,1.218918096
22/01/2016 16:30,1871.3138166624656,0.0,-6.5673,305.8454,-1.66,-2.1769,-0.23,10448.4304,-308.9978,4.0216,0.103935158
22/01/2016 17:00,1873.4644916624657,0.0,-6.0569,305.4404,-1.67,-2.1536,-0.24,6502.965,-203.8748,4.105,0.53150869
22/01/2016 17:30,1875.5831666624656,0.0,-5.1227,304.6015,-1.86,-2.1479,-0.24,2293.1162,-75.2814,4.1888,0.289965538
22/01/2016 18:00,1877.6546416624656,0.0,-3.9131,303.5118,-1.59,-2.1094,-0.25,251.145,-8.4789,4.061,-1.287119534
22/01/2016 18:30,1879.6685166624657,0.0,-3.5914,302.8834,-0.8,-2.0934,-0.25,0.0,0.0,3.9603,6.36021288
22/01/2016 19:00,1881.6312666624656,0.0,-3.1824,302.4312,0.78,-2.0593,-0.26,0.0,0.0,3.7251,4.823714333
22/01/2016 19:30,1883.5637916624653,0.0,-2.5651,301.8001,0.61,-2.0636,-0.26,0.0,0.0,3.5787,-0.463672194
22/01/2016 20:00,1885.4610416624653,0.0,-2.3404,301.5767,-0.2,-2.0233,-0.27,0.0,0.0,3.2176,3.787151789
22/01/2016 20:30,1887.3142666624656,0.0,-2.2926,301.292,0.57,-2.0186,-0.27,0.0,0.0,2.9334,2.453040187
22/01/2016 21:00,1889.1456416624656,0.0,-2.2242,301.1522,0.51,-2.0003,-0.28,0.0,0.0,2.5654,2.06088336
22/01/2016 21:30,1890.9632166624656,0.0,-1.742,300.2921,0.85,-2.0041,-0.27,0.0,0.0,2.2173,2.336888131
22/01/2016 22:00,1892.8032166624653,0.0,-2.0765,300.7491,1.1,-2.0239,-0.27,0.0,0.0,1.8589,4.819389307
22/01/2016 22:30,1894.6264666624647,0.0,-1.8928,300.4652,0.64,-1.9862,-0.28,0.0,0.0,1.3682,2.268224741
22/01/2016 23:00,1896.359216662465,0.0,-1.9522,300.5766,0.8,-1.9253,-0.3,0.0,0.0,0.8685,2.020930286
22/01/2016 23:30,1897.937366662465,0.0,-1.3986,299.6069,0.45,-1.8047,-0.34,0.0,0.0,0.386,2.590072474
23/01/2016 00:00,1899.3827916624653,0.0,-1.032,298.6453,0.42,-1.7615,-0.35,0.0,0.0,0.0,-0.352700929
23/01/2016 00:30,1900.8069916624647,0.0,-0.8995,298.154,0.2,-1.7772,-0.35,0.0,0.0,-0.3749,1.263577306
23/01/2016 01:00,1902.2302416624648,0.0,-0.7633,297.4402,0.29,-1.7603,-0.35,0.0,0.0,-0.7301,1.781748864
23/01/2016 01:30,1903.6551166624647,0.0,-0.7246,297.2487,-0.01,-1.7793,-0.35,0.0,0.0,-1.1016,1.252796501
23/01/2016 02:00,1905.0809916624653,0.0,-0.7104,297.1306,0.18,-1.7616,-0.35,0.0,0.0,-1.4125,0.922200552
23/01/2016 02:30,1906.5015166624653,0.0,-0.7127,296.9198,-0.01,-1.7723,-0.35,0.0,0.0,-1.7393,1.052626925
23/01/2016 03:00,1907.9284166624648,0.0,-0.6631,296.7141,-0.28,-1.7701,-0.35,0.0,0.0,-2.0156,7.577571888
23/01/2016 03:30,1909.3253666624653,0.0,-0.6088,296.4066,-0.04,-1.7319,-0.37,0.0,0.0,-2.1716,-1.819415275
23/01/2016 04:00,1910.7042416624647,0.0,-0.5827,296.3376,-0.38,-1.7459,-0.36,0.0,0.0,-2.406,8.64976248
23/01/2016 04:30,1912.0769916624647,0.0,-0.7409,297.9005,0.12,-1.7235,-0.37,0.0,0.0,-2.5063,-1.796300352
23/01/2016 05:00,1913.412616662465,0.0,-0.7263,297.1004,-0.52,-1.6944,-0.38,0.0,0.0,-2.5401,0.863307446
23/01/2016 05:30,1914.7062666624647,0.0,-0.5793,296.1397,-0.04,-1.6638,-0.39,0.0,0.0,-2.5231,3.499528925
23/01/2016 06:00,1915.8813916624647,0.0,-0.4395,296.0481,0.41,-1.5111,-0.46,0.0,0.0,-2.1556,-0.405820212
23/01/2016 06:30,1916.8970916624653,0.0,-0.3858,296.8262,0.53,-1.4013,-0.52,0.0,0.0,-1.8909,3.601071749
23/01/2016 07:00,1917.7167166624647,0.0,-0.2814,297.5803,0.84,-1.1212,-0.73,497.694,20.9745,-1.3246,2.193365419
23/01/2016 07:30,1918.4032666624653,0.0,-0.3568,299.3731,0.33,-1.1233,-0.73,2461.3494,98.6975,-1.2702,3.513826339
23/01/2016 08:00,1919.0441166624653,0.0,-0.5644,301.1689,-0.02,-1.0086,-0.84,2845.4004,105.7138,-1.0293,2.230385098
23/01/2016 08:30,1919.6185916624647,0.0,-0.7315,302.0407,0.04,-0.9567,-0.9,8564.6984,282.0603,-0.8801,0.647801064
23/01/2016 09:00,1920.0626166624647,0.0,-0.5891,303.0515,-0.38,-0.6252,-1.5,11835.2528,334.3503,-0.4714,0.351903485
23/01/2016 09:30,1920.3147416624647,0.0,-0.4003,304.1026,-0.18,-0.3355,-2.93,15216.1179,355.3121,-0.2081,1.279139314
23/01/2016 10:00,1920.386732813562,0.0639,0.0785,304.1125,0.07,0.0639,15.41,17565.1085,321.3522,0.032,4.138194888
23/01/2016 10:30,1920.386732813562,0.2986,0.3803,304.1251,-0.02,0.2943,3.34,21443.4919,292.6558,0.1143,3.048577157
23/01/2016 11:00,1920.386732813562,0.3296,0.4419,304.4929,0.35,0.3239,3.02,23716.6791,214.2523,0.0853,0.694602576
23/01/2016 11:30,1920.386732813562,0.4607,0.6594,305.1664,-0.93,0.4458,2.17,26148.8869,114.1892,0.0601,0.86948028
23/01/2016 12:00,1920.386732813562,0.5831,0.8683,305.6397,-0.87,0.5543,1.71,27821.5412,0.0,0.0,3.240783835
23/01/2016 12:30,1920.386732813562,0.5805,0.9123,306.0097,0.39,0.552,1.72,28769.7251,-117.6073,-0.0758,2.854418731
23/01/2016 13:00,1920.386732813562,1.0063,1.736,306.5581,-0.06,0.8858,0.99,29252.2039,-232.3114,-0.2604,1.257912619
23/01/2016 13:30,1920.386732813562,2.2268,4.3326,306.7454,-1.11,1.5407,0.45,28934.6522,-333.1171,-0.8522,0.620216755
23/01/2016 14:00,1920.386732813562,3.4247,6.8565,306.9943,-0.99,1.9448,0.29,27540.3059,-410.4368,-1.7124,1.141685496
23/01/2016 14:30,1920.386732813562,4.2832,8.4724,307.2458,-1.03,2.1612,0.23,25238.6886,-456.3214,-2.6074,2.124505699
23/01/2016 15:00,1920.386732813562,4.3389,8.5325,307.4174,-0.38,2.1738,0.23,22474.53,-471.5695,-3.0681,5.228875109
23/01/2016 15:30,1920.386732813562,4.2139,8.0664,307.1644,0.46,2.1453,0.24,19048.8136,-451.1176,-3.3431,1.775552933
23/01/2016 16:00,1920.386732813562,4.2055,8.9185,307.3419,-0.03,2.1434,0.24,15163.9959,-396.6296,-3.6421,4.5624978
23/01/2016 16:30,1920.386732813562,4.125,8.7322,307.3191,0.15,2.1246,0.24,11189.6531,-315.2757,-3.811,1.789567402
23/01/2016 17:00,1920.386732813562,4.1281,7.8202,306.8975,0.73,2.1253,0.24,6365.8615,-189.6653,-3.9874,1.110607675
23/01/2016 17:30,1920.386732813562,4.2631,6.4627,306.0524,0.19,2.1566,0.23,3055.4558,-94.9034,-4.2266,1.244827829
23/01/2016 18:00,1920.386732813562,4.3095,5.5163,305.0547,0.06,2.1672,0.23,380.6334,-12.0836,-4.3095,1.552470538
23/01/2016 18:30,1920.386732813562,4.3166,4.5785,304.0509,0.17,2.1688,0.23,0.0,0.0,-4.2797,0.83902032
23/01/2016 19:00,1920.386732813562,4.2558,3.3123,303.1576,-0.36,2.155,0.23,0.0,0.0,-4.1108,0.635126256
23/01/2016 19:30,1920.386732813562,4.3332,2.5472,301.9466,0.48,2.1725,0.23,0.0,0.0,-4.0034,1.176095146
23/01/2016 20:00,1920.386732813562,4.3497,2.2696,301.5159,0.37,2.1762,0.23,0.0,0.0,-3.767,1.063442376
23/01/2016 20:30,1920.386732813562,4.207,2.2455,301.3659,0.84,2.1437,0.24,0.0,0.0,-3.3376,2.737556424
23/01/2016 21:00,1920.386732813562,4.1116,3.8106,302.1364,0.42,2.1214,0.24,0.0,0.0,-2.9073,2.662841462
23/01/2016 21:30,1920.386732813562,4.066,4.0569,301.8198,0.78,2.1106,0.25,0.0,0.0,-2.4752,1.504392883
23/01/2016 22:00,1920.386732813562,4.0963,3.7392,301.0051,1.19,2.1178,0.24,0.0,0.0,-2.0482,0.941954774
23/01/2016 22:30,1920.386732813562,3.9043,3.5555,300.8351,0.91,2.0712,0.26,0.0,0.0,-1.4941,8.14796712
23/01/2016 23:00,1920.386732813562,3.8289,3.8036,301.8731,0.41,2.0524,0.26,0.0,0.0,-0.991,3.53373647
23/01/2016 23:30,1920.386732813562,3.8077,3.131,301.9825,-0.08,2.047,0.26,0.0,0.0,-0.497,0.462338885
24/01/2016 00:00,1920.386732813562,3.7364,2.8556,301.8762,-0.8,2.0287,0.27,0.0,0.0,0.0,2.169049421
24/01/2016 00:30,1920.386732813562,3.7585,2.5168,301.5908,-0.14,2.0344,0.27,0.0,0.0,0.4906,1.669725504
24/01/2016 01:00,1920.386732813562,3.6926,2.2642,301.1762,-0.78,2.0173,0.27,0.0,0.0,0.9557,1.146460925
24/01/2016 01:30,1920.386732813562,3.7839,2.0426,300.7099,0.06,2.0409,0.26,0.0,0.0,1.448,4.60782684
24/01/2016 02:00,1920.386732813562,3.8184,1.9442,300.5262,0.36,2.0497,0.26,0.0,0.0,1.9092,0.406020007
24/01/2016 02:30,1920.386732813562,3.733,1.4618,299.7618,0.85,2.0278,0.27,0.0,0.0,2.2725,2.236638773
24/01/2016 03:00,1920.386732813562,3.6426,1.8302,300.4499,0.59,2.0042,0.27,0.0,0.0,2.5757,3.100286909
24/01/2016 03:30,1920.386732813562,3.6796,1.8099,300.3159,0.58,2.0139,0.27,0.0,0.0,2.9192,7.206970896
24/01/2016 04:00,1920.386732813562,3.5723,1.5942,299.9423,0.34,1.9854,0.28,0.0,0.0,3.0937,2.385658714
24/01/2016 04:30,1920.386732813562,3.4884,1.3944,299.4259,0.63,1.9625,0.29,0.0,0.0,3.2229,1.284648091
24/01/2016 05:00,1920.386732813562,3.4195,1.4736,299.5105,0.83,1.9434,0.29,0.0,0.0,3.303,2.088871877
24/01/2016 05:30,1920.386732813562,3.4334,1.3956,299.2235,0.37,1.9473,0.29,0.0,0.0,3.404,3.693566088
24/01/2016 06:00,1920.386732813562,3.3746,1.2986,299.1625,0.03,1.9307,0.3,0.0,0.0,3.3746,4.840344605
24/01/2016 06:30,1920.386732813562,3.2549,1.5156,299.8911,0.23,1.8961,0.31,0.0,0.0,3.2271,1.753379237
24/01/2016 07:00,1920.386732813562,3.2363,1.5822,300.2638,-0.3,1.8906,0.31,140.493,5.4435,3.126,1.753148261
24/01/2016 07:30,1920.386732813562,3.293,1.3456,300.0863,-0.6,1.9072,0.3,890.7079,32.8637,3.0423,1.17191448
24/01/2016 08:00,1920.386732813562,3.3633,1.3943,300.0905,-0.75,1.9275,0.3,1749.0712,60.4204,2.9127,1.424498285
24/01/2016 08:30,1920.386732813562,3.2792,1.3351,300.2198,-0.83,1.9032,0.3,3502.0103,110.3827,2.6016,1.519787434
24/01/2016 09:00,1920.386732813562,3.3105,1.4605,300.7165,-0.5,1.9123,0.3,5833.0177,162.8333,2.3409,0.491049779
24/01/2016 09:30,1920.386732813562,3.2606,1.7915,301.303,-1.21,1.8978,0.31,7948.6667,188.7224,1.9849,1.094450904
24/01/2016 10:00,1920.386732813562,3.2268,1.9272,301.3104,-2.08,1.8878,0.31,7884.1957,150.4618,1.6134,0.359227734
24/01/2016 10:30,1920.386732813562,3.1491,2.0581,301.7141,-1.89,1.8646,0.32,10229.676,148.1729,1.2051,0.670852469
24/01/2016 11:00,1920.386732813562,3.1747,2.4196,302.1834,-2.69,1.8723,0.31,9399.9606,90.3748,0.8217,0.146991394
24/01/2016 11:30,1920.386732813562,3.1226,2.4303,301.9932,-2.69,1.8565,0.32,11355.9746,54.4145,0.4076,1.00393141
24/01/2016 12:00,1920.386732813562,3.091,2.8819,302.7854,-2.69,1.8468,0.32,12415.4475,0.0,0.0,0.05524484
24/01/2016 12:30,1920.386732813562,3.01,2.5432,302.3892,-3.47,1.8216,0.33,14026.3488,-65.4093,-0.3929,-0.044611917
24/01/2016 13:00,1920.386732813562,2.9324,2.1459,301.9259,-3.0,1.7968,0.34,11610.7121,-106.9421,-0.759,0.791733758
24/01/2016 13:30,1920.386732813562,2.9271,2.0787,301.9524,-3.2,1.7951,0.34,17051.1825,-230.899,-1.1202,0.353149023
24/01/2016 14:00,1920.386732813562,2.8928,2.2847,302.3202,-2.52,1.784,0.35,12676.8258,-221.3906,-1.4464,1.272059899
24/01/2016 14:30,1920.386732813562,2.8333,2.5739,302.5572,-2.72,1.7644,0.35,11354.4273,-239.5058,-1.7248,0.718318037
24/01/2016 15:00,1920.386732813562,2.759,2.7162,302.7066,-2.79,1.7393,0.36,14780.6422,-362.5214,-1.9509,1.705099478
24/01/2016 15:30,1920.386732813562,2.7571,2.8956,302.6434,-3.05,1.7387,0.36,9769.3647,-268.3711,-2.1874,1.55427215
24/01/2016 16:00,1920.386732813562,2.6865,2.8351,302.4374,-2.29,1.7144,0.37,7998.3158,-240.512,-2.3266,1.003371293
24/01/2016 16:30,1920.386732813562,2.7372,2.6494,302.1267,-2.4,1.7319,0.37,4085.1508,-132.0107,-2.5288,0.754846891
24/01/2016 17:00,1920.386732813562,2.7018,2.1546,301.2472,-3.15,1.7197,0.37,2223.6272,-76.1922,-2.6097,0.591217718
24/01/2016 17:30,1920.386732813562,2.7636,2.2592,301.3217,-1.98,1.7409,0.36,1039.2281,-37.277,-2.74,1.19847672
24/01/2016 18:00,1920.386732813562,2.7662,2.3576,301.1948,-2.42,1.7418,0.36,184.9246,-6.7987,-2.7662,0.970844098
24/01/2016 18:30,1920.386732813562,2.5955,1.7411,300.4708,-2.54,1.6821,0.39,0.0,0.0,-2.5733,3.527950522
24/01/2016 19:00,1920.386732813562,2.5892,1.587,300.0977,-2.67,1.6799,0.39,0.0,0.0,-2.501,0.675102427
24/01/2016 19:30,1920.386732813562,2.4324,1.5136,300.0739,-1.9,1.6218,0.41,0.0,0.0,-2.2472,1.29259944
24/01/2016 20:00,1920.386732813562,2.3768,1.6539,300.2691,-1.97,1.6005,0.42,0.0,0.0,-2.0584,-0.61982987
24/01/2016 20:30,1920.386732813562,2.3618,1.6496,300.3139,-2.12,1.5946,0.42,0.0,0.0,-1.8737,0.094282671
24/01/2016 21:00,1920.386732813562,2.2624,1.5201,300.1367,-2.17,1.5552,0.44,0.0,0.0,-1.5998,0.491402595
24/01/2016 21:30,1920.386732813562,2.1912,1.5496,300.0353,-2.12,1.526,0.46,0.0,0.0,-1.3339,1.112513227
24/01/2016 22:00,1920.386732813562,2.2447,1.6427,299.9828,-2.07,1.548,0.45,0.0,0.0,-1.1224,0.896296594
24/01/2016 22:30,1920.386732813562,2.2378,1.6125,299.8261,-1.11,1.5452,0.45,0.0,0.0,-0.8564,1.317850891
24/01/2016 23:00,1920.386732813562,2.2098,1.5928,299.8744,-1.09,1.5337,0.45,0.0,0.0,-0.5719,1.537358933
24/01/2016 23:30,1920.386732813562,1.974,1.4299,299.9189,-1.0,1.4319,0.51,0.0,0.0,-0.2577,0.887369371
25/01/2016 00:00,1920.386732813562,2.0414,1.4156,299.7843,-1.18,1.462,0.49,0.0,0.0,0.0,0.790723238
25/01/2016 00:30,1920.386732813562,2.0481,1.3417,299.4891,-1.48,1.4649,0.49,0.0,0.0,0.2673,1.750526683
25/01/2016 01:00,1920.386732813562,2.0206,1.0675,299.0303,-1.07,1.4528,0.49,0.0,0.0,0.523,1.879896341
25/01/2016 01:30,1920.386732813562,2.0613,1.0669,298.9709,-0.46,1.4707,0.48,0.0,0.0,0.7888,1.289845051
25/01/2016 02:00,1920.386732813562,2.0069,1.1743,299.1235,-0.87,1.4467,0.5,0.0,0.0,1.0035,3.292528234
25/01/2016 02:30,1920.386732813562,1.9489,0.9925,298.8118,-0.21,1.4205,0.51,0.0,0.0,1.1864,1.738267632
25/01/2016 03:00,1920.386732813562,1.9651,0.7448,298.3117,0.16,1.4279,0.51,0.0,0.0,1.3895,1.664978947
25/01/2016 03:30,1920.386732813562,1.945,0.6384,298.0938,-0.6,1.4188,0.51,0.0,0.0,1.5431,1.682169336
25/01/2016 04:00,1920.386732813562,1.8874,0.7787,298.4045,0.18,1.3921,0.53,0.0,0.0,1.6345,2.443587494
25/01/2016 04:30,1920.386732813562,1.9,0.9478,298.522,-0.42,1.398,0.53,0.0,0.0,1.7554,3.994354584
25/01/2016 05:00,1920.386732813562,1.8494,0.968,298.3618,-0.34,1.3742,0.54,0.0,0.0,1.7864,1.756266437
25/01/2016 05:30,1920.386732813562,1.8631,0.8293,297.9234,-0.61,1.3807,0.54,0.0,0.0,1.8472,0.610232818
25/01/2016 06:00,1920.386732813562,1.7106,0.8664,298.0565,-1.13,1.3062,0.58,0.0,0.0,1.7106,-0.23003997
25/01/2016 06:30,1920.386732813562,1.7329,0.7927,297.8721,-0.74,1.3174,0.58,0.0,0.0,1.7181,1.284359371
25/01/2016 07:00,1920.386732813562,1.6073,0.8211,297.8949,-0.93,1.2528,0.62,679.5758,28.0282,1.5525,2.304314741
25/01/2016 07:30,1920.386732813562,1.668,0.8039,298.0461,-0.43,1.2845,0.6,1453.4237,57.6304,1.541,1.964912832
25/01/2016 08:00,1920.386732813562,1.7015,0.8271,298.2081,-0.47,1.3016,0.59,1919.4946,70.9186,1.4735,2.903085374
25/01/2016 08:30,1920.386732813562,1.6831,0.8703,298.4714,0.37,1.2922,0.59,2089.8505,70.3432,1.3353,1.659423974
25/01/2016 09:00,1920.386732813562,1.6932,0.7587,298.2741,-1.05,1.2974,0.59,4811.9483,142.9648,1.1973,1.149117149
25/01/2016 09:30,1920.386732813562,1.6116,0.8335,299.036,0.07,1.2551,0.62,7768.7093,197.8783,0.9811,1.260545746
25/01/2016 10:00,1920.386732813562,1.5145,1.1551,300.065,-1.81,1.2028,0.66,8983.7357,184.6226,0.7573,1.077837955
25/01/2016 10:30,1920.386732813562,1.407,1.2254,300.2961,-2.29,1.142,0.71,7891.8191,121.3854,0.5384,0.300716893
25/01/2016 11:00,1920.386732813562,1.3578,1.425,301.1465,-3.32,1.1132,0.74,16753.4918,172.2735,0.3514,0.5055262
25/01/2016 11:30,1920.386732813562,1.2998,1.4997,301.4706,-3.47,1.0783,0.77,13338.8668,67.1192,0.1697,1.201825872
25/01/2016 12:00,1920.386732813562,1.2761,1.1437,300.9292,-4.7,1.0638,0.78,18674.1303,0.0,0.0,0.567534594
25/01/2016 12:30,1920.386732813562,1.1874,0.9489,300.625,-4.64,1.0079,0.84,19997.9735,-95.6139,-0.155,0.689498006
25/01/2016 13:00,1920.386732813562,1.2284,1.1223,301.2065,-3.7,1.034,0.81,9068.783,-84.6133,-0.3179,0.770662973
25/01/2016 13:30,1920.386732813562,1.2269,1.1405,300.7968,-2.99,1.0331,0.81,7324.6562,-100.792,-0.4695,1.376305142
25/01/2016 14:00,1920.386732813562,1.2358,1.0204,300.586,-3.83,1.0387,0.81,11410.1214,-208.5183,-0.6179,1.88067011
25/01/2016 14:30,1920.386732813562,1.2562,1.0693,300.7646,-4.0,1.0515,0.8,8933.5795,-199.795,-0.7647,1.64763265
25/01/2016 15:00,1920.386732813562,1.1284,0.8162,299.8865,-3.13,0.9693,0.89,6576.376,-170.6495,-0.7979,1.072802678
25/01/2016 15:30,1920.386732813562,1.0079,0.9169,300.198,-3.32,0.8869,0.99,4645.8506,-137.3761,-0.7996,2.408375203
25/01/2016 16:00,1920.386732813562,0.9891,0.9452,300.4748,-3.94,0.8736,1.01,5240.3135,-171.4486,-0.8566,0.065902072
25/01/2016 16:30,1920.386732813562,0.8415,0.6951,299.8055,-2.95,0.7647,1.19,3931.2761,-138.3629,-0.7774,0.406866534
25/01/2016 17:00,1920.386732813562,0.7419,0.6368,299.6473,-2.93,0.6867,1.35,1932.1348,-72.0579,-0.7166,1.575856858
25/01/2016 17:30,1920.386732813562,0.6284,0.5063,299.4277,-2.19,0.593,1.59,585.979,-22.7384,-0.623,1.10094133
25/01/2016 18:00,1920.386732813562,0.4699,0.3761,299.2761,-2.51,0.4541,2.12,161.6014,-6.4153,-0.4699,1.498809038
25/01/2016 18:30,1920.386732813562,0.4282,0.279,298.6729,-1.79,0.4161,2.33,0.0,0.0,-0.4245,0.245113464
25/01/2016 19:00,1920.386732813562,0.2574,0.1716,298.6434,-1.36,0.2546,3.87,0.0,0.0,-0.2486,0.591211944
25/01/2016 19:30,1920.386732813562,0.2637,0.1812,298.7276,-1.44,0.2607,3.78,0.0,0.0,-0.2436,1.399339224
25/01/2016 20:00,1920.386732813562,0.1846,0.1425,298.98,-1.11,0.1836,5.39,0.0,0.0,-0.1599,0.579033734
25/01/2016 20:30,1920.386732813562,0.105,0.0861,299.2153,-1.93,0.1048,9.43,0.0,0.0,-0.0833,0.708651691
25/01/2016 21:00,1920.386732813562,0.0534,0.0435,299.1975,-1.86,0.0534,18.38,0.0,0.0,-0.0378,0.842756357
25/01/2016 21:30,1920.386732813562,0.0725,0.0557,299.1634,-1.25,0.0724,13.61,0.0,0.0,-0.0441,1.666722816
25/01/2016 22:00,1920.386732813562,0.0021,0.0016,299.1827,-0.68,0.0021,322.58,0.0,0.0,-0.0011,0.699938122
25/01/2016 22:30,1920.3918776306352,0.0,-0.0189,299.3479,-1.15,-0.0225,-46.51,0.0,0.0,0.0086,2.060277048
25/01/2016 23:00,1920.403052630636,0.0,-0.0185,299.273,-1.16,-0.0222,-47.17,0.0,0.0,0.0057,0.96336625
25/01/2016 23:30,1920.4359776306355,0.0,-0.0844,299.1016,-1.76,-0.1093,-9.22,0.0,0.0,0.0143,0.813301142
26/01/2016 00:00,1920.4937526306355,0.0,-0.0865,298.8443,-1.73,-0.1213,-8.29,0.0,0.0,0.0,1.43142179
26/01/2016 00:30,1920.579427630636,0.0,-0.1609,298.7658,-2.77,-0.2193,-4.54,0.0,0.0,-0.0289,0.88141019
26/01/2016 01:00,1920.692777630636,0.0,-0.1603,298.6886,-2.15,-0.2303,-4.32,0.0,0.0,-0.0601,0.414045268
26/01/2016 01:30,1920.8162526306355,0.0,-0.161,298.4134,-1.83,-0.2587,-3.84,0.0,0.0,-0.1001,0.423016376
26/01/2016 02:00,1920.9303526306355,0.0,-0.1096,298.1864,-1.51,-0.1936,-5.16,0.0,0.0,-0.0974,1.740254026
26/01/2016 02:30,1921.018427630636,0.0,-0.0996,298.3588,-1.82,-0.1569,-6.39,0.0,0.0,-0.0959,1.756474315
26/01/2016 03:00,1921.126227630636,0.0,-0.1567,297.9724,-1.83,-0.2704,-3.67,0.0,0.0,-0.1935,0.277512467
26/01/2016 03:30,1921.277327630636,0.0,-0.2044,298.0999,-2.17,-0.325,-3.03,0.0,0.0,-0.2624,0.540913455
26/01/2016 04:00,1921.465152630636,0.0,-0.2785,298.2295,-2.46,-0.4091,-2.38,0.0,0.0,-0.3643,1.27859652
26/01/2016 04:30,1921.689152630636,0.0,-0.3152,298.1931,-1.66,-0.4591,-2.11,0.0,0.0,-0.4392,0.669587875
26/01/2016 05:00,1921.950777630636,0.0,-0.415,298.4087,-0.68,-0.5439,-1.75,0.0,0.0,-0.5516,0.236266505
26/01/2016 05:30,1922.2590276306355,0.0,-0.4704,298.5339,-0.44,-0.6212,-1.51,0.0,0.0,-0.6562,0.91042655
26/01/2016 06:00,1922.609102630636,0.0,-0.589,298.9031,-3.04,-0.6838,-1.36,0.0,0.0,-0.7384,0.69697008
26/01/2016 06:30,1922.9990276306355,0.0,-0.5158,298.3731,-2.99,-0.7492,-1.22,0.0,0.0,-0.8143,1.760112187
26/01/2016 07:00,1923.388352630636,0.0,-0.3523,298.0267,-1.6,-0.6819,-1.36,512.4412,21.8053,-0.7109,2.044963339
26/01/2016 07:30,1923.7901776306355,0.0,-0.4197,298.2018,-0.91,-0.7874,-1.15,2079.72,84.5319,-0.805,1.42863853
26/01/2016 08:00,1924.3113026306355,0.0,-0.7877,299.14,-1.36,-1.0244,-0.82,4541.8466,172.9707,-1.0507,0.971404214
26/01/2016 08:30,1924.9298026306355,0.0,-0.8307,299.2011,-2.58,-1.0543,-0.79,4029.5295,137.9733,-1.0003,1.604988706
26/01/2016 09:00,1925.607827630636,0.0,-1.0603,299.4584,-3.92,-1.1674,-0.69,9788.2737,294.2753,-1.0262,-0.743765818
26/01/2016 09:30,1926.348102630636,0.0,-1.3564,299.9962,-4.96,-1.2002,-0.66,12417.7395,314.7144,-0.9191,-0.768128011
26/01/2016 10:00,1927.1214526306355,0.0,-1.547,300.3943,-4.18,-1.2403,-0.63,12119.8627,245.3414,-0.7918,-0.665153136
26/01/2016 10:30,1927.971877630636,0.0,-1.6886,300.572,-3.67,-1.3592,-0.55,17238.1171,262.9231,-0.6958,0.623207894
26/01/2016 11:00,1928.932727630636,0.0,-2.3527,301.5972,-4.23,-1.4549,-0.49,20124.7829,201.965,-0.5242,0.610677446
26/01/2016 11:30,1929.9639526306355,0.0,-2.538,301.9523,-4.65,-1.4873,-0.48,21993.6042,107.6797,-0.2741,1.799297266
26/01/2016 12:00,1931.087577630636,0.0,-2.8292,301.5155,-4.25,-1.6075,-0.42,20037.978,0.0,0.0,1.167912821
26/01/2016 12:30,1932.3099526306355,0.0,-3.314,302.2777,-4.95,-1.6452,-0.4,30464.164,-142.2673,0.3256,1.788984187
26/01/2016 13:00,1933.574077630636,0.0,-3.2666,302.1285,-4.81,-1.67,-0.39,22568.1608,-203.8768,0.6631,2.11400784
26/01/2016 13:30,1934.8985526306355,0.0,-3.0177,301.3616,-4.15,-1.7315,-0.37,12268.0386,-160.9453,1.047,1.938315946
26/01/2016 14:00,1936.3046526306352,0.0,-3.0854,301.2547,-4.11,-1.7826,-0.35,14618.3307,-254.6748,1.4442,1.625499374
26/01/2016 14:30,1937.767152630636,0.0,-3.2063,301.264,-4.09,-1.8062,-0.34,16422.6838,-352.1485,1.8029,1.834463362
26/01/2016 15:00,1939.3159026306355,0.0,-3.7536,301.52,-3.88,-1.8898,-0.31,13248.2543,-331.9607,2.2864,1.570140202
26/01/2016 15:30,1940.943527630636,0.0,-3.7143,301.3911,-3.82,-1.9026,-0.31,10264.5904,-288.9797,2.5999,0.736415006
26/01/2016 16:00,1942.6345776306352,0.0,-3.9655,301.2018,-3.76,-1.9622,-0.29,8447.6987,-262.6902,3.0199,1.068974251
26/01/2016 16:30,1944.391702630636,0.0,-3.9874,301.1404,-3.44,-1.977,-0.28,7046.2815,-236.8965,3.2718,0.279110244
26/01/2016 17:00,1946.179402630636,0.0,-3.9994,300.8532,-3.15,-1.9953,-0.28,4017.0732,-143.3923,3.4864,0.203279668
26/01/2016 17:30,1948.002877630636,0.0,-3.7522,300.2577,-3.99,-2.0152,-0.27,1944.139,-72.2725,3.653,0.585385574
26/01/2016 18:00,1949.8575026306355,0.0,-3.1239,299.613,-2.76,-2.0281,-0.27,296.3954,-11.3605,3.734,0.638371469
26/01/2016 18:30,1951.778077630636,0.0,-3.0294,299.3879,-2.16,-2.0821,-0.25,0.0,0.0,3.9145,1.259581421
26/01/2016 19:00,1953.775177630636,0.0,-2.9687,299.2064,-2.5,-2.1044,-0.25,0.0,0.0,3.9024,0.566656885
26/01/2016 19:30,1955.818202630636,0.0,-2.8911,298.9928,-1.85,-2.1262,-0.24,0.0,0.0,3.8175,0.573749004
26/01/2016 20:00,1957.921827630636,0.0,-3.1863,299.0749,-1.79,-2.161,-0.23,0.0,0.0,3.7088,1.73395993
26/01/2016 20:30,1960.0829776306352,0.0,-2.9449,298.9225,-1.4,-2.179,-0.23,0.0,0.0,3.4607,1.767803688
26/01/2016 21:00,1962.2730276306352,0.0,-1.8108,298.1519,-0.73,-2.187,-0.23,0.0,0.0,3.1099,0.93366851
26/01/2016 21:30,1964.4779276306351,0.0,-2.3259,298.4057,-1.82,-2.1922,-0.23,0.0,0.0,2.6916,1.089698573
26/01/2016 22:00,1966.6990776306352,0.0,-2.6168,298.4573,-1.89,-2.2013,-0.22,0.0,0.0,2.2316,1.754522568
26/01/2016 22:30,1968.8894276306355,0.0,-2.0439,298.0919,-1.88,-2.1646,-0.23,0.0,0.0,1.6449,1.748274667
26/01/2016 23:00,1971.0072526306355,0.0,-1.4515,297.6758,-1.02,-2.1358,-0.24,0.0,0.0,1.0801,1.691425699
26/01/2016 23:30,1973.0942026306352,0.0,-1.683,297.9837,-0.79,-2.1363,-0.24,0.0,0.0,0.5449,1.743008414
27/01/2016 00:00,1975.2245276306355,0.0,-1.8935,298.0313,-0.32,-2.1755,-0.23,0.0,0.0,0.0,2.913317611
27/01/2016 00:30,1977.406227630636,0.0,-1.9936,298.0931,0.18,-2.183,-0.23,0.0,0.0,-0.5717,0.21006632
27/01/2016 01:00,1979.6296526306355,0.0,-2.3641,298.2431,-0.61,-2.2123,-0.22,0.0,0.0,-1.1682,1.314351605
27/01/2016 01:30,1981.8707776306355,0.0,-2.3341,298.255,-0.54,-2.1987,-0.22,0.0,0.0,-1.7034,4.021159349
27/01/2016 02:00,1984.104677630636,0.0,-2.2048,298.0057,0.47,-2.206,-0.22,0.0,0.0,-2.2423,3.353407733
27/01/2016 02:30,1986.3864776306352,0.0,-2.3185,297.9614,0.27,-2.2398,-0.22,0.0,0.0,-2.8263,2.397548203
27/01/2016 03:00,1988.6961276306351,0.0,-2.2898,298.1424,0.06,-2.2299,-0.22,0.0,0.0,-3.2498,2.603012904
27/01/2016 03:30,1990.9914526306352,0.0,-2.6256,298.5138,-0.35,-2.2277,-0.22,0.0,0.0,-3.6378,1.745173814
27/01/2016 04:00,1993.3787276306352,0.0,-2.8769,298.6496,0.2,-2.3053,-0.2,0.0,0.0,-4.2987,1.772128714
27/01/2016 04:30,1995.8333276306355,0.0,-2.4367,298.4135,-0.31,-2.2835,-0.21,0.0,0.0,-4.4852,1.708916357
27/01/2016 05:00,1998.2779776306352,0.0,-2.6348,298.4474,-0.34,-2.2974,-0.2,0.0,0.0,-4.7561,1.200133973
27/01/2016 05:30,2000.7505776306352,0.0,-2.6947,298.5703,-0.56,-2.3058,-0.2,0.0,0.0,-4.924,4.870573589
27/01/2016 06:00,2003.2471776306352,0.0,-1.9718,298.0449,0.2,-2.3163,-0.2,0.0,0.0,-5.0199,2.481842894
27/01/2016 06:30,2005.772302630635,0.0,-1.9012,297.8266,0.72,-2.3281,-0.2,0.0,0.0,-5.0371,1.675326672
27/01/2016 07:00,2008.292777630635,0.0,-2.0568,298.1058,-0.09,-2.3127,-0.2,150.8698,6.3832,-4.8309,1.688902286
27/01/2016 07:30,2010.7822526306352,0.0,-1.8854,298.3783,-0.42,-2.3039,-0.2,382.0327,15.46,-4.5793,1.720545998
27/01/2016 08:00,2013.2422526306352,0.0,-1.8902,298.6577,-1.06,-2.2893,-0.2,1590.847,60.1622,-4.2291,1.243072411
27/01/2016 08:30,2015.7067276306352,0.0,-2.787,299.5687,-1.42,-2.3074,-0.2,4170.9803,143.9974,-3.9465,0.801960221
27/01/2016 09:00,2018.2203276306352,0.0,-3.665,300.5277,-0.43,-2.328,-0.2,3790.6559,114.5959,-3.592,1.465404134
27/01/2016 09:30,2020.8087776306352,0.0,-3.7294,300.5074,0.0,-2.3648,-0.19,2554.0424,65.0545,-3.2105,0.147750728
27/01/2016 10:00,2023.4624776306352,0.0,-4.277,301.2941,-1.71,-2.3772,-0.19,5212.8327,108.195,-2.6705,2.919086237
27/01/2016 10:30,2026.1702776306352,0.0,-4.7769,301.1673,-2.38,-2.4043,-0.18,4057.9261,63.958,-2.101,-0.148715052
27/01/2016 11:00,2028.9446776306352,0.0,-5.9197,302.9487,-2.6,-2.4251,-0.18,18148.4012,189.5542,-1.4513,-0.166520415
27/01/2016 11:30,2031.7128776306351,0.0,-5.6796,302.4703,-3.5,-2.3999,-0.18,9486.1699,47.2773,-0.7134,-0.099883261
27/01/2016 12:00,2034.500152630635,0.0,-5.447,302.2049,-3.04,-2.4384,-0.18,20230.8884,0.0,0.0,-0.123894372
27/01/2016 12:30,2037.390877630635,0.0,-6.7189,303.0656,-3.09,-2.4717,-0.17,14574.6861,-69.4806,0.7674,-0.438574342
27/01/2016 13:00,2040.364027630635,0.0,-7.3643,303.1354,-4.56,-2.494,-0.17,14533.4288,-135.8443,1.5564,-0.514849546
27/01/2016 13:30,2043.394452630635,0.0,-7.3244,303.1035,-3.7,-2.5094,-0.16,12567.0273,-171.9411,2.3376,-0.578669947
27/01/2016 14:00,2046.462977630635,0.0,-7.1867,302.843,-3.29,-2.5187,-0.16,14266.2002,-251.5198,3.0829,-0.396388308
27/01/2016 14:30,2049.562302630635,0.0,-7.9099,302.9498,-3.71,-2.5292,-0.16,16448.4444,-354.198,3.7936,-0.810904766
27/01/2016 15:00,2052.6934276306347,0.0,-8.7311,303.328,-3.71,-2.5388,-0.16,15131.0501,-380.0806,4.4498,0.425583674
27/01/2016 15:30,2055.8534026306347,0.0,-8.1552,302.5319,-3.82,-2.5473,-0.16,7449.0185,-208.8235,5.0354,0.377926396
27/01/2016 16:00,2059.059027630635,0.0,-7.9884,302.2164,-3.7,-2.5671,-0.15,4847.9541,-151.6234,5.6079,1.00061113
27/01/2016 16:30,2062.322577630635,0.0,-6.9898,301.4591,-4.2,-2.5827,-0.15,2649.0777,-90.0783,6.0779,0.721164816
27/01/2016 17:00,2065.650002630635,0.0,-5.6158,300.9331,-2.81,-2.6053,-0.15,2983.0761,-108.406,6.5016,0.695503382
27/01/2016 17:30,2069.016002630635,0.0,-5.1966,300.7348,-1.97,-2.6056,-0.15,1064.9055,-40.3283,6.6754,0.62791403
27/01/2016 18:00,2072.401152630635,0.0,-5.1464,300.801,-1.74,-2.6165,-0.15,54.3013,-2.1047,6.8076,1.489818298
27/01/2016 18:30,2075.813952630635,0.0,-4.0904,300.0907,-1.58,-2.6218,-0.15,0.0,0.0,6.7851,2.091735979
27/01/2016 19:00,2079.245252630635,0.0,-3.903,299.8453,-0.23,-2.6272,-0.15,0.0,0.0,6.6471,4.717043842
27/01/2016 19:30,2082.732802630635,0.0,-4.3396,299.9977,-0.76,-2.6538,-0.14,0.0,0.0,6.5305,1.748909851
27/01/2016 20:00,2086.250052630635,0.0,-3.455,299.7464,-1.65,-2.6442,-0.14,0.0,0.0,6.0625,1.740450355
27/01/2016 20:30,2089.742252630635,0.0,-2.9042,299.5781,-1.31,-2.6396,-0.14,0.0,0.0,5.5284,1.729681099
27/01/2016 21:00,2093.206202630635,0.0,-2.9742,299.706,-1.87,-2.6281,-0.15,0.0,0.0,4.8701,1.734242875
27/01/2016 21:30,2096.626502630635,0.0,-2.3048,299.2442,-0.38,-2.6145,-0.15,0.0,0.0,4.1358,2.832522206
27/01/2016 22:00,2100.024652630635,0.0,-2.4938,299.3459,0.47,-2.6153,-0.15,0.0,0.0,3.3994,1.721417933
27/01/2016 22:30,2103.444277630635,0.0,-2.6458,299.5192,1.06,-2.627,-0.15,0.0,0.0,2.6327,2.531110075
27/01/2016 23:00,2106.882052630635,0.0,-3.121,299.8275,0.49,-2.6258,-0.15,0.0,0.0,1.7784,1.794348605
27/01/2016 23:30,2110.3224776306347,0.0,-3.726,300.2517,0.08,-2.6285,-0.15,0.0,0.0,0.8994,3.336442546
28/01/2016 00:00,2113.750727630634,0.0,-3.6622,300.2324,-0.25,-2.6187,-0.15,0.0,0.0,0.0,2.447288885
28/01/2016 00:30,2117.1960776306346,0.0,-3.3908,299.9618,-0.31,-2.6383,-0.14,0.0,0.0,-0.9083,1.443011011
28/01/2016 01:00,2120.6861776306346,0.0,-3.9033,300.0163,-0.86,-2.6444,-0.14,0.0,0.0,-1.8122,-0.134009965
28/01/2016 01:30,2124.1911776306347,0.0,-3.7989,299.9023,-0.45,-2.6467,-0.14,0.0,0.0,-2.6858,0.886306882
28/01/2016 02:00,2127.7125776306348,0.0,-4.4858,300.222,-1.46,-2.6536,-0.14,0.0,0.0,-3.5337,1.233706334
28/01/2016 02:30,2131.2807026306346,0.0,-4.8643,300.311,-1.23,-2.6727,-0.14,0.0,0.0,-4.3862,0.937727914
28/01/2016 03:00,2134.8715776306344,0.0,-4.5807,300.2178,-0.83,-2.6663,-0.14,0.0,0.0,-5.0617,1.762797283
28/01/2016 03:30,2138.4641776306344,0.0,-4.4878,300.1892,-0.63,-2.6737,-0.14,0.0,0.0,-5.7217,1.765309147
28/01/2016 04:00,2142.0669276306344,0.0,-4.4449,300.3163,-1.44,-2.6719,-0.14,0.0,0.0,-6.2344,4.740193411
28/01/2016 04:30,2145.7045026306346,0.0,-3.8547,299.9846,0.34,-2.6926,-0.14,0.0,0.0,-6.7918,1.031764018
28/01/2016 05:00,2149.3580276306348,0.0,-3.8621,300.1334,-0.54,-2.6806,-0.14,0.0,0.0,-7.0152,0.559224078
28/01/2016 05:30,2153.004152630635,0.0,-3.9832,300.3868,-1.42,-2.6886,-0.14,0.0,0.0,-7.2592,1.32185255
28/01/2016 06:00,2156.681077630635,0.0,-3.9974,300.353,-1.47,-2.6973,-0.14,0.0,0.0,-7.3859,0.589918478
28/01/2016 06:30,2160.3946526306354,0.0,-4.7067,300.6166,-1.34,-2.7083,-0.13,0.0,0.0,-7.4045,0.867055032
28/01/2016 07:00,2164.1406026306354,0.0,-4.9314,300.8068,-1.21,-2.7145,-0.13,619.0257,25.5309,-7.2593,0.54212377
28/01/2016 07:30,2167.9070526306355,0.0,-5.3503,301.077,-1.58,-2.7191,-0.13,1761.5252,69.047,-6.9757,1.146501346
28/01/2016 08:00,2171.7203776306355,0.0,-5.2103,301.3586,-1.24,-2.7389,-0.13,2921.3584,106.7949,-6.6709,1.410310584
28/01/2016 08:30,2175.580827630636,0.0,-4.8184,301.5431,-2.77,-2.7436,-0.13,7650.7081,250.6075,-6.1397,1.408272221
28/01/2016 09:00,2179.478402630636,0.0,-6.8108,302.5364,-3.63,-2.7579,-0.13,10201.505,289.2363,-5.5518,0.569498468
28/01/2016 09:30,2183.407652630636,0.0,-7.322,302.8497,-3.97,-2.7597,-0.13,13433.1544,317.823,-4.7883,0.348353961
28/01/2016 10:00,2187.348727630636,0.0,-7.709,303.148,-4.21,-2.7638,-0.13,13521.1356,254.4437,-3.9494,0.593706485
28/01/2016 10:30,2191.312177630636,0.0,-7.9122,303.29,-3.65,-2.7709,-0.13,17294.3071,246.2145,-3.0443,-0.365517788
28/01/2016 11:00,2195.340777630636,0.0,-9.9346,303.6991,-4.14,-2.796,-0.12,13993.2072,131.6028,-2.1118,0.18940494
28/01/2016 11:30,2199.4291776306363,0.0,-9.698,303.2873,-3.62,-2.8003,-0.12,5751.9191,27.2119,-1.0696,0.431196968
28/01/2016 12:00,2203.5615026306364,0.0,-9.316,303.1642,-3.56,-2.8172,-0.12,9014.4394,0.0,0.0,0.305324287
28/01/2016 12:30,2207.7118276306364,0.0,-9.4728,303.2705,-4.65,-2.809,-0.12,11996.347,-57.6736,1.079,-0.982797106
28/01/2016 13:00,2211.9217526306365,0.0,-7.1731,302.4308,-2.94,-2.8452,-0.12,16271.5124,-153.1967,2.219,1.745162266
28/01/2016 13:30,2216.2433776306366,0.0,-8.9171,303.6922,-3.32,-2.8613,-0.11,17840.0293,-241.5812,3.3344,1.305984499
28/01/2016 14:00,2220.6387776306365,0.0,-10.7532,304.207,-4.31,-2.8788,-0.11,22999.2987,-395.7209,4.4343,1.348691962
28/01/2016 14:30,2225.1015776306363,0.0,-11.5972,304.2442,-4.46,-2.8915,-0.11,18139.3671,-371.8029,5.4683,1.768952794
28/01/2016 15:00,2229.610652630636,0.0,-11.0426,304.1115,-4.41,-2.8993,-0.11,20350.6815,-484.3522,6.4019,1.925467906
28/01/2016 15:30,2234.146152630636,0.0,-10.4757,303.6339,-4.45,-2.9032,-0.11,9449.0847,-252.2363,7.2103,1.612478102
28/01/2016 16:00,2238.735552630636,0.0,-10.7876,303.8981,-3.49,-2.9227,-0.11,12855.3982,-382.1868,8.0274,0.838211904
28/01/2016 16:30,2243.435252630636,0.0,-11.8361,303.9202,-3.29,-2.9503,-0.1,11372.3761,-362.3002,8.8042,0.614361514
28/01/2016 17:00,2248.2026526306363,0.0,-12.0762,303.69,-3.6,-2.9514,-0.1,7826.5992,-263.2282,9.2149,1.044698674
28/01/2016 17:30,2252.990427630636,0.0,-10.9106,302.8232,-2.25,-2.9588,-0.1,1394.5004,-48.5453,9.5289,0.818752176
28/01/2016 18:00,2257.834652630636,0.0,-10.1823,302.4798,-2.4,-2.9746,-0.1,211.6202,-7.6013,9.7658,0.986977771
28/01/2016 18:30,2262.718302630636,0.0,-9.6328,302.2214,-2.37,-2.975,-0.1,0.0,0.0,9.6852,0.963181469
28/01/2016 19:00,2267.643102630636,0.0,-9.1779,301.9687,-1.77,-2.9913,-0.1,0.0,0.0,9.592,1.284001358
28/01/2016 19:30,2272.634377630636,0.0,-9.1979,301.9641,-1.43,-3.0017,-0.1,0.0,0.0,9.2709,1.633727894
28/01/2016 20:00,2277.677777630636,0.0,-8.6426,301.8023,-0.44,-3.0119,-0.1,0.0,0.0,8.7805,3.744438552
28/01/2016 20:30,2282.758077630636,0.0,-8.2995,301.5731,0.41,-3.0162,-0.1,0.0,0.0,8.0782,1.839706517
28/01/2016 21:00,2287.887602630636,0.0,-8.438,301.5954,0.9,-3.0311,-0.1,0.0,0.0,7.3085,4.813285766
28/01/2016 21:30,2293.059652630636,0.0,-8.3214,301.6595,0.33,-3.0327,-0.1,0.0,0.0,6.3021,3.25483295
28/01/2016 22:00,2298.252627630636,0.0,-7.8227,301.4863,0.01,-3.0391,-0.1,0.0,0.0,5.2098,3.667223275
28/01/2016 22:30,2303.477677630636,0.0,-7.3738,301.2943,-0.18,-3.045,-0.1,0.0,0.0,4.0108,0.771153797
28/01/2016 23:00,2308.743602630636,0.0,-7.1678,301.3493,-0.6,-3.0546,-0.09,0.0,0.0,2.7391,1.807612402
28/01/2016 23:30,2314.060877630636,0.0,-6.9521,301.3313,-0.75,-3.0643,-0.09,0.0,0.0,1.3948,1.410755213
29/01/2016 00:00,2319.433527630636,0.0,-7.0764,301.3026,-0.56,-3.0752,-0.09,0.0,0.0,0.0,0.985880635
29/01/2016 00:30,2324.8179276306355,0.0,-6.6878,301.0338,-0.81,-3.0686,-0.09,0.0,0.0,-1.401,1.032185549
29/01/2016 01:00,2330.1939026306354,0.0,-6.663,301.0276,-1.05,-3.0721,-0.09,0.0,0.0,-2.7877,1.410125803
29/01/2016 01:30,2335.593252630636,0.0,-6.3325,300.8961,-0.32,-3.0773,-0.09,0.0,0.0,-4.1432,0.589375685
29/01/2016 02:00,2341.020502630636,0.0,-7.3879,301.206,-0.89,-3.0824,-0.09,0.0,0.0,-5.4412,1.355153515
29/01/2016 02:30,2346.483002630636,0.0,-7.6875,301.2548,-1.46,-3.0902,-0.09,0.0,0.0,-6.6767,0.839568888
29/01/2016 03:00,2352.016127630636,0.0,-7.8755,301.1637,-1.07,-3.1079,-0.09,0.0,0.0,-7.8948,3.670618622
29/01/2016 03:30,2357.626152630636,0.0,-7.6207,301.0498,0.05,-3.1177,-0.09,0.0,0.0,-8.9452,2.985255086
29/01/2016 04:00,2363.288327630636,0.0,-7.8566,301.2412,0.31,-3.1264,-0.09,0.0,0.0,-9.8497,1.16594375
29/01/2016 04:30,2368.990777630636,0.0,-8.3067,301.4084,-0.43,-3.1318,-0.09,0.0,0.0,-10.5658,1.726574472
29/01/2016 05:00,2374.720552630636,0.0,-7.8492,301.272,-0.49,-3.1359,-0.09,0.0,0.0,-11.0915,1.731840725
29/01/2016 05:30,2380.481927630636,0.0,-7.5962,301.2036,-0.17,-3.1428,-0.09,0.0,0.0,-11.4638,0.523769839
29/01/2016 06:00,2386.296827630636,0.0,-7.2304,300.9891,-0.36,-3.1543,-0.09,0.0,0.0,-11.6969,2.963936002
29/01/2016 06:30,2392.1687526306355,0.0,-6.8036,300.8883,-0.08,-3.1623,-0.08,0.0,0.0,-11.6899,1.10209621
29/01/2016 07:00,2398.0730026306355,0.0,-6.66,301.0501,-0.39,-3.1652,-0.08,541.0493,21.6135,-11.4232,1.003238482
29/01/2016 07:30,2404.0210026306354,0.0,-7.1859,301.5719,-0.1,-3.1769,-0.08,2537.2999,96.5867,-11.055,1.694515003
29/01/2016 08:00,2410.061477630635,0.0,-9.0796,302.3571,-0.82,-3.1959,-0.08,5452.0461,192.1697,-10.5621,2.445152357
29/01/2016 08:30,2415.6303776306354,0.0,-7.7088,302.5187,-0.98,-3.0061,-0.1,5236.5341,165.3172,-7.9966,1.37103889
29/01/2016 09:00,2420.398027630635,0.0,-6.7109,302.6895,-1.21,-2.8925,-0.11,9450.5186,261.4447,-6.3577,2.30018027
29/01/2016 09:30,2424.651077630635,0.0,-7.1066,303.6288,-1.36,-2.7791,-0.12,13903.0486,318.1819,-4.8829,1.77077173
29/01/2016 10:00,2428.676077630635,0.0,-7.5284,303.9157,-2.26,-2.7862,-0.12,18554.9586,335.8972,-4.0395,1.269611554
29/01/2016 10:30,2432.738527630635,0.0,-9.3603,304.6687,-2.56,-2.7974,-0.12,23027.205,308.7642,-3.1269,0.243370172
29/01/2016 11:00,2436.567627630635,0.0,-8.1834,304.3775,-2.28,-2.6645,-0.14,10229.7616,90.6732,-1.8494,1.220251982
29/01/2016 11:30,2440.005752630635,0.0,-6.1586,303.3514,-2.78,-2.587,-0.15,6151.3512,27.7921,-0.8624,1.095958022
29/01/2016 12:00,2442.708027630635,0.0,-2.6044,302.5396,-1.19,-2.1426,-0.24,11037.2525,0.0,0.0,0.777413246
29/01/2016 12:30,2444.367852630636,0.0,-1.814,303.295,-1.41,-1.6237,-0.41,9517.9578,-43.8371,0.3181,0.97408931
29/01/2016 13:00,2445.302602630635,0.0,-1.0457,303.4672,-1.93,-1.0795,-0.77,14544.9649,-131.9493,0.3369,0.499273102
29/01/2016 13:30,2445.845702630635,0.0,-0.8794,303.9337,-2.33,-0.7869,-1.15,11107.9818,-146.6819,0.3332,0.608408107
29/01/2016 14:00,2446.0662276306352,0.0,-0.0117,303.5783,-3.0,-0.0115,-95.24,9057.1462,-155.9426,0.0058,0.712318435
29/01/2016 14:30,2446.06636892337,0.2225,0.2302,304.0093,-2.68,0.2207,4.47,13852.3855,-291.6914,-0.1354,0.367498984
29/01/2016 15:00,2446.06636892337,0.4174,0.3948,303.6089,-2.7,0.4061,2.39,12738.8493,-308.907,-0.2951,0.776281464
29/01/2016 15:30,2446.06636892337,0.9142,0.9019,303.8636,-1.84,0.8194,1.09,8242.6423,-222.805,-0.7253,0.25722931
29/01/2016 16:00,2446.06636892337,0.7446,0.7112,303.6348,-2.19,0.6888,1.34,4027.5729,-119.2472,-0.6448,0.975752338
29/01/2016 16:30,2446.06636892337,0.7891,0.6696,303.1924,-1.9,0.7241,1.27,2342.2847,-75.0603,-0.729,0.244719649
29/01/2016 17:00,2446.06636892337,0.865,0.7529,303.0416,-1.77,0.7826,1.15,856.5796,-29.2882,-0.8355,0.356923171
29/01/2016 17:30,2446.06636892337,0.8936,0.7443,302.8841,-1.32,0.8041,1.12,832.7101,-29.6973,-0.886,1.003221158
29/01/2016 18:00,2446.06636892337,0.9102,0.6253,302.3547,-0.83,0.8164,1.1,0.0,0.0,-0.9102,1.842149088
29/01/2016 18:30,2446.06636892337,0.8211,0.4167,301.9164,0.66,0.7491,1.22,0.0,0.0,-0.8141,1.72587577
29/01/2016 19:00,2446.06636892337,0.7665,0.443,301.9456,-0.7,0.7063,1.3,0.0,0.0,-0.7404,1.025348659
29/01/2016 19:30,2446.06636892337,0.6799,0.375,301.618,-1.01,0.6361,1.47,0.0,0.0,-0.6281,1.181800253
29/01/2016 20:00,2446.06636892337,0.6611,0.3,301.1149,0.79,0.6205,1.51,0.0,0.0,-0.5725,4.348279109
29/01/2016 20:30,2446.06636892337,0.6614,0.3174,301.207,0.16,0.6208,1.51,0.0,0.0,-0.5247,1.702864786
29/01/2016 21:00,2446.06636892337,0.6774,0.2892,300.6924,-0.74,0.6341,1.47,0.0,0.0,-0.479,1.687845571
29/01/2016 21:30,2446.06636892337,0.6314,0.2109,300.4447,0.82,0.5956,1.58,0.0,0.0,-0.3844,3.589049448
29/01/2016 22:00,2446.06636892337,0.5525,0.1875,300.5605,0.75,0.5277,1.81,0.0,0.0,-0.2763,4.361675717
29/01/2016 22:30,2446.06636892337,0.4394,0.1685,300.7788,0.36,0.4264,2.27,0.0,0.0,-0.1682,0.181347342
29/01/2016 23:00,2446.06636892337,0.3992,0.1691,300.8187,0.9,0.3893,2.5,0.0,0.0,-0.1033,1.698724541
29/01/2016 23:30,2446.06636892337,0.3279,0.1428,300.8052,0.71,0.3223,3.04,0.0,0.0,-0.0428,0.542082771
30/01/2016 00:00,2446.06636892337,0.3605,0.1602,300.9176,-0.4,0.3531,2.77,0.0,0.0,0.0,1.727405986
30/01/2016 00:30,2446.06636892337,0.31,0.1361,300.7408,-0.03,0.3052,3.22,0.0,0.0,0.0405,1.735542115
30/01/2016 01:00,2446.06636892337,0.4071,0.1806,300.4435,-0.02,0.3966,2.45,0.0,0.0,0.1054,1.729069013
30/01/2016 01:30,2446.06636892337,0.4096,0.1856,300.348,0.11,0.3989,2.44,0.0,0.0,0.1567,1.730177698
30/01/2016 02:00,2446.06636892337,0.3829,0.1622,300.1517,0.45,0.3741,2.6,0.0,0.0,0.1915,0.736749922
30/01/2016 02:30,2446.06636892337,0.2884,0.142,300.2692,-0.4,0.2845,3.46,0.0,0.0,0.1756,4.561279402
30/01/2016 03:00,2446.06636892337,0.3088,0.1534,300.1065,0.32,0.3041,3.23,0.0,0.0,0.2184,2.032964136
30/01/2016 03:30,2446.06636892337,0.2336,0.103,299.8424,0.58,0.2315,4.26,0.0,0.0,0.1853,1.586654986
30/01/2016 04:00,2446.06636892337,0.1908,0.0917,300.0276,0.27,0.1897,5.21,0.0,0.0,0.1652,-0.20530244
30/01/2016 04:30,2446.06636892337,0.1599,0.0787,300.1591,0.68,0.1592,6.22,0.0,0.0,0.1477,-0.176097835
30/01/2016 05:00,2446.06636892337,0.1908,0.1137,300.6498,-0.25,0.1897,5.21,0.0,0.0,0.1843,1.712929565
30/01/2016 05:30,2446.06636892337,0.0998,0.0663,301.0107,-0.76,0.0996,9.92,0.0,0.0,0.0989,1.70541707
30/01/2016 06:00,2446.06636892337,0.0177,0.0106,300.843,0.25,0.0177,53.48,0.0,0.0,0.0177,2.274570806
30/01/2016 06:30,2446.0669653939585,0.0,-0.0043,300.607,0.67,-0.0078,-147.06,0.0,0.0,-0.0077,3.327919531
30/01/2016 07:00,2446.0867653939586,0.0,-0.0397,300.8017,0.53,-0.0713,-14.2,803.6442,31.4913,-0.069,1.995880939
30/01/2016 07:30,2446.1651903939587,0.0,-0.1269,300.9479,0.65,-0.24,-4.14,1940.4854,72.5232,-0.2239,3.126941539
30/01/2016 08:00,2446.3397653939587,0.0,-0.2545,301.8172,1.04,-0.4415,-2.2,9162.9735,318.1783,-0.3949,-1.593237802
30/01/2016 08:30,2446.542215393959,0.0,-0.2587,303.0692,-0.1,-0.3468,-2.83,11657.1316,359.0149,-0.2807,2.747430648
30/01/2016 09:00,2446.605755718832,0.1387,0.1266,303.8246,-0.41,0.1383,7.16,13439.2966,356.7199,0.0981,1.259073274
30/01/2016 09:30,2446.605755718832,0.3372,0.3614,304.0311,-1.06,0.3311,2.96,16265.0814,357.1989,0.2053,0.526288632
30/01/2016 10:00,2446.605755718832,0.5964,0.6592,304.3722,-1.89,0.5657,1.67,20927.5492,365.1003,0.2982,0.387521139
30/01/2016 10:30,2446.605755718832,0.8271,0.935,304.0534,-1.73,0.7537,1.21,12355.0293,161.0925,0.3165,0.454056085
30/01/2016 11:00,2446.605755718832,1.5627,1.7832,304.5232,-1.93,1.229,0.64,19610.1158,172.7526,0.4045,2.287926994
30/01/2016 11:30,2446.605755718832,2.0997,2.4525,305.1165,-1.42,1.4874,0.48,26493.9521,115.0417,0.2741,-0.274501117
30/01/2016 12:00,2446.605755718832,2.3528,2.3872,304.3687,-2.18,1.5911,0.42,24125.9484,0.0,0.0,0.636275362
30/01/2016 12:30,2446.605755718832,2.2282,2.4733,305.1114,-1.11,1.5413,0.45,23930.8286,-99.0676,-0.2908,2.26313172
30/01/2016 13:00,2446.605755718832,2.2664,2.4304,304.8004,-0.04,1.5568,0.44,9790.011,-79.6555,-0.5866,1.069493947
30/01/2016 13:30,2446.605755718832,2.189,2.4718,305.1437,-0.88,1.5251,0.46,14829.3969,-181.7152,-0.8377,1.357163006
30/01/2016 14:00,2446.605755718832,2.2596,2.7513,305.5278,-0.98,1.554,0.44,11842.7502,-190.2756,-1.1298,0.380676743
30/01/2016 14:30,2446.605755718832,2.1084,2.7142,305.9613,-1.37,1.4911,0.47,14895.1487,-292.9755,-1.2835,-0.306434704
30/01/2016 15:00,2446.605755718832,1.9678,2.7625,306.2126,-1.9,1.4291,0.51,11884.8896,-272.3229,-1.3914,0.272198864
30/01/2016 15:30,2446.605755718832,1.7665,2.4909,306.2305,-2.55,1.3341,0.57,17528.904,-450.9278,-1.4015,0.090404006
30/01/2016 16:00,2446.605755718832,1.8319,2.4931,305.9647,-2.53,1.3658,0.55,13564.3582,-381.2749,-1.5865,-0.239361584
30/01/2016 16:30,2446.605755718832,1.7151,2.3803,305.4825,-2.07,1.3085,0.58,10000.3164,-300.6537,-1.5845,1.908081187
30/01/2016 17:00,2446.605755718832,1.6679,1.9419,304.9739,-0.69,1.2844,0.6,7500.8945,-239.0402,-1.6111,2.454818702
30/01/2016 17:30,2446.605755718832,1.6657,1.5775,304.3863,-0.43,1.2833,0.6,3157.8414,-105.7354,-1.6514,2.73321985
30/01/2016 18:00,2446.605755718832,1.5786,1.4792,303.8914,-0.53,1.2376,0.63,444.0572,-15.2283,-1.5786,0.379798456
30/01/2016 18:30,2446.605755718832,1.5222,1.3997,303.2705,-1.78,1.207,0.66,0.0,0.0,-1.5092,1.036724227
30/01/2016 19:00,2446.605755718832,1.4954,1.156,302.7514,-1.1,1.1922,0.67,0.0,0.0,-1.4444,0.838835539
30/01/2016 19:30,2446.605755718832,1.3591,0.8908,302.2893,-0.61,1.114,0.74,0.0,0.0,-1.2556,3.851726904
30/01/2016 20:00,2446.605755718832,1.332,0.8909,302.0507,-0.94,1.0978,0.75,0.0,0.0,-1.1535,0.025170494
30/01/2016 20:30,2446.605755718832,1.4439,0.9181,302.1008,0.77,1.1632,0.69,0.0,0.0,-1.1455,3.720128328
30/01/2016 21:00,2446.605755718832,1.3104,0.8337,302.2242,0.04,1.0848,0.76,0.0,0.0,-0.9266,0.671395262
30/01/2016 21:30,2446.605755718832,1.3073,0.8442,302.1514,-0.74,1.0829,0.76,0.0,0.0,-0.7958,0.94305191
30/01/2016 22:00,2446.605755718832,1.3375,0.8149,301.9077,0.15,1.1011,0.75,0.0,0.0,-0.6688,1.678935672
30/01/2016 22:30,2446.605755718832,1.57,0.7079,301.3624,-1.65,1.233,0.64,0.0,0.0,-0.6008,1.658915827
30/01/2016 23:00,2446.605755718832,1.6037,0.4797,300.7044,-0.98,1.2509,0.62,0.0,0.0,-0.4151,1.676735626
30/01/2016 23:30,2446.605755718832,1.6247,0.4829,300.5368,1.45,1.262,0.62,0.0,0.0,-0.2121,5.04778415
31/01/2016 00:00,2446.605755718832,1.5114,0.4838,300.4017,1.06,1.2011,0.66,0.0,0.0,0.0,0.759726259
31/01/2016 00:30,2446.605755718832,1.4771,0.5081,300.4118,0.27,1.182,0.68,0.0,0.0,0.1928,1.677821213
31/01/2016 01:00,2446.605755718832,1.4104,0.5749,300.6203,-0.26,1.144,0.71,0.0,0.0,0.365,1.673461541
31/01/2016 01:30,2446.605755718832,1.3915,0.5604,300.5166,0.74,1.133,0.72,0.0,0.0,0.5325,1.663448731
31/01/2016 02:00,2446.605755718832,1.3512,0.5953,300.6323,0.21,1.1093,0.74,0.0,0.0,0.6756,1.664574739
31/01/2016 02:30,2446.605755718832,1.3328,0.5166,300.4617,-0.7,1.0983,0.75,0.0,0.0,0.8114,1.669263552
31/01/2016 03:00,2446.605755718832,1.3355,0.4797,300.3487,-0.87,1.0999,0.75,0.0,0.0,0.9443,-0.704009074
31/01/2016 03:30,2446.605755718832,1.4539,0.4932,300.2989,1.72,1.1689,0.69,0.0,0.0,1.1535,2.477800814
31/01/2016 04:00,2446.605755718832,1.4791,0.523,300.2099,1.12,1.1831,0.68,0.0,0.0,1.2809,1.576971317
31/01/2016 04:30,2446.605755718832,1.436,0.546,300.0824,0.82,1.1587,0.7,0.0,0.0,1.3267,2.585984198
31/01/2016 05:00,2446.605755718832,1.3796,0.5761,300.2326,0.59,1.1261,0.72,0.0,0.0,1.3326,1.645282469
31/01/2016 05:30,2446.605755718832,1.4321,0.5886,300.3731,-1.35,1.1565,0.7,0.0,0.0,1.4198,1.635321629
31/01/2016 06:00,2446.605755718832,1.3197,0.4901,300.0781,-0.81,1.0904,0.76,0.0,0.0,1.3197,-0.504194623
31/01/2016 06:30,2446.605755718832,1.315,0.5353,299.9757,0.68,1.0876,0.76,0.0,0.0,1.3037,0.927778622
31/01/2016 07:00,2446.605755718832,1.3292,0.698,300.5092,-0.91,1.0961,0.75,888.5665,34.4694,1.2839,0.668594678
31/01/2016 07:30,2446.605755718832,1.1995,0.7541,301.3576,-1.94,1.0157,0.83,2180.1458,81.3815,1.1082,0.517547346
31/01/2016 08:00,2446.605755718832,1.0113,0.7762,302.4456,-1.61,0.8893,0.99,6983.0701,241.5142,0.8758,0.650295605
31/01/2016 08:30,2446.605755718832,1.049,0.8841,302.8809,-1.66,0.9156,0.95,7731.9968,240.4628,0.8322,0.996499757
31/01/2016 09:00,2446.605755718832,1.0179,0.8148,302.9669,-1.95,0.894,0.98,7540.8879,205.7975,0.7198,0.525190919
31/01/2016 09:30,2446.605755718832,0.9551,0.8654,303.7844,-2.3,0.8493,1.05,13213.3743,305.6152,0.5814,0.685964074
31/01/2016 10:00,2446.605755718832,1.0899,0.8795,303.3091,-2.22,0.9435,0.92,11322.2391,208.8974,0.545,0.376541117
31/01/2016 10:30,2446.605755718832,0.8403,0.6619,303.5448,-1.88,0.7638,1.19,14756.5783,205.1252,0.3216,0.125444798
31/01/2016 11:00,2446.605755718832,0.7018,0.7548,304.1197,-3.55,0.6541,1.42,14083.8503,130.6512,0.1816,0.083733997
31/01/2016 11:30,2446.605755718832,0.7721,0.9216,304.3503,-3.81,0.7107,1.29,13096.3981,60.3397,0.1008,0.57197915
31/01/2016 12:00,2446.605755718832,0.8856,0.8391,303.4505,-3.68,0.7981,1.13,8199.4527,0.0,0.0,1.032809184
31/01/2016 12:30,2446.605755718832,0.7787,0.6488,303.684,-2.69,0.7159,1.28,16351.0388,-75.1757,-0.1016,-1.31347967
31/01/2016 13:00,2446.605755718832,0.6664,0.5483,302.7093,-3.48,0.6249,1.5,13852.4598,-124.4025,-0.1725,0.659476901
31/01/2016 13:30,2446.605755718832,0.3903,0.3674,303.7507,-2.91,0.381,2.56,20852.8723,-276.6048,-0.1494,1.426045824
31/01/2016 14:00,2446.605755718832,0.3001,0.2891,303.7269,-3.16,0.2958,3.32,15369.6808,-260.5914,-0.1501,0.71299404
31/01/2016 14:30,2446.605755718832,0.2115,0.2259,303.9854,-3.2,0.21,4.71,20720.031,-423.8426,-0.1288,1.394742802
31/01/2016 15:00,2446.605755718832,0.1141,0.128,304.0241,-3.08,0.1139,8.69,13194.6941,-311.5211,-0.0807,1.180587629
31/01/2016 15:30,2446.605755718832,0.0494,0.0571,304.0875,-3.66,0.0494,19.84,17415.6118,-462.4074,-0.0392,1.055161886
31/01/2016 16:00,2446.6280160180263,0.0,-0.1474,303.9775,-3.59,-0.1241,-8.1,12818.4677,-370.2841,0.1077,0.930654274
31/01/2016 16:30,2446.7314660180264,0.0,-0.339,303.9668,-3.54,-0.2855,-3.47,8423.2151,-262.2864,0.2674,0.598724438
31/01/2016 17:00,2446.8934910180265,0.0,-0.3902,303.4957,-3.01,-0.3514,-2.8,4459.0923,-147.2531,0.3465,0.443711248
31/01/2016 17:30,2447.0905410180267,0.0,-0.4422,303.1358,-2.51,-0.4173,-2.33,2398.968,-83.2206,0.4258,0.575812774
31/01/2016 18:00,2447.3253910180265,0.0,-0.4801,302.6871,-1.63,-0.49,-1.97,502.084,-17.8614,0.5099,0.939627691
31/01/2016 18:30,2447.5980410180264,0.0,-0.497,302.362,-1.34,-0.5522,-1.73,0.0,0.0,0.5757,0.998896133
31/01/2016 19:00,2447.9248910180263,0.0,-0.5953,302.1554,-1.33,-0.6744,-1.38,0.0,0.0,0.7019,1.044802613
31/01/2016 19:30,2448.3422660180263,0.0,-0.6958,301.7649,-1.1,-0.8403,-1.06,0.0,0.0,0.871,1.388766298
31/01/2016 20:00,2448.7998660180265,0.0,-0.5995,301.5768,-0.75,-0.7996,-1.13,0.0,0.0,0.7687,3.599229715
31/01/2016 20:30,2449.2701660180264,0.0,-0.5925,301.1137,0.53,-0.8768,-1.01,0.0,0.0,0.7883,2.383539509
31/01/2016 21:00,2449.8106660180265,0.0,-0.7155,301.1444,0.28,-0.9956,-0.86,0.0,0.0,0.8262,1.772325043
31/01/2016 21:30,2450.4253160180265,0.0,-0.8021,301.2199,-0.46,-1.0725,-0.78,0.0,0.0,0.7854,2.003705251
31/01/2016 22:00,2451.086366018026,0.0,-0.8009,300.9969,0.25,-1.111,-0.74,0.0,0.0,0.677,0.339094711
31/01/2016 22:30,2451.7785410180268,0.0,-0.8306,300.9039,-0.06,-1.1465,-0.71,0.0,0.0,0.5414,3.305994134
31/01/2016 23:00,2452.518166018027,0.0,-0.7415,300.3549,0.47,-1.2188,-0.65,0.0,0.0,0.3996,-0.235449428
31/01/2016 23:30,2453.2932660180268,0.0,-0.6972,300.2463,-0.08,-1.2258,-0.64,0.0,0.0,0.2032,-1.172405304
01/02/2016 00:00,2454.1009660180266,0.0,-0.8066,300.3783,0.5,-1.2877,-0.6,0.0,0.0,0.0,2.7168552
01/02/2016 00:30,2454.9468910180267,0.0,-0.7587,300.1912,0.75,-1.3056,-0.59,0.0,0.0,-0.2231,2.676821285
01/02/2016 01:00,2455.807466018027,0.0,-0.7886,300.2522,0.53,-1.3173,-0.58,0.0,0.0,-0.4485,1.782453341
01/02/2016 01:30,2456.715866018026,0.0,-0.8288,300.1048,0.66,-1.3984,-0.53,0.0,0.0,-0.7274,1.927333037
01/02/2016 02:00,2457.6871410180265,0.0,-0.9801,300.4045,0.55,-1.4366,-0.5,0.0,0.0,-0.9922,1.078097803
01/02/2016 02:30,2458.7097910180264,0.0,-1.1426,300.5813,0.29,-1.4902,-0.47,0.0,0.0,-1.2822,1.619753846
01/02/2016 03:00,2459.7531160180265,0.0,-1.0399,300.2485,0.41,-1.4732,-0.48,0.0,0.0,-1.4616,1.928204971
01/02/2016 03:30,2460.8222910180266,0.0,-1.1438,300.1953,0.63,-1.5337,-0.45,0.0,0.0,-1.7531,2.19585996
01/02/2016 04:00,2461.9336160180264,0.0,-1.1913,300.0801,0.32,-1.5443,-0.45,0.0,0.0,-1.9361,2.353247006
01/02/2016 04:30,2463.0801910180267,0.0,-1.3586,300.1013,0.05,-1.5903,-0.43,0.0,0.0,-2.1718,3.382943789
01/02/2016 05:00,2464.268691018027,0.0,-1.3009,299.9236,0.02,-1.6107,-0.42,0.0,0.0,-2.3214,0.015960268
01/02/2016 05:30,2465.4769160180267,0.0,-1.4774,300.1747,-0.24,-1.6208,-0.41,0.0,0.0,-2.4088,2.776169837
01/02/2016 06:00,2466.7036660180265,0.0,-1.3562,299.7455,0.61,-1.6388,-0.4,0.0,0.0,-2.4774,4.1994324
01/02/2016 06:30,2467.9741410180263,0.0,-1.4677,299.7508,0.63,-1.6854,-0.38,0.0,0.0,-2.5822,2.225719382
01/02/2016 07:00,2469.3034160180264,0.0,-1.6072,300.0204,0.07,-1.7234,-0.37,480.2917,19.4193,-2.6202,1.910038709
01/02/2016 07:30,2470.6996910180264,0.0,-2.0374,300.972,-0.41,-1.7773,-0.35,1146.9315,44.5221,-2.6538,1.59705468
01/02/2016 08:00,2472.200366018026,0.0,-2.4633,301.7677,-0.94,-1.8588,-0.32,4744.0857,171.3302,-2.7108,0.893201515
01/02/2016 08:30,2473.797341018026,0.0,-2.8485,302.4348,-1.27,-1.8969,-0.31,8188.1794,266.7811,-2.5845,1.315327478
01/02/2016 09:00,2475.4178160180263,0.0,-3.1608,303.1105,-1.35,-1.8871,-0.31,11511.6993,326.1218,-2.2799,0.70337389
01/02/2016 09:30,2477.1036910180264,0.0,-4.0129,303.7416,-2.39,-1.971,-0.28,17136.4585,400.4612,-2.1424,0.887271206
01/02/2016 10:00,2478.8915660180264,0.0,-4.3373,304.0205,-2.88,-2.0014,-0.28,19220.9362,358.4658,-1.8161,0.159972245
01/02/2016 10:30,2480.7276910180262,0.0,-4.6404,304.2094,-2.47,-2.0225,-0.27,18688.5389,257.2588,-1.4206,0.47697006
01/02/2016 11:00,2482.610166018026,0.0,-5.2554,304.7238,-2.44,-2.0495,-0.26,21688.6943,197.2399,-0.9881,-0.218858422
01/02/2016 11:30,2484.5558160180262,0.0,-5.5987,304.7094,-2.98,-2.0862,-0.25,22400.3007,100.5097,-0.5175,0.404023797
01/02/2016 12:00,2486.596141018026,0.0,-6.2406,304.9296,-3.06,-2.1413,-0.24,22949.2202,0.0,0.0,0.449578038
01/02/2016 12:30,2488.741916018026,0.0,-6.5465,305.3726,-2.42,-2.1845,-0.23,23054.8633,-98.7939,0.5726,1.009255406
01/02/2016 13:00,2490.958041018026,0.0,-6.615,305.4039,-2.32,-2.2045,-0.22,24935.9189,-209.61,1.1589,0.311408195
01/02/2016 13:30,2493.257441018026,0.0,-6.4922,305.2548,-3.32,-2.256,-0.21,25342.0631,-309.1485,1.8062,0.660533616
01/02/2016 14:00,2495.634766018026,0.0,-7.0763,305.2138,-3.32,-2.2703,-0.21,24615.2197,-390.8419,2.3947,0.390747874
01/02/2016 14:30,2498.0174410180257,0.0,-7.409,305.1792,-3.42,-2.2604,-0.21,20450.2798,-392.1052,2.8863,-0.258234633
01/02/2016 15:00,2500.436966018025,0.0,-7.3188,304.2272,-3.49,-2.3,-0.2,8692.1117,-195.3672,3.4908,-0.208280298
01/02/2016 15:30,2502.989491018025,0.0,-8.4042,304.1745,-3.99,-2.3647,-0.19,13077.3362,-339.828,4.1836,0.364252039
01/02/2016 16:00,2505.6938160180257,0.0,-8.9917,304.4721,-3.36,-2.4139,-0.18,14689.5691,-426.7541,4.8012,-0.060511092
01/02/2016 16:30,2508.4760410180256,0.0,-8.6457,304.2647,-3.39,-2.4211,-0.18,12052.1272,-373.6481,5.1598,0.408624261
01/02/2016 17:00,2511.2808910180256,0.0,-7.9263,303.9965,-2.7,-2.4298,-0.18,7388.6322,-241.3551,5.4425,0.492574221
01/02/2016 17:30,2514.1072660180257,0.0,-7.2468,303.3002,-2.38,-2.4362,-0.18,2765.1361,-94.6971,5.6225,0.184664157
01/02/2016 18:00,2516.968216018025,0.0,-6.2304,302.5521,-2.35,-2.4537,-0.17,244.9644,-8.6043,5.7728,-0.368027342
01/02/2016 18:30,2519.892016018025,0.0,-5.3823,301.9525,-1.59,-2.4789,-0.17,0.0,0.0,5.8717,1.146639931
01/02/2016 19:00,2522.8576410180253,0.0,-4.6775,301.2647,-0.86,-2.4819,-0.17,0.0,0.0,5.7377,1.900609114
01/02/2016 19:30,2525.858316018025,0.0,-4.1084,300.7644,0.55,-2.502,-0.16,0.0,0.0,5.6011,3.404210904
01/02/2016 20:00,2528.906791018025,0.0,-3.9511,300.6426,0.41,-2.5131,-0.16,0.0,0.0,5.3099,3.594604421
01/02/2016 20:30,2531.9881660180254,0.0,-3.4593,300.1671,0.66,-2.5232,-0.16,0.0,0.0,4.9142,0.437224864
01/02/2016 21:00,2535.1275660180254,0.0,-3.2616,299.8428,0.97,-2.5498,-0.16,0.0,0.0,4.4996,1.342374768
01/02/2016 21:30,2538.3116660180253,0.0,-3.7139,300.0055,0.82,-2.5513,-0.16,0.0,0.0,3.8796,1.815286579
01/02/2016 22:00,2541.5318410180253,0.0,-4.0676,300.0907,0.57,-2.572,-0.15,0.0,0.0,3.2539,1.531942546
01/02/2016 22:30,2544.818466018025,0.0,-3.9548,299.8088,0.63,-2.5917,-0.15,0.0,0.0,2.5406,0.3009138
01/02/2016 23:00,2548.1514910180254,0.0,-3.1978,299.1817,0.75,-2.5998,-0.15,0.0,0.0,1.7324,2.465818934
01/02/2016 23:30,2551.5331160180253,0.0,-3.3081,299.3195,0.64,-2.6203,-0.15,0.0,0.0,0.8919,2.848678978
02/02/2016 00:00,2554.965616018025,0.0,-3.657,299.6062,0.55,-2.6294,-0.15,0.0,0.0,0.0,1.780397654
02/02/2016 00:30,2558.431416018025,0.0,-3.2903,299.2017,0.69,-2.6394,-0.14,0.0,0.0,-0.9093,0.37675939
02/02/2016 01:00,2561.926091018025,0.0,-3.2177,299.1698,0.79,-2.6459,-0.14,0.0,0.0,-1.8149,0.439159866
02/02/2016 01:30,2565.452916018025,0.0,-3.9082,299.5009,0.63,-2.6575,-0.14,0.0,0.0,-2.7151,0.169617803
02/02/2016 02:00,2569.014991018025,0.0,-4.2902,299.6155,0.5,-2.6656,-0.14,0.0,0.0,-3.5767,0.799361741
02/02/2016 02:30,2572.6164160180247,0.0,-4.5859,299.6396,0.26,-2.6792,-0.14,0.0,0.0,-4.415,2.229865402
02/02/2016 03:00,2576.2347160180248,0.0,-4.6567,299.5287,-0.03,-2.6749,-0.14,0.0,0.0,-5.1059,0.462714221
02/02/2016 03:30,2579.856866018025,0.0,-4.1928,299.0019,0.53,-2.6813,-0.14,0.0,0.0,-5.7659,0.992417256
02/02/2016 04:00,2583.4982910180247,0.0,-3.9911,298.8793,0.46,-2.6854,-0.14,0.0,0.0,-6.3202,1.145340691
02/02/2016 04:30,2587.2049660180246,0.0,-4.4199,299.1222,0.53,-2.7163,-0.13,0.0,0.0,-6.9557,4.535323474
02/02/2016 05:00,2590.9758660180246,0.0,-4.2065,298.9991,0.33,-2.7197,-0.13,0.0,0.0,-7.2974,1.505576635
02/02/2016 05:30,2594.7705160180244,0.0,-4.8261,299.5273,-0.32,-2.7287,-0.13,0.0,0.0,-7.5586,1.303270531
02/02/2016 06:00,2598.5991910180246,0.0,-4.7555,299.5918,0.66,-2.7374,-0.13,0.0,0.0,-7.6909,0.774433656
02/02/2016 06:30,2602.469341018025,0.0,-4.8724,299.7768,0.54,-2.75,-0.13,0.0,0.0,-7.7231,0.819283421
02/02/2016 07:00,2606.411791018025,0.0,-5.2038,300.2067,0.53,-2.774,-0.13,448.8453,18.449,-7.7082,0.788904302
02/02/2016 07:30,2610.416416018025,0.0,-5.7078,300.5659,-1.59,-2.7812,-0.12,942.7225,36.6875,-7.4265,1.177284672
02/02/2016 08:00,2614.444116018025,0.0,-3.9697,299.8779,-0.93,-2.7854,-0.12,1129.7233,40.7484,-6.9909,0.223049481
02/02/2016 08:30,2618.500316018025,0.0,-4.0746,300.1965,0.72,-2.7952,-0.12,2485.2706,81.5762,-6.4677,1.836085968
02/02/2016 09:00,2622.602366018025,0.0,-5.4802,301.268,0.25,-2.8077,-0.12,6415.5562,185.6172,-5.8377,0.87068713
02/02/2016 09:30,2626.2194160180247,0.0,-5.4917,302.8472,-1.26,-2.5261,-0.16,15186.2429,365.5516,-3.7819,0.53246955
02/02/2016 10:00,2629.1769910180246,0.0,-4.8736,302.8669,-1.81,-2.4269,-0.18,10275.048,193.7957,-2.809,0.057013538
02/02/2016 10:30,2631.9807660180245,0.0,-5.8053,303.4727,-2.91,-2.4233,-0.18,16577.5327,234.3534,-2.142,0.133017346
02/02/2016 11:00,2634.7612910180246,0.0,-6.3078,303.5541,-3.45,-2.4105,-0.18,21330.2824,199.2307,-1.4299,-0.197400751
02/02/2016 11:30,2637.5225410180246,0.0,-7.2799,303.9431,-3.69,-2.4096,-0.18,20445.8045,93.7377,-0.7205,0.026600467
02/02/2016 12:00,2640.259266018025,0.0,-8.1964,304.6109,-3.6,-2.3929,-0.18,28641.1417,0.0,0.0,0.1460877
02/02/2016 12:30,2642.971516018025,0.0,-8.5156,304.7081,-3.4,-2.392,-0.18,26029.7598,-111.762,0.7077,-0.312774996
02/02/2016 13:00,2645.657591018025,0.0,-8.4252,304.6818,-3.48,-2.3737,-0.19,29644.5262,-246.4686,1.3775,0.108918465
02/02/2016 13:30,2648.343016018025,0.0,-8.684,304.8007,-3.61,-2.3916,-0.18,29735.7726,-361.0212,2.074,1.299846312
02/02/2016 14:00,2651.0414160180253,0.0,-8.4696,304.8321,-3.41,-2.3833,-0.19,25864.0308,-405.9013,2.687,0.345607656
02/02/2016 14:30,2653.724716018025,0.0,-7.9885,304.6259,-3.2,-2.3806,-0.19,23648.3278,-448.3398,3.2625,1.124523979
02/02/2016 15:00,2656.4185910180254,0.0,-8.0493,304.4152,-3.29,-2.391,-0.18,19422.6542,-429.8557,3.8299,0.350586344
02/02/2016 15:30,2659.127291018025,0.0,-7.9412,304.4515,-3.15,-2.3914,-0.18,18113.3653,-456.4898,4.2988,1.675725106
02/02/2016 16:00,2661.8993660180254,0.0,-7.8111,304.0962,-2.63,-2.436,-0.18,12939.7144,-358.4812,4.9102,0.400047545
02/02/2016 16:30,2664.7426660180254,0.0,-7.4424,303.6362,-2.86,-2.4418,-0.18,6834.1456,-204.202,5.2693,0.371612089
02/02/2016 17:00,2667.6030410180256,0.0,-6.4747,302.6607,-3.18,-2.4478,-0.17,2924.0935,-93.4323,5.5426,0.654782314
02/02/2016 17:30,2670.5060660180256,0.0,-6.1895,302.2353,-2.83,-2.4709,-0.17,1742.3861,-59.1805,5.8237,1.265130619
02/02/2016 18:00,2673.467316018025,0.0,-5.803,301.4006,-2.12,-2.487,-0.17,333.3325,-11.7082,5.971,1.621278288
02/02/2016 18:30,2676.4761660180257,0.0,-5.0763,300.7805,-0.8,-2.5023,-0.16,0.0,0.0,6.0125,2.561725944
02/02/2016 19:00,2679.5193660180257,0.0,-4.7032,300.5143,0.13,-2.5094,-0.16,0.0,0.0,5.9003,2.599363483
02/02/2016 19:30,2682.590466018026,0.0,-4.227,300.2821,0.29,-2.5203,-0.16,0.0,0.0,5.7059,1.420242552
02/02/2016 20:00,2685.715116018026,0.0,-4.6664,300.6837,-0.97,-2.5435,-0.16,0.0,0.0,5.4755,0.87318167
02/02/2016 20:30,2688.891566018026,0.0,-4.8091,300.8369,-0.51,-2.5529,-0.16,0.0,0.0,5.0641,1.641887122
02/02/2016 21:00,2692.124166018026,0.0,-4.5152,300.6034,-0.13,-2.578,-0.15,0.0,0.0,4.6296,1.38244333
02/02/2016 21:30,2695.4183660180256,0.0,-4.2063,300.337,0.01,-2.5903,-0.15,0.0,0.0,4.0358,2.992998557
02/02/2016 22:00,2698.754666018025,0.0,-3.9964,300.1263,0.29,-2.6031,-0.15,0.0,0.0,3.3578,2.797621733
02/02/2016 22:30,2702.121766018025,0.0,-3.8362,299.9507,0.58,-2.6085,-0.15,0.0,0.0,2.5842,2.149872638
02/02/2016 23:00,2705.535466018025,0.0,-4.1064,300.0296,0.04,-2.6302,-0.14,0.0,0.0,1.7864,1.736639251
02/02/2016 23:30,2709.0048410180257,0.0,-4.0245,299.8321,0.26,-2.6406,-0.14,0.0,0.0,0.9105,-0.757000742
03/02/2016 00:00,2712.526616018026,0.0,-3.7481,299.623,0.4,-2.6598,-0.14,0.0,0.0,0.0,1.726996003
03/02/2016 00:30,2716.087741018026,0.0,-4.2858,300.0614,0.32,-2.6627,-0.14,0.0,0.0,-0.931,1.870582234
03/02/2016 01:00,2719.687166018026,0.0,-4.08,299.9003,0.19,-2.6809,-0.14,0.0,0.0,-1.8803,1.550605406
03/02/2016 01:30,2723.350691018026,0.0,-4.3971,300.2639,-0.27,-2.6977,-0.14,0.0,0.0,-2.8278,2.177387654
03/02/2016 02:00,2727.065066018026,0.0,-4.3358,300.3177,0.2,-2.7083,-0.13,0.0,0.0,-3.7341,0.30926647
03/02/2016 02:30,2730.817566018026,0.0,-4.7948,300.5599,-0.89,-2.718,-0.13,0.0,0.0,-4.5912,0.265247641
03/02/2016 03:00,2734.614091018026,0.0,-4.7172,300.4349,-1.09,-2.7314,-0.13,0.0,0.0,-5.4053,1.109013941
03/02/2016 03:30,2738.4704160180263,0.0,-4.8037,300.2518,-1.17,-2.7489,-0.13,0.0,0.0,-6.1731,0.814744742
03/02/2016 04:00,2742.354441018026,0.0,-4.9662,300.2981,-0.81,-2.7456,-0.13,0.0,0.0,-6.7161,1.603539331
03/02/2016 04:30,2746.2571910180263,0.0,-5.4219,300.5211,-0.28,-2.7584,-0.13,0.0,0.0,-7.2579,1.514151619
03/02/2016 05:00,2750.192016018026,0.0,-5.246,300.4756,-1.0,-2.7619,-0.13,0.0,0.0,-7.6148,0.493285049
03/02/2016 05:30,2754.159941018026,0.0,-5.0805,300.3866,-0.84,-2.775,-0.13,0.0,0.0,-7.92,1.177117214
03/02/2016 06:00,2758.166441018026,0.0,-4.9889,300.3548,-0.94,-2.7811,-0.12,0.0,0.0,-8.0377,3.429520099
03/02/2016 06:30,2762.215916018026,0.0,-4.8919,300.2928,0.32,-2.7961,-0.12,0.0,0.0,-8.0904,1.560739478
03/02/2016 07:00,2766.323616018026,0.0,-4.7206,300.3124,0.66,-2.8095,-0.12,345.8701,13.5038,-7.9888,4.967196624
03/02/2016 07:30,2770.481141018026,0.0,-5.1787,300.7318,0.62,-2.8201,-0.12,992.8898,37.1231,-7.7232,2.117166437
03/02/2016 08:00,2774.681666018026,0.0,-5.4427,301.131,0.49,-2.8299,-0.12,2294.3752,80.1851,-7.3115,2.179674317
03/02/2016 08:30,2778.936941018026,0.0,-6.0171,301.6189,-0.04,-2.8458,-0.12,3592.2738,113.9521,-6.8058,1.986924845
03/02/2016 09:00,2782.8355160180263,0.0,-5.9451,302.8765,-0.87,-2.6464,-0.14,11714.2652,325.5989,-4.9609,0.855783403
03/02/2016 09:30,2786.2953160180264,0.0,-6.3983,303.335,-2.22,-2.6188,-0.15,11648.2777,267.2832,-4.1538,0.873753336
03/02/2016 10:00,2789.0461410180264,0.0,-3.9089,303.3388,-2.37,-2.1374,-0.24,9938.5603,182.4259,-2.09,0.406551252
03/02/2016 10:30,2791.1518410180265,0.0,-4.7259,304.1279,-2.6,-2.152,-0.24,18144.5723,251.3985,-1.6237,0.329758661
03/02/2016 11:00,2793.3035660180267,0.0,-5.5457,304.2764,-3.37,-2.1794,-0.23,19957.6945,181.4979,-1.1295,0.220539927
03/02/2016 11:30,2795.510266018027,0.0,-5.75,304.4599,-2.98,-2.2012,-0.22,20879.3405,93.4282,-0.5825,0.601825291
03/02/2016 12:00,2797.724566018027,0.0,-5.6256,304.5341,-2.6,-2.1862,-0.23,15666.3677,0.0,0.0,0.75177491
03/02/2016 12:30,2799.665391018027,0.0,-4.2629,304.3106,-2.63,-1.9291,-0.3,11207.4672,-49.139,0.4397,0.665516923
03/02/2016 13:00,2801.246516018028,0.0,-3.2372,303.21,-2.92,-1.8043,-0.34,5345.0195,-46.8947,0.765,0.977525078
03/02/2016 13:30,2802.767016018028,0.0,-2.6137,302.6106,-0.66,-1.8577,-0.32,7068.5365,-93.6314,1.1964,1.02601849
03/02/2016 14:00,2804.1661160180274,0.0,-2.0758,303.1432,-1.13,-1.636,-0.41,6882.7967,-119.6176,1.235,0.860021813
03/02/2016 14:30,2805.4064660180275,0.0,-2.3066,303.5836,-1.35,-1.644,-0.4,8033.5849,-171.7786,1.5167,0.525028081
03/02/2016 15:00,2806.677191018028,0.0,-2.508,303.2585,-2.35,-1.6807,-0.39,5086.5017,-125.3642,1.8325,0.436882442
03/02/2016 15:30,2807.685291018028,0.0,-1.3054,301.7246,-2.8,-1.1615,-0.69,3999.0237,-111.634,1.1431,0.875554949
03/02/2016 16:00,2808.3633910180274,0.0,-1.0805,301.8137,-2.43,-1.061,-0.79,4032.2039,-124.8924,1.1012,-0.479599721
03/02/2016 16:30,2809.0020160180275,0.0,-1.0946,301.9576,-0.62,-1.068,-0.78,4400.5263,-146.4538,1.1853,1.360483286
03/02/2016 17:00,2809.634691018028,0.0,-1.0989,302.1606,-0.32,-1.0462,-0.8,3345.2732,-116.695,1.2052,1.85016973
03/02/2016 17:30,2810.2542660180275,0.0,-1.0923,302.1147,-0.92,-1.0354,-0.81,926.2754,-33.1894,1.2201,0.095900658
03/02/2016 18:00,2810.873391018028,0.0,-1.0792,301.7549,-1.64,-1.045,-0.8,196.6821,-7.1808,1.2459,0.503007407
03/02/2016 18:30,2811.512991018028,0.0,-1.0564,301.2943,-1.97,-1.086,-0.76,0.0,0.0,1.3013,0.679993344
03/02/2016 19:00,2812.153791018028,0.0,-0.9149,300.9841,-1.33,-1.048,-0.8,0.0,0.0,1.2081,1.404848002
03/02/2016 19:30,2812.798616018028,0.0,-0.9291,300.8118,-0.2,-1.0958,-0.75,0.0,0.0,1.2275,0.741969979
03/02/2016 20:00,2813.497116018028,0.0,-1.0324,300.793,-0.7,-1.1754,-0.68,0.0,0.0,1.2691,1.913653483
03/02/2016 20:30,2814.2262910180275,0.0,-0.9763,300.6456,-0.13,-1.1674,-0.69,0.0,0.0,1.1514,1.902289464
03/02/2016 21:00,2814.967141018028,0.0,-1.0765,300.7348,-0.09,-1.2015,-0.66,0.0,0.0,1.0692,0.291185091
03/02/2016 21:30,2815.650366018028,0.0,-0.8543,300.6506,0.26,-1.0292,-0.82,0.0,0.0,0.7432,1.211030266
03/02/2016 22:00,2816.221241018028,0.0,-0.7143,300.5359,-0.47,-0.925,-0.94,0.0,0.0,0.5314,2.141684539
03/02/2016 22:30,2816.757566018028,0.0,-0.6778,300.4301,0.49,-0.9386,-0.92,0.0,0.0,0.4143,2.960303904
03/02/2016 23:00,2817.273691018028,0.0,-0.5815,300.3111,0.38,-0.8685,-1.02,0.0,0.0,0.2541,2.340780077
03/02/2016 23:30,2817.751666018028,0.0,-0.5875,300.5471,0.75,-0.831,-1.08,0.0,0.0,0.1214,3.41541324
04/02/2016 00:00,2818.2318910180275,0.0,-0.5935,300.4511,0.44,-0.8749,-1.01,0.0,0.0,0.0,2.115514958
04/02/2016 00:30,2818.7530410180275,0.0,-0.7124,300.9048,0.36,-0.9461,-0.92,0.0,0.0,-0.1428,4.343035954
04/02/2016 01:00,2819.299941018028,0.0,-0.6554,300.8185,0.06,-0.9462,-0.91,0.0,0.0,-0.2831,1.304997077
04/02/2016 01:30,2819.838866018027,0.0,-0.5178,300.5804,0.23,-0.9244,-0.94,0.0,0.0,-0.4063,1.852081056
04/02/2016 02:00,2820.365891018027,0.0,-0.4458,300.3711,0.81,-0.9137,-0.96,0.0,0.0,-0.5232,1.827459014
04/02/2016 02:30,2820.900966018027,0.0,-0.4683,300.4184,0.75,-0.9463,-0.91,0.0,0.0,-0.666,1.171042546
04/02/2016 03:00,2821.432066018027,0.0,-0.4337,300.39,0.55,-0.9027,-0.97,0.0,0.0,-0.7286,1.435492742
04/02/2016 03:30,2821.957516018027,0.0,-0.4606,300.3917,0.61,-0.931,-0.93,0.0,0.0,-0.85,2.649999197
04/02/2016 04:00,2822.514066018027,0.0,-0.5173,300.4318,0.29,-0.9867,-0.87,0.0,0.0,-1.0001,0.827003794
04/02/2016 04:30,2823.1024910180267,0.0,-0.5261,300.3564,0.59,-1.0153,-0.83,0.0,0.0,-1.1076,0.436423955
04/02/2016 05:00,2823.7089160180267,0.0,-0.5395,300.3423,0.81,-1.033,-0.82,0.0,0.0,-1.185,0.759957235
04/02/2016 05:30,2824.309966018027,0.0,-0.4917,300.3786,0.65,-1.0014,-0.85,0.0,0.0,-1.1673,0.064958535
04/02/2016 06:00,2824.921841018027,0.0,-0.4776,300.3276,0.08,-1.0601,-0.79,0.0,0.0,-1.2701,1.452723552
04/02/2016 06:30,2825.563941018027,0.0,-0.3822,300.0798,0.32,-1.0774,-0.77,0.0,0.0,-1.2872,1.443132274
04/02/2016 07:00,2826.207616018027,0.0,-0.3413,300.1097,0.54,-1.064,-0.78,631.1286,24.424,-1.2329,1.595010542
04/02/2016 07:30,2826.862491018027,0.0,-0.369,300.4042,0.37,-1.1045,-0.75,1976.0807,73.1435,-1.2409,1.797876763
04/02/2016 08:00,2827.536591018027,0.0,-0.5598,301.332,0.33,-1.1105,-0.74,5086.4765,175.9895,-1.172,1.312792517
04/02/2016 08:30,2828.257241018028,0.0,-0.7444,301.7273,0.12,-1.2109,-0.65,6152.4871,193.5407,-1.2133,1.546008984
04/02/2016 09:00,2829.062316018028,0.0,-0.8391,301.8523,0.33,-1.2962,-0.59,5769.7176,159.6168,-1.1957,1.969509254
04/02/2016 09:30,2829.9164910180275,0.0,-0.9444,302.3382,-0.01,-1.3138,-0.58,7384.1128,173.6255,-1.0505,1.917747533
04/02/2016 10:00,2830.8105910180275,0.0,-1.0419,302.4823,0.28,-1.3748,-0.54,9559.2425,182.1502,-0.9254,2.77190833
04/02/2016 10:30,2831.752766018028,0.0,-1.1097,302.5154,0.22,-1.4064,-0.52,5863.0391,83.9076,-0.734,2.472523013
04/02/2016 11:00,2832.748266018028,0.0,-1.2373,302.6915,0.47,-1.4719,-0.48,5595.2655,53.5365,-0.5342,2.220932405
04/02/2016 11:30,2833.801641018028,0.0,-1.3676,302.9996,0.42,-1.5086,-0.47,9400.2558,45.1926,-0.2806,1.923337152
04/02/2016 12:00,2834.903466018028,0.0,-1.6185,303.7471,1.06,-1.5533,-0.44,14439.7126,0.0,0.0,0.722025202
04/02/2016 12:30,2836.060141018028,0.0,-1.7595,303.8197,0.45,-1.5974,-0.42,8332.2089,-38.6211,0.3092,3.259238818
04/02/2016 13:00,2837.292841018028,0.0,-2.2743,304.7785,0.55,-1.67,-0.39,19538.1716,-178.8769,0.6631,0.571403442
04/02/2016 13:30,2838.585666018028,0.0,-2.8127,305.2341,-0.7,-1.6871,-0.38,10227.1376,-135.0502,0.9986,1.014429269
04/02/2016 14:00,2839.910616018028,0.0,-3.1888,305.6226,-1.76,-1.7157,-0.37,12072.2076,-205.0307,1.3452,0.931185518
04/02/2016 14:30,2841.301066018028,0.0,-3.6486,305.8323,-1.58,-1.777,-0.35,16997.6771,-350.1702,1.748,0.4154727
04/02/2016 15:00,2842.780541018028,0.0,-3.6825,305.8149,-2.78,-1.833,-0.33,22275.303,-528.9126,2.1542,1.07663688
04/02/2016 15:30,2844.352216018028,0.0,-3.3607,305.2587,-2.45,-1.8918,-0.31,18630.461,-485.085,2.5706,1.140149506
04/02/2016 16:00,2846.0117160180284,0.0,-3.6968,305.4544,-2.07,-1.9373,-0.29,15006.0226,-422.2091,2.9426,0.816956338
04/02/2016 16:30,2847.7596660180284,0.0,-3.6835,304.7102,-2.01,-1.9912,-0.28,7876.8641,-236.3519,3.3204,0.842450314
04/02/2016 17:00,2849.5804660180283,0.0,-3.3104,303.8078,-2.3,-2.0164,-0.27,4288.51,-135.8604,3.5635,0.620095493
04/02/2016 17:30,2851.425391018028,0.0,-3.2573,303.7612,-0.8,-2.0168,-0.27,2579.8408,-85.9466,3.6589,1.17110029
04/02/2016 18:00,2853.3072660180283,0.0,-3.0624,302.9559,-0.12,-2.0544,-0.26,369.1884,-12.5874,3.837,0.248646819
04/02/2016 18:30,2855.235316018028,0.0,-2.7663,302.616,-1.08,-2.064,-0.26,0.0,0.0,3.842,0.048558373
04/02/2016 19:00,2857.2113660180285,0.0,-2.5073,302.1869,-0.52,-2.1017,-0.25,0.0,0.0,3.8917,1.097828928
04/02/2016 19:30,2859.2546160180286,0.0,-2.4523,302.1592,-0.39,-2.1291,-0.24,0.0,0.0,3.8286,1.586158387
04/02/2016 20:00,2861.3614910180286,0.0,-2.5748,302.1356,-0.57,-2.1613,-0.23,0.0,0.0,3.7096,0.908030174
04/02/2016 20:30,2863.4945410180285,0.0,-2.3488,301.882,-0.06,-2.1533,-0.24,0.0,0.0,3.3707,1.860326899
04/02/2016 21:00,2865.6323660180283,0.0,-2.0862,301.5036,0.51,-2.1656,-0.23,0.0,0.0,3.0424,1.347300331
04/02/2016 21:30,2867.843041018028,0.0,-2.1652,301.4878,0.66,-2.218,-0.22,0.0,0.0,2.7638,0.522043871
04/02/2016 22:00,2870.147366018028,0.0,-2.3173,301.6387,-0.06,-2.2471,-0.21,0.0,0.0,2.3386,1.117964261
04/02/2016 22:30,2872.4954660180283,0.0,-2.2267,301.4446,0.35,-2.255,-0.21,0.0,0.0,1.8044,0.936879077
04/02/2016 23:00,2874.8872410180284,0.0,-2.2874,301.3967,0.73,-2.283,-0.21,0.0,0.0,1.2558,2.698296278
04/02/2016 23:30,2877.329916018028,0.0,-2.3971,301.4158,-0.11,-2.2964,-0.2,0.0,0.0,0.642,1.414427731
05/02/2016 00:00,2879.8157410180283,0.0,-2.0853,301.1561,0.0,-2.3172,-0.2,0.0,0.0,0.0,1.411881221
05/02/2016 00:30,2882.3235910180283,0.0,-1.719,300.909,0.72,-2.3138,-0.2,0.0,0.0,-0.6535,0.850251528
05/02/2016 01:00,2884.849916018028,0.0,-1.6652,300.66,0.74,-2.3316,-0.2,0.0,0.0,-1.3196,0.822742286
05/02/2016 01:30,2887.422766018028,0.0,-1.7586,300.5981,0.58,-2.3496,-0.19,0.0,0.0,-1.9873,1.403947195
05/02/2016 02:00,2890.061266018028,0.0,-1.6878,300.3704,0.54,-2.3809,-0.19,0.0,0.0,-2.6805,2.876355677
05/02/2016 02:30,2892.750116018028,0.0,-1.7556,300.7246,0.33,-2.387,-0.19,0.0,0.0,-3.2839,0.739227139
05/02/2016 03:00,2895.480241018028,0.0,-1.8279,300.6698,0.17,-2.4107,-0.18,0.0,0.0,-3.9075,1.363953701
05/02/2016 03:30,2898.2479160180283,0.0,-1.763,300.4526,-0.39,-2.414,-0.18,0.0,0.0,-4.3988,1.345897152
05/02/2016 04:00,2901.0148910180283,0.0,-1.6306,300.4538,-0.22,-2.4102,-0.18,0.0,0.0,-4.7833,0.855431165
05/02/2016 04:30,2903.800266018028,0.0,-1.6447,300.5779,0.29,-2.427,-0.18,0.0,0.0,-5.1905,5.035911984
05/02/2016 05:00,2906.6566660180283,0.0,-1.7044,300.6495,0.01,-2.4596,-0.17,0.0,0.0,-5.6095,3.671617594
05/02/2016 05:30,2909.5926660180285,0.0,-1.8423,300.5926,-0.16,-2.4813,-0.17,0.0,0.0,-5.8858,1.615088131
05/02/2016 06:00,2912.5412160180285,0.0,-1.6963,300.1287,-0.87,-2.4681,-0.17,0.0,0.0,-5.8576,2.990723443
05/02/2016 06:30,2915.5049410180286,0.0,-1.6205,300.2347,-0.49,-2.4913,-0.17,0.0,0.0,-5.946,1.282557758
05/02/2016 07:00,2918.5003660180287,0.0,-1.6156,300.6236,-0.04,-2.4892,-0.17,672.5473,25.7688,-5.7805,1.078120901
05/02/2016 07:30,2921.5135660180285,0.0,-1.6955,301.2233,-0.6,-2.503,-0.16,1923.5597,70.4654,-5.6065,2.28406392
05/02/2016 08:00,2924.5976660180286,0.0,-2.1849,302.029,-0.5,-2.5349,-0.16,4451.7785,152.4458,-5.4282,1.701756101
05/02/2016 08:30,2927.7549660180284,0.0,-3.4145,303.2023,-0.59,-2.5495,-0.16,10040.3738,312.2526,-5.0467,0.86509751
05/02/2016 09:00,2930.9450910180285,0.0,-3.9988,303.0881,0.11,-2.5554,-0.16,6241.1052,169.6052,-4.525,-0.212022109
05/02/2016 09:30,2934.1645910180287,0.0,-3.6327,302.7895,-0.77,-2.5676,-0.15,5493.7009,125.4446,-3.944,0.997614216
05/02/2016 10:00,2937.472691018029,0.0,-4.9701,304.1294,-0.01,-2.6087,-0.15,18869.5719,350.6052,-3.3769,-0.300857789
05/02/2016 10:30,2940.8660410180287,0.0,-7.0704,305.0109,-0.75,-2.6183,-0.15,22026.3181,303.0963,-2.6098,0.295598465
05/02/2016 11:00,2944.281116018029,0.0,-7.0953,305.0882,-0.67,-2.6213,-0.15,21301.0176,191.2946,-1.7705,1.093376866
05/02/2016 11:30,2947.7300660180285,0.0,-8.1131,305.7327,-0.78,-2.6378,-0.14,26112.1871,115.7326,-0.9078,1.040985734
05/02/2016 12:00,2951.2447160180286,0.0,-8.8403,305.8499,-0.79,-2.6586,-0.14,23858.2941,0.0,0.0,1.197165931
05/02/2016 12:30,2954.8295910180286,0.0,-9.4387,306.1299,-0.47,-2.677,-0.14,22114.1246,-91.373,0.9445,0.540598751
05/02/2016 13:00,2958.482666018029,0.0,-10.5835,306.4971,-0.93,-2.696,-0.14,24600.3311,-199.2188,1.9091,-0.131294265
05/02/2016 13:30,2962.203391018029,0.0,-12.1638,307.2586,-0.58,-2.7134,-0.13,28822.5084,-340.8497,2.8727,1.047684038
05/02/2016 14:00,2966.016041018029,0.0,-12.9043,307.3505,-0.74,-2.7442,-0.13,28189.6915,-424.7995,3.872,1.281656952
05/02/2016 14:30,2969.8857160180287,0.0,-12.7531,307.3329,-1.08,-2.743,-0.13,25953.2199,-465.6445,4.7086,1.132527298
05/02/2016 15:00,2973.790791018029,0.0,-13.383,307.3816,-0.72,-2.7622,-0.13,21012.7372,-435.4704,5.5759,-0.076520039
05/02/2016 15:30,2977.759991018029,0.0,-13.8636,307.4683,1.43,-2.7754,-0.13,16655.2133,-389.3185,6.3399,2.494177013
05/02/2016 16:00,2981.7633410180288,0.0,-12.7154,306.7548,1.33,-2.7792,-0.12,5695.6449,-146.4106,6.9473,0.565188456
05/02/2016 16:30,2985.7690160180287,0.0,-11.9358,306.3438,-0.12,-2.7765,-0.13,3888.4428,-108.8622,7.3916,3.398199754
05/02/2016 17:00,2989.833866018029,0.0,-12.4356,306.2359,0.15,-2.8081,-0.12,2580.3786,-77.9623,7.9774,1.532300558
05/02/2016 17:30,2993.963466018029,0.0,-10.2353,305.7603,0.39,-2.8082,-0.12,399.711,-12.6651,8.1889,1.127994394
05/02/2016 18:00,2998.096366018029,0.0,-8.7026,304.941,0.03,-2.8097,-0.12,0.0,0.0,8.272,1.121804237
05/02/2016 18:30,3002.264766018029,0.0,-8.2317,304.4523,0.51,-2.8251,-0.12,0.0,0.0,8.3297,0.211879482
05/02/2016 19:00,3006.495616018029,0.0,-7.2984,304.2399,-0.01,-2.8392,-0.12,0.0,0.0,8.2314,1.15488
05/02/2016 19:30,3010.760666018029,0.0,-6.5706,304.0493,-0.41,-2.8411,-0.12,0.0,0.0,7.8885,1.410339456
05/02/2016 20:00,3015.051541018029,0.0,-7.3843,303.8849,-0.36,-2.8512,-0.12,0.0,0.0,7.4696,0.355689181
05/02/2016 20:30,3019.388116018029,0.0,-7.0754,303.5963,-0.42,-2.8622,-0.11,0.0,0.0,6.919,-0.250932326
05/02/2016 21:00,3023.774991018029,0.0,-6.405,303.4944,-0.42,-2.8741,-0.11,0.0,0.0,6.2411,0.850101394
05/02/2016 21:30,3028.204866018029,0.0,-5.4559,303.2986,-0.17,-2.8816,-0.11,0.0,0.0,5.4138,0.661757789
05/02/2016 22:00,3032.668891018029,0.0,-5.0985,302.9383,0.28,-2.8893,-0.11,0.0,0.0,4.4815,6.901447392
05/02/2016 22:30,3037.162066018029,0.0,-4.7061,302.8181,0.39,-2.8945,-0.11,0.0,0.0,3.4479,2.894660525
05/02/2016 23:00,3041.721291018029,0.0,-4.5737,302.6497,0.34,-2.9182,-0.11,0.0,0.0,2.3881,4.885390699
05/02/2016 23:30,3046.3425410180294,0.0,-4.3274,302.5585,0.18,-2.9215,-0.11,0.0,0.0,1.2084,7.357509504
06/02/2016 00:00,3050.956766018029,0.0,-4.3426,302.6407,0.39,-2.9152,-0.11,0.0,0.0,0.0,1.275461021
06/02/2016 00:30,3055.5996160180293,0.0,-4.8525,302.7502,-0.02,-2.9338,-0.11,0.0,0.0,-1.2233,1.521900864
06/02/2016 01:00,3060.3043410180294,0.0,-5.2591,302.6934,-0.48,-2.9416,-0.11,0.0,0.0,-2.4449,0.979505698
06/02/2016 01:30,3065.071166018029,0.0,-5.357,302.5946,-0.72,-2.9598,-0.1,0.0,0.0,-3.6817,1.025689349
06/02/2016 02:00,3069.8708660180296,0.0,-5.1054,302.4361,-0.16,-2.9553,-0.1,0.0,0.0,-4.789,1.269218894
06/02/2016 02:30,3074.6887910180294,0.0,-4.8928,302.3578,0.43,-2.9673,-0.1,0.0,0.0,-5.9012,2.184120605
06/02/2016 03:00,3079.5407160180293,0.0,-4.8986,302.2843,0.15,-2.9694,-0.1,0.0,0.0,-6.8688,1.584252835
06/02/2016 03:30,3084.427241018029,0.0,-4.8904,302.2546,0.15,-2.9814,-0.1,0.0,0.0,-7.8003,1.366430918
06/02/2016 04:00,3089.331841018029,0.0,-4.7249,302.1591,-0.23,-2.9767,-0.1,0.0,0.0,-8.4752,1.363659206
06/02/2016 04:30,3094.220166018029,0.0,-4.1271,301.6844,-0.18,-2.9748,-0.1,0.0,0.0,-9.0235,-0.25402394
06/02/2016 05:00,3099.053491018029,0.0,-4.4279,301.4893,-0.04,-2.9541,-0.1,0.0,0.0,-9.2403,0.82593553
06/02/2016 05:30,3103.8273160180293,0.0,-4.9543,301.4594,-0.34,-2.9502,-0.1,0.0,0.0,-9.4475,1.314184147
06/02/2016 06:00,3108.589741018029,0.0,-5.2102,301.4883,-0.52,-2.9494,-0.11,0.0,0.0,-9.5207,1.304009654
06/02/2016 06:30,3113.3571410180293,0.0,-4.3385,301.0414,0.44,-2.9523,-0.1,0.0,0.0,-9.4672,-0.005058374
06/02/2016 07:00,3118.146191018029,0.0,-4.3736,301.0512,-0.3,-2.9584,-0.1,216.3322,7.9152,-9.2799,0.282886124
06/02/2016 07:30,3122.985016018029,0.0,-5.7533,301.3367,-1.26,-2.9728,-0.1,487.2806,17.1435,-9.006,1.277851622
06/02/2016 08:00,3127.849816018029,0.0,-5.9314,301.4222,-0.83,-2.9691,-0.1,643.3444,21.2087,-8.4101,0.898334957
06/02/2016 08:30,3132.584566018029,0.0,-4.3918,301.0354,-0.53,-2.9183,-0.11,1581.8373,47.6807,-7.3209,1.166561611
06/02/2016 09:00,3137.138716018029,0.0,-3.8331,300.9319,-0.54,-2.8922,-0.11,2249.797,60.3508,-6.356,1.056894206
06/02/2016 09:30,3141.6064660180286,0.0,-3.8799,301.1151,-0.1,-2.8804,-0.11,2301.9555,53.2222,-5.4071,1.111751006
06/02/2016 10:00,3146.0216410180287,0.0,-3.9236,301.1646,-0.8,-2.8687,-0.11,1920.6461,36.3621,-4.3893,1.107616536
06/02/2016 10:30,3150.2622660180286,0.0,-3.2791,301.0467,-0.93,-2.799,-0.12,2323.4421,33.616,-3.1319,1.111751006
06/02/2016 11:00,3154.246166018029,0.0,-2.7504,300.7331,-0.99,-2.7452,-0.13,3032.7184,29.5418,-2.0063,1.038069662
06/02/2016 11:30,3158.0096160180287,0.0,-2.4208,300.614,-1.87,-2.686,-0.14,4011.1549,19.7124,-0.9531,0.774029448
06/02/2016 12:00,3161.397591018029,0.0,-2.0634,300.4578,-1.16,-2.532,-0.16,5373.4449,0.0,0.0,0.977940835
06/02/2016 12:30,3164.394191018029,0.0,-2.104,300.6848,-1.56,-2.4475,-0.17,9038.4942,-44.1527,0.7488,0.830237458
06/02/2016 13:00,3167.164241018029,0.0,-2.3112,301.0998,-2.1,-2.3777,-0.19,9275.9592,-89.1164,1.383,1.416235118
06/02/2016 13:30,3169.7993660180286,0.0,-2.4728,301.0883,-2.24,-2.3504,-0.19,10298.9909,-145.3264,1.9888,-0.085229567
06/02/2016 14:00,3172.3900160180287,0.0,-2.8484,301.4449,-1.96,-2.3444,-0.19,10305.013,-188.2538,2.5828,0.346745213
06/02/2016 14:30,3174.986566018029,0.0,-3.3345,301.9002,-2.12,-2.3548,-0.19,10692.6941,-234.4004,3.1781,0.160452098
06/02/2016 15:00,3177.607566018029,0.0,-3.4996,302.2289,-2.2,-2.3628,-0.19,9483.2849,-240.1753,3.7218,0.225578668
06/02/2016 15:30,3180.237241018029,0.0,-3.3986,301.8287,-2.31,-2.3613,-0.19,3803.5549,-106.8921,4.1693,0.948427877
06/02/2016 16:00,3182.880766018029,0.0,-3.0923,301.0048,-2.21,-2.3731,-0.19,2094.7369,-64.3524,4.6062,1.075886208
06/02/2016 16:30,3185.572516018029,0.0,-2.9804,300.7739,-2.07,-2.3968,-0.18,2020.856,-67.0869,5.0335,1.207069027
06/02/2016 17:00,3188.3313660180293,0.0,-2.7187,300.4399,-1.09,-2.4215,-0.18,2320.2257,-81.3786,5.3968,0.305389538
06/02/2016 17:30,3191.125891018029,0.0,-3.2283,300.4816,-1.64,-2.4222,-0.18,968.5699,-35.2916,5.5431,0.440141514
06/02/2016 18:00,3193.948116018029,0.0,-3.2844,300.2626,-1.66,-2.4409,-0.18,255.4997,-9.4946,5.698,0.506601971
06/02/2016 18:30,3196.832091018029,0.0,-3.3425,300.2053,-1.18,-2.4648,-0.17,0.0,0.0,5.788,1.257537283
06/02/2016 19:00,3199.782966018029,0.0,-3.575,300.1128,-1.02,-2.4861,-0.17,0.0,0.0,5.7623,0.891093859
06/02/2016 19:30,3202.797816018029,0.0,-3.8868,300.092,-1.19,-2.5071,-0.16,0.0,0.0,5.6299,0.508545634
06/02/2016 20:00,3205.8698160180293,0.0,-3.8935,300.1748,-1.2,-2.5232,-0.16,0.0,0.0,5.3643,1.515046651
06/02/2016 20:30,3208.979466018029,0.0,-4.0736,300.2444,-0.51,-2.5312,-0.16,0.0,0.0,4.954,1.254956126
06/02/2016 21:00,3212.145691018029,0.0,-4.1184,300.2687,-0.58,-2.5587,-0.16,0.0,0.0,4.54,1.012650754
06/02/2016 21:30,3215.378141018029,0.0,-4.0143,300.1259,-0.16,-2.5722,-0.15,0.0,0.0,3.9626,0.506613519
06/02/2016 22:00,3218.659416018029,0.0,-3.8946,300.0481,-0.93,-2.5883,-0.15,0.0,0.0,3.3079,0.938599848
06/02/2016 22:30,3221.9672410180287,0.0,-3.5696,299.8128,-1.16,-2.5882,-0.15,0.0,0.0,2.5316,0.707300482
06/02/2016 23:00,3225.301791018029,0.0,-3.5938,299.698,-0.61,-2.6041,-0.15,0.0,0.0,1.74,1.444240958
06/02/2016 23:30,3228.7012910180288,0.0,-3.63,299.5001,0.0,-2.6263,-0.15,0.0,0.0,0.8974,1.829035426
07/02/2016 00:00,3232.1768160180286,0.0,-3.6949,299.4546,0.16,-2.6479,-0.14,0.0,0.0,0.0,0.754119317
07/02/2016 00:30,3235.7125910180284,0.0,-3.8073,299.626,-0.46,-2.6604,-0.14,0.0,0.0,-0.9289,1.376351338
07/02/2016 01:00,3239.2951660180283,0.0,-4.2648,299.8048,-0.48,-2.6739,-0.14,0.0,0.0,-1.8671,1.205071085
07/02/2016 01:30,3242.9089160180283,0.0,-4.1795,299.7487,-1.06,-2.6776,-0.14,0.0,0.0,-2.771,1.205071085
07/02/2016 02:00,3246.558116018028,0.0,-2.5387,298.9513,-0.85,-2.6932,-0.14,0.0,0.0,-3.6779,1.215782597
07/02/2016 02:30,3250.227866018028,0.0,-2.3673,298.9285,0.35,-2.6888,-0.14,0.0,0.0,-4.4581,1.202218531
07/02/2016 03:00,3253.8783160180283,0.0,-2.4842,299.0288,0.03,-2.6828,-0.14,0.0,0.0,-5.1467,1.222734974
07/02/2016 03:30,3257.4969410180283,0.0,-2.3711,298.8261,-0.61,-2.6715,-0.14,0.0,0.0,-5.7089,1.197061992
07/02/2016 04:00,3260.9752660180284,0.0,-2.0084,298.5603,0.17,-2.6033,-0.15,0.0,0.0,-5.8174,1.195006306
07/02/2016 04:30,3264.2690910180286,0.0,-1.7951,298.4401,0.5,-2.5644,-0.15,0.0,0.0,-5.9663,1.183313146
07/02/2016 05:00,3267.4960160180285,0.0,-1.6746,298.4364,0.85,-2.5632,-0.16,0.0,0.0,-6.23,2.229160925
07/02/2016 05:30,3270.7534910180284,0.0,-1.728,298.4923,0.8,-2.5829,-0.15,0.0,0.0,-6.5238,1.153222747
07/02/2016 06:00,3274.0323160180283,0.0,-1.8892,298.5692,0.68,-2.5762,-0.15,0.0,0.0,-6.5352,1.189139515
07/02/2016 06:30,3277.3042910180284,0.0,-1.9013,298.6022,0.31,-2.5788,-0.15,0.0,0.0,-6.4966,1.208119968
07/02/2016 07:00,3280.609041018028,0.0,-2.2028,298.5916,-1.34,-2.5958,-0.15,402.0397,15.8701,-6.4392,1.20982919
07/02/2016 07:30,3283.963841018028,0.0,-2.0425,298.4545,-0.7,-2.6086,-0.15,1198.7827,45.3534,-6.2389,0.960340464
07/02/2016 08:00,3287.362316018028,0.0,-1.991,298.658,0.56,-2.6214,-0.15,1642.9395,58.2887,-5.9245,5.717793557
07/02/2016 08:30,3290.804716018028,0.0,-2.3988,299.1352,0.59,-2.634,-0.14,3080.4922,99.8333,-5.4968,0.997770125
07/02/2016 09:00,3294.319441018028,0.0,-3.1733,299.5653,-0.52,-2.6624,-0.14,3031.9195,86.7621,-5.0419,2.102326229
07/02/2016 09:30,3297.890066018028,0.0,-3.3587,299.7915,-0.16,-2.6654,-0.14,2978.376,73.0802,-4.354,1.297351771
07/02/2016 10:00,3301.488641018028,0.0,-4.2852,300.26,-1.12,-2.6778,-0.14,5103.7697,101.9531,-3.6211,0.798605294
07/02/2016 10:30,3305.189166018028,0.0,-4.5386,300.1411,-0.83,-2.7204,-0.13,4975.8179,74.9966,-2.8931,-0.291857809
07/02/2016 11:00,3309.002641018028,0.0,-5.1488,300.6846,-0.84,-2.7378,-0.13,7058.3853,71.7535,-1.9913,0.390817166
07/02/2016 11:30,3312.896191018028,0.0,-5.7381,300.8013,-2.29,-2.7615,-0.13,5228.1947,26.5532,-1.0286,0.358929775
07/02/2016 12:00,3316.873691018028,0.0,-6.0322,301.021,-2.67,-2.7801,-0.12,7934.8346,0.0,0.0,-0.019702484
07/02/2016 12:30,3320.901341018028,0.0,-6.5097,301.1685,-3.46,-2.7865,-0.12,12050.9711,-60.5453,1.0548,0.412891543
07/02/2016 13:00,3324.943016018028,0.0,-5.9181,300.5795,-2.82,-2.7871,-0.12,4127.4103,-40.4641,2.0928,0.774618437
07/02/2016 13:30,3328.992441018028,0.0,-4.4944,299.9796,-1.63,-2.7903,-0.12,5180.8368,-75.1562,3.1043,0.486070514
07/02/2016 14:00,3333.101691018028,0.0,-5.4358,300.3302,-2.73,-2.816,-0.12,8397.4051,-161.055,4.1626,0.916674451
07/02/2016 14:30,3337.282591018028,0.0,-5.9612,300.8891,-3.13,-2.8247,-0.12,11689.1302,-271.1849,5.1127,0.323356006
07/02/2016 15:00,3341.5299160180275,0.0,-6.4317,300.9056,-2.76,-2.8472,-0.12,11282.038,-294.268,6.0746,0.368341469
07/02/2016 15:30,3345.832041018028,0.0,-6.1162,300.2413,-2.31,-2.8503,-0.12,3381.9176,-98.0649,6.8369,0.276274436
07/02/2016 16:00,3350.192166018028,0.0,-5.9666,300.0842,-2.37,-2.8737,-0.11,4200.1279,-134.9691,7.6408,0.445903788
07/02/2016 16:30,3354.654791018028,0.0,-6.541,300.2353,-2.29,-2.8965,-0.11,7016.6242,-243.429,8.3405,0.432829968
07/02/2016 17:00,3359.164291018028,0.0,-6.1406,299.5548,-2.19,-2.8946,-0.11,1450.1005,-52.7765,8.7033,0.914780448
07/02/2016 17:30,3363.702641018028,0.0,-5.0682,298.9498,-1.48,-2.9091,-0.11,388.3247,-14.6891,9.0649,0.772845696
07/02/2016 18:00,3368.287691018028,0.0,-4.4871,298.6637,-0.79,-2.915,-0.11,131.5334,-5.0844,9.1971,0.631563451
07/02/2016 18:30,3372.907666018028,0.0,-4.9379,298.6612,-1.22,-2.9242,-0.11,0.0,0.0,9.2034,0.727816925
07/02/2016 19:00,3377.580441018028,0.0,-5.1137,298.6709,-0.87,-2.9376,-0.11,0.0,0.0,9.0877,0.537770449
07/02/2016 19:30,3382.299366018028,0.0,-5.5667,298.8239,-0.34,-2.9438,-0.11,0.0,0.0,8.7467,1.070308138
07/02/2016 20:00,3387.076816018028,0.0,-5.908,298.8429,-0.66,-2.962,-0.1,0.0,0.0,8.3506,0.689590397
07/02/2016 20:30,3391.918316018028,0.0,-5.8115,298.7755,-1.28,-2.9703,-0.1,0.0,0.0,7.7143,0.599255683
07/02/2016 21:00,3396.8012160180283,0.0,-5.8244,298.5392,-1.63,-2.9789,-0.1,0.0,0.0,6.9353,0.566316773
07/02/2016 21:30,3401.722466018028,0.0,-5.7978,298.4384,-1.62,-2.9859,-0.1,0.0,0.0,6.0127,0.545354546
07/02/2016 22:00,3406.657541018028,0.0,-5.955,298.4672,-1.21,-2.9845,-0.1,0.0,0.0,4.9317,0.622104984
07/02/2016 22:30,3411.642366018028,0.0,-5.8466,298.4334,-1.02,-3.0058,-0.1,0.0,0.0,3.8559,1.583548358
07/02/2016 23:00,3416.704116018028,0.0,-5.9942,298.4113,-1.25,-3.0151,-0.1,0.0,0.0,2.6324,0.93824761
07/02/2016 23:30,3421.799541018028,0.0,-6.2549,298.4815,-1.27,-3.019,-0.1,0.0,0.0,1.3328,0.453654765
08/02/2016 00:00,3426.938891018028,0.0,-6.2704,298.286,-0.7,-3.0321,-0.1,0.0,0.0,0.0,0.812966227
08/02/2016 00:30,3432.142091018028,0.0,-5.9186,298.153,-0.37,-3.0436,-0.1,0.0,0.0,-1.3661,0.897139656
08/02/2016 01:00,3437.391316018028,0.0,-5.9082,298.2424,-0.59,-3.0497,-0.09,0.0,0.0,-2.7256,1.038468096
08/02/2016 01:30,3442.683841018028,0.0,-5.9778,298.2423,-0.95,-3.0599,-0.09,0.0,0.0,-4.0715,0.863226605
08/02/2016 02:00,3448.019216018028,0.0,-6.4581,298.3517,-1.08,-3.0658,-0.09,0.0,0.0,-5.3511,0.795452472
08/02/2016 02:30,3453.383991018028,0.0,-6.5765,298.4751,-0.73,-3.0708,-0.09,0.0,0.0,-6.5484,0.541149628
08/02/2016 03:00,3458.783691018028,0.0,-6.3585,298.4918,-0.8,-3.0787,-0.09,0.0,0.0,-7.6664,0.547917225
08/02/2016 03:30,3464.214891018028,0.0,-6.5571,298.5338,-1.33,-3.0824,-0.09,0.0,0.0,-8.634,0.526222804
08/02/2016 04:00,3469.6830160180275,0.0,-7.1852,298.6681,-0.95,-3.0922,-0.09,0.0,0.0,-9.5173,0.908728877
08/02/2016 04:30,3475.1964660180274,0.0,-7.2696,298.6763,-0.6,-3.0989,-0.09,0.0,0.0,-10.222,1.231841203
08/02/2016 05:00,3480.755966018028,0.0,-7.2455,298.7337,-0.69,-3.1087,-0.09,0.0,0.0,-10.7931,0.805748227
08/02/2016 05:30,3486.364266018027,0.0,-7.3175,298.7673,-0.25,-3.1163,-0.09,0.0,0.0,-11.1631,1.214910662
08/02/2016 06:00,3492.003966018028,0.0,-7.0007,298.7287,-0.4,-3.1198,-0.09,0.0,0.0,-11.2994,1.202553446
08/02/2016 06:30,3497.6904160180275,0.0,-6.6494,298.5913,-0.77,-3.1327,-0.09,0.0,0.0,-11.3485,0.260930123
08/02/2016 07:00,3503.411516018028,0.0,-6.5614,298.551,-1.85,-3.132,-0.09,231.314,9.4956,-11.0483,1.223826336
08/02/2016 07:30,3509.152291018028,0.0,-6.4198,298.4849,-1.86,-3.1396,-0.09,779.8454,30.5808,-10.6478,1.077826406
08/02/2016 08:00,3514.949291018028,0.0,-6.5456,298.5394,-1.97,-3.1514,-0.09,1771.6827,65.4295,-10.1004,1.290589949
08/02/2016 08:30,3520.813991018028,0.0,-6.72,298.6489,-1.88,-3.1627,-0.08,1634.2232,54.9604,-9.3583,0.044238949
08/02/2016 09:00,3526.731741018028,0.0,-6.7295,298.7242,-2.14,-3.1694,-0.08,3498.9914,104.3509,-8.397,0.845597362
08/02/2016 09:30,3532.629716018028,0.0,-6.3487,298.7404,-1.88,-3.156,-0.09,2666.3356,67.8296,-7.1327,1.190513822
08/02/2016 10:00,3537.908316018028,0.0,-4.8224,298.3654,-2.31,-2.9364,-0.11,2767.7757,57.5661,-4.6988,1.229773968
08/02/2016 10:30,3542.451691018028,0.0,-4.8044,298.5309,-2.4,-2.8684,-0.11,3458.764,55.5672,-3.3584,-0.001345435
08/02/2016 11:00,3546.795516018028,0.0,-5.1455,299.0629,-2.72,-2.8482,-0.12,5918.1465,63.8753,-2.2257,1.032064286
08/02/2016 11:30,3551.103791018028,0.0,-4.9489,298.8875,-2.32,-2.8522,-0.12,4033.2064,21.8168,-1.1269,0.397219244
08/02/2016 12:00,3555.435541018028,0.0,-5.9764,299.3982,-3.27,-2.859,-0.12,6240.2429,0.0,0.0,0.411777661
08/02/2016 12:30,3559.762791018028,0.0,-6.3657,299.4619,-3.57,-2.8501,-0.12,6590.0404,-35.2964,1.1246,1.015549502
08/02/2016 13:00,3564.042041018028,0.0,-5.7383,299.0644,-3.2,-2.8368,-0.12,4858.2383,-51.2808,2.2003,1.101293568
08/02/2016 13:30,3568.289441018028,0.0,-6.5603,299.5586,-3.46,-2.8353,-0.12,8066.7071,-126.5681,3.2483,1.054826971
08/02/2016 14:00,3572.519541018028,0.0,-6.772,299.84,-3.28,-2.8287,-0.12,9751.5942,-198.8498,4.2161,0.840105907
08/02/2016 14:30,3576.7615410180283,0.0,-5.9755,299.4979,-3.01,-2.8408,-0.12,10130.1522,-248.1628,5.1963,0.69427921
08/02/2016 15:00,3581.061266018028,0.0,-6.8888,299.7409,-3.12,-2.8555,-0.12,4611.1389,-129.748,6.1257,0.927547646
08/02/2016 15:30,3585.404391018028,0.0,-5.0378,298.9597,-2.46,-2.8608,-0.11,4038.8497,-127.8115,6.9097,0.3910441
08/02/2016 16:00,3589.760991018028,0.0,-5.2769,298.9047,-2.77,-2.8617,-0.11,3326.098,-115.9149,7.5491,0.342890224
08/02/2016 16:30,3594.148191018028,0.0,-5.2865,298.6595,-2.97,-2.8747,-0.11,2795.8398,-104.7453,8.1596,0.577463098
08/02/2016 17:00,3598.5755910180283,0.0,-5.9437,298.7228,-2.09,-2.8798,-0.11,2152.5875,-85.2147,8.5752,0.4309914
08/02/2016 17:30,3603.058041018028,0.0,-5.8751,298.4932,-2.24,-2.8992,-0.11,991.8506,-40.7697,8.9747,0.712999814
08/02/2016 18:00,3607.590741018029,0.0,-5.2355,298.1789,-1.53,-2.9021,-0.11,119.4193,-5.0071,9.0787,1.020746462
08/02/2016 18:30,3612.136916018029,0.0,-4.52,297.6719,-1.14,-2.9051,-0.11,0.0,0.0,9.0281,0.538504376
08/02/2016 19:00,3616.7097410180286,0.0,-4.7776,297.7278,-1.12,-2.9137,-0.11,0.0,0.0,8.8723,1.745687736
08/02/2016 19:30,3621.2900910180288,0.0,-4.9455,297.8225,-1.16,-2.9084,-0.11,0.0,0.0,8.4407,1.20280752
08/02/2016 20:00,3625.882016018029,0.0,-3.998,297.563,-1.09,-2.9187,-0.11,0.0,0.0,7.9948,1.456049606
08/02/2016 20:30,3630.548991018029,0.0,-4.0221,297.5343,-0.7,-2.9405,-0.11,0.0,0.0,7.4863,1.316696011
08/02/2016 21:00,3635.270291018029,0.0,-4.2517,297.5668,-1.41,-2.9418,-0.11,0.0,0.0,6.6814,1.227816446
08/02/2016 21:30,3640.014741018029,0.0,-4.4179,297.3612,-0.71,-2.9502,-0.1,0.0,0.0,5.8008,0.859305787
08/02/2016 22:00,3644.791291018029,0.0,-4.4431,297.2421,-0.79,-2.9553,-0.1,0.0,0.0,4.7887,0.431630048
08/02/2016 22:30,3649.611241018029,0.0,-4.5771,297.2453,-1.63,-2.9682,-0.1,0.0,0.0,3.713,0.474412578
08/02/2016 23:00,3654.4437910180295,0.0,-4.2232,297.1641,-1.25,-2.9605,-0.1,0.0,0.0,2.4918,0.74504196
08/02/2016 23:30,3659.2982160180295,0.0,-4.2889,297.1175,-1.13,-2.9771,-0.1,0.0,0.0,1.2779,1.073010557
09/02/2016 00:00,3664.2120410180296,0.0,-4.2786,297.1108,-2.02,-2.9847,-0.1,0.0,0.0,0.0,0.402370008
09/02/2016 00:30,3669.147441018029,0.0,-5.2675,297.2724,-2.51,-2.9858,-0.1,0.0,0.0,-1.2891,0.860397149
09/02/2016 01:00,3674.1233160180295,0.0,-5.5745,297.3072,-1.19,-3.0009,-0.1,0.0,0.0,-2.5952,0.367997892
09/02/2016 01:30,3679.138966018029,0.0,-5.661,297.3818,-1.08,-3.0017,-0.1,0.0,0.0,-3.8404,0.821546986
09/02/2016 02:00,3684.1820160180296,0.0,-5.4535,297.3526,-1.51,-3.0117,-0.1,0.0,0.0,-5.0684,0.392554683
09/02/2016 02:30,3689.2725910180297,0.0,-5.1473,297.2614,-0.74,-3.0204,-0.1,0.0,0.0,-6.2249,0.945788976
09/02/2016 03:00,3694.4108410180297,0.0,-5.1449,297.2676,-2.1,-3.0303,-0.1,0.0,0.0,-7.3026,1.151871538
09/02/2016 03:30,3699.5802660180298,0.0,-5.3825,297.3498,-1.55,-3.0325,-0.1,0.0,0.0,-8.2114,0.934719451
09/02/2016 04:00,3704.77566601803,0.0,-5.2029,297.2193,-1.15,-3.0403,-0.1,0.0,0.0,-9.0339,0.392377987
09/02/2016 04:30,3710.0247160180297,0.0,-5.7597,297.4992,-1.52,-3.0529,-0.09,0.0,0.0,-9.7606,0.414228894
09/02/2016 05:00,3715.3140660180297,0.0,-5.6141,297.6586,-1.83,-3.0555,-0.09,0.0,0.0,-10.2317,-0.342608433
09/02/2016 05:30,3720.6071660180296,0.0,-4.9648,297.5719,-0.82,-3.0543,-0.09,0.0,0.0,-10.4893,0.593619869
09/02/2016 06:00,3725.9225410180297,0.0,-5.0501,297.6027,-0.73,-3.0639,-0.09,0.0,0.0,-10.6817,-0.593510155
09/02/2016 06:30,3731.2789660180297,0.0,-5.6628,297.8388,-1.26,-3.0697,-0.09,0.0,0.0,-10.6521,0.356401742
09/02/2016 07:00,3736.66069101803,0.0,-6.156,298.1353,-0.37,-3.0733,-0.09,355.5179,15.588,-10.4155,0.56411384
09/02/2016 07:30,3742.08189101803,0.0,-6.3388,298.4457,-0.41,-3.0842,-0.09,1289.2102,53.9681,-10.072,0.507766667
09/02/2016 08:00,3747.55754101803,0.0,-6.194,298.6217,-1.29,-3.0932,-0.09,1071.0498,41.5572,-9.5269,0.950778058
09/02/2016 08:30,3753.08794101803,0.0,-5.9552,298.7845,-0.5,-3.104,-0.09,2103.537,74.1381,-8.8228,1.158125213
09/02/2016 09:00,3758.70634101803,0.0,-7.0562,299.7604,-2.33,-3.1245,-0.09,4120.3053,126.9497,-8.0276,0.792911736
09/02/2016 09:30,3764.39416601803,0.0,-6.386,299.7454,-2.06,-3.1286,-0.09,10363.4418,266.0845,-6.939,0.051100495
09/02/2016 10:00,3770.11459101803,0.0,-6.5696,300.0597,-2.15,-3.1359,-0.09,10407.9722,212.755,-5.7416,0.238682514
09/02/2016 10:30,3775.84406601803,0.0,-6.4677,300.2137,-1.83,-3.1317,-0.09,10824.0497,164.9615,-4.3759,0.258996853
09/02/2016 11:00,3781.56381601803,0.0,-7.7619,300.8787,-2.7,-3.1325,-0.09,13665.0004,138.8054,-2.962,0.402154623
09/02/2016 11:30,3787.2936660180303,0.0,-6.9071,300.4902,-2.6,-3.1352,-0.09,10152.5538,50.8509,-1.4978,0.706457419
09/02/2016 12:00,3793.09429101803,0.0,-6.7074,300.3917,-2.02,-3.1569,-0.09,9370.9378,0.0,0.0,0.560571245
09/02/2016 12:30,3798.97896601803,0.0,-8.608,301.2047,-2.16,-3.164,-0.08,10430.1624,-51.9622,1.5417,3.293590723
09/02/2016 13:00,3804.91786601803,0.0,-7.4564,300.8727,-3.63,-3.1751,-0.08,17731.6903,-172.53,3.0914,-0.435715436
09/02/2016 13:30,3810.91364101803,0.0,-8.1738,301.5599,-3.39,-3.183,-0.08,19132.9504,-273.6122,4.6071,0.46341581
09/02/2016 14:00,3816.94829101803,0.0,-7.8096,301.1566,-3.26,-3.188,-0.08,9396.7268,-170.6634,6.0499,0.856222258
09/02/2016 14:30,3823.03626601803,0.0,-8.4732,301.2148,-2.75,-3.2005,-0.08,12556.2311,-279.2747,7.4587,0.667768939
09/02/2016 15:00,3829.16946601803,0.0,-8.8224,301.1719,-2.63,-3.2028,-0.08,6030.3846,-156.0807,8.6837,0.85552933
09/02/2016 15:30,3835.3000410180302,0.0,-7.9097,300.9352,-2.13,-3.1997,-0.08,6234.7506,-182.9952,9.712,1.326737693
09/02/2016 16:00,3841.44491601803,0.0,-7.0718,300.5051,-2.1,-3.2075,-0.08,3269.993,-105.7862,10.6848,-0.411385002
09/02/2016 16:30,3847.66536601803,0.0,-7.8916,300.7093,-1.76,-3.224,-0.08,3334.6275,-116.1687,11.5891,0.577543939
09/02/2016 17:00,3853.92354101803,0.0,-7.4028,300.5306,-1.94,-3.2196,-0.08,940.9861,-34.798,12.0632,0.361386204
09/02/2016 17:30,3860.20206601803,0.0,-7.1075,300.2475,-1.53,-3.2304,-0.08,1348.0534,-52.1467,12.5174,0.305689229
09/02/2016 18:00,3866.5107410180303,0.0,-7.468,300.104,-1.8,-3.2292,-0.08,283.017,-11.1424,12.6093,0.337217453
09/02/2016 18:30,3872.83864101803,0.0,-7.5169,299.9944,-1.8,-3.2365,-0.08,0.0,0.0,12.5936,0.205646017
09/02/2016 19:00,3879.19854101803,0.0,-6.9568,299.8273,-1.36,-3.2392,-0.08,0.0,0.0,12.3033,1.136609798
09/02/2016 19:30,3885.59099101803,0.0,-5.8583,299.481,-1.25,-3.2466,-0.08,0.0,0.0,11.8557,1.109943619
09/02/2016 20:00,3892.0399660180296,0.0,-4.5609,299.0928,-1.01,-3.2568,-0.08,0.0,0.0,11.2266,1.114667078
09/02/2016 20:30,3898.5213410180295,0.0,-3.9118,298.7887,-0.37,-3.2567,-0.08,0.0,0.0,10.2835,1.15204477
09/02/2016 21:00,3905.0103160180297,0.0,-3.5884,298.6379,1.1,-3.2591,-0.08,0.0,0.0,9.188,1.830034397
09/02/2016 21:30,3911.5296160180296,0.0,-4.8664,299.0701,0.1,-3.2659,-0.08,0.0,0.0,7.9647,1.042209907
09/02/2016 22:00,3918.1212660180295,0.0,-5.9033,299.4344,-0.5,-3.2811,-0.08,0.0,0.0,6.6416,1.085604523
09/02/2016 22:30,3924.7645660180297,0.0,-5.9188,299.555,-0.19,-3.2816,-0.08,0.0,0.0,5.0859,1.109447021
09/02/2016 23:00,3931.424191018029,0.0,-5.3499,299.3771,0.08,-3.286,-0.07,0.0,0.0,3.4548,0.930417523
09/02/2016 23:30,3938.119341018029,0.0,-5.1984,299.2483,0.67,-3.2922,-0.07,0.0,0.0,1.7532,1.056178181
10/02/2016 00:00,3944.840116018029,0.0,-5.4441,299.3976,0.52,-3.2936,-0.07,0.0,0.0,0.0,0.921669307
10/02/2016 00:30,3951.580041018029,0.0,-6.061,299.6502,0.26,-3.2978,-0.07,0.0,0.0,-1.7632,0.872979566
10/02/2016 01:00,3958.361416018029,0.0,-6.3896,299.8577,-0.17,-3.3058,-0.07,0.0,0.0,-3.5243,1.221897686
10/02/2016 01:30,3965.189991018029,0.0,-6.3315,299.7939,0.09,-3.3117,-0.07,0.0,0.0,-5.2418,1.214073374
10/02/2016 02:00,3972.059941018029,0.0,-5.954,299.5506,0.42,-3.3178,-0.07,0.0,0.0,-6.8912,0.506190833
10/02/2016 02:30,3978.951441018029,0.0,-5.8166,299.5018,0.62,-3.3179,-0.07,0.0,0.0,-8.391,0.52650344
10/02/2016 03:00,3985.861516018029,0.0,-5.6085,299.4734,0.79,-3.3232,-0.07,0.0,0.0,-9.7981,1.176568646
10/02/2016 03:30,3992.8136410180286,0.0,-5.8682,299.5765,0.7,-3.33,-0.07,0.0,0.0,-11.0688,1.10469469
10/02/2016 04:00,3999.801191018029,0.0,-5.5279,299.4846,0.57,-3.3334,-0.07,0.0,0.0,-12.1229,2.283370992
10/02/2016 04:30,4006.825691018029,0.0,-5.594,299.3853,0.25,-3.3406,-0.07,0.0,0.0,-13.0264,1.117248235
10/02/2016 05:00,4013.917791018028,0.0,-6.2059,299.6553,-0.2,-3.3524,-0.07,0.0,0.0,-13.7825,1.047874594
10/02/2016 05:30,4021.058141018029,0.0,-7.6139,299.9674,-1.12,-3.3541,-0.07,0.0,0.0,-14.1704,2.064561653
10/02/2016 06:00,4028.2101910180286,0.0,-10.3889,300.1114,-1.84,-3.3557,-0.07,0.0,0.0,-14.3155,4.492691078
10/02/2016 06:30,4035.405041018029,0.0,-11.678,300.2975,-2.06,-3.366,-0.07,0.0,0.0,-14.3402,1.076238446
10/02/2016 07:00,4042.669266018028,0.0,-9.5626,299.935,-0.29,-3.3749,-0.07,698.6695,29.0264,-14.0958,1.725708312
10/02/2016 07:30,4049.972116018029,0.0,-11.8962,301.1456,-1.32,-3.3766,-0.07,2132.4674,84.0863,-13.5056,0.862273829
10/02/2016 08:00,4057.3490160180286,0.0,-14.4188,302.2642,-1.13,-3.3949,-0.07,6323.0895,224.6085,-12.8944,2.586122784
10/02/2016 08:30,4064.8205910180286,0.0,-14.8745,302.5851,-2.77,-3.4021,-0.07,10084.6974,313.6311,-11.898,1.713813048
10/02/2016 09:00,4072.370516018029,0.0,-16.3494,303.0752,-2.49,-3.4157,-0.07,13567.8797,365.2052,-10.7499,1.631239128
10/02/2016 09:30,4079.9880910180286,0.0,-19.1681,303.6587,-3.31,-3.42,-0.07,16962.5639,383.5867,-9.2944,0.222006624
10/02/2016 10:00,4087.655041018029,0.0,-21.9864,304.0411,-3.86,-3.4286,-0.06,20219.4528,368.0279,-7.7001,0.280171001
10/02/2016 10:30,4095.240141018028,0.0,-22.1054,304.2477,-4.06,-3.3983,-0.07,23050.7651,315.3788,-5.7174,-0.290216724
10/02/2016 11:00,4102.596141018028,0.0,-22.2578,304.4873,-3.95,-3.3674,-0.07,25124.4413,232.4878,-3.7487,-0.07160256
10/02/2016 11:30,4109.306716018028,0.0,-18.7138,304.4892,-3.81,-3.2091,-0.08,24942.5268,116.8157,-1.6131,-0.293223455
10/02/2016 12:00,4115.472091018028,0.0,-19.2028,304.2075,-4.85,-3.2046,-0.08,16970.1345,0.0,0.0,-0.314041899
10/02/2016 12:30,4121.655366018028,0.0,-19.3732,304.5797,-4.75,-3.2149,-0.08,25631.04,-118.3837,1.6225,0.031239677
10/02/2016 13:00,4127.885891018028,0.0,-18.6678,304.6552,-3.96,-3.2198,-0.08,20936.1508,-189.1335,3.2331,0.137305993
10/02/2016 13:30,4134.156666018028,0.0,-19.4627,304.8644,-4.07,-3.2277,-0.08,25378.0303,-335.3505,4.8184,0.198106383
10/02/2016 14:00,4140.478816018028,0.0,-19.4533,304.7533,-3.83,-3.2361,-0.08,21745.8033,-372.7426,6.3487,-0.175994473
10/02/2016 14:30,4146.545091018028,0.0,-17.3958,304.9014,-3.9,-3.1432,-0.09,24166.5258,-504.1689,7.042,-0.014774207
10/02/2016 15:00,4152.105841018028,0.0,-15.5009,304.7446,-3.61,-3.0633,-0.09,21848.1896,-527.2697,7.5486,0.423095485
10/02/2016 15:30,4157.418616018028,0.0,-14.5607,304.5506,-3.88,-3.0539,-0.09,18402.0057,-497.7597,8.3903,0.511155662
10/02/2016 16:00,4162.244366018028,0.0,-10.8249,303.5943,-3.13,-2.8629,-0.11,9149.9298,-269.8016,7.558,0.377987604
10/02/2016 16:30,4166.451566018028,0.0,-9.4966,303.2074,-2.46,-2.789,-0.12,5324.5941,-171.2246,7.4849,0.531820508
10/02/2016 17:00,4170.215791018028,0.0,-7.806,302.9513,-2.33,-2.6378,-0.14,4166.2955,-143.1637,6.7183,1.011068568
10/02/2016 17:30,4173.599091018028,0.0,-7.1655,302.6267,-2.12,-2.5826,-0.15,2670.6739,-95.901,6.5216,0.374894258
10/02/2016 18:00,4176.884041018028,0.0,-6.671,301.9641,-1.32,-2.5802,-0.15,560.9673,-20.6999,6.5619,0.693551635
10/02/2016 18:30,4180.137866018028,0.0,-6.0147,301.5289,-0.91,-2.5637,-0.15,0.0,0.0,6.3982,1.074754426
10/02/2016 19:00,4183.344866018028,0.0,-5.2203,301.0916,-0.6,-2.5516,-0.16,0.0,0.0,6.1574,0.183524868
10/02/2016 19:30,4186.526641018028,0.0,-4.9914,300.8836,-0.9,-2.5481,-0.16,0.0,0.0,5.8689,0.914728478
10/02/2016 20:00,4189.708191018029,0.0,-5.0205,300.8072,-0.84,-2.5514,-0.16,0.0,0.0,5.5198,1.113679656
10/02/2016 20:30,4192.919216018028,0.0,-5.16,300.7712,-0.04,-2.5663,-0.15,0.0,0.0,5.1333,1.069961674
10/02/2016 21:00,4196.137766018028,0.0,-5.0234,300.6027,0.02,-2.5561,-0.16,0.0,0.0,4.5282,0.79464983
10/02/2016 21:30,4199.347216018028,0.0,-4.8767,300.5352,-0.65,-2.5607,-0.16,0.0,0.0,3.9168,0.528943124
10/02/2016 22:00,4202.558516018028,0.0,-4.3866,300.2535,-0.6,-2.5572,-0.16,0.0,0.0,3.2056,0.985291646
10/02/2016 22:30,4205.525066018028,0.0,-3.3827,299.9257,-0.01,-2.398,-0.18,0.0,0.0,2.0875,1.244700792
10/02/2016 23:00,4208.005841018028,0.0,-2.658,299.8213,-0.15,-2.2024,-0.22,0.0,0.0,1.1564,0.584663774
10/02/2016 23:30,4210.188966018028,0.0,-2.6835,300.0373,-1.17,-2.1569,-0.23,0.0,0.0,0.5566,0.038729882
11/02/2016 00:00,4212.284941018028,0.0,-2.8719,300.2156,-1.2,-2.1233,-0.24,0.0,0.0,0.0,-0.107922381
11/02/2016 00:30,4214.273366018027,0.0,-2.5782,300.0979,-0.82,-2.0537,-0.26,0.0,0.0,-0.5005,0.358053221
11/02/2016 01:00,4216.190591018028,0.0,-2.4202,299.9026,-0.59,-2.0538,-0.26,0.0,0.0,-0.9925,-0.075752044
11/02/2016 01:30,4218.075766018028,0.0,-2.1544,299.6689,-0.09,-2.0208,-0.27,0.0,0.0,-1.4182,1.081828066
11/02/2016 02:00,4219.918341018028,0.0,-1.971,299.38,0.05,-2.0099,-0.27,0.0,0.0,-1.8322,1.227325622
11/02/2016 02:30,4221.741266018028,0.0,-1.7505,299.0453,0.25,-2.0001,-0.28,0.0,0.0,-2.2082,1.035823421
11/02/2016 03:00,4223.552691018028,0.0,-1.9595,299.534,-0.95,-1.9977,-0.28,0.0,0.0,-2.5585,0.576198504
11/02/2016 03:30,4225.346791018028,0.0,-2.3639,300.2069,-1.88,-1.9816,-0.28,0.0,0.0,-2.8228,1.082111011
11/02/2016 04:00,4227.126366018028,0.0,-2.3219,300.0503,-0.86,-1.9821,-0.28,0.0,0.0,-3.0832,1.064614579
11/02/2016 04:30,4228.890516018028,0.0,-2.1739,299.9993,-1.28,-1.9647,-0.29,0.0,0.0,-3.2303,1.064614579
11/02/2016 05:00,4230.629341018028,0.0,-2.0042,299.8528,-1.22,-1.9544,-0.29,0.0,0.0,-3.341,0.686512642
11/02/2016 05:30,4232.312916018028,0.0,-1.9645,299.9626,-1.4,-1.9021,-0.31,0.0,0.0,-3.2474,0.527462568
11/02/2016 06:00,4233.950541018028,0.0,-1.7904,299.5739,-0.66,-1.902,-0.31,0.0,0.0,-3.2751,0.165543386
11/02/2016 06:30,4235.569991018028,0.0,-1.8704,299.7367,-0.44,-1.8807,-0.31,0.0,0.0,-3.1753,0.275126485
11/02/2016 07:00,4237.172141018028,0.0,-1.9937,300.0698,-1.41,-1.8816,-0.31,582.5995,24.5206,-3.0967,0.438947368
11/02/2016 07:30,4238.780716018028,0.0,-2.5767,301.2,-2.05,-1.8883,-0.31,1636.0434,64.7326,-2.9827,0.248267441
11/02/2016 08:00,4240.402916018028,0.0,-2.8744,301.8921,-2.04,-1.8977,-0.31,6004.5355,214.8793,-2.8236,0.413877233
11/02/2016 08:30,4242.069991018028,0.0,-3.1777,302.5775,-1.53,-1.9401,-0.29,9881.1715,309.1191,-2.7037,0.767746901
11/02/2016 09:00,4243.793241018028,0.0,-3.5115,303.2777,-0.52,-1.9616,-0.29,13495.6206,360.1074,-2.4643,0.110729317
11/02/2016 09:30,4245.558016018028,0.0,-3.9931,304.0189,-1.7,-1.9859,-0.28,17322.0135,383.4536,-2.1757,0.22524895
11/02/2016 10:00,4247.351691018028,0.0,-4.3118,304.5342,-2.53,-1.993,-0.28,21785.0145,386.1222,-1.8004,1.664078141
11/02/2016 10:30,4249.145966018028,0.0,-3.7732,303.8783,-3.24,-1.9865,-0.28,22214.2746,293.2402,-1.3686,0.914295398
11/02/2016 11:00,4250.972041018028,0.0,-4.6988,304.5529,-3.61,-2.0265,-0.27,25404.5687,228.2258,-0.9649,0.354064843
11/02/2016 11:30,4252.631816018028,0.0,-3.813,304.8656,-3.33,-1.79,-0.34,24794.1229,112.2151,-0.38,0.40074336
11/02/2016 12:00,4254.099891018028,0.0,-3.7247,304.2538,-3.47,-1.8061,-0.34,14097.0695,0.0,0.0,1.50605591
11/02/2016 12:30,4255.594916018028,0.0,-4.1999,305.0799,-3.24,-1.8244,-0.33,29547.5981,-132.4428,0.3941,0.503602747
11/02/2016 13:00,4257.115191018028,0.0,-4.2955,304.6463,-4.09,-1.8379,-0.33,21770.0652,-189.0774,0.7925,0.201150069
11/02/2016 13:30,4258.643366018028,0.0,-3.9735,304.2049,-3.33,-1.8343,-0.33,13451.7904,-173.1509,1.1674,0.392095041
11/02/2016 14:00,4260.220816018028,0.0,-4.4341,304.6336,-3.46,-1.8974,-0.31,22143.491,-379.4293,1.6296,0.512118255
11/02/2016 14:30,4261.552491018028,0.0,-2.9216,305.0704,-3.14,-1.4734,-0.48,23336.6851,-483.2134,1.2586,0.317652631
11/02/2016 15:00,4262.480316018028,0.0,-2.423,305.153,-3.25,-1.272,-0.61,20768.1083,-492.629,1.1623,0.352055929
11/02/2016 15:30,4263.275166018028,0.0,-2.1153,304.3216,-2.81,-1.2143,-0.65,7501.6514,-199.5126,1.2183,0.142109716
11/02/2016 16:00,4264.0598660180285,0.0,-2.0724,303.7363,-2.67,-1.2507,-0.62,5271.6708,-156.2423,1.3884,0.35758434
11/02/2016 16:30,4264.854116018028,0.0,-2.0588,303.8566,-2.69,-1.235,-0.64,7669.504,-250.7324,1.454,0.478264103
11/02/2016 17:00,4265.677541018028,0.0,-2.1343,303.3417,-2.01,-1.3109,-0.58,5275.7997,-182.1312,1.6613,0.989616672
11/02/2016 17:30,4266.514341018028,0.0,-2.102,303.2448,-1.66,-1.2634,-0.61,3714.1959,-133.9549,1.6134,0.562075476
11/02/2016 18:00,4267.341716018028,0.0,-1.9727,302.6428,-0.87,-1.2918,-0.59,447.661,-16.4219,1.6822,0.46589707
11/02/2016 18:30,4268.163141018028,0.0,-1.6667,301.9123,-1.17,-1.2508,-0.62,0.0,0.0,1.5898,0.471110776
11/02/2016 19:00,4268.982566018028,0.0,-1.602,301.5734,-1.36,-1.2877,-0.6,0.0,0.0,1.6172,0.71886083
11/02/2016 19:30,4269.824866018028,0.0,-1.5597,301.3188,-1.0,-1.2983,-0.59,0.0,0.0,1.566,1.004936155
11/02/2016 20:00,4270.691116018028,0.0,-1.4402,300.875,-0.17,-1.3358,-0.57,0.0,0.0,1.5329,0.262887644
11/02/2016 20:30,4271.567066018028,0.0,-1.342,300.7117,-0.5,-1.3178,-0.58,0.0,0.0,1.3755,0.085871102
11/02/2016 21:00,4272.461191018027,0.0,-1.3481,300.5159,0.4,-1.371,-0.54,0.0,0.0,1.303,0.853918272
11/02/2016 21:30,4273.387391018027,0.0,-1.3371,300.5433,0.9,-1.3802,-0.54,0.0,0.0,1.1336,-0.940609339
11/02/2016 22:00,4274.335866018027,0.0,-1.4562,300.6984,-0.09,-1.4127,-0.52,0.0,0.0,0.9659,0.667982592
11/02/2016 22:30,4275.332666018027,0.0,-1.4801,300.4685,-0.1,-1.4681,-0.49,0.0,0.0,0.7866,-0.032366378
11/02/2016 23:00,4276.368316018027,0.0,-1.3574,300.1343,-0.14,-1.482,-0.48,0.0,0.0,0.5402,0.586933114
11/02/2016 23:30,4277.322491018027,0.0,-1.145,300.304,-1.06,-1.3157,-0.58,0.0,0.0,0.2257,-1.345498718
12/02/2016 00:00,4278.178966018027,0.0,-1.0633,300.0769,-0.25,-1.299,-0.59,0.0,0.0,0.0,0.874330776
12/02/2016 00:30,4278.989441018027,0.0,-1.0207,300.1727,-1.19,-1.2197,-0.65,0.0,0.0,-0.2017,0.546397403
12/02/2016 01:00,4279.770366018027,0.0,-1.0771,300.2334,-1.07,-1.2374,-0.63,0.0,0.0,-0.4085,0.244849573
12/02/2016 01:30,4280.552491018027,0.0,-0.9381,299.8359,-0.51,-1.2223,-0.65,0.0,0.0,-0.5933,-0.135137128
12/02/2016 02:00,4281.337166018026,0.0,-0.8707,299.5736,-0.57,-1.2428,-0.63,0.0,0.0,-0.7942,-0.841745837
12/02/2016 02:30,4282.126841018026,0.0,-0.8375,299.4213,0.65,-1.2331,-0.64,0.0,0.0,-0.9559,0.316773768
12/02/2016 03:00,4282.8965660180265,0.0,-0.8265,299.3078,0.41,-1.1995,-0.66,0.0,0.0,-1.0667,-0.173242971
12/02/2016 03:30,4283.665766018026,0.0,-0.8082,298.6582,0.93,-1.232,-0.64,0.0,0.0,-1.2441,0.666152107
12/02/2016 04:00,4284.478716018026,0.0,-1.2288,299.3176,-1.58,-1.2925,-0.59,0.0,0.0,-1.458,-0.286425831
12/02/2016 04:30,4285.293291018026,0.0,-1.3676,299.8256,-2.0,-1.2355,-0.64,0.0,0.0,-1.4548,0.278038515
12/02/2016 05:00,4286.0729410180265,0.0,-1.0743,298.9448,-0.91,-1.2189,-0.65,0.0,0.0,-1.4913,0.617185195
12/02/2016 05:30,4286.855366018027,0.0,-0.6805,297.2735,-0.46,-1.2414,-0.63,0.0,0.0,-1.5722,0.442056305
12/02/2016 06:00,4287.635116018027,0.0,-0.7,297.3604,0.67,-1.213,-0.65,0.0,0.0,-1.5332,1.896844205
12/02/2016 06:30,4288.419316018027,0.0,-0.5669,296.1753,-0.34,-1.2509,-0.62,0.0,0.0,-1.5899,0.586806077
12/02/2016 07:00,4289.251091018026,0.0,-0.461,295.9541,0.2,-1.3127,-0.58,578.0408,24.9595,-1.6648,2.763419962
12/02/2016 07:30,4290.184566018026,0.0,-0.8798,298.3944,-0.74,-1.4483,-0.5,1828.5686,74.9834,-1.8574,1.130471611
12/02/2016 08:00,4291.214291018026,0.0,-1.5626,300.2106,0.71,-1.4911,-0.47,5718.9658,214.964,-1.826,-0.089683939
12/02/2016 08:30,4291.707454732141,0.1452,0.165,302.23,-0.61,0.1447,6.84,9187.3916,305.1004,0.1152,1.228180234
12/02/2016 09:00,4291.707454732141,0.7638,1.1694,303.5276,-0.04,0.7042,1.31,12603.9864,356.6372,0.5401,-0.349323483
12/02/2016 09:30,4291.707454732141,0.8762,1.3371,303.9127,-0.37,0.7911,1.14,15841.2828,372.051,0.5334,-0.12530679
12/02/2016 10:00,4291.707454732141,1.0381,1.5812,304.5127,-1.56,0.9081,0.96,19151.6481,354.6602,0.5191,0.76862461
12/02/2016 10:30,4291.707454732141,1.103,1.4401,304.1687,-2.51,0.9524,0.91,19591.1673,265.0129,0.4221,0.650797978
12/02/2016 11:00,4291.707454732141,1.1893,1.5157,304.1171,-2.57,1.0091,0.84,16961.7491,153.7662,0.3078,0.246318581
12/02/2016 11:30,4291.707454732141,1.1705,1.6039,303.9319,-3.23,0.9969,0.85,15711.2899,71.704,0.1528,0.350245077
12/02/2016 12:00,4291.707454732141,1.0658,1.5614,304.3432,-2.79,0.9271,0.94,18551.0249,0.0,0.0,0.295160766
12/02/2016 12:30,4291.707454732141,1.0646,1.6239,305.0644,-3.01,0.9263,0.94,28019.3002,-125.8951,-0.139,0.66241607
12/02/2016 13:00,4291.707454732141,0.9003,1.4934,305.0898,-3.29,0.8091,1.11,29012.2906,-251.9776,-0.233,0.649954915
12/02/2016 13:30,4291.707454732141,0.8505,1.5066,304.9855,-3.35,0.7716,1.17,29121.078,-364.9035,-0.3255,0.624362774
12/02/2016 14:00,4291.707454732141,0.9172,1.6758,304.9475,-3.29,0.8216,1.09,27597.4791,-446.5612,-0.4586,0.543579496
12/02/2016 14:30,4291.707454732141,0.9418,1.7044,305.109,-3.14,0.8396,1.06,26087.1425,-511.1312,-0.5733,1.18312259
12/02/2016 15:00,4291.707454732141,0.9142,1.6135,304.8923,-2.84,0.8194,1.09,23210.7688,-525.1997,-0.6464,0.754113542
12/02/2016 15:30,4291.707454732141,0.7579,1.3089,304.6292,-2.96,0.6995,1.32,20070.0702,-510.6689,-0.6013,0.834458544
12/02/2016 16:00,4291.707454732141,0.6049,1.0134,304.3065,-2.6,0.573,1.65,16128.8091,-454.0949,-0.5239,0.448284573
12/02/2016 16:30,4291.707454732141,0.5193,0.825,303.7979,-2.43,0.4984,1.92,12031.5346,-369.4147,-0.4798,0.455614596
12/02/2016 17:00,4291.707454732141,0.3683,0.5225,303.2752,-2.54,0.3604,2.71,7742.026,-254.1884,-0.3558,0.295510117
12/02/2016 17:30,4291.707454732141,0.3001,0.3712,302.5574,-2.15,0.2958,3.32,3274.8101,-114.0426,-0.2975,0.559468912
12/02/2016 18:00,4291.707454732141,0.3868,0.3953,301.5752,-1.68,0.3778,2.58,450.2232,-16.1197,-0.3868,0.011584601
12/02/2016 18:30,4291.707454732141,0.2781,0.2539,301.0469,-1.41,0.2746,3.58,0.0,0.0,-0.2757,1.366725413
12/02/2016 19:00,4291.707454732141,0.2262,0.1774,300.5811,-0.55,0.2243,4.4,0.0,0.0,-0.2185,1.68029843
12/02/2016 19:30,4291.707454732141,0.245,0.1492,299.8426,0.6,0.2426,4.07,0.0,0.0,-0.2264,2.234796739
12/02/2016 20:00,4291.707454732141,0.1963,0.1206,299.8602,0.38,0.1951,5.07,0.0,0.0,-0.17,1.050605885
12/02/2016 20:30,4291.707454732141,0.0868,0.0509,299.5641,0.56,0.0867,11.39,0.0,0.0,-0.0689,1.205365579
12/02/2016 21:00,4291.711509964699,0.0,-0.0289,299.6079,-0.17,-0.0465,-21.98,0.0,0.0,0.0329,1.064972592
12/02/2016 21:30,4291.766334964699,0.0,-0.1128,299.6584,-0.24,-0.172,-5.82,0.0,0.0,0.1052,1.316938536
12/02/2016 22:00,4291.879409964699,0.0,-0.1819,299.6726,-0.13,-0.276,-3.59,0.0,0.0,0.1398,1.786622458
12/02/2016 22:30,4292.039584964699,0.0,-0.2292,299.5587,-0.04,-0.3538,-2.78,0.0,0.0,0.1382,2.837644099
12/02/2016 23:00,4292.224559964699,0.0,-0.2415,299.5073,0.47,-0.3702,-2.65,0.0,0.0,0.098,3.62897365
12/02/2016 23:30,4292.445584964699,0.0,-0.3071,299.3846,0.4,-0.486,-1.98,0.0,0.0,0.066,0.387476099
13/02/2016 00:00,4292.7067349647,0.0,-0.3278,299.5297,-1.35,-0.516,-1.86,0.0,0.0,0.0,0.10323761
13/02/2016 00:30,4292.9873599647,0.0,-0.3487,299.3604,-1.28,-0.5545,-1.72,0.0,0.0,-0.0761,0.657351922
13/02/2016 01:00,4293.3227599647,0.0,-0.4518,299.1699,-1.02,-0.6998,-1.32,0.0,0.0,-0.1963,0.543261326
13/02/2016 01:30,4293.7169599647,0.0,-0.4863,299.2449,-1.31,-0.747,-1.22,0.0,0.0,-0.3132,0.744458746
13/02/2016 02:00,4294.123584964699,0.0,-0.4575,298.9759,-0.83,-0.7389,-1.24,0.0,0.0,-0.404,-1.061640763
13/02/2016 02:30,4294.5390349647,0.0,-0.4761,298.7934,0.07,-0.7741,-1.17,0.0,0.0,-0.5198,1.95631475
13/02/2016 03:00,4294.9804099647,0.0,-0.4432,298.4186,0.31,-0.8175,-1.1,0.0,0.0,-0.6447,2.306075933
13/02/2016 03:30,4295.4564599647,0.0,-0.4263,297.9562,0.43,-0.8761,-1.01,0.0,0.0,-0.7874,1.752565046
13/02/2016 04:00,4295.9910349647,0.0,-0.406,297.5166,0.46,-0.9808,-0.87,0.0,0.0,-0.9923,-2.199971333
13/02/2016 04:30,4296.577959964699,0.0,-0.4766,297.7181,0.57,-1.0172,-0.83,0.0,0.0,-1.1104,0.880445866
13/02/2016 05:00,4297.1965849647,0.0,-0.4193,297.2697,0.82,-1.0616,-0.79,0.0,0.0,-1.2292,1.702258474
13/02/2016 05:30,4297.8560599647,0.0,-0.4691,297.2765,0.36,-1.1176,-0.73,0.0,0.0,-1.3536,0.493811675
13/02/2016 06:00,4298.5493849647,0.0,-0.4455,296.5607,-0.15,-1.1426,-0.71,0.0,0.0,-1.408,2.618892504
13/02/2016 06:30,4299.2987349647,0.0,-0.4101,296.1541,-0.36,-1.2434,-0.63,0.0,0.0,-1.5758,7.984609344
13/02/2016 07:00,4300.1340849647,0.0,-0.5759,297.73,0.4,-1.3269,-0.57,612.221,26.6139,-1.6923,1.551846902
13/02/2016 07:30,4301.065234964701,0.0,-0.8789,299.058,0.48,-1.4313,-0.51,1969.3856,81.2266,-1.8224,0.864733723
13/02/2016 08:00,4302.1136349647,0.0,-1.4791,300.6254,0.4,-1.5383,-0.45,5706.3612,216.1791,-1.9234,1.732256482
13/02/2016 08:30,4303.2418349647005,0.0,-1.7501,301.2359,0.27,-1.567,-0.44,9373.7624,313.7851,-1.8182,0.603297763
13/02/2016 09:00,4304.426184964701,0.0,-2.0938,302.0424,-1.09,-1.6268,-0.41,13069.2302,373.992,-1.7293,0.620135914
13/02/2016 09:30,4305.653284964701,0.0,-2.3444,302.6158,-1.51,-1.6333,-0.41,16548.221,390.9165,-1.4993,-1.026359179
13/02/2016 10:00,4306.958834964701,0.0,-3.0771,303.241,-2.09,-1.7395,-0.36,19460.5619,361.855,-1.3797,0.409202856
13/02/2016 10:30,4308.346934964701,0.0,-3.5726,304.022,-1.69,-1.7509,-0.36,24334.1275,334.1323,-1.0688,0.523789472
13/02/2016 11:00,4309.802284964701,0.0,-4.1918,304.5232,-1.38,-1.8274,-0.33,26332.4747,238.2988,-0.7838,0.043545674
13/02/2016 11:30,4311.338809964702,0.0,-4.623,304.9457,-1.45,-1.855,-0.32,27728.2695,125.0178,-0.4069,0.191957224
13/02/2016 12:00,4312.9713099647015,0.0,-5.4415,305.4962,-1.41,-1.9413,-0.29,29462.5326,0.0,0.0,0.653246323
13/02/2016 12:30,4314.682159964702,0.0,-6.041,305.7683,-1.28,-1.9466,-0.29,28793.2428,-119.3102,0.4478,0.07023576
13/02/2016 13:00,4316.445359964702,0.0,-6.8603,306.0799,-2.2,-1.9986,-0.28,32164.6523,-258.0541,0.9374,-0.067857284
13/02/2016 13:30,4318.330809964702,0.0,-7.7118,306.3467,-1.74,-2.0751,-0.26,31753.8421,-370.9301,1.5002,0.482661308
13/02/2016 14:00,4320.336334964702,0.0,-7.3025,306.4622,-1.69,-2.1192,-0.24,27925.5105,-418.9246,2.051,1.218092357
13/02/2016 14:30,4322.420459964702,0.0,-7.2752,306.3279,-1.47,-2.1501,-0.24,25777.5063,-468.4284,2.5778,1.179958219
13/02/2016 15:00,4324.594384964702,0.0,-7.8743,306.481,-1.56,-2.2009,-0.22,24973.7695,-533.9922,3.1545,0.855800726
13/02/2016 15:30,4326.881084964702,0.0,-8.1567,306.3404,-1.56,-2.2488,-0.21,21383.7733,-513.1545,3.7173,0.435793968
13/02/2016 16:00,4329.239259964702,0.0,-7.8505,306.1176,-1.96,-2.2616,-0.21,17020.1959,-452.1448,4.1111,-0.128864398
13/02/2016 16:30,4331.664484964702,0.0,-8.1596,305.9307,-2.22,-2.3033,-0.2,13025.6934,-376.8923,4.5767,0.382570168
13/02/2016 17:00,4334.142034964701,0.0,-7.6651,305.0833,-1.6,-2.3039,-0.2,5317.5609,-165.4225,4.7875,0.098828279
13/02/2016 17:30,4336.622584964702,0.0,-6.8479,304.4863,-1.49,-2.3057,-0.2,3056.2156,-100.7672,4.9233,0.653766019
13/02/2016 18:00,4339.114284964701,0.0,-6.2946,303.0845,-1.56,-2.3126,-0.2,441.7017,-15.07,5.001,0.360410908
13/02/2016 18:30,4341.6428599647015,0.0,-5.6107,302.0972,-2.05,-2.3344,-0.2,0.0,0.0,5.0696,-0.660839659
13/02/2016 19:00,4344.231709964702,0.0,-4.6288,301.3903,-1.81,-2.3588,-0.19,0.0,0.0,5.0635,1.38172153
13/02/2016 19:30,4346.853934964702,0.0,-4.0613,300.8511,-0.82,-2.3597,-0.19,0.0,0.0,4.8474,0.187912835
13/02/2016 20:00,4349.496759964702,0.0,-3.1156,299.8591,0.66,-2.3742,-0.19,0.0,0.0,4.6112,0.570297067
13/02/2016 20:30,4352.193359964702,0.0,-2.5473,298.8221,0.67,-2.3992,-0.18,0.0,0.0,4.3332,2.059641864
13/02/2016 21:00,4354.968809964702,0.0,-2.5025,298.2474,-0.03,-2.4308,-0.18,0.0,0.0,3.988,0.444880564
13/02/2016 21:30,4357.809134964702,0.0,-1.9615,297.3957,0.03,-2.4449,-0.17,0.0,0.0,3.483,0.212317181
13/02/2016 22:00,4360.694384964702,0.0,-1.7475,296.8866,0.04,-2.4617,-0.17,0.0,0.0,2.9098,1.235415557
13/02/2016 22:30,4363.629734964702,0.0,-1.6333,296.4302,0.25,-2.4788,-0.17,0.0,0.0,2.2662,1.013274389
13/02/2016 23:00,4366.645884964702,0.0,-1.5899,296.214,0.24,-2.515,-0.16,0.0,0.0,1.5899,3.024463262
13/02/2016 23:30,4369.756759964703,0.0,-1.6532,296.2576,-0.5,-2.54,-0.16,0.0,0.0,0.8224,3.681942221
14/02/2016 00:00,4372.912284964703,0.0,-1.654,295.9769,0.12,-2.5433,-0.16,0.0,0.0,0.0,0.252036969
14/02/2016 00:30,4376.090334964703,0.0,-1.5962,295.9089,-0.17,-2.5541,-0.16,0.0,0.0,-0.8342,0.608702602
14/02/2016 01:00,4379.292284964703,0.0,-1.6867,295.9066,0.29,-2.5581,-0.16,0.0,0.0,-1.6608,0.739128974
14/02/2016 01:30,4382.519809964703,0.0,-1.5255,295.2826,0.11,-2.5698,-0.15,0.0,0.0,-2.4848,0.569859368
14/02/2016 02:00,4385.815159964704,0.0,-1.5444,295.6621,0.58,-2.599,-0.15,0.0,0.0,-3.3442,1.541377915
14/02/2016 02:30,4389.177459964703,0.0,-1.6106,295.7481,-0.27,-2.6097,-0.15,0.0,0.0,-4.1158,0.818492328
14/02/2016 03:00,4392.554809964703,0.0,-1.7071,296.7086,0.49,-2.6079,-0.15,0.0,0.0,-4.7719,0.10391668
14/02/2016 03:30,4395.986934964703,0.0,-1.9672,296.9124,0.52,-2.6413,-0.14,0.0,0.0,-5.5376,0.315943409
14/02/2016 04:00,4399.489109964703,0.0,-2.121,297.2806,0.51,-2.6482,-0.14,0.0,0.0,-6.087,0.967714373
14/02/2016 04:30,4402.999234964703,0.0,-1.9213,296.8138,0.29,-2.6458,-0.14,0.0,0.0,-6.4781,0.923066712
14/02/2016 05:00,4406.539134964703,0.0,-1.8579,296.333,0.13,-2.6648,-0.14,0.0,0.0,-6.9042,-0.017768118
14/02/2016 05:30,4410.124109964702,0.0,-1.8415,296.7847,0.71,-2.6709,-0.14,0.0,0.0,-7.1306,1.025885678
14/02/2016 06:00,4413.743709964702,0.0,-1.8026,296.6281,0.7,-2.6838,-0.14,0.0,0.0,-7.2863,3.728200939
14/02/2016 06:30,4417.399409964703,0.0,-1.886,296.6518,-0.18,-2.6906,-0.14,0.0,0.0,-7.2737,2.167195838
14/02/2016 07:00,4421.090534964703,0.0,-1.8751,296.8925,0.5,-2.7029,-0.13,601.1045,26.44,-7.1749,4.301887579
14/02/2016 07:30,4424.845634964703,0.0,-2.3815,297.9154,0.21,-2.7246,-0.13,1992.4391,83.2176,-7.0145,0.839551565
14/02/2016 08:00,4428.693834964704,0.0,-3.3326,299.0085,0.48,-2.7514,-0.13,4433.8909,168.415,-6.7553,1.070920224
14/02/2016 08:30,4432.644634964703,0.0,-4.5375,300.0707,0.13,-2.7768,-0.12,7548.4268,250.8827,-6.349,1.028466835
14/02/2016 09:00,4436.673359964703,0.0,-6.8618,301.6244,-0.83,-2.7903,-0.12,11352.7027,319.0609,-5.7361,0.133815946
14/02/2016 09:30,4440.722309964704,0.0,-7.7144,302.143,-1.11,-2.7868,-0.12,14697.8053,341.3757,-4.921,-0.176048752
14/02/2016 10:00,4444.800009964703,0.0,-9.4378,302.7184,-1.19,-2.8043,-0.12,18846.9433,346.8337,-4.1136,-0.446164213
14/02/2016 10:30,4448.962334964704,0.0,-12.1657,303.5302,-0.7,-2.8275,-0.12,23465.5815,317.1985,-3.223,0.303489183
14/02/2016 11:00,4453.180584964704,0.0,-14.5038,304.2422,-0.83,-2.8309,-0.12,25468.1792,228.7179,-2.1872,0.842715936
14/02/2016 11:30,4457.459759964703,0.0,-15.0914,304.5199,0.31,-2.8559,-0.12,25565.6437,115.5866,-1.1311,0.593042429
14/02/2016 12:00,4461.844159964703,0.0,-15.5622,305.1455,-0.26,-2.8792,-0.11,29078.1436,0.0,0.0,0.223073156
14/02/2016 12:30,4466.327634964703,0.0,-16.5837,305.4697,-1.18,-2.9003,-0.11,29669.0481,-124.721,1.1829,1.425145018
14/02/2016 13:00,4470.917909964703,0.0,-16.1195,305.609,0.48,-2.9259,-0.11,29922.7075,-244.8488,2.4067,1.873752379
14/02/2016 13:30,4475.613309964702,0.0,-17.2568,305.9741,0.06,-2.9454,-0.11,29282.2378,-350.6204,3.6289,1.174443667
14/02/2016 14:00,4480.393409964702,0.0,-17.8015,306.1632,-0.13,-2.9615,-0.1,27149.7997,-419.8856,4.8189,0.830814898
14/02/2016 14:30,4485.243359964702,0.0,-19.0941,306.2053,-1.42,-2.9743,-0.1,24242.4539,-458.1767,5.9428,0.811193486
14/02/2016 15:00,4490.176284964702,0.0,-19.9803,306.383,-1.01,-2.9952,-0.1,21790.2729,-480.0015,7.0496,1.779595013
14/02/2016 15:30,4495.216334964702,0.0,-20.2087,306.3162,-1.11,-3.017,-0.1,17624.5075,-437.9099,8.0847,1.12990572
14/02/2016 16:00,4500.328459964701,0.0,-20.7686,305.7749,-1.8,-3.0236,-0.1,15079.9087,-413.278,8.8836,0.517126969
14/02/2016 16:30,4505.498534964701,0.0,-22.336,305.4687,-1.94,-3.0394,-0.1,11217.7137,-333.4561,9.629,0.513430199
14/02/2016 17:00,4510.745009964701,0.0,-21.8891,305.1256,-1.64,-3.0528,-0.09,7548.0064,-240.3037,10.2036,1.430942515
14/02/2016 17:30,4516.053409964701,0.0,-18.3657,304.4955,-1.27,-3.0628,-0.09,3196.9399,-107.1894,10.5788,1.305256925
14/02/2016 18:00,4521.382684964701,0.0,-16.1765,303.1847,-1.46,-3.0606,-0.09,391.8758,-13.4897,10.647,-0.392117561
14/02/2016 18:30,4526.714284964702,0.0,-13.439,302.3337,-0.35,-3.0636,-0.09,0.0,0.0,10.588,0.639041299
14/02/2016 19:00,4532.084984964702,0.0,-12.178,301.9243,-0.54,-3.0751,-0.09,0.0,0.0,10.4353,-0.966848213
14/02/2016 19:30,4537.479384964702,0.0,-10.6359,301.2316,0.73,-3.0724,-0.09,0.0,0.0,9.9541,0.376590777
14/02/2016 20:00,4542.901509964702,0.0,-9.0203,300.3729,1.08,-3.0853,-0.09,0.0,0.0,9.4521,0.385696428
14/02/2016 20:30,4548.409709964702,0.0,-8.4325,300.157,0.92,-3.1038,-0.09,0.0,0.0,8.8209,1.188388843
14/02/2016 21:00,4553.954434964702,0.0,-8.4589,300.3194,0.48,-3.0986,-0.09,0.0,0.0,7.8209,-0.392569119
14/02/2016 21:30,4559.517884964702,0.0,-7.3559,299.7489,0.6,-3.1105,-0.09,0.0,0.0,6.8141,2.749370846
14/02/2016 22:00,4565.125809964702,0.0,-5.9442,299.2776,0.63,-3.1144,-0.09,0.0,0.0,5.6192,1.031336712
14/02/2016 22:30,4570.765034964702,0.0,-6.3942,299.4901,0.67,-3.1215,-0.09,0.0,0.0,4.3314,0.092423314
14/02/2016 23:00,4576.448459964702,0.0,-6.0961,298.7779,0.09,-3.13,-0.09,0.0,0.0,2.9544,1.293436728
14/02/2016 23:30,4582.181009964702,0.0,-5.6845,298.4401,-0.44,-3.1387,-0.09,0.0,0.0,1.503,-0.239700541
15/02/2016 00:00,4587.946184964702,0.0,-5.574,298.6091,-0.51,-3.1413,-0.09,0.0,0.0,0.0,13.96388506
15/02/2016 00:30,4593.728109964703,0.0,-4.2627,297.9266,-1.05,-3.1445,-0.09,0.0,0.0,-1.5118,1.055675808
15/02/2016 01:00,4599.566584964702,0.0,-4.4031,298.8065,-0.14,-3.1607,-0.08,0.0,0.0,-3.0468,3.924010843
15/02/2016 01:30,4605.456834964703,0.0,-4.6118,298.7638,-0.65,-3.1621,-0.08,0.0,0.0,-4.5115,3.103058621
15/02/2016 02:00,4611.385259964703,0.0,-3.9622,298.1486,-0.56,-3.1735,-0.08,0.0,0.0,-5.9623,-0.137651302
15/02/2016 02:30,4617.369209964702,0.0,-3.7703,298.0511,-0.13,-3.1807,-0.08,0.0,0.0,-7.312,2.154157243
15/02/2016 03:00,4623.390859964702,0.0,-3.6378,298.293,-0.2,-3.186,-0.08,0.0,0.0,-8.5385,7.541770608
15/02/2016 03:30,4629.452509964702,0.0,-3.5288,298.5337,-0.12,-3.1939,-0.08,0.0,0.0,-9.6561,3.097365062
15/02/2016 04:00,4635.539559964702,0.0,-4.7104,299.7846,0.69,-3.1944,-0.08,0.0,0.0,-10.5455,3.06337117
15/02/2016 04:30,4641.638059964702,0.0,-5.2334,300.1609,0.42,-3.1977,-0.08,0.0,0.0,-11.2871,-1.642395269
15/02/2016 05:00,4647.785584964702,0.0,-5.1473,300.0407,-0.45,-3.2103,-0.08,0.0,0.0,-11.9514,1.322528155
15/02/2016 05:30,4653.980809964703,0.0,-4.5018,299.6519,-0.16,-3.2131,-0.08,0.0,0.0,-12.3017,-0.030891308
15/02/2016 06:00,4660.211134964703,0.0,-4.4284,299.5516,-0.1,-3.2215,-0.08,0.0,0.0,-12.5134,-0.91991389
15/02/2016 06:30,4666.500184964703,0.0,-4.5002,299.4028,0.04,-3.2318,-0.08,41.3754,1.7007,-12.5346,-0.663836573
15/02/2016 07:00,4672.828609964703,0.0,-5.0888,299.5306,0.44,-3.234,-0.08,572.506,22.8417,-12.2391,0.022120167
15/02/2016 07:30,4679.180734964703,0.0,-5.5991,299.8985,0.28,-3.2392,-0.08,1109.0471,42.4452,-11.768,2.02421592
15/02/2016 08:00,4685.565109964703,0.0,-6.3846,300.4259,0.7,-3.2441,-0.08,2933.9278,103.5816,-11.085,4.280839891
15/02/2016 08:30,4692.012284964703,0.0,-8.0413,301.561,-0.07,-3.2587,-0.08,6025.5991,192.294,-10.3047,2.28632171
15/02/2016 09:00,4698.526659964703,0.0,-8.5559,301.8898,-1.33,-3.2648,-0.08,4961.1442,137.6249,-9.241,0.527790554
15/02/2016 09:30,4704.663634964703,0.0,-7.4533,301.797,-0.94,-3.1356,-0.09,3487.8701,82.1068,-6.9881,0.456499234
15/02/2016 10:00,4710.341934964703,0.0,-7.6776,301.9064,-0.55,-3.1141,-0.09,3002.1888,57.7344,-5.617,0.744435648
15/02/2016 10:30,4715.674684964703,0.0,-7.9443,302.6068,-0.6,-3.0078,-0.1,6759.0646,98.8377,-3.864,0.075476605
15/02/2016 11:00,4720.585034964703,0.0,-9.1865,303.5049,-1.2,-2.9518,-0.1,13213.8196,128.1855,-2.4703,0.454502447
15/02/2016 11:30,4725.353559964703,0.0,-9.5957,303.4423,-1.68,-2.9503,-0.1,10348.9434,49.1739,-1.2439,0.475677749
15/02/2016 12:00,4730.104759964703,0.0,-10.12,303.7371,-1.85,-2.9446,-0.11,11321.941,0.0,0.0,-0.09734368
15/02/2016 12:30,4734.856034964702,0.0,-9.1116,303.4777,-2.34,-2.9503,-0.1,10520.3126,-48.7288,1.2439,-0.064341829
15/02/2016 13:00,4739.155659964702,0.0,-7.3655,303.4988,-2.09,-2.7345,-0.13,11593.9276,-105.958,1.9848,0.018062323
15/02/2016 13:30,4742.690309964702,0.0,-6.1543,302.8717,-3.17,-2.5663,-0.15,4888.7023,-65.7815,2.476,0.15886587
15/02/2016 14:00,4745.877634964701,0.0,-5.9484,302.2423,-2.45,-2.5367,-0.16,5928.4868,-106.3215,3.1396,0.488709992
15/02/2016 14:30,4748.876884964701,0.0,-5.3511,302.3065,-1.89,-2.4443,-0.17,6549.5641,-144.0434,3.4808,-0.152017432
15/02/2016 15:00,4751.727409964701,0.0,-6.6922,302.8514,-1.58,-2.4385,-0.18,9808.8227,-251.8477,4.0194,1.021762757
15/02/2016 15:30,4754.573759964701,0.0,-7.2384,303.1574,-2.36,-2.4414,-0.18,8835.8239,-254.1672,4.523,-0.454200445
15/02/2016 16:00,4757.425334964701,0.0,-6.6515,302.4762,-3.13,-2.4421,-0.18,5774.3629,-181.4494,4.9408,0.481290466
15/02/2016 16:30,4760.2764349647005,0.0,-5.8428,302.2636,-3.07,-2.4411,-0.18,5868.0185,-199.6076,5.2654,-0.010778437
15/02/2016 17:00,4763.129534964701,0.0,-5.2544,301.8265,-2.71,-2.4435,-0.18,4691.6642,-169.0339,5.5185,0.255894268
15/02/2016 17:30,4765.983609964701,0.0,-4.9846,301.2614,-2.6,-2.4418,-0.18,3486.6764,-129.9078,5.6543,0.077871249
15/02/2016 18:00,4768.847259964701,0.0,-5.0174,300.6494,-2.55,-2.4501,-0.17,615.972,-23.4656,5.7515,0.487376683
15/02/2016 18:30,4771.688609964701,0.0,-4.9618,300.4279,-1.44,-2.4262,-0.18,0.0,0.0,5.5659,0.138856997
15/02/2016 19:00,4774.529484964701,0.0,-5.6392,300.4389,-1.29,-2.4498,-0.17,0.0,0.0,5.5537,0.672977448
15/02/2016 19:30,4777.416459964701,0.0,-5.5017,300.2669,-0.54,-2.4581,-0.17,0.0,0.0,5.3569,1.475087803
15/02/2016 20:00,4780.323559964701,0.0,-5.5649,300.638,-0.66,-2.4635,-0.17,0.0,0.0,5.049,5.851950192
15/02/2016 20:30,4783.239334964702,0.0,-4.9694,300.8155,-1.02,-2.4639,-0.17,0.0,0.0,4.6276,1.205469518
15/02/2016 21:00,4786.147809964702,0.0,-4.8183,300.7046,-0.5,-2.4585,-0.17,0.0,0.0,4.1019,-0.134680951
15/02/2016 21:30,4789.084759964702,0.0,-4.5967,300.672,-1.57,-2.483,-0.17,0.0,0.0,3.6202,0.129023194
15/02/2016 22:00,4792.048984964702,0.0,-4.7197,300.753,-2.21,-2.4769,-0.17,0.0,0.0,2.955,0.557886727
15/02/2016 22:30,4795.012359964702,0.0,-4.5871,300.5758,-0.77,-2.4824,-0.17,0.0,0.0,2.2745,1.42550303
15/02/2016 23:00,4797.973034964703,0.0,-4.6756,300.5887,-0.27,-2.4751,-0.17,0.0,0.0,1.5268,0.015772312
15/02/2016 23:30,4800.923059964703,0.0,-4.6159,300.6253,0.04,-2.4754,-0.17,0.0,0.0,0.7702,-0.24461802
16/02/2016 00:00,4803.881434964703,0.0,-4.76,300.7009,-0.46,-2.4806,-0.17,0.0,0.0,0.0,1.316551651
16/02/2016 00:30,4806.842234964703,0.0,-4.5598,300.6025,-0.31,-2.477,-0.17,0.0,0.0,-0.7715,1.235363587
16/02/2016 01:00,4809.777784964703,0.0,-4.2701,300.5743,-0.59,-2.4637,-0.17,0.0,0.0,-1.5093,0.28066067
16/02/2016 01:30,4812.719809964703,0.0,-4.129,300.446,-1.5,-2.4813,-0.17,0.0,0.0,-2.2718,0.149901692
16/02/2016 02:00,4815.688109964704,0.0,-4.241,300.2668,-1.46,-2.4813,-0.17,0.0,0.0,-2.9684,0.799881437
16/02/2016 02:30,4818.649059964703,0.0,-4.2005,300.125,-0.62,-2.4764,-0.17,0.0,0.0,-3.596,0.637418693
16/02/2016 03:00,4821.602684964703,0.0,-4.1471,299.9529,-0.02,-2.4764,-0.17,0.0,0.0,-4.1772,0.869405213
16/02/2016 03:30,4824.568159964703,0.0,-4.048,299.857,-1.12,-2.4843,-0.17,0.0,0.0,-4.724,0.887063328
16/02/2016 04:00,4827.545259964703,0.0,-3.8828,299.6094,-0.36,-2.4842,-0.17,0.0,0.0,-5.1562,1.3793598
16/02/2016 04:30,4830.485209964703,0.0,-3.6508,299.6833,-0.57,-2.4594,-0.17,0.0,0.0,-5.364,-0.614222928
16/02/2016 05:00,4833.451859964704,0.0,-3.7909,299.5893,-0.66,-2.5017,-0.17,0.0,0.0,-5.8542,0.706347706
16/02/2016 05:30,4836.466409964703,0.0,-3.8723,299.5779,-1.05,-2.4914,-0.17,0.0,0.0,-5.9462,0.339916408
16/02/2016 06:00,4839.462084964704,0.0,-3.877,299.6953,-1.18,-2.4893,-0.17,0.0,0.0,-5.9852,0.581066323
16/02/2016 06:30,4842.460934964704,0.0,-3.6755,299.5897,-1.11,-2.4935,-0.17,0.0,0.0,-5.9588,0.979956101
16/02/2016 07:00,4845.467684964703,0.0,-3.6351,299.3917,-0.62,-2.4945,-0.17,656.0747,27.0243,-5.8118,0.239170451
16/02/2016 07:30,4848.489059964703,0.0,-4.0011,299.8972,-1.42,-2.503,-0.16,1358.5886,53.5712,-5.6067,0.752947114
16/02/2016 08:00,4851.556834964704,0.0,-4.214,300.2991,-1.31,-2.5245,-0.16,3657.5428,133.6508,-5.3714,0.285854743
16/02/2016 08:30,4854.470409964703,0.0,-4.0906,300.7178,-1.86,-2.3974,-0.18,5530.5596,182.213,-4.3253,0.098790745
16/02/2016 09:00,4857.225259964704,0.0,-4.6671,301.1322,-2.5,-2.4181,-0.18,10116.6443,290.6765,-3.9368,-0.24635265
16/02/2016 09:30,4860.016384964703,0.0,-5.6284,301.8901,-2.58,-2.4233,-0.18,13523.7426,320.4645,-3.4072,-0.227626271
16/02/2016 10:00,4862.823959964703,0.0,-5.6518,301.7824,-3.28,-2.4296,-0.18,10580.8638,203.4782,-2.8167,-0.841462891
16/02/2016 10:30,4865.666359964704,0.0,-5.7739,301.9526,-3.17,-2.4475,-0.17,9265.947,136.6972,-2.1952,-0.10464079
16/02/2016 11:00,4868.508009964704,0.0,-5.8619,302.385,-3.02,-2.4291,-0.18,12158.58,120.987,-1.4572,-0.515461632
16/02/2016 11:30,4871.226284964704,0.0,-5.8557,302.6227,-3.44,-2.359,-0.19,13371.9259,66.4909,-0.6843,-0.127350927
16/02/2016 12:00,4873.867634964704,0.0,-5.6077,302.6592,-3.46,-2.3738,-0.19,11811.8532,0.0,0.0,-0.58846333
16/02/2016 12:30,4876.529059964704,0.0,-5.4674,302.753,-3.38,-2.3739,-0.19,15840.7776,-76.5224,0.6948,-0.215232676
16/02/2016 13:00,4878.914834964704,0.0,-3.9231,302.1204,-2.61,-2.1467,-0.24,10887.2352,-103.5965,1.0922,0.455559739
16/02/2016 13:30,4880.982709964704,0.0,-4.1866,302.7606,-3.0,-2.1071,-0.25,16603.8495,-233.5178,1.5504,0.72372865
16/02/2016 14:00,4882.782984964703,0.0,-3.2961,302.521,-3.3,-1.8647,-0.32,11066.8821,-199.9798,1.5748,0.736484299
16/02/2016 14:30,4884.108484964703,0.0,-2.0584,301.5961,-3.68,-1.5098,-0.46,8095.4315,-178.4928,1.3103,0.265152941
16/02/2016 15:00,4885.096159964704,0.0,-1.6831,301.2871,-3.29,-1.3496,-0.56,6817.307,-178.1435,1.2716,-0.552484776
16/02/2016 15:30,4885.646859964703,0.0,-0.3813,301.0828,-3.44,-0.3942,-2.48,8947.1665,-266.4514,0.3209,-0.546364489
16/02/2016 16:00,4885.699900761513,0.3667,0.3535,301.3533,-2.8,0.3589,2.72,7581.9824,-248.2491,-0.3176,-0.444855734
16/02/2016 16:30,4885.699900761513,0.5912,0.6019,301.5867,-2.58,0.5613,1.69,7884.7605,-277.6131,-0.5462,-0.62643001
16/02/2016 17:00,4885.699900761513,0.7072,0.7042,301.1927,-2.45,0.6586,1.41,4002.172,-147.3247,-0.6831,-0.229302001
16/02/2016 17:30,4885.699900761513,0.8711,0.8162,300.9277,-1.87,0.7872,1.15,2302.757,-87.7087,-0.8636,0.128734474
16/02/2016 18:00,4885.699900761513,0.9089,0.7749,300.5948,-1.23,0.8155,1.1,517.5609,-20.0217,-0.9089,1.259061725
16/02/2016 18:30,4885.699900761513,0.8565,0.6523,300.0156,-0.52,0.7762,1.17,0.0,0.0,-0.8492,0.539144179
16/02/2016 19:00,4885.699900761513,0.8577,0.5802,299.5535,-0.4,0.7771,1.16,0.0,0.0,-0.8285,2.54371559
16/02/2016 19:30,4885.699900761513,0.8047,0.4977,299.2444,0.44,0.7363,1.24,0.0,0.0,-0.7434,2.402560382
16/02/2016 20:00,4885.699900761513,0.7885,0.443,298.9581,0.44,0.7237,1.27,0.0,0.0,-0.6829,1.34009388
16/02/2016 20:30,4885.699900761513,0.7452,0.4181,299.0303,0.45,0.6893,1.34,0.0,0.0,-0.5912,1.87359647
16/02/2016 21:00,4885.699900761513,0.8263,0.4539,298.9708,0.52,0.7531,1.21,0.0,0.0,-0.5843,1.440758995
16/02/2016 21:30,4885.699900761513,0.839,0.4437,298.8372,0.33,0.7628,1.19,0.0,0.0,-0.5108,2.210578906
16/02/2016 22:00,4885.699900761513,0.8375,0.4573,298.8539,0.42,0.7617,1.19,0.0,0.0,-0.4188,1.210666478
16/02/2016 22:30,4885.699900761513,0.7692,0.4337,298.8942,-0.15,0.7084,1.3,0.0,0.0,-0.2944,0.675033134
16/02/2016 23:00,4885.699900761513,0.7253,0.3633,298.5814,0.59,0.6733,1.38,0.0,0.0,-0.1877,0.989224013
16/02/2016 23:30,4885.699900761513,0.8115,0.4163,298.7359,0.42,0.7416,1.23,0.0,0.0,-0.1059,0.743754269
17/02/2016 00:00,4885.699900761513,0.747,0.3857,298.9128,0.5,0.6907,1.34,0.0,0.0,0.0,1.403918323
17/02/2016 00:30,4885.699900761513,0.8004,0.4354,299.1594,0.04,0.733,1.25,0.0,0.0,0.1045,0.633665333
17/02/2016 01:00,4885.699900761513,0.8896,0.4939,299.1597,0.02,0.8011,1.12,0.0,0.0,0.2302,1.228532472
17/02/2016 01:30,4885.699900761513,0.8844,0.4589,298.9247,0.73,0.7972,1.13,0.0,0.0,0.3384,0.322178606
17/02/2016 02:00,4885.699900761513,0.9178,0.4206,298.4895,0.99,0.822,1.09,0.0,0.0,0.4589,0.148364546
17/02/2016 02:30,4885.699900761513,0.9188,0.441,298.5732,0.97,0.8228,1.09,0.0,0.0,0.5593,1.70335561
17/02/2016 03:00,4885.699900761513,0.8836,0.4319,298.5514,0.37,0.7966,1.13,0.0,0.0,0.6248,1.250388576
17/02/2016 03:30,4885.699900761513,0.8872,0.418,298.3916,0.27,0.7993,1.13,0.0,0.0,0.7039,0.681725664
17/02/2016 04:00,4885.699900761513,0.9086,0.4231,298.3378,0.11,0.8152,1.1,0.0,0.0,0.7869,-0.199732454
17/02/2016 04:30,4885.699900761513,0.8765,0.374,298.0586,0.55,0.7913,1.14,0.0,0.0,0.8098,0.72954347
17/02/2016 05:00,4885.699900761513,0.8453,0.3693,298.2137,0.64,0.7677,1.18,0.0,0.0,0.8165,0.363753131
17/02/2016 05:30,4885.699900761513,0.8215,0.3596,298.212,1.02,0.7494,1.22,0.0,0.0,0.8145,0.224991989
17/02/2016 06:00,4885.699900761513,0.7797,0.3338,298.0666,1.12,0.7167,1.28,0.0,0.0,0.7797,0.471223377
17/02/2016 06:30,4885.699900761513,0.7354,0.3399,298.1107,1.04,0.6814,1.36,0.0,0.0,0.7291,1.239515381
17/02/2016 07:00,4885.699900761513,0.7424,0.4081,298.6577,0.85,0.6871,1.35,613.2122,25.9561,0.7171,0.271475332
17/02/2016 07:30,4885.699900761513,0.736,0.488,299.5895,0.21,0.6819,1.36,2733.3996,110.0842,0.68,-1.038554712
17/02/2016 08:00,4885.699900761513,0.6338,0.4774,300.337,0.35,0.5976,1.58,5714.1442,213.2096,0.5489,-0.035525726
17/02/2016 08:30,4885.699900761513,0.5512,0.4847,301.4422,-0.48,0.5265,1.81,9004.8339,300.8006,0.4373,-2.204307907
17/02/2016 09:00,4885.699900761513,0.5191,0.5121,302.2833,-1.03,0.4982,1.92,13321.7792,385.5882,0.3671,-1.242633557
17/02/2016 09:30,4885.699900761513,0.5292,0.5601,302.3749,-1.92,0.5072,1.89,14229.8923,340.7793,0.3222,-1.302398597
17/02/2016 10:00,4885.699900761513,0.456,0.5573,303.0482,-3.18,0.4415,2.19,20058.3866,379.1756,0.228,-1.908589334
17/02/2016 10:30,4885.699900761513,0.4675,0.5913,303.4393,-2.96,0.452,2.13,23618.7728,331.5669,0.1789,-1.76229491
17/02/2016 11:00,4885.699900761513,0.3147,0.4264,303.45,-2.92,0.3097,3.17,23976.9825,221.3949,0.0815,-1.51438837
17/02/2016 11:30,4885.699900761513,0.1294,0.195,303.8055,-3.25,0.129,7.67,27245.1315,125.395,0.0169,-1.241357414
17/02/2016 12:00,4885.701407319146,0.0,-0.0485,304.1876,-3.07,-0.0311,-33.22,28598.8564,0.0,0.0,-1.68583608
17/02/2016 12:30,4885.705065450765,0.035,0.0516,304.3782,-3.18,0.035,27.78,29143.0434,-127.1367,-0.0046,-0.809432294
17/02/2016 13:00,4885.710595056028,0.0,-0.0569,304.2508,-3.06,-0.041,-25.0,30255.098,-255.6512,0.0106,-1.128958718
17/02/2016 13:30,4885.771545056028,0.0,-0.3009,304.5599,-3.1,-0.2014,-4.96,29870.3842,-370.6518,0.0776,-0.920416262
17/02/2016 14:00,4885.903995056028,0.0,-0.4838,304.3753,-3.28,-0.3214,-3.07,25717.7442,-412.4077,0.1635,-0.516910429
17/02/2016 14:30,4886.117070056028,0.0,-0.747,304.3918,-2.86,-0.5037,-1.91,21485.9792,-422.8851,0.3198,0.075406735
17/02/2016 15:00,4886.434720056028,0.0,-1.0085,304.066,-2.96,-0.6894,-1.34,23085.2212,-532.0638,0.527,-0.385073371
17/02/2016 15:30,4886.818895056028,0.0,-1.0894,304.1143,-2.66,-0.7259,-1.27,18361.9388,-477.1538,0.6279,0.842894942
17/02/2016 16:00,4887.254145056028,0.0,-1.1628,303.3688,-3.02,-0.8453,-1.05,13373.4194,-382.4875,0.8224,0.168634423
17/02/2016 16:30,4887.776620056028,0.0,-1.3017,302.8248,-2.33,-0.9772,-0.88,4048.9888,-126.2923,1.0535,0.192058276
17/02/2016 17:00,4888.391370056028,0.0,-1.4921,302.5614,-2.38,-1.0898,-0.76,4315.0565,-143.527,1.2738,0.093823606
17/02/2016 17:30,4889.068595056028,0.0,-1.5029,302.233,-1.83,-1.1323,-0.72,1890.4436,-66.0885,1.3783,0.747461434
17/02/2016 18:00,4889.772120056028,0.0,-1.4013,301.6253,-1.36,-1.1518,-0.7,426.7389,-15.2953,1.4239,0.908290022
17/02/2016 18:30,4890.489070056028,0.0,-1.2677,300.9586,-1.19,-1.1632,-0.69,0.0,0.0,1.4315,1.487254464
17/02/2016 19:00,4891.230645056028,0.0,-1.1928,300.4782,-0.89,-1.2071,-0.66,0.0,0.0,1.4705,1.773162331
17/02/2016 19:30,4892.040920056028,0.0,-1.197,300.0041,0.03,-1.3103,-0.58,0.0,0.0,1.5879,2.291328115
17/02/2016 20:00,4892.920195056028,0.0,-1.2295,299.872,-0.1,-1.3497,-0.56,0.0,0.0,1.5575,1.559832898
17/02/2016 20:30,4893.851445056028,0.0,-1.3442,299.8792,0.01,-1.4103,-0.52,0.0,0.0,1.5285,1.68843456
17/02/2016 21:00,4894.849995056028,0.0,-1.252,299.378,0.82,-1.4735,-0.48,0.0,0.0,1.462,3.861751262
17/02/2016 21:30,4895.898720056028,0.0,-1.2136,299.1519,0.61,-1.4992,-0.47,0.0,0.0,1.295,1.273081968
17/02/2016 22:00,4896.995770056028,0.0,-1.2958,299.161,0.72,-1.5546,-0.44,0.0,0.0,1.1305,1.227845318
17/02/2016 22:30,4898.160295056028,0.0,-1.3576,299.1207,0.58,-1.6084,-0.42,0.0,0.0,0.9174,2.040424661
17/02/2016 23:00,4899.3708950560285,0.0,-1.3858,299.1569,0.5,-1.6267,-0.41,0.0,0.0,0.6329,1.582890077
17/02/2016 23:30,4900.620395056028,0.0,-1.4179,299.1463,0.63,-1.6667,-0.39,0.0,0.0,0.3332,1.890890798
18/02/2016 00:00,4901.929145056029,0.0,-1.4132,298.9387,0.43,-1.7129,-0.37,0.0,0.0,0.0,1.323382766
18/02/2016 00:30,4903.274270056028,0.0,-1.3081,298.6506,1.11,-1.7185,-0.37,0.0,0.0,-0.3522,0.791063928
18/02/2016 01:00,4904.652670056028,0.0,-1.414,298.8597,1.29,-1.7584,-0.36,0.0,0.0,-0.7287,0.347256825
18/02/2016 01:30,4906.064820056028,0.0,-1.3236,298.5758,1.18,-1.7644,-0.35,0.0,0.0,-1.0843,0.097977709
18/02/2016 02:00,4907.528245056028,0.0,-1.2776,298.2554,1.09,-1.8249,-0.33,0.0,0.0,-1.5102,-0.554815901
18/02/2016 02:30,4909.022945056028,0.0,-1.2737,298.3193,0.99,-1.8052,-0.34,0.0,0.0,-1.801,-0.47864579
18/02/2016 03:00,4910.526170056029,0.0,-1.307,298.2388,0.93,-1.8355,-0.33,0.0,0.0,-2.1599,-0.045608983
18/02/2016 03:30,4912.096320056028,0.0,-1.4145,298.3465,1.13,-1.8876,-0.31,0.0,0.0,-2.5594,0.626857315
18/02/2016 04:00,4913.7456450560285,0.0,-1.401,298.109,1.19,-1.9297,-0.3,0.0,0.0,-2.9195,-0.303678583
18/02/2016 04:30,4915.4385450560285,0.0,-1.4817,298.3371,0.65,-1.938,-0.29,0.0,0.0,-3.1416,-0.802543435
18/02/2016 05:00,4917.177795056028,0.0,-1.4729,298.1695,0.96,-1.9812,-0.28,0.0,0.0,-3.4354,-0.168919101
18/02/2016 05:30,4918.985645056028,0.0,-1.5411,298.3064,0.77,-2.0127,-0.27,0.0,0.0,-3.6434,-0.077838912
18/02/2016 06:00,4920.832895056028,0.0,-1.6265,298.3445,0.89,-2.023,-0.27,0.0,0.0,-3.7142,1.208645438
18/02/2016 06:30,4922.713895056028,0.0,-1.6735,298.3779,0.53,-2.0475,-0.26,62.8581,2.719,-3.7772,0.43988513
18/02/2016 07:00,4924.654220056028,0.0,-1.7101,298.5404,0.57,-2.0829,-0.25,1008.644,42.8253,-3.8169,2.212981056
18/02/2016 07:30,4926.675670056028,0.0,-2.6927,300.2609,0.32,-2.1268,-0.24,3885.902,157.4608,-3.8196,1.405569802
18/02/2016 08:00,4928.785970056028,0.0,-3.3143,300.9193,0.23,-2.1666,-0.23,5838.7765,214.9885,-3.7299,1.744740734
18/02/2016 08:30,4930.978770056028,0.0,-3.7012,301.4893,0.28,-2.2016,-0.22,9272.6019,303.86,-3.5418,-0.306587148
18/02/2016 09:00,4933.226045056028,0.0,-4.0525,301.9308,-0.8,-2.2147,-0.22,9558.757,270.2544,-3.1995,0.242823914
18/02/2016 09:30,4935.512520056028,0.0,-4.0601,302.0491,-0.28,-2.2353,-0.22,8163.4923,194.0499,-2.8131,0.802624277
18/02/2016 10:00,4937.844570056028,0.0,-3.8628,301.8198,0.26,-2.2533,-0.21,7557.8235,145.1753,-2.3536,0.596247221
18/02/2016 10:30,4940.249320056028,0.0,-4.6055,302.8662,0.32,-2.295,-0.2,16802.5659,244.2105,-1.8797,0.072678908
18/02/2016 11:00,4942.755920056027,0.0,-6.0858,304.3238,-0.7,-2.3346,-0.2,24846.8127,236.7757,-1.3237,1.059007637
18/02/2016 11:30,4945.352420056027,0.0,-6.4682,304.4468,0.13,-2.3643,-0.19,25050.4034,116.8179,-0.6881,2.381443402
18/02/2016 12:00,4948.005320056027,0.0,-6.1152,303.7845,0.17,-2.377,-0.19,18085.5294,0.0,0.0,2.437847741
18/02/2016 12:30,4950.742170056027,0.0,-7.1173,304.4143,0.4,-2.4251,-0.18,24293.0465,-107.4874,0.7319,-0.08608822
18/02/2016 13:00,4953.613445056028,0.0,-9.1251,305.5683,-0.39,-2.4715,-0.17,26728.6103,-230.9037,1.5213,0.557975075
18/02/2016 13:30,4956.565420056028,0.0,-7.5364,304.4023,-1.2,-2.4802,-0.17,15868.6725,-197.0369,2.2694,1.274115586
18/02/2016 14:00,4959.573070056027,0.0,-7.7385,304.6856,-1.17,-2.5082,-0.16,25542.6366,-418.4574,3.0503,0.390403142
18/02/2016 14:30,4962.677845056027,0.0,-8.7344,304.9749,-1.25,-2.5428,-0.16,25941.7866,-513.9069,3.8465,-0.232088727
18/02/2016 15:00,4965.902520056027,0.0,-8.9934,304.662,-1.1,-2.5829,-0.15,18436.1518,-420.1201,4.6528,-1.183469054
18/02/2016 15:30,4969.195070056027,0.0,-8.9374,304.6359,-1.55,-2.5844,-0.15,15369.0586,-397.1692,5.2283,-0.402703769
18/02/2016 16:00,4972.527470056028,0.0,-8.1899,303.8868,-0.72,-2.6066,-0.15,9582.4259,-271.7297,5.8366,0.461649421
18/02/2016 16:30,4975.919245056028,0.0,-9.1487,303.9311,-1.38,-2.6194,-0.15,8406.7295,-262.925,6.3079,0.527306082
18/02/2016 17:00,4979.365120056028,0.0,-8.4834,303.4516,-1.58,-2.6379,-0.14,7306.832,-242.6214,6.7189,0.515900487
18/02/2016 17:30,4982.865845056028,0.0,-7.3701,302.6747,-1.35,-2.6507,-0.14,3369.6035,-117.2614,6.9867,0.815841878
18/02/2016 18:00,4986.394820056028,0.0,-6.787,301.6184,-1.33,-2.6538,-0.14,530.878,-18.8522,7.0689,0.534885559
18/02/2016 18:30,4989.914195056028,0.0,-6.0684,300.9381,-0.66,-2.6453,-0.14,0.0,0.0,6.9486,1.27031603
18/02/2016 19:00,4993.462395056028,0.0,-5.5885,300.5362,0.52,-2.6698,-0.14,0.0,0.0,6.9394,1.026653674
18/02/2016 19:30,4997.0644450560285,0.0,-5.1063,300.2262,0.94,-2.6753,-0.14,0.0,0.0,6.6741,-0.779064725
18/02/2016 20:00,5000.725170056028,0.0,-4.9775,300.0593,0.76,-2.7017,-0.13,0.0,0.0,6.425,5.472121709
18/02/2016 20:30,5004.461845056028,0.0,-4.7913,299.9278,-0.1,-2.7161,-0.13,0.0,0.0,5.9722,1.640518589
18/02/2016 21:00,5008.243320056028,0.0,-4.8928,299.9555,-0.31,-2.7253,-0.13,0.0,0.0,5.3727,2.62100016
18/02/2016 21:30,5012.041795056028,0.0,-4.6646,299.7709,-0.18,-2.725,-0.13,0.0,0.0,4.624,9.8626752
18/02/2016 22:00,5015.881370056028,0.0,-4.7878,299.7194,-0.39,-2.7466,-0.13,0.0,0.0,3.8813,3.66611459
18/02/2016 22:30,5019.798595056028,0.0,-5.0234,299.8071,-0.05,-2.7648,-0.13,0.0,0.0,3.0256,0.409264065
18/02/2016 23:00,5023.720470056028,0.0,-4.76,299.7249,0.15,-2.7489,-0.13,0.0,0.0,2.0139,1.065486514
18/02/2016 23:30,5027.652220056028,0.0,-4.6746,299.6311,0.39,-2.7697,-0.13,0.0,0.0,1.0371,0.294782543
19/02/2016 00:00,5031.640270056028,0.0,-4.2604,299.2847,1.08,-2.7773,-0.12,0.0,0.0,0.0,0.957707338
19/02/2016 00:30,5035.675295056028,0.0,-4.0202,299.0271,1.04,-2.7929,-0.12,0.0,0.0,-1.0617,0.411532826
19/02/2016 01:00,5039.767695056028,0.0,-3.7687,298.9247,1.07,-2.8053,-0.12,0.0,0.0,-2.1316,0.460268185
19/02/2016 01:30,5043.899645056028,0.0,-3.449,298.5283,0.87,-2.8121,-0.12,0.0,0.0,-3.1732,4.121887982
19/02/2016 02:00,5048.068545056028,0.0,-3.5351,298.7144,0.68,-2.823,-0.12,0.0,0.0,-4.1918,2.278254874
19/02/2016 02:30,5052.247345056027,0.0,-3.4842,298.6467,0.73,-2.8168,-0.12,0.0,0.0,-5.072,2.224114099
19/02/2016 03:00,5056.413345056028,0.0,-3.1196,298.1694,0.68,-2.8169,-0.12,0.0,0.0,-5.8919,1.557638626
19/02/2016 03:30,5060.626545056028,0.0,-3.1711,298.1121,0.61,-2.839,-0.12,0.0,0.0,-6.7597,0.805465282
19/02/2016 04:00,5064.905495056028,0.0,-2.6423,297.4465,0.93,-2.8477,-0.12,0.0,0.0,-7.4438,7.460929008
19/02/2016 04:30,5069.238920056027,0.0,-2.4815,297.6865,0.33,-2.8641,-0.11,0.0,0.0,-8.0731,0.002765938
19/02/2016 05:00,5073.618445056028,0.0,-3.1424,298.4136,0.83,-2.8688,-0.11,0.0,0.0,-8.4806,2.723097326
19/02/2016 05:30,5078.017145056027,0.0,-3.3544,298.4944,0.78,-2.8728,-0.11,0.0,0.0,-8.7396,8.883972144
19/02/2016 06:00,5082.471170056027,0.0,-3.9237,298.8867,0.47,-2.8936,-0.11,0.0,0.0,-9.0011,1.319577437
19/02/2016 06:30,5086.976395056027,0.0,-3.6883,298.7964,0.78,-2.8956,-0.11,79.0801,3.4267,-8.9426,-0.372370846
19/02/2016 07:00,5091.518220056028,0.0,-4.3115,299.484,0.92,-2.9096,-0.11,801.6796,33.8741,-8.8358,-0.014835935
19/02/2016 07:30,5096.117195056027,0.0,-4.6475,300.1148,0.84,-2.9205,-0.11,2407.4905,96.7057,-8.5444,-0.56026578
19/02/2016 08:00,5100.579995056028,0.0,-5.4657,301.319,0.58,-2.8486,-0.12,6105.4493,223.3829,-7.4502,1.056472675
19/02/2016 08:30,5104.898895056028,0.0,-6.916,302.256,0.32,-2.8566,-0.12,10014.0577,320.7382,-6.8806,0.439333675
19/02/2016 09:00,5108.897995056028,0.0,-7.2795,303.1129,-1.14,-2.6889,-0.14,12367.4639,337.2587,-5.1786,-0.052023764
19/02/2016 09:30,5112.558220056028,0.0,-9.3022,303.9495,-1.73,-2.688,-0.14,15450.582,348.489,-4.4545,-0.110966067
19/02/2016 10:00,5116.216295056028,0.0,-9.5474,303.8983,-2.39,-2.6877,-0.14,12423.1305,224.9752,-3.6575,1.601720395
19/02/2016 10:30,5119.910220056027,0.0,-10.0396,304.1431,-2.57,-2.7073,-0.13,17150.832,236.602,-2.8551,-0.236467454
19/02/2016 11:00,5123.671220056028,0.0,-11.2185,304.8029,-2.75,-2.7234,-0.13,24034.0272,220.6621,-1.9627,-0.51009606
19/02/2016 11:30,5127.501295056028,0.0,-11.7911,304.9058,-2.18,-2.7433,-0.13,16722.4093,76.721,-1.0099,0.044201126
19/02/2016 12:00,5131.381745056027,0.0,-11.6938,305.0222,-2.62,-2.7494,-0.13,24703.3771,0.0,0.0,0.482536581
19/02/2016 12:30,5135.282695056028,0.0,-13.3371,305.4026,-3.46,-2.7538,-0.13,30467.4166,-134.8524,1.0206,-0.639387763
19/02/2016 13:00,5139.220195056028,0.0,-12.9627,304.8464,-2.77,-2.7679,-0.13,14567.2626,-124.6375,2.0527,-0.153734161
19/02/2016 13:30,5143.201945056027,0.0,-12.7931,304.7982,-2.01,-2.776,-0.13,8876.6507,-114.5296,3.0599,0.076133154
19/02/2016 14:00,5147.242670056027,0.0,-12.7732,304.9816,-0.2,-2.797,-0.12,5162.1041,-88.4831,4.0835,0.519809178
19/02/2016 14:30,5151.349370056028,0.0,-12.5366,304.8825,0.5,-2.8082,-0.12,8266.8815,-174.6204,5.0283,0.713455992
19/02/2016 15:00,5155.491595056027,0.0,-10.3411,303.7656,0.2,-2.8141,-0.12,4157.1279,-101.6788,5.8754,0.054615315
19/02/2016 15:30,5159.680670056027,0.0,-9.6971,303.4746,0.16,-2.8305,-0.12,4558.9273,-126.5514,6.7017,0.173604449
19/02/2016 16:00,5163.941345056028,0.0,-11.1005,304.4957,0.44,-2.8477,-0.12,6604.8233,-203.7743,7.4438,0.281271601
19/02/2016 16:30,5168.126345056028,0.0,-10.425,304.2419,-1.03,-2.7942,-0.12,1584.24,-51.7373,7.5246,0.343984473
19/02/2016 17:00,5172.1563950560285,0.0,-7.0673,302.7986,-0.64,-2.7734,-0.13,896.1989,-30.6104,7.7038,0.347437564
19/02/2016 17:30,5175.468945056028,0.0,-3.8491,301.972,-0.92,-2.3649,-0.19,308.133,-10.997,5.2295,0.080001425
19/02/2016 18:00,5178.086795056028,0.0,-3.8023,301.796,0.55,-2.3503,-0.19,298.7702,-11.0166,5.1968,0.223021187
19/02/2016 18:30,5180.708645056028,0.0,-2.6591,301.025,0.87,-2.3679,-0.19,0.0,0.0,5.2453,-0.345004232
19/02/2016 19:00,5183.376745056028,0.0,-2.3201,300.5558,0.67,-2.3847,-0.19,0.0,0.0,5.1984,0.764057059
19/02/2016 19:30,5186.108370056028,0.0,-2.3532,300.3309,0.84,-2.414,-0.18,0.0,0.0,5.1226,-0.601963877
19/02/2016 20:00,5188.899070056028,0.0,-3.293,300.584,0.13,-2.427,-0.18,0.0,0.0,4.8654,-0.298622519
19/02/2016 20:30,5191.707820056028,0.0,-3.4234,300.5201,0.38,-2.4268,-0.18,0.0,0.0,4.4562,1.270287158
19/02/2016 21:00,5194.550020056028,0.0,-3.4811,300.3288,-0.94,-2.4501,-0.17,0.0,0.0,4.0672,-0.148687335
19/02/2016 21:30,5197.4081950560285,0.0,-3.0293,299.9239,0.69,-2.4379,-0.18,0.0,0.0,3.4583,0.122636707
19/02/2016 22:00,5200.343945056028,0.0,-2.8621,299.6051,0.87,-2.502,-0.16,0.0,0.0,3.0311,0.027595973
19/02/2016 22:30,5203.336070056028,0.0,-2.672,299.5186,0.88,-2.4763,-0.17,0.0,0.0,2.2602,0.162963384
19/02/2016 23:00,5206.280320056027,0.0,-2.7974,299.6487,0.72,-2.4703,-0.17,0.0,0.0,1.5194,0.141599837
19/02/2016 23:30,5209.202445056028,0.0,-2.648,299.4199,0.75,-2.4614,-0.17,0.0,0.0,0.7594,0.278691022
20/02/2016 00:00,5212.132870056027,0.0,-2.4761,299.196,0.93,-2.4759,-0.17,0.0,0.0,0.0,0.027978469
20/02/2016 00:30,5215.079845056027,0.0,-2.7768,299.487,0.5,-2.4725,-0.17,0.0,0.0,-0.768,0.336270452
20/02/2016 01:00,5217.997120056027,0.0,-2.4706,299.2124,0.71,-2.4558,-0.17,0.0,0.0,-1.4973,0.542552808
20/02/2016 01:30,5220.881670056026,0.0,-2.3582,299.136,0.63,-2.4504,-0.17,0.0,0.0,-2.2016,0.265111943
20/02/2016 02:00,5223.756495056026,0.0,-2.3956,299.3703,0.65,-2.4492,-0.17,0.0,0.0,-2.8731,0.452241192
20/02/2016 02:30,5226.627795056026,0.0,-2.5124,299.4311,0.78,-2.4479,-0.17,0.0,0.0,-3.4937,-0.346163731
20/02/2016 03:00,5229.493695056026,0.0,-2.2461,299.0483,0.65,-2.4455,-0.17,0.0,0.0,-4.0479,-0.349806223
20/02/2016 03:30,5232.365770056026,0.0,-1.9723,298.9242,0.61,-2.4522,-0.17,0.0,0.0,-4.5727,0.447452482
20/02/2016 04:00,5235.253195056026,0.0,-2.3384,299.3954,0.29,-2.456,-0.17,0.0,0.0,-5.0108,0.279810101
20/02/2016 04:30,5238.146420056026,0.0,-2.404,299.1887,0.63,-2.4561,-0.17,0.0,0.0,-5.3464,-0.023609096
20/02/2016 05:00,5241.041995056025,0.0,-2.1928,299.0853,0.79,-2.4576,-0.17,0.0,0.0,-5.5979,0.981082109
20/02/2016 05:30,5243.957795056025,0.0,-2.1685,298.8656,0.55,-2.4698,-0.17,0.0,0.0,-5.8176,0.482123134
20/02/2016 06:00,5246.929595056025,0.0,-1.978,298.3957,0.52,-2.495,-0.17,0.0,0.0,-6.0194,0.314928269
20/02/2016 06:30,5249.917845056026,0.0,-1.886,298.0487,-0.1,-2.4808,-0.17,0.0,0.0,-5.8828,-0.194121469
20/02/2016 07:00,5252.919045056025,0.0,-1.8301,298.2935,0.5,-2.5034,-0.16,825.873,34.3406,-5.8643,2.071750781
20/02/2016 07:30,5256.012095056026,0.0,-2.9532,300.2245,0.22,-2.5401,-0.16,3632.5196,144.3445,-5.8214,0.515365777
20/02/2016 08:00,5259.161045056026,0.0,-4.6474,301.5927,-0.21,-2.5391,-0.16,6030.7887,219.6306,-5.4515,-0.323699005
20/02/2016 08:30,5262.360120056026,0.0,-5.3406,302.1889,-1.04,-2.571,-0.15,9964.1473,321.0841,-5.158,1.427622235
20/02/2016 09:00,5265.646295056026,0.0,-6.0202,302.5632,-0.73,-2.5924,-0.15,13482.9345,370.9679,-4.6975,0.800678304
20/02/2016 09:30,5268.965895056026,0.0,-6.4214,303.0913,-0.42,-2.5912,-0.15,16357.5602,371.0079,-4.0393,1.238452891
20/02/2016 10:00,5272.310970056026,0.0,-7.0624,303.6401,0.42,-2.6074,-0.15,20885.0803,371.0924,-3.3726,0.613928434
20/02/2016 10:30,5275.698445056027,0.0,-7.5296,304.1015,0.14,-2.6161,-0.15,25202.6898,325.2834,-2.6041,0.426401329
20/02/2016 11:00,5279.105720056026,0.0,-8.219,304.5975,0.76,-2.619,-0.15,27352.7269,230.075,-1.7663,0.945858269
20/02/2016 11:30,5282.5519950560265,0.0,-9.1707,305.0917,0.27,-2.6386,-0.14,30277.3832,127.0737,-0.9086,0.717007248
20/02/2016 12:00,5286.068945056027,0.0,-10.0952,305.14,0.54,-2.6591,-0.14,30763.7659,0.0,0.0,1.2768642
20/02/2016 12:30,5289.681445056027,0.0,-10.9251,305.2557,0.24,-2.6915,-0.14,33924.509,-134.1423,0.9585,1.180258488
20/02/2016 13:00,5293.370945056027,0.0,-11.5951,305.3235,0.13,-2.7012,-0.13,33298.8149,-260.2164,1.9191,1.363485974
20/02/2016 13:30,5297.113570056027,0.0,-12.336,305.3863,0.23,-2.7198,-0.13,32153.2732,-370.9534,2.8914,1.282667472
20/02/2016 14:00,5300.874795056027,0.0,-12.5162,305.6901,0.38,-2.7111,-0.13,31742.2479,-480.2156,3.7447,0.971323373
20/02/2016 14:30,5304.230345056028,0.0,-10.3152,306.0641,-0.93,-2.4807,-0.17,27866.0048,-516.8723,3.6117,0.267967384
20/02/2016 15:00,5307.019245056027,0.0,-9.5221,306.2253,-1.44,-2.3552,-0.19,25127.1882,-545.3531,3.6931,-0.186015367
20/02/2016 15:30,5309.606420056027,0.0,-9.0696,305.9388,-2.05,-2.3368,-0.2,20890.4828,-512.9537,4.0666,-0.513404791
20/02/2016 16:00,5312.222270056027,0.0,-9.6588,305.6206,-1.98,-2.3766,-0.19,17385.855,-473.4777,4.6224,-1.007315208
20/02/2016 16:30,5314.961720056027,0.0,-10.0842,305.2521,-2.1,-2.4274,-0.18,13007.2426,-384.6711,5.1925,-1.323469382
20/02/2016 17:00,5317.832770056027,0.0,-9.8352,304.7985,-1.93,-2.4692,-0.17,8547.2297,-271.1327,5.6641,-0.33794676
20/02/2016 17:30,5320.791570056027,0.0,-9.0561,304.1566,-1.14,-2.4871,-0.17,4282.4618,-143.0052,5.9202,-0.653483074
20/02/2016 18:00,5323.784570056027,0.0,-7.3014,302.5904,-0.82,-2.4919,-0.17,427.6145,-14.6193,6.0007,0.739452341
20/02/2016 18:30,5326.825295056027,0.0,-6.7189,301.7782,-0.27,-2.5181,-0.16,0.0,0.0,6.1095,1.53618673
20/02/2016 19:00,5329.933895056027,0.0,-5.2801,300.7084,0.91,-2.5356,-0.16,0.0,0.0,6.0585,3.721560379
20/02/2016 19:30,5333.121245056027,0.0,-5.1735,300.6712,0.54,-2.5673,-0.15,0.0,0.0,5.9842,0.33992276
20/02/2016 20:00,5336.397995056027,0.0,-4.1819,300.1789,0.98,-2.5904,-0.15,0.0,0.0,5.7416,-0.269774771
20/02/2016 20:30,5339.750470056027,0.0,-4.1888,300.1566,0.27,-2.6125,-0.15,0.0,0.0,5.379,-0.271728828
20/02/2016 21:00,5343.177595056027,0.0,-4.6973,300.514,-0.5,-2.6339,-0.14,0.0,0.0,4.8991,-0.273783937
20/02/2016 21:30,5346.689845056027,0.0,-4.7784,300.5088,-0.55,-2.661,-0.14,0.0,0.0,4.3347,-0.392976792
20/02/2016 22:00,5350.295820056027,0.0,-3.7721,299.6513,0.91,-2.6861,-0.14,0.0,0.0,3.6517,-0.101341875
20/02/2016 22:30,5353.973895056027,0.0,-3.3175,299.33,0.62,-2.7004,-0.13,0.0,0.0,2.8353,-0.57542127
20/02/2016 23:00,5357.700245056027,0.0,-3.1359,299.0622,0.84,-2.712,-0.13,0.0,0.0,1.9402,-0.6683868
20/02/2016 23:30,5361.485695056027,0.0,-3.8222,299.5367,0.3,-2.7315,-0.13,0.0,0.0,0.9979,0.054199616
21/02/2016 00:00,5365.341945056027,0.0,-3.6274,299.2375,0.46,-2.7488,-0.13,0.0,0.0,0.0,-0.542306818
21/02/2016 00:30,5369.221570056026,0.0,-3.4862,298.9911,0.4,-2.7436,-0.13,0.0,0.0,-1.0101,-1.193112302
21/02/2016 01:00,5373.104320056026,0.0,-2.8468,298.0695,0.76,-2.7503,-0.13,0.0,0.0,-2.0167,0.998208979
21/02/2016 01:30,5377.042145056026,0.0,-2.5548,297.9292,0.9,-2.7714,-0.13,0.0,0.0,-3.0459,1.23519613
21/02/2016 02:00,5381.050420056026,0.0,-2.9698,298.3911,0.58,-2.7856,-0.12,0.0,0.0,-4.037,-1.062720576
21/02/2016 02:30,5385.140420056026,0.0,-3.1439,298.3547,0.44,-2.8113,-0.12,0.0,0.0,-5.0443,0.132798496
21/02/2016 03:00,5389.286995056026,0.0,-3.0262,298.1924,0.65,-2.813,-0.12,0.0,0.0,-5.8691,1.114205126
21/02/2016 03:30,5393.429020056026,0.0,-2.7404,297.9074,0.38,-2.8092,-0.12,0.0,0.0,-6.5594,-0.197308938
21/02/2016 04:00,5397.566820056027,0.0,-3.0204,298.1802,0.39,-2.811,-0.12,0.0,0.0,-7.1735,0.438302367
21/02/2016 04:30,5401.757095056027,0.0,-2.995,297.8939,0.4,-2.8341,-0.12,0.0,0.0,-7.8325,0.163994115
21/02/2016 05:00,5406.008345056027,0.0,-2.716,297.5867,0.51,-2.8398,-0.12,0.0,0.0,-8.2366,-0.112265307
21/02/2016 05:30,5410.261570056027,0.0,-2.5732,297.448,0.49,-2.835,-0.12,0.0,0.0,-8.4131,0.123233203
21/02/2016 06:00,5414.564370056028,0.0,-2.6247,297.343,0.51,-2.8627,-0.11,0.0,0.0,-8.7255,2.124574992
21/02/2016 06:30,5418.954545056028,0.0,-2.5245,297.4068,0.19,-2.8751,-0.11,74.5768,3.233,-8.7596,1.37107931
21/02/2016 07:00,5423.388095056028,0.0,-2.9924,298.1473,-0.22,-2.8822,-0.11,746.4838,31.8203,-8.5958,0.148060236
21/02/2016 07:30,5427.881245056028,0.0,-4.6246,299.9848,0.34,-2.9015,-0.11,3649.1225,146.5804,-8.3829,0.328019989
21/02/2016 08:00,5432.455370056028,0.0,-6.7237,301.2602,0.27,-2.9178,-0.11,6192.6132,224.6737,-7.9873,1.055554546
21/02/2016 08:30,5437.0860450560285,0.0,-7.94,302.1656,-0.72,-2.926,-0.11,10510.3147,330.1027,-7.378,0.318644096
21/02/2016 09:00,5441.751495056029,0.0,-8.7817,302.8891,-0.53,-2.9326,-0.11,14190.2996,379.2161,-6.6199,-1.142534333
21/02/2016 09:30,5446.308245056029,0.0,-8.5298,302.936,-1.44,-2.8784,-0.11,8866.4005,198.2925,-5.3967,-1.335162542
21/02/2016 10:00,5450.658920056028,0.0,-8.9603,303.3742,-2.12,-2.8411,-0.12,15487.9189,285.0188,-4.2689,-2.254787712
21/02/2016 10:30,5454.945970056028,0.0,-10.4338,304.195,-2.32,-2.8495,-0.12,18617.1261,256.9227,-3.2951,-2.568089333
21/02/2016 11:00,5459.259270056028,0.0,-10.9564,303.7019,-3.28,-2.8532,-0.12,12994.879,119.9901,-2.2369,-2.246328216
21/02/2016 11:30,5463.631270056028,0.0,-10.5266,303.2649,-2.55,-2.8762,-0.11,14750.3317,69.2805,-1.1545,-3.091642632
21/02/2016 12:00,5468.116920056028,0.0,-11.5606,304.5735,-2.3,-2.9041,-0.11,15418.5379,0.0,0.0,-3.537726581
21/02/2016 12:30,5472.662920056028,0.0,-11.8389,304.2591,-2.82,-2.903,-0.11,15868.7959,-72.0199,1.1861,-2.984643
21/02/2016 13:00,5477.242170056028,0.0,-13.3105,305.092,-2.89,-2.9186,-0.11,30066.7811,-267.5096,2.389,-2.340040954
21/02/2016 13:30,5481.876545056028,0.0,-14.7028,305.3176,-3.7,-2.9268,-0.11,28618.3971,-367.2631,3.5617,-1.223191152
21/02/2016 14:00,5486.540470056028,0.0,-15.9099,305.4978,-3.62,-2.9312,-0.11,28158.0069,-468.5193,4.6743,-0.515324779
21/02/2016 14:30,5491.244120056028,0.0,-16.1111,305.4728,-3.41,-2.9436,-0.11,26785.494,-539.5756,5.7626,-4.638789173
21/02/2016 15:00,5495.980520056028,0.0,-15.6395,305.2769,-3.53,-2.945,-0.11,23548.5183,-549.7298,6.703,-2.307507984
21/02/2016 15:30,5500.567620056027,0.0,-14.358,305.0693,-3.16,-2.8789,-0.11,20369.0375,-534.5631,7.0362,-3.089090347
21/02/2016 16:00,5504.861395056028,0.0,-13.7282,304.7868,-3.43,-2.8138,-0.12,16613.0978,-481.1828,7.1934,-1.35794255
21/02/2016 16:30,5509.043895056027,0.0,-13.2155,304.5262,-3.24,-2.8277,-0.12,12570.2694,-394.0758,7.7826,-1.601957146
21/02/2016 17:00,5513.323945056028,0.0,-12.0959,303.8562,-3.05,-2.8593,-0.12,8325.2583,-277.3916,8.4001,-1.472951275
21/02/2016 17:30,5517.671520056028,0.0,-10.9439,303.215,-2.53,-2.8591,-0.12,4055.3236,-141.8712,8.6195,-2.333019283
21/02/2016 18:00,5522.029095056028,0.0,-9.4281,302.2721,-2.73,-2.8639,-0.11,457.7155,-16.5002,8.7364,0.530379217
21/02/2016 18:30,5526.355820056027,0.0,-7.9612,301.6881,-2.23,-2.8449,-0.12,0.0,0.0,8.4972,-9.345981888
21/02/2016 19:00,5530.663920056028,0.0,-7.1246,301.2785,-1.94,-2.8554,-0.12,0.0,0.0,8.3668,-5.003840966
21/02/2016 19:30,5535.034695056028,0.0,-6.9163,301.0021,-1.54,-2.8735,-0.11,0.0,0.0,8.1497,-4.456768536
21/02/2016 20:00,5539.454120056028,0.0,-7.2541,301.0717,-1.54,-2.8775,-0.11,0.0,0.0,7.67,-4.560216912
21/02/2016 20:30,5543.908220056028,0.0,-6.9936,301.0046,-1.23,-2.889,-0.11,0.0,0.0,7.1084,0.689324774
21/02/2016 21:00,5548.403870056028,0.0,-6.7001,300.9251,-1.27,-2.8959,-0.11,0.0,0.0,6.38,-4.094263253
21/02/2016 21:30,5552.939670056027,0.0,-6.7826,300.9357,-1.5,-2.9067,-0.11,0.0,0.0,5.5522,-7.566023088
21/02/2016 22:00,5557.505645056028,0.0,-6.6755,300.8289,-1.88,-2.9092,-0.11,0.0,0.0,4.5717,2.726400283
21/02/2016 22:30,5562.079295056028,0.0,-6.8623,300.9168,-1.71,-2.91,-0.11,0.0,0.0,3.502,-2.936576894
21/02/2016 23:00,5566.681095056028,0.0,-6.9691,300.9013,-1.72,-2.9213,-0.11,0.0,0.0,2.3956,-3.54369731
21/02/2016 23:30,5571.335195056028,0.0,-6.5106,300.6249,-1.11,-2.9325,-0.11,0.0,0.0,1.2218,0.031836404
22/02/2016 00:00,5576.017595056028,0.0,-6.1272,300.3802,-0.37,-2.9334,-0.11,0.0,0.0,0.0,-6.153547104
22/02/2016 00:30,5580.734145056028,0.0,-5.6404,299.8656,0.68,-2.9469,-0.11,0.0,0.0,-1.2396,-6.102501408
22/02/2016 01:00,5585.482620056028,0.0,-3.8872,298.7486,0.67,-2.9469,-0.11,0.0,0.0,-2.458,-10.23991675
22/02/2016 01:30,5590.2300200560285,0.0,-3.8444,298.8024,0.8,-2.9464,-0.11,0.0,0.0,-3.6327,-7.76101317
22/02/2016 02:00,5595.012070056028,0.0,-3.8877,298.7447,0.67,-2.9613,-0.1,0.0,0.0,-4.8178,-5.28210959
22/02/2016 02:30,5599.8336700560285,0.0,-4.2121,298.912,0.61,-2.9629,-0.1,0.0,0.0,-5.8751,-2.80320601
22/02/2016 03:00,5604.670195056028,0.0,-4.4882,299.0386,0.75,-2.9674,-0.1,0.0,0.0,-6.8555,-0.32430243
22/02/2016 03:30,5609.534495056028,0.0,-4.2812,298.8139,0.67,-2.9743,-0.1,0.0,0.0,-7.7447,-15.55432805
22/02/2016 04:00,5614.426595056028,0.0,-4.0843,298.6587,0.67,-2.9788,-0.1,0.0,0.0,-8.4926,-13.06071115
22/02/2016 04:30,5619.327120056028,0.0,-4.8856,299.2026,0.63,-2.9777,-0.1,0.0,0.0,-9.05,-14.68060358
22/02/2016 05:00,5624.261170056028,0.0,-4.1638,298.715,0.62,-2.9923,-0.1,0.0,0.0,-9.6018,-5.230006891
22/02/2016 05:30,5629.241620056028,0.0,-4.42,298.9872,0.59,-2.9964,-0.1,0.0,0.0,-9.8959,-1.849811717
22/02/2016 06:00,5634.237120056028,0.0,-4.3723,298.9683,0.48,-2.9983,-0.1,0.0,0.0,-10.0007,0.344852942
22/02/2016 06:30,5639.280795056028,0.0,-4.788,299.0505,-0.03,-3.0154,-0.1,57.6159,2.5032,-10.087,-0.854593877
22/02/2016 07:00,5644.405620056028,0.0,-4.7315,299.2209,0.51,-3.0301,-0.1,988.1794,41.846,-9.9735,0.70582801
22/02/2016 07:30,5649.605995056028,0.0,-6.774,301.0109,-0.35,-3.0445,-0.1,3984.575,161.1763,-9.6787,0.144976706
22/02/2016 08:00,5654.850295056029,0.0,-8.566,302.0852,-1.02,-3.0469,-0.1,5984.8667,216.592,-9.0941,0.825490901
22/02/2016 08:30,5659.694370056029,0.0,-7.7768,302.6607,-1.16,-2.8796,-0.11,10698.2308,337.3401,-7.0412,0.306841222
22/02/2016 09:00,5664.047620056029,0.0,-8.5397,303.3925,-0.53,-2.8411,-0.12,12441.0899,335.2583,-6.0371,0.203939104
22/02/2016 09:30,5668.0547950560285,0.0,-9.5199,304.4044,-2.4,-2.7113,-0.13,19710.8869,440.3386,-4.5602,0.390248388
22/02/2016 10:00,5671.723745056029,0.0,-9.201,304.4948,-1.6,-2.6699,-0.14,16441.1483,294.8556,-3.5924,-0.333635593
22/02/2016 10:30,5675.194995056028,0.0,-9.3384,304.6188,-2.75,-2.6008,-0.15,17763.0752,239.7755,-2.5641,0.360558733
22/02/2016 11:00,5678.527670056028,0.0,-9.9329,305.1751,-2.44,-2.5905,-0.15,21461.9005,194.222,-1.7161,-0.071186226
22/02/2016 11:30,5681.905620056028,0.0,-11.3098,305.6484,-3.28,-2.6272,-0.15,24975.9411,113.2343,-0.8982,0.33171676
22/02/2016 12:00,5685.386370056028,0.0,-10.9115,305.7196,-3.19,-2.65,-0.14,29411.8348,0.0,0.0,0.175216661
22/02/2016 12:30,5688.971420056028,0.0,-10.3673,305.1522,-3.06,-2.6855,-0.14,27531.6052,-119.1906,0.9526,-0.015441323
22/02/2016 13:00,5692.631620056028,0.0,-10.4003,305.1836,-3.31,-2.6914,-0.14,27018.6475,-229.7287,1.9003,0.450458057
22/02/2016 13:30,5696.137495056028,0.0,-9.9569,304.8317,-3.52,-2.598,-0.15,20176.6913,-253.6559,2.5568,1.242142733
22/02/2016 14:00,5699.514920056027,0.0,-9.808,304.2219,-3.32,-2.6196,-0.15,16657.4585,-274.9663,3.4143,0.89777484
22/02/2016 14:30,5702.939995056027,0.0,-10.4473,304.7236,-3.1,-2.6258,-0.15,17187.4488,-350.4037,4.1833,0.434137293
22/02/2016 15:00,5706.323120056028,0.0,-10.1602,305.2808,-2.98,-2.595,-0.15,24117.9296,-573.0494,4.7098,0.36595491
22/02/2016 15:30,5709.649795056028,0.0,-10.0126,305.5597,-2.45,-2.5928,-0.15,19170.5787,-506.293,5.2726,0.663507432
22/02/2016 16:00,5712.949120056028,0.0,-10.2821,305.6407,-2.17,-2.5786,-0.15,16825.4565,-482.3328,5.6736,0.772481909
22/02/2016 16:30,5716.195995056028,0.0,-9.6769,305.1389,-2.44,-2.5611,-0.16,11800.0602,-361.3468,5.9463,0.128400136
22/02/2016 17:00,5719.424795056028,0.0,-9.031,304.5124,-2.5,-2.5676,-0.15,7558.3566,-247.7371,6.2582,0.530400005
22/02/2016 17:30,5722.606745056028,0.0,-7.7239,303.4804,-2.21,-2.5319,-0.16,3433.6052,-118.5317,6.1953,0.17152451
22/02/2016 18:00,5725.718370056027,0.0,-6.316,302.6281,-1.24,-2.5238,-0.16,539.2156,-19.0401,6.1977,0.818313322
22/02/2016 18:30,5728.840095056027,0.0,-5.6647,302.1045,-0.56,-2.5382,-0.16,0.0,0.0,6.2354,0.646750123
22/02/2016 19:00,5732.007770056027,0.0,-5.2649,301.745,0.23,-2.5526,-0.16,0.0,0.0,6.1641,1.027190693
22/02/2016 19:30,5735.208595056027,0.0,-5.04,301.5432,0.01,-2.5589,-0.16,0.0,0.0,5.933,0.468927475
22/02/2016 20:00,5738.433370056026,0.0,-4.7033,301.3751,-1.13,-2.5674,-0.15,0.0,0.0,5.6095,0.769178952
22/02/2016 20:30,5741.677670056027,0.0,-4.3705,301.1409,-0.49,-2.5708,-0.15,0.0,0.0,5.1567,0.88891691
22/02/2016 21:00,5744.923845056027,0.0,-4.1659,300.9414,-0.16,-2.5685,-0.15,0.0,0.0,4.5854,-2.63500308
22/02/2016 21:30,5748.119345056027,0.0,-3.6412,300.5252,0.56,-2.5395,-0.16,0.0,0.0,3.8335,-5.669733226
22/02/2016 22:00,5751.257570056026,0.0,-3.6196,300.4514,0.57,-2.533,-0.16,0.0,0.0,3.1279,-13.3032937
22/02/2016 22:30,5754.388920056026,0.0,-3.3072,300.0842,0.96,-2.5352,-0.16,0.0,0.0,2.3993,-8.95984776
22/02/2016 23:00,5757.504170056026,0.0,-3.0833,299.9117,0.92,-2.5228,-0.16,0.0,0.0,1.6024,-3.577720075
22/02/2016 23:30,5760.583920056026,0.0,-2.6911,299.4464,1.23,-2.5126,-0.16,0.0,0.0,0.7998,-11.05855344
23/02/2016 00:00,5763.634970056026,0.0,-2.6355,299.4289,0.74,-2.5043,-0.16,0.0,0.0,0.0,-7.82257968
23/02/2016 00:30,5766.654145056026,0.0,-3.0486,299.8047,0.51,-2.4918,-0.17,0.0,0.0,-0.7832,-2.666057803
23/02/2016 01:00,5769.644345056026,0.0,-2.9715,299.635,0.58,-2.4853,-0.17,0.0,0.0,-1.5427,-5.937988752
23/02/2016 01:30,5772.628070056026,0.0,-2.5022,299.0868,0.68,-2.4875,-0.17,0.0,0.0,-2.2863,1.027127174
23/02/2016 02:00,5775.638245056027,0.0,-2.1551,298.5112,0.78,-2.5026,-0.16,0.0,0.0,-3.0332,-9.82774008
23/02/2016 02:30,5778.650470056027,0.0,-2.1282,298.7393,0.72,-2.4889,-0.17,0.0,0.0,-3.6419,-4.649766307
23/02/2016 03:00,5781.668595056027,0.0,-2.4117,298.8986,0.74,-2.5065,-0.16,0.0,0.0,-4.3063,-6.486556752
23/02/2016 03:30,5784.704120056027,0.0,-2.4458,298.9016,0.7,-2.5003,-0.17,0.0,0.0,-4.8015,-9.626906448
23/02/2016 04:00,5787.636370056027,0.0,-2.4327,299.1992,0.36,-2.4372,-0.18,0.0,0.0,-4.9163,-13.69964851
23/02/2016 04:30,5790.423995056027,0.0,-2.2471,298.9182,0.44,-2.4013,-0.18,0.0,0.0,-5.0569,-0.611156722
23/02/2016 05:00,5793.139870056027,0.0,-2.0899,298.7873,0.67,-2.3862,-0.19,0.0,0.0,-5.2062,2.530786709
23/02/2016 05:30,5795.817970056027,0.0,-2.3899,299.4515,0.39,-2.3738,-0.19,0.0,0.0,-5.277,-0.356374603
23/02/2016 06:00,5798.457745056026,0.0,-2.4066,299.3424,0.3,-2.3578,-0.19,0.0,0.0,-5.2366,3.830863997
23/02/2016 06:30,5801.052445056026,0.0,-2.3563,299.2475,0.58,-2.34,-0.19,122.9942,5.1561,-5.0982,1.051454722
23/02/2016 07:00,5803.606145056026,0.0,-2.6106,299.5936,0.45,-2.3266,-0.2,956.1479,39.035,-4.8998,0.374516613
23/02/2016 07:30,5806.164270056026,0.0,-2.7457,299.9606,0.5,-2.3433,-0.19,2891.9222,112.0246,-4.7671,2.230258061
23/02/2016 08:00,5808.736095056026,0.0,-3.1902,300.9668,0.37,-2.3371,-0.2,5673.4623,204.0433,-4.4405,-0.819052445
23/02/2016 08:30,5811.340520056026,0.0,-3.6466,301.7252,-0.23,-2.3678,-0.19,9707.0964,314.4613,-4.1971,0.238712541
23/02/2016 09:00,5814.020370056027,0.0,-4.7758,302.9954,-0.45,-2.3933,-0.18,14931.7291,416.0097,-3.839,0.693147427
23/02/2016 09:30,5816.756170056027,0.0,-5.6488,303.7564,-0.15,-2.4086,-0.18,16428.6565,377.4012,-3.3568,0.768156883
23/02/2016 10:00,5819.518395056028,0.0,-6.9289,304.3403,-1.23,-2.4123,-0.18,20286.7776,365.3959,-2.7674,-0.450363934
23/02/2016 10:30,5822.357095056028,0.0,-8.8399,304.6297,-2.96,-2.4617,-0.17,23318.9907,312.239,-2.2272,-0.423801694
23/02/2016 11:00,5825.301920056028,0.0,-9.517,304.8211,-3.16,-2.4851,-0.17,24159.3634,212.9735,-1.5424,0.105606269
23/02/2016 11:30,5828.308770056027,0.0,-9.9311,304.8912,-3.1,-2.5029,-0.16,30299.7093,133.4314,-0.792,0.693205171
23/02/2016 12:00,5831.392520056027,0.0,-10.1251,305.2365,-2.85,-2.5347,-0.16,31728.5986,0.0,0.0,0.326608726
23/02/2016 12:30,5834.548245056027,0.0,-11.0775,305.3343,-2.5,-2.5487,-0.16,32180.2721,-135.234,0.8296,0.382444864
23/02/2016 13:00,5837.769970056027,0.0,-12.0703,305.3935,-2.93,-2.5755,-0.15,31151.3263,-255.6296,1.6903,0.696433061
23/02/2016 13:30,5841.072170056027,0.0,-12.7088,305.6528,-2.89,-2.5975,-0.15,31543.2734,-378.0485,2.5555,0.886041259
23/02/2016 14:00,5844.478495056027,0.0,-13.2316,305.6391,-2.92,-2.6367,-0.14,29979.8678,-469.3154,3.4737,0.898121304
23/02/2016 14:30,5847.883870056027,0.0,-12.5463,305.6295,-2.99,-2.5969,-0.15,28458.7334,-539.5384,4.0629,0.856493654
23/02/2016 15:00,5851.255920056027,0.0,-12.4202,305.2978,-2.87,-2.6175,-0.15,23436.7743,-516.432,4.8183,0.980019619
23/02/2016 15:30,5854.691095056027,0.0,-13.0226,305.2952,-3.07,-2.6337,-0.14,21266.4811,-533.4124,5.4952,0.821853029
23/02/2016 16:00,5858.171720056027,0.0,-12.6878,305.0253,-3.13,-2.6435,-0.14,15474.5072,-426.9295,6.0586,-0.004376995
23/02/2016 16:30,5861.708320056027,0.0,-11.7304,304.0017,-2.9,-2.6652,-0.14,7001.4118,-207.8554,6.6062,-0.892970539
23/02/2016 17:00,5865.266645056027,0.0,-11.0889,304.2141,-2.33,-2.6558,-0.14,8415.926,-271.4244,6.8415,0.894067675
23/02/2016 17:30,5868.820920056028,0.0,-8.3088,303.4892,-1.45,-2.6629,-0.14,3994.6194,-135.5852,7.0733,0.34018434
23/02/2016 18:00,5872.415095056028,0.0,-6.6716,302.3449,0.01,-2.6778,-0.14,469.0134,-16.2457,7.2424,-1.069320715
23/02/2016 18:30,5876.057195056028,0.0,-6.4359,301.6508,-0.4,-2.6892,-0.14,0.0,0.0,7.2633,1.322776454
23/02/2016 19:00,5879.739295056028,0.0,-7.012,301.1528,-0.21,-2.6995,-0.14,0.0,0.0,7.1502,-0.897526541
23/02/2016 19:30,5883.456545056028,0.0,-6.4314,300.7227,0.18,-2.708,-0.13,0.0,0.0,6.8982,0.207891104
23/02/2016 20:00,5887.227120056027,0.0,-6.7685,300.8863,-0.93,-2.7276,-0.13,0.0,0.0,6.5954,-0.121023917
23/02/2016 20:30,5891.067645056027,0.0,-5.88,300.5197,-0.21,-2.7445,-0.13,0.0,0.0,6.1456,0.416633354
23/02/2016 21:00,5894.945070056026,0.0,-5.0591,300.0568,0.65,-2.7467,-0.13,0.0,0.0,5.4895,-1.830987173
23/02/2016 21:30,5898.865370056026,0.0,-5.131,300.1457,-0.33,-2.7662,-0.13,0.0,0.0,4.8201,0.124203302
23/02/2016 22:00,5902.8470700560265,0.0,-5.1443,300.1639,-0.72,-2.7776,-0.12,0.0,0.0,4.0045,0.28799358
23/02/2016 22:30,5906.870970056027,0.0,-5.2958,300.2469,-0.98,-2.7872,-0.12,0.0,0.0,3.0946,0.462259198
23/02/2016 23:00,5910.941520056027,0.0,-5.4733,300.3299,-0.82,-2.8004,-0.12,0.0,0.0,2.1212,0.102607046
23/02/2016 23:30,5915.061345056027,0.0,-5.3676,300.1823,-1.17,-2.8111,-0.12,0.0,0.0,1.0813,0.41354174
24/02/2016 00:00,5919.244220056027,0.0,-5.8879,300.468,-1.47,-2.8305,-0.12,0.0,0.0,0.0,1.193631998
24/02/2016 00:30,5923.488920056027,0.0,-5.4826,300.2623,-0.79,-2.8403,-0.12,0.0,0.0,-1.1135,1.837061842
24/02/2016 01:00,5927.803495056028,0.0,-5.8289,300.3809,0.13,-2.8629,-0.11,0.0,0.0,-2.2588,0.849731832
24/02/2016 01:30,5932.184095056028,0.0,-4.8721,299.7335,0.4,-2.8706,-0.11,0.0,0.0,-3.3658,1.036048622
24/02/2016 02:00,5936.636020056028,0.0,-4.5765,299.5083,0.34,-2.8948,-0.11,0.0,0.0,-4.5063,1.672375954
24/02/2016 02:30,5941.168145056028,0.0,-4.7046,299.5715,0.6,-2.9062,-0.11,0.0,0.0,-5.5495,2.870511984
24/02/2016 03:00,5945.733970056028,0.0,-4.5984,299.3817,0.4,-2.9096,-0.11,0.0,0.0,-6.4681,1.319433077
24/02/2016 03:30,5950.352695056028,0.0,-4.534,299.1711,-0.53,-2.929,-0.11,0.0,0.0,-7.4001,2.535544814
24/02/2016 04:00,5955.062170056028,0.0,-4.7518,299.2281,-0.77,-2.9483,-0.11,0.0,0.0,-8.2362,-0.030534277
24/02/2016 04:30,5959.838870056028,0.0,-4.4212,298.9345,0.19,-2.9572,-0.1,0.0,0.0,-8.866,1.529355614
24/02/2016 05:00,5964.687045056028,0.0,-4.2155,298.8723,0.22,-2.9777,-0.1,0.0,0.0,-9.4624,-1.213143696
24/02/2016 05:30,5969.603995056028,0.0,-4.7962,299.3142,0.41,-2.9854,-0.1,0.0,0.0,-9.7871,0.477803883
24/02/2016 06:00,5974.565320056028,0.0,-5.4958,299.5533,0.58,-2.9956,-0.1,0.0,0.0,-9.9737,1.560058099
24/02/2016 06:30,5979.612895056028,0.0,-5.5772,299.716,0.88,-3.0195,-0.1,109.051,4.6066,-10.1292,0.418563736
24/02/2016 07:00,5984.775395056028,0.0,-6.4489,300.2639,1.31,-3.0404,-0.1,851.8303,35.0727,-10.0779,0.629103557
24/02/2016 07:30,5990.058570056028,0.0,-8.2273,301.3017,1.16,-3.0655,-0.09,4094.7307,160.4342,-9.8849,0.580610146
24/02/2016 08:00,5995.413770056028,0.0,-9.4154,301.8415,0.69,-3.0676,-0.09,4948.6896,178.5705,-9.2851,0.522182457
24/02/2016 08:30,6000.833370056028,0.0,-10.8456,302.5314,0.35,-3.0892,-0.09,9958.5518,322.4755,-8.6927,0.289120743
24/02/2016 09:00,6006.375945056028,0.0,-12.4314,303.1805,-1.35,-3.1122,-0.09,13446.6455,374.9296,-7.9291,0.74085552
24/02/2016 09:30,6012.017520056028,0.0,-12.6929,303.2948,-1.93,-3.1246,-0.09,12853.2164,296.1598,-6.9112,1.250313509
24/02/2016 10:00,6017.757845056028,0.0,-13.83,303.5754,-2.57,-3.1467,-0.09,16805.6196,310.7548,-5.8042,-0.075402693
24/02/2016 10:30,6023.619195056028,0.0,-16.3689,304.6703,-2.81,-3.1662,-0.08,24173.067,332.9961,-4.5298,0.859242269
24/02/2016 11:00,6029.601020056028,0.0,-15.7801,304.2409,-2.8,-3.1873,-0.08,16362.4067,147.5576,-3.1292,0.5983722
24/02/2016 11:30,6035.411995056028,0.0,-14.3946,304.538,-1.72,-3.1069,-0.09,11704.5815,52.7175,-1.4558,0.410456478
24/02/2016 12:00,6040.829220056028,0.0,-16.4011,304.75,-3.34,-3.0482,-0.1,29688.9489,0.0,0.0,-0.103001437
24/02/2016 12:30,6045.971470056028,0.0,-17.7072,305.1698,-3.32,-3.0036,-0.1,29151.9858,-127.346,1.3123,0.299831678
24/02/2016 13:00,6051.019645056028,0.0,-19.1664,305.4833,-3.58,-3.012,-0.1,32029.6718,-271.6215,2.6242,-0.028251194
24/02/2016 13:30,6056.062645056028,0.0,-18.1095,305.6477,-3.41,-3.0015,-0.1,30810.9933,-374.5507,3.8395,0.680328259
24/02/2016 14:00,6061.028820056027,0.0,-18.4142,305.4667,-3.72,-2.9813,-0.1,30264.0379,-473.7639,4.9159,0.409626697
24/02/2016 14:30,6065.637295056027,0.0,-16.6842,305.1456,-3.82,-2.8485,-0.12,27786.8853,-527.7873,5.2367,0.414153827
24/02/2016 15:00,6069.915120056027,0.0,-15.8419,304.9921,-3.68,-2.8377,-0.12,24913.4016,-550.5136,6.0168,0.192513876
24/02/2016 15:30,6074.121070056027,0.0,-14.5084,304.9223,-3.57,-2.8148,-0.12,21349.6911,-535.8383,6.5965,0.367589642
24/02/2016 16:00,6078.068495056027,0.0,-12.9723,304.6387,-3.39,-2.7092,-0.13,17343.8469,-481.7259,6.4735,-0.229877709
24/02/2016 16:30,6081.809245056027,0.0,-11.6885,304.2924,-3.18,-2.7109,-0.13,11537.125,-347.4222,6.918,0.776148653
24/02/2016 17:00,6085.544995056027,0.0,-11.2564,303.844,-2.94,-2.7065,-0.13,7661.3458,-247.916,7.201,0.450678061
24/02/2016 17:30,6089.162745056027,0.0,-9.122,303.2659,-2.29,-2.6464,-0.14,3251.6027,-111.3185,6.956,0.239783692
24/02/2016 18:00,6092.679420056027,0.0,-7.6856,302.2085,-2.0,-2.6513,-0.14,414.1988,-14.5742,7.0507,0.284709679
24/02/2016 18:30,6096.225620056027,0.0,-6.6696,301.6431,-1.21,-2.6629,-0.14,0.0,0.0,7.0731,0.717550042
24/02/2016 19:00,6099.806220056027,0.0,-6.3599,301.3057,-0.59,-2.6704,-0.14,0.0,0.0,6.9434,0.484600352
24/02/2016 19:30,6103.436220056027,0.0,-5.9623,300.8832,-0.53,-2.69,-0.14,0.0,0.0,6.7736,1.128040589
24/02/2016 20:00,6107.139020056027,0.0,-5.5823,300.5065,0.36,-2.7098,-0.13,0.0,0.0,6.4774,0.487753174
24/02/2016 20:30,6110.918120056027,0.0,-5.4778,300.4292,0.39,-2.7304,-0.13,0.0,0.0,6.0588,0.606727757
24/02/2016 21:00,6114.779595056027,0.0,-5.4079,300.3839,0.3,-2.7525,-0.13,0.0,0.0,5.5218,0.504088374
24/02/2016 21:30,6118.708120056027,0.0,-4.8613,300.0217,0.59,-2.7646,-0.13,0.0,0.0,4.8123,0.034246812
24/02/2016 22:00,6122.688795056027,0.0,-5.5096,300.4139,-0.26,-2.7787,-0.12,0.0,0.0,4.0088,0.438981437
24/02/2016 22:30,6126.728495056027,0.0,-6.167,300.7366,-0.42,-2.7938,-0.12,0.0,0.0,3.1155,0.005995848
24/02/2016 23:00,6130.825545056027,0.0,-6.5442,300.8547,-1.51,-2.8067,-0.12,0.0,0.0,2.1345,0.239316543
24/02/2016 23:30,6134.983320056027,0.0,-6.3121,300.779,0.14,-2.823,-0.12,0.0,0.0,1.0943,0.433831827
25/02/2016 00:00,6139.197945056027,0.0,-5.9824,300.5886,-0.23,-2.8337,-0.12,0.0,0.0,0.0,0.046801166
25/02/2016 00:30,6143.438845056026,0.0,-6.3932,300.7433,-1.18,-2.8354,-0.12,0.0,0.0,-1.1081,-0.421155864
25/02/2016 01:00,6147.719345056026,0.0,-6.6298,300.8987,-0.67,-2.8521,-0.12,0.0,0.0,-2.2343,0.639104818
25/02/2016 01:30,6152.079170056026,0.0,-6.096,300.6428,-0.09,-2.8718,-0.11,0.0,0.0,-3.3701,0.854536133
25/02/2016 02:00,6156.512095056026,0.0,-6.6662,300.9113,0.87,-2.8851,-0.11,0.0,0.0,-4.4626,0.925532381
25/02/2016 02:30,6160.991070056026,0.0,-7.0662,301.0267,0.33,-2.8924,-0.11,0.0,0.0,-5.4732,0.357853427
25/02/2016 03:00,6165.535995056026,0.0,-6.9235,300.8073,-0.81,-2.9141,-0.11,0.0,0.0,-6.4976,0.497371592
25/02/2016 03:30,6170.186345056026,0.0,-7.0968,300.856,0.12,-2.938,-0.11,0.0,0.0,-7.4674,0.217012923
25/02/2016 04:00,6174.901245056026,0.0,-7.1836,300.7997,1.2,-2.9417,-0.11,0.0,0.0,-8.1815,-0.132967686
25/02/2016 04:30,6179.647245056026,0.0,-7.667,300.725,-0.54,-2.951,-0.1,0.0,0.0,-8.8109,0.355495739
25/02/2016 05:00,6184.432820056026,0.0,-7.4676,300.4975,0.68,-2.9582,-0.1,0.0,0.0,-9.2782,-1.163483856
25/02/2016 05:30,6189.284270056026,0.0,-7.0347,300.3572,-1.05,-2.9782,-0.1,0.0,0.0,-9.7165,-3.743803368
25/02/2016 06:00,6194.203395056026,0.0,-5.3721,299.8856,-0.97,-2.9858,-0.1,0.0,0.0,-9.8762,-0.097843166
25/02/2016 06:30,6199.161545056027,0.0,-5.1605,299.9258,0.06,-2.9939,-0.1,0.0,0.0,-9.8712,-0.430886305
25/02/2016 07:00,6204.184045056027,0.0,-5.9286,300.5297,0.96,-3.0114,-0.1,1304.3585,52.5402,-9.7883,-0.016661454
25/02/2016 07:30,6209.288970056026,0.0,-6.9874,301.2539,-0.62,-3.0263,-0.1,3902.6859,149.3007,-9.5031,0.58740084
25/02/2016 08:00,6214.4642950560265,0.0,-7.2065,301.6694,-0.83,-3.0387,-0.1,5114.1476,179.8937,-9.0198,0.400410755
25/02/2016 08:30,6219.720095056026,0.0,-8.1233,302.3134,-1.47,-3.057,-0.09,9571.6011,300.8582,-8.4159,-0.317575832
25/02/2016 09:00,6225.050795056027,0.0,-10.3317,303.1809,-1.8,-3.0669,-0.09,12349.1178,333.9252,-7.5765,0.312854105
25/02/2016 09:30,6230.366370056026,0.0,-10.7781,303.189,-2.41,-3.0513,-0.09,7560.5029,170.5909,-6.4209,0.938074378
25/02/2016 10:00,6235.673045056026,0.0,-7.0135,302.0409,-1.17,-3.0636,-0.09,6554.0532,121.0128,-5.3396,4.593581395
25/02/2016 10:30,6240.821345056026,0.0,-6.1053,302.1259,-1.37,-2.9896,-0.1,9535.6277,135.253,-3.7939,0.057696072
25/02/2016 11:00,6245.559770056026,0.0,-7.059,303.1543,-1.17,-2.8978,-0.11,8583.8942,82.0412,-2.3396,1.351024819
25/02/2016 11:30,6249.921320056025,0.0,-5.1231,301.5913,-3.15,-2.8257,-0.12,12176.6423,57.6068,-1.0973,-1.211422925
25/02/2016 12:00,6254.1677450560255,0.0,-5.9232,302.4141,-1.74,-2.8459,-0.12,18225.9445,0.0,0.0,-0.2768871
25/02/2016 12:30,6258.488245056025,0.0,-7.3903,303.1416,-1.84,-2.8601,-0.11,17700.5634,-82.1909,1.1359,0.10328958
25/02/2016 13:00,6262.820295056025,0.0,-4.5768,301.7471,-0.71,-2.8512,-0.12,12560.1929,-112.1358,2.2324,1.180177646
25/02/2016 13:30,6267.079245056026,0.0,-5.8333,302.6883,-0.47,-2.8261,-0.12,14003.8841,-186.0137,3.2185,0.13627353
25/02/2016 14:00,6270.791570056026,0.0,-4.845,302.5343,-1.68,-2.5615,-0.16,5272.7966,-91.1933,3.2195,0.025866309
25/02/2016 14:30,6273.946570056026,0.0,-3.7008,302.1168,-1.35,-2.5211,-0.16,10118.5366,-214.253,3.7628,-0.836791402
25/02/2016 15:00,6277.095320056026,0.0,-4.9119,303.0186,-2.71,-2.5576,-0.16,11395.454,-283.2268,4.5353,0.431512828
25/02/2016 15:30,6280.313045056027,0.0,-5.6873,303.2222,-2.15,-2.5643,-0.15,7385.3931,-206.0206,5.1227,5.616250733
25/02/2016 16:00,6283.545070056027,0.0,-4.533,301.8119,-2.96,-2.5664,-0.15,3371.1996,-102.1534,5.6041,1.213143696
25/02/2016 16:30,6286.820495056027,0.0,-2.71,300.2711,-1.09,-2.5905,-0.15,2755.2766,-89.8533,6.1259,1.275114557
25/02/2016 17:00,6290.184070056027,0.0,-2.9381,300.4524,-0.49,-2.6189,-0.15,2809.8815,-98.0187,6.5912,0.363010543
25/02/2016 17:30,6293.613520056027,0.0,-3.3835,300.7493,-0.57,-2.629,-0.15,1188.3496,-42.9837,6.8351,0.505145667
25/02/2016 18:00,6297.040795056027,0.0,-3.4401,300.672,-0.39,-2.6176,-0.15,162.5955,-5.9932,6.815,-0.489044907
25/02/2016 18:30,6300.483170056026,0.0,-2.9051,300.4048,0.6,-2.6377,-0.14,0.0,0.0,6.895,-3.048461669
25/02/2016 19:00,6303.975395056026,0.0,-3.3065,300.5626,0.71,-2.6462,-0.14,0.0,0.0,6.7754,1.416477643
25/02/2016 19:30,6307.513520056026,0.0,-4.1238,300.9052,0.46,-2.6635,-0.14,0.0,0.0,6.5947,-0.492149225
25/02/2016 20:00,6311.101170056027,0.0,-4.0774,300.8446,0.13,-2.6737,-0.14,0.0,0.0,6.2462,-0.444930224
25/02/2016 20:30,6314.731120056026,0.0,-4.1946,300.944,-0.13,-2.6867,-0.14,0.0,0.0,5.7973,0.696438835
25/02/2016 21:00,6318.405770056026,0.0,-4.1405,300.7757,0.11,-2.698,-0.14,0.0,0.0,5.2264,0.279821072
25/02/2016 21:30,6322.134970056026,0.0,-3.5655,300.4222,0.48,-2.7158,-0.13,0.0,0.0,4.5812,-0.534021132
25/02/2016 22:00,6325.885795056026,0.0,-3.676,300.2805,-0.25,-2.7095,-0.13,0.0,0.0,3.7389,0.312631213
25/02/2016 22:30,6329.650945056026,0.0,-3.5959,300.1543,0.04,-2.7233,-0.13,0.0,0.0,2.9018,0.534962936
25/02/2016 23:00,6333.452245056026,0.0,-3.4402,300.0588,0.32,-2.7285,-0.13,0.0,0.0,1.9728,0.719530661
25/02/2016 23:30,6337.294120056026,0.0,-3.7216,300.1719,-0.92,-2.7443,-0.13,0.0,0.0,1.0109,0.643349002
26/02/2016 00:00,6341.161120056026,0.0,-3.4288,300.0204,0.43,-2.7415,-0.13,0.0,0.0,0.0,1.940094461
26/02/2016 00:30,6345.045470056027,0.0,-3.7035,300.1453,0.25,-2.7532,-0.13,0.0,0.0,-1.02,-0.510217322
26/02/2016 01:00,6348.947920056026,0.0,-3.6617,300.1385,0.15,-2.7508,-0.13,0.0,0.0,-2.0176,-0.499971804
26/02/2016 01:30,6352.847895056027,0.0,-2.9025,299.7295,-0.09,-2.7519,-0.13,0.0,0.0,-2.9867,-0.496366269
26/02/2016 02:00,6356.717145056026,0.0,-2.6822,299.586,0.09,-2.735,-0.13,0.0,0.0,-3.8362,-0.508439385
26/02/2016 02:30,6360.509870056027,0.0,-2.4817,299.5347,0.13,-2.7123,-0.13,0.0,0.0,-4.5648,-0.530313967
26/02/2016 03:00,6364.138970056027,0.0,-2.0036,299.2848,-0.05,-2.6466,-0.14,0.0,0.0,-4.9624,-0.535252234
26/02/2016 03:30,6367.430645056027,0.0,-1.6386,299.1015,0.0,-2.516,-0.16,0.0,0.0,-4.8782,-0.542239835
26/02/2016 04:00,6370.014595056027,0.0,-1.089,299.0727,-0.49,-2.1391,-0.24,0.0,0.0,-3.626,-0.567480315
26/02/2016 04:30,6372.024820056027,0.0,-1.0816,298.9288,-1.05,-2.0587,-0.26,0.0,0.0,-3.5605,-0.550837339
26/02/2016 05:00,6373.759295056027,0.0,-0.9769,299.1518,-0.66,-1.8447,-0.32,0.0,0.0,-2.9789,-0.543643592
26/02/2016 05:30,6375.195745056028,0.0,-0.7746,299.0114,0.74,-1.7057,-0.38,0.0,0.0,-2.639,-0.59822784
26/02/2016 06:00,6376.383345056028,0.0,-0.5691,299.0555,0.45,-1.4826,-0.48,0.0,0.0,-2.0886,-0.590247619
26/02/2016 06:30,6377.405120056028,0.0,-0.5182,299.0099,2.2,-1.443,-0.5,0.0,0.0,-1.9814,-0.594058723
26/02/2016 07:00,6378.387770056028,0.0,-0.5018,299.1047,4.09,-1.4129,-0.52,405.836,15.9353,-1.8663,-0.566295985
26/02/2016 07:30,6379.299595056028,0.0,-0.4563,299.2526,0.62,-1.3085,-0.58,1198.2988,44.9486,-1.5846,0.659875334
26/02/2016 08:00,6379.910245056028,0.0,-0.2021,299.3957,-0.93,-0.675,-1.38,1689.0572,59.3655,-0.6299,0.834158275
26/02/2016 08:30,6380.187820056028,0.0,-0.101,299.4113,0.62,-0.3741,-2.62,3582.6824,114.6102,-0.3038,0.452025229
26/02/2016 09:00,6380.294445056028,0.0,-0.0138,299.7138,0.24,-0.0436,-23.47,3194.2823,90.4565,-0.0308,0.52888769
26/02/2016 09:30,6380.300601014577,0.0336,0.0101,299.9724,1.0,0.0336,28.9,6525.773,157.8323,0.0205,7.990210512
26/02/2016 10:00,6380.300601014577,0.3815,0.1303,300.0848,-0.98,0.3728,2.61,4043.607,79.3798,0.1908,0.37343449
26/02/2016 10:30,6380.300601014577,0.809,0.2733,300.3818,-1.22,0.7397,1.23,10980.8967,163.9566,0.3096,0.252455613
26/02/2016 11:00,6380.300601014577,0.8273,0.4257,301.3167,-1.95,0.7538,1.21,10617.0679,106.0965,0.2141,0.348770873
26/02/2016 11:30,6380.300601014577,0.9923,0.4475,300.7294,-2.29,0.8759,1.01,6331.0507,31.1367,0.1295,4.447800893
26/02/2016 12:00,6380.300601014577,0.9656,0.5417,301.1066,-2.45,0.8568,1.03,9899.5925,0.0,0.0,0.189235172
26/02/2016 12:30,6380.300601014577,0.8697,0.5101,301.0294,-2.62,0.7862,1.15,6759.5597,-32.9093,-0.1135,5.601046738
26/02/2016 13:00,6380.300601014577,0.9742,0.3831,300.6765,-1.89,0.863,1.03,7946.584,-76.2881,-0.2521,1.560011904
26/02/2016 13:30,6380.300601014577,0.8737,0.3572,300.6236,-1.81,0.7892,1.14,6503.2954,-91.8341,-0.3344,4.470205565
26/02/2016 14:00,6380.300601014577,0.9354,0.4694,300.8736,-2.12,0.8349,1.07,5073.3211,-93.8808,-0.4677,-1.94655024
26/02/2016 14:30,6380.300601014577,0.9198,0.5901,301.6843,-1.26,0.8235,1.09,10335.2096,-234.2396,-0.5599,0.217041795
26/02/2016 15:00,6380.300601014577,0.9674,0.7389,301.8657,-2.21,0.8581,1.03,5238.4402,-136.8355,-0.6841,0.787685904
26/02/2016 15:30,6380.300601014577,0.8061,0.6064,301.67,-2.07,0.7374,1.24,5786.5411,-169.4012,-0.6395,0.3137228635
26/02/2016 16:00,6380.300601014577,0.7396,0.6929,302.3611,-2.72,0.6848,1.35,7641.6671,-245.5613,-0.6405,-0.160240177
26/02/2016 16:30,6380.300601014577,0.6792,0.5746,302.3408,-1.58,0.6355,1.47,7923.1895,-271.6168,-0.6275,-0.107970116
26/02/2016 17:00,6380.300601014577,0.7192,0.5957,302.0256,-1.63,0.6683,1.39,2735.2783,-97.314,-0.6947,-0.055700055
26/02/2016 17:30,6380.300601014577,0.7533,0.5953,301.6361,-1.32,0.6958,1.33,1423.3154,-52.1485,-0.7469,-0.003429994
26/02/2016 18:00,6380.300601014577,0.7639,0.6131,301.3133,-1.17,0.7042,1.31,518.5224,-19.3623,-0.7639,0.067979701
26/02/2016 18:30,6380.300601014577,0.5668,0.4299,300.9702,-0.8,0.5401,1.76,0.0,0.0,-0.562,0.411373453
26/02/2016 19:00,6380.300601014577,0.5457,0.3847,300.6635,-0.62,0.5217,1.83,0.0,0.0,-0.5271,0.873874598
26/02/2016 19:30,6380.300601014577,0.4523,0.3122,300.6061,-0.59,0.4381,2.21,0.0,0.0,-0.4179,0.695948011
26/02/2016 20:00,6380.300601014577,0.3631,0.2505,300.6665,-0.77,0.3556,2.75,0.0,0.0,-0.3145,0.65909579
26/02/2016 20:30,6380.300601014577,0.3161,0.1958,300.4652,-1.03,0.3111,3.15,0.0,0.0,-0.2508,0.985083768
26/02/2016 21:00,6380.300601014577,0.1122,0.0736,300.5085,-1.12,0.112,8.83,0.0,0.0,-0.0793,-0.296394178
26/02/2016 21:30,6380.300601014577,0.0832,0.0551,300.3799,-0.45,0.0831,11.88,0.0,0.0,-0.0506,0.591956842
26/02/2016 22:00,6380.300601014577,0.0401,0.0242,300.1893,0.03,0.0401,24.33,0.0,0.0,-0.0201,0.575695554
26/02/2016 22:30,6380.303861277362,0.0,-0.0186,300.2021,-0.43,-0.0303,-34.13,0.0,0.0,0.0116,-0.188410588
26/02/2016 23:00,6380.333386277362,0.0,-0.0522,300.1283,-0.12,-0.0877,-11.52,0.0,0.0,0.0227,-0.520496332
26/02/2016 23:30,6380.394586277362,0.0,-0.0974,300.3421,-0.58,-0.1564,-6.41,0.0,0.0,0.0205,0.550375387
27/02/2016 00:00,6380.499386277362,0.0,-0.1702,300.3714,-0.37,-0.2593,-3.83,0.0,0.0,0.0,-0.550091287
27/02/2016 00:30,6380.628336277362,0.0,-0.1683,300.3071,0.0,-0.251,-3.96,0.0,0.0,-0.0331,0.432821307
27/02/2016 01:00,6380.776686277362,0.0,-0.221,300.1893,-0.11,-0.3336,-2.95,0.0,0.0,-0.0879,0.744683947
27/02/2016 01:30,6380.963636277363,0.0,-0.2724,300.1707,0.08,-0.3975,-2.46,0.0,0.0,-0.1561,-0.307374199
27/02/2016 02:00,6381.186011277363,0.0,-0.3273,300.1695,-0.65,-0.4646,-2.08,0.0,0.0,-0.2408,0.229923327
27/02/2016 02:30,6381.421811277363,0.0,-0.314,300.194,-0.45,-0.4467,-2.17,0.0,0.0,-0.2811,1.068598915
27/02/2016 03:00,6381.681661277364,0.0,-0.3963,300.2119,-0.35,-0.5496,-1.73,0.0,0.0,-0.4085,0.241669611
27/02/2016 03:30,6382.009636277364,0.0,-0.5018,300.0936,-0.37,-0.6805,-1.36,0.0,0.0,-0.5825,1.208495304
27/02/2016 04:00,6382.376936277364,0.0,-0.5023,300.0208,-0.12,-0.6811,-1.36,0.0,0.0,-0.6365,0.466503382
27/02/2016 04:30,6382.767761277364,0.0,-0.5496,300.0068,-0.06,-0.7546,-1.21,0.0,0.0,-0.7652,0.37278718
27/02/2016 05:00,6383.202236277364,0.0,-0.6114,300.1301,-0.99,-0.816,-1.1,0.0,0.0,-0.8786,0.991799395
27/02/2016 05:30,6383.656611277364,0.0,-0.608,300.0588,-0.62,-0.8147,-1.1,0.0,0.0,-0.9001,0.588971477
27/02/2016 06:00,6384.146011277365,0.0,-0.6623,299.9564,0.18,-0.9161,-0.95,0.0,0.0,-1.0497,1.675805947
27/02/2016 06:30,6384.704261277365,0.0,-0.7339,299.9312,-0.2,-1.0052,-0.85,68.758,2.8239,-1.1732,-0.132048402
27/02/2016 07:00,6385.298036277365,0.0,-0.7637,300.0652,-0.34,-1.0107,-0.84,933.4715,37.3669,-1.1512,0.34776324
27/02/2016 07:30,6385.956511277365,0.0,-1.0739,300.7265,-0.29,-1.1622,-0.69,2772.4603,106.3271,-1.3323,0.27187723
27/02/2016 08:00,6386.704711277365,0.0,-1.248,301.0984,-0.89,-1.2226,-0.65,3407.6391,121.6949,-1.3429,0.300953644
27/02/2016 08:30,6387.499036277365,0.0,-1.3703,301.2393,-1.51,-1.263,-0.62,4440.4828,143.967,-1.2905,1.021947538
27/02/2016 09:00,6388.324611277365,0.0,-1.4762,301.626,-1.26,-1.2884,-0.6,7145.515,204.8092,-1.1849,0.377348956
27/02/2016 09:30,6389.223161277365,0.0,-1.8769,301.8729,-2.25,-1.4066,-0.52,9312.6694,225.1467,-1.1679,0.81063337
27/02/2016 10:00,6390.203511277365,0.0,-1.9851,302.3421,-1.82,-1.4449,-0.5,11607.3741,226.3529,-1.0015,0.580217486
27/02/2016 10:30,6391.269836277364,0.0,-2.3718,302.6005,-2.18,-1.5552,-0.44,13211.0569,194.075,-0.8658,0.631384445
27/02/2016 11:00,6392.418936277364,0.0,-2.6439,302.9909,-2.66,-1.5838,-0.43,15320.4996,149.3498,-0.6041,0.45613025
27/02/2016 11:30,6393.617136277364,0.0,-2.8618,303.1941,-2.62,-1.6318,-0.41,14870.1775,71.7806,-0.3209,1.310373043
27/02/2016 12:00,6394.892986277364,0.0,-3.4299,303.5067,-2.79,-1.6996,-0.38,17300.5416,0.0,0.0,1.203142435
27/02/2016 12:30,6396.265911277364,0.0,-3.9105,303.583,-3.3,-1.769,-0.35,15813.6251,-73.403,0.3716,0.444167425
27/02/2016 13:00,6397.752911277364,0.0,-4.0463,303.3991,-2.98,-1.8499,-0.32,15597.5265,-140.807,0.8026,1.096881926
27/02/2016 13:30,6399.375311277364,0.0,-4.7842,303.8559,-2.92,-1.9347,-0.3,22193.0526,-295.7143,1.2968,1.062391435
27/02/2016 14:00,6401.109736277364,0.0,-4.5358,303.4688,-2.52,-1.9791,-0.28,13633.8153,-233.296,1.7745,0.417903722
27/02/2016 14:30,6402.867336277363,0.0,-4.1133,303.0788,-2.28,-1.9606,-0.29,8395.255,-174.4864,2.1193,0.533204631
27/02/2016 15:00,6404.654786277363,0.0,-3.9487,302.4263,-1.97,-2.011,-0.27,3879.7304,-94.3068,2.594,0.164581949
27/02/2016 15:30,6406.523561277363,0.0,-3.8408,302.2924,-1.62,-2.0467,-0.26,4468.1464,-124.1618,3.0201,1.232869046
27/02/2016 16:00,6408.462736277364,0.0,-3.9089,302.0293,-1.45,-2.0825,-0.25,2994.5851,-92.0947,3.4208,0.784896869
27/02/2016 16:30,6410.449261277364,0.0,-4.0047,302.2003,-1.04,-2.0938,-0.25,4006.8835,-133.1611,3.6919,1.176943982
27/02/2016 17:00,6412.463586277364,0.0,-4.0909,301.9951,-1.34,-2.1094,-0.25,1974.2794,-69.1697,3.9228,0.627833189
27/02/2016 17:30,6414.499936277364,0.0,-3.9954,301.7557,-1.18,-2.1149,-0.24,1256.3398,-45.693,4.0493,0.830347171
27/02/2016 18:00,6416.577286277364,0.0,-4.0184,301.6381,-0.67,-2.1479,-0.24,649.6298,-24.105,4.2252,0.770062435
27/02/2016 18:30,6418.717786277364,0.0,-3.732,301.199,-0.54,-2.1733,-0.23,0.0,0.0,4.2997,0.473562009
27/02/2016 19:00,6420.902086277364,0.0,-3.6351,301.0168,-0.85,-2.1875,-0.23,0.0,0.0,4.2505,0.642863952
27/02/2016 19:30,6423.1108112773645,0.0,-3.5646,300.882,-0.46,-2.195,-0.23,0.0,0.0,4.0969,0.208565554
27/02/2016 20:00,6425.329061277364,0.0,-3.4235,300.7469,0.08,-2.1959,-0.23,0.0,0.0,3.8439,0.760638614
27/02/2016 20:30,6427.570286277364,0.0,-3.364,300.6808,-0.04,-2.2151,-0.22,0.0,0.0,3.591,0.66645815
27/02/2016 21:00,6429.866261277364,0.0,-3.4337,300.7489,-0.4,-2.243,-0.21,0.0,0.0,3.2933,-0.48791197
27/02/2016 21:30,6432.204386277364,0.0,-3.2324,300.6457,0.1,-2.2508,-0.21,0.0,0.0,2.8581,0.133583815
27/02/2016 22:00,6434.557736277365,0.0,-3.0371,300.5134,0.31,-2.2557,-0.21,0.0,0.0,2.3592,0.879654773
27/02/2016 22:30,6436.940311277364,0.0,-3.2782,300.6906,0.14,-2.2749,-0.21,0.0,0.0,1.8414,-0.130007151
27/02/2016 23:00,6439.357636277365,0.0,-3.2081,300.641,0.2,-2.2841,-0.21,0.0,0.0,1.2572,1.734086966
27/02/2016 23:30,6441.798711277364,0.0,-3.1401,300.5666,0.07,-2.294,-0.2,0.0,0.0,0.6405,0.880728811
28/02/2016 00:00,6444.277686277364,0.0,-3.1002,300.4817,-0.86,-2.3142,-0.2,0.0,0.0,0.0,0.098516461
28/02/2016 00:30,6446.7763862773645,0.0,-3.4539,300.4471,-1.36,-2.3096,-0.2,0.0,0.0,-0.6508,-0.538598498
28/02/2016 01:00,6449.271636277364,0.0,-3.4764,300.2496,-1.41,-2.3115,-0.2,0.0,0.0,-1.2929,-0.55289418
28/02/2016 01:30,6451.744686277364,0.0,-3.0353,299.7783,-0.14,-2.292,-0.2,0.0,0.0,-1.874,0.739873872
28/02/2016 02:00,6454.222186277364,0.0,-2.9273,299.5291,0.45,-2.315,-0.2,0.0,0.0,-2.5065,1.59330132
28/02/2016 02:30,6456.734361277364,0.0,-3.0195,299.5844,0.23,-2.3194,-0.2,0.0,0.0,-3.0655,0.635738342
28/02/2016 03:00,6459.277961277364,0.0,-2.9382,299.6526,0.23,-2.3393,-0.19,0.0,0.0,-3.6336,-0.541444123
28/02/2016 03:30,6461.845386277364,0.0,-3.2084,299.9802,-0.03,-2.3378,-0.19,0.0,0.0,-4.0707,-0.530193282
28/02/2016 04:00,6464.406136277364,0.0,-2.8386,299.6843,0.66,-2.3342,-0.2,0.0,0.0,-4.4271,-0.545916396
28/02/2016 04:30,6466.981836277364,0.0,-3.0174,299.7271,0.6,-2.3492,-0.19,0.0,0.0,-4.7957,-0.550083203
28/02/2016 05:00,6469.584011277364,0.0,-2.8252,299.4935,0.0,-2.3543,-0.19,0.0,0.0,-5.0401,-0.533971472
28/02/2016 05:30,6472.201661277364,0.0,-2.6955,299.3794,0.32,-2.3608,-0.19,0.0,0.0,-5.2078,-0.540489614
28/02/2016 06:00,6474.834811277364,0.0,-2.4588,299.2512,0.77,-2.3659,-0.19,0.0,0.0,-5.2799,-0.543649366
28/02/2016 06:30,6477.457636277364,0.0,-2.3325,299.2711,0.85,-2.3531,-0.19,0.0,0.0,-5.1668,-0.539581879
28/02/2016 07:00,6480.052411277364,0.0,-2.5095,299.553,0.39,-2.3448,-0.19,481.8303,19.137,-4.9916,-0.532264559
28/02/2016 07:30,6482.659211277363,0.0,-2.5562,300.0725,0.49,-2.3621,-0.19,2737.0451,104.3193,-4.8591,1.244129126
28/02/2016 08:00,6485.289886277364,0.0,-3.3948,300.9518,0.15,-2.3628,-0.19,3565.4643,126.6004,-4.5581,0.938726885
28/02/2016 08:30,6487.936761277364,0.0,-3.6259,301.4621,-0.13,-2.3741,-0.19,4953.9791,158.542,-4.2241,3.71692931
28/02/2016 09:00,6490.632336277364,0.0,-3.5362,301.6355,-0.85,-2.3985,-0.18,5832.7578,163.9914,-3.8594,3.663602726
28/02/2016 09:30,6493.343911277364,0.0,-3.6193,301.8919,0.09,-2.3859,-0.19,6601.4661,156.6141,-3.2802,6.322044096
28/02/2016 10:00,6496.024811277364,0.0,-3.8066,302.2266,-0.02,-2.3762,-0.19,4740.0058,91.3648,-2.6677,3.081514334
28/02/2016 10:30,6498.6612862773645,0.0,-2.8902,301.4831,-1.2,-2.3529,-0.19,7690.3376,111.6451,-1.994,1.248610061
28/02/2016 11:00,6501.233886277365,0.0,-2.7606,302.1126,-1.32,-2.328,-0.2,8362.4911,81.6744,-1.3147,1.414398859
28/02/2016 11:30,6503.118211277365,0.0,-1.0696,301.3139,-1.86,-1.6313,-0.41,5774.981,28.1369,-0.3208,3.666241627
28/02/2016 12:00,6504.320086277365,0.0,-0.98,300.8832,-1.54,-1.59,-0.43,9080.6033,0.0,0.0,1.812895978
28/02/2016 12:30,6505.480386277364,0.0,-1.4368,301.9842,-1.99,-1.5668,-0.44,13280.1991,-64.8247,0.2991,0.306896656
28/02/2016 13:00,6506.673011277364,0.0,-1.7947,302.8173,-1.58,-1.6395,-0.4,19370.014,-183.773,0.6417,0.034842787
28/02/2016 13:30,6507.948711277364,0.0,-2.1879,303.441,-2.15,-1.6921,-0.38,18233.2011,-248.9313,1.004,-0.074687244
28/02/2016 14:00,6509.230061277364,0.0,-2.1637,303.0169,-2.81,-1.6479,-0.4,9029.8246,-156.1173,1.251,1.440672379
28/02/2016 14:30,6510.516961277364,0.0,-1.5299,301.4866,-2.76,-1.7,-0.38,7353.941,-154.0535,1.6106,5.78508264
28/02/2016 15:00,6511.799761277364,0.0,-1.0068,300.5222,-2.43,-1.6418,-0.4,11191.8793,-274.882,1.7575,0.45254608
28/02/2016 15:30,6513.056611277364,0.0,-1.0383,300.8108,-0.48,-1.6627,-0.39,8534.1361,-237.3146,2.0166,1.546407418
28/02/2016 16:00,6514.359286277364,0.0,-1.1291,300.9158,-1.28,-1.7082,-0.37,4241.0032,-129.3245,2.3112,0.587793499
28/02/2016 16:30,6515.679636277364,0.0,-1.1418,300.9845,-0.92,-1.6883,-0.38,3046.4327,-99.8771,2.4137,1.03405068
28/02/2016 17:00,6517.000711277364,0.0,-1.1342,300.7287,-0.78,-1.7092,-0.37,2170.5576,-75.0662,2.5807,1.372690368
28/02/2016 17:30,6518.330836277364,0.0,-1.0385,300.1323,-0.88,-1.7011,-0.38,563.109,-20.228,2.6261,0.82377013
28/02/2016 18:00,6519.676236277364,0.0,-0.9668,299.6539,-0.4,-1.7304,-0.37,0.0,0.0,2.7328,0.057329687
28/02/2016 18:30,6521.077886277364,0.0,-0.9484,299.3904,0.22,-1.7778,-0.35,0.0,0.0,2.8492,-0.525036165
28/02/2016 19:00,6522.518986277364,0.0,-0.8313,299.2085,-0.02,-1.7833,-0.35,0.0,0.0,2.7921,-0.522183612
28/02/2016 19:30,6523.954436277364,0.0,-0.9024,298.8501,-0.38,-1.7703,-0.35,0.0,0.0,2.6342,-0.500434334
28/02/2016 20:00,6525.401436277364,0.0,-0.9391,298.7385,-0.41,-1.7983,-0.34,0.0,0.0,2.5433,0.227418392
28/02/2016 20:30,6526.884211277365,0.0,-0.8623,298.559,0.75,-1.8166,-0.33,0.0,0.0,2.3755,-0.34080913
28/02/2016 21:00,6528.396461277364,0.0,-1.025,298.7329,0.69,-1.8356,-0.33,0.0,0.0,2.16,0.196655276
28/02/2016 21:30,6529.940986277365,0.0,-1.3644,299.1719,0.65,-1.8568,-0.32,0.0,0.0,1.9014,0.448562321
28/02/2016 22:00,6531.512786277364,0.0,-1.473,299.3926,0.9,-1.869,-0.32,0.0,0.0,1.5819,0.1502112
28/02/2016 22:30,6533.097061277364,0.0,-1.6803,299.6708,0.48,-1.8719,-0.32,0.0,0.0,1.2144,1.13270053
28/02/2016 23:00,6534.719511277364,0.0,-1.8645,299.6221,0.4,-1.914,-0.3,0.0,0.0,0.8584,0.727655242
28/02/2016 23:30,6536.383261277364,0.0,-1.9335,299.6391,0.02,-1.9204,-0.3,0.0,0.0,0.4358,-0.068137343
29/02/2016 00:00,6538.070161277364,0.0,-1.8709,299.5893,0.23,-1.9404,-0.29,0.0,0.0,0.0,0.561634312
29/02/2016 00:30,6539.790536277364,0.0,-2.0421,299.9088,-0.5,-1.9581,-0.29,0.0,0.0,-0.4532,0.727025832
29/02/2016 01:00,6541.542711277363,0.0,-2.2162,300.0599,-0.24,-1.9756,-0.28,0.0,0.0,-0.9153,-0.354704646
29/02/2016 01:30,6543.324161277364,0.0,-2.4228,300.1028,-0.95,-1.99,-0.28,0.0,0.0,-1.3736,-0.26578928
29/02/2016 02:00,6545.130236277364,0.0,-2.4621,299.9552,-0.58,-2.0021,-0.28,0.0,0.0,-1.8174,0.102578751
29/02/2016 02:30,6546.949061277364,0.0,-2.3099,299.8594,0.51,-2.0036,-0.27,0.0,0.0,-2.2162,0.376128825
29/02/2016 03:00,6548.798486277365,0.0,-2.2201,299.7396,0.42,-2.0341,-0.27,0.0,0.0,-2.6567,3.663140774
29/02/2016 03:30,6550.6718362773645,0.0,-2.0178,299.5313,0.43,-2.0287,-0.27,0.0,0.0,-2.9641,0.795729643
29/02/2016 04:00,6552.540136277365,0.0,-1.9572,299.5861,0.08,-2.0289,-0.27,0.0,0.0,-3.2363,0.686610806
29/02/2016 04:30,6554.405511277365,0.0,-1.9389,299.626,0.12,-2.0256,-0.27,0.0,0.0,-3.441,0.727712986
29/02/2016 05:00,6556.292936277365,0.0,-2.0434,299.6581,0.25,-2.0514,-0.26,0.0,0.0,-3.6949,0.883656432
29/02/2016 05:30,6558.224986277365,0.0,-2.1272,299.8385,-0.44,-2.0709,-0.26,0.0,0.0,-3.8696,0.98881403
29/02/2016 06:00,6560.172836277365,0.0,-2.1916,299.8649,0.03,-2.0673,-0.26,0.0,0.0,-3.8884,0.951343949
29/02/2016 06:30,6562.144886277365,0.0,-2.0445,299.6212,0.39,-2.0947,-0.25,108.7161,4.454,-3.9656,0.317674574
29/02/2016 07:00,6564.176361277365,0.0,-2.1405,299.8055,0.36,-2.1249,-0.24,986.2846,39.5138,-3.9855,0.46700922
29/02/2016 07:30,6566.2592862773645,0.0,-2.5923,300.5325,0.41,-2.1434,-0.24,1528.9745,58.5165,-3.8855,0.406785692
29/02/2016 08:00,6568.356561277365,0.0,-2.5866,300.8718,0.48,-2.1383,-0.24,2715.3817,97.0929,-3.623,1.66485191
29/02/2016 08:30,6570.504386277365,0.0,-3.1875,301.5253,-1.29,-2.1891,-0.23,3965.4973,128.8833,-3.4969,0.240422341
29/02/2016 09:00,6572.725386277364,0.0,-3.8496,302.3203,-2.21,-2.2042,-0.22,9396.442,269.5451,-3.1652,0.215679037
29/02/2016 09:30,6574.958061277364,0.0,-4.374,303.2144,-2.03,-2.1994,-0.22,11424.1565,276.8545,-2.7117,0.360840524
29/02/2016 10:00,6577.209986277364,0.0,-4.2464,303.284,-1.43,-2.2208,-0.22,9458.5077,182.1045,-2.2766,0.354299283
29/02/2016 10:30,6579.513061277364,0.0,-4.6013,303.5594,-1.52,-2.2433,-0.21,13364.7639,193.2177,-1.783,0.24086466
29/02/2016 11:00,6581.542286277364,0.0,-3.7438,303.6393,-2.43,-1.9541,-0.29,14326.0058,136.8208,-0.8949,0.720460339
29/02/2016 11:30,6583.110486277364,0.0,-3.0709,303.619,-1.97,-1.7583,-0.36,10945.91,51.56,-0.3674,0.308848404
29/02/2016 12:00,6584.458411277364,0.0,-3.1689,304.5086,-1.55,-1.6753,-0.39,17189.675,0.0,0.0,0.376892778
29/02/2016 12:30,6585.596186277364,0.0,-2.4533,304.5839,-1.62,-1.4321,-0.51,14544.8416,-66.311,0.2577,0.279341797
29/02/2016 13:00,6586.395286277364,0.0,-1.6505,304.8291,-2.28,-1.03,-0.82,15877.4596,-140.9255,0.3163,0.221426875
29/02/2016 13:30,6586.768686277364,0.0,-0.3525,304.4714,-2.79,-0.2684,-3.7,18473.827,-237.0767,0.1039,0.038620169
29/02/2016 14:00,6586.885836277364,0.0,-0.2592,304.7316,-2.73,-0.1957,-5.1,16091.6948,-267.0378,0.0985,0.144975551
29/02/2016 14:30,6586.947886277365,0.0,-0.0631,304.333,-2.42,-0.0512,-19.92,12306.7176,-245.7958,0.0312,-0.191245241
29/02/2016 15:00,6586.9828612773645,0.0,-0.1079,304.0352,-2.37,-0.0886,-11.4,14032.7234,-330.0943,0.0627,-0.096461352
29/02/2016 15:30,6587.033811277364,0.0,-0.1454,304.6653,-2.83,-0.1148,-8.76,16070.3942,-427.9792,0.0913,-0.059856853
29/02/2016 16:00,6587.077486277364,0.0,-0.0561,303.2701,-2.79,-0.0596,-17.06,7841.4333,-225.986,0.0516,0.084406715
29/02/2016 16:30,6587.119286277364,0.0,-0.0913,302.6143,-2.38,-0.1074,-9.38,4901.9301,-151.9729,0.0994,0.148071784
29/02/2016 17:00,6587.205811277364,0.0,-0.1819,302.092,-2.15,-0.2363,-4.21,3168.1897,-104.5163,0.2304,0.323554068
29/02/2016 17:30,6587.298886277364,0.0,-0.108,302.114,-1.63,-0.1334,-7.53,2527.8656,-86.9618,0.1327,0.103540766
29/02/2016 18:00,6587.382811277364,0.0,-0.1582,301.6211,-1.73,-0.2006,-4.98,481.5476,-16.9918,0.2019,0.242719397
29/02/2016 18:30,6587.505586277363,0.0,-0.2068,301.0834,-1.7,-0.2853,-3.47,0.0,0.0,0.2867,0.259518859
29/02/2016 19:00,6587.650286277363,0.0,-0.1982,300.6157,-1.49,-0.2857,-3.47,0.0,0.0,0.2797,0.338909352
29/02/2016 19:30,6587.785111277363,0.0,-0.1653,300.3841,-1.48,-0.2472,-4.02,0.0,0.0,0.2307,0.222373876
29/02/2016 20:00,6587.936411277364,0.0,-0.2272,300.2021,-1.45,-0.3484,-2.82,0.0,0.0,0.3079,0.172945012
29/02/2016 20:30,6588.138061277364,0.0,-0.2826,300.0096,-1.61,-0.4371,-2.22,0.0,0.0,0.3579,0.291547724
29/02/2016 21:00,6588.374936277363,0.0,-0.3507,299.9306,-1.73,-0.478,-2.02,0.0,0.0,0.351,0.469297614
29/02/2016 21:30,6588.643136277364,0.0,-0.403,299.7814,-1.3,-0.5485,-1.74,0.0,0.0,0.3509,0.725345482
29/02/2016 22:00,6588.923636277364,0.0,-0.3703,299.6954,-0.34,-0.5216,-1.84,0.0,0.0,0.2728,0.491004739
29/02/2016 22:30,6589.220211277364,0.0,-0.4007,299.6099,-1.0,-0.6034,-1.56,0.0,0.0,0.2452,0.008347588
29/02/2016 23:00,6589.542636277364,0.0,-0.4206,299.8146,-1.99,-0.6104,-1.54,0.0,0.0,0.168,0.197399596
29/02/2016 23:30,6589.881236277364,0.0,-0.4382,299.7001,-1.12,-0.6571,-1.42,0.0,0.0,0.0921,0.467671543
01/03/2016 00:00,6590.242311277364,0.0,-0.4533,299.6125,-1.14,-0.6842,-1.36,0.0,0.0,0.0,0.282908644
01/03/2016 00:30,6590.616611277364,0.0,-0.4396,299.4342,-1.4,-0.6998,-1.32,0.0,0.0,-0.099,0.687777235
01/03/2016 01:00,6590.984386277364,0.0,-0.3894,299.2444,0.09,-0.6631,-1.4,0.0,0.0,-0.1845,0.260290896
01/03/2016 01:30,6591.348861277364,0.0,-0.4238,299.1721,-0.04,-0.6892,-1.34,0.0,0.0,-0.2851,1.020619426
01/03/2016 02:00,6591.713861277364,0.0,-0.4157,299.2063,-0.17,-0.6648,-1.4,0.0,0.0,-0.3575,0.166737532
01/03/2016 02:30,6592.092111277364,0.0,-0.4282,299.2098,-1.36,-0.7312,-1.25,0.0,0.0,-0.4859,-0.039091591
01/03/2016 03:00,6592.510536277364,0.0,-0.4675,299.0084,-0.48,-0.7906,-1.14,0.0,0.0,-0.6191,0.441351828
01/03/2016 03:30,6592.952686277364,0.0,-0.4611,298.8119,0.59,-0.8037,-1.12,0.0,0.0,-0.7085,0.215041543
01/03/2016 04:00,6593.401211277364,0.0,-0.4656,298.8357,0.65,-0.8097,-1.11,0.0,0.0,-0.7804,0.33070624
01/03/2016 04:30,6593.857636277364,0.0,-0.4465,298.7651,0.69,-0.827,-1.08,0.0,0.0,-0.8542,0.575562743
01/03/2016 05:00,6594.359086277364,0.0,-0.52,299.1395,0.19,-0.9376,-0.93,0.0,0.0,-1.0444,0.56273549
01/03/2016 05:30,6594.907411277363,0.0,-0.3898,298.8293,0.68,-0.9585,-0.9,0.0,0.0,-1.1026,0.227095603
01/03/2016 06:00,6595.464811277363,0.0,-0.433,299.1478,-0.17,-0.9621,-0.9,0.0,0.0,-1.1175,0.331780856
01/03/2016 06:30,6596.028986277363,0.0,-0.4725,299.2123,0.05,-0.9765,-0.88,100.9451,4.1614,-1.1295,0.6618906
01/03/2016 07:00,6596.630061277363,0.0,-0.5448,299.5073,-0.14,-1.057,-0.79,517.2365,20.8519,-1.222,0.623877725
01/03/2016 07:30,6597.275586277363,0.0,-0.628,299.9874,-0.16,-1.0888,-0.76,2547.4443,97.9414,-1.2167,0.179873137
01/03/2016 08:00,6597.938811277363,0.0,-0.7868,300.7847,-1.06,-1.1002,-0.75,5138.3467,184.0339,-1.1569,0.494154096
01/03/2016 08:30,6598.616761277363,0.0,-0.8318,300.913,-1.51,-1.1239,-0.73,5035.0606,162.5135,-1.0916,0.845060342
01/03/2016 09:00,6599.314511277364,0.0,-0.7952,300.8881,-1.91,-1.1467,-0.71,5333.7173,151.3446,-1.0006,-0.44739416
01/03/2016 09:30,6600.051336277364,0.0,-0.9368,301.3089,-2.49,-1.2125,-0.65,9802.0764,237.0729,-0.9327,0.503725164
01/03/2016 10:00,6600.818086277363,0.0,-0.7238,301.126,-1.96,-1.2139,-0.65,9765.6068,188.7439,-0.7674,0.387362343
01/03/2016 10:30,6601.582236277363,0.0,-0.6371,301.1625,-1.37,-1.2068,-0.66,7128.3704,103.7228,-0.5824,1.860679138
01/03/2016 11:00,6602.323211277363,0.0,-0.7025,301.2203,-1.71,-1.1622,-0.69,7593.271,73.5786,-0.3732,1.433477477
01/03/2016 11:30,6603.091336277363,0.0,-1.0957,301.8958,-1.96,-1.265,-0.61,14568.7497,70.9289,-0.2128,0.373804629
01/03/2016 12:00,6603.963236277363,0.0,-1.5522,302.0806,-2.06,-1.3779,-0.54,15070.1744,0.0,0.0,0.063832527
01/03/2016 12:30,6604.857861277363,0.0,-1.6612,302.5422,-2.9,-1.3116,-0.58,15781.4315,-74.6067,0.2247,-0.040560483
01/03/2016 13:00,6605.747561277362,0.0,-1.8042,302.761,-2.73,-1.3685,-0.54,16588.209,-153.0604,0.4756,0.411541488
01/03/2016 13:30,6606.668661277362,0.0,-1.8122,302.8997,-2.51,-1.373,-0.54,12603.8648,-167.3011,0.7068,0.494132154
01/03/2016 14:00,6607.6278862773615,0.0,-1.9326,302.3763,-2.97,-1.4392,-0.5,10293.4614,-176.077,0.995,0.481122431
01/03/2016 14:30,6608.603536277362,0.0,-1.8097,302.3554,-2.23,-1.4039,-0.52,9135.6576,-191.9722,1.1643,-0.049689058
01/03/2016 15:00,6609.565861277362,0.0,-1.7211,301.9132,-2.58,-1.415,-0.52,7389.3451,-181.7411,1.3695,-0.233255733
01/03/2016 15:30,6610.540986277362,0.0,-1.5239,301.413,-2.21,-1.4273,-0.51,5464.5146,-152.2223,1.558,0.05052548
01/03/2016 16:00,6611.532511277363,0.0,-1.4713,301.2633,-2.24,-1.4447,-0.5,7079.5484,-217.8774,1.734,5.592899059
01/03/2016 16:30,6612.539311277363,0.0,-1.4923,301.2848,-1.86,-1.4547,-0.49,4233.9107,-140.1513,1.8708,0.361564056
01/03/2016 17:00,6613.577261277363,0.0,-1.3585,300.9182,-1.4,-1.499,-0.47,4169.1708,-144.6519,2.0544,0.307785914
01/03/2016 17:30,6614.581161277362,0.0,-1.1822,300.7609,-1.11,-1.3927,-0.53,1236.7629,-44.3626,1.8725,1.03525753
01/03/2016 18:00,6615.536261277362,0.0,-1.241,300.5701,-0.8,-1.4127,-0.52,276.9787,-10.1569,1.9317,-0.226366296
01/03/2016 18:30,6616.531961277363,0.0,-1.1962,300.2713,-0.16,-1.4663,-0.49,0.0,0.0,2.0336,0.305563347
01/03/2016 19:00,6617.544911277363,0.0,-1.1837,300.1756,-0.5,-1.4439,-0.5,0.0,0.0,1.9325,0.167493979
01/03/2016 19:30,6618.552311277364,0.0,-1.138,299.9542,0.05,-1.4565,-0.49,0.0,0.0,1.8745,3.44592517
01/03/2016 20:00,6619.565486277364,0.0,-1.0929,299.8797,0.23,-1.4542,-0.49,0.0,0.0,1.7527,0.588064896
01/03/2016 20:30,6620.596111277364,0.0,-1.1564,299.8541,-0.44,-1.4869,-0.48,0.0,0.0,1.665,0.499006325
01/03/2016 21:00,6621.667111277364,0.0,-1.2273,299.7936,0.16,-1.5236,-0.46,0.0,0.0,1.5452,0.664298525
01/03/2016 21:30,6622.739886277363,0.0,-1.1845,299.7074,0.31,-1.49,-0.48,0.0,0.0,1.2819,0.55056421
01/03/2016 22:00,6623.803911277363,0.0,-1.147,299.5583,-0.82,-1.5089,-0.47,0.0,0.0,1.0752,0.54811009
01/03/2016 22:30,6624.842136277363,0.0,-0.6848,298.7274,0.4,-1.4448,-0.5,0.0,0.0,0.7664,0.573610995
01/03/2016 23:00,6625.843061277364,0.0,-0.5876,298.567,1.35,-1.4441,-0.5,0.0,0.0,0.5179,0.812989325
01/03/2016 23:30,6626.880061277364,0.0,-0.7015,298.77,0.92,-1.5075,-0.47,0.0,0.0,0.2802,0.660522067
02/03/2016 00:00,6627.929536277364,0.0,-0.7573,298.987,0.52,-1.4662,-0.49,0.0,0.0,0.0,0.744302837
02/03/2016 00:30,6628.988711277364,0.0,-0.8395,299.0675,0.46,-1.5237,-0.46,0.0,0.0,-0.2853,1.786905403
02/03/2016 01:00,6630.070386277364,0.0,-0.8272,299.0656,0.66,-1.505,-0.47,0.0,0.0,-0.5541,0.546740402
02/03/2016 01:30,6631.103811277364,0.0,-0.7533,298.9793,0.51,-1.4404,-0.5,0.0,0.0,-0.7626,1.803691584
02/03/2016 02:00,6632.104561277364,0.0,-0.6852,298.7338,0.61,-1.4482,-0.5,0.0,0.0,-1.0052,0.144272229
02/03/2016 02:30,6633.134461277365,0.0,-0.7518,298.7164,0.7,-1.4915,-0.47,0.0,0.0,-1.2841,0.526371206
02/03/2016 03:00,6634.213136277364,0.0,-0.8433,298.8071,0.13,-1.5319,-0.45,0.0,0.0,-1.5595,0.536928542
02/03/2016 03:30,6635.311711277364,0.0,-0.8499,298.8001,0.0,-1.5251,-0.46,0.0,0.0,-1.7366,0.532013373
02/03/2016 04:00,6636.412636277364,0.0,-0.8313,298.6945,0.31,-1.5358,-0.45,0.0,0.0,-1.9181,0.539399985
02/03/2016 04:30,6637.521036277364,0.0,-0.8029,298.5655,0.52,-1.5374,-0.45,0.0,0.0,-2.0499,0.536019074
02/03/2016 05:00,6638.6180112773645,0.0,-0.722,298.3702,0.68,-1.5168,-0.46,0.0,0.0,-2.0952,1.414479701
02/03/2016 05:30,6639.719111277364,0.0,-0.7803,298.4824,0.68,-1.5442,-0.45,0.0,0.0,-2.2162,1.360812427
02/03/2016 06:00,6640.826886277365,0.0,-0.8493,298.6665,0.11,-1.5279,-0.46,0.0,0.0,-2.1958,1.193193144
02/03/2016 06:30,6641.940136277365,0.0,-0.8035,298.58,0.11,-1.5531,-0.44,84.6816,3.4823,-2.2379,-0.258707556
02/03/2016 07:00,6643.060761277365,0.0,-0.8824,298.737,0.24,-1.5401,-0.45,807.0109,32.3987,-2.1495,0.646790544
02/03/2016 07:30,6644.185161277364,0.0,-1.0067,298.828,-0.16,-1.5592,-0.44,1313.5916,50.3778,-2.0993,-3.178893816
02/03/2016 08:00,6645.331636277364,0.0,-1.0247,298.9239,0.31,-1.5757,-0.43,2083.9864,74.8563,-2.0036,0.593504381
02/03/2016 08:30,6646.180486277364,0.0,-0.5356,299.3461,-0.7,-0.938,-0.93,2100.9671,69.1335,-0.8582,0.119179574
02/03/2016 09:00,6646.746961277364,0.0,-0.6233,299.4312,-1.26,-1.0058,-0.85,2887.812,84.0326,-0.8373,0.537630709
02/03/2016 09:30,6647.229686277364,0.0,-0.3881,299.862,-1.15,-0.6906,-1.34,7562.5322,188.8342,-0.4546,0.050506944
02/03/2016 10:00,6647.568736277363,0.0,-0.3544,300.1561,-1.05,-0.5769,-1.64,4880.299,98.7116,-0.3047,0.320538099
02/03/2016 10:30,6647.870211277364,0.0,-0.378,300.4625,-1.32,-0.5658,-1.68,6800.6662,103.9338,-0.2283,0.370296681
02/03/2016 11:00,6648.114236277364,0.0,-0.235,300.5166,-1.12,-0.371,-2.64,4032.8408,40.9806,-0.0982,-0.033050067
02/03/2016 11:30,6648.308211277364,0.0,-0.2484,300.6067,-1.18,-0.3866,-2.53,5650.2867,28.9333,-0.0517,0.875826346
02/03/2016 12:00,6648.480661277364,0.0,-0.1882,300.6521,-1.01,-0.2894,-3.42,3919.5497,0.0,0.0,0.169580847
02/03/2016 12:30,6648.599736277363,0.0,-0.0949,300.2806,-0.15,-0.1818,-5.5,3217.917,-16.2171,0.0239,1.174039459
02/03/2016 13:00,6648.691936277363,0.0,-0.0941,300.4792,-1.05,-0.1849,-5.41,5164.2048,-51.7458,0.0481,-0.628300915
02/03/2016 13:30,6648.800386277363,0.0,-0.182,301.2723,-2.07,-0.2453,-4.05,8853.0127,-132.547,0.0948,0.238695795
02/03/2016 14:00,6648.874036277363,0.0,-0.0356,301.3299,-1.93,-0.0468,-21.83,6767.1385,-130.0373,0.0234,5.771541672
02/03/2016 14:30,6648.902661277363,0.0,-0.0415,300.8001,-1.54,-0.0676,-14.99,4950.6801,-114.2883,0.0412,0.799049923
02/03/2016 15:00,6648.91261629474,0.0474,0.0314,300.8769,-1.19,0.0474,20.66,4843.7811,-130.033,-0.0335,3.092589634
02/03/2016 15:30,6648.91261629474,0.0842,0.045,300.6077,-0.81,0.0841,11.74,5102.2548,-153.5619,-0.0668,0.144485882
02/03/2016 16:00,6648.91261629474,0.0878,0.0491,300.8234,-1.61,0.0877,11.26,4410.4463,-145.3409,-0.076,2.881564186
02/03/2016 16:30,6648.912886656615,0.0,-0.0064,300.7493,-1.87,-0.0103,-107.53,3592.6628,-126.5417,0.0095,-0.348535277
02/03/2016 17:00,6648.942761656615,0.0,-0.0675,300.4855,-1.64,-0.109,-9.24,1806.449,-66.4469,0.1055,0.641501194
02/03/2016 17:30,6648.994061656616,0.0,-0.0574,300.3003,-1.29,-0.0959,-10.53,1084.9647,-41.1823,0.0952,1.226632694
02/03/2016 18:00,6649.068186656616,0.0,-0.1046,299.9374,-1.33,-0.1992,-5.01,179.293,-6.9145,0.2005,0.620476603
02/03/2016 18:30,6649.157861656616,0.0,-0.0862,299.8374,-1.2,-0.1575,-6.36,0.0,0.0,0.1568,0.522037519
02/03/2016 19:00,6649.251111656616,0.0,-0.1101,299.6911,-1.13,-0.2132,-4.68,0.0,0.0,0.2075,0.974805336
02/03/2016 19:30,6649.372761656616,0.0,-0.1325,299.5497,-0.83,-0.2686,-3.69,0.0,0.0,0.2511,0.666723773
02/03/2016 20:00,6649.516461656615,0.0,-0.1515,299.5108,-0.96,-0.2985,-3.31,0.0,0.0,0.2624,0.647160106
02/03/2016 20:30,6649.699586656615,0.0,-0.2092,299.4766,-0.75,-0.4173,-2.33,0.0,0.0,0.3407,0.882022277
02/03/2016 21:00,6649.939311656615,0.0,-0.2676,299.4556,-0.45,-0.5074,-1.89,0.0,0.0,0.3743,0.53966965
02/03/2016 21:30,6650.212561656615,0.0,-0.2954,299.4831,-0.22,-0.5374,-1.78,0.0,0.0,0.3431,0.981850104
02/03/2016 22:00,6650.512286656615,0.0,-0.3081,299.4068,-0.29,-0.5989,-1.58,0.0,0.0,0.3177,0.028267767
02/03/2016 22:30,6650.847336656615,0.0,-0.352,299.4995,-0.78,-0.6567,-1.42,0.0,0.0,0.2698,0.111414738
02/03/2016 23:00,6651.203486656615,0.0,-0.3583,299.4408,-0.98,-0.6687,-1.39,0.0,0.0,0.1863,0.407105594
02/03/2016 23:30,6651.563661656614,0.0,-0.3601,299.331,-1.26,-0.6698,-1.39,0.0,0.0,0.0941,0.606704659
03/03/2016 00:00,6651.933861656615,0.0,-0.3847,299.252,-0.99,-0.701,-1.32,0.0,0.0,0.0,-0.005641589
03/03/2016 00:30,6652.345286656615,0.0,-0.4281,299.1349,-0.68,-0.7983,-1.13,0.0,0.0,-0.1156,0.50821938
03/03/2016 01:00,6652.782311656615,0.0,-0.3881,299.0045,-0.05,-0.7805,-1.16,0.0,0.0,-0.2232,0.512004499
03/03/2016 01:30,6653.224911656615,0.0,-0.3746,298.9277,0.07,-0.8149,-1.1,0.0,0.0,-0.3476,0.76390115
03/03/2016 02:00,6653.679361656616,0.0,-0.3658,298.9032,-0.51,-0.816,-1.1,0.0,0.0,-0.4548,0.466296659
03/03/2016 02:30,6654.134111656616,0.0,-0.3902,299.078,-0.92,-0.8158,-1.1,0.0,0.0,-0.5536,0.785416565
03/03/2016 03:00,6654.617311656615,0.0,-0.4247,299.0584,-0.61,-0.8978,-0.98,0.0,0.0,-0.7237,0.342738357
03/03/2016 03:30,6655.146186656615,0.0,-0.4134,298.919,0.23,-0.945,-0.92,0.0,0.0,-0.8664,0.467762201
03/03/2016 04:00,6655.687136656615,0.0,-0.4068,298.9416,0.2,-0.9312,-0.93,0.0,0.0,-0.9281,3.463744968
03/03/2016 04:30,6656.252361656615,0.0,-0.4585,299.055,-0.48,-1.009,-0.84,0.0,0.0,-1.0987,0.529571956
03/03/2016 05:00,6656.865236656615,0.0,-0.4537,298.9396,0.39,-1.0553,-0.79,0.0,0.0,-1.2193,0.539390169
03/03/2016 05:30,6657.487561656615,0.0,-0.3865,298.761,0.73,-1.0331,-0.82,0.0,0.0,-1.2165,0.554153577
03/03/2016 06:00,6658.133261656615,0.0,-0.4506,298.9804,0.29,-1.112,-0.74,0.0,0.0,-1.3558,0.77256275
03/03/2016 06:30,6658.836861656615,0.0,-0.5306,299.1245,-0.54,-1.1716,-0.69,102.5769,4.2322,-1.4461,0.427927503
03/03/2016 07:00,6659.567261656615,0.0,-0.5396,299.3475,-0.69,-1.1741,-0.68,971.9472,39.1179,-1.4131,10.5532357
03/03/2016 07:30,6660.316536656615,0.0,-0.605,299.5349,-0.64,-1.2135,-0.65,1484.1046,57.0355,-1.4173,-0.09167091
03/03/2016 08:00,6661.105661656616,0.0,-0.6127,299.6864,-0.35,-1.2608,-0.62,2310.3387,82.8151,-1.405,0.59654749
03/03/2016 08:30,6661.919636656616,0.0,-0.7992,300.4816,-0.95,-1.2666,-0.61,5596.0324,183.5317,-1.2959,0.530769567
03/03/2016 09:00,6662.724411656615,0.0,-0.9847,301.4695,-0.91,-1.2413,-0.63,7001.7332,201.7511,-1.1212,0.614696429
03/03/2016 09:30,6663.523136656615,0.0,-1.0794,301.9674,-1.07,-1.2539,-0.62,9808.0525,238.8306,-0.9797,0.232633253
03/03/2016 10:00,6664.266611656615,0.0,-1.0617,302.4143,-2.11,-1.1172,-0.73,8379.4634,162.8345,-0.6823,0.06366738
03/03/2016 10:30,6664.951736656615,0.0,-1.0722,302.0911,-2.78,-1.1239,-0.73,6976.0699,101.5453,-0.5265,0.239432609
03/03/2016 11:00,6665.621511656615,0.0,-1.0074,302.3598,-2.08,-1.0804,-0.77,7317.542,71.4417,-0.3373,1.221643613
03/03/2016 11:30,6666.273286656616,0.0,-0.9557,302.4197,-0.81,-1.0808,-0.77,4938.3184,24.3054,-0.1702,3.260243563
03/03/2016 12:00,6666.913786656616,0.0,-0.8713,302.3804,-1.45,-1.0526,-0.8,6945.2243,0.0,0.0,1.101564965
03/03/2016 12:30,6667.544536656616,0.0,-1.0004,303.3276,-1.78,-1.0569,-0.79,13010.5483,-63.3191,0.1651,0.668144275
03/03/2016 13:00,6668.176811656616,0.0,-0.8086,302.6799,-0.96,-1.0564,-0.79,7150.8071,-66.9354,0.3272,5.53938192
03/03/2016 13:30,6668.814736656616,0.0,-0.8501,302.8695,-0.77,-1.0708,-0.78,13828.9128,-189.885,0.4927,0.890805139
03/03/2016 14:00,6669.4690366566165,0.0,-1.0903,303.2107,-1.86,-1.0964,-0.75,13053.4766,-231.6911,0.6649,0.358045137
03/03/2016 14:30,6670.1499116566165,0.0,-1.1925,303.4211,-1.58,-1.1344,-0.72,10165.6555,-216.3797,0.8485,0.837807696
03/03/2016 15:00,6670.857436656616,0.0,-1.0721,303.0843,-0.27,-1.1589,-0.7,8197.2603,-201.1919,1.0156,1.037590387
03/03/2016 15:30,6671.569561656616,0.0,-1.1286,302.9475,-1.59,-1.1451,-0.71,5226.8497,-144.5864,1.1204,3.281868691
03/03/2016 16:00,6672.269661656616,0.0,-0.9669,302.4182,-1.54,-1.1311,-0.72,5358.5491,-161.864,1.2022,3.368057386
03/03/2016 16:30,6672.982736656616,0.0,-0.9853,302.5689,-0.68,-1.1747,-0.68,3555.7841,-116.0408,1.3527,0.023566712
03/03/2016 17:00,6673.724361656616,0.0,-0.8644,302.0852,0.0,-1.1961,-0.67,2489.9737,-84.9269,1.4512,0.846781114
03/03/2016 17:30,6674.489061656615,0.0,-0.9074,301.8161,-0.42,-1.2256,-0.64,876.4037,-31.3232,1.5431,0.788754168
03/03/2016 18:00,6675.271886656616,0.0,-0.8806,301.4117,-0.51,-1.2356,-0.64,207.2773,-7.5401,1.5749,0.53752908
03/03/2016 18:30,6676.077111656616,0.0,-0.7753,300.874,-0.23,-1.2731,-0.61,0.0,0.0,1.6319,0.649469866
03/03/2016 19:00,6676.910386656616,0.0,-0.8656,300.8372,-0.56,-1.2943,-0.59,0.0,0.0,1.6296,0.725715043
03/03/2016 19:30,6677.771161656616,0.0,-0.8935,300.695,-0.49,-1.3289,-0.57,0.0,0.0,1.6223,0.72362471
03/03/2016 20:00,6678.670286656616,0.0,-0.8816,300.4236,-0.01,-1.3699,-0.54,0.0,0.0,1.5939,0.818059248
03/03/2016 20:30,6679.596986656616,0.0,-0.8707,300.2548,-0.29,-1.3822,-0.54,0.0,0.0,1.4806,0.360740627
03/03/2016 21:00,6680.551411656616,0.0,-0.8007,299.7482,-0.9,-1.4217,-0.51,0.0,0.0,1.3798,0.762197702
03/03/2016 21:30,6681.532361656616,0.0,-0.7038,299.4952,0.49,-1.4312,-0.51,0.0,0.0,1.2007,0.316662322
03/03/2016 22:00,6682.533511656616,0.0,-0.7788,299.4412,0.42,-1.4579,-0.49,0.0,0.0,1.0161,0.775311365
03/03/2016 22:30,6683.548361656615,0.0,-0.757,299.344,0.33,-1.4557,-0.49,0.0,0.0,0.7758,0.265010891
03/03/2016 23:00,6684.610861656615,0.0,-0.9525,299.5475,-0.57,-1.5391,-0.45,0.0,0.0,0.5753,-0.030246885
03/03/2016 23:30,6685.698236656615,0.0,-0.9996,299.6821,-0.47,-1.4989,-0.47,0.0,0.0,0.2776,0.61675789
04/03/2016 00:00,6686.772711656616,0.0,-1.0941,299.766,-0.22,-1.5177,-0.46,0.0,0.0,0.0,1.071018389
04/03/2016 00:30,6687.892936656615,0.0,-1.1923,299.6565,-0.46,-1.5741,-0.43,0.0,0.0,-0.3015,0.929961346
04/03/2016 01:00,6689.025861656615,0.0,-1.1226,299.5493,-0.24,-1.5387,-0.45,0.0,0.0,-0.5751,0.923141779
04/03/2016 01:30,6690.153536656615,0.0,-1.1479,299.3976,0.0,-1.5658,-0.44,0.0,0.0,-0.8758,0.414889485
04/03/2016 02:00,6691.316236656615,0.0,-1.1428,299.1775,0.47,-1.5948,-0.42,0.0,0.0,-1.1811,0.066754951
04/03/2016 02:30,6692.517711656615,0.0,-1.1703,299.0994,0.54,-1.6262,-0.41,0.0,0.0,-1.4877,0.806712552
04/03/2016 03:00,6693.752011656615,0.0,-1.1926,299.0762,0.62,-1.6448,-0.4,0.0,0.0,-1.7631,0.583260595
04/03/2016 03:30,6694.982286656615,0.0,-1.128,299.0438,0.36,-1.62,-0.41,0.0,0.0,-1.926,1.00479757
04/03/2016 04:00,6696.233761656615,0.0,-1.1802,299.0997,0.4,-1.6759,-0.39,0.0,0.0,-2.2328,0.429283909
04/03/2016 04:30,6697.528461656615,0.0,-1.045,298.9225,0.72,-1.684,-0.38,0.0,0.0,-2.4026,0.334491359
04/03/2016 05:00,6698.838111656615,0.0,-0.9859,299.0626,0.83,-1.6973,-0.38,0.0,0.0,-2.5481,0.999872006
04/03/2016 05:30,6700.171336656616,0.0,-1.0671,299.2897,0.22,-1.7173,-0.37,0.0,0.0,-2.6718,1.343165861
04/03/2016 06:00,6701.539911656616,0.0,-0.9677,298.9574,0.83,-1.7463,-0.36,0.0,0.0,-2.7794,1.623836347
04/03/2016 06:30,6702.922261656616,0.0,-0.9274,299.1741,0.47,-1.7363,-0.36,278.5829,11.5275,-2.7265,1.275235819
04/03/2016 07:00,6704.306486656616,0.0,-0.9178,299.3753,0.06,-1.7488,-0.36,1611.7346,64.8944,-2.6919,0.272598453
04/03/2016 07:30,6705.688336656615,0.0,-0.9359,299.7592,0.64,-1.733,-0.37,2373.7379,91.1491,-2.5319,0.395263454
04/03/2016 08:00,6707.078986656616,0.0,-1.0562,300.0363,0.43,-1.7606,-0.35,2824.3434,101.0307,-2.444,1.222885109
04/03/2016 08:30,6708.539136656616,0.0,-1.7172,301.2537,0.15,-1.8243,-0.33,8135.7501,264.313,-2.3947,-0.211977647
04/03/2016 09:00,6710.062511656615,0.0,-2.9287,303.0927,-0.26,-1.8419,-0.33,12827.4867,364.127,-2.1744,2.456597218
04/03/2016 09:30,6711.638736656615,0.0,-3.1662,303.2111,0.28,-1.8887,-0.31,13225.2181,312.4176,-1.9662,-0.085069616
04/03/2016 10:00,6713.293361656615,0.0,-3.7567,303.8929,-0.12,-1.9347,-0.3,17200.8927,321.6323,-1.6943,-2.206496405
04/03/2016 10:30,6714.962736656616,0.0,-3.5,303.8819,-0.55,-1.906,-0.3,14223.614,195.8669,-1.2586,0.510259476
04/03/2016 11:00,6716.639761656616,0.0,-3.4364,303.5865,-0.51,-1.9433,-0.29,14732.4749,133.3233,-0.885,2.836194725
04/03/2016 11:30,6718.373386656615,0.0,-4.3713,304.6386,-0.14,-1.9699,-0.28,21976.8298,99.4644,-0.4588,2.488015728
04/03/2016 12:00,6720.154361656615,0.0,-4.5406,304.7246,-0.14,-1.9951,-0.28,18341.6707,0.0,0.0,0.860102654
04/03/2016 12:30,6721.989111656615,0.0,-4.6993,304.7497,-0.34,-2.0272,-0.27,22817.601,-98.2287,0.4869,0.751024238
04/03/2016 13:00,6723.852336656615,0.0,-4.439,304.5496,-0.27,-2.0251,-0.27,16945.7271,-142.5838,0.9635,3.019150814
04/03/2016 13:30,6725.755961656615,0.0,-4.9429,305.0081,-0.44,-2.0682,-0.26,21402.8397,-264.3806,1.4894,0.939523752
04/03/2016 14:00,6727.723061656615,0.0,-5.2431,305.4006,0.94,-2.089,-0.25,20792.1451,-331.8249,1.9882,-0.549312898
04/03/2016 14:30,6729.710311656615,0.0,-5.197,305.4775,0.94,-2.088,-0.25,19702.0165,-379.6717,2.4184,0.50424948
04/03/2016 15:00,6731.715911656615,0.0,-5.091,305.4347,0.42,-2.1067,-0.25,21626.8589,-476.2535,2.8636,1.907728949
04/03/2016 15:30,6733.746811656615,0.0,-4.9785,305.2575,0.62,-2.1125,-0.25,18383.2346,-452.5101,3.232,0.443448513
04/03/2016 16:00,6735.778836656616,0.0,-5.0059,305.319,0.3,-2.1078,-0.25,17025.0197,-461.6186,3.5111,1.444650941
04/03/2016 16:30,6737.798761656615,0.0,-4.8017,305.0601,0.69,-2.1009,-0.25,11609.952,-335.4033,3.719,0.984962506
04/03/2016 17:00,6739.817111656615,0.0,-3.9625,303.9503,0.15,-2.1063,-0.25,4054.5578,-123.3124,3.9101,-0.275831539
04/03/2016 17:30,6741.825036656615,0.0,-3.3106,303.5547,0.18,-2.0908,-0.25,2042.7204,-64.9325,3.9496,0.53345524
04/03/2016 18:00,6743.831886656615,0.0,-2.7745,303.2076,0.36,-2.1053,-0.25,537.0969,-17.7026,4.0437,1.328672117
04/03/2016 18:30,6745.842086656615,0.0,-2.4768,302.8585,-0.45,-2.094,-0.25,0.0,0.0,3.9629,0.553067412
04/03/2016 19:00,6747.851511656615,0.0,-2.3787,302.4455,-0.82,-2.1045,-0.25,0.0,0.0,3.9029,0.791791502
04/03/2016 19:30,6749.871011656615,0.0,-2.101,302.0525,-0.41,-2.1037,-0.25,0.0,0.0,3.7301,-0.154458848
04/03/2016 20:00,6751.915636656616,0.0,-2.0096,301.9068,0.5,-2.1284,-0.24,0.0,0.0,3.5863,0.155264377
04/03/2016 20:30,6753.986986656616,0.0,-1.9325,301.6687,0.46,-2.1291,-0.24,0.0,0.0,3.2879,0.598961189
04/03/2016 21:00,6756.085861656616,0.0,-1.9151,301.1461,0.27,-2.1539,-0.24,0.0,0.0,3.0061,0.734007082
04/03/2016 21:30,6758.205686656615,0.0,-1.8448,300.7102,0.54,-2.1486,-0.24,0.0,0.0,2.5739,0.434467011
04/03/2016 22:00,6760.318486656615,0.0,-1.6083,300.1287,0.56,-2.1474,-0.24,0.0,0.0,2.1116,0.613270152
04/03/2016 22:30,6762.425286656615,0.0,-1.4633,299.9478,0.78,-2.1431,-0.24,0.0,0.0,1.6088,0.306337117
04/03/2016 23:00,6764.539761656615,0.0,-1.404,299.7021,0.67,-2.1545,-0.24,0.0,0.0,1.101,0.778059979
04/03/2016 23:30,6766.647911656615,0.0,-1.3378,299.6052,0.16,-2.1372,-0.24,0.0,0.0,0.5454,1.282904222
05/03/2016 00:00,6768.761111656615,0.0,-1.278,299.2678,0.28,-2.1591,-0.23,0.0,0.0,0.0,0.155844704
05/03/2016 00:30,6770.909536656615,0.0,-1.2369,298.8617,-0.16,-2.1695,-0.23,0.0,0.0,-0.5638,3.606736435
05/03/2016 01:00,6773.077911656616,0.0,-1.1671,298.607,0.06,-2.1771,-0.23,0.0,0.0,-1.1268,0.179918178
05/03/2016 01:30,6775.289511656615,0.0,-1.1956,298.898,0.67,-2.2077,-0.22,0.0,0.0,-1.7192,-0.402037403
05/03/2016 02:00,6777.541411656615,0.0,-1.2672,299.1224,0.66,-2.2126,-0.22,0.0,0.0,-2.2575,-0.093108158
05/03/2016 02:30,6779.797711656615,0.0,-1.4552,299.5099,0.62,-2.2116,-0.22,0.0,0.0,-2.7456,0.44585355
05/03/2016 03:00,6782.063061656615,0.0,-1.4128,298.8616,0.4,-2.2204,-0.22,0.0,0.0,-3.2182,0.349674566
05/03/2016 03:30,6784.315061656615,0.0,-1.2051,298.2004,0.23,-2.1999,-0.22,0.0,0.0,-3.5358,1.158875885
05/03/2016 04:00,6786.583711656615,0.0,-1.1386,297.8574,-0.28,-2.2346,-0.22,0.0,0.0,-3.9991,-2.726706326
05/03/2016 04:30,6788.885286656616,0.0,-1.0667,297.6466,-0.39,-2.2284,-0.22,0.0,0.0,-4.2392,0.748570118
05/03/2016 05:00,6791.189986656616,0.0,-1.0383,297.4406,-0.16,-2.2372,-0.22,0.0,0.0,-4.4725,1.374463109
05/03/2016 05:30,6793.522636656616,0.0,-1.0133,297.0695,-0.09,-2.2519,-0.21,0.0,0.0,-4.6601,0.602656805
05/03/2016 06:00,6795.878561656616,0.0,-0.9756,296.6888,-0.23,-2.2567,-0.21,0.0,0.0,-4.7234,-0.075005414
05/03/2016 06:30,6798.260236656615,0.0,-0.9631,297.0264,0.18,-2.2731,-0.21,203.7064,8.325,-4.7622,0.336215017
05/03/2016 07:00,6800.670561656615,0.0,-1.0148,298.2401,0.03,-2.2802,-0.21,1695.3128,67.8916,-4.6731,0.942792062
05/03/2016 07:30,6803.114286656615,0.0,-1.1603,299.2062,0.07,-2.3,-0.2,1776.7482,67.8587,-4.5611,-1.129720939
05/03/2016 08:00,6805.586586656616,0.0,-1.3349,300.498,-0.07,-2.303,-0.2,3250.4222,115.8892,-4.2888,1.065671294
05/03/2016 08:30,6808.078136656615,0.0,-1.7863,301.3525,-0.56,-2.3152,-0.2,4560.7462,146.7268,-3.9778,-7.351619616
05/03/2016 09:00,6810.618286656615,0.0,-2.9478,302.7351,-0.56,-2.3408,-0.19,9525.5969,269.2092,-3.6393,2.857230864
05/03/2016 09:30,6813.196011656615,0.0,-4.9992,304.2984,-0.41,-2.3441,-0.19,16795.6645,397.8425,-3.1438,-1.463134795
05/03/2016 10:00,6815.805286656615,0.0,-6.7861,305.534,-0.63,-2.3646,-0.19,16580.0387,308.6381,-2.6365,-1.43051521
05/03/2016 10:30,6818.462461656615,0.0,-7.5106,306.1472,-1.1,-2.3799,-0.19,20161.1634,275.6464,-2.0496,-1.630234382
05/03/2016 11:00,6820.913511656615,0.0,-6.5211,306.4234,-0.85,-2.1981,-0.22,18356.1849,163.4869,-1.1513,-3.105743717
05/03/2016 11:30,6822.850711656615,0.0,-4.9663,306.5483,-1.17,-1.9094,-0.3,18488.1506,81.0066,-0.4308,1.562431378
05/03/2016 12:00,6824.472686656615,0.0,-5.1498,306.6543,-0.33,-1.8761,-0.31,15940.3502,0.0,0.0,-0.252416925
05/03/2016 12:30,6825.824336656615,0.0,-4.0333,307.4649,-0.36,-1.5375,-0.45,25028.1308,-107.1794,0.2897,0.836797176
05/03/2016 13:00,6826.950811656615,0.0,-4.3423,307.6731,-0.13,-1.565,-0.44,26022.4822,-216.3544,0.5919,0.322817832
05/03/2016 13:30,6828.108086656614,0.0,-4.7562,308.3125,-0.07,-1.587,-0.43,33061.1786,-399.7461,0.8964,1.411072805
05/03/2016 14:00,6829.305336656615,0.0,-5.113,308.2045,-0.05,-1.6273,-0.41,30629.3501,-471.8015,1.2234,1.281039091
05/03/2016 14:30,6830.575086656615,0.0,-5.5619,308.1253,0.12,-1.6953,-0.38,28852.4847,-530.8033,1.6024,1.23668015
05/03/2016 15:00,6831.918711656615,0.0,-5.9165,308.1264,-0.02,-1.7336,-0.36,26209.1722,-557.7094,1.939,1.463775754
05/03/2016 15:30,6833.327136656615,0.0,-6.2466,307.9376,0.34,-1.7836,-0.35,22873.7372,-544.79,2.294,0.742449254
05/03/2016 16:00,6834.799211656615,0.0,-6.6273,308.1155,-0.11,-1.8174,-0.33,18509.5997,-484.8694,2.5953,-0.196264927
05/03/2016 16:30,6836.313211656615,0.0,-6.7142,307.8163,-0.76,-1.837,-0.33,14052.566,-396.7872,2.8263,-0.715956307
05/03/2016 17:00,6837.843836656615,0.0,-6.0958,307.4627,-0.62,-1.8383,-0.33,9370.2688,-282.6666,2.9589,0.541305537
05/03/2016 17:30,6839.379761656615,0.0,-4.916,305.9299,0.28,-1.8436,-0.32,1780.8177,-55.5564,3.054,1.009700035
05/03/2016 18:00,6840.912286656615,0.0,-4.1299,304.9141,0.41,-1.834,-0.33,549.2253,-17.6543,3.0497,0.882374515
05/03/2016 18:30,6842.423636656615,0.0,-3.4732,304.0849,0.54,-1.8171,-0.33,0.0,0.0,2.9701,0.749297693
05/03/2016 19:00,6843.920236656615,0.0,-3.1341,303.4062,0.61,-1.8155,-0.33,0.0,0.0,2.8888,0.808519939
05/03/2016 19:30,6845.440136656615,0.0,-3.0357,303.1545,0.53,-1.8462,-0.32,0.0,0.0,2.8538,0.460171752
05/03/2016 20:00,6846.987986656615,0.0,-2.8195,302.7012,0.19,-1.8504,-0.32,0.0,0.0,2.6868,0.735866438
05/03/2016 20:30,6848.533261656616,0.0,-2.3666,302.0662,-1.21,-1.843,-0.32,0.0,0.0,2.4424,-0.278514903
05/03/2016 21:00,6850.069436656616,0.0,-1.8649,301.4345,-1.06,-1.8391,-0.33,0.0,0.0,2.1681,-0.077987314
05/03/2016 21:30,6851.587211656616,0.0,-1.4628,300.7387,-0.46,-1.82,-0.33,0.0,0.0,1.8293,1.074096144
05/03/2016 22:00,6853.122611656616,0.0,-1.2344,299.7867,0.43,-1.8608,-0.32,0.0,0.0,1.5683,1.619465126
05/03/2016 22:30,6854.675961656616,0.0,-1.0112,299.2324,-0.02,-1.8425,-0.33,0.0,0.0,1.1774,0.902573366
05/03/2016 23:00,6856.232036656616,0.0,-0.934,299.0043,0.07,-1.8641,-0.32,0.0,0.0,0.8146,0.816679166
05/03/2016 23:30,6857.808611656616,0.0,-0.8756,298.6185,0.02,-1.8675,-0.32,0.0,0.0,0.4123,0.437395209
06/03/2016 00:00,6859.365811656617,0.0,-0.788,298.2951,0.12,-1.8404,-0.33,0.0,0.0,0.0,0.461622859
06/03/2016 00:30,6860.9110366566165,0.0,-0.7627,298.106,-0.26,-1.8529,-0.32,0.0,0.0,-0.4061,-0.089280886
06/03/2016 01:00,6862.484536656617,0.0,-0.7603,298.0776,-0.05,-1.8748,-0.31,0.0,0.0,-0.8238,0.431511673
06/03/2016 01:30,6864.1075366566165,0.0,-0.7703,297.87,0.0,-1.9119,-0.3,0.0,0.0,-1.2663,2.62841449
06/03/2016 02:00,6865.7583866566165,0.0,-0.7631,297.9073,-0.21,-1.9077,-0.3,0.0,0.0,-1.6473,-0.043453399
06/03/2016 02:30,6867.382436656617,0.0,-0.7135,297.5008,-0.47,-1.8804,-0.31,0.0,0.0,-1.9491,-0.080003735
06/03/2016 03:00,6868.999661656617,0.0,-0.6939,296.9674,0.14,-1.8997,-0.31,0.0,0.0,-2.3103,0.085015914
06/03/2016 03:30,6870.634811656617,0.0,-0.6654,297.0728,0.07,-1.9015,-0.31,0.0,0.0,-2.597,0.645947482
06/03/2016 04:00,6872.259761656617,0.0,-0.6571,297.1312,-0.34,-1.8877,-0.31,0.0,0.0,-2.7941,0.183687706
06/03/2016 04:30,6873.905411656618,0.0,-0.6754,297.1688,-0.04,-1.9254,-0.3,0.0,0.0,-3.1007,0.777984912
06/03/2016 05:00,6875.564036656618,0.0,-0.6564,297.0981,-0.1,-1.903,-0.31,0.0,0.0,-3.1666,0.693863453
06/03/2016 05:30,6877.245411656618,0.0,-0.6746,296.8308,-0.28,-1.9511,-0.29,0.0,0.0,-3.4177,0.982612325
06/03/2016 06:00,6878.952386656618,0.0,-0.6496,296.6567,-0.25,-1.9324,-0.3,0.0,0.0,-3.3807,2.579147309
06/03/2016 06:30,6880.667136656618,0.0,-0.6566,296.6954,-0.14,-1.9597,-0.29,252.8304,10.2733,-3.4485,0.83719561
06/03/2016 07:00,6882.413886656618,0.0,-0.689,297.8371,-0.35,-1.9681,-0.29,1961.551,77.6204,-3.3891,1.061900611
06/03/2016 07:30,6884.196411656618,0.0,-0.9358,300.6828,-0.21,-1.9985,-0.28,4443.5078,169.499,-3.3457,2.75020236
06/03/2016 08:00,6886.0259866566175,0.0,-1.8313,302.5378,0.07,-2.0185,-0.27,6316.9135,223.108,-3.2016,-1.005011222
06/03/2016 08:30,6887.866761656617,0.0,-2.8286,303.5789,-0.02,-2.0104,-0.27,11415.888,360.2559,-2.9086,0.254344419
06/03/2016 09:00,6889.723561656617,0.0,-3.723,304.6885,-0.48,-2.0351,-0.27,14740.8442,401.2067,-2.6594,-0.179666991
06/03/2016 09:30,6891.618186656617,0.0,-4.1197,305.3369,-0.4,-2.0495,-0.26,18723.8469,423.1016,-2.3239,-1.716977419
06/03/2016 10:00,6893.563311656617,0.0,-5.2001,306.1967,-0.83,-2.0857,-0.25,21942.9499,390.3051,-1.9815,-1.339637702
06/03/2016 10:30,6895.537236656617,0.0,-6.0061,307.1672,-0.91,-2.0783,-0.25,22181.4488,291.7001,-1.505,-0.345753749
06/03/2016 11:00,6897.489686656617,0.0,-5.8804,307.1287,0.43,-2.0645,-0.26,21069.9239,180.5728,-1.0035,0.435318735
06/03/2016 11:30,6899.457936656617,0.0,-6.1028,307.1181,-0.83,-2.0937,-0.25,17853.3464,75.8324,-0.5216,-0.120270936
06/03/2016 12:00,6901.466186656617,0.0,-6.8113,307.3508,-1.17,-2.1037,-0.25,11453.9726,0.0,0.0,-0.300899942
06/03/2016 12:30,6903.509336656617,0.0,-7.5734,308.184,-0.4,-2.1271,-0.24,34185.6106,-142.3323,0.5398,1.057419677
06/03/2016 13:00,6905.588686656617,0.0,-6.3896,307.3578,-0.67,-2.1379,-0.24,18173.262,-145.4867,1.0824,0.700117128
06/03/2016 13:30,6907.698236656617,0.0,-6.8195,307.7707,-0.35,-2.1551,-0.24,24441.6395,-284.9044,1.6288,0.43526792
06/03/2016 14:00,6909.868236656617,0.0,-7.9832,308.538,-0.88,-2.1927,-0.23,24645.8495,-375.9282,2.2119,0.293184189
06/03/2016 14:30,6912.120936656617,0.0,-8.1146,308.078,-1.24,-2.2281,-0.22,16377.6144,-298.2369,2.7924,4.656574325
06/03/2016 15:00,6914.418686656617,0.0,-10.2248,308.7675,-0.98,-2.2316,-0.22,19612.3799,-416.7081,3.2554,-0.081607285
06/03/2016 15:30,6916.737461656617,0.0,-11.8753,309.4748,0.07,-2.2458,-0.21,19978.0235,-482.7789,3.7059,0.029016245
06/03/2016 16:00,6919.083936656617,0.0,-12.2993,309.4097,-0.39,-2.2549,-0.21,17966.7701,-469.6553,4.083,-0.202755352
06/03/2016 16:30,6921.427836656617,0.0,-10.1818,307.7476,0.08,-2.2437,-0.21,9423.4716,-261.6031,4.3061,0.993704947
06/03/2016 17:00,6923.790586656617,0.0,-9.9786,307.6024,0.03,-2.2704,-0.21,10767.7278,-319.0438,4.6269,0.825519773
06/03/2016 17:30,6926.184361656617,0.0,-10.0026,307.1857,0.11,-2.2694,-0.21,5467.8291,-170.1523,4.7441,0.788263344
06/03/2016 18:00,6928.566411656617,0.0,-8.5436,305.8308,0.34,-2.2608,-0.21,858.3278,-27.2485,4.7432,0.754748726
06/03/2016 18:30,6930.963761656617,0.0,-7.2582,304.6823,0.89,-2.2818,-0.21,0.0,0.0,4.8047,0.647085038
06/03/2016 19:00,6933.382511656617,0.0,-6.5852,304.0368,0.35,-2.2783,-0.21,0.0,0.0,4.6643,0.175919983
06/03/2016 19:30,6935.820711656616,0.0,-5.7424,303.4692,0.06,-2.2974,-0.2,0.0,0.0,4.5492,0.551851324
06/03/2016 20:00,6938.2926616566165,0.0,-5.3735,303.1379,0.36,-2.3053,-0.2,0.0,0.0,4.2988,0.284517969
06/03/2016 20:30,6940.791186656616,0.0,-5.5647,303.1101,0.08,-2.3184,-0.2,0.0,0.0,3.9908,1.398553906
06/03/2016 21:00,6943.307511656616,0.0,-4.7041,302.5463,-0.85,-2.3193,-0.2,0.0,0.0,3.5603,0.366731567
06/03/2016 21:30,6945.843311656616,0.0,-3.702,301.807,-1.1,-2.3334,-0.2,0.0,0.0,3.1097,0.442387755
06/03/2016 22:00,6948.449961656615,0.0,-2.9396,300.811,0.52,-2.373,-0.19,0.0,0.0,2.6592,0.443333025
06/03/2016 22:30,6951.118286656615,0.0,-2.5507,300.1667,0.23,-2.3798,-0.19,0.0,0.0,2.0492,0.325344709
06/03/2016 23:00,6953.794811656615,0.0,-2.1783,299.7727,0.05,-2.3791,-0.19,0.0,0.0,1.385,0.489550745
06/03/2016 23:30,6956.476636656615,0.0,-1.8952,299.6778,0.18,-2.3837,-0.19,0.0,0.0,0.7017,0.168790332
07/03/2016 00:00,6959.219636656615,0.0,-1.804,299.7613,0.29,-2.4231,-0.18,0.0,0.0,0.0,0.626695632
07/03/2016 00:30,6962.027111656615,0.0,-1.7249,299.6963,-0.16,-2.4298,-0.18,0.0,0.0,-0.7354,0.457168487
07/03/2016 01:00,6964.853511656615,0.0,-1.6648,299.7841,0.03,-2.4363,-0.18,0.0,0.0,-1.4679,0.3808442
07/03/2016 01:30,6967.706936656615,0.0,-1.6503,299.4896,-0.18,-2.4485,-0.17,0.0,0.0,-2.1974,0.524763036
07/03/2016 02:00,6970.587411656615,0.0,-1.5705,299.1824,-0.37,-2.4549,-0.17,0.0,0.0,-2.8899,1.206335678
07/03/2016 02:30,6973.493036656615,0.0,-1.51,299.0054,-0.05,-2.4656,-0.17,0.0,0.0,-3.5568,0.692460274
07/03/2016 03:00,6976.436036656615,0.0,-1.4846,298.8223,-0.22,-2.4801,-0.17,0.0,0.0,-4.1926,1.402544016
07/03/2016 03:30,6979.392036656615,0.0,-1.4185,298.5817,-0.11,-2.4743,-0.17,0.0,0.0,-4.6766,1.001633198
07/03/2016 04:00,6982.359286656615,0.0,-1.3721,298.1754,0.23,-2.4875,-0.17,0.0,0.0,-5.1739,0.550069921
07/03/2016 04:30,6985.390136656615,0.0,-1.4077,298.3673,-0.49,-2.516,-0.16,0.0,0.0,-5.681,1.339071811
07/03/2016 05:00,6988.472736656615,0.0,-1.3787,298.0029,-0.08,-2.5212,-0.16,0.0,0.0,-5.9707,1.37522533
07/03/2016 05:30,6991.571486656615,0.0,-1.3373,297.8557,-0.14,-2.5263,-0.16,0.0,0.0,-6.1605,0.475011383
07/03/2016 06:00,6994.697261656615,0.0,-1.3264,297.7522,0.0,-2.5383,-0.16,0.0,0.0,-6.2894,0.129098838
07/03/2016 06:30,6997.865511656615,0.0,-1.3335,297.837,0.23,-2.553,-0.16,272.0467,10.6735,-6.329,3.07087789
07/03/2016 07:00,7001.072411656615,0.0,-1.4432,299.2445,-0.51,-2.5623,-0.16,2546.0213,98.0569,-6.2244,0.862481707
07/03/2016 07:30,7004.342586656615,0.0,-2.0829,301.0964,-0.78,-2.5914,-0.15,4556.366,168.1124,-6.1315,-0.596847758
07/03/2016 08:00,7007.683886656615,0.0,-2.9009,302.0308,-0.38,-2.605,-0.15,4679.7781,159.748,-5.8271,1.027369699
07/03/2016 08:30,7011.060086656615,0.0,-4.068,302.9148,-0.06,-2.612,-0.15,6719.1605,207.1772,-5.376,5.072833498
07/03/2016 09:00,7014.449511656615,0.0,-5.6736,304.4117,-0.01,-2.6127,-0.15,15447.4213,418.8258,-4.7952,0.739868098
07/03/2016 09:30,7017.891611656615,0.0,-7.1945,305.4085,0.91,-2.6423,-0.14,22469.4515,495.4196,-4.2534,0.684924682
07/03/2016 10:00,7021.426586656615,0.0,-8.2767,305.773,-0.69,-2.6655,-0.14,15252.3944,269.7629,-3.5765,0.229874244
07/03/2016 10:30,7024.983486656614,0.0,-8.859,306.0491,-0.42,-2.6546,-0.14,9627.958,126.4399,-2.7074,0.190327111
07/03/2016 11:00,7028.575361656614,0.0,-10.7039,306.9127,-0.62,-2.6847,-0.14,21074.0873,185.3968,-1.8875,-0.150573254
07/03/2016 11:30,7031.966886656614,0.0,-9.9688,307.1505,-0.07,-2.5357,-0.16,17739.8162,77.0553,-0.8188,0.544877004
07/03/2016 12:00,7034.930036656614,0.0,-7.7922,306.5963,-0.41,-2.4201,-0.18,9305.6543,0.0,0.0,-0.032514261
07/03/2016 12:30,7037.739511656614,0.0,-8.2054,307.3559,-0.65,-2.434,-0.18,24591.5865,-104.1144,0.7386,1.040483362
07/03/2016 13:00,7040.437686656615,0.0,-7.7626,307.5338,-0.39,-2.3384,-0.19,23059.2897,-188.9862,1.3288,0.553902968
07/03/2016 13:30,7042.992136656614,0.0,-8.092,307.5861,-1.35,-2.3287,-0.2,22750.0672,-271.9798,1.9454,0.70828213
07/03/2016 14:00,7045.500836656614,0.0,-8.3662,308.038,-0.96,-2.3028,-0.2,24807.9629,-380.3736,2.4756,0.371549726
07/03/2016 14:30,7047.978886656614,0.0,-8.117,307.4445,-0.64,-2.3048,-0.2,16626.281,-304.0384,3.0201,0.717140059
07/03/2016 15:00,7050.435961656614,0.0,-9.0557,308.4077,-0.49,-2.2861,-0.21,24720.8067,-530.5083,3.4416,0.945615744
07/03/2016 15:30,7052.911036656615,0.0,-9.2182,308.2172,-0.66,-2.3189,-0.2,17228.3294,-412.4367,3.993,0.333514331
07/03/2016 16:00,7055.459911656615,0.0,-9.0925,308.0351,-0.63,-2.3438,-0.19,13080.4837,-338.1502,4.4708,1.078190194
07/03/2016 16:30,7058.014011656615,0.0,-9.7272,308.3978,-1.91,-2.323,-0.2,14859.4365,-418.5466,4.6693,0.525086402
07/03/2016 17:00,7060.545811656615,0.0,-9.2135,307.5084,-2.2,-2.3267,-0.2,8448.155,-248.7135,4.9003,1.081897358
07/03/2016 17:30,7063.082161656615,0.0,-8.3329,306.6127,-1.93,-2.3265,-0.2,4248.1244,-130.1942,5.0288,0.379904128
07/03/2016 18:00,7065.591036656616,0.0,-6.5528,305.1063,-1.22,-2.3052,-0.2,785.8252,-24.5417,4.9633,1.53108216
07/03/2016 18:30,7068.079786656616,0.0,-5.5461,303.774,-1.11,-2.3108,-0.2,0.0,0.0,4.949,-0.199802902
07/03/2016 19:00,7070.578761656617,0.0,-5.5198,303.5682,-1.37,-2.3133,-0.2,0.0,0.0,4.8337,0.767689157
07/03/2016 19:30,7073.096686656617,0.0,-4.8617,303.281,-1.67,-2.3256,-0.2,0.0,0.0,4.6818,-0.346756185
07/03/2016 20:00,7075.619861656617,0.0,-4.0178,303.0644,-1.7,-2.3174,-0.2,0.0,0.0,4.352,1.513372075
07/03/2016 20:30,7078.132686656617,0.0,-3.5818,302.6402,-0.58,-2.3175,-0.2,0.0,0.0,3.9875,0.215818777
07/03/2016 21:00,7080.599861656617,0.0,-3.3323,302.5805,0.1,-2.2811,-0.21,0.0,0.0,3.4242,0.951973358
07/03/2016 21:30,7082.954436656617,0.0,-2.8369,302.3355,0.46,-2.2256,-0.22,0.0,0.0,2.7855,0.403131074
07/03/2016 22:00,7085.2415366566165,0.0,-2.7982,302.3572,0.48,-2.225,-0.22,0.0,0.0,2.2864,0.59736168
07/03/2016 22:30,7087.509736656617,0.0,-2.6782,302.1783,0.32,-2.2094,-0.22,0.0,0.0,1.7221,0.098510109
07/03/2016 23:00,7089.796261656617,0.0,-2.8643,302.0181,-0.1,-2.2405,-0.22,0.0,0.0,1.2025,0.394672733
07/03/2016 23:30,7092.1104116566175,0.0,-3.1121,301.84,0.1,-2.2331,-0.22,0.0,0.0,0.6018,0.574684456
08/03/2016 00:00,7094.423961656617,0.0,-2.9011,301.5161,0.47,-2.24,-0.22,0.0,0.0,0.0,0.459654944
08/03/2016 00:30,7096.747486656617,0.0,-2.905,301.4921,0.49,-2.2415,-0.22,0.0,0.0,-0.607,0.295334575
08/03/2016 01:00,7099.071986656617,0.0,-2.8319,301.3751,0.3,-2.2409,-0.22,0.0,0.0,-1.2029,0.321526676
08/03/2016 01:30,7101.390611656617,0.0,-2.6466,301.2093,0.66,-2.2365,-0.22,0.0,0.0,-1.7707,-0.14532548
08/03/2016 02:00,7103.727186656617,0.0,-2.5895,301.1752,0.55,-2.2558,-0.21,0.0,0.0,-2.3597,-0.443812877
08/03/2016 02:30,7106.108886656617,0.0,-2.598,301.0994,0.6,-2.274,-0.21,0.0,0.0,-2.9266,-0.04069878
08/03/2016 03:00,7108.502511656617,0.0,-2.4488,300.8851,0.24,-2.2657,-0.21,0.0,0.0,-3.3708,0.492886616
08/03/2016 03:30,7110.900736656617,0.0,-1.9446,300.1099,-0.42,-2.2777,-0.21,0.0,0.0,-3.8286,-0.184242048
08/03/2016 04:00,7113.310286656617,0.0,-1.8297,300.4397,0.64,-2.2749,-0.21,0.0,0.0,-4.1676,0.498726844
08/03/2016 04:30,7115.717636656617,0.0,-1.7753,300.2944,0.38,-2.2759,-0.21,0.0,0.0,-4.4504,-0.285216672
08/03/2016 05:00,7118.1374866566175,0.0,-1.8027,300.4131,0.41,-2.2851,-0.21,0.0,0.0,-4.6966,0.293612649
08/03/2016 05:30,7120.579061656617,0.0,-1.9888,300.6774,0.57,-2.2934,-0.2,0.0,0.0,-4.862,2.000471587
08/03/2016 06:00,7123.024061656617,0.0,-2.0588,300.5722,0.49,-2.2878,-0.21,0.0,0.0,-4.876,0.356816922
08/03/2016 06:30,7125.473336656617,0.0,-1.9614,300.2696,0.58,-2.2968,-0.2,288.6437,10.9436,-4.879,-0.216462623
08/03/2016 07:00,7127.957036656617,0.0,-2.3564,301.0295,1.03,-2.3151,-0.2,2118.2766,78.545,-4.8429,1.369196856
08/03/2016 07:30,7130.480511656617,0.0,-3.4719,302.3982,0.67,-2.328,-0.2,5301.5616,188.675,-4.6935,1.406978755
08/03/2016 08:00,7133.055336656616,0.0,-4.3025,303.2191,0.34,-2.3545,-0.19,7481.5467,248.2456,-4.5199,0.143952327
08/03/2016 08:30,7135.575561656617,0.0,-4.8975,304.2144,-0.9,-2.285,-0.21,12394.3392,369.6651,-3.8571,1.57771044
08/03/2016 09:00,7137.936786656616,0.0,-5.2177,304.9506,-0.97,-2.2272,-0.22,16379.2427,427.3754,-3.2407,1.766943302
08/03/2016 09:30,7140.257936656616,0.0,-5.5632,305.3071,-1.31,-2.2522,-0.21,19475.3643,424.6365,-2.8621,0.867153197
08/03/2016 10:00,7142.628786656616,0.0,-6.5174,305.9843,-1.85,-2.2687,-0.21,20239.4474,350.1635,-2.391,0.625332874
08/03/2016 10:30,7145.0254866566165,0.0,-6.7374,306.1974,-1.6,-2.2734,-0.21,23748.7904,306.2085,-1.8388,3.367889928
08/03/2016 11:00,7147.262836656617,0.0,-5.8961,305.9812,-1.57,-2.1292,-0.24,20746.2854,176.4553,-1.0727,1.576347682
08/03/2016 11:30,7149.107711656617,0.0,-5.3689,307.2253,-1.53,-1.8903,-0.31,36977.8901,156.4026,-0.4223,0.870155885
08/03/2016 12:00,7150.712911656617,0.0,-5.1193,306.8842,-1.98,-1.8756,-0.31,31697.916,0.0,0.0,1.524175978
08/03/2016 12:30,7152.191261656617,0.0,-4.7989,307.4524,-2.1,-1.7286,-0.37,35047.2754,-141.672,0.356,1.86186289
08/03/2016 13:00,7153.443636656617,0.0,-4.1392,307.3771,-2.01,-1.563,-0.44,35136.4125,-273.8324,0.5906,2.685194165
08/03/2016 13:30,7154.475886656617,0.0,-3.3786,307.3872,-1.98,-1.3731,-0.54,33135.278,-372.9506,0.7069,5.375683454
08/03/2016 14:00,7155.351261656617,0.0,-3.161,307.3715,-2.12,-1.2775,-0.6,31034.1632,-449.6402,0.8272,1.342623067
08/03/2016 14:30,7156.1910616566165,0.0,-3.1909,307.3133,-2.33,-1.3033,-0.59,30139.7864,-530.901,1.0378,0.504033517
08/03/2016 15:00,7156.943361656617,0.0,-2.484,307.1834,-2.7,-1.0811,-0.77,28365.8276,-581.3817,0.9224,-0.041542073
08/03/2016 15:30,7157.702536656617,0.0,-3.2181,306.8983,-2.61,-1.3171,-0.58,23679.7789,-547.0714,1.3743,0.43002361
08/03/2016 16:00,7158.588986656617,0.0,-3.3206,306.5775,-2.71,-1.357,-0.55,19153.3486,-489.012,1.5705,0.384191042
08/03/2016 16:30,7159.525711656616,0.0,-3.37,306.044,-2.55,-1.4134,-0.52,14566.7903,-401.6102,1.7862,-0.177586475
08/03/2016 17:00,7160.473361656616,0.0,-2.9981,305.5741,-2.2,-1.3779,-0.54,9712.8886,-288.0543,1.7939,-0.111403767
08/03/2016 17:30,7161.400186656616,0.0,-2.8732,304.8753,-2.16,-1.3745,-0.54,5275.9934,-164.6995,1.8343,0.140436873
08/03/2016 18:00,7162.328486656616,0.0,-2.1631,303.5798,-1.52,-1.3807,-0.54,633.8334,-20.2438,1.8631,0.464660771
08/03/2016 18:30,7163.257361656615,0.0,-1.8913,302.75,-1.38,-1.3756,-0.54,0.0,0.0,1.8366,1.18972273
08/03/2016 19:00,7164.191636656615,0.0,-1.7055,302.2729,-0.73,-1.3908,-0.53,0.0,0.0,1.8205,0.167861231
08/03/2016 19:30,7165.137411656615,0.0,-1.6447,302.2919,-1.66,-1.3973,-0.53,0.0,0.0,1.7539,0.273183977
08/03/2016 20:00,7166.094411656615,0.0,-1.511,302.0769,-1.38,-1.4117,-0.52,0.0,0.0,1.6711,0.083933791
08/03/2016 20:30,7167.077936656615,0.0,-1.7863,302.0758,-1.8,-1.4456,-0.5,0.0,0.0,1.5903,-0.133606912
08/03/2016 21:00,7168.074261656615,0.0,-1.9173,301.9745,-1.83,-1.435,-0.51,0.0,0.0,1.4006,0.246817489
08/03/2016 21:30,7169.083136656615,0.0,-1.5856,301.5693,-1.64,-1.4678,-0.49,0.0,0.0,1.2508,-0.170821765
08/03/2016 22:00,7170.119936656615,0.0,-1.4046,301.2293,-1.19,-1.4843,-0.48,0.0,0.0,1.0463,-0.549176044
08/03/2016 22:30,7171.150936656615,0.0,-1.2782,301.1184,-0.09,-1.4576,-0.49,0.0,0.0,0.7774,-0.410703623
08/03/2016 23:00,7172.133861656615,0.0,-1.0269,300.6818,0.34,-1.3981,-0.53,0.0,0.0,0.4918,-0.511466903
08/03/2016 23:30,7172.974411656615,0.0,-0.7238,300.4775,0.58,-1.1735,-0.68,0.0,0.0,0.1908,0.386586841
09/03/2016 00:00,7173.616311656615,0.0,-0.4952,300.1183,0.65,-0.9541,-0.91,0.0,0.0,0.0,0.409380708
09/03/2016 00:30,7174.119586656615,0.0,-0.3924,300.0155,0.69,-0.8144,-1.1,0.0,0.0,-0.1185,-0.203990496
09/03/2016 01:00,7174.574061656615,0.0,-0.3481,299.5287,0.63,-0.8166,-1.1,0.0,0.0,-0.2356,0.645693408
09/03/2016 01:30,7175.022611656615,0.0,-0.3018,298.9967,0.06,-0.7968,-1.13,0.0,0.0,-0.3382,0.646871386
09/03/2016 02:00,7175.472061656615,0.0,-0.2793,298.5935,-0.15,-0.8192,-1.1,0.0,0.0,-0.457,0.176788453
09/03/2016 02:30,7175.934761656615,0.0,-0.2515,298.1805,-0.22,-0.836,-1.07,0.0,0.0,-0.5703,1.334203992
09/03/2016 03:00,7176.422861656614,0.0,-0.2575,297.9819,-0.25,-0.8924,-0.99,0.0,0.0,-0.7181,1.223179603
09/03/2016 03:30,7176.956936656614,0.0,-0.265,298.0008,0.04,-0.9642,-0.89,0.0,0.0,-0.8891,1.140091762
09/03/2016 04:00,7177.528111656614,0.0,-0.2958,298.9145,0.31,-0.9927,-0.86,0.0,0.0,-1.0081,-0.184978862
09/03/2016 04:30,7178.113836656614,0.0,-0.315,299.212,0.63,-1.0024,-0.85,0.0,0.0,-1.0892,-1.395054619
09/03/2016 05:00,7178.736736656614,0.0,-0.3736,299.7837,0.4,-1.0862,-0.76,0.0,0.0,-1.268,1.234324195
09/03/2016 05:30,7179.386986656614,0.0,-0.4174,300.0655,0.4,-1.0713,-0.78,0.0,0.0,-1.2773,0.984419712
09/03/2016 06:00,7180.043711656614,0.0,-0.4391,299.7444,0.46,-1.1018,-0.75,0.0,0.0,-1.3386,-1.628097854
09/03/2016 06:30,7180.716361656614,0.0,-0.4747,299.9715,0.11,-1.1098,-0.74,183.5609,7.1706,-1.3404,-1.496453083
09/03/2016 07:00,7181.411786656614,0.0,-0.5415,300.6693,0.55,-1.1551,-0.7,1829.3889,70.0934,-1.381,-3.119983387
09/03/2016 07:30,7182.158711656614,0.0,-0.7559,301.7234,0.25,-1.2265,-0.64,3005.1094,109.8243,-1.4394,-1.420970126
09/03/2016 08:00,7182.951886656614,0.0,-1.0035,302.3943,-0.14,-1.2567,-0.62,3663.6503,124.9139,-1.3984,-0.473674032
09/03/2016 08:30,7183.766561656614,0.0,-1.0918,302.7676,0.13,-1.2721,-0.61,5230.2302,161.5818,-1.3043,-1.26175837
09/03/2016 09:00,7184.599686656614,0.0,-1.3468,303.5256,-0.05,-1.295,-0.59,7798.5727,211.1188,-1.1939,-1.194301829
09/03/2016 09:30,7185.477336656614,0.0,-1.5413,303.9606,-0.52,-1.3611,-0.55,6979.5207,159.0739,-1.1092,-3.065328691
09/03/2016 10:00,7186.407011656615,0.0,-2.0741,305.0553,-0.26,-1.3964,-0.53,14248.9716,262.412,-0.9483,0.027798019
09/03/2016 10:30,7187.399636656614,0.0,-2.6129,305.6171,-0.71,-1.4762,-0.48,13341.5536,183.6544,-0.7936,0.062765996
09/03/2016 11:00,7188.448511656615,0.0,-2.9062,306.2493,0.18,-1.4967,-0.47,12980.3544,118.1281,-0.5491,0.946418386
09/03/2016 11:30,7189.536886656615,0.0,-2.696,305.8077,0.17,-1.5428,-0.45,11704.1438,52.0333,-0.2913,0.845787917
09/03/2016 12:00,7190.657036656615,0.0,-2.8068,306.4587,0.47,-1.5496,-0.44,14275.7957,0.0,0.0,1.42839023
09/03/2016 12:30,7191.834436656614,0.0,-3.0324,306.2199,-0.12,-1.6326,-0.41,13071.485,-56.3651,0.3212,2.620445818
09/03/2016 13:00,7193.073386656614,0.0,-3.2732,306.7107,0.57,-1.6453,-0.4,11685.6319,-98.6131,0.6457,-2.069487216
09/03/2016 13:30,7194.390361656614,0.0,-4.2128,307.4868,-0.61,-1.7441,-0.36,21766.791,-268.4431,1.0612,-0.144278004
09/03/2016 14:00,7195.787661656614,0.0,-4.8343,308.3094,-1.44,-1.7587,-0.36,24999.0154,-400.2404,1.4081,1.400811696
09/03/2016 14:30,7197.241611656614,0.0,-4.9512,308.2029,-1.23,-1.8183,-0.33,25461.1578,-483.6122,1.826,0.120572359
09/03/2016 15:00,7198.800111656614,0.0,-5.1104,307.7067,-1.31,-1.8901,-0.31,18956.35,-408.6635,2.2871,-0.544064545
09/03/2016 15:30,7200.465161656613,0.0,-5.5076,307.8847,-1.57,-1.9451,-0.29,16091.0173,-391.111,2.7179,0.976612723
09/03/2016 16:00,7202.187911656613,0.0,-5.3598,307.8511,-1.17,-1.9561,-0.29,14844.4653,-393.02,3.001,1.246970131
09/03/2016 16:30,7203.931186656613,0.0,-4.603,306.5721,-1.81,-1.9679,-0.29,3215.6972,-90.826,3.2409,-0.28268402
09/03/2016 17:00,7205.714686656613,0.0,-4.732,306.7877,-1.63,-1.9998,-0.28,7449.8086,-225.3668,3.5025,0.688412419
09/03/2016 17:30,7207.535161656613,0.0,-4.7821,306.7703,-1.55,-2.0077,-0.27,4592.3186,-146.2116,3.6245,1.11575844
09/03/2016 18:00,7209.383811656613,0.0,-4.1992,305.5143,-0.93,-2.0293,-0.27,641.8313,-20.6244,3.7388,4.904042011
09/03/2016 18:30,7211.234736656613,0.0,-4.3374,304.855,-0.08,-2.0101,-0.27,0.0,0.0,3.6335,2.230084829
09/03/2016 19:00,7213.074811656613,0.0,-3.0937,303.8749,-0.25,-2.0181,-0.27,0.0,0.0,3.5695,-0.090199015
09/03/2016 19:30,7214.954411656613,0.0,-2.8221,302.6736,0.14,-2.0509,-0.26,0.0,0.0,3.532,5.599770595
09/03/2016 20:00,7216.888411656613,0.0,-2.5752,302.4666,0.01,-2.0734,-0.26,0.0,0.0,3.3888,-1.176562872
09/03/2016 20:30,7218.878336656613,0.0,-2.4227,302.1001,0.21,-2.106,-0.25,0.0,0.0,3.2105,0.507643672
09/03/2016 21:00,7220.905186656613,0.0,-1.7945,300.9387,0.42,-2.1093,-0.25,0.0,0.0,2.8713,0.128638619
09/03/2016 21:30,7222.963086656613,0.0,-1.4974,300.4111,0.46,-2.1353,-0.24,0.0,0.0,2.5391,-0.045023574
09/03/2016 22:00,7225.081761656613,0.0,-1.3932,300.2324,0.22,-2.1659,-0.23,0.0,0.0,2.1519,0.621671904
09/03/2016 22:30,7227.246061656613,0.0,-1.3401,299.8018,0.03,-2.177,-0.23,0.0,0.0,1.666,0.530395963
09/03/2016 23:00,7229.450711656613,0.0,-1.3212,299.9004,0.25,-2.2018,-0.22,0.0,0.0,1.1557,0.0852492
09/03/2016 23:30,7231.718836656612,0.0,-1.3655,299.6939,0.39,-2.2324,-0.22,0.0,0.0,0.6014,0.830514629
10/03/2016 00:00,7234.063061656612,0.0,-1.3662,299.4999,0.37,-2.2662,-0.21,0.0,0.0,0.0,-0.429498717
10/03/2016 00:30,7236.475311656613,0.0,-1.5619,300.1039,0.04,-2.2885,-0.2,0.0,0.0,-0.6369,0.94007232
10/03/2016 01:00,7238.920511656613,0.0,-1.5503,299.5153,0.17,-2.2929,-0.2,0.0,0.0,-1.2686,1.028726683
10/03/2016 01:30,7241.429636656612,0.0,-1.4887,299.3405,0.26,-2.3386,-0.19,0.0,0.0,-1.9651,1.094433581
10/03/2016 02:00,7244.002186656612,0.0,-1.5026,299.7257,0.2,-2.3424,-0.19,0.0,0.0,-2.5776,-0.123430687
10/03/2016 02:30,7246.618936656612,0.0,-1.6401,299.9604,0.41,-2.3718,-0.19,0.0,0.0,-3.2337,0.21139501
10/03/2016 03:00,7249.284286656612,0.0,-1.8658,300.3397,0.51,-2.3788,-0.19,0.0,0.0,-3.7827,1.699815902
10/03/2016 03:30,7251.971811656613,0.0,-2.0271,300.675,0.71,-2.3881,-0.19,0.0,0.0,-4.2846,0.254072445
10/03/2016 04:00,7254.676661656613,0.0,-2.0341,300.3944,0.43,-2.3914,-0.18,0.0,0.0,-4.6928,3.600373046
10/03/2016 04:30,7257.446686656613,0.0,-1.9442,299.9444,-0.06,-2.4345,-0.18,0.0,0.0,-5.2304,0.001022069
10/03/2016 05:00,7260.288736656613,0.0,-1.9118,300.1963,0.77,-2.4424,-0.18,0.0,0.0,-5.5124,-0.566983716
10/03/2016 05:30,7263.173086656613,0.0,-2.1485,300.3881,-0.03,-2.4635,-0.17,0.0,0.0,-5.7806,2.075099933
10/03/2016 06:00,7266.117736656613,0.0,-2.0026,299.7072,0.28,-2.4832,-0.17,0.0,0.0,-5.9481,0.019933575
10/03/2016 06:30,7269.110411656614,0.0,-1.823,299.7573,0.56,-2.4955,-0.17,430.115,16.6381,-5.9711,0.471579657
10/03/2016 07:00,7272.192836656613,0.0,-2.2739,301.1394,0.25,-2.541,-0.16,2130.0079,80.9374,-6.0922,0.307556093
10/03/2016 07:30,7275.397436656613,0.0,-3.7954,303.2206,-0.52,-2.5725,-0.15,6305.5569,229.5341,-6.0157,0.175612785
10/03/2016 08:00,7278.696361656614,0.0,-5.5614,303.9854,-0.31,-2.5985,-0.15,7569.6951,254.1895,-5.7889,1.02158375
10/03/2016 08:30,7282.053136656614,0.0,-6.1685,304.5335,-0.34,-2.6071,-0.15,12324.8653,371.2215,-5.3493,0.813266496
10/03/2016 09:00,7285.449136656613,0.0,-7.0104,305.1432,-0.26,-2.6214,-0.15,13240.8185,347.667,-4.8375,0.284326259
10/03/2016 09:30,7288.911461656614,0.0,-8.0216,305.875,-0.93,-2.6453,-0.14,17563.425,386.2694,-4.2662,2.889775382
10/03/2016 10:00,7292.422561656614,0.0,-10.4298,307.2043,-0.78,-2.6493,-0.14,24373.3854,425.9592,-3.5182,-0.329036283
10/03/2016 10:30,7295.825961656614,0.0,-10.3362,307.4275,-0.81,-2.5825,-0.15,19742.5666,253.3586,-2.517,-0.525140104
10/03/2016 11:00,7298.932311656614,0.0,-9.6702,307.6862,-1.04,-2.4665,-0.17,16406.5394,138.0021,-1.5136,0.928373386
10/03/2016 11:30,7301.847836656614,0.0,-7.6365,306.3777,-1.25,-2.4607,-0.17,12495.2066,51.4821,-0.7589,0.796058784
10/03/2016 12:00,7304.654336656614,0.0,-6.8634,306.2635,-0.62,-2.3902,-0.18,6394.9037,0.0,0.0,0.603759715
10/03/2016 12:30,7307.387761656614,0.0,-7.0914,306.479,-0.6,-2.4099,-0.18,8374.3779,-34.5364,0.7207,0.813064392
10/03/2016 13:00,7310.158186656614,0.0,-7.5916,306.6453,-0.88,-2.4168,-0.18,13170.474,-108.0092,1.4391,0.506580028
10/03/2016 13:30,7312.931861656614,0.0,-8.4763,307.3124,-1.43,-2.4122,-0.18,23230.6828,-280.9734,2.118,1.052522986
10/03/2016 14:00,7315.712586656614,0.0,-9.2696,307.7808,-0.83,-2.4217,-0.18,22834.4345,-355.6766,2.7942,0.815466542
10/03/2016 14:30,7318.549836656613,0.0,-9.5646,307.8719,-0.95,-2.4517,-0.17,22273.5729,-415.038,3.5069,0.321848888
10/03/2016 15:00,7321.415036656614,0.0,-9.2526,307.3123,-1.84,-2.4412,-0.18,6748.567,-144.1679,4.0306,-0.154127975
10/03/2016 15:30,7324.307461656614,0.0,-10.0818,307.6346,-0.81,-2.4701,-0.17,13172.7818,-317.2638,4.6567,0.84647507
10/03/2016 16:00,7327.294661656613,0.0,-9.2399,306.7938,-1.56,-2.5047,-0.16,5999.1498,-158.4935,5.2647,1.154204395
10/03/2016 16:30,7330.361136656613,0.0,-11.1511,308.1008,-1.01,-2.522,-0.16,13727.1029,-397.1873,5.7158,0.979615411
10/03/2016 17:00,7333.457961656612,0.0,-9.8248,306.8604,-1.46,-2.5242,-0.16,2916.6319,-87.6283,5.9893,0.222196025
10/03/2016 17:30,7336.544611656613,0.0,-8.1875,305.8591,-1.29,-2.5155,-0.16,1157.966,-35.978,6.0934,0.049683862
10/03/2016 18:00,7339.632936656612,0.0,-7.0225,304.6462,-1.87,-2.5253,-0.16,506.4297,-16.1232,6.2073,0.152206832
10/03/2016 18:30,7342.734936656612,0.0,-5.8292,303.402,-1.58,-2.5242,-0.16,0.0,0.0,6.1477,0.48031286
10/03/2016 19:00,7345.840661656613,0.0,-5.3767,302.8003,-1.29,-2.5277,-0.16,0.0,0.0,6.0102,-1.872897768
10/03/2016 19:30,7348.955636656613,0.0,-5.0928,302.4558,-0.69,-2.5301,-0.16,0.0,0.0,5.7629,1.283348851
10/03/2016 20:00,7352.099161656613,0.0,-4.2055,301.6527,0.07,-2.5456,-0.16,0.0,0.0,5.4875,0.552527506
10/03/2016 20:30,7355.283086656614,0.0,-3.3154,300.7877,0.43,-2.5554,-0.16,0.0,0.0,5.0769,-0.728013254
10/03/2016 21:00,7358.492261656614,0.0,-2.9665,300.3888,0.04,-2.5613,-0.16,0.0,0.0,4.5519,0.465577746
10/03/2016 21:30,7361.751536656614,0.0,-3.2318,300.3798,0.37,-2.5859,-0.15,0.0,0.0,4.0176,0.823516056
10/03/2016 22:00,7365.042086656614,0.0,-2.6419,299.8594,0.17,-2.5803,-0.15,0.0,0.0,3.2813,0.085816246
10/03/2016 22:30,7368.341861656614,0.0,-2.6144,299.7605,0.29,-2.5914,-0.15,0.0,0.0,2.5397,0.779445835
10/03/2016 23:00,7371.6747616566145,0.0,-2.3629,299.384,0.29,-2.6,-0.15,0.0,0.0,1.7328,1.535840266
10/03/2016 23:30,7375.0512366566145,0.0,-2.3564,299.356,0.37,-2.617,-0.15,0.0,0.0,0.889,0.819075542
11/03/2016 00:00,7378.462286656614,0.0,-2.7509,299.9936,0.53,-2.6203,-0.15,0.0,0.0,0.0,0.122850937
11/03/2016 00:30,7381.905086656614,0.0,-3.6203,300.7106,0.46,-2.6353,-0.14,0.0,0.0,-0.9056,0.668011464
11/03/2016 01:00,7385.376361656614,0.0,-4.0082,300.7458,0.45,-2.6366,-0.14,0.0,0.0,-1.7981,0.153031994
11/03/2016 01:30,7388.884086656614,0.0,-3.5129,300.0593,0.53,-2.6559,-0.14,0.0,0.0,-2.7108,0.312650846
11/03/2016 02:00,7392.412686656614,0.0,-3.3315,299.9879,0.62,-2.6485,-0.14,0.0,0.0,-3.5154,0.462732699
11/03/2016 02:30,7395.959786656614,0.0,-3.2094,299.653,0.53,-2.6662,-0.14,0.0,0.0,-4.3573,0.16298475
11/03/2016 03:00,7399.558936656614,0.0,-3.1951,299.5151,0.55,-2.6774,-0.14,0.0,0.0,-5.1187,0.706561358
11/03/2016 03:30,7403.183536656614,0.0,-3.0862,299.6178,0.63,-2.6802,-0.14,0.0,0.0,-5.7593,0.290374366
11/03/2016 04:00,7406.856286656613,0.0,-3.8658,300.4201,0.42,-2.7034,-0.13,0.0,0.0,-6.4359,0.358288239
11/03/2016 04:30,7410.582436656614,0.0,-4.2734,300.8249,0.61,-2.7089,-0.13,0.0,0.0,-6.9042,-0.36042188
11/03/2016 05:00,7414.343136656614,0.0,-4.3638,300.9289,0.42,-2.7216,-0.13,0.0,0.0,-7.3118,0.644925413
11/03/2016 05:30,7418.135886656613,0.0,-4.1971,300.8582,0.16,-2.7258,-0.13,0.0,0.0,-7.5363,0.419642971
11/03/2016 06:00,7421.949286656613,0.0,-4.628,300.9808,-0.26,-2.7324,-0.13,0.0,0.0,-7.6523,1.107229651
11/03/2016 06:30,7425.792586656614,0.0,-4.6052,300.9527,0.39,-2.7412,-0.13,143.7905,5.5536,-7.6548,0.697270349
11/03/2016 07:00,7429.695311656614,0.0,-5.0985,301.2998,0.25,-2.7627,-0.13,1101.8214,41.4923,-7.6212,0.625252032
11/03/2016 07:30,7433.697136656614,0.0,-5.9202,302.042,0.14,-2.7909,-0.12,4175.8115,150.5834,-7.4994,1.132417584
11/03/2016 08:00,7437.761836656614,0.0,-6.2683,302.5898,-0.39,-2.7939,-0.12,5754.2276,191.7394,-7.0507,-1.619909755
11/03/2016 08:30,7441.863711656614,0.0,-7.5782,303.0808,-1.42,-2.8089,-0.12,7581.1192,228.0814,-6.5579,0.757416499
11/03/2016 09:00,7446.037886656614,0.0,-8.0573,303.2237,-0.84,-2.8285,-0.12,7539.8158,198.3428,-5.9614,1.027023235
11/03/2016 09:30,7450.281761656614,0.0,-9.0925,303.6884,-1.04,-2.8419,-0.12,9000.1289,200.9879,-5.2017,-0.715147891
11/03/2016 10:00,7454.571011656614,0.0,-10.3732,303.9552,-1.21,-2.8497,-0.12,9251.5447,167.1765,-4.3061,-1.40207629
11/03/2016 10:30,7458.895836656614,0.0,-11.2294,304.4614,-1.35,-2.8583,-0.12,11741.2023,159.7853,-3.3244,-0.812319494
11/03/2016 11:00,7463.270261656614,0.0,-12.8177,305.3586,-1.99,-2.8723,-0.11,19932.9064,179.9447,-2.2804,0.43091922
11/03/2016 11:30,7467.698911656614,0.0,-14.7164,306.2632,-1.81,-2.8828,-0.11,31752.1063,140.1583,-1.1622,0.387257249
11/03/2016 12:00,7472.164861656613,0.0,-15.0898,306.2541,-1.95,-2.889,-0.11,24350.5942,0.0,0.0,0.840313786
11/03/2016 12:30,7476.701286656614,0.0,-15.5951,306.5253,-1.68,-2.9138,-0.11,33676.6165,-138.5339,1.199,0.697397386
11/03/2016 13:00,7481.333186656614,0.0,-16.8555,307.0537,-2.09,-2.9305,-0.11,33643.1086,-268.1699,2.4178,1.374624792
11/03/2016 13:30,7486.041786656614,0.0,-17.4553,307.1455,-2.18,-2.9464,-0.11,33248.3788,-380.4905,3.6327,1.148470416
11/03/2016 14:00,7490.832211656614,0.0,-18.1138,307.0802,-2.28,-2.9647,-0.1,32380.9494,-473.6827,4.8345,2.444961802
11/03/2016 14:30,7495.535836656614,0.0,-17.5629,307.2095,-2.39,-2.9094,-0.11,30403.5735,-537.4136,5.5674,2.166468264
11/03/2016 15:00,7500.150511656614,0.0,-17.6658,307.133,-2.63,-2.9274,-0.11,27440.414,-559.6568,6.5854,1.968862522
11/03/2016 15:30,7504.599086656614,0.0,-16.1593,307.058,-2.42,-2.8344,-0.12,23851.4425,-545.4777,6.7285,0.645358493
11/03/2016 16:00,7508.567711656615,0.0,-14.2246,306.8273,-2.51,-2.6983,-0.14,19579.3242,-493.3428,6.4029,1.499426899
11/03/2016 16:30,7512.275836656615,0.0,-13.7351,306.4622,-2.33,-2.7044,-0.13,14893.7706,-407.1021,6.8728,1.01023128
11/03/2016 17:00,7516.022161656615,0.0,-12.8649,305.9529,-2.25,-2.7186,-0.13,9746.9979,-286.9514,7.2891,0.943594704
11/03/2016 17:30,7519.795511656615,0.0,-11.3731,305.1794,-1.72,-2.7187,-0.13,5289.3136,-165.1153,7.4826,1.695837341
11/03/2016 18:00,7523.558736656615,0.0,-9.0265,303.8663,-1.27,-2.7132,-0.13,945.0521,-30.3973,7.5057,0.673196875
11/03/2016 18:30,7527.306386656615,0.0,-7.5796,302.9415,-0.39,-2.7105,-0.13,0.0,0.0,7.4209,1.580603414
11/03/2016 19:00,7531.031536656616,0.0,-6.6464,302.2034,-0.89,-2.7013,-0.13,0.0,0.0,7.163,1.146068266
11/03/2016 19:30,7534.755711656616,0.0,-6.296,301.8324,-0.82,-2.71,-0.13,0.0,0.0,6.9115,1.688994677
11/03/2016 20:00,7538.482236656616,0.0,-6.8631,301.9964,-1.11,-2.7025,-0.13,0.0,0.0,6.4303,-0.009558884
11/03/2016 20:30,7542.225561656616,0.0,-6.5563,301.7994,-0.23,-2.7188,-0.13,0.0,0.0,5.9884,0.201994864
11/03/2016 21:00,7546.006836656616,0.0,-6.1311,301.5823,-0.05,-2.7226,-0.13,0.0,0.0,5.3577,1.093567421
11/03/2016 21:30,7549.817886656617,0.0,-5.6487,301.3937,0.23,-2.7343,-0.13,0.0,0.0,4.6676,0.637505309
11/03/2016 22:00,7553.640411656616,0.0,-5.1595,301.0934,0.35,-2.7286,-0.13,0.0,0.0,3.8114,0.140391255
11/03/2016 22:30,7557.484561656616,0.0,-4.745,300.8001,0.29,-2.7455,-0.13,0.0,0.0,2.9673,0.377126641
11/03/2016 23:00,7561.365636656616,0.0,-4.7693,300.7124,-0.5,-2.7476,-0.13,0.0,0.0,2.0112,-0.533078749
11/03/2016 23:30,7565.263136656617,0.0,-5.3059,300.7123,-0.66,-2.7538,-0.13,0.0,0.0,1.0206,0.54132748
12/03/2016 00:00,7569.210636656617,0.0,-5.6894,300.6969,-0.8,-2.7728,-0.13,0.0,0.0,0.0,0.951540278
12/03/2016 00:30,7573.193686656617,0.0,-6.3867,300.4621,-0.72,-2.7717,-0.13,0.0,0.0,-1.0392,0.214873508
12/03/2016 01:00,7577.174086656617,0.0,-7.2849,300.4681,-1.37,-2.7715,-0.13,0.0,0.0,-2.0602,0.316931409
12/03/2016 01:30,7581.187586656617,0.0,-6.9793,300.7618,-1.33,-2.7881,-0.12,0.0,0.0,-3.0975,0.548723331
12/03/2016 02:00,7585.237161656617,0.0,-5.8302,300.3392,-0.67,-2.7893,-0.12,0.0,0.0,-4.0521,0.385688344
12/03/2016 02:30,7589.316811656617,0.0,-4.8475,299.7696,0.53,-2.8027,-0.12,0.0,0.0,-5.0006,0.73445171
12/03/2016 03:00,7593.453061656616,0.0,-4.6689,299.8155,0.19,-2.8167,-0.12,0.0,0.0,-5.8906,0.40759815
12/03/2016 03:30,7597.626486656616,0.0,-4.124,299.3839,0.62,-2.8205,-0.12,0.0,0.0,-6.6349,0.27254937
12/03/2016 04:00,7601.841686656616,0.0,-3.6407,298.8309,0.68,-2.8364,-0.12,0.0,0.0,-7.3592,1.425185438
12/03/2016 04:30,7606.101811656616,0.0,-3.4282,298.2262,0.12,-2.8416,-0.12,0.0,0.0,-7.8925,0.489268377
12/03/2016 05:00,7610.388111656615,0.0,-3.7342,297.9139,0.66,-2.8485,-0.12,0.0,0.0,-8.3093,0.999398506
12/03/2016 05:30,7614.709511656615,0.0,-3.8205,297.7991,0.51,-2.8578,-0.12,0.0,0.0,-8.6089,1.149763882
12/03/2016 06:00,7619.104011656615,0.0,-3.2506,296.9083,0.15,-2.8818,-0.11,0.0,0.0,-8.8948,1.089155779
12/03/2016 06:30,7623.567636656616,0.0,-2.5838,296.6633,-0.01,-2.889,-0.11,379.7136,15.7517,-8.883,1.535511125
12/03/2016 07:00,7628.126636656616,0.0,-3.2834,298.2765,-0.2,-2.9235,-0.11,2390.0059,97.3669,-8.9602,4.014588082
12/03/2016 07:30,7632.788611656616,0.0,-6.5136,301.1588,-0.07,-2.9337,-0.11,5161.1943,200.0974,-8.6582,0.402785765
12/03/2016 08:00,7637.539211656616,0.0,-8.5504,302.2581,0.47,-2.9608,-0.1,7412.9785,265.1726,-8.3405,0.02487548
12/03/2016 08:30,7642.401711656616,0.0,-10.5258,303.5816,-0.53,-2.9801,-0.1,11408.7381,360.604,-7.7901,-0.115107467
12/03/2016 09:00,7647.373911656617,0.0,-12.4777,304.5764,-0.78,-3.0051,-0.1,15172.5797,407.7778,-7.1203,1.704013891
12/03/2016 09:30,7652.442886656617,0.0,-15.116,305.7404,-0.8,-3.0185,-0.1,18870.8441,416.0754,-6.2132,0.089544198
12/03/2016 10:00,7657.542436656617,0.0,-15.3892,305.4761,-2.58,-3.0171,-0.1,17416.3299,302.0522,-5.096,1.129801781
12/03/2016 10:30,7662.743361656617,0.0,-15.5365,305.0692,-2.58,-3.0573,-0.09,14372.0156,189.4568,-4.061,-0.548297181
12/03/2016 11:00,7667.793061656616,0.0,-17.1581,306.4045,-2.54,-2.9563,-0.1,29355.5178,260.5544,-2.4813,0.661411325
12/03/2016 11:30,7672.633361656616,0.0,-18.1776,306.871,-2.52,-2.9755,-0.1,33191.4243,144.2194,-1.2758,0.836543102
12/03/2016 12:00,7677.466836656617,0.0,-16.757,306.6976,-2.59,-2.9534,-0.1,32433.6379,0.0,0.0,1.189064448
12/03/2016 12:30,7682.266611656617,0.0,-17.2867,307.1731,-2.57,-2.9617,-0.1,30792.2772,-127.7558,1.2582,1.478321467
12/03/2016 13:00,7687.151686656617,0.0,-16.9537,306.5522,-2.57,-2.9883,-0.1,31557.8272,-256.4448,2.5625,1.642539629
12/03/2016 13:30,7692.0879116566175,0.0,-17.1767,306.8409,-2.39,-2.9826,-0.1,28250.2706,-337.1035,3.7671,1.42636919
12/03/2016 14:00,7697.071286656617,0.0,-18.527,307.0876,-2.43,-3.0071,-0.1,30963.4042,-483.3501,5.0448,0.619177363
12/03/2016 14:30,7702.156911656617,0.0,-19.9717,307.1803,-2.8,-3.0231,-0.1,28688.9368,-541.206,6.2416,0.997077197
12/03/2016 15:00,7707.358236656617,0.0,-20.8776,306.9622,-2.81,-3.0517,-0.09,25601.5105,-561.6817,7.4616,1.20188939
12/03/2016 15:30,7712.679061656617,0.0,-22.0533,306.6115,-2.92,-3.0684,-0.09,22172.3368,-546.4584,8.5135,1.204978694
12/03/2016 16:00,7718.097936656617,0.0,-23.0475,306.3691,-2.47,-3.0881,-0.09,18248.0589,-494.007,9.4782,1.191437726
12/03/2016 16:30,7723.594911656617,0.0,-20.8597,306.1023,-2.28,-3.097,-0.09,13840.4432,-406.4495,10.2028,1.447751794
12/03/2016 17:00,7729.145961656617,0.0,-18.9337,305.1405,-1.93,-3.1076,-0.09,9329.6879,-292.1163,10.7805,1.566092347
12/03/2016 17:30,7734.7456366566175,0.0,-16.5465,304.2269,-1.46,-3.1144,-0.09,4525.9118,-149.2745,11.1418,1.726655314
12/03/2016 18:00,7740.388411656618,0.0,-13.8472,303.0661,-1.09,-3.1228,-0.09,752.5198,-25.4058,11.3332,1.006628054
12/03/2016 18:30,7746.075486656618,0.0,-12.4539,302.3297,-1.34,-3.13,-0.09,0.0,0.0,11.3174,0.914988326
12/03/2016 19:00,7751.836311656618,0.0,-11.8079,301.9935,-0.79,-3.1484,-0.09,0.0,0.0,11.232,1.040119574
12/03/2016 19:30,7757.655586656618,0.0,-11.4437,301.9686,-0.16,-3.1502,-0.09,0.0,0.0,10.7622,0.163522346
12/03/2016 20:00,7763.524111656618,0.0,-10.7721,301.8765,-0.43,-3.1652,-0.08,0.0,0.0,10.2409,1.076509843
12/03/2016 20:30,7769.447686656617,0.0,-8.9643,301.4125,-0.03,-3.1689,-0.08,0.0,0.0,9.4164,1.208281651
12/03/2016 21:00,7775.412586656617,0.0,-8.121,301.206,-0.34,-3.179,-0.08,0.0,0.0,8.4786,1.089796738
12/03/2016 21:30,7781.401761656617,0.0,-7.8269,301.0975,-0.28,-3.177,-0.08,0.0,0.0,7.2846,0.856695758
12/03/2016 22:00,7787.415086656617,0.0,-7.2704,300.8637,-0.36,-3.187,-0.08,0.0,0.0,6.0436,0.54416502
12/03/2016 22:30,7793.475886656617,0.0,-7.9108,301.0765,0.27,-3.1927,-0.08,0.0,0.0,4.6519,0.01570221
12/03/2016 23:00,7799.547236656617,0.0,-7.0346,300.7046,0.72,-3.1905,-0.08,0.0,0.0,3.1393,-0.112651037
12/03/2016 23:30,7805.624536656617,0.0,-8.0524,300.9427,-0.15,-3.1946,-0.08,0.0,0.0,1.5898,-0.406747004
13/03/2016 00:00,7811.738461656617,0.0,-8.4396,300.9744,0.47,-3.2024,-0.08,0.0,0.0,0.0,1.85522233
13/03/2016 00:30,7817.886961656617,0.0,-7.738,300.7122,0.39,-3.2059,-0.08,0.0,0.0,-1.6078,-1.691460346
13/03/2016 01:00,7824.058361656617,0.0,-7.6433,300.822,0.33,-3.2098,-0.08,0.0,0.0,-3.2009,-0.01665874
13/03/2016 01:30,7830.243361656618,0.0,-6.6856,300.3988,0.72,-3.2103,-0.08,0.0,0.0,-4.7348,1.008856973
13/03/2016 02:00,7836.465811656618,0.0,-7.2388,300.6732,0.87,-3.2218,-0.08,0.0,0.0,-6.2586,-0.405862366
13/03/2016 02:30,7842.737311656618,0.0,-6.9663,300.3108,0.46,-3.2259,-0.08,0.0,0.0,-7.6514,-3.660218928
13/03/2016 03:00,7849.037236656618,0.0,-5.3448,299.5985,-0.21,-3.2309,-0.08,0.0,0.0,-8.9314,-0.25409843
13/03/2016 03:30,7855.399136656618,0.0,-7.4623,300.5345,-1.8,-3.2454,-0.08,0.0,0.0,-10.1682,0.740872843
13/03/2016 04:00,7861.804111656618,0.0,-7.2373,300.6879,-1.06,-3.2444,-0.08,0.0,0.0,-11.0879,-1.198089835
13/03/2016 04:30,7868.217761656619,0.0,-6.7592,300.3667,-0.73,-3.2481,-0.08,0.0,0.0,-11.8731,0.117882066
13/03/2016 05:00,7874.683586656619,0.0,-6.8445,300.1229,0.41,-3.2605,-0.08,0.0,0.0,-12.5685,0.094245137
13/03/2016 05:30,7881.182011656619,0.0,-6.197,299.6805,-0.81,-3.2582,-0.08,0.0,0.0,-12.8707,-0.466885647
13/03/2016 06:00,7887.694986656618,0.0,-5.5143,299.3312,0.83,-3.2649,-0.08,0.0,0.0,-13.0701,1.096685597
13/03/2016 06:30,7894.272511656618,0.0,-5.3836,299.0102,0.66,-3.2778,-0.08,415.3998,16.6604,-13.1267,1.391076058
13/03/2016 07:00,7900.928036656618,0.0,-6.1145,300.2464,0.52,-3.2885,-0.07,2600.1631,101.9304,-12.9261,1.689999422
13/03/2016 07:30,7907.698786656618,0.0,-9.4748,301.9258,0.74,-3.3119,-0.07,5559.5933,207.6989,-12.658,-0.101808446
13/03/2016 08:00,7914.586586656618,0.0,-13.5668,303.399,-0.13,-3.3228,-0.07,7970.6029,275.0097,-11.9947,3.156356333
13/03/2016 08:30,7921.511286656618,0.0,-17.975,304.7108,-1.1,-3.3226,-0.07,12437.7587,380.839,-10.9868,0.153771695
13/03/2016 09:00,7928.016436656618,0.0,-14.8795,304.0756,-1.66,-3.194,-0.08,10580.0256,277.5958,-8.607,0.513937768
13/03/2016 09:30,7934.017686656618,0.0,-16.2341,304.7653,-1.94,-3.1658,-0.08,14888.3173,330.1797,-7.2034,0.281383625
13/03/2016 10:00,7939.848936656618,0.0,-18.4599,305.0304,-1.0,-3.1367,-0.09,11009.4963,195.9683,-5.7461,4.494925771
13/03/2016 10:30,7945.614661656618,0.0,-19.8326,305.4961,-1.23,-3.1435,-0.09,14207.7146,190.7739,-4.428,1.28114303
13/03/2016 11:00,7951.156611656618,0.0,-19.1286,305.9068,-1.53,-3.0559,-0.09,16764.8842,149.8816,-2.7427,0.16151401
13/03/2016 11:30,7956.431561656618,0.0,-21.1533,306.6771,-2.26,-3.047,-0.1,30026.2679,132.3165,-1.3709,0.876455755
13/03/2016 12:00,7961.412361656618,0.0,-18.801,305.9981,-2.38,-2.9388,-0.11,11556.9792,0.0,0.0,0.263053369
13/03/2016 12:30,7966.082861656619,0.0,-18.8528,306.0953,-2.27,-2.9219,-0.11,19325.0775,-83.3035,1.2089,-0.457019508
13/03/2016 13:00,7970.681811656618,0.0,-19.7475,306.8864,-2.37,-2.9082,-0.11,22976.607,-196.9134,2.3641,-0.577424409
13/03/2016 13:30,7975.095311656618,0.0,-18.9174,306.7538,-2.63,-2.839,-0.12,17114.7401,-215.5868,3.2604,-0.330394422
13/03/2016 14:00,7979.295886656618,0.0,-17.6086,306.6558,-2.24,-2.8109,-0.12,18826.6018,-307.9261,4.1413,0.787812941
13/03/2016 14:30,7982.796811656618,0.0,-10.9004,305.9005,-1.86,-2.4449,-0.17,5719.4143,-113.6715,3.4828,-0.015213234
13/03/2016 15:00,7985.381736656618,0.0,-8.8686,305.9997,-1.71,-2.2347,-0.22,6145.9617,-144.91,3.2658,0.967090738
13/03/2016 15:30,7987.437411656618,0.0,-6.4794,305.5744,-1.39,-1.994,-0.28,4629.7458,-123.1732,2.8594,0.48894963
13/03/2016 16:00,7989.257111656618,0.0,-6.688,306.0779,-1.05,-2.0126,-0.27,4649.2205,-137.0437,3.1823,1.235571466
13/03/2016 16:30,7991.0503616566175,0.0,-6.0847,306.2366,-1.04,-1.9653,-0.29,5150.7426,-162.1904,3.2321,1.172428402
13/03/2016 17:00,7992.692886656618,0.0,-4.0532,304.6322,-1.15,-1.8409,-0.33,1466.6484,-48.088,2.967,3.313027354
13/03/2016 17:30,7994.180086656617,0.0,-3.2769,304.1181,-1.2,-1.7788,-0.35,1867.0554,-63.9849,2.8525,0.541394463
13/03/2016 18:00,7995.607286656617,0.0,-3.1988,303.7996,-1.49,-1.7638,-0.35,904.469,-31.7135,2.8317,0.505731768
13/03/2016 18:30,7997.024886656617,0.0,-3.217,303.367,-1.93,-1.7662,-0.35,0.0,0.0,2.8144,-0.990292277
13/03/2016 19:00,7998.472161656618,0.0,-3.3926,302.7585,-1.87,-1.8026,-0.34,0.0,0.0,2.8499,-0.107003674
13/03/2016 19:30,7999.950611656617,0.0,-3.215,302.1229,-1.57,-1.8068,-0.34,0.0,0.0,2.7378,-0.239269771
13/03/2016 20:00,8001.449011656618,0.0,-2.8838,301.4835,-0.83,-1.828,-0.33,0.0,0.0,2.6242,-1.436087506
13/03/2016 20:30,8003.001286656618,0.0,-2.8685,301.2561,-0.75,-1.8736,-0.31,0.0,0.0,2.522,0.732147725
13/03/2016 21:00,8004.607061656618,0.0,-2.5018,301.0982,0.23,-1.893,-0.31,0.0,0.0,2.294,-1.650196483
13/03/2016 21:30,8006.2624866566175,0.0,-2.1896,300.7118,0.85,-1.9315,-0.3,0.0,0.0,2.0561,-0.001333886
13/03/2016 22:00,8007.983386656618,0.0,-2.1127,300.5806,0.85,-1.9674,-0.29,0.0,0.0,1.7531,0.655787059
13/03/2016 22:30,8009.796936656618,0.0,-2.2261,300.6764,0.81,-2.0317,-0.27,0.0,0.0,1.4343,0.678376512
13/03/2016 23:00,8011.686411656618,0.0,-2.0435,300.4007,0.64,-2.0475,-0.26,0.0,0.0,0.986,0.429153408
13/03/2016 23:30,8013.627461656618,0.0,-2.0571,300.4562,0.61,-2.0836,-0.25,0.0,0.0,0.5162,0.303000669
14/03/2016 00:00,8015.607686656618,0.0,-1.9238,300.2046,0.59,-2.0866,-0.25,0.0,0.0,0.0,0.404022642
14/03/2016 00:30,8017.621636656618,0.0,-1.7429,299.92,0.81,-2.1161,-0.24,0.0,0.0,-0.5338,0.356394236
14/03/2016 01:00,8019.692736656618,0.0,-1.7836,299.9707,0.96,-2.141,-0.24,0.0,0.0,-1.0858,0.611497411
14/03/2016 01:30,8021.820986656618,0.0,-1.853,299.9308,0.68,-2.1691,-0.23,0.0,0.0,-1.6524,0.740433989
14/03/2016 02:00,8023.997211656618,0.0,-1.7534,299.7228,0.64,-2.1845,-0.23,0.0,0.0,-2.1935,0.28345317
14/03/2016 02:30,8026.188036656617,0.0,-1.6757,299.4644,0.53,-2.1822,-0.23,0.0,0.0,-2.6641,0.368346666
14/03/2016 03:00,8028.393661656617,0.0,-1.6388,299.4572,0.63,-2.1976,-0.22,0.0,0.0,-3.1439,1.040321678
14/03/2016 03:30,8030.667911656617,0.0,-1.6845,299.1146,0.33,-2.2415,-0.22,0.0,0.0,-3.6897,-0.466543803
14/03/2016 04:00,8033.043511656618,0.0,-1.5332,298.6615,0.63,-2.2829,-0.21,0.0,0.0,-4.2016,0.037937462
14/03/2016 04:30,8035.488536656618,0.0,-1.395,298.4462,0.69,-2.2983,-0.2,0.0,0.0,-4.5533,0.83001803
14/03/2016 05:00,8037.991636656618,0.0,-1.4374,298.7694,0.53,-2.3288,-0.2,0.0,0.0,-4.9107,0.773919734
14/03/2016 05:30,8040.565236656617,0.0,-1.5961,298.9937,-0.32,-2.3529,-0.19,0.0,0.0,-5.1659,1.927032768
14/03/2016 06:00,8043.201411656617,0.0,-1.5569,298.493,0.48,-2.376,-0.19,0.0,0.0,-5.3342,2.829554165
14/03/2016 06:30,8045.916236656617,0.0,-1.5153,298.2726,0.42,-2.4105,-0.18,428.3379,17.7836,-5.4778,-0.548118174
14/03/2016 07:00,8048.733511656617,0.0,-1.9339,299.7047,-0.18,-2.4488,-0.17,2484.5212,100.9619,-5.5483,-3.648964622
14/03/2016 07:30,8051.6702866566175,0.0,-3.6864,301.2519,-0.15,-2.4923,-0.17,5344.5017,205.9081,-5.5461,-1.963446134
14/03/2016 08:00,8054.706786656618,0.0,-4.5936,302.146,0.02,-2.515,-0.16,7819.8322,277.0938,-5.3199,-5.152237272
14/03/2016 08:30,8057.859211656618,0.0,-5.5817,303.083,0.13,-2.5658,-0.15,11723.5743,370.2602,-5.1305,0.325427283
14/03/2016 09:00,8061.123236656618,0.0,-7.0181,304.2326,-1.34,-2.5843,-0.15,16676.6117,449.5671,-4.6593,0.946556971
14/03/2016 09:30,8064.468036656618,0.0,-7.6345,304.5186,-0.81,-2.614,-0.15,19524.6597,438.7545,-4.1334,0.430689398
14/03/2016 10:00,8067.934186656618,0.0,-8.8371,305.2272,-1.18,-2.6546,-0.14,23488.6985,413.8249,-3.5374,0.411052396
14/03/2016 10:30,8071.535386656618,0.0,-10.8755,306.1116,-0.98,-2.6898,-0.14,27160.2193,352.331,-2.8051,0.302064638
14/03/2016 11:00,8075.248586656618,0.0,-12.037,306.6768,-0.92,-2.7155,-0.13,30439.5061,257.4616,-1.947,0.829094126
14/03/2016 11:30,8078.913611656619,0.0,-11.6675,306.6252,0.41,-2.6634,-0.14,32659.2988,133.9269,-0.9316,0.764761536
14/03/2016 12:00,8082.046786656619,0.0,-10.3033,307.2584,0.04,-2.3872,-0.19,34515.5853,0.0,0.0,1.114926926
14/03/2016 12:30,8084.614186656619,0.0,-9.5971,307.3347,-0.45,-2.2875,-0.21,35269.4532,-138.1629,0.6362,1.694873016
14/03/2016 13:00,8087.131911656618,0.0,-10.9881,307.4022,-0.37,-2.3503,-0.19,34399.996,-266.5681,1.345,1.313225597
14/03/2016 13:30,8089.651986656619,0.0,-11.4446,307.4779,-0.02,-2.2894,-0.2,33400.8518,-380.8687,1.8689,1.27200793
14/03/2016 14:00,8091.924661656619,0.0,-11.2911,307.6749,-0.91,-2.1437,-0.24,32000.542,-472.4025,2.1035,1.211191949
14/03/2016 14:30,8094.025811656619,0.0,-11.7983,307.8589,-0.75,-2.1416,-0.24,29460.5008,-530.7611,2.5553,0.11228494
14/03/2016 15:00,8095.951711656619,0.0,-9.7478,307.8552,-0.8,-1.9674,-0.29,26560.1549,-554.3349,2.4791,1.582289539
14/03/2016 15:30,8097.75106165662,0.0,-11.0542,308.1363,0.86,-2.017,-0.27,22503.771,-534.5342,2.9286,1.743077707
14/03/2016 16:00,8099.62356165662,0.0,-11.0348,307.9884,0.32,-2.0447,-0.26,18550.924,-480.7173,3.2897,1.508486933
14/03/2016 16:30,8101.55621165662,0.0,-10.3757,307.4121,-0.67,-2.0781,-0.25,13605.0979,-380.7777,3.6327,0.167077644
14/03/2016 17:00,8103.56243665662,0.0,-9.2371,306.9511,-1.45,-2.117,-0.24,8762.1833,-261.7884,3.9534,1.015214587
14/03/2016 17:30,8105.64628665662,0.0,-9.4585,306.8773,-0.41,-2.1519,-0.24,4075.7344,-127.997,4.2062,0.832980298
14/03/2016 18:00,8107.78678665662,0.0,-7.2229,304.4409,0.25,-2.1694,-0.23,707.3047,-22.6555,4.3195,0.614095891
14/03/2016 18:30,8109.98571165662,0.0,-6.495,303.2039,0.4,-2.2042,-0.22,0.0,0.0,4.4379,0.616399877
14/03/2016 19:00,8112.25886165662,0.0,-6.1469,302.2782,0.01,-2.2343,-0.22,0.0,0.0,4.4591,0.294749628
14/03/2016 19:30,8114.62441165662,0.0,-5.5453,301.39,-0.08,-2.2817,-0.21,0.0,0.0,4.4769,0.151444034
14/03/2016 20:00,8117.04968665662,0.0,-4.8914,300.9679,-0.39,-2.2837,-0.21,0.0,0.0,4.2048,0.188834429
14/03/2016 20:30,8119.49193665662,0.0,-3.8516,300.2076,-0.85,-2.2954,-0.2,0.0,0.0,3.8983,0.620031974
14/03/2016 21:00,8121.99103665662,0.0,-3.0637,299.6234,-0.16,-2.3285,-0.2,0.0,0.0,3.594,-0.628947648
14/03/2016 21:30,8124.5708366566205,0.0,-2.917,299.4325,-0.1,-2.3578,-0.19,0.0,0.0,3.1878,1.125661536
14/03/2016 22:00,8127.190961656621,0.0,-2.4206,298.7695,0.16,-2.3592,-0.19,0.0,0.0,2.622,0.02766209
14/03/2016 22:30,8129.828461656621,0.0,-2.1476,298.4864,0.21,-2.3707,-0.19,0.0,0.0,2.0305,0.875907187
14/03/2016 23:00,8132.493311656621,0.0,-2.0732,298.3749,-0.04,-2.3795,-0.19,0.0,0.0,1.3856,0.179502421
14/03/2016 23:30,8135.18896165662,0.0,-1.8113,298.0535,-0.1,-2.3933,-0.18,0.0,0.0,0.7087,0.501300494
15/03/2016 00:00,8137.899786656621,0.0,-1.6746,297.7356,0.17,-2.3906,-0.18,0.0,0.0,0.0,0.192010349
15/03/2016 00:30,8140.6209866566205,0.0,-1.716,297.9221,0.39,-2.4008,-0.18,0.0,0.0,-0.7141,1.819634702
15/03/2016 01:00,8143.35368665662,0.0,-1.9737,298.4184,0.08,-2.3989,-0.18,0.0,0.0,-1.4132,0.630119851
15/03/2016 01:30,8146.10206165662,0.0,-2.1328,298.6678,0.3,-2.412,-0.18,0.0,0.0,-2.1175,0.100960187
15/03/2016 02:00,8148.89703665662,0.0,-2.1268,298.9788,-0.34,-2.4319,-0.18,0.0,0.0,-2.8233,-1.012968346
15/03/2016 02:30,8151.72616165662,0.0,-2.2687,299.6886,0.43,-2.436,-0.18,0.0,0.0,-3.4517,-0.219849886
15/03/2016 03:00,8154.60893665662,0.0,-2.961,300.4799,0.35,-2.4687,-0.17,0.0,0.0,-4.1444,-0.27623748
15/03/2016 03:30,8157.5350866566205,0.0,-2.6139,300.0106,0.71,-2.4657,-0.17,0.0,0.0,-4.636,0.181962315
15/03/2016 04:00,8160.4662866566205,0.0,-2.1668,299.5912,0.67,-2.4721,-0.17,0.0,0.0,-5.0934,0.292466431
15/03/2016 04:30,8163.4163866566205,0.0,-2.0514,299.4462,0.4,-2.4784,-0.17,0.0,0.0,-5.4685,0.247770265
15/03/2016 05:00,8166.4079616566205,0.0,-1.9455,298.7511,-0.19,-2.4995,-0.17,0.0,0.0,-5.8411,-0.556092043
15/03/2016 05:30,8169.45013665662,0.0,-1.7573,298.0472,-0.26,-2.5116,-0.16,0.0,0.0,-6.0691,0.045650154
15/03/2016 06:00,8172.55543665662,0.0,-1.6462,297.4796,-0.13,-2.5399,-0.16,0.0,0.0,-6.2997,0.001085587
15/03/2016 06:30,8175.74856165662,0.0,-1.5601,297.6681,-0.13,-2.5667,-0.15,554.8949,22.3003,-6.4174,0.812948904
15/03/2016 07:00,8179.04678665662,0.0,-1.9805,300.0209,0.24,-2.6037,-0.15,2844.8299,111.6576,-6.4911,0.042499064
15/03/2016 07:30,8182.44036165662,0.0,-3.9731,301.7609,0.19,-2.6233,-0.15,5292.4996,196.9244,-6.3325,0.379818089
15/03/2016 08:00,8185.9203866566195,0.0,-5.712,302.7739,0.13,-2.6534,-0.14,7979.9987,272.8339,-6.1192,0.787749422
15/03/2016 08:30,8189.47556165662,0.0,-6.8021,303.5355,-0.82,-2.6658,-0.14,11986.9574,364.6431,-5.6763,-0.331605314
15/03/2016 09:00,8193.10718665662,0.0,-8.3253,304.3381,-0.84,-2.6954,-0.14,15951.3085,417.2874,-5.2126,0.436603539
15/03/2016 09:30,8196.83598665662,0.0,-8.9105,304.7351,-0.69,-2.7182,-0.13,16920.5888,366.1785,-4.5922,0.518420435
15/03/2016 10:00,8200.64806165662,0.0,-9.2018,304.6826,-0.95,-2.7392,-0.13,15120.3507,261.8696,-3.8524,0.498238907
15/03/2016 10:30,8204.56511165662,0.0,-9.9825,305.3546,-0.59,-2.7719,-0.13,21333.651,278.8263,-3.0475,0.830924611
15/03/2016 11:00,8208.61468665662,0.0,-10.713,305.5701,0.14,-2.8052,-0.12,24714.2835,212.0162,-2.1313,1.161751536
15/03/2016 11:30,8212.804811656619,0.0,-11.8078,305.7567,0.04,-2.8396,-0.12,14171.9169,59.9225,-1.1128,1.094387386
15/03/2016 12:00,8217.122086656618,0.0,-12.6425,305.8036,-0.07,-2.8647,-0.11,21734.0213,0.0,0.0,1.203719875
15/03/2016 12:30,8221.593061656618,0.0,-15.1636,306.9039,0.12,-2.9088,-0.11,30161.5406,-126.1413,1.1931,1.430353526
15/03/2016 13:00,8226.271061656618,0.0,-16.7819,307.2523,-0.11,-2.9547,-0.1,34007.072,-275.0524,2.4773,1.472483549
15/03/2016 13:30,8231.122836656617,0.0,-16.0673,306.6759,-0.37,-2.9817,-0.1,16447.602,-192.4251,3.7639,2.896952962
15/03/2016 14:00,8236.106636656617,0.0,-16.0093,306.5122,-0.47,-3.0081,-0.1,17657.3885,-271.3182,5.0499,1.890122803
15/03/2016 14:30,8241.221586656617,0.0,-13.3823,305.5646,-1.5,-3.0334,-0.1,13015.3019,-246.5219,6.3068,1.349991202
15/03/2016 15:00,8246.483136656616,0.0,-12.7331,305.3224,-2.06,-3.0643,-0.09,20019.7533,-450.2577,7.5562,0.677186986
15/03/2016 15:30,8251.865711656616,0.0,-12.0566,304.4595,-2.28,-3.0789,-0.09,13677.5333,-345.6871,8.6033,0.674519213
15/03/2016 16:00,8257.359936656616,0.0,-11.6793,304.3422,-1.64,-3.105,-0.09,8737.8842,-244.2618,9.6412,1.692678744
15/03/2016 16:30,8262.990836656616,0.0,-11.6548,304.1442,-1.02,-3.1279,-0.09,6253.2248,-188.6133,10.5238,0.557175898
15/03/2016 17:00,8268.735936656616,0.0,-11.9005,304.0511,-0.56,-3.1451,-0.09,4401.3217,-140.6335,11.1946,1.366228814
15/03/2016 17:30,8274.572686656616,0.0,-12.5722,303.7364,-1.05,-3.1594,-0.09,2780.2366,-92.189,11.6569,1.352612779
15/03/2016 18:00,8280.487661656616,0.0,-12.1223,303.0037,-0.87,-3.1716,-0.08,714.0534,-24.1888,11.9024,1.190808317
15/03/2016 18:30,8286.459886656616,0.0,-11.3682,302.5722,-0.59,-3.1787,-0.08,0.0,0.0,11.884,0.92159424
15/03/2016 19:00,8292.488736656616,0.0,-11.8947,302.5714,-1.19,-3.1904,-0.08,0.0,0.0,11.7156,1.327696243
15/03/2016 19:30,8298.589236656617,0.0,-11.1766,302.2408,-0.9,-3.2022,-0.08,0.0,0.0,11.3389,1.512211421
15/03/2016 20:00,8304.758086656617,0.0,-11.0274,301.9924,-0.48,-3.2127,-0.08,0.0,0.0,10.7407,1.59104353
15/03/2016 20:30,8310.994136656616,0.0,-10.7725,301.8157,-0.29,-3.2238,-0.08,0.0,0.0,9.9502,1.068448781
15/03/2016 21:00,8317.298861656616,0.0,-9.8686,301.5497,0.11,-3.2345,-0.08,0.0,0.0,8.964,1.08004955
15/03/2016 21:30,8323.671436656616,0.0,-8.7675,301.1901,0.61,-3.2452,-0.08,0.0,0.0,7.8002,2.42472253
15/03/2016 22:00,8330.125836656616,0.0,-8.7377,301.2781,0.19,-3.2599,-0.08,0.0,0.0,6.5022,0.834874301
15/03/2016 22:30,8336.641661656617,0.0,-9.6985,301.6154,-0.55,-3.2641,-0.08,0.0,0.0,4.9975,0.693031939
15/03/2016 23:00,8343.159886656616,0.0,-9.6991,301.6121,-0.49,-3.2606,-0.08,0.0,0.0,3.3682,1.395123912
15/03/2016 23:30,8349.715861656616,0.0,-8.2428,300.9522,0.63,-3.2756,-0.08,0.0,0.0,1.7243,1.57655556
16/03/2016 00:00,8356.343536656615,0.0,-7.8216,300.7981,0.41,-3.2824,-0.08,0.0,0.0,0.0,1.120938077
16/03/2016 00:30,8363.024711656615,0.0,-8.1185,300.9026,0.34,-3.2916,-0.07,0.0,0.0,-1.7522,1.112501678
16/03/2016 01:00,8369.757286656615,0.0,-8.1349,300.9186,0.39,-3.2977,-0.07,0.0,0.0,-3.4957,0.915051845
16/03/2016 01:30,8376.522186656615,0.0,-7.1968,300.5488,0.46,-3.3011,-0.07,0.0,0.0,-5.1866,0.431894516
16/03/2016 02:00,8383.317936656615,0.0,-6.9938,300.3015,0.48,-3.3067,-0.07,0.0,0.0,-6.8149,-1.006651152
16/03/2016 02:30,8390.169361656615,0.0,-7.0602,300.2414,0.66,-3.3174,-0.07,0.0,0.0,-8.3863,0.336468514
16/03/2016 03:00,8397.060586656615,0.0,-6.5531,300.077,0.76,-3.3183,-0.07,0.0,0.0,-9.7502,0.533585742
16/03/2016 03:30,8403.935586656615,0.0,-6.7515,300.4102,0.66,-3.3127,-0.07,0.0,0.0,-10.8777,1.001829528
16/03/2016 04:00,8410.814836656615,0.0,-7.3235,300.6593,0.51,-3.3196,-0.07,0.0,0.0,-11.9563,1.075851562
16/03/2016 04:30,8417.753261656615,0.0,-6.9686,300.5843,0.44,-3.3298,-0.07,0.0,0.0,-12.8861,0.894725957
16/03/2016 05:00,8424.740461656615,0.0,-6.5592,300.5093,0.5,-3.3335,-0.07,0.0,0.0,-13.5239,1.36607868
16/03/2016 05:30,8431.764486656615,0.0,-6.7377,300.6438,0.46,-3.3402,-0.07,0.0,0.0,-13.9745,1.066179442
16/03/2016 06:00,8438.849461656615,0.0,-6.6926,300.445,0.12,-3.3508,-0.07,0.0,0.0,-14.2448,3.441767602
16/03/2016 06:30,8445.978336656615,0.0,-6.3891,299.9705,0.16,-3.3526,-0.07,297.9664,11.5759,-14.1486,0.981728842
16/03/2016 07:00,8453.150536656616,0.0,-6.6533,300.7449,0.42,-3.3628,-0.07,2547.6716,97.3057,-13.9268,2.759764766
16/03/2016 07:30,8460.360361656616,0.0,-9.1518,301.8593,0.53,-3.363,-0.07,4549.3085,165.7993,-13.3235,3.224736778
16/03/2016 08:00,8467.649561656615,0.0,-12.6575,302.9532,0.5,-3.3846,-0.07,8415.1684,283.4597,-12.7614,1.507568803
16/03/2016 08:30,8475.037561656616,0.0,-15.0233,303.9154,-0.51,-3.39,-0.07,11616.8136,348.44,-11.7546,1.765389989
16/03/2016 09:00,8482.444461656616,0.0,-16.2253,304.3392,-0.11,-3.3897,-0.07,16336.0922,419.7442,-10.4731,0.972177984
16/03/2016 09:30,8489.911336656616,0.0,-19.2317,305.0444,-0.48,-3.406,-0.07,20471.3588,432.1142,-9.1657,0.219963064
16/03/2016 10:00,8497.454561656616,0.0,-21.6634,305.8899,-0.85,-3.41,-0.07,24477.0173,407.8144,-7.5583,-0.868798901
16/03/2016 10:30,8505.030611656615,0.0,-24.4422,306.7074,-0.77,-3.4147,-0.07,26389.7326,324.6195,-5.812,-0.063312254
16/03/2016 11:00,8512.594311656616,0.0,-21.3956,306.0746,-0.03,-3.4068,-0.07,14344.65,117.045,-3.8997,1.918238357
16/03/2016 11:30,8520.182411656617,0.0,-20.5605,305.9961,-0.18,-3.4211,-0.07,17959.2545,74.0649,-1.9951,0.877293043
16/03/2016 12:00,8527.878986656617,0.0,-25.4291,307.1194,-0.86,-3.4351,-0.06,32605.5608,0.0,0.0,0.721505506
16/03/2016 12:30,8535.646961656617,0.0,-28.8365,307.7652,-1.69,-3.4396,-0.06,33255.9293,-132.7859,2.0324,0.611676418
16/03/2016 13:00,8543.468886656618,0.0,-30.3408,307.9123,-1.11,-3.4489,-0.06,33452.1112,-258.0639,4.0678,0.528530832
16/03/2016 13:30,8551.371111656617,0.0,-31.0082,308.1274,-1.57,-3.46,-0.06,32683.2273,-367.9709,6.0816,3.657389472
16/03/2016 14:00,8559.320211656617,0.0,-31.6706,308.2666,-0.08,-3.4607,-0.06,32011.8343,-463.4024,7.9522,0.490713132
16/03/2016 14:30,8567.306761656617,0.0,-34.452,308.7208,-0.86,-3.4693,-0.06,27675.6423,-487.0732,9.7656,0.059641468
16/03/2016 15:00,8575.342136656616,0.0,-32.5576,307.8207,-0.38,-3.4729,-0.06,10496.8871,-213.841,11.3842,0.134124299
16/03/2016 15:30,8583.419161656617,0.0,-34.7956,308.3361,-0.99,-3.4796,-0.06,18263.2896,-424.6554,12.859,0.486155975
16/03/2016 16:00,8591.566061656617,0.0,-32.5449,307.9937,-0.78,-3.4901,-0.06,15690.3378,-404.2913,14.1848,0.500455699
16/03/2016 16:30,8599.758886656617,0.0,-31.9176,307.8549,-0.93,-3.4909,-0.06,13453.4724,-376.306,15.1443,1.668518654
16/03/2016 17:00,8607.955886656617,0.0,-30.9187,307.4386,-0.84,-3.4911,-0.06,6411.6077,-190.3823,15.8372,-0.273551229
16/03/2016 17:30,8616.165661656616,0.0,-27.4838,305.9431,-1.35,-3.494,-0.06,1884.9641,-57.9485,16.3025,0.07598533
16/03/2016 18:00,8624.417011656617,0.0,-25.2754,304.8148,-1.52,-3.5012,-0.06,681.7253,-21.5259,16.5622,0.157558546
16/03/2016 18:30,8632.715236656617,0.0,-21.9539,303.7837,-1.26,-3.5053,-0.06,0.0,0.0,16.4884,0.380724093
16/03/2016 19:00,8641.052461656616,0.0,-18.8891,303.0224,-0.92,-3.5105,-0.06,0.0,0.0,16.1485,0.52618989
16/03/2016 19:30,8649.397836656617,0.0,-17.1424,302.5016,-0.76,-3.5073,-0.06,0.0,0.0,15.3949,-0.30209582
16/03/2016 20:00,8657.753861656616,0.0,-16.1072,302.1936,0.22,-3.5131,-0.06,0.0,0.0,14.5153,-0.064314112
16/03/2016 20:30,8666.146461656615,0.0,-15.0291,301.8484,0.64,-3.516,-0.06,0.0,0.0,13.336,0.742368413
16/03/2016 21:00,8674.568586656615,0.0,-13.8503,301.4383,0.24,-3.5201,-0.06,0.0,0.0,11.9352,-1.677497846
16/03/2016 21:30,8683.038186656615,0.0,-12.1704,300.9677,0.1,-3.5272,-0.06,0.0,0.0,10.3486,1.455449069
16/03/2016 22:00,8691.551386656614,0.0,-10.3345,300.8117,0.51,-3.5303,-0.06,0.0,0.0,8.5267,-0.124339
16/03/2016 22:30,8700.116586656613,0.0,-10.8624,301.3596,0.74,-3.5393,-0.06,0.0,0.0,6.585,-0.660366158
16/03/2016 23:00,8708.713411656614,0.0,-10.0904,301.2135,0.82,-3.5377,-0.06,0.0,0.0,4.4465,0.231463937
16/03/2016 23:30,8717.338161656615,0.0,-9.0751,301.0164,0.87,-3.5458,-0.06,0.0,0.0,2.2606,0.429569165
17/03/2016 00:00,8726.004711656615,0.0,-8.59,300.9521,0.46,-3.5474,-0.06,0.0,0.0,0.0,-0.207339071
17/03/2016 00:30,8734.676711656615,0.0,-8.7914,301.0621,0.65,-3.5471,-0.06,0.0,0.0,-2.2635,-0.576271839
17/03/2016 01:00,8743.368961656615,0.0,-10.5766,301.218,0.42,-3.552,-0.06,0.0,0.0,-4.5107,1.007090006
17/03/2016 01:30,8752.099711656616,0.0,-10.0385,300.9987,0.46,-3.5559,-0.06,0.0,0.0,-6.695,-0.682331976
17/03/2016 02:00,8760.859636656616,0.0,-10.5927,301.1486,0.52,-3.5587,-0.06,0.0,0.0,-8.7724,-1.095409454
17/03/2016 02:30,8769.671036656617,0.0,-10.3425,301.1465,0.53,-3.5676,-0.06,0.0,0.0,-10.7756,0.152605843
17/03/2016 03:00,8778.511411656616,0.0,-9.8843,301.0643,0.87,-3.5653,-0.06,0.0,0.0,-12.4879,0.270504655
17/03/2016 03:30,8787.368236656617,0.0,-10.0293,300.924,0.9,-3.5713,-0.06,0.0,0.0,-14.0953,1.795821077
17/03/2016 04:00,8796.274861656617,0.0,-10.2078,300.8422,0.49,-3.5765,-0.06,0.0,0.0,-15.467,0.418234018
17/03/2016 04:30,8805.229211656617,0.0,-8.5211,300.5498,-0.07,-3.5819,-0.06,0.0,0.0,-16.5907,0.44440764
17/03/2016 05:00,8814.227186656617,0.0,-7.6148,300.4253,0.69,-3.5862,-0.06,0.0,0.0,-17.4198,-0.597788986
17/03/2016 05:30,8823.228561656617,0.0,-7.1902,300.4986,0.2,-3.5827,-0.06,0.0,0.0,-17.8175,-0.712584058
17/03/2016 06:00,8832.263861656616,0.0,-7.2898,300.4596,0.54,-3.5937,-0.06,0.0,0.0,-18.17,0.70842649
17/03/2016 06:30,8841.372911656616,0.0,-7.2358,300.6107,-0.27,-3.5989,-0.05,666.4126,25.5298,-18.1099,0.09715197
17/03/2016 07:00,8850.542011656615,0.0,-10.1883,302.1614,-0.28,-3.6068,-0.05,2874.9447,107.2608,-17.7829,-0.321401949
17/03/2016 07:30,8859.765286656615,0.0,-16.7709,303.7994,-0.26,-3.6107,-0.05,5826.5911,206.9615,-17.076,1.146714998
17/03/2016 08:00,8869.058261656615,0.0,-20.1408,304.5999,-0.26,-3.6218,-0.05,8591.199,282.7897,-16.1851,0.433085197
17/03/2016 08:30,8878.448561656614,0.0,-20.8458,304.6061,-0.74,-3.6315,-0.05,12724.4255,372.3705,-14.9723,-0.105752939
17/03/2016 09:00,8887.878586656614,0.0,-20.2409,304.7307,-1.31,-3.6303,-0.05,11882.9314,298.2784,-13.3275,-0.259249195
17/03/2016 09:30,8897.320736656615,0.0,-21.9108,305.0155,-0.95,-3.6341,-0.05,15527.9959,328.3378,-11.5182,0.242140225
17/03/2016 10:00,8906.799461656616,0.0,-23.1812,305.3647,-0.68,-3.638,-0.05,14740.0482,250.0857,-9.4971,0.79195896
17/03/2016 10:30,8916.302336656616,0.0,-22.4586,305.475,-0.77,-3.6392,-0.05,13941.1156,177.4795,-7.2776,0.405399836
17/03/2016 11:00,8925.824361656616,0.0,-23.9497,305.9542,-0.14,-3.642,-0.05,20370.2771,173.2572,-4.9359,1.88880624
17/03/2016 11:30,8935.375586656615,0.0,-25.7032,306.2019,0.57,-3.6453,-0.05,14913.0491,62.9135,-2.4975,1.787217221
17/03/2016 12:00,8944.981086656615,0.0,-25.0004,305.7814,0.36,-3.6533,-0.05,11311.9704,0.0,0.0,1.771481981
17/03/2016 12:30,8954.640261656616,0.0,-26.8165,306.1808,0.29,-3.6564,-0.05,16194.0638,-67.5967,2.5255,0.98978413
17/03/2016 13:00,8964.336686656616,0.0,-27.9013,306.5651,-0.02,-3.661,-0.05,15002.1679,-124.2113,5.0306,-0.19298218
17/03/2016 13:30,8974.112386656616,0.0,-29.8503,307.2514,-0.14,-3.6727,-0.05,20424.5755,-247.0337,7.5258,0.654245294
17/03/2016 14:00,8983.995886656616,0.0,-32.3393,307.307,0.87,-3.6829,-0.05,22100.9433,-344.0371,9.934,0.573425637
17/03/2016 14:30,8993.957311656615,0.0,-36.0971,307.4522,1.34,-3.6884,-0.05,22679.6087,-429.1722,12.1616,2.938748069
17/03/2016 15:00,9003.936436656615,0.0,-35.7518,307.0627,1.14,-3.6864,-0.05,7160.1715,-155.1166,14.0989,1.108621282
17/03/2016 15:30,9013.945636656616,0.0,-31.6728,306.3538,1.1,-3.6944,-0.05,5030.7179,-122.4275,15.9447,0.516063325
17/03/2016 16:00,9024.024586656617,0.0,-32.9592,307.1091,0.94,-3.7003,-0.05,8032.8507,-218.0769,17.5092,0.607218581
17/03/2016 16:30,9034.179236656615,0.0,-26.5427,305.8594,-1.25,-3.7093,-0.05,3441.5635,-100.1446,18.8478,-0.257658925
17/03/2016 17:00,9044.412061656614,0.0,-25.2829,305.2721,-2.1,-3.7157,-0.05,2622.5287,-81.8207,19.831,-0.166925778
17/03/2016 17:30,9054.722211656614,0.0,-23.7998,304.6147,-1.97,-3.7243,-0.05,1495.8985,-48.8827,20.5328,0.225027213
17/03/2016 18:00,9065.044711656614,0.0,-21.6967,303.9263,-1.47,-3.7181,-0.05,405.912,-13.6441,20.58,0.364343275
17/03/2016 18:30,9075.283661656616,0.0,-19.8917,303.4749,-1.09,-3.7081,-0.05,0.0,0.0,20.2015,0.996880867
17/03/2016 19:00,9085.483311656615,0.0,-21.4077,303.4916,-1.94,-3.7104,-0.05,0.0,0.0,19.7269,-0.058678298
17/03/2016 19:30,9095.731286656615,0.0,-21.1819,303.349,-1.85,-3.7175,-0.05,0.0,0.0,19.0034,1.406418638
17/03/2016 20:00,9106.060361656617,0.0,-19.001,302.9539,-1.04,-3.7261,-0.05,0.0,0.0,17.9676,1.518170602
17/03/2016 20:30,9116.469211656617,0.0,-17.3804,302.5138,-1.1,-3.7329,-0.05,0.0,0.0,16.5717,0.654014318
17/03/2016 21:00,9126.907036656616,0.0,-17.4167,302.4229,-1.07,-3.7317,-0.05,0.0,0.0,14.7524,1.716220973
17/03/2016 21:30,9137.353761656615,0.0,-16.7537,302.2511,0.04,-3.7346,-0.05,0.0,0.0,12.7376,2.305948896
17/03/2016 22:00,9147.847561656616,0.0,-16.1509,302.1535,0.07,-3.7407,-0.05,0.0,0.0,10.5257,0.644636693
17/03/2016 22:30,9158.374786656615,0.0,-14.7946,301.9309,0.65,-3.741,-0.05,0.0,0.0,8.0584,2.523285763
17/03/2016 23:00,9168.959036656615,0.0,-14.3625,302.0125,0.45,-3.7514,-0.05,0.0,0.0,5.5075,3.545250624
17/03/2016 23:30,9179.599636656616,0.0,-12.5623,301.4933,0.68,-3.7516,-0.05,0.0,0.0,2.778,1.111924238
18/03/2016 00:00,9190.295536656617,0.0,-10.9963,300.9825,0.64,-3.7618,-0.05,0.0,0.0,0.0,0.534288486
18/03/2016 00:30,9201.024761656616,0.0,-10.4178,300.7676,0.67,-3.7578,-0.05,0.0,0.0,-2.7954,0.11833016
18/03/2016 01:00,9211.754211656616,0.0,-10.4371,300.8309,0.74,-3.7618,-0.05,0.0,0.0,-5.565,2.11458528
18/03/2016 01:30,9222.539636656616,0.0,-10.8669,300.8612,0.37,-3.7682,-0.05,0.0,0.0,-8.2813,0.574689653
18/03/2016 02:00,9233.366086656615,0.0,-9.3707,300.5141,0.68,-3.7694,-0.05,0.0,0.0,-10.8329,1.373267808
18/03/2016 02:30,9244.230436656617,0.0,-11.5347,301.2473,0.02,-3.7752,-0.05,0.0,0.0,-13.2659,0.964422965
18/03/2016 03:00,9255.157836656615,0.0,-12.1927,301.4988,0.4,-3.781,-0.05,0.0,0.0,-15.4983,2.015167435
18/03/2016 03:30,9266.150611656618,0.0,-11.4924,301.1092,0.41,-3.7871,-0.05,0.0,0.0,-17.496,1.770124997
18/03/2016 04:00,9277.17946165662,0.0,-10.264,300.7204,0.24,-3.7875,-0.05,0.0,0.0,-19.1064,-0.019786848
18/03/2016 04:30,9288.23893665662,0.0,-8.8258,300.0904,0.6,-3.7927,-0.05,0.0,0.0,-20.4877,0.045817266
18/03/2016 05:00,9299.35191165662,0.0,-7.8229,299.6221,0.06,-3.7972,-0.04,0.0,0.0,-21.5172,-0.63980352
18/03/2016 05:30,9310.48611165662,0.0,-6.9518,298.8341,-0.27,-3.7965,-0.04,0.0,0.0,-22.0702,-0.010495954
18/03/2016 06:00,9321.660036656618,0.0,-6.1994,298.2865,-0.22,-3.8043,-0.04,0.0,0.0,-22.4351,0.645139066
18/03/2016 06:30,9332.883111656618,0.0,-5.7563,298.105,0.16,-3.8053,-0.04,473.8681,18.7401,-22.2651,0.755193355
18/03/2016 07:00,9344.203311656618,0.0,-6.0245,299.4159,-0.65,-3.8214,-0.04,2336.7409,90.5746,-22.0459,-0.394182487
18/03/2016 07:30,9355.637736656618,0.0,-9.1042,301.6144,-0.06,-3.8254,-0.04,4994.8502,184.438,-21.1699,3.493211731
18/03/2016 08:00,9367.121036656616,0.0,-20.5393,304.058,-0.31,-3.8299,-0.04,7799.5854,263.4415,-19.9351,-0.12701659
18/03/2016 08:30,9378.653311656615,0.0,-24.3647,304.4004,-0.46,-3.8339,-0.04,10230.4715,307.0896,-18.3344,0.060017959
18/03/2016 09:00,9390.233936656618,0.0,-25.9152,304.8745,-1.01,-3.8383,-0.04,16112.8382,413.407,-16.4137,-1.316499682
18/03/2016 09:30,9401.813361656616,0.0,-33.0315,306.0742,-0.85,-3.8337,-0.04,19199.6363,406.6805,-14.0656,-0.281026767
18/03/2016 10:00,9413.389511656618,0.0,-39.1888,306.3413,0.88,-3.8377,-0.04,21049.1992,350.3529,-11.5997,0.051020173
18/03/2016 10:30,9424.961011656618,0.0,-39.7637,306.8493,-0.63,-3.8329,-0.04,22601.1534,279.2731,-8.8349,-0.02445545
18/03/2016 11:00,9436.497761656618,0.0,-40.3226,306.7546,-1.3,-3.8317,-0.04,13616.2301,112.3411,-5.9685,0.239658965
18/03/2016 11:30,9448.003511656618,0.0,-44.2557,307.3966,-0.87,-3.8275,-0.04,15852.8029,65.7099,-2.9972,0.600751253
18/03/2016 12:00,9459.514536656618,0.0,-42.6015,307.349,-0.14,-3.8326,-0.04,20264.9329,0.0,0.0,2.599594459
18/03/2016 12:30,9471.094036656616,0.0,-39.9691,306.9612,-0.74,-3.8393,-0.04,14149.6283,-57.5716,3.033,0.873568555
18/03/2016 13:00,9482.715436656616,0.0,-41.3851,307.4159,-1.35,-3.8399,-0.04,21245.2737,-173.2414,6.0173,0.643943765
18/03/2016 13:30,9494.407336656615,0.0,-46.6524,307.8626,-2.09,-3.8514,-0.04,23190.6608,-278.7274,9.0001,1.120198954
18/03/2016 14:00,9506.175586656616,0.0,-42.8845,306.9912,-1.68,-3.8529,-0.04,13156.4417,-205.2487,11.7773,0.758155622
18/03/2016 14:30,9517.976561656616,0.0,-41.0854,306.4639,-2.08,-3.8569,-0.04,8112.9655,-155.2613,14.3968,0.271968466
18/03/2016 15:00,9529.840211656616,0.0,-41.0355,306.5192,-1.71,-3.8635,-0.04,9148.548,-207.6059,16.8328,-0.093924081
18/03/2016 15:30,9541.742836656616,0.0,-41.7424,306.8627,-1.54,-3.8635,-0.04,9735.0687,-249.5428,18.886,-0.2158320587
18/03/2016 16:00,9553.677436656615,0.0,-41.8014,306.9884,-1.54,-3.8688,-0.04,9502.1009,-266.5715,20.7267,-0.3377400363
18/03/2016 16:30,9565.661186656616,0.0,-41.6745,306.7782,-1.5,-3.8717,-0.04,8523.6315,-255.9249,22.1749,-0.459648014
18/03/2016 17:00,9577.697986656616,0.0,-34.8318,305.7352,-1.88,-3.8777,-0.04,4690.7889,-148.6046,23.3226,-0.313320099
18/03/2016 17:30,9589.696861656616,0.0,-30.6449,304.804,-2.2,-3.8654,-0.04,2648.1972,-87.6057,23.6462,0.072169029
18/03/2016 18:00,9601.622711656615,0.0,-27.1917,303.7418,-1.64,-3.8655,-0.04,700.2285,-23.8254,23.8532,0.934072718
18/03/2016 18:30,9613.587236656616,0.0,-25.0528,302.9362,-0.94,-3.8718,-0.04,0.0,0.0,23.7995,2.386016726
18/03/2016 19:00,9625.549586656614,0.0,-22.807,302.3503,0.49,-3.8651,-0.04,0.0,0.0,23.032,0.503254551
18/03/2016 19:30,9637.495636656617,0.0,-20.9066,301.9859,0.66,-3.8691,-0.04,0.0,0.0,22.1174,1.240502803
18/03/2016 20:00,9649.477861656616,0.0,-19.7785,301.8184,0.76,-3.8712,-0.04,0.0,0.0,20.7753,-1.288014566
18/03/2016 20:30,9661.501711656614,0.0,-18.3969,301.8758,-0.36,-3.876,-0.04,0.0,0.0,19.1247,-0.764432395
18/03/2016 21:00,9673.570061656614,0.0,-17.1338,301.7519,0.36,-3.8786,-0.04,0.0,0.0,17.0888,-0.022725151
18/03/2016 21:30,9685.622586656613,0.0,-15.8679,301.6353,0.24,-3.8734,-0.04,0.0,0.0,14.6364,0.718982093
18/03/2016 22:00,9697.662886656612,0.0,-16.267,301.6928,0.46,-3.8765,-0.04,0.0,0.0,12.0592,5.84773488
18/03/2016 22:30,9709.728511656613,0.0,-15.6749,301.389,0.46,-3.8776,-0.04,0.0,0.0,9.2396,0.863642362
18/03/2016 23:00,9721.811261656612,0.0,-15.2115,301.0558,0.66,-3.8794,-0.04,0.0,0.0,6.26,-4.657677235
18/03/2016 23:30,9733.918036656612,0.0,-14.7442,300.9814,0.77,-3.8816,-0.04,0.0,0.0,3.164,-2.368410581
19/03/2016 00:00,9746.057061656613,0.0,-15.1522,300.9771,0.58,-3.8847,-0.04,0.0,0.0,0.0,2.605391957
19/03/2016 00:30,9758.219136656611,0.0,-13.2883,300.5524,0.77,-3.8854,-0.04,0.0,0.0,-3.176,1.286184082
19/03/2016 01:00,9770.404136656613,0.0,-12.9907,300.5565,0.61,-3.8885,-0.04,0.0,0.0,-6.3171,0.422784822
19/03/2016 01:30,9782.559586656613,0.0,-12.9926,300.5639,0.74,-3.8805,-0.04,0.0,0.0,-9.2664,0.317411839
19/03/2016 02:00,9794.724836656613,0.0,-12.6639,300.3657,0.63,-3.8901,-0.04,0.0,0.0,-12.2234,1.05521963
19/03/2016 02:30,9806.915861656613,0.0,-13.0371,300.4429,0.6,-3.8848,-0.04,0.0,0.0,-14.8035,-0.128612056
19/03/2016 03:00,9819.066486656611,0.0,-11.3552,299.9983,0.66,-3.8834,-0.04,0.0,0.0,-17.1722,-0.298478736
19/03/2016 03:30,9831.218411656611,0.0,-11.4663,300.0183,0.71,-3.885,-0.04,0.0,0.0,-19.2964,0.629011166
19/03/2016 04:00,9843.402236656611,0.0,-11.2514,299.9092,0.47,-3.8887,-0.04,0.0,0.0,-21.142,0.105682491
19/03/2016 04:30,9855.604186656614,0.0,-10.3412,299.7325,0.71,-3.8879,-0.04,0.0,0.0,-22.5381,0.332686859
19/03/2016 05:00,9867.814686656611,0.0,-10.5842,299.6365,0.67,-3.8901,-0.04,0.0,0.0,-23.6139,0.933934133
19/03/2016 05:30,9880.042861656611,0.0,-10.0556,299.6607,0.76,-3.8908,-0.04,0.0,0.0,-24.2565,0.875445235
19/03/2016 06:00,9892.293611656612,0.0,-11.0812,299.8072,0.6,-3.8938,-0.04,0.0,0.0,-24.5372,-0.462756951
19/03/2016 06:30,9904.558311656612,0.0,-12.0801,300.0141,0.54,-3.8931,-0.04,501.1616,20.2146,-24.3118,1.171475626
19/03/2016 07:00,9916.851386656612,0.0,-14.0983,300.8611,0.7,-3.8984,-0.04,2274.9927,89.2919,-23.8107,-0.018350004
19/03/2016 07:30,9929.213486656612,0.0,-15.7178,301.4276,0.78,-3.9043,-0.04,3426.0833,127.5297,-22.9101,-0.216937279
19/03/2016 08:00,9941.629586656612,0.0,-21.4964,302.7967,0.39,-3.9071,-0.04,7605.9982,260.7675,-21.5352,-1.019874528
19/03/2016 08:30,9954.088936656612,0.0,-23.9766,303.5497,0.02,-3.9113,-0.04,7353.3715,222.75,-19.8106,0.134080413
19/03/2016 09:00,9966.581686656613,0.0,-29.13,304.5118,-0.8,-3.9124,-0.04,15984.5746,412.3605,-17.6779,0.036514996
19/03/2016 09:30,9979.12093665661,0.0,-34.1066,305.2977,-1.61,-3.9187,-0.04,21168.7329,451.0573,-15.3144,-0.013891994
19/03/2016 10:00,9991.713511656611,0.0,-36.5514,305.8305,-0.94,-3.9209,-0.04,24544.4868,410.7177,-12.6068,-0.991874462
19/03/2016 10:30,10004.34646165661,0.0,-37.2133,306.2467,-0.6,-3.9251,-0.04,25546.3818,315.666,-9.6889,-0.036386689
19/03/2016 11:00,10017.04766165661,0.0,-45.1429,306.9351,-0.98,-3.9317,-0.04,31048.91,252.9446,-6.5964,0.273807035
19/03/2016 11:30,10029.79483665661,0.0,-52.6039,307.3022,-1.61,-3.9323,-0.04,33203.8322,132.4158,-3.3287,0.121861783
19/03/2016 12:00,10042.51978665661,0.0,-54.3042,307.7022,-2.25,-3.9282,-0.04,34541.5739,0.0,0.0,0.58730845
19/03/2016 12:30,10055.23536165661,0.0,-55.005,307.9157,-1.58,-3.9308,-0.04,35402.059,-135.4307,3.3238,0.381390458
19/03/2016 13:00,10067.86498665661,0.0,-56.2352,308.0431,-1.72,-3.9146,-0.04,33587.3719,-254.5549,6.4844,0.388084143
19/03/2016 13:30,10080.41286165661,0.0,-57.4427,308.1159,-1.28,-3.9179,-0.04,32569.2861,-363.692,9.6197,0.704124562
19/03/2016 14:00,10092.98421165661,0.0,-57.9974,308.0787,-1.19,-3.9183,-0.04,28692.0267,-416.793,12.5739,0.619044552
19/03/2016 14:30,10105.482311656611,0.0,-55.9028,307.8408,-1.57,-3.9062,-0.04,25374.3,-449.2989,15.1244,0.570983643
19/03/2016 15:00,10117.909136656612,0.0,-58.8118,307.8643,-1.33,-3.9069,-0.04,25736.7676,-536.6748,17.5806,0.569679784
19/03/2016 15:30,10130.329186656612,0.0,-60.308,307.3923,-1.48,-3.9051,-0.04,22110.8483,-522.6971,19.689,1.058614978
19/03/2016 16:00,10142.738061656612,0.0,-58.9732,307.0605,-1.88,-3.9051,-0.04,17770.9136,-467.0732,21.493,0.788067014
19/03/2016 16:30,10155.140536656612,0.0,-56.1383,306.706,-1.78,-3.9041,-0.04,13384.1385,-380.5888,22.9047,0.371812461
19/03/2016 17:00,10167.540961656612,0.0,-52.7489,306.2153,-1.68,-3.9048,-0.04,8831.9914,-269.9699,23.9644,0.278221563
19/03/2016 17:30,10179.940061656613,0.0,-47.2772,305.2677,-1.25,-3.9039,-0.04,4573.4832,-147.315,24.5745,-0.024968332
19/03/2016 18:00,10192.332611656611,0.0,-37.1708,303.8407,-1.08,-3.9037,-0.04,928.7309,-30.7425,24.7836,-0.152294026
19/03/2016 18:30,10204.717711656613,0.0,-31.4982,302.8455,-1.54,-3.9027,-0.04,0.0,0.0,24.545,1.787760014
19/03/2016 19:00,10217.116836656613,0.0,-27.4438,302.2024,0.53,-3.906,-0.04,0.0,0.0,23.9933,2.148071026
19/03/2016 19:30,10229.518561656612,0.0,-27.1907,302.135,-0.85,-3.9031,-0.04,0.0,0.0,22.8819,0.509152523
19/03/2016 20:00,10241.878311656612,0.0,-28.1349,302.0731,0.01,-3.8992,-0.04,0.0,0.0,21.3664,0.189064827
19/03/2016 20:30,10254.232211656612,0.0,-22.0804,300.9875,0.49,-3.9021,-0.04,0.0,0.0,19.6306,0.443376333
19/03/2016 21:00,10266.595811656613,0.0,-16.2949,299.8493,0.45,-3.9008,-0.04,0.0,0.0,17.473,-0.115673936
19/03/2016 21:30,10278.964361656612,0.0,-16.8622,300.0914,0.48,-3.9029,-0.04,0.0,0.0,15.0751,0.089919534
19/03/2016 22:00,10291.374886656611,0.0,-15.9315,299.676,0.78,-3.9076,-0.04,0.0,0.0,12.4393,-0.3831043
19/03/2016 22:30,10303.828711656612,0.0,-13.459,299.21,0.72,-3.9099,-0.04,0.0,0.0,9.5429,0.285255937
19/03/2016 23:00,10316.270161656612,0.0,-13.5702,299.7464,0.84,-3.9056,-0.04,0.0,0.0,6.4262,0.391592091
19/03/2016 23:30,10328.676561656612,0.0,-11.3522,299.6054,0.58,-3.9043,-0.04,0.0,0.0,3.2366,0.017114455
