dayhr,depth,AUC_dry,AUC_wet,rate,Tair,Tsoil,SR,Patm,WS,WD,RH,es,VPD,rate_P,Tdew,q,wmix,hwet,h*Ta,h*Ts,h*WS,h*Pr,h*VPD,Tv_K,rho_moist,uzonal,vmerid,buoy_TsTa,SRxWS,SR*u,SR*v,SR*VPD,VPD*WS,q*WS,h_ASINH_cm,h_inv,u*VPD,v*VPD,rate*Ta,rate*Ts,SR*Ta,SR*Ts,SR*HODsin,VPD*WS*d1sin,q/rho,asinh_Ta,asinh_Ts,asinh_WS,asinh_SR,asinh_P_kPa,asinh_rate_h,h*sinTOD,h*cosTOD,h*u,h*v
0.020714144929682377,84.5997174160865,0.037769696327449864,0.01875840943821938,0.8304483854934936,1081.9868923090514,121.69440629164038,1.907671730089243,2.678544653952317,5.467166449360322,0.030020558969185096,17.462722934728163,441.83113526278464,380.207451642603,0.0028775361965038826,12.464405596817489,0.1954855920029388,1.7239295173308804,0.706172430090696,9.132924331562922,0.9028012297406587,0.09792556829426502,76.12452560333604,0.6943258930601122,1322.827974188468,0.5420561408068085,0.08925132995883622,0.14897736739226808,52.82002620555208,0.6341680706354271,0.05054719220684056,0.12442429115166398,0.637091717876352,0.5314992104938572,2.782063311142309,0.7639459549504597,-0.024366871965849413,0.010716553168929721,0.25447055741901004,0.9524422785835949,0.6771946106727516,0.22783575108282328,1.1783415489661735,-0.0008172527146435016,-0.0064400053358806275,17.829961330433623,6.783427247078862,0.20521409508137367,0.45621594959122014,-0.0039559771309152225,0.4919094962566497,0.16651735386835043,0.015828111643264364,0.015546418076268331,0.00261567728624712,0.002215261177552108
0.15607363813152553,60.11137665533312,0.036878259677040504,0.03806164982707472,0.32144595510748974,591.3731928284276,606.6961173817646,0.7647925442785928,12.728447947023135,1.222835320213254,0.09185009785454401,7.075343238793823,324.21299625517054,50.603707094594405,-0.0012253281221026313,38.058505621554694,4.853505435398861,0.2635589423796638,0.5886592237686417,2.0782551371432154,1.3306733105823714,0.014409955055481483,59.59830017064141,0.09938245474103802,562.4478449409554,11.654028160644781,0.025609048522267308,0.08261481974381102,301.4652450330518,0.06886826605374186,0.15766221706810857,0.0016080397226518883,0.06961942806014765,0.2115186863929166,5.496647577255614,0.25742165862975686,-0.007429524125869058,-0.011929476489828339,0.028602886089731605,0.195014961553456,0.9196831422171421,3.705902297225159,2.460861603978028,0.11669107424656477,0.1649595334002676,1.4140363973533798,250.36275886039482,46.47212662624544,3.912245247517304,-0.01408329433743738,7.651574809645074,0.06606001391008665,0.00875474681841304,0.03372508303678501,-0.004119897758791069,0.029326271469395593
0.032777941292509105,38.79095445688231,-0.011127541019116727,0.10287727455763118,0.048167807398859175,1441.8762060315516,319.70233388953903,9.718288517710743,9.595381169662144,1.3255928471793483,0.04346095454379917,8.119840381890658,660.8176175510124,425.5627588396656,-0.00048385225026059686,23.24313783709342,0.3357496243472049,0.6699264819389947,0.011356899098786677,2.3562627867114516,1.0482520035054046,0.08496898156359567,43.29970480347399,0.00413943115115778,2279.3806596147556,20.836567740851244,0.09998713160157724,0.05094601158617884,169.67238681100255,0.3743778858009055,0.024882371075073628,0.1858822565203342,4.271294273853143,-0.008317217054488069,0.8428463437990876,0.588974991644923,0.06841442648214624,0.11028807694965526,0.09177375670784027,0.04995191748909722,0.4325581886764587,27.58194483389334,8.434247655208267,0.03410295851818468,0.03458700352760502,33.64458114308881,194.61925195240886,40.50755355220456,0.012413170020447062,0.6394439827149698,7.290327966393497,0.0575436546576773,0.010877213406875086,0.018217491744539238,0.03383846941870505,-0.005163671256365632
0.04096194564537914,61.83751695348284,0.008048436063085695,0.025272913624406534,0.006505219450525068,1635.1329646452539,57.67418049492067,13.7545785792996,0.2578390499963925,1.5037770571619777,0.09127365622387718,37.989136342495506,633.2565748474591,565.8371561198438,-0.0030357426830738277,18.27859185600202,0.3518514282195264,1.4322076661130874,0.6906030263600877,0.6825151623990848,0.5519815683109153,0.7929386251806427,59.838090214935285,0.08766216674345362,1783.672854157982,21.651797855397277,0.5321802925476744,0.10863979320099482,25.040981644992105,1.4509812709093213,0.2455082001205504,0.021232528014444085,2.149674681531801,0.7642475077297215,5.099067806966105,0.8929836260296611,0.004727123330543037,0.28676361485094404,0.017096481522350437,1.0747029457625663,0.2250624701370043,3.4911697389050405,10.539591069976392,-0.00806613920409216,0.025758374193376454,40.451927833809336,41.00891051351254,0.116556377185562,7.169084802983201,0.12856597073914244,0.40628153753438667,0.25907668920674887,0.028799085559445103,0.03821358787473006,0.04525143616187055,0.15535610814984047
0.20090384191528532,97.57669678442281,0.033005490497891365,0.06618828738062366,0.3183264545598803,172.67986851661917,171.46201635885748,7.236918295301223,0.29998935891917533,0.8157430727852155,0.09102342068420377,5.967527830456492,121.74094056660832,8.494880565085175,0.036735783406411926,15.689653656995642,0.3115776947666671,0.8076336772568826,0.03834436186808787,0.11624245050071114,4.464720390895051,0.33864820629622105,92.91741871584182,0.08994605050774318,314.6693140754091,7.5287973758873505,0.20007389342606174,0.37872571135078026,70.60763832334389,0.05885357692093418,-0.005108007931584169,0.009219721458734398,0.06081321722735389,0.9543496701111795,0.15255077734567912,0.026146124089992284,0.00817994743696282,0.3627606995116235,0.3155493530631457,0.013922764979757751,0.9657335892645342,10.499966495951254,1.889963490453031,0.055407460763509775,0.11027208406675193,10.714148616969808,157.5383547613878,7.667101197961447,0.6351986040028015,0.048053665834332016,0.32682383183904573,0.17828570647729425,-7.540756199464482e-05,0.000560795154725291,0.06832493466934775,0.015754928805655766
0.024786402066011348,104.85285669316632,0.051605907810081675,0.011223312075040681,0.930440463437253,156.74820922787643,221.86953151389238,14.327780294085699,19.9288729863705,3.4213938487916273,0.0799674937280761,3.2766081587433113,82.56375384995283,168.3249377241137,0.03108409124169853,77.06325062385056,3.498259469558864,2.1063329565227935,1.3041489326353979,5.500527839846402,2.0469018186272363,0.3603832717871134,107.87906595075022,0.6039780360668097,103.65652164417754,58.95552458549531,0.16061135993472853,0.011781569190766561,117.79222436497994,1.3445050194510886,0.0844908179337498,0.0007540107029573306,2.021675075045499,0.19145997503971035,6.622695971665015,0.28183344239443375,-0.011400164755726472,0.04262846356861694,0.005534037941627545,0.04564955027068418,0.22499984494081104,15.9474062100178,0.8920223560969776,0.03465564635815177,-0.002468430208400818,24.690704380360973,147.02603897082065,29.746891033181356,2.2468326424821496,0.3194352592151741,7.649724463269568,0.3659956625531411,0.019458481291655616,0.012855176863001638,0.010365622848773626,0.025315344514223348
0.01625979204205752,135.54256685293984,0.15051471713711795,0.15822233535850128,0.005019949961152292,539.4866220986988,187.01001189250465,5.358493095100909,21.016377938452266,0.06918560293040432,0.09184546639042068,22.15813104557251,65.26239874794985,39.18884815579575,0.00450078255153219,103.68450659211068,3.500228140651779,0.7925474521141522,0.8370039186107263,5.193272550306527,0.5167369353584492,0.0358885927597159,121.94496099447457,0.18054288279418262,277.51390546968713,37.32451428804686,0.04470406460690235,0.03545200267125992,104.27128941499826,0.01987688246028707,0.09131081370866934,0.09592815575780556,1.2555323995886791,0.05900082584493482,4.645160850656995,0.1706142944508251,-0.061742644151293824,0.5961275721630788,0.039212418536095583,0.7898968136879372,0.05603412899115501,0.6931459466610148,5.143946110473659,0.0448422303785696,0.007170219085014473,57.29498540956778,13.016064287018573,35.884830254373036,3.218462270178118,0.010658370731040812,6.746975545437713,0.23017361179068718,0.042166185988659954,0.059919312198177366,0.007390598411181948,0.002847753874815062
0.09889048993837601,110.73575855353023,0.03392098492001505,0.18932701825591103,0.03054166130755842,1809.9026626540697,287.047702907088,11.405103841052071,5.104445595427342,1.5189637422263553,0.09783685034834821,4.4016535607058325,340.2775194463872,321.2300032096586,-0.007437864221945922,2.011987351031757,0.07690646286167802,0.7507507460609224,1.2521011222073435,8.029289536795527,1.3778695599871886,0.03643899559100472,116.67611050685987,0.47947354200921666,1534.6445924300103,0.6813644869920621,0.37264356521874387,0.3717147122195046,146.5735995489376,0.12889210455604605,0.18890237148440736,0.09719942702233908,0.03577508757967429,2.6406397582621617,2.755402489656988,0.6707086902693566,0.13460003427780443,0.062401753737010957,0.15985625365785872,0.18124000426819897,0.16732698884380692,3.6064466208602264,5.991975420461279,0.14638526974182042,0.008909046574146373,1.5380017424965322,23.17468870767891,17.862794008865706,1.7216846240175654,0.3395943109164987,1.7356610524135645,0.26988504562153537,0.00038926172964171,0.017191284731995715,-0.024774465593867312,-0.00323485801062251
0.050457566579986235,162.8453925370271,0.005363526934912599,0.024351294351020236,0.7187758452382438,151.8568182670816,139.90708246681857,2.1817817208056534,11.878180304892599,5.126279043470107,0.010428000908648372,7.88347727878577,83.70185950910714,175.9466369837029,0.012829789210583975,72.67733853121958,0.2681235976272047,1.6806129589778918,0.06266099105393774,2.517860068565688,0.6482453564100892,0.010020545813898885,165.6890805502262,0.029212754019505738,236.99619887825148,49.54141609820674,0.21777287197839268,0.13209571782515095,65.44285210946288,1.4387222609176575,0.5571163906142607,0.27213099051879475,0.38546662356296135,0.012195968118438039,0.5189902270315292,0.12993454289369044,0.007830851352425228,0.03917006261261413,-0.0049178063048493925,1.3514058851095143,1.0037404166970703,5.161498771673325,0.12858342676591317,0.030775409051492453,0.029607886676311423,16.85379901023773,152.9425362586102,1.5070993794038996,4.282369784286936,1.4222953555166118,1.309713000621433,0.3534930342237095,0.0063178755124040364,0.1175136758637283,0.03620644225525638,0.012598647125946272
0.06446891623802387,45.74168740108552,0.2222526329460477,0.14017961546231295,0.17004310093214237,532.324179672264,41.140878338582226,2.7845744648153206,7.191698883790138,7.237861593382498,0.010478306924578185,8.926460528043368,20.095284302696296,14.31571393985418,0.024360741906333416,1.3517106794118154,3.4162362425163595,3.6578433920309115,0.8622193850790536,5.617394324536423,0.9887685508223951,0.09090618792074423,45.61684606917574,0.3077784934076586,431.2672088326737,55.30497127054067,0.3495531974434307,0.540193106235896,15.19822702974976,0.8364678529227563,0.00029599537599800385,0.019029521375570013,1.240867964062093,1.036150181851922,0.7568021801130884,0.8210328651496939,0.001622377821941079,0.10697438433248418,0.19347801087339356,0.012737204648748168,0.506684296286914,11.408511467148085,2.832691696810172,0.0023405449430518033,0.06602106995992596,31.43763501655462,10.899837086844698,2.8299787143334223,1.3807916829892068,0.048310267516785466,0.32850711217771345,0.005357664784331639,0.0018142983841862304,0.030779479311163982,0.05873054011037393,0.04807731994476239
0.08346505131162907,7.815678915340742,0.010256159795732245,0.07334861700194217,0.027021004289395023,844.0021778944512,101.81663471815264,6.398441089125242,2.2187697330882,8.159029167357017,-0.008859564478244764,18.966597470049948,150.63390713282251,198.08748401661452,0.0014099625205723498,34.38404199684865,0.23452529449795279,0.5193994349279762,0.007539290624562156,0.688308317919617,0.0780072352564698,0.07840077430024373,10.446253442085913,0.01465946113347627,615.8965140373303,0.1785283694064983,0.08903671216536502,0.07512333343761135,33.63822586884038,0.08666863206792641,0.03214733433810402,-0.0011575845313327449,2.0008496406651286,0.40869638997261326,2.3510271299838994,0.1434931586602861,0.17736314783011942,0.0028659205115140196,0.13992230042894427,0.2336945136194597,0.6802677141471971,12.395378230927323,0.9580339877406612,0.0007787941420414057,0.07303368169171875,16.943556940758853,108.795047441728,15.150561473501098,5.599347448989418,-0.006758474235486034,2.797102962100814,0.17999010350350808,0.00944630875968322,-0.003244762351481967,0.02717979124562042,0.02977280784208247
0.0034690835150383847,286.8078430845653,0.2835062369122143,0.14551103790895326,0.12989453798879413,1332.5909913771472,62.54056046337972,3.405934712088677,10.581918016453564,0.34514670920269186,0.08064207116298228,13.87336213547982,225.5889271777732,229.2307418514315,0.0018260252667294807,13.16515365448847,0.5723438283497249,1.931354116832952,0.1578090026082961,0.27935370533550774,0.4390581765517174,0.015088939620880204,280.4695637773189,0.0035361106180094026,1347.7636791808966,19.9826450352897,0.0839154313674646,0.0682102723084892,26.95892077401979,0.5543892345955195,0.005141546264538555,0.04759829377622804,0.7629563058033781,0.28211077920842964,5.848617772985059,0.401054861216938,-0.12068548673484258,0.01755084466331791,0.007183808513807399,0.746432431354215,0.035310048459954224,2.4046507339462693,0.24476702385658466,0.03708836380701097,0.00992202904827888,1.2537924862082708,63.4834411296587,0.06332711371813726,8.559673503039399,0.15070714784792028,3.3490146519886688,0.09721336233016054,0.053811996604603785,0.010589021273530896,0.014453058122533946,0.003335742468467018
0.020012459580623698,7.668088770161225,0.05835235018214746,0.028464448832449918,0.11434420514058807,2914.631808517734,491.03602694339276,18.564190490801685,16.72968748104912,0.29428731942666975,0.09486353443696505,35.778358031228706,786.1701523030736,685.8850326296065,0.0028698435990994753,73.51128623411633,0.11605154740437218,2.342781345054725,0.603568156137265,11.04207229237484,0.15543842166317035,0.1852623434998506,19.43486397135024,0.5368379686009401,3568.6091494910556,8.114054766089751,0.13741680947523172,0.23544084684279198,252.7234729688319,0.7466656474946829,0.25472882603359803,0.021901324376330855,0.14332442370384335,2.2600148131364053,0.47764007850909973,0.1477074168123993,-0.034018643313169505,0.07160031333905614,0.15233842683441434,0.9732605871890527,0.9099554279262092,14.136678011601777,4.043642193828678,0.06432581661325099,0.0233956097365402,47.88794992779076,50.27574244818341,36.91077734274284,0.9469871330670498,0.3645062748131256,3.2372111588760255,0.017189287007497,0.00435366687920169,0.04490966187546963,-0.0012160201439357365,0.07607499946215945
0.11547361984485782,46.96331744762651,0.06969797190684712,0.16780360435137887,0.1537563347724511,1022.9067598856394,244.0767490171342,11.731081892595565,6.430886017103816,0.2782900552900536,0.0012166402509192764,6.5556944922510745,51.259854839661955,91.43261668755393,-0.0058829791495202954,1.8027622802850551,4.146638408008769,2.230124258279191,0.9802948792504882,5.740060105806823,12.038608173845528,0.14529129457087642,49.756051069853385,0.03457504409792911,352.5881095816552,34.60590475276737,0.36372859310838734,0.044158783689665526,141.1487259038054,1.0039656326083781,0.16116512296787366,0.016830470395580832,0.09844173701802106,0.22682104969685746,0.8751311938102688,0.9454459016097028,0.004251907034959146,0.05475111212332262,0.03081345257330881,0.043089531288201144,0.19408627279441681,16.681418822977605,2.968025411891727,0.04163183816986393,0.006786113586790599,15.283343561342232,193.06982732773199,54.06467410675175,0.06761475377896442,0.25538103006403556,0.11140168552815943,0.6995481253382021,0.017922691518174716,0.022356082901479724,0.034358628096602395,0.06564302638898045
0.05033963563338251,205.78452860862538,0.03488625087461461,0.006677256009915311,0.44816309532415133,1260.059947593608,557.8495858066794,4.168094241093542,1.231547007683531,1.849899977622786,0.04129557671280981,9.005724826158893,334.4900594088322,301.65406706497413,0.009152577267764528,48.44006865628776,0.3103455501773835,0.8685042185999379,0.03109666852323212,0.8912764141282237,1.217768030858104,0.011146987049433399,203.20124492521308,0.010847695416991598,1797.2955288953967,1.2439317740424345,0.0604984970265372,0.05241383938214117,281.23524617044484,0.02004503530671009,0.1288542915123072,-0.005721186595454064,0.5772101451418195,1.001939327179703,6.367086219016223,0.07211275735299694,-0.02264717611351852,0.25454902693410464,0.0054144375129476785,0.5189042617975872,0.41650225805539787,11.137060643702117,4.389386356784732,0.023775704054668445,0.0654117986340017,18.794041118237107,93.57876730559718,43.42261356653014,8.23826254662496,0.18462155789453671,0.13812407914148395,0.4362813813631412,0.03380015166050754,0.09919666569355723,0.008115484594199529,0.002600611321491364
0.013120086326294356,28.479160916058433,0.09321919641887089,0.12392042221177846,0.15532005468577292,973.3216628412833,412.5462776838208,4.336610019480477,0.7952330704356037,-0.014639892741588945,0.07832880009569632,7.585015039561097,98.79562410942742,3.234157494844509,-0.0019411476930502047,30.576588298315848,2.1387682592258086,0.3864173827252202,0.8739981040611617,0.0577043631294023,1.2322940596106076,0.010617297750878052,28.210503209422292,0.009061656587513234,393.59631862435947,0.8554850915027767,0.05614576118073078,0.06985156450074559,215.4534312402047,-0.03483135168457441,-0.01142739323422326,0.021375655592229315,0.6584054677408311,2.728303803323551,1.5396788915408086,0.12103883889688305,-0.02332337947513974,0.08138771608806206,0.08152820749732381,0.057429864897326155,0.3196044497864792,7.8968929587776975,0.06717910719246234,0.053345297040853445,0.022250311756757846,6.195399201038511,80.60064686783994,42.80740914103263,0.26706428447009856,0.28150552851435506,1.6288190971871082,0.00860950041738029,0.004478418834105824,0.003851082677109652,0.003923419688959484,0.002233668215778195
0.040333587491965694,0.09126582437878561,0.06766446547025584,0.05039066815352644,0.037582575751570424,880.6402491902287,126.40660233519705,19.974635085842188,0.026374335609675725,0.11072794478789039,0.015843224754768848,5.569220267258271,232.0936433836387,108.31135878077598,0.033064265847241536,53.49085485347913,0.5935649740086042,2.4903941933526985,0.009891074076725737,0.3937348080147256,0.5034580394146912,0.09500734417129664,0.021690356472024774,0.22282423497498893,1271.601687674014,72.72741790056088,0.20045569605637947,0.02872466175820687,63.87207394970999,0.1465675619946749,0.05373082110195693,0.0799992084718566,1.1195299352302746,0.051372593385247356,4.091077836540632,0.08991242402349098,0.00825840041542758,0.17434161441542084,0.09430264358922358,0.15993092203910475,0.12063427489767786,35.82950310081217,10.36946117967516,0.06860964197912356,0.0245493372831751,0.3386241028995558,38.02955655710814,12.251785948598936,4.2249186031196695,0.007789855667218681,9.68469308702441,0.052073176483151684,0.04944645049853058,0.031617588190090196,0.019487676767760753,0.01332866666987087
0.004291436531961956,3.6151127105912746,0.16694087851949657,0.11162077691341121,0.2464590613539155,962.8369887202631,81.2490400293637,13.091630069360377,6.08784570761285,0.7765106231003935,0.009107316607578575,33.118393776234555,538.272842783161,384.9802631100438,0.006995052100077892,42.37863349238363,0.830298649729988,0.17428634180392155,0.7832080025586956,1.8032277033622428,1.9897056228417291,0.1583919943214962,10.617948807981316,0.19602585097612213,1367.1116550500797,13.359947462744866,0.09021119613989903,0.0389219820272384,28.851389485483413,0.12136767950545213,0.051865481132397306,0.02420915519947897,3.792582268478366,0.03489542780652144,4.800277466654546,0.3753951869439316,0.010593141634376302,0.05563878908646913,0.007172938730710676,2.2277828509826074,1.2649561036330574,17.050633749951935,0.9580352928883737,0.02168567893479878,-0.0021634198624997936,17.47114566817401,126.00614230557656,10.477472009397397,3.895123770290949,0.07324868357851422,1.6310282274314014,0.15400901309622217,0.11926509566162036,0.01076935295001924,0.000635526220571947,0.02207633362600081
0.12162650522514884,36.4581652508652,0.029453230652388918,0.017924787875402082,0.3254393478127344,1032.0263144234657,4.010464479646148,14.40745640753898,0.527585446007401,2.3783980272816523,0.043538302552965646,12.058689479536827,49.25405913696909,59.31214894174139,-0.004281595987737141,0.5691673813982554,0.10990471942288327,1.6000806270000734,0.41198186681926163,1.8044700922137276,2.7436916932719706,0.014021248228524463,37.95744182530624,0.08567396795525006,1068.1780253308962,15.011405167814427,0.5784960981348242,-0.004450569232566259,5.192016933105786,0.007839789306832046,0.0017205312838193265,0.06285584333866723,1.496937045826324,0.2478766582537686,1.0265154940314645,0.03258548926199101,0.05274887615362989,0.1835534758124462,0.034619201523272025,0.3093411191880273,1.0658600977287689,10.35719474755103,5.386143570279704,0.025625150573781674,0.0658567005111852,39.24685324105307,11.793992806986086,6.679355274562119,0.5573186862701167,0.49836930758457765,3.5066694931063926,0.0003161091584473752,0.03717452089533424,0.07444126990645206,0.008470981102266073,0.03480284076214524
0.004266708881120351,23.093419666813396,0.05550375795678253,0.016611477534685726,0.13486351821068965,712.8078348857333,4.111786190631974,0.6465241778416955,1.4273956545451494,0.3715356977386195,0.053056380188165164,33.75580162264714,269.87456657388583,263.59622457916015,0.012509387880430545,16.888981416049155,0.6971554350272386,1.2086251656268105,0.9835758079719987,4.65535637669393,0.22081259651688878,0.06650106923051258,25.492718097757514,0.11898881703611952,678.220719960253,16.392145584200495,0.1392438576835815,0.23351389434415903,0.10763105838099207,0.04736552274292016,0.06761304056391193,0.019466164843247036,0.6817523853850203,0.30437419561822043,0.14230240241370407,0.4271477392330434,0.02596087341620823,-0.01426815848805063,-0.01096144489713069,1.8442319835606211,1.0174952240479422,1.0325034732319773,0.23966564188197825,0.035638157776752166,0.07484356241303214,7.743755409628995,77.04732574390283,2.2199365290009725,0.1436204865464772,0.5171783757162753,0.5830586164380431,0.022197540283663386,0.02584638206972123,0.016868055552351713,0.03230825628549905,0.006602415036837783
0.0346633136418637,58.57938390390611,0.025109506181869357,0.05532809910398573,1.5157515194092461,423.1440925008971,72.19212676390751,5.38807352571966,4.237784399478079,4.5622766680186455,-0.012056232614133577,18.27305267115669,24.946331813342915,32.096944815667946,0.0027778089784922244,62.202075858963234,0.509416737239949,0.6519693411262084,0.23314604779882764,3.850318501942601,0.6208978793417748,0.15661172685712543,64.03421849713926,0.11446768347236969,439.7798869687898,47.460591266397515,0.07532794714259516,0.038899422273525275,38.76467637777504,0.1763784894363667,0.11912046696212286,0.1134678239460234,0.5058926515074686,0.7114052737378991,0.40327351640019327,0.4124290621093847,0.020389256830860347,0.2428366672066815,0.1008097905955001,3.521283030192585,0.9710517862746606,6.1378678988993105,13.064845329918194,0.042942263542238734,0.08158044347848303,6.226180838007512,2.051247587848123,12.36144272360877,1.7294798902014321,0.14357057646868565,0.20623735260922693,0.05515414312175437,-0.009898494464263052,0.006076727004994176,0.039992063764674235,-0.0033063076848574013
0.07996317797603147,16.897085184997255,0.02646771899737299,0.038693733171327516,-0.009095666976124406,1035.524293026042,17.579680544903567,20.276513195407478,1.546081125171355,0.4403481571402006,-0.006228115781895305,0.18979440969160422,183.30375824073664,30.352022932552263,0.02256792227353177,37.602160292319496,0.6181839533043236,0.043001930602764915,0.1920021099057614,3.147462247839753,0.6762408518518432,-0.019977348876201617,13.595558432193013,0.02895751877429653,715.8878077982539,11.439010910820532,0.26005250102621424,0.09007405590026352,0.4474256614170482,-0.028758978518154343,0.03087339187626892,0.13511100795880449,0.02413603990640567,0.06673217037218748,1.6982109147115931,0.18486224554241293,-0.1734913603057615,0.06551209222616095,0.0728857569554382,0.06136961338217972,0.10595577686056057,34.31472917162668,8.603909885197544,0.04169603417227652,0.07675021360605783,19.830370177935468,175.56439540295898,13.51748348397362,0.3419922349453497,0.624542379434728,0.04573342831155891,0.02238647756785994,0.004206541409332409,-0.000773621793348056,0.015197300173236172,0.006476840863273381
0.08181171871957371,213.93919156179953,0.08528532202982753,0.12301789750964165,0.1732466044442047,1017.5613824661436,49.71815823542118,5.554498473862815,0.3666487253411663,2.0608537383957595,0.022634700817213194,21.55692328613255,188.61583353318758,141.9092415539832,-0.00011928893935042595,6.236233854411352,2.1641215358795662,0.14293929460133903,0.046052546079910606,10.865728975436472,3.3203377823333833,0.039342079768752036,198.6330130453236,0.8959561418996946,1160.845676718821,1.0262839930995442,0.39676247743281134,0.22757586896908322,7.562495259248164,0.48245916221191276,0.05964972033753213,0.029572209850266873,1.1914587361994595,1.5666261194420974,2.2575140954781974,0.18552277649054982,-0.02448264846949577,0.2122510825579651,0.35852913645151574,0.11049578514764402,0.44623063454333334,0.32466359516198295,2.243181961612872,0.010679369477928802,0.010591102655620688,50.07973823717296,8.81998309810508,26.41289502407917,0.78737046915571,-0.001425907078279387,0.06904738763678875,0.06761200558714542,0.048275828837905266,0.08896366875791717,0.05734379371501319,0.00852697870862773
0.038756058333903276,49.51430401200344,0.009736091759982024,0.09926309929410415,0.013598409066544193,215.5117291263471,198.52461040263142,4.652919139247037,0.1339658524110412,0.3692055902021183,0.01028330243106712,3.545491768337487,227.8779049635905,69.78196725298807,-0.008212845872944463,17.732611875396092,2.6113735398145144,0.19170239312687976,0.06449547222720842,1.8749861175823979,0.4327438810834918,0.055783571411470056,45.31440247154996,0.011035852694865511,765.3404367483536,6.222069416158706,0.019839675821340386,0.05130123779919682,96.30237399679352,0.022950098194324475,0.005075530703613218,0.051537820936962575,0.11853275792184803,0.16142786760950223,0.19516908067347583,0.34919133140193104,0.048374000961560526,0.11674813018645391,0.10076669387475246,0.02970375303778816,0.023304857467573825,12.427427572267877,2.6465850956423127,0.00806819466233577,0.018312889522857034,3.122895247655552,165.89486133319326,9.057055630241479,0.02734423404420827,0.6722399313965735,0.846104043201712,0.10774468392022118,0.01326492197068685,0.020019964755063846,0.03983691362285491,0.03813639475993735
0.01626700645603485,40.390198012369304,0.009239755726987653,0.0019694707169737313,0.27443452065997853,3368.7580552260542,384.7378818827241,0.6921963974820287,6.832214068209998,0.5471182135732668,0.005597115271307018,0.09790271869941414,663.0611854148863,540.2314243574259,0.005719266423332314,0.1253042690486037,0.006265310211558628,0.15623176410302264,0.04829486251735382,4.840826920899522,0.3301888161722637,0.06796249310677283,50.420586374461436,0.4110259896216366,3195.527706933752,34.52794030114741,0.012108820097553874,0.03222249072685379,195.31542424084168,0.01956289907376707,-0.019452981840290207,0.024304930426435334,0.2515817845431272,0.000545894032139671,0.09940468550407644,0.007206920916827286,0.011070299697072628,0.002934127628739347,0.03286161361720197,0.06322152761066135,0.1681915047586866,0.275723383520754,1.1137604388653646,-0.020654808649675616,0.0020591988453038113,21.130405337085122,79.68290080537253,29.316505670837543,0.18655467790998337,0.019518867672259077,0.008214346068600165,0.18420053470168973,-0.0020827209347498155,0.0023023510168158623,0.024248604404283114,0.04604323972752944
0.014208213881042653,9.024733667829688,0.03928602456324892,0.041389151260215584,0.1689740479980113,1843.4626579077847,379.6975985921167,3.8644300146516226,23.990442298068693,5.052661179918756,0.01646453070104048,0.9287391768922495,363.41784912602884,391.0509715626977,-0.0007637979250727511,60.82080926519148,1.001526235401954,0.27460346680190106,0.46711627626507024,4.296084640809651,0.5446652430115337,0.05488893129224337,5.830554662120617,0.08131252861324523,1246.7922243097296,87.81507177407633,0.09860335469575165,0.053766302604095983,205.4460967168151,0.41866290766136416,0.04942841230279171,0.028334365627554092,0.7408917295517643,0.2764233620437393,3.8938939958655574,0.6358649315177747,0.008416852854113976,0.026922291226283868,0.18185466172976206,0.452594628120786,0.43801459411337174,1.901498521810331,5.51084684407579,0.03263061078764817,0.038616400219250835,9.133644891768535,69.87725523865845,67.48948223641565,0.1409431978177924,-0.011097541720019422,1.532966840919805,0.7505839648243224,0.013617299897010327,0.005427071880567347,0.03633301473949935,0.0017045374942625813
0.1036038867338549,96.36492422389934,0.07767395817397116,0.00942939944678578,0.01972006439959717,1561.3649673536256,582.7486022469706,4.137844285650865,2.1484968777148845,0.5194243257175639,0.0078052693309542676,1.215703324367241,98.5291979489904,23.269121979499808,0.00047478288758373566,57.842427996094465,1.7639781433024266,0.9421989167749256,0.11681401531894053,0.4125799485556092,4.364049390348845,0.23347426857132803,88.32115059456488,0.27404104889138914,1254.9588515138025,0.2114756858349507,0.6756816212305248,0.08276635452984937,275.369752687247,0.5100967504718197,0.014238723088671357,0.1649843917645768,0.19909015638802696,0.5539098681670849,0.5467535440942575,0.23448839738940386,0.003148163521495384,0.6598551973454088,0.08659531923779529,0.005261192844987939,0.04677154391700444,6.042790976964944,1.9778853576828554,0.07564493337095701,0.00028395914593826177,14.183150873532451,118.65359738021394,1.8244711603446486,2.9890034610360283,1.3754331044100185,0.8405595876820016,0.1380974484765103,0.006729093422398691,0.013701302624214762,0.020450067859094645,0.07610383284053235
0.08708333839095417,133.43651445878743,0.026488695972108012,0.027802891239660177,0.056977226211840204,442.108045127664,412.96314327365883,10.257345267779375,14.430040935657352,0.8675903500948472,0.016986819131648012,8.739342451801766,39.44217715259606,41.70196351009259,-0.009473451972041858,27.848174723653642,1.8896108882770264,0.11248443367954142,0.08504788992760659,2.979687895602577,2.3279738090461235,0.07510769419787344,136.0452756921916,0.14311575580680902,149.74262882744304,45.05458844606507,-0.03480456806496335,0.006177187170979259,213.66046471056654,0.19795474032230498,0.07700370795490041,0.012495147818563979,0.19192434327842278,0.29834898506653484,7.416391781525908,0.03296361402790815,-0.02367930622648995,0.0009666700150017249,0.03772772845367722,2.82686810272385,2.6257857754511518,6.455503209514074,0.407459623195491,0.023345489639214456,0.05835867901662262,2.194096893136539,83.45366332518533,44.84948979899274,5.125631038052786,0.07435919955091741,4.478225722573015,0.07354165889193887,0.012525869798552414,0.02147640941277018,0.006965489091207644,0.04393655060264656
0.14381365640094934,58.31176287678477,0.1546326902921944,0.08515647339584209,0.13503995333790364,2005.3167354949128,109.08924735983808,5.628731108609512,15.488956321511676,0.9590938726923675,0.04785843401535406,7.435670490897244,549.4608953469331,380.7709032352728,0.02566203496433417,49.97751047143559,1.058317724537508,5.426534826015339,0.0188614202023496,8.453102560022455,5.283729653982568,0.13689354683995347,62.322031515644724,0.33285904405184485,2147.4356451770823,23.42997384387306,0.04361826752362674,0.025068359967273857,46.59786679756117,1.0352562412185788,0.07559807690322717,0.020712573686972213,2.6762777266667834,1.2955986914641242,1.4627689948414186,0.4871684530952063,-0.01969773354703097,0.1874735688612441,0.07580714781315034,0.42087187193406184,0.15104313042134265,14.417453669853511,1.607469071680927,0.05684596944916542,0.1542539478849747,37.124635633730506,104.16928363054564,2.300563487920667,3.8681648705754297,0.1674634584719552,2.4458568518179478,0.04598940972960808,0.011562518714851144,-0.008249998815641923,0.029462918729644016,0.014675406252278478
0.012127820833910619,124.89185422159812,0.11266069615078411,0.0283991933152965,0.20998010912801135,1117.5013518512583,119.24054470230921,1.4512917921025332,4.4929571364723015,0.814815001794801,0.044575352553748004,3.6115090418531457,42.36050642268084,96.65570118613587,-0.0031824563277060847,5.677684045276387,0.2182711733432523,0.35480254996089133,0.05525458666232552,0.18608912274888656,1.4653830435897701,0.04929332939081288,121.2050755546737,0.06461492490616916,1082.2946608263035,6.897169265853548,0.19293149175918156,0.09909949627115378,33.68239951343527,0.34861128572119693,-0.013869442296305046,0.05709891136945178,0.050080748487308036,0.04689498112246859,6.08398172816828,0.4401487830751112,-0.1165866216012601,0.11617598191528611,0.145591989036296,0.02302126978298258,0.6390337849125887,1.5155380937308243,3.644647475128857,0.03206211708302842,0.00836283831198159,25.93088135339688,119.92297382186447,35.4252878162947,4.132001544691092,1.0794073115140304,3.5996465584100052,0.8143947819994297,-0.003260961392104633,0.013865597299886012,0.007399741977503815,0.004772290440602234
0.035613510312138885,246.00498550334572,-0.01956578682603638,-0.005923205367970752,0.1901051817723589,702.858365170207,23.278681387999733,10.99396506559964,5.918949809833046,4.420969445058169,0.07464395448402339,2.9166586212433057,238.13684177084497,49.70392724781393,0.002611098149476909,12.112454409794742,4.782542225339551,2.279328971350589,0.45871067203880944,0.6876761312307282,2.926768125997084,0.09736232201388972,246.5044902264401,0.1122621752272499,1133.8819001524364,15.690405605031847,0.05785575264721832,0.002816567176843421,26.259736979731983,0.523994890857856,-0.0062591666354343545,0.04554012779818972,1.0116358080711878,0.08883303706551704,0.5814996488176991,0.22686740224817203,-0.041544159631840216,0.11396477010626871,0.09129048132972617,0.0930642378228983,0.4896516553367327,4.750773317801835,3.327252686513619,-0.0149433597873454,0.0676477522758745,51.031346666712864,230.67090477589068,34.44002669220657,1.52724571485229,0.25668746586453217,1.9854379243209976,0.0024234421854387733,0.014824120918619954,0.027041909332210956,0.0053841197934678675,0.006901637766337565
0.07125737120956455,317.6503714102364,-0.0052620835718339976,0.02660152970495666,0.00018045309283643007,704.0395798549581,568.8479558736672,6.26753955070456,9.90508899480971,0.4185205015564586,0.03663926539999629,12.796147072539117,398.43052414250553,319.06952548229856,0.009026334144307313,24.297806048822473,0.08164333837742355,0.2997593940556422,0.0157927831663649,0.25266148562072566,0.63804074507423,0.006960602295078999,312.1618101011607,0.014575019692282254,1455.7645438371455,47.566289952598325,0.0839330946359409,0.3688623871967378,296.28399674922343,0.13267564537359533,0.24546199140741543,0.21156335356634592,0.10903168149103415,1.4903049551241914,0.3462101251487377,0.014342840023846115,0.052027650893873734,0.3365833612559985,0.02578633886425763,0.05366807799163009,0.07664212130596404,0.3551664075893539,5.112590046464602,0.08018079203570672,0.02661991330471558,16.093939700922146,21.036467080779463,59.49877457800885,1.1817714602626586,0.395141203803834,2.0408887989412925,0.001152624141921521,0.006047584930741756,0.024758445498441084,-0.008891690132700525,0.011289201119947023
0.017754755189042015,99.96353842378876,0.01407259037426467,0.021410422463581824,0.17216606328469197,1217.0051995726776,169.03355877448584,14.945861921268621,1.0024748501414873,0.5552812530018185,0.07297415873677338,8.511258649408694,575.3458338368401,382.34881416026855,0.0064762956801116545,12.799724182367532,0.15080848153681448,0.4499704337740065,0.039821381414067325,1.185627342984783,1.6782753060649638,0.05081945105817187,101.05509563777555,0.38544619416247006,1485.9542630559565,33.456073264960665,0.026096090266745087,0.3753356442193647,73.87922197549716,0.3007109582620249,0.01968002919743128,0.07353382809891862,0.6642965977921875,0.3418415793068297,10.802620870054726,0.014289504952217591,0.04333325942972266,0.027043035070077437,0.36736641064964104,0.0007252521050986616,0.01378471477878307,10.955159991101509,0.8930171437687555,0.08808529254788677,0.06186733418059642,9.857306395364612,177.71548900158325,0.975142903123567,5.999979752544835,0.8214601519797169,0.11478359501352031,0.00974454581901174,0.00298574013555708,-0.012256108771762086,0.007882528206708983,0.02258333385396316
0.03108934960341614,9.845116468981011,0.04843552817032304,0.010814844697835113,-0.021589491564946606,483.6261046447856,0.9975273077138445,0.8854851459763129,0.3842346309426814,3.6536351428736618,0.036508736618375615,0.9563036284896445,220.6128118107874,124.64006739921676,0.016436147082667496,23.749567656692665,2.3418140613093206,1.081270075893701,2.3057410207349838,0.9430819554920395,0.23445195549326492,0.07361958092973264,6.929441296031759,0.08470367793421829,721.995277977786,34.151461600659474,0.2844248050309268,0.0325306128493672,7.629833832053309,0.3273440868647981,0.19508654567113304,0.035434172536651154,0.2547917924205674,0.33118801996841807,1.221079657491602,1.5419831576848244,-0.0005558767469411308,0.08132775172737894,0.056512725252491514,0.06491041700818556,0.5313396102915133,1.946191887424951,1.3010400211720725,0.011748758465365938,0.05291915102353517,29.52507588983153,109.88017309210566,17.557621080003475,7.098129125709536,0.13163791321847818,0.7026665517990942,0.6953585689694668,0.00975248186855282,0.0460473796642864,0.017472359088453793,0.061178501452791245
0.062462753867785104,101.95201858094696,0.045946873339119954,0.16979185933167162,0.13834525078351767,359.40119281049874,51.26259842029026,7.490935631619386,5.127195221272994,0.4258560794025694,0.1932221890667689,13.56217110465964,441.1552313775102,200.17320716872555,-0.0034542263896950587,1.9601809788615094,0.12330032067330876,1.1206096519941928,-0.002026667937307103,4.027442967537193,0.5844896952403502,0.01771844824620672,97.82712056794952,0.3584489476924304,159.88606124330167,21.264274419086117,0.5450082270271919,0.340303490139946,6.495736463415558,0.46498296050396437,0.06908368968132272,0.14811339571005977,2.4884213214004562,0.5628352690308267,0.2170890960052274,0.2454075750885547,0.018944165019077808,0.1385284882787161,0.11822071158941405,0.04211415513872474,0.06985467898371045,2.144936150394038,8.117009282333946,0.06697421357240163,0.0512380485106565,57.460154743333405,250.3944939007271,27.68318899411177,1.0509899600404635,0.04562975818979087,3.0896556642970507,0.02702301266131446,0.02015602277636752,0.013924197313714082,0.02470426018529004,0.027163126630253664
0.06294581123775522,120.42795036723366,0.041568778062686995,-0.001414378131883609,0.25128609778189226,402.9093516912645,301.5039428977099,16.701292993461198,1.342193742598095,0.02207452556166878,0.03607800928116767,0.33619048126892004,139.24952866029253,9.073362620857289,-0.0013697442556139805,3.1122761648535135,0.15388442309392936,0.6046839317204791,0.42263054504286046,1.6753116155843166,0.24331533070429057,0.06603447244489224,117.95609594446057,0.05152054035594045,116.09332638993159,11.117278350969631,0.0627069710733954,0.06076775941459456,142.2070281167728,0.3701375689220656,0.0880445517768198,0.05050752978754858,0.38314004160654047,1.0311917086760953,0.18125350188969058,0.791441842171813,0.010593707353484305,0.4636944096687099,-0.007502259375624654,0.05627639454956679,0.06274476414955998,13.81609842284998,1.7414136193245193,0.10610730899768939,-0.011427446019142806,5.543167589122998,111.0784771866017,8.039177144043878,0.28362968747438444,0.07074816022434582,3.9678585761519454,0.1943642665978187,0.01739391001878854,0.009805219547931898,0.06500945544588266,0.01778144933383974
0.34978385636500064,31.89864158322028,-0.010912649558107113,0.06241786265887228,-0.0003237715687216536,858.6070848752795,189.7794155279155,6.7098523043833085,16.06760228589123,1.4923848586791886,0.006376901619527864,16.051482425715196,488.3271465728889,363.5815180523764,-0.0075172184350496,2.102533864948012,0.5132105006718009,0.08483751681666352,1.0178422442377695,0.027126013626579848,1.1847768899704079,0.026893010375541593,27.208527109785546,0.03457009464601857,1215.9328744007028,75.75491135656775,0.2557756666593791,0.018140868774085384,105.14527071794367,0.29726092134764226,0.029111237733338236,0.23978814423619088,1.5489524800410148,0.4300251857135695,0.3062764715810573,0.9762883180037871,0.04987215255085431,0.07849615535312271,0.017823875392470434,0.3363164006883741,0.07135407122880455,9.461099205908624,2.1000019748668466,0.10187648123417681,0.13960346943779012,22.888278945682995,53.95119257719703,38.922925804062416,2.593369500538885,1.4295655371282736,0.5409052754381873,0.07065255027475104,0.030847735084014616,0.09305369559127552,0.01200950212454277,0.019939773584139786
0.0210000402480075,23.009936889832595,0.12629378911577316,0.0036525722507869673,0.1279389124711665,1916.4637629447238,296.20024135970704,3.8251512066738957,16.281417211007593,0.03448758868912272,0.10995275528125781,19.265257930095572,409.81237705273793,416.07097126482876,-0.0042313709518335685,6.381250613413034,1.7624377440499446,1.5100430927157147,0.004253493954459842,0.05635205124045406,1.3475963172170724,0.29742933941619576,25.811997236463995,0.053183648945722695,2147.329496486154,41.871207855926386,0.1896046801748561,0.0367859068740497,160.05290667919587,0.09825061923988532,0.05814528777261074,0.05606015342560067,2.456622727924996,0.11137235277935709,0.10709965666616306,0.03823200598592358,0.00954906324777216,0.09246908310067337,0.0006536462810107224,0.044746340876548274,0.3783380298355308,7.989850106598464,0.032597611970926366,0.06819361262562929,0.051501504842432766,10.11422122785607,123.99643715202768,46.69079009164499,0.048774427736470116,0.08266942882161743,2.4714698321521027,1.0901896429739582,-0.0036050625666010916,-0.013889101849647645,0.008550926947259896,-0.001107428522643339
0.05232203864684948,194.30882385816835,0.2282700608121493,0.2673756998132033,1.8504064412285803,443.82642481010447,148.9656617646067,12.923105344672056,10.839369243704905,0.16070481368734235,0.016910175253348925,3.4913558435217826,88.79678915310417,20.41429446477431,0.047899725809706695,24.900274822704134,1.1647112791468333,0.7350572772742971,0.03677173723540239,3.7057810873360673,3.431237578936999,0.016898091653064107,177.73100176777666,0.36629180888350454,970.8584220624284,1.2977014973584584,0.049705799788770655,0.09886053661598027,86.06704733608228,0.20900639049032232,0.06373610727793633,0.005290091253227658,0.17530486397041933,0.25380884012729865,0.5723044812686009,0.3343578739769626,-0.07827279932932374,-0.005652011316873207,0.06461551103862195,0.21720416679563215,0.08679156043276315,13.874963384639333,1.864050986598821,0.07640280446135694,0.017648105000683145,44.30182344590963,174.32745379853907,35.416262477344354,1.5354038624464224,0.22687400239825717,11.135788238467512,1.8378403613681016,0.02999575264380372,0.09033144358086176,0.013221807730316115,0.04756813691974582
0.010629300357618554,228.81350194693545,0.08568282759473878,0.0475343042406573,0.908356736107919,1734.437562466507,640.1169637981976,9.046293284497466,5.183245994972842,0.6777260792352919,0.03797572306149988,7.34627798514856,407.4465096935739,312.6625013643949,-0.004231926048297474,35.855112259204795,1.4229884974535887,0.4270679290975945,0.5960377475548553,2.1527633010081564,0.47729381979432883,0.01821499397962878,225.53717607084303,0.24042456503502851,1299.6811343459383,18.14877766149384,0.2278785621378141,0.05615280096936104,316.71143147556563,0.6917857782953378,0.2531958127494045,0.014495090874932615,0.8824655263040606,0.2832859987193048,3.452482100737524,0.7688749183995869,0.03425521223142969,0.015775167775537113,0.21944324953804628,0.12192286974257893,0.2587206473263901,8.63181033482904,0.4921087852322623,0.029485168973569564,0.01741919584296614,12.084578537728422,138.54285082119193,41.91078714818194,3.2775311993940237,0.08375189916100823,0.11086882330256564,1.396194647498814,-0.0026254865596664345,0.06725511104207005,0.040631213442583025,0.024454502763603614
0.02194400738588076,12.398388955913479,0.1264428139924103,0.1350033916562241,0.1652849061881847,138.5766172186399,514.2651627801628,4.007007386056507,23.094188448923827,0.30191399770456506,0.056388228359104176,15.365574833349267,221.85913471107708,178.57571930360876,0.017887945268505234,17.60102261121999,0.6466071209844646,2.4499502955529993,0.20847960624745276,5.748892241434074,1.4490833080673458,0.06421103368247039,9.996150139035846,0.016711916029090723,638.4299858906451,60.41853273461593,0.08286896704083446,0.06374255668213546,248.50590096265972,0.13180154011136125,0.02734995026077236,0.05277288552530912,0.153804177970585,1.0408936531481316,4.585823166761749,0.5102972889962052,-0.00047891649296794014,1.1864553283761152,0.10984582140686694,0.6940885910064214,0.4028019878114968,3.192661538862275,0.49134676532722743,0.015984421478075994,0.003056053881544507,22.287647905495284,16.67558319299984,17.39589546647354,6.675575303836606,0.11957304685519254,5.36965461012012,0.08624006989054056,0.02444147719326306,0.008913260892166264,0.060619433773534404,0.07278198091968502
0.15775612788214843,158.07800188047045,0.07810175992616664,0.06667865784025917,0.02489105656472468,893.6613219950591,167.49469511830733,1.5469662013104442,12.130168962545161,7.5156908741506605,0.06784303965582161,17.80637621108997,563.4221010232972,273.6284227320079,-0.0067402459979053475,6.08838335892956,1.5049113784400037,1.6994292174710157,0.04480528690420815,0.4120686006437211,5.9096580477484295,0.04969167831098087,143.88342869831038,0.27883449943808714,1726.3083112902143,12.95087040755685,0.09783086379396089,0.15550447936385492,71.45585033277308,0.33789447718783805,0.02613893262241973,0.0036750288043609913,1.7307956801914264,0.45482463256093286,7.943784561275727,0.6195582072032568,0.048249972222399684,0.16705180033171008,0.10296349213031863,0.06405454972185254,0.19944775922007985,0.47351900464109775,6.625359750987311,0.03271431723567897,0.18588896775365882,21.226991708834447,304.0867981678246,7.529542423021153,19.44219485492662,1.137753764500843,12.09114606727801,0.2609188343101909,0.03276493469036712,0.03320933879040133,0.0072281341080397965,0.00456809390563695
0.28185815606469244,24.24410649505987,0.02299847242229447,0.01957446545904329,0.6078586013485499,1754.5348390071515,13.266327137035312,16.418526658018298,0.3580837754243653,9.013347264298087,0.0199338661936741,17.045980567095878,83.66693739320745,273.5237334589961,-0.0051436556817749945,31.25600490679151,2.6656624851777115,0.21433890581914383,0.009381193598845705,0.340985659740757,1.525906681737836,0.023725709037943687,24.237046434787622,0.3227891130325409,1342.2842690439377,2.2589298407059326,0.31099591313572894,0.19999347890110286,19.45939262083344,0.03908387092657151,0.00263330981301646,0.02626301462332581,5.666068711280036,1.2651353364862734,0.2261384634912309,1.5973643581734143,0.040760489907580855,0.09956660323285949,0.060302696526588484,0.3002064964850595,1.0037243303350811,25.570814498463676,0.15816595925146615,0.018310655627536754,-0.003982199523000496,9.881212954819656,270.18738574657704,28.243424866725043,5.542983462953715,0.0412007508192076,0.7040909885696296,0.19096028177081426,0.0035071579119536622,0.024936486983624384,-0.002905829378710756,0.0025525129798653623
0.10312540937013104,47.83239351909825,0.056690988585808455,0.031235361282919705,0.13220492136921091,224.48386036920948,23.898490420460995,7.853728720905454,1.2258416690128238,0.03013515140928913,0.10020371762265246,18.02595405171653,348.9320917356866,309.4998460837123,0.029488987734059613,49.9234332543818,1.7250416445566943,2.3163151683229115,2.236812075013856,5.067755382077665,0.37653802407878256,0.4375304438767058,44.38478708228029,0.018945083567245113,152.1774245124173,51.98652302291889,0.004648893048641689,0.29293935995073284,34.16510210838088,0.09080194353139781,-0.010382436132986506,0.10469964441556012,0.13446463775506778,0.09576424525015881,0.4832255534302039,0.7871997504538957,-0.008389873638831702,0.04271193113406646,0.29696223915814013,0.45943958252357664,1.0672168316985582,4.328447519762933,4.853233162221366,0.044748627481225434,0.08553455902598905,35.987425046904896,11.561518114963764,45.84481156453104,0.31506057190532566,0.5266005336803161,14.65932105491089,0.5797570976113873,0.0028445981691636035,0.043007743725450354,0.09195877539187425,0.06750236737780746
0.03920016663571335,10.863840008612708,-0.02174268150720593,-0.007250950211132867,0.2885355151379265,207.774274840345,339.8245678022498,1.8166268879823004,14.308827641197013,1.0244743807653425,0.17009548061325397,6.640170213324217,136.99237388871475,4.073403504822392,0.012715446909832728,0.25960120021519106,0.18856270460577296,2.9645035736331433,0.058592007407527014,4.062283182165962,0.5903911632599259,0.04054117068304475,13.62932917119059,0.0833252140873375,209.83548741408865,24.60837422701403,0.15897014727434566,0.007550704884162762,168.73780884146097,0.06492217542935652,0.01137280223417303,0.0654108247027434,0.1168278503621023,0.2973123675233582,0.1251525714635573,0.3308651711347901,0.008774849485130964,0.029377261216475326,0.04006476823354799,0.8598084066580887,0.7517736466539002,0.7370932670667836,3.630647517575876,0.02256685111009027,0.023876607217418133,1.3683572319917143,228.03566828320552,23.89419626352694,2.480733506478165,0.08325879576882667,8.145558609696806,0.09387531515516923,0.009069031024685259,-0.001318479090843816,0.011646452403854646,0.04640822750838769
0.11299769312132923,42.62118889495634,0.10009922997516174,0.1025473367657721,0.34602049707218097,320.6473250364337,129.17077396888442,0.650297690041322,7.607922206375397,1.2585362109153637,0.04025334652283874,9.473315755551539,29.966488770917202,25.591907677604198,0.011619194489414397,1.6875193800749244,1.3546121505485873,1.1500380292828183,0.08610440191221969,3.3137065457807573,2.472658658740654,0.41134337987717196,41.074319918457675,0.12628583551566752,607.4561047940634,10.29875080314857,0.2653539549066526,0.06664915717107611,69.78617166115392,0.047401049330749956,0.033488232446826416,0.051014681432593356,0.036169969803267144,0.9341621642583693,0.121346625258278,0.05695195801274444,-0.06413761545563013,0.15545489104371768,0.11260519404450609,0.04581745584082597,0.24376488581000988,12.283008795044484,8.664398782978978,0.08931072060923562,-0.004612051120881588,50.64969995405301,66.95244822377904,20.06184380499456,1.1596833872579158,0.3547846716741416,8.594847681072618,0.00993507512678704,-0.005256051305776666,0.03063339630557138,0.323798699818588,0.07795466310638854
0.08459157676435236,134.18011422858993,0.02102480424832187,0.012403268118422517,0.45550689002132483,584.9809120741893,121.4169530118091,8.337279732815484,1.8185166791471623,1.4250276728754478,0.049542558734886555,5.822726129247311,33.86522835451663,78.1690783285577,-0.027642108167176715,1.2010941607049181,0.25103803378440226,1.2605511994721397,0.009497869576214235,2.5084453005023946,0.3571489790268192,0.06193888360098754,129.89054602701432,0.20343532468645265,585.8491985981165,27.58968635938627,0.05493364021590441,0.0762464963516507,54.045544236662266,0.2494267716884604,-0.055086056541211015,-0.00997762695809623,0.3382715941494583,0.30003528059692997,0.889314770626533,0.05235749691969893,0.025553963731949736,-0.0016181159519197408,0.030795091811521402,1.4279948139212557,0.2074363619097408,20.586240184999923,10.011832454971083,0.017412882513567318,0.0036578781941374316,13.172158437519185,121.43595258748098,1.448199157267294,0.18642955636386738,0.2616385219794273,1.3747753603826158,0.02320848883806459,0.03162877584226109,0.07438850514455897,0.0022083196294859775,0.010717675982709451
0.09147285337642064,214.38124417015166,-0.004131220558710957,0.0684329024428667,0.09234384836434639,402.9846610251391,13.117041403669997,0.4450571774371479,0.5026309579630022,1.2480565155547696,0.01715667128513676,12.851925926862673,146.32404078253538,22.247140239286704,0.007460949271525408,43.143461017052516,0.22035557937700734,0.24139128468029902,0.28237249872300385,1.234423828259187,0.7054706329850138,0.5416301948520932,207.85331959771852,0.05245733048148793,812.7094763660529,12.861070065701547,0.12172625816176819,0.013193576536291829,4.540905428661255,1.4125120170122507,0.014879301554533875,-0.008432417166249984,0.09292556604399227,0.6724993440577132,1.9829913180665546,0.0757667207144026,-0.013686430016425888,0.02179351486028125,0.05622134155443792,0.8320293852866891,0.1688557724167552,0.4080570768802927,0.7484780484051532,0.10452098950034827,0.17725575024382678,32.03449048399084,185.1441397817342,0.006349716854308518,0.0013740188109681029,0.3062626326396103,3.408721878450568,0.17847887146097552,0.002770769930558359,0.057426683605014794,0.015097808803703039,0.0810874012070748
0.1390153915361294,108.80656986590121,0.08829627696976594,0.07525217676028717,0.00573687525433364,622.3877430187769,18.34879899570891,0.4661306768231306,12.553484915668749,0.015949989061970093,0.010405526931398512,0.672158121292254,306.29080879542363,104.59669361844627,0.006332871194853595,7.237725724875498,0.44134626868547144,0.17679108138837307,0.03759193557655571,4.108866829835721,1.067170418060332,0.10595745466543605,104.19601064288766,0.07543340391574915,225.76942990360115,34.67367436680925,0.05106051790822619,0.04670839367661994,0.030556122323711854,1.0197988708764631,0.02968060606836964,0.09476798484472138,0.5547478180248699,1.8103957345195454,2.0778274801520054,0.20300665137024865,0.01562790580041451,0.4478180917359422,-0.002018155814671907,0.4411673216459402,0.22648748910635064,3.769718131404229,7.039253165980595,0.020062900128142047,0.019966847059261106,48.10564067586646,244.6427721079666,20.11126299663517,2.079363732179808,2.1270414326280553,3.076450794519859,0.017876135474789834,0.0053788021641762995,0.01940961664580243,-0.010905904353189833,0.008117924579418734
0.02206708947769176,213.28775724127325,-0.005590367432852794,0.027770528876183143,0.29858926109144956,466.69199768667033,197.89939944646758,4.710050637064516,2.4454997792582738,0.25976239961747005,0.012439809637275978,4.694620613946189,165.97305097761063,152.0509381791376,-0.001787031752407131,27.064310324241173,0.9359956351218424,0.9025965434232681,0.1859259432311493,7.491404365412903,1.870195572400565,0.022398653802451207,201.30176213248455,0.34713165390722267,745.7876305692546,5.316626352872682,0.5081827817931828,0.09356859005701157,126.19150083037641,1.7346147902701876,0.4607358823014076,0.1613470450341632,1.8325829992800218,4.988854416668662,1.0894170775689709,0.24337093473599758,-0.022050701160897468,0.09230543916661027,0.6573982627905988,0.005855610183167492,0.2530686592361615,21.951710850463243,8.484554504808898,0.11054374549459745,0.20653267219937632,23.54745581956376,1.5751682825939435,76.2755491857009,0.07048476303974915,0.058601849745619994,1.3525796582755794,0.07568195616581885,-0.00312682654375962,-0.008797177082302099,0.025799470074220565,0.021146462469628702
0.11911590614021694,133.86668298349045,0.13063776377365421,0.00572867396087684,0.83237846102024,2045.8177608782148,198.88754890942093,7.075269989578072,4.123909238887717,0.08580268884949582,0.13464971456674046,19.006267120198455,538.4616163268404,452.96905733213714,0.03256893822942253,18.8472387757235,1.0458524211925475,0.5109486238523067,0.32200731051232,4.600734991293149,1.69225333339375,0.07812566560684342,137.15351237183307,0.37208152343005185,1980.774642627705,17.726248095730774,0.0965943487147678,0.08637517198578148,82.71734793632697,0.4600690535695575,0.010319988285311332,0.08364671959353398,0.9452653201774472,0.05717159502744895,0.21713255160782996,0.06715276401816883,0.07173145841821427,0.021725881158760174,0.044107688488931096,0.35132285767963634,0.36929054015947305,10.580636209652155,0.23554091477857408,0.013494883191548013,0.02734408408668365,14.735935922298065,1.0182652812934192,9.843920256403834,0.23349520280623626,0.0022645225392441404,0.7372023637881533,0.8015543415930919,0.04317067111083439,0.03362238863878897,0.012179463420154413,0.046086498023288236
0.06086038548859385,49.31736431457686,0.21836382882005978,0.20423415824396418,0.08441976603597467,864.9852030599478,104.40946517964571,10.042581621174346,0.16713628731576957,0.04528606727259277,0.033182452732484435,9.312645310996146,18.811092685591767,155.26589590442964,0.002253234898943468,59.997223832697415,0.667533676291332,0.45428216024064394,0.9401924310000256,4.9127724449259285,0.5418483022501297,0.5368116448392373,44.73448200831082,0.2099913371032942,354.71382175010825,23.11831432118453,0.1769531548008354,0.2775741656894555,64.52830042594165,0.19341624679852298,0.005811893375338606,0.00805268480904342,2.902300623993516,0.41516543967764274,7.158779876256168,0.7914368763292465,0.019793976891173237,0.2101467035126463,0.04307264241683306,0.340309654845,0.10363730180896624,23.22235312659813,2.1045442811311226,0.008703545875454743,0.04091915143394953,18.397197398005346,181.31035378989623,28.76497078303081,5.610535984436795,0.979818391916023,4.034010712284403,-0.0005019385346640703,-0.0030632625332813745,-0.0026773314734116482,0.019673958316439588,0.1144986920514377
0.1208526548026212,147.60440414871636,0.02061142379304659,0.05258000099392213,0.006160736690817181,776.2930838058998,42.343163082996746,0.0644108026739687,0.06564739248560514,2.5648537477429567,0.023852597333515746,4.196895818035399,115.99065514117044,14.288766875392982,0.029344245088710252,61.61408875675706,1.5415922739174128,0.3505627105888003,0.35222441487156697,11.071692382561254,10.16034221382031,0.34665009590635076,145.98273811168215,0.16089332410272839,526.6664970007217,51.50090705283764,0.04915014349383995,0.0283016803829792,7.964109561206742,1.0812887312004023,-0.008811596420459367,0.06440551768856384,1.2366536509253656,0.023537512549732575,2.0533445615699746,0.8311971426008808,0.00036573222551439244,0.3838479540983295,0.05406904262022305,0.007220890395137403,0.08275430328662559,3.73937377651923,3.89002868467826,0.021562810004009947,0.03410350020698605,15.800788088725161,86.43018489901624,15.21832037118004,0.02567318626531012,0.008391912578776584,10.652547235700856,0.0030643485702084305,0.007448081794646733,-0.0017049900937680107,0.33784777020927237,0.053557432552871376
0.017163440918566586,77.31120063328233,0.039394516099566346,-0.008852917830778573,1.0317346733837027,569.3386607209717,67.11556650708692,10.409064467667077,0.5432742379124447,5.608574631883444,0.05692901648903437,15.350658629563187,162.91563978092378,221.47130656071548,0.011960680636648569,53.03899902122741,0.5055947959993672,1.0808333345466217,1.5680502352308334,0.9091163704279683,0.7414813429097631,0.06388284172813119,76.36376177285541,0.008984563024649894,331.3310420067998,10.969756219520407,0.10149964573026438,0.3447318087523863,48.79612775133157,0.06764615519347927,0.026585633818670296,0.022868035301254253,0.08144111018536737,-0.005377229930968674,2.4055455606922873,0.5490291178180451,0.0037124231723932866,0.06860809405480595,0.0647863942636997,0.04987646669210122,0.01687724723809314,8.163659140291854,2.667805091083787,-0.006144338292981111,0.09373605376792948,5.189452801734676,100.32468507831592,35.35203300061862,0.3564347519814035,0.016685402845485697,0.06506570594772043,0.4737998885009729,0.01857198019990136,0.008433885464522284,0.01774675572819273,0.001741622549147337
0.0026899495239236515,106.43330465927228,0.06480675071206665,0.08730850482196661,-0.010379101294423876,178.40379478926832,426.9979632245637,15.846558459952519,4.314267069740359,2.347421531592828,0.017526594758091818,4.222827296376585,143.64193088063485,178.68825916109105,0.0037682867692785393,56.62055991774094,0.26056242291962306,0.5269045774029344,1.3520529384171853,4.025077027980891,4.770355353917515,0.2828515624673633,103.1363502873558,0.09890716600677418,112.82152937221406,26.770940635036634,0.09424144510013921,0.005376825674752617,219.96736794709096,0.3086391346028723,0.08454820983576816,-0.0056290324869321395,0.09636800852958505,1.5084857106216605,0.3393593175195466,0.5761195933309935,-0.07041214037639687,0.08623594977143867,0.16851969351454166,1.8614322236682987,1.2636237588787962,8.08390258911055,2.2927511231674957,0.12784845292121183,0.03388998581632929,1.4344197967529349,117.01581142378109,40.93824229419898,2.414914534310509,2.093536704948736,0.152419445370386,0.004750397086644931,0.04608387542024506,0.037420144798629984,0.0436666023613963,0.11237556138396254
0.014252582378041723,56.59723249753215,0.04450092177035181,0.030701932040230417,0.03952769862512717,1622.0361972355943,239.39130179884677,0.4751824123680164,4.999372551043491,2.167309430809878,0.07252690551806573,25.098283905090067,544.0447493976844,351.26436834856037,0.00559485324721809,50.20120943744291,0.14028735251495839,1.6518138034649592,0.022655847061892942,2.4737055249331004,0.11416246387975448,0.08175554248443717,51.421454734898674,0.009939840489197493,2166.7177061696184,1.7647544960163462,0.6121438768761447,0.06460574551010634,101.57459482136694,0.11059418481554495,0.0645287527563303,0.022477803235949168,0.17040408258067608,0.09656693685131401,3.632997853835983,0.04723554717447431,-0.026977859079928557,0.19401235960633123,0.022010499764247626,0.9003296929304634,0.3535661996844519,2.7355962301755348,0.592912154203483,-0.013878965714427594,0.019291900669886175,7.220490772680979,119.83167639367537,12.586590508526111,0.06214045900374465,0.23649745623785812,1.2603860070685862,0.2799283421727674,0.009748521278669209,0.03684024800347885,0.02645380027383304,0.050776579271981426
0.014374319308001482,101.01795537802722,0.013318742877660661,0.009944003053032446,0.04655746570428576,437.13267170051165,63.96881972245164,1.0084060891967965,5.696448098649989,4.583446237695271,0.006523373848997593,5.64611718016531,628.9712479116885,359.44297016053895,0.002221681735248282,87.04810123624466,0.36600157797564137,2.795646057721587,0.10739339789048685,0.5241211568144273,0.2293011735926438,0.06447052574831691,98.59054131936163,0.1630185452692805,67.31925347777101,15.00276384131449,0.11930509343780216,0.23190392238675983,13.374465668881268,1.4142968160465568,0.5830008166731542,0.17164833101573773,0.007776726900896591,0.6642168508821653,0.01261737926628026,0.724357835350804,-0.010589365604579903,0.15526424138205464,0.06655666255918735,-0.010943695316156798,0.9065075483729457,2.6557552157807427,0.15387869723721703,0.02732108044162196,-0.013832485394521754,45.93296591286279,226.65948500754484,25.910154258780885,2.0096479311102353,0.5016630732952185,4.702658534997938,1.6011933049612193,0.039310131703581774,0.04032475409361691,0.08130265650331392,0.022429170612237037
0.13631081725363714,59.62628138134649,0.03172458217880436,0.020781771915361347,0.15888991916090944,2310.812669382675,448.152534618355,8.409400337327705,9.269175472698656,2.3668938593613342,0.14462879397573047,6.790293910036915,377.4210950478316,341.31489268519124,0.0053729763367522665,25.12628141696785,0.5848088744898199,5.072892308171998,0.4085567087779012,3.587516467109422,0.37901440152536736,0.06521824200111581,64.56173665078825,0.41003938416315666,1928.0149565320194,59.81121262591439,0.3462147230472121,0.004478561009219284,223.3945926206335,0.41633646168396155,0.03614856962771462,0.031206549854392307,1.12719672424533,4.135201947449028,1.3576190547059994,0.5764399751329261,0.008554552835193796,0.684938903615234,0.21479653018872558,0.04692380404987073,1.5043218937354261,5.931308085685815,1.1965297559127341,0.08716103357121874,0.07471467038790358,12.093087688555938,18.84116294923969,29.774875970881084,1.488736377106572,1.2556993884872512,3.301331054819139,0.4926873205455564,-0.010951860360539634,0.016310322954390166,0.011041110320446634,0.00021508812941561928
0.21645421504313234,40.13567493457763,0.03335490510394301,0.01875443971030144,0.0829310469180724,1005.4241681780807,142.3947916360446,4.874914331666561,5.631758157034135,0.8275169329460388,0.0526921608016373,16.55689555651159,288.71074429108484,132.26500550264814,0.012513358429552035,13.511953061411406,2.347927435261081,2.306204122345001,0.11215497227642768,0.170252783326033,4.806891792861244,0.016706628063261064,36.315521162618495,0.03704128700162812,1203.4699760522824,3.243326896403815,0.4258225309686914,0.23299803942155428,63.200119108891236,0.005441701741081495,-0.005996205335442539,0.07690219305495383,0.10776408959213057,0.39790158971210055,0.3809919355233262,0.40007572214645126,-0.010161335242948155,0.2267246863018979,0.16637201493168519,0.6129594601872768,0.5175563701196566,0.07090403747846441,7.424381066151794,0.05869463280051157,0.02751252721757158,30.66053614188634,137.77126229704754,0.2803802206215451,2.7127884762899104,0.3348152321086504,6.092717260846399,0.22718728326025328,0.024411005511336903,-0.003962188784774945,0.012524522657294312,0.011437949379228485
0.03649056438776732,13.908463316371593,0.007036906081168581,0.014662395900893799,0.25071209401452244,424.76992741964665,244.72303116111027,0.9380171118401854,8.238446278804515,0.5926394887501445,0.036725406757884826,0.007854692718325396,103.38068600302543,64.03802851543426,0.005014649618317435,0.4157983837108805,1.7599309274898438,0.050904450102644105,0.12388145260505823,1.0492814072420291,1.276657467582604,0.004120498450825849,14.51438526235757,0.0030870708335744013,199.0108930969535,30.696561214145,0.09935422825062545,0.00848442006081207,139.58589065160416,0.08295821322269781,0.061016364783014865,0.007925227459795181,0.6298267822809951,0.06271733793499301,-0.004121130810524676,0.16148980512892308,0.008928109364957137,0.03774346055776512,-0.005231600508151857,0.10992795017970458,0.18357138412159735,4.704286081846027,1.4034569283782776,0.03405278264597911,0.0148434747928885,14.049773754179567,56.46936297418721,51.4309015930248,0.32846158943217496,0.038349151131713555,1.0299168978665012,0.17852113428503458,-0.0012618464079938718,0.0167777248786809,0.017045086648066032,0.006680988270607813
0.04833611229470236,154.27404262882877,0.12372422677927819,0.14312184990633448,0.5814503869553995,1609.407900725587,339.31784924589977,7.51765080338383,15.098866940454739,1.2650358625317422,-0.0038148931855221946,0.36244101006382046,215.5478013834813,208.63503069941717,-0.0004424707157291152,22.18159355677671,5.20903829091313,0.08486474824099677,0.06563098448560556,2.282241854534117,0.3643205997769421,0.013293179238848651,159.44154307205588,0.07107207569885432,1268.5739567501619,38.82794438210116,0.029919801139655533,0.11144480440507465,173.0349529922176,0.2983661635930117,0.005440406167220857,0.056933613563825425,0.39847499262458363,0.8189476686834087,0.6279086644886176,0.016923763015143756,0.008651940252283552,0.042749784790924394,0.02298897936415578,0.24754017375942539,0.5286474483246941,10.542230094385909,1.7629878180231096,0.006340890603132365,0.03974360492926454,15.372928791656344,4.774538369885052,30.378001174220365,3.1876550367269,0.2580555331144536,2.5749727971833005,0.27078892084524675,0.012309347976227514,0.01693696572901171,0.01614276736140141,0.012274740384164318
0.010570746123833352,64.08428853847931,0.01122802884058327,0.01614109509507955,0.04275584983243519,2045.7491041294918,135.46600669125476,10.85055378625932,0.5699164476270138,0.8724347909528971,0.13891116755055943,0.2826196994641217,212.4584357617752,154.28355474555013,0.027579090180076093,4.39025398641733,4.444436666405252,0.43618465169779164,-0.0028674176457244016,1.0793493794497522,2.2091501347315763,0.12515964425085002,65.62534377830865,0.15901131540231717,1990.902236712973,0.7374403311944997,0.127760040685863,0.0812500406355312,78.6251431156095,0.0010392275848891686,0.02034455063643481,0.07004737557108864,0.7525391140280533,1.1800488381878083,0.24692142219618773,0.3556653739057767,0.014371570161140212,0.02647802944137556,0.017141518066248196,0.005368739828671032,1.2769431128203586,16.634962692913305,1.1302308252474376,0.02080215236386973,0.09785502628388887,73.14283184925155,0.08269530590595764,32.248097806301374,1.4131230792632516,0.056251926086276605,0.43882853096469177,0.4786435116392358,0.03533920092951348,0.001662401589824114,-0.0001654015143923715,0.02946637425647758
0.03280988402468843,62.85538635094785,0.3340914174286054,0.32270753161511756,0.20906726584540625,1000.8793954531354,123.13112426826564,10.327179967453713,1.1810952530559513,1.1304717620418252,0.05749177580360776,1.7719712614475265,333.7326164558965,321.8752010104969,0.005251388616853703,86.79941192867386,3.8395059089758714,0.735939293685318,0.7080109480789991,4.505894124993544,1.5747770887548107,0.10464573626116547,59.006377945937956,0.2705174752868569,741.7743700581807,33.93164400969775,0.15236217384031647,0.18321096980430873,68.1314940936708,0.5865307318636841,0.0382814165271288,0.1827597805180492,0.1150489793167413,0.008883756497698236,0.014774672390059251,0.7491606217203719,-0.04792262629783739,0.14072153492797135,0.10350674409976968,0.23717824774930918,0.45068154950184613,10.850624677410842,1.3973607046201675,0.01121670085331683,0.16423326627999657,15.638386025683946,75.2765427866149,21.821164287245285,1.5673065855694368,0.9497022716491363,3.1126564880663192,0.05267704228608583,0.018885400286910325,0.01204398460163425,0.002988083614802406,0.056810390044396364
0.07179121088327634,93.0910034723244,0.041250123265593075,0.019665133148875746,0.013384922509390051,1023.5299075238082,479.42410197792185,3.4855803544482047,5.598653120597325,0.15583782739646157,0.010928300976531524,2.9910092447422088,322.9039756028406,254.82119526890762,-0.008970325997882611,60.978261592132085,2.660454062268956,3.3890745381743965,0.10701087554185129,10.312610242322648,0.12466378577100379,0.01228536635046762,85.82340308898314,0.6553781709546538,675.2647564070272,47.38126847418676,0.127970333727065,0.1261473405339686,251.9502452228162,1.0014977281342912,0.0017959103004434596,0.027695414528264628,0.038898280176840494,0.8096541575661877,1.591250768360271,0.6596124828532783,-0.0038958700416218406,0.014492486865533394,0.0504238564596875,1.0468232816285097,0.35360963129515444,2.630839709627667,1.1965560440122545,0.054415415440514536,0.021117282952712202,10.693655017394164,52.979451070824325,58.3099259922535,1.1930317258112169,1.1921878150559682,0.15607912997427853,0.06409618665278316,0.004353420057883639,-0.0023460069593310706,0.03783849781749815,0.01342336704931224
0.15781502025755678,163.8342929462754,0.1879587294807683,0.21362686530722463,-0.001320418792515099,3346.338485637036,213.64486754736666,5.3822443949134104,0.00279434301480741,3.553323129345957,0.06921050196856626,23.735283206695605,300.4120314516657,342.6410198787347,0.000930909228022081,62.075026696828886,2.3245346427131626,0.8369397260509368,0.05361827361030347,2.2661847701562188,2.0155991349565436,0.3262788133418013,162.4428103768174,0.3270364002380637,3021.1088335762665,31.851706263743342,0.038097984439028565,0.08899337718204858,129.50338643632588,0.29378358038659425,0.03509993106495468,0.008546887984948626,0.3555686310999677,0.290100432922201,0.0305507377630736,0.02274017074783874,0.025939016924974467,0.251188574303451,-0.0006372107487795375,1.4928593315448513,0.6544665447059348,0.07640545252219688,3.8756071276225637,0.027702833919842185,0.10684339830503653,32.466527047332775,134.91408996305228,57.94788718000544,2.9913799561912544,0.0702314676529543,1.4739636170221777,0.4106814360734381,0.00989756490350402,0.00048457235554888456,0.09263632096751362,0.112666724002219
0.004736855905187021,53.50916543464148,0.06156755574772532,0.052069232949596866,0.2681108863251094,3001.1502881315682,176.99413218568912,5.449233459810051,6.493112103142542,3.5943416807900803,-0.0018154470713787063,5.7282748449273075,402.08688980030047,355.6526477125279,0.004366294991925201,20.851459545097903,2.3441900851322703,0.09697004763229522,0.23634113178591676,6.588348278791054,8.918501634207503,0.07099260928409379,49.91001148603477,0.0848501515862381,2925.1039404908493,24.9881071682087,0.05611043187854925,0.08918741234240812,100.38860245066738,0.545599302568486,0.36161838977778693,0.22191303587621292,1.0415872163719229,1.5251806279084033,3.2249246505826594,0.04993130833886106,0.022832567511363422,0.5419809945550753,0.2907834671301712,1.2104481757110799,0.4014046284374455,16.571196154685886,4.804279744526079,0.00954917567598379,0.006012179471926338,66.58418505198934,0.15568262865776283,34.792851927807114,0.41146399171156745,0.015942031554987857,3.317950359314624,0.1798596569779134,0.028312101032220482,0.010020727549088448,0.02429264462189984,0.01991840243074794
0.028672611473439247,51.2731534985376,0.10228836164392607,0.06670307784237473,0.08894316068278929,978.7732359159044,205.98083914168066,9.721083290028538,9.290685795487736,0.07788839482164267,-0.003186249336721403,9.30553186466894,74.38095612739109,29.372544132403434,0.0015117181047559214,17.8353277033102,0.9716571671751639,1.1225052559821984,0.5369085429438476,5.329246451563464,3.577717553006212,0.045315867212196714,49.10023053567602,0.10134312194222961,826.0455966294878,29.175487232428416,0.5653713310408657,0.20201961047552874,101.39661719796156,0.11925743504799247,0.1528326465296237,0.09446666787728564,1.394397600725724,1.3838631143281939,0.07484576554267353,0.19271592686583539,0.012901261819167509,0.09904864582867035,0.03838155617480954,0.14403284639621639,0.1364818934949179,33.62269902709211,13.90192337046911,0.05899290193817297,0.13659218831699071,21.35041079043114,41.431051744891555,14.189590914265771,0.9665535196090422,0.05196258934515896,1.9861967725500955,0.03388204330349076,0.03633065600111873,0.028568999210802026,0.02221689646917202,0.09738050351647498
-0.007720345930208872,105.23126639699906,-0.0039043539750496237,0.21222247897842106,0.7829675853146219,0.11869654034299426,14.702924479729681,4.9432099279972705,10.244741113962494,0.025201122857850144,0.03556747756736556,19.722804705646215,3.4383240503680375,51.582042385259285,0.009233467665818118,10.613630433438367,3.0206996016003567,0.20785945990885324,0.06706890030290591,4.633449792864234,3.6919805672911687,0.10869382078693146,108.41686779148048,0.2746640205196602,76.4056127508613,21.066876902304294,0.03258469809306774,-0.0049945087371856545,11.966130835901684,0.34635552804625025,0.09530063860231675,0.0710257211454941,0.4357115735256878,0.24056168519343313,2.908616629419183,0.046349210813539266,0.03077704436069162,0.08203770625972862,0.002294493087453553,1.131800695276886,0.1368376228783461,3.4020075269804897,2.028834748794165,0.01347688728569274,-0.0026798195989652385,31.996532695184495,54.92650298997887,12.029114046228308,2.0008542304194554,-0.0018870657528511359,4.3103577251698875,0.06006160610317668,0.030568232180590904,0.016730055886615247,0.0023287485790168816,0.0393599113792078
0.05196840381388412,24.298515268775517,0.23328385722011458,0.11069959718276756,0.08064849455650425,1099.1973612592567,617.8172277664587,5.919761611569839,8.183449299488231,0.009875233970399577,0.015045238351217627,0.2648828022848324,82.52719656815556,23.280429659476496,0.013976545339941637,42.0348784746343,2.731314862588115,1.0428634269479584,0.05003546842418505,18.011281967245054,6.395150224898733,0.07170093107858833,16.90947074848388,0.8056609587688834,626.273225207341,5.315766831955185,0.0659851283328905,0.010542523412626181,343.7487304735377,0.1304784220755577,0.022649632791458707,0.018259370116040508,0.0952209353064033,0.13927925247409068,2.7250497171247625,0.33553639432449867,-0.003853812842582016,0.04250795161512144,0.015140534987935439,0.5324389256013822,1.104690507421128,17.372533535263553,11.357116605247093,0.020984625054458306,0.022016286272599217,7.2842859151533075,134.57004059106382,98.93052617914816,2.480050473476722,0.32372465089765523,12.129823988614035,0.009198990335124613,0.021153793106246432,0.02262086977929112,0.01053386755507102,0.03377990967206124
0.14681522846452388,199.3431726173015,-0.0055410023780462225,0.12604706487506512,0.2950469332711485,74.40697906660816,175.16038985721536,7.560092709564767,10.563871665052217,0.028881109113989112,0.020647911886341852,10.755119498546474,126.95426320169588,29.985766213998396,0.0065160945413316185,46.9522400191037,3.391468507700136,0.6998729868792077,0.019963757525458092,4.930750565213163,3.6030822348966005,0.1158133615141681,181.42877050242035,0.8299070254274721,335.2065522847987,20.65288136604129,0.10080420374618715,0.2131947330434132,102.9104223272171,0.7913210349019266,0.13659388160326813,0.17632132622387253,0.43436663472394166,0.6385097840519602,0.2620477794359761,0.015367542629057596,-0.0046188269063183185,0.15731732236491602,0.02954626957791362,1.9232241856909793,2.385069247088829,16.117120255859106,3.109035280217789,0.010901638919988521,0.036139068731588786,51.212721132072176,80.81711702873483,45.23149811442334,0.3765690815682605,0.19980212611373727,2.8721583226980796,0.12402781114226524,0.037311475386777815,0.00668283257727964,0.13986436927842139,0.05579992309338788
0.02633969250558099,229.9932530287821,0.3165451556954739,0.11219863172740752,0.2195828371941131,492.73032949555585,239.36152901683442,2.5545073561343052,0.6170502106316258,0.5325999248403068,0.07520653224727702,14.27595262584099,280.9098785427845,247.16503196016885,0.019564748771364826,32.35076774871918,3.2710156774674513,0.9984833396892343,1.2108764208618021,7.585791739736246,5.979408460533842,0.10103501813163618,230.07502095897723,0.684778595314878,781.2816896802817,16.673892176614775,0.2037034992803166,0.10121295981421152,136.42790961737612,0.28041802030773333,0.05559344138082878,0.10240873557831343,0.06663463739671904,1.1542720070147023,2.646027749403549,0.44659988006520646,0.019873615679271595,0.4802268125443865,0.14875350974118984,1.0635311975478121,2.476871084135386,0.07868379899897793,0.7475513663674311,0.07390885481769338,0.09241028106806581,0.2231889880437432,51.76469235432894,49.87376552465854,0.8228723449923612,0.43787322839441334,0.13903676524898056,0.04417175626963932,0.00035896050089956333,0.015797025902186235,-0.005139515119203075,0.056448310153270675
0.047109572839704406,1.6392073114389571,0.054519598330228014,0.026121567417040303,0.025719392484811365,325.1664643012813,525.7842902638776,4.92912795315323,1.6368082849238785,0.08236354709539384,0.041794175393660815,22.125120171726035,199.73670070276916,4.0438682248386915,0.008928948987593444,100.73719069796098,1.0401817688439507,1.8397046173130445,0.09509250329962882,0.4456276826520469,1.4042638752093755,0.04840217657060997,-0.004009646084763396,0.03872226568168724,1338.8621385701724,0.9221527426023197,-0.009410124346225679,0.386478824757158,260.44153104334964,2.0685665236612802,0.39223677245025446,0.38257245716201194,0.7320604183079862,0.026829124393620063,1.4972799546591204,0.6114093171559576,0.04083785201816603,0.02740595210217034,0.027403152406614062,0.9130348361006995,1.030119180666773,1.645430904243689,2.8242212302248344,0.0011803847652940291,0.061217411886154594,6.015431528626646,190.6417018806882,24.733522902631442,0.9597196034172226,0.06009998990814669,3.372572018752578,0.05222427243585237,0.05719341262267008,0.0581415952588662,0.028912229777429133,0.010409486132829215
0.060853838628795565,34.849190841954254,0.008497867770252299,0.06754237342328029,0.4855856628940467,107.22455752087502,121.34428275264194,0.4725922855081697,0.17054219378838376,0.51043464021914,0.05511323425755155,1.1168547228769574,215.59672675654377,168.83395538653613,0.010909087836653342,33.83941987097385,1.716209695136997,4.976376655631003,0.17673282383444722,0.2853404681892586,1.1215864429548352,0.06514030127378057,40.24961638863894,0.11066133267464462,271.83257012290477,43.726013486804696,0.07016863500001591,0.1967842555353707,44.503868043913684,-0.01895343629447499,-0.03067205774909354,0.11770844158352123,0.1383245201563721,0.4296333922409721,0.4009548959885967,0.38871306441212994,0.038118851904017426,0.08964265947495864,0.11613919534131245,0.09733187121435183,0.07873593827144099,4.616142442669536,6.673213470515615,0.011079982113198383,0.030438471967817016,2.667284774666281,61.39966827123715,15.482195068888842,0.8882233166415867,0.6907513294541605,6.4110643172124755,0.5216780639535203,0.0013060725150868535,0.004048231367116628,0.06950000787928001,0.019019584652666843
0.1232921077047564,53.54551884191398,0.008503726472061324,0.05591995267216898,0.014944343450011388,1008.2368357987011,458.318006178277,5.0135378996165425,20.935998444653542,3.386931640776444,0.11875471521946501,5.720129124600771,309.6828595689711,152.43409230393266,-0.0040996370929979875,9.02641869589667,0.1173112453145464,0.34134320677983343,0.1380856006272566,1.973254493665622,0.37449927888913326,0.046881450877179986,54.92915252891345,0.0914137234276522,979.6021141651067,67.7278433823665,0.058350494938772535,0.05576262529242637,222.42652833188976,0.4611158958662731,0.10922470684884544,0.007621780562797831,0.8794981925222949,0.08827973531807665,2.5216393613443984,0.4660194531918602,-0.014970225175991558,0.18330461257936292,0.0011859260728810384,0.47408150221892775,0.418509295539077,2.6749129303679764,2.862764814983864,0.013062349704761722,0.08279518509868478,26.709703239352457,183.48860245798673,14.075973218635601,6.519750375686705,0.2294395439415986,6.021759616547955,0.0037181805080379604,0.01082600347302165,0.09467440998915055,0.031593460891009784,0.012124454250820094
0.05341701307323188,28.27715369711582,0.05043898942064651,0.06613386149903278,1.4346946234734421,1608.7426030726358,46.074498706394344,9.5111484787744,7.25463062673256,0.28241414517758123,0.01619589626815099,16.76688700889162,467.7888652102974,387.1269858810978,-0.01879762805095897,13.386321333341527,7.41877785690507,0.2927125232315131,0.12412465042036569,11.630548339886836,5.2639208171438945,0.01776567902140247,25.343206859288834,0.32299185606732017,1842.3836724382534,39.168049469327926,0.37285115628423426,0.09532493072716886,18.52625455285545,0.06549607443126249,0.025364069306250236,-0.005543823471120035,-0.008749813479049351,0.1242740008629939,2.2266852520680924,0.24404429547636042,0.018264251655669916,0.11036957109138523,0.028070707381768756,0.2211194997668784,0.030904428661165717,4.608348102090572,3.702424963164102,0.13528712945739585,0.10053406613990656,34.17080819996593,46.972413961209675,0.05761147211963458,0.20248910869713121,0.05022923829153658,0.15267930624527004,0.08694437803375354,0.14122794504774827,0.06453489652893118,-0.01028723461336245,0.08076125364247133
0.1528607251393499,171.65253434871644,0.032775511598844176,0.011832632982779145,0.03020986782135715,779.5210671235347,370.1372330518894,0.12105432183828402,21.235063620700956,1.2782306384130777,0.03484212659677599,0.7597235271893261,204.62837377480957,93.02565608367104,-0.0064106219762374295,87.4428274833774,0.6337673312682961,1.261616239995206,0.6741455935978378,0.1685733528138087,0.24189910780001522,0.0868034746601527,169.5192318743381,0.09060217761646427,864.194243568854,80.18035958651805,0.16311089278719137,0.054110138291578735,174.56955793114594,0.37232073387292886,0.06627760171656583,-0.0009952299397415487,0.4404899457759228,0.06757707701575555,0.5879612855275624,0.43938998736787127,0.0032150585038746016,0.1342577222091954,0.06725230716758546,0.12654609534390193,0.0886620525267352,5.515766956909912,7.93998063159024,0.05847308603403434,0.4363340548929999,17.083300565610045,143.97721772227493,14.556072612944893,0.6013080450757835,0.07466383321834424,2.7065173176344786,0.07695933984442593,0.011793335145893202,0.029840047280242032,0.03958870379623569,0.018171797262368727
0.05330568078107323,8.36243149266104,0.013686088280444153,0.0792401182087108,0.9143522832118265,3676.4386083888057,530.9927950740279,4.297822308078816,0.26110950773949426,1.955972512602095,0.02423363363486075,28.084956495314202,703.4578568605492,697.796205725533,-0.00784337012266434,4.8697443880172155,1.2831810847688843,0.3262701010970419,0.8344934323954654,1.7789902645666862,0.7601566274514635,0.001187118598142689,2.8254766463543373,0.13700170572932446,3215.7979279989104,11.28085984329176,0.5408865058018648,0.09616428829492207,236.84712717952942,1.3671258280526715,0.029198376122159253,0.2228543135362191,3.4374810764373027,0.052659551451662345,0.03291242978619113,0.5141849125583571,-0.025816117420966123,0.3592208926240117,0.16902593803586186,0.01808358916125563,1.0884613072207294,1.391470526069222,3.667081708773189,-0.011175957193480635,0.0015446136834951218,3.4635587499631644,74.47175110437533,18.75262782595459,1.9620922540518597,0.12803391357459049,0.7880934327218485,0.05772687087751116,0.00040557841615296297,0.002918278155337184,-0.002324616943313096,0.012750572369072621
0.11603799346895816,272.65508985851517,0.07248193664378544,-0.003776600972547506,0.17424696912915572,621.1067633957049,619.1701991396046,3.4955354868266637,4.674142399758444,0.10821328248750106,0.015336155886806146,1.0248167785742366,38.00419622024584,63.25487958632145,-0.004931130933600869,41.66735061903341,9.498499519299962,0.6222752960593079,0.21321625367635377,2.617273371335375,11.911767344860106,0.14824837491937704,263.45294677268515,0.2886576621061625,22.109889800684293,25.657092536028422,0.41400559244175916,0.001322050847227807,319.5005404127994,0.07806203743199891,0.02627226342170541,0.11088081595512111,1.169984301381465,0.12961987262880914,2.674429222850419,0.6075994279790073,0.001053671051082894,0.31388837771357814,0.019404849390908474,0.5391293566590356,0.07088957955080222,8.007448787190963,6.476535011689928,0.07321593674598059,0.026120810693763374,1.0454234475215953,0.011794709630591704,59.84496204713152,2.603554583091981,0.48779654758609237,0.04319889159799306,0.07072429995569518,0.05042390424085408,0.04832578114915709,0.08561190767900495,0.05777516491785306
0.01618197923795517,250.34549815608057,0.04289966928328326,0.02665229034151473,0.4546908850473965,1029.953630286957,178.87085704716716,15.298035601557492,2.2539931824108175,-0.009315721974285651,0.15338422018932008,3.82221040005423,64.50188884260378,154.02525003433618,0.002177610730605295,1.0527645554136313,0.5502893356723453,1.4473182240271338,0.0255583122436418,2.2282748898668627,10.936773466386386,0.049253274257497814,246.46040722299526,0.06038730021744243,1083.794904999909,32.83152380084859,0.2351358601039415,0.03183118793869966,85.58882263547942,1.00308573895071,0.006046958421169535,0.14183685006732727,1.1824914162109774,0.5775125674776858,3.625743894721184,0.13712516660869678,0.009308698601608434,0.8232312096804622,0.08243977325873875,0.5000596698437256,-0.0071227330787762,9.064004615562867,0.946181355272099,0.09878631000184868,0.006573709270846884,10.407622012020846,91.59136084418256,3.5777730314119633,2.104219442257941,0.009122671464218968,0.13474687479716962,0.0070897107188061526,0.030648282185760323,0.016271555795801085,0.04178919733310771,0.010336020989356598
0.04349966909734526,66.8941775314054,0.033301356645581315,-0.001067050894644872,0.040951885622807715,434.34391619177234,409.09328134814655,16.663275533354707,1.0635195492468812,-0.011666937107388087,0.03873460499552284,11.068708955598833,119.06811574816253,45.57196314578318,0.00606796046101632,10.336703160989764,1.0496396689661207,4.294327839470433,0.022640125948645284,4.137813323346033,0.2137563907529847,0.1879402582584051,64.2784450472789,0.1409902287960536,91.16122508237487,0.010752715731750406,0.43893818843755383,0.09708841398607237,197.39246202391226,0.6658921052632882,0.07542234902034384,0.2549072832702999,0.5107394123548952,0.5231396805570672,0.9677017772269254,2.31171353358065,-0.009397328744089606,0.1090999322636792,0.028179914727312294,1.290733140114562,1.484331507670288,22.37279733893804,0.9242196982635207,0.030656870562434158,0.009013885104628194,4.134263646991809,38.9696598469173,9.501162321601505,0.3280816023434747,0.023451604118820413,0.7849626511540437,0.01630683160301505,-0.0038397644716079427,0.02975636151126171,0.013957786317211784,0.05769683185374497
0.012482591719107816,336.3535347270459,0.024923636481164024,0.025940225303403786,0.3274955570790947,1265.866448991543,26.59124032267673,16.607789680824084,9.543132326130465,4.004339372906559,0.041833960035503104,0.19986930697118233,394.9410852993102,272.06865890134515,-0.014377559868744783,34.238730794122404,0.786023487029448,0.7361383896536182,0.13357932305126408,7.617990046048817,0.05789545700964904,0.13931339785820818,325.9434795949259,0.29355719363524013,1490.7580947875665,49.76984529316283,0.01404316654636073,0.012642383449211536,4.3370822301806875,1.5123965214162656,0.09403306322718397,0.15129147182017455,3.812039113523916,0.46872369356963084,3.4636162359948415,0.1223328584027552,-0.06424667206291179,0.03599650211209493,0.11230524552896526,0.8791229461187786,0.8135392782935273,28.71280991723589,1.505792555312147,0.00525891706904158,0.059126394936583004,31.260443017959563,129.88063354451637,8.894084487214233,9.366948014016964,1.2070056050055111,1.6654483180701911,0.5813195554449386,0.08617070942595184,0.051576579333062256,-0.00386617285924995,0.03889652110086583
0.0730511122875308,4.500679892725547,0.0323156000557514,0.01695605742566375,0.0031386247959455105,1265.3739199139422,158.46670749633978,0.866944478667274,16.075381174169024,0.13144379522666938,0.008575755528644535,2.63832332569101,408.3001250511826,397.5317143368298,0.003900926122600623,47.6553446452685,4.308384118385998,0.40011502877405114,0.01860750534527167,8.166094740786209,5.115521622329306,0.06695522966825518,7.909385761736077,0.09834851862870231,937.0532850003099,60.45099371621303,0.036432427806791345,0.06191509232532866,103.14274021096031,1.7702080950763586,0.01943975957728661,0.010969537055951939,0.7751044331227641,0.28941982344197825,1.2375051131856134,0.2588120516771335,0.00015202288544013953,0.06696446857704519,0.029340325208703888,8.409296651734621e-05,0.3974803691715749,11.091503476109919,18.734448315903066,0.12355299096047023,0.021782930383213106,14.653076255050307,49.98280761577025,65.12060579856137,1.149269740133608,0.006978788661887059,0.2540772064385317,0.24326716598083298,0.044567583333461336,0.07560189944406659,0.0066806771536729315,0.04891061831173804
0.14861691853693682,281.7889452194154,0.11508533274418209,0.07680913420199964,0.0013842407389050848,435.7469290452717,401.38522286038415,0.3215312163863082,20.65489172964422,1.4710108845406156,0.3426271953539315,16.595197371303396,946.9438301536803,622.5983545482173,0.00014752947215690426,66.6326232361225,2.0980409614036715,0.7017513756475635,0.12905783066095378,1.0122396605662924,2.168813244616527,0.014375118451021685,277.21204863674063,0.11110169977801299,1426.8645216509653,44.696068485596705,0.08685639120069322,0.4043952225122398,213.26499634573153,0.49699776131786777,0.025008771545846464,0.0029934096522179487,1.4798108477131349,1.6774167040530825,0.7129844312495885,1.0978177333991495,-0.0007573191081178265,0.17400128872821075,0.19712136695141425,1.1714585482569815,0.7698615083848939,1.8121696402546776,0.7911575014251415,0.039937186044963546,0.006166637604154701,50.03909211825051,270.44663552132795,59.377388359955944,0.04297695288028258,0.19085106955857434,4.095463210111678,0.44101008479338955,0.0037002460032411477,0.06739779211931918,0.04009268732665383,-0.0017972926358416075
0.00954967203127488,53.192363066517515,0.01666833310481941,0.08858694497255382,0.031315473224336365,2450.776712486329,121.34494620930072,0.600935910620672,10.47712001042644,0.013706819644126789,0.08682293542697295,0.8300889988108802,644.8589085208193,375.8090405246103,0.02738299702006053,18.013104294583012,0.24833741162650202,0.39524177161606744,0.01038414221532058,3.408172335419259,0.6026205783296117,0.10811065998986713,46.2427413042513,0.18172582334849796,2873.5852869683017,40.64239327314854,0.09854824558792696,0.1336508570895143,52.941741911233464,0.5037388332372981,0.016135224151565097,0.15583918235463212,0.4948504935575446,0.2949242819084734,0.7689488482053317,-0.011288227693720287,0.024075755204972182,0.027135810278357653,0.15095021545413712,0.1960765680817964,-0.0017256330424455513,0.12093785242311927,0.10460901000714795,0.040079493373847086,0.13297669658389033,55.07330377233744,225.8070861156727,0.9289073301216026,0.9951041688476021,0.025970456371780415,0.21936035763668027,0.1656039820176174,-0.021093093388342865,0.032527602803800626,0.04940342173675738,0.03913128564638324
0.04631383481813067,247.5954775656117,0.05148344877878763,0.09258077465523051,-0.015673080792057092,2992.4159902236484,43.923019108863045,1.9998669193912715,5.2287921168152955,0.010674689568110907,0.03304941695350472,15.986829816134202,251.45144257017103,318.5750899019776,0.013551868414682033,14.18877937913305,0.03686049970223415,3.0008233672794393,0.020369073857716913,2.302246874245963,0.49840403477617023,0.020651930091727166,230.883106369541,0.06704899030520828,2852.6995736081767,39.10239032887983,0.2603568055924743,0.18868524600685355,15.109402247719535,0.361315868157023,0.14287510958626015,0.07365644191166965,0.12983124233802457,0.03672105138604209,0.5723225996763066,0.8485173323014994,0.32957076956137854,0.08573964812114099,0.017663294948372155,-0.0038168778841090045,0.1879959729296683,11.73588355215781,3.125399931113476,0.020860911879358568,0.037613876911541055,75.76533380133166,154.9633904390255,0.5811530800166196,0.8695970313800228,0.6021962023672156,0.3269634757226836,-0.022944088110273597,0.07496261889044575,0.04241861936755065,0.02761398115937297,0.022002554731351154
0.0500666667508769,1.1595988996256592,0.06582667626008742,0.12493241557671908,0.4504829112003996,944.4080333036457,285.22764497009626,11.46654922101082,33.53586685891295,0.04682086947974451,-0.00333186212742298,7.293709338559564,56.91330343861552,87.07945230129233,0.0021880410077255164,41.061977189073644,3.7451220369065243,0.417435095488905,0.40810342870322014,0.1968057479961427,1.4655119905999934,0.13604205077698062,1.1343262886102687,0.08725200152813173,911.8126142462334,68.50287325303157,0.3805178161850771,0.09894884103520951,115.01672923235748,0.23826446801424517,0.07996196542610345,0.06404147770546675,1.3833558646190847,0.6088643970066965,1.3536428161205407,0.8739789919037655,0.03032955421594874,0.17282779269944193,0.0034460171489882896,0.02333189418681858,0.291488475311553,4.8687502730358005,0.5771062858060017,0.031705223679204586,0.02959695645677929,66.14764009159042,198.5681707105406,26.80827122458973,0.16990795720928276,0.43251856597169613,14.334809243824798,0.1264465685060605,0.007182216855579071,-0.003461451911716651,-0.01021218129686119,0.02336206763166082
0.1338514329968845,320.01834195169874,0.003678069160416797,0.06117571918520959,0.3399879137104005,473.73861770072693,246.77553391569236,6.965424430760645,4.269015510750048,0.7831506252987985,0.047786625551778705,4.337080476524076,217.79337989658558,28.245800058634693,0.016229352307665756,3.703645571442639,1.4125712162699484,0.0880372796220188,0.21471359035157978,0.7072782289002495,5.537986145660913,0.01925624102026635,312.35320108327,0.09301941539144742,212.5523675313795,31.967107012111136,0.10827684036764396,0.023213874992092265,115.14038035124011,0.16157921442008316,0.1381679292561877,0.12205162510884371,0.1089170558729915,0.08933816293964192,0.3430978722887712,0.03899735007470628,0.07394290968762274,0.019959149218476746,0.01728476470678686,1.0025568619312093,0.27574817033116084,5.807174586907184,1.9699665572780969,0.0007576759790008936,0.0614209157748169,3.7269219095612165,235.64653574414677,2.906165543307189,2.3395996006443927,-0.0064538054575598025,11.336667572795985,0.01432253542915607,0.029951327104934755,0.017800509223538263,0.013591207239477043,0.007392533256718181
0.032967143646634334,140.16151108474986,0.016944782984295692,0.06825690008582885,-0.002311252900708105,1463.36343665651,567.5493078065995,8.952769116738615,3.188655786519697,0.934484397154093,0.07021939422622836,5.71992746902557,144.12902209571507,103.31212735354963,0.007172066006094546,7.571806919166177,0.35379826803713144,5.474789402264622,0.659857841027649,11.65696801356631,1.4025679418192762,0.04676138844460542,149.39603784346153,0.36799851274370443,1081.6611430102453,19.435882887100075,0.2697631794312265,0.06901380436820848,263.23932093016896,0.1607557005378908,0.065785220942157,0.05993971611773308,0.19811747935888224,1.5848256957438593,0.3013231128156191,0.462923982770965,0.009653183337441362,0.11210311027950848,0.22420146381364514,0.29400932194619234,0.653882154879958,15.102671671789405,4.1885593817448745,0.006132346755644669,0.029446297285853795,31.483592551769167,74.13213467135414,4.971721846001691,3.9808927849894173,0.5955688457313153,8.03659077486229,0.015497991492128271,0.03664912715377788,0.031864048824296276,0.0037479031723801626,0.04933380153560307
0.03859449641552626,1.2649355305738057,-0.001931046732743802,0.010749331061350453,0.014990577621164292,600.8574421957203,89.09650877793031,11.735732444545643,3.154951787948227,2.8846740917673896,0.05728153249617218,2.344898052042459,290.81083779112765,262.97432783484794,0.028664563078251604,37.585539872214255,2.394010404321115,0.8770711227887409,0.03862390473465549,2.3114428438097816,1.4456597133563465,0.07765725029572046,2.317571271837177,0.0325596869957705,733.6876627485519,32.91416694890818,0.5103732887682426,0.1848979956141692,48.753831116467374,0.029364223677328383,0.1485040173604295,0.07351439595544917,0.32223684984612344,0.512639962527011,3.8545717386867784,0.19106675918813032,-0.005671573718680101,0.028062124096805086,0.0482008367463429,0.43241978020814553,0.2913191480218158,0.4143082965186142,8.780637412363426,0.08206116762600768,0.06668319519722221,0.3904184292410049,25.409628473756843,15.588613362014907,4.755466557074489,0.034215939000350026,9.478931716546285,0.05543678380565531,0.023107755286045695,0.0025064472583089525,0.1809747975022633,0.028467195494243036
0.02572666528648604,38.94948752755398,0.08062271706198221,0.03484390949460803,0.30411951785760305,690.1272806029837,183.38971975466671,0.2705318210590715,3.1307444924508046,0.010724199809310164,0.046561891149225154,7.235380433846358,137.27627453756045,203.7426109583315,0.005583731671389813,45.489848254543006,0.483952181411615,2.9827882067329865,-0.0004218055518387942,11.970066921966662,0.2074880250421698,0.011931301096539393,51.21174888700821,1.4858177424385497,587.0749827220529,4.313651576332096,0.00742831389027554,0.16786416812283012,60.557824132742624,0.015247086663187304,0.012184755704230277,0.13509023626787187,0.10044338563556465,0.2516410255885555,3.1083683001610014,0.08906821633188944,0.0013401438543159117,0.08822273778234635,0.022647175750799775,0.0068244093468203815,0.0103901876018071,2.793653690654649,4.9881927324619815,0.034311892686536005,0.06923693536719444,26.522514540998994,176.3467214709404,42.156851612421185,3.119009647352942,0.13975442027126306,1.3948687697592765,0.09708473889800473,0.009203230801689166,0.016198316657691336,0.03207580303794266,0.014654121711811463
0.10079850761515274,65.68237359900031,0.06775399820124584,0.0016044697853354606,1.0473026563356633,1318.2879843810322,238.72040283821175,11.264641762312465,5.532504989427642,1.7544465845178383,0.007158579699756196,0.04646242666962408,188.81737395079617,37.07525881112813,0.003480771956843043,46.740309941997396,3.2229546248379775,1.2555996992258507,0.019730349122244917,1.6238435148041397,1.1125399954152408,0.04387463152049431,62.159558257642665,0.08500056323641036,1438.0466281999902,28.73234061279797,0.5278157112711606,0.2642464600809946,129.16922225344658,0.23413190463668432,0.014312521581524074,0.04466587685965262,1.4336448558979686,0.5751688928104288,0.13262014545116418,0.24305540868309894,-0.005554382855335049,0.0624079236989461,0.12320255406972702,-0.009359514208719055,0.008865381980535325,9.601372684697452,1.2313879755781416,0.03794144458389859,0.039731935397711915,33.61306845178425,195.8601987440507,32.40593901342895,3.1133650390537424,0.04964582866733913,0.09709816092989065,1.6654602632783426,0.08114313556993302,0.11503385463129501,-0.017069229962421772,0.029488257521614436
0.13301119469322398,110.12508855439638,0.012353931157340625,0.152465627058052,0.01296385882749096,2094.7304999569906,91.54664030137214,13.993455500696307,0.3089808540154495,4.046927975777018,0.021025665766463142,15.049041843562616,439.5257874672551,396.98344388792054,0.023742755366213508,0.22929779528029748,0.40139712858173304,1.936448400120419,0.3127566883500199,3.264776900469708,7.937292491367429,0.033287395915817974,103.03419691495849,0.024299033398183845,1984.4879068333025,22.888659185617414,0.21857537592340215,0.12546281147946114,23.312088819735063,0.008214159033319568,0.03464042756083341,0.16521938202946007,3.401928963833165,0.42451016713100387,6.228566191965885,0.05451360165294883,0.05998082632362678,0.11083372932141256,0.021501312449767163,0.029656382921078084,0.6491845745575642,20.561509984525603,0.373434120538529,0.0888188147836031,0.014886889731291042,9.724820699826488,72.8020999572064,29.117852103276224,2.4298574653175082,0.3775941836156207,8.737792962557624,0.2699023783792258,0.08332363844944446,-0.00458911817943175,0.036899453462182485,0.03791902191214103
0.25776619970157366,98.43543197348974,0.05703748089900618,0.022035721510667905,0.10546432027093378,400.6759987842702,166.74349349494727,6.382471526584777,28.579776033267876,1.7460599568716413,-0.008269333180173533,5.542055816769021,297.5609287770785,248.3629176209137,-0.001152441617763067,35.27936174275035,0.3732135881597536,0.590891702715628,0.09271337107502386,0.6563166917166541,1.8752176015498758,0.0844957945857665,94.67777601867871,-0.0004052447405147319,571.8607748598218,84.63239905863203,0.4420937060221748,0.054743646078156516,89.58737937698639,1.2379509476005053,0.5791730927886061,0.2526013239817084,0.2526450744429196,1.8936282384183496,4.786872594778441,0.045722342424545204,0.06385070641778867,0.9787427880801856,0.050594175586008205,0.03354106727787265,0.0038092516482919336,22.708225710399912,8.50052717234577,0.0073443474000054465,0.004381377262228092,0.36728519833353523,2.028095409481822,21.552255357123713,7.166044112989344,0.05269783439737008,7.06863624497709,0.33067825645086923,0.05408331680845091,0.04203552040010816,-0.004328891252918687,0.05820320898477416
0.010660857187297701,83.29419990862283,-0.006422322440470474,0.05262407520606338,0.16171117463871365,998.1702536797976,892.4999162938855,4.972438050852703,11.65388505654542,0.4031380184072857,0.1123062354880231,0.4200297426790307,64.46600384877623,0.029653735749358923,-0.0035616486122629354,1.1725127335937557,0.9447971411643428,0.8898915830228207,0.12883031831163105,0.05627884757118018,2.459895091504997,0.11296408216610754,82.60726930079228,0.04102688129644161,20.456637219080456,0.04851094418726287,0.08981825800543675,0.04362429515690458,454.24810392341567,0.9933279085409668,-0.017208468992464532,6.735936331914161e-05,0.3734022511795789,0.08431461056504741,0.46245416976221865,0.3315624076880068,-0.02672235602421491,0.16985524425945187,0.04340314445439564,0.027171471030544403,0.42958153853274705,11.631410235732087,1.4059403598024716,0.024209294480693977,0.012945590607897905,10.531523607764829,0.08023969379396423,61.163192774481345,0.2701517813050023,0.17056754756502013,11.022642690012287,0.004758025992021686,0.09286045731291104,0.049455764143733205,0.018667332948075988,0.006191776109683467
0.01814303495659253,131.46116924694996,0.06221502701314385,0.014784971771282684,0.002371868881871464,6.562154258563213,43.63287323214735,6.146088339680901,1.2134365420800401,0.10875155820214477,0.1398351269085607,14.100035856544848,102.63558936402573,64.85591068229944,0.008605498424063995,32.90177287508712,3.947211818866153,0.16504630028856582,0.09621319372010628,0.09089131466352285,1.762410231442228,0.4836885826033237,127.45930525491968,0.006490744468624854,65.15512030752772,14.023273241500055,0.19168261641247408,0.007951361451679517,18.08434492725091,0.17026172707764697,0.026029538337424718,0.10246351740080772,0.20147628558559028,0.12337960016666027,0.6174449540564915,0.14988356532784852,0.03414236818925964,0.039213446331532786,0.06339828822800797,0.1589228753137144,0.27592248050218515,0.04142030834559751,5.349600836080194,-0.0030455172623362614,0.046092073946906176,17.848780883644537,19.850502063055707,0.0032264862572786157,0.5537772075770189,0.03683014868214496,3.4667302012456833,0.02383977322768338,0.06440619689810223,0.04922604459900892,0.22960677304917088,0.2514377558372942
0.018169636479532514,288.8331143861749,0.06435605360740748,0.0353472715569918,2.0716927291479035,611.1848275422481,32.10408549753443,1.9186084795514162,2.3961128182637097,3.043539621085598,0.06528595129302772,17.409985562639847,410.7761613436489,275.6296932388287,0.01119152285514069,13.390704247914249,2.7077034667409476,0.26621455671591576,0.21514235476723442,4.569609229272052,10.882055254727238,-0.0003771892686108558,280.66445709301706,0.09346180420316941,825.8366450090724,1.0375254638973352,0.23171818759653284,0.0964818402932135,31.266065208024337,0.4054437759022118,0.047603977504572015,0.06857859854402548,0.2523439401558205,0.1909423841305884,5.701443993950411,0.07857613997971313,-0.007481139408314519,0.2292448183767961,0.4119788319462785,4.6731656318035935,2.939107097903518,1.5290259873691454,7.767967877344018,0.07806335238058182,0.04974306870359069,18.16141632615082,125.91888837678229,31.58176261980431,1.4252374771056893,1.550846997596544,3.2263156505612702,0.8580681385316336,0.052752252273612577,0.07904538291478147,0.007445861639457263,0.013144795880790205
-0.0008317691181822795,126.8079592937918,-0.00535060234081719,0.012837355225521208,0.3337872150127321,1019.890279781479,20.26420843260241,5.900005982381593,11.380239312845898,2.6829526664072176,0.04093012717157407,7.171397909716131,222.1486281400674,126.69509798968541,-0.002770981699187658,33.99936525502285,0.18531326959514693,0.963416296090875,0.07649915706778998,1.4727842691135695,0.8298815824470669,0.013140201953749653,125.67426585534416,0.03359208454429563,1271.415342501996,32.344991753454615,0.08496589711336,0.018189915001045165,24.717253016477002,0.04164758513170064,0.040984378433023494,0.004925778586667207,4.133607951998467,1.1155252423936979,1.4614879222354862,0.12436319665322948,0.06732531432298217,0.06652642841453726,0.061831669019849045,0.07834626612584294,0.21429062935825094,11.944981293881394,0.6545409206852888,-0.00369045543564539,0.05204170776035433,79.15422273770604,129.9449322360383,33.85526656565105,0.4704153764062191,0.23326316874119968,2.091015900516844,0.5933721577621167,0.003920151214027001,0.010408961503038938,0.018020061835448686,0.01199467742097049
0.026502932455312767,194.10653168107572,0.02682706596089357,0.020619875790472975,1.2506409063559785,1053.062585056476,306.03897065344285,3.1595501422526624,1.2467595863541439,1.559702489982211,0.07995721415693158,15.470114728634371,516.1616517807624,419.0411179221471,0.022772934823949598,16.75703426537743,0.8795160334854097,0.9025571084363992,0.2727878886705799,5.410909492554129,0.6661525153250478,0.029431295711173533,183.26583669793104,0.522701671236157,896.8567913081146,7.347176309549095,0.17381059885322436,-0.01571861216910264,160.6968208072273,0.5937841651236706,0.007447723121986272,0.03581552508717678,1.3004417025090342,0.14194589686688452,0.8686778884752382,0.4770924021909826,-0.020303426482369602,0.016011604681446023,0.04809991570184202,0.004759305645674061,0.7382052686644336,0.7443288442898695,4.251525366871679,0.03345611665814552,0.01720216858969348,59.69224268950754,70.28437947309187,44.06608072783355,2.952163494977654,0.05158260469306164,0.1546247835836736,0.18781957819540462,0.012698048857237687,0.0064122267883997,0.008045180168119614,0.007122589825803161
0.07972468651851816,33.25012207788731,0.13684677922273192,0.07254641150073837,0.3195223862469341,1141.6321186026462,9.28679032963935,15.601432443566086,1.8191963280565968,2.325615934798119,0.0606472137935814,2.5934528072035246,463.84811477623015,360.4618294418828,-0.006147745353676015,23.995840596801607,1.4143041118757687,3.4015261931129235,0.15566376697673512,6.5194109738687125,2.248946434682235,0.046127610559301147,36.67470237222874,0.5961918970029405,1303.6283592114892,31.55508525630596,0.1304121635959552,0.06274449401478499,0.33268418817497647,0.6562944919924139,0.07204580774837499,0.08649207669254899,1.7131055137035451,1.9053615243750324,0.2972221057717652,0.663340644131905,-0.0015855110790647942,0.23565781458386326,0.13514185298296777,2.7567326032188006,4.389105304304735,31.010853148473114,6.12254060689631,0.012920411653202457,0.04426622141033043,20.96785699005584,107.81247144741168,4.8684461463650095,5.28590144064524,0.03608016547588644,4.755656045062565,0.014806394294244463,-0.005215023777421557,-0.017599608888621887,0.013704067433409683,0.04973032819161638
0.032469556001936795,251.67507091543533,0.03561480749814727,0.04789362864357116,0.5515952545967799,392.38272189957024,122.95146950831803,12.35184977074624,3.421673216272291,1.8128843868514188,0.07010083245739551,4.774142386073878,139.65389653095073,68.36396123188689,-0.003601475949777999,3.5010925938637776,0.04768112373524058,0.04506167073893863,0.06828770856468314,8.431772100738359,1.2675762227692609,0.1326134872296798,239.90178927103176,0.5326107115352805,430.5309773029559,25.13562079989569,0.04494537548375099,0.044194657905163304,65.90340708936846,0.033289291521303,0.13170579157265383,0.03382854615192343,0.9477831434705575,1.1552678186853207,0.22474243301390118,0.12344848909867068,0.061677927449988346,0.26401634426874754,0.09709798069335118,0.81157052422577,0.4887157551366821,18.339207923377067,2.0626018716377725,0.004219437004649329,0.018165602103520584,0.20869552480981213,61.66170399116551,17.802866661121712,1.1464011482874525,-0.005967695155788988,0.32192204775851696,0.46810019844207407,0.059830364398130165,0.02346806567538451,0.3043798898888346,0.02956886076332932
0.20944732596093107,2.389787119312186,0.060150063820162636,0.012286975968599734,0.5484454772625815,195.55050320373635,242.1331152956649,2.2062841486357163,14.582828886374994,0.40551049093540215,0.0011192526963625937,1.8230693976163215,16.73421000445519,122.45122543654493,-0.0007826908586379133,47.6752971281465,0.9446577262493205,0.11871702006598372,0.10154889685113222,2.9792446906716217,1.0249714914375039,0.07913384023641523,0.005320462414438509,0.015967304084582246,214.72230891813223,38.926893389827356,0.3881741489068462,0.003828496159075101,123.6763761827891,0.2971860552273,0.18717805710154956,0.008466827489814754,0.07395604425414692,0.4965769334938015,0.6331121024728255,1.510754085231679,0.07989726980540635,0.15274112640128568,0.24404457802824098,0.5022042881400655,0.3800559405665629,4.298429369830873,7.398418717241378,0.07723764574609504,0.03933121010941942,16.686635066887984,159.34320338830796,23.430950213858114,1.7714883588428378,0.7831806309797074,4.432630962769129,0.38081353727949274,0.003668659322175749,-0.009606239641848369,0.011958877913882837,0.08675259232895893
0.02041726915675124,164.25029339123637,0.07111146660471857,0.07113675330285396,0.018111741148671534,1206.3485261667036,528.2071907080134,2.717505835164256,0.01585932404812951,0.0764185917168545,0.043789226546532056,2.5826985012375063,143.94998333484477,66.09779740979525,0.01505973606542721,43.827016144074875,0.3794060716566223,2.1170372907649133,0.44301245843139014,0.08233905721535884,0.6963507403131501,0.009437427247983798,157.19504912924768,0.06630973887518277,876.8832735720288,10.656908384025723,0.08450424169414283,0.26334814008260565,259.06605130296305,0.10118588537909723,0.15779680568571042,0.11971275234040668,0.40098198939130203,0.22240169710785995,2.306668046434674,0.17607460068758396,0.01659115775271669,0.743627533559378,0.06364976047225923,1.0271708637513415,0.028371267569245795,1.6415334943772857,0.5338888617859707,0.05785575719694158,0.033508747978785,3.5073784043100504,84.56519947643639,29.99731384117408,3.0229585919713857,0.3303801272709128,0.4230800033784563,0.7014314830682284,0.011634080871457009,0.002825290269145242,-0.00319443534332553,0.023422349987071378
0.01800985021026591,162.68717668728826,0.06197453775923112,0.0732771045268894,0.060115757633912636,1109.3905860053617,305.21753252551923,11.180045250926378,9.113332480894737,5.523464612849008,0.13354248641282496,0.3048964102110938,427.6569543154982,374.968245837863,-0.0001559149276788574,5.68871344475213,1.1883649490285961,4.080043685456458,0.4712034521670372,4.877803225728508,2.2946336041126187,0.03821765416884837,159.29179958903825,0.03381744276707188,1528.4988245756515,14.162020519082896,0.5150190533511445,0.049565979158054496,170.56504833133616,1.107907716059974,0.07767331449785342,-0.05648252302742662,1.594661526259566,2.400285866596964,0.640311571253374,0.8353675562603975,-0.0031309558667267368,0.17299297872131447,0.06443873613302742,0.015525456189182663,0.5520388576208477,8.707873380456057,0.0819348033257592,0.032093926442623655,0.04304734780865438,3.751313384911926,4.184730712353193,51.037453709187794,1.7417733533551472,0.008486564228319615,8.412340506455841,0.5744337613949204,0.014509725112411331,0.006690077743117584,-0.0012676651916336823,0.08066927075226982
0.054742002835943104,1.833155112766252,0.02601191234902167,0.021808944565167465,0.01103680232260551,773.0306804763281,423.2040105268254,9.04922202815516,4.406968564689661,3.206052971154474,0.014602389138327787,6.846516988646279,15.084447543866254,48.46734227539877,0.01889013954214569,19.9223896188641,1.7802243577172048,5.769751323482799,0.5960506098268876,5.247205580614258,0.6473425079047574,0.003197847582407931,5.135578592426164,0.14494330946205558,106.65330002588233,49.14259828343369,1.1122703829426657,0.10048193302697417,245.85604102800542,1.6280136278317316,0.0017632242035245937,0.07457020132674952,0.6633534094366462,0.11336135362263366,2.6206123256502867,0.5938464860849262,-0.009328342171831316,0.714178361397888,0.06941522837303538,0.10831220935366836,0.04835831104813959,5.617466116489842,0.7492809054386695,0.07292791144784427,0.08218384726464656,10.747789659382509,34.5576196508499,102.52745962282941,7.9285105941954335,0.42415932052828786,2.7846939317564408,0.10245410313835812,0.014612774992126987,0.03601255365277911,0.014987063923117994,0.0015930928229481722
0.08687406200389347,199.50790314033776,0.02108902320002759,0.07037527414867917,0.21845359314231594,1079.4035699249564,2.5456563798146394,8.37685172598963,6.412138346400914,-0.00520828951763086,0.02631306071173789,3.887744184632508,255.7943871162597,244.5887239411556,0.04816483707904773,15.151680186607855,3.4139684551121228,0.39592259513749717,0.4798888784829085,2.9741696336629424,4.0109989207801355,0.049758993635866666,192.23777938645242,0.12501284812970503,1086.6929927751837,43.02530477991396,0.22408833899510494,0.08303319281939725,6.91278686177122,0.27251311851075855,0.07036276427463584,0.0283217803538669,1.2667162110388066,0.07916680779171426,5.645864325312129,0.39666507355309655,0.14710100111220203,0.3406492501934846,0.07757842089065559,0.3153181175991806,0.04433733908923365,16.465966390216014,2.7864814389841364,0.04979214270899934,0.016091432710326536,17.40174358430726,77.95424625867787,25.367803082859066,7.045603863156497,0.6716805611576628,0.10455591830895905,0.018605238889959352,0.005971900568036759,0.1327762163396855,0.022490008071480716,0.0026865416336283587
0.011030585334630416,34.980493194111155,0.24776033905872197,0.05231879455320865,0.0461031424381142,1397.6467076288575,184.5434088812966,11.319276696047217,5.478791323897436,3.0579360037697807,0.07994737192872137,24.31837545900551,540.4590137402867,483.89618989093975,0.003436720561193596,12.559500731344778,0.19408092202677985,0.1652983135766739,0.8921553318523969,3.915450262258199,0.21648108658631582,0.112368847562208,32.64480148483391,0.19002647611086765,1271.1944439379818,7.586936176756494,0.08690292979714265,0.15018515655745546,85.88711812279116,0.24120469015204904,0.14619934997328343,0.08499365950342685,0.4295474433035489,0.02039742026388236,1.5735081511090918,0.5897909681483213,0.1100768914641117,0.19870884541489264,0.09110069148556654,0.5982966602102042,0.025593543970916066,17.731236986015602,4.173281394440714,0.01036724881381268,0.06093484442978436,58.966421760593484,15.138781967978842,0.0841008385372275,0.10206639425093744,0.05835690351695888,0.004157902972436567,0.07509124460630723,0.13940429537558074,0.08964555348494674,0.0026686767997619043,0.039774972250793184
0.10759565083914868,34.687066209889664,0.03734902850007327,0.08341913944241597,0.0799203244455482,1924.3040571287315,0.03653080371966233,5.1464327107569305,0.009121704459124302,0.07674674392229885,0.06861468817841487,1.232714837891134,588.6803179348832,392.35465888771785,0.003591911959439642,30.886001205235722,2.0041433962432214,1.561487936433525,1.5480023588654044,0.1334064878721879,0.8468253002945083,0.17078261161441954,32.957077117544614,0.09564818761185201,2354.754411677166,48.32030234880442,-8.683092208716658e-05,0.047977051237418245,4.904214627533922,0.03603479801793341,0.02431018195959478,0.028781749704264392,0.26612780166234185,0.2549447646067273,3.4387343036892952,0.542220254333631,0.0774359222458827,0.1048740275262201,0.025582311822048176,0.13117312807197923,0.00014382297499082597,1.8823150980462966,2.003887894897792,0.00885857741682905,0.018348052196658138,71.75813698534795,217.69133373203502,15.620136034262693,3.491898715164372,0.008097035921300844,8.938157364819219,0.024202607967921175,0.0181959065071986,0.015318413012825438,0.0014344117503801712,0.014792621349857704
-0.017804853571600887,164.5106148486237,0.07566176725062412,0.03050651167947116,0.12663588094521305,1583.017424769477,228.3374566912566,1.09862585195581,0.8221391652298227,3.0605182400461874,0.06485134912569013,30.58571800631029,433.2834274648475,339.9382403122663,0.012795166306973194,10.727852896972903,1.0111778012968333,0.5937128890593417,0.07799463136434603,5.051600909674807,6.420880679717884,0.06485178201412634,164.00651775127182,0.046864867444306846,1949.832874810394,8.593702254093243,0.1298324920683216,0.1716230719370646,98.48405773084919,0.05532840856496968,0.023271330976546878,0.03505904612482169,0.037359020596449355,1.039532093020954,3.419053164188245,0.3827167029297369,0.013806192089846014,0.11057410823358804,0.017859016673934747,0.06602906831186672,0.3391132393362808,14.39389846129713,9.808455521369721,0.06706973125911109,0.01895324313138147,18.989463500962625,5.749058886785978,9.393102394705622,0.47922366069336597,0.2108308166760029,1.1076203676237961,0.02917536745500282,0.013034111927276548,0.03170392897934171,0.05433503953049179,0.009654923371789081
-0.0010229026538413066,293.2213765551284,0.023008401538133327,0.035423371606569276,0.1764567831694439,62.78774241700173,247.97604027668604,10.21444003936655,0.5942765792070066,0.057789248561841866,0.0025158250169914353,1.118651183386925,422.64621134832225,196.019669918449,-0.0005491020901509103,58.056831980040805,0.13689800824504506,0.3912513024762081,0.6149433437430956,0.7564495391380985,6.354397545933539,0.027090635222565496,276.89913491735695,0.1549808808818982,122.77900470826481,5.402003377885185,0.12489154046678674,0.005483282203876172,141.70210161652506,0.35086400430023446,0.1718887641091582,0.1102703185676095,-0.004547225236943397,0.36495619781121214,0.07329506468138458,0.42096643200388506,0.03573357163825275,0.10419544765808109,0.020008145541669187,0.3923440433885119,0.07999323569963757,9.103667261160052,0.14280626823662068,0.20991824949218163,0.06982942099387657,1.472795195431,274.9474417480313,59.86915380971109,0.023934824297880297,0.021847546158127784,0.19192694572063385,0.007279732444414044,0.02285914377909748,0.03898116655738537,0.0020790315219567645,0.003219893397883311
0.19488909284621592,36.30820099551659,0.02438034011953505,-0.003673259960348396,0.09014027755361109,495.695681370082,576.1018796490669,17.19197188272726,10.360246266490236,1.1906918446853494,0.02706226915518606,10.096313063761002,220.44023107409103,94.28432819243848,0.004343781014593873,0.44458003005754154,0.3748063039257836,0.1538795468188745,0.1591569460971325,0.8703871317034917,0.24980834944645025,0.3155940107830162,36.89737537091218,0.2005522987195727,319.6038978401958,37.207484697748235,0.1419501461922179,0.1895050560084659,294.56364229074245,0.3110856305200542,0.14236779639646358,0.06654071107256421,0.08810710679944123,1.755891968571822,3.2794484622029465,0.5765694367108463,0.01603542178057271,0.736883190485063,0.06642103096361573,0.005829031400244489,0.28359206195874087,0.25795260129991693,18.824991036228198,0.09517254262967345,0.058414447119581325,0.5269439127289166,100.60961267506191,64.76055766538745,1.4274576566626376,0.9972324368102417,1.0007764311516079,0.024573209728556478,9.68990991765395e-05,0.01803447868183028,0.06374558783400897,0.09564646465814519
0.16854560801881924,90.70864532657687,0.10438180064838054,0.04245896380033454,0.026252237844394344,950.1747477667267,98.8628918336372,3.6849166688301125,2.0910975969330803,0.16456074287066613,0.03667181126306929,0.7518080182744074,129.8597500810877,65.31750650833392,0.022108695641687603,35.654660625096625,2.8633967243450744,0.34085925660671457,0.7389740517752736,1.8604795471866797,0.4429825714472093,0.01601407330941207,90.28609862859459,0.3569786081038391,1048.096968638801,50.57003586424267,0.03811199886642047,0.08886603927233327,54.64435466839545,0.8903172538224435,0.027639310924559624,0.004989827564058302,0.2709253390428561,0.5248700866402976,2.426971758972128,1.1232754763427204,0.0022098071806624375,0.012553323799055605,0.07760764631674455,0.6389668569342408,0.877787813418391,7.926682520778966,7.640891217526722,0.019048658847699684,0.26084885096805355,7.675899317666595,58.54433099918805,16.79461076562985,2.016333482700495,0.6637479193960099,2.7078381722786506,0.028190239950746765,0.01580238065727091,0.08384078773573034,0.0035747785173132485,0.0076426391292416795
0.027964414292288353,131.23054911312735,0.0041755253164570405,0.18099513989541016,0.45329985556654506,851.3772497272996,297.11857235735647,1.225182145272104,0.3222878880357509,5.1568507717398635,0.07840285244463274,6.05473561199271,247.12538378926172,208.67851139179254,-0.01932714517596601,30.25002893297433,0.8934071263948073,0.2343759609397189,0.4571074455433184,0.08448315823128283,3.425720090864134,0.012371609478353918,121.29122514377929,0.02761842462504127,1191.6903475130225,11.42414232216037,0.09113390317473424,0.011777241173550834,143.14847781705723,0.1679018705443429,0.09172088924763422,0.01994090616212496,0.09039160511266608,0.10703401406543911,3.279930935510013,0.4524444263693894,-0.12644764087867166,0.020957071379397618,0.034108214544197324,0.5549699488426931,1.0096669910327183,2.1179148168981765,7.502285046255581,0.01985104037718166,0.009208348618422235,21.952164323102302,48.39591881735613,12.01363238786279,0.0742152063531254,0.07049000726990862,0.23243243681477388,0.09913807254071294,0.03927303439138896,0.08398654041624631,-0.01923505255757263,-0.01874200227515921
0.14532500953154504,139.3623465343127,0.0488353454339876,0.0520715086763186,0.03273656932884883,551.0806538447362,396.0639645591639,10.49469969713218,16.292990804643818,4.003639850659857,0.02363598786584209,10.22101883203813,143.32667404235912,31.882765990724945,-0.0025169606700066183,50.14945234945182,6.098295226686719,2.4194078292999786,1.555566317648923,0.8091295736662492,8.824689899859255,0.2503520764456626,134.37983055623366,0.060033867062721846,1247.1431847969152,34.04543543549731,0.24807039631518357,0.00795910133574651,206.21591300585047,0.9319447513275065,0.3355526397551305,0.07425176027883662,3.3736527957234053,0.6259303799072606,1.9260261264968541,0.6207672150136769,-0.04020491696184614,0.3350531942675907,0.06212000950412211,-0.00820099640886518,0.41868560973687785,10.298109585082408,1.3615775036310058,0.13181004326098478,0.07002082322824688,15.1890029537057,89.34212914009399,48.311235203959896,6.337340073807049,0.03919006365071276,9.540528012185977,0.030344925822956448,0.014630175097822828,-0.0021163785046294237,0.05574571025484776,0.02631129673590671
0.1050892983904621,152.24133469407397,0.21736820740976537,0.07587113844658333,0.046146675389319824,1767.7901295574748,28.015726449302406,3.8630972841188207,0.07095572380197712,0.11534004484311566,-0.0006476430891062535,17.29013422096694,246.6310249139744,257.01372585338555,0.004318495594020533,12.677874020924799,0.6284124643411655,5.132640494411881,0.03941919412832462,0.21630352600736824,2.739854475568758,0.27633222117550904,144.98988495898587,0.017474189469683488,1697.7653611106844,36.250161423166084,0.15658566620976533,0.4137426070529697,9.575359619421134,0.018394696688385892,0.12753916262784948,0.051725044831704814,0.553295621785467,1.0027169864269423,3.495913890509039,0.011401518347759598,-0.006322535308975752,0.10736803848431897,0.21230553053774415,0.1634194513591476,0.09428855163492589,0.09710121586101739,2.9535447934481756,0.017124758806876805,-0.006745278685370337,30.539372528854784,101.72317595932965,0.5172367070822741,1.2625941044203515,0.017900047276254938,7.6115375853502005,0.012458702084705564,0.01949123942454989,0.018669728356512927,0.04122321008523144,0.05070672590410563
0.15528314354621475,42.423147238905955,0.2012912630690744,0.18521821739702116,0.009484372441563416,552.274027113782,86.33859928845959,8.590142821306067,1.2925719472963593,0.8272850022449711,0.029329474007941947,19.36873222777999,83.76230541337202,36.71271456538948,0.010158374754785093,26.119520648528116,1.2795334921571984,0.28840740690540834,1.1067351624027886,2.738509353602411,0.2784554054488053,0.010035173960639021,38.89193048962606,0.04184371745153026,631.0427952668452,6.233296807845007,0.14440769198977765,0.16374335105936844,22.521354871649667,0.2856500449245214,0.042496939178044535,-0.0036011152833843596,0.41811032776170265,0.7055387433329052,5.2132031290716805,2.8943340138831717,0.013464749760955463,0.08653427284764792,0.3203735097838498,0.7893269327890149,0.763227266351449,8.778085963379343,0.10511768919766773,0.009530471376202776,0.009301394876788827,6.83284722376868,34.01040205555991,28.051608443669,6.032725390985154,-0.002949951169205711,0.15084223814274367,0.10388869455464711,0.05831003819024261,0.005886685770167155,0.03457344947229046,0.020878371646494642
0.08806171968923238,9.993737112605448,-0.005326265483035719,0.0020332240503480037,0.6703237231351675,1351.002363128448,316.81310448964433,1.517273529572102,6.7732186238771375,0.2583685402872353,0.018975023648290623,3.807276155997884,186.46567877420688,198.1908245987551,-0.0006671254637593549,4.850002094460712,6.663679523345311,3.5737717951693773,0.468852187178312,9.31462128039723,2.6488595451553136,0.024287357229932027,6.044338640138643,0.17149165862616744,999.7027208164673,35.995119427520706,0.038626926216194235,0.07087231784586034,148.57469457930938,0.04384735544602858,0.008466273535659319,0.012377080213154201,0.08063991632370637,0.029861718989326214,0.3739341672545251,0.2213013684443288,0.041368007064971124,0.07182110574474532,0.0656291412475003,1.6701992284198282,1.4293199662989178,14.060049637210682,13.972083734753333,0.13395049535657755,0.04398763563276109,19.369781496087857,11.86811586889537,3.5184856771266224,0.20969456646851015,1.901181415937847,0.07139558058622608,0.5458792247900712,0.017607548009999974,0.015514672127840967,0.009556730291386373,0.001788492547569298
0.018795204433393664,42.86941205770812,-0.005126851835423274,0.0030910825645245055,0.2030259131603689,2716.3978851031775,446.4471474253397,0.07854443141791556,0.7830944282023955,-0.008603417719959872,0.040411311453369514,0.5131872073917085,561.55841718817,369.99708714309065,0.0022031164509082046,54.27594499861536,6.607796592253402,0.7032008043790734,0.29926568562567457,0.1396489390589295,0.09421108748874918,0.04468117150116058,43.466918874382785,0.007667169210163749,2760.3190476569785,4.238493083655193,0.08422559970670385,0.12647017546766826,223.09857911862156,0.02757490569495591,0.08879154113085619,0.1316933174521191,1.5833436022060408,2.196558303290053,4.654574092532549,0.19597958543748994,-0.0006939120172795299,0.1300349411690016,0.018321084769819862,0.47820095604635604,1.683091680934206,1.2772319518934276,0.35937054465378626,-0.007986654000886162,0.035100413810673636,115.12819403084349,187.8125561930242,29.394809444540332,3.5646686855056835,0.011919100317262732,1.4279340000974408,0.02440988486293172,0.03287187288556659,0.017077486491904104,-0.0009500405582620886,0.020276021527859456
0.018504057831878917,130.7905014041145,0.35925160766575726,0.5678222294620916,0.15997830012242975,399.9139088084196,11.967536006138157,1.2751175003165365,2.2067515805056734,1.0931144133160808,0.06391568112460799,4.62678554182217,218.17147537750049,57.8056403672168,0.02897673538588119,32.11832360208723,0.016114048777484236,1.7466768425680739,0.2514649537108804,0.7103240242429738,1.1060000448775176,0.008129923841636355,133.29082307716158,0.027863044114594615,46.50274047004193,15.9909678446754,0.13321025871334324,0.035372388082294925,0.45768766954928086,0.051878938961539944,0.03242014797495596,0.01901881790472082,0.05335013180630277,0.8303534770229222,0.47787492141770027,0.39893573737412247,0.016936485740146168,0.0702336317166612,0.09481081052930307,0.8401442202613376,0.8104491197217625,3.6655559181095283,0.427102123556919,-0.006230376437542873,0.009932276686996921,9.378943389884792,214.21148459943993,9.295425167081394,1.409118818269551,0.012117916014601882,5.6594030164306846,0.06771883184117744,0.010611121847147409,0.04183707034499573,0.012480588998434072,0.04028109677801428
0.049689913493701,33.62971953073152,0.12318164472773674,0.04320556481772897,0.0024492667813049707,920.7154648756408,407.16943889588885,9.840776369389475,7.6578120474038425,3.0080358064250934,0.042198841315781443,11.109089809530312,506.3565508819742,350.9342034864105,0.033165468783932894,52.225881930801876,0.22394063009747622,5.579769740755557,0.7773154003796305,0.04046882334457358,0.23820187115536573,0.08082585038227563,34.690067654539504,0.133328038268405,1608.333613757912,50.204437062116206,0.07718389670970804,0.16681202018890673,182.33407498093777,0.07856396151577627,0.01638653993306516,0.03924326530099709,0.09193229481898424,0.6852109602127916,0.4319579106071991,0.06586333607254158,0.1554415853234934,0.003004774694969292,0.1317775352266901,0.25476385522166645,0.5832202166767244,18.69165974539898,2.801322791968623,-0.007319938195280429,0.010264770350239871,55.3673639417668,73.94809042040977,4.0556017484240385,1.3606608333710097,0.01661438915984803,3.095981851929123,0.032295391962883,0.02944008814635435,0.022506421041153857,-0.0024524343877274646,0.01173671055547576
0.03199574175163722,86.40559147692366,0.06899056898902511,0.025954590778358266,0.21064171936443277,2497.549523552077,300.6255004330833,4.602919881689798,5.8052486811351764,0.04740290936222724,0.08969735829393066,1.3825170706823462,469.1160123037847,330.07771109151736,0.020224482173325065,3.152267772272535,1.0206473642562415,1.5958519360104457,0.22579807290154896,0.050303733462558675,1.2702781153917684,0.11263575162307227,84.25657062889546,0.06182684965585228,2539.5308626374094,10.267850364628039,0.20338130541953792,0.0010244146048794533,138.12483217673292,1.3705526177657381,0.12507997244415048,0.10976272873277626,0.2533308085016017,0.4297809691721408,0.052859128428781155,0.17502821884884678,0.022707675275125183,0.5086648419826743,-0.004957001590344845,0.09962234545431858,0.12389466328311993,0.8349832710495297,0.07184288798071492,-0.0015162875268579512,0.04750748073722377,57.35936651224624,147.51467855021295,0.26020553479542485,0.20998852782499888,0.33063077880540437,1.3292848555156835,0.18931711902334936,0.0042595318091107615,-0.0024970353506619247,0.03302384394163038,0.011751730860170007
0.04904159090818716,94.59567499808988,0.17735011209219653,0.03755838962548097,0.4300912702138566,1427.1871271136793,581.4712080341812,1.491875451644752,4.568029004576158,1.2976365777193255,0.05830307347919028,23.19493961293112,290.2091882012811,259.6411676365994,0.004052661559140525,68.07720490085532,1.821351569717268,0.11166395870109991,-0.0017347813549388746,0.4085304875895286,5.295740246450607,0.07552581811774228,84.78434006037527,0.0709367487114454,2121.3807216539767,38.97576331063525,0.11223722168333605,0.11078832338166222,319.3512106277335,0.07711922895025669,0.00601701241958974,0.0021295871987474513,0.021765755614969073,0.9868977461062061,9.01509378298461,0.08485579895732709,-0.015123323590215954,0.14502310896426973,0.03118364571460841,2.1714114086821965,3.0542896613495847,1.1349875628358266,0.6212473677611401,0.01808216210176905,0.058644810299238515,0.7639855032489669,34.96850023335367,95.25051831778923,7.771608776574696,0.001026704605677331,3.4047827245798947,0.11075643622225595,0.040232517728255424,0.12971789847329696,0.07024233586769046,0.08010693254888324
0.032889372736598865,146.88416988658315,0.04950718665091802,-0.0010529396298890603,0.09089506662160307,549.8056671600185,141.98360364340553,0.5003506997688518,8.86841899409853,3.6773767413755154,0.20204754640406186,0.6203075569061909,112.26328736465895,106.46659545056083,0.020745021958252785,2.7983641995894937,1.241148873485181,3.236306446512155,0.775144927707669,8.47392871225059,1.53976721300429,0.32194575920353063,151.03089601172792,0.828775459373654,675.2570501591467,1.2965060620271993,0.6141210908960648,0.11516124551736695,68.8987071446552,0.07330584529247641,0.11873221050857286,0.2556621414672273,3.0777073072034336,0.6281818312471863,0.616151754599291,1.722738040376604,0.012806455182593268,0.06089055090015183,0.3050308276167195,1.6648790187792786,2.578262849309369,4.092422430163583,0.36691925188671615,0.011335424433378982,0.22307094922982262,7.2390241342765735,22.318160969862888,4.72647995455756,1.9159999120735298,0.05699816092676446,7.0081136380509745,0.01620940480963995,0.03214420361991355,0.014837216686976795,0.24697447412512208,0.050561348599734046
0.02701593760945542,122.50499463858145,0.021193538228498454,0.05073046013608362,0.758668351475027,843.8110586152009,24.640537662702734,1.6311912687730068,10.414414419362455,0.009928961448023799,0.006748883556834784,0.8878643223805209,209.2404973615597,127.17228980107154,0.017163373739567334,41.184824798400435,1.3228421581474148,1.127577799012613,0.08716532586648462,6.142542314882837,0.24159462342401028,0.002182162009161104,133.1933987168333,0.2676255932720668,713.2844041586907,25.96304756230853,0.13239611342441648,0.08535519541459635,1.6828349421286184,0.13987840091909298,0.02018849159649072,0.0031325561779169675,0.06341460632523166,0.22087764244732355,2.170830902045614,0.01003525713117881,0.04530476123187732,-0.011019229607395431,-0.0002910643243083655,1.3690201187560795,0.7314816426827626,5.192426466598047,0.15486091406018332,0.019123448554248412,0.132572164483312,46.00383793745646,84.59190201306129,12.618882133471384,3.801169622005858,0.07935705538030469,4.729490580575458,0.168293269612807,-0.0034273853929409626,-0.006428323883282516,0.016200748880006444,0.043135451479514586
0.13386291398172734,158.53982394641127,0.012459621644162588,0.06185068186235032,-0.002522285846949579,712.7516491677912,58.94547697168541,1.331743892346199,15.700989587057208,5.48980105997495,0.1731031114547834,0.49914036253394567,255.20325535083455,149.45364636966835,0.005372307029234413,18.618763034480825,0.33238389464708984,0.23833792768023887,0.20625939158160644,1.5103794075620227,0.57928276902281,0.10324691398889119,161.35740497282396,0.061599340965151406,846.988292830429,29.95693254037669,0.164242583375942,0.19702902808236633,10.459938548824386,0.09175732462567421,0.0016964213724115496,-0.014644417959694955,0.0025203819913901526,0.15048721655081732,0.5853579484161626,0.32639097990529375,0.018555582977527685,0.04350031091771367,-0.00270220679222799,0.8825610353678455,1.7036260419883815,0.18542019530717102,3.3431783604546927,0.04063534638071342,0.012282715957838697,12.572216135385975,63.1519803876417,25.74442759458273,2.490937463263605,0.6187074837140711,5.434881099947892,0.0851476850598365,0.0216418271430312,0.0007424993711255823,0.002600808199132665,0.01989031783435724
0.08015460629499227,6.834695821492693,-0.01991249339365897,0.031662411934545,3.4913137668535805,450.47108715540395,163.63556156018458,0.27801501058421163,0.1373536296094935,5.950838360621733,0.046899770838783716,0.8120832160055222,68.01106851818788,185.3611003125253,0.028084932317606004,49.0839701362882,1.6131748547150133,0.44319388982912944,0.19548226721154993,0.8210141890324403,1.4706621294407247,-0.017734336194873634,4.813500157102685,0.12178646743350274,283.0341325378185,18.51582868372901,0.028884540961723992,0.026815290217816035,86.35992164534244,1.172703126023312,0.3252847196844657,0.04671018109170877,0.1259020146519978,2.4410943419922235,0.11204089726407052,0.42504361712184124,0.004746703944997321,0.4674216348831086,0.07210308995071024,0.7529841377066449,1.082867470430707,6.980972092817251,4.493077411950609,0.10305515792535935,0.0716829168665436,1.2125597528544265,197.91764590489117,22.42747579389746,8.120925845309166,0.09380787664681467,3.073103556441178,0.08743859634197904,0.008813669338937125,-0.0017263331468608811,0.027181632101817677,0.02903621974020698
0.02157112191456534,75.28608674168012,0.16845702599599477,0.044428700044171876,0.1885594739085592,2180.3932353555406,176.42312507663576,16.003771408974607,0.1905383446727491,1.626429529614473,0.12464968202129434,21.4482966426109,341.11943707549955,204.3581360101254,0.01701066837529197,71.47716801594594,2.833059176964696,1.1494709373423984,0.14976554493502192,9.673015778424068,0.6298621017412565,0.1418101168185597,67.16315808859807,0.6491779672855449,2390.62068281686,28.80536602621447,0.12168576139356091,0.035733415206167685,73.42395139253468,0.011529115483761565,0.04123071463360173,0.014033365137848364,3.4052682777452414,0.07481102182820898,8.031011722377956,0.2987676395253951,0.02197596979660066,0.11083589048390241,0.46678837048729616,0.13200129541369598,0.49857188536290487,17.53114300978963,2.0699184950518825,0.03121636328441113,0.0385253559804104,50.01725014027136,87.13895738730218,15.125885977281113,10.488206068957323,0.010701515323298771,1.1421902470270622,0.7313356046749178,0.016086889049847564,0.019236828475480472,0.10959296223315906,0.030704855287305044
0.09867573526752782,94.94130976351362,0.024334973247450264,-0.0030218938821251484,0.02300074408001329,1479.3239306389996,225.6846719130723,14.627534186214522,2.112866179189793,0.24215585938340745,0.0739275007937561,18.74180388524019,767.1105222372049,504.7255973204608,0.004357773754740002,15.353068247232205,2.462612467019216,2.221482228928391,0.3454879728688791,1.471363918511594,0.12645693937890012,0.16709603567134756,94.7690855530335,0.014660015443142882,2238.67862161985,1.21392206181903,-0.0005564881998498805,0.05793836656423501,115.22264488657522,0.03436651705391913,0.03682100798102361,0.004068170213348488,0.742551673075976,0.04884866016638956,1.9044755024719757,0.2810318945475334,0.003161744786035925,0.10891226913314256,0.09443468559403279,1.9804263155194217,1.5992850486984773,14.543576228661696,0.04318073305175574,0.19445263458845474,0.14578348103494143,17.130002284586336,199.35214002598258,24.618218598348705,1.3110243252010125,0.11793420399997423,5.0640909730718136,0.021497656265866638,0.043227974361996324,0.04409069503145613,0.024197780137610536,0.026272341733007742
0.058513554701081105,18.575404594820807,0.06895836322896454,0.04066221159983208,0.0006443197561711855,409.5642595366221,218.3274698966289,2.890859032825711,0.009361264924444335,0.5547749970329026,0.03185548150770412,1.3526324714090885,109.46066786099007,97.5693947688709,0.016165865889229636,51.87871443127143,0.7994031109897772,0.9825976465476502,0.04644356576550113,4.782073905479946,1.9630142655824105,0.04340780174114389,32.330235822515206,0.8873917486354248,190.8325890459593,0.15464206475887643,0.008792734222628162,0.03890058829556686,129.70707960366536,0.08095735857297903,0.12847126033125456,0.0009713311563572802,0.1308986639954135,1.5432324461642901,3.321428335733735,0.14630452495299107,0.035427128124128515,0.00471964949083592,0.06841334642741881,0.1980412139197707,0.20570962971245788,1.2007351647474485,0.5278656581320309,0.010190486084208139,0.011145852763339015,0.34017564975945724,31.99705655984585,55.5309838452891,5.506485481516556,-0.005867612196505334,0.039135356466537985,0.031991367292878437,0.03518400771129215,0.021661709909388982,-0.012205138820041483,0.02902154728320383
0.055235640349637016,18.422994200881725,0.0670025523149187,0.06405221585835541,0.04589888100280248,23.792140834293704,175.4389497401568,0.5873440649542729,14.390919930759873,1.6355841904994897,0.006385796677320421,0.09744223591416912,70.26755628965873,1.7698022228140289,0.03291157277949086,0.6509486861599516,1.0706783028887834,1.127969361738331,0.0868392681979282,2.9214618381250634,0.539084477564451,0.017394898032183193,11.502046055002866,0.639299047967314,31.14840472621428,36.660740917368265,0.043326909655765355,-0.004589647748434622,78.60696849117178,0.16636847047484515,0.030964732257156236,0.010820727807273833,2.010914656716648,0.17662526428747682,2.701497456891552,0.41625984873020894,0.008900615863459471,0.023853316266251312,0.010562812271420086,0.9789682487685951,2.0397069754624084,7.198398175904664,0.11358096229148451,0.1465926747900177,0.017221885747273902,0.38829115394381564,120.13584366552124,1.3030242112762913,5.742682771628424,0.6387335447501732,4.7550760478596406,0.35609503425342837,0.002258950663562409,0.004118417268570873,0.007623546620531663,0.047949171896418896
0.08942457987930741,179.1323565652138,0.02695178625154071,0.06928956151705634,0.4437666197715817,27.513709114264994,225.99271725857818,17.04517066767803,0.5049258338463174,0.1395626612337182,0.18294179446998537,1.9992950113509425,164.6443414650473,163.07640816221428,0.0033439013963247888,54.624110279398955,1.9834284684136962,2.9623781563242586,0.01890432083830529,3.2802762252231323,6.305219056979852,0.0622334360681851,167.27787212023676,0.306490753162584,200.14322179236814,33.90552742455675,0.26790305821251703,0.09458447946005766,120.32740029582358,0.11264423982353389,0.05915434905161465,0.01022684008694874,0.4425831590321012,0.7526511744556874,1.584363241518294,1.5298373777245518,0.7246011674306763,0.02711624710768934,0.11091574398121207,0.4634060813506071,-0.006871824149475181,17.15522473194972,0.4320348848219595,0.026084326369365307,0.011099749837240047,27.68943227829511,1.4264686723160933,28.406461290877946,1.2903546845276903,0.05296682775605799,6.415841023837701,-0.00489203025643814,0.038199419707690474,0.0852121548645961,0.043126354427015734,0.03402945145742997
0.026053912158652714,99.73883539965108,0.07482219461735617,0.06365387871001271,0.005280145607152953,119.28156855415317,710.4206786008016,5.672271695647723,-0.010056269716766764,3.3599138065577314,0.07137978931417788,6.377442841825584,356.82833378430877,263.3705519928957,-0.0018221662141648665,41.50321591313258,1.8674530856999638,1.0130708608472796,1.4624110267113002,1.5629059815976305,2.2823095934636584,0.09211452472240289,100.20363373307937,0.1793531794517813,784.6995711053304,46.975213391093135,0.1036437235186618,0.23301629148219227,382.1359335853068,0.11575083990221735,0.08202766299193165,0.06647332672089235,1.695213071744746,0.06085593734477257,3.789269676110992,0.5365593953393084,-0.0043546332768649165,0.07219434934349245,0.0277318663572661,0.40075604293798683,0.0742135167182445,2.4168211061285483,0.8277062891124283,0.02467023987073169,0.011184194407555914,9.816894885987896,2.4397326381455855,103.27671546503817,11.41555534076469,0.42497152970621777,6.461117698859184,0.5004136359303732,0.012021009726563392,0.005418805308369912,0.03009670894365879,0.030844866437623963
0.04834527781169129,117.24026164331869,0.04036615593398185,0.0628207947676458,0.03913717194419153,264.5557238254524,66.19461411473496,14.027879210381315,20.38344486917119,0.0012235770678037383,-0.001143428416248149,5.603530251203234,201.5336222629535,92.1565584442309,0.00810828800025476,50.56434842806106,0.4452818747964562,0.10353801744744562,0.18844446539931603,4.921411876906128,1.3938602154116815,0.20250563131113708,117.80030978342451,0.0022870496345408498,34.72224508793152,8.327653622836493,0.0032831952951903887,0.02580999418393848,27.770049007043447,0.21584542188022127,0.08587126848441962,0.09892944766334377,0.33649490316626274,0.28903828347312643,9.235180461160624,0.2327169536293736,0.006379307350226071,0.04191178747298263,0.055674878505026726,0.8965129471487945,0.21565765242354473,10.76804918125837,0.35131668349953404,0.025463832771153605,0.018905592533537074,12.95268916652903,159.33970133326375,0.2714143755399725,9.10967341816922,0.10854784089185099,22.971233940339086,0.01833979535160246,0.03815725212299004,0.03493126986468642,0.08870807373869827,0.1041364465550858
0.04186836191711851,223.19162079218364,-0.005758364587212128,0.041961867549075826,0.030390280249066315,1216.668372334753,160.02476515495684,0.6549897040794663,14.730000998521007,0.2821526743685947,0.016591539246996412,0.12961126933552514,485.03940734823465,280.65604281442734,0.025238519037972473,35.11476994124224,1.5335680300460055,0.21693292108453477,0.030097792855410255,0.7196171341262012,3.3519122147810654,0.1496809230000853,224.14954808114905,0.08078186155452816,1564.1299706533314,4.435049703581325,0.15825227527800934,0.02701968682471545,74.31043213232407,0.6034236224359875,0.16181865631643166,0.024067983939572102,0.18906854610052903,0.5895051590378921,5.972947363512257,0.08730029657991167,0.0881073086970332,0.0336221606541498,0.04696262781300309,0.020589633749094283,0.5077327804775944,0.41532565740813343,0.7974700900637801,-0.005426892036630271,0.0017995642945445312,45.5899782435304,248.73050942420124,1.2170802965531804,8.582319145312997,-0.008114016849266825,12.034644973291645,0.25402017195023774,0.018345899810815247,0.032486675300977375,0.006926199197029526,0.02609402121974913
0.19345742256580056,373.22838900869573,0.030478614475238253,0.017368939710296516,0.1532656901056706,1521.4714070787709,105.92922420039865,11.334346337545384,0.7515024835478679,0.5338473882042436,0.023506118409287957,1.5657223621730818,258.80706504223764,300.71490576404614,0.004316121615745239,3.1892094380924325,1.7559572771104195,3.691188869862599,0.7669661447565188,4.211398590689172,3.5017570936055646,0.06758287533422269,367.3414803520057,0.1283668743349482,1514.4584614278044,19.990378130100815,0.26227438954546756,0.25942352508246547,49.73716192027439,0.24436979737211662,0.07181726094762375,0.10854322548850615,0.5249848351841502,0.3159248549072968,0.6513300399233968,0.48590797781955875,-0.0021076522399985365,0.12140923931006764,0.28110507496748927,0.04686606626665313,0.3438090825778275,10.851872831432026,0.42895695611958296,0.04594578921617298,0.1764875307880569,7.214472946356591,125.8061836625027,2.880876494444883,0.49552919734048473,0.008779880029670117,0.9653672368262081,-0.0019003570373428147,0.07875690706140848,0.0823652922401159,0.02425606136571279,0.051287730222766115
0.04165428159635809,488.0058711943414,0.30851396577895507,0.41063298045212004,0.033713637050649226,1001.81553784643,0.7875672542906491,4.32725308855551,7.8314892351738195,0.14620297943172567,0.07546538320528029,3.9137416980215285,322.268469791957,284.5946211105645,0.00222633921821469,45.93467133935002,1.117764785251011,1.1113774902712317,0.15894206977690217,2.6964290640481474,11.160036265109646,0.10082515591781949,471.9514548124663,0.4654900333318812,1050.8814767807505,21.66080969229508,0.02411157368724659,0.2568716373715372,13.65732248092878,-0.0031977576006045894,0.09426315704022414,0.06850898090412905,0.0759664890473628,0.020292680512977945,0.34470002512899,1.3156008978367844,0.009100818461687865,-0.010788122810238221,0.11890390420400809,0.10882760434482108,0.8154235332444637,4.156771370905517,0.15151084558537153,0.3268974140997454,0.3885346168489967,28.72501560430013,53.87254144421705,33.546940597717224,1.4326443636937842,0.17551346862097272,2.7666391582272087,-0.0010201419963555836,0.03625625023266288,0.056880690044740057,0.09706337168460877,0.03578346470643545
0.040285507327328496,265.64848703693656,0.01969822040548408,0.007285188673066045,0.4625459109301655,815.789626131129,86.73738023303652,4.731395924407794,5.4852025778303375,0.10251079063740409,0.03649730116102301,0.11257899256995785,57.03527316743317,3.5095109662395476,0.0015068739053667457,23.21881949631384,1.314129826569303,1.8601000739810978,0.250405312841969,0.38040961814146357,6.20165989292447,0.0429773207575046,249.8521188840428,0.1580903217472054,916.3979196946716,3.4113783239390827,0.01177692486027393,0.013075258383624444,30.115232694068204,0.200466943401028,0.03554087786799709,0.013853613289771083,0.22160129140359786,0.9990152887591499,0.5397171051440903,0.18709305779088936,0.0767113801455821,0.14493298727034265,0.05666888009174098,0.13031485376790375,0.16785425705928514,11.166486445311127,1.02453071261764,0.024944558690402907,0.03299363910812758,41.195277005630096,70.72307967445295,12.829423807474692,0.8328547489291234,0.5425974298974703,6.626066112251589,0.1098808442507071,0.017248856986070038,0.02175073279989803,0.02505454676222385,0.11034199041786596
0.061892244000163466,215.74135254448177,0.04642036059325694,0.02118200717225438,0.1816414787589169,45.337907318755214,47.908706716685685,10.27670889949378,0.5907679219297242,0.014316449049072588,0.020647256226505206,0.23585316092749142,152.62258727711136,127.57409500000202,0.015215762494064755,8.497910528621372,1.4435535381587687,0.7819049681754411,0.13041268077155532,1.135284504491663,1.9981113242349497,0.15669702728459622,206.45560716388354,0.20566991694302938,95.45422211920874,18.754719317062865,0.0370072093795466,0.009200897106652839,18.75912407576428,0.39328208564482736,0.056221723442871685,-0.0002754553744557242,0.04389301989810601,1.817758783504809,2.1169484693449654,0.44184813477346996,0.004722432109733887,0.6765719308986284,0.13005397761590753,0.2803183753660239,1.3413567030525693,6.837253768776992,2.0427488919693397,0.000820803623801325,0.017945312321054452,44.080161535464285,12.576386061276224,1.030878412271048,2.5305808696907492,0.12085785325652232,3.001646475321354,-0.0006935212458607509,0.0018105805567580902,0.014432556498325866,0.09126533382575364,0.11905084991995096
0.036280155578664264,110.89188722595347,0.09511784293137637,0.16036627268217707,0.019265138563563156,184.09787735602538,367.29415052329824,4.963448079721468,18.217727855046473,0.9106856662955174,0.11334515923392363,10.536789705366031,210.64172192483818,71.0051202064021,0.01587796438314726,40.18857228293355,2.362841264679999,2.3064440713596888,0.6026013798448426,15.697713353507659,0.619765176413039,0.204429607106003,95.01737582598884,1.1730762519573759,568.8571916933561,96.72912633168804,0.7643611726965185,0.09890424148415722,191.9439239515824,0.651249807692662,0.02030890807722141,0.02978779325580483,0.6169499672687415,0.8176191671753026,0.4620214323677434,0.08478327437806499,0.0212329706058485,0.1518401768994586,-0.002774924568716308,0.2712921179546903,0.05007351397955073,13.856792068337779,6.393468266547332,0.08797172723007485,0.13309409880658762,14.922614749315226,115.61856566763225,37.19477098265145,1.2199908962777046,0.0539160828773646,0.5805803658780944,0.2769613956330277,-0.004667839260713791,0.04635892930939711,0.2456455691289836,0.02001780353322591
0.2229798336896769,148.16656085710164,0.0809130304145258,0.013345804751530466,-0.002037298954656208,2135.549162236528,146.1110675378679,5.690211592060451,29.724250474257726,0.696721657259407,0.07345422364235255,23.321949170505597,943.2303079924851,744.1137602270932,0.03287078122374876,50.976375595021565,0.6109293036203942,0.31323903376708895,0.04603852582679657,5.556717357522014,3.110934369299101,0.09434156215880485,147.43154414653782,-0.0054667729219799455,2550.7010580730903,36.59338321541691,0.4772505898531545,0.0217284179563082,83.82596242917077,-0.0040939610962089645,-0.005579059019403587,0.020787115726681016,0.6960537771907651,1.018154156752158,2.691468686439258,0.13217388038583433,-0.004141442617797253,0.34664378334612955,0.03501940615805488,1.1658624343952244,0.5370830402078877,8.147560346998056,0.5009788309817367,0.005764055523125755,0.19628462720020767,17.877965859969354,24.38111697101556,30.761061459188785,2.7252709844499217,0.6770029966620035,13.764793919487222,0.0005042084441351236,0.013668566592122566,0.029221548228756333,0.03256118985933387,-0.006605639644981842
0.005270375156061213,187.79403433835722,0.03330297467310572,0.0517526191693749,0.5353738233068821,2229.0096774441836,117.6140112262313,1.4580247829072102,4.648813754173629,1.553768369944728,0.06640241388853596,34.34223848973134,294.8143054100171,211.60401752855296,0.019968183781202242,107.08183575479694,1.2312799880001473,0.6981636595798273,0.07122471302053945,7.702509413656189,8.199214026628784,0.3050330190156769,166.2625433774326,1.2837235189597278,2495.74698820447,23.849284091683266,0.03802052675260992,0.06708762420894043,33.380747717343716,0.037108196220074774,0.1417895866365022,0.012484309379551917,0.916579159552608,2.308586657766014,3.8312457462501417,0.5140936344642393,0.035287200972900834,-0.01993058569296302,0.10035483792539246,4.281045764666818,3.5433889796074673,11.559753270368683,5.7633607443888355,0.047588135414977195,0.059148868863596604,11.232976052659014,29.25619803664928,35.47199798103435,2.518808379381479,0.3322093887236859,0.6089016008012109,0.21815929018018743,-0.00011963440558027116,0.03453253613054219,0.11902361501980785,0.10141070045835576
0.0317947891725856,58.87692125446512,0.007261868511996283,0.004670908237998539,0.019619756653440845,1711.4096299053201,254.60918271990045,0.2195617023588321,4.293849618796496,8.860945927817504,0.20117108248480875,18.68896068961198,239.33548238190417,229.66086597776535,-0.0017831826184160349,5.582322221646073,3.5625596517601688,0.9396164686592554,0.02072138371020671,2.602953041290002,1.8706992066307144,0.09946560814810912,65.12362165209105,0.09578307649048412,1456.6681742261324,13.946934127011321,1.2475651333309576,0.03284412395054925,133.1116234430436,1.0427676753579211,0.26552459361622205,0.19444482792228257,0.7094464437061676,0.39901737385295544,0.37437012942766756,0.5070189774821303,0.010719833100204745,0.6023050835977308,0.07210159483295886,0.6904156495286653,2.148675385626442,0.6646062543695033,1.0105956347630674,0.011524918546236051,0.02597351547585891,14.720526427853148,39.40350798209346,30.961883273210546,8.114559099791595,0.3812320056481635,6.05748325168724,0.4227939214032155,0.026497606804607443,0.011321820533114924,-0.04200516423745526,-0.025570943814367197
0.0019381582462489888,125.01944387294496,0.02587978134880764,0.005490524505670891,0.13139605596302317,552.491549474907,323.49093581884836,0.07296456906454019,13.631348858866692,3.569267508883323,0.008963883910837467,0.43859903220514695,241.46752101110476,193.9873768451207,0.007696703088209134,30.12037321807596,0.016790139553759076,0.5506348353735255,0.21844561177272936,1.1406151805894265,0.7168671994058364,0.024205128282503097,122.34709950134605,0.2727033855264711,228.1319855762723,63.914386257118075,0.6199834347513438,0.09245567137300625,156.99559016077114,0.38220892414614127,0.0038196043185205752,0.0009760945060151016,0.05829389429109888,0.06494019241433335,0.4255740705645703,0.22667013676778858,-0.0862216693316924,0.10900195523761624,0.013723810726650854,0.0945629197440443,0.0012323764001003212,4.191623609372032,4.509995160514295,-0.003924218335603413,0.019789738811343938,3.848811258543506,31.720797011122556,14.369971974217433,0.2820520664795563,0.00836952834135829,0.9967415872040704,0.008421754409797089,0.01841560088888272,0.011735014861042004,0.008624319522880342,0.0234745742769622
0.07442775156874593,79.35247818701086,0.4664417273964494,0.5439635556053792,0.48829704632842574,2386.3551714051778,344.3601711026942,7.235468245075624,1.0168235397355119,1.6236517575849119,0.024315572106270444,6.052163488319782,269.01077973290734,353.5938323225019,-0.0027823159980062684,54.84940749095234,1.0292172871785858,0.5486480677673651,0.07536010994459375,3.383702376475587,1.8066307485704023,0.26183938439461496,71.25541330392397,1.082338458133977,1831.815164469696,0.1946674943873088,0.6789216693250095,0.03250253204782272,165.11112420211393,0.3874755674179067,0.3358629122004695,0.03288982209659075,0.5309382188834899,0.34110056300193126,2.896671058523647,0.6459292608512675,0.015254131688560157,0.11402853030275661,0.12312183131458365,0.3012787590914101,0.06161454515231224,13.111427620085784,1.2819001904330047,0.013259098600872044,0.02384232153989263,66.16424085930208,166.35201230592202,4.873800437159132,0.46069407811361796,0.37146692529499425,0.6202041170831771,0.0291145794663068,0.005279992073969453,0.014501944471407846,0.014843847731588866,0.05099923264770467
0.033190091923896325,107.85220424344149,0.09179678634133204,-0.0017601628212187137,0.21553263972816517,1661.708507858214,420.60957414459256,1.1198991664564257,22.978699313812598,1.6459698625641597,0.0733510599147067,11.004897655570527,145.30074340418412,11.415152108767849,0.011159269104087599,118.94628242195188,1.2409504675400829,0.9580819905673454,0.007009124078962259,1.611893490620095,2.3619272533091493,0.14317049506051482,100.7633599727821,0.1973620056648766,917.4651788116774,75.17156257810267,0.3697401484156382,0.02786163682392484,222.30341763219346,0.11814326868139524,0.007623046500383701,0.01071035304352641,0.020325882253373173,0.5269091217747519,4.095782750917818,0.25391575546438894,-0.0075233615924990005,0.05129101889155141,0.04653834590471373,0.27670941846424046,0.3173671172174135,1.7219038477360638,7.145194319906224,-0.0012711033127503768,-0.016711972955783416,40.482335641674425,141.8049776119317,59.52110503386825,8.644626019913485,0.11817730392883963,1.8110784234870732,0.1077444595318271,0.014029965427344138,0.0014021107106714226,-0.017568937290732833,-0.009795922939721535
0.08710399857232254,78.17714660581709,0.029085515672909956,0.026932461424395093,0.2046559203534546,3218.8231636742944,402.50411668957713,0.44118198983069146,0.7956639079988799,0.6057188407150695,0.04929666332941807,14.505959141582004,397.7672123359652,327.48102997443647,0.003959884459153962,20.332622544042792,3.7041011583254386,2.9543153201314967,0.027400275494104065,0.979785285738699,1.0660729233911912,-0.00675661630023594,74.12396715184146,0.19438207698668375,2981.4108122982925,17.573703518298302,0.16444098192005896,0.1935457269946177,202.09856904231373,0.19522287542906192,0.01931151469543213,0.010968727041163362,1.9399512128831748,0.31015027424455965,1.0294525220076585,0.2528619969356223,-0.04504611896666244,0.4570657883827529,0.02374399167342034,0.026451634985653172,0.024167661264166362,5.7874757853958725,1.648662366647546,0.040710364223658146,0.03992889974968428,80.78767712500137,21.121354492088262,22.068787499201928,0.08325479711571493,0.23979586380333195,6.528714866392597,0.18312711859907527,0.058231776188573114,0.017491199936272572,0.0428761267526081,0.023669214859284082
0.02796960649639324,70.57388090695741,0.014424085414013632,0.06702543842989428,0.10659750225358522,1376.2568411042203,143.79017724880373,0.028386754950095572,26.637992933936687,1.2729349613172332,0.028867882133895684,3.901523383805513,113.39813626779095,160.43524686812046,-0.0032900257652839215,16.109002003522427,1.2707437994345483,2.6389973012167243,0.8315021198464114,0.2774303598400465,1.4677778413924223,0.09325307129915572,72.81805196041876,0.13430995923971434,1248.694879281389,86.34365152193287,0.10351733432462584,0.03000158369450645,54.032283934255894,0.2707459055890462,0.036493642983483454,0.052406551830709525,0.130978642457368,3.5855194939318746,0.05607566402824382,0.6886301045134093,0.05912248180635604,0.11550357966123137,0.0101496042769611,-0.005300390089566065,0.35287861997714387,12.216040196008096,15.426096297220552,-0.00540542926623111,0.01066522439741302,46.353503279505674,56.92137938610456,18.045860685604417,2.7168058053328874,0.09446803607041865,5.943026559938479,0.5300918629838591,0.024060185068023543,0.02338938096680465,-0.005116043997423603,0.03913294967722525
0.12095138547070228,154.07778058908775,0.02355456517752863,-0.0017354249983165815,3.131896036051905,1866.011731966296,10.593949471091982,1.4894704850151639,3.2421513001351636,0.8887004372960741,0.09813179862102128,17.783838767627557,290.62469051576517,286.36572153926176,0.012358361910376203,22.208606979023852,0.1712241588162291,0.4083747985595787,1.205632981763915,3.2991684799203833,0.6196682970887109,0.06319923271195194,162.05366828533838,0.018322902875236302,1799.5391448421615,34.10027562720737,-0.02787048925419544,0.01319183911296573,0.07839971500819143,0.12728054615803597,0.03402771243583125,0.009475393344628102,0.008406835768109744,2.68650609077865,1.5882496935034354,0.22316333739745176,-0.029111573046594508,0.051017722554090206,0.011996202083561336,0.43262297261156313,0.07160296462178461,6.065535786900697,2.2826101589943466,0.01889708125882006,0.03744395265063716,8.356135835685997,72.91317851430895,11.181544299031984,0.3025951665395068,0.0795177405881704,2.2551157389824317,1.793677207053629,0.02699612442147803,0.005257046710887003,0.02927679245639503,0.046495127811431836
0.02258802230341761,79.87320153897991,0.055420944372015946,0.037459098991878825,0.04280074255401978,3054.0798346310366,133.81323459420463,0.26252382963568444,4.1786181283906165,1.6336299794257654,0.05112144269025887,18.716000925154553,728.732295785589,626.7468422491736,0.0025626696955312056,7.5509451458498225,2.7138399709078866,0.14749017755170524,0.30936755444750386,0.3652667003664254,1.1231559605498438,0.03469712880672304,76.50410382441774,0.015345872511960401,3144.3398804458684,55.691844322646226,0.018068375847151152,0.007639962291504432,56.690323292925186,0.3010651430014173,0.014597697329192805,0.018218935341789866,0.12284587132934544,0.8120193331018664,0.12790063853007183,0.6795103950382906,-0.05767206284423043,0.031746572791607974,0.029426569484423126,1.0525506484557674,0.8436350066990066,2.651053935380017,1.2816014617801352,0.030307727058286993,0.025977323634656102,0.2594911667294211,12.35391936004434,2.77023040685346,1.7324300451574208,1.033962065283701,0.29086009996965956,0.08904962229977098,0.017926798443604675,0.01774722053457989,0.01595506801479285,0.017355978360289015
0.008137209176847016,0.7248122441849398,0.031571901029497695,0.07294617492255284,0.7478460333705046,1571.4739793162191,154.95418701827614,10.724987679647208,0.3265213450926794,0.11045159417588657,0.010013592008689898,2.4684221057919586,24.619932545993265,137.0447206904452,9.581562673943722e-05,1.8284016467777775,0.545035139846874,2.156443464164619,0.13997824473404652,0.7672899649713116,2.126118952094604,0.15979831624118024,2.2790026652510633,0.1950482002649414,1207.3930161192277,13.947619881149224,0.3047462534286556,0.19718860901241797,55.51583045339544,0.19795407878967008,0.007255361728461196,0.013592278618769882,0.050746492641408736,0.17733394625418697,3.1908077736672418,0.19160805455424512,0.009596939214999267,0.0030040057160052314,0.003683915440177543,0.3710224071458885,0.5400151707419205,14.466103665494208,1.3758756304400697,0.036026238746190486,0.10135285283665141,30.47310274396081,159.4316745104773,26.53962424084353,2.7422583732846757,0.2253580365586556,3.2548336470242862,1.235176248322114,-0.0025295793526645127,-0.0008397814731830877,0.11053390928649165,0.05143298911686145
0.2253024988611685,234.6665385753873,0.0356635399853138,0.018713394404552552,0.05802291203470844,665.1803809596184,79.00834320470148,6.698137404851423,1.8734615169627258,1.6992291883951367,0.03422790402885134,0.024033684585709203,119.53252020677812,153.18186857727392,0.011740817246812085,51.86546997689395,0.5693103969901276,0.7047396516592395,0.07737469318986268,2.986916872542057,0.68554542854105,0.008256458064153094,237.64481773863602,0.22222295366394462,445.7060146244462,36.07116474343018,0.1836958017024335,0.07945600723541002,46.512334032679284,1.2211406691064468,0.3436962366796026,0.5244751503369773,0.17121372385302713,1.1741040696210971,1.882208145574344,0.11554196683100137,-0.018175883980740437,0.04620154078720429,-0.0017403515191265484,5.008344777215822,6.177437876801195,16.284472219641238,5.705990406051338,0.05985714579011425,0.0018349105104764618,32.51444582086577,52.814745899431884,21.64889214426276,2.377857324064782,0.4987354207502559,1.7714213011700677,0.09931465614352053,0.011545692280413355,0.018586290031088026,0.022286305371776116,0.005395408629887299
0.042279366662256734,112.51914154052996,0.0384401419085485,0.0775248201344958,0.19804062378163234,199.035255230001,669.0274964222352,3.7930315264369856,9.26241298013609,1.3969773692830012,0.018622728382871045,13.397096044138467,632.5699116845306,428.8792693203747,-0.018092702939949135,67.0739141201837,0.7135246312221506,0.1405894275431958,0.3939516633828717,1.2908218296104108,4.023350213170373,0.10818136462182082,110.38449303709291,0.13180975066919842,1223.977116226525,42.99090017320397,0.4715629967841055,-0.001615338235044561,339.09961288242005,0.04614000240498761,0.023388309545651076,0.016105340860247175,0.3310534655594104,1.6562298587775954,0.09093265020058539,0.5045349430774415,0.02054642026445297,0.06365364248356187,0.04442301687954853,0.1724012587790531,0.3903853271264568,4.1994264644717685,0.6764002241858043,0.046401731190846895,0.10543513640200608,10.052231594554117,154.21727325335002,51.3227834387067,2.1030768665638604,0.2064731796921322,0.03568130859703267,0.1915895846739213,0.004566261699144647,0.014734420383351043,0.1245008700814676,0.032663697444256456
0.09918847147539367,138.0930251851768,0.020705983370323366,0.02195375141731226,0.11859536797699288,583.4041389812386,36.4313067134393,4.056712688367446,1.2862190521602166,2.556305200071506,0.2278257610293677,13.64718991728875,671.3604315167972,425.8775010557652,0.0023836690584779774,29.71498751650683,4.419567606072045,4.401152452736115,0.1500564661380963,0.16002235754676697,1.1189314004371518,0.008989303344841382,133.92226305312664,0.006249083001631739,1097.4448967565245,20.22657537903295,0.28713373269662323,0.3012748154161251,15.383593095184318,1.9855710088760619,0.30544139447663365,0.04904101472774869,0.43960412370082214,0.08444873044035006,0.21016560772493786,0.47952763355361494,0.014788645722625837,0.20425572638674794,0.11711693514684818,0.08958518872018839,0.41737854876085567,2.730117019556788,0.5080054531213953,-0.00908869946602664,-0.010730286661184252,24.877561812069025,201.64275508986347,0.12725780623233085,2.4138353113514945,0.061460922181348465,0.902362758225367,1.4470762907789565,0.0008204128125974819,0.010834590274362732,0.004652251971996257,0.0034546589305346487
0.06260453508861019,6.786001117390309,0.032163937319444,0.027419057598688568,0.0669065917250764,1002.4125457148697,268.0451296893946,0.4200618003640333,4.942667778552566,1.4393839456393227,0.027203911359833022,6.898136046866358,435.7836250668668,220.38497963486952,-0.0017931302291298579,45.596531845038406,0.4529200449733315,4.8666505987746325,0.033659762709969954,0.6691584578155796,0.6738480263570779,0.03788655241503491,5.5844017064394516,0.03572315826680761,1819.5187820087344,24.823024575769406,0.10120732912395791,0.061642794222588115,122.01608760817854,0.0124401975178845,-0.0029750918666282544,0.009537542239296037,0.25040817122799286,0.13631963183968576,2.4975671427327137,0.5212040691884301,0.02030060651799026,0.24716500059289181,0.026648703433392207,1.0464524891099805,0.41240195900781895,10.019254622261457,10.294320246692546,0.12666244887434353,0.08607424799502983,10.320012031615398,219.15550516294678,0.043522188227028025,4.582025695349047,0.039604905301522386,2.920168082045133,0.0143336707553674,0.009242866946957307,0.03800830997686422,0.007985640029339436,0.0074731657435638255
0.09733348948833154,257.3118764706092,0.027375564930473217,0.032825721775815,0.01513279755936825,238.91771712533597,88.26888916411725,14.142174353836252,0.06850636993879178,1.7300999314141556,0.022108640192595175,2.527739417800041,212.6399242139789,178.723806216069,-0.00032268806733348754,6.157466531259983,0.02428938925984081,0.15727512005657118,0.01054136345614154,10.734238532690293,12.907510455615368,0.07107403015647407,254.78824097169172,0.16092450181620244,390.3992673381313,12.729212347551998,0.05696870973923662,0.11855641939664174,43.90090037444512,0.740068495809652,-0.002182888545333661,-0.003143620077489473,0.9696283832836343,0.08941699613200793,5.689888077298461,0.04786392515412885,-0.0017760822473684712,0.01303528035075896,0.08596476830010147,0.6126270925490589,0.011185654540291523,26.278406695722865,6.3898567723619095,0.004770595285869206,0.07944885667618706,33.131198712442966,17.85584915955966,4.542192760508849,9.709767524939698,0.02998737138995189,0.06357910029899116,0.693958476410633,0.012498095909307949,0.025888213166998852,0.005299111882044016,0.02100446382629695
0.08419210507775254,91.02948465258248,0.028987373163396057,0.00692330378002648,0.11111076415767496,2929.5985137997536,403.88326704754326,23.78291085518258,0.37788604157181904,5.430618270859538,0.17714653513278122,12.87849468855172,557.0453509860363,436.2538689222526,-0.0015626685566951792,49.75215092070886,0.2823163441162224,4.216824538635116,0.020212570834593713,8.983971599007617,9.557530703917692,-0.00010534822684338252,86.36415507390703,0.03703191234629166,2746.0521421620742,15.871910467150228,0.8963878112750834,0.12595322135148646,195.7994841388447,0.3515177886104057,0.0025944320627573347,0.02937703794961255,0.009939593198804886,0.5661120138939415,1.6030626830112515,0.6500171732627784,0.0030273200243513543,0.44537216702678606,0.08960354675898774,0.38640594671297634,0.5724679207005146,20.823772138780726,0.5585809996846232,0.02855801112415879,0.08256986282362533,8.858679436533007,60.088805699307706,18.379288762340806,4.98156724639427,0.09638682895063688,0.07791796320609645,0.041897726337949415,0.02327531346276146,0.02820774302891227,-0.013311577150685316,0.1013358886533533
0.10189937070532551,88.61074824379779,0.056736463361574785,0.01605923020853428,0.0025815002639895113,1199.6960908430494,57.353370818501595,13.810663836737508,14.986549594835271,0.08489367355813915,0.11470690874569467,8.062078239770422,286.79336619281315,190.8375232225266,-0.008329030397407955,14.43635540538245,0.9502901480755623,0.7733246090137147,0.14688898518339588,6.261628392829993,1.6291448909892834,0.058287152698806466,75.26257662651314,0.5571719755999949,1606.4179882422986,39.96447809074487,0.4780989098381889,0.3762601262314016,59.26648001387819,0.24255812651286934,0.16005734941028926,0.10536090586048275,1.9835848017415927,0.015914986534743214,0.4897554121008172,-0.0006582138962816231,0.002666181825536462,0.021710147382535183,0.2534166465469436,-0.0006662459926243258,0.04561521911285116,12.24225853402163,2.078462331079728,0.018818965621965056,0.02056095876406694,27.24058328860536,81.33671280228494,69.99337888423776,1.034787812601671,0.12769203312538124,7.083630496807312,-0.003948362405577832,0.11641080036246798,0.1399650386590494,0.1152835607336753,0.03457707917156316
0.027286067135372072,170.09526608100686,0.07353222034215534,0.07592989856453158,0.05821269700533893,2828.442521439689,225.77188064281518,0.09052383673722719,0.8529249148799627,1.2090514628255944,0.223444623116543,1.7286549074989699,115.07892160476963,191.6121021163967,0.00357221344280223,75.81996804114101,5.520573251789091,0.4900118149151629,0.020475754254710488,3.592214158373376,7.627460961196179,0.01764203539736897,157.40821971266138,0.231502177606135,2471.1882803039907,23.847273433811456,0.022308156069052565,0.650584523432646,99.23272819842805,0.018168987968890882,0.029005681069115496,0.03553518742609185,1.2873051173688417,0.10676460239550067,1.2460995731528417,0.016207591514460162,-0.023532311212291823,0.47676835807536566,0.3924661546885577,0.06738835863283299,1.1579872051304507,3.6689375275399394,1.520357553849637,0.1200626290590936,0.1148712773542444,23.90038926254132,148.97774268985307,3.3399285308215463,4.755096674177168,0.014949142003137794,2.757888518821952,0.6216863741153658,0.04059931229770175,0.014451446668471313,0.017447546694104865,-0.0068506652979918314
0.15540708929539981,0.13591833138935083,0.008978555943971678,-0.0019135690122302762,0.7561812429008361,1.0010858714199369,448.21536812490314,4.563393867943541,0.718521518755856,0.16818726951049268,0.002164920063780329,7.999515647030908,134.95518806045965,76.71479515226603,0.02906368932140424,0.9248297867034632,0.8496280532705054,0.6561001057924338,0.19265840171704074,15.095432907179491,0.6464857590991375,0.04675514411203707,11.293667274656519,1.0105848459273927,525.1361836358991,5.751641539077349,0.0335772117988391,0.015514481934199686,232.93755835965436,0.06695918153720726,0.01329501341540773,0.15366568142538384,1.4607251159599421,0.18104494418660355,3.38115226387192,1.4706186466014328,0.054138617212461604,0.046280392032739925,0.022610909275702973,2.5603709201401967,3.191646986872115,0.1945480005854714,3.1325510616870407,0.07391221211144305,0.09023601752001653,1.7060505560014887,34.0422340582961,40.74988713682475,2.064028792311019,0.2229692507694736,1.6111601484034717,1.356056613706322,0.016663400920600147,0.030354712234029968,0.057702720770562266,0.01770030328715233
0.09530171309105206,172.68419982936985,0.020833868411517464,0.05702322950859884,0.02711801012825088,630.6702543552499,148.111598774022,23.827076186900978,9.90068667579596,4.787099270460848,-0.0076386611795102866,6.809105999409688,50.87519561187965,41.229792172272425,0.01378929036325438,5.526273549931501,0.3249204318261141,0.19952442755903466,0.8278649430785743,0.7639889643408528,0.013136917612308174,0.5685007364565227,173.61684826898997,0.16221675165107374,591.0534126300606,71.6241713351233,0.04219716879185764,0.11058075157185066,63.98785726036911,0.5903767547993786,0.0020159348067263494,-0.0007570915029937453,1.673899555568,0.10040916810262868,2.248732656703167,0.9776947629503727,0.027222479127777532,0.384918303113599,0.08958715462165756,0.9624473455171785,0.33500389089620963,37.36298532974584,5.510887020255238,0.0021051383338974716,0.023348645760406406,21.494208989271094,11.575825414879912,2.865427280617398,1.1371860670769625,0.5616769610131689,1.0531239652046471,0.2728935490558193,0.01736099164106708,0.054863072252774536,0.23534936697783504,0.1155671251219399
0.14739232897338894,41.26789998195942,0.02700633649905093,0.012686743679024559,0.004450191215747523,245.55874899139474,417.9029430829416,15.312031214673471,10.356777899474555,1.410733590565017,0.031225642236671014,18.72526526468248,505.0967944231518,361.0930426612557,0.004168091017201725,14.63702089466467,0.33201233999937596,0.22332286560881354,0.02420548365809605,0.761930698336446,0.25690945842013146,0.017049367051543918,39.9773325046799,0.00019799018059263318,882.7164521165266,24.1596183946923,0.08894271349609362,0.05210123491913432,201.3071633195693,0.388453362528689,0.17567087778229062,0.059784474807711874,2.394539969124188,0.9964544754156215,3.9747688874752543,0.054173758993820265,-0.04996183665406484,0.04042234488825702,0.0319238275987237,0.25082004490009435,0.01930288139409253,19.154877481795953,0.7522559642058209,0.020802719861412022,0.04495888738225773,41.00351963313914,84.13862545174993,11.137149001587503,2.3394520217406702,0.11025322657732417,0.9224088964227191,0.17917809414674402,0.0030160749645977702,0.027597725671582474,0.01247763799998225,0.008865923320508173
0.2362843173168292,96.89709623184235,0.23798231266473024,0.19871813434814634,0.3348218772671512,379.09505304728225,130.56621221429992,14.150570981584881,9.199596931334167,2.5261094722155013,0.015563792421791511,0.9571547093759092,1.3688593269660743,41.27899185572264,0.0023434955048191597,1.209331082562974,1.3580348235328685,1.744909385147408,0.11190785764503897,12.87511406683846,0.5703505506287199,0.09332279709729363,85.76963425652607,0.5988380189599587,86.8712896675843,37.749289600091,0.07619661007317458,0.26649194297319756,61.72958778834681,1.0951539422956387,0.235397407282516,0.037892535241257796,1.1018745457925476,0.21554022005677087,0.4155395742582684,1.7070354604022668,0.002646845585556612,0.07784633996521784,0.02459649464426672,1.5263288963519441,0.22221508165701476,20.15840391529413,0.4547303592762111,0.14308951404291914,0.029354449931776827,18.849475945766294,66.5956330257859,0.6823145661314536,3.179871393110271,0.0873435235630664,0.7514408593311046,0.3023719830022946,0.03902854330543715,0.022883208205186634,0.06593345147200491,0.038069158014162774
0.07311336402341251,182.55818999869462,0.18056918194832328,0.1228365659926558,0.24411840664419238,131.07051245430458,30.041658834964142,9.588697359873704,9.81503891274694,0.12139346356898617,0.01452033301042821,0.026733751377088666,46.01355561580375,66.98087002868475,-0.01070975962348708,28.699464899490795,0.23948583443342208,2.5955428520672816,0.025714743915681737,1.0567128399331898,4.535537614370817,0.5740551392771476,176.74425816569075,0.09056075124279239,149.95897817692122,44.78962278284946,0.012202346201075187,0.03494848067993761,18.750455146990713,0.6395741000696926,0.02857110703697785,0.012926566674154927,2.585969323278322,0.799333560461867,0.0016961201344809496,0.13330890227066572,-0.0070851636114888095,0.07172404989408854,-0.007641721758927744,1.1567360814533512,0.2676850746183952,10.816147143173911,1.0487949428369143,0.009952821626709962,0.0019686082171510577,10.60391378454688,148.37041406150314,8.83061138162982,0.07796610258886716,0.0031856687961697716,0.909392318323289,0.010811866827370231,0.02917628724596355,0.00607380002504776,0.05070892601463406,0.08518647505303889
0.027323368746811738,17.054483327615177,0.07820150594542952,0.003394706720823315,0.0848140126850403,816.7101490314548,35.60116583157852,0.1906345163915848,18.87476857809609,0.4260801269800778,0.04740896853873888,9.194373020355382,48.98548226189897,122.14089765983925,-0.005144313898106212,6.123986279715877,0.1962760512774473,0.04725581635283138,0.044838234793920684,0.21719906012493784,0.7177988062017624,0.010569697804078793,15.531679102018419,0.044080594301018294,692.4797934835557,33.21874996011712,0.048258532617516,0.4014787308271748,16.86594046503268,0.08390652494605799,0.08830093851442289,0.04707730463414972,0.33915127630970243,0.2536337500400654,0.6311107969330907,0.0992494402229882,0.004636268952985745,0.04345154799375894,0.12547187815405092,0.017077351593982826,0.019411591359508762,2.6601484295821383,3.8183809961924036,0.026292362010329917,0.1246712989033858,1.9160759342048648,107.41046642078862,1.935523633000364,1.0623933017556144,0.33694921637465036,9.142137902044503,0.039850622353081455,0.0166425850589329,0.002428331590642152,0.015227247186867743,0.0023982596482339247
-0.00012714910995370587,21.082677526419285,0.3051247584803196,0.28534243949740645,0.8957796732627212,1610.6406633714626,110.00579438767842,8.082428465243858,0.6017293440919103,1.4785537934770234,0.0629538997792034,12.257953578427202,566.1074015790666,384.4155795664018,0.00503211838167239,6.158797299399866,0.19302251653853286,0.2141804092279731,0.6874493903200651,1.242449798495464,2.664476648640293,0.04074132018194021,19.156741402813303,0.12939969772751514,1917.8130963915194,46.3774728462677,0.965821096803432,0.09799189300182842,61.122815698232564,0.20489371591449945,0.028123203019569054,0.011389984274615905,0.03668363820085574,0.07388105655053057,5.351111136793311,1.5343075457708304,0.09319675814071982,0.15111079212670742,0.010076055269983897,0.6545864246001658,0.8282450347173418,15.53547503530563,2.704701350585891,0.027854846378510878,-0.004217199833655982,8.505556494305317,145.49994104113603,27.12642994299836,3.8594868328083196,0.15894660014197193,6.577082558754589,1.3121561236843373,0.046652609828806924,0.009083876401164481,0.025621789396617523,0.022802366135274532
0.11268229269467156,178.8410272080391,0.017280699586242676,0.04249964151425445,0.2629980390583171,566.7280552973448,278.28413817464514,5.3782121236799405,13.938062655289524,0.4388921670788619,0.012031667209305041,0.9786657723406851,141.0890151772023,21.140081269469913,-0.0017809585926027438,13.148338905584065,2.168492643679752,0.5446117058866733,1.5579850113491958,0.5352385775542228,6.087447713135969,0.06702617742796946,167.92791115137064,0.3360810234098004,440.89325936925957,14.245763996440974,0.02764676645955433,0.010933286012610566,137.60663787532675,0.249038130704605,0.07374472086728012,0.03280210477398171,1.4685759391434559,1.1258084394941132,0.17868828760913047,1.3534625675237386,-0.045663195829963144,0.3417521285019802,0.00809067862927293,0.011235242328757167,0.10500855901557671,9.237726204046378,0.34168341928437584,-0.01653255799635467,-0.0023006753394838597,32.38302320813464,279.3264146873736,20.61682152940337,0.06677496427657026,0.09240316395497317,8.288416880781082,0.12234618850252765,0.000869807131879341,0.022964031756577796,-0.005246743997101788,0.06600932584520969
0.13998641636770426,63.56358631943489,0.07826245180334546,0.10805364668123474,0.214304983318101,1325.0145664800941,593.4631773521189,7.784519194395909,6.591652060200582,1.9225332329359102,0.15267472597170428,0.4255362932167559,163.27976453742758,88.33893309339017,0.027508417987868405,3.087074768376789,0.13675641760122303,0.04292310867553617,0.11601562799371035,6.794707943424616,2.7507808021781086,0.04104774329803895,58.74354061858884,0.03657871817569003,954.8407471347396,14.550538164262122,0.04905734530810513,0.15475774926833896,305.96657806093765,0.4508243480522607,0.0970588457854955,0.19324559114168682,0.06821270229145249,0.8108042541199287,3.927958292262044,0.3933208830558339,0.00010448776928484449,0.18297451170588452,0.24432436676896607,0.25607578297336886,2.1407356829689066,3.2534601905127936,1.5618271610204983,0.07744050504578137,0.07520784225163801,41.31144056631105,132.538238193148,59.89112025853052,0.8435283453650415,0.419208322970702,2.578137803947138,2.008021493549509,-0.0022465248971341722,0.028070559109987236,0.016713380349618667,-0.002000989989932478
0.10894110981838345,50.825399255006694,0.08016341538189486,0.12534201826598412,0.4208645061574803,2009.2164842123773,125.7170185971778,6.284078534822429,1.4320566170016686,2.476796776277334,0.004902789163060639,5.369139253275126,552.7196754746503,503.3106179515026,-0.0045285856827792514,99.35713476840314,1.3425786045636396,1.6697799779761224,0.10800655151148142,2.039801664475571,5.102392599338666,0.17311996363451243,41.680415772841606,0.15726087813937095,2252.7155819181926,0.028413162079142573,0.0017426822385235852,0.04363881110890677,65.57024612874264,0.1786559899395872,0.028001290507431165,0.019492529105344936,2.410824697729991,0.17878781628432971,0.8915368618438304,2.132694536913043,0.003513576886670755,0.06128863733319445,0.05864610282567373,0.025559061416581486,0.0797531402737306,20.4975735885231,6.599507823760449,0.0192115094425942,0.041694026707827625,83.48343319528922,38.20818970207236,13.463681196515246,5.121129315830775,0.018471595029259547,0.9401934867960673,0.5256506451109111,0.03990361142190313,0.01322763373210556,0.12832653314341957,0.00700876354404123
0.12425948232483819,119.58697117982774,0.05439227414407721,0.00023766850351858437,0.013798888383380614,464.91917558342686,491.45960246195784,0.7931484003865181,-0.0012974955993989568,1.415652321634707,0.025384487645784937,0.25319498422222964,287.42465920004366,98.98395168827788,-0.007252948584895336,0.3484172683568154,4.501030512741739,0.21539922913829468,0.8733234492193844,0.18921147342706401,1.1285107305201123,0.08680329336692072,114.54686252769623,0.052096722789023886,486.5412784002255,19.85695732898619,0.04693451188744113,0.022808350570542757,260.5972616520157,1.2206740799968303,0.30213461318264834,0.0009919756185254869,0.3484924463723198,0.3556503103624342,3.001261603566279,0.4978085491042128,-0.10686515385660478,0.03405010080883297,0.05762220671326901,0.4507561840586698,0.2965549496827613,12.134458354520762,7.191759260032988,-0.00794269214631882,0.0198481466163809,0.9236389358870838,213.38924405334757,64.20844545375064,6.560494859881677,0.10440640982140259,1.3575034334386178,0.011657123751191989,0.009814759955027341,0.014935301092214637,0.1208451483204449,0.007730539855209884
0.03380876950403611,53.350242071166306,0.0835375841364705,0.04884410194326705,1.1148786666844845,929.310975147527,234.24567365413878,4.7248275902143,4.862365468985976,0.6012446651869494,0.003982258675099715,15.349659774256757,119.98240600005371,8.563497074645772,0.004823365948735336,43.706673062285276,0.03886149321035148,1.6736788851627296,0.08405972462406375,0.0995961644950798,0.04369492767380034,0.18282334253692323,53.80711297691811,0.12343329561902028,427.1187470234403,39.36107817239155,0.04131954525470061,0.013330687439994549,112.33667557716309,0.07689872190791114,0.13721357389552047,0.045525642302681746,1.523960551560485,0.4872005040812315,5.963377671617982,0.16448486899471693,0.043027073271804994,0.06850007958740356,0.0419528617311844,0.04871045814420505,0.11174534301741623,12.99262572516336,5.781983775948589,-0.017690859969425432,-0.008512390845289097,6.075613241513434,144.65562192389055,11.426748514169631,3.2185721553715023,1.3463420256383118,0.10105660743834477,0.8419496762504206,0.02533255722195804,-0.005388496236150786,0.044583118570696634,0.01634793825053027
0.000607564878659872,26.24918566507311,-0.004408648035710172,0.05449896249594843,0.15409401332574646,48.422316616283396,243.5016814557424,0.19037030120541587,8.942607264901572,0.9281562957122915,0.07205193185003722,1.078147825433856,54.737202040706805,5.743744582092514,0.0058548331433563305,16.605383768280614,0.3551767965936392,0.45993277308503977,0.41346111155064236,4.087561149044419,4.680609362487182,0.013526786915814881,23.79191026641549,0.0037109224966478394,354.13781818301464,61.57408623930705,0.1373812972043531,0.012701736317634271,100.8388983188664,0.15902348160041058,-0.01753561645721291,0.0035443221748181486,0.11593568455085546,0.4373392606782396,0.6118112677517829,0.9809791776842189,-0.18926898459172392,0.13315912374933347,0.016986060103324263,0.42281759714537515,0.11404458939088613,5.8928063370451795,1.5642608265613305,-0.023789028321250072,0.021804338995988104,0.3188977707295031,55.54711388565832,2.788677226794121,1.1747980023148479,0.15158059959057724,0.011846760459189198,0.050214026743173434,0.004379184691220672,0.0014273135135667303,0.0020642773906018874,-0.003992949647187771
0.0023785236020650302,137.86073929151115,-0.009150822324020425,0.004813448489393579,0.19217911729694137,1256.2239815163525,453.91186451042716,3.4429979182838615,0.009800593667737445,0.0460409180963417,0.03862071699156644,6.660713433152299,2.881070202443496,45.561704359305466,0.0073165334887654865,31.78190052676996,0.1668308404186014,0.12811957171057742,0.22599839833978663,0.9038436678291806,0.14684764249353854,0.014872144284796107,140.8878416197989,0.1344749880795142,662.9681538623922,4.374712777634322,0.05534915182525779,-0.0011553646948829766,225.80088863820038,0.515369749966986,0.06804182492449407,0.021533376304116558,0.028702854206640538,0.22831560762743486,0.03808797494897753,0.07052227950999956,-0.0990411308993302,0.05104497888479287,0.009117462467223447,0.3153947478227863,0.10862019800525857,4.075918778394172,0.6004615904115909,-0.010045990690695561,0.029370536503391165,17.333628109421767,50.98620017880946,35.296093629758026,0.04223867412036242,0.11520198441482066,0.11668974650119068,0.032619397586966414,-0.0005943980223399592,0.003810961335590335,0.035450876465798586,0.0021378746682714223
0.15856433989108343,82.2775665175323,0.010278697123493608,0.034021897417195746,0.011289954227713395,1022.0255176922772,42.25140354307481,21.748585268348823,1.429550423298335,3.288419974077395,0.028120352937081705,6.451682816406811,206.25631036009415,14.053431770009357,0.0016705823663745178,11.282766699664162,0.11900060421476866,0.1021963903464318,0.1514951701054832,0.9895973790502994,1.1225441835011418,0.1581950635088356,77.08045328005714,0.19060242872228894,522.6508413002468,10.618685361302415,0.7887433039109055,0.018282736479919848,10.752613749271259,0.0253814882335055,0.17619468174370567,0.0030440030357015146,7.243875780922605,0.17103349300083348,2.681746571134318,0.10905144386728072,0.06456004125315307,0.9927260651373473,0.00656100085205491,1.2315298959501293,0.3207946230281644,27.846936690116383,4.07057557129187,0.004919860742899296,0.14505368135685348,11.23610219891513,307.5387470662909,9.25398528071906,0.26373850233655816,0.027601563318040867,0.2563452268959745,0.29811989860242516,0.01834896396668828,-0.00037831044422809157,0.02582151634231522,0.014292593198308445
0.03552725118106004,44.82699582913244,0.0426014999449027,0.026456634043629634,0.0038110726999622813,864.7788209119472,315.1755885308475,4.810130381055281,1.4626521036058548,0.0009187073998742079,0.01200611024875009,16.071884167188056,310.4373504460422,258.34930179661814,0.026349925069295566,8.772171897151702,1.4105492388876764,0.3349418196731637,-0.007767725567938477,0.10285613778646141,0.014356291664297416,0.03008361555015604,43.353087841003116,-0.007127301834495725,1253.5922697258368,0.3471234418874696,0.3408659200158759,0.0032789633960081943,157.58931631043296,0.19120717051792901,0.29329699251855246,0.027770090163732775,0.07053109086741038,0.3098154008249159,0.07426006161929788,0.4882801920748827,0.03676355170303758,0.011717686532697336,0.02235008907475944,0.424543658088786,0.05185790384552824,9.288551595118694,2.8643275346619124,0.0022442067206664973,-0.01820515191612415,5.56834632563751,25.98653952123131,25.279788809488178,0.019077420558719638,0.006690785558271628,0.11475967311798208,0.24631941124058798,-0.002909979143113084,-0.0018281596112803555,0.026983104353956122,0.0037523760369362336
0.2540909258231139,105.57722206529856,0.02096361443033601,0.06550175457847285,0.09587982634733194,1721.9398799566195,213.597322839518,7.659954916527022,3.7045805820843754,0.7844899610618645,0.013736683360038526,26.760327763278774,388.13113438562016,337.02345904408406,0.008315459314315987,0.12234268375396695,0.2155571921837902,1.7508406024422172,0.1245688609262432,4.08181748823783,0.4330955168076027,0.06554540300177081,113.54974442603928,0.3714589514241746,2110.085694984142,10.229041783539001,0.01625367820096013,0.004541128582567389,119.06786744144046,0.2593297668007928,0.21170709027968826,0.05888579143728201,1.0186761336355534,0.015000025235000436,2.790641272471479,0.38003794976769,0.10357776103609417,0.13212101956833688,0.03656592534851111,0.9518351595149905,1.4461224771424952,6.88185739735021,3.8851169470236613,0.02807263508225688,0.0593383257099811,44.478060655610896,22.73737491754209,43.342089978448065,3.931918594444374,0.7376771843300496,5.937979880757103,0.04950680784810935,0.03034317781082052,0.09911842060027798,0.0060369853412103325,0.010642712401729426
0.09769146105608417,9.2914826026369,0.08915232422860253,0.07043288381698609,0.06397502248727083,499.02663387506317,165.43115772382922,6.694247407486023,5.431490680606248,0.056407770262674184,0.05227651315613535,0.3284209109404159,7.958993195725781,53.236443726792174,0.004228080325331618,66.47215286286519,1.3823925276536828,0.0050618027600002335,0.05227903111418275,8.012633464811849,0.27336715507227627,0.1846013347611306,17.65305019345848,0.041754577816294436,601.3058365390613,26.228690256869545,0.0530312965990376,0.05903917534670722,67.27467007784942,-0.0011201264140900946,0.1058202789452567,0.07645116687609743,0.14956189734617809,0.10611028767324004,3.2221670242296545,0.061806071882461566,-0.014005406426387701,0.0779365938343144,0.20030321812746354,1.0229323909849954,1.3167401061640591,13.872828456723393,2.7270389616726387,0.007855780441643034,0.055136093084274584,5.675380700091673,116.74125358297086,13.389869288780272,2.736703616340689,0.1674552705640595,1.3376120288818507,0.1251570588969546,-0.0008732105215907282,0.011163354088168376,0.010565675220160387,0.11475607448962055
0.054226113164750345,131.59931322275122,0.05859851683814643,-0.0006333368199493705,0.13999554136451842,1371.3971934760168,541.9152416705498,18.066955928947735,2.0067175709399514,2.3898960355276406,-0.002301186524006127,7.739153174541988,306.0822092785421,48.45839570651718,-0.011437677685698588,42.47408683558915,0.24921748580283154,0.44929284522059554,0.053387454246069055,1.3393711758062263,0.1442452995877339,0.2284105615914669,127.41026699095089,0.07679252309518514,323.28125241432116,4.843292270853901,0.0007846394337072127,0.003645245020576837,271.6895840679744,0.14343338221562085,0.07283197898891736,0.061571686905152134,0.39497150851575924,0.28008587618530356,5.330901032037037,0.022539091822629587,0.05829701623545791,0.035380853817012614,0.01769116194622633,1.8930778456477277,3.0252051218678826,26.154892123899575,4.765479997610264,0.01072279142479804,0.0648920933124586,0.6096788742348247,260.0127245886874,33.144388329273454,8.763988736247093,0.6529940257735003,2.311768640874562,0.05443877392264174,0.03469341366224654,-0.005499640606744016,0.1108980391715173,0.08986181320622855
0.039842581792923326,56.02041396692245,0.0005152257019123141,0.29597076329759453,0.018189382802640708,1877.8491231578844,415.01164453707474,7.765363319970879,0.6886854413688805,0.24398790598109166,0.07793547976283222,1.0315772663363703,137.0529469278034,237.0695807219843,0.0023475990533281532,4.643209418647984,0.4965681829457802,0.39142123095449577,0.2428258583876417,4.184492938444947,0.45361514642059664,0.04116384953876917,62.84433965727848,0.9177600621908208,1245.7115910716702,5.912193600005921,0.06630187317351233,0.043364557081563504,206.74005547169276,0.8506817290573832,0.3305279823943845,0.1510028139046664,0.730972094503449,0.251261674314593,0.12382897379243829,0.06007589426240756,-0.03808902779260581,0.1715102808460527,0.03509568520928408,0.05212267939746518,0.019377754825440796,6.120451697049447,2.3461688193214787,0.03579207860332101,0.000763509611751978,6.25636077294163,145.55394382698583,30.415020329658052,0.033803817134471004,0.06412852549358661,0.19351370061793194,0.11659354296486768,0.07509614900149231,0.10971154197987065,0.007550375080044525,0.03447059517000728
0.160375900565632,116.23601154241233,0.019356614927779958,-0.008378425509773635,-0.005978956239978572,486.04868644829014,173.151578081639,15.512941233505664,1.9575721184117159,0.737327959045956,-0.0028287905615176356,15.731421627865963,311.68263936056826,131.99550063815946,-0.00108894324587272,12.413107808123847,0.7164018981723945,0.5815832389108282,0.0035992201425889547,1.6376725543027018,0.6337160977897085,0.010950117147027427,112.70759991632453,0.028263685092662527,1095.927468616376,12.200552998346236,0.138694121165285,0.10482473311323837,107.10161864451858,0.06655627778721218,0.16321720021500852,0.27076683368716914,0.02310917112599764,0.12122822235325081,14.095770797952206,1.6330200475653385,-0.015480863259360156,0.3482275409134159,0.21168575558223957,0.3115095981580307,0.6880278281226184,4.452108394403631,8.560091262822798,0.02365784950212735,0.019620296404020188,17.567217408532414,166.16311854763006,54.351279288836835,10.524159119457334,0.17201253991468146,0.6085710869993406,0.012774013520775895,0.01707202695416843,0.017031333882086663,-0.0022555186286092876,4.29899773379816e-06
0.028296211275618433,30.720044197990962,0.41691068814688403,0.17155955329063755,0.026309255349696414,793.9439947975582,143.5374701543719,20.873307806816015,2.126791126408314,0.2594366135959154,0.10206718010889926,31.225226894983404,770.0910900011193,326.8632411411496,0.0030544972389696667,1.035198708324912,2.0665523586314007,1.2291413593363023,0.18825270504590375,0.06227881572123817,0.4834709988749628,0.004226135931548747,31.171098660185482,0.055338215999449325,1881.4233240979775,0.936988884626409,0.7500144440031118,0.1172396782165741,82.8905703190619,0.6025137972971235,0.08173815479435831,0.030202492324945318,1.7171205639192424,0.31537928415336847,0.95519343845391,0.8605243722007208,0.050971233710519925,0.16341944555145815,-0.0006488227627148291,2.2688189967806185,0.9817653246788698,20.235425339610252,0.9050339731040813,0.09844896255979751,0.2136921251774071,30.800131271908864,372.3405205368225,34.218715532990856,0.02837333154131194,0.019818800392785718,0.9169334158655316,0.3918208362569544,0.06599771033391288,0.015199245141360507,0.05215652964610218,0.009294813983657058
0.16029627528888657,256.51210297767363,0.0789878039166716,0.0768680498845038,0.1666577943667269,830.6870109644169,332.91087323439785,0.10230786219214583,22.11475123864348,1.670320628919744,0.04664890420422463,2.107314215986981,96.79449526095051,44.20146176382758,-0.005424921907315472,42.747458851970535,2.5956797544755696,1.6161440555386415,1.1798053156589052,1.625411822530551,1.5262708083532548,0.024435469958160816,257.43678194844716,0.17249800399508608,433.79107680415007,79.98701590722247,0.29621386775462355,0.03865741247902399,147.02014912416445,0.505177022283279,0.05538361457479457,0.0012184553060743397,0.1411338626822003,0.38992751935069414,1.3984610365873529,0.5330456853182248,0.02505774355568846,0.12814462225727752,0.05591104777463762,-0.016490393042247753,0.6119262714086666,5.8933961144465,6.825654235865595,0.03418767744853746,-0.004951263610145418,0.46502233690872874,2.185957729403367,6.150074661048181,0.7572668702784418,0.8154342648677853,3.115975138651936,-0.010260787540550709,0.034513398018369834,0.10813215602600046,0.024815695636482893,0.04037043763562753
0.06084392514042314,43.41625032444445,0.04191889719384623,0.054773583935357806,0.17038856735109675,478.1110870600772,91.96848562858224,4.8477735107592475,5.64325639064895,0.5533918751541123,0.028601867367781253,16.780028134191905,317.35384863174073,266.25618836416186,0.0021479903690471147,24.601445837705977,1.843543455981659,0.13917399893996407,0.04524302453059725,1.1554566698501043,1.1463264953407135,0.011364912246051517,41.83766791843855,0.00018764101603174765,511.16701283499214,10.054936590889604,0.035537438614416494,0.12681891175537618,24.398507738667924,-0.0259902278273918,-0.01988852209731995,0.02742239100545607,0.4147870133995397,0.031246798667752707,0.0900749916409227,0.12685846097878883,0.03293242668732699,0.08197770182097486,0.09427951791120659,0.07367225082412254,0.3648675954053431,9.348582589096495,0.7101445666385855,0.08564823539573485,-0.005197748335720398,23.95400579488582,30.148772668358045,25.033132801766445,0.2664768432225557,-0.007645824302341175,1.53001866135613,0.008316305127373802,0.018253387900299956,-0.003248906246120953,0.016717596484217445,0.010113180466282401
0.042568446496101586,46.705616126133236,0.006952554936002997,0.014346045035801502,0.03645957677400702,1703.166446733729,284.0036504677654,11.341328113936667,0.7316344497717093,0.09297390180270781,0.016786994855965354,4.295548524933242,328.1992511850191,172.43545661490128,0.0018592888497996896,45.17395686563988,0.5251199801968758,4.941175050526239,0.5000157213789098,20.420208046333634,10.144199470262999,0.09914694969061078,51.901859561080244,2.7159965415643477,1802.6405514233923,29.02769391036101,0.1904758202327077,0.13810343935853275,133.50264591244013,0.590514835814762,0.20142168003298266,0.043809272686599066,0.7409291587370923,0.7943463223615188,2.6484928385619684,0.1902852605824492,0.06383265667521343,0.211659837404234,0.20909124809681146,0.17399671553071894,0.18381962257271223,25.253608679194812,9.793023508901205,0.029739562149330823,0.04418754193926322,12.69679704865982,185.20141166485644,3.280468395753042,5.482650817269706,0.05912038966530542,4.596265004522154,-0.0025183910156174605,0.1806700979041551,0.0962437531714544,0.028217251550134215,0.023259159407463592
0.20794216098840224,57.09943440015317,0.02890826998827123,0.04865859345384482,1.7927793507037881,1737.0427298812813,30.933998153927227,5.59332181998669,0.17344886259835857,2.419952386997723,0.13218244360117737,2.7521489916980615,283.74544960808186,261.639420586756,0.04219707890467017,3.5238063881928383,0.8778633331959114,0.37222397790347017,0.20505848867123788,1.043159001319129,0.5805288999586624,0.20417516714127526,56.660716693935676,0.15974015162998612,1818.960626770292,29.63166512631212,0.03853119567176577,0.06569271290486611,4.792304646411591,0.08546038103722076,0.0722509464605654,0.16252309168914536,0.3834092535387672,1.0325463857461488,1.4237913814109078,1.158332510662067,0.0063193722007328645,0.2730518525786003,0.019735407737152322,1.4946281697351793,1.205435299982919,11.640777876356251,1.0598008233637248,0.10382536479750026,0.25721562369162054,41.130954732873796,21.817917366404238,14.122572483157947,0.17768724346151465,0.25512470533529896,3.6555568957724773,1.138502730930603,-0.005281614359429199,0.05423358749565743,0.03289275552548965,0.02882365257235353
0.035424734655941315,3.4935910123238356,0.008990475067624182,0.010041496296202546,1.36677055116564,1119.0174300950641,284.50374785554925,1.459022855927672,9.479799467262715,3.280521075475277,0.11595361029583628,0.7263621710217061,108.8296163606274,72.02394533825893,0.004165955461947313,4.802525611523104,1.1968728359869605,0.8813692508292608,0.09930121353447507,2.585353195782699,0.42160563049905075,0.11125980206446773,6.627819032905912,0.2708133095129357,903.6597456484625,45.54367723328501,0.05887070280959161,0.09327676599337753,153.64214163544287,-0.005131535313185331,0.024544052855749676,0.05997004765419689,0.23641875871605844,0.20651821483359534,0.5834977869060589,0.20668196830440344,0.02535914392944516,0.25460874769809205,0.04210517249129264,1.0902474465491219,0.41124445003950605,0.8195920158263617,1.0938520800824092,0.0073093600390530256,0.01797326253848741,37.29143609298447,89.94787356569411,41.24008014061606,4.844907845169515,0.8062065715606552,0.619427336817254,0.8360460932617162,0.02603845494127377,0.026118700110332682,0.22817082715363757,0.058902017526813566
0.036228728783900266,131.19354414083546,0.005682959057052628,0.09846618846944644,0.00048322671467904144,1819.6716046303586,0.2837342367763682,11.014205088243408,-0.0035640533320435708,3.7567816382777783,0.030337812757392335,1.2020157993489144,351.04787359900666,303.67788917534847,-0.001736617618135483,7.892558673392549,1.1840141797424826,3.9020032336427937,-0.006498028924139199,12.693507096009117,5.735747623093517,0.09806937355220136,137.34863121943124,0.4138903833201395,1901.2309911311,6.057196795786113,0.39447643542982647,0.03710259245273928,11.474288869776938,0.09859989830482707,0.011900620822712149,0.1875065156329132,1.6836552037287005,0.07991777549001977,0.7448669963068548,0.08216884849697426,0.028837315939271413,0.013067114448039874,0.07286103374735209,0.24479875292357178,0.17639971869265203,10.730279960833137,2.0718893386142243,0.02049806151156819,0.010287621994225837,24.978208606668453,28.97402975542425,29.381178154620972,7.055760890637264,0.17732712219749125,0.06431809470905847,0.0500044085797251,0.03528122001622602,0.016347410739887103,0.05442602727676693,0.02933370834250848
0.10357446415054294,39.200909275895725,0.02335931620971987,0.015066216666135723,0.2967009806981791,1813.3120222642915,306.88523560880196,1.9656907484721726,6.404837523457292,2.6239108081247196,-0.01556756606924381,21.678295117930503,302.8969546848074,398.58704307937353,0.002179941648203787,21.55599842217549,1.0726751390385942,0.3783003955855584,0.1136807201447434,4.431416946944175,0.13897332216474467,0.12568768629108185,45.778088116587135,0.06513623896964837,1895.343283737013,68.36581762788992,0.07332468929380553,0.009949919350728642,157.71983596354943,0.04889800903773356,0.04590190758449353,0.08460594656783726,0.23793346508575386,0.13607987551875844,0.32088754714425516,0.24097113902333156,0.008517085630042942,0.10106047527583595,0.0044654284467355865,0.20422020250613482,1.1381033236534321,6.436204445358596,1.4912451483426077,0.030985711500848723,0.03542147339711654,20.793175446857965,243.07616373321005,32.126958114151776,3.086715261783052,0.012628253874847672,1.104453808180022,0.026952855951773103,0.01595925391030839,0.08359352582866642,0.026954761129193372,0.005135080345623599
0.03981414832166941,139.91961367539858,0.011607245866857241,0.0016041744772259392,0.0012950847645498698,1004.9337635908093,219.82171547511672,1.3992091665151767,0.12428323608990954,0.298210784227817,0.03179854253023695,0.1847993226294351,83.3047741951385,49.954988176700645,0.013969507468481801,48.07996332616766,0.8764857190402582,0.2079525823624202,0.5145045235212704,3.6192376180377748,0.12079946392692253,0.03398620809088282,139.63756023379574,0.10017138694668226,887.3672548543852,23.18667382503675,0.05764562064225931,-0.008132177545451924,96.25750572467483,0.09019663745796347,0.03812232911758784,0.006498924549556584,0.30975878456291817,0.02452242458604026,0.15658598951529346,0.23199797406545475,-0.039419461843063885,0.09451789129038612,0.009421839022225598,1.2680650601196097,1.278050771111804,0.21210967244669288,2.837179813627979,0.03179250475604167,0.0039103418885213514,2.0984400197675246,24.673046699368005,5.780811708873601,0.24773183418386413,0.237657244195133,4.0666658817056485,0.040462135126413834,0.03253154997495944,0.13172465993067206,0.021290380290074573,0.0050413052529965086
0.00512193323716037,144.94571967307468,0.2720946746660555,0.34129221633831985,0.03162693787681903,480.0756549385961,198.50052822475266,3.4612574862831034,2.059409825608749,0.942725296776211,0.03510788769021023,5.129325928638516,291.45350763837183,176.9460790513294,-0.007092422009676191,35.77512329858673,0.1325128136055671,4.067429534442936,0.14691180359135458,0.05992340041553401,2.22857866869521,0.06793747098444758,139.17200224460737,0.006000195799365393,887.4477822754776,12.977936944907597,0.04549575667255734,0.06766192125551829,93.52630191701053,0.7404578157926416,0.009648660499670392,0.19071494386294674,0.1259202113704161,0.8906117171008985,0.2890765879180188,0.05205371343453713,-0.030344021452934022,0.06536519594634438,0.1612454046732843,0.10537471573354562,0.003036979502495818,14.087982809179309,5.810907607240835,0.04055139891304105,0.009725931789598796,43.37089640385607,111.54539312867912,1.1907239324009575,1.0893174107491026,0.665736872431614,1.7254677593149959,0.026357924740711525,0.0029410490124819333,0.002351958698569412,0.023832314043721325,0.029564316955111636
0.023670549051870715,60.215590206021666,0.019431795051613854,0.04664438327980225,0.10270800206567543,715.5100679294237,124.96338998619994,5.993447015519113,26.973597970396888,2.5792244183397735,0.2044579509195268,17.952951805044385,637.7359704131133,452.44023646306323,-0.011765156079570183,41.345347256520675,0.05181812416173415,0.9492702304975005,0.01359726938562833,2.464153805686796,2.7327697652299996,0.372689895731499,52.22299896839084,0.41361214204987107,826.1953195379317,11.68035683351326,0.2627338823927099,0.03771017825155809,74.76803158420057,0.04181763776646363,0.01706209395078062,0.06275346005049087,0.33696349512165114,0.09305073698962474,0.4072309575699924,0.03765116922785072,-0.008361784906537828,0.04729563673181847,0.060200819183722665,1.2878911872122254,1.4403047347798896,13.235340371596005,3.4511322349485507,0.01974478173820593,0.023530319030837354,60.334529675297084,89.61331459690939,32.85756202170094,2.962895682985252,0.03402788574343596,23.77951510080708,0.11463475118411903,-0.0006811547423488662,0.010862230761112812,0.023692115257436086,0.1234712567289371
0.01389938410281033,41.27521572870564,0.007133741015357131,0.13423753429761742,0.3751321530661311,978.2232791343608,175.67398343834515,9.058722349467917,1.8508226153521248,0.29700553714404876,0.05774869274517602,15.834259471827973,643.0509528988982,371.3240803952121,0.013474325824955002,19.023809541139556,1.3585531299742097,0.16287490297875795,0.21132212655536797,6.6917433311267915,4.73612844071659,0.033312015613414125,43.16203179547951,0.011975205020209323,1832.273548251058,17.68183941134045,0.20543142662890634,0.004307034237004181,106.10595536573078,0.16840757158908382,0.0033837918306147685,0.005276384414616864,1.0746732339345453,3.3423866941649107,0.14622113295594286,0.09915249695267203,0.03669529775491842,0.016930390640940374,0.02849119018557822,1.4539810569281153,0.3798824295947094,20.77053803991651,5.708724161057822,0.013717341434413832,0.03783828128775113,15.563268038835332,257.3237557900021,53.543249704705346,2.1037800256035686,0.08855496180349132,0.7482696404974902,0.028678927598010162,-0.009466173156664759,0.007281835479710175,-0.005485923210880372,0.03632245787090849
0.01993159584068316,102.13631899151073,0.030507932896895795,0.022045987534083267,0.039792245030040974,1293.106163301708,290.7158690664834,0.41489109476212427,3.8282344354242497,1.809993016851256,0.07482550689437595,29.936084394827986,309.5980282424295,229.23913834893773,0.010382462059050468,23.047433383811256,0.3988698965915294,1.9468038520847557,0.9069980879287627,0.7844950080556625,5.317120424659901,0.6059134966970934,91.00295210059869,0.21888122446190117,1206.9584055341797,1.4683801847580913,0.767959998119828,0.069439578808133,138.94844648776726,0.4046105728960736,0.07164190516611324,0.027870905907511734,1.564382267724051,0.1784829917784645,0.11571478333422736,0.3980298653733909,-0.01909925981769245,0.41293973553415686,0.025354026004743346,0.06157735300991263,0.1726335099626377,3.1411836292464876,6.987775238572805,0.026277234457060317,0.040581810583073086,6.9469628596392266,64.50888536711858,8.879015439355609,1.092545891385802,0.20188876869613104,0.6130574394272612,0.003611991074530252,0.019102018597903836,0.09175248161788296,0.46424153630546794,0.259935684932195
0.06012318429030117,171.93819205646378,0.006320707720320229,0.02862111996567318,0.25595068894667783,1161.7438635869466,191.05031348043852,6.299123183287197,8.601397131253556,0.7128856061101061,0.08651088517721739,13.302899906641418,115.86201686717956,209.77596571063046,0.013132633313670539,3.5960988847778346,0.45838586241135726,1.382844801682646,0.04266091183392362,7.69596507682202,2.0011559883031573,-0.0036768347289655168,156.83512269375433,0.6650529859998064,721.1692423106466,13.961359989618067,0.08095062874214687,0.031651821151727155,103.2257215883716,0.06751020634808125,0.08809014674266624,0.18879671434434986,2.1420936853357935,0.8533420019840907,1.0613389327280158,0.013079339698162329,0.03569233125476945,0.017062871551842385,0.07075917385986319,0.8568001792011213,0.2472273264953797,11.434870288379184,0.4254776734727894,0.011196063088468655,0.012360068177964756,22.94894306127605,110.1731487820622,30.293054407244274,0.24259468895209402,0.8005838793558704,2.42301679790127,0.006415385453457212,0.005724995061198612,0.011899184320755651,0.02615494513364247,0.07835245494595977
0.09002210770787578,77.25600227610524,0.05333827124200852,-0.0008428539037161897,0.00045862702552490475,692.1486339912755,377.92320911007823,5.3876224636398895,19.873546865651146,3.4768576840524243,0.007292405010435488,10.96039370302833,343.671588061951,241.7751416008383,0.0005307846667417238,19.496004084105014,1.008105553500192,1.193053250158707,0.008704911286525174,5.132967522887375,1.2821647342429738,0.11737449108618137,84.60299723867702,0.2200598303220751,494.3974828038024,10.420271949054747,0.018037920148151088,0.036676103286664485,186.9238910274865,0.39625429660501865,0.09316763218701851,-0.006907112340423183,-0.000787069839056187,0.6211433151446695,2.764330261340362,0.2153070185411643,0.02546499836443772,0.02306363063170025,0.01925031986123038,0.8527787385129333,0.6935048790071683,8.637952343236243,4.664001500451594,0.09268339739323395,0.030973874642171495,11.318956690365535,84.43405071829851,29.81728086260228,7.738562239221984,1.448570602633712,13.132323719082287,0.012778818405985604,0.03222417288886881,0.037307607409243104,0.000681274244247021,0.011735895829636078
0.09115585625785805,79.41596607793419,0.06293885508103703,0.09082541817925449,0.0676717964569642,375.87433334164564,6.93219777618764,0.21994532716508441,5.947861368762367,1.0911727705769323,0.041094779786428504,19.18682360109499,40.86954883614641,39.723877304471124,0.007383854218880437,3.057574180394007,1.42509330302107,1.0275355351082638,0.19507736007759835,1.0783360035037797,0.1067743384491262,0.04538864715974977,74.29649622732946,0.08206790673415032,596.3700534679648,16.672295686471575,0.06804190838481272,0.24910663033034552,1.0204817573636698,0.2828667653957746,0.005466664774179897,-0.004407308642957908,0.15964152851532987,0.24046724630222194,3.6617511171776025,0.6126459368664614,0.03183511130132288,0.05423668980684315,0.017222919758794752,0.9095757527135193,0.400418953678364,0.5824728708312401,0.13832607249996887,0.03992861863795216,0.054695602470872906,50.30876879165776,136.82210571328127,14.105353906322616,6.321047889082224,0.03333483381449032,2.8883093654431358,0.0031226844871854453,0.026283170965249347,0.011486541422109475,0.08391535455730548,0.061717011302033775
0.02805777946140431,53.71787016075017,0.05013291872123293,0.22494492274492917,0.7250717943509368,1548.5993910903253,164.62199275246644,6.324379411438214,1.3785715318549885,0.8234163118846372,0.06338691291927123,10.72421865545505,242.57477939151082,263.8246632401881,-0.020176969447920357,14.856828860697235,0.20081603652416558,1.242100124848843,0.8639961703079946,10.572105621968527,1.2746763251119795,0.0696280695704301,40.135662625900906,0.24874475067918134,1297.7377438672402,11.482767343390687,0.002873806938987755,0.17170071928641129,64.79952834701442,0.19284276625906838,0.31207307949106244,0.008442637637623207,0.21547557201102485,0.2941602672006054,0.018633603075983274,0.6144285233296021,0.3766883556977607,0.11384781623512552,0.03732145073844517,0.33307183679520147,1.3185446333827553,27.14996834671106,17.371724715559065,0.013689398789685114,0.147600478485713,25.053161430987455,81.91564519630717,14.204189217551413,0.5340639799612417,0.5758173164014009,0.1343582067228386,0.20331985202381464,0.08007080812070821,0.03297622210213902,0.08318418551690065,0.023909708705226684
0.03642365472266107,240.60401865431828,0.013625855411962817,-0.005063699913431918,-0.0013912988315070152,2015.1078236534013,271.7376286357459,-0.037076501656510885,0.8179591140036884,0.1689500956593477,0.042221720464176826,0.21904423158843755,474.24787678769616,449.51290753736896,0.0036295454079393608,21.975813109446992,0.08174257945243824,0.17420775316124093,0.31291511213716205,0.3001910921412865,0.29395661328637246,0.05343094531866299,233.90963515682682,0.007847420916455405,1723.7227832783974,14.260895359613126,-0.022886445572222414,0.022443444814072677,130.7664173538417,0.03442349439387371,0.06017812396421007,-0.008288794747837613,0.09596297923993902,0.1574095933604589,0.5792180750184208,0.13067729812731343,0.03867291125742511,0.03657099176338363,0.02555095013691755,0.005916622183793407,0.023478988125084754,0.10983516123954118,-0.004243748850619511,-0.013658780975024598,-0.005485905957957726,2.0934746928237615,15.54276123415232,14.741345828029335,1.3443136448273982,-0.011103107394060174,0.7100541343990727,0.011059983611559687,0.0010876548111156126,0.006818751350710528,0.019850001512512705,0.09117278819682895
0.048899560024123545,117.9414034365347,0.02510339184524657,0.006956980403218793,0.07921626331362575,1078.2511095163882,386.0192403907274,15.089872350762509,4.35101741490194,3.6703927121663,0.04159978701174527,7.348290082500051,110.78525651629948,7.687259473721368,0.002594544804574994,34.31808216062757,0.5433875155137757,1.4181948956707213,0.6504679481150628,5.477056887781738,0.989444399233478,0.03043337213078079,109.26717557056452,0.12864798303267921,445.4966894772147,27.854527924459905,0.1875799500367732,0.11710781747804244,210.97657978604033,0.25606293429450755,0.05778021335908168,0.016183131849215826,1.932551121279798,0.1501757281121865,4.958467680561076,0.00858803867463731,0.02141782987515395,0.0219070256208429,0.14998935073635522,0.08059283990154675,0.08998405501165241,27.451791413111504,3.864662801250943,0.02574706175035768,0.012768942572317421,3.991671351267736,124.09393552340529,62.185027986139765,0.5790461439415164,0.4479775115358011,0.6155524963410892,0.0860075645272298,-0.00015762535336882877,-0.008541157254383869,0.009211695322329128,0.05633293956355878
0.0704520542324687,137.82310118751224,0.06141757048780594,0.04612900869224923,0.010362655306988877,182.98955993013934,114.66205014060442,1.8120235248078576,0.15173614022592918,1.9649689789656088,0.011033510409684588,5.707972591608232,12.420356467928421,5.394335002129314,-0.007231825752270105,27.148964482780777,3.6452117142395997,0.964835594011288,0.15222469518573245,2.942485221291224,0.3193451662921607,0.20838550737495254,143.97834158893897,0.10611725103272018,267.8264523812182,5.080685681148867,0.21018338996627683,0.05165877850418443,40.64071024972515,0.18541240518385482,0.06593251178517612,0.05377407835073722,0.9699888090667397,0.5993539974758724,2.7075938460074926,0.03414906612061763,-0.004307619912510496,0.08818036982833988,0.15680586200834767,0.5458908470331609,0.646392317530684,11.565981150077288,10.551062243169472,0.03162952590050061,0.015427008049408109,31.095771786999308,18.927108683369692,17.212186137828436,0.10767241327668131,0.4218979472560678,1.0002399085048426,0.014491832777508762,0.014713344346476198,0.0008630938433364932,0.0448762905129545,0.05157246539194915
0.02776393605848071,25.167191245538937,0.08481726267077594,0.25511663815101926,0.06992285210425653,900.7506547007924,199.2292188615116,0.232384701044972,4.029014085786541,1.2301113425888879,0.00435684445185025,26.753690946834872,467.1358175010863,214.4817627499978,0.0020666647572866736,52.456667081206916,1.148862597131676,1.2076935857477364,0.872661343642819,11.42546748344238,3.380700651988912,0.05511269608442859,30.33087086926757,0.8746461416741349,1320.0088603491536,0.2697929397798191,0.04532286172869604,0.054383888905846334,101.17085371546892,0.701377262290853,0.08743700597618265,0.20179822166991812,0.2332538176473733,1.6601852793238443,0.394048914828403,0.34921430619775506,-0.11002862176328154,0.10017762420165255,0.025930442149356026,0.16744600878058513,0.33960561253581556,0.20449792382747045,0.3523302065979861,0.00021207496739350518,0.011425768118972002,20.126380162500062,295.5940473660372,14.926967535693896,0.8080623002772294,0.05282448955928487,0.948298357490347,0.044354359009121325,0.008206203904125964,0.04283391092693112,0.007693765813913345,0.032100957126452556
0.025626838391677786,62.13584599931587,0.09672133825606899,0.03954164649799008,0.047436294241544275,73.38158278573621,187.8519897536086,1.3939128771963336,0.060061916054810816,0.17053694571501143,0.0012187936491399043,0.2761514920297472,74.6729756818157,44.070247096083385,0.036089551138699605,27.225043721489158,0.10461289112529748,0.15997680556650096,0.06609543950613883,1.3347383348920845,1.0518135420022254,0.06615522217664793,70.43663726665048,0.07838883883345193,241.94775518140975,0.13998470619937997,0.0695185888335974,0.050284436384965936,79.00770684051608,0.38392744888391483,0.15221026429473472,0.01802071519214099,0.27041828170370064,2.142951226482542,2.959058829017117,0.13654881417963072,-0.01110461805103391,0.6141256220835674,0.03781176573933198,0.26885223895185284,0.24815075719770885,4.45551085045282,0.6062748543163599,0.002930705524150312,0.0912777909282978,6.284014640868012,184.1096505277349,5.9212276345525705,3.177848644197688,-0.014220938198906907,-0.008203185734859453,0.07764166253433125,0.01749190118407995,0.017831573896912367,0.04115621302069883,0.02308198271851758
