Date,AUC_wet,WD,h*Pr,Tv_K,uzonal,vmerid,VPD*WS,u*VPD,SR*HODsin,VPD*WS*d1sin,F_CH4_F
4/16/12 15:30,0.0,76.6,-302.988,289.4359,-2.5,-0.59,18.14,-17.65,-243.4397,-14.3952,0.152328
4/16/12 16:00,0.0,80.3,-303.015,289.0547,-2.83,-0.48,18.21,-17.95,-172.2602,-15.7735,0.12441851
4/16/12 16:30,0.0,73.7,-303.039,289.0101,-2.76,-0.81,18.39,-17.65,-179.8618,-16.9929,0.09065824
4/16/12 17:00,0.0,89.3,-303.066,288.5404,-2.89,-0.04,17.08,-17.08,-92.7144,-16.4956,-0.005136166
4/16/12 17:30,0.0,83.1,-303.09,287.9761,-2.62,-0.32,13.97,-13.87,-37.088,-13.8487,0.24827156
4/16/12 18:00,0.0,78.7,-303.117,287.4729,-2.54,-0.51,12.41,-12.17,-10.619,-12.4097,0.27296716
4/16/12 18:30,0.0,90.8,-303.141,287.2512,-2.52,0.04,11.57,-11.57,-0.8249,-11.4735,0.25748625
4/16/12 19:00,0.0,83.7,-303.198,287.1073,-2.2,-0.24,9.58,-9.52,0.0,-9.2496,0.25743432
4/16/12 19:30,0.0,88.6,-303.255,287.0216,-2.04,-0.05,8.48,-8.47,0.0,-7.8308,0.25743432
4/16/12 20:00,0.0,83.9,-303.312,286.9071,-1.63,-0.17,6.46,-6.42,0.0,-5.591,0.26015776
4/16/12 20:30,0.0,79.6,-303.369,286.7318,-1.01,-0.18,3.75,-3.68,0.0,-2.9721,0.2513412
4/16/12 21:00,0.0,85.4,-303.426,286.4926,-1.2,-0.1,4.03,-4.01,0.0,-2.8463,0.24565775
4/16/12 21:30,0.0,84.2,-303.48,286.3618,-0.97,-0.1,3.35,-3.33,0.0,-2.0382,0.25233941
4/16/12 22:00,0.0,68.8,-293.3031,285.8459,-0.63,-0.24,2.02,-1.88,0.0,-1.0091,0.2828454
4/16/12 22:30,0.0,100.1,-293.2422,285.6284,-0.44,0.08,1.28,-1.26,0.0,-0.4896,0.2828454
4/16/12 23:00,0.0,100.2,-293.1813,285.4203,-0.17,0.03,0.42,-0.41,0.0,-0.108,0.25735931
4/16/12 23:30,0.0,73.6,-293.1175,285.3806,-0.25,-0.07,0.58,-0.56,0.0,-0.0759,0.25564562
4/17/12 0:00,0.0,61.7,-293.0566,285.3754,-0.41,-0.22,0.89,-0.78,0.0,0.0,0.25564562
4/17/12 0:30,0.0,37.6,-292.9957,285.7428,-0.32,-0.42,1.22,-0.75,0.0,0.1597,0.28181257
4/17/12 1:00,0.0,70.3,-292.9725,285.7797,-0.21,-0.07,0.52,-0.49,0.0,0.1355,0.2828454
4/17/12 1:30,0.0,104.7,-292.9493,285.9413,-0.51,0.13,1.42,-1.37,0.0,0.5438,0.29067529
4/17/12 2:00,0.0,319.6,-292.9261,285.7495,0.2,-0.23,0.73,0.47,0.0,0.3628,0.2828454
4/17/12 2:30,0.0,23.9,-292.9058,285.5747,-0.18,-0.4,0.79,-0.32,0.0,0.4781,0.27431734
4/17/12 3:00,0.0,122.1,-292.8826,285.7903,-0.59,0.37,1.57,-1.33,0.0,1.1104,0.28181257
4/17/12 3:30,0.0,65.5,-292.8594,285.7739,-0.55,-0.25,1.53,-1.4,0.0,1.2175,0.2828454
4/17/12 4:00,0.0,5.2,-292.8739,285.5308,-0.05,-0.53,1.11,-0.1,0.0,0.961,0.27431734
4/17/12 4:30,0.0,105.5,-292.8855,285.2124,-0.8,0.22,1.6,-1.54,0.0,1.4794,0.26200416
4/17/12 5:00,0.0,66.5,-292.9,285.2655,-1.24,-0.54,2.87,-2.63,0.0,2.7703,0.26200416
4/17/12 5:30,0.0,76.0,-292.9145,285.2691,-0.26,-0.06,0.61,-0.59,2.0731,0.6029,0.26200416
4/17/12 6:00,0.0,319.0,-292.9261,284.9932,0.63,-0.73,1.67,1.1,14.662,1.6695,0.25135851
4/17/12 6:30,0.0,339.8,-292.9406,285.0349,0.27,-0.74,1.14,0.39,30.3888,1.126,0.022292395
4/17/12 7:00,0.0,2.0,-292.9754,285.4408,-0.02,-0.55,0.97,-0.03,53.9547,0.9365,0.07505616
4/17/12 7:30,0.0,344.4,-293.0102,285.8478,0.22,-0.8,1.73,0.47,63.8909,1.6007,0.06027342
4/17/12 8:00,0.0,353.2,-293.0479,286.2608,0.08,-0.69,1.86,0.22,63.5403,1.6107,0.11216303
4/17/12 8:30,0.0,5.7,-303.189,286.7519,-0.04,-0.4,1.31,-0.13,150.1564,1.0414,0.16077528
4/17/12 9:00,0.0,38.5,-303.225,287.5208,-0.31,-0.4,2.07,-1.29,244.7707,1.4641,0.13695095
4/17/12 9:30,0.0,72.9,-303.261,288.4553,-0.33,-0.1,1.69,-1.61,333.6804,1.0281,-0.06053307
4/17/12 10:00,0.0,34.7,-303.192,289.3864,-0.06,-0.08,0.57,-0.32,275.1755,0.2846,-1.9905923
4/17/12 10:30,0.0,149.9,-303.126,290.3156,-0.47,0.82,6.3,-3.16,293.4363,2.4118,-0.15922315
4/17/12 11:00,0.0,187.3,-303.057,290.5161,0.16,1.23,8.64,1.1,130.7991,2.2374,-0.41583813
4/17/12 11:30,0.0,193.7,-302.988,290.9239,0.31,1.28,9.73,2.31,91.8278,1.2706,0.11554425
4/17/12 12:00,0.0,198.1,-302.919,291.3063,0.29,0.9,7.65,2.38,0.0,0.0,0.3875709
4/17/12 12:30,0.0,258.7,-302.85,291.2778,0.51,0.1,4.64,4.55,-73.8982,-0.6056,-0.37382099
4/17/12 13:00,0.0,93.5,-312.9109,291.9972,-0.67,0.04,6.1,-6.09,-195.2779,-1.5794,0.0628353
4/17/12 13:30,0.0,126.4,-302.781,292.2183,-2.5,1.84,28.83,-23.2,-177.2896,-11.0327,0.06893996
4/17/12 14:00,0.0,134.8,-302.748,292.0521,-2.74,2.73,33.55,-23.81,-291.467,-16.7775,-0.16863979
4/17/12 14:30,0.0,126.8,-302.712,291.7693,-2.88,2.16,30.34,-24.3,-223.9085,-18.4718,0.05055097
4/17/12 15:00,0.0,143.8,-302.676,291.9927,-1.86,2.53,29.15,-17.21,-325.6934,-20.6089,-0.13943205
4/17/12 15:30,0.0,143.9,-302.643,292.3132,-1.52,2.08,25.32,-14.92,-330.8355,-20.0906,0.07521772
4/17/12 16:00,0.0,170.9,-302.712,292.4686,-0.34,2.13,21.73,-3.44,-336.4006,-18.8196,-0.019330654
4/17/12 16:30,0.0,167.9,-302.781,291.9197,-0.49,2.3,21.5,-4.51,-71.9573,-19.8614,-0.26967249
4/17/12 17:00,0.0,46.5,-292.755,289.8802,-0.46,-0.43,4.57,-3.32,-6.2437,-4.4173,0.35857088
4/17/12 17:30,0.0,,-252.4325,285.0369,,,2.04,,-0.8308,-2.027,0.26200416
4/17/12 18:00,0.0,,-242.3904,284.9351,,,1.57,,-0.568,-1.573,0.26359668
4/17/12 18:30,0.0,,-252.5475,284.997,,,1.34,,-0.1358,-1.3307,0.26359668
4/17/12 19:00,0.0,,-262.7196,285.3281,,,1.43,,0.0,-1.3787,0.26200416
4/17/12 19:30,0.0,84.0,-262.7924,285.5911,-1.9,-0.2,4.52,-4.49,0.0,-4.1732,0.2828454
4/17/12 20:00,0.0,75.9,-262.8626,285.4258,-0.82,-0.21,1.84,-1.79,0.0,-1.595,0.25564562
4/17/12 20:30,0.0,225.1,-262.9328,285.0705,0.65,0.64,1.53,1.09,0.0,-1.2163,0.26200416
4/17/12 21:00,0.0,330.8,-263.003,284.4463,0.63,-1.13,1.55,0.76,0.0,-1.0981,0.25221824
4/17/12 21:30,0.0,333.2,-263.0758,284.1375,0.56,-1.11,1.48,0.67,0.0,-0.9021,0.25221824
4/17/12 22:00,0.0,339.1,-253.0175,284.1336,0.46,-1.21,1.46,0.52,0.0,-0.7292,0.06767056
4/17/12 22:30,0.0,353.5,-253.0775,284.0718,0.12,-1.06,1.23,0.14,0.0,-0.4699,0.25221824
4/17/12 23:00,0.0,320.1,-253.1375,283.7328,0.21,-0.25,0.39,0.25,0.0,-0.1022,0.25221824
4/17/12 23:30,0.0,165.8,-253.2,283.723,-0.07,0.26,0.34,-0.08,0.0,-0.0439,0.25221824
4/18/12 0:00,0.0,223.8,-253.26,283.1554,0.38,0.4,0.51,0.35,0.0,0.0,0.26037702
4/18/12 0:30,0.0,5.8,-253.32,282.4007,-0.02,-0.21,0.16,-0.02,0.0,0.021,0.27671766
4/18/12 1:00,0.0,295.4,-253.32,281.8255,0.27,-0.13,0.22,0.2,0.0,0.0567,0.28749602
4/18/12 1:30,0.0,343.1,-253.3225,281.7396,0.13,-0.41,0.31,0.09,0.0,0.1174,0.29495663
4/18/12 2:00,0.0,47.8,-253.3225,281.6094,-0.26,-0.23,0.25,-0.18,0.0,0.1237,0.29846479
4/18/12 2:30,0.0,40.0,-253.3225,282.0104,-0.21,-0.25,0.24,-0.15,0.0,0.1459,0.28774413
4/18/12 3:00,0.0,21.8,-253.3225,281.5304,-0.06,-0.16,0.12,-0.04,0.0,0.0839,0.30354239
4/18/12 3:30,0.0,,-253.3225,281.3722,,,1.23,,0.0,0.9752,0.31598828
4/18/12 4:00,0.0,345.8,-253.3775,281.3744,0.11,-0.43,0.31,0.08,0.0,0.2668,0.31598828
4/18/12 4:30,0.0,1.8,-243.2928,281.5887,-0.02,-0.64,0.45,-0.01,0.0,0.4174,0.30354239
4/18/12 5:00,0.0,328.9,-243.3432,281.301,0.38,-0.63,0.5,0.26,0.0,0.4863,0.31598828
4/18/12 5:30,0.0,,-243.396,281.2757,,,1.25,,13.4688,1.235,0.29919181
4/18/12 6:00,0.0,16.9,-243.4464,281.091,-0.18,-0.61,0.42,-0.12,71.761,0.4247,0.09143719
4/18/12 6:30,0.0,347.8,-243.4968,281.5601,0.15,-0.69,0.49,0.1,163.059,0.4892,0.15043544
4/18/12 7:00,0.0,321.1,-243.5424,282.5225,0.57,-0.7,0.78,0.49,260.7333,0.7554,0.0794529
4/18/12 7:30,0.0,291.9,-243.588,283.6295,0.3,-0.12,0.39,0.36,356.3246,0.357,0.50199
4/18/12 8:00,0.0,199.3,-243.6312,285.1395,0.01,0.02,0.04,0.01,424.5308,0.0316,-0.01045524
4/18/12 8:30,0.0,310.4,-253.83,286.7386,0.57,-0.48,1.8,1.37,463.27,1.4289,0.40631186
4/18/12 9:00,0.0,33.6,-264.03,288.4979,-0.66,-1.0,4.68,-2.59,432.0281,3.3078,0.15984054
4/18/12 9:30,0.0,65.0,-264.0794,289.4438,-2.43,-1.13,14.7,-13.32,352.5118,8.9483,-0.53444625
4/18/12 10:00,0.0,65.1,-274.2039,289.4732,-2.36,-1.1,15.74,-14.28,162.2355,7.8714,0.055514324
4/18/12 10:30,0.0,96.9,-284.326,290.2041,-2.69,0.33,17.78,-17.65,270.2763,6.8045,-0.012190856
4/18/12 11:00,0.0,78.9,-294.4457,290.5357,-2.75,-0.54,20.67,-20.28,174.4526,5.3485,-0.31658836
4/18/12 11:30,0.0,92.7,-294.4109,290.7189,-3.01,0.14,23.77,-23.74,82.1191,3.1024,-0.39252156
4/18/12 12:00,0.0,87.6,-304.527,290.9612,-3.09,-0.13,24.94,-24.92,0.0,0.0,-0.48967105
4/18/12 12:30,0.0,87.5,-304.491,290.6643,-2.54,-0.11,21.44,-21.42,-58.515,-2.7985,-0.08470937
4/18/12 13:00,0.0,86.4,-304.473,291.3348,-2.83,-0.18,27.09,-27.03,-206.02,-7.0103,-0.10790477
4/18/12 13:30,0.0,96.0,-304.455,291.4776,-3.13,0.33,31.42,-31.25,-342.7144,-12.0242,-0.16276016
4/18/12 14:00,0.0,108.9,-304.437,291.5135,-3.53,1.21,37.85,-35.81,-393.0105,-18.9247,-0.15585924
4/18/12 14:30,0.0,109.1,-304.419,291.5349,-3.73,1.29,39.82,-37.63,-455.5392,-24.2403,-0.181755
4/18/12 15:00,0.0,100.3,-304.401,291.3552,-4.31,0.78,44.22,-43.51,-471.3404,-31.2677,-0.006696662
4/18/12 15:30,0.0,92.9,-304.383,291.1932,-3.86,0.2,37.88,-37.83,-449.9654,-30.0498,0.022550891
4/18/12 16:00,0.0,100.7,-304.47,290.6694,-4.6,0.87,43.73,-42.97,-405.9503,-37.8752,0.037884089
4/18/12 16:30,0.0,90.0,-304.554,290.1819,-4.12,0.0,35.65,-35.65,-332.7269,-32.9351,-0.053399042
4/18/12 17:00,0.0,79.0,-304.638,289.5062,-4.31,-0.84,35.48,-34.83,-236.2365,-34.2737,0.12755739
4/18/12 17:30,0.0,77.2,-304.722,288.7564,-3.92,-0.89,28.5,-27.79,-134.1385,-28.2528,0.19213523
4/18/12 18:00,0.0,81.3,-304.809,287.7686,-4.06,-0.62,25.94,-25.64,-37.822,-25.9398,0.24827156
4/18/12 18:30,0.0,74.6,-294.7299,286.9282,-3.71,-1.02,21.9,-21.11,-3.2182,-21.7136,0.25019297
4/18/12 19:00,0.0,78.5,-294.8343,286.2009,-3.66,-0.74,17.83,-17.47,0.0,-17.2187,0.25322222
4/18/12 19:30,0.0,73.0,-294.9387,285.9234,-3.16,-0.97,15.13,-14.47,0.0,-13.9802,0.2815183
4/18/12 20:00,0.0,73.4,-295.0431,285.7678,-3.13,-0.93,17.07,-16.36,0.0,-14.7831,-0.000815416
4/18/12 20:30,0.0,65.9,-295.1475,285.6897,-3.67,-1.64,22.95,-20.95,0.0,-18.2054,0.29067529
4/18/12 21:00,0.0,65.3,-295.2519,285.6209,-3.81,-1.75,24.97,-22.68,0.0,-17.6543,0.29067529
4/18/12 21:30,0.0,58.4,-295.3563,285.4295,-3.63,-2.23,23.4,-19.93,0.0,-14.2455,0.13802417
4/18/12 22:00,0.0,54.9,-295.3911,285.225,-2.4,-1.69,14.9,-12.19,0.0,-7.4484,0.27554058
4/18/12 22:30,0.0,70.9,-295.4288,285.0737,-1.53,-0.53,7.77,-7.34,0.0,-2.9733,0.25735931
4/18/12 23:00,0.0,58.3,-295.4636,284.8901,-2.07,-1.28,10.48,-8.92,0.0,-2.7133,-0.08165704
4/18/12 23:30,0.0,61.3,-295.4984,284.841,-2.71,-1.48,12.66,-11.1,0.0,-1.6519,0.26353321
4/19/12 0:00,0.0,55.1,-295.5332,284.8426,-2.58,-1.8,12.11,-9.93,0.0,0.0,0.26353321
4/19/12 0:30,0.0,70.8,-295.568,284.7583,-2.17,-0.75,7.72,-7.29,0.0,1.0076,0.023667386
4/19/12 1:00,0.0,55.1,-295.5593,284.7279,-2.12,-1.48,8.02,-6.58,0.0,2.0758,0.12704963
4/19/12 1:30,0.0,53.5,-295.5535,284.7929,-1.89,-1.39,7.34,-5.9,0.0,2.8106,0.26505649
4/19/12 2:00,0.0,45.3,-295.5448,284.9114,-1.14,-1.13,5.52,-3.92,0.0,2.7592,-0.042659918
4/19/12 2:30,0.0,19.4,-295.539,284.7263,-0.33,-0.93,3.24,-1.08,0.0,1.9718,0.26561618
4/19/12 3:00,0.0,58.2,-295.5303,284.8117,-0.6,-0.37,2.38,-2.02,0.0,1.6818,0.26505649
4/19/12 3:30,0.0,48.4,-295.5216,285.1333,-0.86,-0.76,4.44,-3.32,0.0,3.5241,0.25735931
4/19/12 4:00,0.0,27.5,-295.5767,285.1165,-0.39,-0.75,3.38,-1.56,0.0,2.9266,0.25735931
4/19/12 4:30,0.0,12.7,-295.6318,284.6961,-0.12,-0.54,1.93,-0.42,0.0,1.7837,0.26561618
4/19/12 5:00,0.0,43.6,-295.6869,284.8002,-0.61,-0.64,3.16,-2.18,0.0,3.0544,0.26505649
4/19/12 5:30,0.0,9.8,-295.742,284.6862,-0.18,-1.02,3.52,-0.6,7.0363,3.488,0.26561618
4/19/12 6:00,0.0,54.6,-295.7971,284.9915,-1.46,-1.04,6.68,-5.44,39.046,6.6751,0.022292395
4/19/12 6:30,0.0,44.5,-295.8522,285.1493,-1.19,-1.21,6.5,-4.55,98.0519,6.4405,0.10646804
4/19/12 7:00,0.0,53.2,-295.9102,285.4655,-1.99,-1.49,9.81,-7.85,119.3817,9.4751,0.24188994
4/19/12 7:30,0.0,55.3,-295.9653,285.6554,-1.96,-1.35,9.4,-7.73,169.1134,8.6832,0.17475022
4/19/12 8:00,0.0,55.3,-306.228,286.1103,-2.43,-1.68,12.72,-10.46,314.3386,11.0169,0.15413978
4/19/12 8:30,0.0,58.9,-306.285,286.5977,-2.54,-1.53,13.06,-11.18,354.7075,10.3582,0.29579328
4/19/12 9:00,0.0,53.7,-306.345,287.2546,-2.71,-1.99,16.79,-13.53,386.5774,11.8745,-0.049403894
4/19/12 9:30,0.0,55.6,-306.402,287.5394,-2.56,-1.76,16.49,-13.6,203.6277,10.0372,0.16146191
4/19/12 10:00,0.0,63.1,-306.366,287.6732,-2.84,-1.44,18.05,-16.1,199.929,9.0256,0.12264712
4/19/12 10:30,0.0,60.3,-306.327,288.1296,-2.29,-1.31,15.29,-13.28,255.6964,5.8495,-0.053081692
4/19/12 11:00,0.0,65.3,-306.291,288.7224,-2.56,-1.18,18.71,-17.0,164.0835,4.8429,-0.17155941
4/19/12 11:30,0.0,76.7,-306.255,289.0334,-2.93,-0.69,22.21,-21.61,78.0763,2.8984,-0.12205281
4/19/12 12:00,0.0,84.5,-306.219,289.6074,-2.97,-0.29,23.27,-23.16,0.0,0.0,-0.49366966
4/19/12 12:30,0.0,78.8,-306.183,289.6219,-2.97,-0.59,24.35,-23.89,-67.9667,-3.1786,-0.29999961
4/19/12 13:00,0.0,71.5,-306.144,289.8609,-2.98,-1.0,25.81,-24.48,-178.7958,-6.6803,-0.0002752
4/19/12 13:30,0.0,86.7,-306.108,290.0347,-3.11,-0.18,26.82,-26.77,-211.1498,-10.2622,-0.17180752
4/19/12 14:00,0.0,87.4,-306.069,289.6718,-2.83,-0.13,23.53,-23.5,-107.7255,-11.7626,-0.037831005
4/19/12 14:30,0.0,111.2,-306.033,289.4744,-3.87,1.5,33.87,-31.58,-160.5505,-20.6174,0.13188489
4/19/12 15:00,0.0,99.2,-305.994,289.1678,-3.76,0.61,30.07,-29.69,-142.0853,-21.2642,0.069817
4/19/12 15:30,0.0,100.9,-305.958,289.0115,-3.96,0.76,30.12,-29.58,-171.5238,-23.8963,0.11387672
4/19/12 16:00,0.0,80.9,-306.015,288.9626,-3.67,-0.59,26.86,-26.52,-188.3016,-23.264,0.32927659
4/19/12 16:30,0.0,64.2,-306.075,288.7097,-3.58,-1.73,27.27,-24.55,-254.3551,-25.1951,0.24579623
4/19/12 17:00,0.0,67.9,-306.132,288.2681,-4.09,-1.66,27.89,-25.84,-203.2694,-26.9405,0.12441851
4/19/12 17:30,0.0,77.1,-306.192,287.6711,-3.78,-0.87,22.75,-22.17,-80.0602,-22.5537,0.032065044
4/19/12 18:00,0.0,79.3,-306.249,287.198,-3.82,-0.72,20.03,-19.68,-45.012,-20.0322,-0.021290723
4/19/12 18:30,0.0,77.9,-296.0987,286.6281,-3.58,-0.77,15.28,-14.94,-5.0643,-15.1456,0.21108391
4/19/12 19:00,0.0,74.8,-296.177,286.1485,-3.43,-0.93,12.55,-12.11,0.0,-12.1181,0.27309987
4/19/12 19:30,0.0,75.7,-296.2553,285.8281,-2.83,-0.72,9.37,-9.07,0.0,-8.6521,0.2828454
4/19/12 20:00,0.0,58.1,-296.3307,285.5115,-2.87,-1.79,10.73,-9.11,0.0,-9.2934,0.2828454
4/19/12 20:30,0.0,57.7,-296.409,285.3564,-3.35,-2.12,12.0,-10.14,0.0,-9.5185,0.25735931
4/19/12 21:00,0.0,62.3,-296.4873,285.3298,-2.43,-1.27,8.1,-7.17,0.0,-5.7251,0.13380053
4/19/12 21:30,0.0,64.6,-296.5656,285.3141,-2.52,-1.2,8.43,-7.62,0.0,-5.1331,0.23362153
4/19/12 22:00,0.0,63.8,-296.5714,285.3269,-3.0,-1.48,10.94,-9.82,0.0,-5.4723,0.25566293
4/19/12 22:30,0.0,60.6,-296.5801,285.2683,-2.74,-1.55,11.15,-9.72,0.0,-4.2684,0.20261932
4/19/12 23:00,0.0,58.1,-296.5859,285.1532,-2.71,-1.69,12.36,-10.5,0.0,-3.1999,0.4351734
4/19/12 23:30,0.0,53.8,-296.5917,284.9644,-2.41,-1.76,11.92,-9.62,0.0,-1.5552,0.36503905
4/20/12 0:00,0.0,51.9,-296.6004,284.8548,-2.31,-1.81,12.51,-9.84,0.0,0.0,0.26701829
4/20/12 0:30,0.0,54.1,-296.6062,284.7729,-2.55,-1.85,12.67,-10.26,0.0,1.6535,0.25361458
4/20/12 1:00,0.0,59.7,-296.5888,284.6447,-3.04,-1.78,13.46,-11.62,0.0,3.4837,0.34703088
4/20/12 1:30,0.0,53.6,-296.5743,284.5981,-2.6,-1.91,12.5,-10.06,0.0,4.7826,0.26180798
4/20/12 2:00,0.0,48.9,-296.5569,284.4554,-1.95,-1.7,9.44,-7.11,0.0,4.7191,0.25625724
4/20/12 2:30,0.0,52.9,-296.5395,284.3675,-1.88,-1.42,8.25,-6.58,0.0,5.024,0.2538223
4/20/12 3:00,0.0,48.9,-296.5221,284.2775,-1.71,-1.49,7.84,-5.9,0.0,5.5402,0.07559854
4/20/12 3:30,0.0,49.3,-296.5076,284.1804,-1.98,-1.71,9.0,-6.82,0.0,7.1386,0.07097677
4/20/12 4:00,0.0,51.4,-296.5337,284.1215,-2.16,-1.72,9.95,-7.77,0.0,8.6127,0.22328746
4/20/12 4:30,0.0,53.7,-296.5627,284.0202,-1.71,-1.26,8.0,-6.45,0.0,7.3951,0.2538223
4/20/12 5:00,0.0,49.9,-296.5917,283.9238,-1.53,-1.29,8.48,-6.48,0.0,8.1879,0.1715998
4/20/12 5:30,0.0,52.3,-296.6207,283.8442,-1.55,-1.2,8.68,-6.87,10.2188,8.6059,0.24686368
4/20/12 6:00,0.0,49.9,-296.6497,283.9304,-1.34,-1.13,8.12,-6.21,30.357,8.1226,0.051418778
4/20/12 6:30,0.0,49.9,-296.6787,284.1596,-1.62,-1.37,10.29,-7.87,72.2079,10.2021,0.06027342
4/20/12 7:00,0.0,47.6,-296.7106,284.4453,-1.56,-1.43,10.76,-7.94,106.7261,10.3916,0.24641362
4/20/12 7:30,0.0,59.7,-296.7425,284.7097,-1.9,-1.11,10.91,-9.42,121.7876,10.0809,0.30548688
4/20/12 8:00,0.0,56.7,-296.7744,284.9822,-2.43,-1.6,14.58,-12.18,198.3848,12.6254,0.12570522
4/20/12 8:30,0.0,60.4,-307.044,285.4422,-2.41,-1.37,13.94,-12.12,238.9993,11.0577,0.32424515
4/20/12 9:00,0.0,66.0,-307.077,285.7978,-2.52,-1.12,13.78,-12.59,219.7419,9.7443,0.20223273
4/20/12 9:30,0.0,70.0,-307.11,286.1097,-2.05,-0.74,11.31,-10.63,175.2782,6.8866,0.28401671
4/20/12 10:00,0.0,73.9,-307.047,286.5701,-1.88,-0.54,10.76,-10.33,176.0695,5.3776,0.07365982
4/20/12 10:30,0.0,79.5,-306.984,287.0354,-2.28,-0.42,14.33,-14.09,166.8733,5.4841,-0.01335178
4/20/12 11:00,0.0,73.8,-306.921,287.3055,-1.78,-0.52,11.51,-11.05,104.3985,2.9782,0.19557415
4/20/12 11:30,0.0,101.6,-306.861,287.5555,-2.13,0.44,13.78,-13.5,54.7831,1.7983,-0.17233259
4/20/12 12:00,0.0,96.2,-306.798,287.6519,-2.5,0.27,15.66,-15.57,0.0,0.0,-0.03522585
4/20/12 12:30,0.0,83.3,-306.735,287.7367,-2.55,-0.3,15.39,-15.29,-48.195,-2.0089,0.14970842
4/20/12 13:00,0.0,108.6,-306.687,287.759,-2.47,0.83,15.95,-15.12,-81.1416,-4.129,0.05886554
4/20/12 13:30,0.0,93.3,-306.636,287.7492,-2.78,0.16,17.15,-17.12,-100.3629,-6.5616,0.16941297
4/20/12 14:00,0.0,74.4,-306.588,287.5216,-2.99,-0.83,18.25,-17.57,-118.9305,-9.1228,0.08132815
4/20/12 14:30,0.0,68.5,-306.54,287.4175,-3.11,-1.22,19.81,-18.43,-125.8937,-12.0609,0.12458007
4/20/12 15:00,0.0,77.9,-306.489,287.1452,-3.28,-0.7,19.75,-19.31,-101.4493,-13.9654,0.19905923
4/20/12 15:30,0.0,70.8,-306.441,286.8532,-3.39,-1.18,20.4,-19.26,-130.0869,-16.1838,0.22379522
4/20/12 16:00,0.0,70.9,-306.507,286.6353,-3.63,-1.26,21.5,-20.32,-157.2624,-18.6206,0.17980474
4/20/12 16:30,0.0,71.0,-296.3539,286.2839,-3.49,-1.2,19.66,-18.59,-89.7429,-18.16,0.16048101
4/20/12 17:00,0.0,80.5,-296.4177,286.0583,-3.19,-0.53,16.51,-16.28,-57.9604,-15.946,-0.17075738
4/20/12 17:30,0.0,77.0,-296.4815,285.8541,-3.45,-0.8,16.93,-16.49,-34.0333,-16.7822,0.022292395
4/20/12 18:00,0.0,,-296.5453,285.5398,,,7.4,,-14.083,-7.4048,0.24848505
4/20/12 18:30,0.0,74.9,-296.6062,285.122,-3.31,-0.89,14.75,-14.24,-1.8669,-14.6228,0.26062513
4/20/12 19:00,0.0,73.7,-296.6816,284.7873,-3.52,-1.03,15.26,-14.64,0.0,-14.7354,0.26701829
4/20/12 19:30,0.0,71.1,-296.7541,284.5764,-3.37,-1.15,14.14,-13.37,0.0,-13.0607,0.26180798
4/20/12 20:00,0.0,70.8,-296.8295,284.2423,-3.68,-1.28,15.6,-14.74,0.0,-13.5126,0.50736764
4/20/12 20:30,0.0,70.7,-296.902,284.0207,-3.13,-1.1,12.67,-11.96,0.0,-10.0548,0.22770151
4/20/12 21:00,0.0,73.7,-296.9774,283.9203,-2.94,-0.86,11.22,-10.77,0.0,-7.9371,0.2538223
4/20/12 21:30,0.0,66.2,-297.0499,283.8206,-2.97,-1.31,11.56,-10.58,0.0,-7.0372,0.25315875
4/20/12 22:00,0.0,61.1,-297.0528,283.7176,-2.87,-1.58,11.64,-10.19,0.0,-5.8198,0.25221824
4/20/12 22:30,0.0,63.8,-297.0528,283.6627,-2.9,-1.43,11.61,-10.41,0.0,-4.4417,0.53885453
4/20/12 23:00,0.0,63.9,-297.0528,283.5901,-2.73,-1.34,10.98,-9.86,0.0,-2.8418,0.45285268
4/20/12 23:30,0.0,59.7,-297.0557,283.5307,-3.01,-1.76,12.99,-11.21,0.0,-1.6954,0.25221824
4/21/12 0:00,0.0,57.7,-297.0557,283.4691,-2.86,-1.81,12.9,-10.9,0.0,0.0,0.50195538
4/21/12 0:30,0.0,63.7,-297.0557,283.414,-2.99,-1.48,12.57,-11.27,0.0,1.641,0.57034719
4/21/12 1:00,0.0,57.8,-296.9861,283.3399,-3.12,-1.97,13.82,-11.7,0.0,3.5776,0.6059654
4/21/12 1:30,0.0,55.7,-296.9165,283.2813,-2.53,-1.73,11.68,-9.64,0.0,4.468,0.25221824
4/21/12 2:00,0.0,53.4,-296.8498,283.2766,-1.61,-1.19,7.61,-6.11,0.0,3.803,0.25221824
4/21/12 2:30,0.0,50.6,-296.7802,283.3168,-1.31,-1.07,6.44,-4.98,0.0,3.9226,0.25221824
4/21/12 3:00,0.0,50.5,-296.7106,283.3036,-1.19,-0.98,5.86,-4.52,0.0,4.1463,0.25221824
4/21/12 3:30,0.0,50.8,-296.641,283.3161,-1.79,-1.46,8.8,-6.82,0.0,6.9794,0.39183493
4/21/12 4:00,0.0,52.5,-296.6729,283.2438,-2.37,-1.82,11.54,-9.15,0.0,9.991,0.36535063
4/21/12 4:30,0.0,43.1,-296.7077,283.1873,-1.4,-1.5,7.71,-5.27,0.0,7.1225,0.54754415
4/21/12 5:00,0.0,47.7,-296.7425,283.2325,-1.46,-1.33,7.59,-5.61,0.0,7.3318,0.51469554
4/21/12 5:30,0.0,60.1,-296.7744,283.2263,-1.88,-1.08,8.29,-7.18,4.5061,8.2163,0.21345538
4/21/12 6:00,0.0,51.9,-296.8092,283.2327,-1.54,-1.21,7.61,-5.99,16.399,7.6069,0.17852957
4/21/12 6:30,0.0,54.7,-296.844,283.2647,-1.46,-1.03,7.08,-5.78,27.4174,7.0242,-0.08715008
4/21/12 7:00,0.0,60.7,-296.8933,283.224,-2.27,-1.28,10.19,-8.89,39.2823,9.8435,-0.051745937
4/21/12 7:30,0.0,54.5,-296.9426,283.3021,-2.27,-1.62,11.12,-9.05,47.0781,10.2714,0.11774262
4/21/12 8:00,0.0,54.7,-296.9919,283.3855,-2.6,-1.84,12.8,-10.45,76.7472,11.0864,0.41321278
4/21/12 8:30,0.0,54.7,-297.0383,283.7513,-2.33,-1.65,11.54,-9.42,145.5565,9.1582,0.032791487
4/21/12 9:00,0.0,59.1,-297.0876,284.1619,-2.58,-1.55,12.84,-11.02,181.2718,9.0788,0.20486385
4/21/12 9:30,0.0,66.4,-307.383,284.8039,-2.41,-1.05,11.82,-10.83,250.8481,7.1944,0.27156505
4/21/12 10:00,0.0,69.5,-307.362,285.3322,-2.52,-0.94,12.88,-12.07,248.654,6.441,-0.11421138
4/21/12 10:30,0.0,86.6,-307.341,285.8062,-2.66,-0.16,13.88,-13.86,209.5529,5.3123,0.46718536
4/21/12 11:00,0.0,58.4,-307.32,285.9738,-2.84,-1.74,16.6,-14.13,109.8772,4.2951,0.6010609
4/21/12 11:30,0.0,66.3,-307.299,285.7869,-3.37,-1.48,18.15,-16.62,55.3563,2.3695,0.7323861
4/21/12 12:00,0.0,65.3,-307.281,286.0319,-3.59,-1.65,20.63,-18.75,0.0,0.0,0.9911706
4/21/12 12:30,0.0,63.0,-307.26,286.2891,-3.86,-1.97,24.0,-21.38,-98.2167,-3.1326,-0.036660272
4/21/12 13:00,0.0,78.1,-307.218,286.5412,-3.5,-0.74,21.19,-20.74,-150.092,-5.4853,0.37931403
4/21/12 13:30,0.0,75.3,-307.176,286.7868,-3.64,-0.95,22.76,-22.02,-217.9868,-8.7108,0.54032588
4/21/12 14:00,0.0,68.5,-307.134,286.677,-4.02,-1.58,25.61,-23.83,-280.024,-12.8066,0.046992611
4/21/12 14:30,0.0,65.6,-307.092,286.496,-4.19,-1.9,27.03,-24.61,-394.9297,-16.4538,0.8719047
4/21/12 15:00,0.0,71.4,-307.05,286.5001,-4.08,-1.37,25.66,-24.32,-429.3906,-18.1425,0.8330149
4/21/12 15:30,0.0,75.8,-307.008,286.3013,-4.24,-1.07,26.55,-25.74,-365.3646,-21.065,0.19978048
4/21/12 16:00,0.0,68.3,-307.065,286.1632,-3.84,-1.53,25.35,-23.55,-237.9656,-21.9517,0.15914237
4/21/12 16:30,0.0,76.0,-296.8846,285.7878,-3.82,-0.95,23.42,-22.73,-132.7901,-21.6401,0.19905923
4/21/12 17:00,0.0,71.7,-296.9397,285.3933,-3.85,-1.27,22.48,-21.34,-98.6007,-21.7114,0.16297942
4/21/12 17:30,0.0,66.9,-296.9919,284.9597,-3.99,-1.7,22.54,-20.73,-62.3847,-22.3431,0.07505616
4/21/12 18:00,0.0,75.3,-297.047,284.503,-3.5,-0.92,18.22,-17.62,-25.406,-18.216,0.06090235
4/21/12 18:30,0.0,75.5,-297.1021,284.2177,-3.39,-0.88,17.7,-17.14,-1.8947,-17.5523,0.25221824
4/21/12 19:00,0.0,83.1,-297.192,283.9077,-3.05,-0.37,15.76,-15.65,0.0,-15.2224,0.34270915
4/21/12 19:30,0.0,77.8,-297.2819,283.7133,-3.24,-0.7,16.45,-16.08,0.0,-15.1969,0.25221824
4/21/12 20:00,0.0,76.2,-297.3718,283.5131,-2.62,-0.64,12.89,-12.52,0.0,-11.1611,0.17961433
4/21/12 20:30,0.0,73.4,-297.4617,283.2665,-2.29,-0.68,10.88,-10.43,0.0,-8.6313,0.25221824
4/21/12 21:00,0.0,62.6,-297.5516,283.0189,-2.3,-1.19,11.06,-9.82,0.0,-7.8202,0.17525221
4/21/12 21:30,0.0,60.0,-297.6444,282.7378,-2.76,-1.6,13.61,-11.78,0.0,-8.2824,0.26037702
4/21/12 22:00,0.0,63.4,-297.6125,282.5188,-2.82,-1.41,12.51,-11.18,0.0,-6.2532,0.26048665
4/21/12 22:30,0.0,66.6,-297.5806,282.3887,-3.15,-1.36,13.04,-11.97,0.0,-4.9911,0.52908592
4/21/12 23:00,0.0,65.6,-297.5487,282.2117,-3.84,-1.74,14.71,-13.39,0.0,-3.8066,0.26770492
4/21/12 23:30,0.0,59.9,-297.5168,282.0416,-3.26,-1.89,12.27,-10.62,0.0,-1.6017,0.28394747
4/22/12 0:00,0.0,53.3,-297.4849,282.0208,-2.19,-1.63,9.05,-7.26,0.0,0.0,0.29073876
4/22/12 0:30,0.0,50.3,-297.453,282.0337,-1.27,-1.06,5.49,-4.22,0.0,0.7161,0.28394747
4/22/12 1:00,0.0,50.1,-297.3718,282.1222,-1.57,-1.31,6.92,-5.31,0.0,1.7922,0.33208081
4/22/12 1:30,0.0,31.3,-297.2877,282.1851,-0.86,-1.41,5.61,-2.92,0.0,2.148,0.2760945
4/22/12 2:00,0.0,332.6,-297.2065,281.9307,0.37,-0.72,2.46,1.13,0.0,1.2304,0.28678631
4/22/12 2:30,0.0,,-297.1224,281.8266,,,3.8,,0.0,2.3144,0.28678631
4/22/12 3:00,0.0,313.7,-297.0412,281.3833,0.76,-0.72,2.49,1.8,0.0,1.76,0.30354239
4/22/12 3:30,0.0,318.3,-296.9571,280.9764,0.47,-0.52,1.4,0.93,0.0,1.1077,0.30481756
4/22/12 4:00,0.0,326.1,-296.9571,280.9604,0.58,-0.87,2.13,1.19,0.0,1.8488,0.30481756
4/22/12 4:30,0.0,335.8,-296.9571,280.7609,0.25,-0.56,1.1,0.45,0.0,1.0144,0.25786707
4/22/12 5:00,0.0,67.8,-296.9542,280.8026,-0.36,-0.15,0.75,-0.7,0.0,0.7289,0.25786707
4/22/12 5:30,0.0,319.6,-296.9542,280.9122,0.48,-0.56,1.6,1.04,6.1648,1.5855,0.2944431
4/22/12 6:00,0.0,342.4,-296.9513,281.6629,0.19,-0.59,1.82,0.55,25.865,1.8166,0.06090235
4/22/12 6:30,0.0,318.4,-296.9513,281.6281,0.81,-0.91,2.95,1.96,45.1554,2.9296,0.11962364
4/22/12 7:00,0.0,324.1,-296.9281,281.7958,0.76,-1.05,3.26,1.91,79.8714,3.1475,0.18073371
4/22/12 7:30,0.0,33.5,-296.9049,282.7378,-0.69,-1.05,4.03,-2.22,77.5689,3.7201,0.19335847
4/22/12 8:00,0.0,42.8,-296.8846,283.4471,-1.15,-1.24,6.48,-4.4,89.3738,5.6118,0.2750559
4/22/12 8:30,0.0,38.9,-296.8614,283.9088,-1.0,-1.24,6.22,-3.91,118.3707,4.9386,0.3522008
4/22/12 9:00,0.0,36.0,-296.8382,284.338,-1.07,-1.47,7.54,-4.43,159.442,5.3302,0.2593615
4/22/12 9:30,0.0,44.5,-296.815,284.9462,-1.57,-1.6,9.83,-6.89,188.0446,5.9847,0.3291785
4/22/12 10:00,0.0,60.1,-306.924,285.267,-2.42,-1.39,12.57,-10.9,163.2935,6.2856,0.6298532
4/22/12 10:30,0.0,58.8,-306.798,285.5653,-2.15,-1.3,11.55,-9.88,110.0467,4.4212,0.2635159
4/22/12 11:00,0.0,51.7,-306.675,286.0385,-1.85,-1.46,11.21,-8.8,75.8267,2.9014,0.32424515
4/22/12 11:30,0.0,55.6,-296.3307,286.0171,-2.1,-1.44,11.54,-9.52,13.9338,1.5063,0.16297942
4/22/12 12:00,0.0,68.6,-296.2089,285.2515,-1.75,-0.68,6.25,-5.82,0.0,0.0,0.16297942
4/22/12 12:30,0.0,50.5,-275.6673,284.4083,-0.95,-0.78,1.97,-1.52,-13.4267,-0.2573,0.16297942
4/22/12 13:00,0.0,29.0,-255.17,284.2444,-0.42,-0.76,0.98,-0.48,-19.1679,-0.2538,0.06027342
4/22/12 13:30,0.0,316.4,-255.0925,284.221,0.41,-0.43,0.68,0.47,-25.623,-0.259,0.06027342
4/22/12 14:00,0.0,285.4,-244.812,284.2504,0.85,-0.23,0.9,0.87,-22.6455,-0.4522,0.07813734
4/22/12 14:30,0.0,331.4,-254.935,284.2595,0.18,-0.32,0.35,0.17,-36.1903,-0.2127,0.07505616
4/22/12 15:00,0.0,31.6,-254.8575,284.4717,-0.65,-1.05,1.16,-0.61,-48.7571,-0.8169,0.06027342
4/22/12 15:30,0.0,18.5,-244.5864,284.5846,-0.47,-1.4,1.37,-0.43,-80.5151,-1.0855,0.16297942
4/22/12 16:00,0.0,25.5,-244.5696,284.8495,-0.62,-1.3,1.57,-0.68,-56.4891,-1.3584,0.07505616
4/22/12 16:30,0.0,17.8,-244.5528,284.9622,-0.39,-1.22,1.43,-0.44,-45.9769,-1.3248,0.09043321
4/22/12 17:00,0.0,6.3,-244.536,284.9539,-0.15,-1.38,1.59,-0.18,-30.8237,-1.5405,0.022292395
4/22/12 17:30,0.0,9.0,-244.5216,285.0696,-0.15,-0.92,1.06,-0.17,-18.1623,-1.0537,0.25412811
4/22/12 18:00,0.0,358.8,-244.5048,285.1816,0.01,-0.55,0.62,0.01,-6.24,-0.6193,0.26549501
4/22/12 18:30,0.0,319.8,-244.488,285.1008,0.46,-0.54,0.73,0.47,-1.7459,-0.7269,0.26549501
4/22/12 19:00,0.0,330.5,-234.2757,284.8991,0.41,-0.72,0.77,0.38,0.0,-0.7476,0.26030778
4/22/12 19:30,0.0,356.7,-244.4352,284.6925,0.03,-0.55,0.47,0.03,0.0,-0.4363,0.25426082
4/22/12 20:00,0.0,5.1,-244.4112,284.6611,-0.04,-0.48,0.41,-0.04,0.0,-0.3507,0.25632071
4/22/12 20:30,0.0,351.6,-244.3848,284.6127,0.05,-0.37,0.31,0.05,0.0,-0.2444,0.25729007
4/22/12 21:00,0.0,331.3,-254.5425,284.5941,0.31,-0.56,0.52,0.25,0.0,-0.3674,0.25729007
4/22/12 21:30,0.0,4.5,-254.515,284.5879,-0.05,-0.66,0.54,-0.04,0.0,-0.3294,0.26109827
4/22/12 22:00,0.0,9.8,-254.4475,284.5581,-0.08,-0.45,0.37,-0.06,0.0,-0.1849,0.26109827
4/22/12 22:30,0.0,18.0,-254.3775,284.5283,-0.18,-0.54,0.46,-0.14,0.0,-0.1764,0.26595084
4/22/12 23:00,0.0,336.1,-264.4824,284.4995,0.27,-0.61,0.53,0.22,0.0,-0.1376,0.27041105
4/22/12 23:30,0.0,31.5,-264.4096,284.5948,-0.31,-0.51,0.48,-0.25,0.0,-0.0623,0.27436927
4/23/12 0:00,0.0,329.7,-264.3394,284.6725,0.27,-0.47,0.44,0.22,0.0,0.0,0.27436927
4/23/12 0:30,0.0,325.3,-264.2692,284.7055,0.45,-0.66,0.64,0.37,0.0,0.084,0.27436927
4/23/12 1:00,0.0,312.7,-264.199,284.7059,0.78,-0.72,0.85,0.63,0.0,0.2206,0.27436927
4/23/12 1:30,0.0,342.9,-264.1314,284.7399,0.19,-0.63,0.53,0.16,0.0,0.2034,0.27436927
4/23/12 2:00,0.0,11.5,-274.2174,284.7825,-0.1,-0.49,0.4,-0.08,0.0,0.202,0.27436927
4/23/12 2:30,0.0,36.0,-274.1472,285.0311,-0.4,-0.55,0.57,-0.33,0.0,0.3444,0.27394806
4/23/12 3:00,0.0,64.9,-263.926,285.4964,-0.89,-0.42,0.84,-0.76,0.0,0.5906,0.2654777
4/23/12 3:30,0.0,67.7,-263.8558,285.7747,-1.42,-0.58,1.3,-1.21,0.0,1.0339,0.2654777
4/23/12 4:00,0.0,66.8,-263.8142,285.8515,-1.47,-0.63,1.37,-1.26,0.0,1.1848,0.2654777
4/23/12 4:30,0.0,70.3,-263.7726,285.9361,-1.75,-0.63,1.59,-1.5,0.0,1.4711,0.2654777
4/23/12 5:00,0.0,80.8,-263.7284,286.0342,-2.24,-0.36,1.94,-1.92,0.0,1.8772,0.2654777
4/23/12 5:30,0.0,76.1,-263.6868,286.232,-1.88,-0.47,1.68,-1.63,1.1848,1.6612,0.26798765
4/23/12 6:00,0.0,90.4,-263.6426,286.6662,-2.38,0.02,2.11,-2.11,10.077,2.1054,0.19957853
4/23/12 6:30,0.0,94.9,-263.601,286.9285,-2.14,0.18,1.92,-1.91,15.4447,1.9016,0.14643106
4/23/12 7:00,0.0,94.1,-263.5802,287.2559,-2.39,0.17,2.18,-2.18,45.7008,2.1081,-0.021290723
4/23/12 7:30,0.0,121.2,-263.5568,287.6806,-1.75,1.06,1.92,-1.64,85.0191,1.7748,0.12719965
4/23/12 8:00,0.0,106.2,-263.5334,288.2558,-1.07,0.31,1.22,-1.17,118.3987,1.0583,0.19213523
4/23/12 8:30,0.0,90.3,-263.5126,288.7044,-1.54,0.01,2.04,-2.04,129.6593,1.6181,0.06641847
4/23/12 9:00,0.0,85.5,-253.355,289.0486,-1.8,-0.14,2.59,-2.58,112.2652,1.8298,0.15722673
4/23/12 9:30,0.0,83.4,-263.4684,289.2392,-2.35,-0.27,4.15,-4.12,108.2159,2.5239,0.15722673
4/23/12 10:00,0.0,102.2,-253.2875,289.5146,-2.34,0.51,3.78,-3.7,87.952,1.8905,0.042907451
4/23/12 10:30,0.0,116.7,-243.1104,290.5037,-2.55,1.28,5.17,-4.62,140.4421,1.9777,0.08728279
4/23/12 11:00,0.0,136.3,-253.1925,291.3691,-2.42,2.53,10.94,-7.56,79.5377,2.831,0.26000774
4/23/12 11:30,0.0,163.4,-263.2682,291.3406,-0.61,2.04,6.58,-1.88,10.0852,0.8583,0.06261604
4/23/12 12:00,0.0,220.1,-253.095,290.8687,1.28,1.52,4.13,2.66,0.0,0.0,-0.047534991
4/23/12 12:30,0.0,222.8,-253.0475,291.0339,1.46,1.58,4.59,3.12,-15.6276,-0.5986,-0.042250248
4/23/12 13:00,0.0,226.2,-252.9825,290.5337,1.17,1.12,2.92,2.11,-35.357,-0.7569,0.026645283
4/23/12 13:30,0.0,249.1,-252.915,290.359,0.77,0.29,1.46,1.37,-32.6835,-0.5594,0.06261604
4/23/12 14:00,0.0,270.9,-252.8475,290.0852,0.3,0.0,0.42,0.42,-41.2105,-0.2092,0.06261604
4/23/12 14:30,0.0,352.2,-252.7825,290.1638,0.03,-0.23,0.3,0.04,-26.601,-0.1851,0.05999069
4/23/12 15:00,0.0,301.5,-252.715,290.2273,0.38,-0.23,0.53,0.45,-18.6068,-0.3766,0.07219424
4/23/12 15:30,0.0,276.9,-252.6475,290.1539,0.46,-0.06,0.52,0.51,-27.88,-0.4089,0.07219424
4/23/12 16:00,0.0,298.7,-252.6275,290.3145,0.57,-0.31,0.74,0.65,-34.7371,-0.6428,0.05999069
4/23/12 16:30,0.0,74.4,-252.605,290.4418,-0.44,-0.12,0.51,-0.49,-16.1864,-0.4693,-0.024435373
4/23/12 17:00,0.0,265.6,-252.5825,290.5967,0.06,0.0,0.07,0.07,-7.2947,-0.0696,-0.045088511
4/23/12 17:30,0.0,139.1,-252.56,290.6036,-0.65,0.75,1.11,-0.72,-43.0119,-1.097,0.05999069
4/23/12 18:00,0.0,95.4,-252.5375,290.7444,-0.73,0.07,0.86,-0.86,-23.959,-0.8609,0.10425813
4/23/12 18:30,0.0,82.4,-252.515,290.6624,-0.86,-0.11,1.04,-1.03,-1.853,-1.0313,-0.045088511
4/23/12 19:00,0.0,98.3,-252.5025,290.4825,-0.98,0.14,1.11,-1.1,0.0,-1.0757,-0.045088511
4/23/12 19:30,0.0,74.3,-252.4875,290.3709,-1.04,-0.29,1.17,-1.13,0.0,-1.0826,-0.045088511
4/23/12 20:00,0.0,44.8,-252.475,290.3342,-0.56,-0.56,0.85,-0.6,0.0,-0.7332,-0.045088511
4/23/12 20:30,0.0,35.1,-252.46,290.2415,-0.3,-0.43,0.56,-0.32,0.0,-0.4415,-0.045088511
4/23/12 21:00,0.0,44.5,-252.4475,290.2047,-0.99,-1.01,1.5,-1.05,0.0,-1.0598,-0.045088511
4/23/12 21:30,0.0,43.8,-252.4325,290.1374,-0.82,-0.86,1.25,-0.87,0.0,-0.7623,-0.045088511
4/23/12 22:00,0.0,47.6,-252.3525,290.1201,-1.16,-1.06,1.66,-1.22,0.0,-0.8285,-0.045088511
4/23/12 22:30,0.0,30.5,-252.2725,290.0941,-0.44,-0.75,0.92,-0.47,0.0,-0.3509,-0.045088511
4/23/12 23:00,0.0,350.3,-252.1925,290.032,0.1,-0.57,0.61,0.1,0.0,-0.1573,-0.045088511
4/23/12 23:30,0.0,329.9,-252.1125,289.9506,0.49,-0.84,1.01,0.51,0.0,-0.1323,-0.045088511
4/24/12 0:00,0.0,326.4,-252.03,289.9083,0.82,-1.23,1.54,0.85,0.0,0.0,-0.045088511
4/24/12 0:30,0.0,324.6,-251.95,289.8632,0.9,-1.26,1.61,0.93,0.0,0.2099,-0.045088511
4/24/12 1:00,0.0,333.4,-251.925,289.8246,0.66,-1.32,1.52,0.68,0.0,0.3947,-0.045088511
4/24/12 1:30,0.0,321.8,-251.9,289.7348,0.89,-1.13,1.47,0.91,0.0,0.5633,-0.045088511
4/24/12 2:00,0.0,306.1,-251.875,289.433,1.01,-0.74,1.26,1.02,0.0,0.6291,-0.045088511
4/24/12 2:30,0.0,302.2,-251.85,289.4742,1.26,-0.79,1.5,1.27,0.0,0.9128,-0.045088511
4/24/12 3:00,0.0,304.9,-251.8275,289.2676,1.39,-0.97,1.69,1.39,0.0,1.1971,-0.045088511
4/24/12 3:30,0.0,308.6,-251.8025,289.1324,1.95,-1.56,2.52,1.97,0.0,1.9981,-0.045088511
4/24/12 4:00,0.0,310.3,-251.8475,289.1571,2.05,-1.74,2.73,2.08,0.0,2.3657,-0.045088511
4/24/12 4:30,0.0,319.3,-251.8925,289.1411,1.36,-1.58,2.07,1.35,0.0,1.9111,-0.045088511
4/24/12 5:00,0.0,339.3,-251.94,289.1563,0.58,-1.54,1.62,0.57,0.0,1.5642,-0.045088511
4/24/12 5:30,0.0,339.3,-251.985,289.2288,0.71,-1.88,2.02,0.72,10.5906,2.0058,0.08367077
4/24/12 6:00,0.0,341.0,-252.0325,289.2575,0.58,-1.68,1.83,0.6,31.131,1.8326,0.001624774
4/24/12 6:30,0.0,2.8,-252.0775,289.3813,-0.08,-1.57,1.72,-0.08,90.0242,1.7023,0.040852754
4/24/12 7:00,0.0,8.5,-252.1225,290.0221,-0.21,-1.44,2.0,-0.29,268.2521,1.9271,0.07009973
4/24/12 7:30,0.0,340.4,-262.2516,290.846,0.46,-1.29,2.95,0.99,365.0433,2.7209,-0.11855042
4/24/12 8:00,0.0,321.7,-262.2984,291.4226,0.44,-0.55,2.17,1.34,413.5193,1.8776,-0.5180306
4/24/12 8:30,0.0,303.7,-272.4327,291.684,1.53,-1.02,5.14,4.28,347.9687,4.08,-0.7360789
4/24/12 9:00,0.0,284.4,-282.5732,292.0027,1.53,-0.39,5.05,4.89,327.3056,3.5717,-0.039371595
4/24/12 9:30,0.0,292.8,-282.6208,292.7819,0.92,-0.39,4.6,4.24,509.9095,2.7997,-0.23186168
4/24/12 10:00,0.0,56.3,-292.6912,293.8192,-0.64,-0.43,5.83,-4.85,482.009,2.9162,-0.48986723
4/24/12 10:30,0.0,44.7,-302.76,294.1416,-0.68,-0.69,9.05,-6.37,334.6184,3.4641,-0.35581859
4/24/12 11:00,0.0,331.6,-302.736,294.1485,0.25,-0.47,4.88,2.32,161.1353,1.2633,0.44981189
4/24/12 11:30,0.0,287.7,-302.715,294.9099,0.67,-0.21,7.4,7.05,127.2496,0.9653,-0.14389226
4/24/12 12:00,0.0,255.9,-312.7807,295.3016,0.97,0.24,11.5,11.16,0.0,0.0,0.017528683
4/24/12 12:30,0.0,223.2,-312.7559,295.7715,0.5,0.54,9.06,6.2,-118.2447,-1.183,-0.41328202
4/24/12 13:00,0.0,165.8,-312.6908,295.806,-0.16,0.62,7.86,-1.93,-204.818,-2.0337,-0.2321848
4/24/12 13:30,0.0,117.4,-312.6257,296.2051,-0.79,0.41,11.38,-10.1,-335.0206,-4.3539,-0.41328202
4/24/12 14:00,0.0,154.7,-312.5606,296.6095,-0.39,0.82,12.72,-5.44,-409.0265,-6.3624,-0.7598513
4/24/12 14:30,0.0,104.9,-312.4955,296.9697,-1.29,0.34,19.2,-18.56,-407.5901,-11.6898,-0.7589281
4/24/12 15:00,0.0,97.0,-302.352,296.9381,-2.57,0.32,34.97,-34.71,-442.3561,-24.7279,-1.4444618
4/24/12 15:30,0.0,69.2,-302.289,295.6418,-4.3,-1.63,53.82,-50.32,-431.2915,-42.7006,0.57281098
4/24/12 16:00,0.0,73.3,-302.304,294.5989,-4.36,-1.31,50.33,-48.2,-389.1719,-43.5844,0.16507393
4/24/12 16:30,0.0,93.1,-302.319,294.0711,-4.11,0.22,44.39,-44.33,-318.9371,-41.0114,-5.4714e-05
4/24/12 17:00,0.0,106.6,-302.334,293.4827,-4.44,1.32,47.46,-45.48,-220.2948,-45.8459,0.08232059
4/24/12 17:30,0.0,108.5,-302.349,292.741,-4.07,1.36,40.72,-38.61,-126.7761,-40.37,0.06241986
4/24/12 18:00,0.0,101.2,-302.364,291.9023,-3.54,0.7,30.79,-30.21,-42.992,-30.7936,0.0578154
4/24/12 18:30,0.0,95.4,-302.379,291.0613,-3.1,0.29,23.32,-23.21,-4.6994,-23.1187,0.10406195
4/24/12 19:00,0.0,101.2,-302.484,290.697,-3.42,0.68,25.27,-24.79,0.0,-24.4102,-0.0672782
4/24/12 19:30,0.0,109.5,-302.589,290.1485,-2.41,0.85,15.75,-14.84,0.0,-14.5489,-0.043049393
4/24/12 20:00,0.0,94.1,-272.4246,289.5706,-2.6,0.19,13.18,-13.15,0.0,-11.4173,-0.031529011
4/24/12 20:30,0.0,121.5,-262.4258,289.2433,-1.56,0.96,7.86,-6.7,0.0,-6.2376,-0.031529011
4/24/12 21:00,0.0,145.8,-262.5168,288.9348,-1.19,1.76,7.51,-4.22,0.0,-5.3127,-0.031529011
4/24/12 21:30,0.0,81.1,-262.6078,288.5221,-1.29,-0.2,3.55,-3.5,0.0,-2.1591,-0.041063359
4/24/12 22:00,0.0,110.1,-262.6884,288.5626,-1.26,0.46,3.28,-3.08,0.0,-1.6383,-0.041063359
4/24/12 22:30,0.0,76.9,-262.769,288.6301,-1.17,-0.27,3.17,-3.09,0.0,-1.2141,-0.041063359
4/24/12 23:00,0.0,52.4,-262.8496,288.7237,-0.66,-0.51,2.41,-1.91,0.0,-0.6241,-0.041063359
4/24/12 23:30,0.0,159.3,-262.9302,288.7431,-0.18,0.47,1.55,-0.55,0.0,-0.2019,-0.028970016
4/25/12 0:00,0.0,69.3,-263.0108,288.3863,-0.93,-0.35,1.99,-1.86,0.0,0.0,-0.026139831
4/25/12 0:30,0.0,221.0,-263.0914,288.4402,0.19,0.22,0.62,0.4,0.0,0.0804,-0.026139831
4/25/12 1:00,0.0,7.0,-252.935,288.3019,-0.1,-0.8,1.46,-0.18,0.0,0.3786,-0.026139831
4/25/12 1:30,0.0,314.3,-242.7816,288.4102,0.34,-0.33,0.97,0.69,0.0,0.3707,-0.026139831
4/25/12 2:00,0.0,25.8,-242.7456,288.0313,-0.27,-0.56,0.86,-0.37,0.0,0.4282,0.055717428
4/25/12 2:30,0.0,235.3,-242.7096,288.0668,0.27,0.19,0.43,0.36,0.0,0.263,0.055717428
4/25/12 3:00,0.0,334.6,-242.6712,287.6436,0.27,-0.57,0.71,0.3,0.0,0.5005,0.08080308
4/25/12 3:30,0.0,28.6,-242.6352,287.4453,-0.26,-0.48,0.55,-0.26,0.0,0.4329,0.07880089
4/25/12 4:00,0.0,85.4,-242.6544,286.9726,-0.74,-0.06,0.75,-0.75,0.0,0.6538,0.15008924
4/25/12 4:30,0.0,49.3,-242.6712,286.7606,-0.41,-0.35,0.5,-0.38,0.0,0.4614,0.19177172
4/25/12 5:00,0.0,43.6,-242.688,286.7459,-0.28,-0.29,0.36,-0.25,1.1784,0.3486,0.19177172
4/25/12 5:30,0.0,58.4,-242.7072,287.0456,-0.22,-0.14,0.27,-0.23,14.834,0.266,0.14546747
4/25/12 6:00,0.0,268.6,-242.724,287.2385,0.41,0.01,0.51,0.51,54.688,0.5133,0.04061503
4/25/12 6:30,0.0,329.2,-242.7432,287.406,0.12,-0.2,0.28,0.14,68.3562,0.274,0.032065044
4/25/12 7:00,0.0,24.9,-252.9,287.7639,-0.15,-0.33,0.54,-0.23,101.7265,0.5218,0.12719965
4/25/12 7:30,0.0,84.2,-252.9425,288.5059,-0.5,-0.05,1.29,-1.28,131.4191,1.192,0.19213523
4/25/12 8:00,0.0,87.0,-252.985,289.4103,-1.72,-0.09,6.79,-6.78,177.5101,5.8763,0.13004426
4/25/12 8:30,0.0,81.8,-253.0275,289.9866,-2.84,-0.41,16.49,-16.32,261.9653,13.0832,0.011819845
4/25/12 9:00,0.0,85.9,-253.07,290.1327,-3.4,-0.24,20.13,-20.08,242.0596,14.2322,0.06602034
4/25/12 9:30,0.0,82.9,-263.237,290.6917,-3.31,-0.41,19.99,-19.83,371.563,12.1679,-0.23960502
4/25/12 10:00,0.0,73.8,-273.2859,291.4856,-3.15,-0.91,22.32,-21.43,393.6345,11.1597,-0.10518133
4/25/12 10:30,0.0,71.7,-293.4452,292.3559,-2.9,-0.96,23.89,-22.68,316.0031,9.1412,-0.20652561
4/25/12 11:00,0.0,95.6,-303.48,292.6782,-2.84,0.28,25.62,-25.49,199.7364,6.6297,-0.10518133
4/25/12 11:30,0.0,88.9,-303.393,293.2241,-2.44,-0.05,22.69,-22.69,97.4647,2.962,0.024807538
4/25/12 12:00,0.0,98.1,-303.309,293.4798,-2.6,0.37,24.43,-24.19,0.0,0.0,-0.023839332
4/25/12 12:30,0.0,93.4,-303.225,293.3921,-3.14,0.19,28.1,-28.05,-53.2782,-3.6682,0.24192456
4/25/12 13:00,0.0,93.7,-242.5584,293.4905,-3.59,0.23,31.22,-31.16,-140.6604,-8.0805,0.5614787
4/25/12 13:30,0.0,99.6,-20.2114,293.4628,-3.93,0.66,34.03,-33.55,-193.4044,-13.0221,0.36868569
4/25/12 14:00,0.0,111.8,0.0,293.7665,-3.74,1.5,35.2,-32.68,-304.2965,-17.5997,0.46867979
4/25/12 14:30,0.075,91.4,30.3117,293.8267,-3.75,0.09,32.66,-32.65,-392.7333,-19.8829,0.5863474
4/25/12 15:00,0.3,83.5,60.618,293.8438,-3.85,-0.44,33.93,-33.72,-418.6157,-23.9945,0.8585183
4/25/12 15:30,0.65,92.0,80.8168,293.6894,-4.45,0.16,38.63,-38.61,-407.0958,-30.6463,0.8033571
4/25/12 16:00,1.1,78.9,101.032,292.8639,-4.36,-0.86,36.12,-35.44,-220.1298,-31.2777,1.4512704
4/25/12 16:30,1.625,80.2,111.1462,292.301,-4.61,-0.8,36.82,-36.28,-157.9067,-34.0193,0.4255375
4/25/12 17:00,2.2,88.3,121.2636,291.5136,-4.73,-0.14,32.85,-32.84,-77.334,-31.7324,0.06258142
4/25/12 17:30,2.8,87.6,121.2768,290.9664,-4.45,-0.19,26.93,-26.91,-35.5344,-26.7042,0.18209543
4/25/12 18:00,3.4,89.5,121.2888,290.6259,-4.54,-0.04,25.76,-25.76,-26.528,-25.7599,0.07750841
4/25/12 18:30,4.025,86.6,131.4105,290.3233,-4.01,-0.24,21.06,-21.02,-2.6898,-20.8818,-0.031529011
4/25/12 19:00,4.675,92.5,131.43,290.1159,-4.02,0.18,19.62,-19.6,0.0,-18.9483,-0.031529011
4/25/12 19:30,5.325,88.6,131.4508,290.0138,-3.88,-0.09,17.58,-17.58,0.0,-16.2456,-0.031529011
4/25/12 20:00,5.975,91.3,131.4703,290.0228,-3.68,0.08,16.19,-16.19,0.0,-14.0214,0.30426941
4/25/12 20:30,6.625,91.4,131.4898,289.9689,-3.64,0.09,15.4,-15.39,0.0,-12.2168,-0.031529011
4/25/12 21:00,7.3,96.7,141.6268,289.8291,-3.36,0.4,13.47,-13.38,0.0,-9.5244,-0.05996184
4/25/12 21:30,8.0,93.7,141.6478,289.7232,-3.44,0.22,13.11,-13.09,0.0,-7.983,-0.11495571
4/25/12 22:00,8.725,90.1,151.749,289.6805,-3.51,0.01,12.87,-12.87,0.0,-6.4338,-0.031529011
4/25/12 22:30,9.475,95.5,151.7325,289.6047,-3.44,0.33,11.85,-11.79,0.0,-4.5337,-0.32459712
4/25/12 23:00,10.225,94.7,151.7145,289.4398,-3.41,0.28,10.91,-10.87,0.0,-2.8227,-0.31003941
4/25/12 23:30,11.0,85.6,161.8112,289.4107,-2.87,-0.22,8.91,-8.89,0.0,-1.1635,-0.07602552
4/26/12 0:00,11.8,95.0,161.7936,289.3523,-3.16,0.28,9.59,-9.56,0.0,0.0,-0.031529011
4/26/12 0:30,12.6,95.5,161.7744,289.3669,-2.78,0.27,8.1,-8.07,0.0,1.0576,-0.031529011
4/26/12 1:00,13.4,90.2,161.7328,289.4345,-3.05,0.01,8.57,-8.57,0.0,2.2168,-0.06097736
4/26/12 1:30,14.2,98.3,161.6896,289.5194,-2.7,0.39,7.62,-7.54,0.0,2.9159,-0.031529011
4/26/12 2:00,15.0,103.9,161.6464,289.579,-2.86,0.71,7.8,-7.57,0.0,3.9005,-0.031529011
4/26/12 2:30,15.8,96.5,161.6032,289.6083,-2.68,0.31,6.47,-6.43,0.0,3.938,-0.045088511
4/26/12 3:00,16.6,96.2,161.5616,289.736,-2.52,0.27,6.0,-5.96,0.0,4.2406,-0.045088511
4/26/12 3:30,17.4,103.7,161.5184,289.841,-2.69,0.66,6.66,-6.47,0.0,5.2871,-0.045088511
4/26/12 4:00,18.225,110.6,171.5912,289.7043,-2.23,0.84,4.91,-4.59,0.0,4.2483,-0.045088511
4/26/12 4:30,19.075,106.1,171.5708,289.7544,-2.43,0.7,5.44,-5.22,0.0,5.0215,0.08452473
4/26/12 5:00,19.925,109.5,171.5487,289.7355,-2.35,0.83,5.25,-4.95,0.7148,5.0684,-0.045088511
4/26/12 5:30,20.8,110.7,181.6182,289.8466,-2.43,0.92,5.77,-5.39,8.8239,5.7171,0.023209825
4/26/12 6:00,21.7,118.0,181.5948,290.19,-2.47,1.31,7.67,-6.77,22.148,7.6664,0.10421774
4/26/12 6:30,22.625,121.6,191.6587,290.4767,-2.4,1.47,8.97,-7.64,37.312,8.8883,0.09990755
4/26/12 7:00,23.6,133.2,201.738,290.95,-2.5,2.35,13.11,-9.56,48.1659,12.6676,-0.056049203
4/26/12 7:30,24.625,134.2,211.8186,291.3648,-2.6,2.53,15.26,-10.94,73.9676,14.0951,-0.1753503
4/26/12 8:00,25.7,142.6,221.8964,291.941,-2.4,3.14,18.39,-11.17,127.0199,15.9303,-0.18573053
4/26/12 8:30,26.8,149.0,221.8876,292.4408,-1.97,3.28,19.13,-9.85,120.6357,15.1757,0.13363897
4/26/12 9:00,27.925,159.0,231.9642,293.2022,-1.66,4.33,27.36,-9.8,136.2234,19.3437,0.001841726
4/26/12 9:30,29.1,163.8,242.04,293.4336,-1.28,4.4,30.77,-8.58,84.9776,18.729,-0.019700511
4/26/12 10:00,30.3,172.9,241.9752,293.5765,-0.47,3.75,26.4,-3.26,91.531,13.2011,-0.05382833
4/26/12 10:30,31.5,183.6,241.9104,293.6867,0.29,4.65,33.83,2.12,72.0712,12.9466,-0.05382833
4/26/12 11:00,32.725,189.3,251.92,293.8015,0.87,5.3,39.25,6.34,57.5044,10.1576,0.25771705
4/26/12 11:30,34.0,185.6,261.9266,294.2788,0.46,4.72,36.85,3.6,52.9808,4.8098,0.34897537
4/26/12 12:00,35.3,188.4,261.8564,294.4771,0.75,5.1,41.22,6.02,0.0,0.0,0.42880909
4/26/12 12:30,36.625,191.2,271.8549,294.74,1.01,5.12,51.81,10.06,-52.7639,-6.7621,0.9844197
4/26/12 13:00,37.975,192.7,271.8144,294.5788,1.15,5.1,53.8,11.83,-68.5555,-13.9249,0.32942084
4/26/12 13:30,39.325,194.2,271.7739,294.4862,1.07,4.24,41.06,10.07,-76.5229,-15.7111,-0.026235613
4/26/12 14:00,40.675,189.1,271.7361,294.5165,0.73,4.57,42.87,6.78,-88.371,-21.4346,0.23232328
4/26/12 14:30,42.025,184.7,271.6956,294.3785,0.31,3.72,32.38,2.65,-93.5289,-19.714,-0.011884469
4/26/12 15:00,43.375,194.0,271.6551,294.011,0.92,3.7,32.27,7.81,-58.0803,-22.8194,-0.10185781
4/26/12 15:30,44.725,171.9,271.6146,293.0716,-0.53,3.7,26.58,-3.75,-83.2331,-21.0865,-0.12697462
4/26/12 16:00,46.1,179.8,281.6632,292.905,-0.01,3.86,25.04,-0.09,-74.4834,-21.6841,-0.010233095
4/26/12 16:30,47.5,202.5,281.6492,292.0354,1.56,3.76,17.75,6.79,-52.0421,-16.3968,0.056046895
4/26/12 17:00,48.9,182.7,281.638,291.2019,0.17,3.7,13.67,0.64,-42.8205,-13.202,0.06550104
4/26/12 17:30,50.3,179.9,281.624,291.282,-0.01,4.16,16.15,-0.03,-28.28,-16.0101,0.07750841
4/26/12 18:00,51.7,178.0,281.61,291.3042,-0.13,3.77,16.48,-0.58,-6.776,-16.4799,-0.031529011
4/26/12 18:30,53.1,176.0,281.5988,291.1521,-0.23,3.31,13.66,-0.95,-0.2964,-13.545,-0.031529011
4/26/12 19:00,54.5,167.6,281.6548,290.7918,-0.61,2.79,9.81,-2.11,0.0,-9.4717,-0.031529011
4/26/12 19:30,55.9,150.6,281.7108,290.4973,-1.35,2.4,7.03,-3.45,0.0,-6.4959,-0.031529011
4/26/12 20:00,57.3,154.9,281.7668,290.3874,-1.27,2.71,7.47,-3.17,0.0,-6.4679,-0.045088511
4/26/12 20:30,58.7,150.1,281.8228,290.3004,-1.19,2.07,5.16,-2.57,0.0,-4.0971,-0.045088511
4/26/12 21:00,60.1,145.5,281.8788,290.1953,-1.66,2.42,4.98,-2.82,0.0,-3.5213,-0.045088511
4/26/12 21:30,61.5,152.1,281.9348,290.1009,-1.21,2.29,4.17,-1.95,0.0,-2.5377,-0.045088511
4/26/12 22:00,62.9,152.3,281.9264,289.9842,-1.25,2.39,4.18,-1.94,0.0,-2.0886,-0.045088511
4/26/12 22:30,64.325,139.7,291.9836,289.8286,-1.64,1.94,3.68,-2.38,0.0,-1.4073,-0.045088511
4/26/12 23:00,65.775,130.5,291.972,289.749,-1.66,1.42,3.0,-2.28,0.0,-0.776,-0.045088511
4/26/12 23:30,67.2,123.8,281.8956,289.7457,-1.81,1.21,3.12,-2.59,0.0,-0.4073,-0.045088511
4/27/12 0:00,68.6,108.3,281.8844,289.7151,-1.37,0.45,2.0,-1.9,0.0,0.0,-0.045088511
4/27/12 0:30,70.0,105.6,281.8732,289.6783,-1.66,0.46,2.25,-2.17,0.0,0.2939,-0.045088511
4/27/12 1:00,71.4,91.8,281.8396,289.7595,-1.51,0.05,1.99,-1.98,0.0,0.5138,-0.045088511
4/27/12 1:30,72.8,69.2,281.8032,289.6912,-1.43,-0.54,1.83,-1.71,0.0,0.7006,-0.045088511
4/27/12 2:00,74.225,88.0,291.8328,289.7248,-2.1,-0.07,2.39,-2.39,0.0,1.1963,-0.045088511
4/27/12 2:30,75.675,82.8,291.7951,289.7518,-2.13,-0.27,2.39,-2.37,0.0,1.4541,-0.045088511
4/27/12 3:00,77.125,90.7,291.7603,289.8028,-2.38,0.03,2.58,-2.58,0.0,1.8223,-0.045088511
4/27/12 3:30,78.575,104.7,291.7226,289.9415,-2.22,0.58,2.48,-2.4,0.0,1.9691,-0.045088511
4/27/12 4:00,80.025,108.6,291.7574,290.0279,-2.15,0.72,2.44,-2.31,0.0,2.1094,-0.045088511
4/27/12 4:30,81.525,93.5,311.9158,290.08,-2.04,0.12,2.16,-2.16,0.0,1.9959,-0.045088511
4/27/12 5:00,83.075,79.4,311.953,290.134,-1.78,-0.33,1.92,-1.88,0.8684,1.8518,-0.045088511
4/27/12 5:30,84.625,75.4,311.9933,290.1656,-1.43,-0.37,1.56,-1.51,3.4264,1.5474,-0.045088511
4/27/12 6:00,86.175,72.2,312.0305,290.2372,-1.59,-0.51,1.75,-1.67,10.488,1.7514,-0.045088511
4/27/12 6:30,87.725,71.4,312.0677,290.3547,-1.62,-0.54,1.81,-1.71,15.3733,1.7906,-0.045088511
4/27/12 7:00,89.3,52.9,322.1728,290.4689,-0.98,-0.74,1.3,-1.04,25.2792,1.2593,0.07219424
4/27/12 7:30,90.95,46.6,342.3494,290.6039,-0.99,-0.93,1.45,-1.06,34.1484,1.3425,0.09921515
4/27/12 8:00,92.7,54.6,362.5272,290.6841,-1.49,-1.06,1.96,-1.6,56.7437,1.6976,0.06261604
4/27/12 8:30,94.55,54.6,382.7132,290.8323,-1.76,-1.25,2.34,-1.91,57.5443,1.8542,0.06261604
4/27/12 9:00,96.5,48.1,402.904,291.081,-1.61,-1.44,2.39,-1.78,89.1725,1.6892,-0.18053753
4/27/12 9:30,98.5,39.4,402.952,291.3974,-1.13,-1.38,2.03,-1.29,73.2121,1.2374,-0.042250248
4/27/12 10:00,100.5,39.3,402.976,291.6164,-1.04,-1.27,1.87,-1.19,54.21,0.9366,-0.042250248
4/27/12 10:30,102.525,40.1,413.0709,291.7927,-1.21,-1.43,2.15,-1.39,46.5852,0.823,-0.042250248
4/27/12 11:00,104.6,40.2,423.171,291.93,-1.09,-1.29,1.95,-1.26,31.3407,0.5049,-0.042250248
4/27/12 11:30,106.775,46.9,453.4245,292.0374,-1.54,-1.44,2.47,-1.81,21.0689,0.3228,0.048854013
4/27/12 12:00,109.075,50.4,473.6049,292.0817,-1.82,-1.51,2.82,-2.17,0.0,0.0,0.047112627
4/27/12 12:30,111.475,56.7,493.7877,292.1574,-1.93,-1.27,2.8,-2.34,-20.3545,-0.3658,0.0805492
4/27/12 13:00,113.95,56.4,503.845,292.2369,-2.21,-1.47,3.33,-2.78,-39.7655,-0.8625,0.11484608
4/27/12 13:30,116.45,,503.83,292.3821,,,1.5,,-52.3721,-0.5736,0.07909516
4/27/12 14:00,118.975,,513.8862,292.4558,,,1.59,,-40.038,-0.7956,0.06261604
4/27/12 14:30,121.525,44.4,513.8709,292.4522,-1.4,-1.43,2.43,-1.7,-66.3994,-1.4805,-0.042250248
4/27/12 15:00,124.075,42.8,513.8505,292.5535,-1.26,-1.36,2.26,-1.53,-35.6834,-1.5954,0.056046895
4/27/12 15:30,126.625,66.3,513.8352,292.6795,-1.77,-0.78,2.45,-2.24,-46.3398,-1.9425,0.056046895
4/27/12 16:00,129.175,60.7,513.9678,292.6657,-1.58,-0.89,2.31,-2.01,-26.2631,-2.0005,0.06932655
4/27/12 16:30,131.7,43.5,504.02,292.2015,-1.56,-1.65,2.82,-1.94,-18.8425,-2.6026,0.11111866
4/27/12 17:00,134.2,45.8,504.15,291.7688,-1.96,-1.91,3.53,-2.53,-21.657,-3.4062,0.10425813
4/27/12 17:30,135.525,,30.2568,290.8727,,,2.38,,-17.0092,-2.3629,-0.024435373
4/27/12 18:00,135.533,,-252.205,290.3389,,,2.34,,-12.889,-2.3411,-0.045088511
4/27/12 18:30,135.533,,-272.4516,290.1599,,,2.44,,-3.0408,-2.4178,-0.045088511
4/27/12 19:00,135.533,,-302.82,290.1236,,,2.64,,0.0,-2.554,-0.045088511
4/27/12 19:30,135.533,,-302.919,290.1821,,,3.0,,0.0,-2.7683,-0.045088511
4/27/12 20:00,135.533,,-292.9145,290.1531,,,2.88,,0.0,-2.4922,-0.045088511
4/27/12 20:30,135.533,,-293.0073,290.1035,,,2.71,,0.0,-2.1527,-0.045088511
4/27/12 21:00,135.533,,-293.103,289.9926,,,2.46,,0.0,-1.7411,-0.045088511
4/27/12 21:30,135.533,,-293.1958,289.9213,,,2.37,,0.0,-1.4445,-0.045088511
4/27/12 22:00,135.533,,-303.357,289.8463,,,2.38,,0.0,-1.1902,-0.045088511
4/27/12 22:30,135.533,,-303.405,289.8177,,,2.41,,0.0,-0.9207,-0.045088511
4/27/12 23:00,135.533,,-303.453,289.7357,,,2.4,,0.0,-0.6205,-0.045088511
4/27/12 23:30,135.533,,-303.501,289.7326,,,2.34,,0.0,-0.306,-0.045088511
4/28/12 0:00,135.533,,-303.549,289.6878,,,2.23,,0.0,0.0,-0.045088511
4/28/12 0:30,135.533,,-303.6,289.6812,,,2.13,,0.0,0.2779,-0.045088511
4/28/12 1:00,135.533,,-303.627,289.7208,,,2.05,,0.0,0.5307,-0.045088511
4/28/12 1:30,135.533,,-303.654,289.6362,,,1.98,,0.0,0.7593,-0.045088511
4/28/12 2:00,135.533,,-303.681,289.649,,,1.95,,0.0,0.9731,-0.045088511
4/28/12 2:30,135.533,,-303.708,289.6503,,,1.91,,0.0,1.1632,-0.045088511
4/28/12 3:00,135.533,,-303.735,289.6172,,,1.89,,0.0,1.3356,-0.045088511
4/28/12 3:30,135.533,,-303.759,289.1982,,,1.78,,0.0,1.4144,-0.045088511
4/28/12 4:00,135.533,,-303.84,288.9628,,,1.72,,0.0,1.491,-0.045088511
4/28/12 4:30,135.533,,-303.918,288.8692,,,1.78,,0.0,1.6432,-0.045088511
4/28/12 5:00,135.533,,-303.996,288.9104,,,1.83,,0.7901,1.7631,-0.045088511
4/28/12 5:30,135.533,,-304.074,289.0026,,,1.77,,8.107,1.757,-0.045088511
4/28/12 6:00,135.533,,-304.152,288.7786,,,1.78,,20.728,1.7772,0.09632438
4/28/12 6:30,135.533,,-314.371,288.4399,,,1.63,,33.1589,1.6183,0.016944182
4/28/12 7:00,135.533,,-314.4454,288.159,,,1.6,,84.363,1.544,0.08263217
4/28/12 7:30,135.533,,-314.5198,288.3426,,,1.83,,178.8234,1.6911,0.07139221
4/28/12 8:00,135.533,,-314.5942,288.7068,,,2.22,,244.4487,1.9246,0.14140539
4/28/12 8:30,135.533,,-314.6686,289.1549,,,2.63,,201.6561,2.0832,0.13004426
4/28/12 9:00,135.533,,-314.743,289.4606,,,2.69,,200.6005,1.8988,0.12866523
4/28/12 9:30,135.533,,-304.662,291.9354,,,8.13,,351.3643,4.9514,0.6636077
4/28/12 10:00,135.533,,-304.626,290.9456,,,3.1,,334.5775,1.549,-0.16364297
4/28/12 10:30,135.533,,-314.743,291.3192,,,3.17,,332.4302,1.2113,-0.052021743
4/28/12 11:00,135.533,,-324.8576,291.9568,,,3.81,,240.3539,0.9855,-0.18000092
4/28/12 11:30,135.533,,-324.816,292.3706,,,4.24,,128.284,0.5539,-0.49176556
4/28/12 12:00,135.533,,-324.7776,292.2685,,,4.38,,0.0,0.0,-0.21316688
4/28/12 12:30,135.533,,-314.5911,292.2281,,,4.38,,-114.3361,-0.5723,-0.14370762
4/28/12 13:00,135.533,,-314.5849,292.2912,,,4.77,,-239.0116,-1.2352,-0.25269715
4/28/12 13:30,135.533,,-314.5787,292.5455,,,5.49,,-335.7676,-2.1019,-0.16735308
4/28/12 14:00,135.533,,-223.245,292.4602,,,6.08,,-415.6755,-3.0417,-0.22204114
4/28/12 14:30,136.2664,,446.4812,292.0943,,,6.55,,-460.8458,-3.9873,0.040370382
4/28/12 15:00,138.4414,113.2,436.321,292.0145,-3.87,1.66,22.0,-20.22,-481.4775,-15.5551,0.057135694
4/28/12 15:30,140.5664,101.2,426.1656,292.0191,-3.61,0.71,19.44,-19.07,-464.8114,-15.423,0.6636077
4/28/12 16:00,142.6664,,426.2412,291.9694,,,8.33,,-421.4097,-7.2116,0.17520028
4/28/12 16:30,144.7164,98.9,406.016,291.6544,-3.37,0.53,18.29,-18.07,-353.4366,-16.8994,0.17442133
4/28/12 17:00,146.7164,110.3,406.084,291.163,-3.63,1.34,21.23,-19.91,-264.5178,-20.503,0.7667753
4/28/12 17:30,148.7164,103.0,406.156,290.6862,-3.55,0.82,19.84,-19.33,-165.5554,-19.6701,0.1007442
4/28/12 18:00,150.6914,92.4,396.0684,289.9579,-3.36,0.14,18.04,-18.02,-72.832,-18.0378,0.23432547
4/28/12 18:30,152.6414,93.0,396.1386,289.1493,-3.27,0.17,16.15,-16.13,-13.0881,-16.0142,-0.031529011
4/28/12 19:00,154.5664,92.4,386.118,288.5391,-3.08,0.13,13.09,-13.08,0.0,-12.644,-0.045088511
4/28/12 19:30,156.4664,89.7,386.2548,288.1982,-3.02,-0.02,10.79,-10.79,0.0,-9.9711,-0.045088511
4/28/12 20:00,158.3414,96.3,376.2234,287.9046,-2.7,0.3,8.87,-8.81,0.0,-7.6788,-0.045088511
4/28/12 20:30,160.1914,86.8,376.3529,287.6703,-2.55,-0.14,7.35,-7.34,0.0,-5.8284,-0.045088511
4/28/12 21:00,162.0164,93.7,366.3108,287.3661,-2.22,0.14,5.5,-5.49,0.0,-3.8924,-0.08390734
4/28/12 21:30,163.7664,131.4,346.0826,286.9915,-0.92,0.82,2.56,-1.92,0.0,-1.5605,-0.1005711
4/28/12 22:00,165.4664,143.4,346.0554,286.6933,-0.6,0.8,1.66,-0.99,0.0,-0.8298,0.18680952
4/28/12 22:30,167.1664,145.6,346.0248,286.4,-0.83,1.21,1.93,-1.09,0.0,-0.738,0.23551986
4/28/12 23:00,168.8664,129.7,345.9976,286.0149,-0.77,0.64,1.05,-0.81,0.0,-0.2721,0.26006544
4/28/12 23:30,170.5414,60.3,335.7915,286.0371,-0.59,-0.34,0.75,-0.65,0.0,-0.0973,0.26006544
4/29/12 0:00,172.2164,60.3,345.9398,285.9635,-0.84,-0.48,1.08,-0.94,0.0,0.0,0.26006544
4/29/12 0:30,173.8914,96.5,335.7354,285.8927,-0.63,0.07,0.74,-0.74,0.0,0.097,0.26006544
4/29/12 1:00,175.5414,319.2,335.7024,285.959,0.15,-0.17,0.26,0.17,0.0,0.0674,0.26006544
4/29/12 1:30,177.1914,56.7,335.6661,285.3721,-0.4,-0.27,0.33,-0.28,0.0,0.1261,0.26549501
4/29/12 2:00,178.8414,336.2,335.6331,284.9065,0.25,-0.57,0.34,0.14,0.0,0.169,0.25645342
4/29/12 2:30,180.5164,36.4,345.7698,284.6321,-0.23,-0.31,0.18,-0.1,0.0,0.1067,0.25469934
4/29/12 3:00,182.2164,294.2,345.7324,284.5678,0.05,-0.02,0.02,0.02,0.0,0.0151,0.25469934
4/29/12 3:30,183.9164,79.6,345.6984,284.2475,-0.43,-0.08,0.15,-0.15,0.0,0.1193,0.25469934
4/29/12 4:00,185.6164,125.7,345.7426,283.7009,-0.7,0.5,0.24,-0.19,0.0,0.2063,0.25469934
4/29/12 4:30,187.3164,130.2,345.7902,283.6513,-0.39,0.33,0.11,-0.09,0.0,0.1047,0.26037702
4/29/12 5:00,189.0164,65.4,345.8344,283.3457,-0.43,-0.2,0.11,-0.1,2.8543,0.1044,0.25433006
4/29/12 5:30,190.7164,78.1,345.882,283.1605,-0.44,-0.09,0.11,-0.11,28.6557,0.1091,0.047762906
4/29/12 6:00,192.4164,348.9,345.9262,283.5959,0.07,-0.34,0.1,0.02,89.388,0.0966,0.19335847
4/29/12 6:30,194.1414,30.3,356.146,284.6067,-0.08,-0.13,0.06,-0.03,202.4947,0.0585,0.11670979
4/29/12 7:00,195.9164,241.5,366.3324,286.6976,0.11,0.06,0.16,0.14,285.603,0.1551,0.32424515
4/29/12 7:30,197.6914,172.8,356.167,287.7251,-0.02,0.15,0.33,-0.04,356.3163,0.305,0.19392393
4/29/12 8:00,199.3914,23.8,335.8212,288.4025,-0.13,-0.3,0.98,-0.4,442.0471,0.8502,-0.33856052
4/29/12 8:30,201.0164,335.9,325.6544,289.7791,0.09,-0.19,0.57,0.23,489.9187,0.451,-0.026573158
4/29/12 9:00,202.6164,304.7,325.664,290.9549,0.39,-0.27,1.39,1.14,501.939,0.984,-0.08470937
4/29/12 9:30,204.2164,267.3,325.6704,292.028,0.36,0.02,1.44,1.44,478.1334,0.879,-0.06733013
4/29/12 10:00,205.8164,284.3,325.5552,292.9235,0.46,-0.12,2.17,2.11,427.117,1.0867,-0.16846669
4/29/12 10:30,207.4164,239.3,325.44,294.0962,0.89,0.53,5.55,4.77,346.332,2.1249,-0.16248897
4/29/12 11:00,209.0164,251.2,325.3248,295.1082,1.12,0.38,7.33,6.94,242.7992,1.8981,0.030843535
4/29/12 11:30,210.6164,320.7,325.2064,295.7796,0.26,-0.32,2.88,1.82,125.387,0.3753,-0.2009691
4/29/12 12:00,212.2164,230.8,325.0912,297.0505,0.83,0.68,10.4,8.06,0.0,0.0,0.07313475
4/29/12 12:30,213.8414,208.1,335.1315,298.064,0.91,1.71,23.1,10.88,-114.5007,-3.0156,-0.47073968
4/29/12 13:00,215.4914,194.2,335.115,298.7824,0.37,1.47,19.86,4.87,-199.3466,-5.1397,-0.09212382
4/29/12 13:30,217.1664,165.7,345.253,299.4159,-0.46,1.82,25.39,-6.27,-206.4987,-9.7156,-0.31148768
4/29/12 14:00,218.8914,132.3,355.3865,299.8384,-1.12,1.02,21.18,-15.66,-336.162,-10.5882,-0.07341748
4/29/12 14:30,220.6414,149.3,355.369,300.5172,-0.81,1.36,24.7,-12.61,-424.7475,-15.0367,-0.22020051
4/29/12 15:00,222.3664,165.3,345.1986,300.9203,-0.46,1.76,32.4,-8.22,-331.9979,-22.9121,-0.16612984
4/29/12 15:30,224.0664,199.4,345.1816,301.0761,0.65,1.85,34.73,11.54,-278.0243,-27.5558,0.12887872
4/29/12 16:00,225.7914,151.3,355.3725,300.9565,-1.24,2.26,43.91,-21.09,-215.7382,-38.0281,0.15872116
4/29/12 16:30,227.5664,136.6,365.5656,300.2644,-2.48,2.62,49.53,-34.03,-190.4402,-45.7576,-0.001855517
4/29/12 17:00,229.3664,146.4,365.6016,299.4531,-2.1,3.16,44.67,-24.72,-134.6539,-43.1477,0.18939448
4/29/12 17:30,231.1664,147.8,365.6412,298.4205,-1.73,2.75,32.24,-17.18,-83.2179,-31.9648,0.046036522
4/29/12 18:00,232.9664,139.9,365.6808,296.9927,-2.2,2.61,28.91,-18.62,-41.913,-28.9078,0.052529503
4/29/12 18:30,234.7414,132.3,355.5615,295.9894,-2.21,2.01,23.18,-17.14,-7.5152,-22.9778,0.01401533
4/29/12 19:00,236.4664,121.9,345.4672,295.2744,-1.84,1.14,13.73,-11.66,0.0,-13.2629,0.01401533
4/29/12 19:30,238.1914,119.2,355.6945,294.6011,-2.06,1.15,12.6,-11.0,0.0,-11.6431,0.12617259
4/29/12 20:00,239.9414,112.6,355.7645,294.092,-1.86,0.78,8.54,-7.88,0.0,-7.396,0.12175277
4/29/12 20:30,241.6914,121.0,355.831,293.6878,-1.79,1.07,7.52,-6.44,0.0,-5.9648,0.12175277
4/29/12 21:00,243.4664,121.0,366.066,293.3945,-1.96,1.18,7.77,-6.66,0.0,-5.4976,0.12175277
4/29/12 21:30,245.2664,107.2,366.1344,293.057,-1.73,0.53,5.55,-5.3,0.0,-3.3774,0.12175277
4/29/12 22:00,247.0664,108.9,366.084,292.5469,-1.5,0.52,4.07,-3.85,0.0,-2.0344,0.08459397
4/29/12 22:30,248.8664,107.0,366.0336,292.1096,-1.32,0.4,3.09,-2.95,0.0,-1.182,-0.00581039
4/29/12 23:00,250.6414,102.2,355.8135,291.8019,-0.97,0.21,1.94,-1.89,0.0,-0.5017,-0.010627186
4/29/12 23:30,252.4164,127.2,365.9292,291.1497,-0.91,0.69,1.49,-1.19,0.0,-0.1943,-0.010627186
4/30/12 0:00,254.2414,129.5,376.0421,291.1609,-1.12,0.92,1.68,-1.3,0.0,0.0,-0.010627186
4/30/12 0:30,256.0914,126.0,375.9866,291.131,-0.73,0.53,0.97,-0.78,0.0,0.1265,-0.010627186
4/30/12 1:00,257.9414,142.0,375.9718,291.2429,-0.61,0.78,1.01,-0.62,0.0,0.2619,-0.010627186
4/30/12 1:30,259.7914,125.8,375.9533,290.9778,-0.81,0.58,0.89,-0.73,0.0,0.3422,0.001070047
4/30/12 2:00,261.6414,141.7,375.9348,291.3078,-1.24,1.57,2.05,-1.27,0.0,1.0225,-0.010627186
4/30/12 2:30,263.4664,147.7,365.7564,291.9611,-0.58,0.91,1.61,-0.86,0.0,0.9783,-0.010627186
4/30/12 3:00,265.2664,119.9,365.742,291.7305,-0.85,0.49,1.25,-1.09,0.0,0.8873,-0.010627186
4/30/12 3:30,267.0664,130.6,365.724,291.7606,-1.17,1.0,2.19,-1.66,0.0,1.7345,-0.010627186
4/30/12 4:00,268.8664,129.2,365.7996,291.7515,-1.33,1.09,2.75,-2.13,0.0,2.3777,-0.010627186
4/30/12 4:30,270.6664,115.0,365.8752,291.6051,-1.84,0.86,3.54,-3.21,0.0,3.2748,-0.010627186
4/30/12 5:00,272.4664,120.2,365.9508,291.465,-1.86,1.08,3.99,-3.45,0.8404,3.8571,-0.010627186
4/30/12 5:30,274.2664,124.0,366.0264,291.6765,-1.74,1.17,4.6,-3.81,11.3104,4.5618,-0.010627186
4/30/12 6:00,276.0664,126.5,366.102,291.8733,-1.64,1.21,4.68,-3.76,38.048,4.6777,0.12804784
4/30/12 6:30,277.8664,130.7,366.1776,292.0646,-1.19,1.02,3.67,-2.78,109.3018,3.6409,-0.014652338
4/30/12 7:00,279.6664,132.9,366.21,292.6884,-0.77,0.71,2.92,-2.14,190.7761,2.8223,0.0918584
4/30/12 7:30,281.4664,149.4,366.2424,293.5575,-0.53,0.9,3.87,-1.97,261.1743,3.5724,0.8248792
4/30/12 8:00,283.2664,164.6,366.2748,294.191,-0.38,1.36,6.66,-1.77,284.7717,5.7685,0.19845338
4/30/12 8:30,285.0664,196.5,366.3072,294.7414,0.32,1.08,6.27,1.78,310.62,4.9757,0.50559625
4/30/12 9:00,286.8664,193.9,366.3396,294.9086,0.22,0.87,5.6,1.35,181.2286,3.959,0.35188922
4/30/12 9:30,288.6664,203.2,366.372,295.1528,0.36,0.83,6.08,2.39,190.8491,3.6985,0.27276521
4/30/12 10:00,290.4664,197.5,366.3,295.3949,0.28,0.88,6.24,1.88,182.1715,3.1183,0.27776203
4/30/12 10:30,292.2664,193.5,366.228,295.5816,0.15,0.61,4.28,1.0,150.6602,1.6381,0.2711323
4/30/12 11:00,294.0664,209.5,366.156,295.9154,0.41,0.73,6.04,2.97,99.3909,1.5621,0.2711323
4/30/12 11:30,295.8664,192.8,366.084,296.1394,0.24,1.06,8.21,1.82,56.3826,1.0719,0.13342548
4/30/12 12:00,297.6664,209.8,366.012,296.5109,0.59,1.04,9.7,4.82,0.0,0.0,-0.1208815
4/30/12 12:30,299.4664,202.3,365.94,296.9399,0.51,1.24,11.67,4.43,-62.8179,-1.5231,-0.10687194
4/30/12 13:00,301.2914,186.1,376.0606,297.2348,0.18,1.72,16.29,1.73,-120.4735,-4.2166,-0.25626878
4/30/12 13:30,303.1414,170.0,376.0125,297.3516,-0.34,1.92,19.09,-3.32,-149.5148,-7.3056,-0.07312898
4/30/12 14:00,304.9914,172.8,375.9681,297.5297,-0.2,1.58,16.37,-2.05,-192.526,-8.1838,0.024465954
4/30/12 14:30,306.8164,128.5,365.76,297.7597,-1.16,0.92,15.8,-12.36,-289.0509,-9.616,-0.10687194
4/30/12 15:00,308.6414,115.3,375.8756,297.9508,-1.75,0.83,21.68,-19.6,-267.9426,-15.3317,0.15865769
4/30/12 15:30,310.5414,151.3,396.1425,297.5998,-1.96,3.58,34.66,-16.65,-167.342,-27.4995,-0.23348882
4/30/12 16:00,312.4914,137.1,396.201,297.1412,-2.47,2.66,28.78,-19.59,-225.326,-24.9276,0.06460092
4/30/12 16:30,314.4414,122.1,396.2595,296.9215,-2.76,1.73,26.01,-22.03,-165.792,-24.0278,0.03501236
4/30/12 17:00,316.4164,131.3,406.48,296.3588,-3.16,2.78,28.77,-21.61,-105.9447,-27.7908,-0.13647204
4/30/12 17:30,318.4164,144.1,406.54,296.0098,-2.28,3.15,24.48,-14.35,-49.483,-24.2659,-0.0228492
4/30/12 18:00,320.3914,149.7,396.435,295.6725,-1.73,2.96,19.53,-9.85,-30.993,-19.5316,-0.051250294
4/30/12 18:30,322.3414,155.2,396.4935,295.3031,-1.18,2.55,14.97,-6.28,-5.8902,-14.8399,0.01401533
4/30/12 19:00,324.2914,133.4,396.5559,294.8414,-2.16,2.04,14.04,-10.2,0.0,-13.5625,0.039871277
4/30/12 19:30,326.2414,145.0,396.6183,294.5587,-1.6,2.29,11.65,-6.68,0.0,-10.7641,0.14146886
4/30/12 20:00,328.1914,130.7,396.6846,294.2119,-1.54,1.32,7.29,-5.53,0.0,-6.3125,0.12175277
4/30/12 20:30,330.1164,112.4,386.574,293.8042,-1.0,0.41,3.45,-3.19,0.0,-2.741,0.12175277
4/30/12 21:00,332.0164,87.8,386.6348,293.2811,-0.54,-0.02,1.34,-1.34,0.0,-0.9488,0.12617259
4/30/12 21:30,333.9414,93.8,396.8718,292.9661,-1.11,0.07,2.66,-2.66,0.0,-1.6218,0.16179657
4/30/12 22:00,335.8914,107.5,396.7782,292.5643,-1.14,0.36,2.47,-2.36,0.0,-1.2373,0.041719408
4/30/12 22:30,337.8414,87.4,396.6846,292.781,-1.3,-0.06,2.92,-2.92,0.0,-1.1176,0.12483395
4/30/12 23:00,339.7914,109.1,396.591,292.3425,-1.14,0.4,2.2,-2.08,0.0,-0.5687,-0.002296518
4/30/12 23:30,341.7414,97.9,396.4974,292.2571,-0.8,0.11,1.43,-1.41,0.0,-0.1863,-0.00581039
5/1/12 0:00,343.7164,72.5,406.568,292.0798,-0.54,-0.17,0.92,-0.87,0.0,0.0,-0.00581039
5/1/12 0:30,345.7164,56.7,406.436,291.5716,-0.49,-0.33,0.7,-0.59,0.0,0.0915,-0.010627186
5/1/12 1:00,347.7164,58.9,406.412,291.1071,-0.46,-0.28,0.44,-0.38,0.0,0.1149,-0.010627186
5/1/12 1:30,349.7414,71.2,416.5313,291.1135,-0.46,-0.16,0.37,-0.35,0.0,0.1434,-0.010627186
5/1/12 2:00,351.7914,70.0,416.4042,291.2849,-0.46,-0.17,0.45,-0.42,0.0,0.2249,-0.010627186
5/1/12 2:30,353.8414,49.6,416.4452,291.3558,-0.32,-0.27,0.42,-0.32,0.0,0.2536,-0.010627186
5/1/12 3:00,355.8914,123.1,416.5272,291.2242,-0.28,0.18,0.32,-0.27,0.0,0.2294,-0.010627186
5/1/12 3:30,357.9414,66.6,416.5846,291.0747,-0.22,-0.1,0.2,-0.19,0.0,0.16,-0.010627186
5/1/12 4:00,359.9914,49.2,416.5928,291.236,-0.44,-0.38,0.54,-0.41,0.0,0.47,-0.010627186
5/1/12 4:30,362.0414,52.9,416.6338,291.6049,-1.09,-0.83,1.93,-1.54,0.0,1.7808,-0.010627186
5/1/12 5:00,364.0914,68.1,416.6953,291.5455,-1.11,-0.44,1.93,-1.79,2.55,1.8606,-0.010627186
5/1/12 5:30,366.1414,77.7,416.7486,291.4807,-1.57,-0.34,2.69,-2.63,41.0458,2.6653,0.05999069
5/1/12 6:00,368.1914,76.7,416.8675,291.514,-1.62,-0.38,2.72,-2.65,56.564,2.724,0.056046895
5/1/12 6:30,370.2414,66.4,416.888,292.0915,-1.84,-0.8,4.35,-3.98,86.2349,4.3097,0.024258811
5/1/12 7:00,372.2664,76.8,406.788,292.5937,-1.61,-0.38,4.59,-4.47,140.8977,4.4318,-0.036723165
5/1/12 7:30,374.2914,93.4,416.9208,293.2966,-2.08,0.12,7.35,-7.33,366.7552,6.7873,-0.28082013
5/1/12 8:00,376.4164,116.4,447.4448,294.3555,-2.75,1.37,14.91,-13.35,419.5347,12.9099,0.6573184
5/1/12 8:30,378.6414,119.1,457.5915,294.9926,-3.08,1.71,19.81,-17.31,472.6688,15.7134,0.3422187
5/1/12 9:00,380.8914,123.9,457.5555,295.4165,-2.86,1.92,21.63,-17.95,447.6368,15.2955,0.28523418
5/1/12 9:30,383.1664,118.6,467.6636,296.1148,-3.02,1.64,28.92,-25.39,475.1024,17.6038,0.017952201
5/1/12 10:00,385.4414,127.1,457.452,296.687,-2.51,1.9,29.81,-23.78,391.9805,14.9074,0.03850898
5/1/12 10:30,387.6914,117.4,457.3575,296.6592,-2.56,1.33,29.86,-26.51,136.5476,11.4283,0.29041564
5/1/12 11:00,389.9414,126.0,457.218,296.8919,-2.7,1.96,32.67,-26.43,154.7901,8.4565,-0.51618997
5/1/12 11:30,392.1664,136.6,446.93,297.1769,-2.22,2.35,31.45,-21.61,65.4432,4.1051,0.056543115
5/1/12 12:00,394.3914,153.7,456.975,296.5363,-1.87,3.78,33.85,-15.0,0.0,0.0,0.028803263
5/1/12 12:30,396.6164,163.5,446.7364,296.9061,-0.95,3.22,29.08,-8.26,-60.929,-3.7957,-0.11051281
5/1/12 13:00,398.9664,148.0,507.545,296.268,-3.01,4.82,40.43,-21.42,-68.9235,-10.4637,0.13201183
5/1/12 13:30,401.4414,147.9,497.203,295.8204,-2.83,4.52,34.71,-18.44,-103.8036,-13.2819,0.35188922
5/1/12 14:00,403.8414,147.3,476.7586,295.9649,-2.54,3.95,33.01,-17.83,-102.684,-16.5053,-0.5900402
5/1/12 14:30,406.1664,152.2,466.5504,296.0654,-2.21,4.19,36.03,-16.81,-105.8569,-21.9357,-0.44352259
5/1/12 15:00,408.4914,151.8,476.6223,295.6291,-2.31,4.3,30.45,-14.39,-89.3147,-21.5326,-0.15810377
5/1/12 15:30,410.8664,148.8,486.7248,295.463,-2.68,4.42,30.45,-15.78,-116.8284,-24.1603,-0.07473881
5/1/12 16:00,413.2164,147.7,466.3572,295.3121,-2.47,3.9,28.44,-15.2,-138.0115,-24.6317,-0.07350403
5/1/12 16:30,415.4914,147.0,456.201,295.6333,-2.42,3.72,32.91,-17.92,-138.6854,-30.4028,-0.20923751
5/1/12 17:00,417.6914,148.1,435.9684,295.7778,-2.21,3.55,35.36,-18.69,-107.4544,-34.1575,-0.13647204
5/1/12 17:30,418.7664,,0.0,295.5226,,,18.81,,-70.6504,-18.6494,-0.07545429
5/1/12 18:00,418.7664,,-192.5878,295.2164,,,15.75,,-28.955,-15.7496,-0.0228492
5/1/12 18:30,418.7664,,-182.4354,294.7578,,,12.07,,-3.5206,-11.9675,0.12617259
5/1/12 19:00,418.7664,,-212.8224,294.6899,,,11.34,,0.0,-10.9534,0.12617259
5/1/12 19:30,418.7664,,-233.0705,294.2716,,,9.76,,0.0,-9.0136,0.12617259
5/1/12 20:00,418.7664,,-222.9172,293.9931,,,7.97,,0.0,-6.9015,0.12617259
5/1/12 20:30,418.7664,,-212.7636,293.8629,,,6.85,,0.0,-5.4328,0.12617259
5/1/12 21:00,418.7664,,-222.8754,293.6116,,,5.48,,0.0,-3.8778,0.12617259
5/1/12 21:30,418.7664,,-232.9854,293.5116,,,4.87,,0.0,-2.9617,0.12617259
5/1/12 22:00,418.7664,,-243.0936,293.4141,,,4.48,,0.0,-2.2415,0.12617259
5/1/12 22:30,418.7664,,-253.2,293.342,,,4.14,,0.0,-1.5846,0.12617259
5/1/12 23:00,418.7664,,-253.1775,293.144,,,3.32,,0.0,-0.8605,0.12617259
5/1/12 23:30,418.7664,,-253.155,293.0643,,,3.02,,0.0,-0.3944,0.16179657
5/2/12 0:00,418.7664,,-253.1325,293.1613,,,3.38,,0.0,0.0,0.12617259
5/2/12 0:30,418.7664,,-263.2344,293.0596,,,3.22,,0.0,0.4197,0.16179657
5/2/12 1:00,418.7664,,-263.211,293.086,,,3.85,,0.0,0.997,0.16179657
5/2/12 1:30,418.7664,,-263.1876,293.0337,,,4.09,,0.0,1.5663,0.16179657
5/2/12 2:00,418.7664,,-242.9208,292.9986,,,4.08,,0.0,2.0382,0.16179657
5/2/12 2:30,418.7664,,-222.6576,292.9111,,,4.08,,0.0,2.4861,0.16179657
5/2/12 3:00,418.7664,,-232.7577,292.7742,,,3.95,,0.0,2.7958,0.09057746
5/2/12 3:30,418.7664,,-212.499,292.8517,,,4.46,,0.0,3.5375,0.12483395
5/2/12 4:00,418.7664,,-212.4801,292.7192,,,4.11,,0.0,3.559,0.08215903
5/2/12 4:30,418.7664,,-232.6956,292.6482,,,4.18,,0.0,3.862,0.08215903
5/2/12 5:00,418.7664,,-273.1401,292.6709,,,4.71,,2.2786,4.5508,0.08215903
5/2/12 5:30,418.7664,,-222.5388,292.7037,,,5.37,,22.2431,5.3289,0.1107263
5/2/12 6:00,418.7664,,-222.519,292.9322,,,6.53,,41.94,6.5306,0.055850138
5/2/12 6:30,418.7664,,-222.4992,293.2043,,,7.94,,60.4881,7.8761,0.023610263
5/2/12 7:00,418.7664,,-273.0429,293.3764,,,9.25,,89.606,8.9378,2.99076e-06
5/2/12 7:30,418.7664,,-283.1304,293.6959,,,11.27,,115.7325,10.413,0.00720096
5/2/12 8:00,418.7664,,-283.1052,293.4603,,,9.94,,87.5985,8.6051,0.011249769
5/2/12 8:30,418.7664,,-283.08,293.063,,,8.34,,99.6198,6.6138,0.042747622
5/2/12 9:00,418.7664,,-293.1639,294.0703,,,14.59,,125.2534,10.3158,-0.025857678
5/2/12 9:30,418.7664,,-252.705,294.4139,,,18.89,,71.2817,11.4969,0.004387623
5/2/12 10:00,418.7664,,-252.6825,294.8839,,,24.52,,172.785,12.2579,0.0710864
5/2/12 10:30,418.7664,,-282.9792,295.2242,,,28.05,,130.4702,10.736,0.06331421
5/2/12 11:00,418.7664,,-50.5275,295.5996,,,30.54,,94.0662,7.9034,0.21053576
5/2/12 11:30,419.0711,,161.6736,294.6304,,,22.98,,27.1821,2.9991,0.20387141
5/2/12 12:00,419.8461,,151.584,294.9664,,,28.57,,0.0,0.0,0.20387141
5/2/12 12:30,420.5961,115.3,151.524,294.9452,-3.91,1.85,31.92,-28.86,-30.6076,-4.1665,0.2827877
5/2/12 13:00,421.3461,107.6,151.4925,294.6421,-3.77,1.2,25.06,-23.89,-56.3757,-6.4863,0.20262509
5/2/12 13:30,422.0711,103.8,141.358,294.2511,-3.41,0.84,18.55,-18.02,-55.7298,-7.1003,0.026740488
5/2/12 14:00,422.7711,95.9,141.3412,293.8286,-3.3,0.34,13.75,-13.68,-61.2565,-6.8774,0.034564031
5/2/12 14:30,423.4961,89.3,151.3875,293.1938,-3.29,-0.04,8.93,-8.93,-89.7607,-5.4343,0.07909516
5/2/12 15:00,424.2461,83.9,151.368,293.1263,-2.71,-0.29,6.14,-6.1,-96.397,-4.3393,0.07909516
5/2/12 15:30,424.9961,72.1,151.335,293.2054,-2.62,-0.85,6.33,-6.02,-67.75,-5.0201,0.08211864
5/2/12 16:00,425.7211,70.9,141.2138,293.0764,-2.87,-0.99,7.55,-7.13,-73.7897,-6.5344,0.06049845
5/2/12 16:30,426.4211,63.1,141.1872,292.961,-2.7,-1.37,7.15,-6.38,-56.4657,-6.6052,0.05930983
5/2/12 17:00,427.1211,60.7,141.1284,292.7859,-3.05,-1.71,7.37,-6.43,-53.3046,-7.1205,0.033634484
5/2/12 17:30,427.8461,61.6,151.1625,292.5848,-3.11,-1.68,6.6,-5.8,-38.1111,-6.5397,0.08894455
5/2/12 18:00,428.5961,61.0,151.1445,292.4335,-3.35,-1.86,6.65,-5.82,-13.187,-6.6524,0.010765089
5/2/12 18:30,429.3461,60.2,151.1325,292.2895,-3.24,-1.85,5.58,-4.85,-0.922,-5.5368,-0.00581039
5/2/12 19:00,430.1211,56.8,161.1504,292.1638,-3.38,-2.21,5.53,-4.63,0.0,-5.3463,-0.00581039
5/2/12 19:30,430.9211,59.9,161.1072,292.1042,-3.51,-2.04,5.46,-4.72,0.0,-5.0413,-0.00581039
5/2/12 20:00,431.7711,62.5,181.2132,292.036,-3.57,-1.86,5.0,-4.44,0.0,-4.3304,-0.00581039
5/2/12 20:30,432.7211,63.8,201.316,292.0393,-3.61,-1.78,4.72,-4.23,0.0,-3.742,-0.033999148
5/2/12 21:00,433.8461,68.5,251.575,291.9705,-4.28,-1.69,5.05,-4.7,0.0,-3.573,-0.051546295
5/2/12 21:30,435.1711,72.8,281.6296,291.8746,-3.81,-1.18,3.88,-3.71,0.0,-2.3616,-0.050610978
5/2/12 22:00,436.6211,79.7,301.584,291.7636,-3.98,-0.72,3.61,-3.56,0.0,-1.8068,-0.042567598
5/2/12 22:30,438.1711,88.7,321.5552,291.6421,-4.26,-0.1,4.13,-4.13,0.0,-1.5793,-0.042567598
5/2/12 23:00,439.7711,90.3,321.4496,291.6525,-4.63,0.02,5.55,-5.55,0.0,-1.4368,-0.002278285
5/2/12 23:30,441.4211,87.9,341.394,291.4385,-5.03,-0.18,6.28,-6.28,0.0,-0.8197,0.049015573
5/3/12 0:00,443.0961,86.8,331.2276,291.1998,-4.41,-0.25,4.31,-4.31,0.0,0.0,0.07402333
5/3/12 0:30,444.7711,86.1,341.0982,291.1541,-4.57,-0.31,4.89,-4.88,0.0,0.6389,0.07402333
5/3/12 1:00,446.4711,69.6,340.8262,291.0076,-4.47,-1.66,5.41,-5.07,0.0,1.3994,0.12735544
5/3/12 1:30,448.1211,65.6,320.5728,290.8573,-3.66,-1.66,3.84,-3.5,0.0,1.4695,0.19013304
5/3/12 2:00,449.7961,67.3,350.3535,290.9775,-4.73,-1.98,5.18,-4.78,0.0,2.5881,0.19013304
5/3/12 2:30,451.5461,62.1,350.0735,290.9503,-4.21,-2.23,4.44,-3.92,0.0,2.7023,0.19013304
5/3/12 3:00,453.2961,62.1,349.804,290.8899,-4.49,-2.38,5.12,-4.52,0.0,3.6187,0.19013304
5/3/12 3:30,454.9961,59.7,329.6139,290.863,-4.6,-2.69,5.57,-4.81,0.0,4.4181,0.19013304
5/3/12 4:00,456.6461,60.5,329.4093,291.0786,-4.79,-2.71,5.25,-4.57,0.0,4.5496,0.10777206
5/3/12 4:30,458.3711,68.5,359.0928,291.3727,-5.45,-2.15,5.69,-5.3,0.0,5.2596,0.10777206
5/3/12 5:00,460.1961,70.1,368.853,291.4105,-5.74,-2.08,5.74,-5.39,1.1495,5.54,0.11552117
5/3/12 5:30,462.0711,74.5,378.67,291.4776,-5.38,-1.49,4.78,-4.61,1.2938,4.7382,0.11552117
5/3/12 6:00,464.0711,78.0,418.2528,291.7417,-5.67,-1.21,5.82,-5.69,4.368,5.8154,0.16168117
5/3/12 6:30,466.1711,75.9,418.0596,292.0249,-5.57,-1.4,5.11,-4.96,9.0925,5.0706,0.11512881
5/3/12 7:00,468.1961,73.3,388.0383,292.208,-4.76,-1.43,3.9,-3.74,14.2831,3.7695,0.12171238
5/3/12 7:30,470.0711,78.8,358.0164,292.538,-4.65,-0.92,3.67,-3.6,18.6919,3.3917,0.07503885
5/3/12 8:00,471.7711,73.8,318.112,292.7292,-3.2,-0.93,2.29,-2.2,15.0749,1.9813,0.10534866
5/3/12 8:30,473.3961,97.2,327.9375,293.3434,-3.6,0.45,2.68,-2.66,17.2404,2.1253,0.07503885
5/3/12 9:00,475.0961,105.1,347.648,293.9192,-4.16,1.12,3.93,-3.79,19.1866,2.7781,0.032941507
5/3/12 9:30,476.8961,109.8,367.4137,294.1397,-4.15,1.5,4.36,-4.1,15.4948,2.6521,0.032941507
5/3/12 10:00,478.8211,110.0,397.072,294.2919,-3.99,1.45,4.0,-3.76,24.679,2.0025,0.032941507
5/3/12 10:30,480.7961,115.3,387.036,294.4903,-3.69,1.74,3.51,-3.17,25.0172,1.3415,-0.000208961
5/3/12 11:00,482.7211,111.2,376.922,294.8036,-3.72,1.44,3.52,-3.28,24.5397,0.9107,0.10532558
5/3/12 11:30,484.5961,110.3,366.8328,294.9191,-3.76,1.39,3.78,-3.54,10.6473,0.4931,0.030110745
5/3/12 12:00,486.5211,119.5,396.46,295.0098,-4.2,2.37,4.54,-3.95,0.0,0.0,0.08328995
5/3/12 12:30,488.4711,114.4,376.4318,295.288,-4.04,1.83,4.32,-3.94,-2.2914,-0.564,0.09069286
5/3/12 13:00,490.2711,122.0,336.7768,295.3861,-2.93,1.83,3.34,-2.84,-6.3141,-0.8657,0.032941507
5/3/12 13:30,491.9711,116.9,336.634,295.6003,-3.54,1.79,4.06,-3.62,-14.9361,-1.5518,0.08328995
5/3/12 14:00,493.6211,118.7,316.6848,295.8262,-3.14,1.72,3.72,-3.26,-45.986,-1.8593,-0.10009219
5/3/12 14:30,495.1711,116.3,296.715,296.2054,-3.52,1.74,4.85,-4.35,-36.6018,-2.9525,-0.07545429
5/3/12 15:00,496.6961,119.4,306.466,296.2193,-3.37,1.9,4.28,-3.73,-39.2041,-3.0246,-0.07545429
5/3/12 15:30,498.2211,124.6,296.442,296.2398,-3.22,2.22,4.79,-3.94,-29.8817,-3.8017,0.08328995
5/3/12 16:00,499.5461,234.3,227.3067,294.0364,1.74,1.25,1.45,1.18,-44.8731,-1.2594,0.07503885
5/3/12 16:30,500.6211,240.5,197.672,293.676,1.6,0.91,1.0,0.87,-73.2128,-0.9268,0.07365405
5/3/12 17:00,501.5961,238.7,187.7694,293.4462,1.05,0.64,0.66,0.56,-51.9485,-0.6343,0.016805125
5/3/12 17:30,502.4961,247.2,167.994,293.3856,1.03,0.43,0.6,0.56,-30.9103,-0.5969,0.07503885
5/3/12 18:00,503.3211,247.9,158.12,293.2973,0.97,0.39,0.5,0.47,-8.23,-0.5037,0.10534866
5/3/12 18:30,504.0961,239.3,148.242,293.2675,0.94,0.56,0.48,0.41,-0.4233,-0.4755,0.12617259
5/3/12 19:00,504.8211,241.6,138.3634,293.2356,0.99,0.54,0.5,0.44,0.0,-0.4857,0.12617259
5/3/12 19:30,505.4961,242.1,128.4881,293.1914,0.71,0.37,0.37,0.33,0.0,-0.3443,0.12617259
5/3/12 20:00,506.1211,248.4,118.614,293.1127,0.83,0.33,0.44,0.41,0.0,-0.3791,0.12617259
5/3/12 20:30,506.7211,239.8,118.6284,293.123,0.6,0.35,0.36,0.31,0.0,-0.2851,0.12617259
5/3/12 21:00,507.2961,228.2,108.7449,293.1276,0.73,0.65,0.44,0.33,0.0,-0.3087,0.12617259
5/3/12 21:30,507.8211,239.1,98.85,293.1525,0.79,0.47,0.47,0.41,0.0,-0.2874,0.12617259
5/3/12 22:00,508.3211,235.7,98.83,293.1528,0.88,0.6,0.56,0.46,0.0,-0.2803,0.12617259
5/3/12 22:30,508.8211,228.6,98.825,293.1446,0.7,0.61,0.44,0.33,0.0,-0.169,0.12617259
5/3/12 23:00,509.2961,237.8,88.9209,293.1413,0.65,0.41,0.36,0.3,0.0,-0.0931,0.12617259
5/3/12 23:30,509.7461,236.5,88.9011,293.1175,0.95,0.63,0.5,0.42,0.0,-0.0652,0.12617259
5/4/12 0:00,510.1711,228.7,79.0184,293.1548,0.79,0.7,0.49,0.37,0.0,0.0,0.12617259
5/4/12 0:30,510.5711,238.3,78.9928,293.1379,1.0,0.62,0.54,0.46,0.0,0.0706,0.12617259
5/4/12 1:00,510.9461,240.3,69.0984,293.0784,1.39,0.79,0.66,0.57,0.0,0.1701,0.12617259
5/4/12 1:30,511.2961,,69.0844,293.0077,,,0.39,,0.0,0.1477,0.12617259
5/4/12 2:00,511.6461,,69.0781,292.9632,,,0.42,,0.0,0.2096,0.12617259
5/4/12 2:30,511.9961,345.9,69.0683,293.0409,0.21,-0.83,0.63,0.15,0.0,0.3834,0.12617259
5/4/12 3:00,512.3461,305.8,69.076,292.8331,0.91,-0.65,1.78,1.45,0.0,1.2598,0.12617259
5/4/12 3:30,512.6711,274.9,59.211,292.624,0.78,-0.07,1.1,1.09,0.0,0.8691,0.12617259
5/4/12 4:00,512.9711,307.8,59.2212,292.3841,0.6,-0.46,0.88,0.7,0.0,0.7653,0.15494181
5/4/12 4:30,513.2711,253.0,59.2254,292.2497,0.65,0.2,0.71,0.67,0.0,0.6515,0.15494181
5/4/12 5:00,513.5711,,59.2242,292.2028,,,1.04,,1.3967,1.0048,0.15494181
5/4/12 5:30,513.8961,,69.1096,292.1319,,,0.96,,5.9665,0.9546,0.15494181
5/4/12 6:00,514.2461,,69.1208,292.2359,,,1.6,,19.804,1.5994,0.12298178
5/4/12 6:30,514.6211,,79.0104,292.2134,,,1.61,,63.4079,1.5924,0.07118449
5/4/12 7:00,515.0461,72.8,88.8849,292.3822,-0.86,-0.27,1.21,-1.16,55.7281,1.1701,0.07118449
5/4/12 7:30,515.4711,,79.0088,292.3336,,,2.67,,62.2889,2.4696,0.11939284
5/4/12 8:00,515.8461,318.1,69.139,292.4431,0.77,-0.86,1.84,1.23,96.8416,1.5973,0.14910834
5/4/12 8:30,516.1711,317.6,59.265,292.4779,1.58,-1.73,2.58,1.74,111.8596,2.043,0.10532558
5/4/12 9:00,516.4461,307.2,49.3925,292.3571,1.76,-1.34,2.1,1.67,85.7692,1.4864,0.13112325
5/4/12 9:30,516.6711,,39.5152,292.8773,,,2.39,,158.1842,1.4562,0.23326956
5/4/12 10:00,516.8711,347.3,39.5228,293.0379,0.48,-2.12,5.55,1.22,52.112,2.7746,0.14910834
5/4/12 10:30,517.0711,1.2,39.5268,292.677,-0.04,-2.0,3.57,-0.07,60.8302,1.3658,0.1338063
5/4/12 11:00,517.2711,7.6,39.5248,292.3224,-0.26,-1.94,2.94,-0.39,42.687,0.7618,0.10750087
5/4/12 11:30,517.4711,350.1,39.5212,292.4157,0.19,-1.07,1.98,0.34,21.5031,0.2578,0.10750087
5/4/12 12:00,517.6711,54.6,39.51,292.7564,-0.77,-0.55,2.24,-1.83,0.0,0.0,0.23326956
5/4/12 12:30,517.8961,56.8,49.37,292.917,-1.3,-0.85,3.41,-2.86,-48.7359,-0.4455,0.06804561
5/4/12 13:00,518.1711,60.0,59.2284,293.3891,-1.28,-0.74,3.85,-3.33,-148.0049,-0.9958,0.051987123
5/4/12 13:30,518.4711,106.5,59.2296,294.0668,-0.98,0.29,3.51,-3.37,-181.8098,-1.3436,-0.039371595
5/4/12 14:00,518.7461,63.8,49.362,294.4599,-0.81,-0.4,4.4,-3.95,-186.76,-2.2023,0.06804561
5/4/12 14:30,518.9961,132.9,49.362,294.7202,-0.57,0.53,4.05,-2.97,-116.0111,-2.4657,-0.12354147
5/4/12 15:00,519.2711,76.3,59.2206,294.6084,-1.12,-0.27,6.21,-6.04,-110.5519,-4.3928,-0.14656954
5/4/12 15:30,519.5711,125.8,59.2278,294.601,-1.53,1.11,8.9,-7.22,-99.4381,-7.0593,-0.08480746
5/4/12 16:00,519.8711,153.1,59.2392,294.3188,-1.08,2.13,8.9,-4.03,-89.0612,-7.7086,-0.09965944
5/4/12 16:30,520.1961,140.3,69.0963,294.0922,-1.64,1.97,9.76,-6.24,-205.8912,-9.0206,-0.07400025
5/4/12 17:00,520.5211,150.3,59.2278,294.1315,-0.96,1.69,8.44,-4.18,-125.0343,-8.1565,-0.10052494
5/4/12 17:30,520.8211,147.5,59.2248,294.2587,-1.18,1.86,9.49,-5.1,-227.0686,-9.4095,-0.017889308
5/4/12 18:00,521.1211,128.9,59.2494,294.0124,-1.44,1.16,8.11,-6.31,-60.349,-8.1138,-0.000208961
5/4/12 18:30,521.3961,104.5,49.39,293.4764,-0.83,0.21,2.7,-2.61,-7.7035,-2.6748,0.10534866
5/4/12 19:00,521.6461,104.1,49.3955,292.9715,-0.7,0.18,1.85,-1.79,0.0,-1.7826,0.12617259
5/4/12 19:30,521.8961,121.9,49.4215,292.3694,-0.4,0.25,0.79,-0.67,0.0,-0.7309,0.12617259
5/4/12 20:00,522.1461,329.6,49.434,291.8821,0.06,-0.1,0.13,0.06,0.0,-0.1088,0.16168117
5/4/12 20:30,522.3961,34.2,49.4555,291.8271,-0.15,-0.22,0.27,-0.15,0.0,-0.2152,0.16168117
5/4/12 21:00,522.6461,345.6,49.481,291.8273,0.04,-0.16,0.15,0.04,0.0,-0.1065,0.16168117
5/4/12 21:30,522.8961,317.4,49.505,292.0455,0.24,-0.26,0.32,0.21,0.0,-0.192,0.16168117
5/4/12 22:00,523.1711,36.6,59.4162,292.0097,-0.38,-0.52,0.55,-0.33,0.0,-0.2756,0.16168117
5/4/12 22:30,523.4711,100.0,59.4072,291.8811,-0.3,0.05,0.2,-0.19,0.0,-0.0754,0.16168117
5/4/12 23:00,523.7711,244.9,59.406,292.0036,1.21,0.57,1.49,1.35,0.0,-0.3859,0.16168117
5/4/12 23:30,524.0711,282.1,59.4174,291.8544,0.66,-0.14,0.85,0.83,0.0,-0.1108,0.16168117
5/5/12 0:00,524.3711,304.9,59.4288,291.6007,0.62,-0.43,0.74,0.61,0.0,0.0,0.16168117
5/5/12 0:30,524.6461,256.7,49.5165,291.4077,1.85,0.44,2.07,2.01,0.0,0.2701,0.16168117
5/5/12 1:00,524.8711,253.5,39.61,290.8725,2.12,0.63,4.93,4.73,0.0,1.2755,0.057518245
5/5/12 1:30,525.0961,348.1,49.523,290.1803,0.13,-0.59,1.3,0.27,0.0,0.4957,0.052435452
5/5/12 2:00,525.3461,219.0,49.5375,289.9568,0.12,0.14,0.34,0.21,0.0,0.1706,0.052435452
5/5/12 2:30,525.5961,267.5,49.547,289.5961,0.34,0.01,0.55,0.55,0.0,0.3366,-0.027275944
5/5/12 3:00,525.8711,3.8,59.4702,289.1899,-0.01,-0.18,0.28,-0.02,0.0,0.199,-0.027275944
5/5/12 3:30,526.1711,144.2,59.5038,288.7895,-0.57,0.8,1.43,-0.84,0.0,1.1374,-0.027275944
5/5/12 4:00,526.4461,185.0,49.625,288.9707,0.07,0.79,1.52,0.13,0.0,1.3172,-0.027275944
5/5/12 4:30,526.6961,321.8,49.646,289.5349,0.24,-0.3,1.3,0.81,0.0,1.2042,0.031949067
5/5/12 5:00,526.9461,315.5,49.663,290.4902,0.82,-0.83,6.62,4.64,2.6495,6.3958,0.06042921
5/5/12 5:30,527.1961,337.6,49.682,289.7324,0.24,-0.59,2.7,1.03,30.6128,2.679,0.07503885
5/5/12 6:00,527.4461,289.4,49.6965,290.7232,1.43,-0.5,9.42,8.88,110.145,9.4194,0.23902225
5/5/12 6:30,527.6961,308.1,49.74,290.7951,0.64,-0.51,4.78,3.76,183.5968,4.7396,0.2928275
5/5/12 7:00,527.9461,324.7,49.77,291.4799,0.38,-0.54,4.4,2.54,341.0076,4.2541,0.06804561
5/5/12 7:30,528.1711,317.4,39.8372,292.9566,0.99,-1.07,12.65,8.56,431.3224,11.6826,0.35578397
5/5/12 8:00,528.3461,303.5,29.8845,294.1981,3.23,-2.14,40.87,34.08,498.7588,35.3926,-0.10623147
5/5/12 8:30,528.4711,312.6,19.9246,294.9613,3.52,-3.24,56.59,41.66,542.5307,44.896,0.044958686
5/5/12 9:00,528.5461,302.2,9.9639,295.267,4.63,-2.91,67.68,57.27,554.948,47.859,0.038939422
5/5/12 9:30,528.5711,290.8,0.0,295.1843,5.91,-2.24,77.77,72.7,441.0714,47.3415,0.22320668
5/5/12 10:00,528.5711,294.3,0.0,295.4891,4.94,-2.23,67.73,61.73,438.0105,33.8644,-0.08031263
5/5/12 10:30,528.5961,289.2,9.9786,296.0364,4.84,-1.69,67.53,63.77,349.6158,25.8412,0.50190345
5/5/12 11:00,528.6961,293.3,29.937,296.4666,5.21,-2.24,77.57,71.24,245.8385,20.0758,0.33245009
5/5/12 11:30,528.8461,307.1,29.9373,297.0245,3.72,-2.81,68.86,54.92,126.0811,8.9885,-0.40930649
5/5/12 12:00,529.0461,314.4,49.8795,297.8417,2.54,-2.49,56.8,40.58,0.0,0.0,-0.034754441
5/5/12 12:30,529.3211,288.9,59.847,298.7341,3.88,-1.33,77.0,72.85,-124.5563,-10.0511,-0.20150571
5/5/12 13:00,529.6711,270.5,79.7984,299.1833,2.99,-0.03,60.13,60.13,-239.837,-15.5628,0.13933973
5/5/12 13:30,530.1461,234.0,109.7162,299.5199,1.85,1.34,47.2,38.18,-338.6917,-18.0622,0.17284035
5/5/12 14:00,530.7461,216.8,129.6477,300.0194,1.48,1.98,51.11,30.61,-414.608,-25.5531,-0.046123072
5/5/12 14:30,531.4711,206.3,159.5232,300.4412,1.74,3.53,77.69,34.42,-458.9635,-47.2939,-0.11469029
5/5/12 15:00,532.3461,194.0,189.4205,300.019,1.08,4.35,90.0,21.77,-485.4656,-63.6372,-1.1695213
5/5/12 15:30,533.2961,204.3,189.4319,300.0004,1.61,3.57,86.37,35.54,-477.0632,-68.519,0.09559736
5/5/12 16:00,534.2461,192.1,189.4205,300.2285,0.81,3.76,84.67,17.75,-434.9526,-73.3242,0.79049
5/5/12 16:30,535.2211,182.9,199.358,300.2321,0.21,4.06,87.21,4.41,-367.2902,-80.5696,0.08411506
5/5/12 17:00,536.2461,189.4,209.3175,299.7956,0.7,4.22,84.47,13.8,-279.7766,-81.5905,0.040984887
5/5/12 17:30,537.2961,187.1,209.2944,299.2188,0.52,4.18,79.56,9.83,-180.3755,-78.8838,0.51152204
5/5/12 18:00,538.3461,176.4,209.3301,298.3637,-0.26,4.07,64.52,-4.05,-87.727,-64.5196,0.1460964
5/5/12 18:30,539.4211,176.8,219.34,297.3052,-0.18,3.21,43.14,-2.41,-20.0371,-42.7661,0.032941507
5/5/12 19:00,540.5211,153.7,219.4236,296.7064,-1.09,2.2,29.74,-13.18,0.0,-28.7236,0.12617259
5/5/12 19:30,541.6211,54.3,219.5644,295.7369,-0.68,-0.49,7.85,-6.38,0.0,-7.2536,0.48372218
5/5/12 20:00,542.7211,73.1,219.67,295.0817,-0.89,-0.27,6.72,-6.43,0.0,-5.8234,0.01401533
5/5/12 20:30,543.8211,86.4,219.769,294.5709,-1.2,-0.08,6.46,-6.45,0.0,-5.1243,0.12617259
5/5/12 21:00,544.9211,63.0,219.8922,294.3171,-1.1,-0.56,6.32,-5.63,0.0,-4.4688,0.12617259
5/5/12 21:30,546.0211,103.5,219.9274,293.4836,-1.2,0.29,4.94,-4.81,0.0,-3.0086,0.12617259
5/5/12 22:00,547.1461,58.2,230.0161,293.6089,-1.98,-1.23,9.36,-7.95,0.0,-4.68,0.12617259
5/5/12 22:30,548.3711,59.2,260.117,293.5677,-2.56,-1.53,12.35,-10.6,0.0,-4.7246,-0.13929357
5/5/12 23:00,549.7961,61.7,310.1922,293.0146,-3.34,-1.8,14.23,-12.53,0.0,-3.6823,0.12617259
5/5/12 23:30,551.3711,63.0,320.2176,292.5808,-3.2,-1.63,14.68,-13.08,0.0,-1.9167,0.12617259
5/6/12 0:00,553.0211,79.7,340.3026,292.1905,-3.31,-0.6,15.91,-15.65,0.0,0.0,0.46265591
5/6/12 0:30,554.7461,97.6,350.4095,291.5955,-3.36,0.45,14.4,-14.28,0.0,1.8801,0.16168117
5/6/12 1:00,556.5461,93.0,370.5032,291.2465,-3.18,0.17,11.75,-11.74,0.0,3.0418,0.16168117
5/6/12 1:30,558.3961,93.7,370.5698,290.7852,-2.87,0.19,8.96,-8.94,0.0,3.4273,0.06042921
5/6/12 2:00,560.2461,92.3,370.6586,290.4367,-2.38,0.1,7.24,-7.24,0.0,3.6205,0.06042921
5/6/12 2:30,562.0961,94.2,370.7104,290.2209,-2.28,0.17,6.73,-6.71,0.0,4.0967,0.055877257
5/6/12 3:00,563.9461,74.8,370.6808,290.0558,-1.96,-0.53,5.37,-5.18,0.0,3.7963,0.055877257
5/6/12 3:30,565.7961,65.8,370.6549,290.0254,-1.76,-0.79,5.52,-5.03,0.0,4.3767,0.055877257
5/6/12 4:00,567.6461,64.4,370.6623,289.8423,-1.35,-0.65,4.26,-3.84,0.0,3.6882,0.055877257
5/6/12 4:30,569.5211,58.0,380.6726,289.5829,-1.18,-0.74,3.73,-3.16,0.0,3.445,0.031949067
5/6/12 5:00,571.4211,178.0,380.817,289.3768,-0.04,1.2,2.79,-0.1,4.9958,2.6982,-0.027275944
5/6/12 5:30,573.3211,23.4,380.874,288.7035,-0.16,-0.37,0.69,-0.28,43.0079,0.6877,0.09345092
5/6/12 6:00,575.2461,50.2,390.9321,288.7683,-0.51,-0.43,1.0,-0.76,101.626,0.9956,0.23667386
5/6/12 6:30,577.2211,4.7,401.06,289.7678,-0.04,-0.5,1.13,-0.09,203.2046,1.1248,-0.09095251
5/6/12 7:00,579.2211,305.5,401.256,290.3761,0.85,-0.61,2.94,2.39,232.9127,2.8358,0.22478766
5/6/12 7:30,581.2461,337.0,411.2095,290.9267,0.41,-0.96,3.31,1.29,339.0462,3.0602,-0.030159213
5/6/12 8:00,583.3461,39.0,431.0406,292.0271,-0.83,-1.03,5.19,-3.27,414.187,4.4937,0.24154374
5/6/12 8:30,585.5211,74.6,440.9196,293.0394,-1.47,-0.41,6.85,-6.61,459.73,5.437,0.2623619
5/6/12 9:00,587.7961,136.8,470.893,294.409,-1.4,1.49,11.03,-7.55,474.0112,7.7965,0.08439202
5/6/12 9:30,590.2711,176.4,521.0348,295.5631,-0.22,3.5,21.29,-1.34,448.729,12.9607,-0.45748022
5/6/12 10:00,592.8711,180.1,520.8112,295.8399,0.0,2.78,16.07,0.03,327.6675,8.0368,-0.41756336
5/6/12 10:30,595.5211,181.4,540.5184,297.1693,0.1,4.17,27.48,0.67,210.606,10.5149,0.19938235
5/6/12 11:00,598.2711,181.2,560.1456,298.2073,0.11,5.32,40.43,0.85,174.2414,10.4634,-0.12678998
5/6/12 11:30,601.1961,187.6,609.7743,298.7596,0.93,6.95,58.57,7.75,103.3577,7.6451,0.4449824
5/6/12 12:00,604.2211,200.9,599.532,299.1697,2.67,6.98,67.46,24.07,0.0,0.0,0.41717677
5/6/12 12:30,607.3961,187.3,668.7806,298.9493,1.08,8.46,73.02,9.28,-58.8826,-9.5306,-0.16619908
5/6/12 13:00,610.8961,194.6,727.737,299.363,2.66,10.2,103.09,25.99,-205.2753,-26.6827,0.19956122
5/6/12 13:30,614.2211,212.1,598.374,299.7006,4.85,7.72,93.31,49.58,-279.3111,-35.7065,-1.5450906
5/6/12 14:00,616.8961,285.9,469.1446,297.6224,2.03,-0.58,15.45,14.86,-103.121,-7.7261,-0.33284822
5/6/12 14:30,619.2711,347.4,479.1696,296.6806,0.29,-1.31,9.01,1.97,-45.9944,-5.485,-0.07545429
5/6/12 15:00,621.6461,340.4,469.2198,296.4531,0.68,-1.92,13.64,4.58,-91.7393,-9.6456,-0.16358527
5/6/12 15:30,623.8211,314.4,399.532,295.5906,3.05,-2.99,30.23,21.6,-6.4769,-23.9867,0.01401533
5/6/12 16:00,625.8461,,410.4305,291.6771,,,11.62,,-1.8897,-10.0639,0.16168117
5/6/12 16:30,628.2211,,540.8856,291.7924,,,11.48,,-8.7538,-10.6051,0.11512881
5/6/12 17:00,630.9211,273.5,541.242,292.3982,2.01,-0.12,9.88,9.86,-39.9207,-9.5417,0.07503885
5/6/12 17:30,633.6711,229.6,561.1424,292.8097,4.19,3.56,43.07,32.8,-28.5566,-42.6966,0.036882417
5/6/12 18:00,636.3961,233.0,530.7791,292.4166,3.23,2.43,34.78,27.78,-93.076,-34.7798,0.011096864
5/6/12 18:30,639.0461,230.4,531.1766,292.9384,3.94,3.26,45.74,35.24,-46.0457,-45.3508,-0.0228492
5/6/12 19:00,641.6461,237.7,511.6269,292.2311,2.69,1.7,25.67,21.7,0.0,-24.7933,0.12617259
5/6/12 19:30,644.1711,246.4,501.9,291.6763,1.95,0.85,16.4,15.03,0.0,-15.1509,0.12617259
5/6/12 20:00,646.6711,19.7,502.205,290.5482,-0.21,-0.58,3.59,-1.21,0.0,-3.1075,0.16168117
5/6/12 20:30,649.1461,34.8,492.4451,289.1139,-0.62,-0.89,4.09,-2.33,0.0,-3.2447,-0.016331408
5/6/12 21:00,651.5961,71.7,492.5137,288.864,-1.65,-0.55,5.8,-5.51,0.0,-4.1008,-0.016331408
5/6/12 21:30,654.1211,59.8,522.7352,288.9675,-3.81,-2.22,8.36,-7.22,0.0,-5.0889,-0.027275944
5/6/12 22:00,656.7461,75.2,532.9627,288.6198,-4.16,-1.1,6.93,-6.7,0.0,-3.4655,-0.027275944
5/6/12 22:30,659.3461,75.4,512.9835,288.1446,-3.27,-0.85,5.03,-4.86,0.0,-1.9231,-0.045088511
5/6/12 23:00,661.8711,74.7,502.975,287.8076,-2.77,-0.76,3.73,-3.6,0.0,-0.9656,-0.045088511
5/6/12 23:30,664.3461,80.4,493.1164,287.5918,-2.5,-0.42,3.01,-2.97,0.0,-0.3934,-0.045088511
5/7/12 0:00,666.7711,72.6,483.0816,287.4446,-2.18,-0.68,2.85,-2.72,0.0,0.0,-0.08390734
5/7/12 0:30,669.1461,56.4,472.9892,287.2617,-1.76,-1.17,2.81,-2.34,0.0,0.3673,-0.0868962
5/7/12 1:00,671.4961,50.6,472.9563,287.2206,-1.63,-1.34,3.18,-2.46,0.0,0.8231,-0.0868962
5/7/12 1:30,673.8211,49.5,462.7738,287.146,-1.45,-1.24,3.13,-2.38,0.0,1.1974,-0.08289182
5/7/12 2:00,676.1211,33.5,462.7692,286.6819,-0.63,-0.95,1.45,-0.8,0.0,0.7269,0.09735144
5/7/12 2:30,678.3961,326.9,452.7,285.9426,0.75,-1.16,0.9,0.49,0.0,0.5452,0.09735144
5/7/12 3:00,680.6461,318.2,452.709,285.6176,0.87,-0.98,0.48,0.32,0.0,0.3405,0.09735144
5/7/12 3:30,682.8961,344.9,452.6595,285.5915,0.17,-0.63,0.22,0.06,0.0,0.1728,0.09735144
5/7/12 4:00,685.1211,322.1,442.5784,285.3456,0.64,-0.83,0.45,0.28,0.0,0.3931,0.09735144
5/7/12 4:30,687.2961,318.9,432.6273,285.0748,1.44,-1.65,1.43,0.94,0.0,1.3192,0.09735144
5/7/12 5:00,689.4461,318.7,432.7778,284.744,1.38,-1.57,1.23,0.81,6.5171,1.1847,0.08480169
5/7/12 5:30,691.5961,323.6,432.9455,284.9398,1.26,-1.71,1.93,1.15,30.0973,1.9169,0.017288651
5/7/12 6:00,693.7461,356.0,432.9412,284.9977,0.13,-1.82,2.14,0.15,97.638,2.1385,0.11564811
5/7/12 6:30,695.8711,323.7,422.9778,285.314,1.17,-1.6,2.82,1.67,133.9135,2.7954,0.044064336
5/7/12 7:00,697.9461,315.3,413.0135,285.6962,1.8,-1.82,4.2,2.96,192.8481,4.0583,-0.06512022
5/7/12 7:30,700.0211,345.5,422.9148,286.4752,0.37,-1.45,3.21,0.8,410.2459,2.966,0.028998866
5/7/12 8:00,702.0961,300.4,412.9725,287.6462,1.6,-0.94,6.02,5.2,486.8812,5.2174,0.42925338
5/7/12 8:30,704.1461,322.7,412.9479,288.5425,1.07,-1.4,7.46,4.52,514.9641,5.9145,-0.0735675
5/7/12 9:00,706.1961,318.8,412.9643,289.71,0.99,-1.14,8.02,5.28,519.0927,5.6734,-0.24697331
5/7/12 9:30,708.2211,311.7,402.92,290.3462,1.41,-1.25,11.51,8.59,494.1785,7.0073,-0.11679634
5/7/12 10:00,710.2461,307.7,412.8823,291.1117,1.19,-0.92,10.16,8.04,454.7245,5.082,0.2232413
5/7/12 10:30,712.2961,267.9,412.8208,292.0584,0.63,0.02,4.76,4.76,352.7266,1.8222,-0.10793362
5/7/12 11:00,714.3461,306.3,412.7552,292.9527,0.43,-0.31,4.38,3.53,218.3837,1.1338,-0.08342266
5/7/12 11:30,716.3961,252.9,412.6855,293.4275,0.77,0.24,7.33,7.01,122.8772,0.9569,-0.15916545
5/7/12 12:00,718.4461,237.4,412.6691,294.1711,0.97,0.62,11.58,9.76,0.0,0.0,-0.10053648
5/7/12 12:30,720.4961,214.3,412.6117,295.215,1.19,1.75,23.07,13.0,-123.7572,-3.0109,-0.10485821
5/7/12 13:00,722.5211,198.7,402.404,295.6951,0.65,1.91,27.66,8.87,-230.8681,-7.1596,-0.07053825
5/7/12 13:30,724.5211,176.0,402.332,296.1633,-0.18,2.64,39.57,-2.76,-326.5709,-15.1438,0.047898501
5/7/12 14:00,726.4961,160.7,392.1333,296.3475,-0.79,2.26,34.47,-11.39,-402.6895,-17.2368,0.11518651
5/7/12 14:30,728.4961,138.8,412.0787,296.8893,-2.4,2.74,53.3,-35.11,-458.1405,-32.4475,-0.42764932
5/7/12 15:00,730.6461,115.3,452.2455,296.2831,-4.58,2.17,71.79,-64.9,-451.7359,-50.7612,-0.12876909
5/7/12 15:30,732.8961,135.1,452.25,296.2311,-4.05,4.06,77.69,-54.84,-449.8488,-61.6339,-0.44634989
5/7/12 16:00,735.1211,124.3,442.1736,296.0586,-4.2,2.87,62.41,-51.56,-406.5894,-54.0525,-0.12144696
5/7/12 16:30,737.2711,127.9,422.0286,295.7737,-3.6,2.8,54.38,-42.91,-339.9969,-50.2423,0.17822953
5/7/12 17:00,739.3461,135.4,412.0336,295.5017,-3.05,3.09,49.89,-35.03,-243.0115,-48.1854,-0.18202619
5/7/12 17:30,741.3711,126.9,401.98,295.0818,-3.11,2.34,38.71,-30.96,-162.2946,-38.3812,-0.41426292
5/7/12 18:00,743.3461,110.2,391.9305,294.5062,-3.26,1.2,30.92,-29.02,-65.473,-30.921,0.13706058
5/7/12 18:30,745.2711,94.1,381.9646,293.5726,-3.01,0.22,20.69,-20.64,-14.5851,-20.5111,0.12617259
5/7/12 19:00,747.1711,96.4,382.0368,292.7118,-3.14,0.35,15.61,-15.51,0.0,-15.0768,0.12617259
5/7/12 19:30,749.0711,92.5,382.0786,292.2691,-2.86,0.12,12.64,-12.62,0.0,-11.6741,0.15494181
5/7/12 20:00,750.9711,88.6,382.2002,291.8459,-2.67,-0.07,11.06,-11.06,0.0,-9.5793,0.16168117
5/7/12 20:30,752.8461,85.1,372.2644,291.5389,-2.66,-0.23,10.32,-10.28,0.0,-8.1882,0.16168117
5/7/12 21:00,754.7211,77.6,382.4282,291.3731,-2.57,-0.56,9.66,-9.43,0.0,-6.8299,0.16168117
5/7/12 21:30,756.6211,75.3,382.4472,290.7578,-2.81,-0.74,10.19,-9.85,0.0,-6.2006,0.29566634
5/7/12 22:00,758.4961,72.7,372.3717,290.4304,-2.16,-0.67,7.32,-6.99,0.0,-3.6601,0.29566634
5/7/12 22:30,760.3211,62.3,362.3184,290.2986,-1.59,-0.84,5.5,-4.87,0.0,-2.1055,0.22673215
5/7/12 23:00,762.1211,79.7,362.3004,289.9994,-1.76,-0.32,5.04,-4.96,0.0,-1.3044,0.24982369
5/7/12 23:30,763.9211,59.6,362.2968,289.9607,-1.23,-0.72,3.76,-3.24,0.0,-0.4904,0.26170412
5/8/12 0:00,765.7211,20.8,362.2572,289.7566,-0.33,-0.88,2.15,-0.76,0.0,0.0,0.26958594
5/8/12 0:30,767.5211,353.7,362.1888,289.5327,0.13,-1.14,2.32,0.25,0.0,0.3029,0.29554517
5/8/12 1:00,769.3211,345.7,362.0952,289.3997,0.27,-1.05,2.12,0.52,0.0,0.5485,0.29554517
5/8/12 1:30,771.1211,351.1,362.0772,288.8939,0.19,-1.19,2.2,0.34,0.0,0.8418,0.32887269
5/8/12 2:00,772.9211,0.6,362.1204,288.8039,-0.01,-1.03,1.96,-0.02,0.0,0.9803,0.36061346
5/8/12 2:30,774.7211,5.9,362.1168,288.6909,-0.06,-0.57,1.03,-0.11,0.0,0.6294,0.36061346
5/8/12 3:00,776.5211,319.7,362.0988,288.709,0.39,-0.46,1.12,0.72,0.0,0.7923,0.39779534
5/8/12 3:30,778.2961,328.7,352.0965,288.5478,0.7,-1.15,3.21,1.67,0.0,2.546,0.40492129
5/8/12 4:00,780.0461,321.8,352.135,288.5806,0.61,-0.77,2.54,1.57,0.0,2.1992,0.40492129
5/8/12 4:30,781.7961,335.6,352.1455,288.5815,0.36,-0.8,2.52,1.04,0.0,2.3311,0.41215687
5/8/12 5:00,783.5461,325.6,352.2435,288.6132,0.38,-0.55,1.98,1.12,2.3327,1.9079,0.419479
5/8/12 5:30,785.2961,345.8,352.2995,288.5188,0.17,-0.69,2.51,0.62,29.551,2.4912,0.199642
5/8/12 6:00,787.0711,316.0,362.412,288.5179,0.28,-0.29,1.45,1.01,92.249,1.4488,0.14304407
5/8/12 6:30,788.8711,306.2,362.466,288.6879,0.23,-0.17,1.0,0.81,159.6712,0.9947,-0.016353911
5/8/12 7:00,790.6961,303.6,372.5604,289.1081,0.87,-0.58,3.85,3.21,295.4323,3.7195,0.06089658
5/8/12 7:30,792.5211,315.7,362.556,289.8961,1.1,-1.13,6.41,4.48,362.1414,5.9238,-0.28082013
5/8/12 8:00,794.3211,320.3,362.574,290.6914,1.02,-1.22,7.04,4.49,426.3634,6.0934,0.01691187
5/8/12 8:30,796.0961,322.9,352.5375,291.5719,1.29,-1.7,10.11,6.1,463.9768,8.0232,0.20572358
5/8/12 9:00,797.8211,321.7,342.499,292.4169,1.5,-1.9,13.43,8.33,464.9432,9.4997,0.22697449
5/8/12 9:30,799.5211,329.8,342.4344,293.1318,0.92,-1.58,11.32,5.7,448.8027,6.8935,0.050489231
5/8/12 10:00,801.2461,310.5,352.457,293.7053,1.31,-1.12,11.54,8.78,401.3345,5.7708,-0.009640516
5/8/12 10:30,802.9961,259.5,352.3905,294.3831,1.08,0.2,7.97,7.84,321.5597,3.0497,-0.13662206
5/8/12 11:00,804.7461,240.0,352.345,295.1601,0.45,0.26,4.27,3.7,224.3011,1.1056,-0.07758342
5/8/12 11:30,806.4961,216.6,352.233,295.9939,0.58,0.79,9.13,5.44,101.8705,1.1913,0.054783265
5/8/12 12:00,808.2461,216.9,352.107,296.513,0.51,0.68,8.72,5.24,0.0,0.0,0.020564857
5/8/12 12:30,809.9961,243.1,352.093,297.1298,1.34,0.68,18.87,16.83,-100.392,-2.4632,-0.051596494
5/8/12 13:00,811.7461,200.0,352.0685,297.4556,0.38,1.05,19.02,6.51,-201.84,-4.9232,0.030098628
5/8/12 13:30,813.4961,226.3,352.0055,297.7989,0.58,0.55,12.98,9.38,-241.5903,-4.9661,0.44760198
5/8/12 14:00,815.2461,209.3,351.967,298.0775,0.53,0.94,17.72,8.67,-240.107,-8.8587,-0.22939789
5/8/12 14:30,817.0211,172.6,361.9656,298.3277,-0.14,1.1,18.35,-2.36,-251.3905,-11.1732,0.56273656
5/8/12 15:00,818.8211,158.4,361.9584,298.5346,-0.43,1.09,19.94,-7.34,-223.3086,-14.0999,0.02095087
5/8/12 15:30,820.5961,160.4,351.82,298.4971,-0.51,1.44,24.9,-8.35,-127.0714,-19.7584,0.38317416
5/8/12 16:00,822.3711,128.0,361.7064,298.3848,-2.07,1.61,41.44,-32.66,-125.5338,-35.891,0.34377083
5/8/12 16:30,824.1961,0.0,371.85,298.3371,0.0,0.0,0.0,0.0,-154.2934,0.0,0.38317416
5/8/12 17:00,826.0211,142.6,361.9152,298.3302,-1.32,1.72,33.07,-20.09,-112.7747,-31.9457,0.4003226
5/8/12 17:30,827.8461,131.2,371.9277,298.1084,-2.32,2.03,37.85,-28.48,-66.6707,-37.5293,0.08177244
5/8/12 18:00,829.7211,143.0,382.1508,297.4192,-2.18,2.9,31.35,-18.87,-36.431,-31.3495,0.003216198
5/8/12 18:30,831.5961,153.5,372.2237,296.7475,-1.26,2.53,25.48,-11.37,-6.6229,-25.2591,0.44427269
5/8/12 19:00,833.4211,130.6,362.2176,295.9787,-2.0,1.71,24.91,-18.91,0.0,-24.0599,0.49473711
5/8/12 19:30,835.2211,120.1,362.3148,295.557,-1.8,1.05,14.61,-12.64,0.0,-13.4963,0.06979392
5/8/12 20:00,837.0211,124.9,362.4552,295.223,-1.52,1.06,10.82,-8.88,0.0,-9.3736,0.06979392
5/8/12 20:30,838.7961,117.1,352.492,294.8534,-1.2,0.61,7.0,-6.23,0.0,-5.5559,0.20725263
5/8/12 21:00,840.5461,107.6,352.506,294.4397,-1.09,0.35,5.14,-4.89,0.0,-3.631,0.20725263
5/8/12 21:30,842.2961,94.6,352.6075,294.061,-0.8,0.06,2.97,-2.96,0.0,-1.8051,0.20725263
5/8/12 22:00,844.0461,102.3,352.646,293.838,-0.96,0.21,3.31,-3.23,0.0,-1.6553,0.19919194
5/8/12 22:30,845.8211,97.5,362.6928,293.7356,-1.27,0.17,4.01,-3.97,0.0,-1.5327,0.19919194
5/8/12 23:00,847.6211,115.9,362.6568,293.4934,-1.24,0.6,3.83,-3.44,0.0,-0.9901,0.19919194
5/8/12 23:30,849.4211,70.6,362.6496,293.5476,-1.0,-0.35,2.8,-2.64,0.0,-0.3657,0.19919194
5/9/12 0:00,851.2211,83.9,362.538,293.3798,-1.44,-0.15,3.67,-3.65,0.0,0.0,0.19919194
5/9/12 0:30,853.0211,71.7,362.5128,293.0474,-1.23,-0.41,2.93,-2.78,0.0,0.3823,0.19919194
5/9/12 1:00,854.8211,106.5,362.4804,292.6193,-1.18,0.35,2.28,-2.19,0.0,0.5913,0.19572994
5/9/12 1:30,856.6211,82.1,362.538,292.4848,-1.07,-0.15,1.78,-1.76,0.0,0.6809,0.19572994
5/9/12 2:00,858.4211,65.9,362.6064,292.4408,-0.99,-0.44,1.71,-1.56,0.0,0.8539,0.19572994
5/9/12 2:30,860.2211,76.9,362.556,292.3884,-1.83,-0.42,3.13,-3.04,0.0,1.9028,0.19572994
5/9/12 3:00,862.0211,48.6,362.5884,292.4023,-1.03,-0.9,2.46,-1.84,0.0,1.738,0.19572994
5/9/12 3:30,863.8211,50.5,362.5704,292.1648,-1.08,-0.89,2.23,-1.72,0.0,1.7688,0.19572994
5/9/12 4:00,865.6211,46.7,362.574,291.8499,-0.71,-0.67,1.3,-0.95,0.0,1.1266,0.19572994
5/9/12 4:30,867.4211,37.5,362.6964,291.6395,-0.09,-0.12,0.17,-0.11,0.0,0.16,0.19572994
5/9/12 5:00,869.2211,46.5,362.7612,291.6835,-0.68,-0.65,1.39,-1.01,2.8601,1.3417,0.19572994
5/9/12 5:30,871.0461,57.9,372.8305,291.6232,-1.58,-0.99,3.08,-2.61,25.9243,3.0503,0.02202986
5/9/12 6:00,872.8961,59.7,372.9711,291.7718,-1.49,-0.87,2.73,-2.36,56.733,2.7294,-0.038815367
5/9/12 6:30,874.7711,81.6,383.1464,291.9805,-1.96,-0.29,3.83,-3.78,116.2776,3.7927,0.19257952
5/9/12 7:00,876.6711,90.1,383.2604,292.0941,-2.18,0.0,4.71,-4.71,127.0299,4.5525,0.13206376
5/9/12 7:30,878.5461,52.4,373.1376,292.2244,-1.56,-1.2,4.88,-3.87,125.084,4.51,0.42889564
5/9/12 8:00,880.3961,62.6,373.1265,292.2397,-1.88,-0.97,7.33,-6.51,128.8732,6.3504,0.13206376
5/9/12 8:30,882.2461,81.6,373.1857,292.3711,-1.61,-0.24,6.35,-6.28,157.1197,5.0387,0.12519169
5/9/12 9:00,884.0961,67.4,373.1931,292.5884,-1.19,-0.5,4.99,-4.6,165.8667,3.5264,0.5405336
5/9/12 9:30,885.9461,22.6,373.1709,292.9491,-0.32,-0.77,3.35,-1.29,211.5714,2.0412,0.08065883
5/9/12 10:00,887.7961,285.3,373.219,293.4037,0.41,-0.11,1.94,1.87,170.8065,0.9682,-0.14097264
5/9/12 10:30,889.6211,306.7,363.0996,293.502,0.38,-0.28,2.18,1.75,89.2399,0.8343,0.17282881
5/9/12 11:00,891.4211,285.6,363.0024,293.7575,0.44,-0.12,2.17,2.09,73.7215,0.5627,0.021977353
5/9/12 11:30,893.2461,49.3,372.9489,294.2179,-0.31,-0.27,2.22,-1.68,47.3375,0.2894,0.02768446
5/9/12 12:00,895.0961,178.7,372.9119,294.8779,-0.01,0.66,4.33,-0.1,0.0,0.0,0.43034968
5/9/12 12:30,896.9211,224.1,362.736,295.3013,0.59,0.6,5.92,4.12,-64.7291,-0.7726,0.36250602
5/9/12 13:00,898.7211,208.9,362.646,295.3825,0.88,1.6,11.72,5.67,-59.8074,-3.0344,-0.011024162
5/9/12 13:30,900.5211,205.4,362.556,295.31,0.71,1.5,11.2,4.8,-99.8015,-4.2847,0.051949041
5/9/12 14:00,902.3211,210.6,362.4732,295.4745,0.71,1.2,11.53,5.87,-129.568,-5.7664,0.06096005
5/9/12 14:30,904.1211,258.8,362.376,295.4902,0.5,0.1,4.53,4.45,-159.9003,-2.7604,0.10594297
5/9/12 15:00,905.9211,342.7,362.2248,295.579,0.27,-0.87,7.72,2.29,-200.6896,-5.4557,-0.007993758
5/9/12 15:30,907.6961,329.6,352.0615,295.9126,0.95,-1.62,16.83,8.52,-149.4598,-13.3557,-0.11962364
5/9/12 16:00,909.4211,331.1,342.0434,295.9723,1.32,-2.38,22.16,10.71,-101.4133,-19.1909,0.08556333
5/9/12 16:30,911.0961,323.2,332.0526,295.6553,1.74,-2.32,20.74,12.42,-122.1165,-19.1595,-0.10009219
5/9/12 17:00,912.7711,325.9,342.1692,295.5165,1.05,-1.55,13.71,7.68,-43.6608,-13.2402,0.23121544
5/9/12 17:30,914.4711,317.4,342.2406,295.3822,1.43,-1.55,14.81,10.02,-21.4162,-14.6827,0.002048408
5/9/12 18:00,916.1711,312.3,342.3426,295.0406,1.66,-1.51,13.34,9.87,-8.612,-13.3425,0.06979392
5/9/12 18:30,917.8711,316.9,342.4106,294.5004,1.68,-1.8,11.8,8.06,-2.782,-11.6995,0.20725263
5/9/12 19:00,919.5711,319.0,342.482,294.0391,1.47,-1.69,9.31,6.11,0.0,-8.9971,0.20725263
5/9/12 19:30,921.2461,333.6,332.442,292.5778,1.43,-2.87,11.16,4.96,0.0,-10.3113,0.19919194
5/9/12 20:00,922.8961,334.6,332.5608,291.7985,1.21,-2.55,9.56,4.1,0.0,-8.2815,0.19572994
5/9/12 20:30,924.5711,351.6,342.8322,291.5198,0.33,-2.26,6.9,1.01,0.0,-5.4736,0.19572994
5/9/12 21:00,926.2211,,322.72,290.8116,,,2.01,,0.0,-1.4189,0.26273118
5/9/12 21:30,927.8961,,352.989,290.0194,,,1.25,,0.0,-0.7612,0.29624334
5/9/12 22:00,929.7211,,383.0932,289.776,,,1.42,,0.0,-0.71,0.29624334
5/9/12 22:30,931.6461,,393.0732,289.6735,,,1.69,,0.0,-0.6476,0.16572594
5/9/12 23:00,933.5961,,392.9718,289.4756,,,1.57,,0.0,-0.4058,0.50821583
5/9/12 23:30,935.5711,,402.888,289.3154,,,1.54,,0.0,-0.2007,0.54378788
5/10/12 0:00,937.5711,,402.752,289.1384,,,1.49,,0.0,0.0,0.57196279
5/10/12 0:30,939.5461,,392.6949,289.209,,,1.73,,0.0,0.226,0.55210822
5/10/12 1:00,941.4961,,392.6871,289.1842,,,1.66,,0.0,0.4288,0.55210822
5/10/12 1:30,943.4711,336.5,402.696,289.1764,0.46,-1.06,1.18,0.47,0.0,0.4517,0.5800004
5/10/12 2:00,945.4461,346.2,392.6013,289.2517,0.39,-1.59,1.98,0.47,0.0,0.9889,0.5800004
5/10/12 2:30,947.3961,,392.6364,289.1163,,,1.69,,0.0,1.031,0.5800004
5/10/12 3:00,949.3461,47.7,392.6754,289.1491,-0.63,-0.57,0.88,-0.65,0.0,0.6193,0.5800004
5/10/12 3:30,951.2961,43.8,392.6481,288.9346,-0.66,-0.69,0.79,-0.55,0.0,0.6292,0.5800004
5/10/12 4:00,953.2461,85.7,392.6442,288.6112,-1.03,-0.08,0.8,-0.8,0.0,0.6942,0.5800004
5/10/12 4:30,955.1961,340.3,392.6364,288.5134,0.01,-0.03,0.02,0.01,0.0,0.0202,0.5800004
5/10/12 5:00,957.1461,99.1,392.5623,287.8621,-1.0,0.16,0.51,-0.5,6.2022,0.4936,0.54122023
5/10/12 5:30,959.0961,102.1,392.3946,288.1249,-1.68,0.36,1.42,-1.39,42.9177,1.4087,0.32862458
5/10/12 6:00,961.0211,119.9,382.5118,288.0134,-0.44,0.25,0.35,-0.3,76.251,0.3466,0.48719572
5/10/12 6:30,962.9211,66.4,382.6182,288.3429,-1.08,-0.47,1.0,-0.91,84.1479,0.9899,0.5780963
5/10/12 7:00,964.8211,45.8,382.6752,288.4022,-0.35,-0.34,0.52,-0.37,126.9188,0.503,0.15119708
5/10/12 7:30,966.7211,322.9,382.7398,288.6891,0.29,-0.38,0.68,0.41,133.0525,0.6289,0.1636949
5/10/12 8:00,968.6211,142.5,382.698,289.0043,-0.22,0.29,0.69,-0.42,297.5923,0.5998,0.013860694
5/10/12 8:30,970.5211,93.2,382.6334,289.4032,-0.54,0.03,1.16,-1.16,345.476,0.9211,-0.16119649
5/10/12 9:00,972.4211,232.4,382.5384,289.8975,0.19,0.15,0.67,0.53,439.2088,0.4706,-0.034394393
5/10/12 9:30,974.3211,329.8,382.4434,290.4906,0.05,-0.08,0.38,0.19,463.1268,0.2305,-0.12604565
5/10/12 10:00,976.2211,276.7,382.2952,291.2495,0.05,-0.01,0.24,0.24,408.909,0.1193,-0.008125314
5/10/12 10:30,978.0961,254.1,372.183,291.9705,0.92,0.26,5.01,4.82,331.2603,1.9178,-0.12125078
5/10/12 11:00,979.9711,202.3,382.166,292.5955,0.18,0.43,3.15,1.19,227.3596,0.8145,-0.34753287
5/10/12 11:30,981.8711,16.9,381.9494,293.1017,-0.29,-0.96,7.6,-2.21,115.1349,0.9921,-0.031774236
5/10/12 12:00,983.7461,245.7,371.7094,293.6677,0.5,0.23,4.79,4.37,0.0,0.0,-0.52134258
5/10/12 12:30,985.5961,241.4,371.5318,294.2852,0.43,0.24,4.82,4.24,-118.611,-0.6297,-0.10578141
5/10/12 13:00,987.4461,240.7,371.3283,294.7604,0.68,0.38,8.79,7.66,-233.2723,-2.2743,-0.11868313
5/10/12 13:30,989.3211,63.7,381.1324,295.0485,-1.58,-0.78,16.78,-15.04,-287.4768,-6.4211,0.42542787
5/10/12 14:00,991.2461,66.8,391.1349,293.5956,-4.42,-1.89,27.74,-25.5,-76.2135,-13.8716,0.13206376
5/10/12 14:30,993.1961,,391.5756,290.4612,,,6.2,,-6.7944,-3.7724,0.22261237
5/10/12 15:00,995.1461,,391.794,288.9017,,,5.91,,-11.6701,-4.1803,0.08644037
5/10/12 15:30,997.1461,,411.9926,288.5447,,,4.91,,-21.9132,-3.893,0.24002046
5/10/12 16:00,999.1961,,411.6441,288.5479,,,3.3,,-40.7049,-2.8584,0.4173441
5/10/12 16:30,1001.2461,145.6,411.8122,288.685,-0.87,1.27,2.65,-1.5,-126.3119,-2.4477,0.17470983
5/10/12 17:00,1003.2711,192.6,401.648,288.9376,0.4,1.79,3.81,0.83,-79.883,-3.6806,0.53539253
5/10/12 17:30,1005.2711,139.4,401.58,288.938,-1.32,1.54,4.2,-2.74,-109.7579,-4.1682,0.6937271
5/10/12 18:00,1007.2711,97.0,401.632,289.088,-1.96,0.24,4.37,-4.33,-90.044,-4.3658,0.53539253
5/10/12 18:30,1009.2711,82.6,401.62,288.8413,-1.73,-0.23,3.13,-3.1,-22.0656,-3.0987,0.20369254
5/10/12 19:00,1011.2711,106.3,401.716,288.5126,-1.8,0.53,2.35,-2.25,0.0,-2.2693,0.57126462
5/10/12 19:30,1013.2711,93.5,401.812,288.4013,-1.82,0.11,2.06,-2.06,0.0,-1.9049,0.5922905
5/10/12 20:00,1015.2711,102.7,401.908,288.3929,-1.2,0.27,1.34,-1.31,0.0,-1.1594,0.5922905
5/10/12 20:30,1017.2711,88.5,401.984,288.3325,-1.24,-0.03,1.24,-1.24,0.0,-0.9802,0.5922905
5/10/12 21:00,1019.2711,180.1,402.108,288.1591,0.0,0.59,0.57,0.0,0.0,-0.4041,0.5922905
5/10/12 21:30,1021.2711,216.2,402.116,288.4281,0.73,1.0,1.46,0.86,0.0,-0.8861,0.5922905
5/10/12 22:00,1023.2711,187.1,402.116,288.311,0.13,1.01,1.2,0.15,0.0,-0.5983,0.5922905
5/10/12 22:30,1025.2711,220.9,402.076,288.4167,0.97,1.12,1.89,1.24,0.0,-0.7251,0.5922905
5/10/12 23:00,1027.2461,234.5,391.9305,288.2417,1.23,0.87,4.06,3.31,0.0,-1.0509,0.5922905
5/10/12 23:30,1029.1961,292.7,391.8642,288.0486,0.64,-0.27,1.99,1.83,0.0,-0.2592,0.5922905
5/11/12 0:00,1031.1461,156.9,391.8408,287.4639,-0.05,0.13,0.25,-0.1,0.0,0.0,0.55506823
5/11/12 0:30,1033.0961,97.4,391.8057,286.52,-0.27,0.03,0.29,-0.28,0.0,0.0373,0.45585885
5/11/12 1:00,1035.0211,268.4,381.691,286.6824,1.02,0.03,2.76,2.76,0.0,0.7138,0.56751989
5/11/12 1:30,1036.9211,273.6,381.5542,286.2014,2.0,-0.13,6.13,6.12,0.0,2.3474,0.3833011
5/11/12 2:00,1038.7711,278.5,361.3896,286.0341,2.9,-0.43,10.77,10.66,0.0,5.3868,0.3833011
5/11/12 2:30,1040.5961,263.3,371.4023,285.9471,2.25,0.26,8.81,8.75,0.0,5.3649,0.3833011
5/11/12 3:00,1042.4211,303.4,361.3464,286.005,2.15,-1.42,10.8,9.02,0.0,7.6389,0.3833011
5/11/12 3:30,1044.2211,315.5,361.3032,285.7133,1.58,-1.61,8.37,5.86,0.0,6.6377,0.41057589
5/11/12 4:00,1046.0461,327.6,371.3542,285.4568,0.84,-1.33,5.45,2.92,0.0,4.7219,0.41057589
5/11/12 4:30,1047.8961,358.2,371.3616,284.2627,0.02,-0.77,1.68,0.05,0.0,1.5481,0.24238039
5/11/12 5:00,1049.7461,37.0,371.4171,284.1051,-0.31,-0.41,0.95,-0.57,6.4746,0.9142,0.22034476
5/11/12 5:30,1051.5961,251.6,371.4874,284.1193,0.14,0.05,0.31,0.3,34.5132,0.3106,0.003216198
5/11/12 6:00,1053.4461,253.9,371.5614,285.1424,0.8,0.23,2.27,2.18,81.427,2.2671,0.07686794
5/11/12 6:30,1055.2711,281.3,361.5552,285.9156,1.67,-0.33,6.47,6.34,249.045,6.4132,0.06907844
5/11/12 7:00,1057.0461,305.7,351.547,286.9452,1.88,-1.35,10.57,8.59,345.8053,10.2125,0.024773495
5/11/12 7:30,1058.7461,306.5,331.5147,287.7619,2.5,-1.85,16.69,13.42,430.7921,15.4197,0.09304125
5/11/12 8:00,1060.3961,297.6,331.5378,288.6837,2.86,-1.49,19.53,17.3,498.3942,16.9094,-0.28977517
5/11/12 8:30,1062.0211,296.3,321.4912,289.4676,2.74,-1.36,21.07,18.89,549.3274,16.7187,0.14093225
5/11/12 9:00,1063.6461,299.8,331.5048,290.0699,2.46,-1.41,22.72,19.71,535.9233,16.0635,0.034136474
5/11/12 9:30,1065.2961,302.0,331.4883,290.553,1.68,-1.05,17.39,14.74,503.022,10.5836,-0.0769141
5/11/12 10:00,1066.9711,277.2,341.496,290.9857,1.29,-0.16,12.28,12.18,444.071,6.1387,-0.030303463
5/11/12 10:30,1068.6711,325.1,341.4586,291.4077,0.85,-1.21,14.7,8.41,299.6641,5.6261,-0.10488706
5/11/12 11:00,1070.3711,353.5,341.3906,291.7642,0.11,-1.0,10.78,1.22,179.7095,2.7895,0.18352062
5/11/12 11:30,1072.0461,303.0,331.2969,292.0407,1.29,-0.84,16.84,14.12,127.7055,2.1983,-0.049069811
5/11/12 12:00,1073.6961,267.7,331.2144,292.5958,1.56,0.06,17.42,17.41,0.0,0.0,0.07117872
5/11/12 12:30,1075.3461,267.2,331.1154,293.1645,1.21,0.06,14.03,14.02,-136.0853,-1.8318,-0.12752854
5/11/12 13:00,1076.9711,294.2,320.9888,293.3228,1.15,-0.52,15.0,13.68,-216.8973,-3.8822,0.07908362
5/11/12 13:30,1078.5461,253.6,310.8525,293.9442,3.0,0.88,38.69,37.12,-300.6151,-14.8059,-0.17795834
5/11/12 14:00,1079.9711,267.9,260.6526,294.0724,4.96,0.18,61.65,61.61,-347.9865,-30.8264,0.038459358
5/11/12 14:30,1081.2711,288.8,260.6214,293.8124,4.15,-1.41,54.7,51.78,-193.5776,-33.2981,0.025317606
5/11/12 15:00,1082.5461,290.1,250.5925,293.816,4.05,-1.48,55.84,52.44,-440.6711,-39.4851,-0.19271223
5/11/12 15:30,1083.7711,295.7,240.5544,294.0437,3.88,-1.87,55.22,49.76,-442.0795,-43.8088,-0.12808823
5/11/12 16:00,1084.9461,300.2,230.552,293.7401,3.73,-2.17,53.35,46.11,-282.8898,-46.202,-0.06638385
5/11/12 16:30,1086.1211,300.0,240.6216,293.4999,3.53,-2.04,48.35,41.88,-224.3087,-44.6736,-0.006533371
5/11/12 17:00,1087.4461,49.1,290.8903,292.4365,-2.11,-1.82,20.38,-15.4,-105.7186,-19.6835,0.18912906
5/11/12 17:30,1088.8961,104.4,290.9193,291.7233,-2.07,0.53,13.27,-12.85,-40.1823,-13.1545,0.013790877
5/11/12 18:00,1090.3461,125.3,291.0179,291.3722,-0.97,0.68,6.49,-5.3,-21.143,-6.4931,0.27531555
5/11/12 18:30,1091.7961,105.6,291.16,291.1125,-1.66,0.46,9.35,-9.0,-22.6277,-9.2679,0.013790877
5/11/12 19:00,1093.2461,98.1,291.2731,290.8138,-1.58,0.22,8.89,-8.81,-0.6945,-8.5914,0.19572994
5/11/12 19:30,1094.6961,98.6,291.3572,290.5016,-1.52,0.23,7.93,-7.85,0.0,-7.3308,0.26273118
5/11/12 20:00,1096.1461,92.8,291.5022,290.039,-1.6,0.08,6.57,-6.56,0.0,-5.6892,0.29624334
5/11/12 20:30,1097.5961,101.9,291.5892,289.8052,-1.78,0.38,6.39,-6.26,0.0,-5.0721,0.29624334
5/11/12 21:00,1099.0461,84.1,291.6559,289.6352,-1.82,-0.19,6.5,-6.47,0.0,-4.5977,0.29624334
5/11/12 21:30,1100.4961,86.0,291.6675,289.4242,-1.74,-0.12,6.17,-6.15,0.0,-3.7551,0.16572594
5/11/12 22:00,1101.9461,88.4,291.682,289.1471,-1.25,-0.03,4.02,-4.02,0.0,-2.009,0.57126462
5/11/12 22:30,1103.3961,69.0,291.6994,288.9612,-0.72,-0.28,2.38,-2.23,0.0,-0.9126,0.57126462
5/11/12 23:00,1104.8461,78.0,291.6907,288.7997,-0.62,-0.13,1.79,-1.75,0.0,-0.4641,0.57126462
5/11/12 23:30,1106.2961,348.6,291.6849,288.3934,0.05,-0.24,0.59,0.12,0.0,-0.0768,0.57126462
5/12/12 0:00,1107.7461,95.2,291.6501,287.9377,-0.64,0.06,1.33,-1.33,0.0,0.0,0.5922905
5/12/12 0:30,1109.1961,111.6,291.5834,287.4548,-0.88,0.35,1.73,-1.61,0.0,0.2255,0.54473416
5/12/12 1:00,1110.6211,254.3,281.4672,287.6633,1.31,0.37,7.2,6.93,0.0,1.8644,0.5922905
5/12/12 1:30,1112.0211,259.6,281.4672,286.9133,1.29,0.24,6.11,6.01,0.0,2.3401,0.5124914
5/12/12 2:00,1113.4211,290.4,281.4392,286.4563,0.52,-0.19,2.35,2.2,0.0,1.1763,0.53163049
5/12/12 2:30,1114.8211,257.7,281.4028,285.9328,1.39,0.3,5.26,5.14,0.0,3.1996,0.25694964
5/12/12 3:00,1116.2211,276.1,281.3916,285.659,1.32,-0.14,4.51,4.48,0.0,3.1891,0.41057589
5/12/12 3:30,1117.5961,288.9,271.3689,285.4915,1.81,-0.62,6.88,6.51,0.0,5.462,0.41057589
5/12/12 4:00,1118.9461,308.2,271.3608,285.3382,1.35,-1.07,6.24,4.9,0.0,5.4046,0.3569899
5/12/12 4:30,1120.3211,320.7,281.428,285.1106,0.8,-0.98,4.31,2.73,0.0,3.9776,0.24150335
5/12/12 5:00,1121.7211,350.6,281.4728,284.8678,0.13,-0.81,2.72,0.44,8.6528,2.6225,0.22034476
5/12/12 5:30,1123.0961,319.1,271.4445,285.0859,1.3,-1.5,7.24,4.74,58.6806,7.1789,0.06666658
5/12/12 6:00,1124.4211,328.1,261.3364,285.5717,1.3,-2.09,10.44,5.52,147.396,10.4391,0.2641506
5/12/12 6:30,1125.7211,325.2,261.3572,286.2777,1.34,-1.93,11.31,6.45,240.6445,11.2115,0.09769187
5/12/12 7:00,1127.0211,317.9,261.3494,286.6007,1.63,-1.8,12.14,8.14,347.797,11.7284,0.024773495
5/12/12 7:30,1128.2711,311.9,241.2336,287.5671,2.31,-2.08,17.55,13.07,435.8522,16.2178,0.09304125
5/12/12 8:00,1129.3961,316.5,211.0773,288.4766,2.75,-2.9,27.18,18.71,500.7125,23.5368,-0.28977517
5/12/12 8:30,1130.4461,306.9,211.1109,289.2027,3.06,-2.3,28.93,23.13,435.5351,22.9506,0.0590271
5/12/12 9:00,1131.4961,303.1,211.1046,289.6874,3.49,-2.28,34.78,29.13,449.1168,24.5916,-0.035515504
5/12/12 9:30,1132.5461,303.8,211.0521,290.5799,3.2,-2.14,38.64,32.11,458.7023,23.525,-0.15124324
5/12/12 10:00,1133.6211,326.4,221.0538,290.956,1.75,-2.64,33.12,18.33,400.0315,16.5609,-0.006255257
5/12/12 10:30,1134.5711,308.9,160.7248,291.5366,4.27,-3.44,65.17,50.72,352.4162,24.9391,-0.38121236
5/12/12 11:00,1135.3211,305.1,140.6062,291.9745,4.6,-3.23,71.24,58.29,258.5478,18.4387,-0.25096615
5/12/12 11:30,1135.8211,310.2,60.2388,292.271,5.08,-4.29,88.24,67.4,132.2452,11.5175,-0.11763299
5/12/12 12:00,1136.0711,305.1,40.1384,292.388,5.64,-3.96,95.52,78.15,0.0,0.0,-0.008961964
5/12/12 12:30,1136.2211,305.3,20.0658,292.4846,5.3,-3.75,92.12,75.18,-130.165,-12.0239,-0.08076269
5/12/12 13:00,1136.3211,305.8,20.0608,292.5683,5.35,-3.86,94.63,76.75,-255.6099,-24.4917,-0.08703468
5/12/12 13:30,1136.3961,303.5,10.0303,292.8475,5.37,-3.55,92.42,77.07,-371.082,-35.3678,-0.18792313
5/12/12 14:00,1136.4461,300.9,10.0307,292.9001,5.73,-3.43,99.05,84.99,-409.099,-49.527,-0.19882266
5/12/12 14:30,1136.4961,301.2,10.0313,292.6453,5.03,-3.05,86.55,74.03,-444.853,-52.6887,-0.17155364
5/12/12 15:00,1136.5961,301.3,30.0924,292.6067,4.39,-2.67,73.21,62.55,-515.3359,-51.7659,-0.3163114
5/12/12 15:30,1136.8211,301.8,60.1878,292.2498,4.46,-2.77,70.0,59.49,-507.6898,-55.5311,-0.09055438
5/12/12 16:00,1137.1461,295.9,70.231,292.1294,4.6,-2.23,67.69,60.89,-465.1197,-58.6177,0.018678644
5/12/12 16:30,1137.5461,299.8,90.3114,291.9351,4.31,-2.47,65.56,56.89,-395.4094,-60.5736,-0.013717021
5/12/12 17:00,1137.9461,304.7,70.2653,291.2095,4.88,-3.38,76.93,63.24,-332.1896,-74.3056,-0.020533122
5/12/12 17:30,1138.3461,306.3,90.3798,290.7828,3.6,-2.64,54.53,43.95,-228.766,-54.0657,-0.005072869
5/12/12 18:00,1138.8961,306.4,130.6006,290.506,2.66,-1.96,39.06,31.44,-132.271,-39.0569,0.36839142
5/12/12 18:30,1139.6211,301.4,160.7824,290.1062,2.45,-1.49,32.02,27.33,-41.8112,-31.7453,0.06666658
5/12/12 19:00,1140.4461,311.9,170.901,289.2202,2.3,-2.06,31.0,23.07,-0.8519,-29.9419,0.24238039
5/12/12 19:30,1141.3211,312.9,181.0206,288.5767,2.1,-1.96,26.26,19.24,0.0,-24.2657,0.30514645
5/12/12 20:00,1142.2461,303.7,191.1818,287.9522,2.35,-1.57,24.59,20.46,0.0,-21.2977,0.33052291
5/12/12 20:30,1143.2461,290.3,211.4259,287.4571,1.85,-0.68,15.44,14.48,0.0,-12.2454,0.7975294
5/12/12 21:00,1144.3211,261.8,221.5356,286.962,2.47,0.36,20.6,20.38,0.0,-14.563,0.787028
5/12/12 21:30,1145.4211,268.9,221.5774,286.4472,2.02,0.04,15.58,15.58,0.0,-9.4834,0.7465803
5/12/12 22:00,1146.5711,238.8,241.7376,285.8485,1.23,0.75,9.74,8.33,0.0,-4.8696,0.6145627
5/12/12 22:30,1147.7711,274.0,241.7784,285.4545,1.99,-0.14,12.4,12.37,0.0,-4.7466,0.41057589
5/12/12 23:00,1148.9711,281.8,241.8,285.2886,1.99,-0.42,12.53,12.27,0.0,-3.2434,0.41057589
5/12/12 23:30,1150.1961,280.0,251.8775,285.4872,2.48,-0.44,17.74,17.47,0.0,-2.3151,0.48836703
5/13/12 0:00,1151.4711,304.0,261.9552,284.8309,0.99,-0.67,7.05,5.85,0.0,0.0,0.24150335
5/13/12 0:30,1152.7961,349.8,271.9521,283.7806,0.17,-0.94,4.32,0.77,0.0,0.5639,0.37616361
5/13/12 1:00,1154.1711,24.2,281.9684,282.9255,-0.21,-0.47,1.86,-0.76,0.0,0.4805,0.37616361
5/13/12 1:30,1155.5961,337.1,292.0996,282.6671,0.17,-0.4,1.12,0.44,0.0,0.4278,0.37616361
5/13/12 2:00,1157.0711,317.8,302.241,282.8354,0.76,-0.84,3.34,2.25,0.0,1.6723,0.37616361
5/13/12 2:30,1158.5711,308.7,302.346,282.9606,0.85,-0.68,3.32,2.59,0.0,2.0202,0.37616361
5/13/12 3:00,1160.0961,274.5,312.4831,282.699,0.31,-0.02,0.86,0.86,0.0,0.609,0.37616361
5/13/12 3:30,1161.6711,224.2,322.64,282.7103,0.49,0.5,2.23,1.56,0.0,1.7702,0.37616361
5/13/12 4:00,1163.2711,234.6,322.7456,282.4598,1.21,0.86,4.35,3.54,0.0,3.7641,0.37616361
5/13/12 4:30,1164.8711,19.0,322.7776,282.1608,-0.1,-0.28,0.68,-0.22,0.0,0.6294,0.37616361
5/13/12 5:00,1166.4961,57.3,332.9106,281.1418,-0.37,-0.24,0.55,-0.46,12.8246,0.5316,-0.01793316
5/13/12 5:30,1168.1711,48.6,343.0736,281.1086,-0.23,-0.2,0.41,-0.31,66.7639,0.4106,0.10877027
5/13/12 6:00,1169.8961,16.7,353.178,281.8529,-0.12,-0.4,0.78,-0.22,153.988,0.7821,0.35164688
5/13/12 6:30,1171.6461,8.2,353.1955,283.2469,-0.14,-1.0,3.42,-0.49,257.5615,3.3903,0.17065929
5/13/12 7:00,1173.3961,334.9,353.325,284.1255,0.12,-0.26,1.18,0.5,356.8932,1.1385,-0.40703311
5/13/12 7:30,1175.1711,258.9,363.5028,284.7279,0.82,0.16,4.0,3.93,439.9274,3.6987,0.29980343
5/13/12 8:00,1176.9711,277.0,363.5856,285.32,1.09,-0.13,6.42,6.37,502.2229,5.5567,0.7994912
5/13/12 8:30,1178.7961,305.3,373.6593,286.2356,0.75,-0.53,5.62,4.58,533.2294,4.4555,0.025616492
5/13/12 9:00,1180.6711,351.1,383.7658,287.1154,0.14,-0.92,7.17,1.11,537.5716,5.0704,-0.15173946
5/13/12 9:30,1182.5961,56.0,393.8883,288.0081,-0.28,-0.19,2.88,-2.39,506.9041,1.7523,-0.019934196
5/13/12 10:00,1184.5461,255.6,393.8883,288.6192,1.02,0.26,9.55,9.25,448.2475,4.7758,0.014587137
5/13/12 10:30,1186.5211,243.6,403.976,289.0195,0.67,0.33,7.18,6.43,360.7901,2.7491,-0.034961584
5/13/12 11:00,1188.5211,259.7,403.924,289.7925,0.84,0.15,8.6,8.47,252.8872,2.2268,-0.10694118
5/13/12 11:30,1190.5211,294.9,403.852,290.4124,0.48,-0.22,5.75,5.22,130.3241,0.7511,-0.16941874
5/13/12 12:00,1192.5461,222.2,413.9401,291.339,0.92,1.02,16.75,11.25,0.0,0.0,-0.14601562
5/13/12 12:30,1194.5961,240.6,413.9114,291.8183,1.16,0.65,17.15,14.94,-113.8294,-2.2389,0.12295293
5/13/12 13:00,1196.6461,314.5,413.8253,292.0812,0.68,-0.66,12.69,9.05,-221.7212,-3.2856,-0.049603536
5/13/12 13:30,1198.6961,222.9,413.8376,292.7751,0.62,0.67,13.47,9.17,-365.1615,-5.1539,-0.37304204
5/13/12 14:00,1200.7461,227.9,413.7351,293.2746,0.78,0.71,15.81,11.73,-440.716,-7.9039,0.14460774
5/13/12 14:30,1202.7961,274.8,413.7146,293.3881,0.74,-0.06,11.18,11.14,-405.689,-6.8034,-0.06482595
5/13/12 15:00,1204.8461,190.5,413.6777,293.9114,0.17,0.9,14.04,2.56,-359.8311,-9.9279,-0.13388131
5/13/12 15:30,1206.8961,187.1,413.6613,294.078,0.16,1.29,20.24,2.5,-350.6241,-16.0569,-0.06758401
5/13/12 16:00,1208.9461,230.0,413.7269,294.0909,0.42,0.35,8.45,6.47,-293.7731,-7.3176,-0.020533122
5/13/12 16:30,1210.9961,222.8,413.8417,294.2413,0.66,0.72,15.19,10.32,-175.7126,-14.0324,0.25117964
5/13/12 17:00,1213.0461,173.8,413.8909,294.2982,-0.12,1.15,17.74,-1.92,-124.164,-17.1366,0.054306086
5/13/12 17:30,1215.1211,156.1,424.0614,294.2544,-0.98,2.2,35.31,-14.31,-76.5544,-35.009,-0.13320045
5/13/12 18:00,1217.2711,161.8,444.4132,293.369,-1.37,4.16,45.33,-14.16,-44.828,-45.3338,0.005551779
5/13/12 18:30,1219.4961,168.9,454.6575,292.8016,-0.72,3.68,35.56,-6.85,-29.1584,-35.2566,-0.0228492
5/13/12 19:00,1221.7211,177.0,444.7916,292.4613,-0.19,3.53,32.95,-1.72,-3.7362,-31.8288,0.5857127
5/13/12 19:30,1223.9461,168.4,455.0625,291.9865,-0.57,2.78,24.56,-4.94,0.0,-22.6873,0.5308977
5/13/12 20:00,1226.1711,166.5,445.1744,291.6178,-0.43,1.8,13.24,-3.09,0.0,-11.4702,0.34674238
5/13/12 20:30,1228.3961,152.7,455.2965,291.1794,-1.05,2.04,14.01,-6.43,0.0,-11.1138,0.21275144
5/13/12 21:00,1230.6461,145.9,455.481,290.5819,-0.77,1.13,7.3,-4.09,0.0,-5.1636,0.21275144
5/13/12 21:30,1232.8961,76.5,455.652,289.6885,-0.7,-0.17,3.06,-2.97,0.0,-1.8601,0.24077633
5/13/12 22:00,1235.1461,113.4,455.661,288.7707,-0.73,0.32,2.72,-2.5,0.0,-1.3601,0.57126462
5/13/12 22:30,1237.3961,71.9,455.697,288.555,-0.46,-0.15,1.52,-1.45,0.0,-0.5824,0.57126462
5/13/12 23:00,1239.6461,76.8,455.643,287.9524,-0.56,-0.13,1.49,-1.45,0.0,-0.3856,0.5922905
5/13/12 23:30,1241.8961,54.1,455.643,287.7348,-0.36,-0.26,1.05,-0.85,0.0,-0.1375,0.5771154
5/14/12 0:00,1244.1461,61.7,455.6295,287.3085,-0.75,-0.4,1.71,-1.5,0.0,0.0,0.5124914
5/14/12 0:30,1246.3961,80.4,455.5485,287.1066,-0.6,-0.1,1.32,-1.3,0.0,0.1721,0.51343768
5/14/12 1:00,1248.6461,65.5,455.4225,286.9618,-0.74,-0.34,1.69,-1.54,0.0,0.4381,0.53273256
5/14/12 1:30,1250.9211,64.3,465.5614,286.7353,-0.68,-0.33,1.44,-1.3,0.0,0.5516,0.56751989
5/14/12 2:00,1253.2211,75.0,465.704,286.9518,-1.04,-0.28,2.42,-2.34,0.0,1.2111,0.53273256
5/14/12 2:30,1255.5211,75.5,465.7914,286.7478,-0.8,-0.21,1.65,-1.59,0.0,1.0018,0.56751989
5/14/12 3:00,1257.8211,111.3,465.8098,286.3121,-0.65,0.25,1.16,-1.08,0.0,0.8216,0.3833011
5/14/12 3:30,1260.1211,83.6,465.9616,286.2126,-0.79,-0.09,1.26,-1.25,0.0,0.9965,0.3833011
5/14/12 4:00,1262.4461,79.8,476.1805,286.1562,-0.66,-0.12,0.98,-0.97,0.0,0.8498,0.25694964
5/14/12 4:30,1264.7961,75.6,476.1194,286.258,-0.63,-0.16,0.97,-0.94,0.0,0.895,0.3833011
5/14/12 5:00,1267.1461,52.9,476.3309,286.2271,-0.63,-0.48,1.13,-0.9,16.7752,1.0933,0.36383889
5/14/12 5:30,1269.4961,85.6,476.5142,286.3597,-0.42,-0.03,0.64,-0.64,76.1013,0.6323,0.57148388
5/14/12 6:00,1271.8461,72.9,476.5847,286.9524,-0.65,-0.2,1.36,-1.3,117.761,1.3593,0.22968062
5/14/12 6:30,1274.1961,343.1,476.6176,287.176,0.13,-0.41,0.82,0.24,139.0739,0.8174,0.35164688
5/14/12 7:00,1276.5461,316.7,476.7492,287.6192,0.41,-0.43,1.21,0.83,223.8012,1.1671,0.36049229
5/14/12 7:30,1278.8961,62.4,476.8526,288.7224,-0.72,-0.38,2.36,-2.09,347.072,2.1813,0.19128704
5/14/12 8:00,1281.2711,79.5,486.9552,289.7047,-0.95,-0.18,3.37,-3.31,339.6422,2.9167,0.24553081
5/14/12 8:30,1283.6711,59.2,487.0656,290.4825,-0.61,-0.36,2.7,-2.32,287.8984,2.1386,0.16071181
5/14/12 9:00,1286.0711,103.1,486.9696,291.4125,-1.09,0.25,4.65,-4.53,387.3382,3.2872,-0.25740547
5/14/12 9:30,1288.4711,146.9,487.008,292.6398,-0.56,0.86,5.03,-2.75,390.9009,3.0648,-0.10401579
5/14/12 10:00,1290.8711,235.2,487.1472,293.2716,0.74,0.52,4.83,3.96,310.16,2.4136,-0.0931278
5/14/12 10:30,1293.2711,194.1,487.1328,294.1962,0.34,1.34,10.3,2.51,320.7358,3.9423,-0.06412778
5/14/12 11:00,1295.6711,183.5,486.9408,295.0819,0.1,1.63,14.43,0.88,224.0485,3.7349,-0.31875788
5/14/12 11:30,1298.0711,175.6,486.6144,295.7547,-0.12,1.59,16.47,-1.26,96.7241,2.1499,0.28500915
5/14/12 12:00,1300.4961,153.5,496.5268,296.5904,-1.55,3.11,44.78,-19.98,0.0,0.0,0.6652233
5/14/12 12:30,1302.9461,171.9,496.4043,297.0296,-0.51,3.61,57.19,-8.06,-110.3344,-7.4643,-0.22940366
5/14/12 13:00,1305.3711,181.2,486.1728,297.4317,0.08,3.99,60.89,1.28,-211.2062,-15.7594,-0.06382774
5/14/12 13:30,1307.7711,191.3,486.1152,297.6643,0.67,3.36,51.0,9.99,-345.645,-19.5171,-0.10428121
5/14/12 14:00,1310.1711,154.4,486.024,297.7515,-1.18,2.46,35.12,-15.17,-263.6125,-17.5582,0.32516258
5/14/12 14:30,1312.5711,161.0,485.8992,297.6778,-0.98,2.85,35.95,-11.7,-241.8347,-21.8852,0.57653263
5/14/12 15:00,1314.9711,140.7,485.8656,297.6372,-2.15,2.62,38.1,-24.13,-314.4447,-26.9402,-0.17226912
5/14/12 15:30,1317.3711,179.6,485.8944,297.8444,-0.02,2.71,34.17,-0.24,-353.051,-27.1061,0.11083016
5/14/12 16:00,1319.7711,180.5,485.8416,298.0966,0.03,3.78,48.67,0.42,-413.2284,-42.1493,-0.33734882
5/14/12 16:30,1322.1711,172.0,485.9232,297.9689,-0.5,3.57,44.97,-6.26,-321.3937,-41.5451,0.3106568
5/14/12 17:00,1324.5711,190.1,485.8512,297.8029,0.63,3.52,43.32,7.6,-291.5869,-41.8457,0.27387305
5/14/12 17:30,1326.9711,187.0,485.7888,297.2305,0.44,3.61,40.74,4.96,-135.8884,-40.3901,0.39721834
5/14/12 18:00,1329.3711,190.7,485.8464,296.6764,0.69,3.65,39.75,7.38,-78.368,-39.7459,0.45688014
5/14/12 18:30,1331.7711,191.1,485.8848,296.2369,0.65,3.3,34.04,6.55,-41.608,-33.7458,0.1097454
5/14/12 19:00,1334.1711,193.3,485.9952,295.5581,0.64,2.69,23.34,5.37,-1.5281,-22.5465,0.5857127
5/14/12 19:30,1336.5711,157.9,486.2112,294.9283,-0.9,2.21,17.19,-6.47,0.0,-15.8844,0.21999279
5/14/12 20:00,1338.9461,146.4,476.1382,294.3257,-1.08,1.62,11.67,-6.46,0.0,-10.1099,0.45359124
5/14/12 20:30,1341.2961,141.5,476.2463,293.8721,-1.72,2.16,12.84,-7.99,0.0,-10.1887,0.45359124
5/14/12 21:00,1343.6461,128.5,476.2322,293.4274,-1.68,1.34,8.44,-6.61,0.0,-5.9681,0.41995214
5/14/12 21:30,1345.9961,129.8,476.2463,293.2207,-1.59,1.33,6.81,-5.23,0.0,-4.1432,0.12868254
5/14/12 22:00,1348.3461,132.2,476.1899,292.9979,-1.32,1.19,5.25,-3.89,0.0,-2.6264,0.46440422
5/14/12 22:30,1350.6961,115.9,476.1617,292.411,-1.44,0.7,3.76,-3.38,0.0,-1.4379,0.54010085
5/14/12 23:00,1353.0211,111.6,465.773,291.9351,-1.33,0.53,2.65,-2.47,0.0,-0.6863,0.55659151
5/14/12 23:30,1355.3211,108.1,465.5384,291.7331,-1.54,0.5,2.73,-2.6,0.0,-0.3567,0.55085613
5/15/12 0:00,1357.6211,111.8,465.3682,291.5646,-1.56,0.62,2.83,-2.62,0.0,0.0,0.55085613
5/15/12 0:30,1359.9211,122.1,465.175,291.2802,-1.52,0.95,2.82,-2.39,0.0,0.3677,0.5882515
5/15/12 1:00,1362.2211,125.1,465.0876,291.1416,-1.65,1.16,2.97,-2.43,0.0,0.7679,0.5882515
5/15/12 1:30,1364.5211,120.0,465.0232,290.9044,-1.4,0.81,2.41,-2.08,0.0,0.9212,0.6166399
5/15/12 2:00,1366.8211,126.0,464.8714,290.9936,-1.7,1.24,3.9,-3.16,0.0,1.9524,0.643355
5/15/12 2:30,1369.1211,120.3,464.5954,291.1592,-2.01,1.17,4.82,-4.16,0.0,2.9314,0.15084511
5/15/12 3:00,1371.4211,142.7,464.393,291.9256,-1.72,2.26,8.11,-4.91,0.0,5.7334,0.6037728
5/15/12 3:30,1373.7211,153.2,464.2964,292.2576,-1.62,3.21,12.15,-5.48,0.0,9.6373,0.18060677
5/15/12 4:00,1376.0211,153.7,464.14,292.3294,-1.69,3.41,13.88,-6.15,0.0,12.0207,0.39087711
5/15/12 4:30,1378.3211,146.7,464.1906,292.2979,-1.74,2.65,11.65,-6.39,0.0,10.7606,0.54517845
5/15/12 5:00,1380.5961,143.3,454.1085,292.1755,-1.81,2.42,10.93,-6.53,5.3841,10.561,0.54517845
5/15/12 5:30,1382.8461,134.3,454.1355,292.0064,-1.83,1.78,8.79,-6.29,18.2902,8.714,0.53760244
5/15/12 6:00,1385.0961,136.2,454.1625,291.9364,-1.54,1.6,6.82,-4.72,22.711,6.8215,0.22969793
5/15/12 6:30,1387.3461,133.5,454.113,291.8393,-1.51,1.43,5.34,-3.87,32.2725,5.2942,0.22969793
5/15/12 7:00,1389.5961,134.3,453.951,292.0164,-1.61,1.57,5.94,-4.25,44.2636,5.739,0.08845987
5/15/12 7:30,1391.8461,140.8,453.8925,292.3968,-1.56,1.91,7.27,-4.6,62.7638,6.7187,0.12316642
5/15/12 8:00,1394.0961,129.4,453.6765,292.4572,-1.69,1.39,5.37,-4.15,70.5179,4.6523,0.1737347
5/15/12 8:30,1396.3961,131.3,473.666,292.3046,-2.2,1.93,5.91,-4.44,26.0331,4.6877,0.22969793
5/15/12 9:00,1398.7461,142.5,473.5156,292.195,-1.93,2.51,5.71,-3.48,36.1381,4.0409,0.08845987
5/15/12 9:30,1401.0961,154.4,473.3981,292.6845,-1.52,3.18,7.93,-3.43,50.6891,4.8275,0.1737347
5/15/12 10:00,1403.4211,157.6,463.2154,292.9255,-0.97,2.35,5.5,-2.1,44.527,2.7492,0.25879027
5/15/12 10:30,1405.7211,144.6,463.0222,293.2248,-1.42,2.0,5.82,-3.37,22.6063,2.2259,0.08845987
5/15/12 11:00,1408.0211,158.9,462.898,293.1444,-0.66,1.72,3.79,-1.37,15.0925,0.9822,0.08845987
5/15/12 11:30,1410.3961,191.1,492.9792,292.7721,0.47,2.4,3.04,0.59,6.3668,0.3968,0.08845987
5/15/12 12:00,1412.8711,185.2,502.81,292.4282,0.3,3.32,4.65,0.42,0.0,0.0,0.25879027
5/15/12 12:30,1415.3711,178.0,502.595,292.2928,-0.07,2.14,2.55,-0.09,-11.6668,-0.333,0.25879027
5/15/12 13:00,1417.8711,171.0,502.34,292.6313,-0.43,2.71,2.86,-0.45,-19.3943,-0.7404,0.12316642
5/15/12 13:30,1420.3711,172.3,502.085,292.6981,-0.47,3.51,4.04,-0.54,-23.8175,-1.5461,0.08845987
5/15/12 14:00,1422.8961,175.0,511.836,292.4496,-0.38,4.31,5.5,-0.48,-46.1285,-2.7501,0.25879027
5/15/12 14:30,1425.4711,173.8,521.6068,292.4139,-0.41,3.74,4.44,-0.48,-54.4799,-2.7031,0.25879027
5/15/12 15:00,1428.0711,170.5,521.3728,292.4974,-0.52,3.09,3.73,-0.61,-34.1589,-2.6346,0.08845987
5/15/12 15:30,1430.6711,170.5,521.1024,292.2691,-0.44,2.65,2.57,-0.42,-34.7671,-2.041,0.08845987
5/15/12 16:00,1433.2711,150.5,520.728,292.2952,-1.17,2.07,1.88,-0.92,-48.5996,-1.6248,0.08845987
5/15/12 16:30,1435.8711,142.9,520.5408,292.3522,-1.04,1.37,1.14,-0.69,-25.4399,-1.0532,0.22969793
5/15/12 17:00,1438.4711,,520.3328,292.444,,,1.25,,-21.4049,-1.2108,0.22969793
5/15/12 17:30,1441.0711,136.2,520.078,292.72,-0.63,0.65,0.42,-0.29,-8.8467,-0.4186,0.50278049
5/15/12 18:00,1443.6711,138.2,519.8856,293.0591,-1.04,1.16,0.74,-0.49,-4.034,-0.7365,0.55659151
5/15/12 18:30,1446.2711,129.9,519.7972,293.1761,-0.7,0.59,0.42,-0.32,-0.6028,-0.4159,0.54010085
5/15/12 19:00,1448.8711,124.8,519.6672,293.2668,-1.0,0.7,0.55,-0.45,-0.3023,-0.5269,0.5301476
5/15/12 19:30,1451.4711,105.5,519.4436,293.2951,-0.96,0.27,0.53,-0.51,0.0,-0.4911,0.50149378
5/15/12 20:00,1454.0711,30.3,519.246,293.2317,-0.54,-0.93,0.47,-0.24,0.0,-0.4072,0.54010085
5/15/12 20:30,1456.6711,7.6,519.1316,293.1795,-0.2,-1.52,0.59,-0.08,0.0,-0.4658,0.55659151
5/15/12 21:00,1459.2711,30.6,518.8872,293.1445,-0.57,-0.96,0.43,-0.22,0.0,-0.3041,0.55659151
5/15/12 21:30,1461.8711,352.3,518.7208,293.1013,0.08,-0.59,0.23,0.03,0.0,-0.1409,0.55659151
5/15/12 22:00,1464.4711,316.1,518.648,293.0286,1.01,-1.05,0.57,0.4,0.0,-0.285,0.55659151
5/15/12 22:30,1467.0711,313.3,518.5232,292.7606,1.21,-1.14,0.68,0.49,0.0,-0.2587,0.55085613
5/15/12 23:00,1469.6711,312.8,518.3776,292.7597,1.21,-1.12,0.79,0.58,0.0,-0.2055,0.55085613
5/15/12 23:30,1472.2461,310.3,508.3221,292.6792,1.34,-1.14,0.98,0.75,0.0,-0.1285,0.55085613
5/16/12 0:00,1474.7961,304.2,508.2711,292.5319,1.6,-1.09,1.19,0.98,0.0,0.0,0.55085613
5/16/12 0:30,1477.3461,294.1,508.1079,292.4119,1.56,-0.7,1.16,1.06,0.0,0.151,0.5882515
5/16/12 1:00,1479.8711,300.2,498.16,292.2076,1.64,-0.95,1.56,1.35,0.0,0.4042,0.6166399
5/16/12 1:30,1482.3711,311.0,497.88,292.1282,0.85,-0.74,0.85,0.64,0.0,0.3255,0.6166399
5/16/12 2:00,1484.8711,317.9,497.755,292.011,0.99,-1.09,1.01,0.68,0.0,0.5048,0.643355
5/16/12 2:30,1487.3711,311.7,497.805,291.9262,0.94,-0.84,0.84,0.63,0.0,0.5125,0.643355
5/16/12 3:00,1489.8711,314.6,497.75,291.9203,0.45,-0.44,0.45,0.32,0.0,0.3148,0.643355
5/16/12 3:30,1492.3711,247.9,497.69,291.8227,0.43,0.17,0.3,0.28,0.0,0.2368,0.6705894
5/16/12 4:00,1494.8711,283.7,497.755,291.7237,0.53,-0.13,0.34,0.33,0.0,0.2926,0.6705894
5/16/12 4:30,1497.3461,280.7,487.8881,291.6447,0.58,-0.11,0.58,0.57,0.0,0.5392,0.6705894
5/16/12 5:00,1499.7711,261.7,478.1088,291.6228,1.2,0.18,1.47,1.45,7.7033,1.4177,0.630084
5/16/12 5:30,1502.1461,304.4,468.3221,291.496,1.09,-0.75,1.74,1.44,45.7641,1.7249,0.55291025
5/16/12 6:00,1504.4961,315.1,468.4255,291.4339,1.23,-1.24,2.21,1.56,144.999,2.2082,0.31073758
5/16/12 6:30,1506.8211,313.1,458.643,291.5706,1.23,-1.15,2.46,1.8,209.0243,2.4409,0.12519169
5/16/12 7:00,1509.1211,307.3,458.7166,291.8563,1.2,-0.91,2.37,1.89,322.6192,2.2924,-0.010878181
5/16/12 7:30,1511.3961,300.6,449.0505,292.3648,1.53,-0.9,2.83,2.43,430.6286,2.6105,0.40657151
5/16/12 8:00,1513.6461,298.1,449.046,293.1571,0.71,-0.38,1.78,1.57,519.7304,1.5428,-0.16491814
5/16/12 8:30,1515.8961,284.4,449.1675,293.9647,1.09,-0.28,3.9,3.78,537.865,3.0974,0.7441569
5/16/12 9:00,1518.1461,300.3,449.2215,294.8828,1.63,-0.95,10.51,9.07,526.3045,7.4319,1.0444854
5/16/12 9:30,1520.3711,302.2,439.3268,295.5883,1.48,-0.93,11.51,9.74,501.6474,7.0092,-0.08691928
5/16/12 10:00,1522.5961,286.7,449.2755,296.2584,0.7,-0.21,5.11,4.9,442.4345,2.5555,-0.29368723
5/16/12 10:30,1524.8211,273.5,439.3972,296.8807,1.01,-0.06,7.86,7.85,235.759,3.0091,-0.23853757
5/16/12 11:00,1527.0211,320.8,439.3752,297.3231,0.15,-0.19,2.34,1.48,208.5352,0.6067,1.1863697
5/16/12 11:30,1529.2211,288.4,439.296,297.9528,0.83,-0.27,12.3,11.67,122.7899,1.6048,0.21353039
5/16/12 12:00,1531.4211,313.8,439.2476,298.6376,0.81,-0.78,18.18,13.12,0.0,0.0,0.14038987
5/16/12 12:30,1533.4711,312.3,379.2362,298.8205,3.93,-3.58,111.27,82.3,-117.0863,-14.5235,0.29649145
5/16/12 13:00,1535.2961,310.9,349.2405,298.6988,3.92,-3.39,112.94,85.37,-248.7569,-29.2323,0.2218565
5/16/12 13:30,1536.9961,311.0,329.1915,299.0438,4.28,-3.72,130.75,98.68,-348.5175,-50.0368,0.049390046
5/16/12 14:00,1538.6961,315.9,349.146,299.5601,2.93,-3.03,99.99,69.58,-416.4355,-49.9925,0.000491604
5/16/12 14:30,1540.4711,316.6,359.064,299.8783,2.74,-2.89,98.24,67.5,-369.5133,-59.8056,0.49532565
5/16/12 15:00,1542.3211,321.0,379.0196,299.975,1.59,-1.97,63.01,39.66,-324.7713,-44.5581,0.44563441
5/16/12 15:30,1544.2461,2.0,389.0523,299.8996,-0.03,-0.81,20.86,-0.73,-502.1419,-16.5532,0.44382263
5/16/12 16:00,1546.1961,44.1,389.0718,300.2695,-0.64,-0.66,24.06,-16.75,-430.1921,-20.8386,0.3779927
5/16/12 16:30,1548.1461,77.8,389.103,300.2075,-1.56,-0.34,40.05,-39.14,-230.1227,-36.999,0.47940045
5/16/12 17:00,1550.0961,90.2,389.1576,300.1114,-2.05,0.01,42.1,-42.1,-180.2949,-40.6663,0.48015632
5/16/12 17:30,1552.0711,125.2,399.28,298.4115,-3.97,2.8,47.85,-39.1,-141.617,-47.4375,0.5954063
5/16/12 18:00,1554.0961,136.1,409.4629,297.2177,-3.51,3.65,42.56,-29.51,-91.558,-42.5561,0.46752579
5/16/12 18:30,1556.1461,133.7,409.754,296.3389,-3.31,3.16,33.18,-23.99,-27.8913,-32.8922,0.37309974
5/16/12 19:00,1558.1961,141.5,409.9795,295.6165,-3.0,3.77,33.72,-20.99,-1.2856,-32.5734,0.50954293
5/16/12 19:30,1560.2211,143.3,400.18,295.1933,-2.47,3.31,25.5,-15.24,0.0,-23.5558,0.50954293
5/16/12 20:00,1562.2211,141.2,400.376,294.9214,-2.06,2.56,17.14,-10.74,0.0,-14.8408,0.45359124
5/16/12 20:30,1564.1961,150.2,390.5343,294.7688,-1.32,2.3,12.12,-6.02,0.0,-9.618,0.45359124
5/16/12 21:00,1566.1461,124.1,390.6747,294.3967,-1.36,0.92,6.2,-5.13,0.0,-4.3827,0.45359124
5/16/12 21:30,1568.0961,131.6,390.7449,294.0407,-1.34,1.19,5.56,-4.16,0.0,-3.3854,0.39409677
5/16/12 22:00,1570.0461,126.1,390.78,293.4681,-1.16,0.84,3.36,-2.72,0.0,-1.6821,0.31266476
5/16/12 22:30,1571.9961,113.1,390.7644,293.2145,-1.24,0.53,2.89,-2.66,0.0,-1.1061,0.50149378
5/16/12 23:00,1573.9461,82.1,390.8229,293.2643,-1.14,-0.16,2.46,-2.44,0.0,-0.6371,0.4227102
5/16/12 23:30,1575.8961,83.5,390.8073,293.1298,-1.1,-0.13,2.26,-2.24,0.0,-0.2945,0.50149378
5/17/12 0:00,1577.8461,96.5,390.8307,292.8129,-1.35,0.15,2.52,-2.51,0.0,0.0,0.55085613
5/17/12 0:30,1579.7961,110.0,390.8619,292.3444,-1.2,0.44,1.99,-1.87,0.0,0.2597,0.52682985
5/17/12 1:00,1581.7461,89.5,390.7293,292.2328,-1.4,-0.01,2.07,-2.07,0.0,0.5363,0.56033624
5/17/12 1:30,1583.6961,85.2,390.6318,292.2517,-1.44,-0.12,2.14,-2.13,0.0,0.819,0.56033624
5/17/12 2:00,1585.6461,95.7,390.5421,291.9112,-0.9,0.09,1.08,-1.07,0.0,0.5384,0.5890593
5/17/12 2:30,1587.5961,81.1,390.4797,291.9125,-1.21,-0.19,1.39,-1.37,0.0,0.8444,0.5890593
5/17/12 3:00,1589.5461,97.6,390.5538,291.7002,-0.85,0.11,0.84,-0.84,0.0,0.5971,0.6162937
5/17/12 3:30,1591.4961,108.5,390.6396,291.5675,-0.36,0.12,0.35,-0.33,0.0,0.2745,0.6162937
5/17/12 4:00,1593.4461,47.0,390.624,291.4723,-0.41,-0.38,0.44,-0.32,0.0,0.3814,0.6162937
5/17/12 4:30,1595.3961,12.1,390.7176,291.4044,-0.09,-0.44,0.37,-0.08,0.0,0.3399,0.6162937
5/17/12 5:00,1597.3461,319.2,390.8424,291.1805,0.47,-0.55,0.5,0.33,11.1603,0.484,0.53721008
5/17/12 5:30,1599.2961,335.6,390.9555,290.9065,0.14,-0.3,0.19,0.08,46.2767,0.1891,0.43767758
5/17/12 6:00,1601.2211,319.8,380.9538,291.2924,0.36,-0.42,0.37,0.24,101.171,0.3679,0.8765784
5/17/12 6:30,1603.1211,318.1,380.9576,291.572,0.84,-0.94,1.2,0.8,125.3315,1.1946,0.8309954
5/17/12 7:00,1605.0211,316.3,381.0108,291.8244,0.85,-0.89,1.75,1.21,212.437,1.6857,0.12519169
5/17/12 7:30,1606.9211,320.4,381.0564,292.2016,0.87,-1.05,2.53,1.61,201.9693,2.3335,0.48400491
5/17/12 8:00,1608.8211,343.1,380.9614,292.7164,0.13,-0.44,0.98,0.28,247.4936,0.846,0.6271413
5/17/12 8:30,1610.7461,51.9,390.9282,293.959,-0.61,-0.48,2.15,-1.69,315.93,1.7083,0.6977084
5/17/12 9:00,1612.6711,40.8,380.855,295.0038,-0.33,-0.39,1.86,-1.21,385.707,1.3138,-0.006896881
5/17/12 9:30,1614.5711,69.7,380.7904,296.0145,-0.89,-0.33,4.59,-4.31,362.5667,2.7955,-0.021342076
5/17/12 10:00,1616.4711,133.8,380.7106,296.9318,-0.81,0.78,7.44,-5.37,368.7865,3.72,1.3199452
5/17/12 10:30,1618.3711,101.0,380.551,297.6588,-0.84,0.16,6.74,-6.61,283.4196,2.5776,1.2728043
5/17/12 11:00,1620.2711,118.6,380.4522,298.148,-0.94,0.51,10.33,-9.07,114.5634,2.673,1.0237711
5/17/12 11:30,1622.1711,122.0,380.3268,298.3873,-1.48,0.93,17.49,-14.83,60.6205,2.2826,0.12047183
5/17/12 12:00,1624.0711,164.5,380.1482,299.0119,-0.69,2.49,29.39,-7.85,0.0,0.0,1.6791854
5/17/12 12:30,1625.9711,147.8,379.9544,299.0741,-1.22,1.93,29.3,-15.61,-59.5805,-3.8246,-0.032268148
5/17/12 13:00,1627.8711,140.9,379.7112,299.1975,-1.72,2.12,33.75,-21.29,-84.8714,-8.7351,0.19647427
5/17/12 13:30,1629.7711,132.2,379.5858,299.5411,-1.87,1.7,31.76,-23.53,-138.9524,-12.1528,0.20038633
5/17/12 14:00,1631.6711,173.9,379.5858,299.5166,-0.31,2.91,40.09,-4.26,-139.9485,-20.0456,0.23517366
5/17/12 14:30,1633.5461,211.4,369.3747,299.5342,1.36,2.23,39.43,20.54,-272.6368,-24.0017,-0.05933868
5/17/12 15:00,1635.3961,205.7,369.2267,299.7316,1.5,3.12,51.29,22.24,-333.1392,-36.2663,0.35303745
5/17/12 15:30,1637.2711,175.7,379.1602,299.6272,-0.28,3.67,60.71,-4.55,-385.2254,-48.1681,0.3045406
5/17/12 16:00,1639.1711,190.6,379.0272,299.3405,0.72,3.86,65.96,12.13,-222.0281,-57.1232,0.8218788
5/17/12 16:30,1641.0961,179.7,388.9392,298.4719,-0.02,4.39,62.63,-0.33,-139.0688,-57.8615,0.33930485
5/17/12 17:00,1643.0461,177.9,388.908,298.2947,-0.17,4.71,57.84,-2.12,-224.3189,-55.8736,1.0958961
5/17/12 17:30,1645.0211,183.2,398.736,297.9356,0.3,5.44,49.22,2.75,-176.0459,-48.8035,1.2354147
5/17/12 18:00,1647.0461,184.9,408.7495,297.1725,0.48,5.57,36.9,3.15,-85.295,-36.8955,0.1075528
5/17/12 18:30,1649.0711,187.7,398.868,296.5084,0.7,5.19,31.88,4.27,-26.7888,-31.6092,0.42110037
5/17/12 19:00,1651.0711,187.1,398.88,296.0263,0.68,5.46,30.32,3.75,-1.5271,-29.2883,0.6421433
5/17/12 19:30,1653.0711,189.2,398.996,295.6851,0.82,5.06,23.43,3.75,0.0,-21.6431,0.8049727
5/17/12 20:00,1655.0461,186.0,389.1459,295.3686,0.49,4.67,19.82,2.07,0.0,-17.1658,0.5779809
5/17/12 20:30,1656.9961,182.4,389.2824,295.0732,0.18,4.25,16.88,0.71,0.0,-13.3951,0.44363222
5/17/12 21:00,1658.9211,184.2,379.3768,294.914,0.31,4.19,15.99,1.17,0.0,-11.3051,0.44519012
5/17/12 21:30,1660.7711,129.8,359.4636,294.6594,-1.66,1.38,7.84,-6.02,0.0,-4.7705,0.37272469
5/17/12 22:00,1662.5711,141.4,359.3988,294.4482,-2.03,2.54,11.04,-6.89,0.0,-5.5218,0.37272469
5/17/12 22:30,1664.3961,127.9,369.4154,294.3225,-2.58,2.01,10.54,-8.31,0.0,-4.0319,0.37272469
5/17/12 23:00,1666.2711,129.1,379.3388,294.2807,-3.02,2.46,13.03,-10.11,0.0,-3.3734,0.37272469
5/17/12 23:30,1668.1461,126.5,369.3118,294.2168,-2.44,1.8,10.06,-8.08,0.0,-1.3126,0.36079233
5/18/12 0:00,1669.9711,114.5,359.3736,294.1747,-1.79,0.82,6.16,-5.61,0.0,0.0,0.35322209
5/18/12 0:30,1671.7211,34.7,339.5036,293.1669,-1.33,-1.93,9.86,-5.61,0.0,1.2873,0.43301542
5/18/12 1:00,1673.4211,43.8,339.4798,292.252,-1.26,-1.32,8.0,-5.54,0.0,2.0712,0.51163744
5/18/12 1:30,1675.1961,69.5,369.3377,291.3364,-3.56,-1.33,11.99,-11.23,0.0,4.5892,0.55271984
5/18/12 2:00,1677.0461,65.8,369.1971,290.5481,-3.83,-1.72,13.12,-11.96,0.0,6.5582,0.54432449
5/18/12 2:30,1678.9211,70.6,379.2818,290.28,-3.61,-1.27,10.97,-10.35,0.0,6.6805,0.54643631
5/18/12 3:00,1680.7461,16.3,349.5765,289.8497,-0.63,-2.16,4.82,-1.35,0.0,3.4097,0.54643631
5/18/12 3:30,1682.4711,,339.7552,289.0803,,,2.11,,0.0,1.6779,0.57126462
5/18/12 4:00,1684.2961,,389.5632,288.9382,,,2.06,,0.0,1.7865,0.57126462
5/18/12 4:30,1686.2711,56.9,399.584,289.153,-1.58,-1.03,2.47,-2.07,0.0,2.2795,0.57126462
5/18/12 5:00,1688.2211,,379.8252,289.3281,,,3.38,,0.5641,3.2669,0.57126462
5/18/12 5:30,1690.1711,,400.008,289.0272,,,2.38,,2.5609,2.3644,0.5673641
5/18/12 6:00,1692.1961,,410.0328,288.9784,,,1.78,,13.329,1.7771,0.55266214
5/18/12 6:30,1694.2711,,420.0756,289.1167,,,2.16,,26.2535,2.1424,0.24002046
5/18/12 7:00,1696.3961,,429.828,289.0546,,,2.71,,49.7539,2.6137,0.43767758
5/18/12 7:30,1698.5461,,429.8151,289.1646,,,3.33,,115.2752,3.081,0.8309954
5/18/12 8:00,1700.6961,,429.9312,289.3767,,,4.7,,121.0184,4.0682,0.6674159
5/18/12 8:30,1702.8211,338.5,420.0798,289.5784,0.6,-1.52,2.82,1.03,147.1171,2.2389,0.7157108
5/18/12 9:00,1704.8711,318.1,400.14,290.1173,2.04,-2.27,7.03,4.7,438.7767,4.9711,0.3993994
5/18/12 9:30,1706.8461,340.2,390.1989,290.8055,0.98,-2.72,9.01,3.05,503.4293,5.4851,-0.25873834
5/18/12 10:00,1708.8211,340.6,400.224,291.4703,0.88,-2.51,10.61,3.52,428.5455,5.3047,-0.014745235
5/18/12 10:30,1710.7961,353.6,390.312,291.8186,0.31,-2.8,13.97,1.56,331.9851,5.347,0.31789238
5/18/12 11:00,1712.7711,7.8,400.356,291.862,-0.4,-2.95,16.5,-2.24,239.6887,4.2714,0.14849095
5/18/12 11:30,1714.7711,28.6,400.328,292.3616,-1.11,-2.04,15.73,-7.53,120.8648,2.0534,0.19344502
5/18/12 12:00,1716.7711,19.3,400.232,292.7775,-0.56,-1.59,12.6,-4.17,0.0,0.0,1.0793362
5/18/12 12:30,1718.7711,17.3,400.412,292.4889,-0.45,-1.46,11.26,-3.35,-16.8135,-1.4695,0.5338404
5/18/12 13:00,1720.7961,12.6,410.4428,292.011,-0.33,-1.49,8.97,-1.96,-154.2709,-2.3222,-0.031039138
5/18/12 13:30,1722.8461,44.6,410.4551,292.7924,-0.23,-0.23,2.25,-1.58,-217.2391,-0.8608,-0.19267184
5/18/12 14:00,1724.8711,321.0,400.536,293.3125,0.46,-0.56,5.63,3.54,-380.2215,-2.816,0.776065
5/18/12 14:30,1726.8711,291.0,400.636,293.9513,1.19,-0.46,10.81,10.09,-483.3438,-6.5798,0.13123288
5/18/12 15:00,1728.8461,324.3,390.6825,294.802,1.0,-1.39,16.18,9.44,-481.3891,-11.4434,0.7999528
5/18/12 15:30,1730.6711,305.7,340.6392,295.9703,3.87,-2.78,62.24,50.54,-515.6487,-49.3747,1.1121675
5/18/12 16:00,1732.1461,303.7,250.5675,295.4823,5.21,-3.48,82.65,68.76,-470.6043,-71.5806,-0.30467908
5/18/12 16:30,1733.2211,311.2,180.4986,295.1019,5.32,-4.66,93.25,70.16,-439.6697,-86.1531,1.0353688
5/18/12 17:00,1733.9961,306.2,130.4511,294.5925,5.51,-4.03,85.97,69.37,-364.6582,-83.0388,1.2048914
5/18/12 17:30,1734.6461,312.3,130.5434,293.9014,5.1,-4.64,82.35,60.91,-133.5129,-81.647,0.50287858
5/18/12 18:00,1735.3461,317.2,150.744,293.4192,4.12,-4.45,68.54,46.57,-96.089,-68.5416,-0.039446028
5/18/12 18:30,1736.2461,316.3,211.2054,293.1087,3.47,-3.63,54.71,37.79,-38.361,-54.2374,-0.06382197
5/18/12 19:00,1737.3961,317.8,251.63,292.654,2.89,-3.19,45.44,30.52,-1.7174,-43.8924,0.5308977
5/18/12 19:30,1738.7461,324.9,292.1199,292.2554,1.64,-2.34,28.87,16.6,0.0,-26.6764,0.5308977
5/18/12 20:00,1740.2461,323.8,312.4769,291.8824,0.82,-1.12,12.12,7.16,0.0,-10.4974,0.5308977
5/18/12 20:30,1741.7961,11.3,312.7342,291.2779,-0.25,-1.25,10.43,-2.04,0.0,-8.2708,0.5855396
5/18/12 21:00,1743.3461,18.9,312.8799,290.5775,-0.15,-0.45,3.29,-1.07,0.0,-2.3268,0.6140434
5/18/12 21:30,1744.8961,193.5,312.9388,289.91,0.04,0.16,0.91,0.21,0.0,-0.5553,0.54643631
5/18/12 22:00,1746.4461,276.5,313.0566,289.3668,0.13,-0.02,0.5,0.5,0.0,-0.2523,0.57126462
5/18/12 22:30,1747.9961,151.5,313.1062,288.6132,-0.19,0.36,1.27,-0.61,0.0,-0.4855,0.57126462
5/18/12 23:00,1749.5461,258.2,313.2085,288.7623,0.53,0.11,1.87,1.83,0.0,-0.4834,0.57126462
5/18/12 23:30,1751.0961,115.3,313.317,287.8336,-0.32,0.15,0.98,-0.89,0.0,-0.128,0.5922905
5/19/12 0:00,1752.6461,110.0,313.3449,287.1063,-0.34,0.12,0.69,-0.65,0.0,0.0,0.51343768
5/19/12 0:30,1754.1961,40.2,313.3387,286.6991,-0.25,-0.29,0.66,-0.43,0.0,0.0864,0.53163049
5/19/12 1:00,1755.7461,149.3,313.3139,286.9358,-0.14,0.24,0.34,-0.18,0.0,0.0893,0.53273256
5/19/12 1:30,1757.3211,341.6,323.424,286.3398,0.07,-0.2,0.22,0.07,0.0,0.0848,0.3833011
5/19/12 2:00,1758.9211,108.9,323.392,285.6398,-0.45,0.15,0.41,-0.38,0.0,0.2027,0.3569899
5/19/12 2:30,1760.5211,138.7,323.4336,285.3279,-0.19,0.22,0.28,-0.19,0.0,0.1724,0.24150335
5/19/12 3:00,1762.1211,100.2,323.5392,285.1635,-0.4,0.07,0.47,-0.46,0.0,0.332,0.50415952
5/19/12 3:30,1763.7211,58.7,323.6352,284.6658,-0.23,-0.14,0.26,-0.22,0.0,0.2052,0.50415952
5/19/12 4:00,1765.3211,17.7,323.7056,284.6524,-0.06,-0.2,0.16,-0.05,0.0,0.139,0.50415952
5/19/12 4:30,1766.9211,323.1,323.76,284.6543,0.18,-0.24,0.19,0.11,0.0,0.1725,0.50415952
5/19/12 5:00,1768.5211,177.6,323.8784,284.9029,-0.03,0.76,0.81,-0.03,12.8922,0.7817,0.49803178
5/19/12 5:30,1770.1211,142.0,324.0544,284.6433,-0.39,0.5,0.81,-0.5,66.9959,0.8045,0.4701973
5/19/12 6:00,1771.7211,302.4,324.1504,285.2354,0.22,-0.14,0.44,0.37,165.432,0.4356,0.6818986
5/19/12 6:30,1773.3211,255.5,324.2464,286.3883,1.21,0.31,4.15,4.02,265.4792,4.1145,0.6607804
5/19/12 7:00,1774.9211,295.1,324.336,287.0691,1.13,-0.53,4.7,4.26,356.9849,4.5422,0.51740167
5/19/12 7:30,1776.5211,315.9,324.3936,287.8383,0.71,-0.73,4.1,2.85,443.0935,3.7874,0.6379889
5/19/12 8:00,1778.1211,279.9,324.416,288.6775,0.74,-0.13,3.84,3.79,504.7984,3.3291,-0.6385659
5/19/12 8:30,1779.7211,235.3,324.4288,289.8399,0.8,0.55,5.97,4.9,537.0431,4.7329,-0.11162642
5/19/12 9:00,1781.3211,221.7,324.4608,291.2741,0.73,0.82,8.74,5.82,534.4348,6.1833,0.49576417
5/19/12 9:30,1782.9211,197.5,324.4864,292.4881,0.37,1.17,11.53,3.47,503.9796,7.0166,0.037840237
5/19/12 10:00,1784.5461,190.1,334.6398,293.4199,0.18,1.0,10.53,1.85,444.1405,5.2672,-0.051522638
5/19/12 10:30,1786.1711,207.2,324.4832,294.1924,0.44,0.85,11.57,5.29,356.2247,4.4293,-0.016976494
5/19/12 11:00,1787.7711,248.8,324.448,295.0215,0.77,0.3,11.83,11.03,250.2514,3.0614,0.13909162
5/19/12 11:30,1789.3711,247.1,324.4096,296.1224,1.03,0.43,17.87,16.46,128.2459,2.3324,0.26263309
5/19/12 12:00,1790.9711,230.3,324.3648,296.6738,0.75,0.62,16.95,13.04,0.0,0.0,0.049952621
5/19/12 12:30,1792.5711,301.7,324.2752,297.376,0.58,-0.36,12.3,10.46,-127.5129,-1.6053,0.7386754
5/19/12 13:00,1794.1711,270.1,324.1952,297.6442,1.07,0.0,20.69,20.69,-247.6942,-5.3554,0.001051583
5/19/12 13:30,1795.7711,211.2,324.0832,298.1777,0.29,0.47,11.22,5.81,-351.3811,-4.2931,0.09772649
5/19/12 14:00,1797.3711,209.4,324.0,298.5852,0.38,0.67,16.3,8.0,-428.803,-8.1501,0.8257447
5/19/12 14:30,1798.9711,185.1,323.8976,298.786,0.12,1.34,26.81,2.38,-473.0119,-16.3195,0.37578279
5/19/12 15:00,1800.5711,177.1,323.8432,299.0289,-0.16,3.25,58.84,-2.98,-500.9229,-41.6047,1.073797
5/19/12 15:30,1802.1711,185.9,323.8336,298.878,0.35,3.37,60.9,6.26,-488.1122,-48.3157,1.6290441
5/19/12 16:00,1803.7711,190.4,323.8944,298.6485,0.63,3.45,61.65,11.13,-444.4971,-53.3931,1.747156
5/19/12 16:30,1805.3711,183.0,323.9136,298.3571,0.22,4.17,70.02,3.66,-358.6842,-64.6928,1.5201065
5/19/12 17:00,1806.9711,181.9,323.9584,297.6621,0.17,4.98,81.76,2.71,-276.4808,-78.9785,0.56681595
5/19/12 17:30,1808.5711,199.5,324.0352,297.1151,1.34,3.77,56.1,18.73,-169.8196,-55.6201,0.8514789
5/19/12 18:00,1810.1711,204.6,324.1152,296.4727,1.43,3.13,42.93,17.87,-74.14,-42.926,0.16184273
5/19/12 18:30,1811.7711,198.8,324.2944,295.7829,1.08,3.18,35.45,11.43,-23.1056,-35.15,0.52404871
5/19/12 19:00,1813.3711,189.3,324.4256,295.0446,0.54,3.28,31.09,5.02,-0.794,-30.0294,0.57159928
5/19/12 19:30,1814.9711,191.3,324.5024,294.5843,0.63,3.14,27.87,5.46,0.0,-25.7449,0.8700583
5/19/12 20:00,1816.5711,178.7,324.624,294.2372,-0.06,2.48,19.76,-0.45,0.0,-17.1137,0.5843279
5/19/12 20:30,1818.1711,171.4,324.7456,293.9806,-0.33,2.21,16.97,-2.54,0.0,-13.4653,0.44922335
5/19/12 21:00,1819.7711,140.9,324.8128,293.5481,-1.08,1.33,11.99,-7.56,0.0,-8.4791,0.39297739
5/19/12 21:30,1821.3711,129.6,324.8224,293.2311,-1.24,1.03,10.47,-8.07,0.0,-6.3727,0.3756847
5/19/12 22:00,1822.9711,129.9,324.8576,293.0052,-1.2,1.01,9.45,-7.25,0.0,-4.7241,0.39860891
5/19/12 22:30,1824.5711,94.5,324.8928,292.701,-1.1,0.09,6.06,-6.04,0.0,-2.3178,0.46968954
5/19/12 23:00,1826.1711,71.2,324.9504,292.2632,-1.08,-0.37,5.4,-5.12,0.0,-1.3987,0.51163744
5/19/12 23:30,1827.7711,86.3,324.9984,291.7264,-1.15,-0.07,4.75,-4.74,0.0,-0.6194,0.5587668
5/20/12 0:00,1829.3711,86.3,325.0048,291.7327,-1.24,-0.08,5.66,-5.65,0.0,0.0,0.5587668
5/20/12 0:30,1830.9711,99.3,325.0592,291.345,-0.99,0.16,4.31,-4.25,0.0,0.5625,0.6162937
5/20/12 1:00,1832.5711,78.4,325.0528,291.0015,-1.0,-0.21,4.02,-3.94,0.0,1.0401,0.55271984
5/20/12 1:30,1834.1711,70.4,325.0592,290.8201,-0.88,-0.31,3.51,-3.31,0.0,1.345,0.55360842
5/20/12 2:00,1835.7711,65.4,325.0816,290.4937,-0.62,-0.29,2.27,-2.06,0.0,1.1353,0.54432449
5/20/12 2:30,1837.3711,82.4,325.0432,290.2282,-0.63,-0.08,1.97,-1.96,0.0,1.2018,0.54643631
5/20/12 3:00,1838.9711,71.2,325.0592,290.1186,-0.88,-0.3,2.99,-2.83,0.0,2.1127,0.54643631
5/20/12 3:30,1840.5711,99.8,325.0592,289.8219,-0.7,0.12,2.11,-2.08,0.0,1.6728,0.54643631
5/20/12 4:00,1842.1711,74.1,325.0816,289.7256,-0.88,-0.25,2.56,-2.46,0.0,2.2187,0.54643631
5/20/12 4:30,1843.7711,75.6,325.1328,289.5307,-0.58,-0.15,1.5,-1.46,0.0,1.3886,0.55351033
5/20/12 5:00,1845.3711,86.0,325.1936,289.3995,-0.51,-0.04,1.22,-1.22,8.7648,1.1793,0.5673641
5/20/12 5:30,1846.9711,106.9,325.2032,289.3039,-0.54,0.16,1.19,-1.14,43.9973,1.1779,0.43767758
5/20/12 6:00,1848.5711,81.9,325.2576,289.8717,-0.6,-0.09,1.43,-1.42,99.338,1.431,0.8765784
5/20/12 6:30,1850.1961,71.3,335.5308,290.6956,-0.87,-0.29,2.81,-2.66,167.464,2.7817,0.55485474
5/20/12 7:00,1851.8461,91.3,335.5572,291.7832,-1.05,0.02,4.0,-4.0,234.4582,3.8665,0.7877204
5/20/12 7:30,1853.4961,101.1,335.6562,292.8068,-0.72,0.14,3.27,-3.2,295.1148,3.0171,0.5515543
5/20/12 8:00,1855.1211,113.2,325.4944,293.7123,-0.65,0.28,3.7,-3.4,365.054,3.2075,0.6372388
5/20/12 8:30,1856.7211,222.3,325.52,294.403,0.41,0.45,3.83,2.58,362.3038,3.0417,-0.052003279
5/20/12 9:00,1858.3211,212.6,325.5392,294.9131,0.29,0.45,3.65,1.96,426.6131,2.5783,0.40250366
5/20/12 9:30,1859.9211,205.4,325.536,295.5424,0.46,0.98,10.3,4.42,441.0647,6.2708,0.3192541
5/20/12 10:00,1861.5211,204.4,325.5264,296.0534,0.53,1.17,14.11,5.83,397.011,7.0556,-0.09603011
5/20/12 10:30,1863.1211,204.0,325.4464,296.8691,0.6,1.34,18.52,7.53,341.2847,7.0863,-0.12619567
5/20/12 11:00,1864.7211,210.2,325.4016,297.5177,1.02,1.75,28.51,14.34,239.4889,7.3795,0.12065647
5/20/12 11:30,1866.3211,202.7,325.408,298.0909,0.81,1.95,33.11,12.78,112.7246,4.322,0.024434219
5/20/12 12:00,1867.9211,161.5,325.2672,298.5801,-0.83,2.47,48.66,-15.44,0.0,0.0,0.49525641
5/20/12 12:30,1869.5211,194.0,325.1456,298.82,0.54,2.16,44.48,10.76,-104.6773,-5.8055,0.23227712
5/20/12 13:00,1871.1211,185.7,325.0432,299.0293,0.27,2.67,56.88,5.65,-192.0864,-14.7219,0.34460748
5/20/12 13:30,1872.7211,203.7,324.9792,299.0917,1.06,2.43,55.84,22.45,-278.0578,-21.3694,0.532571
5/20/12 14:00,1874.2961,205.4,314.7244,299.0616,1.02,2.14,47.7,20.46,-284.354,-23.8481,0.8950424
5/20/12 14:30,1875.8461,189.7,314.619,299.0643,0.22,1.31,25.85,4.35,-314.7826,-15.7342,0.6083888
5/20/12 15:00,1877.3961,151.6,314.5105,299.0577,-1.39,2.56,49.87,-23.72,-217.3066,-35.2638,0.7039977
5/20/12 15:30,1878.9461,185.7,314.5167,298.706,0.26,2.65,42.66,4.24,-227.1664,-33.8454,0.6978815
5/20/12 16:00,1880.4961,180.8,314.464,298.2928,0.04,3.07,47.25,0.66,-196.6874,-40.9227,0.9638785
5/20/12 16:30,1882.0461,181.7,314.4826,297.8502,0.11,3.55,53.54,1.59,-165.9389,-49.4647,0.7182496
5/20/12 17:00,1883.5961,183.1,314.433,297.3134,0.2,3.62,51.7,2.8,-105.4714,-49.9416,0.28349741
5/20/12 17:30,1885.1461,186.0,314.5229,296.9545,0.34,3.23,42.66,4.46,-74.8085,-42.2945,0.16184273
5/20/12 18:00,1886.6961,190.0,314.5725,296.5561,0.42,2.39,28.8,5.0,-42.035,-28.8024,0.674513
5/20/12 18:30,1888.2211,180.7,304.419,296.1361,0.02,1.93,20.54,0.25,-15.7025,-20.3623,0.6150243
5/20/12 19:00,1889.7211,183.9,304.461,295.7227,0.1,1.47,13.74,0.93,-0.4134,-13.2691,0.5592861
5/20/12 19:30,1891.2211,159.2,304.512,295.2122,-0.37,0.96,8.08,-2.87,0.0,-7.4656,0.46736423
5/20/12 20:00,1892.7211,119.2,304.587,294.4639,-0.87,0.48,6.8,-5.93,0.0,-5.8866,0.38468013
5/20/12 20:30,1894.2211,107.7,304.674,294.1116,-1.03,0.33,6.85,-6.52,0.0,-5.433,0.38468013
5/20/12 21:00,1895.7211,110.2,304.638,293.9814,-0.51,0.19,3.1,-2.91,0.0,-2.1927,0.38468013
5/20/12 21:30,1897.2211,153.5,304.629,293.5087,-0.54,1.08,5.8,-2.59,0.0,-3.5328,0.38606493
5/20/12 22:00,1898.7211,123.1,304.68,293.0735,-0.73,0.47,3.69,-3.09,0.0,-1.8454,0.44694997
5/20/12 22:30,1900.2211,139.0,304.782,292.9056,-0.63,0.73,3.74,-2.45,0.0,-1.4306,0.46968954
5/20/12 23:00,1901.7211,133.7,304.812,292.8726,-0.4,0.38,2.18,-1.57,0.0,-0.5631,0.46968954
5/20/12 23:30,1903.2211,119.1,304.755,292.8891,-0.36,0.2,1.58,-1.38,0.0,-0.2066,0.46968954
5/21/12 0:00,1904.7211,110.7,304.764,292.4893,-0.59,0.22,2.24,-2.1,0.0,0.0,0.48490503
5/21/12 0:30,1906.2211,57.1,304.785,292.4731,-0.36,-0.23,1.26,-1.06,0.0,0.1645,0.48084872
5/21/12 1:00,1907.7211,93.9,304.758,292.0598,-0.49,0.03,1.23,-1.23,0.0,0.3189,0.56561579
5/21/12 1:30,1909.2211,121.4,304.713,291.7675,-0.7,0.43,1.97,-1.68,0.0,0.7546,0.5890593
5/21/12 2:00,1910.7211,102.0,304.683,292.1058,-0.39,0.08,1.14,-1.11,0.0,0.5675,0.53345958
5/21/12 2:30,1912.2211,338.5,304.668,292.1999,0.11,-0.29,0.84,0.31,0.0,0.5091,0.48809007
5/21/12 3:00,1913.7211,3.5,304.671,291.6157,-0.02,-0.38,0.71,-0.04,0.0,0.4988,0.6162937
5/21/12 3:30,1915.2211,42.7,304.698,291.3782,-0.41,-0.45,1.23,-0.83,0.0,0.9742,0.55271984
5/21/12 4:00,1916.7211,355.2,304.737,291.3465,0.04,-0.43,0.85,0.07,0.0,0.7322,0.55271984
5/21/12 4:30,1918.2211,1.7,304.713,291.2703,-0.01,-0.45,0.83,-0.02,0.0,0.7689,0.55271984
5/21/12 5:00,1919.7211,47.0,304.785,291.1892,-0.37,-0.35,1.03,-0.76,6.8281,0.9985,0.55858216
5/21/12 5:30,1921.2211,16.0,304.836,291.0026,-0.16,-0.56,1.1,-0.3,31.1314,1.0864,0.15303771
5/21/12 6:00,1922.7211,16.1,304.917,291.2111,-0.07,-0.23,0.45,-0.12,73.705,0.4475,0.15488988
5/21/12 6:30,1924.2211,47.2,304.947,291.4154,-0.12,-0.11,0.38,-0.28,107.1425,0.3751,0.7966639
5/21/12 7:00,1925.7211,133.1,304.998,292.0118,-0.25,0.23,0.95,-0.69,179.5038,0.9157,1.1556733
5/21/12 7:30,1927.2211,208.6,305.043,292.816,0.1,0.18,0.7,0.34,134.1852,0.6469,0.9298932
5/21/12 8:00,1928.6961,73.6,294.8952,292.8673,-1.03,-0.3,3.79,-3.63,75.2767,3.2786,0.54541502
5/21/12 8:30,1930.1711,72.1,305.052,292.9021,-1.94,-0.63,7.27,-6.92,267.7226,5.7697,0.8033571
5/21/12 9:00,1931.6711,68.5,305.04,293.4548,-2.52,-0.99,10.91,-10.15,442.0789,7.7129,0.1330562
5/21/12 9:30,1933.1461,73.9,294.8546,294.0948,-2.57,-0.74,13.39,-12.86,414.8922,8.1497,0.9519346
5/21/12 10:00,1934.5961,77.7,294.8401,294.4487,-2.84,-0.62,16.27,-15.9,328.7095,8.1367,0.9112561
5/21/12 10:30,1936.0461,68.4,294.8807,294.9141,-2.83,-1.12,19.76,-18.37,280.9095,7.5609,1.1538269
5/21/12 11:00,1937.4711,59.6,284.6872,295.4199,-2.98,-1.75,24.93,-21.5,191.9586,6.453,1.2997502
5/21/12 11:30,1938.8711,64.6,284.6564,295.8286,-2.77,-1.32,25.35,-22.9,92.9622,3.3092,1.8777311
5/21/12 12:00,1940.2711,68.1,284.6004,296.1101,-3.23,-1.3,31.42,-29.16,0.0,0.0,0.7751995
5/21/12 12:30,1941.6711,56.4,284.5444,296.2233,-3.09,-2.05,35.52,-29.59,-81.8957,-4.6363,1.7316924
5/21/12 13:00,1943.0461,79.0,274.3038,296.3067,-4.01,-0.78,41.37,-40.61,-198.0206,-10.7076,2.4687522
5/21/12 13:30,1944.4211,63.9,284.4576,296.1275,-4.02,-1.97,45.66,-41.01,-314.7629,-17.4743,0.21071463
5/21/12 14:00,1945.8211,71.7,284.4744,295.9111,-4.05,-1.34,42.27,-40.13,-336.921,-21.1344,1.6695495
5/21/12 14:30,1947.2461,70.2,294.6052,295.2883,-4.69,-1.69,53.51,-50.35,-393.8132,-32.5747,1.1773685
5/21/12 15:00,1948.6961,80.4,294.5791,295.1284,-5.13,-0.87,61.06,-60.21,-452.2153,-43.1785,1.0542367
5/21/12 15:30,1950.1211,81.5,284.3876,295.0014,-4.47,-0.67,50.36,-49.81,-383.3023,-39.9533,1.449424
5/21/12 16:00,1951.5211,84.9,284.368,294.8264,-4.76,-0.42,49.25,-49.05,-488.0079,-42.6497,1.3872811
5/21/12 16:30,1952.9461,85.0,294.495,294.4118,-5.13,-0.45,52.24,-52.04,-399.0374,-48.2596,1.8405146
5/21/12 17:00,1954.3961,75.0,294.4689,294.1868,-5.06,-1.36,51.08,-49.34,-321.265,-49.3369,0.7054979
5/21/12 17:30,1955.8461,77.2,294.495,293.8043,-5.01,-1.14,46.34,-45.19,-234.1941,-45.9418,0.46783737
5/21/12 18:00,1957.2711,71.0,284.4212,293.3428,-4.17,-1.44,33.89,-32.05,-118.6,-33.893,0.7076328
5/21/12 18:30,1958.6461,61.9,274.4739,292.4801,-3.66,-1.95,24.39,-21.52,-35.4689,-24.1829,0.53710622
5/21/12 19:00,1959.9711,64.8,264.3446,291.6974,-3.46,-1.63,14.1,-12.76,-3.2957,-13.6184,0.586232
5/21/12 19:30,1961.2461,56.3,254.27,290.9686,-2.96,-1.98,11.48,-9.55,0.0,-10.6071,0.55835713
5/21/12 20:00,1962.4961,58.9,254.2725,290.4613,-3.02,-1.82,10.99,-9.41,0.0,-9.519,0.8802712
5/21/12 20:30,1963.7461,66.3,254.32,290.3356,-3.89,-1.71,14.45,-13.23,0.0,-11.4666,0.5828277
5/21/12 21:00,1964.9961,59.0,254.3825,290.1801,-3.59,-2.16,15.26,-13.08,0.0,-10.792,0.9742068
5/21/12 21:30,1966.2461,60.8,254.375,290.0181,-3.78,-2.12,15.44,-13.47,0.0,-9.3969,0.5995607
5/21/12 22:00,1967.4711,54.4,244.1592,290.0225,-2.95,-2.11,12.68,-10.31,0.0,-6.3397,0.8845987
5/21/12 22:30,1968.6711,57.2,244.1784,290.0565,-3.0,-1.94,12.46,-10.48,0.0,-4.7692,0.7307128
5/21/12 23:00,1969.8461,48.8,234.0756,289.964,-2.21,-1.93,10.14,-7.63,0.0,-2.6238,0.6885341
5/21/12 23:30,1970.9961,37.0,234.071,289.8262,-1.42,-1.88,7.59,-4.57,0.0,-0.9912,0.49924925
5/22/12 0:00,1972.1461,46.1,234.0181,289.5633,-2.22,-2.14,9.39,-6.76,0.0,0.0,0.5995607
5/22/12 0:30,1973.2711,45.6,223.8786,289.3623,-2.03,-1.98,8.8,-6.29,0.0,1.1486,0.9623206
5/22/12 1:00,1974.3711,44.8,223.8258,289.2334,-2.09,-2.11,9.96,-7.02,0.0,2.5782,0.6256988
5/22/12 1:30,1975.4711,40.6,223.817,289.1398,-2.04,-2.38,10.67,-6.94,0.0,4.0815,0.9286815
5/22/12 2:00,1976.5711,42.5,223.8192,288.9591,-2.17,-2.37,10.66,-7.2,0.0,5.3285,0.9637631
5/22/12 2:30,1977.6711,44.3,223.7906,288.7931,-2.22,-2.27,10.39,-7.26,0.0,6.3261,0.6256988
5/22/12 3:00,1978.7711,44.1,223.74,288.7482,-2.1,-2.16,9.72,-6.77,0.0,6.8753,1.1414214
5/22/12 3:30,1979.8711,31.5,223.6652,288.6779,-1.44,-2.36,9.36,-4.89,0.0,7.4227,0.55453162
5/22/12 4:00,1980.9711,46.6,223.6388,288.481,-1.8,-1.7,8.77,-6.37,0.0,7.591,0.6463554
5/22/12 4:30,1982.0461,38.1,213.4629,288.2079,-1.25,-1.59,6.9,-4.26,0.0,6.3769,0.5713454
5/22/12 5:00,1983.0961,30.7,213.4797,287.99,-0.68,-1.15,4.25,-2.17,6.6968,4.1094,0.587963
5/22/12 5:30,1984.1461,8.2,213.5343,288.087,-0.2,-1.38,4.95,-0.71,21.44,4.9088,0.37695987
5/22/12 6:00,1985.1961,47.9,213.507,288.3173,-1.44,-1.3,7.58,-5.63,49.071,7.5836,0.43767758
5/22/12 6:30,1986.2711,43.8,223.63,288.4986,-2.19,-2.28,13.23,-9.16,80.076,13.1187,0.6847259
5/22/12 7:00,1987.3711,43.1,223.6322,288.5331,-2.34,-2.5,14.5,-9.91,64.4524,14.0067,1.4817937
5/22/12 7:30,1988.4711,44.6,223.586,288.435,-2.51,-2.55,14.66,-10.29,57.5983,13.5399,0.41889623
5/22/12 8:00,1989.5461,1.5,213.4356,288.1088,-0.06,-2.47,7.9,-0.21,58.9937,6.8417,0.55345263
5/22/12 8:30,1990.5961,341.9,213.3747,287.2558,0.63,-1.93,2.75,0.86,82.2945,2.1849,0.7499846
5/22/12 9:00,1991.6711,341.1,223.465,287.2222,0.72,-2.09,2.81,0.91,90.3548,1.9882,0.5981759
5/22/12 9:30,1992.7961,351.3,233.6156,287.2133,0.32,-2.08,2.58,0.39,102.4746,1.5712,0.9012163
5/22/12 10:00,1993.9461,0.4,233.5305,287.537,-0.02,-2.77,3.79,-0.03,107.143,1.8975,0.8783671
5/22/12 10:30,1995.0711,0.2,223.3088,287.7752,-0.01,-2.88,4.78,-0.02,39.5752,1.8299,0.7499846
5/22/12 11:00,1996.1711,353.1,223.2714,288.0075,0.33,-2.7,4.81,0.58,22.3734,1.2451,0.7499846
5/22/12 11:30,1997.2711,355.9,223.2934,287.9779,0.18,-2.57,3.63,0.26,13.2072,0.4734,0.7499846
5/22/12 12:00,1998.4211,354.5,243.492,287.8978,0.23,-2.39,1.87,0.18,0.0,0.0,0.9465108
5/22/12 12:30,1999.6211,339.7,243.3936,288.2198,0.88,-2.38,2.12,0.74,-12.713,-0.2766,0.7499846
5/22/12 13:00,2000.8461,,253.505,288.328,,,2.62,,-19.5429,-0.6773,0.57148388
5/22/12 13:30,2002.1461,3.5,273.6909,288.5771,-0.12,-2.02,1.49,-0.09,-14.4084,-0.5706,0.49012111
5/22/12 14:00,2003.5961,36.9,314.0021,288.893,-1.5,-2.0,2.11,-1.27,-19.828,-1.0567,0.43767758
5/22/12 14:30,2005.1961,,334.1316,289.1523,,,3.45,,-19.151,-2.103,0.24002046
5/22/12 15:00,2006.8961,37.9,354.1685,289.3442,-1.91,-2.45,3.43,-2.11,-38.3485,-2.4234,0.43767758
5/22/12 15:30,2008.6461,,354.2665,289.6344,,,4.58,,-30.7773,-3.63,0.49012111
5/22/12 16:00,2010.4461,,374.4474,289.7616,,,4.57,,-63.7239,-3.9544,0.5906749
5/22/12 16:30,2012.2961,,374.3919,290.128,,,5.45,,-90.9134,-5.0386,0.8765784
5/22/12 17:00,2014.1211,39.8,364.2012,290.1777,-1.87,-2.24,4.53,-2.9,-69.9726,-4.3744,0.5906749
5/22/12 17:30,2015.8961,,354.053,289.8261,,,6.89,,-43.0436,-6.829,0.43767758
5/22/12 18:00,2017.6461,,354.046,289.0128,,,6.86,,-22.676,-6.8601,0.24002046
5/22/12 18:30,2019.3961,,354.13,289.013,,,7.37,,-10.9783,-7.3089,0.6205058
5/22/12 19:00,2021.1461,,354.2595,288.614,,,5.67,,-0.7022,-5.4785,0.6463554
5/22/12 19:30,2022.8961,,354.151,288.2194,,,6.5,,0.0,-6.0057,0.6463554
5/22/12 20:00,2024.6711,,364.1724,287.8683,,,5.58,,0.0,-4.8345,0.6458361
5/22/12 20:30,2026.4961,,374.1181,288.062,,,6.7,,0.0,-5.3164,0.6463554
5/22/12 21:00,2028.3211,359.1,364.0572,288.1146,0.04,-2.63,5.15,0.08,0.0,-3.6408,0.6463554
5/22/12 21:30,2030.0961,0.3,353.78,287.9089,-0.02,-3.21,5.07,-0.03,0.0,-3.0866,0.6463554
5/22/12 22:00,2031.8461,,353.6855,287.8324,,,6.63,,0.0,-3.3169,0.6458361
5/22/12 22:30,2033.5961,,353.4895,287.8187,,,6.37,,0.0,-2.4395,0.6346423
5/22/12 23:00,2035.3961,,373.7111,287.8995,,,4.78,,0.0,-1.2376,0.6458361
5/22/12 23:30,2037.2711,,383.6176,287.7744,,,4.61,,0.0,-0.6022,0.5771154
5/23/12 0:00,2039.1711,,383.458,287.6998,,,4.9,,0.0,0.0,0.5771154
5/23/12 0:30,2041.0711,,383.2414,287.6515,,,5.3,,0.0,0.6912,0.5771154
5/23/12 1:00,2042.9461,342.2,373.182,287.7563,0.79,-2.45,4.02,1.23,0.0,1.0393,0.5771154
5/23/12 1:30,2044.7961,345.4,373.0784,287.8076,0.72,-2.76,4.98,1.26,0.0,1.9076,0.6346423
5/23/12 2:00,2046.6211,346.1,362.9016,287.8519,0.65,-2.64,5.34,1.28,0.0,2.6702,0.6463554
5/23/12 2:30,2048.4211,346.9,362.7648,287.7892,0.62,-2.66,5.35,1.21,0.0,3.255,0.17720824
5/23/12 3:00,2050.2211,330.5,362.7108,287.912,1.49,-2.64,6.33,3.11,0.0,4.4729,0.30579846
5/23/12 3:30,2052.0211,326.7,362.6532,288.0574,1.54,-2.34,6.36,3.49,0.0,5.0471,0.6463554
5/23/12 4:00,2053.8211,327.6,362.5704,288.146,1.58,-2.48,7.02,3.76,0.0,6.0827,0.6463554
5/23/12 4:30,2055.6211,328.9,362.5092,288.3417,1.64,-2.72,8.42,4.35,0.0,7.7796,0.6463554
5/23/12 5:00,2057.4211,329.0,362.4804,288.4057,1.49,-2.48,7.81,4.02,3.6956,7.5427,0.6367772
5/23/12 5:30,2059.2211,338.5,362.4948,288.4824,0.84,-2.14,6.35,2.33,29.4092,6.3005,0.2144709
5/23/12 6:00,2061.0211,336.4,362.448,288.5966,0.97,-2.21,6.83,2.73,78.572,6.8264,0.018172038
5/23/12 6:30,2062.8211,338.1,362.502,288.9499,1.07,-2.67,9.03,3.37,175.1655,8.9505,1.2958843
5/23/12 7:00,2064.6211,340.5,362.5056,289.5258,0.94,-2.65,10.0,3.34,342.214,9.6627,1.4553094
5/23/12 7:30,2066.4211,343.8,362.4732,290.2379,0.84,-2.9,12.89,3.6,481.2313,11.9128,0.15010078
5/23/12 8:00,2068.1961,336.3,352.3415,290.9098,1.15,-2.63,13.29,5.34,516.6811,11.5097,0.035865743
5/23/12 8:30,2069.9711,344.7,362.3256,291.3866,0.56,-2.05,11.03,2.91,543.8961,8.7542,0.12673805
5/23/12 9:00,2071.7711,352.8,362.2896,291.8774,0.23,-1.78,10.06,1.26,498.0082,7.1131,0.27605411
5/23/12 9:30,2073.5711,331.4,362.2644,292.3356,0.42,-0.77,5.24,2.51,418.8528,3.1926,0.21577492
5/23/12 10:00,2075.3711,328.0,362.1852,292.8346,0.39,-0.63,4.75,2.52,338.09,2.3774,0.7498115
5/23/12 10:30,2077.1711,288.7,362.0916,293.3702,1.01,-0.34,7.3,6.92,332.271,2.7938,0.09170838
5/23/12 11:00,2078.9711,279.1,362.0196,294.0107,0.75,-0.12,5.57,5.5,238.7393,1.4406,0.05300899
5/23/12 11:30,2080.7711,19.7,361.926,294.5321,-0.08,-0.23,1.96,-0.66,122.8249,0.2562,-0.10187512
5/23/12 12:00,2082.5711,288.9,361.8612,295.4045,0.31,-0.11,2.9,2.74,0.0,0.0,0.688938
5/23/12 12:30,2084.3711,33.9,361.7424,296.2375,-0.21,-0.31,3.52,-1.96,-128.3216,-0.459,0.8756552
5/23/12 13:00,2086.1711,58.8,361.6704,296.6715,-1.01,-0.61,11.8,-10.09,-244.7284,-3.0536,0.8086078
5/23/12 13:30,2087.9711,94.5,361.6596,296.8647,-3.04,0.24,26.27,-26.19,-320.9329,-10.0518,0.5969065
5/23/12 14:00,2089.7711,89.9,361.7316,295.7306,-4.21,-0.01,29.63,-29.63,-434.301,-14.8129,0.55958614
5/23/12 14:30,2091.5711,98.6,361.7892,295.078,-4.09,0.62,27.48,-27.17,-415.7433,-16.729,1.2155659
5/23/12 15:00,2093.3711,99.8,361.8396,294.5122,-4.45,0.77,28.39,-27.98,-488.5528,-20.0755,1.5084511
5/23/12 15:30,2095.1711,101.6,361.9692,294.1085,-4.52,0.93,27.84,-27.28,-506.2586,-22.0899,0.9113138
5/23/12 16:00,2096.9711,104.0,362.052,293.5895,-4.79,1.19,28.15,-27.31,-399.1199,-24.376,0.7690256
5/23/12 16:30,2098.7711,100.1,362.106,292.5238,-4.89,0.87,24.78,-24.4,-307.2297,-22.894,2.1280337
5/23/12 17:00,2100.5711,99.6,362.16,291.915,-4.34,0.73,19.54,-19.27,-208.3869,-18.8789,1.4991037
5/23/12 17:30,2102.3711,96.6,362.214,291.3465,-4.34,0.5,17.91,-17.79,-139.9365,-17.7566,1.6438153
5/23/12 18:00,2104.1711,106.7,362.3652,290.8964,-3.85,1.15,15.11,-14.47,-68.443,-15.1074,1.0841253
5/23/12 18:30,2105.9461,112.6,352.408,290.5463,-3.91,1.63,14.93,-13.78,-21.2923,-14.8021,0.6758401
5/23/12 19:00,2107.6961,105.2,352.408,290.1819,-3.72,1.01,11.98,-11.56,-1.8275,-11.5738,0.6367772
5/23/12 19:30,2109.4461,108.6,352.485,289.966,-3.55,1.2,10.42,-9.87,0.0,-9.6237,0.6463554
5/23/12 20:00,2111.1961,126.1,352.7125,289.6974,-2.86,2.08,9.81,-7.92,0.0,-8.493,0.26262732
5/23/12 20:30,2112.9461,125.6,352.7965,289.5127,-2.83,2.03,9.23,-7.5,0.0,-7.3205,0.6463554
5/23/12 21:00,2114.6961,111.2,352.7965,289.3541,-2.82,1.09,7.76,-7.24,0.0,-5.4875,0.6463554
5/23/12 21:30,2116.4461,108.2,352.8035,289.2649,-2.3,0.75,6.19,-5.88,0.0,-3.7697,0.2764984
5/23/12 22:00,2118.1711,105.3,342.7608,289.3885,-2.06,0.56,5.63,-5.43,0.0,-2.8136,0.6463554
5/23/12 22:30,2119.8711,87.7,342.6588,289.3402,-2.01,-0.08,5.37,-5.37,0.0,-2.0553,0.995902
5/23/12 23:00,2121.5711,103.1,342.6622,289.3971,-2.2,0.51,5.94,-5.78,0.0,-1.537,0.6524139
5/23/12 23:30,2123.2961,116.0,352.8,289.4913,-2.16,1.06,6.45,-5.8,0.0,-0.8423,0.6524139
5/24/12 0:00,2125.0211,135.1,342.7404,289.563,-1.66,1.67,6.07,-4.29,0.0,0.0,0.6524139
5/24/12 0:30,2126.7461,137.2,352.8175,289.5281,-1.88,2.03,6.61,-4.49,0.0,0.8623,0.11526729
5/24/12 1:00,2128.4711,137.0,342.7234,289.5846,-1.09,1.17,3.97,-2.71,0.0,1.0273,0.6524139
5/24/12 1:30,2130.1711,145.3,342.635,289.587,-1.64,2.37,7.12,-4.05,0.0,2.7257,0.6524139
5/24/12 2:00,2131.8711,90.7,342.5942,289.213,-0.99,0.01,1.91,-1.91,0.0,0.9543,0.6524139
5/24/12 2:30,2133.5711,82.6,342.6588,289.027,-0.63,-0.08,1.08,-1.07,0.0,0.6551,0.6524139
5/24/12 3:00,2135.2711,95.8,342.6996,289.191,-1.06,0.11,1.87,-1.86,0.0,1.3244,0.7065365
5/24/12 3:30,2136.9711,105.3,342.6724,288.9608,-0.87,0.24,1.45,-1.4,0.0,1.1484,0.7065365
5/24/12 4:00,2138.6711,67.6,342.771,288.7475,-0.53,-0.22,0.77,-0.71,0.0,0.6637,0.6959197
5/24/12 4:30,2140.3711,45.5,342.8254,288.8783,-0.42,-0.41,0.74,-0.53,0.0,0.6859,0.6959197
5/24/12 5:00,2142.0711,337.5,342.8662,288.8345,0.18,-0.45,0.58,0.22,14.2542,0.5647,-0.6551258
5/24/12 5:30,2143.7711,174.5,342.89,288.9886,-0.04,0.42,0.48,-0.05,57.596,0.4711,0.46471003
5/24/12 6:00,2145.4711,72.3,342.873,289.4384,-0.33,-0.11,0.53,-0.5,100.571,0.5287,0.9268351
5/24/12 6:30,2147.1711,64.2,342.8492,290.399,-0.53,-0.25,1.16,-1.04,247.3417,1.1507,0.6346423
5/24/12 7:00,2148.8711,284.2,342.8696,291.1515,0.38,-0.1,0.91,0.89,340.7738,0.8824,1.4553094
5/24/12 7:30,2150.5461,299.4,332.8941,291.8113,0.91,-0.52,3.13,2.73,422.8726,2.8918,0.4649466
5/24/12 8:00,2152.1961,310.5,332.9436,292.2811,0.74,-0.63,3.27,2.49,471.091,2.8339,0.15010078
5/24/12 8:30,2153.8461,294.8,333.0492,292.8919,1.39,-0.64,5.71,5.19,471.2455,4.5332,0.17888154
5/24/12 9:00,2155.4711,276.7,323.056,293.6657,1.67,-0.2,7.19,7.14,485.5752,5.0821,0.9377981
5/24/12 9:30,2157.0711,292.8,322.9056,294.3679,0.78,-0.33,4.4,4.06,492.4527,2.6778,1.087068
5/24/12 10:00,2158.6711,320.6,322.752,295.0545,0.47,-0.57,5.01,3.18,416.2,2.5032,0.43152099
5/24/12 10:30,2160.2711,54.2,322.6752,295.585,-0.35,-0.26,3.47,-2.82,340.8573,1.329,-0.028027775
5/24/12 11:00,2161.8711,314.0,322.4608,296.5798,0.24,-0.23,3.14,2.26,229.6667,0.8136,0.51524369
5/24/12 11:30,2163.4711,240.4,322.4192,297.6285,0.69,0.39,8.47,7.36,114.2816,1.1054,1.0692964
5/24/12 12:00,2165.0711,204.0,322.2752,298.8217,0.58,1.31,19.34,7.87,0.0,0.0,1.1596546
5/24/12 12:30,2166.6711,175.0,322.1248,299.5826,-0.14,1.6,24.81,-2.16,-104.4009,-3.2378,0.6111584
5/24/12 13:00,2168.2711,217.6,322.0192,299.9512,0.49,0.64,14.24,8.69,-203.1779,-3.6851,0.8001259
5/24/12 13:30,2169.8711,212.9,322.0448,300.549,0.89,1.37,31.89,17.32,-251.7919,-12.2021,1.0202514
5/24/12 14:00,2171.4711,177.5,322.0672,300.9248,-0.1,2.36,47.22,-2.06,-344.6115,-23.6093,0.8755398
5/24/12 14:30,2173.0711,159.4,322.0416,301.2369,-0.86,2.28,47.61,-16.75,-382.7612,-28.9855,1.1098018
5/24/12 15:00,2174.6461,176.3,311.8724,301.4594,-0.18,2.72,56.15,-3.62,-332.1952,-39.7042,0.9808423
5/24/12 15:30,2176.1961,177.1,311.7608,301.067,-0.18,3.64,69.86,-3.53,-266.2692,-55.4272,1.3531227
5/24/12 16:00,2177.7461,178.1,311.7484,300.3985,-0.13,4.05,63.32,-2.1,-239.6535,-54.8362,1.2279714
5/24/12 16:30,2179.2961,180.6,311.7453,299.9472,0.04,3.78,54.54,0.57,-333.1048,-50.3848,0.1777737
5/24/12 17:00,2180.8461,184.4,311.7267,299.1965,0.27,3.49,42.14,3.23,-182.9338,-40.706,1.150538
5/24/12 17:30,2182.3961,187.5,311.8197,298.7399,0.5,3.79,40.37,5.27,-137.6264,-40.0253,0.39684329
5/24/12 18:00,2183.9211,195.9,301.842,298.0262,0.92,3.23,33.34,9.13,-58.611,-33.335,0.23414083
5/24/12 18:30,2185.4211,183.3,301.95,297.5109,0.16,2.7,23.3,1.34,-17.6467,-23.103,0.83665
5/24/12 19:00,2186.9211,188.9,302.046,297.2912,0.37,2.36,20.41,3.16,-0.849,-19.7186,0.7299627
5/24/12 19:30,2188.4211,181.8,302.121,296.9559,0.07,2.31,18.19,0.57,0.0,-16.8065,0.52440068
5/24/12 20:00,2189.9211,179.3,302.208,296.4903,-0.03,2.81,16.26,-0.2,0.0,-14.0783,0.49024805
5/24/12 20:30,2191.4211,175.8,302.253,296.1025,-0.19,2.57,13.02,-0.95,0.0,-10.3268,0.07764112
5/24/12 21:00,2192.9211,155.3,302.316,295.8495,-0.95,2.07,9.9,-4.13,0.0,-6.997,0.46076912
5/24/12 21:30,2194.4211,156.1,302.406,295.6314,-0.82,1.86,7.74,-3.14,0.0,-4.713,0.43014773
5/24/12 22:00,2195.9211,150.6,302.388,295.4798,-1.22,2.17,8.34,-4.1,0.0,-4.1712,0.44999653
5/24/12 22:30,2197.4211,144.6,302.364,295.2061,-1.17,1.64,5.93,-3.44,0.0,-2.2712,0.47910041
5/24/12 23:00,2198.9211,145.9,302.361,295.0679,-0.87,1.28,4.28,-2.4,0.0,-1.1079,0.51730935
5/24/12 23:30,2200.4211,141.9,302.316,294.9725,-0.95,1.22,4.18,-2.58,0.0,-0.5459,0.24145142
5/25/12 0:00,2201.9211,146.1,302.205,295.0125,-1.11,1.65,5.92,-3.3,0.0,0.0,0.26998984
5/25/12 0:30,2203.4211,151.0,302.127,294.9887,-0.79,1.42,5.18,-2.51,0.0,0.6755,0.53135353
5/25/12 1:00,2204.9211,123.2,302.082,294.5886,-0.98,0.64,3.03,-2.54,0.0,0.7842,0.5334365
5/25/12 1:30,2206.4211,92.1,302.091,294.2069,-1.01,0.04,2.13,-2.13,0.0,0.8151,0.5887131
5/25/12 2:00,2207.9211,109.3,301.986,293.976,-1.09,0.38,2.26,-2.13,0.0,1.1304,0.5887131
5/25/12 2:30,2209.4211,118.7,301.971,293.853,-1.14,0.62,2.31,-2.03,0.0,1.407,0.5887131
5/25/12 3:00,2210.9211,125.6,301.947,293.8093,-0.97,0.69,2.03,-1.65,0.0,1.4381,0.5887131
5/25/12 3:30,2212.4211,101.7,301.923,293.3121,-0.87,0.18,1.17,-1.14,0.0,0.9254,0.7216539
5/25/12 4:00,2213.9211,99.5,301.887,292.8328,-1.11,0.19,1.07,-1.06,0.0,0.931,0.7757765
5/25/12 4:30,2215.4211,106.2,301.92,292.4912,-0.77,0.22,0.66,-0.63,0.0,0.609,0.7269046
5/25/12 5:00,2216.9211,120.7,301.881,292.3585,-1.07,0.64,0.9,-0.78,11.7186,0.8735,0.7531004
5/25/12 5:30,2218.4211,105.5,301.92,292.6622,-1.0,0.28,0.83,-0.8,39.9225,0.8214,0.597195
5/25/12 6:00,2219.9211,92.8,301.95,293.0259,-1.01,0.05,1.0,-1.0,87.245,1.0039,0.54541502
5/25/12 6:30,2221.4461,119.4,312.0553,293.7534,-0.95,0.54,1.47,-1.28,228.1434,1.461,0.8936576
5/25/12 7:00,2222.9961,162.8,312.0615,294.9225,-0.57,1.85,5.49,-1.62,269.643,5.304,1.9289687
5/25/12 7:30,2224.5461,175.1,312.1235,295.2666,-0.13,1.56,6.17,-0.53,253.2696,5.7048,0.6364887
5/25/12 8:00,2226.0961,156.7,312.0615,295.6851,-0.92,2.13,12.73,-5.04,404.905,11.0276,1.2230092
5/25/12 8:30,2227.6211,172.8,301.959,296.1727,-0.28,2.24,14.69,-1.84,364.2341,11.6579,1.0601221
5/25/12 9:00,2229.0711,189.1,281.7892,296.2675,0.41,2.55,19.29,3.05,321.7364,13.6406,1.0601221
5/25/12 9:30,2230.4461,188.7,271.6713,296.2346,0.33,2.14,18.31,2.77,208.3772,11.1453,0.7877204
5/25/12 10:00,2231.7961,176.6,271.6524,296.3918,-0.13,2.15,19.61,-1.16,154.0565,9.8053,0.6232177
5/25/12 10:30,2233.1461,184.8,271.6875,296.3589,0.17,2.02,18.79,1.57,96.3096,7.1922,0.9050245
5/25/12 11:00,2234.4961,180.2,271.7253,296.188,0.01,2.39,21.33,0.07,43.0895,5.5194,0.951473
5/25/12 11:30,2235.8211,178.5,261.6094,296.0475,-0.07,2.79,22.41,-0.59,24.4913,2.9252,1.4328641
5/25/12 12:00,2237.1211,173.4,261.573,295.8558,-0.22,1.89,15.0,-1.72,0.0,0.0,1.4328641
5/25/12 12:30,2238.4211,175.9,261.5392,295.6085,-0.15,2.14,15.88,-1.14,-23.0092,-2.073,1.0589104
5/25/12 13:00,2239.7211,173.0,261.4586,295.2261,-0.16,1.33,9.68,-1.18,-44.8526,-2.5055,1.0670461
5/25/12 13:30,2241.0211,6.3,261.2506,295.2439,-0.17,-1.54,9.82,-1.08,-63.4539,-3.7568,1.0670461
5/25/12 14:00,2242.3461,172.3,271.4877,295.4162,-0.25,1.85,11.55,-1.55,-124.2625,-5.7748,1.3117518
5/25/12 14:30,2243.6961,176.8,271.458,295.4128,-0.1,1.7,8.59,-0.48,-92.4526,-5.2293,1.0670461
5/25/12 15:00,2245.0461,152.3,271.4094,295.3017,-0.42,0.8,4.21,-1.96,-111.452,-2.9776,1.0670461
5/25/12 15:30,2246.3961,44.5,271.2501,295.3255,-1.1,-1.11,6.76,-4.74,-156.128,-5.3655,1.1226689
5/25/12 16:00,2247.7461,123.0,271.1772,295.4203,-1.18,0.76,5.92,-4.96,-115.4152,-5.1238,0.47685011
5/25/12 16:30,2249.0961,158.1,271.2312,295.2925,-0.91,2.26,8.94,-3.33,-84.6939,-8.2574,0.33862399
5/25/12 17:00,2250.4461,135.9,271.2069,295.2716,-1.08,1.11,6.18,-4.3,-84.506,-5.9727,0.33862399
5/25/12 17:30,2251.7961,108.1,271.1448,295.2923,-1.42,0.46,6.04,-5.74,-54.5463,-5.9862,0.37106293
5/25/12 18:00,2253.1461,83.3,271.0827,295.1281,-1.12,-0.13,4.23,-4.2,-21.501,-4.227,0.53495401
5/25/12 18:30,2254.4961,356.8,271.2285,295.0459,0.03,-0.47,1.54,0.09,-1.7479,-1.5242,0.53135353
5/25/12 19:00,2255.9961,,331.6797,292.7538,,,1.32,,-0.4492,-1.2784,0.7996066
5/25/12 19:30,2257.7461,,371.9425,292.1748,,,1.01,,0.0,-0.9325,0.7646404
5/25/12 20:00,2259.6461,,392.0319,291.763,,,0.92,,0.0,-0.7979,0.7957984
5/25/12 20:30,2261.5961,,391.9734,291.6337,,,1.23,,0.0,-0.9773,0.7420797
5/25/12 21:00,2263.5461,,392.0553,291.7185,,,1.37,,0.0,-0.9717,0.7957984
5/25/12 21:30,2265.4711,,382.0368,291.8132,,,1.39,,0.0,-0.8491,0.7914709
5/25/12 22:00,2267.3961,,392.067,291.892,,,1.66,,0.0,-0.8297,0.7798732
5/25/12 22:30,2269.3461,,392.0514,291.7192,,,1.63,,0.0,-0.6235,0.7957984
5/25/12 23:00,2271.3211,,402.148,291.9887,,,2.01,,0.0,-0.5193,0.7798732
5/25/12 23:30,2273.2961,,392.028,291.8807,,,2.56,,0.0,-0.3336,0.7798732
5/26/12 0:00,2275.2211,276.2,382.0596,291.7073,1.27,-0.14,1.62,1.61,0.0,0.0,0.7957984
5/26/12 0:30,2277.1211,311.8,382.0558,291.5735,0.61,-0.55,0.81,0.6,0.0,0.1056,0.76164
5/26/12 1:00,2279.0211,327.1,382.0596,291.5297,0.54,-0.83,1.05,0.57,0.0,0.2722,0.76164
5/26/12 1:30,2280.8961,332.5,371.9906,291.3473,0.41,-0.78,0.83,0.38,0.0,0.3189,0.76164
5/26/12 2:00,2282.7461,345.2,371.9795,290.9477,0.11,-0.43,0.34,0.09,0.0,0.1708,0.7315783
5/26/12 2:30,2284.5961,327.9,372.0535,290.7441,0.61,-0.98,0.76,0.4,0.0,0.4606,0.7164032
5/26/12 3:00,2286.4461,335.8,372.1497,290.459,0.27,-0.61,0.37,0.15,0.0,0.2623,0.6986316
5/26/12 3:30,2288.2961,51.9,372.2015,290.105,-0.2,-0.15,0.11,-0.09,0.0,0.0885,0.6986316
5/26/12 4:00,2290.1461,107.8,372.2052,289.7996,-0.64,0.2,0.25,-0.24,0.0,0.2167,0.6986316
5/26/12 4:30,2291.9961,98.4,372.1423,289.2852,-0.62,0.09,0.18,-0.18,0.0,0.1675,0.6767633
5/26/12 5:00,2293.8461,358.5,372.2607,289.3166,0.01,-0.2,0.05,0.0,15.278,0.0435,0.6513176
5/26/12 5:30,2295.7211,94.2,382.4624,289.3936,-0.37,0.03,0.08,-0.08,57.8736,0.0818,0.5295706
5/26/12 6:00,2297.5961,80.8,372.5308,289.5923,-0.23,-0.04,0.05,-0.05,150.874,0.052,1.1190338
5/26/12 6:30,2299.4461,28.9,372.7195,290.5185,-0.13,-0.24,0.12,-0.06,247.3437,0.1148,0.6346423
5/26/12 7:00,2301.2961,125.1,372.8046,291.3998,-0.16,0.11,0.3,-0.25,310.38,0.2906,1.4553094
5/26/12 7:30,2303.1461,118.1,372.7935,292.1552,-0.13,0.07,0.49,-0.43,422.2296,0.4505,0.33571014
5/26/12 8:00,2304.9961,213.5,372.8416,292.6204,0.15,0.22,1.23,0.68,360.1115,1.0636,0.1231318
5/26/12 8:30,2306.8461,219.4,372.8268,293.0691,0.44,0.54,3.78,2.4,459.0945,3.0001,0.577577
5/26/12 9:00,2308.6961,249.2,372.8231,293.4856,0.64,0.24,4.11,3.84,420.6911,2.9032,0.53960463
5/26/12 9:30,2310.5461,207.6,372.8046,294.0805,0.36,0.68,5.76,2.67,436.2403,3.5058,0.53313069
5/26/12 10:00,2312.3961,216.4,372.7639,294.5498,0.21,0.28,3.22,1.91,392.5825,1.6106,1.2963459
5/26/12 10:30,2314.2211,303.5,362.6244,294.995,0.5,-0.33,6.36,5.3,358.861,2.4336,0.41129137
5/26/12 11:00,2316.0211,238.6,362.6064,295.5197,0.42,0.25,5.54,4.73,235.1301,1.4333,0.6486634
5/26/12 11:30,2317.8211,318.5,362.5632,295.7814,0.26,-0.3,4.9,3.24,130.7311,0.6392,0.6734744
5/26/12 12:00,2319.6211,157.9,362.484,296.5479,-0.28,0.7,10.12,-3.81,0.0,0.0,0.48734574
5/26/12 12:30,2321.3961,270.0,352.2995,296.7919,0.65,0.0,9.33,9.33,-125.2434,-1.2181,0.933586
5/26/12 13:00,2323.1211,268.5,342.1658,297.3779,0.71,0.02,12.0,12.0,-194.7279,-3.1064,0.42220821
5/26/12 13:30,2324.8211,214.6,342.1488,297.8047,0.3,0.44,9.59,5.45,-216.3306,-3.671,0.9531463
5/26/12 14:00,2326.5211,158.4,342.1386,297.9065,-0.33,0.84,15.94,-5.87,-240.165,-7.971,1.2159698
5/26/12 14:30,2328.2211,143.2,342.04,298.0443,-1.05,1.4,29.15,-17.46,-239.8624,-17.744,0.6484326
5/26/12 15:00,2329.9211,119.7,341.9788,298.0686,-1.47,0.84,29.42,-25.55,-236.8914,-20.7996,0.700478
5/26/12 15:30,2331.6211,143.3,341.9414,298.1039,-1.44,1.94,40.45,-24.17,-210.2315,-32.0903,0.43525995
5/26/12 16:00,2333.3211,130.0,341.989,297.9812,-1.77,1.48,36.22,-27.75,-196.7913,-31.3701,0.8367654
5/26/12 16:30,2335.0211,126.7,342.0298,298.1156,-2.09,1.56,42.66,-34.2,-270.863,-39.4101,0.616236
5/26/12 17:00,2336.7211,126.7,342.0706,297.8472,-2.79,2.08,52.75,-42.29,-177.1817,-50.9509,1.0454086
5/26/12 17:30,2338.4211,146.0,342.2372,297.3222,-2.03,3.01,52.49,-29.35,-124.0496,-52.0445,1.2488588
5/26/12 18:00,2340.1211,146.8,342.3528,296.49,-2.19,3.34,58.95,-32.28,-79.061,-58.9462,0.12599372
5/26/12 18:30,2341.8211,147.8,342.4684,295.8422,-2.05,3.26,52.04,-27.73,-33.3958,-51.5932,0.7832775
5/26/12 19:00,2343.5211,150.1,342.5976,295.1459,-1.68,2.91,42.26,-21.06,-3.6667,-40.8171,0.5967334
5/26/12 19:30,2345.2211,157.9,342.7336,294.6276,-1.15,2.83,37.57,-14.13,0.0,-34.7078,0.50987759
5/26/12 20:00,2346.8961,154.6,332.7489,294.1887,-0.92,1.94,24.03,-10.31,0.0,-20.8087,0.44793087
5/26/12 20:30,2348.5461,118.4,332.8776,293.594,-1.2,0.65,13.61,-11.97,0.0,-10.8,0.41604585
5/26/12 21:00,2350.1961,113.5,333.0162,293.1878,-1.3,0.56,13.19,-12.1,0.0,-9.3298,0.44237436
5/26/12 21:30,2351.8461,115.2,333.0129,292.7445,-1.24,0.58,10.93,-9.89,0.0,-6.6524,0.6966121
5/26/12 22:00,2353.4961,108.1,333.069,292.6487,-0.71,0.23,5.47,-5.2,0.0,-2.7346,0.6592802
5/26/12 22:30,2355.1461,84.0,333.0558,292.5192,-1.13,-0.12,8.28,-8.24,0.0,-3.1699,0.693554
5/26/12 23:00,2356.7961,110.5,333.036,291.945,-0.62,0.23,4.03,-3.78,0.0,-1.0434,0.8608263
5/26/12 23:30,2358.4461,80.8,333.0657,291.9188,-0.53,-0.09,3.15,-3.11,0.0,-0.4114,0.8986775
5/27/12 0:00,2360.0961,82.0,333.0327,291.6179,-0.56,-0.08,2.8,-2.77,0.0,0.0,0.9361825
5/27/12 0:30,2361.7461,125.5,333.0657,291.3139,-0.78,0.56,4.49,-3.66,0.0,0.5865,0.9950365
5/27/12 1:00,2363.3961,124.5,333.0921,291.231,-0.54,0.37,3.06,-2.53,0.0,0.7932,0.9896127
5/27/12 1:30,2365.0461,9.1,333.0525,290.9059,-0.09,-0.57,1.94,-0.31,0.0,0.7417,0.9841889
5/27/12 2:00,2366.6961,51.5,333.036,290.2829,-0.32,-0.25,1.15,-0.9,0.0,0.5773,0.954935
5/27/12 2:30,2368.3461,61.5,333.0954,289.6933,-0.38,-0.21,0.82,-0.72,0.0,0.4989,0.9673982
5/27/12 3:00,2369.9961,110.1,333.0822,289.5567,-0.34,0.12,0.73,-0.69,0.0,0.5193,0.9955558
5/27/12 3:30,2371.6461,43.6,333.0987,289.4385,-0.38,-0.39,0.98,-0.68,0.0,0.7774,1.0214054
5/27/12 4:00,2373.2961,71.1,333.1515,289.2365,-0.83,-0.28,1.74,-1.65,0.0,1.508,1.0214054
5/27/12 4:30,2374.9461,87.2,333.2208,289.1631,-0.64,-0.03,1.48,-1.48,0.0,1.3685,1.0400425
5/27/12 5:00,2376.5711,68.1,323.2032,289.446,-1.01,-0.4,3.12,-2.9,17.4823,3.0176,1.0240019
5/27/12 5:30,2378.1711,69.5,323.2768,289.5409,-0.85,-0.32,2.71,-2.53,71.2175,2.6829,0.9317396
5/27/12 6:00,2379.7961,4.3,333.4881,289.9405,-0.03,-0.38,1.03,-0.08,145.554,1.0348,0.7762381
5/27/12 6:30,2381.4461,107.2,333.5574,290.8963,-0.18,0.06,0.74,-0.71,248.0407,0.7355,1.114187
5/27/12 7:00,2383.1211,77.2,343.6856,292.0366,-1.05,-0.24,5.73,-5.59,330.706,5.5363,2.1652502
5/27/12 7:30,2384.8211,75.3,343.7264,293.1667,-1.07,-0.28,6.18,-5.98,418.9323,5.7087,0.7882397
5/27/12 8:00,2386.5211,117.3,343.7264,294.4756,-0.81,0.42,5.81,-5.16,481.4937,5.0318,1.1524998
5/27/12 8:30,2388.1961,186.4,333.5904,295.7393,0.1,0.92,7.49,0.83,515.6844,5.941,1.4515012
5/27/12 9:00,2389.8211,223.3,323.4464,296.3707,1.07,1.13,16.88,11.57,517.5548,11.9334,1.6978802
5/27/12 9:30,2391.4211,199.9,323.4272,296.9002,0.59,1.64,19.0,6.47,484.8432,11.5659,1.3991673
5/27/12 10:00,2393.0211,194.1,323.4048,297.4825,0.41,1.63,21.04,5.13,414.228,10.5223,0.9624937
5/27/12 10:30,2394.6211,188.3,323.376,298.0533,0.32,2.22,38.07,5.5,350.4649,14.5679,-0.22169494
5/27/12 11:00,2396.2211,175.2,323.3312,298.6268,-0.26,3.05,57.56,-4.82,249.2487,14.8977,0.5247815
5/27/12 11:30,2397.7961,185.1,313.1744,299.0235,0.29,3.3,65.75,5.84,127.4035,8.582,0.8117236
5/27/12 12:00,2399.3461,172.0,313.0814,299.2937,-0.46,3.3,66.2,-9.21,0.0,0.0,0.7453686
5/27/12 12:30,2400.8961,187.2,313.0101,299.4853,0.39,3.12,63.24,7.93,-124.8688,-8.2544,0.9045629
5/27/12 13:00,2402.4211,181.8,302.829,299.7116,0.1,3.23,67.29,2.11,-245.5453,-17.4159,0.7703527
5/27/12 13:30,2403.9211,191.0,302.787,300.0283,0.56,2.9,61.58,11.75,-346.3825,-23.5666,0.8745589
5/27/12 14:00,2405.3961,187.3,292.6303,300.1446,0.4,3.14,66.84,8.49,-426.444,-33.4198,1.1074938
5/27/12 14:30,2406.8461,164.4,292.5694,300.2679,-0.91,3.24,65.91,-17.72,-447.1882,-40.1241,2.0697567
5/27/12 15:00,2408.3211,163.4,302.646,300.0988,-1.32,4.41,86.11,-24.6,-424.0597,-60.8886,0.6800522
5/27/12 15:30,2409.8461,156.5,312.7404,299.9351,-1.94,4.47,88.06,-35.11,-392.8186,-69.8599,0.914545
5/27/12 16:00,2411.4211,155.6,322.8736,299.4401,-2.34,5.15,99.5,-41.11,-407.3333,-86.172,0.8628458
5/27/12 16:30,2413.0211,146.5,322.9024,298.9964,-2.79,4.21,83.03,-45.83,-285.1388,-76.7093,0.4144591
5/27/12 17:00,2414.6211,140.9,323.0176,298.6298,-3.29,4.04,82.14,-51.8,-278.5122,-79.3371,0.30301155
5/27/12 17:30,2416.2211,142.5,323.0752,298.0616,-3.14,4.09,74.1,-45.11,-205.4978,-73.4648,0.7200383
5/27/12 18:00,2417.7711,149.2,302.934,297.4871,-2.31,3.88,63.88,-32.71,-117.168,-63.8806,0.814147
5/27/12 18:30,2419.2211,148.1,282.7944,296.7682,-1.84,2.96,43.67,-23.08,-38.48,-43.2988,0.8232059
5/27/12 19:00,2420.5711,145.6,262.6962,296.1272,-1.71,2.5,31.98,-18.07,-4.2462,-30.8918,0.56525805
5/27/12 19:30,2421.8461,149.8,252.6725,295.7543,-1.62,2.78,31.28,-15.74,0.0,-28.901,0.21332267
5/27/12 20:00,2423.0961,149.8,252.815,295.4927,-1.07,1.85,18.87,-9.49,0.0,-16.3396,0.44817898
5/27/12 20:30,2424.3211,145.6,242.7936,295.2527,-1.26,1.83,19.92,-11.26,0.0,-15.8074,0.49919732
5/27/12 21:00,2425.5211,132.5,242.8728,294.6726,-1.35,1.24,15.49,-11.42,0.0,-10.951,0.49388315
5/27/12 21:30,2426.7211,146.1,242.9184,294.6896,-1.34,1.99,22.13,-12.34,0.0,-13.4697,0.6420279
5/27/12 22:00,2427.9211,144.7,242.9448,294.5559,-1.1,1.55,16.23,-9.38,0.0,-8.1149,0.46532165
5/27/12 22:30,2429.0961,128.9,232.8152,294.2089,-0.95,0.76,8.56,-6.66,0.0,-3.2773,0.51598225
5/27/12 23:00,2430.2461,78.9,232.8543,293.7757,-0.43,-0.08,2.52,-2.47,0.0,-0.6511,0.5589399
5/27/12 23:30,2431.3961,33.2,232.8405,293.6342,-0.3,-0.46,2.93,-1.6,0.0,-0.3819,0.5589399
5/28/12 0:00,2432.5461,99.1,232.8175,293.4531,-0.66,0.11,3.1,-3.06,0.0,0.0,0.5792503
5/28/12 0:30,2433.6961,120.9,232.8336,293.2344,-0.69,0.41,3.56,-3.06,0.0,0.4647,0.7144414
5/28/12 1:00,2434.8461,115.0,232.7991,293.027,-0.74,0.34,3.14,-2.85,0.0,0.813,0.8142047
5/28/12 1:30,2435.9961,115.9,232.7761,293.0275,-0.63,0.31,2.51,-2.25,0.0,0.9591,0.8755975
5/28/12 2:00,2437.1461,128.2,232.7807,293.091,-0.46,0.36,1.9,-1.49,0.0,0.9491,0.8142047
5/28/12 2:30,2438.2961,139.3,232.7439,293.2707,-0.67,0.78,3.19,-2.08,0.0,1.9438,0.774334
5/28/12 3:00,2439.4461,156.9,232.7416,293.5711,-0.67,1.56,5.77,-2.26,0.0,4.0775,0.5838086
5/28/12 3:30,2440.5961,159.8,232.7738,293.474,-0.45,1.24,4.2,-1.45,0.0,3.332,0.6958043
5/28/12 4:00,2441.7461,148.9,232.8451,293.3731,-0.54,0.89,3.12,-1.61,0.0,2.6982,0.7320976
5/28/12 4:30,2442.8961,162.5,232.9417,293.293,-0.37,1.18,3.74,-1.12,0.0,3.4544,0.774334
5/28/12 5:00,2444.0461,151.3,233.0015,293.0417,-0.76,1.39,4.51,-2.17,1.5339,4.3569,0.8854065
5/28/12 5:30,2445.1961,157.6,233.0383,292.8598,-0.38,0.93,2.44,-0.93,16.3043,2.4186,1.0723545
5/28/12 6:00,2446.3461,156.9,233.0774,293.0115,-0.46,1.07,3.11,-1.22,66.301,3.106,0.39722411
5/28/12 6:30,2447.4961,192.5,233.0981,293.3081,0.28,1.27,3.81,0.82,134.4241,3.7732,1.4418653
5/28/12 7:00,2448.6711,244.0,243.3144,293.6559,1.21,0.59,5.71,5.13,316.1871,5.5128,1.6176195
5/28/12 7:30,2449.8961,234.3,253.5,294.216,1.05,0.76,6.91,5.61,398.1773,6.3821,0.9256811
5/28/12 8:00,2451.0961,217.8,233.22,294.9112,0.9,1.16,8.86,5.43,479.1225,7.6733,0.7528696
5/28/12 8:30,2452.2211,212.1,223.0712,295.7903,0.77,1.23,10.21,5.43,497.8007,8.1028,1.5282999
5/28/12 9:00,2453.3211,210.1,223.0558,296.6931,0.98,1.69,16.85,8.45,451.5315,11.9161,1.718306
5/28/12 9:30,2454.4211,192.6,223.0118,297.1986,0.55,2.47,24.23,5.28,400.5108,14.7476,1.7466367
5/28/12 10:00,2455.5461,196.2,233.0889,297.8243,0.89,3.07,37.84,10.56,430.4625,18.9184,1.1729256
5/28/12 10:30,2456.6961,182.1,233.0268,298.2426,0.17,4.58,60.57,2.22,357.0444,23.1776,1.3111748
5/28/12 11:00,2457.8711,179.5,243.1272,298.5702,-0.04,4.78,66.92,-0.58,247.5822,17.3214,1.5835765
5/28/12 11:30,2459.0961,179.4,253.1925,298.7661,-0.06,5.62,84.1,-0.88,128.2606,10.9774,1.5052199
5/28/12 12:00,2460.3211,186.5,242.964,298.9957,0.6,5.25,78.51,8.89,0.0,0.0,1.5429557
5/28/12 12:30,2461.5211,187.4,242.82,299.3914,0.68,5.2,88.2,11.36,-125.8805,-11.5127,1.3172333
5/28/12 13:00,2462.7211,187.6,242.7288,299.4578,0.83,6.19,121.71,16.1,-244.7517,-31.5014,1.5640162
5/28/12 13:30,2463.9211,182.9,242.7312,299.5453,0.32,6.26,128.47,6.5,-349.6911,-49.1625,1.1935822
5/28/12 14:00,2465.0961,201.0,232.6036,298.9496,2.36,6.14,144.28,51.71,-251.462,-72.1408,2.2138336
5/28/12 14:30,2466.2211,209.4,222.6906,297.9439,2.68,4.75,115.07,56.49,-36.2621,-70.0488,0.7023821
5/28/12 15:00,2467.2711,224.5,202.666,297.106,3.41,3.47,78.85,55.26,-12.5009,-55.7533,0.8847718
5/28/12 15:30,2468.2461,,192.8329,292.9529,,,10.84,,-5.3543,-8.6032,0.8962541
5/28/12 16:00,2469.2961,,233.4293,291.5474,,,4.51,,-26.1791,-3.9032,1.0041531
5/28/12 16:30,2470.4961,,253.34,291.8053,,,5.92,,-100.5569,-5.4694,1.1271695
5/28/12 17:00,2471.6961,117.3,233.1027,292.6327,-0.15,0.08,0.66,-0.59,-172.8196,-0.6414,1.2435504
5/28/12 17:30,2472.8211,235.1,223.19,293.1129,1.61,1.12,7.6,6.23,-76.7289,-7.5338,0.6966698
5/28/12 18:00,2473.9461,60.3,233.5581,292.818,-1.99,-1.14,7.9,-6.86,-33.557,-7.9005,-0.008792903
5/28/12 18:30,2475.0961,64.5,233.6156,292.0666,-3.4,-1.62,11.56,-10.44,-12.8799,-11.4651,1.1623665
5/28/12 19:00,2476.2461,64.5,233.6202,291.0908,-3.34,-1.59,8.21,-7.41,-4.0521,-7.9298,1.0980887
5/28/12 19:30,2477.3961,87.8,233.657,290.6128,-2.97,-0.11,6.4,-6.39,0.0,-5.9119,0.6580685
5/28/12 20:00,2478.5461,74.0,233.7582,290.5477,-2.91,-0.83,6.55,-6.29,0.0,-5.6698,1.3446408
5/28/12 20:30,2479.6961,77.0,233.7812,290.4666,-2.24,-0.52,4.44,-4.33,0.0,-3.5226,1.0739701
5/28/12 21:00,2480.8461,79.2,233.7858,290.5025,-2.03,-0.39,4.08,-4.01,0.0,-2.8839,1.0176549
5/28/12 21:30,2481.9711,80.0,223.6278,290.5646,-1.99,-0.35,4.23,-4.16,0.0,-2.5726,1.0896645
5/28/12 22:00,2483.0711,57.8,223.6476,290.6177,-0.63,-0.4,1.5,-1.27,0.0,-0.7517,1.0896645
5/28/12 22:30,2484.1711,114.1,223.619,290.3924,-0.39,0.17,0.73,-0.66,0.0,-0.2784,1.0817596
5/28/12 23:00,2485.2711,96.4,223.564,290.1868,-0.78,0.09,1.15,-1.14,0.0,-0.2964,1.0915109
5/28/12 23:30,2486.3711,78.4,223.5156,290.166,-0.55,-0.11,0.86,-0.84,0.0,-0.1122,1.1030509
5/29/12 0:00,2487.4711,58.7,223.509,290.2164,-0.53,-0.33,0.92,-0.79,0.0,0.0,1.1208225
5/29/12 0:30,2488.5711,18.3,223.4782,290.0666,-0.18,-0.53,0.72,-0.23,0.0,0.0943,1.1208225
5/29/12 1:00,2489.6711,9.9,223.4298,289.8068,-0.09,-0.53,0.61,-0.1,0.0,0.1573,1.1256116
5/29/12 1:30,2490.7961,90.5,233.5236,289.5671,-0.68,0.01,0.74,-0.74,0.0,0.2814,1.1256116
5/29/12 2:00,2491.9211,319.8,223.3836,289.6678,0.54,-0.64,0.93,0.6,0.0,0.4665,1.1317278
5/29/12 2:30,2493.0211,23.0,223.3924,289.3735,-0.2,-0.46,0.45,-0.18,0.0,0.274,1.1371516
5/29/12 3:00,2494.1461,37.2,233.5604,289.27,-0.3,-0.39,0.31,-0.19,0.0,0.2182,1.1321317
5/29/12 3:30,2495.2961,38.7,233.5972,289.4707,-0.28,-0.35,0.29,-0.18,0.0,0.2306,1.1370362
5/29/12 4:00,2496.4461,5.7,233.5972,289.6623,-0.04,-0.42,0.34,-0.03,0.0,0.2912,1.1571158
5/29/12 4:30,2497.5961,69.0,233.6156,289.6935,-0.18,-0.07,0.14,-0.13,0.0,0.1329,1.1571158
5/29/12 5:00,2498.7461,62.6,233.6662,289.5364,-0.03,-0.02,0.02,-0.02,18.2058,0.0212,1.1332857
5/29/12 5:30,2499.8711,112.1,223.5244,289.2418,-0.54,0.22,0.28,-0.26,65.1508,0.2774,0.9974599
5/29/12 6:00,2500.9711,151.6,223.5596,289.823,-0.53,0.97,0.9,-0.43,122.564,0.9039,1.0842984
5/29/12 6:30,2502.0711,132.6,223.5728,290.5253,-0.43,0.4,0.88,-0.65,215.7731,0.8741,0.9721296
5/29/12 7:00,2503.1711,302.4,223.5838,291.3796,0.19,-0.12,0.5,0.42,341.4442,0.4845,1.4553094
5/29/12 7:30,2504.2461,339.2,213.3999,291.8592,0.24,-0.62,1.7,0.6,430.1454,1.5731,0.037668291
5/29/12 8:00,2505.2711,304.5,203.184,292.733,1.08,-0.74,4.39,3.62,482.3727,3.8042,0.4928734
5/29/12 8:30,2506.2711,311.3,203.178,293.44,0.39,-0.35,2.21,1.66,520.3541,1.756,1.0032299
5/29/12 9:00,2507.2711,271.3,203.166,294.3036,0.5,-0.01,2.38,2.38,524.4109,1.6805,0.6072925
5/29/12 9:30,2508.2461,257.6,192.9963,295.1978,1.06,0.23,6.15,6.01,473.9165,3.7449,1.0989542
5/29/12 10:00,2509.2211,205.3,203.188,296.1446,0.71,1.5,12.13,5.18,441.535,6.0661,1.2586678
5/29/12 10:30,2510.2211,200.0,203.154,296.8041,0.58,1.6,13.56,4.64,349.5729,5.1878,1.1065129
5/29/12 11:00,2511.2211,204.7,203.118,297.4807,0.54,1.17,12.1,5.06,249.0579,3.1315,1.0928957
5/29/12 11:30,2512.1961,209.4,192.9298,298.0896,0.63,1.11,13.57,6.66,123.8391,1.7707,1.4040718
5/29/12 12:00,2513.1461,212.2,192.8614,298.6123,0.64,1.01,14.05,7.49,0.0,0.0,0.8549409
5/29/12 12:30,2514.0711,208.6,182.6424,299.3716,0.76,1.4,20.56,9.84,-116.3026,-2.6832,1.7968357
5/29/12 13:00,2514.9711,185.9,182.5596,299.5098,0.19,1.81,23.58,2.42,-216.8373,-6.102,1.3093861
5/29/12 13:30,2515.8711,193.2,182.4876,300.0746,0.59,2.52,35.39,8.08,-372.765,-13.5438,1.7874306
5/29/12 14:00,2516.7711,182.3,182.3976,300.1816,0.15,3.67,47.0,1.89,-458.0705,-23.5008,3.3539279
5/29/12 14:30,2517.6961,186.5,192.5042,299.7201,0.42,3.68,45.61,5.16,-441.0257,-27.7633,2.468983
5/29/12 15:00,2518.6461,186.3,192.4966,299.6659,0.44,4.01,49.23,5.4,-484.2027,-34.8141,2.5167009
5/29/12 15:30,2519.5711,195.6,182.3022,299.2864,1.24,4.45,51.2,13.77,-444.8467,-40.6195,2.1348423
5/29/12 16:00,2520.4711,191.0,182.268,298.387,0.93,4.79,48.2,9.2,-173.3142,-41.7459,1.9032922
5/29/12 16:30,2521.3961,193.1,192.3408,297.6335,1.21,5.22,46.26,10.48,-146.8072,-42.7354,2.2036784
5/29/12 17:00,2522.3211,207.7,182.16,297.2765,2.68,5.11,50.77,23.6,-227.774,-49.0381,1.3140021
5/29/12 17:30,2523.2211,209.7,182.2644,296.8837,2.63,4.62,47.0,23.29,-91.1475,-46.595,1.0144237
5/29/12 18:00,2524.1211,209.1,182.3544,296.4882,2.06,3.7,35.52,17.27,-48.723,-35.5188,0.47817721
5/29/12 18:30,2525.0211,200.5,182.3832,296.2034,1.94,5.19,44.91,15.73,-24.6572,-44.5289,0.8819445
5/29/12 19:00,2525.9211,196.5,182.358,295.9622,1.56,5.25,40.67,11.55,-1.7116,-39.2882,-0.18483041
5/29/12 19:30,2526.8461,192.1,192.5061,295.3343,1.07,4.97,28.42,5.96,0.0,-26.2529,1.1062244
5/29/12 20:00,2527.8211,185.0,202.702,294.7443,0.38,4.29,17.74,1.55,0.0,-15.3638,1.208238
5/29/12 20:30,2528.8211,352.1,202.806,291.1722,0.6,-4.33,10.84,1.49,-0.7108,-8.6029,1.2179316
5/29/12 21:00,2530.0211,13.6,284.1244,290.1177,-0.85,-3.5,4.71,-1.11,0.0,-3.3312,1.1998715
5/29/12 21:30,2531.6961,25.1,395.8188,290.0592,-1.54,-3.29,4.22,-1.79,0.0,-2.5662,1.1998715
5/29/12 22:00,2533.7711,60.0,446.534,290.2415,-2.61,-1.51,3.52,-3.05,0.0,-1.7586,1.1998715
5/29/12 22:30,2535.9961,55.4,456.7275,290.5328,-1.75,-1.21,2.76,-2.27,0.0,-1.0555,1.1998715
5/29/12 23:00,2538.2711,55.7,466.9276,290.7396,-1.94,-1.32,2.54,-2.1,0.0,-0.6569,1.2183355
5/29/12 23:30,2540.5711,,467.0472,290.7796,,,1.44,,0.0,-0.1879,1.2183355
5/30/12 0:00,2542.8711,,467.038,290.5269,,,1.48,,0.0,0.0,1.1998715
5/30/12 0:30,2545.1461,81.4,457.02,290.3857,-0.99,-0.15,1.15,-1.14,0.0,0.1499,1.1998715
5/30/12 1:00,2547.3961,,456.993,290.3236,,,1.44,,0.0,0.373,1.1998715
5/30/12 1:30,2549.6461,,456.9885,290.2048,,,1.43,,0.0,0.5471,1.1998715
5/30/12 2:00,2551.9211,,466.9782,290.2529,,,1.37,,0.0,0.6832,1.1998715
5/30/12 2:30,2554.2211,269.8,467.0104,290.5502,0.89,0.0,0.89,0.89,0.0,0.5437,1.1998715
5/30/12 3:00,2556.4961,,456.8445,290.7278,,,1.45,,0.0,1.0222,1.2183355
5/30/12 3:30,2558.7461,,456.8445,290.6768,,,1.43,,0.0,1.1335,1.2534171
5/30/12 4:00,2560.9961,,456.903,290.5462,,,1.65,,0.0,1.4266,1.2765548
5/30/12 4:30,2563.2461,,456.9345,290.5158,,,1.73,,0.0,1.5969,1.2765548
5/30/12 5:00,2565.4961,,457.047,290.5156,,,1.68,,12.9482,1.6245,1.243435
5/30/12 5:30,2567.7211,309.8,446.9476,290.5047,0.75,-0.63,0.9,0.69,59.679,0.8921,0.7001895
5/30/12 6:00,2569.9211,34.2,447.0092,290.6409,-0.27,-0.4,0.46,-0.26,88.819,0.4622,0.9507229
5/30/12 6:30,2572.1211,6.2,446.996,290.9017,-0.09,-0.83,1.05,-0.11,229.463,1.0423,0.8120698
5/30/12 7:00,2574.2961,11.1,436.9359,291.4901,-0.22,-1.1,2.81,-0.54,355.0473,2.7156,1.0112502
5/30/12 7:30,2576.4461,9.0,437.0778,292.0511,-0.16,-0.98,3.4,-0.53,430.7191,3.1411,1.2340299
5/30/12 8:00,2578.5961,292.2,437.1724,292.5648,0.23,-0.09,1.04,0.96,486.8561,0.8975,0.7070558
5/30/12 8:30,2580.7461,154.6,437.224,293.0548,-0.12,0.25,1.34,-0.58,366.6824,1.0655,0.7529273
5/30/12 9:00,2582.9211,53.1,447.304,293.4271,-1.29,-0.97,9.82,-7.85,469.4956,6.9422,0.9732259
5/30/12 9:30,2585.1211,37.2,447.3436,293.9099,-0.96,-1.27,10.97,-6.63,427.8528,6.6796,1.2171815
5/30/12 10:00,2587.3211,18.3,447.3304,294.4424,-0.63,-1.9,14.48,-4.55,377.917,7.2384,1.1520959
5/30/12 10:30,2589.5461,47.4,457.4835,294.8388,-1.41,-1.29,16.29,-11.99,370.079,6.2355,0.8534984
5/30/12 11:00,2591.7961,20.8,457.506,295.1958,-0.45,-1.19,10.93,-3.88,112.078,2.8286,1.3957053
5/30/12 11:30,2594.0461,346.8,457.4205,295.4402,0.2,-0.86,7.87,1.8,63.0371,1.0269,0.8040495
5/30/12 12:00,2596.2961,17.1,457.2855,295.7895,-0.16,-0.51,4.96,-1.46,0.0,0.0,0.57547672
5/30/12 12:30,2598.5461,108.4,457.119,296.2877,-1.34,0.45,13.84,-13.13,-107.0239,-1.8063,1.0939343
5/30/12 13:00,2600.7711,102.4,446.8376,296.3875,-1.31,0.29,13.1,-12.8,-173.1911,-3.3914,1.7608309
5/30/12 13:30,2602.9711,106.3,446.7628,296.6706,-1.6,0.47,16.39,-15.73,-274.2895,-6.273,1.9830336
5/30/12 14:00,2605.1711,91.0,446.7144,296.41,-2.83,0.05,24.57,-24.57,-271.137,-12.2866,3.182155
5/30/12 14:30,2607.3961,93.5,456.858,296.2374,-3.71,0.23,29.18,-29.13,-456.011,-17.7642,3.1702111
5/30/12 15:00,2609.6461,101.2,456.8985,295.7198,-4.32,0.86,32.07,-31.45,-491.802,-22.6736,1.0874719
5/30/12 15:30,2611.8961,89.4,456.948,295.2312,-3.98,-0.04,28.06,-28.05,-474.9918,-22.2585,1.4115728
5/30/12 16:00,2614.1211,94.6,446.8112,295.2008,-3.85,0.31,27.82,-27.73,-445.3406,-24.0962,2.426862
5/30/12 16:30,2616.3211,99.4,446.7936,294.8079,-4.07,0.67,30.33,-29.92,-331.8843,-28.0231,1.9422397
5/30/12 17:00,2618.5211,89.3,446.8068,294.5714,-3.88,-0.05,26.44,-26.44,-259.1299,-25.5384,1.5864615
5/30/12 17:30,2620.7211,96.4,446.9564,294.2024,-3.42,0.38,21.62,-21.48,-184.4811,-21.4326,1.5628045
5/30/12 18:00,2622.9211,87.3,447.106,293.7629,-3.76,-0.18,24.64,-24.61,-123.525,-24.6401,1.0915109
5/30/12 18:30,2625.1211,88.3,447.1852,293.1043,-3.82,-0.11,23.43,-23.42,-61.6857,-23.23,1.1044357
5/30/12 19:00,2627.3211,85.7,447.26,292.4366,-3.29,-0.25,18.38,-18.33,-9.5192,-17.7517,1.3103093
5/30/12 19:30,2629.5211,93.9,447.5592,291.9913,-2.55,0.17,12.59,-12.56,0.0,-11.6274,1.2058146
5/30/12 20:00,2631.7211,89.3,447.5592,291.7918,-2.48,-0.03,11.27,-11.27,0.0,-9.7593,1.2366264
5/30/12 20:30,2633.8961,78.7,437.4261,291.504,-2.55,-0.51,10.89,-10.67,0.0,-8.6358,1.3227148
5/30/12 21:00,2636.0461,90.4,437.5422,291.1656,-2.11,0.01,7.91,-7.91,0.0,-5.591,1.25209
5/30/12 21:30,2638.1961,73.4,437.6497,290.9487,-1.82,-0.54,6.38,-6.12,0.0,-3.8867,1.2704963
5/30/12 22:00,2640.3461,88.7,437.7701,290.827,-1.34,-0.03,4.15,-4.15,0.0,-2.0748,1.3225417
5/30/12 22:30,2642.4961,88.5,437.7701,290.7306,-1.45,-0.04,4.05,-4.05,0.0,-1.5515,0.7919325
5/30/12 23:00,2644.6461,95.9,437.8346,290.6255,-1.39,0.14,3.41,-3.39,0.0,-0.883,1.35018
5/30/12 23:30,2646.7961,97.4,437.7572,290.5935,-0.98,0.13,2.21,-2.19,0.0,-0.2884,1.35018
5/31/12 0:00,2648.9461,93.4,437.6411,290.5517,-1.46,0.09,2.92,-2.92,0.0,0.0,1.35018
5/31/12 0:30,2651.0711,78.1,427.35,290.6564,-1.25,-0.26,2.56,-2.51,0.0,0.3344,1.35018
5/31/12 1:00,2653.1711,56.8,427.2828,290.6817,-1.46,-0.95,3.57,-2.98,0.0,0.9231,1.4063221
5/31/12 1:30,2655.2711,75.5,427.0896,290.6256,-1.43,-0.37,3.0,-2.9,0.0,1.1473,1.4063221
5/31/12 2:00,2657.3711,90.6,427.14,290.5131,-0.97,0.01,2.05,-2.05,0.0,1.0244,1.4063221
5/31/12 2:30,2659.4711,60.2,427.1988,290.486,-0.93,-0.53,2.25,-1.95,0.0,1.371,1.4411152
5/31/12 3:00,2661.5711,53.2,427.1274,290.3552,-1.36,-1.02,3.48,-2.79,0.0,2.464,2.0051327
5/31/12 3:30,2663.6711,85.2,427.0728,290.2197,-1.56,-0.13,3.21,-3.2,0.0,2.546,1.4411152
5/31/12 4:00,2665.7461,59.1,416.9208,290.1141,-1.2,-0.72,3.09,-2.65,0.0,2.6764,0.43146329
5/31/12 4:30,2667.7961,49.6,416.9536,289.9495,-0.89,-0.76,2.56,-1.95,0.8758,2.3611,1.4411152
5/31/12 5:00,2669.8461,92.2,416.9741,289.8607,-0.59,0.02,1.22,-1.22,13.9518,1.1754,0.17759483
5/31/12 5:30,2671.8961,90.8,416.9372,289.7714,-0.67,0.01,1.2,-1.2,39.8482,1.1859,1.1183991
5/31/12 6:00,2673.9711,80.0,427.0644,289.8379,-0.89,-0.16,1.58,-1.56,78.028,1.5793,1.1781186
5/31/12 6:30,2676.0711,95.5,427.1736,290.1337,-1.42,0.14,2.86,-2.84,139.2286,2.8321,0.5941946
5/31/12 7:00,2678.1711,108.8,427.3248,290.5956,-1.42,0.48,3.86,-3.65,216.2331,3.7236,0.8495171
5/31/12 7:30,2680.2711,132.0,427.4256,291.0213,-1.23,1.11,5.08,-3.77,247.3706,4.6893,0.48164498
5/31/12 8:00,2682.3711,129.4,427.3416,291.4105,-1.23,1.01,5.33,-4.12,278.0045,4.6178,0.7632556
5/31/12 8:30,2684.4711,84.3,427.2912,291.7423,-1.13,-0.11,4.76,-4.74,426.6242,3.7803,0.9311626
5/31/12 9:00,2686.5461,65.4,417.0192,292.331,-1.47,-0.67,8.8,-8.01,424.4479,6.2261,0.8446703
5/31/12 9:30,2688.5711,97.6,406.76,293.0968,-1.0,0.13,6.04,-5.98,466.9401,3.6751,1.1444218
5/31/12 10:00,2690.5711,111.8,406.792,293.7032,-1.11,0.44,8.65,-8.03,389.211,4.3236,0.52440645
5/31/12 10:30,2692.5461,152.8,396.63,294.2718,-0.38,0.75,6.8,-3.11,280.3462,2.6005,1.3942051
5/31/12 11:00,2694.4961,163.3,396.5715,294.8578,-0.42,1.41,12.38,-3.56,151.8497,3.2033,0.6843797
5/31/12 11:30,2696.4461,163.3,396.4701,295.1353,-0.33,1.11,9.88,-2.84,76.1896,1.2901,1.7659085
5/31/12 12:00,2698.3961,152.5,396.2556,295.4656,-0.94,1.81,18.35,-8.47,0.0,0.0,0.7275393
5/31/12 12:30,2700.3461,148.0,396.1503,295.4076,-0.67,1.07,11.97,-6.34,-54.7209,-1.5619,0.9229115
5/31/12 13:00,2702.2711,129.6,385.8824,295.5851,-0.74,0.62,9.38,-7.23,-171.522,-2.4279,0.8229751
5/31/12 13:30,2704.1711,115.8,385.8064,296.0665,-1.15,0.55,13.39,-12.05,-303.0784,-5.1228,1.3935704
5/31/12 14:00,2706.0711,163.3,385.6924,296.5975,-0.43,1.44,16.2,-4.65,-370.705,-8.0992,1.3603929
5/31/12 14:30,2707.9461,131.1,375.4131,297.0827,-1.59,1.39,21.55,-16.24,-415.1631,-13.1168,2.0175959
5/31/12 15:00,2709.7961,110.2,375.2651,296.9309,-2.23,0.82,21.49,-20.17,-279.6508,-15.1944,1.0916263
5/31/12 15:30,2711.6461,96.6,375.1615,296.684,-2.7,0.31,20.93,-20.79,-270.8445,-16.6052,2.0174228
5/31/12 16:00,2713.4961,76.8,375.1023,296.3858,-2.91,-0.68,19.63,-19.11,-263.2769,-17.0006,2.7590409
5/31/12 16:30,2715.3461,87.6,375.1097,296.4742,-2.68,-0.11,18.54,-18.53,-274.1298,-17.13,2.3913765
5/31/12 17:00,2717.1711,73.0,364.9356,296.4313,-2.68,-0.82,18.7,-17.88,-248.2555,-18.0606,1.8060677
5/31/12 17:30,2718.9711,106.8,364.95,296.2669,-2.92,0.88,21.03,-20.13,-92.1855,-20.8522,-0.6124278
5/31/12 18:00,2720.7711,145.3,365.0148,295.8822,-2.21,3.19,28.04,-15.96,-94.297,-28.0351,1.0064034
5/31/12 18:30,2722.5711,146.6,365.0616,295.3807,-2.01,3.05,24.83,-13.67,-23.7818,-24.6165,1.135536
5/31/12 19:00,2724.3711,141.4,365.0976,295.0124,-2.13,2.67,21.32,-13.3,-3.0658,-20.5977,0.7012281
5/31/12 19:30,2726.1711,143.2,365.1552,294.7448,-1.74,2.33,15.2,-9.1,0.0,-14.0393,0.9815924
5/31/12 20:00,2727.9711,130.3,365.2236,294.5513,-2.03,1.72,12.89,-9.83,0.0,-11.163,0.5824815
5/31/12 20:30,2729.7711,123.4,365.2992,294.4012,-2.42,1.59,12.99,-10.84,0.0,-10.3033,0.50133222
5/31/12 21:00,2731.5711,128.3,365.3352,294.2377,-2.12,1.67,11.4,-8.95,0.0,-8.0636,1.3591812
5/31/12 21:30,2733.3711,116.9,365.3532,293.9284,-1.63,0.83,6.53,-5.83,0.0,-3.9772,1.3688171
5/31/12 22:00,2735.1711,122.3,365.31,293.8459,-1.66,1.05,6.68,-5.64,0.0,-3.3381,0.7546006
5/31/12 22:30,2736.9711,114.4,365.2668,293.7339,-1.57,0.71,5.47,-4.98,0.0,-2.0939,0.9626668
5/31/12 23:00,2738.7711,128.3,365.2272,293.5932,-1.6,1.26,6.41,-5.03,0.0,-1.6584,1.0140775
5/31/12 23:30,2740.5711,119.8,365.0652,293.289,-1.55,0.89,4.91,-4.26,0.0,-0.6403,0.6749746
6/1/12 0:00,2742.3711,125.3,364.9284,293.0479,-1.59,1.12,5.05,-4.12,0.0,0.0,1.3428521
6/1/12 0:30,2744.1961,112.4,375.1467,292.7928,-1.16,0.48,2.95,-2.73,0.0,0.3852,1.3794916
6/1/12 1:00,2746.0461,82.7,375.1578,292.8686,-0.79,-0.1,1.9,-1.89,0.0,0.4924,1.3539882
6/1/12 1:30,2747.8961,56.2,375.1171,292.6252,-0.48,-0.32,1.1,-0.92,0.0,0.4215,1.3592389
6/1/12 2:00,2749.7461,77.9,375.032,292.4223,-0.74,-0.16,1.32,-1.29,0.0,0.661,1.3414673
6/1/12 2:30,2751.5961,69.6,374.995,292.3739,-0.58,-0.22,1.09,-1.02,0.0,0.6632,1.3414673
6/1/12 3:00,2753.4711,37.3,385.1452,292.1313,-0.31,-0.41,0.67,-0.41,0.0,0.4769,1.3543344
6/1/12 3:30,2755.3711,31.8,385.0882,292.0403,-0.37,-0.59,0.99,-0.52,0.0,0.7891,1.3828959
6/1/12 4:00,2757.2711,1.5,385.1072,291.9255,-0.01,-0.44,0.6,-0.02,0.0,0.5198,1.3828959
6/1/12 4:30,2759.1711,6.9,385.111,292.0539,-0.06,-0.46,0.6,-0.07,1.3932,0.5534,1.3828959
6/1/12 5:00,2761.0711,91.8,385.13,291.8908,-0.25,0.01,0.31,-0.31,15.9513,0.2959,1.3903392
6/1/12 5:30,2762.9961,98.6,395.3274,292.0801,-0.27,0.04,0.41,-0.4,52.0945,0.4017,1.180542
6/1/12 6:00,2764.9461,328.8,395.421,292.4368,0.14,-0.24,0.45,0.23,137.55,0.4518,1.1571735
6/1/12 6:30,2766.9211,59.3,405.592,292.9333,-0.42,-0.25,1.06,-0.91,161.7423,1.0529,1.2965767
6/1/12 7:00,2768.9211,65.7,405.668,293.533,-0.48,-0.22,1.46,-1.33,181.001,1.4094,0.6625114
6/1/12 7:30,2770.9211,311.7,405.744,293.9627,0.72,-0.64,2.83,2.11,259.1048,2.6166,1.6758965
6/1/12 8:00,2772.9211,334.3,405.696,294.4707,0.3,-0.62,2.47,1.07,351.1118,2.1394,1.7252877
6/1/12 8:30,2774.8961,324.2,395.5302,295.0049,0.51,-0.71,3.49,2.04,329.056,2.7694,1.4093802
6/1/12 9:00,2776.8211,320.7,385.301,294.9919,0.84,-1.02,5.29,3.35,151.3781,3.74,1.7042272
6/1/12 9:30,2778.7211,324.6,385.2174,295.0927,0.71,-0.99,4.85,2.81,101.3186,2.9527,1.6458925
6/1/12 10:00,2780.6211,324.2,385.2288,294.9942,1.1,-1.53,6.23,3.65,106.291,3.1166,1.7453096
6/1/12 10:30,2782.5461,349.1,395.187,294.9898,0.18,-0.96,3.67,0.69,163.2596,1.4059,1.5383974
6/1/12 11:00,2784.4961,320.4,395.1168,295.5563,0.62,-0.75,4.54,2.9,187.1813,1.1759,1.4391534
6/1/12 11:30,2786.4461,243.6,395.0115,296.4748,0.41,0.2,2.84,2.55,104.5021,0.3712,1.3077128
6/1/12 12:00,2788.3961,317.3,394.9179,296.7752,0.48,-0.53,5.13,3.48,0.0,0.0,0.7897399
6/1/12 12:30,2790.3211,245.2,384.522,297.3919,0.73,0.34,7.73,7.02,-133.5192,-1.0087,0.6695508
6/1/12 13:00,2792.2211,231.8,384.3054,298.0764,0.8,0.63,10.21,8.02,-230.5661,-2.6413,1.0990696
6/1/12 13:30,2794.1211,101.6,384.2522,298.4164,-0.69,0.14,7.73,-7.57,-247.4871,-2.9567,2.2751687
6/1/12 14:00,2796.0211,112.8,384.1534,298.9258,-1.5,0.63,19.13,-17.64,-350.8565,-9.5651,2.1735013
6/1/12 14:30,2797.9211,120.6,384.1344,299.2068,-1.66,0.98,25.42,-21.88,-448.9031,-15.4775,1.8350908
6/1/12 15:00,2799.8211,113.2,384.1686,299.5265,-1.72,0.74,25.48,-23.42,-340.0583,-18.0196,0.9488765
6/1/12 15:30,2801.7211,99.0,384.1534,299.3891,-2.32,0.37,29.37,-29.01,-275.3015,-23.3035,2.1444782
6/1/12 16:00,2803.6211,117.5,384.0736,299.1486,-2.39,1.24,29.22,-25.92,-120.1446,-25.3068,1.646181
6/1/12 16:30,2805.5211,120.0,384.1496,298.4309,-2.95,1.7,29.58,-25.61,-67.5023,-27.3259,1.2479933
6/1/12 17:00,2807.4461,50.6,394.2822,296.5018,-0.88,-0.72,7.2,-5.57,-20.0797,-6.9587,1.1751182
6/1/12 17:30,2809.6461,,495.7183,291.736,,,1.93,,-15.7194,-1.9127,1.4227666
6/1/12 18:00,2812.2711,183.9,566.9216,292.853,0.3,4.41,9.59,0.65,-13.773,-9.5871,1.3419289
6/1/12 18:30,2815.0461,190.9,556.963,292.6445,0.65,3.39,9.64,1.82,-12.9274,-9.5609,1.4212087
6/1/12 19:00,2817.7711,218.7,546.939,292.6327,1.48,1.85,6.77,4.23,-1.502,-6.5394,1.4021677
6/1/12 19:30,2820.4461,219.5,536.9059,292.4849,1.48,1.8,7.59,4.83,0.0,-7.0167,1.3973209
6/1/12 20:00,2823.0961,60.7,536.9748,292.3071,-0.68,-0.38,2.04,-1.78,0.0,-1.7662,1.3662783
6/1/12 20:30,2825.7461,352.3,537.0755,292.3311,0.04,-0.32,0.7,0.09,0.0,-0.5581,1.3662783
6/1/12 21:00,2828.3961,240.9,537.0278,292.6788,0.41,0.23,1.39,1.21,0.0,-0.9822,1.3819727
6/1/12 21:30,2831.0461,3.2,536.9112,292.5158,-0.03,-0.48,0.77,-0.04,0.0,-0.4669,1.3869349
6/1/12 22:00,2833.6711,314.2,526.8536,292.5665,0.96,-0.93,2.68,1.92,0.0,-1.339,1.3869349
6/1/12 22:30,2836.2461,294.1,516.7575,292.299,1.78,-0.8,4.32,3.95,0.0,-1.6548,1.3662783
6/1/12 23:00,2838.7961,348.8,516.6147,291.7806,0.21,-1.06,1.71,0.33,0.0,-0.4415,1.4564634
6/1/12 23:30,2841.3461,326.2,516.5229,291.9545,0.78,-1.17,2.06,1.15,0.0,-0.2692,1.4080531
6/2/12 0:00,2843.8961,324.6,516.4974,292.17,0.87,-1.23,2.05,1.19,0.0,0.0,1.3795493
6/2/12 0:30,2846.4461,346.4,516.375,292.1195,0.28,-1.17,1.69,0.4,0.0,0.22,1.2892488
6/2/12 1:00,2848.9961,342.8,516.1455,291.9598,0.32,-1.05,1.34,0.4,0.0,0.3475,1.4080531
6/2/12 1:30,2851.5461,335.5,515.9823,291.7481,0.26,-0.57,0.67,0.28,0.0,0.258,1.4564634
6/2/12 2:00,2854.0961,22.7,515.9568,291.4009,-0.14,-0.33,0.31,-0.12,0.0,0.156,1.4564634
6/2/12 2:30,2856.6461,158.9,516.1251,290.9984,-0.33,0.85,0.56,-0.2,0.0,0.3381,1.5044698
6/2/12 3:00,2859.1961,136.3,516.2883,290.5083,-0.49,0.52,0.33,-0.23,0.0,0.2324,1.5459561
6/2/12 3:30,2861.7211,178.0,506.255,290.7097,0.0,0.13,0.05,0.0,0.0,0.0419,1.5044698
6/2/12 4:00,2864.2211,198.6,506.41,290.8386,0.16,0.49,0.21,0.07,0.0,0.1833,1.5044698
6/2/12 4:30,2866.7211,37.4,506.465,290.3112,-0.22,-0.29,0.15,-0.09,0.0933,0.1362,1.5459561
6/2/12 5:00,2869.2211,145.2,506.59,289.9226,-0.19,0.27,0.1,-0.06,18.0889,0.0946,1.5681129
6/2/12 5:30,2871.7211,10.0,506.785,289.8527,-0.07,-0.42,0.11,-0.02,45.5936,0.1091,1.415958
6/2/12 6:00,2874.2211,18.7,506.9,290.2044,-0.25,-0.74,0.18,-0.06,79.904,0.1797,1.1237075
6/2/12 6:30,2876.6961,10.6,496.8943,289.9548,-0.08,-0.45,0.1,-0.02,119.6525,0.0958,1.1856196
6/2/12 7:00,2879.1461,0.3,496.9433,290.4529,0.0,-0.53,0.1,0.0,186.3454,0.0983,0.09063516
6/2/12 7:30,2881.5711,346.1,486.9312,290.9944,0.13,-0.52,0.1,0.02,240.5052,0.0946,1.114187
6/2/12 8:00,2883.9961,315.2,497.1001,291.7256,0.32,-0.32,0.11,0.07,451.0962,0.0912,1.3931665
6/2/12 8:30,2886.4211,297.0,486.8832,292.9441,0.6,-0.31,0.78,0.69,461.8506,0.618,0.00719519
6/2/12 9:00,2888.8211,8.6,486.7824,294.4491,-0.07,-0.45,1.56,-0.23,454.2723,1.106,1.6060795
6/2/12 9:30,2891.2211,60.6,486.6384,295.5221,-1.52,-0.85,10.5,-9.15,451.5902,6.3904,1.3942051
6/2/12 10:00,2893.6211,70.1,486.552,296.3157,-1.88,-0.68,15.92,-14.97,380.4775,7.961,1.3444677
6/2/12 10:30,2896.0211,84.0,486.5136,296.9554,-1.96,-0.21,19.7,-19.59,300.6108,7.5381,1.541167
6/2/12 11:00,2898.4211,85.6,486.504,297.3467,-1.8,-0.14,20.88,-20.82,211.6702,5.4038,1.3053471
6/2/12 11:30,2900.8211,125.2,486.3936,297.7594,-1.66,1.17,25.73,-21.03,108.9154,3.3586,1.093992
6/2/12 12:00,2903.2211,134.4,486.2448,298.0445,-1.59,1.55,29.08,-20.78,0.0,0.0,1.7400589
6/2/12 12:30,2905.6211,108.8,486.2016,298.1733,-1.38,0.47,20.15,-19.07,-109.1957,-2.6297,1.349603
6/2/12 13:00,2907.9961,118.4,475.9596,298.4089,-1.55,0.84,25.88,-22.76,-199.2948,-6.6975,1.6150807
6/2/12 13:30,2910.3461,99.7,475.8468,298.6498,-2.06,0.35,30.46,-30.02,-268.8948,-11.6564,2.5244327
6/2/12 14:00,2912.6961,122.4,475.8515,298.7667,-1.91,1.21,32.95,-27.82,-328.0555,-16.4731,1.8502659
6/2/12 14:30,2915.0461,108.8,475.7857,298.8215,-2.56,0.87,37.75,-35.73,-427.7974,-22.9797,1.7983936
6/2/12 15:00,2917.3961,92.2,475.7669,298.8407,-2.3,0.09,32.45,-32.43,-457.0745,-22.9453,2.0849895
6/2/12 15:30,2919.7211,92.8,465.5522,298.9075,-2.64,0.13,36.74,-36.7,-469.6993,-29.1512,3.1806548
6/2/12 16:00,2922.0211,85.9,465.4832,298.6622,-2.86,-0.21,38.93,-38.83,-392.3,-33.7157,2.7053799
6/2/12 16:30,2924.3211,86.2,465.4602,297.9295,-3.27,-0.22,42.46,-42.37,-248.7389,-39.228,1.6914178
6/2/12 17:00,2926.6211,88.3,465.5246,297.2707,-3.27,-0.1,38.1,-38.09,-199.4009,-36.8041,2.0289628
6/2/12 17:30,2928.9211,80.9,465.451,296.464,-3.4,-0.54,35.97,-35.52,-119.5653,-35.6642,1.084183
6/2/12 18:00,2931.2211,83.8,465.5476,295.6504,-3.06,-0.33,26.73,-26.57,-64.694,-26.7296,1.2227784
6/2/12 18:30,2933.5211,91.1,465.704,295.1004,-3.01,0.06,20.99,-20.98,-25.2759,-20.809,0.9064093
6/2/12 19:00,2935.8211,74.3,465.7638,294.2547,-3.0,-0.84,16.0,-15.4,-2.6959,-15.4524,1.4744081
6/2/12 19:30,2938.1211,76.6,465.8282,293.1854,-2.97,-0.71,11.24,-10.93,0.0,-10.3815,1.393455
6/2/12 20:00,2940.4211,77.0,466.003,292.4938,-2.7,-0.62,8.56,-8.34,0.0,-7.4162,1.3805879
6/2/12 20:30,2942.7211,78.2,466.1594,291.8895,-2.94,-0.61,8.11,-7.93,0.0,-6.4312,1.4080531
6/2/12 21:00,2945.0211,78.8,466.2744,291.3678,-2.79,-0.55,6.04,-5.92,0.0,-4.2678,1.4564634
6/2/12 21:30,2947.3211,88.4,466.3434,290.8061,-3.19,-0.09,5.78,-5.78,0.0,-3.5176,1.3987634
6/2/12 22:00,2949.6211,96.9,466.5044,290.4802,-2.66,0.32,4.75,-4.71,0.0,-2.3736,1.3284848
6/2/12 22:30,2951.9211,82.1,466.3848,290.352,-3.09,-0.43,5.04,-4.99,0.0,-1.927,1.5459561
6/2/12 23:00,2954.2211,77.1,466.2652,290.3242,-2.26,-0.52,3.53,-3.45,0.0,-0.9149,2.6419676
6/2/12 23:30,2956.5211,81.2,466.1272,290.2397,-2.71,-0.42,3.91,-3.86,0.0,-0.5102,1.9582803
6/3/12 0:00,2958.8211,79.1,466.0122,290.1356,-2.85,-0.55,3.49,-3.43,0.0,0.0,1.5459561
6/3/12 0:30,2961.1211,74.4,466.0628,290.11,-2.65,-0.74,3.07,-2.95,0.0,0.4001,2.5334339
6/3/12 1:00,2963.4211,80.2,465.9892,289.9529,-2.8,-0.48,3.1,-3.05,0.0,0.8014,2.459751
6/3/12 1:30,2965.7211,74.3,465.8696,289.8194,-2.69,-0.76,2.85,-2.75,0.0,1.0915,1.5459561
6/3/12 2:00,2968.0211,73.4,465.865,289.8876,-2.01,-0.6,2.21,-2.12,0.0,1.1067,1.5403015
6/3/12 2:30,2970.3211,81.9,465.8696,289.9362,-2.45,-0.35,2.94,-2.91,0.0,1.7892,1.4049373
6/3/12 3:00,2972.6211,72.3,465.8098,289.977,-2.29,-0.73,3.01,-2.86,0.0,2.125,2.0088832
6/3/12 3:30,2974.9211,61.2,465.8512,290.1432,-1.8,-0.99,2.8,-2.46,0.0,2.2243,1.9776675
6/3/12 4:00,2977.2211,57.2,465.8788,290.1625,-1.81,-1.17,3.16,-2.66,0.0,2.7378,1.5459561
6/3/12 4:30,2979.5461,67.7,476.063,290.182,-1.94,-0.8,3.09,-2.86,0.5285,2.8518,1.9971124
6/3/12 5:00,2981.8961,64.9,476.1147,290.235,-2.19,-1.02,3.67,-3.33,4.1863,3.5489,1.9538374
6/3/12 5:30,2984.2461,59.5,476.1852,290.2814,-2.26,-1.33,3.96,-3.42,26.7105,3.9302,2.0118836
6/3/12 6:00,2986.5961,59.0,476.3027,290.3472,-2.24,-1.34,4.0,-3.43,56.683,4.0027,1.7668894
6/3/12 6:30,2988.9461,61.4,476.2933,290.494,-1.9,-1.04,3.44,-3.02,80.4934,3.4069,0.927816
6/3/12 7:00,2991.3211,67.2,486.264,290.8738,-2.04,-0.86,3.91,-3.61,189.9184,3.7805,2.0380794
6/3/12 7:30,2993.6961,67.4,476.1711,291.3652,-2.25,-0.94,5.02,-4.63,185.7275,4.6377,0.8946962
6/3/12 8:00,2996.0711,65.2,486.408,291.9163,-2.36,-1.09,6.54,-5.94,279.8059,5.6649,2.1473055
6/3/12 8:30,2998.4711,69.6,486.3792,292.4584,-2.96,-1.1,9.48,-8.89,407.5274,7.5243,2.2934596
6/3/12 9:00,3000.8461,60.5,476.1899,293.0466,-2.31,-1.31,9.16,-7.97,389.7898,6.4764,1.1096287
6/3/12 9:30,3003.1961,65.7,476.0959,293.7901,-2.44,-1.1,10.92,-9.95,441.948,6.6483,1.5901543
6/3/12 10:00,3005.5211,57.3,465.9754,294.5924,-2.53,-1.62,13.79,-11.6,421.1565,6.8948,2.5485513
6/3/12 10:30,3007.8211,79.9,465.9018,294.9792,-2.27,-0.4,12.01,-11.82,256.8606,4.5963,1.6876096
6/3/12 11:00,3010.1211,106.1,465.911,295.7238,-1.99,0.58,11.64,-11.18,162.1962,3.0118,1.8004131
6/3/12 11:30,3012.3961,92.6,455.652,296.054,-2.39,0.11,14.23,-14.22,97.8105,1.8579,2.2136605
6/3/12 12:00,3014.6461,122.4,455.454,296.5311,-2.2,1.39,17.17,-14.5,0.0,0.0,0.9099867
6/3/12 12:30,3016.8961,105.9,455.2875,296.8361,-2.04,0.58,15.13,-14.55,-113.0235,-1.9747,2.5302027
6/3/12 13:00,3019.1461,109.9,455.1525,297.1327,-2.06,0.75,18.82,-17.7,-218.8915,-4.8716,1.4885446
6/3/12 13:30,3021.3711,112.0,444.906,297.5784,-1.65,0.67,16.92,-15.69,-364.731,-6.4743,1.9803794
6/3/12 14:00,3023.5711,111.9,444.7608,297.7136,-2.38,0.96,22.74,-21.1,-299.5035,-11.3714,2.6798765
6/3/12 14:30,3025.7711,112.2,444.5892,297.7278,-2.83,1.16,27.19,-25.18,-243.8144,-16.5534,1.7339427
6/3/12 15:00,3027.9961,132.9,454.5765,297.7477,-2.72,2.53,32.69,-23.94,-498.5449,-23.1128,2.0305207
6/3/12 15:30,3030.2211,122.6,444.3868,297.8188,-2.99,1.92,33.53,-28.25,-510.173,-26.6017,2.0653138
6/3/12 16:00,3032.4211,109.4,444.3032,297.6245,-2.98,1.05,30.06,-28.35,-466.32,-26.031,1.8970029
6/3/12 16:30,3034.6211,103.2,444.2636,297.4125,-3.23,0.76,30.88,-30.07,-411.4331,-28.5317,2.3186168
6/3/12 17:00,3036.8211,110.1,444.2988,297.2037,-3.27,1.2,28.85,-27.09,-338.9472,-27.8636,1.2498974
6/3/12 17:30,3039.0211,118.5,444.3736,296.7123,-3.32,1.81,29.7,-26.1,-235.7646,-29.45,1.3952437
6/3/12 18:00,3041.1961,83.2,434.515,295.8701,-2.87,-0.34,15.27,-15.16,-100.962,-15.2664,1.5262227
6/3/12 18:30,3043.3461,78.6,434.5752,294.8059,-3.0,-0.6,11.58,-11.35,-28.507,-11.4785,1.2204704
6/3/12 19:00,3045.4961,96.1,434.6999,294.0487,-2.82,0.3,8.46,-8.41,-5.2508,-8.1695,1.5191256
6/3/12 19:30,3047.6461,93.8,434.816,293.3472,-2.47,0.16,5.2,-5.18,0.0,-4.8003,1.4254208
6/3/12 20:00,3049.7961,63.3,434.9235,292.5238,-2.14,-1.08,4.44,-3.97,0.0,-3.848,1.4265748
6/3/12 20:30,3051.9461,73.4,435.0654,291.9682,-2.15,-0.64,3.62,-3.47,0.0,-2.8732,1.4408267
6/3/12 21:00,3054.0961,67.0,435.2159,291.581,-2.05,-0.87,3.11,-2.86,0.0,-2.1997,1.4893524
6/3/12 21:30,3056.2461,71.3,435.2933,291.3265,-1.94,-0.66,2.5,-2.37,0.0,-1.523,1.4716385
6/3/12 22:00,3058.3961,59.7,435.3406,291.1273,-1.46,-0.85,1.99,-1.72,0.0,-0.9955,1.5003154
6/3/12 22:30,3060.5461,83.6,435.4137,290.9248,-1.03,-0.12,1.14,-1.13,0.0,-0.4354,1.5202219
6/3/12 23:00,3062.6961,133.1,435.3879,290.8371,-0.9,0.85,1.16,-0.84,0.0,-0.2993,1.5202219
6/3/12 23:30,3064.8461,141.7,435.2761,290.88,-0.63,0.79,0.9,-0.56,0.0,-0.1173,1.5202219
6/4/12 0:00,3066.9961,147.7,435.2288,291.0763,-0.22,0.34,0.45,-0.24,0.0,0.0,1.4982382
6/4/12 0:30,3069.1461,148.3,435.1428,290.9986,-0.32,0.52,0.63,-0.33,0.0,0.0817,1.4982382
6/4/12 1:00,3071.2961,122.9,434.9493,290.9168,-0.75,0.49,0.83,-0.7,0.0,0.215,1.5202219
6/4/12 1:30,3073.4461,92.1,434.7429,290.7414,-0.89,0.03,0.72,-0.72,0.0,0.2759,1.5202219
6/4/12 2:00,3075.5961,148.3,434.7171,290.5733,-0.45,0.73,0.59,-0.31,0.0,0.2975,1.5459561
6/4/12 2:30,3077.7461,159.1,434.7945,290.5439,-0.31,0.82,0.52,-0.19,0.0,0.3183,1.5459561
6/4/12 3:00,3079.8961,117.2,434.8676,290.5896,-0.18,0.09,0.13,-0.11,0.0,0.0903,1.5459561
6/4/12 3:30,3082.0461,316.0,434.9278,290.7374,0.39,-0.41,0.37,0.25,0.0,0.2907,1.5202219
6/4/12 4:00,3084.1961,353.2,435.1815,290.962,0.09,-0.73,0.54,0.06,0.0,0.4698,1.5202219
6/4/12 4:30,3086.3461,65.4,435.117,290.9166,-0.28,-0.13,0.22,-0.2,1.833,0.2066,1.5202219
6/4/12 5:00,3088.4961,139.4,435.0869,290.542,-0.57,0.67,0.49,-0.32,15.7813,0.4769,1.4964495
6/4/12 5:30,3090.6211,141.7,425.061,290.5234,-0.49,0.62,0.38,-0.24,83.4142,0.377,1.0839522
6/4/12 6:00,3092.7461,185.2,435.3062,291.0688,0.13,1.4,0.91,0.08,143.203,0.9062,2.1128009
6/4/12 6:30,3094.8961,212.6,435.4352,290.8935,0.69,1.08,0.47,0.25,112.2167,0.4692,0.9192187
6/4/12 7:00,3097.0461,237.8,435.6029,290.9305,0.74,0.46,0.26,0.22,143.8457,0.2468,1.2563021
6/4/12 7:30,3099.1961,276.2,435.6631,291.2984,0.73,-0.08,0.25,0.25,213.4901,0.2292,0.787605
6/4/12 8:00,3101.3461,321.7,435.5298,291.7291,0.34,-0.43,0.33,0.21,409.391,0.2897,1.1883892
6/4/12 8:30,3103.4711,306.1,425.355,293.3384,0.58,-0.43,1.44,1.16,520.6834,1.1402,1.797932
6/4/12 9:00,3105.5461,335.4,415.0143,294.8831,0.22,-0.48,2.51,1.05,520.9659,1.7771,0.12381843
6/4/12 9:30,3107.5961,306.8,414.961,295.7463,0.33,-0.25,2.41,1.93,490.123,1.4701,-0.38080846
6/4/12 10:00,3109.6211,245.9,404.712,296.4717,0.52,0.23,4.15,3.79,434.6005,2.0759,1.8163383
6/4/12 10:30,3111.6211,228.4,404.648,297.0409,0.5,0.44,5.58,4.17,354.1023,2.1338,1.5900966
6/4/12 11:00,3113.6211,216.2,404.628,297.8422,0.65,0.89,13.07,7.72,247.6875,3.3839,1.1703291
6/4/12 11:30,3115.6211,223.9,404.452,298.2202,0.8,0.83,14.71,10.2,125.118,1.9205,1.6406418
6/4/12 12:00,3117.6211,231.0,404.272,298.8834,1.3,1.06,22.47,17.46,0.0,0.0,2.3960502
6/4/12 12:30,3119.6211,218.5,404.168,299.4028,1.42,1.78,34.66,21.58,-126.2584,-4.5244,2.1318996
6/4/12 13:00,3121.6211,175.4,404.152,299.9801,-0.19,2.33,38.98,-3.13,-241.459,-10.0898,2.8256844
6/4/12 13:30,3123.6211,182.6,404.104,300.2827,0.11,2.37,42.7,1.94,-346.3059,-16.3412,2.3062113
6/4/12 14:00,3125.5961,171.6,393.9975,300.7179,-0.37,2.5,45.43,-6.64,-412.904,-22.7136,3.3016517
6/4/12 14:30,3127.5461,177.4,393.939,301.16,-0.09,1.97,37.26,-1.69,-458.9635,-22.682,3.123878
6/4/12 15:00,3129.4961,186.1,393.8142,301.3276,0.32,2.99,53.02,5.63,-442.8306,-37.4916,3.4925233
6/4/12 15:30,3131.4461,176.0,393.7401,301.0127,-0.28,3.94,67.82,-4.73,-434.2039,-53.8076,2.8787684
6/4/12 16:00,3133.3711,187.1,383.5948,300.3967,0.5,4.0,63.13,7.8,-327.2667,-54.6713,2.812875
6/4/12 16:30,3135.2711,191.0,383.5986,299.6488,0.79,4.06,57.75,11.02,-319.6559,-53.3573,3.010209
6/4/12 17:00,3137.1711,198.3,383.705,299.0141,1.29,3.89,49.12,15.42,-195.6782,-47.4492,3.5655715
6/4/12 17:30,3139.0711,195.5,383.7696,298.6255,0.99,3.56,41.33,11.04,-171.5358,-40.9752,2.7037643
6/4/12 18:00,3140.9461,189.8,373.7962,298.217,0.55,3.2,33.48,5.7,-84.911,-33.4813,1.2810554
6/4/12 18:30,3142.7961,186.2,373.8406,297.6478,0.29,2.71,24.96,2.7,-36.4723,-24.7435,1.3160793
6/4/12 19:00,3144.6461,171.6,373.922,297.1221,-0.43,2.88,24.65,-3.6,-4.9127,-23.8076,1.9703396
6/4/12 19:30,3146.4961,184.7,373.9812,296.697,0.28,3.43,28.84,2.36,0.0,-26.6447,2.8885197
6/4/12 20:00,3148.3461,176.2,374.0811,296.1272,-0.23,3.47,27.43,-1.82,0.0,-23.7553,1.7977589
6/4/12 20:30,3150.1961,182.3,374.2402,295.8053,0.1,2.58,15.29,0.61,0.0,-12.1329,2.1102621
6/4/12 21:00,3152.0461,175.5,374.3216,295.673,-0.21,2.65,13.51,-1.06,0.0,-9.5511,2.2676677
6/4/12 21:30,3153.8961,171.7,374.3253,295.5934,-0.4,2.73,13.21,-1.91,0.0,-8.041,1.8090104
6/4/12 22:00,3155.7461,175.8,374.2772,295.5231,-0.23,3.08,14.86,-1.09,0.0,-7.4294,2.2957099
6/4/12 22:30,3157.5961,180.2,374.3401,295.3793,0.01,2.5,12.55,0.04,0.0,-4.8017,2.0132684
6/4/12 23:00,3159.4461,173.7,374.3438,295.1783,-0.21,1.93,9.78,-1.07,0.0,-2.5316,2.1094543
6/4/12 23:30,3161.2961,159.7,374.2365,294.975,-0.62,1.69,8.76,-3.04,0.0,-1.1437,1.364028
6/5/12 0:00,3163.1461,150.2,374.1144,294.6771,-0.7,1.23,6.26,-3.11,0.0,0.0,1.7721401
6/5/12 0:30,3164.9961,146.5,374.0515,294.2749,-0.9,1.36,6.43,-3.55,0.0,0.839,1.655413
6/5/12 1:00,3166.8461,120.1,373.9701,293.9565,-0.92,0.53,3.48,-3.01,0.0,0.9019,1.6442769
6/5/12 1:30,3168.7211,91.2,384.047,293.5566,-0.62,0.01,1.57,-1.57,0.0,0.5998,1.6677608
6/5/12 2:00,3170.6211,153.7,384.0926,293.6625,-0.65,1.31,3.98,-1.76,0.0,1.9903,1.6382761
6/5/12 2:30,3172.5211,99.9,384.066,293.4163,-0.74,0.13,1.88,-1.85,0.0,1.1437,1.6817242
6/5/12 3:00,3174.4211,85.3,384.1306,292.8638,-0.72,-0.06,1.4,-1.4,0.0,0.9915,1.6446808
6/5/12 3:30,3176.3211,83.1,384.085,292.7583,-0.66,-0.08,1.25,-1.24,0.0,0.989,1.6433537
6/5/12 4:00,3178.2211,104.4,384.0698,292.5138,-0.92,0.24,1.65,-1.6,0.0,1.4301,1.6360835
6/5/12 4:30,3180.1211,109.2,384.0166,292.5131,-0.87,0.3,1.58,-1.49,0.8213,1.4573,1.6325061
6/5/12 5:00,3182.0461,101.6,394.2822,292.5868,-0.53,0.11,0.96,-0.94,8.7107,0.9253,1.6407572
6/5/12 5:30,3183.9961,137.5,394.2783,292.9087,-1.0,1.09,3.12,-2.11,50.8542,3.0938,1.9434514
6/5/12 6:00,3185.9461,144.5,394.2276,293.7157,-1.24,1.73,6.43,-3.73,79.719,6.4275,1.8050291
6/5/12 6:30,3187.9211,133.2,404.312,294.1355,-1.24,1.16,5.63,-4.11,175.4917,5.5856,1.946221
6/5/12 7:00,3189.9211,170.1,404.408,294.7042,-0.29,1.65,6.06,-1.04,128.8844,5.851,1.6431229
6/5/12 7:30,3191.9211,180.1,404.444,295.0752,0.0,2.16,8.37,0.01,178.9518,7.7356,1.8406877
6/5/12 8:00,3193.9211,181.2,404.456,295.729,0.05,2.4,10.95,0.23,280.5221,9.4821,2.2552045
6/5/12 8:30,3195.8961,204.9,394.3992,296.3465,1.18,2.55,16.83,7.09,266.5953,13.3536,1.879289
6/5/12 9:00,3197.8211,201.0,384.2104,296.7331,1.1,2.86,20.32,7.28,269.7825,14.3691,1.9134474
6/5/12 9:30,3199.7211,195.7,384.1344,297.1064,0.83,2.96,21.95,5.94,287.9636,13.3618,2.4415178
6/5/12 10:00,3201.6211,204.3,384.0318,297.2769,1.24,2.74,23.3,9.59,199.9565,11.6493,2.1646732
6/5/12 10:30,3203.5211,208.5,384.0204,297.5143,1.42,2.61,24.97,11.91,177.205,9.5544,2.4050514
6/5/12 11:00,3205.4211,201.7,384.0204,297.678,1.11,2.78,26.33,9.74,95.7084,6.8145,3.0230184
6/5/12 11:30,3207.3211,195.9,383.9292,297.6798,0.95,3.35,31.15,8.53,51.9141,4.0663,3.4669622
6/5/12 12:00,3209.2211,197.4,383.8,297.6531,1.18,3.77,35.92,10.74,0.0,0.0,3.2206986
6/5/12 12:30,3211.0961,203.7,373.6408,297.5777,1.58,3.61,38.07,15.3,-53.269,-4.969,2.6841463
6/5/12 13:00,3212.9461,195.5,373.5224,297.7936,1.13,4.06,41.75,11.16,-116.8723,-10.8069,2.9837247
6/5/12 13:30,3214.7961,189.7,373.3929,297.7079,0.69,4.03,39.31,6.62,-145.1128,-15.0427,2.537069
6/5/12 14:00,3216.6461,198.0,373.3115,297.7002,1.15,3.53,34.73,10.73,-205.8665,-17.3667,2.3347151
6/5/12 14:30,3218.4961,194.6,373.2782,297.6218,1.02,3.93,37.7,9.5,-209.6921,-22.9478,2.996938
6/5/12 15:00,3220.3211,199.5,363.2004,297.5641,1.25,3.52,34.12,11.39,-190.6629,-24.1279,2.8669399
6/5/12 15:30,3222.1211,191.1,363.0996,297.3112,0.72,3.69,31.4,6.05,-160.1534,-24.9107,2.6007698
6/5/12 16:00,3223.9211,187.1,362.9916,297.1227,0.45,3.61,29.69,3.67,-135.2429,-25.7144,2.0549278
6/5/12 16:30,3225.7211,184.8,362.8044,296.8547,0.31,3.67,29.49,2.47,-95.9698,-27.2496,1.5688053
6/5/12 17:00,3227.5211,191.7,362.7576,296.698,0.76,3.66,27.95,5.67,-89.3964,-27.0003,1.4324602
6/5/12 17:30,3229.3211,195.7,362.8116,296.4903,0.94,3.35,24.72,6.69,-62.2677,-24.5038,2.3120967
6/5/12 18:00,3231.1211,188.0,362.8368,296.2238,0.44,3.15,20.62,2.87,-41.578,-20.6191,1.5498797
6/5/12 18:30,3232.9211,181.6,362.772,295.9811,0.08,2.79,15.34,0.43,-18.2793,-15.2134,2.4771187
6/5/12 19:00,3234.7211,174.5,362.6928,295.7354,-0.31,3.22,16.78,-1.61,-2.0169,-16.2038,1.7464636
6/5/12 19:30,3236.5211,182.2,362.664,295.4851,0.1,2.47,11.71,0.45,0.0,-10.82,1.7670625
6/5/12 20:00,3238.3211,179.7,362.628,295.2262,-0.01,2.86,12.85,-0.07,0.0,-11.1309,1.8568437
6/5/12 20:30,3240.1211,178.9,362.6424,295.0916,-0.05,2.79,12.57,-0.24,0.0,-9.9738,2.0292513
6/5/12 21:00,3241.9211,167.6,362.7,294.8846,-0.51,2.34,10.08,-2.16,0.0,-7.1272,1.825051
6/5/12 21:30,3243.7211,156.5,362.6424,294.676,-0.83,1.91,7.83,-3.12,0.0,-4.7689,1.7848341
6/5/12 22:00,3245.5211,158.8,362.5524,294.5547,-0.59,1.52,5.39,-1.95,0.0,-2.6968,1.7514835
6/5/12 22:30,3247.3211,151.7,362.4228,294.5178,-1.0,1.86,7.68,-3.64,0.0,-2.9407,1.1078977
6/5/12 23:00,3249.1211,162.8,362.2896,294.4911,-0.55,1.78,6.71,-1.99,0.0,-1.7377,1.4040718
6/5/12 23:30,3250.9211,156.2,362.2104,294.3469,-0.58,1.31,4.71,-1.9,0.0,-0.6149,1.6749733
6/6/12 0:00,3252.7211,138.5,362.0592,294.1822,-0.77,0.87,3.85,-2.55,0.0,0.0,1.7014576
6/6/12 0:30,3254.5461,66.8,372.0054,293.9926,-0.46,-0.2,1.46,-1.34,0.0,0.191,1.7014576
6/6/12 1:00,3256.3961,78.2,371.7057,293.7859,-1.19,-0.25,3.23,-3.16,0.0,0.8354,1.7014576
6/6/12 1:30,3258.2461,44.5,371.4356,293.7418,-0.66,-0.67,2.39,-1.68,0.0,0.9147,1.671569
6/6/12 2:00,3260.0961,76.7,371.3764,293.7896,-0.87,-0.21,2.43,-2.36,0.0,1.2141,1.7014576
6/6/12 2:30,3261.9461,31.3,371.2617,293.512,-0.34,-0.56,1.3,-0.68,0.0,0.791,1.6832821
6/6/12 3:00,3263.7961,42.3,371.0434,293.2868,-0.57,-0.63,1.32,-0.89,0.0,0.9348,1.6576056
6/6/12 3:30,3265.6711,50.4,380.9614,293.244,-0.83,-0.68,1.47,-1.13,0.0,1.1652,1.6637795
6/6/12 4:00,3267.5711,63.6,380.7296,293.1983,-1.03,-0.51,1.41,-1.27,0.0,1.2236,1.69638
6/6/12 4:30,3269.4961,52.0,390.6123,293.1261,-1.15,-0.9,1.66,-1.31,0.304,1.531,1.7084393
6/6/12 5:00,3271.4461,53.0,390.4914,293.008,-1.38,-1.04,1.88,-1.5,3.004,1.812,1.7510796
6/6/12 5:30,3273.3961,49.1,390.2067,292.9518,-1.49,-1.29,2.34,-1.77,10.3378,2.3242,1.7926813
6/6/12 6:00,3275.3461,50.4,390.1872,292.9452,-1.33,-1.1,2.2,-1.7,16.368,2.2014,1.8082603
6/6/12 6:30,3277.3211,59.1,400.216,292.9194,-1.49,-0.89,2.25,-1.93,26.1315,2.2353,2.2488575
6/6/12 7:00,3279.3211,50.5,400.16,292.7204,-1.89,-1.56,4.16,-3.21,47.8259,4.0198,2.0892016
6/6/12 7:30,3281.3211,54.4,399.924,292.6575,-2.46,-1.76,5.97,-4.85,116.3109,5.5151,2.1916768
6/6/12 8:00,3283.3211,52.1,399.76,292.7438,-2.54,-1.98,7.29,-5.75,165.2307,6.3092,1.903523
6/6/12 8:30,3285.3211,45.6,399.644,292.8576,-2.5,-2.45,8.59,-6.13,117.6852,6.8119,2.0732187
6/6/12 9:00,3287.3211,43.3,399.512,292.9162,-2.02,-2.14,8.43,-5.78,133.0245,5.9602,1.8099913
6/6/12 9:30,3289.3211,37.4,399.296,293.3686,-1.98,-2.59,12.13,-7.37,154.64,7.386,2.0732764
6/6/12 10:00,3291.2961,34.4,389.2434,293.8134,-1.94,-2.83,14.93,-8.43,129.014,7.4648,2.1912152
6/6/12 10:30,3293.2461,31.1,389.2044,294.2249,-1.82,-3.02,17.3,-8.94,113.7561,6.6204,2.0394642
6/6/12 11:00,3295.1961,33.2,389.2044,294.356,-1.99,-3.05,19.88,-10.89,49.4181,5.1458,2.5973078
6/6/12 11:30,3297.1461,34.3,389.2551,294.3922,-1.83,-2.69,19.04,-10.73,29.8915,2.4851,2.1805407
6/6/12 12:00,3299.0961,36.7,389.2083,294.4815,-2.46,-3.3,27.83,-16.63,0.0,0.0,2.2086406
6/6/12 12:30,3301.0461,46.4,389.2122,294.1296,-3.88,-3.7,39.18,-28.37,-49.9158,-5.1135,2.1177054
6/6/12 13:00,3302.9961,44.1,389.2083,293.7328,-2.92,-3.01,28.41,-19.77,-92.1039,-7.3543,3.099644
6/6/12 13:30,3304.9211,39.9,379.1336,293.9155,-2.68,-3.21,27.8,-17.83,-133.4628,-10.638,2.0167304
6/6/12 14:00,3306.8211,39.8,379.0728,293.8514,-2.65,-3.18,28.47,-18.22,-173.803,-14.2334,2.6072899
6/6/12 14:30,3308.7211,25.8,379.0196,294.3486,-1.62,-3.36,26.99,-11.75,-369.2662,-16.4325,2.5910762
6/6/12 15:00,3310.5961,28.0,369.0935,294.5388,-1.79,-3.36,28.51,-13.38,-246.1184,-20.1577,1.9717821
6/6/12 15:30,3312.4461,23.9,369.1083,294.5608,-1.34,-3.02,24.95,-10.11,-314.321,-19.7937,2.5001987
6/6/12 16:00,3314.2961,33.5,369.1231,294.6311,-1.74,-2.63,26.98,-14.89,-172.5945,-23.3617,2.0537738
6/6/12 16:30,3316.1211,26.5,359.1468,294.7583,-0.93,-1.87,17.48,-7.8,-191.475,-16.1481,2.0560818
6/6/12 17:00,3317.9211,2.7,359.1936,294.851,-0.1,-2.22,17.46,-0.82,-147.6408,-16.8657,2.0787002
6/6/12 17:30,3319.7211,359.7,359.3088,294.7764,0.01,-1.89,13.89,0.07,-67.2874,-13.7743,1.520972
6/6/12 18:00,3321.5211,350.7,359.4096,294.6914,0.26,-1.61,11.4,1.84,-35.778,-11.3974,1.7982205
6/6/12 18:30,3323.3211,5.6,359.496,294.5893,-0.11,-1.09,7.16,-0.7,-18.8424,-7.1021,1.8069332
6/6/12 19:00,3325.1211,81.3,359.6292,293.5937,-1.85,-0.28,9.44,-9.33,-4.9301,-9.1202,1.6843207
6/6/12 19:30,3326.9211,83.8,359.7408,292.5204,-2.27,-0.25,9.68,-9.63,0.0,-8.9464,1.7374047
6/6/12 20:00,3328.7211,92.6,359.9208,291.8714,-1.22,0.06,5.03,-5.02,0.0,-4.3538,1.7554071
6/6/12 20:30,3330.5211,96.9,360.108,291.5973,-0.86,0.1,3.26,-3.24,0.0,-2.5856,1.838899
6/6/12 21:00,3332.3211,113.4,360.2124,291.4728,-0.69,0.3,2.68,-2.46,0.0,-1.8924,1.8544203
6/6/12 21:30,3334.1211,88.3,360.3924,291.0779,-0.78,-0.02,2.53,-2.52,0.0,-1.5374,1.8623829
6/6/12 22:00,3335.9211,90.0,360.4716,290.6565,-1.02,0.0,2.59,-2.59,0.0,-1.2941,1.9161016
6/6/12 22:30,3337.7211,128.0,360.5076,290.3019,-0.37,0.29,0.93,-0.73,0.0,-0.3551,1.9653774
6/6/12 23:00,3339.5211,84.0,360.4788,290.2859,-0.84,-0.09,1.72,-1.71,0.0,-0.4462,1.9903038
6/6/12 23:30,3341.3211,69.8,360.432,290.1102,-0.47,-0.17,0.94,-0.89,0.0,-0.1232,2.0207117
6/7/12 0:00,3343.1211,134.3,360.5076,289.8072,-0.29,0.28,0.66,-0.47,0.0,0.0,2.0256162
6/7/12 0:30,3344.9211,219.0,360.6228,289.8757,1.02,1.25,2.19,1.38,0.0,0.2855,2.011422
6/7/12 1:00,3346.7211,214.6,360.7956,289.7417,0.6,0.88,1.35,0.77,0.0,0.3489,2.011422
6/7/12 1:30,3348.5211,206.0,360.9108,289.658,0.41,0.83,1.25,0.55,0.0,0.4789,2.0066906
6/7/12 2:00,3350.3211,101.1,360.9792,289.3202,-0.48,0.1,0.62,-0.61,0.0,0.3102,2.0286743
6/7/12 2:30,3352.1211,77.4,360.9432,288.9615,-0.86,-0.19,1.06,-1.04,0.0,0.6474,2.0314439
6/7/12 3:00,3353.9211,72.2,361.044,288.5577,-0.73,-0.24,0.68,-0.65,0.0,0.4798,2.0189807
6/7/12 3:30,3355.7211,82.5,361.1448,288.4197,-0.9,-0.12,0.76,-0.75,0.0,0.6018,2.0283281
6/7/12 4:00,3357.5211,79.3,361.2888,288.3269,-0.82,-0.16,0.67,-0.66,0.0,0.5835,2.0283281
6/7/12 4:30,3359.3211,74.7,361.4364,288.3611,-0.98,-0.27,0.9,-0.87,0.7973,0.8349,2.0753536
6/7/12 5:00,3361.1211,102.7,361.566,288.4631,-0.44,0.1,0.42,-0.41,23.8072,0.4059,2.2237003
6/7/12 5:30,3362.9211,56.6,361.602,288.5028,-0.38,-0.25,0.34,-0.28,68.3353,0.3346,2.3270987
6/7/12 6:00,3364.7461,152.2,371.7168,289.1294,-0.07,0.14,0.16,-0.08,140.098,0.1616,2.4794844
6/7/12 6:30,3366.5961,98.9,371.8056,290.1266,-0.94,0.15,1.54,-1.52,119.0289,1.5234,2.3792018
6/7/12 7:00,3368.4711,127.4,381.9646,290.8317,-0.81,0.62,2.08,-1.65,195.9458,2.0089,2.016615
6/7/12 7:30,3370.3711,135.1,382.0254,291.8764,-1.12,1.12,4.6,-3.25,259.7284,4.2534,2.052389
6/7/12 8:00,3372.2461,164.8,371.9832,293.54,-0.51,1.86,11.05,-2.9,472.8256,9.5722,1.256129
6/7/12 8:30,3374.0961,170.5,371.9943,294.6537,-0.39,2.33,19.25,-3.18,533.2802,15.2748,1.4932183
6/7/12 9:00,3375.9211,168.0,361.8828,295.0081,-0.46,2.18,19.4,-4.03,531.0266,13.719,2.2815157
6/7/12 9:30,3377.6961,182.5,351.848,295.4116,0.08,1.84,17.58,0.77,485.3217,10.7023,1.5121439
6/7/12 10:00,3379.4461,188.2,351.8585,295.9526,0.32,2.2,21.31,3.04,442.396,10.6526,1.7307692
6/7/12 10:30,3381.1961,182.5,351.8725,296.4898,0.1,2.26,22.72,0.99,353.9118,8.6943,1.7003613
6/7/12 11:00,3382.9211,178.1,341.7952,297.1343,-0.08,2.38,25.1,-0.83,246.2252,6.4967,1.7464636
6/7/12 11:30,3384.6211,188.3,341.7204,297.6526,0.33,2.25,25.61,3.7,109.6468,3.343,2.4659826
6/7/12 12:00,3386.3211,198.0,341.6762,298.0265,0.77,2.38,30.44,9.41,0.0,0.0,2.8144329
6/7/12 12:30,3388.0211,193.9,341.6252,298.4989,0.63,2.57,33.72,8.1,-126.1389,-4.4013,2.3285412
6/7/12 13:00,3389.7211,185.6,341.564,298.8047,0.27,2.78,37.14,3.62,-246.1687,-9.6122,2.3272141
6/7/12 13:30,3391.3961,199.7,331.4586,299.0958,1.04,2.92,43.91,14.8,-356.4015,-16.8042,2.7225168
6/7/12 14:00,3393.0461,195.8,331.4289,299.0475,0.86,3.03,44.63,12.15,-365.2845,-22.317,2.8421289
6/7/12 14:30,3394.6961,201.0,331.3992,298.7984,1.04,2.72,41.2,14.77,-362.6118,-25.0836,2.4717526
6/7/12 15:00,3396.3461,193.0,331.3761,299.2532,0.46,2.01,30.54,6.87,-480.0095,-21.5979,2.9684342
6/7/12 15:30,3397.9711,182.7,321.3408,299.4349,0.12,2.48,37.39,1.76,-440.2056,-29.6601,2.4044744
6/7/12 16:00,3399.5711,188.4,321.3888,299.2642,0.57,3.85,57.22,8.36,-409.2351,-49.5519,2.3669694
6/7/12 16:30,3401.1711,185.4,321.4496,298.7229,0.31,3.27,45.68,4.3,-385.1164,-42.2016,2.8511878
6/7/12 17:00,3402.7711,184.0,321.4496,298.5318,0.24,3.38,44.15,3.08,-290.6529,-42.6486,2.9673379
6/7/12 17:30,3404.3711,178.7,321.4784,298.4528,-0.08,3.44,41.85,-0.95,-264.0049,-41.4884,2.2828428
6/7/12 18:00,3405.9461,191.2,311.4818,297.8802,0.59,2.95,33.49,6.5,-154.624,-33.4874,2.5917686
6/7/12 18:30,3407.4961,196.2,311.5996,297.1499,0.97,3.36,37.09,10.35,-71.037,-36.768,1.5541495
6/7/12 19:00,3409.0461,198.6,311.6988,296.4983,1.02,3.02,26.74,8.53,-9.1357,-25.8292,1.9256798
6/7/12 19:30,3410.5961,198.0,311.767,296.1614,1.07,3.28,23.99,7.41,0.0,-22.1651,2.9270056
6/7/12 20:00,3412.1461,194.7,311.8383,295.9582,0.67,2.56,16.88,4.28,0.0,-14.6207,1.9040423
6/7/12 20:30,3413.6961,197.1,311.9406,295.8782,0.66,2.16,13.82,4.06,0.0,-10.9635,2.1915037
6/7/12 21:00,3415.2461,184.2,312.0336,295.7463,0.11,1.49,8.32,0.61,0.0,-5.8856,1.949106
6/7/12 21:30,3416.7961,134.1,312.108,295.35,-1.03,1.0,7.11,-5.11,0.0,-4.3307,1.949106
6/7/12 22:00,3418.3461,128.8,312.0832,295.0026,-1.1,0.88,6.31,-4.92,0.0,-3.1544,1.949106
6/7/12 22:30,3419.8961,118.3,312.0584,294.717,-1.21,0.65,5.26,-4.63,0.0,-2.0138,1.9786484
6/7/12 23:00,3421.4461,116.3,311.9654,294.3484,-1.36,0.67,5.16,-4.63,0.0,-1.3361,1.9436245
6/7/12 23:30,3422.9961,107.0,311.9096,293.9974,-0.99,0.3,3.09,-2.96,0.0,-0.4035,1.9579341
6/8/12 0:00,3424.5461,83.8,311.9003,293.9007,-0.71,-0.08,1.89,-1.88,0.0,0.0,2.0278665
6/8/12 0:30,3426.1211,70.8,321.92,293.8379,-0.59,-0.2,1.5,-1.41,0.0,0.1955,2.0278665
6/8/12 1:00,3427.7211,56.5,321.872,293.8901,-0.68,-0.45,2.03,-1.69,0.0,0.5246,2.0278665
6/8/12 1:30,3429.3211,60.8,321.8016,293.832,-0.91,-0.51,2.4,-2.1,0.0,0.9185,2.0278665
6/8/12 2:00,3430.9211,91.8,321.808,294.0594,-0.7,0.02,1.68,-1.68,0.0,0.8404,2.011422
6/8/12 2:30,3432.5211,72.4,321.824,294.1544,-0.9,-0.28,2.36,-2.25,0.0,1.4384,2.011422
6/8/12 3:00,3434.1211,98.4,321.8592,294.1303,-0.72,0.11,1.73,-1.71,0.0,1.2227,2.011422
6/8/12 3:30,3435.7211,82.7,321.856,294.245,-0.47,-0.06,1.1,-1.09,0.0,0.8732,2.011422
6/8/12 4:00,3437.3211,53.3,321.8624,294.2854,-0.38,-0.29,1.08,-0.86,0.0,0.934,2.011422
6/8/12 4:30,3438.9211,125.7,321.8304,294.1464,-0.57,0.41,1.47,-1.19,1.3008,1.3542,2.011422
6/8/12 5:00,3440.5211,72.9,321.7824,293.9347,-0.55,-0.17,1.04,-0.99,9.6834,1.0039,2.0863166
6/8/12 5:30,3442.1211,75.8,321.84,293.8319,-0.15,-0.04,0.23,-0.23,71.6775,0.2306,2.5598605
6/8/12 6:00,3443.7211,171.0,321.8976,294.4414,-0.14,0.86,1.84,-0.29,157.438,1.8378,2.0389449
6/8/12 6:30,3445.3461,152.1,331.9569,295.085,-0.28,0.52,1.59,-0.75,245.4778,1.5796,2.4617128
6/8/12 7:00,3446.9961,281.5,331.9569,295.3804,0.07,-0.01,0.19,0.19,318.6184,0.1863,2.1365156
6/8/12 7:30,3448.6211,267.0,321.9264,295.8223,0.35,0.02,1.11,1.11,406.0072,1.0228,0.7730069
6/8/12 8:00,3450.1961,340.1,311.8259,296.0491,0.23,-0.63,2.79,0.95,400.9516,2.414,0.9954404
6/8/12 8:30,3451.7211,281.3,301.746,296.4481,0.7,-0.14,3.37,3.3,267.7393,2.6731,0.8877722
6/8/12 9:00,3453.2211,299.8,301.704,296.7319,0.67,-0.38,4.31,3.74,312.561,3.0494,2.3466013
6/8/12 9:30,3454.7211,56.2,301.671,297.3191,-0.16,-0.11,1.17,-0.97,361.681,0.7135,2.4976599
6/8/12 10:00,3456.2211,303.3,301.599,297.7381,0.31,-0.21,2.59,2.17,379.2645,1.2957,1.6863979
6/8/12 10:30,3457.6961,355.8,291.4761,297.9462,0.03,-0.43,3.17,0.23,315.7743,1.2144,1.7351544
6/8/12 11:00,3459.1461,261.6,291.4007,298.7281,0.56,0.08,4.69,4.64,246.7105,1.2144,2.0600631
6/8/12 11:30,3460.5961,224.4,291.3253,299.4446,0.45,0.46,6.06,4.24,125.2965,0.7905,2.2953637
6/8/12 12:00,3462.0461,201.3,291.1919,300.3027,0.47,1.2,13.88,5.04,0.0,0.0,2.1631153
6/8/12 12:30,3463.4711,229.6,281.0472,300.7785,0.94,0.8,13.94,10.62,-122.4937,-1.8196,1.9316229
6/8/12 13:00,3464.8711,226.2,280.9632,301.4892,1.02,0.98,17.51,12.64,-244.6063,-4.5321,2.5798247
6/8/12 13:30,3466.2711,214.2,280.8848,302.1142,0.81,1.19,19.78,11.12,-349.7512,-7.5684,2.8174333
6/8/12 14:00,3467.6711,185.0,280.812,302.5552,0.13,1.49,22.47,1.96,-385.832,-11.235,3.2721093
6/8/12 14:30,3469.0461,144.8,270.6723,302.7547,-0.99,1.4,26.66,-15.37,-432.5542,-16.2309,3.2573958
6/8/12 15:00,3470.3961,152.5,270.5994,302.962,-0.94,1.81,33.53,-15.48,-481.3332,-23.7092,4.5256995
6/8/12 15:30,3471.7461,167.4,270.5751,302.8769,-0.69,3.07,49.48,-10.79,-430.1221,-39.2553,2.6608355
6/8/12 16:00,3473.0961,187.4,270.5778,302.2383,0.45,3.49,51.73,6.66,-446.5643,-44.8,4.2071955
6/8/12 16:30,3474.4461,182.4,270.6156,301.8231,0.13,3.2,44.41,1.86,-250.4212,-41.034,3.7100523
6/8/12 17:00,3475.7711,192.6,260.5902,301.3985,0.67,3.01,36.97,8.06,-160.5745,-35.7063,3.1346679
6/8/12 17:30,3477.0711,183.2,260.5226,300.6634,0.2,3.59,36.09,2.01,-113.3906,-35.7844,3.2591845
6/8/12 18:00,3478.3711,173.8,260.4966,300.1485,-0.32,2.94,25.86,-2.79,-44.695,-25.8619,3.1314944
6/8/12 18:30,3479.6961,168.6,270.5319,299.6933,-0.58,2.86,21.83,-4.31,-38.2688,-21.6419,3.1314944
6/8/12 19:00,3481.0461,172.3,270.6156,298.8833,-0.43,3.18,19.72,-2.64,-4.792,-19.044,2.5258175
6/8/12 19:30,3482.3961,167.8,270.6588,298.516,-0.6,2.79,15.69,-3.32,0.0,-14.4944,2.3981851
6/8/12 20:00,3483.7461,154.6,270.6912,297.8814,-1.35,2.84,14.11,-6.05,0.0,-12.2171,2.2190266
6/8/12 20:30,3485.1211,158.1,280.7168,297.6001,-1.25,3.11,13.67,-5.1,0.0,-10.8447,2.7776203
6/8/12 21:00,3486.5211,155.1,280.7196,297.4717,-1.26,2.71,11.94,-5.03,0.0,-8.4457,1.9864956
6/8/12 21:30,3487.9211,158.2,280.7084,297.4382,-1.08,2.7,12.41,-4.61,0.0,-7.5538,2.0551586
6/8/12 22:00,3489.3211,156.5,280.6804,297.3931,-1.2,2.76,13.21,-5.27,0.0,-6.6064,2.5208553
6/8/12 22:30,3490.7211,162.7,280.6916,297.394,-0.84,2.68,11.71,-3.48,0.0,-4.4815,2.7738121
6/8/12 23:00,3492.1211,182.9,280.7532,297.3449,0.15,2.94,11.9,0.6,0.0,-3.0789,2.7027257
6/8/12 23:30,3493.5211,170.9,280.756,297.1993,-0.46,2.88,12.28,-1.94,0.0,-1.6033,2.1490942
6/9/12 0:00,3494.9211,170.9,280.6972,297.0074,-0.48,3.01,12.19,-1.93,0.0,0.0,2.1231292
6/9/12 0:30,3496.3461,187.0,290.6844,296.6781,0.47,3.82,11.76,1.43,0.0,1.535,2.0855665
6/9/12 1:00,3497.8211,193.9,300.801,296.3301,0.85,3.42,7.76,1.87,0.0,2.0097,2.1179939
6/9/12 1:30,3499.3211,179.3,300.846,295.9728,-0.03,2.79,5.03,-0.06,0.0,1.925,2.1063385
6/9/12 2:00,3500.8211,165.8,300.705,295.7891,-0.61,2.41,4.75,-1.16,0.0,2.3741,2.1063385
6/9/12 2:30,3502.3211,185.8,300.825,295.4324,0.32,3.19,7.49,0.76,0.0,4.5584,2.1346115
6/9/12 3:00,3503.8211,181.0,300.84,294.7632,0.05,2.92,6.8,0.12,0.0,4.8096,2.1128009
6/9/12 3:30,3505.3461,169.7,310.8773,294.2054,-0.39,2.12,4.36,-0.78,0.0,3.4565,2.0973373
6/9/12 4:00,3506.8961,124.6,310.7905,293.5897,-0.77,0.53,1.47,-1.21,0.0,1.2691,2.0067483
6/9/12 4:30,3508.4711,102.7,320.8928,293.3057,-0.77,0.17,0.92,-0.9,0.2744,0.8531,1.994689
6/9/12 5:00,3510.0711,94.9,320.9376,293.0632,-0.92,0.08,0.98,-0.97,0.113,0.9436,2.0121721
6/9/12 5:30,3511.6711,83.3,320.8128,293.0907,-1.27,-0.15,1.24,-1.23,9.2898,1.2307,2.0951447
6/9/12 6:00,3513.2961,76.4,330.7029,293.131,-1.6,-0.39,1.34,-1.3,44.29,1.3374,2.4359786
6/9/12 6:30,3514.9211,71.8,320.6976,293.4018,-1.38,-0.45,1.38,-1.31,32.7881,1.372,2.408398
6/9/12 7:00,3516.5211,114.4,320.6752,293.4355,-2.16,0.98,2.93,-2.67,37.6875,2.8286,2.408398
6/9/12 7:30,3518.1461,126.0,330.6303,293.3865,-2.06,1.49,3.86,-3.12,63.5934,3.5683,2.4763686
6/9/12 8:00,3519.7961,117.8,330.5907,293.2321,-1.8,0.95,3.2,-2.83,86.8026,2.7681,2.3411775
6/9/12 8:30,3521.4461,115.5,330.5313,293.4777,-2.01,0.96,3.15,-2.84,112.8696,2.4958,2.3531214
6/9/12 9:00,3523.0961,103.4,330.4356,293.6454,-2.55,0.61,4.13,-4.02,134.4316,2.9238,2.1798483
6/9/12 9:30,3524.7461,118.0,330.3003,294.0558,-2.6,1.38,6.02,-5.32,94.6435,3.6656,2.1619036
6/9/12 10:00,3526.3961,123.2,330.1848,294.2894,-2.69,1.76,8.86,-7.41,68.054,4.428,2.0592553
6/9/12 10:30,3528.0461,128.5,330.1221,294.2736,-2.0,1.59,5.82,-4.56,41.6214,2.2289,2.031617
6/9/12 11:00,3529.6961,129.4,329.9868,294.1257,-2.45,2.02,6.58,-5.08,23.3188,1.7027,1.9439707
6/9/12 11:30,3531.3461,129.9,329.8746,294.2974,-2.62,2.19,9.07,-6.96,39.6467,1.1844,1.9792254
6/9/12 12:00,3532.9961,119.1,329.6964,294.4939,-3.02,1.68,10.95,-9.57,0.0,0.0,2.2712451
6/9/12 12:30,3534.6711,115.6,339.5886,294.2241,-2.45,1.17,6.93,-6.25,-14.272,-0.9044,1.943913
6/9/12 13:00,3536.3961,110.1,349.489,294.1327,-2.4,0.88,4.51,-4.23,-38.6779,-1.1661,2.1711356
6/9/12 13:30,3538.1711,116.5,359.3016,294.0103,-2.23,1.11,3.26,-2.92,-51.9933,-1.2482,2.2202383
6/9/12 14:00,3540.0211,111.5,379.1108,293.9284,-3.02,1.19,3.64,-3.38,-66.158,-1.8177,2.1178208
6/9/12 14:30,3541.9461,93.3,388.9977,294.0093,-2.45,0.14,3.04,-3.04,-76.3734,-1.8509,2.0924905
6/9/12 15:00,3543.8961,,388.9353,293.9289,,,5.62,,-98.0276,-3.9709,2.1237062
6/9/12 15:30,3545.8961,,408.7577,293.7211,,,4.3,,-78.3746,-3.412,1.916794
6/9/12 16:00,3548.0461,56.7,448.3485,293.3776,-2.96,-1.95,3.72,-3.11,-68.5572,-3.2223,2.1680198
6/9/12 16:30,3550.3461,47.5,468.1012,293.185,-3.04,-2.79,4.96,-3.65,-58.6839,-4.5787,2.4149758
6/9/12 17:00,3552.7211,43.5,477.7632,293.0345,-2.99,-3.15,4.77,-3.28,-59.4769,-4.603,2.5203937
6/9/12 17:30,3555.1461,42.5,487.501,292.9534,-2.77,-3.02,4.3,-2.9,-47.7777,-4.2621,2.3897609
6/9/12 18:00,3557.6211,44.6,497.2,292.9413,-3.41,-3.46,5.36,-3.76,-44.11,-5.3599,2.3897609
6/9/12 18:30,3560.1461,44.6,506.9502,293.0606,-3.58,-3.63,6.46,-4.54,-20.2949,-6.4064,2.5206245
6/9/12 19:00,3562.6961,,506.8788,293.1498,,,3.27,,-2.0758,-3.1556,2.1646732
6/9/12 19:30,3565.2461,,506.6646,293.3118,,,3.27,,0.0,-3.0206,2.0891439
6/9/12 20:00,3567.8211,,516.4068,293.3865,,,3.52,,0.0,-3.0468,2.0891439
6/9/12 20:30,3570.3961,,506.43,293.4076,,,3.7,,0.0,-2.9333,2.1072617
6/9/12 21:00,3572.9461,22.6,506.532,293.5075,-1.34,-3.23,6.66,-2.56,0.0,-4.7068,2.0843548
6/9/12 21:30,3575.4961,6.8,506.5422,293.3073,-0.37,-3.13,5.44,-0.64,0.0,-3.3114,2.0891439
6/9/12 22:00,3578.0711,,516.4328,293.1319,,,3.12,,0.0,-1.5619,2.1234754
6/9/12 22:30,3580.6461,,506.5065,292.982,,,3.17,,0.0,-1.2144,2.1313226
6/9/12 23:00,3583.1961,,506.4657,292.8067,,,2.78,,0.0,-0.7194,2.1512868
6/9/12 23:30,3585.7461,,506.4657,292.8197,,,2.81,,0.0,-0.3666,2.1501905
6/10/12 0:00,3588.2961,337.0,506.4045,292.7419,1.13,-2.66,3.54,1.38,0.0,0.0,2.148171
6/10/12 0:30,3590.8211,336.2,496.445,292.7887,1.05,-2.38,3.78,1.53,0.0,0.4934,2.160865
6/10/12 1:00,3593.3211,323.4,496.495,293.1272,1.61,-2.17,5.68,3.39,0.0,1.4699,2.1305148
6/10/12 1:30,3595.7961,324.0,486.5553,293.3219,1.35,-1.86,5.89,3.46,0.0,2.2532,2.1241678
6/10/12 2:00,3598.2461,335.3,486.4769,293.321,0.79,-1.72,5.15,2.15,0.0,2.5751,2.1241678
6/10/12 2:30,3600.6961,327.8,486.521,293.2953,0.95,-1.52,4.96,2.64,0.0,3.0168,2.1241678
6/10/12 3:00,3603.1461,319.2,486.6484,293.2682,1.4,-1.62,5.7,3.72,0.0,4.0273,2.124514
6/10/12 3:30,3605.5961,322.1,486.7121,293.3075,1.29,-1.66,5.96,3.66,0.0,4.7249,2.1241678
6/10/12 4:00,3608.0461,331.5,486.7219,293.2992,0.85,-1.56,5.53,2.64,0.0,4.7849,1.8514199
6/10/12 4:30,3610.4961,325.1,486.8738,293.2972,1.11,-1.59,6.36,3.64,1.8247,5.873,2.1357655
6/10/12 5:00,3612.9461,318.8,487.1139,293.2173,0.98,-1.12,4.77,3.14,19.8363,4.6064,2.6372939
6/10/12 5:30,3615.3961,320.1,487.2315,293.212,1.02,-1.22,4.9,3.14,75.3567,4.8604,2.3040764
6/10/12 6:00,3617.8461,332.4,487.3638,293.4556,0.85,-1.62,6.34,2.94,128.418,6.3402,1.7828146
6/10/12 6:30,3620.2961,348.5,487.3589,294.0652,0.48,-2.37,10.03,2.0,328.2654,9.9478,2.3734895
6/10/12 7:00,3622.7461,357.1,487.4128,294.6543,0.13,-2.52,12.41,0.63,399.3736,11.9824,1.767928
6/10/12 7:30,3625.1961,332.9,487.4128,295.1374,1.17,-2.29,13.78,6.28,434.0405,12.7327,1.7338273
6/10/12 8:00,3627.6461,340.4,487.4765,295.6006,0.82,-2.3,14.25,4.78,523.9887,12.3397,2.2991142
6/10/12 8:30,3630.0961,333.3,487.5402,296.0868,1.04,-2.08,15.23,6.84,532.452,12.0858,1.6498161
6/10/12 9:00,3632.5211,341.0,477.6336,296.5957,0.53,-1.53,11.45,3.73,544.1342,8.0968,1.3763758
6/10/12 9:30,3634.9211,3.9,477.6336,297.3762,-0.12,-1.76,13.83,-0.94,428.0116,8.4165,2.3028647
6/10/12 10:00,3637.3211,346.6,477.6288,297.6742,0.27,-1.14,9.3,2.16,290.9245,4.6505,1.8950988
6/10/12 10:30,3639.7211,353.5,477.6576,297.9735,0.12,-1.02,8.98,1.02,358.1243,3.4363,1.4208625
6/10/12 11:00,3642.1211,344.3,477.5424,298.8971,0.37,-1.32,13.85,3.75,257.2232,3.5858,2.4485572
6/10/12 11:30,3644.5211,338.7,477.4464,299.5906,0.86,-2.22,27.96,10.16,126.1673,3.6493,3.2129668
6/10/12 12:00,3646.8961,354.8,467.4761,299.8835,0.21,-2.28,29.13,2.64,0.0,0.0,2.854419
6/10/12 12:30,3649.2461,10.4,467.4667,300.2258,-0.41,-2.22,30.24,-5.46,-126.6754,-3.9473,4.0712543
6/10/12 13:00,3651.5961,13.0,467.3539,300.3415,-0.36,-1.57,22.58,-5.08,-151.4205,-5.843,2.3475245
6/10/12 13:30,3653.9461,344.4,467.3539,300.7671,0.42,-1.49,22.06,5.93,-245.1983,-8.4403,2.8904238
6/10/12 14:00,3656.2961,83.8,467.3539,300.4241,-3.26,-0.35,34.02,-33.82,-331.641,-17.0112,2.6413906
6/10/12 14:30,3658.6461,98.3,467.4714,299.5474,-3.48,0.51,30.51,-30.19,-423.4727,-18.5703,1.7594461
6/10/12 15:00,3660.9711,72.2,457.6034,298.6775,-2.91,-0.93,23.98,-22.84,-187.768,-16.9589,6.385659
6/10/12 15:30,3663.2711,92.3,457.7368,298.1581,-2.92,0.12,22.46,-22.45,-191.3505,-17.8224,4.0703888
6/10/12 16:00,3665.5711,93.6,457.8426,297.2057,-3.47,0.22,24.3,-24.25,-110.4252,-21.0421,2.2973255
6/10/12 16:30,3667.8711,101.8,457.953,296.7303,-3.44,0.72,23.59,-23.09,-94.2921,-21.7947,1.9789946
6/10/12 17:00,3670.1711,95.5,458.1048,296.2095,-3.02,0.29,18.61,-18.52,-126.7034,-17.976,2.9794549
6/10/12 17:30,3672.4711,118.3,458.2336,295.5929,-2.87,1.55,17.35,-15.28,-79.7826,-17.203,1.8871939
6/10/12 18:00,3674.7711,127.8,458.4314,295.0568,-2.75,2.13,16.75,-13.24,-40.574,-16.75,2.026424
6/10/12 18:30,3677.0711,126.9,458.6062,294.7296,-2.59,1.94,14.43,-11.54,-10.4211,-14.3047,1.7472714
6/10/12 19:00,3679.3711,123.9,458.758,294.3859,-2.6,1.75,12.81,-10.63,-0.9611,-12.3706,2.2662829
6/10/12 19:30,3681.6711,135.1,458.919,294.0289,-2.15,2.16,11.31,-7.98,0.0,-10.4451,1.9490483
6/10/12 20:00,3683.9711,141.5,459.0386,293.7553,-1.85,2.33,10.19,-6.34,0.0,-8.8239,2.2184496
6/10/12 20:30,3686.2711,135.3,459.172,293.4061,-2.07,2.09,8.65,-6.08,0.0,-6.8598,2.1443051
6/10/12 21:00,3688.5961,143.4,469.3138,293.3095,-1.42,1.91,6.96,-4.15,0.0,-4.9189,2.1332267
6/10/12 21:30,3690.9461,132.5,469.5394,293.1035,-1.03,0.94,3.75,-2.76,0.0,-2.282,2.1565952
6/10/12 22:00,3693.3211,129.9,479.5248,292.7861,-1.08,0.9,2.54,-1.95,0.0,-1.2714,2.2031591
6/10/12 22:30,3695.7711,169.2,499.6,292.6574,-0.23,1.2,1.75,-0.33,0.0,-0.6679,2.1727512
6/10/12 23:00,3698.2961,139.9,509.6379,292.5005,-0.91,1.08,1.74,-1.12,0.0,-0.4494,2.1985431
6/10/12 23:30,3700.8461,159.2,509.7246,292.3206,-0.54,1.42,1.57,-0.56,0.0,-0.2052,2.2021782
6/11/12 0:00,3703.3961,152.7,509.7603,292.1732,-0.74,1.43,1.2,-0.55,0.0,0.0,2.2242196
6/11/12 0:30,3705.9461,119.5,509.8521,291.9757,-1.65,0.93,1.69,-1.47,0.0,0.2209,2.1675005
6/11/12 1:00,3708.4961,130.0,509.898,291.6849,-1.43,1.2,1.51,-1.16,0.0,0.3909,2.2553199
6/11/12 1:30,3711.0461,146.0,509.9796,291.5556,-0.75,1.12,0.99,-0.56,0.0,0.3807,2.241645
6/11/12 2:00,3713.5961,140.7,510.0714,291.502,-0.76,0.93,0.89,-0.56,0.0,0.4432,2.2467226
6/11/12 2:30,3716.1461,137.7,510.0867,291.4913,-0.8,0.88,0.82,-0.55,0.0,0.4968,2.2467226
6/11/12 3:00,3718.7211,126.1,520.1248,291.5181,-0.73,0.53,0.64,-0.52,0.0,0.4515,2.241645
6/11/12 3:30,3721.3211,144.5,520.208,291.5892,-0.55,0.78,0.76,-0.44,0.0,0.6025,2.2553199
6/11/12 4:00,3723.9211,222.0,520.3692,291.6676,0.4,0.45,0.48,0.32,0.0,0.4121,2.2553199
6/11/12 4:30,3726.5211,202.7,520.5044,291.6312,0.36,0.86,0.73,0.28,0.3936,0.6778,2.2553199
6/11/12 5:00,3729.0961,165.3,510.6171,291.6236,-0.25,0.97,0.79,-0.2,3.3972,0.7623,2.2778806
6/11/12 5:30,3731.6711,150.9,520.7904,291.6753,-0.3,0.53,0.51,-0.25,20.9929,0.504,2.5072958
6/11/12 6:00,3734.2461,164.6,511.0098,291.8637,-0.2,0.73,0.71,-0.19,34.774,0.7059,2.4203996
6/11/12 6:30,3736.7961,230.5,511.1679,292.0497,0.21,0.17,0.37,0.28,69.6084,0.3619,2.4071863
6/11/12 7:00,3739.3211,126.8,501.285,292.247,-0.4,0.3,0.7,-0.56,66.3581,0.679,2.522067
6/11/12 7:30,3741.8211,89.6,501.25,292.4683,-1.33,-0.01,1.79,-1.79,105.0543,1.6576,1.8098182
6/11/12 8:00,3744.3211,86.8,501.25,292.6801,-0.56,-0.03,0.8,-0.8,220.1237,0.6903,2.303961
6/11/12 8:30,3746.8211,25.3,501.265,293.3995,-0.3,-0.64,1.35,-0.58,298.2096,1.0716,2.2799001
6/11/12 9:00,3749.3211,57.3,501.33,294.3301,-1.27,-0.82,5.37,-4.52,269.9161,3.7986,1.8669989
6/11/12 9:30,3751.8211,95.0,501.325,294.7922,-1.71,0.15,7.62,-7.59,185.1645,4.6376,1.913909
6/11/12 10:00,3754.2961,99.7,491.3769,294.4085,-2.21,0.38,10.0,-9.85,79.88,4.9986,1.4879676
6/11/12 10:30,3756.7461,118.3,491.4406,294.7955,-1.35,0.73,7.95,-7.0,123.5735,3.0405,2.1546911
6/11/12 11:00,3759.1961,113.7,491.4651,295.7345,-1.52,0.67,11.95,-10.94,101.3709,3.0917,1.5814993
6/11/12 11:30,3761.6461,131.1,491.5239,295.9925,-1.2,1.05,12.14,-9.14,34.9599,1.584,1.953722
6/11/12 12:00,3764.0961,109.0,491.4749,296.3122,-2.53,0.87,22.74,-21.5,0.0,0.0,1.6473927
6/11/12 12:30,3766.5461,104.4,491.6219,296.82,-2.79,0.72,26.77,-25.93,-128.7449,-3.4945,2.0915096
6/11/12 13:00,3768.9711,95.6,481.6176,296.7732,-2.46,0.24,22.71,-22.6,-208.3488,-5.8771,1.6477389
6/11/12 13:30,3771.3711,,481.416,296.6384,,,17.54,,-332.126,-6.714,2.3377732
6/11/12 14:00,3773.7711,,481.2528,296.5897,,,16.25,,-405.294,-8.1267,1.8854629
6/11/12 14:30,3776.1711,,481.4016,296.4075,,,15.44,,-469.3538,-9.4009,1.853901
6/11/12 15:00,3778.5711,108.8,481.5264,296.2053,-3.31,1.13,25.85,-24.47,-521.1391,-18.2811,1.9991319
6/11/12 15:30,3780.9461,108.9,471.6732,296.0905,-2.92,1.0,23.85,-22.56,-494.6717,-18.9191,3.1664606
6/11/12 16:00,3783.2961,99.5,471.739,295.7833,-2.86,0.48,21.79,-21.5,-372.8577,-18.8743,3.095605
6/11/12 16:30,3785.6461,109.9,471.7766,295.2674,-2.95,1.07,21.52,-20.23,-255.4749,-19.8781,2.3191938
6/11/12 17:00,3787.9961,96.6,471.8095,294.6952,-2.86,0.33,18.1,-17.98,-151.9276,-17.4845,2.5507439
6/11/12 17:30,3790.3461,97.2,471.7719,294.1472,-3.37,0.43,20.63,-20.46,-89.3351,-20.4489,1.8180116
6/11/12 18:00,3792.6961,93.2,471.8142,293.6457,-3.02,0.17,17.11,-17.09,-50.228,-17.1124,2.5166432
6/11/12 18:30,3795.0461,80.6,471.88,293.1055,-2.83,-0.47,15.07,-14.87,-19.1934,-14.9386,2.1775403
6/11/12 19:00,3797.3961,83.1,471.8236,292.4731,-3.03,-0.37,14.56,-14.45,-4.1689,-14.0594,2.2157954
6/11/12 19:30,3799.7461,83.7,472.0069,292.082,-3.08,-0.34,14.37,-14.28,0.0,-13.2748,2.3889531
6/11/12 20:00,3802.0961,81.2,472.3876,291.9369,-2.19,-0.34,9.84,-9.73,0.0,-8.5247,2.2021782
6/11/12 20:30,3804.4461,79.9,472.5145,291.6785,-2.3,-0.41,9.58,-9.43,0.0,-7.5989,2.9626642
6/11/12 21:00,3806.7961,83.8,472.5239,291.3134,-3.16,-0.34,11.78,-11.71,0.0,-8.3314,2.522067
6/11/12 21:30,3809.1461,77.8,472.8435,290.9603,-2.62,-0.57,8.89,-8.69,0.0,-5.4141,2.252031
6/11/12 22:00,3811.4961,89.2,472.961,290.8478,-3.19,-0.04,10.05,-10.05,0.0,-5.0259,2.4229961
6/11/12 22:30,3813.8461,88.1,472.773,290.8254,-2.77,-0.09,8.06,-8.06,0.0,-3.0846,2.3635074
6/11/12 23:00,3816.1961,88.9,472.8576,290.8464,-1.92,-0.04,5.47,-5.46,0.0,-1.4145,2.2548583
6/11/12 23:30,3818.5711,80.0,482.9136,290.8828,-1.69,-0.3,4.61,-4.54,0.0,-0.6023,1.2184509
6/12/12 0:00,3820.9711,86.5,482.9328,290.8951,-1.74,-0.11,4.71,-4.71,0.0,0.0,2.2548583
6/12/12 0:30,3823.3711,81.5,482.9136,290.8032,-1.34,-0.2,3.33,-3.29,0.0,0.4343,2.4474032
6/12/12 1:00,3825.7711,77.6,482.8656,290.7437,-1.47,-0.32,3.58,-3.49,0.0,0.9257,1.2115269
6/12/12 1:30,3828.1711,73.3,482.6976,290.6862,-1.28,-0.38,2.93,-2.81,0.0,1.1226,2.2548583
6/12/12 2:00,3830.5711,62.3,482.6016,290.6503,-1.16,-0.61,2.78,-2.46,0.0,1.3911,1.994112
6/12/12 2:30,3832.9711,43.8,482.616,290.6029,-1.18,-1.23,3.77,-2.61,0.0,2.2946,1.9000033
6/12/12 3:00,3835.3711,45.1,482.6112,290.5236,-1.52,-1.51,4.78,-3.39,0.0,3.3806,2.2426836
6/12/12 3:30,3837.7711,41.8,482.7264,290.6035,-1.19,-1.33,4.45,-2.97,0.0,3.5335,1.9590881
6/12/12 4:00,3840.1711,32.2,482.7744,290.6239,-0.82,-1.3,3.83,-2.04,0.0,3.3131,1.6874365
6/12/12 4:30,3842.5711,42.1,482.8368,290.5679,-1.17,-1.3,4.44,-2.98,0.5978,4.1021,1.4740619
6/12/12 5:00,3844.9711,51.3,482.9424,290.4879,-1.21,-0.97,3.89,-3.03,3.2474,3.7544,2.2666291
6/12/12 5:30,3847.3711,68.8,483.1056,290.4806,-1.07,-0.41,2.77,-2.58,11.8587,2.7458,2.680742
6/12/12 6:00,3849.7711,57.9,482.9856,290.4717,-1.71,-1.07,5.0,-4.24,51.151,5.0035,2.3698544
6/12/12 6:30,3852.1711,56.4,482.9328,290.5019,-2.87,-1.91,9.54,-7.95,98.9898,9.4576,2.3583721
6/12/12 7:00,3854.5711,58.4,483.0048,290.5682,-3.12,-1.92,10.42,-8.88,107.4081,10.0653,3.7489998
6/12/12 7:30,3856.9711,55.0,482.9856,290.7207,-2.63,-1.84,9.47,-7.76,78.0946,8.7489,2.2210461
6/12/12 8:00,3859.3711,57.7,483.048,290.8413,-2.24,-1.42,7.97,-6.74,78.1649,6.9065,2.2009088
6/12/12 8:30,3861.7711,54.0,483.0672,290.9658,-2.06,-1.5,7.91,-6.4,86.8452,6.2735,3.2155056
6/12/12 9:00,3864.1711,54.0,482.8992,291.0826,-2.49,-1.81,10.09,-8.16,90.0218,7.1361,2.9843017
6/12/12 9:30,3866.5711,55.7,482.7264,291.1714,-2.54,-1.73,10.16,-8.39,78.2009,6.1845,2.3007298
6/12/12 10:00,3868.9711,59.5,482.6976,291.2638,-2.72,-1.6,11.09,-9.56,83.199,5.5474,2.6779724
6/12/12 10:30,3871.3711,,482.6496,291.3163,,,10.27,,69.5359,3.9304,2.0814698
6/12/12 11:00,3873.7711,52.9,482.5968,291.3255,-3.16,-2.39,14.86,-11.85,43.9439,3.8453,3.5132376
6/12/12 11:30,3876.1711,47.9,482.4576,291.2719,-3.08,-2.78,15.51,-11.51,21.5879,2.0241,2.4835234
6/12/12 12:00,3878.5711,55.1,482.424,291.1435,-3.16,-2.2,13.46,-11.04,0.0,0.0,2.3007298
6/12/12 12:30,3880.9711,48.2,482.4336,291.0167,-2.55,-2.28,11.33,-8.45,-15.0617,-1.479,2.2799001
6/12/12 13:00,3883.3711,53.3,482.2944,291.0424,-2.62,-1.95,10.65,-8.54,-35.6119,-2.7565,2.3007298
6/12/12 13:30,3885.7711,54.5,482.3232,290.2919,-2.48,-1.77,5.89,-4.8,-40.6938,-2.2559,2.467252
6/12/12 14:00,3888.1711,56.0,482.2704,290.1534,-2.36,-1.59,4.82,-4.0,-55.443,-2.4123,2.4673674
6/12/12 14:30,3890.5961,54.9,492.2981,290.0729,-2.03,-1.43,3.61,-2.95,-78.165,-2.1958,2.9076184
6/12/12 15:00,3893.0211,45.2,482.1168,290.4775,-1.75,-1.74,4.59,-3.26,-79.3763,-3.2473,3.0662934
6/12/12 15:30,3895.4211,36.6,482.0784,290.7089,-1.46,-1.96,5.68,-3.39,-56.9588,-4.5082,2.4838696
6/12/12 16:00,3897.8461,20.6,492.1266,290.7455,-0.33,-0.88,1.91,-0.67,-28.6663,-1.6567,1.7810836
6/12/12 16:30,3900.2961,50.2,491.9992,290.711,-1.05,-0.87,2.7,-2.07,-19.9807,-2.49,3.1684224
6/12/12 17:00,3902.7461,46.7,491.911,290.6065,-1.58,-1.48,4.19,-3.05,-32.402,-4.0507,3.7060133
6/12/12 17:30,3905.1961,49.2,491.8571,290.3553,-2.18,-1.89,5.69,-4.3,-21.8405,-5.6368,3.6170976
6/12/12 18:00,3907.6711,51.1,501.875,290.1774,-2.17,-1.75,4.86,-3.78,-26.765,-4.8616,2.5815557
6/12/12 18:30,3910.1461,48.0,491.8032,290.0488,-2.74,-2.46,6.6,-4.9,-13.9586,-6.5398,1.9316229
6/12/12 19:00,3912.6211,46.3,501.935,290.0203,-1.92,-1.83,4.27,-3.08,-0.6008,-4.1202,2.2385292
6/12/12 19:30,3915.1211,50.4,501.855,289.9785,-2.48,-2.05,4.83,-3.72,0.0,-4.4592,3.0875847
6/12/12 20:00,3917.6211,46.8,501.855,289.9094,-2.61,-2.45,4.97,-3.62,0.0,-4.3021,3.3561205
6/12/12 20:30,3920.1211,46.9,501.95,289.945,-2.5,-2.34,4.71,-3.44,0.0,-3.7394,2.2385292
6/12/12 21:00,3922.6211,42.0,502.09,289.9912,-1.68,-1.87,3.41,-2.28,0.0,-2.4089,2.2385292
6/12/12 21:30,3925.1211,42.1,502.145,290.0585,-2.04,-2.26,4.35,-2.92,0.0,-2.6469,2.1528447
6/12/12 22:00,3927.6211,40.8,502.105,290.0337,-1.89,-2.19,3.95,-2.58,0.0,-1.9761,2.4104175
6/12/12 22:30,3930.1211,40.8,502.135,290.0188,-1.66,-1.93,3.54,-2.31,0.0,-1.3533,2.2385292
6/12/12 23:00,3932.6211,40.4,501.93,289.9551,-1.68,-1.97,3.47,-2.25,0.0,-0.8979,2.2385292
6/12/12 23:30,3935.1211,41.6,501.795,289.8913,-1.74,-1.96,3.49,-2.32,0.0,-0.4552,2.2385292
6/13/12 0:00,3937.6211,13.6,501.895,289.8775,-0.5,-2.08,2.84,-0.67,0.0,0.0,2.2385292
6/13/12 0:30,3940.1211,18.9,501.78,289.8349,-0.58,-1.69,2.28,-0.74,0.0,0.2982,1.6835706
6/13/12 1:00,3942.6211,25.7,501.7,289.8572,-0.78,-1.62,2.52,-1.09,0.0,0.6511,1.1808882
6/13/12 1:30,3945.1211,31.1,501.545,289.8266,-1.07,-1.78,3.19,-1.65,0.0,1.2207,2.2385292
6/13/12 2:00,3947.6211,24.6,501.44,289.6513,-0.75,-1.64,2.51,-1.04,0.0,1.2549,1.8626714
6/13/12 2:30,3950.1211,9.7,501.68,289.8292,-0.36,-2.08,3.86,-0.65,0.0,2.3497,1.6562785
6/13/12 3:00,3952.6211,352.4,502.005,289.8779,0.39,-2.94,5.74,0.76,0.0,4.061,1.3618931
6/13/12 3:30,3955.1211,352.4,502.305,289.3261,0.33,-2.5,2.21,0.29,0.0,1.7554,2.1185709
6/13/12 4:00,3957.6461,10.2,512.499,289.2489,-0.27,-1.51,0.94,-0.17,0.0,0.8173,2.2425682
6/13/12 4:30,3960.1961,29.3,512.5398,289.2635,-0.54,-0.96,0.67,-0.33,1.2713,0.6235,2.2425682
6/13/12 5:00,3962.7461,49.7,512.601,289.3072,-0.54,-0.46,0.45,-0.35,10.1065,0.4385,1.5837496
6/13/12 5:30,3965.2961,76.0,512.5908,289.4329,-1.15,-0.29,1.17,-1.14,34.9365,1.1635,2.3629881
6/13/12 6:00,3967.8211,48.3,502.675,289.7345,-2.02,-1.8,4.71,-3.52,70.188,4.7088,2.2996335
6/13/12 6:30,3970.3211,45.1,502.735,289.9139,-1.85,-1.84,5.46,-3.86,101.1532,5.4093,2.274534
6/13/12 7:00,3972.7961,43.3,492.8126,290.0821,-2.35,-2.49,8.64,-5.92,66.9193,8.3444,2.7348069
6/13/12 7:30,3975.2461,46.3,493.0037,290.2089,-2.69,-2.57,11.45,-8.28,123.167,10.582,1.8684414
6/13/12 8:00,3977.6961,50.6,493.0625,290.7117,-2.51,-2.06,11.23,-8.67,269.6361,9.7216,2.3607378
6/13/12 8:30,3980.1461,49.9,493.1654,291.3731,-2.55,-2.15,13.81,-10.57,367.1972,10.9589,1.9961315
6/13/12 9:00,3982.5961,20.9,493.2732,291.4043,-0.85,-2.24,9.54,-3.4,178.9291,6.743,2.1041459
6/13/12 9:30,3985.0461,41.7,493.2732,291.6002,-1.88,-2.11,12.42,-8.26,185.0592,7.5632,2.0767384
6/13/12 10:00,3987.4961,41.3,493.3467,291.8892,-1.71,-1.94,12.02,-7.94,169.337,6.0114,2.3716431
6/13/12 10:30,3989.9461,45.9,493.3957,292.2289,-1.88,-1.82,13.19,-9.48,202.2646,5.0495,2.1024149
6/13/12 11:00,3992.3961,47.6,493.4888,292.8361,-2.19,-2.0,17.51,-12.93,169.8156,4.5315,2.4520769
6/13/12 11:30,3994.8461,55.6,493.6309,293.2881,-2.46,-1.68,19.02,-15.7,68.9144,2.4831,2.5681116
6/13/12 12:00,3997.2961,53.9,493.7779,293.084,-2.7,-1.97,21.14,-17.08,0.0,0.0,3.4746363
6/13/12 12:30,3999.7461,50.4,493.675,293.522,-2.21,-1.83,19.21,-14.8,-90.9432,-2.5074,3.6473901
6/13/12 13:00,4002.1961,67.7,493.6554,293.8766,-2.86,-1.17,21.52,-19.91,-187.2074,-5.5701,2.4343053
6/13/12 13:30,4004.6461,74.6,493.6995,294.1429,-2.91,-0.8,21.68,-20.91,-255.9804,-8.298,2.4981215
6/13/12 14:00,4007.0961,71.3,493.7093,294.147,-3.03,-1.03,22.6,-21.41,-276.295,-11.3015,2.4294008
6/13/12 14:30,4009.5461,64.5,493.8122,294.0203,-3.25,-1.55,25.0,-22.56,-375.6947,-15.2193,2.300499
6/13/12 15:00,4011.9961,72.2,493.8612,293.8433,-3.46,-1.11,23.78,-22.65,-308.3961,-16.8177,2.5224132
6/13/12 15:30,4014.4461,71.7,493.92,293.4197,-4.07,-1.35,26.9,-25.54,-355.0486,-21.3401,2.1269374
6/13/12 16:00,4016.8961,72.6,494.0033,293.1787,-3.67,-1.15,23.22,-22.16,-365.6013,-20.1105,2.2443569
6/13/12 16:30,4019.3461,77.3,494.1013,293.2918,-3.65,-0.82,22.81,-22.25,-468.795,-21.0718,2.0456958
6/13/12 17:00,4021.7961,74.2,494.1699,293.0286,-3.55,-1.0,22.4,-21.55,-312.8325,-21.6328,2.1932347
6/13/12 17:30,4024.2211,72.6,484.176,292.7371,-3.28,-1.03,19.86,-18.95,-247.6243,-19.6938,3.2703206
6/13/12 18:00,4026.6211,79.0,484.2624,292.23,-3.84,-0.75,21.68,-21.28,-141.576,-21.6803,2.4408254
6/13/12 18:30,4029.0211,71.4,484.3296,291.7904,-3.45,-1.16,18.78,-17.8,-98.8242,-18.6187,2.7177854
6/13/12 19:00,4031.4211,73.3,484.44,291.1792,-3.04,-0.91,14.67,-14.05,-25.9177,-14.1723,3.7457686
6/13/12 19:30,4033.8211,76.1,484.5408,290.629,-3.16,-0.78,13.72,-13.32,-0.049,-12.679,2.3313685
6/13/12 20:00,4036.2211,72.8,484.608,290.1808,-3.01,-0.93,11.99,-11.46,0.0,-10.3864,2.2495499
6/13/12 20:30,4038.6211,70.7,484.7616,289.8609,-3.29,-1.15,11.91,-11.24,0.0,-9.4471,2.479369
6/13/12 21:00,4041.0211,66.2,484.9104,289.5573,-3.74,-1.65,12.07,-11.04,0.0,-8.5324,2.6636628
6/13/12 21:30,4043.4211,70.7,485.088,289.3708,-3.2,-1.12,9.73,-9.18,0.0,-5.9238,2.3710661
6/13/12 22:00,4045.8211,67.7,485.016,289.1706,-2.92,-1.2,8.94,-8.27,0.0,-4.4681,2.2358173
6/13/12 22:30,4048.2211,63.2,484.968,289.0637,-3.13,-1.58,9.92,-8.85,0.0,-3.7964,2.973281
6/13/12 23:00,4050.6211,66.0,484.872,288.8925,-2.89,-1.29,7.74,-7.07,0.0,-2.0023,2.2344325
6/13/12 23:30,4053.0211,66.0,484.9536,288.8378,-2.72,-1.21,6.79,-6.2,0.0,-0.8863,3.4498253
6/14/12 0:00,4055.4211,68.8,485.0016,288.8756,-2.53,-0.98,6.7,-6.24,0.0,0.0,2.2598205
6/14/12 0:30,4057.8211,67.7,485.1024,288.9154,-2.4,-0.99,6.8,-6.29,0.0,0.8874,1.3168871
6/14/12 1:00,4060.2211,64.4,485.0832,288.8931,-2.53,-1.21,7.41,-6.69,0.0,1.9189,2.2344325
6/14/12 1:30,4062.6211,58.9,485.1504,288.8986,-2.46,-1.48,7.88,-6.75,0.0,3.0171,1.7693128
6/14/12 2:00,4065.0211,57.7,485.3424,288.9006,-2.46,-1.56,7.91,-6.69,0.0,3.957,2.7723119
6/14/12 2:30,4067.4211,57.5,485.2656,288.8973,-2.82,-1.8,9.14,-7.71,0.0,5.5667,3.0994132
6/14/12 3:00,4069.8211,55.3,485.376,288.9332,-2.43,-1.69,8.33,-6.85,0.0,5.8898,1.8988493
6/14/12 3:30,4072.2211,54.6,485.352,288.9222,-1.93,-1.37,6.26,-5.1,0.0,4.964,2.472445
6/14/12 4:00,4074.6211,56.4,485.352,288.9217,-2.16,-1.43,6.76,-5.63,0.0,5.8565,2.2344325
6/14/12 4:30,4077.0211,53.0,485.5392,288.9385,-1.9,-1.43,6.16,-4.92,0.7077,5.6936,2.7841404
6/14/12 5:00,4079.4211,44.7,485.8752,289.0258,-1.37,-1.38,5.41,-3.8,5.5019,5.225,2.9039833
6/14/12 5:30,4081.8211,44.5,486.0288,289.1076,-1.3,-1.33,5.61,-3.94,21.6046,5.5666,1.4037256
6/14/12 6:00,4084.2211,44.2,486.1536,289.1736,-1.35,-1.39,6.37,-4.44,35.74,6.3657,2.6431216
6/14/12 6:30,4086.6211,49.9,486.1488,289.2338,-1.44,-1.21,6.38,-4.88,98.9184,6.3269,2.5487244
6/14/12 7:00,4089.0211,51.3,486.1872,289.5428,-1.46,-1.17,6.95,-5.43,154.9442,6.7174,2.6256962
6/14/12 7:30,4091.4211,56.3,486.264,289.7885,-2.01,-1.34,10.25,-8.52,228.9216,9.4658,3.1943297
6/14/12 8:00,4093.8211,56.6,486.2928,290.1895,-2.24,-1.48,12.87,-10.75,264.2503,11.1489,2.2729761
6/14/12 8:30,4096.2211,59.1,486.312,290.6693,-1.98,-1.18,11.78,-10.11,312.9081,9.3452,2.4261696
6/14/12 9:00,4098.6211,66.3,486.2832,291.2244,-1.97,-0.86,11.88,-10.88,419.3348,8.3997,1.8559205
6/14/12 9:30,4101.0211,60.4,486.2544,291.5495,-1.98,-1.13,13.19,-11.46,357.6035,8.0267,2.4145142
6/14/12 10:00,4103.3961,48.0,476.0771,291.8868,-1.66,-1.5,13.27,-9.86,308.405,6.6361,1.6793008
6/14/12 10:30,4105.7461,45.8,476.0771,292.4835,-1.31,-1.27,11.5,-8.24,255.1576,4.3991,1.7023808
6/14/12 11:00,4108.0961,29.7,476.063,292.8797,-0.94,-1.64,12.39,-6.14,169.035,3.2055,1.4916027
6/14/12 11:30,4110.4461,37.7,476.0771,293.2033,-1.19,-1.55,13.31,-8.14,89.755,1.7371,2.0669871
6/14/12 12:00,4112.7961,44.9,476.1664,293.4137,-0.97,-0.97,9.61,-6.78,0.0,0.0,1.8172615
6/14/12 12:30,4115.1461,44.0,476.157,293.7279,-1.0,-1.04,10.26,-7.13,-71.1013,-1.339,1.9218716
6/14/12 13:00,4117.4961,55.7,476.0912,294.1082,-1.5,-1.03,13.49,-11.14,-172.9356,-3.491,2.7392498
6/14/12 13:30,4119.8211,63.3,465.9524,294.42,-1.6,-0.8,14.32,-12.79,-302.5916,-5.479,2.2421066
6/14/12 14:00,4122.1211,88.9,465.9386,295.0079,-1.93,-0.04,16.7,-16.7,-422.355,-8.3502,2.3399658
6/14/12 14:30,4124.4211,127.7,465.8696,295.0667,-2.43,1.88,26.69,-21.12,-483.5161,-16.2463,2.7071109
6/14/12 15:00,4126.6961,100.7,455.733,295.0904,-2.69,0.51,24.19,-23.77,-510.0361,-17.1046,2.1336306
6/14/12 15:30,4128.9461,75.7,455.697,295.1335,-2.41,-0.62,22.67,-21.97,-508.1912,-17.9845,3.346023
6/14/12 16:00,4131.1961,71.4,455.6835,294.8732,-2.63,-0.89,25.19,-23.87,-475.8108,-21.8129,3.2871113
6/14/12 16:30,4133.4461,68.8,455.733,294.6393,-2.82,-1.1,26.19,-24.42,-414.8145,-24.1948,3.0844112
6/14/12 17:00,4135.6961,74.5,455.697,294.5257,-2.66,-0.74,22.65,-21.83,-336.5295,-21.8824,3.6295031
6/14/12 17:30,4137.9211,77.5,445.6936,294.0424,-2.88,-0.64,22.36,-21.83,-241.3296,-22.1676,2.8307043
6/14/12 18:00,4140.1211,88.9,445.8256,293.4049,-2.96,-0.06,21.09,-21.09,-143.782,-21.0912,2.1886187
6/14/12 18:30,4142.2461,85.5,415.5555,292.7531,-2.7,-0.21,18.29,-18.23,-60.1757,-18.1334,2.8346856
6/14/12 19:00,4144.2211,90.6,385.2364,291.989,-3.42,0.04,20.13,-20.13,-11.368,-19.4409,2.2968639
6/14/12 19:30,4146.0461,86.9,354.8685,291.3902,-3.05,-0.17,14.92,-14.9,0.0,-13.7871,2.2879781
6/14/12 20:00,4147.7211,79.1,324.544,290.8736,-2.85,-0.55,12.31,-12.09,0.0,-10.6645,2.4236885
6/14/12 20:30,4149.2711,80.1,304.371,290.3818,-2.39,-0.42,9.67,-9.53,0.0,-7.6716,2.9741465
6/14/12 21:00,4150.7461,83.7,294.3732,289.8484,-2.79,-0.31,12.06,-11.99,0.0,-8.5301,2.2385292
6/14/12 21:30,4152.1461,85.7,274.1364,289.5553,-2.74,-0.21,10.6,-10.57,0.0,-6.4499,2.2385292
6/14/12 22:00,4153.4711,81.7,263.9806,289.3035,-2.5,-0.37,8.99,-8.89,0.0,-4.4933,2.1929462
6/14/12 22:30,4154.7461,76.5,253.77,289.1724,-2.47,-0.59,8.86,-8.61,0.0,-3.3889,2.7436927
6/14/12 23:00,4155.9711,79.1,243.5832,289.0353,-2.99,-0.58,9.38,-9.21,0.0,-2.4273,2.2425682
6/14/12 23:30,4157.1461,80.7,233.4316,288.8098,-2.77,-0.45,7.45,-7.35,0.0,-0.972,2.2344325
6/15/12 0:00,4158.2961,79.8,233.4845,288.7587,-2.56,-0.46,6.66,-6.55,0.0,0.0,2.6834539
6/15/12 0:30,4159.4211,83.1,223.3572,288.663,-2.4,-0.29,5.56,-5.52,0.0,0.7253,2.2344325
6/15/12 1:00,4160.4961,67.7,213.2172,288.5391,-1.71,-0.7,3.99,-3.69,0.0,1.0332,2.2287779
6/15/12 1:30,4161.5461,56.2,213.2046,288.4227,-1.79,-1.2,5.15,-4.28,0.0,1.9696,2.2690525
6/15/12 2:00,4162.5711,61.0,203.048,288.3252,-1.29,-0.71,3.57,-3.12,0.0,1.7861,2.2576279
6/15/12 2:30,4163.5711,55.7,203.05,288.4564,-1.11,-0.76,3.5,-2.89,0.0,2.1288,2.5463587
6/15/12 3:00,4164.5461,59.4,192.8937,288.7587,-1.69,-1.0,6.19,-5.33,0.0,4.3796,2.2890167
6/15/12 3:30,4165.4961,57.4,192.8937,288.8369,-2.02,-1.29,8.08,-6.81,0.0,6.4142,2.2344325
6/15/12 4:00,4166.4211,61.5,182.7558,288.8474,-2.14,-1.16,8.11,-7.13,0.0,7.0241,2.3902225
6/15/12 4:30,4167.3211,65.3,182.8062,288.9648,-1.91,-0.88,6.68,-6.07,1.0819,6.1756,2.4718103
6/15/12 5:00,4168.2211,62.3,182.8116,289.0531,-2.19,-1.15,7.81,-6.91,14.968,7.5399,2.3479861
6/15/12 5:30,4169.1211,78.1,182.8296,289.1666,-2.34,-0.49,7.42,-7.26,44.9313,7.3565,1.4506934
6/15/12 6:00,4169.9961,62.7,172.7217,289.2669,-1.86,-0.96,6.33,-5.63,57.778,6.3311,2.3350036
6/15/12 6:30,4170.8461,62.2,172.7353,289.5446,-1.96,-1.04,7.43,-6.58,98.3543,7.3712,1.6647027
6/15/12 7:00,4171.6961,62.2,172.7846,289.9589,-1.59,-0.84,6.39,-5.66,142.8894,6.1757,1.9882266
6/15/12 7:30,4172.5211,61.6,162.6032,290.423,-1.89,-1.02,8.61,-7.57,269.1566,7.9516,2.3815098
6/15/12 8:00,4173.3211,48.9,162.56,291.2518,-1.5,-1.31,8.98,-6.77,414.5837,7.776,2.4757339
6/15/12 8:30,4174.1211,55.1,162.536,292.2276,-1.88,-1.31,12.35,-10.13,509.9239,9.7999,2.4307279
6/15/12 9:00,4174.9211,52.6,162.488,292.9285,-1.87,-1.43,13.76,-10.93,438.1722,9.7265,2.4709448
6/15/12 9:30,4175.6961,59.0,152.3325,293.6632,-1.33,-0.8,9.58,-8.21,381.5266,5.8303,2.2136028
6/15/12 10:00,4176.4461,74.3,152.3115,294.13,-1.33,-0.37,9.21,-8.86,388.107,4.6039,0.7922787
6/15/12 10:30,4177.1961,73.8,152.301,294.8194,-1.0,-0.29,7.27,-6.98,336.6493,2.7812,2.6671248
6/15/12 11:00,4177.9211,107.5,142.1322,295.2821,-0.96,0.3,7.65,-7.3,176.8738,1.9803,1.3513917
6/15/12 11:30,4178.6211,85.7,142.1084,295.9124,-0.58,-0.04,4.48,-4.46,85.7604,0.5842,2.3191938
6/15/12 12:00,4179.2961,140.3,131.9253,296.5061,-0.85,1.02,11.05,-7.06,0.0,0.0,1.612138
6/15/12 12:30,4179.9461,133.9,131.8733,296.7005,-1.67,1.6,19.63,-14.14,-94.5678,-2.5616,1.4115728
6/15/12 13:00,4180.5961,119.0,131.8265,296.6157,-1.46,0.81,13.89,-12.15,-108.2443,-3.5944,2.4618859
6/15/12 13:30,4181.2461,117.8,131.807,296.8376,-1.39,0.73,12.64,-11.18,-205.3422,-4.8375,1.9553376
6/15/12 14:00,4181.8711,107.5,121.65,296.939,-1.43,0.45,12.72,-12.13,-283.169,-6.3587,1.8343984
6/15/12 14:30,4182.4711,94.1,121.632,297.2056,-2.15,0.15,17.58,-17.54,-374.3122,-10.7034,1.9908231
6/15/12 15:00,4183.0711,89.1,121.5816,297.1699,-2.93,-0.05,23.86,-23.85,-539.7982,-16.8685,1.9649735
6/15/12 15:30,4183.6461,96.7,111.4597,297.0668,-2.63,0.31,21.3,-21.16,-481.0982,-16.9007,2.9949762
6/15/12 16:00,4184.1961,94.7,111.4542,296.5414,-2.96,0.24,22.36,-22.29,-320.852,-19.3655,2.8252805
6/15/12 16:30,4184.7461,92.3,111.4476,295.9743,-2.88,0.12,19.82,-19.8,-224.0861,-18.3104,3.7616361
6/15/12 17:00,4185.2961,84.1,111.4641,295.2891,-3.15,-0.33,18.92,-18.82,-167.3679,-18.277,1.6359681
6/15/12 17:30,4185.8461,85.2,111.4894,294.5196,-3.41,-0.29,18.1,-18.04,-127.4939,-17.95,2.6839155
6/15/12 18:00,4186.3961,81.9,111.5125,293.9772,-3.0,-0.43,15.26,-15.11,-77.051,-15.2631,2.1250333
6/15/12 18:30,4186.9211,85.8,101.397,293.6749,-2.67,-0.2,13.19,-13.15,-33.4305,-13.075,4.2186778
6/15/12 19:00,4187.4211,85.1,101.41,293.255,-2.68,-0.23,12.35,-12.3,-6.0554,-11.9253,2.9610486
6/15/12 19:30,4187.9211,84.6,101.44,292.8323,-2.68,-0.25,11.07,-11.02,0.0,-10.2243,2.8668245
6/15/12 20:00,4188.4211,85.3,101.467,292.4243,-2.58,-0.21,9.3,-9.27,0.0,-8.0525,2.3246176
6/15/12 20:30,4188.9211,92.3,101.501,292.1411,-2.47,0.1,8.21,-8.2,0.0,-6.5124,2.2991142
6/15/12 21:00,4189.4211,87.9,101.512,291.9359,-2.2,-0.08,6.55,-6.54,0.0,-4.6295,1.8686722
6/15/12 21:30,4189.9211,79.6,101.511,291.7674,-1.93,-0.35,5.28,-5.19,0.0,-3.213,1.9469134
6/15/12 22:00,4190.4211,87.4,101.49,291.5042,-2.35,-0.11,6.12,-6.11,0.0,-3.0578,2.2878627
6/15/12 22:30,4190.9211,98.2,101.488,291.4015,-1.23,0.18,3.0,-2.97,0.0,-1.1478,2.2878627
6/15/12 23:00,4191.4211,84.9,101.459,291.3382,-1.1,-0.1,2.46,-2.45,0.0,-0.6355,2.2230656
6/15/12 23:30,4191.9211,80.9,101.442,291.2957,-0.87,-0.14,1.88,-1.86,0.0,-0.2456,2.2359327
6/16/12 0:00,4192.4211,97.9,101.438,291.263,-0.89,0.12,1.92,-1.9,0.0,0.0,2.236452
6/16/12 0:30,4192.9211,110.1,101.405,291.2998,-1.21,0.44,2.72,-2.56,0.0,0.3556,1.6381607
6/16/12 1:00,4193.4211,119.8,101.378,291.2052,-1.16,0.66,2.66,-2.31,0.0,0.6878,1.4063221
6/16/12 1:30,4193.9211,110.6,101.368,291.0789,-0.86,0.32,1.72,-1.61,0.0,0.6587,2.249146
6/16/12 2:00,4194.4211,98.6,101.328,290.9203,-1.44,0.22,2.54,-2.52,0.0,1.272,2.2293549
6/16/12 2:30,4194.9211,83.4,101.322,290.9524,-0.78,-0.09,1.39,-1.38,0.0,0.8461,2.2293549
6/16/12 3:00,4195.4211,102.8,101.314,290.9597,-0.56,0.13,1.03,-1.0,0.0,0.7258,2.2293549
6/16/12 3:30,4195.9211,98.5,101.308,290.9361,-0.48,0.07,0.88,-0.87,0.0,0.6967,2.2293549
6/16/12 4:00,4196.4211,100.1,101.283,290.8749,-0.61,0.11,1.11,-1.09,0.0,0.9622,2.2799001
6/16/12 4:30,4196.9211,92.9,101.264,290.8632,-0.75,0.04,1.28,-1.28,0.7169,1.181,2.305692
6/16/12 5:00,4197.4211,101.1,101.234,290.9029,-1.05,0.21,1.79,-1.76,9.2864,1.7281,2.328772
6/16/12 5:30,4197.9211,125.1,101.245,291.0849,-0.69,0.49,1.44,-1.18,25.6933,1.4301,0.9317396
6/16/12 6:00,4198.4211,106.2,101.236,291.3725,-1.47,0.43,3.12,-2.99,49.758,3.1171,1.4123806
6/16/12 6:30,4198.9211,101.6,101.239,291.6506,-1.28,0.26,2.89,-2.83,70.6266,2.8664,2.4901589
6/16/12 7:00,4199.4211,91.7,101.235,292.0993,-1.08,0.03,2.53,-2.53,108.0147,2.4437,1.9342771
6/16/12 7:30,4199.9211,98.4,101.24,292.5932,-1.27,0.19,3.09,-3.06,156.3417,2.8569,1.6447385
6/16/12 8:00,4200.4211,84.8,101.251,293.0151,-1.01,-0.09,2.58,-2.57,111.1344,2.2367,1.9285648
6/16/12 8:30,4200.9461,112.9,111.3519,293.4397,-1.33,0.56,3.51,-3.23,125.8798,2.7822,1.8224545
6/16/12 9:00,4201.4961,129.8,111.3233,293.4601,-1.27,1.06,3.25,-2.5,93.9215,2.301,0.9538964
6/16/12 9:30,4202.0711,132.6,121.4412,293.6545,-0.83,0.76,2.01,-1.48,76.8476,1.2227,0.6385659
6/16/12 10:00,4202.6961,109.7,131.5067,293.8801,-1.4,0.5,2.22,-2.09,99.15,1.11,1.8076833
6/16/12 10:30,4203.3711,119.5,141.5652,294.2809,-1.78,1.01,2.71,-2.36,79.9364,1.0358,1.1509996
6/16/12 11:00,4204.0461,129.6,131.3611,294.7881,-2.03,1.68,4.35,-3.35,73.0416,1.126,1.8241278
6/16/12 11:30,4204.6961,153.5,131.3325,295.9445,-1.18,2.37,7.63,-3.4,54.9836,0.9956,2.018346
6/16/12 12:00,4205.3211,156.6,121.2564,296.0138,-0.86,1.98,7.36,-2.92,0.0,0.0,2.1541141
6/16/12 12:30,4205.9211,151.0,121.2252,295.6775,-1.05,1.89,6.3,-3.06,-10.0646,-0.8226,0.9293739
6/16/12 13:00,4206.5211,136.6,121.188,295.4249,-1.52,1.61,5.02,-3.45,-36.4275,-1.2984,1.6074643
6/16/12 13:30,4207.1211,146.0,121.1664,295.956,-1.32,1.95,7.27,-4.07,-101.7184,-2.7821,1.2739006
6/16/12 14:00,4207.7211,149.6,121.122,295.7906,-1.53,2.61,9.59,-4.85,-59.6605,-4.7932,1.3647204
6/16/12 14:30,4208.3211,144.6,121.08,295.5417,-1.76,2.48,7.15,-4.14,-129.9937,-4.3502,1.071489
6/16/12 15:00,4208.9461,137.6,131.0985,295.4627,-1.9,2.08,4.46,-3.01,-91.279,-3.1536,0.9521077
6/16/12 15:30,4209.5961,145.7,131.066,295.4484,-1.1,1.62,3.08,-1.74,-73.5661,-2.4438,2.0615633
6/16/12 16:00,4210.2461,123.9,131.053,295.227,-1.38,0.93,2.11,-1.75,-91.7909,-1.824,1.4491932
6/16/12 16:30,4210.9211,97.9,141.0738,295.1855,-1.48,0.21,1.43,-1.42,-75.3036,-1.3246,2.118167
6/16/12 17:00,4211.6461,88.7,151.1025,295.0167,-1.31,-0.03,1.03,-1.03,-43.7255,-0.9966,2.1825025
6/16/12 17:30,4212.3961,84.8,151.0785,294.9864,-1.36,-0.12,1.01,-1.0,-36.973,-0.9966,2.1785789
6/16/12 18:00,4213.1461,64.8,151.035,295.004,-1.29,-0.61,1.0,-0.9,-19.821,-0.9975,3.0035735
6/16/12 18:30,4213.8961,50.8,150.9705,294.9511,-1.52,-1.24,1.32,-1.03,-10.5966,-1.3124,3.2133707
6/16/12 19:00,4214.6461,48.6,150.9345,294.9198,-1.64,-1.44,1.5,-1.13,-0.3149,-1.4501,4.8365871
6/16/12 19:30,4215.3961,44.2,150.9165,294.9647,-1.26,-1.3,1.22,-0.85,0.0,-1.1275,3.088681
6/16/12 20:00,4216.1461,20.3,150.915,295.0343,-0.36,-0.98,0.61,-0.21,0.0,-0.5275,3.088681
6/16/12 20:30,4216.8961,333.1,150.9195,295.0112,0.42,-0.83,0.49,0.22,0.0,-0.3919,3.088681
6/16/12 21:00,4217.6461,331.7,150.936,294.833,0.53,-0.98,0.57,0.27,0.0,-0.3997,3.0433865
6/16/12 21:30,4218.3961,331.7,150.9495,294.7799,0.62,-1.16,0.63,0.3,0.0,-0.3837,3.0433865
6/16/12 22:00,4219.1461,343.0,150.93,294.6931,0.37,-1.22,0.6,0.17,0.0,-0.2979,3.0433865
6/16/12 22:30,4219.8961,333.0,150.927,294.6278,0.38,-0.75,0.41,0.19,0.0,-0.1585,3.0433865
6/16/12 23:00,4220.6461,321.2,150.894,294.6011,0.27,-0.34,0.25,0.15,0.0,-0.0639,3.0433865
6/16/12 23:30,4221.3961,277.3,150.882,294.6842,0.65,-0.08,0.39,0.39,0.0,-0.0513,3.0433865
6/17/12 0:00,4222.1461,281.2,150.8595,294.7281,0.89,-0.18,0.55,0.54,0.0,0.0,3.0433865
6/17/12 0:30,4222.8961,270.5,150.807,294.686,0.86,-0.01,0.51,0.51,0.0,0.066,3.0433865
6/17/12 1:00,4223.6461,323.7,150.723,294.61,0.51,-0.7,0.49,0.29,0.0,0.1268,3.0433865
6/17/12 1:30,4224.3961,357.2,150.657,294.5202,0.04,-0.87,0.49,0.02,0.0,0.1881,3.0253841
6/17/12 2:00,4225.1461,20.3,150.6015,294.4997,-0.1,-0.26,0.17,-0.06,0.0,0.0849,3.0253841
6/17/12 2:30,4225.8961,299.2,150.618,294.5371,0.34,-0.19,0.26,0.23,0.0,0.157,3.0433865
6/17/12 3:00,4226.6461,322.1,150.6015,294.5777,0.35,-0.44,0.37,0.23,0.0,0.2639,3.0433865
6/17/12 3:30,4227.3961,350.7,150.591,294.5517,0.08,-0.47,0.29,0.05,0.0,0.2284,3.0433865
6/17/12 4:00,4228.1711,322.4,160.616,294.5512,0.51,-0.67,0.48,0.29,0.0,0.4164,3.0433865
6/17/12 4:30,4228.9711,334.3,160.592,294.5392,0.25,-0.53,0.35,0.15,0.3908,0.3232,3.087527
6/17/12 5:00,4229.7711,41.5,160.536,294.5142,-0.38,-0.43,0.36,-0.24,2.1009,0.3473,3.0443097
6/17/12 5:30,4230.5711,359.2,160.496,294.4779,0.02,-1.3,0.74,0.01,10.202,0.7314,3.0618505
6/17/12 6:00,4231.3961,342.7,170.493,294.5302,0.41,-1.32,0.8,0.24,23.216,0.8041,1.25209
6/17/12 6:30,4232.2461,356.8,170.4505,294.608,0.09,-1.59,1.05,0.06,27.3322,1.0398,1.9890921
6/17/12 7:00,4233.0961,12.6,170.391,294.7625,-0.21,-0.94,0.73,-0.16,63.5135,0.7097,2.3122121
6/17/12 7:30,4233.9461,323.8,170.425,295.0405,0.64,-0.87,1.13,0.67,88.7359,1.0445,2.0355406
6/17/12 8:00,4234.7961,318.5,170.5066,295.1069,1.36,-1.54,2.27,1.51,85.9158,1.9683,2.0389449
6/17/12 8:30,4235.6461,301.2,170.5253,295.299,1.14,-0.69,1.55,1.32,112.6236,1.226,1.4144001
6/17/12 9:00,4236.4711,302.1,160.536,295.8194,1.48,-0.93,2.85,2.42,199.5462,2.017,1.466734
6/17/12 9:30,4237.2461,312.6,150.5355,296.2827,1.64,-1.51,4.57,3.37,161.1239,2.7832,2.3937422
6/17/12 10:00,4237.9961,308.3,150.5235,296.5497,1.27,-1.0,4.1,3.22,140.4865,2.0489,1.7364815
6/17/12 10:30,4238.7461,272.7,150.5175,296.7953,1.05,-0.05,2.98,2.98,130.621,1.1409,2.1655964
6/17/12 11:00,4239.4711,302.9,140.4634,297.157,1.0,-0.64,3.7,3.1,94.5826,0.957,2.1059346
6/17/12 11:30,4240.1711,314.6,140.4494,297.3971,1.03,-1.02,4.6,3.28,55.5604,0.6006,2.7218821
6/17/12 12:00,4240.8711,299.5,140.4676,297.9199,0.87,-0.49,4.0,3.48,0.0,0.0,2.0674487
6/17/12 12:30,4241.5711,229.2,140.4102,298.6713,0.51,0.44,3.62,2.74,-68.9255,-0.4729,2.3777593
6/17/12 13:00,4242.2461,243.3,130.3354,299.2373,0.93,0.47,6.43,5.74,-157.1177,-1.6643,2.2734954
6/17/12 13:30,4242.8961,261.3,130.3146,299.7262,0.92,0.14,5.9,5.83,-193.2486,-2.2579,2.1047806
6/17/12 14:00,4243.5461,268.8,130.3081,300.122,0.49,0.01,3.09,3.09,-296.105,-1.5445,1.66753
6/17/12 14:30,4244.1961,279.2,130.3224,300.5472,0.65,-0.11,4.68,4.62,-420.9616,-2.8515,1.5638431
6/17/12 15:00,4244.8211,352.0,120.3228,300.9747,0.03,-0.23,1.66,0.23,-370.9355,-1.1758,1.0511209
6/17/12 15:30,4245.4211,186.4,120.3336,301.6543,0.06,0.49,3.98,0.44,-472.6133,-3.1581,1.6810895
6/17/12 16:00,4246.0211,224.0,120.3348,301.6817,0.42,0.44,5.23,3.63,-251.6271,-4.5273,2.0854511
6/17/12 16:30,4246.6211,206.7,120.3312,302.032,0.25,0.51,5.21,2.34,-308.5702,-4.8151,1.5188948
6/17/12 17:00,4247.2211,164.4,120.3384,302.2623,-0.11,0.39,3.81,-1.03,-203.1216,-3.6844,3.2504141
6/17/12 17:30,4247.8211,147.0,120.3564,302.4051,-0.42,0.65,6.97,-3.8,-198.283,-6.9146,2.6405828
6/17/12 18:00,4248.4211,188.7,120.408,302.3274,0.12,0.78,6.58,0.99,-139.635,-6.578,3.7700603
6/17/12 18:30,4248.9961,190.8,110.4004,301.8791,0.06,0.33,2.49,0.47,-64.5877,-2.4685,3.2216218
6/17/12 19:00,4249.5711,174.3,120.4752,301.3128,-0.04,0.4,1.96,-0.19,-12.1349,-1.8945,2.943277
6/17/12 19:30,4250.1711,111.2,120.4992,299.9438,-0.46,0.18,1.51,-1.41,0.0,-1.3951,2.7810246
6/17/12 20:00,4250.7961,99.1,130.5954,299.6198,-0.33,0.05,1.14,-1.12,0.0,-0.9862,2.7810246
6/17/12 20:30,4251.4461,58.4,130.6721,299.1077,-0.55,-0.34,1.6,-1.36,0.0,-1.2658,2.4254195
6/17/12 21:00,4252.0961,98.7,130.7124,298.8329,-0.64,0.1,1.61,-1.59,0.0,-1.1364,2.2725145
6/17/12 21:30,4252.7461,81.9,130.7566,298.6167,-0.51,-0.07,1.2,-1.19,0.0,-0.7317,2.6868005
6/17/12 22:00,4253.3961,70.6,130.7787,298.304,-0.5,-0.18,1.0,-0.94,0.0,-0.4988,2.7379804
6/17/12 22:30,4254.0461,88.4,130.7748,298.3798,-0.93,-0.03,1.59,-1.59,0.0,-0.6071,2.7379804
6/17/12 23:00,4254.6961,110.0,130.7735,297.9917,-0.62,0.23,0.96,-0.9,0.0,-0.2488,2.7379804
6/17/12 23:30,4255.3461,48.4,130.7995,297.6091,-0.4,-0.36,1.15,-0.86,0.0,-0.1506,2.9207163
6/18/12 0:00,4255.9961,170.4,130.7891,296.9602,-0.04,0.25,0.63,-0.11,0.0,0.0,3.0219221
6/18/12 0:30,4256.6461,80.4,130.7735,296.3964,-0.25,-0.04,0.41,-0.4,0.0,0.0529,2.9899563
6/18/12 1:00,4257.2961,93.4,130.7696,295.8642,-0.14,0.01,0.15,-0.15,0.0,0.0399,3.192541
6/18/12 1:30,4257.9461,108.6,130.7631,295.9781,-0.41,0.14,0.76,-0.72,0.0,0.29,3.1228394
6/18/12 2:00,4258.5961,334.6,130.7657,295.3996,0.27,-0.57,1.09,0.47,0.0,0.5436,3.4163593
6/18/12 2:30,4259.2211,334.3,120.7224,294.611,0.07,-0.15,0.15,0.07,0.0,0.0922,3.61779
6/18/12 3:00,4259.8211,138.1,120.7464,294.287,-0.3,0.33,0.32,-0.21,0.0,0.227,3.5763614
6/18/12 3:30,4260.4211,56.2,120.7704,293.8925,-0.19,-0.13,0.17,-0.14,0.0,0.1338,3.38699
6/18/12 4:00,4261.0211,32.2,120.7812,293.9968,-0.2,-0.31,0.26,-0.14,0.0,0.2292,3.4858878
6/18/12 4:30,4261.6211,75.6,120.8088,293.6265,-0.54,-0.14,0.37,-0.36,1.9318,0.339,3.1731538
6/18/12 5:00,4262.2211,50.3,120.8244,293.4622,-0.19,-0.16,0.18,-0.14,17.6726,0.1711,3.056946
6/18/12 5:30,4262.8211,314.8,120.8544,293.8555,0.42,-0.42,0.47,0.33,66.9235,0.4654,2.3770092
6/18/12 6:00,4263.3961,341.8,110.8173,294.4695,0.14,-0.42,0.89,0.28,118.629,0.8914,2.0690066
6/18/12 6:30,4263.9211,13.0,100.78,294.5492,-0.19,-0.82,2.93,-0.66,188.662,2.9043,1.7226335
6/18/12 7:00,4264.4211,325.0,100.778,294.7586,0.44,-0.62,2.75,1.58,274.6465,2.6541,2.110089
6/18/12 7:30,4264.9211,258.8,100.805,295.2955,0.3,0.06,1.31,1.29,287.4004,1.2121,1.2441851
6/18/12 8:00,4265.4211,256.2,100.802,295.9221,0.49,0.12,2.26,2.2,344.1568,1.9585,2.7185355
6/18/12 8:30,4265.9211,233.3,100.81,297.1818,0.49,0.36,4.19,3.36,399.1734,3.3262,2.4101867
6/18/12 9:00,4266.4211,235.6,100.799,298.0404,0.4,0.27,3.74,3.09,390.1752,2.6444,2.2096792
6/18/12 9:30,4266.8961,140.3,90.7101,299.2197,-0.54,0.65,8.08,-5.16,359.207,4.9213,2.3135392
6/18/12 10:00,4267.3461,147.3,90.7128,299.8278,-0.61,0.96,12.85,-6.94,278.4595,6.4263,2.0605247
6/18/12 10:30,4267.7711,172.3,80.6304,300.5992,-0.23,1.74,20.63,-2.76,305.5398,7.8947,2.8237226
6/18/12 11:00,4268.1711,172.4,80.6264,301.045,-0.2,1.5,16.72,-2.21,211.7142,4.3268,2.0129222
6/18/12 11:30,4268.5461,139.3,70.539,300.9882,-1.36,1.58,24.63,-16.06,64.1244,3.2143,2.4565775
6/18/12 12:00,4268.8961,152.5,70.5355,300.937,-0.98,1.89,21.86,-10.09,0.0,0.0,3.1809433
6/18/12 12:30,4269.2461,149.8,70.5306,301.0004,-1.52,2.61,32.69,-16.44,-68.5298,-4.2667,0.614505
6/18/12 13:00,4269.5961,144.8,70.5124,300.8243,-1.84,2.61,38.07,-21.95,-146.5998,-9.8539,1.3026352
6/18/12 13:30,4269.9461,155.3,70.5026,301.2614,-1.18,2.57,34.38,-14.37,-280.0313,-13.1585,2.5097769
6/18/12 14:00,4270.2711,137.7,60.4272,301.5196,-2.13,2.34,38.31,-25.78,-384.3985,-19.1557,2.3548524
6/18/12 14:30,4270.5461,156.0,50.347,301.7399,-1.22,2.73,36.89,-15.0,-398.8794,-22.4558,2.6777416
6/18/12 15:00,4270.7961,155.0,50.3425,301.9637,-1.28,2.75,42.17,-17.82,-521.8335,-29.8189,2.1823294
6/18/12 15:30,4271.0461,169.3,50.3415,301.8212,-0.58,3.06,44.29,-8.22,-507.7049,-35.1362,2.3956463
6/18/12 16:00,4271.2711,159.7,40.27,301.7724,-1.09,2.95,42.43,-14.72,-478.3041,-36.7415,2.8719598
6/18/12 16:30,4271.4711,141.5,40.264,301.4034,-2.16,2.71,44.27,-27.56,-432.8394,-40.9003,3.476425
6/18/12 17:00,4271.6711,143.2,40.2716,300.9874,-2.2,2.94,43.65,-26.15,-343.9073,-42.1609,2.0250969
6/18/12 17:30,4271.8461,129.9,30.2109,300.4591,-2.45,2.05,35.66,-27.36,-235.607,-35.3543,2.2051786
6/18/12 18:00,4271.9961,143.8,30.216,300.1858,-1.84,2.51,34.17,-20.18,-161.714,-34.1701,2.035079
6/18/12 18:30,4272.1461,141.8,30.2196,299.4179,-1.68,2.13,27.67,-17.11,-47.9512,-27.4292,2.2186804
6/18/12 19:00,4272.2961,128.0,30.2238,298.6642,-1.91,1.49,22.77,-17.94,-8.1988,-21.9905,3.5871513
6/18/12 19:30,4272.4461,130.1,30.2346,298.1838,-1.48,1.25,16.2,-12.39,0.0,-14.9683,3.3133071
6/18/12 20:00,4272.5711,128.4,20.1646,297.8218,-1.36,1.07,13.24,-10.38,0.0,-11.4668,1.4947185
6/18/12 20:30,4272.6711,127.8,20.1692,297.493,-1.44,1.12,13.04,-10.3,0.0,-10.3432,1.1424023
6/18/12 21:00,4272.7711,129.3,20.1818,297.2099,-0.92,0.75,7.46,-5.77,0.0,-5.2728,2.8090091
6/18/12 21:30,4272.8711,117.2,20.192,296.8526,-0.87,0.45,5.11,-4.54,0.0,-3.1096,2.9708576
6/18/12 22:00,4272.9711,103.5,20.1916,296.6601,-0.89,0.21,4.41,-4.29,0.0,-2.2055,2.9555094
6/18/12 22:30,4273.0711,65.9,20.1894,296.6201,-0.83,-0.37,4.01,-3.66,0.0,-1.5338,2.9555094
6/18/12 23:00,4273.1711,62.1,20.1898,296.5026,-0.62,-0.33,2.56,-2.26,0.0,-0.6621,2.9796857
6/18/12 23:30,4273.2711,73.4,20.187,296.4791,-0.82,-0.24,3.33,-3.19,0.0,-0.435,2.9796857
6/19/12 0:00,4273.3711,83.1,20.1836,296.2776,-0.79,-0.1,2.84,-2.82,0.0,0.0,2.8449562
6/19/12 0:30,4273.4711,72.2,20.1758,296.1147,-0.86,-0.28,2.86,-2.72,0.0,0.3732,2.9458158
6/19/12 1:00,4273.5711,64.7,20.176,296.276,-0.59,-0.28,2.19,-1.98,0.0,0.5665,2.8449562
6/19/12 1:30,4273.6961,193.8,30.2658,296.1605,0.06,0.26,0.79,0.19,0.0,0.3031,2.9308715
6/19/12 2:00,4273.8461,23.4,30.2577,296.0496,-0.19,-0.44,0.93,-0.37,0.0,0.4656,3.1275708
6/19/12 2:30,4273.9961,45.9,30.2547,295.8553,-0.29,-0.29,0.88,-0.63,0.0,0.5334,3.0628314
6/19/12 3:00,4274.1461,81.7,30.2493,295.5793,-0.55,-0.08,1.3,-1.28,0.0,0.9174,3.1264168
6/19/12 3:30,4274.2961,93.8,30.2487,295.6632,-0.8,0.05,1.89,-1.89,0.0,1.5008,3.1264168
6/19/12 4:00,4274.4211,94.9,20.1676,296.0991,-0.86,0.07,2.56,-2.55,0.0,2.2205,2.9458158
6/19/12 4:30,4274.5211,68.7,20.1704,296.2612,-0.7,-0.27,2.32,-2.16,0.8056,2.1408,2.8429367
6/19/12 5:00,4274.6211,53.3,20.1702,296.3857,-0.94,-0.7,3.86,-3.1,8.1379,3.7318,2.5949998
6/19/12 5:30,4274.7211,60.0,20.1742,296.508,-0.77,-0.45,3.19,-2.76,17.1589,3.1581,3.4830605
6/19/12 6:00,4274.8211,71.0,20.1758,296.6024,-0.51,-0.18,1.86,-1.76,40.641,1.8581,0.8987352
6/19/12 6:30,4274.9211,53.8,20.1758,296.849,-1.0,-0.74,4.24,-3.42,110.447,4.2017,2.6111558
6/19/12 7:00,4275.0461,55.0,30.2616,297.3768,-1.33,-0.93,5.82,-4.77,214.0704,5.6243,2.3204055
6/19/12 7:30,4275.1961,60.1,30.2631,297.6991,-1.72,-0.99,7.25,-6.29,215.1133,6.7026,4.21787
6/19/12 8:00,4275.3461,66.3,30.2613,298.0351,-1.72,-0.75,6.79,-6.22,266.625,5.8815,4.6072873
6/19/12 8:30,4275.4961,67.3,30.2517,298.4749,-2.05,-0.86,8.61,-7.94,283.6103,6.8291,3.45046
6/19/12 9:00,4275.6211,81.4,20.166,298.731,-2.28,-0.34,9.13,-9.03,225.0735,6.4583,2.6013468
6/19/12 9:30,4275.7211,72.8,20.162,299.1155,-2.4,-0.74,10.68,-10.2,264.1708,6.4985,5.996761
6/19/12 10:00,4275.8211,77.7,20.1598,299.353,-2.12,-0.46,9.45,-9.24,153.2975,4.7263,3.0364048
6/19/12 10:30,4275.8961,76.6,10.0776,299.9262,-2.51,-0.6,12.95,-12.59,144.7466,4.9542,4.4337834
6/19/12 11:00,4275.9461,76.9,10.0745,299.9893,-2.89,-0.67,15.1,-14.7,99.1274,3.9076,3.9477186
6/19/12 11:30,4275.9961,68.3,10.0708,299.9786,-2.82,-1.12,15.5,-14.4,31.385,2.0226,3.2408936
6/19/12 12:00,4276.0211,76.5,0.0,300.0528,-2.79,-0.67,14.73,-14.32,0.0,0.0,2.8576502
6/19/12 12:30,4276.0211,80.4,0.0,300.5232,-3.49,-0.59,20.94,-20.65,-54.0585,-2.7336,4.6968377
6/19/12 13:00,4276.0211,80.1,0.0,300.4822,-3.55,-0.62,21.58,-21.25,-56.4637,-5.5842,2.7312295
6/19/12 13:30,4276.0211,116.9,0.0,300.1581,-3.8,1.93,27.32,-24.37,-40.2579,-10.4563,2.4543849
6/19/12 14:00,4276.0211,124.2,0.0,299.3874,-3.85,2.62,22.72,-18.79,-54.3085,-11.3606,2.0982028
6/19/12 14:30,4276.0211,121.4,0.0,298.6703,-3.49,2.13,14.05,-11.99,-78.4523,-8.5535,2.8872503
6/19/12 15:00,4276.0461,116.1,10.0508,298.125,-2.99,1.46,8.12,-7.29,-49.8524,-5.7415,2.4239193
6/19/12 15:30,4276.0961,108.1,10.0438,298.4549,-3.16,1.03,7.95,-7.56,-68.6298,-6.3069,3.8331841
6/19/12 16:00,4276.1461,118.1,10.039,298.7264,-3.61,1.93,9.95,-8.77,-44.7553,-8.6134,2.5304912
6/19/12 16:30,4276.1961,127.1,10.0347,298.7737,-3.29,2.49,9.73,-7.76,-52.7101,-8.9852,1.5753254
6/19/12 17:00,4276.2461,131.4,10.0313,298.7852,-3.45,3.04,8.93,-6.7,-31.6978,-8.6213,1.9668199
6/19/12 17:30,4276.3211,135.5,20.0516,298.9858,-3.01,3.07,7.28,-5.11,-26.9822,-7.2219,1.2313757
6/19/12 18:00,4276.4461,138.1,30.0588,299.1611,-3.12,3.47,8.25,-5.51,-20.191,-8.2466,1.4817937
6/19/12 18:30,4276.5961,134.6,30.0486,299.1337,-3.18,3.14,7.55,-5.38,-10.319,-7.4886,0.9296624
6/19/12 19:00,4276.7961,130.6,50.0395,299.0711,-3.81,3.27,8.69,-6.6,-0.9321,-8.3967,2.1535371
6/19/12 19:30,4277.0711,121.9,59.982,298.902,-4.11,2.56,7.98,-6.78,0.0,-7.3751,1.6087914
6/19/12 20:00,4277.5211,118.4,119.826,298.8053,-4.93,2.67,8.86,-7.8,0.0,-7.6749,2.5455509
6/19/12 20:30,4278.2211,120.6,159.6064,298.4387,-5.76,3.41,12.81,-11.02,0.0,-10.1601,1.681955
6/19/12 21:00,4279.3211,107.7,278.8632,298.0651,-6.83,2.18,11.63,-11.08,0.0,-8.223,2.7379804
6/19/12 21:30,4280.8461,110.5,328.1322,297.9753,-7.59,2.84,14.4,-13.49,0.0,-8.7656,1.4872752
6/19/12 22:00,4282.6211,114.4,377.2944,298.1244,-7.4,3.36,12.92,-11.76,0.0,-6.4585,1.3333893
6/19/12 22:30,4284.6711,121.3,436.0708,298.2681,-6.95,4.22,11.93,-10.2,0.0,-4.5667,2.7379804
6/19/12 23:00,4287.0461,126.8,504.1299,298.5965,-7.45,5.57,14.01,-11.22,0.0,-3.6269,2.5403002
6/19/12 23:30,4289.7961,140.3,582.1353,298.8209,-5.69,6.85,12.02,-7.68,0.0,-1.569,2.6742219
6/20/12 0:00,4292.8461,175.4,620.4996,299.3862,-0.77,9.57,17.37,-1.39,0.0,0.0,1.4771777
6/20/12 0:30,4295.9211,193.7,589.986,299.9822,2.69,11.02,38.58,9.14,0.0,5.0354,1.7518297
6/20/12 1:00,4298.7711,203.9,531.0144,300.6439,4.36,9.85,51.04,20.68,0.0,13.2111,0.24444028
6/20/12 1:30,4301.3211,208.8,472.5072,301.0019,4.49,8.16,53.69,25.86,0.0,20.5455,2.9470852
6/20/12 2:00,4303.5961,213.4,423.7779,301.4033,4.72,7.16,62.06,34.16,0.0,31.0306,4.8356639
6/20/12 2:30,4305.6461,220.8,384.8091,301.4512,5.25,6.08,64.06,41.85,0.0,38.9943,5.2697987
6/20/12 3:00,4307.4961,219.1,345.702,301.174,4.18,5.15,52.32,33.0,0.0,36.9986,5.5131773
6/20/12 3:30,4309.1711,216.8,316.2784,300.9035,3.59,4.8,47.35,28.36,0.0,37.5624,3.6166937
6/20/12 4:00,4310.6961,217.4,286.8158,300.6997,3.45,4.51,45.67,27.74,0.0,39.5485,5.594592
6/20/12 4:30,4312.0961,218.3,267.246,300.5748,3.2,4.06,41.61,25.79,2.4621,38.4383,3.6162321
6/20/12 5:00,4313.3711,221.6,237.7752,300.1271,2.22,2.5,23.92,15.88,15.903,23.1078,4.4326294
6/20/12 5:30,4314.5461,219.5,228.0749,300.4491,2.01,2.44,23.93,15.22,118.1743,23.7209,4.6940104
6/20/12 6:00,4315.6461,217.2,208.425,301.0734,1.73,2.28,24.16,14.61,209.696,24.1631,3.5660908
6/20/12 6:30,4316.6461,216.5,188.708,301.7658,1.08,1.46,16.75,9.96,331.4955,16.6094,4.1779993
6/20/12 7:00,4317.5711,233.9,178.8804,301.8872,1.35,0.99,16.07,12.98,279.6056,15.5182,2.676703
6/20/12 7:30,4318.4211,223.8,159.0656,302.7494,1.1,1.14,17.06,11.81,409.8607,15.7585,4.4299752
6/20/12 8:00,4319.1961,218.3,149.175,303.4937,1.47,1.86,29.54,18.31,511.0858,25.5814,3.896481
6/20/12 8:30,4319.9461,216.1,149.223,304.0802,1.86,2.55,45.01,26.52,537.4525,35.7059,2.9948031
6/20/12 9:00,4320.6711,220.2,139.2846,304.2416,2.23,2.63,49.84,32.17,491.179,35.2433,3.793775
6/20/12 9:30,4321.3461,220.4,129.3383,304.4296,2.66,3.13,59.54,38.59,441.3886,36.2462,4.4946569
6/20/12 10:00,4321.9711,221.8,119.3964,305.0311,2.98,3.34,69.21,46.13,482.4345,34.6037,3.7222847
6/20/12 10:30,4322.5711,219.8,119.4192,305.148,3.02,3.63,74.04,47.39,371.1735,28.3325,4.6387915
6/20/12 11:00,4323.1461,214.6,109.4698,305.4588,2.0,2.9,53.99,30.66,254.43,13.9745,6.597995
6/20/12 11:30,4323.6961,202.0,109.4599,305.9714,1.08,2.66,44.05,16.5,133.5544,5.7493,4.1395711
6/20/12 12:00,4324.2211,199.5,99.484,306.0147,1.03,2.92,48.61,16.23,0.0,0.0,4.9193866
6/20/12 12:30,4324.7211,197.3,99.477,305.8562,0.97,3.11,49.04,14.58,-82.0952,-6.4012,6.619344
6/20/12 13:00,4325.1961,199.6,89.5122,306.0266,1.26,3.55,55.58,18.64,-191.5854,-14.3856,5.0515773
6/20/12 13:30,4325.6461,210.4,89.5518,306.2049,1.84,3.14,53.76,27.2,-332.1252,-20.5714,5.0714838
6/20/12 14:00,4326.0961,220.9,89.5671,306.0806,2.53,2.92,58.95,38.6,-309.486,-29.475,5.546124
6/20/12 14:30,4326.5211,178.7,79.6016,305.5381,-0.07,3.15,40.71,-0.92,-250.179,-24.7857,4.0451162
6/20/12 15:00,4326.9211,165.2,79.6392,305.1753,-0.54,2.06,27.19,-6.94,-205.7695,-19.2243,3.5392026
6/20/12 15:30,4327.3211,143.7,79.6464,305.1841,-1.05,1.43,22.21,-13.15,-311.7077,-17.618,1.4779855
6/20/12 16:00,4327.7211,162.1,79.6504,304.962,-0.53,1.63,21.26,-6.53,-245.7027,-18.4114,2.6128291
6/20/12 16:30,4328.1211,160.5,79.6592,303.7529,-0.74,2.1,20.94,-6.99,-196.6274,-19.3483,4.7373431
6/20/12 17:00,4328.5211,152.7,79.6608,303.7655,-0.6,1.17,14.54,-6.67,-226.2053,-14.043,3.3892403
6/20/12 17:30,4328.9211,70.0,79.6656,302.5757,-1.75,-0.64,18.86,-17.72,-160.6736,-18.6982,4.7627888
6/20/12 18:00,4329.3211,71.7,79.6784,299.9521,-2.51,-0.83,19.01,-18.05,-107.825,-19.007,4.9041538
6/20/12 18:30,4329.7211,66.6,79.7048,298.9836,-2.56,-1.11,17.84,-16.37,-46.0566,-17.6855,2.572843
6/20/12 19:00,4330.1211,84.5,79.7272,297.7837,-3.34,-0.32,18.28,-18.2,-9.7993,-17.658,5.7691345
6/20/12 19:30,4330.5211,82.3,79.7536,296.8302,-3.64,-0.49,18.19,-18.03,0.0,-16.8053,2.9708576
6/20/12 20:00,4330.9211,74.5,79.8056,296.0549,-3.85,-1.07,18.29,-17.62,0.0,-15.8359,4.4527667
6/20/12 20:30,4331.3211,71.5,79.8272,295.4234,-3.77,-1.26,16.84,-15.97,0.0,-13.3627,3.7581164
6/20/12 21:00,4331.7211,72.0,79.88,294.7536,-3.26,-1.06,13.33,-12.68,0.0,-9.4244,3.6827025
6/20/12 21:30,4332.1211,66.0,79.9008,294.4398,-2.81,-1.25,11.51,-10.51,0.0,-7.0067,3.6638346
6/20/12 22:00,4332.5211,69.9,79.9272,294.1645,-2.62,-0.96,10.03,-9.42,0.0,-5.013,5.7256864
6/20/12 22:30,4332.9211,72.5,79.9672,293.7809,-3.0,-0.95,11.0,-10.49,0.0,-4.2086,3.535856
6/20/12 23:00,4333.3211,67.8,79.9816,293.6215,-3.0,-1.23,11.03,-10.22,0.0,-2.8556,4.7816567
6/20/12 23:30,4333.7211,78.8,80.0088,293.4923,-2.53,-0.5,8.22,-8.07,0.0,-1.0733,4.4223588
6/21/12 0:00,4334.1211,91.2,80.044,293.4495,-2.33,0.05,7.47,-7.47,0.0,0.0,3.6214828
6/21/12 0:30,4334.5211,74.5,80.0944,293.3838,-1.09,-0.3,3.56,-3.43,0.0,0.4643,3.6048075
6/21/12 1:00,4334.9461,69.9,90.1305,293.4383,-0.36,-0.13,1.22,-1.14,0.0,0.3148,3.6214828
6/21/12 1:30,4335.4211,47.5,100.132,293.4738,-0.17,-0.15,0.57,-0.42,0.0,0.2184,3.6048075
6/21/12 2:00,4335.9211,179.6,100.154,293.713,0.0,0.55,1.3,-0.01,0.0,0.6477,3.6100005
6/21/12 2:30,4336.4211,188.4,100.189,293.9827,0.13,0.89,2.3,0.34,0.0,1.3975,3.6227522
6/21/12 3:00,4336.9211,173.4,100.227,293.829,-0.11,0.95,2.21,-0.25,0.0,1.5653,3.6072309
6/21/12 3:30,4337.4211,185.3,100.256,293.7628,0.08,0.88,1.89,0.17,0.0,1.5001,3.6100005
6/21/12 4:00,4337.9211,253.4,100.283,293.9529,0.6,0.18,1.17,1.13,0.0,1.0175,3.5954601
6/21/12 4:30,4338.4211,312.9,100.321,293.9675,0.11,-0.11,0.23,0.17,0.9553,0.2156,3.556051
6/21/12 5:00,4338.9461,94.7,110.3641,293.8489,-0.27,0.02,0.31,-0.31,13.4544,0.3031,-3.50816
6/21/12 5:30,4339.4961,116.0,110.3861,293.8275,-0.49,0.24,0.6,-0.54,41.8469,0.5998,3.0928931
6/21/12 6:00,4340.0461,177.7,110.429,294.4165,-0.02,0.55,1.23,-0.05,77.26,1.2271,4.4871559
6/21/12 6:30,4340.5711,211.7,100.421,294.7592,0.51,0.83,2.68,1.41,87.3037,2.654,4.5031965
6/21/12 7:00,4341.0711,220.6,100.46,294.9111,0.25,0.3,1.27,0.82,111.4746,1.2219,2.294152
6/21/12 7:30,4341.5461,244.1,90.4581,295.2471,0.19,0.09,0.75,0.68,164.3739,0.6969,0.7102293
6/21/12 8:00,4341.9961,197.8,90.4788,295.9282,0.29,0.91,3.87,1.18,211.1353,3.3473,1.2728043
6/21/12 8:30,4342.4461,186.1,90.4545,296.4071,0.12,1.09,5.22,0.55,182.0905,4.1432,2.3417545
6/21/12 9:00,4342.8711,0.2,80.3872,296.9138,0.0,-0.13,0.68,0.0,281.8499,0.48,3.0212874
6/21/12 9:30,4343.2461,106.3,70.3353,297.7154,-0.46,0.14,3.04,-2.91,386.1757,1.8488,2.2694564
6/21/12 10:00,4343.5961,100.9,70.3451,298.6753,-0.71,0.14,5.65,-5.55,306.5735,2.8256,2.2366828
6/21/12 10:30,4343.9461,175.1,70.3563,299.3685,-0.06,0.74,6.06,-0.52,162.9918,2.319,2.2686486
6/21/12 11:00,4344.2711,176.8,60.291,299.9258,-0.05,0.9,8.0,-0.45,184.7717,2.0718,2.2361635
6/21/12 11:30,4344.5711,189.3,60.2748,300.4626,0.11,0.66,6.11,0.99,75.6579,0.7981,2.297614
6/21/12 12:00,4344.8711,220.5,60.2874,300.7613,0.94,1.1,13.19,8.57,0.0,0.0,3.7306512
6/21/12 12:30,4345.1711,196.4,60.2706,301.4496,0.37,1.26,12.16,3.43,-98.0805,-1.5876,2.4612512
6/21/12 13:00,4345.4711,184.0,60.246,302.1293,0.18,2.63,25.88,1.81,-140.3982,-6.6986,2.1024726
6/21/12 13:30,4345.7711,188.3,60.2334,301.5276,0.37,2.54,21.69,3.13,-121.0925,-8.3001,4.0769666
6/21/12 14:00,4346.0711,178.8,60.237,301.2082,-0.07,3.14,24.13,-0.51,-155.557,-12.0644,2.8669976
6/21/12 14:30,4346.3711,169.8,60.2052,301.117,-0.43,2.41,17.39,-3.08,-262.3317,-10.5858,2.4841581
6/21/12 15:00,4346.6711,161.8,60.183,300.7688,-0.61,1.85,12.48,-3.9,-257.4286,-8.828,2.9770892
6/21/12 15:30,4346.9711,168.4,60.1848,300.6854,-0.49,2.38,15.92,-3.2,-177.1463,-12.6274,2.8155869
6/21/12 16:00,4347.2711,173.9,60.174,299.6485,-0.35,3.3,21.93,-2.33,-151.6558,-18.9878,2.9338719
6/21/12 16:30,4347.5711,176.1,60.1878,298.8542,-0.18,2.62,16.18,-1.1,-141.8728,-14.9447,3.8435124
6/21/12 17:00,4347.8461,177.6,50.157,298.9028,-0.07,1.73,11.2,-0.47,-157.2112,-10.8176,3.8749589
6/21/12 17:30,4348.0961,159.6,50.1475,298.7022,-0.93,2.49,16.6,-5.79,-155.3168,-16.4573,3.1289556
6/21/12 18:00,4348.3461,176.3,50.1555,298.2791,-0.16,2.5,14.06,-0.91,-56.267,-14.0598,3.1960607
6/21/12 18:30,4348.5961,167.2,50.161,298.0428,-0.44,1.92,9.94,-2.2,-35.2935,-9.8584,3.0553304
6/21/12 19:00,4348.8461,143.3,50.1325,297.7632,-1.04,1.4,8.68,-5.19,-10.0881,-8.3867,1.5159521
6/21/12 19:30,4349.0961,161.3,50.157,297.4085,-0.65,1.92,10.39,-3.33,0.0,-9.6021,2.8090091
6/21/12 20:00,4349.3711,144.7,60.2244,297.2448,-0.35,0.49,2.85,-1.65,0.0,-2.4678,2.8895006
6/21/12 20:30,4349.6711,104.5,60.2376,296.8796,-0.93,0.24,4.12,-3.99,0.0,-3.27,3.0008616
6/21/12 21:00,4349.9711,78.2,60.258,296.7601,-0.9,-0.19,3.72,-3.64,0.0,-2.6299,2.9861481
6/21/12 21:30,4350.2711,117.1,60.2622,296.4285,-1.04,0.53,4.37,-3.89,0.0,-2.6621,2.832493
6/21/12 22:00,4350.5711,91.2,60.258,296.54,-0.81,0.02,2.99,-2.99,0.0,-1.4971,3.0081318
6/21/12 22:30,4350.8711,66.9,60.2532,296.5639,-0.68,-0.29,2.43,-2.23,0.0,-0.9296,3.0369241
6/21/12 23:00,4351.1711,57.9,60.2454,296.4517,-0.8,-0.5,2.74,-2.32,0.0,-0.7085,2.8322045
6/21/12 23:30,4351.4711,72.2,60.237,296.413,-0.81,-0.26,2.59,-2.46,0.0,-0.3376,2.8851731
6/22/12 0:00,4351.7711,138.2,60.2556,296.3717,-0.41,0.45,1.67,-1.11,0.0,0.0,2.8982133
6/22/12 0:30,4352.0961,107.2,70.3059,296.3518,-0.61,0.19,1.7,-1.62,0.0,0.2213,2.9784163
6/22/12 1:00,4352.4461,88.4,70.2849,296.3948,-0.68,-0.02,1.96,-1.96,0.0,0.5085,2.8851731
6/22/12 1:30,4352.7961,46.9,70.2849,296.481,-0.32,-0.3,1.22,-0.89,0.0,0.4659,2.8322045
6/22/12 2:00,4353.1461,48.5,70.2758,296.2845,-0.8,-0.71,2.85,-2.13,0.0,1.4247,2.9784163
6/22/12 2:30,4353.4961,50.9,70.2681,296.2407,-0.64,-0.52,2.32,-1.8,0.0,1.4135,2.9347951
6/22/12 3:00,4353.8461,87.5,70.2744,296.089,-1.18,-0.05,2.9,-2.9,0.0,2.0513,3.0369241
6/22/12 3:30,4354.1961,63.6,70.2891,296.0426,-1.23,-0.61,3.09,-2.77,0.0,2.4517,3.1028175
6/22/12 4:00,4354.5461,74.6,70.2786,295.9505,-1.91,-0.53,4.73,-4.56,0.0,4.0951,3.0867769
6/22/12 4:30,4354.8711,59.3,60.2094,295.6939,-2.49,-1.48,9.35,-8.04,0.68,8.6361,9.729951
6/22/12 5:00,4355.2211,,80.2712,294.754,,,1.47,,1.0558,1.4203,3.6171553
6/22/12 5:30,4355.6461,,90.2358,293.5726,,,1.16,,10.8841,1.1512,3.5104103
6/22/12 6:00,4356.1961,,130.3068,292.7133,,,0.93,,6.362,0.9307,3.3244432
6/22/12 6:30,4356.9711,,180.3006,292.3274,,,0.88,,12.5477,0.874,3.3568129
6/22/12 7:00,4357.9961,,230.2162,292.2179,,,0.8,,21.9082,0.7692,2.7829287
6/22/12 7:30,4359.2711,,280.4172,292.4217,,,0.62,,7.3504,0.5765,3.3231738
6/22/12 8:00,4360.8461,,350.567,292.5109,,,0.53,,26.9931,0.46,2.7337106
6/22/12 8:30,4362.6211,,360.4932,292.6823,,,0.66,,88.5081,0.5214,2.1979084
6/22/12 9:00,4364.4211,,360.2664,292.9484,,,0.6,,128.0457,0.4255,1.9798601
6/22/12 9:30,4366.1961,,350.2065,292.9728,,,0.64,,66.6746,0.3897,2.2853816
6/22/12 10:00,4367.8461,18.1,310.4898,293.4785,-0.57,-1.75,2.79,-0.87,91.517,1.3973,2.0548701
6/22/12 10:30,4369.3711,335.2,300.552,294.1356,0.57,-1.24,1.92,0.8,36.8788,0.7329,0.51880378
6/22/12 11:00,4370.8211,,280.4872,294.5684,,,2.06,,35.8897,0.5344,1.8114915
6/22/12 11:30,4372.1211,,240.4488,294.6542,,,3.76,,28.589,0.4912,1.837745
6/22/12 12:00,4373.2711,,220.4224,294.7709,,,5.42,,0.0,0.0,2.4614243
6/22/12 12:30,4374.3211,95.7,200.358,295.0328,-1.08,0.11,2.92,-2.91,-45.1199,-0.3816,2.0838932
6/22/12 13:00,4375.2711,78.4,180.3276,295.4046,-0.78,-0.16,2.42,-2.37,-111.1511,-0.6274,1.8649217
6/22/12 13:30,4376.1461,99.1,170.2958,296.031,-1.17,0.19,3.98,-3.93,-155.513,-1.5217,2.3722201
6/22/12 14:00,4376.9711,88.4,160.3008,296.5479,-1.47,-0.04,5.82,-5.81,-158.933,-2.9085,1.5961551
6/22/12 14:30,4377.7461,70.8,150.2745,296.8062,-1.35,-0.47,7.14,-6.74,-210.9888,-4.3456,2.6331972
6/22/12 15:00,4378.4711,112.4,140.2632,297.254,-1.19,0.49,6.7,-6.19,-235.4178,-4.7377,1.9136205
6/22/12 15:30,4379.1461,105.6,130.2392,297.5813,-1.25,0.35,7.18,-6.92,-301.7718,-5.6985,2.2414719
6/22/12 16:00,4379.7961,104.6,130.2509,297.5998,-1.14,0.3,6.95,-6.73,-278.4809,-6.0221,2.524375
6/22/12 16:30,4380.4461,110.5,130.2444,297.8592,-1.77,0.66,10.96,-10.27,-365.3047,-10.1293,2.4122062
6/22/12 17:00,4381.0711,110.7,120.2352,297.6483,-1.71,0.65,10.14,-9.48,-248.0005,-9.7928,2.0145955
6/22/12 17:30,4381.6711,106.1,120.2496,297.0455,-2.12,0.61,11.14,-10.71,-168.0687,-11.0474,1.2407231
6/22/12 18:00,4382.2461,109.9,110.2772,296.4496,-2.17,0.79,11.3,-10.63,-169.803,-11.3013,1.3160216
6/22/12 18:30,4382.7961,124.0,110.3047,295.7858,-1.84,1.24,9.62,-7.97,-103.9302,-9.5328,2.447057
6/22/12 19:00,4383.3711,141.2,120.378,294.9699,-1.34,1.66,7.01,-4.39,-20.2912,-6.7702,2.3994545
6/22/12 19:30,4383.9711,136.4,120.3996,294.0418,-1.4,1.47,6.05,-4.17,0.0,-5.5876,1.398648
6/22/12 20:00,4384.5961,150.9,130.4745,293.5819,-0.8,1.43,4.37,-2.12,0.0,-3.7817,3.6730666
6/22/12 20:30,4385.2461,142.1,130.5603,293.6185,-1.05,1.35,4.51,-2.77,0.0,-3.5748,1.8997725
6/22/12 21:00,4385.8711,136.5,120.5364,293.4963,-1.24,1.31,4.71,-3.24,0.0,-3.3298,1.7992014
6/22/12 21:30,4386.4711,139.4,120.5592,293.304,-0.99,1.15,3.9,-2.54,0.0,-2.377,3.7140913
6/22/12 22:00,4387.0961,140.3,130.6019,293.1267,-0.81,0.97,2.89,-1.84,0.0,-1.4431,3.7416719
6/22/12 22:30,4387.7461,151.6,130.6045,292.8251,-0.49,0.91,1.95,-0.93,0.0,-0.7449,3.6169822
6/22/12 23:00,4388.3961,123.4,130.5876,292.9374,-0.74,0.49,2.06,-1.72,0.0,-0.5319,3.7661367
6/22/12 23:30,4389.0211,150.0,120.5664,293.0225,-0.58,1.01,2.98,-1.49,0.0,-0.3894,2.4757916
6/23/12 0:00,4389.6211,153.8,120.5796,293.1027,-0.32,0.64,1.85,-0.82,0.0,0.0,3.7604821
6/23/12 0:30,4390.2461,87.6,130.6357,293.0774,-0.11,0.0,0.25,-0.25,0.0,0.0323,3.73896
6/23/12 1:00,4390.8961,84.0,130.6305,293.1796,-0.64,-0.07,1.5,-1.49,0.0,0.3878,3.8046803
6/23/12 1:30,4391.5461,122.5,130.6422,293.1795,-0.56,0.36,1.43,-1.2,0.0,0.5463,3.8557448
6/23/12 2:00,4392.1961,70.7,130.6591,293.3154,-0.5,-0.18,1.29,-1.22,0.0,0.6446,3.8719008
6/23/12 2:30,4392.8461,105.7,130.6513,293.1844,-0.83,0.23,1.98,-1.91,0.0,1.2078,3.8557448
6/23/12 3:00,4393.5211,94.7,140.707,293.04,-1.03,0.08,1.71,-1.7,0.0,1.2093,3.8596107
6/23/12 3:30,4394.2211,89.0,140.7112,292.8481,-1.15,-0.02,1.68,-1.68,0.0,1.3305,3.6685083
6/23/12 4:00,4394.9211,66.4,140.742,292.7336,-1.13,-0.49,1.65,-1.51,0.0,1.43,3.6666042
6/23/12 4:30,4395.6211,83.7,140.7714,292.5107,-1.48,-0.16,2.2,-2.18,0.0,2.0304,3.9320242
6/23/12 5:00,4396.3211,83.1,140.8106,292.3486,-1.9,-0.23,2.16,-2.14,3.0997,2.0848,3.6023841
6/23/12 5:30,4397.0211,85.4,140.8428,292.4858,-1.79,-0.14,1.89,-1.89,11.4839,1.8772,3.4369582
6/23/12 6:00,4397.7211,99.1,140.8526,292.598,-1.88,0.3,2.09,-2.06,24.684,2.0898,2.9032332
6/23/12 6:30,4398.4211,94.9,140.8638,292.8117,-1.29,0.11,1.4,-1.39,48.9119,1.3851,2.9893793
6/23/12 7:00,4399.0961,78.5,130.8099,293.0696,-1.08,-0.22,1.38,-1.36,85.4951,1.3362,2.5355688
6/23/12 7:30,4399.7211,71.7,120.7608,293.1997,-1.14,-0.38,1.74,-1.65,135.0887,1.6096,1.7751982
6/23/12 8:00,4400.2961,81.5,110.6952,293.81,-1.23,-0.18,2.44,-2.41,277.4884,2.1113,2.7322104
6/23/12 8:30,4400.8461,81.0,110.6853,294.7301,-1.29,-0.2,3.62,-3.58,306.1789,2.8747,1.7030732
6/23/12 9:00,4401.3711,114.3,100.617,295.6565,-1.14,0.51,4.75,-4.33,325.448,3.3568,1.1457489
6/23/12 9:30,4401.8711,125.8,100.619,296.0455,-0.9,0.65,5.3,-4.3,213.45,3.2257,2.1172438
6/23/12 10:00,4402.3711,198.4,100.614,296.6892,0.29,0.86,5.18,1.64,224.993,2.59,2.5709966
6/23/12 10:30,4402.8461,177.2,90.5571,297.2969,-0.05,0.92,6.25,-0.31,290.0893,2.3904,3.2000997
6/23/12 11:00,4403.2961,178.4,90.5463,297.8427,-0.02,0.77,5.85,-0.16,194.7331,1.5144,1.7780832
6/23/12 11:30,4403.7461,172.7,90.5445,298.1734,-0.11,0.9,7.75,-0.99,70.6202,1.0122,3.9005777
6/23/12 12:00,4404.1961,140.4,90.5409,298.6742,-1.07,1.29,13.79,-8.79,0.0,0.0,3.1235318
6/23/12 12:30,4404.6211,161.7,80.464,298.9441,-0.4,1.19,10.89,-3.42,-96.2892,-1.4215,1.7949893
6/23/12 13:00,4405.0211,167.8,80.4528,299.5988,-0.39,1.82,17.92,-3.79,-239.1954,-4.6383,2.6792418
6/23/12 13:30,4405.4211,170.7,80.4424,299.6364,-0.34,2.08,21.44,-3.46,-239.6811,-8.2052,2.1198403
6/23/12 14:00,4405.8211,161.1,80.4432,299.303,-0.78,2.28,23.78,-7.7,-174.302,-11.8892,2.80422
6/23/12 14:30,4406.1961,152.4,70.3885,299.3876,-1.33,2.55,30.41,-14.09,-357.2042,-18.5118,2.4284776
6/23/12 15:00,4406.5461,160.4,70.3857,299.4751,-0.89,2.51,29.57,-9.92,-401.4811,-20.9088,2.7896219
6/23/12 15:30,4406.8961,,70.3654,299.3976,,,5.58,,-349.8823,-4.4268,3.1629986
6/23/12 16:00,4407.2461,,70.3633,299.5011,,,6.06,,-376.8354,-5.244,2.9333526
6/23/12 16:30,4407.5711,144.8,60.3156,299.1817,-1.74,2.47,27.18,-15.67,-316.9443,-25.1077,1.7978166
6/23/12 17:00,4407.8711,162.1,60.3054,298.7237,-1.01,3.14,27.24,-8.37,-273.4787,-26.3116,3.2094471
6/23/12 17:30,4408.1711,162.0,60.3144,298.3751,-1.11,3.41,28.87,-8.92,-255.4031,-28.6274,2.109512
6/23/12 18:00,4408.4711,160.4,60.3246,297.4905,-1.02,2.87,19.93,-6.68,-96.165,-19.9281,2.6271964
6/23/12 18:30,4408.7711,157.3,60.3354,296.8073,-1.1,2.63,16.23,-6.26,-47.5735,-16.0919,1.961223
6/23/12 19:00,4409.0711,149.7,60.342,296.2431,-1.19,2.04,11.57,-5.84,-16.1541,-11.1787,2.8293195
6/23/12 19:30,4409.3711,147.9,60.3576,295.7118,-1.05,1.68,8.64,-4.59,0.0,-7.9823,2.2361635
6/23/12 20:00,4409.6711,138.2,60.381,295.3713,-1.36,1.52,8.07,-5.38,0.0,-6.9879,3.2096779
6/23/12 20:30,4409.9961,110.4,70.4606,294.9179,-1.02,0.38,3.29,-3.09,0.0,-2.6138,3.6469862
6/23/12 21:00,4410.3711,113.6,80.5336,294.5394,-1.0,0.44,2.89,-2.64,0.0,-2.0408,3.8150086
6/23/12 21:30,4410.7711,144.6,80.5496,294.5318,-0.74,1.04,3.66,-2.12,0.0,-2.2264,3.7727145
6/23/12 22:00,4411.1711,110.2,80.5616,294.2072,-1.04,0.38,2.9,-2.72,0.0,-1.448,3.8207209
6/23/12 22:30,4411.5961,88.5,90.621,294.015,-0.72,-0.02,1.55,-1.55,0.0,-0.594,3.8200285
6/23/12 23:00,4412.0461,102.3,90.6075,293.6986,-0.91,0.2,1.8,-1.76,0.0,-0.4665,3.828972
6/23/12 23:30,4412.4961,58.4,90.6129,293.5806,-0.63,-0.39,1.19,-1.01,0.0,-0.1555,3.7853508
6/24/12 0:00,4412.9461,89.4,90.6156,293.4455,-0.38,0.0,0.5,-0.5,0.0,0.0,3.8038148
6/24/12 0:30,4413.3961,81.1,90.6075,293.5835,-0.45,-0.07,0.8,-0.79,0.0,0.1045,3.8395888
6/24/12 1:00,4413.8461,79.5,90.612,293.4715,-0.4,-0.07,0.68,-0.67,0.0,0.1771,3.8199131
6/24/12 1:30,4414.2961,57.4,90.6093,293.2973,-0.4,-0.26,0.69,-0.58,0.0,0.2647,3.7913516
6/24/12 2:00,4414.7461,127.2,90.5778,292.9097,-0.62,0.47,0.95,-0.76,0.0,0.4772,3.6488326
6/24/12 2:30,4415.1961,53.2,90.576,292.9359,-0.41,-0.31,0.55,-0.44,0.0,0.3349,3.6488326
6/24/12 3:00,4415.6461,102.9,90.5787,293.4248,-0.52,0.12,0.68,-0.66,0.0,0.4791,3.8038148
6/24/12 3:30,4416.0961,53.8,90.5832,293.8159,-0.21,-0.15,0.36,-0.29,0.0,0.2836,3.8032378
6/24/12 4:00,4416.5461,51.8,90.594,293.9569,-0.27,-0.21,0.47,-0.37,0.0,0.406,3.8127583
6/24/12 4:30,4416.9961,52.1,90.5832,293.7478,-0.38,-0.3,0.7,-0.55,0.5941,0.6493,3.8032378
6/24/12 5:00,4417.4461,51.7,90.576,293.5819,-0.35,-0.28,0.69,-0.54,18.1024,0.6635,3.7099369
6/24/12 5:30,4417.8711,355.8,80.516,293.46,0.02,-0.26,0.29,0.02,62.116,0.2838,2.8096438
6/24/12 6:00,4418.2211,40.2,60.3984,294.1361,-0.14,-0.17,0.32,-0.21,129.421,0.3182,2.3088078
6/24/12 6:30,4418.4961,99.0,50.337,294.626,-0.65,0.1,1.37,-1.35,135.6634,1.3537,2.0242891
6/24/12 7:00,4418.7461,137.7,50.353,295.0508,-0.37,0.4,1.32,-0.89,134.1729,1.2742,2.0469652
6/24/12 7:30,4418.9961,93.7,50.357,295.8561,-0.95,0.06,3.2,-3.19,296.4055,2.9542,2.3784517
6/24/12 8:00,4419.2211,72.0,40.2864,296.2704,-1.69,-0.55,6.98,-6.64,321.6401,6.0473,2.6355052
6/24/12 8:30,4419.4211,77.6,40.2888,296.5979,-2.2,-0.48,10.51,-10.26,476.0334,8.3368,2.0972796
6/24/12 9:00,4419.6211,98.3,40.2848,296.7815,-2.56,0.37,14.75,-14.6,469.5578,10.4332,2.3211556
6/24/12 9:30,4419.7961,84.5,30.2106,297.0464,-2.57,-0.25,16.37,-16.3,474.7262,9.9668,2.5356265
6/24/12 10:00,4419.9461,69.3,30.2088,297.225,-2.47,-0.93,16.19,-15.15,392.735,8.0956,4.9375621
6/24/12 10:30,4420.0711,78.6,20.137,297.3377,-2.59,-0.52,16.78,-16.44,282.7365,6.4196,2.9334103
6/24/12 11:00,4420.1711,99.9,20.1344,297.7679,-2.8,0.49,20.26,-19.96,238.1844,5.2438,1.842361
6/24/12 11:30,4420.2461,110.1,10.0661,298.1539,-2.8,1.03,23.32,-21.9,134.1431,3.0444,2.8973478
6/24/12 12:00,4420.2961,101.4,10.0652,298.3838,-2.65,0.54,22.48,-22.03,0.0,0.0,4.9150014
6/24/12 12:30,4420.3211,87.8,0.0,298.3515,-3.1,-0.12,26.81,-26.79,-123.8515,-3.499,2.9960148
6/24/12 13:00,4420.3211,91.9,0.0,298.5192,-3.17,0.11,27.92,-27.91,-239.3362,-7.2272,2.4334398
6/24/12 13:30,4420.3211,88.4,-10.0602,298.662,-2.98,-0.08,26.55,-26.54,-319.1048,-10.1609,2.8278193
6/24/12 14:00,4420.3211,81.2,-10.0601,298.4273,-3.66,-0.57,33.28,-32.89,-442.522,-16.6402,4.5610119
6/24/12 14:30,4420.3211,91.5,-20.123,298.4465,-3.3,0.09,29.85,-29.84,-470.0174,-18.1691,4.4660377
6/24/12 15:00,4420.3211,81.0,-20.1256,298.3575,-3.46,-0.55,31.04,-30.65,-501.7672,-21.946,6.922846
6/24/12 15:30,4420.3211,79.5,-20.122,297.5897,-4.26,-0.79,36.77,-36.16,-515.9645,-29.1748,2.0562549
6/24/12 16:00,4420.3211,79.1,-30.183,296.8972,-4.17,-0.8,33.81,-33.2,-358.8203,-29.2806,5.5842637
6/24/12 16:30,4420.3211,89.9,-40.2412,296.8184,-4.11,-0.01,34.59,-34.59,-378.2797,-31.9613,4.7982166
6/24/12 17:00,4420.3211,91.7,-50.306,296.0149,-4.26,0.13,35.3,-35.28,-200.2615,-34.0951,3.5969026
6/24/12 17:30,4420.3211,94.4,-50.319,295.496,-3.85,0.3,28.93,-28.85,-146.0825,-28.687,2.4958712
6/24/12 18:00,4420.3211,92.5,-60.4032,295.1149,-3.74,0.16,25.76,-25.74,-84.936,-25.765,4.2627606
6/24/12 18:30,4420.3211,84.0,-60.4158,294.5466,-3.29,-0.35,20.07,-19.96,-48.5025,-19.8963,4.7685011
6/24/12 19:00,4420.3211,85.1,-60.4248,293.9942,-3.2,-0.27,16.07,-16.01,-8.5369,-15.5221,2.5538597
6/24/12 19:30,4420.3211,76.6,-60.4308,293.7037,-3.04,-0.72,13.85,-13.47,0.0,-12.7965,3.8023723
6/24/12 20:00,4420.3211,72.5,-70.5096,293.5024,-3.0,-0.95,13.47,-12.85,0.0,-11.6681,3.7973524
6/24/12 20:30,4420.3211,73.8,-70.5082,293.3604,-3.56,-1.03,13.78,-13.23,0.0,-10.9286,4.325192
6/24/12 21:00,4420.3211,73.6,-70.5313,293.3382,-3.02,-0.89,11.11,-10.66,0.0,-7.8568,4.1415329
6/24/12 21:30,4420.3211,64.3,-70.5467,293.222,-2.98,-1.43,10.57,-9.52,0.0,-6.4342,3.4083967
6/24/12 22:00,4420.3211,60.1,-70.5537,293.0273,-2.49,-1.43,8.52,-7.39,0.0,-4.262,3.8884607
6/24/12 22:30,4420.3211,60.7,-60.4806,292.6419,-2.48,-1.39,7.4,-6.46,0.0,-2.8337,5.5254674
6/24/12 23:00,4420.3211,60.6,-70.5425,292.5827,-2.66,-1.5,7.88,-6.86,0.0,-2.0385,5.4113945
6/24/12 23:30,4420.3211,58.0,-70.5355,292.3897,-2.79,-1.74,8.22,-6.97,0.0,-1.0732,4.8410877
6/25/12 0:00,4420.3211,56.0,-70.5586,292.2292,-2.62,-1.77,7.84,-6.5,0.0,0.0,4.4167619
6/25/12 0:30,4420.3211,58.0,-80.636,292.1009,-2.41,-1.5,8.3,-7.04,0.0,1.0839,5.4618243
6/25/12 1:00,4420.3211,57.6,-90.7146,291.896,-2.32,-1.47,8.46,-7.14,0.0,2.1894,4.6480235
6/25/12 1:30,4420.3211,52.0,-90.711,291.7634,-2.12,-1.65,8.37,-6.6,0.0,3.2048,5.5696656
6/25/12 2:00,4420.3211,51.6,-90.6732,291.6509,-2.27,-1.8,8.94,-7.01,0.0,4.4705,3.4809256
6/25/12 2:30,4420.3211,49.1,-100.736,291.5844,-2.01,-1.74,8.72,-6.59,0.0,5.3063,3.4707704
6/25/12 3:00,4420.3211,59.8,-90.6678,291.5817,-1.92,-1.12,6.08,-5.26,0.0,4.3,5.0362291
6/25/12 3:30,4420.3211,58.8,-100.753,291.6204,-1.83,-1.11,5.81,-4.97,0.0,4.6133,3.0069201
6/25/12 4:00,4420.3211,56.0,-100.771,291.6233,-2.22,-1.5,8.32,-6.9,0.0,7.2074,3.4513255
6/25/12 4:30,4420.3211,57.0,-110.8723,291.5618,-2.1,-1.37,7.87,-6.6,0.3649,7.2687,4.7105703
6/25/12 5:00,4420.3211,56.3,-110.8965,291.5243,-1.81,-1.2,6.58,-5.47,5.4971,6.3511,3.4777521
6/25/12 5:30,4420.3211,58.1,-110.8932,291.4526,-2.2,-1.37,7.89,-6.7,13.2913,7.8273,4.4167042
6/25/12 6:00,4420.3211,57.4,-110.8921,291.4329,-2.08,-1.33,7.36,-6.2,19.35,7.3596,3.4540374
6/25/12 6:30,4420.3211,57.1,-120.9732,291.438,-2.04,-1.32,7.17,-6.02,26.5757,7.1099,4.5904389
6/25/12 7:00,4420.3211,56.5,-120.978,291.385,-2.15,-1.42,7.54,-6.29,32.8685,7.2873,3.3746999
6/25/12 7:30,4420.3211,57.9,-131.0569,291.3027,-2.44,-1.53,8.48,-7.18,52.0911,7.8306,3.2969203
6/25/12 8:00,4420.3211,60.0,-131.0881,291.3216,-2.49,-1.44,7.69,-6.66,44.0183,6.6583,2.6865697
6/25/12 8:30,4420.3211,63.9,-131.0816,291.3046,-2.57,-1.26,7.37,-6.62,70.9329,5.8486,2.3876837
6/25/12 9:00,4420.3211,58.3,-131.0842,291.5215,-2.29,-1.41,7.24,-6.16,70.8337,5.1167,2.5123157
6/25/12 9:30,4420.3211,59.4,-141.1592,291.6148,-2.88,-1.7,9.73,-8.38,136.39,5.9257,2.941546
6/25/12 10:00,4420.3211,62.7,-151.26,291.6989,-2.91,-1.5,10.23,-9.09,86.1935,5.1173,2.7275944
6/25/12 10:30,4420.3211,56.3,-151.296,291.5797,-2.86,-1.91,10.44,-8.69,55.1477,3.9967,3.8016799
6/25/12 11:00,4420.3211,61.5,-161.3984,291.4849,-2.85,-1.55,10.66,-9.37,39.6177,2.7581,4.3045354
6/25/12 11:30,4420.3211,56.9,-161.4048,291.6798,-2.67,-1.74,12.0,-10.06,25.0032,1.5669,2.4931016
6/25/12 12:00,4420.3211,64.1,-171.496,291.7105,-3.42,-1.66,15.56,-14.0,0.0,0.0,2.37724
6/25/12 12:30,4420.3211,70.8,-181.5768,291.7989,-3.38,-1.18,14.64,-13.82,-45.1178,-1.9105,3.2350659
6/25/12 13:00,4420.3211,62.5,-191.653,291.6355,-3.48,-1.81,18.01,-15.97,-82.6621,-4.6601,4.1443602
6/25/12 13:30,4420.3211,63.1,-191.6169,291.6171,-3.5,-1.78,18.34,-16.35,-116.0499,-7.0172,3.4804063
6/25/12 14:00,4420.3211,58.4,-191.6473,291.5433,-3.38,-2.08,18.7,-15.93,-128.061,-9.3521,3.7485382
6/25/12 14:30,4420.3211,63.1,-201.718,291.8594,-3.01,-1.53,15.71,-14.01,-185.5225,-9.5653,3.7361327
6/25/12 15:00,4420.3211,64.8,-201.716,292.0597,-3.15,-1.48,18.04,-16.33,-232.1474,-12.7588,3.8316839
6/25/12 15:30,4420.3211,61.1,-201.74,292.266,-2.87,-1.59,17.09,-14.96,-220.6109,-13.5564,3.339099
6/25/12 16:00,4420.3211,67.4,-201.748,292.4627,-2.98,-1.24,17.11,-15.79,-297.7283,-14.8161,3.0003423
6/25/12 16:30,4420.3211,63.0,-201.726,292.5122,-2.79,-1.42,17.27,-15.39,-292.5049,-15.9568,2.9548747
6/25/12 17:00,4420.3211,63.2,-201.74,292.3784,-2.5,-1.26,14.37,-12.82,-198.5857,-13.8782,2.6656246
6/25/12 17:30,4420.3211,76.0,-201.784,291.8451,-2.68,-0.67,14.05,-13.64,-92.1687,-13.9337,2.1825602
6/25/12 18:00,4420.3211,66.4,-201.868,291.4862,-2.32,-1.01,12.97,-11.88,-40.181,-12.9663,3.3825471
6/25/12 18:30,4420.3211,66.4,-201.868,291.2264,-2.32,-1.01,12.32,-11.29,-21.7662,-12.2132,2.9998807
6/25/12 19:00,4420.3211,66.4,-201.868,291.0314,-2.32,-1.01,12.05,-11.04,-4.6007,-11.6373,3.426226
6/25/12 19:30,4420.3211,82.6,-202.016,290.8641,-1.68,-0.22,7.52,-7.46,0.0,-6.95,3.4742324
6/25/12 20:00,4420.3211,72.5,-202.048,290.7804,-1.79,-0.57,8.24,-7.86,0.0,-7.135,4.704858
6/25/12 20:30,4420.3211,81.5,-202.098,290.7328,-1.71,-0.26,7.43,-7.35,0.0,-5.8936,3.0274036
6/25/12 21:00,4420.3211,74.8,-202.134,290.7135,-1.59,-0.43,7.04,-6.79,0.0,-4.9763,3.5081023
6/25/12 21:30,4420.3211,70.0,-202.162,290.6968,-0.96,-0.35,4.01,-3.76,0.0,-2.4381,3.5384525
6/25/12 22:00,4420.3211,61.2,-202.19,290.6117,-1.43,-0.79,6.25,-5.47,0.0,-3.1226,4.1386479
6/25/12 22:30,4420.3211,60.2,-202.164,290.4959,-1.48,-0.85,6.34,-5.5,0.0,-2.4246,2.8370513
6/25/12 23:00,4420.3211,73.9,-202.182,290.2799,-1.63,-0.47,5.48,-5.26,0.0,-1.418,3.9985523
6/25/12 23:30,4420.3211,75.0,-202.172,289.981,-1.85,-0.49,5.08,-4.91,0.0,-0.6635,4.8092373
6/26/12 0:00,4420.3211,71.7,-192.0482,289.5612,-1.66,-0.55,3.84,-3.65,0.0,0.0,3.9366979
6/26/12 0:30,4420.3211,63.3,-192.0691,289.2564,-0.72,-0.36,1.53,-1.36,0.0,0.1991,3.8614571
6/26/12 1:00,4420.3211,90.8,-181.9548,288.9003,-0.53,0.01,0.83,-0.83,0.0,0.2146,3.6006531
6/26/12 1:30,4420.3211,71.9,-171.87,288.491,-0.44,-0.14,0.6,-0.57,0.0,0.23,3.4274377
6/26/12 2:00,4420.3211,326.0,-171.8632,288.3455,0.14,-0.21,0.3,0.17,0.0,0.1503,3.4274377
6/26/12 2:30,4420.3211,339.3,-171.8547,287.9903,0.17,-0.46,0.51,0.18,0.0,0.3103,3.2685896
6/26/12 3:00,4420.3211,50.2,-171.8768,287.1739,-0.43,-0.36,0.38,-0.29,0.0,0.2675,2.3497748
6/26/12 3:30,4420.3211,60.3,-171.9091,287.7833,-0.99,-0.57,1.27,-1.1,0.0,1.0075,3.3165383
6/26/12 4:00,4420.3211,61.2,-171.9567,287.585,-1.03,-0.57,1.36,-1.19,0.0,1.1742,3.2663393
6/26/12 4:30,4420.3211,59.5,-172.0128,287.1499,-0.78,-0.46,0.87,-0.75,0.2227,0.8012,2.3497748
6/26/12 5:00,4420.3211,30.4,-172.0604,287.1532,-0.35,-0.59,0.63,-0.32,29.0589,0.6078,2.4202842
6/26/12 5:30,4420.3211,213.5,-202.472,287.4239,0.05,0.07,0.07,0.04,97.348,0.0657,1.505393
6/26/12 6:00,4420.3211,52.1,-212.6019,288.4899,-0.43,-0.33,1.06,-0.83,192.209,1.0562,2.2801309
6/26/12 6:30,4420.3211,60.3,-212.6628,289.55,-0.69,-0.39,2.81,-2.44,292.9145,2.7814,3.7307089
6/26/12 7:00,4420.3211,59.0,-212.7279,290.2298,-1.71,-1.03,10.15,-8.7,388.9271,9.8015,2.8402825
6/26/12 7:30,4420.3211,60.9,-212.7573,290.9298,-1.85,-1.03,12.97,-11.33,467.4174,11.9796,3.3012478
6/26/12 8:00,4420.3211,47.6,-212.7531,291.4354,-1.73,-1.58,17.0,-12.55,518.854,14.7235,2.3234636
6/26/12 8:30,4420.3211,38.7,-212.7552,292.1242,-1.38,-1.72,16.25,-10.16,545.0425,12.8909,3.1058756
6/26/12 9:00,4420.3211,48.8,-212.7363,292.5038,-2.22,-1.95,22.89,-17.22,518.9393,16.1824,3.1987726
6/26/12 9:30,4420.3211,58.4,-202.558,293.0527,-1.9,-1.17,16.98,-14.46,509.6356,10.3373,3.6499866
6/26/12 10:00,4420.3211,73.2,-202.552,293.4568,-1.97,-0.6,17.19,-16.46,449.6355,8.5975,3.0353085
6/26/12 10:30,4420.3211,72.3,-202.526,294.0234,-1.9,-0.61,17.73,-16.89,360.629,6.7849,2.6625665
6/26/12 11:00,4420.3211,78.0,-202.496,294.6762,-2.36,-0.5,22.71,-22.22,251.415,5.8783,2.6896855
6/26/12 11:30,4420.3211,83.4,-202.506,294.8773,-2.14,-0.25,21.34,-21.2,129.0242,2.7856,2.8016235
6/26/12 12:00,4420.3211,80.8,-212.604,295.3057,-2.17,-0.35,22.59,-22.3,0.0,0.0,3.4194174
6/26/12 12:30,4420.3211,88.3,-212.5683,295.6316,-2.6,-0.08,27.84,-27.83,-129.3935,-3.6339,3.9526231
6/26/12 13:00,4420.3211,98.2,-212.5473,295.8596,-2.46,0.35,26.78,-26.5,-249.1641,-6.9305,3.8853449
6/26/12 13:30,4420.3211,111.8,-212.5284,295.874,-3.11,1.24,35.05,-32.54,-355.5661,-13.4136,2.9473737
6/26/12 14:00,4420.3211,83.3,-212.52,295.9367,-2.69,-0.32,26.86,-26.68,-436.7355,-13.4303,4.3105362
6/26/12 14:30,4420.3211,81.2,-212.5284,295.6698,-3.1,-0.48,30.38,-30.02,-495.2877,-18.4927,3.9956096
6/26/12 15:00,4420.3211,80.3,-212.5179,295.3346,-3.38,-0.58,32.22,-31.76,-524.418,-22.7852,4.1562464
6/26/12 15:30,4420.3211,87.9,-212.5725,295.0462,-3.33,-0.12,33.75,-33.73,-522.0384,-26.778,2.2717067
6/26/12 16:00,4420.3211,77.8,-212.5893,294.9067,-3.44,-0.74,36.56,-35.73,-479.8387,-31.6611,2.6692597
6/26/12 16:30,4420.3211,70.1,-212.604,294.5911,-3.25,-1.18,36.6,-34.41,-432.9207,-33.8095,2.4670789
6/26/12 17:00,4420.3211,81.6,-212.6187,294.3931,-2.96,-0.44,31.93,-31.59,-358.6888,-30.8404,4.6597943
6/26/12 17:30,4420.3211,72.7,-212.667,293.711,-3.25,-1.01,34.19,-32.64,-262.9589,-33.8944,5.2280816
6/26/12 18:00,4420.3211,87.4,-212.7216,293.084,-3.28,-0.15,30.5,-30.47,-164.895,-30.5045,4.0425197
6/26/12 18:30,4420.3211,83.4,-212.7762,292.3239,-3.54,-0.41,29.67,-29.47,-76.5693,-29.4141,4.5226991
6/26/12 19:00,4420.3211,77.0,-212.8224,291.5434,-2.7,-0.62,18.34,-17.87,-16.3425,-17.7105,5.2834736
6/26/12 19:30,4420.3211,78.1,-212.8728,290.885,-2.43,-0.51,13.2,-12.92,0.0,-12.1952,3.4685778
6/26/12 20:00,4420.3211,73.0,-212.8917,290.4707,-2.41,-0.74,11.78,-11.26,0.0,-10.1992,3.9037512
6/26/12 20:30,4420.3211,68.2,-212.9463,290.1917,-2.25,-0.9,9.75,-9.05,0.0,-7.7366,2.985975
6/26/12 21:00,4420.3211,86.1,-213.0156,290.0446,-2.63,-0.18,8.36,-8.34,0.0,-5.9116,3.5949985
6/26/12 21:30,4420.3211,99.6,-213.0996,289.9682,-1.91,0.32,5.23,-5.16,0.0,-3.1849,1.544629
6/26/12 22:00,4420.3211,83.5,-213.1395,290.032,-1.59,-0.18,4.15,-4.13,0.0,-2.0769,3.5791887
6/26/12 22:30,4420.3211,82.6,-213.1647,290.1146,-1.99,-0.26,5.33,-5.28,0.0,-2.0387,4.0834867
6/26/12 23:00,4420.3211,88.6,-203.06,289.9722,-1.61,-0.04,3.98,-3.98,0.0,-1.0313,3.2662239
6/26/12 23:30,4420.3211,76.4,-203.032,289.6028,-1.22,-0.3,2.58,-2.51,0.0,-0.3366,3.9727027
6/27/12 0:00,4420.3211,67.1,-192.8291,289.2802,-1.05,-0.44,1.98,-1.82,0.0,0.0,3.8614571
6/27/12 0:30,4420.3211,71.8,-192.7987,289.0548,-0.93,-0.31,1.54,-1.47,0.0,0.2015,3.631061
6/27/12 1:00,4420.3211,64.4,-192.774,288.9883,-1.15,-0.55,2.17,-1.96,0.0,0.5622,3.3874516
6/27/12 1:30,4420.3211,67.2,-192.7493,288.9162,-1.46,-0.62,3.0,-2.76,0.0,1.1468,3.631061
6/27/12 2:00,4420.3211,60.2,-192.7379,288.8284,-1.12,-0.64,2.26,-1.96,0.0,1.1322,3.4981202
6/27/12 2:30,4420.3211,65.6,-192.7379,288.4883,-0.81,-0.37,1.26,-1.15,0.0,0.7679,3.4274377
6/27/12 3:00,4420.3211,68.2,-182.5776,288.5103,-1.22,-0.49,1.87,-1.74,0.0,1.322,3.4274377
6/27/12 3:30,4420.3211,62.6,-182.5794,288.4821,-1.34,-0.7,2.27,-2.01,0.0,1.8005,3.4274377
6/27/12 4:00,4420.3211,71.7,-192.7075,288.396,-1.41,-0.47,2.17,-2.06,0.0,1.8764,3.4274377
6/27/12 4:30,4420.3211,66.7,-182.583,288.2708,-1.09,-0.47,1.58,-1.45,2.4862,1.4551,3.3210389
6/27/12 5:00,4420.3211,63.7,-192.7531,288.472,-0.73,-0.36,1.13,-1.01,35.7634,1.0876,2.3138854
6/27/12 5:30,4420.3211,81.9,-213.0807,288.7615,-1.23,-0.18,1.95,-1.93,84.6049,1.9327,2.2472419
6/27/12 6:00,4420.3211,76.3,-202.974,289.0508,-1.25,-0.3,2.32,-2.25,97.854,2.3166,1.6455463
6/27/12 6:30,4420.3211,88.7,-213.1878,289.5056,-1.4,-0.03,2.99,-2.99,194.4541,2.9647,2.2265276
6/27/12 7:00,4420.3211,81.2,-213.2193,290.275,-1.91,-0.3,5.51,-5.45,328.0757,5.3267,2.3873952
6/27/12 7:30,4420.3211,79.6,-213.2382,290.9385,-1.44,-0.26,5.08,-5.0,415.4095,4.6942,1.7063044
6/27/12 8:00,4420.3211,91.8,-213.2634,291.2563,-1.44,0.05,5.47,-5.47,360.9906,4.7406,2.2966331
6/27/12 8:30,4420.3211,78.7,-213.2361,291.3996,-1.03,-0.21,4.31,-4.23,382.1012,3.4191,0.29108496
6/27/12 9:00,4420.3211,56.0,-203.052,291.7543,-1.24,-0.84,6.4,-5.31,350.4817,4.5249,3.9776072
6/27/12 9:30,4420.3211,135.2,-213.3474,292.3578,-0.53,0.54,3.88,-2.73,427.9502,2.3599,0.897812
6/27/12 10:00,4420.3211,56.4,-203.128,292.9782,-0.88,-0.59,6.08,-5.06,381.4865,3.0385,1.5625737
6/27/12 10:30,4420.3211,66.6,-202.982,293.4395,-1.86,-0.8,13.38,-12.28,246.7742,5.1209,3.1992919
6/27/12 11:00,4420.3211,69.2,-202.978,293.9128,-1.69,-0.64,12.96,-12.11,196.9983,3.3537,2.6959748
6/27/12 11:30,4420.3211,73.4,-213.1017,294.8415,-1.7,-0.51,15.15,-14.52,103.37,1.9777,1.876404
6/27/12 12:00,4420.3211,86.6,-213.0702,295.3482,-1.77,-0.1,15.2,-15.17,0.0,0.0,2.0901248
6/27/12 12:30,4420.3211,101.9,-213.0177,295.8865,-1.61,0.34,14.7,-14.38,-105.6595,-1.9182,2.3106542
6/27/12 13:00,4420.3211,107.5,-212.9505,296.4352,-2.05,0.65,20.39,-19.45,-213.7203,-5.2772,1.8681529
6/27/12 13:30,4420.3211,105.7,-212.9169,296.7809,-1.94,0.55,19.93,-19.18,-303.5606,-7.6262,1.4097841
6/27/12 14:00,4420.3211,92.1,-212.8938,296.8431,-1.94,0.07,20.46,-20.44,-341.477,-10.2291,3.3443497
6/27/12 14:30,4420.3211,108.9,-222.992,296.8838,-2.34,0.8,27.43,-25.95,-423.4204,-16.6979,2.6139254
6/27/12 15:00,4420.3211,95.5,-222.9546,296.8281,-2.55,0.25,30.28,-30.14,-485.602,-21.408,2.078931
6/27/12 15:30,4420.3211,93.4,-222.904,296.6797,-2.5,0.15,27.42,-27.37,-391.842,-21.754,2.4967367
6/27/12 16:00,4420.3211,87.7,-222.9216,296.5929,-2.28,-0.09,23.24,-23.22,-411.2434,-20.1263,3.196003
6/27/12 16:30,4420.3211,92.7,-222.9238,296.4511,-2.27,0.11,22.59,-22.56,-390.1368,-20.869,2.9237167
6/27/12 17:00,4420.3211,95.4,-222.948,296.1365,-2.32,0.22,21.79,-21.7,-304.4241,-21.05,2.9671071
6/27/12 17:30,4420.3211,79.2,-222.937,295.4397,-2.49,-0.47,21.4,-21.02,-211.496,-21.214,2.428593
6/27/12 18:00,4420.3211,80.2,-223.014,294.6969,-2.17,-0.38,17.85,-17.59,-118.797,-17.8524,4.4466505
6/27/12 18:30,4420.3211,82.5,-223.0536,294.1838,-1.83,-0.24,12.41,-12.3,-69.4725,-12.2997,4.6084413
6/27/12 19:00,4420.3211,77.3,-212.9316,293.8248,-1.98,-0.45,10.1,-9.85,-27.9838,-9.7532,4.2834749
6/27/12 19:30,4420.3211,76.1,-212.9274,293.3918,-1.76,-0.44,7.82,-7.59,-0.9276,-7.227,3.561244
6/27/12 20:00,4420.3211,89.8,-212.9568,292.8343,-1.75,-0.01,7.63,-7.63,0.0,-6.6054,1.7717362
6/27/12 20:30,4420.3211,85.4,-213.0093,292.3777,-1.5,-0.12,5.38,-5.36,0.0,-4.2699,3.4938504
6/27/12 21:00,4420.3211,83.3,-202.896,291.9125,-1.3,-0.15,3.25,-3.23,0.0,-2.297,3.4465364
6/27/12 21:30,4420.3211,82.5,-192.7626,291.603,-1.33,-0.18,2.33,-2.31,0.0,-1.4208,3.4584803
6/27/12 22:00,4420.3211,82.0,-192.7892,291.2629,-0.9,-0.13,1.22,-1.21,0.0,-0.6109,3.433727
6/27/12 22:30,4420.3211,86.6,-182.6658,291.0476,-0.62,-0.04,0.75,-0.75,0.0,-0.2866,3.4549606
6/27/12 23:00,4420.3211,76.5,-182.6352,290.7142,-0.83,-0.2,0.9,-0.87,0.0,-0.2326,3.8838447
6/27/12 23:30,4420.3211,87.1,-182.5758,290.4595,-1.14,-0.06,1.13,-1.13,0.0,-0.148,3.9002315
6/28/12 0:00,4420.3211,91.6,-182.5416,290.378,-1.28,0.04,1.36,-1.36,0.0,0.0,2.6828192
6/28/12 0:30,4420.3211,82.6,-182.4948,290.2743,-0.77,-0.1,0.81,-0.8,0.0,0.1055,4.0373267
6/28/12 1:00,4420.3211,101.2,-182.4408,290.1761,-0.86,0.17,0.89,-0.87,0.0,0.23,4.0373267
6/28/12 1:30,4420.3211,116.9,-182.4066,290.0767,-0.43,0.22,0.46,-0.41,0.0,0.1758,4.0373267
6/28/12 2:00,4420.3211,117.7,-182.3814,289.9896,-0.12,0.06,0.12,-0.1,0.0,0.0584,4.0373267
6/28/12 2:30,4420.3211,343.0,-182.3634,289.8897,0.08,-0.25,0.21,0.06,0.0,0.1273,3.9180608
6/28/12 3:00,4420.3211,31.1,-182.3742,289.3537,-0.14,-0.24,0.16,-0.08,0.0,0.1099,3.7866202
6/28/12 3:30,4420.3211,326.4,-182.3724,288.9572,0.07,-0.11,0.06,0.03,0.0,0.0449,3.4981202
6/28/12 4:00,4420.3211,324.5,-182.3922,288.8923,0.15,-0.21,0.11,0.06,0.0,0.0929,3.4274377
6/28/12 4:30,4420.3211,9.7,-182.4066,288.7547,-0.06,-0.38,0.14,-0.02,0.5072,0.1309,3.4274377
6/28/12 5:00,4420.3211,135.6,-182.4354,289.2052,-0.15,0.15,0.08,-0.06,16.3879,0.0787,3.6843181
6/28/12 5:30,4420.3211,38.2,-182.466,289.6227,-0.29,-0.37,0.22,-0.14,47.4555,0.2199,4.1935206
6/28/12 6:00,4420.3211,24.9,-182.4624,290.0123,-0.12,-0.26,0.15,-0.07,95.067,0.1549,0.6234485
6/28/12 6:30,4420.3211,355.0,-172.3562,290.6099,0.05,-0.54,0.25,0.02,135.3917,0.2513,2.2475304
6/28/12 7:00,4420.3211,339.0,-172.363,291.0284,0.25,-0.65,0.32,0.11,146.9714,0.3084,2.743058
6/28/12 7:30,4420.3211,340.6,-182.5164,291.5009,0.14,-0.4,0.15,0.05,159.9356,0.1425,0.6395468
6/28/12 8:00,4420.3211,53.6,-192.698,291.7579,-0.28,-0.21,0.12,-0.1,201.9978,0.1058,0.30405015
6/28/12 8:30,4420.3211,239.6,-202.836,292.4926,0.59,0.34,0.39,0.34,274.6415,0.3096,0.91743
6/28/12 9:00,4420.3211,263.3,-212.9295,293.2808,0.94,0.11,1.3,1.29,363.4642,0.9192,0.8463436
6/28/12 9:30,4420.3211,295.0,-202.774,295.4008,0.43,-0.2,1.57,1.42,379.6888,0.954,1.2083534
6/28/12 10:00,4420.3211,35.6,-192.5669,295.7214,-0.44,-0.62,3.32,-1.93,274.8095,1.6601,0.48001784
6/28/12 10:30,4420.3211,80.0,-202.694,296.5074,-1.12,-0.2,6.44,-6.34,264.3573,2.4639,1.4805243
6/28/12 11:00,4420.3211,114.0,-212.7951,297.0314,-0.94,0.42,7.17,-6.55,135.3103,1.8546,0.8652115
6/28/12 11:30,4420.3211,139.4,-212.7447,297.6626,-0.86,1.0,11.21,-7.29,84.5226,1.4628,0.43020543
6/28/12 12:00,4420.3211,161.1,-212.7216,298.147,-0.38,1.12,11.22,-3.63,0.0,0.0,0.9061785
6/28/12 12:30,4420.3211,118.6,-212.6607,298.2479,-0.29,0.16,3.23,-2.84,-79.3363,-0.4216,1.0660652
6/28/12 13:00,4420.3211,151.5,-212.5284,298.8361,-0.58,1.08,13.19,-6.29,-142.8016,-3.4136,2.6504495
6/28/12 13:30,4420.3211,154.3,-212.4486,299.0622,-0.72,1.51,18.03,-7.82,-150.1983,-6.9011,1.1510573
6/28/12 14:00,4420.3211,161.9,-212.4675,299.3761,-0.5,1.52,17.49,-5.43,-233.228,-8.7468,1.8342253
6/28/12 14:30,4420.3211,126.6,-212.4108,299.5786,-1.03,0.76,13.37,-10.73,-271.325,-8.1361,1.2542826
6/28/12 15:00,4420.3211,85.2,-212.3625,299.2488,-2.03,-0.17,18.08,-18.02,-218.1658,-12.7853,2.8192797
6/28/12 15:30,4420.3211,79.1,-212.3394,298.8809,-2.45,-0.47,18.93,-18.59,-202.5931,-15.0216,4.4623449
6/28/12 16:00,4420.3211,84.4,-212.3583,298.557,-2.43,-0.24,17.99,-17.9,-158.8065,-15.5756,3.259473
6/28/12 16:30,4420.3211,76.7,-212.3121,297.9185,-2.9,-0.69,18.86,-18.35,-174.1688,-17.4203,3.4268607
6/28/12 17:00,4420.3211,90.9,-212.2722,297.5474,-2.71,0.04,15.23,-15.23,-176.6041,-14.7157,2.2238157
6/28/12 17:30,4420.3211,83.3,-212.2995,297.1178,-2.42,-0.28,11.13,-11.05,-97.3321,-11.0309,2.9117728
6/28/12 18:00,4420.3211,86.7,-212.3436,297.0078,-1.89,-0.11,8.23,-8.22,-50.286,-8.2349,2.8331277
6/28/12 18:30,4420.3211,78.9,-202.234,296.7301,-1.64,-0.32,6.32,-6.21,-44.5555,-6.2693,3.0572345
6/28/12 19:00,4420.3211,74.5,-202.222,296.2113,-1.47,-0.41,4.64,-4.47,-9.7655,-4.481,3.1082413
6/28/12 19:30,4420.3211,79.5,-192.1261,295.8413,-1.36,-0.25,3.47,-3.41,0.0,-3.2023,3.1497276
6/28/12 20:00,4420.3211,74.0,-182.0196,295.8051,-1.25,-0.36,3.09,-2.97,0.0,-2.6776,3.6912421
6/28/12 20:30,4420.3211,81.4,-182.0556,295.6586,-1.36,-0.21,3.06,-3.03,0.0,-2.4288,3.1496699
6/28/12 21:00,4420.3211,94.3,-182.0952,295.5154,-1.42,0.11,3.38,-3.37,0.0,-2.3924,3.1962338
6/28/12 21:30,4420.3211,83.2,-182.0916,295.2832,-0.93,-0.11,1.88,-1.86,0.0,-1.1422,3.2813413
6/28/12 22:00,4420.3211,76.5,-182.0646,295.1538,-1.02,-0.24,1.94,-1.89,0.0,-0.9699,3.3043636
6/28/12 22:30,4420.3211,86.7,-182.0196,295.0233,-1.51,-0.09,3.26,-3.25,0.0,-1.2468,3.7563854
6/28/12 23:00,4420.3211,79.1,-182.0088,294.7978,-1.3,-0.25,2.64,-2.59,0.0,-0.6823,3.3980107
6/28/12 23:30,4420.3211,75.3,-182.0142,294.5939,-0.96,-0.25,1.7,-1.65,0.0,-0.2225,3.4277262
6/29/12 0:00,4420.3211,60.5,-181.9566,294.2011,-1.22,-0.69,2.32,-2.02,0.0,0.0,3.547396
6/29/12 0:30,4420.3211,57.3,-181.9044,293.6263,-0.9,-0.58,1.45,-1.22,0.0,0.1898,3.5858242
6/29/12 1:00,4420.3211,59.6,-171.7816,293.5919,-0.79,-0.46,1.24,-1.07,0.0,0.3201,3.5735341
6/29/12 1:30,4420.3211,56.5,-171.768,293.6168,-0.77,-0.51,1.32,-1.1,0.0,0.5058,3.5858242
6/29/12 2:00,4420.3211,58.5,-171.7425,293.6367,-1.0,-0.61,1.72,-1.47,0.0,0.861,3.5618787
6/29/12 2:30,4420.3211,55.2,-171.717,293.6311,-0.79,-0.55,1.3,-1.07,0.0,0.7898,3.5858242
6/29/12 3:00,4420.3211,57.1,-171.6966,293.6378,-0.75,-0.49,1.19,-1.0,0.0,0.8407,3.5618787
6/29/12 3:30,4420.3211,83.9,-171.6813,293.7494,-0.99,-0.11,1.44,-1.43,0.0,1.1425,3.5523005
6/29/12 4:00,4420.3211,74.9,-171.6592,293.9232,-1.25,-0.34,2.12,-2.05,0.0,1.835,3.5898632
6/29/12 4:30,4420.3211,50.8,-171.6507,294.0587,-1.02,-0.83,2.34,-1.82,0.0,2.1663,3.1767889
6/29/12 5:00,4420.3211,53.0,-171.6677,294.1706,-1.15,-0.87,2.55,-2.04,10.4069,2.4646,3.4299188
6/29/12 5:30,4420.3211,41.5,-181.7982,294.3045,-0.55,-0.62,1.46,-0.97,78.5135,1.4476,2.6626242
6/29/12 6:00,4420.3211,59.3,-212.1,294.8289,-1.03,-0.61,2.81,-2.42,139.412,2.8094,2.9795126
6/29/12 6:30,4420.3211,58.5,-202.022,295.6695,-1.42,-0.87,5.78,-4.93,277.2338,5.7316,2.6548924
6/29/12 7:00,4420.3211,62.0,-212.1441,296.3872,-1.74,-0.93,8.73,-7.71,369.939,8.4326,3.3273859
6/29/12 7:30,4420.3211,54.7,-212.1273,296.7351,-1.74,-1.23,10.56,-8.62,424.6686,9.7593,3.7447877
6/29/12 8:00,4420.3211,54.2,-212.1378,297.266,-1.29,-0.93,8.94,-7.25,488.1136,7.7426,2.1030496
6/29/12 8:30,4420.3211,60.8,-222.233,297.9013,-1.31,-0.73,9.94,-8.67,492.1377,7.8821,2.4950634
6/29/12 9:00,4420.3211,55.7,-212.1105,297.9756,-1.4,-0.96,11.69,-9.66,274.6551,8.2691,1.960646
6/29/12 9:30,4420.3211,66.4,-212.121,298.1941,-1.67,-0.73,13.82,-12.67,281.7884,8.4146,2.7656187
6/29/12 10:00,4420.3211,47.8,-212.1189,298.3398,-1.27,-1.15,13.44,-9.96,209.42,6.72,2.9302368
6/29/12 10:30,4420.3211,43.3,-212.0874,298.9636,-1.12,-1.19,14.39,-9.87,299.2064,5.5058,3.3539279
6/29/12 11:00,4420.3211,66.7,-212.016,299.6001,-1.57,-0.68,17.89,-16.43,179.9403,4.6291,3.2346043
6/29/12 11:30,4420.3211,65.1,-211.9614,299.5016,-1.7,-0.79,19.18,-17.4,74.6866,2.5038,2.8518225
6/29/12 12:00,4420.3211,80.9,-221.9822,300.0393,-2.75,-0.44,28.3,-27.94,0.0,0.0,3.5291051
6/29/12 12:30,4420.3211,86.5,-221.9602,299.449,-4.0,-0.24,33.63,-33.57,-126.1353,-4.39,2.1581531
6/29/12 13:00,4420.3211,85.1,-221.9008,299.3685,-3.28,-0.28,27.96,-27.86,-247.9261,-7.237,2.2267007
6/29/12 13:30,4420.3211,93.5,-221.8788,300.1263,-2.6,0.16,25.88,-25.84,-330.4399,-9.9053,3.1853285
6/29/12 14:00,4420.3211,96.6,-221.8612,300.4716,-2.97,0.34,31.73,-31.52,-457.6505,-15.8633,2.9124075
6/29/12 14:30,4420.3211,83.7,-211.7619,300.5466,-3.18,-0.35,32.93,-32.73,-453.4396,-20.0475,3.5100064
6/29/12 15:00,4420.3211,91.8,-50.415,300.3554,-3.46,0.11,35.35,-35.34,-518.6847,-24.9991,2.8799801
6/29/12 15:30,4420.3211,82.6,-10.0828,300.0581,-3.33,-0.43,35.37,-35.08,-479.8748,-28.0634,3.8859219
6/29/12 16:00,4420.3211,76.0,0.0,299.9529,-3.44,-0.86,36.17,-35.1,-509.2048,-31.3261,2.6416214
6/29/12 16:30,4420.3211,79.5,0.0,299.6401,-3.56,-0.66,36.08,-35.48,-448.4659,-33.3341,5.17569
6/29/12 17:00,4420.3461,79.9,10.0834,299.1518,-3.68,-0.66,35.96,-35.41,-368.8465,-34.7384,3.5948254
6/29/12 17:30,4420.3961,68.2,10.086,298.8139,-3.2,-1.28,31.69,-29.42,-273.0043,-31.4194,6.913037
6/29/12 18:00,4420.4711,64.4,20.1756,298.316,-3.53,-1.69,34.88,-31.46,-173.322,-34.8822,4.3121518
6/29/12 18:30,4420.5961,81.3,30.2733,297.5845,-3.32,-0.51,25.28,-24.99,-72.0067,-25.0603,2.9550478
6/29/12 19:00,4420.7711,76.8,40.3736,296.8248,-2.77,-0.65,19.49,-18.98,-10.4513,-18.8281,3.3617751
6/29/12 19:30,4420.9961,84.4,50.4795,296.0999,-2.73,-0.27,15.5,-15.43,0.0,-14.3203,3.0361163
6/29/12 20:00,4421.2711,78.1,60.5982,295.514,-1.6,-0.34,6.86,-6.71,0.0,-5.9407,3.051176
6/29/12 20:30,4421.5961,68.9,70.7168,295.0683,-1.2,-0.46,3.98,-3.71,0.0,-3.156,3.7465187
6/29/12 21:00,4421.9461,67.1,70.7287,295.0757,-2.12,-0.9,7.83,-7.21,0.0,-5.5335,5.3393849
6/29/12 21:30,4422.2961,58.2,70.7329,294.9398,-1.74,-1.08,6.79,-5.77,0.0,-4.1311,3.2734364
6/29/12 22:00,4422.6711,63.7,80.8496,294.7722,-1.11,-0.55,3.68,-3.29,0.0,-1.8376,3.3751615
6/29/12 22:30,4423.0711,59.3,80.8424,294.7562,-1.47,-0.87,5.42,-4.66,0.0,-2.0743,4.6634294
6/29/12 23:00,4423.4711,41.4,80.8432,294.6612,-0.95,-1.08,4.66,-3.08,0.0,-1.2064,3.3751615
6/29/12 23:30,4423.8961,5.3,90.9378,294.3247,-0.03,-0.33,0.91,-0.08,0.0,-0.119,3.4951775
6/30/12 0:00,4424.3961,142.5,111.1352,293.6934,-0.17,0.22,0.48,-0.29,0.0,0.0,3.6009993
6/30/12 0:30,4424.9711,45.8,121.2192,293.1425,-0.05,-0.05,0.08,-0.06,0.0,0.0104,3.637985
6/30/12 1:00,4425.6211,136.4,141.3944,292.739,-0.28,0.3,0.37,-0.26,0.0,0.0963,3.6169245
6/30/12 1:30,4426.3461,96.6,151.479,292.3805,-0.19,0.02,0.16,-0.16,0.0,0.0608,3.5886515
6/30/12 2:00,4427.1211,56.8,161.5344,292.303,-0.37,-0.24,0.34,-0.28,0.0,0.168,3.5886515
6/30/12 2:30,4427.9461,135.4,171.615,291.9771,-0.31,0.31,0.32,-0.22,0.0,0.1923,3.5893439
6/30/12 3:00,4428.8461,188.6,191.8088,292.0826,0.02,0.14,0.1,0.01,0.0,0.068,3.5795349
6/30/12 3:30,4429.8211,53.7,201.942,291.6958,-0.28,-0.21,0.22,-0.17,0.0,0.1707,3.5994991
6/30/12 4:00,4430.8461,57.5,212.0664,291.6492,-0.31,-0.2,0.19,-0.16,0.0,0.1684,3.5994991
6/30/12 4:30,4431.9461,52.3,232.3069,291.8594,-0.65,-0.51,0.42,-0.33,0.0,0.3889,3.5853049
6/30/12 5:00,4433.1461,79.7,252.515,292.3237,-0.45,-0.08,0.32,-0.32,20.8621,0.3095,3.3194233
6/30/12 5:30,4434.4211,352.3,262.6572,292.7038,0.04,-0.27,0.23,0.03,88.2317,0.2266,2.5216054
6/30/12 6:00,4435.6711,70.5,242.4456,293.8731,-0.46,-0.16,0.87,-0.82,203.906,0.8669,1.6674723
6/30/12 6:30,4436.9211,58.3,262.6728,294.5963,-0.6,-0.37,2.21,-1.88,165.0726,2.191,3.061562
6/30/12 7:00,4438.2461,158.8,272.8296,294.7135,-0.17,0.45,1.53,-0.55,200.7744,1.4812,0.8182437
6/30/12 7:30,4439.6211,264.3,282.9848,295.624,0.65,0.06,2.8,2.79,401.5245,2.5858,2.6557002
6/30/12 8:00,4441.0711,4.2,303.27,296.3748,-0.03,-0.36,1.93,-0.14,274.0,1.6754,1.0500823
6/30/12 8:30,4442.5961,129.2,313.3294,296.7155,-0.27,0.22,2.03,-1.57,260.5428,1.6123,0.11928898
6/30/12 9:00,4444.1711,70.3,323.3888,297.0894,-0.96,-0.34,6.46,-6.09,361.8987,4.5711,2.229528
6/30/12 9:30,4445.8211,80.8,343.553,297.8263,-1.29,-0.21,9.54,-9.42,402.8661,5.8085,0.5972527
6/30/12 10:00,4447.5461,65.4,353.654,298.402,-1.44,-0.66,13.4,-12.19,318.5895,6.7008,2.1399776
6/30/12 10:30,4449.3211,71.3,363.7044,298.7908,-1.45,-0.49,13.6,-12.88,217.1939,5.2028,2.6877814
6/30/12 11:00,4451.1211,107.4,363.6612,299.3578,-2.03,0.64,20.29,-19.36,154.5326,5.2521,2.1921384
6/30/12 11:30,4452.8961,113.6,353.521,299.3846,-2.43,1.06,24.03,-22.02,72.5181,3.1361,2.1705586
6/30/12 12:00,4454.6461,113.4,353.472,299.4884,-2.62,1.13,26.73,-24.53,0.0,0.0,1.6872057
6/30/12 12:30,4456.3961,98.2,353.395,299.6317,-2.24,0.32,21.51,-21.29,-128.0606,-2.8071,2.0672179
6/30/12 13:00,4458.1461,112.1,353.2865,299.8118,-2.57,1.04,27.48,-25.46,-248.1658,-7.1123,2.2661675
6/30/12 13:30,4459.8961,98.3,353.213,300.1055,-2.02,0.29,21.68,-21.45,-354.0155,-8.2951,2.6316393
6/30/12 14:00,4461.6211,109.4,343.0328,300.5104,-1.93,0.68,22.53,-21.25,-401.2765,-11.2672,1.8589786
6/30/12 14:30,4463.3211,99.6,343.0396,300.262,-2.66,0.45,28.91,-28.5,-357.9268,-17.5987,2.7625029
6/30/12 15:00,4465.0211,106.2,343.0124,299.792,-3.39,0.98,33.47,-32.14,-383.6896,-23.6685,2.9671071
6/30/12 15:30,4466.7211,104.4,342.9886,299.4634,-3.23,0.83,30.78,-29.82,-460.4877,-24.4231,2.9025985
6/30/12 16:00,4468.3961,78.1,332.8941,298.9181,-3.4,-0.72,30.5,-29.84,-486.2456,-26.4121,4.4918296
6/30/12 16:30,4470.0461,82.6,332.8347,298.8151,-3.5,-0.45,30.41,-30.16,-450.479,-28.0989,4.2936301
6/30/12 17:00,4471.6711,90.3,322.7776,298.3463,-3.24,0.02,25.93,-25.93,-333.312,-25.0447,3.5199885
6/30/12 17:30,4473.2461,77.0,312.7032,298.0417,-3.01,-0.7,23.43,-22.83,-260.6806,-23.2335,4.3221916
6/30/12 18:00,4474.7961,99.8,312.8365,297.5817,-3.21,0.55,23.12,-22.78,-166.501,-23.1161,2.9505472
6/30/12 18:30,4476.3211,96.8,302.79,296.6634,-3.16,0.38,19.08,-18.94,-44.2056,-18.9122,3.4375352
6/30/12 19:00,4477.8211,95.9,302.82,295.9485,-3.02,0.31,15.21,-15.13,-8.0143,-14.6962,2.4959289
6/30/12 19:30,4479.3211,94.8,302.856,295.2626,-2.77,0.23,11.02,-10.99,0.0,-10.1854,3.2644352
6/30/12 20:00,4480.8211,84.4,302.871,294.8039,-2.87,-0.28,9.59,-9.55,0.0,-8.3082,3.4101277
6/30/12 20:30,4482.3211,82.9,302.934,294.3902,-3.16,-0.39,9.23,-9.16,0.0,-7.323,4.5967859
6/30/12 21:00,4483.8211,84.8,303.066,293.9846,-2.75,-0.25,7.05,-7.02,0.0,-4.9867,3.6575453
6/30/12 21:30,4485.3211,99.1,303.141,293.7407,-2.35,0.38,5.54,-5.47,0.0,-3.3699,2.0821045
6/30/12 22:00,4486.7961,91.5,293.0276,293.7004,-2.37,0.06,5.6,-5.6,0.0,-2.799,3.9009816
6/30/12 22:30,4488.2461,90.4,292.9783,293.652,-1.57,0.01,3.56,-3.56,0.0,-1.361,3.7887551
6/30/12 23:00,4489.6961,99.7,292.9754,293.6946,-1.38,0.24,3.21,-3.16,0.0,-0.8306,3.6289261
6/30/12 23:30,4491.1461,98.8,292.9464,293.6436,-1.87,0.29,4.12,-4.07,0.0,-0.538,3.6382158
7/1/12 0:00,4492.5961,79.3,292.871,293.4855,-1.41,-0.27,2.82,-2.77,0.0,0.0,4.0490398
7/1/12 0:30,4494.0461,70.6,292.7898,293.3884,-0.55,-0.19,1.04,-0.98,0.0,0.1353,3.6578338
7/1/12 1:00,4495.4961,136.3,292.7231,293.2954,-0.19,0.2,0.39,-0.27,0.0,0.102,3.6438127
7/1/12 1:30,4496.9461,247.4,292.6593,293.3555,0.33,0.14,0.56,0.51,0.0,0.2126,3.6559874
7/1/12 2:00,4498.3961,295.9,292.5549,293.355,0.36,-0.18,0.46,0.42,0.0,0.231,3.6498135
7/1/12 2:30,4499.8211,317.8,282.4052,293.2128,0.28,-0.3,0.43,0.29,0.0,0.2613,3.6361963
7/1/12 3:00,4501.2211,305.0,282.3828,293.0923,0.54,-0.38,0.67,0.55,0.0,0.4715,3.6280606
7/1/12 3:30,4502.6211,338.0,282.3744,292.8351,0.22,-0.55,0.49,0.18,0.0,0.3861,3.5853049
7/1/12 4:00,4504.0211,349.0,282.38,292.8324,0.08,-0.39,0.31,0.06,0.0,0.2723,3.5853049
7/1/12 4:30,4505.3961,342.5,272.2869,292.8765,0.14,-0.45,0.43,0.13,0.0,0.3999,3.5853049
7/1/12 5:00,4506.7461,323.7,272.2599,292.9894,0.2,-0.27,0.29,0.17,13.5143,0.2782,3.564129
7/1/12 5:30,4508.0961,339.1,272.2167,293.2016,0.07,-0.19,0.18,0.06,55.9343,0.1791,4.2493742
7/1/12 6:00,4509.4211,315.9,262.1216,293.5989,0.31,-0.32,0.54,0.37,85.617,0.5365,2.7665996
7/1/12 6:30,4510.6711,287.9,241.968,293.8127,0.92,-0.3,1.37,1.3,112.6361,1.3557,1.7821222
7/1/12 7:00,4511.8211,314.9,221.7798,294.4439,0.51,-0.51,1.29,0.92,194.3037,1.2483,1.8257434
7/1/12 7:30,4512.8961,340.7,211.6821,295.053,0.26,-0.74,2.0,0.66,265.6311,1.8493,1.8768656
7/1/12 8:00,4513.9461,17.1,211.6359,296.1903,-0.29,-0.93,4.13,-1.22,532.0843,3.5798,1.6783776
7/1/12 8:30,4515.0211,53.7,221.6522,296.8893,-0.74,-0.55,6.59,-5.31,364.2127,5.2249,0.8317455
7/1/12 9:00,4516.0961,43.2,211.5687,297.1656,-0.75,-0.8,8.81,-6.03,289.6811,6.2309,2.104896
7/1/12 9:30,4517.1461,50.3,211.5288,297.6229,-1.09,-0.91,11.86,-9.13,317.9141,7.2201,4.4072991
7/1/12 10:00,4518.1961,80.1,211.5267,297.7903,-0.89,-0.15,7.19,-7.08,241.7385,3.5951,3.0504836
7/1/12 10:30,4519.2461,86.9,211.5162,298.0454,-0.82,-0.04,6.38,-6.37,208.4802,2.4412,1.9055425
7/1/12 11:00,4520.2711,154.0,201.406,298.4775,-0.39,0.79,7.36,-3.23,145.2386,1.905,2.669779
7/1/12 11:30,4521.2461,106.0,191.3015,298.7734,-0.38,0.11,3.32,-3.19,61.5883,0.433,-0.027889295
7/1/12 12:00,4522.1961,136.1,191.2483,299.0188,-0.48,0.5,6.04,-4.19,0.0,0.0,0.707402
7/1/12 12:30,4523.1461,156.7,191.1362,299.4337,-0.36,0.84,8.5,-3.36,-87.8802,-1.1096,0.8489978
7/1/12 13:00,4524.0711,173.3,180.9828,299.6706,-0.11,0.9,8.55,-1.0,-112.6942,-2.2121,2.5667845
7/1/12 13:30,4524.9461,145.7,170.8517,299.4994,-0.67,0.99,11.26,-6.34,-102.5067,-4.3087,1.0987811
7/1/12 14:00,4525.7961,149.3,170.8109,299.3199,-0.67,1.12,11.75,-6.0,-94.5675,-5.8764,0.8185899
7/1/12 14:30,4526.6461,172.7,170.7718,299.2195,-0.19,1.51,11.77,-1.5,-104.6942,-7.1646,1.1928321
7/1/12 15:00,4527.4961,165.0,170.7344,299.0344,-0.52,1.94,13.69,-3.54,-136.3832,-9.683,1.3883197
7/1/12 15:30,4528.3461,148.9,170.714,298.9198,-1.01,1.68,13.16,-6.8,-126.9453,-10.4433,0.9196226
7/1/12 16:00,4529.1961,134.3,170.6953,298.6938,-1.12,1.09,9.47,-6.78,-76.4086,-8.1999,1.0462741
7/1/12 16:30,4530.0461,125.3,170.6579,298.4347,-1.54,1.09,11.06,-9.02,-53.9693,-10.2145,1.6299673
7/1/12 17:00,4530.9211,124.4,180.6768,297.8303,-1.44,0.99,7.43,-6.13,-42.2061,-7.1742,1.4203432
7/1/12 17:30,4531.8961,118.9,210.7833,297.096,-1.57,0.86,4.72,-4.13,-34.4904,-4.6782,3.3270974
7/1/12 18:00,4532.9961,90.7,230.8648,296.3443,-1.84,0.02,3.3,-3.3,-30.765,-3.2955,3.8978658
7/1/12 18:30,4534.1711,90.7,240.8952,295.7572,-2.17,0.03,3.11,-3.11,-11.706,-3.0852,2.9863789
7/1/12 19:00,4535.3711,93.8,240.8952,295.3704,-1.99,0.13,2.47,-2.47,-2.4061,-2.3883,3.2465482
7/1/12 19:30,4536.5711,92.9,240.8832,295.1228,-1.79,0.09,2.0,-2.0,0.0,-1.8497,2.8019697
7/1/12 20:00,4537.7711,97.0,240.8712,294.9411,-1.78,0.22,1.83,-1.81,0.0,-1.5819,3.099067
7/1/12 20:30,4538.9961,84.8,250.925,294.6513,-1.92,-0.18,1.79,-1.78,0.0,-1.4178,1.8910598
7/1/12 21:00,4540.2461,77.9,250.9075,294.4354,-1.83,-0.39,1.65,-1.61,0.0,-1.167,3.8682657
7/1/12 21:30,4541.4961,68.5,250.895,294.3218,-1.58,-0.62,1.57,-1.46,0.0,-0.9535,3.2091009
7/1/12 22:00,4542.7711,83.8,260.8814,294.1025,-1.63,-0.18,1.29,-1.28,0.0,-0.6437,3.3026903
7/1/12 22:30,4544.0711,76.1,260.8216,294.0481,-1.54,-0.38,1.05,-1.02,0.0,-0.4031,3.5855357
7/1/12 23:00,4545.3711,73.4,260.715,294.0167,-1.63,-0.49,1.06,-1.02,0.0,-0.2743,2.6992637
7/1/12 23:30,4546.6961,60.6,270.6993,293.9888,-1.5,-0.84,1.18,-1.03,0.0,-0.1546,2.7319219
7/2/12 0:00,4548.0461,53.5,270.648,293.9187,-1.42,-1.05,1.31,-1.05,0.0,0.0,2.6157141
7/2/12 0:30,4549.4211,53.7,280.6048,293.7949,-1.26,-0.93,1.08,-0.87,0.0,0.1416,2.538223
7/2/12 1:00,4550.8461,56.3,290.5191,293.8067,-1.03,-0.69,0.75,-0.62,0.0,0.1942,2.8350318
7/2/12 1:30,4552.2961,39.1,290.4611,293.884,-0.51,-0.62,0.5,-0.32,0.0,0.1916,1.7352698
7/2/12 2:00,4553.7461,38.4,290.4031,293.8698,-0.69,-0.87,0.67,-0.42,0.0,0.3362,3.3029211
7/2/12 2:30,4555.2211,40.8,300.333,293.8649,-0.66,-0.76,0.59,-0.38,0.0,0.3582,2.8807302
7/2/12 3:00,4556.7211,21.5,300.309,293.918,-0.31,-0.78,0.51,-0.19,0.0,0.3587,3.3029211
7/2/12 3:30,4558.2211,38.6,300.258,293.9116,-0.79,-0.99,0.83,-0.52,0.0,0.6608,2.3032686
7/2/12 4:00,4559.7461,25.1,310.279,293.9471,-0.43,-0.91,0.62,-0.26,0.0,0.5328,3.2723401
7/2/12 4:30,4561.3461,,330.363,294.0571,,,0.8,,0.0,0.737,3.3168845
7/2/12 5:00,4563.0461,,350.483,294.2998,,,0.8,,0.4878,0.777,3.2746481
7/2/12 5:30,4564.7961,,350.4655,294.4509,,,0.89,,8.3113,0.8855,3.227738
7/2/12 6:00,4566.5461,354.7,350.504,294.5349,0.1,-1.08,0.66,0.06,22.002,0.6628,1.2317796
7/2/12 6:30,4568.2961,,350.525,294.6771,,,1.02,,46.583,1.0162,3.5463574
7/2/12 7:00,4570.0461,,350.546,294.8677,,,1.12,,74.7057,1.083,3.5079292
7/2/12 7:30,4571.8211,33.1,360.5616,295.071,-0.65,-0.99,0.95,-0.52,95.2889,0.8784,2.988283
7/2/12 8:00,4573.6211,18.9,360.5616,295.2775,-0.26,-0.77,0.77,-0.25,68.5165,0.6656,3.2501256
7/2/12 8:30,4575.4211,26.7,360.4644,295.5927,-0.28,-0.55,0.75,-0.34,110.5324,0.5982,2.3791441
7/2/12 9:00,4577.2211,,360.4536,296.2179,,,3.1,,200.2081,2.1939,1.510586
7/2/12 9:30,4579.0461,344.4,370.5328,296.5954,0.34,-1.23,2.69,0.72,105.0698,1.6405,1.1040318
7/2/12 10:00,4580.8461,339.0,350.546,296.9836,0.57,-1.48,3.56,1.27,130.1855,1.7778,1.7380971
7/2/12 10:30,4582.5461,335.7,330.4851,297.4921,0.62,-1.37,4.24,1.75,138.0064,1.6235,1.4075338
7/2/12 11:00,4584.1961,25.4,330.4158,297.7857,-0.64,-1.34,4.64,-1.99,82.7866,1.2017,2.3768938
7/2/12 11:30,4585.8461,61.8,330.396,298.5637,-1.43,-0.77,6.85,-6.03,96.7112,0.8938,2.6652207
7/2/12 12:00,4587.4711,53.4,320.2944,299.2786,-1.54,-1.14,11.54,-9.26,0.0,0.0,2.6171566
7/2/12 12:30,4589.0711,61.2,320.1536,299.8093,-1.61,-0.88,11.3,-9.9,-87.9985,-1.4752,2.9494509
7/2/12 13:00,4590.6711,66.6,320.048,300.1144,-1.75,-0.76,12.63,-11.6,-203.5099,-3.27,3.4545567
7/2/12 13:30,4592.2711,71.9,319.9648,300.5756,-2.06,-0.67,16.24,-15.43,-320.4369,-6.2137,3.4049924
7/2/12 14:00,4593.8711,65.5,319.9648,301.0066,-2.22,-1.01,20.35,-18.51,-432.7275,-10.1731,4.3207491
7/2/12 14:30,4595.4711,73.0,320.0192,301.329,-2.01,-0.61,17.77,-16.99,-508.6238,-10.8152,3.3153843
7/2/12 15:00,4597.0461,89.8,310.031,300.9762,-2.29,-0.01,18.57,-18.57,-354.3779,-13.1329,2.3358691
7/2/12 15:30,4598.5961,72.6,310.0093,300.9744,-2.52,-0.79,21.69,-20.7,-457.0501,-17.2112,4.2267558
7/2/12 16:00,4600.1461,81.4,309.9318,301.024,-2.98,-0.45,25.6,-25.31,-509.1649,-22.1698,3.5985759
7/2/12 16:30,4601.6961,81.5,309.8295,300.7114,-3.3,-0.49,28.98,-28.66,-437.9309,-26.7702,3.8845948
7/2/12 17:00,4603.2461,91.1,309.969,300.2067,-2.88,0.06,24.42,-24.42,-327.0451,-23.5927,2.6806266
7/2/12 17:30,4604.7961,90.2,310.0744,299.2953,-2.76,0.01,20.98,-20.98,-182.1017,-20.804,3.2307961
7/2/12 18:00,4606.3461,97.4,310.0806,298.9589,-2.59,0.34,19.96,-19.8,-175.431,-19.9637,3.4296303
7/2/12 18:30,4607.8961,89.5,310.1581,298.2749,-2.61,-0.02,18.47,-18.47,-76.7269,-18.3159,5.1220867
7/2/12 19:00,4609.4461,93.3,310.3038,297.4123,-2.39,0.14,14.42,-14.39,-13.6147,-13.9255,3.3538125
7/2/12 19:30,4610.9961,115.4,310.3286,296.7885,-2.02,0.96,10.19,-9.2,0.0,-9.4139,2.1552104
7/2/12 20:00,4612.5461,110.6,310.4526,296.2804,-1.65,0.62,6.9,-6.46,0.0,-5.9747,2.1272836
7/2/12 20:30,4614.1211,111.0,320.5472,296.0785,-2.01,0.77,7.68,-7.17,0.0,-6.0939,2.1253795
7/2/12 21:00,4615.7211,89.4,320.7264,295.8353,-1.86,-0.02,5.86,-5.86,0.0,-4.1466,4.0197282
7/2/12 21:30,4617.3211,104.4,320.8736,295.7544,-1.64,0.42,4.28,-4.14,0.0,-2.6028,3.2278534
7/2/12 22:00,4618.9461,92.0,330.9306,295.5429,-2.28,0.08,4.72,-4.72,0.0,-2.3594,3.2434324
7/2/12 22:30,4620.5961,136.2,330.9141,295.5092,-0.72,0.75,1.92,-1.33,0.0,-0.7365,3.1741347
7/2/12 23:00,4622.2461,131.6,330.9504,295.616,-0.8,0.71,1.93,-1.44,0.0,-0.4997,3.2434324
7/2/12 23:30,4623.9211,156.9,341.0064,295.5865,-0.24,0.56,1.02,-0.4,0.0,-0.1338,3.2434324
7/3/12 0:00,4625.6211,150.5,340.9962,295.4859,-0.36,0.64,1.15,-0.57,0.0,0.0,3.1741347
7/3/12 0:30,4627.3211,98.4,340.816,295.2515,-0.96,0.14,1.29,-1.28,0.0,0.1688,3.1741347
7/3/12 1:00,4629.0211,99.7,340.7412,295.1202,-0.38,0.07,0.46,-0.46,0.0,0.1201,3.1741347
7/3/12 1:30,4630.7211,114.4,340.7752,295.1022,-0.22,0.1,0.27,-0.24,0.0,0.1017,3.1741347
7/3/12 2:00,4632.4211,46.8,340.7446,295.1644,-0.53,-0.5,0.7,-0.51,0.0,0.3517,3.1704996
7/3/12 2:30,4634.1211,72.6,340.6868,295.1857,-0.55,-0.17,0.57,-0.55,0.0,0.3487,3.1704996
7/3/12 3:00,4635.8211,129.9,340.629,295.1332,-0.3,0.25,0.4,-0.31,0.0,0.2852,3.1741347
7/3/12 3:30,4637.4961,165.5,330.5907,294.8384,-0.15,0.57,0.5,-0.13,0.0,0.3964,3.1704996
7/3/12 4:00,4639.1461,177.1,330.627,294.9916,-0.02,0.39,0.32,-0.02,0.0,0.2766,3.1704996
7/3/12 4:30,4640.7961,79.6,330.6501,295.0883,-0.4,-0.07,0.36,-0.35,0.0,0.3318,3.1704996
7/3/12 5:00,4642.4461,124.6,330.66,294.8045,-0.34,0.24,0.34,-0.28,14.5381,0.3295,3.1849823
7/3/12 5:30,4644.0961,80.8,330.7293,295.0307,-0.19,-0.03,0.16,-0.16,34.2524,0.1616,1.331716
7/3/12 6:00,4645.7211,112.8,320.7168,295.2707,-0.3,0.13,0.34,-0.31,60.222,0.3413,3.3635061
7/3/12 6:30,4647.2461,119.5,290.6438,295.6249,-0.49,0.28,0.83,-0.72,114.2045,0.8186,0.09859776
7/3/12 7:00,4648.6961,113.1,290.6206,296.2591,-0.62,0.26,1.4,-1.29,164.9154,1.3496,1.8909444
7/3/12 7:30,4650.1211,174.9,280.5992,296.7179,-0.03,0.39,1.07,-0.1,159.6649,0.9919,0.54521884
7/3/12 8:00,4651.5211,131.8,280.5068,297.1867,-0.54,0.48,2.5,-1.86,214.1308,2.1655,0.8654423
7/3/12 8:30,4652.9211,143.5,280.5068,297.6908,-0.25,0.33,1.89,-1.12,359.1074,1.4994,2.4172838
7/3/12 9:00,4654.2961,208.3,270.4941,298.8332,0.24,0.44,2.69,1.28,472.4972,1.9052,2.1494404
7/3/12 9:30,4655.6211,234.3,260.5382,299.4107,0.89,0.64,6.31,5.12,322.3173,3.8411,2.6425446
7/3/12 10:00,4656.9211,102.5,260.4446,299.6519,-0.25,0.06,1.55,-1.51,258.995,0.7743,2.590153
7/3/12 10:30,4658.2211,216.0,260.455,300.2647,0.39,0.54,4.55,2.67,174.2251,1.7411,1.450578
7/3/12 11:00,4659.5211,188.7,260.4368,301.0343,0.24,1.54,11.78,1.78,148.9335,3.0494,1.6304289
7/3/12 11:30,4660.7961,168.0,250.3875,301.2951,-0.21,0.99,7.97,-1.66,62.0741,1.0399,1.5156636
7/3/12 12:00,4662.0461,192.6,250.2575,301.919,0.24,1.06,9.9,2.16,0.0,0.0,1.0950306
7/3/12 12:30,4663.2961,181.5,250.225,302.2485,0.03,1.08,10.45,0.27,-36.6471,-1.364,1.7562726
7/3/12 13:00,4664.5461,205.8,250.1975,302.1989,0.69,1.42,16.1,7.01,-50.851,-4.166,2.4996794
7/3/12 13:30,4665.7961,205.7,250.16,302.3952,0.68,1.42,16.6,7.2,-122.683,-6.3533,2.8885774
7/3/12 14:00,4667.0211,203.3,240.1272,302.5873,0.77,1.78,22.53,8.91,-132.26,-11.2636,0.6281222
7/3/12 14:30,4668.2211,203.5,240.06,302.5109,0.94,2.15,28.57,11.39,-210.0933,-17.3926,2.263571
7/3/12 15:00,4669.4211,188.4,240.048,302.2698,0.35,2.37,29.76,4.35,-160.0869,-21.0435,2.4149181
7/3/12 15:30,4670.6211,183.1,239.9952,302.0436,0.09,1.72,18.78,1.02,-138.8511,-14.9006,1.8870785
7/3/12 16:00,4671.8211,183.9,239.9976,301.7716,0.11,1.57,15.63,1.06,-109.463,-13.5361,2.2342017
7/3/12 16:30,4672.9961,184.7,229.9517,300.8358,0.19,2.36,19.73,1.62,-61.8159,-18.2272,3.5361445
7/3/12 17:00,4674.1461,197.5,229.9011,299.7765,0.47,1.49,8.66,2.6,-46.0669,-8.366,2.6987444
7/3/12 17:30,4675.3461,208.0,249.9375,299.3188,0.63,1.19,4.98,2.34,-15.2564,-4.9328,2.7102267
7/3/12 18:00,4676.6961,221.9,289.9362,298.6973,1.02,1.14,2.98,1.99,-12.312,-2.9813,3.1529588
7/3/12 18:30,4678.1461,184.7,289.9275,298.6646,0.08,0.99,1.63,0.13,-5.4738,-1.6152,3.1662298
7/3/12 19:00,4679.6461,156.8,309.9411,297.6277,-0.83,1.93,4.3,-1.69,-0.9833,-4.1541,3.2977281
7/3/12 19:30,4681.1961,138.4,309.969,297.2852,-0.64,0.72,1.78,-1.18,0.0,-1.6461,3.260627
7/3/12 20:00,4682.7211,45.2,299.958,297.4548,-0.66,-0.65,1.21,-0.86,0.0,-1.0493,3.2876306
7/3/12 20:30,4684.2211,53.6,300.048,297.5411,-1.0,-0.74,1.66,-1.33,0.0,-1.3154,3.2284881
7/3/12 21:00,4685.7211,41.8,300.039,297.4816,-0.81,-0.91,1.64,-1.09,0.0,-1.1602,2.2784576
7/3/12 21:30,4687.2211,41.2,299.946,297.4097,-1.15,-1.31,2.21,-1.45,0.0,-1.3438,2.6068283
7/3/12 22:00,4688.7211,30.8,299.958,297.2068,-0.88,-1.48,2.27,-1.16,0.0,-1.1348,2.0968757
7/3/12 22:30,4690.2211,37.7,299.961,296.7906,-0.95,-1.23,1.64,-1.0,0.0,-0.6278,3.2245068
7/3/12 23:00,4691.7211,36.2,299.949,296.6384,-0.87,-1.18,1.26,-0.75,0.0,-0.3268,3.1669799
7/3/12 23:30,4693.2211,42.8,299.919,296.293,-1.45,-1.56,2.17,-1.47,0.0,-0.2829,3.9626629
7/4/12 0:00,4694.7211,40.0,299.82,296.1766,-1.25,-1.49,1.93,-1.24,0.0,0.0,3.0775449
7/4/12 0:30,4696.2211,3.9,299.802,296.195,-0.09,-1.3,1.15,-0.08,0.0,0.1504,3.2359891
7/4/12 1:00,4697.7211,3.4,299.838,296.2923,-0.09,-1.44,1.12,-0.07,0.0,0.2911,3.2359891
7/4/12 1:30,4699.2461,7.3,309.8605,296.2457,-0.16,-1.24,1.12,-0.14,0.0,0.4285,3.2359891
7/4/12 2:00,4700.7961,359.3,309.8822,296.0116,0.01,-1.06,1.02,0.01,0.0,0.5102,3.2201793
7/4/12 2:30,4702.3461,349.8,309.8295,296.1953,0.27,-1.48,1.15,0.2,0.0,0.7004,3.2359891
7/4/12 3:00,4703.8961,340.7,309.8853,296.1647,0.49,-1.4,1.06,0.35,0.0,0.7514,3.2097933
7/4/12 3:30,4705.4461,342.9,309.8729,296.2655,0.4,-1.29,0.98,0.29,0.0,0.7744,3.2359891
7/4/12 4:00,4706.9961,340.6,309.9628,296.3396,0.42,-1.19,0.99,0.33,0.0,0.8589,3.186771
7/4/12 4:30,4708.5461,324.1,310.1178,296.4003,0.53,-0.73,0.8,0.47,0.0,0.7434,3.1724614
7/4/12 5:00,4710.0961,326.3,310.2697,296.4429,0.62,-0.92,1.05,0.58,2.5259,1.0144,3.1382453
7/4/12 5:30,4711.6461,312.2,310.4185,296.4506,0.63,-0.57,0.81,0.6,8.1764,0.7986,3.1508239
7/4/12 6:00,4713.1961,321.1,310.4712,296.4728,0.68,-0.84,0.91,0.57,42.461,0.909,3.3903943
7/4/12 6:30,4714.7711,334.2,320.5056,296.5673,0.66,-1.37,1.93,0.84,154.6505,1.9124,1.5820186
7/4/12 7:00,4716.3461,328.3,310.589,296.9499,0.84,-1.36,3.03,1.59,292.3655,2.9243,1.5416863
7/4/12 7:30,4717.8461,339.2,290.5974,297.7017,0.58,-1.53,4.43,1.57,391.1623,4.0915,1.608099
7/4/12 8:00,4719.2711,317.8,280.63,298.4227,0.92,-1.01,5.31,3.57,472.8577,4.5985,2.227797
7/4/12 8:30,4720.6711,324.2,280.6748,299.0451,0.65,-0.9,5.45,3.19,512.3817,4.3276,1.8844243
7/4/12 9:00,4722.0461,339.2,270.6858,299.5372,0.45,-1.19,7.17,2.55,488.2721,5.0714,1.3785684
7/4/12 9:30,4723.3961,339.8,270.7128,300.0832,0.37,-1.01,7.16,2.47,447.9431,4.3597,1.1861966
7/4/12 10:00,4724.7211,296.1,260.7254,300.3703,0.61,-0.3,5.11,4.59,376.44,2.5544,0.683168
7/4/12 10:30,4726.0211,300.9,260.7514,300.9513,0.67,-0.4,6.31,5.42,336.5517,2.4152,1.2858445
7/4/12 11:00,4727.2961,179.3,250.6775,301.7418,-0.01,0.67,6.52,-0.08,257.768,1.6869,0.7390793
7/4/12 11:30,4728.5211,233.9,240.6432,302.1131,0.4,0.29,5.45,4.4,131.5547,0.7112,1.2644955
7/4/12 12:00,4729.7211,230.0,240.6024,302.5869,0.25,0.21,3.97,3.04,0.0,0.0,1.1377863
7/4/12 12:30,4730.8961,228.2,230.5635,303.1861,0.62,0.55,11.14,8.31,-135.3152,-1.4545,1.3915509
7/4/12 13:00,4732.0461,228.9,230.6233,303.5497,0.73,0.64,14.6,11.0,-260.2736,-3.7785,1.8957335
7/4/12 13:30,4733.1711,250.1,220.5786,303.8118,0.86,0.31,14.11,13.26,-320.4901,-5.3981,3.622983
7/4/12 14:00,4734.2711,198.1,220.5984,304.4723,0.3,0.92,15.55,4.83,-446.5,-7.7767,2.8329546
7/4/12 14:30,4735.3711,178.5,220.5896,304.6842,-0.03,1.19,20.16,-0.53,-490.5552,-12.2739,1.9579918
7/4/12 15:00,4736.4461,190.3,210.5166,305.2017,0.37,2.06,34.77,6.22,-528.9378,-24.5885,2.5282986
7/4/12 15:30,4737.4961,188.3,210.5124,305.1949,0.33,2.27,37.4,5.4,-506.9187,-29.6725,4.2443543
7/4/12 16:00,4738.5211,194.9,200.51,305.128,0.64,2.4,42.09,10.82,-492.2211,-36.4547,3.5864589
7/4/12 16:30,4739.5211,183.6,200.486,304.983,0.15,2.34,39.97,2.51,-408.2818,-36.9305,3.3562359
7/4/12 17:00,4740.5211,185.4,200.46,304.2465,0.29,3.08,49.12,4.62,-317.9074,-47.4505,3.3676605
7/4/12 17:30,4741.4961,188.6,190.4465,303.8482,0.37,2.47,37.8,5.65,-249.9829,-37.4759,2.5420312
7/4/12 18:00,4742.4461,184.6,190.5434,303.1345,0.21,2.56,34.95,2.8,-143.804,-34.9453,3.1523241
7/4/12 18:30,4743.3961,178.6,190.6194,302.2199,-0.05,2.14,24.29,-0.59,-58.6013,-24.0825,3.3113453
7/4/12 19:00,4744.3461,188.2,190.703,301.0962,0.21,1.48,12.62,1.8,-7.0426,-12.1873,3.0766217
7/4/12 19:30,4745.2961,197.1,190.7714,300.485,0.47,1.54,13.1,3.85,0.0,-12.1006,4.7940045
7/4/12 20:00,4746.2211,173.6,180.7938,300.0636,-0.21,1.83,14.32,-1.6,0.0,-12.398,3.6867415
7/4/12 20:30,4747.1211,170.9,180.8748,299.666,-0.28,1.75,11.19,-1.77,0.0,-8.8779,1.7562726
7/4/12 21:00,4748.0461,165.3,190.9804,299.4947,-0.34,1.29,7.74,-1.96,0.0,-5.4723,3.0307502
7/4/12 21:30,4748.9961,170.5,191.0051,299.3639,-0.19,1.15,6.24,-1.03,0.0,-3.7961,3.1276285
7/4/12 22:00,4749.9461,157.1,190.9823,299.0413,-0.46,1.08,5.61,-2.18,0.0,-2.8075,3.1640372
7/4/12 22:30,4750.8961,143.6,191.0241,299.0453,-0.64,0.87,4.67,-2.77,0.0,-1.7875,3.164845
7/4/12 23:00,4751.8461,132.1,191.0298,298.8932,-1.09,0.98,5.65,-4.19,0.0,-1.461,3.1276862
7/4/12 23:30,4752.7961,130.7,191.0146,298.908,-0.77,0.66,3.61,-2.74,0.0,-0.4714,3.1171271
7/5/12 0:00,4753.7711,110.8,201.012,298.7858,-0.59,0.23,1.93,-1.81,0.0,0.0,3.0932393
7/5/12 0:30,4754.7711,114.0,200.972,298.654,-0.76,0.34,2.36,-2.16,0.0,0.3079,3.1057025
7/5/12 1:00,4755.7711,109.8,200.972,298.6514,-0.31,0.11,0.91,-0.85,0.0,0.2344,3.107145
7/5/12 1:30,4756.7961,30.0,211.0332,298.5723,-0.06,-0.1,0.27,-0.13,0.0,0.1027,3.1059333
7/5/12 2:00,4757.8461,53.1,211.0416,298.5874,-0.48,-0.36,1.33,-1.06,0.0,0.6649,3.1059333
7/5/12 2:30,4758.8961,124.3,211.0752,298.3942,-0.48,0.32,1.17,-0.97,0.0,0.7141,3.1324753
7/5/12 3:00,4759.9211,76.4,200.936,298.298,-0.94,-0.23,2.14,-2.08,0.0,1.5101,3.1309174
7/5/12 3:30,4760.9211,102.6,200.862,297.9734,-0.86,0.19,1.61,-1.57,0.0,1.2769,3.2414129
7/5/12 4:00,4761.9461,123.8,210.9387,297.803,-0.88,0.59,1.8,-1.5,0.0,1.5609,3.2572227
7/5/12 4:30,4762.9961,107.8,210.9681,297.8834,-0.83,0.27,1.52,-1.44,0.0,1.4009,3.2288343
7/5/12 5:00,4764.0211,2.6,200.906,298.0201,-0.04,-0.83,1.5,-0.07,2.9094,1.449,3.2680126
7/5/12 5:30,4765.0211,68.2,200.91,298.2167,-0.42,-0.17,0.88,-0.82,7.999,0.8772,3.1922525
7/5/12 6:00,4765.9961,126.9,190.8227,298.4359,-0.35,0.26,0.9,-0.72,35.765,0.9046,3.5921712
7/5/12 6:30,4766.9211,176.4,180.7542,298.6401,-0.02,0.3,0.75,-0.05,48.6849,0.7464,1.0217516
7/5/12 7:00,4767.7961,310.8,170.6868,298.8658,0.28,-0.24,1.0,0.75,115.2649,0.9621,3.3846243
7/5/12 7:30,4768.6461,291.5,170.6902,299.1394,0.37,-0.15,1.22,1.14,162.5917,1.1285,2.527837
7/5/12 8:00,4769.4961,307.9,170.7021,299.5352,0.19,-0.15,0.84,0.66,153.0787,0.7273,1.8675182
7/5/12 8:30,4770.3461,181.7,170.7004,299.9125,0.01,0.21,0.8,0.02,147.4661,0.6321,2.836532
7/5/12 9:00,4771.1961,250.4,170.7072,299.9976,0.37,0.13,1.58,1.49,120.3998,1.1197,2.9616256
7/5/12 9:30,4772.0461,299.6,170.7072,300.3351,0.21,-0.12,1.13,0.98,185.5121,0.6896,3.1362835
7/5/12 10:00,4772.8961,208.4,170.6528,301.0229,0.16,0.3,1.94,0.92,206.7355,0.9724,2.0418299
7/5/12 10:30,4773.7211,289.1,160.6224,301.071,0.49,-0.17,3.4,3.21,141.8378,1.3018,1.9041577
7/5/12 11:00,4774.5211,273.7,160.5904,301.545,0.64,-0.04,4.76,4.75,183.1675,1.2322,2.8475527
7/5/12 11:30,4775.2961,274.6,150.5385,302.2554,0.36,-0.03,2.99,2.98,122.4329,0.3903,0.7427721
7/5/12 12:00,4776.0211,225.9,140.4928,302.8917,0.4,0.39,5.03,3.61,0.0,0.0,2.6858196
7/5/12 12:30,4776.7211,338.1,140.4508,303.0351,0.1,-0.25,2.48,0.93,-77.6588,-0.3238,1.9961892
7/5/12 13:00,4777.4211,104.4,140.3976,303.2757,-0.32,0.08,3.12,-3.02,-135.0823,-0.8079,2.5913647
7/5/12 13:30,4778.1211,145.5,140.3808,303.4683,-0.04,0.06,0.75,-0.42,-151.8186,-0.2866,2.2727453
7/5/12 14:00,4778.7961,231.2,130.3315,303.7574,0.09,0.07,1.32,1.03,-236.451,-0.6591,2.6224073
7/5/12 14:30,4779.4461,217.0,130.325,304.075,0.15,0.2,2.93,1.76,-242.6073,-1.785,2.8135674
7/5/12 15:00,4780.0961,1.5,130.325,304.193,-0.01,-0.27,3.33,-0.09,-261.0073,-2.3528,3.0501374
7/5/12 15:30,4780.7461,339.3,130.2899,304.2664,0.21,-0.56,7.53,2.66,-240.0846,-5.9773,1.8611712
7/5/12 16:00,4781.3961,52.4,130.2626,304.3834,-0.5,-0.39,7.9,-6.26,-268.3224,-6.8432,2.0069791
7/5/12 16:30,4782.0211,65.7,120.2412,304.473,-0.6,-0.27,8.16,-7.44,-199.7252,-7.5375,4.3112286
7/5/12 17:00,4782.6211,82.5,120.2424,304.4352,-0.76,-0.1,9.39,-9.31,-138.6789,-9.0703,6.0008
7/5/12 17:30,4783.2211,121.2,120.2352,304.1933,-0.99,0.6,13.02,-11.14,-113.4054,-12.9107,2.7353262
7/5/12 18:00,4783.8211,92.4,120.2784,303.4782,-2.04,0.09,17.03,-17.02,-69.559,-17.0304,4.7143785
7/5/12 18:30,4784.4461,75.0,130.3549,300.6014,-3.09,-0.83,15.26,-14.74,-31.3297,-15.1333,4.457325
7/5/12 19:00,4785.0961,90.1,130.3653,299.6551,-2.35,0.0,9.68,-9.68,-6.2776,-9.3521,5.805197
7/5/12 19:30,4785.7711,110.4,140.3976,299.3228,-1.69,0.63,6.63,-6.22,0.0,-6.1268,3.1210507
7/5/12 20:00,4786.4711,100.7,140.4368,299.1631,-1.4,0.26,5.11,-5.02,0.0,-4.4234,3.8397042
7/5/12 20:30,4787.1961,123.9,150.4905,298.8632,-1.19,0.8,4.57,-3.8,0.0,-3.6275,3.1150499
7/5/12 21:00,4787.9461,128.1,150.54,298.757,-1.15,0.91,4.54,-3.57,0.0,-3.2095,3.0823917
7/5/12 21:30,4788.7211,142.7,160.5808,298.6017,-0.59,0.77,2.51,-1.52,0.0,-1.5252,3.0405592
7/5/12 22:00,4789.5711,164.8,180.6354,298.3971,-0.17,0.64,1.74,-0.46,0.0,-0.8679,3.0752946
7/5/12 22:30,4790.4711,131.0,180.684,298.3966,-0.37,0.32,1.28,-0.97,0.0,-0.4913,3.0752946
7/5/12 23:00,4791.3961,96.4,190.7277,298.275,-0.53,0.06,1.26,-1.26,0.0,-0.3269,3.1168963
7/5/12 23:30,4792.3211,40.8,180.6732,298.1998,-0.41,-0.47,1.5,-0.98,0.0,-0.1953,3.1483428
7/6/12 0:00,4793.3461,,230.9499,297.4732,,,1.41,,0.0,0.0,3.1932334
7/6/12 0:30,4794.6961,,310.8649,296.7373,,,1.33,,0.0,0.1735,3.2437209
7/6/12 1:00,4796.2711,2.9,320.8864,297.0998,-0.04,-0.72,1.13,-0.06,0.0,0.2934,3.2929967
7/6/12 1:30,4797.8711,356.3,320.9088,297.0658,0.05,-0.8,0.8,0.05,0.0,0.3051,3.2985359
7/6/12 2:00,4799.4711,50.5,320.7968,297.4464,-0.88,-0.72,1.08,-0.83,0.0,0.5396,3.2711861
7/6/12 2:30,4801.0711,158.4,320.9024,297.7111,-0.15,0.38,0.48,-0.18,0.0,0.2944,3.3137687
7/6/12 3:00,4802.6711,213.4,320.912,297.7038,0.38,0.58,0.74,0.41,0.0,0.5223,3.3137687
7/6/12 3:30,4804.2961,275.5,330.9042,297.5207,0.36,-0.03,0.34,0.34,0.0,0.2716,3.2668009
7/6/12 4:00,4805.9461,239.0,330.957,297.3701,0.64,0.38,0.66,0.57,0.0,0.5733,3.2838801
7/6/12 4:30,4807.5961,246.7,330.9966,297.148,0.71,0.31,0.7,0.64,0.0,0.6452,3.291785
7/6/12 5:00,4809.2461,343.6,330.9438,297.1542,0.19,-0.64,0.62,0.17,0.9321,0.5956,3.291785
7/6/12 5:30,4810.9211,342.8,340.9588,297.1429,0.33,-1.05,0.93,0.28,7.3952,0.9252,3.2633966
7/6/12 6:00,4812.6211,337.7,340.918,297.3179,0.23,-0.57,0.55,0.21,13.218,0.5477,3.3133648
7/6/12 6:30,4814.3211,328.0,340.8942,297.4221,0.13,-0.21,0.23,0.12,21.9942,0.2314,3.5218349
7/6/12 7:00,4816.0461,257.5,350.889,297.6457,0.53,0.12,0.56,0.55,61.9236,0.5449,3.4246104
7/6/12 7:30,4817.7961,305.4,350.917,297.9242,0.65,-0.46,1.02,0.83,81.282,0.9453,1.094569
7/6/12 8:00,4819.5461,319.2,350.931,298.5026,0.57,-0.66,1.58,1.03,159.5418,1.3686,2.3249638
7/6/12 8:30,4821.2461,296.5,330.7227,299.7182,1.03,-0.51,3.87,3.47,419.6895,3.0729,3.5442225
7/6/12 9:00,4822.8711,299.2,320.544,300.8918,0.94,-0.52,5.82,5.08,496.2822,4.1176,2.2973255
7/6/12 9:30,4824.4711,282.8,320.5504,301.6455,1.26,-0.29,8.47,8.26,458.0887,5.155,2.4442297
7/6/12 10:00,4826.0711,279.9,320.5504,302.3135,1.17,-0.2,9.39,9.25,405.194,4.694,2.8372821
7/6/12 10:30,4827.6711,254.3,320.48,302.5977,0.73,0.21,7.17,6.9,225.7381,2.7435,2.7916414
7/6/12 11:00,4829.2961,259.8,330.4983,303.1824,0.58,0.1,6.04,5.94,188.0064,1.5627,1.7235567
7/6/12 11:30,4830.9461,206.1,330.4323,303.9151,0.19,0.39,5.38,2.37,113.5189,0.7023,2.5551868
7/6/12 12:00,4832.5961,196.4,330.3234,304.268,0.32,1.09,14.22,4.01,0.0,0.0,1.8061831
7/6/12 12:30,4834.2211,185.4,320.1856,304.4279,0.13,1.43,18.77,1.77,-74.447,-2.4493,1.2908067
7/6/12 13:00,4835.8461,201.2,330.1056,304.3656,0.68,1.76,22.46,8.12,-140.6788,-5.8128,2.6079823
7/6/12 13:30,4837.4961,192.5,329.9967,303.9357,0.4,1.8,21.64,4.68,-152.0673,-8.2808,2.8722483
7/6/12 14:00,4839.1461,189.3,330.0,303.901,0.28,1.72,18.67,3.02,-168.843,-9.3331,3.0672743
7/6/12 14:30,4840.7961,159.6,330.0528,303.7379,-0.75,2.0,22.22,-7.74,-196.9112,-13.5255,1.5608427
7/6/12 15:00,4842.4461,160.2,329.9472,303.5581,-0.65,1.8,18.01,-6.1,-142.2939,-12.7377,1.5700747
7/6/12 15:30,4844.0961,171.0,330.0165,303.3734,-0.28,1.75,14.8,-2.32,-121.9392,-11.7408,0.7352711
7/6/12 16:00,4845.7461,187.7,329.9703,303.2858,0.26,1.92,18.57,2.49,-117.8505,-16.0857,2.6677018
7/6/12 16:30,4847.3961,200.6,329.9604,303.0938,0.48,1.29,14.63,5.15,-116.7599,-13.5132,2.4613089
7/6/12 17:00,4849.0461,186.5,329.8911,303.0032,0.15,1.34,14.29,1.62,-125.6621,-13.8013,2.0458112
7/6/12 17:30,4850.6961,166.4,329.8581,302.4886,-0.34,1.42,13.29,-3.13,-60.8321,-13.1796,3.1317829
7/6/12 18:00,4852.3711,139.2,339.7688,301.804,-1.2,1.39,11.37,-7.43,-28.095,-11.3731,0.7487152
7/6/12 18:30,4854.0961,134.6,349.629,301.0855,-1.75,1.72,9.67,-6.88,-17.2541,-9.5851,3.4110509
7/6/12 19:00,4855.8461,130.6,349.4995,300.543,-1.98,1.7,10.82,-8.21,-4.1419,-10.4474,2.8873657
7/6/12 19:30,4857.6211,129.0,359.5824,300.1751,-1.39,1.13,7.15,-5.56,0.0,-6.6047,2.9105034
7/6/12 20:00,4859.4711,110.8,379.5288,299.8203,-1.44,0.55,4.26,-3.98,0.0,-3.6863,1.8442651
7/6/12 20:30,4861.3961,97.7,389.3058,299.5422,-1.55,0.21,2.98,-2.95,0.0,-2.3651,5.5837444
7/6/12 21:00,4863.3711,105.4,398.984,299.361,-1.93,0.53,3.09,-2.98,0.0,-2.1829,3.0604657
7/6/12 21:30,4865.3711,115.3,398.856,299.2706,-1.55,0.73,2.66,-2.4,0.0,-1.6173,2.3560641
7/6/12 22:00,4867.3711,131.4,398.744,299.2266,-1.12,0.98,2.29,-1.72,0.0,-1.1457,1.6374106
7/6/12 22:30,4869.3711,136.6,398.564,299.0474,-1.46,1.55,3.27,-2.25,0.0,-1.2527,2.6393134
7/6/12 23:00,4871.3961,138.3,408.36,298.8314,-1.61,1.8,3.1,-2.06,0.0,-0.8023,3.2119282
7/6/12 23:30,4873.4711,119.3,418.0134,298.7495,-1.7,0.95,2.03,-1.77,0.0,-0.2655,2.509373
7/7/12 0:00,4875.5961,118.3,427.7038,298.6142,-1.66,0.9,1.91,-1.69,0.0,0.0,2.5790169
7/7/12 0:30,4877.7711,96.8,437.448,298.5422,-1.21,0.14,1.17,-1.16,0.0,0.1521,2.847495
7/7/12 1:00,4879.9961,84.5,447.0165,298.5433,-1.23,-0.12,1.14,-1.14,0.0,0.2953,2.8182411
7/7/12 1:30,4882.2461,82.3,446.724,298.636,-1.23,-0.17,1.1,-1.09,0.0,0.4206,2.8054894
7/7/12 2:00,4884.5211,63.4,456.4442,298.8214,-0.99,-0.5,0.96,-0.86,0.0,0.4795,2.7725427
7/7/12 2:30,4886.8211,55.9,456.2004,298.9502,-0.9,-0.61,0.92,-0.76,0.0,0.5603,2.7863907
7/7/12 3:00,4889.1211,39.3,456.0762,299.0497,-0.68,-0.83,0.91,-0.58,0.0,0.642,2.8074512
7/7/12 3:30,4891.4211,22.4,455.9934,299.0964,-0.46,-1.13,1.03,-0.39,0.0,0.8159,2.8074512
7/7/12 4:00,4893.7211,353.1,456.0302,299.1407,0.11,-0.88,0.77,0.09,0.0,0.6645,2.7963151
7/7/12 4:30,4896.0461,353.4,465.7794,298.8484,0.22,-1.91,1.83,0.21,0.0,1.6923,2.7738121
7/7/12 5:00,4898.3961,356.8,465.7277,298.7943,0.08,-1.43,1.39,0.08,5.9868,1.3389,2.7743891
7/7/12 5:30,4900.7461,5.1,465.8123,298.9327,-0.07,-0.82,0.85,-0.08,19.2727,0.8402,2.8927895
7/7/12 6:00,4903.1211,86.3,475.9056,298.9146,-0.97,-0.06,1.15,-1.15,11.617,1.1525,2.9325448
7/7/12 6:30,4905.5211,77.1,475.848,298.5754,-1.6,-0.37,2.16,-2.1,17.035,2.1398,7.371175
7/7/12 7:00,4907.9211,59.8,475.6848,298.3994,-1.75,-1.02,2.76,-2.38,34.5618,2.6628,3.4378814
7/7/12 7:30,4910.2961,65.0,465.7653,298.3328,-2.0,-0.93,3.19,-2.89,82.4867,2.9471,2.7790628
7/7/12 8:00,4912.5961,59.1,446.175,298.3974,-2.58,-1.54,5.22,-4.48,85.6205,4.5241,2.7926223
7/7/12 8:30,4914.8461,50.4,446.256,298.3604,-1.98,-1.64,4.05,-3.12,66.0974,3.2096,3.7276508
7/7/12 9:00,4917.0961,44.1,446.346,298.4863,-1.48,-1.52,3.71,-2.58,59.6388,2.6243,2.9547016
7/7/12 9:30,4919.3711,52.9,456.0118,298.6207,-2.03,-1.54,5.2,-4.15,98.1062,3.1668,2.6232151
7/7/12 10:00,4921.6711,62.5,455.8278,299.2834,-2.39,-1.24,7.33,-6.5,191.415,3.6652,5.7429964
7/7/12 10:30,4923.9711,55.6,456.0762,299.6412,-1.86,-1.28,7.08,-5.84,89.06,2.7079,2.8729407
7/7/12 11:00,4926.2711,52.8,456.2096,299.7087,-1.41,-1.07,5.68,-4.52,49.9391,1.4697,4.39674
7/7/12 11:30,4928.5711,64.6,456.2786,299.8406,-1.55,-0.74,5.85,-5.28,21.7323,0.7631,5.2513924
7/7/12 12:00,4930.8961,88.3,466.287,299.746,-1.81,-0.05,6.53,-6.53,0.0,0.0,4.2415847
7/7/12 12:30,4933.2461,77.0,466.1507,299.6941,-1.73,-0.4,6.16,-6.0,-23.0552,-0.804,2.8136828
7/7/12 13:00,4935.5961,58.6,466.0708,299.4798,-1.58,-0.97,5.9,-5.04,-27.0437,-1.5272,4.1840578
7/7/12 13:30,4937.9461,56.8,465.9204,299.0962,-2.43,-1.59,10.22,-8.56,-50.9662,-3.9129,4.9492752
7/7/12 14:00,4940.2961,61.3,466.0567,298.5595,-2.75,-1.51,10.84,-9.5,-61.4045,-5.4176,4.1051242
7/7/12 14:30,4942.6461,60.8,466.1319,297.5638,-3.05,-1.7,10.63,-9.28,-85.1773,-6.4691,2.6710484
7/7/12 15:00,4945.0211,63.4,476.0544,297.0307,-3.54,-1.77,9.67,-8.65,-105.6368,-6.8394,2.5899799
7/7/12 15:30,4947.4211,57.7,476.112,296.9349,-3.02,-1.91,8.74,-7.39,-73.2019,-6.9332,4.5854767
7/7/12 16:00,4949.8211,54.7,476.1648,296.9556,-2.51,-1.77,8.01,-6.54,-77.3369,-6.9361,5.1890187
7/7/12 16:30,4952.2211,54.9,476.2896,296.9566,-1.67,-1.18,4.98,-4.08,-43.6505,-4.6039,4.3975478
7/7/12 17:00,4954.6211,56.3,476.3136,297.2036,-2.54,-1.69,9.94,-8.27,-70.0035,-9.6019,4.0140159
7/7/12 17:30,4957.0211,52.7,476.3856,297.0517,-2.47,-1.88,10.64,-8.46,-35.6593,-10.5464,4.8043905
7/7/12 18:00,4959.4211,52.3,476.472,296.9991,-2.83,-2.19,13.04,-10.32,-32.877,-13.0418,5.1704393
7/7/12 18:30,4961.8211,42.6,476.6256,296.8002,-2.15,-2.34,10.39,-7.03,-2.5797,-10.303,4.1538807
7/7/12 19:00,4964.2211,45.1,476.784,296.6951,-1.99,-1.98,8.66,-6.13,-1.0954,-8.3613,5.1222021
7/7/12 19:30,4966.6461,37.7,486.9669,296.447,-1.44,-1.86,6.89,-4.21,0.0,-6.3679,4.4502279
7/7/12 20:00,4969.1961,,527.085,296.1088,,,4.7,,0.0,-4.0722,3.1499584
7/7/12 20:30,4972.1211,,636.0256,295.6501,,,3.28,,0.0,-2.5991,3.1802509
7/7/12 21:00,4975.3461,,646.3145,295.8069,,,3.84,,0.0,-2.7167,3.1317252
7/7/12 21:30,4978.5961,329.2,646.6135,295.7508,0.67,-1.12,1.47,0.75,0.0,-0.8943,3.1465541
7/7/12 22:00,4981.8461,,646.724,295.6023,,,3.09,,0.0,-1.5469,3.0800837
7/7/12 22:30,4985.0961,336.5,647.023,295.4839,0.6,-1.38,1.65,0.66,0.0,-0.6326,3.0584462
7/7/12 23:00,4988.3461,339.9,647.1855,295.4847,0.43,-1.17,1.41,0.48,0.0,-0.3647,3.0387128
7/7/12 23:30,4991.5961,331.4,647.244,295.5548,0.39,-0.71,0.9,0.43,0.0,-0.118,3.0387128
7/8/12 0:00,4994.8461,354.8,647.257,295.5637,0.1,-1.11,1.33,0.12,0.0,0.0,3.0387128
7/8/12 0:30,4998.0961,345.3,647.2895,295.6245,0.17,-0.66,0.83,0.21,0.0,0.1078,3.114069
7/8/12 1:00,5001.3461,344.0,647.218,295.5776,0.19,-0.65,0.81,0.22,0.0,0.2098,3.0106706
7/8/12 1:30,5004.5961,319.3,647.348,295.5774,0.57,-0.66,1.17,0.76,0.0,0.4487,3.0106706
7/8/12 2:00,5007.8461,322.0,647.465,295.6009,0.55,-0.7,1.16,0.71,0.0,0.5801,3.128494
7/8/12 2:30,5011.0961,340.2,647.673,295.5297,0.37,-1.03,1.45,0.49,0.0,0.8805,3.0106706
7/8/12 3:00,5014.3461,328.2,647.816,295.4597,0.54,-0.87,1.31,0.69,0.0,0.9297,3.0106706
7/8/12 3:30,5017.5961,331.8,647.972,295.1375,0.81,-1.51,1.67,0.79,0.0,1.3268,2.0110758
7/8/12 4:00,5020.8461,317.4,648.258,295.0849,0.87,-0.95,0.94,0.64,0.0,0.8159,3.0008616
7/8/12 4:30,5024.0961,317.7,648.4855,294.9132,0.99,-1.09,0.84,0.56,0.0,0.7725,3.0008616
7/8/12 5:00,5027.3461,325.0,648.7325,294.8432,1.03,-1.47,1.03,0.59,0.1478,0.9963,3.0008616
7/8/12 5:30,5030.5961,332.7,649.077,294.7264,1.05,-2.03,1.38,0.64,3.9469,1.373,1.3783376
7/8/12 6:00,5033.8711,330.6,659.2872,294.7185,1.04,-1.84,1.48,0.73,6.577,1.4798,2.9517012
7/8/12 6:30,5037.2211,347.2,679.4764,294.7484,0.5,-2.22,1.67,0.37,35.5185,1.6601,3.424495
7/8/12 7:00,5040.7211,,719.6544,294.8601,,,1.18,,92.5,1.1434,3.5174497
7/8/12 7:30,5044.3711,,739.8298,295.2718,,,1.57,,152.6748,1.4463,1.998151
7/8/12 8:00,5048.0711,10.6,740.0222,295.7341,-0.22,-1.18,1.39,-0.26,168.5649,1.2015,1.6378722
7/8/12 8:30,5051.7461,31.0,730.3066,296.0167,-0.41,-0.68,1.52,-0.78,186.876,1.202,1.7915273
7/8/12 9:00,5055.3711,59.7,720.4968,296.2928,-0.3,-0.18,0.81,-0.7,153.1211,0.5753,1.820435
7/8/12 9:30,5058.9211,147.9,700.637,296.6157,-0.04,0.07,0.23,-0.12,239.1166,0.1414,2.8099323
7/8/12 10:00,5062.4211,223.3,700.819,297.4869,0.4,0.43,2.28,1.56,251.6565,1.1375,1.5408208
7/8/12 10:30,5065.8961,247.4,690.9522,297.7137,0.44,0.18,2.12,1.96,151.6685,0.8131,1.531935
7/8/12 11:00,5069.3211,56.9,680.9384,298.3252,-0.47,-0.31,2.91,-2.44,174.642,0.7529,1.9714936
7/8/12 11:30,5072.6961,66.5,670.8911,298.8706,-1.04,-0.45,7.18,-6.59,89.2894,0.9373,2.6501033
7/8/12 12:00,5076.0461,108.5,670.8174,299.2432,-0.54,0.18,3.9,-3.69,0.0,0.0,2.33108
7/8/12 12:30,5079.3711,72.9,660.8976,299.5851,-0.8,-0.25,6.22,-5.94,-76.2456,-0.8118,2.0938176
7/8/12 13:00,5082.6461,97.6,650.845,299.9729,-1.83,0.24,13.62,-13.5,-152.7918,-3.5241,2.502449
7/8/12 13:30,5085.8711,92.8,640.8448,300.0004,-2.44,0.12,18.37,-18.35,-270.2415,-7.0294,5.0248622
7/8/12 14:00,5089.0461,92.7,630.945,299.3708,-2.34,0.11,16.86,-16.84,-215.083,-8.4315,3.9046744
7/8/12 14:30,5092.1961,84.0,630.9891,298.9899,-2.15,-0.23,14.8,-14.72,-146.846,-9.0114,4.8938832
7/8/12 15:00,5095.3211,93.9,620.8928,299.1197,-2.26,0.15,15.63,-15.59,-274.1071,-11.0491,3.7607706
7/8/12 15:30,5098.3961,96.6,610.9211,298.9224,-2.78,0.32,20.51,-20.37,-365.3884,-16.2714,2.3468321
7/8/12 16:00,5101.4461,100.6,611.0675,298.968,-2.77,0.52,21.83,-21.46,-527.4736,-18.9038,2.9570096
7/8/12 16:30,5104.4711,102.9,601.14,298.8353,-2.87,0.66,21.48,-20.94,-396.7499,-19.8485,4.060349
7/8/12 17:00,5107.4711,109.7,601.29,298.2152,-2.68,0.96,19.49,-18.35,-251.4131,-18.822,2.3339073
7/8/12 17:30,5110.4461,101.8,591.416,297.8377,-2.71,0.57,17.59,-17.22,-177.4746,-17.4393,2.8255113
7/8/12 18:00,5113.3961,101.6,591.5399,297.2558,-2.69,0.55,15.69,-15.37,-96.165,-15.6858,2.818645
7/8/12 18:30,5116.3211,102.6,581.6936,296.5764,-2.3,0.51,10.94,-10.68,-27.0694,-10.8477,3.9059438
7/8/12 19:00,5119.2211,104.8,581.8502,296.0878,-2.41,0.64,10.23,-9.89,-7.1546,-9.8852,3.0003423
7/8/12 19:30,5122.1211,103.4,582.059,295.8343,-2.14,0.51,8.5,-8.26,0.0,-7.8486,3.1484582
7/8/12 20:00,5125.0211,92.0,582.262,295.5492,-1.97,0.07,7.51,-7.51,0.0,-6.5073,3.1107224
7/8/12 20:30,5127.9211,90.7,582.4128,295.1747,-2.45,0.03,8.55,-8.55,0.0,-6.78,4.2430849
7/8/12 21:00,5130.8211,83.9,582.6216,294.9457,-1.5,-0.16,4.62,-4.59,0.0,-3.2671,3.0501951
7/8/12 21:30,5133.7211,85.6,582.8014,294.632,-1.87,-0.14,5.26,-5.25,0.0,-3.204,4.7529221
7/8/12 22:00,5136.6211,96.0,582.7608,294.3803,-1.61,0.17,3.9,-3.88,0.0,-1.9489,3.468347
7/8/12 22:30,5139.5211,103.2,582.755,294.2643,-1.18,0.28,2.54,-2.47,0.0,-0.971,3.7457686
7/8/12 23:00,5142.4211,66.6,582.8072,294.196,-0.63,-0.27,1.3,-1.19,0.0,-0.3368,3.0755831
7/8/12 23:30,5145.3211,113.2,582.8304,293.9795,-1.29,0.55,2.45,-2.25,0.0,-0.3191,2.60804
7/9/12 0:00,5148.2211,106.8,582.8188,293.7849,-1.6,0.48,2.68,-2.57,0.0,0.0,3.0013809
7/9/12 0:30,5151.1211,109.9,582.8014,293.6158,-1.07,0.39,1.58,-1.49,0.0,0.2065,2.9902448
7/9/12 1:00,5154.0211,102.7,582.7782,293.6418,-1.32,0.3,1.92,-1.87,0.0,0.4958,2.9660685
7/9/12 1:30,5156.9211,116.9,582.8362,293.648,-1.12,0.57,1.79,-1.59,0.0,0.6833,2.9742619
7/9/12 2:00,5159.8211,126.4,582.8884,293.6649,-0.63,0.47,0.99,-0.8,0.0,0.4953,3.0568306
7/9/12 2:30,5162.7211,122.0,583.0276,293.8815,-1.35,0.84,2.4,-2.04,0.0,1.4635,3.1439576
7/9/12 3:00,5165.6211,97.1,582.9928,293.4926,-0.74,0.09,0.89,-0.88,0.0,0.6292,3.1418804
7/9/12 3:30,5168.5211,44.7,582.8768,293.1872,-0.6,-0.6,0.78,-0.55,0.0,0.6216,3.170038
7/9/12 4:00,5171.4211,31.9,582.8362,293.055,-0.3,-0.49,0.51,-0.27,0.0,0.4439,3.1725191
7/9/12 4:30,5174.3211,121.4,582.9928,292.8984,-0.18,0.11,0.17,-0.15,0.0,0.1606,3.1725191
7/9/12 5:00,5177.2211,134.5,583.1494,292.7386,-0.68,0.67,0.68,-0.49,11.7225,0.6579,2.9298906
7/9/12 5:30,5180.0961,75.0,573.2946,292.9425,-0.63,-0.17,0.49,-0.48,45.0185,0.4884,2.7136887
7/9/12 6:00,5182.9211,56.8,563.1864,293.2982,-0.91,-0.6,0.97,-0.81,126.912,0.9673,5.1134894
7/9/12 6:30,5185.6961,95.5,553.3275,293.8015,-0.82,0.08,1.0,-0.99,216.6466,0.989,2.9136192
7/9/12 7:00,5188.4461,137.8,553.4815,293.8777,-0.94,1.04,1.79,-1.2,241.6679,1.7254,1.4884292
7/9/12 7:30,5191.1961,126.0,553.553,294.5686,-1.09,0.79,2.4,-1.94,365.739,2.2143,1.5579577
7/9/12 8:00,5193.9461,140.6,553.597,295.4923,-0.42,0.51,1.67,-1.06,401.6115,1.4497,1.5744599
7/9/12 8:30,5196.7211,32.4,563.64,296.4244,-0.42,-0.66,2.8,-1.5,477.4194,2.2189,1.7158826
7/9/12 9:00,5199.5461,15.4,573.6081,297.6679,-0.29,-1.06,5.81,-1.54,510.7729,4.1098,2.2887282
7/9/12 9:30,5202.3711,20.9,563.4664,298.6329,-0.36,-0.94,7.21,-2.57,484.235,4.3864,2.0330018
7/9/12 10:00,5205.1461,35.2,553.3825,299.2754,-0.48,-0.68,6.81,-3.92,421.813,3.4045,2.6369477
7/9/12 10:30,5207.8961,23.0,553.256,299.7505,-0.24,-0.56,5.79,-2.26,347.5856,2.2159,2.1295916
7/9/12 11:00,5210.6211,57.4,543.0078,300.3346,-0.49,-0.32,6.12,-5.15,243.8062,1.5834,1.436153
7/9/12 11:30,5213.3211,143.8,542.8404,301.1253,-0.34,0.47,6.54,-3.86,126.1912,0.854,1.1605201
7/9/12 12:00,5216.0211,154.0,542.7648,301.5774,-0.26,0.52,7.11,-3.11,0.0,0.0,1.4224204
7/9/12 12:30,5218.6961,152.6,532.5652,302.1071,-0.68,1.32,18.76,-8.64,-114.7693,-2.4493,1.647335
7/9/12 13:00,5221.3461,160.3,532.5122,302.1548,-0.42,1.18,15.05,-5.07,-129.5811,-3.8958,1.3348895
7/9/12 13:30,5223.9961,158.6,532.4168,302.5283,-0.78,2.0,25.01,-9.12,-253.8278,-9.5691,2.3216749
7/9/12 14:00,5226.6461,154.7,532.3479,302.7697,-1.08,2.29,32.7,-13.97,-389.0995,-16.3481,2.1278029
7/9/12 14:30,5229.2961,161.4,532.3002,303.132,-0.64,1.89,28.97,-9.24,-448.0983,-17.6342,1.7836801
7/9/12 15:00,5231.9461,166.5,532.2525,303.1689,-0.31,1.27,17.72,-4.14,-356.0141,-12.5311,2.5858255
7/9/12 15:30,5234.5961,157.5,532.2154,303.6279,-0.69,1.67,25.74,-9.85,-478.4103,-20.4232,2.6226381
7/9/12 16:00,5237.2461,150.8,532.1571,303.797,-1.26,2.26,38.44,-18.76,-487.0544,-33.294,3.1534781
7/9/12 16:30,5239.8961,137.6,532.2313,303.7856,-1.83,2.0,36.54,-24.64,-447.8515,-33.7551,2.3614879
7/9/12 17:00,5242.5211,129.7,522.2048,303.0127,-2.34,1.94,37.89,-29.15,-276.4219,-36.5998,1.5386282
7/9/12 17:30,5245.1211,142.8,522.2724,302.733,-1.79,2.35,39.14,-23.67,-235.8171,-38.8071,2.4670789
7/9/12 18:00,5247.7211,142.7,522.4284,302.0496,-1.94,2.55,37.88,-22.96,-138.282,-37.8816,2.8574771
7/9/12 18:30,5250.3461,146.3,532.7666,300.9498,-1.51,2.26,25.1,-13.93,-40.7167,-24.8887,3.1640949
7/9/12 19:00,5252.9961,143.1,532.9468,300.2568,-1.48,1.97,18.49,-11.1,-9.2169,-17.857,2.4625206
7/9/12 19:30,5255.6461,138.9,533.0316,299.5515,-1.29,1.48,11.2,-7.36,0.0,-10.3437,2.8465718
7/9/12 20:00,5258.2961,141.6,533.2118,299.1817,-1.25,1.58,10.6,-6.59,0.0,-9.1828,2.2998643
7/9/12 20:30,5260.9461,136.8,533.2489,298.8219,-1.45,1.55,9.72,-6.65,0.0,-7.7116,2.0304053
7/9/12 21:00,5263.5961,129.8,533.3337,298.5907,-1.71,1.43,8.99,-6.91,0.0,-6.36,2.8263191
7/9/12 21:30,5266.2461,124.6,533.3708,298.3877,-1.63,1.13,6.9,-5.68,0.0,-4.1976,2.8343971
7/9/12 22:00,5268.9211,118.7,543.375,298.1668,-1.15,0.63,3.85,-3.38,0.0,-1.9265,2.8370513
7/9/12 22:30,5271.6211,83.7,543.3696,297.8946,-0.92,-0.1,2.39,-2.38,0.0,-0.9157,2.9229666
7/9/12 23:00,5274.3211,79.4,543.375,297.7638,-0.61,-0.11,1.46,-1.43,0.0,-0.3778,2.9424115
7/9/12 23:30,5277.0461,90.4,553.388,297.4511,-0.4,0.0,0.73,-0.73,0.0,-0.0959,3.2125052
7/10/12 0:00,5279.7961,55.7,553.355,297.2048,-0.54,-0.37,1.01,-0.84,0.0,0.0,3.3002092
7/10/12 0:30,5282.5461,91.3,553.2835,297.1656,-0.36,0.01,0.55,-0.55,0.0,0.0712,3.3002092
7/10/12 1:00,5285.3211,90.7,563.304,297.052,-0.38,0.0,0.53,-0.53,0.0,0.1364,3.3002092
7/10/12 1:30,5288.1211,115.8,563.2536,296.6116,-0.37,0.18,0.44,-0.39,0.0,0.1672,3.229469
7/10/12 2:00,5290.9211,51.3,563.2312,296.698,-0.49,-0.39,0.71,-0.55,0.0,0.3534,3.2586652
7/10/12 2:30,5293.7461,59.2,573.3915,296.6141,-0.34,-0.2,0.42,-0.36,0.0,0.257,3.229469
7/10/12 3:00,5296.5961,18.2,573.5625,296.3483,-0.09,-0.27,0.27,-0.08,0.0,0.1919,3.2125052
7/10/12 3:30,5299.4461,109.1,573.648,296.1104,-0.52,0.18,0.42,-0.39,0.0,0.3309,3.4027998
7/10/12 4:00,5302.2961,112.2,573.7905,296.1726,-0.42,0.17,0.36,-0.33,0.0,0.3115,3.3696223
7/10/12 4:30,5305.1461,76.8,573.8988,296.173,-0.54,-0.13,0.43,-0.42,0.0,0.3971,3.3696223
7/10/12 5:00,5307.9961,118.7,574.0014,296.1311,-1.04,0.57,0.84,-0.74,14.5468,0.8095,3.4108201
7/10/12 5:30,5310.8461,111.6,574.1895,296.3954,-0.36,0.14,0.27,-0.25,57.2797,0.2719,3.7102831
7/10/12 6:00,5313.6711,74.1,564.2448,296.9326,-0.51,-0.15,0.47,-0.45,136.462,0.4699,2.6565657
7/10/12 6:30,5316.4461,89.2,554.312,297.8325,-0.67,-0.01,0.98,-0.98,290.2663,0.9755,0.51887879
7/10/12 7:00,5319.2211,177.6,564.452,299.1296,-0.02,0.4,1.14,-0.05,367.1774,1.1024,2.8669399
7/10/12 7:30,5322.0211,216.6,564.508,299.5633,0.47,0.63,2.54,1.51,227.4009,2.3454,3.0070355
7/10/12 8:00,5324.8461,217.4,574.5372,299.9502,0.27,0.35,1.91,1.16,409.8275,1.6531,2.0677372
7/10/12 8:30,5327.6961,165.3,574.4232,300.628,-0.04,0.14,0.9,-0.23,499.143,0.7141,2.5055648
7/10/12 9:00,5330.5211,217.2,564.2784,301.5637,0.55,0.72,6.83,4.13,446.0818,4.8313,2.9467967
7/10/12 9:30,5333.2961,196.6,554.213,302.1144,0.33,1.11,10.12,2.89,385.6723,6.158,3.2454519
7/10/12 10:00,5336.0461,197.4,554.1855,302.7844,0.4,1.29,14.33,4.29,398.8205,7.1672,3.3433688
7/10/12 10:30,5338.7961,185.6,554.158,303.3464,0.14,1.47,16.72,1.63,342.0103,6.3993,2.7183624
7/10/12 11:00,5341.5461,183.4,554.059,303.649,0.08,1.31,15.75,0.93,234.4934,4.076,1.8350331
7/10/12 11:30,5344.2961,195.7,553.9105,303.9583,0.27,0.96,12.76,3.45,112.6391,1.6651,2.5267407
7/10/12 12:00,5347.0461,200.1,553.8115,304.3576,0.44,1.21,18.13,6.23,0.0,0.0,2.7551173
7/10/12 12:30,5349.7961,203.8,553.7345,304.9224,0.5,1.13,19.14,7.72,-129.7353,-2.498,3.1203006
7/10/12 13:00,5352.5461,183.9,553.707,305.2977,0.1,1.54,25.46,1.73,-250.7053,-6.5883,3.2307384
7/10/12 13:30,5355.2961,199.4,553.6245,305.5214,0.64,1.82,33.39,11.09,-360.0948,-12.7796,5.3771784
7/10/12 14:00,5358.0211,183.7,543.4884,305.703,0.11,1.73,32.32,2.09,-432.8575,-16.16,4.5509721
7/10/12 14:30,5360.7211,189.0,543.4128,305.9474,0.32,1.99,39.84,6.23,-485.2857,-24.2546,4.8685529
7/10/12 15:00,5363.4211,168.8,543.3318,306.1129,-0.33,1.66,34.53,-6.71,-515.8754,-24.4186,2.5573794
7/10/12 15:30,5366.0961,188.3,533.1164,306.3495,0.26,1.78,35.95,5.19,-525.5688,-28.5215,4.3029775
7/10/12 16:00,5368.7461,148.6,533.1164,306.4518,-1.57,2.57,51.85,-27.01,-501.6288,-44.8991,2.0616787
7/10/12 16:30,5371.3961,153.6,533.1323,306.1474,-1.17,2.36,43.27,-19.24,-441.2957,-39.9745,3.1017789
7/10/12 17:00,5374.0461,192.9,533.0793,305.5627,0.61,2.65,46.31,10.34,-347.7536,-44.7275,5.330903
7/10/12 17:30,5376.6961,184.8,533.1058,304.8188,0.23,2.76,42.14,3.53,-253.3102,-41.7836,5.91425
7/10/12 18:00,5379.3461,181.8,533.2542,304.0531,0.1,3.07,45.16,1.42,-157.432,-45.1557,3.4593458
7/10/12 18:30,5381.9961,184.9,533.4503,303.0778,0.22,2.57,33.84,2.89,-69.8721,-33.5488,2.7569637
7/10/12 19:00,5384.6461,169.4,533.5669,302.0839,-0.43,2.29,28.3,-5.21,-11.5225,-27.3401,2.4304971
7/10/12 19:30,5387.2961,169.4,533.6411,301.1996,-0.36,1.9,20.28,-3.73,0.0,-18.7323,3.3704878
7/10/12 20:00,5389.9461,163.7,533.7789,300.3407,-0.39,1.32,11.58,-3.25,0.0,-10.0249,2.8529188
7/10/12 20:30,5392.5961,150.5,534.0068,300.0145,-0.64,1.13,9.5,-4.68,0.0,-7.5382,2.6912434
7/10/12 21:00,5395.2461,145.2,534.1181,299.7752,-0.81,1.17,9.68,-5.53,0.0,-6.8467,2.5634379
7/10/12 21:30,5397.8961,150.4,534.1923,299.3933,-0.6,1.06,7.42,-3.66,0.0,-4.5163,2.8072204
7/10/12 22:00,5400.5711,138.0,544.3578,299.076,-0.59,0.66,4.55,-3.04,0.0,-2.2753,2.8300119
7/10/12 22:30,5403.2711,120.8,544.4334,298.338,-0.56,0.33,2.1,-1.81,0.0,-0.8047,2.8424174
7/10/12 23:00,5405.9711,127.9,544.4064,298.1261,-0.79,0.62,2.97,-2.35,0.0,-0.7697,2.8635356
7/10/12 23:30,5408.6961,116.8,554.323,298.0488,-1.01,0.51,2.86,-2.55,0.0,-0.3732,2.9292559
7/11/12 0:00,5411.4461,119.6,554.257,297.8703,-0.97,0.55,2.05,-1.78,0.0,0.0,3.0066316
7/11/12 0:30,5414.1961,135.7,554.279,297.7952,-0.61,0.63,1.48,-1.04,0.0,0.1937,3.0751792
7/11/12 1:00,5416.9711,72.2,564.368,297.512,-0.4,-0.13,0.71,-0.68,0.0,0.1848,3.342561
7/11/12 1:30,5419.7711,73.1,564.2952,297.0972,-0.41,-0.12,0.57,-0.55,0.0,0.2183,3.423918
7/11/12 2:00,5422.5711,105.6,564.3176,296.7662,-0.79,0.22,0.95,-0.92,0.0,0.4752,3.3805276
7/11/12 2:30,5425.3711,97.6,564.3624,296.7717,-0.83,0.11,0.93,-0.92,0.0,0.5673,3.3805276
7/11/12 3:00,5428.1711,70.7,564.3848,296.6364,-0.44,-0.15,0.46,-0.43,0.0,0.3241,3.4275531
7/11/12 3:30,5430.9711,78.0,564.2728,296.5152,-0.33,-0.07,0.3,-0.3,0.0,0.2412,3.3295208
7/11/12 4:00,5433.7961,56.0,574.3491,296.3412,-0.53,-0.36,0.53,-0.44,0.0,0.4581,3.3680644
7/11/12 4:30,5436.6461,60.8,574.3662,296.2031,-0.52,-0.29,0.45,-0.39,0.0,0.4159,3.54855
7/11/12 5:00,5439.4711,68.6,564.3904,296.4492,-0.61,-0.24,0.49,-0.45,11.4829,0.4698,3.3325212
7/11/12 5:30,5442.2711,69.4,564.4464,297.0284,-0.54,-0.2,0.45,-0.42,53.885,0.4499,3.8562641
7/11/12 6:00,5445.0711,89.1,564.4912,297.5306,-0.64,-0.01,0.63,-0.63,139.454,0.626,1.7533299
7/11/12 6:30,5447.8211,116.0,544.4172,298.1865,-0.56,0.27,0.98,-0.88,216.8111,0.9719,2.7360186
7/11/12 7:00,5450.5211,134.5,544.3578,299.0568,-0.25,0.25,0.89,-0.64,298.4653,0.8631,2.1521523
7/11/12 7:30,5453.2461,184.6,554.499,299.8025,0.06,0.78,2.92,0.23,344.1858,2.698,2.9090032
7/11/12 8:00,5455.9961,175.3,554.4935,300.2357,-0.06,0.68,3.42,-0.28,362.3572,2.9601,2.2431452
7/11/12 8:30,5458.7711,175.8,564.4632,300.7364,-0.08,1.05,6.46,-0.47,388.9875,5.1258,1.2183932
7/11/12 9:00,5461.5711,185.3,564.396,301.7769,0.15,1.66,12.73,1.18,451.4332,9.0043,2.614387
7/11/12 9:30,5464.3461,183.4,554.2075,302.6682,0.1,1.75,16.31,0.97,474.8534,9.9274,1.952568
7/11/12 10:00,5467.0711,187.7,543.8988,303.3637,0.26,1.93,21.77,2.92,385.1135,10.8871,1.5636123
7/11/12 10:30,5469.7461,191.1,533.6782,304.015,0.56,2.87,38.48,7.41,312.3286,14.7261,3.8247599
7/11/12 11:00,5472.3961,184.4,533.5775,304.6543,0.27,3.55,51.31,3.94,244.3964,13.2808,3.1530165
7/11/12 11:30,5475.0461,179.3,533.498,304.7726,-0.04,3.47,47.28,-0.58,120.2911,6.1711,3.4172248
7/11/12 12:00,5477.6711,181.2,523.302,304.9234,0.07,3.53,50.54,1.06,0.0,0.0,3.2936314
7/11/12 12:30,5480.2711,180.3,523.224,305.2068,0.02,3.94,63.45,0.33,-127.1719,-8.2819,2.8990211
7/11/12 13:00,5482.8461,185.1,513.0906,305.1176,0.41,4.63,75.19,6.68,-251.6461,-19.4596,4.3030352
7/11/12 13:30,5485.3961,184.8,513.1365,304.6998,0.43,5.09,76.66,6.41,-291.17,-29.3368,3.6791828
7/11/12 14:00,5487.9461,196.9,513.1671,304.389,1.32,4.35,65.11,18.93,-325.825,-32.5542,5.970796
7/11/12 14:30,5490.4711,191.6,502.985,304.1406,0.85,4.14,58.22,11.71,-374.4717,-35.4431,2.7392498
7/11/12 15:00,5492.9711,184.8,502.9,304.9027,0.38,4.58,64.28,5.38,-539.649,-45.4555,3.1921371
7/11/12 15:30,5495.4711,187.2,502.77,305.0162,0.61,4.85,69.96,8.77,-513.7518,-55.5004,3.1759234
7/11/12 16:00,5497.9461,187.7,492.6558,304.6351,0.61,4.51,61.38,8.22,-433.0803,-53.16,4.2314295
7/11/12 16:30,5500.3961,189.9,492.5186,304.8315,0.8,4.56,63.99,11.0,-444.6466,-59.1161,5.2635094
7/11/12 17:00,5502.8211,194.3,482.4864,304.4588,1.14,4.46,59.22,14.63,-323.8836,-57.2034,2.8755372
7/11/12 17:30,5505.2211,188.6,482.5488,304.2214,0.68,4.48,54.32,8.12,-255.9256,-53.86,4.3359819
7/11/12 18:00,5507.6211,188.8,482.616,303.9485,0.65,4.22,45.52,6.96,-166.106,-45.5245,4.6896252
7/11/12 18:30,5510.0211,186.8,482.64,303.0355,0.57,4.76,39.52,4.68,-54.5969,-39.1836,3.9675674
7/11/12 19:00,5512.4211,184.9,482.6688,302.406,0.37,4.34,30.55,2.61,-10.8763,-29.5053,2.3317724
7/11/12 19:30,5514.7961,184.6,472.6884,302.0949,0.33,4.1,26.05,2.09,0.0,-24.0687,1.7770446
7/11/12 20:00,5517.1711,185.4,482.8224,301.9163,0.38,4.0,21.67,2.04,0.0,-18.7704,2.799604
7/11/12 20:30,5519.5461,187.0,472.8247,301.8752,0.43,3.47,16.81,2.05,0.0,-13.337,2.6093094
7/11/12 21:00,5521.8961,186.5,472.82,301.8699,0.45,3.94,18.84,2.13,0.0,-13.3214,3.7566162
7/11/12 21:30,5524.2711,187.0,482.8176,301.5309,0.52,4.24,17.83,2.17,0.0,-10.8551,3.0398668
7/11/12 22:00,5526.6711,184.0,482.88,301.2758,0.32,4.52,18.53,1.29,0.0,-9.2668,2.875191
7/11/12 22:30,5529.0461,180.2,472.8576,301.1362,0.01,3.97,15.76,0.06,0.0,-6.0299,3.1968685
7/11/12 23:00,5531.3961,182.6,472.7401,301.0848,0.17,3.72,14.4,0.65,0.0,-3.7264,2.2233541
7/11/12 23:30,5533.7711,188.9,482.6736,301.3467,0.63,4.05,17.28,2.67,0.0,-2.2557,2.6844925
7/12/12 0:00,5536.1711,190.5,482.5728,301.3057,0.69,3.7,15.73,2.87,0.0,0.0,2.8251074
7/12/12 0:30,5538.5461,190.9,472.4393,301.3441,0.71,3.68,15.92,3.01,0.0,2.0776,3.0808915
7/12/12 1:00,5540.9211,197.3,482.352,301.7463,1.19,3.83,17.15,5.1,0.0,4.4377,2.8918086
7/12/12 1:30,5543.3211,187.6,482.1408,301.8585,0.57,4.25,19.66,2.6,0.0,7.5248,2.8937704
7/12/12 2:00,5545.6961,193.6,471.9129,302.0446,1.09,4.49,23.04,5.42,0.0,11.5217,3.119262
7/12/12 2:30,5548.0461,187.8,471.7766,302.2041,0.6,4.38,23.85,3.24,0.0,14.5186,2.747097
7/12/12 3:00,5550.3961,189.4,471.6685,302.223,0.76,4.57,24.77,4.05,0.0,17.5131,3.2410667
7/12/12 3:30,5552.7461,193.9,471.6168,302.1556,1.25,5.06,27.88,6.7,0.0,22.1184,2.3628727
7/12/12 4:00,5555.0961,189.7,471.5557,302.0773,0.88,5.12,26.58,4.48,0.0,23.0168,3.9448336
7/12/12 4:30,5557.4711,195.1,481.5264,301.9654,1.35,4.99,26.11,6.8,0.0,24.1257,2.8091822
7/12/12 5:00,5559.8461,198.0,471.5087,301.8937,1.51,4.64,23.0,7.11,6.3925,22.2209,2.9968226
7/12/12 5:30,5562.1961,197.3,471.4664,301.9385,1.42,4.56,23.54,7.0,42.2435,23.3394,2.9595484
7/12/12 6:00,5564.5461,191.5,471.3912,302.0874,1.05,5.18,28.35,5.65,99.693,28.3491,3.1921371
7/12/12 6:30,5566.8961,192.6,471.3724,302.2082,1.14,5.09,30.04,6.55,98.0589,29.7866,2.8381476
7/12/12 7:00,5569.2461,194.3,471.3865,302.1941,1.4,5.5,31.28,7.73,71.8272,30.2139,3.0049006
7/12/12 7:30,5571.5961,191.7,471.3348,302.2576,1.14,5.53,31.5,6.39,103.2306,29.1066,2.9413729
7/12/12 8:00,5573.9461,195.1,471.2408,302.236,1.51,5.6,35.7,9.3,115.1329,30.9178,2.9037525
7/12/12 8:30,5576.2711,199.5,461.2144,302.0913,1.91,5.4,34.94,11.66,62.4456,27.717,3.8293759
7/12/12 9:00,5578.5711,199.4,461.2466,301.8138,2.02,5.74,29.96,9.95,94.4101,21.1834,2.3742396
7/12/12 9:30,5580.8711,197.2,461.2098,301.6631,1.7,5.49,23.74,7.02,76.5481,14.4529,3.1903484
7/12/12 10:00,5583.1961,194.4,471.1327,301.5283,1.43,5.58,20.68,5.14,85.2805,10.3392,2.1599418
7/12/12 10:30,5585.5461,193.9,471.034,301.6973,1.45,5.86,21.63,5.2,90.2191,8.2763,2.4974868
7/12/12 11:00,5587.8711,193.2,460.9384,301.9089,1.35,5.76,22.82,5.21,71.688,5.9063,2.599385
7/12/12 11:30,5590.1711,189.9,460.8602,302.1358,1.01,5.79,24.86,4.27,39.4052,3.2453,2.4234577
7/12/12 12:00,5592.4711,190.1,460.7084,301.9462,1.02,5.72,22.93,4.02,0.0,0.0,3.037905
7/12/12 12:30,5594.7461,191.9,450.4635,302.6227,1.23,5.86,30.64,6.32,-57.4091,-3.9995,2.216257
7/12/12 13:00,5597.0211,200.1,460.5888,302.5186,2.06,5.63,29.08,9.99,-105.7607,-7.5269,4.2890141
7/12/12 13:30,5599.3461,195.1,470.4982,302.1492,1.71,6.34,26.07,6.79,-139.0323,-9.978,1.4080531
7/12/12 14:00,5601.6961,194.4,470.4277,301.963,1.5,5.84,23.28,5.79,-107.9485,-11.639,3.7295549
7/12/12 14:30,5604.0461,198.3,470.5217,301.8228,1.77,5.35,20.69,6.5,-135.7794,-12.5972,3.0137864
7/12/12 15:00,5606.3711,198.4,460.5658,302.0035,1.65,4.95,21.46,6.77,-150.6244,-15.1733,3.5602054
7/12/12 15:30,5608.6711,198.0,460.4876,302.0113,1.72,5.31,25.81,7.97,-120.1875,-20.4745,2.1429203
7/12/12 16:00,5610.9461,195.9,450.396,301.9987,1.48,5.2,25.59,7.01,-86.8416,-22.1645,2.5517825
7/12/12 16:30,5613.1961,195.7,450.3105,301.9401,1.61,5.71,29.13,7.88,-64.5117,-26.9136,3.3201157
7/12/12 17:00,5615.4461,192.8,450.2475,301.9794,1.3,5.71,30.34,6.72,-52.1523,-29.3074,2.3009029
7/12/12 17:30,5617.6961,194.4,450.261,301.9415,1.47,5.72,30.45,7.57,-42.9415,-30.1865,3.7232079
7/12/12 18:00,5619.9461,197.0,450.324,301.9048,1.49,4.88,25.23,7.38,-33.69,-25.2346,3.123878
7/12/12 18:30,5622.1961,195.9,450.333,301.8085,1.33,4.66,22.87,6.27,-17.7102,-22.6777,2.9164465
7/12/12 19:00,5624.4461,193.7,450.369,301.6054,1.14,4.69,21.2,5.02,-4.6509,-20.4795,3.6221752
7/12/12 19:30,5626.6961,194.9,450.4005,301.5827,1.21,4.55,20.49,5.27,0.0,-18.9309,3.4523064
7/12/12 20:00,5628.9461,194.3,450.4275,301.5991,1.23,4.81,21.18,5.23,0.0,-18.343,2.8007003
7/12/12 20:30,5631.1961,193.1,450.495,301.5444,1.17,5.02,20.95,4.75,0.0,-16.6175,2.8244727
7/12/12 21:00,5633.4461,192.7,450.5445,301.3654,0.97,4.29,14.82,3.26,0.0,-10.4807,2.2235849
7/12/12 21:30,5635.7461,194.7,470.4747,301.2757,0.99,3.79,11.58,2.94,0.0,-7.0516,2.091625
7/12/12 22:00,5638.0711,197.1,460.3956,301.5266,1.13,3.68,13.19,3.88,0.0,-6.5966,2.8296657
7/12/12 22:30,5640.3461,202.0,450.3645,301.6389,1.8,4.46,17.55,6.57,0.0,-6.7167,4.1865389
7/12/12 23:00,5642.6211,204.4,460.4738,301.4995,1.86,4.09,14.65,6.05,0.0,-3.793,1.0983195
7/12/12 23:30,5645.0211,205.0,500.59,300.8075,1.27,2.72,5.03,2.13,0.0,-0.657,2.6480838
7/13/12 0:00,5647.5711,212.1,520.65,300.7532,1.2,1.91,3.47,1.85,0.0,0.0,2.7442697
7/13/12 0:30,5650.2211,197.3,540.5238,300.7035,0.79,2.54,4.01,1.19,0.0,0.5228,1.8315711
7/13/12 1:00,5652.9461,201.7,550.5005,300.8219,1.05,2.64,4.62,1.71,0.0,1.1948,3.0354239
7/13/12 1:30,5655.6961,208.2,550.44,300.8051,1.27,2.36,4.39,2.07,0.0,1.6787,2.890193
7/13/12 2:00,5658.4711,208.1,560.4928,300.7355,0.94,1.75,2.89,1.36,0.0,1.4448,2.2920171
7/13/12 2:30,5661.3211,195.4,580.5162,300.7384,0.52,1.87,2.72,0.72,0.0,1.6544,2.1322458
7/13/12 3:00,5664.2461,185.9,590.3776,300.7523,0.2,1.95,2.56,0.26,0.0,1.81,2.8535535
7/13/12 3:30,5667.1961,184.2,590.3363,300.8245,0.18,2.49,3.44,0.25,0.0,2.7294,2.8438599
7/13/12 4:00,5670.1461,223.6,590.4425,300.8436,0.71,0.75,1.43,0.98,0.0,1.2349,2.8874234
7/13/12 4:30,5673.0961,237.5,590.4897,300.8923,0.49,0.31,0.8,0.68,0.0,0.7409,2.8874234
7/13/12 5:00,5676.0461,233.4,590.5428,300.8715,0.72,0.54,1.22,0.98,0.4202,1.1753,2.8874234
7/13/12 5:30,5678.9961,204.5,590.6549,300.7275,0.3,0.67,0.94,0.39,28.624,0.9326,2.56765
7/13/12 6:00,5681.9211,188.9,580.7772,300.9396,0.17,1.07,1.33,0.21,107.251,1.3347,1.8826356
7/13/12 6:30,5684.8461,181.4,590.8614,301.1013,0.03,1.09,1.66,0.04,74.5011,1.6452,2.2574548
7/13/12 7:00,5687.7711,176.3,580.9396,301.016,-0.09,1.32,2.14,-0.14,62.0211,2.0708,1.5057969
7/13/12 7:30,5690.6211,184.0,560.924,301.4408,0.12,1.69,3.99,0.28,203.2202,3.6823,1.3185604
7/13/12 8:00,5693.3961,217.2,550.979,301.9488,1.2,1.57,7.24,4.37,207.2018,6.2664,3.6128855
7/13/12 8:30,5696.1461,231.9,550.9185,302.4467,1.63,1.28,9.09,7.15,265.5727,7.2089,2.4394983
7/13/12 9:00,5698.8711,229.7,540.9018,302.8477,1.18,1.0,6.89,5.25,250.6269,4.8686,4.0237672
7/13/12 9:30,5701.5711,223.9,540.864,303.4982,1.08,1.13,8.86,6.14,282.7246,5.3931,4.4917142
7/13/12 10:00,5704.2461,215.2,530.8692,303.7339,0.64,0.91,6.36,3.67,180.732,3.1813,3.4034922
7/13/12 10:30,5706.8711,210.5,520.8008,304.5906,0.83,1.4,10.98,5.57,164.0151,4.2005,3.8038725
7/13/12 11:00,5709.4711,188.9,520.6968,305.0373,0.34,2.14,16.92,2.62,114.6377,4.3802,3.2925928
7/13/12 11:30,5712.0461,197.8,510.6222,304.8748,0.86,2.66,22.37,6.84,45.3043,2.9202,1.4702537
7/13/12 12:00,5714.5961,192.0,510.5865,305.0636,0.6,2.82,23.05,4.79,0.0,0.0,2.3105965
7/13/12 12:30,5717.1461,193.0,510.4692,305.236,0.81,3.53,30.04,6.76,-67.1429,-3.9215,2.3892416
7/13/12 13:00,5719.6961,197.0,510.3825,305.6811,1.03,3.35,33.48,9.79,-160.4044,-8.6647,1.6791854
7/13/12 13:30,5722.2461,184.3,510.2958,305.9789,0.29,3.89,40.51,3.04,-273.8414,-15.5027,2.7790628
7/13/12 14:00,5724.7711,192.0,500.25,305.7349,0.64,2.99,29.33,6.1,-199.1965,-14.6633,2.5378191
7/13/12 14:30,5727.2461,180.3,490.1813,304.5004,0.02,3.5,26.71,0.14,-159.9983,-16.2575,1.3371398
7/13/12 15:00,5729.6961,182.8,490.1519,304.197,0.15,3.09,20.71,1.01,-184.347,-14.6465,2.4472301
7/13/12 15:30,5732.1211,176.8,480.1776,303.6248,-0.19,3.32,19.35,-1.08,-145.9207,-15.3493,1.5037197
7/13/12 16:00,5734.5211,173.3,480.2832,303.1294,-0.33,2.85,14.16,-1.65,-134.2513,-12.2619,2.1599995
7/13/12 16:30,5736.9211,180.1,480.264,302.9809,0.0,2.7,13.18,0.02,-184.4184,-12.1774,2.4800037
7/13/12 17:00,5739.3211,174.4,480.3168,302.8026,-0.23,2.38,11.24,-1.1,-115.405,-10.8522,1.8924446
7/13/12 17:30,5741.7211,171.5,480.3216,302.8349,-0.32,2.14,10.32,-1.53,-84.8102,-10.2296,2.9529706
7/13/12 18:00,5744.1211,160.7,480.3408,302.5241,-0.84,2.41,10.85,-3.59,-53.413,-10.8528,2.5648227
7/13/12 18:30,5746.5211,168.7,480.48,301.8314,-0.43,2.14,7.81,-1.53,-14.5643,-7.7382,2.2188535
7/13/12 19:00,5748.9211,166.1,480.504,301.5646,-0.57,2.31,7.68,-1.85,-1.7561,-7.42,2.2059287
7/13/12 19:30,5751.3211,171.4,480.6384,301.1356,-0.43,2.82,7.9,-1.18,0.0,-7.2959,2.1268797
7/13/12 20:00,5753.7211,175.2,480.7584,300.9433,-0.24,2.88,7.66,-0.64,0.0,-6.6333,2.3596415
7/13/12 20:30,5756.1461,166.9,490.833,300.8593,-0.51,2.2,5.69,-1.29,0.0,-4.5163,2.0088832
7/13/12 21:00,5758.5961,160.8,490.8379,300.8037,-0.74,2.13,5.56,-1.83,0.0,-3.9344,2.8869041
7/13/12 21:30,5761.0461,166.0,490.9555,300.7947,-0.54,2.18,5.54,-1.34,0.0,-3.3698,2.5281255
7/13/12 22:00,5763.4961,161.6,490.9653,300.7264,-0.64,1.92,4.76,-1.5,0.0,-2.3792,1.3702019
7/13/12 22:30,5765.9461,158.7,490.9212,300.6858,-0.69,1.77,4.39,-1.6,0.0,-1.6816,1.8664219
7/13/12 23:00,5768.3711,157.5,480.8256,300.695,-0.82,1.98,5.24,-2.01,0.0,-1.3565,2.7272482
7/13/12 23:30,5770.7711,165.4,480.7872,300.7589,-0.53,2.02,5.19,-1.31,0.0,-0.6775,0.35347597
7/14/12 0:00,5773.1711,178.8,480.7008,300.9321,-0.05,2.17,5.69,-0.12,0.0,0.0,1.8760001
7/14/12 0:30,5775.5711,180.5,480.5424,301.1568,0.02,2.33,6.25,0.05,0.0,0.8159,2.4175146
7/14/12 1:00,5777.9711,181.1,480.4416,301.1804,0.04,2.31,5.9,0.11,0.0,1.5272,1.1519805
7/14/12 1:30,5780.3711,179.6,480.4704,301.057,-0.01,1.74,4.09,-0.03,0.0,1.5646,2.5230479
7/14/12 2:00,5782.7711,197.2,480.5568,300.9734,0.52,1.66,4.26,1.26,0.0,2.1322,2.6539115
7/14/12 2:30,5785.2711,212.9,520.5148,300.6832,1.17,1.81,3.29,1.79,0.0,2.0025,2.8908277
7/14/12 3:00,5788.2211,249.9,660.4818,300.1214,1.31,0.48,1.85,1.74,0.0,1.3089,2.9053681
7/14/12 3:30,5791.6711,182.0,720.3312,300.1875,0.04,1.15,1.2,0.04,0.0,0.9517,2.9053681
7/14/12 4:00,5795.2961,203.8,730.2774,301.1101,0.86,1.95,2.56,1.03,0.0,2.2146,3.7974101
7/14/12 4:30,5799.0461,190.4,770.077,301.1271,0.53,2.88,3.89,0.7,0.0,3.5931,2.6143293
7/14/12 5:00,5802.9711,190.7,799.992,301.261,0.65,3.46,6.09,1.13,0.3352,5.8805,2.0872398
7/14/12 5:30,5806.9711,205.6,800.104,301.4159,1.44,3.01,7.25,3.13,11.0031,7.1922,2.5078151
7/14/12 6:00,5810.9461,205.1,790.2528,301.5038,1.32,2.83,7.37,3.13,32.35,7.3687,2.8109132
7/14/12 6:30,5814.8711,213.4,780.39,301.5625,1.31,1.98,5.65,3.11,28.9958,5.5994,2.8623816
7/14/12 7:00,5818.7461,228.0,770.4697,301.5797,0.87,0.78,2.48,1.84,32.3981,2.3961,3.6550065
7/14/12 7:30,5822.5461,234.0,750.5325,301.7561,0.46,0.33,1.18,0.95,36.5431,1.0898,1.5167599
7/14/12 8:00,5826.2711,252.3,740.6068,301.9913,0.62,0.2,1.43,1.36,58.9408,1.2341,3.0290769
7/14/12 8:30,5829.8961,240.8,710.5467,302.5801,1.2,0.67,4.16,3.63,181.2162,3.3031,2.3320032
7/14/12 9:00,5833.3961,241.8,690.5865,303.2778,1.32,0.71,6.11,5.38,244.0261,4.3205,2.610348
7/14/12 9:30,5836.8211,261.3,680.714,303.5943,1.36,0.21,5.98,5.91,151.3868,3.6389,3.0803145
7/14/12 10:00,5840.1711,277.9,660.8118,304.193,1.74,-0.24,9.06,8.98,283.193,4.5306,3.180424
7/14/12 10:30,5843.4461,260.5,650.8775,304.6654,1.75,0.29,12.16,12.0,216.1763,4.6546,3.2324117
7/14/12 11:00,5846.6711,266.6,640.9984,304.8339,1.8,0.11,13.46,13.43,114.9232,3.4829,2.9725886
7/14/12 11:30,5849.8461,248.0,630.9387,305.4329,1.84,0.74,18.46,17.12,87.5973,2.4097,2.2380099
7/14/12 12:00,5852.9961,235.6,630.7623,305.8139,1.49,1.02,17.79,14.68,0.0,0.0,3.6319842
7/14/12 12:30,5856.1211,232.5,620.7502,306.611,1.54,1.18,20.93,16.6,-99.3687,-2.7317,4.8626098
7/14/12 13:00,5859.1961,203.7,610.6466,307.5052,0.98,2.24,32.76,13.17,-250.9067,-8.4794,1.1747143
7/14/12 13:30,5862.2461,202.9,610.5307,307.8784,0.89,2.11,34.18,13.3,-328.2169,-13.0795,3.4051078
7/14/12 14:00,5865.2711,203.2,600.51,308.1673,0.94,2.2,36.91,14.54,-401.648,-18.4547,3.0219221
7/14/12 14:30,5868.2461,182.0,590.5723,307.4683,0.1,2.85,37.19,1.3,-278.5175,-22.6404,2.9978035
7/14/12 15:00,5871.1711,171.7,580.5336,307.5771,-0.48,3.28,44.05,-6.36,-466.426,-31.1478,1.8522277
7/14/12 15:30,5874.0711,180.9,580.7714,307.4059,0.05,3.46,45.35,0.71,-382.4217,-35.976,2.0802581
7/14/12 16:00,5876.9461,183.2,570.855,306.4312,0.16,2.81,30.48,1.7,-252.1407,-26.4003,3.0016117
7/14/12 16:30,5879.7711,170.4,560.8288,305.7426,-0.46,2.71,26.71,-4.46,-175.9889,-24.6814,3.9744337
7/14/12 17:00,5882.5711,175.0,560.8512,305.1503,-0.24,2.75,23.48,-2.05,-147.7751,-22.6766,1.6364874
7/14/12 17:30,5885.3461,178.1,550.946,304.7171,-0.08,2.55,20.67,-0.69,-77.1989,-20.4906,1.8438612
7/14/12 18:00,5888.0711,178.6,540.9828,304.4445,-0.06,2.49,19.51,-0.48,-62.411,-19.5141,1.6602021
7/14/12 18:30,5890.7711,163.7,541.188,304.1481,-0.65,2.22,16.22,-4.55,-36.9541,-16.0796,2.9682611
7/14/12 19:00,5893.4711,159.4,541.377,303.5782,-0.78,2.08,13.31,-4.68,-8.4634,-12.856,2.491486
7/14/12 19:30,5896.1461,155.5,531.5105,303.0453,-0.95,2.09,12.27,-5.09,0.0,-11.3316,3.5128337
7/14/12 20:00,5898.7961,166.9,531.7172,302.7401,-0.5,2.16,11.43,-2.59,0.0,-9.898,0.9581085
7/14/12 20:30,5901.4461,156.3,531.8815,302.393,-0.91,2.07,10.4,-4.18,0.0,-8.2512,1.6908985
7/14/12 21:00,5904.0711,152.7,522.0852,302.0261,-1.05,2.03,9.22,-4.23,0.0,-6.5196,2.8230879
7/14/12 21:30,5906.6711,144.3,522.1944,301.8422,-1.44,2.0,9.36,-5.46,0.0,-5.7001,2.8566693
7/14/12 22:00,5909.2711,150.1,522.2048,301.6333,-1.26,2.2,9.04,-4.51,0.0,-4.5212,3.4970816
7/14/12 22:30,5911.8461,150.8,512.1726,301.5881,-1.15,2.05,8.6,-4.2,0.0,-3.2915,2.8622085
7/14/12 23:00,5914.3961,132.0,512.244,301.614,-1.05,0.95,5.46,-4.06,0.0,-1.4139,2.8622085
7/14/12 23:30,5916.9461,118.9,512.2185,301.6051,-1.3,0.72,5.86,-5.13,0.0,-0.7652,1.9838414
7/15/12 0:00,5919.4711,120.0,502.145,301.5686,-1.32,0.76,6.01,-5.2,0.0,0.0,2.8001233
7/15/12 0:30,5921.9711,130.4,502.0,301.5084,-1.31,1.11,7.0,-5.33,0.0,0.9132,2.8622085
7/15/12 1:00,5924.4461,123.5,491.8669,301.3917,-1.39,0.92,6.55,-5.46,0.0,1.6962,1.6816665
7/15/12 1:30,5926.8961,146.0,491.813,301.5137,-0.73,1.09,5.52,-3.09,0.0,2.1129,2.8622085
7/15/12 2:00,5929.3211,160.8,481.7808,301.7409,-0.65,1.87,8.67,-2.85,0.0,4.335,2.3834139
7/15/12 2:30,5931.7211,183.1,481.7808,301.7669,0.11,1.95,8.04,0.43,0.0,4.8938,2.0885092
7/15/12 3:00,5934.0961,189.5,471.7061,301.7752,0.36,2.12,8.86,1.46,0.0,6.2648,3.3260011
7/15/12 3:30,5936.4461,199.2,471.6591,301.7029,0.57,1.64,7.02,2.31,0.0,5.5687,3.5100064
7/15/12 4:00,5938.7961,207.2,471.6873,301.6797,0.74,1.44,6.89,3.15,0.0,5.9646,3.0986054
7/15/12 4:30,5941.1211,210.4,461.7572,301.5314,0.48,0.83,3.88,1.96,0.0,3.5819,2.8622085
7/15/12 5:00,5943.4211,185.9,461.8952,301.2821,0.15,1.4,4.93,0.51,8.6769,4.7641,2.594192
7/15/12 5:30,5945.7211,185.8,461.9964,301.5977,0.19,1.85,7.37,0.74,48.7117,7.3047,1.8506698
7/15/12 6:00,5947.9961,200.7,452.0565,301.9249,0.61,1.62,7.61,2.69,100.32,7.6126,4.2850905
7/15/12 6:30,5950.2461,201.7,452.133,302.3676,0.71,1.8,9.01,3.33,176.2452,8.9346,3.001554
7/15/12 7:00,5952.4711,211.6,442.2352,302.7923,1.22,1.98,12.02,6.3,179.0788,11.6134,1.4052835
7/15/12 7:30,5954.6711,210.5,442.3452,303.3739,0.91,1.54,9.94,5.05,281.9024,9.1873,2.8910585
7/15/12 8:00,5956.8711,203.9,442.4156,304.5283,0.92,2.08,16.06,6.51,463.5903,13.9116,1.5014117
7/15/12 8:30,5959.0961,195.1,452.511,304.7731,0.67,2.5,19.47,5.07,389.9062,15.4443,2.4977176
7/15/12 9:00,5961.3211,209.5,442.486,305.1458,1.12,1.99,19.03,9.37,286.8266,13.4564,3.3603903
7/15/12 9:30,5963.4961,197.2,432.4682,305.6949,0.91,2.94,29.69,8.78,327.3596,18.0711,3.6000761
7/15/12 10:00,5965.6461,189.9,432.5499,305.4099,0.63,3.59,33.89,5.83,237.2165,16.9474,2.0450611
7/15/12 10:30,5967.7711,195.9,422.478,305.9639,0.97,3.4,36.49,10.0,261.9372,13.963,4.339617
7/15/12 11:00,5969.8711,192.6,422.5284,306.2271,0.64,2.88,31.12,6.79,143.8951,8.0538,3.4117433
7/15/12 11:30,5971.9461,209.8,412.4108,307.1976,1.53,2.67,38.95,19.36,91.6157,5.0836,3.8150086
7/15/12 12:00,5973.9961,221.7,412.3452,307.641,2.3,2.58,51.54,34.29,0.0,0.0,6.694354
7/15/12 12:30,5976.0211,226.0,402.168,307.8368,2.77,2.68,62.57,45.01,-111.048,-8.1665,4.2229476
7/15/12 13:00,5978.0211,220.0,402.108,308.3082,2.34,2.79,64.3,41.33,-203.1805,-16.6418,6.273144
7/15/12 13:30,5979.9961,214.7,392.0397,308.1157,2.28,3.29,67.88,38.64,-295.6134,-25.976,5.915404
7/15/12 14:00,5981.9461,191.0,392.0163,308.0331,0.75,3.88,59.65,11.38,-397.6595,-29.827,4.5366048
7/15/12 14:30,5983.8711,185.2,381.9494,307.8757,0.38,4.12,61.61,5.58,-423.7339,-37.5067,1.6974186
7/15/12 15:00,5985.7711,192.9,381.9494,308.0197,0.89,3.87,61.09,13.64,-511.9637,-43.1988,2.8398209
7/15/12 15:30,5987.6461,187.9,371.8907,307.3189,0.6,4.29,57.55,7.91,-456.198,-45.658,3.2768984
7/15/12 16:00,5989.4961,189.1,371.9277,306.7018,0.61,3.83,46.18,7.3,-435.0279,-39.989,3.5736495
7/15/12 16:30,5991.3461,193.7,371.9314,306.1303,0.89,3.65,41.08,9.73,-307.9133,-37.9498,5.5502784
7/15/12 17:00,5993.1711,181.6,361.998,305.6644,0.1,3.54,36.68,1.02,-260.034,-35.4334,3.0024195
7/15/12 17:30,5994.9711,191.6,362.1024,305.1368,0.62,3.0,30.23,6.08,-117.6934,-29.9704,3.8672271
7/15/12 18:00,5996.7711,186.0,362.214,304.5563,0.38,3.59,32.59,3.41,-78.2,-32.5929,4.0533673
7/15/12 18:30,5998.5711,187.7,362.3436,303.9752,0.46,3.37,26.32,3.53,-43.2825,-26.0982,3.047137
7/15/12 19:00,6000.3711,180.6,362.4804,303.4106,0.04,3.44,22.29,0.23,-9.3801,-21.5338,3.2878614
7/15/12 19:30,6002.1711,181.1,362.5704,302.9871,0.06,3.2,18.54,0.36,0.0,-17.1242,2.4567506
7/15/12 20:00,6003.9711,185.0,362.6496,302.8056,0.28,3.19,17.89,1.56,0.0,-15.4955,1.9968816
7/15/12 20:30,6005.7711,178.2,362.7072,302.4742,-0.1,3.33,16.72,-0.53,0.0,-13.2688,3.238124
7/15/12 21:00,6007.5711,174.2,362.7756,302.225,-0.33,3.28,14.9,-1.51,0.0,-10.5365,2.9125229
7/15/12 21:30,6009.3711,175.8,362.8044,301.8944,-0.23,3.12,11.61,-0.85,0.0,-7.0684,1.9201983
7/15/12 22:00,6011.1711,185.0,362.8548,301.9802,0.21,2.46,9.63,0.84,0.0,-4.8154,3.3722188
7/15/12 22:30,6012.9461,190.9,352.8175,302.1541,0.51,2.63,11.74,2.22,0.0,-4.4939,3.9217536
7/15/12 23:00,6014.6961,197.2,352.849,302.1301,0.74,2.38,10.64,3.15,0.0,-2.7527,3.540472
7/15/12 23:30,6016.4461,194.9,352.807,302.0338,0.73,2.73,11.41,2.93,0.0,-1.4893,3.6452552
7/16/12 0:00,6018.1961,182.5,352.7825,301.7822,0.09,2.07,7.8,0.34,0.0,0.0,2.5727853
7/16/12 0:30,6019.9461,185.4,352.765,301.6071,0.16,1.66,5.91,0.56,0.0,0.7719,3.2087547
7/16/12 1:00,6021.6961,202.1,352.7335,301.6568,0.9,2.22,9.27,3.49,0.0,2.3999,2.5968462
7/16/12 1:30,6023.4461,196.8,352.709,301.5852,0.71,2.36,9.77,2.82,0.0,3.7389,3.4668468
7/16/12 2:00,6025.1961,199.0,352.639,301.4989,1.01,2.93,12.51,4.07,0.0,6.2567,2.7003023
7/16/12 2:30,6026.9461,208.3,352.611,301.4844,1.35,2.51,11.94,5.66,0.0,7.2668,2.8622085
7/16/12 3:00,6028.6961,206.2,352.6285,301.5027,1.01,2.06,10.8,4.77,0.0,7.6352,2.3354075
7/16/12 3:30,6030.4211,200.8,342.5432,301.697,1.24,3.26,19.38,6.88,0.0,15.3785,1.5333775
7/16/12 4:00,6032.1211,208.5,342.6554,301.3344,1.08,1.99,11.32,5.4,0.0,9.8054,2.0782386
7/16/12 4:30,6033.8211,208.1,342.72,301.1657,1.03,1.93,10.93,5.15,0.0,10.098,3.6221175
7/16/12 5:00,6035.5211,209.7,342.7472,301.1838,1.22,2.14,13.07,6.47,6.7934,12.6217,2.8674592
7/16/12 5:30,6037.2211,217.3,342.8526,301.1665,1.16,1.52,9.41,5.7,40.7771,9.3309,4.1479953
7/16/12 6:00,6038.9211,211.5,342.958,301.5307,0.91,1.49,8.72,4.55,90.529,8.7167,4.5630891
7/16/12 6:30,6040.6211,209.7,342.9852,302.1761,0.93,1.63,10.51,5.21,198.7906,10.4231,3.0994132
7/16/12 7:00,6042.3461,212.6,353.1395,303.0689,1.22,1.9,15.36,8.27,298.8787,14.8334,2.6479684
7/16/12 7:30,6044.0961,213.6,353.1885,303.5246,1.56,2.35,21.84,12.09,321.7946,20.181,4.4017022
7/16/12 8:00,6045.8711,213.3,363.3516,304.2499,1.2,1.83,19.71,10.82,365.519,17.0706,3.852629
7/16/12 8:30,6047.6711,214.2,363.384,304.9552,1.46,2.16,28.3,15.91,421.1175,22.4549,3.4194174
7/16/12 9:00,6049.4711,219.7,363.3768,305.3787,1.9,2.28,37.37,23.87,416.8154,26.422,3.9843004
7/16/12 9:30,6051.2461,207.3,353.269,305.8761,1.29,2.5,37.16,17.04,400.2113,22.6215,3.9672789
7/16/12 10:00,6052.9711,199.3,343.1552,306.3998,0.92,2.62,38.18,12.62,361.6965,19.0921,5.3933344
7/16/12 10:30,6054.6461,182.3,332.9865,306.4913,0.15,3.73,48.18,1.93,287.5958,18.4393,3.5276049
7/16/12 11:00,6056.2711,177.4,322.816,306.7975,-0.17,3.68,49.23,-2.23,201.7549,12.7418,2.9399304
7/16/12 11:30,6057.8711,177.8,322.7744,307.2023,-0.14,3.62,49.58,-1.9,107.9839,6.472,3.9380827
7/16/12 12:00,6059.4711,181.9,322.7296,307.3105,0.13,3.94,55.42,1.84,0.0,0.0,4.7202062
7/16/12 12:30,6061.0461,192.1,312.5699,307.467,0.83,3.85,57.45,12.04,-115.4466,-7.4986,4.2803014
7/16/12 13:00,6062.5961,187.7,312.5358,307.4691,0.57,4.2,63.15,8.46,-227.2757,-16.344,3.3072486
7/16/12 13:30,6064.1461,179.4,312.4862,307.6721,-0.04,4.16,61.68,-0.65,-332.5002,-23.602,3.9459299
7/16/12 14:00,6065.6711,182.0,302.361,307.6911,0.15,4.42,65.32,2.28,-420.0405,-32.6608,4.4429577
7/16/12 14:30,6067.1461,191.6,292.2272,307.5853,0.86,4.2,62.53,12.57,-462.4681,-38.0675,5.0377293
7/16/12 15:00,6068.5961,184.0,292.2243,307.4439,0.29,4.17,59.96,4.18,-481.9802,-42.3992,3.463154
7/16/12 15:30,6070.0211,191.8,282.1112,307.1061,0.84,4.01,56.53,11.56,-467.7453,-44.8458,3.206966
7/16/12 16:00,6071.4211,180.1,282.086,306.8054,0.01,4.52,61.04,0.11,-434.672,-52.8606,2.8900776
7/16/12 16:30,6072.8211,189.0,282.0776,306.3914,0.74,4.65,61.17,9.57,-485.0571,-56.5134,4.8258549
7/16/12 17:00,6074.2211,182.6,282.0608,306.0627,0.18,3.89,46.32,2.1,-428.7822,-44.7373,3.2091009
7/16/12 17:30,6075.6211,181.7,282.03,305.7534,0.1,3.4,39.06,1.16,-240.9905,-38.7212,3.3022287
7/16/12 18:00,6077.0211,178.7,282.0272,305.376,-0.07,3.21,34.89,-0.79,-152.112,-34.8927,3.6485441
7/16/12 18:30,6078.4211,178.5,282.1252,304.9318,-0.07,2.62,26.81,-0.7,-98.6874,-26.5806,3.1882135
7/16/12 19:00,6079.8211,179.5,282.1644,304.4205,-0.01,1.67,15.55,-0.14,-21.3354,-15.0199,3.0814108
7/16/12 19:30,6081.2211,174.6,282.1924,303.9175,-0.22,2.33,20.05,-1.89,0.0,-18.5273,2.6106942
7/16/12 20:00,6082.6211,186.3,282.3072,303.6666,0.23,2.12,17.65,1.94,0.0,-15.2891,3.4617692
7/16/12 20:30,6084.0211,184.0,282.3772,303.3284,0.12,1.74,13.12,0.92,0.0,-10.4112,2.8337047
7/16/12 21:00,6085.4211,178.7,282.4192,303.0255,-0.05,2.24,15.58,-0.35,0.0,-11.0155,1.7628504
7/16/12 21:30,6086.8211,176.9,282.4668,302.9326,-0.1,1.89,13.18,-0.71,0.0,-8.0225,2.0822199
7/16/12 22:00,6088.2211,164.0,282.5228,302.6922,-0.5,1.76,11.81,-3.25,0.0,-5.9027,3.2141785
7/16/12 22:30,6089.6211,173.0,282.5396,302.4788,-0.18,1.49,8.98,-1.09,0.0,-3.4372,2.6291582
7/16/12 23:00,6091.0211,167.0,282.6012,302.0988,-0.33,1.41,7.43,-1.67,0.0,-1.9225,2.1092812
7/16/12 23:30,6092.4211,167.9,282.5816,302.0356,-0.38,1.76,9.34,-1.96,0.0,-1.219,3.1730961
7/17/12 0:00,6093.8211,162.7,282.534,301.8942,-0.43,1.38,7.2,-2.14,0.0,0.0,2.6468144
7/17/12 0:30,6095.2211,169.7,282.5396,301.877,-0.29,1.57,7.96,-1.42,0.0,1.039,2.8952706
7/17/12 1:00,6096.6461,153.3,292.6361,301.6099,-0.54,1.06,5.45,-2.45,0.0,1.4109,2.8952706
7/17/12 1:30,6098.0961,149.9,292.6448,301.3894,-0.47,0.82,3.92,-1.97,0.0,1.4999,2.9012714
7/17/12 2:00,6099.5461,160.7,292.6187,301.2065,-0.24,0.69,2.81,-0.93,0.0,1.403,2.9038102
7/17/12 2:30,6101.0211,105.2,302.664,300.876,-0.78,0.21,2.68,-2.58,0.0,1.6299,2.8989057
7/17/12 3:00,6102.5211,116.8,302.649,300.8676,-0.72,0.36,2.66,-2.38,0.0,1.8828,2.8989057
7/17/12 3:30,6104.0211,148.9,302.652,300.767,-0.51,0.85,2.86,-1.48,0.0,2.2655,2.9031178
7/17/12 4:00,6105.5211,157.5,302.697,300.7626,-0.27,0.64,1.96,-0.75,0.0,1.7009,2.9031178
7/17/12 4:30,6107.0211,75.9,302.763,300.5124,-0.4,-0.1,1.07,-1.03,0.0,0.9848,2.8612853
7/17/12 5:00,6108.5461,56.1,312.8861,300.1961,-0.47,-0.32,1.19,-0.99,7.0155,1.1467,2.8768066
7/17/12 5:30,6110.0961,83.5,312.9419,300.3163,-0.18,-0.02,0.32,-0.32,66.8868,0.3201,2.9762237
7/17/12 6:00,6111.6461,276.7,313.0411,301.4863,0.26,-0.03,0.71,0.71,154.135,0.715,2.3649499
7/17/12 6:30,6113.1961,248.2,313.1062,303.0212,0.7,0.28,4.13,3.84,248.7614,4.0974,2.7685614
7/17/12 7:00,6114.7461,232.4,313.1992,304.1137,1.17,0.9,11.31,8.96,339.2438,10.9229,1.8326674
7/17/12 7:30,6116.2961,231.0,313.2457,304.9289,1.15,0.93,13.43,10.44,418.1765,12.4105,3.8072768
7/17/12 8:00,6117.8211,215.3,303.105,305.7048,0.98,1.38,18.16,10.49,474.8166,15.7238,4.185558
7/17/12 8:30,6119.3211,204.5,303.114,306.391,0.58,1.28,17.16,7.12,503.9127,13.6154,3.642601
7/17/12 9:00,6120.7961,204.6,293.0421,306.9322,0.6,1.32,19.33,8.05,503.2401,13.6704,3.0221529
7/17/12 9:30,6122.2211,174.6,282.9092,307.2933,-0.16,1.69,22.82,-2.15,474.5752,13.8898,2.867113
7/17/12 10:00,6123.6211,169.7,282.884,307.6454,-0.32,1.76,25.57,-4.57,418.709,12.7868,2.89077
7/17/12 10:30,6125.0211,184.0,282.842,308.0723,0.13,1.92,29.22,2.04,339.816,11.1822,3.1675569
7/17/12 11:00,6126.3961,179.7,272.6865,308.3733,-0.01,2.07,33.0,-0.17,238.5494,8.5421,3.8357806
7/17/12 11:30,6127.7461,191.9,272.646,308.6536,0.46,2.18,36.13,7.45,121.2813,4.7162,4.2677228
7/17/12 12:00,6129.0961,188.8,272.6379,308.9159,0.31,2.03,35.28,5.4,0.0,0.0,4.4742311
7/17/12 12:30,6130.4461,174.6,272.5974,309.2853,-0.14,1.49,27.05,-2.55,-121.8996,-3.5305,2.4374211
7/17/12 13:00,6131.7711,181.9,262.4024,309.5419,0.06,1.82,33.83,1.12,-235.8054,-8.7566,4.2659341
7/17/12 13:30,6133.0711,158.8,262.3452,309.5893,-0.83,2.13,44.33,-16.03,-335.5116,-16.9653,4.6511393
7/17/12 14:00,6134.3461,165.5,252.1975,309.7515,-0.6,2.33,47.61,-11.92,-416.8995,-23.804,5.425531
7/17/12 14:30,6135.5961,171.0,252.175,309.65,-0.38,2.43,48.45,-7.58,-471.4358,-29.4957,3.7445569
7/17/12 15:00,6136.8211,188.2,242.0736,309.1938,0.43,2.97,55.63,7.93,-504.9754,-39.3349,3.7314013
7/17/12 15:30,6138.0211,177.7,242.0976,308.353,-0.11,2.85,49.49,-1.99,-383.6165,-39.263,5.877899
7/17/12 16:00,6139.2211,170.7,242.0928,307.4856,-0.43,2.63,41.2,-6.66,-242.0099,-35.6805,5.7294369
7/17/12 16:30,6140.4211,166.0,242.1384,306.7868,-0.67,2.68,40.21,-9.73,-176.8315,-37.1486,5.1734397
7/17/12 17:00,6141.6211,167.4,242.1624,306.3061,-0.55,2.46,33.96,-7.41,-164.304,-32.8016,3.6662003
7/17/12 17:30,6142.8211,172.1,242.1576,306.0091,-0.37,2.68,35.25,-4.85,-119.6515,-34.9514,4.629848
7/17/12 18:00,6144.0211,,242.2584,305.4053,,,6.6,,-42.278,-6.5996,3.1489775
7/17/12 18:30,6145.2211,134.1,242.3592,304.6784,-0.92,0.9,12.17,-8.74,-11.5593,-12.0619,2.8330123
7/17/12 19:00,6146.4211,118.4,242.4768,304.237,-1.21,0.65,11.92,-10.48,-5.1658,-11.5129,2.2074866
7/17/12 19:30,6147.6211,108.2,242.4816,303.912,-1.08,0.35,9.35,-8.88,0.0,-8.6407,2.9568365
7/17/12 20:00,6148.8211,118.0,242.5872,303.5015,-0.81,0.43,5.85,-5.17,0.0,-5.0683,2.8481297
7/17/12 20:30,6150.0211,76.2,242.6976,303.4409,-1.57,-0.39,11.25,-10.93,0.0,-8.9259,2.8564962
7/17/12 21:00,6151.2211,74.4,242.7432,303.322,-2.57,-0.72,17.72,-17.07,0.0,-12.5306,7.081521
7/17/12 21:30,6152.4211,68.6,242.832,302.4873,-1.36,-0.53,7.59,-7.07,0.0,-4.6202,5.1175861
7/17/12 22:00,6153.6211,82.9,242.8608,301.7728,-1.22,-0.15,5.97,-5.93,0.0,-2.987,2.8981556
7/17/12 22:30,6154.8211,80.7,242.8296,301.1682,-1.52,-0.25,7.08,-6.99,0.0,-2.7103,2.9068106
7/17/12 23:00,6156.0211,86.4,242.8248,300.9831,-1.77,-0.11,8.16,-8.14,0.0,-2.1108,2.9068106
7/17/12 23:30,6157.2211,83.3,242.8368,300.7915,-1.73,-0.2,7.79,-7.73,0.0,-1.0165,3.1699803
7/18/12 0:00,6158.4211,77.2,242.8224,300.5692,-1.72,-0.39,7.51,-7.32,0.0,0.0,5.0774269
7/18/12 0:30,6159.6461,79.1,252.9425,300.3903,-1.75,-0.34,7.31,-7.18,0.0,0.9539,4.0419427
7/18/12 1:00,6160.8961,86.0,252.95,300.1559,-1.44,-0.1,5.54,-5.53,0.0,1.4345,2.8818265
7/18/12 1:30,6162.1461,97.8,252.9475,300.1133,-0.8,0.11,3.23,-3.2,0.0,1.2353,2.8818265
7/18/12 2:00,6163.3961,102.8,252.9125,299.8778,-1.23,0.28,4.88,-4.76,0.0,2.4381,2.8851731
7/18/12 2:30,6164.6461,101.4,252.9225,299.6961,-1.16,0.23,4.3,-4.22,0.0,2.6195,2.9099841
7/18/12 3:00,6165.8961,97.0,252.915,299.5634,-1.33,0.16,4.74,-4.71,0.0,3.352,2.886731
7/18/12 3:30,6167.1461,85.6,252.9325,299.3864,-0.4,-0.03,1.17,-1.17,0.0,0.9319,2.909234
7/18/12 4:00,6168.4211,86.7,263.0992,299.3212,-0.2,-0.01,0.51,-0.51,0.0,0.4457,2.8975209
7/18/12 4:30,6169.7211,91.5,263.1642,299.1575,-0.41,0.01,1.08,-1.08,0.0,0.9943,2.8605929
7/18/12 5:00,6171.0461,185.6,273.2886,298.8111,0.03,0.33,0.68,0.07,5.4121,0.6527,2.8625547
7/18/12 5:30,6172.3961,126.2,273.3021,299.0116,-0.33,0.24,0.99,-0.8,45.9723,0.9839,2.9410844
7/18/12 6:00,6173.7461,88.7,273.3372,299.4173,-0.63,-0.01,1.95,-1.95,93.838,1.9503,3.9309856
7/18/12 6:30,6175.0961,99.7,273.3912,299.7218,-0.85,0.15,3.16,-3.12,127.6892,3.1333,3.700878
7/18/12 7:00,6176.4711,110.6,283.5168,300.5362,-1.23,0.46,5.7,-5.34,307.744,5.509,2.2706681
7/18/12 7:30,6177.8711,106.0,283.4944,301.7462,-1.42,0.41,9.18,-8.82,453.4549,8.4781,2.8313967
7/18/12 8:00,6179.2711,84.4,283.5084,302.6956,-1.21,-0.12,9.56,-9.51,486.6483,8.2791,4.1754028
7/18/12 8:30,6180.6461,84.4,273.3102,303.3629,-1.16,-0.11,10.43,-10.39,455.0548,8.2786,3.4414011
7/18/12 9:00,6181.9961,76.4,273.2427,303.8042,-0.44,-0.11,4.2,-4.08,394.0282,2.9673,3.3609673
7/18/12 9:30,6183.3461,123.9,273.213,304.5094,-0.23,0.16,2.88,-2.39,417.4947,1.7541,4.5663203
7/18/12 10:00,6184.6711,92.1,263.068,304.7073,-0.68,0.02,7.27,-7.27,276.257,3.6361,4.8911713
7/18/12 10:30,6185.9711,67.4,263.003,304.9144,-1.36,-0.57,15.5,-14.31,224.0099,5.93,7.029014
7/18/12 11:00,6187.2461,128.1,252.84,305.5462,-0.99,0.77,14.68,-11.55,200.6122,3.7987,5.1712471
7/18/12 11:30,6188.4961,117.1,252.7775,305.4825,-1.39,0.71,18.23,-16.23,73.7222,2.379,3.0300578
7/18/12 12:00,6189.7461,139.1,252.7225,305.9235,-0.86,0.99,15.6,-10.21,0.0,0.0,4.411742
7/18/12 12:30,6190.9711,128.8,242.52,306.3033,-0.89,0.72,14.32,-11.16,-105.8141,-1.8686,3.7260929
7/18/12 13:00,6192.1711,119.2,242.4552,306.2471,-1.6,0.89,21.53,-18.8,-128.6667,-5.5736,5.0742534
7/18/12 13:30,6193.3711,106.1,242.3352,306.3763,-2.18,0.63,27.92,-26.82,-241.513,-10.683,6.435858
7/18/12 14:00,6194.5711,89.3,242.2848,306.5989,-2.19,-0.03,28.45,-28.45,-369.553,-14.2273,7.462918
7/18/12 14:30,6195.7711,82.0,242.2368,306.5445,-2.14,-0.3,26.66,-26.4,-403.9223,-16.2276,8.17032
7/18/12 15:00,6196.9711,74.6,242.1744,306.2839,-2.81,-0.77,35.08,-33.82,-504.1311,-24.8039,8.254562
7/18/12 15:30,6198.1711,82.0,242.1264,305.7407,-2.85,-0.4,33.23,-32.91,-384.5971,-26.3626,5.1067962
7/18/12 16:00,6199.3711,76.8,242.088,305.2826,-2.38,-0.56,26.47,-25.77,-213.7143,-22.9272,3.9583354
7/18/12 16:30,6200.5711,87.8,242.0352,305.1049,-2.13,-0.08,22.67,-22.65,-212.0996,-20.9438,8.277642
7/18/12 17:00,6201.7711,98.5,242.0112,305.2252,-2.51,0.37,25.64,-25.36,-179.6651,-24.7678,5.2223116
7/18/12 17:30,6202.9711,78.5,242.052,304.368,-3.07,-0.63,28.86,-28.28,-110.5729,-28.6108,2.8995404
7/18/12 18:00,6204.1711,90.5,242.0592,303.8542,-2.71,0.02,21.02,-21.02,-50.549,-21.0215,5.6552347
7/18/12 18:30,6205.3711,87.8,242.1168,303.1856,-2.32,-0.09,13.8,-13.78,-21.0543,-13.677,2.8759411
7/18/12 19:00,6206.5711,84.5,242.1552,302.2475,-2.94,-0.28,13.04,-12.98,-4.3621,-12.5946,5.2960522
7/18/12 19:30,6207.7961,89.7,252.255,301.5155,-2.92,-0.02,10.88,-10.88,0.0,-10.0529,5.778078
7/18/12 20:00,6209.0461,87.6,252.3,301.0131,-3.13,-0.13,10.45,-10.44,0.0,-9.0484,4.5458368
7/18/12 20:30,6210.2961,87.9,252.4075,300.4164,-2.99,-0.11,8.13,-8.12,0.0,-6.4496,2.8908277
7/18/12 21:00,6211.5461,78.5,252.4375,300.0422,-2.6,-0.53,5.89,-5.77,0.0,-4.1631,5.957525
7/18/12 21:30,6212.7961,93.4,252.395,299.8011,-1.93,0.11,3.68,-3.67,0.0,-2.2393,2.8969439
7/18/12 22:00,6214.0711,92.1,262.47,299.7261,-1.6,0.06,2.81,-2.81,0.0,-1.4066,4.9406202
7/18/12 22:30,6215.3711,107.5,262.4466,299.8099,-1.27,0.4,2.25,-2.14,0.0,-0.8602,5.1862491
7/18/12 23:00,6216.6961,76.8,272.4516,299.834,-1.0,-0.23,1.78,-1.74,0.0,-0.4615,2.9165042
7/18/12 23:30,6218.0461,109.4,272.3679,299.8212,-0.46,0.16,0.79,-0.74,0.0,-0.1027,2.8997135
7/19/12 0:00,6219.4211,66.4,282.4024,299.8058,-0.5,-0.22,0.85,-0.78,0.0,0.0,2.8983287
7/19/12 0:30,6220.8211,39.7,282.3324,299.8402,-0.47,-0.56,1.16,-0.74,0.0,0.1513,2.9030024
7/19/12 1:00,6222.2211,53.9,282.2764,299.8621,-0.5,-0.36,0.95,-0.77,0.0,0.2464,2.9261978
7/19/12 1:30,6223.6461,159.6,292.2562,299.8558,-0.25,0.66,1.0,-0.35,0.0,0.3812,2.9009829
7/19/12 2:00,6225.0961,54.7,292.1605,299.8807,-0.27,-0.19,0.43,-0.35,0.0,0.2135,2.9009829
7/19/12 2:30,6226.5461,348.3,292.1228,299.7312,0.1,-0.5,0.62,0.13,0.0,0.3766,2.8944628
7/19/12 3:00,6227.9961,14.7,292.1547,299.5785,-0.1,-0.37,0.42,-0.11,0.0,0.3002,2.9066952
7/19/12 3:30,6229.4711,270.7,302.163,299.5935,0.28,0.0,0.37,0.37,0.0,0.2921,2.9066952
7/19/12 4:00,6230.9711,248.2,302.106,299.6512,0.79,0.32,1.13,1.05,0.0,0.9785,2.9133884
7/19/12 4:30,6232.4961,212.5,312.1824,299.6628,0.06,0.1,0.14,0.08,0.0,0.1308,2.9005213
7/19/12 5:00,6234.0461,18.0,312.1638,299.6144,-0.11,-0.35,0.42,-0.13,7.6395,0.4042,2.9016753
7/19/12 5:30,6235.6211,53.7,322.272,299.6466,-0.43,-0.31,0.6,-0.48,36.387,0.5938,2.9954955
7/19/12 6:00,6237.2211,41.1,322.2816,300.0248,-0.27,-0.31,0.66,-0.43,111.421,0.6576,3.0887964
7/19/12 6:30,6238.7711,315.0,302.136,300.7754,0.49,-0.49,1.53,1.08,151.119,1.5153,2.4367287
7/19/12 7:00,6240.2711,3.6,302.136,301.5324,-0.03,-0.54,1.69,-0.11,249.2069,1.6333,3.4245527
7/19/12 7:30,6241.7711,271.8,302.148,302.1835,0.24,-0.01,0.94,0.94,383.9717,0.8717,3.4825412
7/19/12 8:00,6243.2461,272.5,292.088,303.0063,0.87,-0.04,4.27,4.27,546.6188,3.6979,0.5964449
7/19/12 8:30,6244.6961,280.4,292.059,303.6942,1.0,-0.18,5.79,5.69,407.4441,4.5911,2.7825825
7/19/12 9:00,6246.1461,275.2,292.0184,304.758,0.6,-0.05,4.55,4.53,517.1708,3.219,4.9248681
7/19/12 9:30,6247.5711,260.7,281.9684,305.8204,0.66,0.11,6.42,6.33,413.4008,3.9065,4.1817498
7/19/12 10:00,6248.9711,89.6,281.9152,306.4117,-0.82,-0.01,10.86,-10.86,427.4805,5.4281,2.6191184
7/19/12 10:30,6250.3461,70.8,271.7982,306.7916,-1.59,-0.55,24.3,-22.95,350.1113,9.2982,4.8289707
7/19/12 11:00,6251.6961,69.6,271.7658,306.9525,-1.51,-0.56,25.22,-23.64,239.0737,6.5276,7.936058
7/19/12 11:30,6253.0461,81.3,271.7064,307.3404,-2.36,-0.36,34.98,-34.58,123.2833,4.5662,7.130566
7/19/12 12:00,6254.3961,94.6,271.6929,306.6778,-3.69,0.3,47.2,-47.04,0.0,0.0,5.6181913
7/19/12 12:30,6255.7211,87.4,261.6198,305.5757,-3.88,-0.18,46.16,-46.11,-120.9235,-6.0247,8.303607
7/19/12 13:00,6257.0211,88.8,261.6042,304.6267,-4.23,-0.09,52.6,-52.59,-235.8258,-13.6149,4.6351564
7/19/12 13:30,6258.3211,81.3,261.5704,303.489,-4.38,-0.67,60.0,-59.31,-337.9225,-22.9606,5.293975
7/19/12 14:00,6259.5961,75.2,251.4875,303.1045,-4.51,-1.19,64.97,-62.82,-419.8475,-32.4872,4.7214179
7/19/12 14:30,6260.8461,82.3,251.4575,302.4562,-4.9,-0.66,66.63,-66.03,-487.8833,-40.5625,6.026188
7/19/12 15:00,6262.0961,84.0,251.45,301.7787,-4.5,-0.47,54.47,-54.17,-447.0032,-38.5164,6.300263
7/19/12 15:30,6263.3211,85.1,241.4016,301.1668,-4.48,-0.38,50.65,-50.47,-461.7063,-40.1849,2.9419499
7/19/12 16:00,6264.5211,86.3,241.4832,300.4163,-4.36,-0.28,43.89,-43.8,-419.8474,-38.0076,6.354501
7/19/12 16:30,6265.7211,91.7,241.5384,299.7059,-4.43,0.13,42.56,-42.54,-349.2071,-39.3194,5.6125944
7/19/12 17:00,6266.9211,94.4,241.6296,299.7705,-3.63,0.28,32.95,-32.86,-346.3849,-31.8301,3.7801578
7/19/12 17:30,6268.1211,90.2,241.68,298.6446,-4.21,0.01,31.27,-31.27,-217.1641,-31.0053,3.1097415
7/19/12 18:00,6269.3211,74.1,241.728,297.6321,-4.16,-1.18,24.42,-23.48,-131.657,-24.418,3.0162098
7/19/12 18:30,6270.5211,78.4,241.8504,296.455,-4.03,-0.83,16.99,-16.65,-28.5001,-16.8496,5.918289
7/19/12 19:00,6271.7211,80.2,241.9104,295.731,-3.96,-0.68,13.37,-13.18,-0.7148,-12.9183,4.3310774
7/19/12 19:30,6272.9211,71.3,241.968,295.5537,-3.69,-1.25,12.67,-12.0,0.0,-11.7047,5.294552
7/19/12 20:00,6274.1211,66.7,242.1144,295.3084,-3.69,-1.59,12.72,-11.68,0.0,-11.0167,6.457784
7/19/12 20:30,6275.3211,71.8,242.2368,295.0954,-3.61,-1.19,11.07,-10.52,0.0,-8.7821,6.499328
7/19/12 21:00,6276.5211,69.5,242.2992,294.8447,-3.76,-1.4,11.23,-10.52,0.0,-7.9414,4.6929718
7/19/12 21:30,6277.7211,63.0,242.4216,294.8465,-2.83,-1.44,8.65,-7.7,0.0,-5.2642,4.4753851
7/19/12 22:00,6278.9211,61.6,242.4528,294.5955,-3.21,-1.73,9.48,-8.34,0.0,-4.7416,4.173441
7/19/12 22:30,6280.1211,60.8,242.4504,294.3771,-2.86,-1.6,8.65,-7.55,0.0,-3.3107,4.2630491
7/19/12 23:00,6281.3211,59.0,242.4336,294.1443,-3.02,-1.82,10.02,-8.59,0.0,-2.5934,4.8539548
7/19/12 23:30,6282.5211,61.4,242.4432,293.9549,-2.92,-1.59,9.71,-8.52,0.0,-1.2672,4.2700308
7/20/12 0:00,6283.7211,58.8,242.46,293.8589,-3.0,-1.82,10.15,-8.68,0.0,0.0,5.3933921
7/20/12 0:30,6284.9211,58.0,242.4312,293.7322,-2.97,-1.86,10.44,-8.85,0.0,1.3627,6.569145
7/20/12 1:00,6286.1211,56.8,242.4096,293.6655,-2.81,-1.84,10.6,-8.87,0.0,2.7444,4.2700308
7/20/12 1:30,6287.3211,57.9,242.3496,293.5918,-2.68,-1.68,9.92,-8.4,0.0,3.7959,4.2700308
7/20/12 2:00,6288.5211,56.4,242.3352,293.5065,-2.34,-1.56,8.88,-7.39,0.0,4.4391,5.862897
7/20/12 2:30,6289.7461,55.7,252.4375,293.4577,-2.1,-1.43,8.17,-6.75,0.0,4.9732,4.3397901
7/20/12 3:00,6290.9961,56.6,252.425,293.412,-2.28,-1.51,8.74,-7.3,0.0,6.1809,4.2700308
7/20/12 3:30,6292.2461,62.6,252.4275,293.3747,-1.7,-0.88,5.38,-4.78,0.0,4.2682,6.162937
7/20/12 4:00,6293.4961,59.5,252.4575,293.3277,-1.69,-0.99,5.48,-4.72,0.0,4.743,5.5035991
7/20/12 4:30,6294.7461,59.4,252.4925,293.213,-1.92,-1.14,6.24,-5.37,0.0,5.7641,5.858281
7/20/12 5:00,6296.0211,61.2,262.613,293.2175,-1.7,-0.93,5.78,-5.07,3.8956,5.5842,4.2442966
7/20/12 5:30,6297.3211,64.2,262.6416,293.2164,-1.77,-0.85,6.1,-5.5,14.5138,6.0524,4.1252038
7/20/12 6:00,6298.6211,72.3,262.6884,293.3012,-1.52,-0.49,5.06,-4.82,32.559,5.0593,4.1195492
7/20/12 6:30,6299.9211,69.8,262.7196,293.5641,-1.54,-0.57,5.71,-5.36,86.8188,5.6628,3.5229312
7/20/12 7:00,6301.2461,55.3,272.8701,293.794,-1.83,-1.27,8.37,-6.88,101.7825,8.0862,4.8112568
7/20/12 7:30,6302.5711,60.5,262.7716,293.8831,-1.83,-1.04,8.1,-7.05,83.5908,7.4815,4.2924184
7/20/12 8:00,6303.8961,66.4,272.8728,293.9901,-1.76,-0.77,7.13,-6.53,106.3817,6.1725,4.0999312
7/20/12 8:30,6305.2461,61.0,272.8701,294.1154,-1.82,-1.01,8.22,-7.19,130.6264,6.5187,4.3090937
7/20/12 9:00,6306.5961,64.8,272.8755,294.3297,-1.51,-0.71,6.71,-6.07,105.9854,4.745,3.2628773
7/20/12 9:30,6307.9461,73.9,272.9052,294.2012,-2.14,-0.62,8.72,-8.38,104.1506,5.3089,4.3205183
7/20/12 10:00,6309.2961,74.1,272.9106,294.3745,-2.46,-0.7,10.12,-9.74,134.233,5.0619,4.1771915
7/20/12 10:30,6310.6461,75.5,272.9295,294.5378,-2.82,-0.73,11.93,-11.55,98.9834,4.5663,3.9577007
7/20/12 11:00,6311.9711,77.2,262.8444,294.4078,-2.46,-0.56,10.42,-10.16,49.6707,2.6977,3.4145129
7/20/12 11:30,6313.2711,73.4,262.8288,294.4316,-2.78,-0.83,12.46,-11.94,30.1574,1.6267,4.3989903
7/20/12 12:00,6314.5711,72.8,262.8106,294.3758,-2.83,-0.88,13.32,-12.73,0.0,0.0,3.6401776
7/20/12 12:30,6315.8711,74.0,262.8028,294.3693,-2.93,-0.84,14.5,-13.94,-28.9691,-1.8927,3.3202311
7/20/12 13:00,6317.1711,78.1,262.7898,294.4074,-2.96,-0.62,15.17,-14.84,-51.8839,-3.9253,3.141188
7/20/12 13:30,6318.4711,69.8,262.769,294.5831,-2.08,-0.76,11.1,-10.41,-63.437,-4.2465,3.2533568
7/20/12 14:00,6319.7461,79.7,252.625,294.5351,-2.38,-0.43,12.79,-12.59,-74.12,-6.3971,3.0949703
7/20/12 14:30,6320.9961,70.2,252.61,294.6051,-2.16,-0.78,12.9,-12.14,-88.5364,-7.8525,3.3031519
7/20/12 15:00,6322.2461,73.5,252.61,294.7436,-2.1,-0.62,12.43,-11.92,-103.5459,-8.7896,4.2568752
7/20/12 15:30,6323.4961,71.6,252.59,294.696,-2.06,-0.69,12.64,-11.99,-117.5353,-10.026,4.9038076
7/20/12 16:00,6324.7461,76.0,252.5875,294.6474,-2.18,-0.54,13.06,-12.67,-107.1914,-11.3067,3.8210671
7/20/12 16:30,6325.9961,71.7,252.5575,294.5363,-2.33,-0.77,14.04,-13.33,-100.7694,-12.9752,3.2337965
7/20/12 17:00,6327.2461,84.8,252.555,294.4016,-2.29,-0.21,13.08,-13.03,-72.7371,-12.6386,3.4041269
7/20/12 17:30,6328.4711,84.9,242.4456,294.3037,-2.32,-0.21,12.34,-12.29,-67.9249,-12.2332,3.3335598
7/20/12 18:00,6329.6711,82.8,242.4888,294.0723,-2.48,-0.31,12.73,-12.63,-38.161,-12.7301,3.7805617
7/20/12 18:30,6330.8711,70.6,242.5248,293.8599,-2.4,-0.85,12.44,-11.73,-14.9639,-12.3329,5.1946156
7/20/12 19:00,6332.0711,76.2,242.5656,293.6393,-1.87,-0.46,8.51,-8.27,-1.0171,-8.2234,3.2151594
7/20/12 19:30,6333.2711,74.0,242.5968,293.4617,-2.23,-0.64,9.6,-9.23,0.0,-8.8708,5.6297313
7/20/12 20:00,6334.4711,57.3,242.6544,293.3146,-2.38,-1.53,11.04,-9.29,0.0,-9.5595,3.7781383
7/20/12 20:30,6335.6711,66.5,242.7312,293.201,-2.45,-1.06,9.98,-9.15,0.0,-7.9185,3.5857088
7/20/12 21:00,6336.8711,62.2,242.784,293.0551,-2.54,-1.34,10.77,-9.53,0.0,-7.6144,4.5272574
7/20/12 21:30,6338.0711,60.0,242.7768,292.7454,-2.82,-1.63,12.6,-10.92,0.0,-7.6727,4.1214533
7/20/12 22:00,6339.2711,58.3,242.7696,292.7009,-2.8,-1.73,13.34,-11.35,0.0,-6.6722,3.4931003
7/20/12 22:30,6340.4711,59.4,242.808,292.6813,-2.58,-1.53,12.15,-10.46,0.0,-4.6504,4.7613463
7/20/12 23:00,6341.6711,63.4,242.8392,292.5928,-2.33,-1.16,9.66,-8.64,0.0,-2.5009,3.7042823
7/20/12 23:30,6342.8711,63.7,242.8464,292.4119,-2.35,-1.16,8.37,-7.51,0.0,-1.093,3.406031
7/21/12 0:00,6344.0711,61.3,242.844,292.3212,-2.06,-1.13,7.3,-6.4,0.0,0.0,5.2990526
7/21/12 0:30,6345.2711,63.4,242.7792,292.3157,-1.54,-0.77,5.34,-4.78,0.0,0.6971,4.9403317
7/21/12 1:00,6346.4711,57.6,242.736,292.302,-2.01,-1.28,7.95,-6.71,0.0,2.0573,4.5848997
7/21/12 1:30,6347.6711,58.7,242.7024,292.2075,-1.58,-0.96,5.74,-4.9,0.0,2.1949,3.455076
7/21/12 2:00,6348.8711,54.5,242.6568,292.1092,-1.61,-1.15,5.98,-4.87,0.0,2.9907,2.0032863
7/21/12 2:30,6350.0961,47.8,252.725,291.7033,-0.88,-0.8,2.44,-1.81,0.0,1.4855,4.2000407
7/21/12 3:00,6351.3961,356.4,272.9673,291.6456,0.03,-0.41,0.56,0.04,0.0,0.3992,4.355196
7/21/12 3:30,6352.7711,24.7,283.0744,291.5662,-0.26,-0.56,0.89,-0.37,0.0,0.7058,4.355196
7/21/12 4:00,6354.1961,14.3,293.219,291.6433,-0.18,-0.69,1.17,-0.29,0.0,1.0098,4.3365589
7/21/12 4:30,6355.6711,46.9,303.333,291.5532,-0.77,-0.72,1.93,-1.41,0.0,1.7796,4.355196
7/21/12 5:00,6357.1711,45.3,303.345,291.527,-0.92,-0.91,2.78,-1.98,7.9312,2.6843,4.6483697
7/21/12 5:30,6358.6711,24.8,303.381,291.7071,-0.42,-0.91,2.1,-0.88,27.703,2.0838,3.8638228
7/21/12 6:00,6360.1711,19.6,303.471,291.8069,-0.28,-0.8,1.57,-0.53,34.662,1.571,3.8638228
7/21/12 6:30,6361.6711,37.6,303.555,291.991,-0.65,-0.84,2.39,-1.46,35.1437,2.3677,3.8638228
7/21/12 7:00,6363.1961,39.2,313.6797,291.9094,-0.77,-0.94,2.49,-1.57,74.6419,2.4039,3.81397
7/21/12 7:30,6364.7461,32.8,313.658,292.4815,-0.69,-1.07,3.09,-1.68,266.737,2.8579,3.5840355
7/21/12 8:00,6366.2711,54.1,303.522,293.4669,-1.36,-0.99,6.02,-4.87,306.5072,5.2095,4.3063818
7/21/12 8:30,6367.7461,43.3,293.4249,293.7586,-1.4,-1.49,8.65,-5.94,307.5609,6.8661,3.4626347
7/21/12 9:00,6369.1961,46.9,293.4394,294.1552,-1.3,-1.22,8.44,-6.16,262.3988,5.9698,3.9814731
7/21/12 9:30,6370.6461,54.4,293.4684,294.4941,-1.22,-0.88,7.86,-6.39,223.3594,4.782,2.9239475
7/21/12 10:00,6372.0961,63.6,293.4858,294.919,-1.3,-0.64,8.12,-7.27,207.8375,4.0594,3.7743878
7/21/12 10:30,6373.5461,60.1,293.4684,295.4915,-0.83,-0.48,6.06,-5.25,212.524,2.3173,2.9137346
7/21/12 11:00,6374.9961,80.4,293.4684,295.5038,-0.77,-0.13,5.08,-5.01,71.6717,1.315,3.2186214
7/21/12 11:30,6376.4461,90.7,293.4568,295.667,-1.01,0.01,6.48,-6.48,32.5748,0.846,2.3198285
7/21/12 12:00,6377.8961,76.5,293.4191,295.5662,-0.68,-0.16,4.47,-4.34,0.0,0.0,2.4933324
7/21/12 12:30,6379.3461,108.7,293.3872,295.5816,-0.63,0.21,4.15,-3.93,-18.7413,-0.5411,2.2622439
7/21/12 13:00,6380.7961,16.5,293.3002,295.8564,-0.12,-0.41,2.9,-0.82,-82.5853,-0.75,3.108876
7/21/12 13:30,6382.2461,14.0,293.2567,296.1199,-0.08,-0.32,2.19,-0.53,-98.081,-0.8369,3.1284363
7/21/12 14:00,6383.6961,10.5,293.2219,296.2378,-0.13,-0.71,4.57,-0.83,-152.4845,-2.2871,3.3377142
7/21/12 14:30,6385.1461,309.5,293.1581,296.1046,0.42,-0.34,2.94,2.27,-96.513,-1.7896,1.5252995
7/21/12 15:00,6386.5961,278.4,293.1117,295.917,1.04,-0.15,5.18,5.13,-72.4905,-3.6663,2.921351
7/21/12 15:30,6388.0461,298.4,293.1088,295.8606,0.78,-0.42,4.41,3.88,-75.0719,-3.5016,2.1497289
7/21/12 16:00,6389.4961,303.3,293.0769,295.7402,0.75,-0.49,3.96,3.31,-44.596,-3.4257,2.6607778
7/21/12 16:30,6390.9461,308.6,293.045,295.6881,0.48,-0.38,2.32,1.81,-26.7971,-2.1439,1.7329618
7/21/12 17:00,6392.4211,333.6,303.099,295.7593,0.22,-0.44,1.68,0.75,-24.1443,-1.6186,2.2303935
7/21/12 17:30,6393.9211,338.7,303.123,295.6902,0.2,-0.51,1.94,0.71,-15.2355,-1.9264,2.8690748
7/21/12 18:00,6395.4211,34.5,303.168,295.6829,-0.26,-0.38,1.57,-0.89,-8.782,-1.5747,4.2389305
7/21/12 18:30,6396.9211,73.4,303.204,295.4267,-1.17,-0.35,4.98,-4.77,-5.2765,-4.9391,2.8553999
7/21/12 19:00,6398.4211,76.1,303.219,295.0629,-1.33,-0.33,5.58,-5.41,-1.5001,-5.3873,3.7489421
7/21/12 19:30,6399.9211,70.5,303.282,294.9123,-1.55,-0.55,6.29,-5.93,0.0,-5.8071,4.3077089
7/21/12 20:00,6401.4211,73.1,303.348,294.6727,-1.58,-0.48,5.79,-5.54,0.0,-5.0142,3.9297162
7/21/12 20:30,6402.9211,75.3,303.441,294.3532,-1.44,-0.38,4.52,-4.37,0.0,-3.5829,3.5910749
7/21/12 21:00,6404.4211,70.3,303.51,294.1138,-1.74,-0.62,5.64,-5.31,0.0,-3.9886,3.9791651
7/21/12 21:30,6405.9211,74.8,303.465,293.8851,-1.96,-0.53,5.88,-5.67,0.0,-3.577,4.7584036
7/21/12 22:00,6407.4211,72.6,303.45,293.7993,-2.04,-0.64,6.41,-6.11,0.0,-3.2025,4.3919509
7/21/12 22:30,6408.9211,75.2,303.477,293.7546,-1.95,-0.51,5.77,-5.57,0.0,-2.2066,5.1590724
7/21/12 23:00,6410.4211,66.8,303.537,293.6991,-1.51,-0.65,4.36,-4.01,0.0,-1.1285,3.8743819
7/21/12 23:30,6411.9211,61.5,303.498,293.6458,-1.82,-0.99,5.57,-4.9,0.0,-0.7275,4.2209858
7/22/12 0:00,6413.4211,64.2,303.423,293.5578,-1.92,-0.93,5.68,-5.11,0.0,0.0,4.8105644
7/22/12 0:30,6414.9211,72.4,303.357,293.4686,-1.71,-0.54,4.57,-4.36,0.0,0.5966,3.0319619
7/22/12 1:00,6416.4211,70.1,303.297,293.3931,-1.81,-0.66,4.94,-4.64,0.0,1.2775,3.770118
7/22/12 1:30,6417.9211,71.3,303.264,293.3156,-1.9,-0.64,5.11,-4.84,0.0,1.957,4.2700308
7/22/12 2:00,6419.4211,77.3,303.27,293.275,-2.08,-0.47,5.46,-5.33,0.0,2.7313,2.202986
7/22/12 2:30,6420.9461,76.0,313.3945,293.1761,-1.6,-0.4,4.02,-3.9,0.0,2.4485,4.2700308
7/22/12 3:00,6422.4961,77.0,313.4038,293.1482,-1.5,-0.35,3.7,-3.6,0.0,2.6155,4.2700308
7/22/12 3:30,6424.0461,72.7,313.3976,293.1106,-1.4,-0.44,3.25,-3.11,0.0,2.5814,4.1329933
7/22/12 4:00,6425.5961,73.1,313.4069,293.1046,-1.29,-0.39,2.87,-2.74,0.0,2.4838,3.3134802
7/22/12 4:30,6427.1711,64.5,323.5136,293.0791,-1.13,-0.54,2.55,-2.31,0.0,2.3601,4.2700308
7/22/12 5:00,6428.7711,63.5,323.5936,293.086,-1.37,-0.68,3.37,-3.01,1.2509,3.253,3.7583472
7/22/12 5:30,6430.3711,58.1,323.632,293.0762,-1.21,-0.75,3.08,-2.61,5.8049,3.051,3.7121295
7/22/12 6:00,6431.9711,59.6,323.6096,293.1159,-1.27,-0.75,3.17,-2.74,22.395,3.1749,2.8278193
7/22/12 6:30,6433.5711,57.6,323.6096,293.2835,-1.16,-0.73,3.18,-2.68,46.7972,3.148,3.517969
7/22/12 7:00,6435.1711,63.8,323.6384,293.5464,-1.33,-0.66,3.76,-3.38,84.6393,3.6366,3.2386433
7/22/12 7:30,6436.7711,59.5,323.728,293.6838,-1.39,-0.82,4.29,-3.7,85.7379,3.9629,2.9426423
7/22/12 8:00,6438.3711,55.3,323.7344,293.894,-1.09,-0.76,3.63,-2.98,134.9709,3.1397,3.4956968
7/22/12 8:30,6439.9961,76.6,333.8445,294.2875,-1.28,-0.31,3.91,-3.8,184.4221,3.1029,3.3202311
7/22/12 9:00,6441.6461,84.4,333.828,294.5993,-1.3,-0.13,4.17,-4.15,171.5087,2.9463,3.0474255
7/22/12 9:30,6443.2961,77.8,333.8544,294.7841,-1.07,-0.23,3.65,-3.57,124.3785,2.2239,3.1982533
7/22/12 10:00,6444.9461,72.9,333.9039,294.8441,-0.6,-0.19,2.05,-1.96,63.3335,1.0247,2.4490188
7/22/12 10:30,6446.5961,58.0,333.8907,294.7767,-0.53,-0.33,1.6,-1.35,70.4256,0.6109,2.5229325
7/22/12 11:00,6448.2461,47.3,333.8709,294.81,-0.69,-0.64,2.21,-1.62,43.3359,0.5712,3.4783868
7/22/12 11:30,6449.8961,58.1,333.8247,295.1661,-1.06,-0.66,3.44,-2.92,34.8822,0.4492,3.7203229
7/22/12 12:00,6451.5711,76.1,343.8998,295.5327,-0.83,-0.2,2.59,-2.51,0.0,0.0,3.9823386
7/22/12 12:30,6453.2711,65.7,343.8216,295.8113,-1.11,-0.5,4.21,-3.84,-33.2461,-0.5495,3.4760788
7/22/12 13:00,6454.9711,85.8,343.7366,295.9574,-1.22,-0.09,4.06,-4.05,-68.05,-1.0507,2.7565021
7/22/12 13:30,6456.6711,105.3,343.6278,296.2816,-1.07,0.29,4.09,-3.95,-115.0698,-1.5652,2.3058074
7/22/12 14:00,6458.3711,109.6,343.5768,296.4303,-1.27,0.45,5.21,-4.9,-124.1725,-2.6032,2.1361694
7/22/12 14:30,6460.0961,76.6,353.7135,296.3643,-1.18,-0.28,4.62,-4.5,-92.6511,-2.8133,2.5714582
7/22/12 15:00,6461.8461,81.9,353.724,296.3847,-1.56,-0.22,5.88,-5.82,-145.4886,-4.1564,3.7991411
7/22/12 15:30,6463.5961,91.7,353.7065,296.3981,-1.49,0.04,5.57,-5.57,-145.09,-4.4217,2.5759011
7/22/12 16:00,6465.3461,77.2,353.731,296.4579,-1.14,-0.26,4.63,-4.52,-92.6058,-4.0099,4.0498476
7/22/12 16:30,6467.0961,76.4,353.64,296.428,-1.21,-0.29,4.69,-4.56,-74.9774,-4.3373,2.0996453
7/22/12 17:00,6468.8461,69.6,353.619,296.1437,-1.37,-0.51,4.94,-4.63,-49.3221,-4.7749,3.9796267
7/22/12 17:30,6470.5961,75.0,353.682,296.0027,-1.19,-0.32,3.79,-3.66,-29.5203,-3.7578,3.739537
7/22/12 18:00,6472.3461,76.6,353.71,295.974,-1.4,-0.33,4.57,-4.44,-27.631,-4.5662,3.3257126
7/22/12 18:30,6474.0961,80.9,353.773,295.9327,-1.36,-0.22,4.39,-4.34,-25.3612,-4.3558,2.1349
7/22/12 19:00,6475.8461,83.0,353.8115,295.7525,-1.21,-0.15,3.46,-3.43,-4.6123,-3.3416,3.0091704
7/22/12 19:30,6477.5961,68.1,353.8955,295.5477,-1.07,-0.43,3.0,-2.78,0.0,-2.7693,4.3045931
7/22/12 20:00,6479.3711,60.4,364.1868,295.4138,-0.94,-0.53,2.7,-2.35,0.0,-2.342,4.3045931
7/22/12 20:30,6481.1711,64.5,364.284,295.1873,-1.03,-0.49,2.48,-2.24,0.0,-1.9647,4.3077089
7/22/12 21:00,6482.9711,68.9,364.3524,295.0156,-1.13,-0.44,2.27,-2.12,0.0,-1.6056,4.2642031
7/22/12 21:30,6484.7711,78.5,364.3848,294.9778,-0.94,-0.19,1.7,-1.67,0.0,-1.0372,4.2642031
7/22/12 22:00,6486.5711,76.0,364.3992,294.979,-0.9,-0.22,1.57,-1.52,0.0,-0.7858,4.2642031
7/22/12 22:30,6488.3961,63.4,374.5584,295.0241,-1.03,-0.51,2.06,-1.84,0.0,-0.7893,3.7728299
7/22/12 23:00,6490.2461,56.5,374.5177,295.1008,-0.6,-0.39,1.26,-1.05,0.0,-0.3251,4.2642031
7/22/12 23:30,6492.0961,58.8,374.4844,295.2584,-0.9,-0.54,2.11,-1.8,0.0,-0.2751,3.4440553
7/23/12 0:00,6493.9461,98.1,374.4289,295.28,-0.13,0.02,0.24,-0.24,0.0,0.0,4.3244419
7/23/12 0:30,6495.7961,268.3,374.2994,295.2831,0.06,0.0,0.08,0.08,0.0,0.0106,4.3244419
7/23/12 1:00,6497.6711,331.2,384.3548,295.3753,0.15,-0.27,0.39,0.19,0.0,0.1019,4.3244419
7/23/12 1:30,6499.5711,342.3,384.2826,295.3109,0.29,-0.9,0.9,0.27,0.0,0.3439,4.3077089
7/23/12 2:00,6501.4711,328.9,384.2332,295.3126,0.38,-0.63,0.56,0.29,0.0,0.2808,4.3077089
7/23/12 2:30,6503.3961,338.1,394.29,295.303,0.32,-0.8,0.61,0.23,0.0,0.371,4.3077089
7/23/12 3:00,6505.3461,356.5,394.1925,295.2168,0.06,-0.98,0.72,0.04,0.0,0.5109,4.2642031
7/23/12 3:30,6507.2961,347.7,394.1418,295.1904,0.18,-0.83,0.66,0.14,0.0,0.5197,4.2642031
7/23/12 4:00,6509.2461,354.0,394.1067,295.1843,0.06,-0.6,0.47,0.05,0.0,0.4082,4.2642031
7/23/12 4:30,6511.1961,358.5,394.1262,295.282,0.01,-0.47,0.38,0.01,0.0,0.3533,4.3077089
7/23/12 5:00,6513.1711,11.2,404.288,295.3825,-0.07,-0.33,0.28,-0.05,1.2895,0.2695,4.3244419
7/23/12 5:30,6515.1711,335.8,404.352,295.5168,0.07,-0.15,0.14,0.06,16.2488,0.1385,1.8301863
7/23/12 6:00,6517.1711,332.6,404.392,295.6953,0.08,-0.16,0.17,0.08,46.571,0.1742,3.3172884
7/23/12 6:30,6519.1711,205.8,404.54,295.9723,0.08,0.16,0.23,0.1,66.4119,0.2232,3.3335598
7/23/12 7:00,6521.1461,84.1,394.4928,296.3642,-0.41,-0.04,0.69,-0.69,120.5804,0.6686,1.9527988
7/23/12 7:30,6523.0961,9.6,394.5513,296.8056,-0.1,-0.56,1.34,-0.22,153.9183,1.237,2.4530578
7/23/12 8:00,6525.0461,3.4,394.5474,297.4128,-0.04,-0.71,2.1,-0.12,348.0392,1.8166,1.149961
7/23/12 8:30,6526.9961,359.1,394.5864,298.3982,0.01,-0.5,1.98,0.03,352.0355,1.5689,2.2161416
7/23/12 9:00,6528.9461,2.5,394.6215,299.2106,-0.03,-0.62,2.89,-0.13,374.2504,2.045,2.3498902
7/23/12 9:30,6530.8961,329.1,394.6215,299.5352,0.46,-0.77,4.38,2.25,236.8679,2.6662,2.8989057
7/23/12 10:00,6532.8461,356.2,394.5201,300.1348,0.03,-0.44,2.39,0.16,376.931,1.1937,1.9812449
7/23/12 10:30,6534.7961,315.7,394.407,300.892,0.65,-0.67,5.94,4.15,250.5911,2.2742,2.5443392
7/23/12 11:00,6536.7461,334.1,394.29,301.2138,0.35,-0.72,5.85,2.56,223.7573,1.5142,2.2190266
7/23/12 11:30,6538.6961,320.4,394.1613,301.8713,0.76,-0.92,9.9,6.31,127.3256,1.2925,5.3792556
7/23/12 12:00,6540.6461,319.3,394.0716,302.4278,0.47,-0.54,6.69,4.36,0.0,0.0,4.0797939
7/23/12 12:30,6542.5961,250.0,393.9975,303.0051,0.75,0.27,8.37,7.87,-124.7428,-1.0931,3.5244891
7/23/12 13:00,6544.5461,291.9,393.9312,303.1862,1.03,-0.42,12.41,11.51,-176.9315,-3.2116,3.7135143
7/23/12 13:30,6546.4961,95.3,393.9195,302.7253,-0.74,0.07,7.69,-7.65,-34.9329,-2.9417,1.8218775
7/23/12 14:00,6548.4461,133.8,393.9546,301.7487,-1.51,1.45,17.6,-12.7,-28.354,-8.798,2.6990906
7/23/12 14:30,6550.3961,134.8,393.9468,301.7042,-1.74,1.72,19.74,-14.0,-83.3973,-12.0139,3.3478694
7/23/12 15:00,6552.3461,128.9,393.9312,302.52,-1.79,1.44,21.4,-16.65,-320.2727,-15.1314,3.1542859
7/23/12 15:30,6554.2961,125.5,393.9273,303.0962,-1.8,1.29,24.57,-20.01,-368.9426,-19.4953,3.1444769
7/23/12 16:00,6556.2461,134.5,393.9312,303.1342,-1.88,1.85,29.21,-20.84,-428.57,-25.2998,4.313075
7/23/12 16:30,6558.1961,128.2,393.9117,303.117,-1.89,1.49,27.49,-21.6,-358.0874,-25.3938,2.7121885
7/23/12 17:00,6560.1461,109.1,393.9156,302.5898,-1.87,0.65,22.12,-20.9,-223.3819,-21.3682,5.3853141
7/23/12 17:30,6562.0961,88.8,393.9585,302.3662,-1.77,-0.04,20.41,-20.41,-210.2022,-20.2388,4.8276436
7/23/12 18:00,6564.0461,85.4,394.0872,301.879,-1.59,-0.13,15.71,-15.66,-95.325,-15.7073,3.1765004
7/23/12 18:30,6565.9961,72.8,394.1496,301.2549,-0.78,-0.24,6.42,-6.13,-43.804,-6.3673,3.9490457
7/23/12 19:00,6567.9461,62.7,394.2783,300.6579,-0.93,-0.48,6.09,-5.41,-6.2582,-5.8797,4.1587275
7/23/12 19:30,6569.8961,71.0,394.3134,300.1161,-1.25,-0.43,5.53,-5.23,0.0,-5.1082,4.4952916
7/23/12 20:00,6571.8711,79.5,404.516,300.1349,-1.64,-0.3,6.58,-6.47,0.0,-5.6983,3.9140795
7/23/12 20:30,6573.8711,83.9,404.648,299.9636,-0.91,-0.1,3.14,-3.13,0.0,-2.4941,4.0701003
7/23/12 21:00,6575.8711,91.7,404.764,299.6879,-0.93,0.03,2.71,-2.71,0.0,-1.9173,4.0445392
7/23/12 21:30,6577.8711,89.7,404.792,299.6364,-1.34,-0.01,3.89,-3.89,0.0,-2.3708,3.9880509
7/23/12 22:00,6579.8711,85.2,404.788,299.5279,-1.08,-0.09,3.06,-3.05,0.0,-1.5299,4.0665229
7/23/12 22:30,6581.8711,59.9,404.8,299.1149,-0.69,-0.4,1.77,-1.53,0.0,-0.6773,4.5711094
7/23/12 23:00,6583.8711,56.6,404.852,298.9432,-0.7,-0.46,1.5,-1.25,0.0,-0.3876,4.5547803
7/23/12 23:30,6585.8711,45.9,404.82,299.2935,-0.76,-0.74,2.4,-1.72,0.0,-0.3135,4.2715887
7/24/12 0:00,6587.8711,48.2,404.7,299.0931,-0.67,-0.6,1.86,-1.39,0.0,0.0,4.5711094
7/24/12 0:30,6589.8711,350.5,404.596,298.5314,0.07,-0.44,0.71,0.12,0.0,0.092,4.1680749
7/24/12 1:00,6591.8711,340.1,404.492,298.0436,0.15,-0.4,0.49,0.17,0.0,0.1264,4.2438927
7/24/12 1:30,6593.8961,340.7,414.4485,297.751,0.03,-0.09,0.09,0.03,0.0,0.036,4.2205242
7/24/12 2:00,6595.9461,29.3,414.3665,297.6037,-0.09,-0.16,0.15,-0.07,0.0,0.076,4.2919568
7/24/12 2:30,6597.9961,359.7,414.3337,297.547,0.0,-0.1,0.09,0.0,0.0,0.0519,4.2919568
7/24/12 3:00,6600.0461,102.9,414.3296,297.0283,-0.17,0.04,0.12,-0.12,0.0,0.0851,4.264607
7/24/12 3:30,6602.0961,331.7,414.4034,296.8277,0.08,-0.14,0.11,0.05,0.0,0.0843,4.3213261
7/24/12 4:00,6604.1461,81.7,414.5182,296.5307,-0.39,-0.06,0.25,-0.25,0.0,0.2155,4.3658705
7/24/12 4:30,6606.1961,90.9,414.6043,296.463,-0.47,0.01,0.28,-0.28,0.0,0.2628,4.4326871
7/24/12 5:00,6608.2461,316.6,414.5756,296.2258,0.18,-0.19,0.15,0.1,4.6828,0.146,4.3927587
7/24/12 5:30,6610.2961,311.3,414.5838,296.3066,0.24,-0.21,0.18,0.13,44.966,0.1767,3.3186155
7/24/12 6:00,6612.3711,309.8,424.8342,296.9975,0.29,-0.25,0.23,0.17,79.035,0.2267,3.4071273
7/24/12 6:30,6614.4461,318.5,414.8011,297.5125,0.24,-0.27,0.26,0.17,97.9895,0.2545,3.4078774
7/24/12 7:00,6616.4961,115.2,414.9405,297.8929,-0.18,0.09,0.18,-0.16,115.7643,0.1748,4.1891354
7/24/12 7:30,6618.5211,86.9,404.916,298.4508,-0.32,-0.02,0.37,-0.37,143.0951,0.3417,2.8773259
7/24/12 8:00,6620.5211,241.2,404.904,299.168,0.09,0.05,0.19,0.16,205.4204,0.1605,1.2628222
7/24/12 8:30,6622.5211,290.1,404.872,299.5565,0.71,-0.26,1.95,1.83,285.293,1.549,0.43317698
7/24/12 9:00,6624.5211,290.9,404.844,300.4407,0.66,-0.25,2.62,2.45,365.9476,1.8521,1.6522395
7/24/12 9:30,6626.4961,296.8,394.7697,301.3113,0.63,-0.32,3.74,3.34,304.3131,2.2779,1.6645296
7/24/12 10:00,6628.4461,274.0,394.7658,301.6321,0.59,-0.04,3.62,3.61,187.6805,1.811,3.5186614
7/24/12 10:30,6630.3961,294.2,394.7112,302.0793,0.55,-0.25,3.95,3.61,233.5693,1.5133,1.6768774
7/24/12 11:00,6632.3461,296.7,394.6293,302.8881,0.77,-0.39,6.5,5.8,180.9805,1.6813,3.3381758
7/24/12 11:30,6634.2961,306.3,394.5708,303.3912,0.76,-0.56,8.41,6.78,81.5068,1.0974,3.3965682
7/24/12 12:00,6636.2461,297.3,394.4967,303.8414,0.96,-0.5,10.28,9.14,0.0,0.0,3.0919699
7/24/12 12:30,6638.1961,303.9,394.4304,303.9161,1.06,-0.71,11.43,9.49,-51.2525,-1.4923,3.0854498
7/24/12 13:00,6640.1461,313.7,394.3641,304.0258,0.73,-0.7,9.6,6.94,-104.301,-2.4836,2.9863212
7/24/12 13:30,6642.0961,286.5,394.3446,304.2377,0.6,-0.18,6.26,6.01,-121.0037,-2.3975,2.9982074
7/24/12 14:00,6644.0461,269.0,394.2861,304.4026,0.47,0.01,4.58,4.58,-142.66,-2.2885,3.3219044
7/24/12 14:30,6645.9711,217.0,384.142,304.8467,0.24,0.32,4.3,2.59,-197.8974,-2.6179,2.1577492
7/24/12 15:00,6647.8711,224.0,384.123,304.7823,0.33,0.34,4.94,3.43,-138.5144,-3.4941,3.2137169
7/24/12 15:30,6649.7711,221.3,384.0888,304.6405,0.32,0.36,4.58,3.02,-128.0798,-3.636,2.7345761
7/24/12 16:00,6651.6711,225.4,384.123,304.5759,0.42,0.41,5.17,3.68,-120.2485,-4.4776,1.4770046
7/24/12 16:30,6653.5711,145.9,384.1078,304.4725,-0.28,0.42,4.21,-2.36,-127.4076,-3.8857,4.0463279
7/24/12 17:00,6655.4711,167.5,384.0774,304.6206,-0.05,0.24,2.1,-0.45,-116.1139,-2.0287,3.6705855
7/24/12 17:30,6657.3711,1.9,384.0964,304.5652,-0.01,-0.23,2.07,-0.07,-83.2546,-2.0538,4.3783337
7/24/12 18:00,6659.2711,228.6,384.1496,304.3905,0.2,0.18,2.01,1.51,-71.543,-2.0065,4.1000466
7/24/12 18:30,6661.1711,278.2,384.1724,304.2226,0.07,-0.01,0.4,0.4,-22.9054,-0.3977,4.3137674
7/24/12 19:00,6663.0711,92.3,384.1952,302.6617,-0.37,0.02,1.47,-1.47,-4.1912,-1.4226,4.4130114
7/24/12 19:30,6664.9711,141.5,384.2332,301.7968,-0.43,0.54,2.12,-1.32,0.0,-1.962,4.6031329
7/24/12 20:00,6666.8711,110.5,384.2978,302.119,-0.91,0.34,3.81,-3.57,0.0,-3.2979,4.5682244
7/24/12 20:30,6668.7711,105.2,384.4194,302.1052,-0.84,0.23,3.08,-2.97,0.0,-2.4427,4.5543187
7/24/12 21:00,6670.6711,102.3,384.484,301.8288,-0.88,0.19,2.97,-2.9,0.0,-2.1018,4.5909582
7/24/12 21:30,6672.5711,86.9,384.4688,301.2146,-0.62,-0.03,1.5,-1.5,0.0,-0.9145,4.51791
7/24/12 22:00,6674.4711,91.3,384.4954,300.9004,-0.69,0.02,1.76,-1.76,0.0,-0.8807,4.5218913
7/24/12 22:30,6676.3711,96.0,384.4688,300.5853,-0.71,0.07,1.66,-1.65,0.0,-0.6351,4.5397206
7/24/12 23:00,6678.2711,131.7,384.465,300.2945,-0.41,0.37,1.13,-0.84,0.0,-0.2915,4.4922912
7/24/12 23:30,6680.1711,92.8,384.4308,300.3597,-0.63,0.03,1.27,-1.27,0.0,-0.1659,4.4922912
7/25/12 0:00,6682.0711,100.4,384.3586,300.5474,-0.51,0.09,1.14,-1.13,0.0,0.0,4.5788412
7/25/12 0:30,6683.9711,119.1,384.3168,300.4975,-0.35,0.2,0.86,-0.75,0.0,0.112,4.5229299
7/25/12 1:00,6685.8711,65.3,384.2636,300.0388,-0.51,-0.24,0.88,-0.8,0.0,0.2286,4.5207373
7/25/12 1:30,6687.7711,71.3,384.2066,299.7321,-0.35,-0.12,0.51,-0.48,0.0,0.1948,4.7877152
7/25/12 2:00,6689.6711,140.5,384.0964,299.4694,-0.33,0.4,0.63,-0.4,0.0,0.3166,4.5540879
7/25/12 2:30,6691.5711,89.1,384.0204,299.5201,-0.24,0.0,0.29,-0.29,0.0,0.1762,4.5540879
7/25/12 3:00,6693.4711,43.6,384.0166,299.4587,-0.11,-0.11,0.18,-0.12,0.0,0.1245,4.5540879
7/25/12 3:30,6695.3711,133.7,384.0736,298.8189,-0.33,0.31,0.42,-0.31,0.0,0.3361,4.4473429
7/25/12 4:00,6697.2711,50.1,384.0774,298.5782,-0.18,-0.15,0.19,-0.14,0.0,0.1603,4.2743583
7/25/12 4:30,6699.1711,133.8,384.123,298.555,-0.07,0.07,0.07,-0.05,0.0,0.0674,4.2743583
7/25/12 5:00,6701.0711,333.6,384.2484,297.9981,0.16,-0.32,0.24,0.11,5.1455,0.2355,4.1949054
7/25/12 5:30,6702.9711,159.6,384.2484,297.9878,-0.09,0.25,0.17,-0.06,32.0514,0.1636,3.4139359
7/25/12 6:00,6704.8711,140.4,384.2332,298.5199,-0.14,0.17,0.13,-0.08,56.982,0.1322,3.5026208
7/25/12 6:30,6706.7711,21.9,384.2598,299.1594,-0.02,-0.05,0.04,-0.01,93.5022,0.036,3.5945946
7/25/12 7:00,6708.6461,348.8,374.2328,300.2419,0.06,-0.31,0.24,0.05,329.5198,0.2328,3.1151653
7/25/12 7:30,6710.4711,265.2,364.086,301.8169,0.65,0.05,1.79,1.78,376.3137,1.6533,2.6562195
7/25/12 8:00,6712.2711,296.7,364.0464,302.8371,0.5,-0.25,2.42,2.16,420.8295,2.093,2.0731033
7/25/12 8:30,6714.0711,299.1,364.0068,303.5094,0.99,-0.55,7.08,6.19,470.1261,5.6165,3.7187073
7/25/12 9:00,6715.8461,297.8,353.836,303.9304,0.87,-0.46,7.82,6.92,388.1854,5.5324,3.8474937
7/25/12 9:30,6717.5961,274.3,353.8115,304.3779,0.39,-0.03,3.71,3.7,381.4432,2.2574,3.0999325
7/25/12 10:00,6719.3211,302.1,343.6346,304.8321,0.29,-0.18,3.56,3.02,363.3875,1.7823,5.2543928
7/25/12 10:30,6721.0211,97.2,343.6074,305.3769,-0.49,0.06,5.51,-5.46,274.2424,2.1078,5.0992952
7/25/12 11:00,6722.7211,181.0,343.5496,305.9885,0.01,0.34,4.45,0.08,172.7172,1.1523,3.2032732
7/25/12 11:30,6724.3961,181.5,333.3264,306.8267,0.03,1.16,17.19,0.45,103.2324,2.2439,3.0598887
7/25/12 12:00,6726.0461,168.6,333.2274,307.0661,-0.2,0.97,15.27,-3.02,0.0,0.0,3.575092
7/25/12 12:30,6727.6961,191.8,333.102,307.6965,0.18,0.86,14.23,2.91,-82.2973,-1.8579,3.7400563
7/25/12 13:00,6729.3211,202.2,322.9216,308.0115,0.33,0.8,14.0,5.29,-163.4108,-3.6242,3.7966023
7/25/12 13:30,6730.9211,176.2,322.8704,307.9764,-0.02,0.35,6.24,-0.41,-186.1357,-2.3884,3.3936832
7/25/12 14:00,6732.5211,121.7,322.8224,307.7509,-0.67,0.41,13.95,-11.87,-200.7625,-6.9739,4.5712248
7/25/12 14:30,6734.1211,120.5,322.768,307.7308,-0.67,0.4,14.15,-12.19,-236.0448,-8.6116,4.3812187
7/25/12 15:00,6735.7211,143.2,322.7264,307.758,-0.53,0.71,15.4,-9.23,-282.009,-10.8911,3.6565644
7/25/12 15:30,6737.3211,145.6,322.7264,307.2796,-0.69,1.01,21.71,-12.27,-202.1171,-17.2257,4.510986
7/25/12 16:00,6738.8961,137.9,312.6288,306.9781,-0.68,0.75,17.44,-11.69,-218.8108,-15.105,4.4175697
7/25/12 16:30,6740.4211,148.7,302.511,307.1965,-0.55,0.9,17.02,-8.84,-199.3187,-15.7213,3.7941789
7/25/12 17:00,6741.9211,155.1,302.502,306.7902,-0.75,1.62,24.69,-10.39,-115.7382,-23.8445,5.5269099
7/25/12 17:30,6743.4211,137.2,302.487,306.2244,-1.38,1.5,23.38,-15.89,-57.485,-23.1799,3.3718726
7/25/12 18:00,6744.9211,140.1,302.487,305.7689,-1.34,1.6,22.02,-14.13,-44.351,-22.0234,4.8267204
7/25/12 18:30,6746.4211,138.0,302.565,305.0404,-1.04,1.15,14.93,-9.99,-19.2707,-14.8065,4.6058448
7/25/12 19:00,6747.9211,113.8,302.604,304.5525,-0.98,0.43,8.47,-7.75,-2.267,-8.1833,4.4829438
7/25/12 19:30,6749.4211,117.2,302.616,304.3004,-1.27,0.65,10.91,-9.7,0.0,-10.0768,2.849803
7/25/12 20:00,6750.9211,116.5,302.622,303.9459,-0.86,0.43,6.45,-5.77,0.0,-5.5827,4.5286422
7/25/12 20:30,6752.4211,125.2,302.655,303.7229,-0.44,0.31,3.12,-2.55,0.0,-2.4788,4.6220585
7/25/12 21:00,6753.9211,137.9,302.676,303.56,-0.57,0.63,4.44,-2.97,0.0,-3.1376,4.6419073
7/25/12 21:30,6755.4211,152.4,302.691,303.4123,-0.44,0.85,4.72,-2.19,0.0,-2.876,4.6482543
7/25/12 22:00,6756.9211,150.1,302.619,303.2212,-0.38,0.67,3.63,-1.81,0.0,-1.8171,4.6486005
7/25/12 22:30,6758.4211,114.7,302.628,303.2272,-0.41,0.19,2.23,-2.03,0.0,-0.8552,4.644273
7/25/12 23:00,6759.9211,157.2,302.535,302.8998,-0.42,1.0,4.38,-1.7,0.0,-1.1347,4.6485428
7/25/12 23:30,6761.4211,178.7,302.445,303.0033,-0.02,0.96,4.0,-0.09,0.0,-0.5221,4.6485428
7/26/12 0:00,6762.9211,165.7,302.364,302.6852,-0.2,0.78,2.7,-0.67,0.0,0.0,4.6244819
7/26/12 0:30,6764.4211,43.4,302.418,302.4934,-0.45,-0.47,1.77,-1.22,0.0,0.2309,4.6795854
7/26/12 1:00,6765.9211,67.3,302.409,302.1307,-0.69,-0.29,1.87,-1.73,0.0,0.4847,4.7304768
7/26/12 1:30,6767.4211,56.5,302.343,301.9527,-0.37,-0.24,1.03,-0.86,0.0,0.3951,4.725053
7/26/12 2:00,6768.9211,90.4,302.304,301.7847,-0.33,0.0,0.72,-0.72,0.0,0.3615,4.6554091
7/26/12 2:30,6770.4211,83.3,302.295,301.5477,-0.49,-0.06,0.95,-0.94,0.0,0.5756,4.602152
7/26/12 3:00,6771.9211,84.4,302.25,301.5516,-0.33,-0.03,0.63,-0.63,0.0,0.4471,4.602152
7/26/12 3:30,6773.4211,138.2,302.229,301.3431,-0.2,0.22,0.52,-0.35,0.0,0.4135,4.5928046
7/26/12 4:00,6774.9211,359.8,302.241,301.097,0.0,-0.15,0.23,0.0,0.0,0.1969,4.6069411
7/26/12 4:30,6776.4211,114.6,302.241,301.2752,-0.42,0.19,0.73,-0.66,0.0,0.6735,4.5928046
7/26/12 5:00,6777.9211,88.6,302.268,300.8884,-0.15,0.0,0.2,-0.2,4.7427,0.1906,4.5716287
7/26/12 5:30,6779.4211,347.6,302.292,300.8082,0.04,-0.2,0.23,0.05,24.3767,0.232,4.0152853
7/26/12 6:00,6780.9211,46.1,302.331,300.9455,-0.18,-0.17,0.26,-0.19,67.72,0.2605,4.8961335
7/26/12 6:30,6782.4211,55.7,302.352,301.7379,-0.3,-0.2,0.44,-0.36,131.9722,0.4361,4.1448218
7/26/12 7:00,6783.8961,,292.2736,302.5729,,,1.16,,231.2784,1.1245,2.9763968
7/26/12 7:30,6785.3211,320.9,282.2652,303.1935,0.1,-0.13,0.49,0.31,253.228,0.4523,3.7791192
7/26/12 8:00,6786.7211,316.3,282.2624,304.054,0.18,-0.19,1.15,0.8,308.1405,0.9976,3.7809079
7/26/12 8:30,6788.1211,338.5,282.2512,304.4515,0.11,-0.28,1.65,0.6,375.0514,1.3058,1.9701088
7/26/12 9:00,6789.5211,316.7,282.254,305.0804,0.33,-0.35,3.1,2.13,456.0443,2.1949,3.9810115
7/26/12 9:30,6790.8961,241.0,272.1465,306.005,0.54,0.3,5.03,4.4,430.9629,3.061,3.4048193
7/26/12 10:00,6792.2461,201.8,272.0655,306.6971,0.03,0.07,0.82,0.31,375.781,0.4112,4.4224165
7/26/12 10:30,6793.5711,96.1,261.9032,307.2549,-0.53,0.06,6.49,-6.45,322.6955,2.4828,3.6143857
7/26/12 11:00,6794.8711,123.4,261.8408,307.7495,-0.5,0.33,8.48,-7.08,191.7363,2.194,6.771095
7/26/12 11:30,6796.1711,91.9,261.7758,308.3405,-0.72,0.02,11.28,-11.27,115.1109,1.4717,3.8109119
7/26/12 12:00,6797.4711,114.2,261.7368,308.5735,-0.8,0.36,14.05,-12.81,0.0,0.0,5.3568103
7/26/12 12:30,6798.7461,118.9,251.6425,309.1094,-0.56,0.31,11.36,-9.95,-112.7095,-1.4834,4.4789048
7/26/12 13:00,6799.9961,98.1,251.585,309.1113,-0.94,0.13,19.13,-18.94,-226.2793,-4.9513,5.4207996
7/26/12 13:30,6801.2461,91.2,251.5225,309.324,-1.41,0.03,28.7,-28.69,-325.8882,-10.9827,7.729492
7/26/12 14:00,6802.4711,130.3,241.3896,309.5364,-0.78,0.66,21.47,-16.38,-343.369,-10.7374,5.3842755
7/26/12 14:30,6803.6711,106.3,241.3488,309.1325,-1.66,0.49,33.06,-31.73,-273.2493,-20.1259,4.8897865
7/26/12 15:00,6804.8711,96.6,241.2984,309.0879,-1.93,0.22,33.97,-33.75,-282.8901,-24.0214,5.5756087
7/26/12 15:30,6806.0461,105.1,231.2328,309.3564,-2.4,0.65,43.32,-41.83,-383.2991,-34.3709,7.644096
7/26/12 16:00,6807.1961,112.9,231.2305,309.2624,-2.23,0.94,40.67,-37.47,-395.7684,-35.2252,7.946444
7/26/12 16:30,6808.3461,87.2,231.2144,309.0268,-2.54,-0.12,43.88,-43.83,-324.4951,-40.5414,5.2793192
7/26/12 17:00,6809.4961,75.1,231.2236,308.1703,-2.56,-0.68,43.92,-42.44,-251.8777,-42.4245,8.318609
7/26/12 17:30,6810.6461,95.9,231.2236,307.7326,-2.19,0.23,33.5,-33.32,-170.1974,-33.212,6.38162
7/26/12 18:00,6811.7711,123.8,221.21,307.1677,-2.41,1.61,37.86,-31.46,-60.083,-37.8609,5.1619574
7/26/12 18:30,6812.8711,132.5,221.287,306.251,-1.58,1.45,24.06,-17.74,-31.3822,-23.8546,4.561762
7/26/12 19:00,6813.9711,141.4,221.3574,305.3358,-1.04,1.31,17.8,-11.11,-2.8311,-17.1946,4.9693548
7/26/12 19:30,6815.0711,110.1,221.4102,304.7844,-1.22,0.44,13.51,-12.69,0.0,-12.4834,5.1097389
7/26/12 20:00,6816.1711,86.8,221.4674,304.5235,-1.08,-0.06,10.59,-10.57,0.0,-9.1676,5.0984297
7/26/12 20:30,6817.2711,85.3,221.5004,304.2299,-0.51,-0.04,4.22,-4.21,0.0,-3.3515,4.824874
7/26/12 21:00,6818.3711,72.3,221.5224,303.9034,-0.77,-0.25,6.15,-5.86,0.0,-4.3462,4.798332
7/26/12 21:30,6819.4711,91.3,221.5312,303.8811,-0.46,0.01,3.61,-3.61,0.0,-2.1994,4.8132763
7/26/12 22:00,6820.5961,133.5,231.6284,303.6011,-0.53,0.5,4.8,-3.48,0.0,-2.402,4.8132763
7/26/12 22:30,6821.7461,107.1,231.6284,303.3105,-0.51,0.16,3.12,-2.99,0.0,-1.1957,4.8408569
7/26/12 23:00,6822.8961,101.3,231.6951,302.9644,-0.78,0.15,3.47,-3.4,0.0,-0.8981,4.7353813
7/26/12 23:30,6824.0461,98.2,231.6491,302.8161,-1.23,0.18,4.54,-4.5,0.0,-0.5932,4.7117243
7/27/12 0:00,6825.1961,85.9,231.6169,302.7299,-1.31,-0.09,3.75,-3.75,0.0,0.0,4.7466328
7/27/12 0:30,6826.3461,86.7,231.5525,302.4849,-1.2,-0.07,2.81,-2.81,0.0,0.3672,4.7631927
7/27/12 1:00,6827.4961,114.7,231.5226,302.1489,-0.79,0.36,1.74,-1.58,0.0,0.4494,4.698511
7/27/12 1:30,6828.6461,105.3,231.4904,302.0568,-0.51,0.14,0.87,-0.84,0.0,0.3343,4.6361373
7/27/12 2:00,6829.7961,144.8,231.472,301.8314,-0.05,0.08,0.15,-0.09,0.0,0.0747,4.6361373
7/27/12 2:30,6830.9461,41.4,231.4743,301.0959,-0.38,-0.43,0.84,-0.55,0.0,0.5083,4.6483697
7/27/12 3:00,6832.0961,68.2,231.5088,300.8888,-0.58,-0.23,1.0,-0.93,0.0,0.7077,4.6187696
7/27/12 3:30,6833.2461,76.3,231.5295,300.881,-0.46,-0.11,0.69,-0.67,0.0,0.5511,4.6187696
7/27/12 4:00,6834.3961,243.7,231.5502,300.9415,0.07,0.03,0.1,0.09,0.0,0.0892,4.6187696
7/27/12 4:30,6835.5461,27.1,231.5962,300.6722,-0.22,-0.42,0.58,-0.26,0.0,0.5348,4.4461889
7/27/12 5:00,6836.6961,358.5,231.679,300.5955,0.02,-0.73,0.74,0.02,2.4081,0.7153,4.4112227
7/27/12 5:30,6837.8461,122.6,231.6928,300.8088,-0.08,0.05,0.1,-0.08,30.4374,0.0952,4.0152853
7/27/12 6:00,6839.0211,176.0,241.7856,301.0392,-0.01,0.14,0.14,-0.01,55.809,0.1393,4.6348679
7/27/12 6:30,6840.2211,300.4,241.8528,301.356,0.23,-0.13,0.3,0.25,76.598,0.2928,4.8961335
7/27/12 7:00,6841.3961,146.4,231.8009,302.0396,-0.07,0.1,0.22,-0.12,249.7198,0.2152,3.3141726
7/27/12 7:30,6842.5461,221.0,231.8607,302.9347,0.07,0.08,0.4,0.26,343.9557,0.3708,4.6013442
7/27/12 8:00,6843.6961,244.6,231.8837,303.6655,0.14,0.07,0.78,0.71,436.9133,0.677,3.7174956
7/27/12 8:30,6844.8461,286.6,231.8538,304.3739,0.4,-0.12,3.31,3.17,476.6245,2.6264,4.0804863
7/27/12 9:00,6845.9711,,221.7446,305.1081,,,6.15,,470.5916,4.3482,4.6759503
7/27/12 9:30,6847.0711,,221.716,305.901,,,6.71,,442.4423,4.0871,6.140434
7/27/12 10:00,6848.1461,293.7,211.6107,306.3411,0.33,-0.15,4.38,4.01,391.5735,2.1893,2.7485395
7/27/12 10:30,6849.1711,230.0,201.494,306.9821,0.48,0.41,8.62,6.6,322.65,3.2992,4.3679477
7/27/12 11:00,6850.1461,235.6,191.3775,307.4757,0.29,0.2,5.39,4.45,229.8021,1.3959,5.0002243
7/27/12 11:30,6851.0961,249.6,191.3528,307.9209,0.65,0.24,12.65,11.85,119.3359,1.6508,5.3053419
7/27/12 12:00,6852.0461,261.6,191.2806,308.4411,0.58,0.09,10.78,10.66,0.0,0.0,3.5366061
7/27/12 12:30,6852.9711,240.7,181.152,308.9488,0.38,0.21,8.46,7.38,-117.9864,-1.1046,6.202173
7/27/12 13:00,6853.8711,233.5,181.0944,309.3862,0.65,0.48,16.34,13.14,-225.4881,-4.2301,7.723145
7/27/12 13:30,6854.7461,202.4,170.9945,309.8918,0.25,0.61,12.88,4.91,-323.0912,-4.928,5.4167606
7/27/12 14:00,6855.5961,212.4,170.969,310.3,0.6,0.94,23.45,12.56,-396.938,-11.7238,6.023303
7/27/12 14:30,6856.4461,216.9,170.9163,310.6251,0.65,0.86,22.58,13.56,-435.4507,-13.7489,4.4142808
7/27/12 15:00,6857.2711,158.4,160.8336,310.8239,-0.51,1.28,27.24,-10.03,-467.9025,-19.2632,5.540354
7/27/12 15:30,6858.0711,150.5,160.7984,310.5122,-1.03,1.82,40.12,-19.76,-409.0276,-31.8324,8.004144
7/27/12 16:00,6858.8711,175.0,160.7968,310.2583,-0.19,2.12,44.82,-3.91,-387.6607,-38.8185,5.2692794
7/27/12 16:30,6859.6461,190.6,150.753,309.8724,0.45,2.42,51.22,9.42,-344.5516,-47.3243,4.1752874
7/27/12 17:00,6860.3961,188.3,150.7575,308.7588,0.41,2.78,48.1,6.94,-163.8655,-46.4615,5.5371805
7/27/12 17:30,6861.1461,171.1,150.774,307.8264,-0.35,2.22,35.97,-5.57,-161.7959,-35.6664,6.366618
7/27/12 18:00,6861.8961,170.4,150.8145,307.161,-0.38,2.26,33.57,-5.6,-88.985,-33.5704,4.0235364
7/27/12 18:30,6862.6461,177.7,150.8565,306.2874,-0.07,1.75,19.78,-0.79,-39.4704,-19.6118,3.5264509
7/27/12 19:00,6863.3961,191.5,150.8835,305.6225,0.34,1.65,15.94,3.18,-4.1709,-15.4014,3.8889223
7/27/12 19:30,6864.1461,168.7,150.915,304.6524,-0.29,1.47,12.19,-2.39,0.0,-11.2631,2.7593294
7/27/12 20:00,6864.8961,162.2,150.933,304.0539,-0.53,1.64,12.37,-3.78,0.0,-10.7156,4.9716628
7/27/12 20:30,6865.6461,163.0,150.9855,303.6195,-0.55,1.81,14.06,-4.11,0.0,-11.1541,4.8212966
7/27/12 21:00,6866.3961,157.5,151.0305,303.2016,-0.58,1.41,7.98,-3.06,0.0,-5.6456,4.7353813
7/27/12 21:30,6867.1461,159.0,151.053,303.1991,-0.59,1.53,7.18,-2.57,0.0,-4.3725,4.5234492
7/27/12 22:00,6867.8961,153.6,151.038,303.0349,-0.56,1.13,5.22,-2.32,0.0,-2.6077,4.1155102
7/27/12 22:30,6868.6711,147.9,161.0944,302.7883,-0.71,1.14,5.41,-2.88,0.0,-2.0717,4.7957355
7/27/12 23:00,6869.4461,147.9,151.038,302.6675,-0.76,1.21,5.47,-2.91,0.0,-1.4165,2.5726699
7/27/12 23:30,6870.2211,146.3,161.1216,302.5637,-0.6,0.9,3.95,-2.19,0.0,-0.5156,2.5756703
7/28/12 0:00,6871.0211,143.7,161.1216,302.4034,-0.62,0.84,3.52,-2.08,0.0,0.0,4.8539548
7/28/12 0:30,6871.8211,119.0,161.1008,302.2205,-0.74,0.41,2.62,-2.29,0.0,0.3425,4.9064618
7/28/12 1:00,6872.6211,103.1,161.0912,301.9187,-0.66,0.15,1.83,-1.78,0.0,0.4736,4.9064618
7/28/12 1:30,6873.4211,76.0,161.0816,301.5808,-0.68,-0.17,1.63,-1.58,0.0,0.6219,4.9098661
7/28/12 2:00,6874.2211,105.3,161.0528,301.387,-0.85,0.23,1.91,-1.84,0.0,0.956,4.8586862
7/28/12 2:30,6875.0461,93.1,171.1067,301.3991,-0.85,0.05,1.86,-1.86,0.0,1.1334,4.8586862
7/28/12 3:00,6875.8961,68.7,171.156,301.1575,-0.54,-0.21,1.16,-1.08,0.0,0.8206,4.8798621
7/28/12 3:30,6876.7461,92.1,171.1645,300.9649,-0.75,0.03,1.47,-1.47,0.0,1.1679,4.8591478
7/28/12 4:00,6877.5961,77.5,171.173,300.9614,-0.45,-0.1,1.0,-0.98,0.0,0.8697,4.8591478
7/28/12 4:30,6878.4461,71.4,171.2053,300.6483,-0.24,-0.08,0.45,-0.43,0.0,0.419,4.8092373
7/28/12 5:00,6879.2961,92.7,171.2223,300.4688,-0.39,0.02,0.63,-0.63,3.1103,0.6051,4.8111414
7/28/12 5:30,6880.1461,122.9,171.224,300.635,-0.7,0.46,1.4,-1.18,42.9365,1.3883,4.4671917
7/28/12 6:00,6880.9961,34.1,171.2614,301.3398,-0.28,-0.42,1.13,-0.63,103.228,1.1253,4.6279439
7/28/12 6:30,6881.8461,101.4,171.3022,302.0868,-0.95,0.19,2.91,-2.86,187.9452,2.8891,3.4849069
7/28/12 7:00,6882.6711,111.9,161.2512,302.7454,-0.39,0.16,1.59,-1.48,290.167,1.5404,4.0027644
7/28/12 7:30,6883.4711,235.6,161.248,303.4139,0.18,0.13,0.99,0.81,361.5076,0.9123,2.9699921
7/28/12 8:00,6884.2711,328.7,161.2416,303.8252,0.2,-0.33,2.0,1.04,429.7902,1.7345,3.9067516
7/28/12 8:30,6885.0711,334.9,161.2304,304.4843,0.08,-0.17,1.11,0.47,454.2186,0.8803,4.5853613
7/28/12 9:00,6885.8961,257.8,171.2733,305.1543,0.52,0.11,3.7,3.61,462.8728,2.6148,2.9248707
7/28/12 9:30,6886.7461,285.3,171.2801,305.7306,0.72,-0.2,5.76,5.56,451.2724,3.5088,4.6084413
7/28/12 10:00,6887.6211,291.2,181.341,306.2819,0.57,-0.22,5.59,5.21,391.9455,2.7947,2.6027316
7/28/12 10:30,6888.5211,221.5,181.305,306.954,0.27,0.3,4.54,3.01,318.902,1.7379,5.0822737
7/28/12 11:00,6889.4211,257.2,181.2474,307.4495,0.35,0.08,4.36,4.25,225.9951,1.1275,6.767633
7/28/12 11:30,6890.3211,257.8,181.1988,308.0142,0.48,0.1,6.75,6.6,117.114,0.8808,5.847895
7/28/12 12:00,6891.2461,244.1,191.2046,308.6401,0.65,0.32,10.78,9.7,0.0,0.0,4.8484156
7/28/12 12:30,6892.1961,217.0,191.1438,309.2745,0.67,0.89,18.98,11.42,-113.2721,-2.4773,8.322071
7/28/12 13:00,6893.1711,225.6,201.152,309.553,0.98,0.96,25.97,18.56,-222.9843,-6.7219,5.792503
7/28/12 13:30,6894.1711,208.4,201.09,310.0419,0.66,1.22,29.6,14.08,-320.1484,-11.3288,6.925154
7/28/12 14:00,6895.1961,191.3,211.0857,310.5815,0.32,1.58,33.92,6.65,-401.1495,-16.9591,6.00657
7/28/12 14:30,6896.2461,200.2,211.0416,310.4172,0.89,2.42,47.3,16.33,-464.5337,-28.7974,5.7165698
7/28/12 15:00,6897.3211,191.7,221.0868,309.9741,0.6,2.88,51.84,10.51,-456.0832,-36.6592,4.8420109
7/28/12 15:30,6898.4211,182.8,221.0758,309.3358,0.16,3.28,56.35,2.75,-429.2875,-44.7093,6.996702
7/28/12 16:00,6899.5461,190.0,231.0971,308.945,0.55,3.14,51.38,8.92,-404.6426,-44.4951,5.528814
7/28/12 16:30,6900.6961,199.7,231.081,308.3237,1.09,3.04,49.8,16.79,-351.1657,-46.013,6.298532
7/28/12 17:00,6901.8711,194.1,241.0248,307.6898,0.85,3.37,52.39,12.76,-266.6612,-50.6062,6.514907
7/28/12 17:30,6903.0711,192.2,241.0392,307.1074,0.57,2.61,37.4,7.9,-160.622,-37.0813,6.156013
7/28/12 18:00,6904.2961,159.4,251.29,306.6202,-0.75,1.99,26.67,-9.38,-115.781,-26.6683,5.5763011
7/28/12 18:30,6905.5711,173.3,261.2246,305.8425,-0.32,2.75,29.39,-3.43,-51.4272,-29.1428,3.6784327
7/28/12 19:00,6906.8961,160.5,271.4499,305.0703,-0.76,2.15,19.54,-6.52,-9.5955,-18.8699,4.9726437
7/28/12 19:30,6908.2461,152.4,271.4148,304.3399,-0.99,1.89,14.69,-6.81,0.0,-13.5702,6.311226
7/28/12 20:00,6909.5961,162.2,271.6119,304.016,-0.54,1.68,10.48,-3.2,0.0,-9.072,4.6829897
7/28/12 20:30,6910.9711,129.2,281.7556,303.8584,-0.84,0.68,5.82,-4.51,0.0,-4.6148,5.0536545
7/28/12 21:00,6912.3961,42.4,291.8473,303.7871,-0.62,-0.68,4.78,-3.22,0.0,-3.3808,5.0536545
7/28/12 21:30,6913.8461,124.3,291.9053,303.5396,-0.62,0.42,3.5,-2.89,0.0,-2.1277,5.0145339
7/28/12 22:00,6915.3211,267.5,302.022,303.3553,0.07,0.0,0.28,0.28,0.0,-0.1377,4.9918578
7/28/12 22:30,6916.8211,339.7,302.169,302.0655,0.55,-1.49,6.03,2.09,0.0,-2.308,2.3023454
7/28/12 23:00,6918.3461,39.2,312.1266,301.8157,-0.9,-1.1,5.36,-3.39,0.0,-1.3873,4.750441
7/28/12 23:30,6919.9211,90.4,322.112,301.6371,-0.54,0.0,1.69,-1.69,0.0,-0.2203,5.0118797
7/29/12 0:00,6921.5461,125.7,332.1153,301.6757,-0.39,0.28,1.19,-0.97,0.0,0.0,5.0332287
7/29/12 0:30,6923.2211,326.3,342.0842,301.9602,0.06,-0.09,0.32,0.17,0.0,0.0411,5.0024169
7/29/12 1:00,6924.9461,327.4,352.142,302.2729,0.25,-0.39,1.04,0.56,0.0,0.2682,5.041249
7/29/12 1:30,6926.6961,307.0,352.121,301.5783,0.64,-0.48,2.11,1.69,0.0,0.808,5.0301706
7/29/12 2:00,6928.4711,298.5,362.0988,301.7294,0.05,-0.03,0.16,0.14,0.0,0.0808,5.0530198
7/29/12 2:30,6930.2961,130.4,372.1238,301.2542,-0.47,0.4,1.25,-0.95,0.0,0.7588,4.9300034
7/29/12 3:00,6932.1711,272.0,382.2724,301.0714,0.56,-0.02,0.99,0.99,0.0,0.7007,4.9481789
7/29/12 3:30,6934.1211,254.7,402.4,301.2048,0.4,0.11,0.92,0.89,0.0,0.7304,4.9511793
7/29/12 4:00,6936.1461,345.7,412.4272,301.0528,0.05,-0.19,0.44,0.11,0.0,0.382,4.9694125
7/29/12 4:30,6938.2211,77.9,422.5074,300.6872,-0.27,-0.06,0.43,-0.42,0.0,0.4015,4.8092373
7/29/12 5:00,6940.3211,17.8,422.646,300.7374,-0.12,-0.37,0.58,-0.18,1.0248,0.5632,4.8538394
7/29/12 5:30,6942.4461,145.9,432.7047,300.6467,-0.27,0.4,0.73,-0.41,17.1173,0.7201,2.9956686
7/29/12 6:00,6944.6211,288.6,442.772,301.1315,0.34,-0.11,0.57,0.54,50.4,0.5726,4.4671917
7/29/12 6:30,6946.8211,315.1,442.838,301.6553,0.32,-0.32,0.95,0.67,132.8477,0.9403,3.4656351
7/29/12 7:00,6949.0461,277.2,452.9295,302.4292,0.24,-0.03,1.12,1.12,247.7532,1.0858,-0.00652587
7/29/12 7:30,6951.2711,288.9,442.9304,303.3385,0.6,-0.21,3.73,3.53,347.849,3.447,1.7579459
7/29/12 8:00,6953.4711,297.3,442.9304,303.9222,0.68,-0.35,5.45,4.84,404.097,4.7183,4.3059202
7/29/12 8:30,6955.6961,295.9,452.9835,304.3394,0.81,-0.39,7.06,6.35,446.4429,5.599,5.3789671
7/29/12 9:00,6957.9461,275.6,453.006,305.0714,0.28,-0.03,2.48,2.47,445.9616,1.752,5.1142395
7/29/12 9:30,6960.1961,224.4,453.0105,305.6291,0.3,0.3,4.35,3.04,469.1097,2.6478,4.6821819
7/29/12 10:00,6962.4461,347.1,452.997,305.8096,0.12,-0.54,5.76,1.29,377.2215,2.8805,4.6959722
7/29/12 10:30,6964.7211,184.1,463.0084,306.9031,0.06,0.83,10.39,0.74,330.849,3.978,5.195308
7/29/12 11:00,6967.0211,204.7,462.9072,307.3509,0.28,0.6,9.16,3.83,230.8459,2.3699,6.969006
7/29/12 11:30,6969.3211,213.0,462.783,308.1572,0.79,1.22,21.67,11.8,121.163,2.8291,7.012858
7/29/12 12:00,6971.6211,198.1,462.6634,308.8187,0.45,1.38,22.3,6.93,0.0,0.0,5.883669
7/29/12 12:30,6973.9461,197.7,472.585,309.0,0.51,1.58,25.91,7.88,-119.5115,-3.3822,7.454263
7/29/12 13:00,6976.2961,194.2,472.491,309.1199,0.53,2.1,34.6,8.49,-223.0795,-8.9564,6.813793
7/29/12 13:30,6978.6711,185.1,482.4624,309.0552,0.22,2.49,41.56,3.69,-294.3628,-15.905,7.605437
7/29/12 14:00,6981.0711,183.9,482.3664,308.7397,0.22,3.21,55.8,3.8,-357.8155,-27.9009,6.818986
7/29/12 14:30,6983.4711,183.0,482.2608,308.691,0.19,3.54,62.58,3.28,-444.2467,-38.0942,6.91823
7/29/12 15:00,6985.8711,186.6,482.2464,308.6582,0.35,3.02,53.06,6.1,-497.2658,-37.5212,6.581839
7/29/12 15:30,6988.2711,185.9,482.232,308.4389,0.33,3.2,53.46,5.49,-470.9695,-42.4093,5.6235574
7/29/12 16:00,6990.6711,186.3,482.2704,308.2846,0.3,2.76,44.63,4.9,-417.4468,-38.6465,7.712182
7/29/12 16:30,6993.0711,185.1,482.2752,307.6131,0.28,3.15,48.03,4.27,-333.8984,-44.3752,6.569145
7/29/12 17:00,6995.4961,180.5,492.4108,307.2744,0.03,3.13,47.48,0.41,-294.5011,-45.8653,5.3299221
7/29/12 17:30,6997.9461,175.3,492.4451,306.449,-0.24,2.98,38.73,-3.17,-164.5313,-38.3942,5.744035
7/29/12 18:00,7000.4211,172.4,502.575,305.5302,-0.42,3.15,36.49,-4.83,-56.336,-36.491,5.4056245
7/29/12 18:30,7002.9211,178.5,502.735,304.9581,-0.07,2.56,28.12,-0.74,-22.0507,-27.8828,4.9718359
7/29/12 19:00,7005.4461,183.3,512.7999,304.5808,0.18,3.18,35.38,2.04,-2.3327,-34.1763,3.4276685
7/29/12 19:30,7007.9961,174.2,512.9172,304.2264,-0.28,2.78,30.01,-3.03,0.0,-27.7275,4.8339329
7/29/12 20:00,7010.5711,179.3,523.1044,304.1321,-0.03,2.68,28.43,-0.35,0.0,-24.6185,5.4193571
7/29/12 20:30,7013.1711,179.7,523.354,303.8585,-0.01,1.9,18.51,-0.1,0.0,-14.6865,4.2958804
7/29/12 21:00,7015.7711,159.2,523.5464,303.4897,-0.58,1.52,14.61,-5.19,0.0,-10.3335,5.1674389
7/29/12 21:30,7018.3961,162.8,533.6941,303.2194,-0.5,1.61,14.54,-4.3,0.0,-8.8535,5.261663
7/29/12 22:00,7021.0461,157.6,533.7895,302.9205,-0.64,1.55,13.57,-5.17,0.0,-6.786,4.0080728
7/29/12 22:30,7023.6961,154.6,533.6464,302.7346,-0.87,1.83,14.6,-6.26,0.0,-5.5854,5.92579
7/29/12 23:00,7026.3461,165.2,533.6517,302.6551,-0.47,1.79,11.28,-2.88,0.0,-2.9196,5.3103041
7/29/12 23:30,7028.9961,166.3,533.604,302.8015,-0.49,2.03,11.63,-2.75,0.0,-1.5182,5.4381096
7/30/12 0:00,7031.6461,167.3,533.5139,302.8611,-0.52,2.31,12.58,-2.77,0.0,0.0,5.6074014
7/30/12 0:30,7034.2961,170.7,533.5298,302.915,-0.33,2.01,10.48,-1.69,0.0,1.3679,4.7144362
7/30/12 1:00,7036.9461,184.7,533.4344,302.7894,0.17,2.05,10.69,0.88,0.0,2.7663,3.39853
7/30/12 1:30,7039.5961,171.4,533.2807,302.7093,-0.28,1.87,8.72,-1.3,0.0,3.3376,4.4015868
7/30/12 2:00,7042.2461,172.7,533.2118,302.7727,-0.23,1.81,8.48,-1.08,0.0,4.2405,4.0697541
7/30/12 2:30,7044.8961,189.7,533.233,302.98,0.38,2.21,10.61,1.79,0.0,6.4569,4.7444979
7/30/12 3:00,7047.5461,181.7,533.2754,303.0299,0.06,2.11,9.84,0.29,0.0,6.9569,4.856609
7/30/12 3:30,7050.1961,174.3,533.3443,302.9571,-0.15,1.53,6.61,-0.66,0.0,5.2441,2.8746717
7/30/12 4:00,7052.8711,157.9,543.537,302.9184,-0.57,1.4,6.35,-2.39,0.0,5.5016,4.3813341
7/30/12 4:30,7055.5711,165.2,543.6666,302.8644,-0.38,1.42,5.73,-1.46,0.0,5.2916,5.0708491
7/30/12 5:00,7058.2711,166.4,543.6774,302.4392,-0.37,1.52,4.92,-1.16,2.5075,4.7557,2.8164524
7/30/12 5:30,7060.9711,167.7,543.6936,302.3634,-0.3,1.38,4.26,-0.91,37.1147,4.2283,5.0200154
7/30/12 6:00,7063.6711,172.1,543.6666,302.7997,-0.21,1.49,5.45,-0.75,103.977,5.4496,3.6616997
7/30/12 6:30,7066.3711,187.3,543.7692,303.376,0.23,1.81,8.11,1.03,187.6171,8.0432,4.1285504
7/30/12 7:00,7069.0711,198.3,543.8124,303.9861,0.51,1.53,8.63,2.71,269.8826,8.3329,3.9525654
7/30/12 7:30,7071.7711,200.5,543.9096,304.6001,0.64,1.7,12.44,4.36,349.8843,11.494,3.6893957
7/30/12 8:00,7074.4711,200.3,543.9096,305.2638,0.5,1.35,11.76,4.08,425.357,10.1844,4.3111709
7/30/12 8:30,7077.1711,204.7,543.8664,305.7907,0.64,1.39,14.94,6.24,458.2306,11.854,4.9297726
7/30/12 9:00,7079.8711,168.6,543.9528,306.4466,-0.35,1.75,19.33,-3.82,492.2694,13.6659,6.89515
7/30/12 9:30,7082.5711,190.2,544.0284,306.718,0.26,1.46,17.1,3.03,389.0278,10.4107,5.2281393
7/30/12 10:00,7085.2711,181.0,544.0176,307.301,0.04,2.12,27.97,0.49,425.6435,13.9838,4.2485087
7/30/12 10:30,7087.9711,182.2,544.0014,307.5284,0.08,2.11,30.0,1.15,303.4611,11.4811,5.6854118
7/30/12 11:00,7090.6711,181.7,543.8934,307.9594,0.06,2.13,31.95,0.95,232.1296,8.2693,7.75488
7/30/12 11:30,7093.3711,174.4,543.861,308.0442,-0.23,2.33,36.07,-3.52,102.7253,4.7076,6.978238
7/30/12 12:00,7096.0711,179.7,543.8232,308.3858,-0.01,2.52,40.91,-0.21,0.0,0.0,6.921115
7/30/12 12:30,7098.7711,177.9,543.7692,308.5331,-0.11,3.06,51.9,-1.9,-117.4296,-6.7741,7.397717
7/30/12 13:00,7101.4711,181.0,543.726,308.5522,0.06,3.22,59.45,1.04,-229.9084,-15.3872,7.164609
7/30/12 13:30,7104.1711,181.5,543.618,308.6028,0.09,3.5,68.3,1.79,-326.659,-26.1371,4.9733938
7/30/12 14:00,7106.8711,191.8,543.51,308.6474,0.67,3.19,67.29,13.76,-405.948,-33.6427,8.721355
7/30/12 14:30,7109.5711,183.9,543.4506,308.5988,0.24,3.49,72.31,4.92,-462.3768,-44.0215,6.961505
7/30/12 15:00,7112.2711,197.0,543.456,308.4961,0.86,2.81,60.41,17.66,-496.8818,-42.7192,4.5981707
7/30/12 15:30,7114.9461,189.9,533.5351,308.3395,0.53,3.02,63.64,10.94,-498.5726,-50.4919,6.911883
7/30/12 16:00,7117.5961,211.6,533.6782,308.1432,1.5,2.44,57.69,30.23,-468.1907,-49.9607,1.7618118
7/30/12 16:30,7120.2461,205.7,533.6358,307.8976,1.2,2.49,54.49,23.63,-409.3378,-50.3461,7.07402
7/30/12 17:00,7122.8961,207.9,533.6676,307.5427,1.16,2.2,45.79,21.42,-323.6112,-44.2256,5.5723775
7/30/12 17:30,7125.5461,190.2,533.7365,307.2629,0.45,2.49,42.77,7.57,-235.6327,-42.4043,6.869762
7/30/12 18:00,7128.1961,189.8,533.8319,306.762,0.51,2.92,46.03,7.83,-140.255,-46.0307,5.7557481
7/30/12 18:30,7130.8461,198.2,533.8266,305.9632,0.8,2.44,32.3,10.09,-41.1192,-32.0237,6.186594
7/30/12 19:00,7133.4961,204.1,533.8849,304.9834,0.76,1.71,17.72,7.24,-2.267,-17.1164,5.4827694
7/30/12 19:30,7136.1461,203.9,534.0757,304.3617,0.69,1.56,13.08,5.3,0.0,-12.0858,4.3212107
7/30/12 20:00,7138.8211,174.0,544.3902,303.9293,-0.17,1.59,10.82,-1.13,0.0,-9.3683,4.8476655
7/30/12 20:30,7141.5211,181.0,544.5252,303.7348,0.03,1.85,11.97,0.21,0.0,-9.4938,4.1122213
7/30/12 21:00,7144.2211,183.8,544.6278,303.3344,0.09,1.31,7.37,0.49,0.0,-5.2126,3.5390872
7/30/12 21:30,7146.9211,162.9,544.6764,302.7704,-0.35,1.12,5.2,-1.53,0.0,-3.1645,5.1411277
7/30/12 22:00,7149.6211,137.6,544.7196,302.1592,-0.7,0.77,3.51,-2.37,0.0,-1.7537,5.1097966
7/30/12 22:30,7152.3461,129.7,554.9005,301.7976,-0.89,0.74,3.79,-2.92,0.0,-1.4506,5.1465515
7/30/12 23:00,7155.0711,140.4,544.7466,301.4732,-0.82,0.99,4.17,-2.66,0.0,-1.0794,5.1649578
7/30/12 23:30,7157.7961,139.9,554.796,301.1107,-0.59,0.7,2.64,-1.7,0.0,-0.3449,5.1130278
7/31/12 0:00,7160.5461,136.8,554.785,300.8821,-0.74,0.79,2.9,-1.98,0.0,0.0,5.1058153
7/31/12 0:30,7163.2961,110.2,554.8015,300.5991,-0.78,0.29,2.0,-1.88,0.0,0.2613,4.9762211
7/31/12 1:00,7166.0461,102.8,554.7575,300.2289,-0.99,0.23,1.92,-1.87,0.0,0.4967,4.9624885
7/31/12 1:30,7168.7961,106.7,554.785,300.2632,-0.99,0.3,1.76,-1.69,0.0,0.6733,4.9624885
7/31/12 2:00,7171.5711,123.1,564.8272,300.0726,-1.34,0.87,2.5,-2.1,0.0,1.252,4.8840742
7/31/12 2:30,7174.3711,124.4,564.8888,299.9433,-1.15,0.79,2.13,-1.76,0.0,1.2968,4.9418319
7/31/12 3:00,7177.1711,112.7,564.956,299.6701,-1.0,0.42,1.49,-1.37,0.0,1.0507,4.5974206
7/31/12 3:30,7179.9711,70.0,565.124,299.4717,-0.5,-0.18,0.7,-0.66,0.0,0.5571,4.5911313
7/31/12 4:00,7182.7711,59.4,565.3144,299.754,-0.48,-0.28,0.68,-0.58,0.0,0.5847,4.7341119
7/31/12 4:30,7185.5711,85.6,565.3984,300.038,-0.6,-0.05,0.94,-0.94,0.0,0.8711,4.9113663
7/31/12 5:00,7188.3711,67.8,565.5664,300.1703,-0.46,-0.19,0.87,-0.8,0.1256,0.8391,4.7835031
7/31/12 5:30,7191.1961,84.1,575.7969,300.1975,-0.61,-0.06,1.11,-1.1,10.8405,1.1007,5.2289471
7/31/12 6:00,7194.0211,107.3,565.7456,300.0712,-1.05,0.33,1.93,-1.84,63.342,1.9252,6.274875
7/31/12 6:30,7196.7961,121.3,555.6485,300.4492,-1.31,0.8,3.53,-3.02,113.8942,3.5003,3.9529116
7/31/12 7:00,7199.5211,121.5,545.5782,301.3121,-1.2,0.74,4.5,-3.84,224.7883,4.3471,4.5351046
7/31/12 7:30,7202.2211,144.8,545.5836,302.0682,-0.57,0.8,4.35,-2.51,262.3227,4.0205,4.1657669
7/31/12 8:00,7204.9211,148.2,545.4864,302.897,-0.61,0.98,7.34,-3.87,414.6469,6.3536,4.5509721
7/31/12 8:30,7207.6211,165.7,545.4594,303.2784,-0.26,1.03,8.16,-2.01,389.4881,6.4721,5.946562
7/31/12 9:00,7210.3211,213.4,545.3838,303.3858,0.29,0.43,4.82,2.65,326.4804,3.4055,5.5057917
7/31/12 9:30,7213.0461,175.3,555.478,304.0235,-0.13,1.53,15.3,-1.25,405.1015,9.3117,5.815583
7/31/12 10:00,7215.7961,187.3,555.5165,304.8383,0.22,1.74,20.57,2.61,405.0335,10.2849,5.791926
7/31/12 10:30,7218.5211,190.5,545.3946,305.2672,0.27,1.47,19.08,3.48,338.8329,7.3027,7.735839
7/31/12 11:00,7221.2211,215.8,545.211,305.5678,0.74,1.02,17.58,10.28,235.1764,4.5493,6.506252
7/31/12 11:30,7223.9211,182.9,545.0706,306.0956,0.06,1.16,18.4,0.93,122.4156,2.4021,8.590953
7/31/12 12:00,7226.6211,157.1,544.8708,306.4877,-0.49,1.17,21.95,-8.54,0.0,0.0,5.779809
7/31/12 12:30,7229.3211,155.3,544.8276,306.8251,-0.81,1.77,36.34,-15.19,-122.9204,-4.7439,10.518133
7/31/12 13:00,7232.0211,175.2,544.6764,307.2892,-0.14,1.64,31.16,-2.61,-236.1051,-8.0636,6.506829
7/31/12 13:30,7234.7211,172.9,544.6062,307.4971,-0.27,2.18,45.43,-5.62,-338.5673,-17.3868,7.146722
7/31/12 14:00,7237.3961,147.9,534.4308,307.8905,-1.05,1.67,39.21,-20.84,-418.8385,-19.6067,8.097618
7/31/12 14:30,7240.0461,148.2,534.3884,307.8227,-0.97,1.57,38.49,-20.28,-478.6186,-23.4324,9.877663
7/31/12 15:00,7242.6711,148.7,524.3212,307.6033,-1.15,1.89,46.4,-24.1,-508.9472,-32.8072,9.910552
7/31/12 15:30,7245.2711,157.3,524.3264,307.3905,-0.85,2.04,44.58,-17.2,-507.9215,-35.3668,6.908998
7/31/12 16:00,7247.8711,151.2,524.342,307.2544,-1.25,2.28,46.96,-22.62,-474.3602,-40.669,9.121793
7/31/12 16:30,7250.4711,150.6,524.368,306.8473,-1.63,2.9,55.28,-27.14,-415.4483,-51.0734,9.398753
7/31/12 17:00,7253.0461,152.5,514.3299,306.2603,-1.59,3.05,50.39,-23.27,-336.6454,-48.6762,7.780845
7/31/12 17:30,7255.5961,156.3,514.488,305.4697,-1.51,3.45,51.57,-20.73,-242.0365,-51.1328,6.273144
7/31/12 18:00,7258.1461,146.3,514.7277,304.6764,-1.77,2.66,40.85,-22.67,-141.354,-40.8545,8.687889
7/31/12 18:30,7260.6961,143.6,514.845,303.8383,-1.51,2.05,27.05,-16.05,-51.8783,-26.8139,5.779809
7/31/12 19:00,7263.2461,134.4,514.9827,302.74,-1.15,1.13,12.03,-8.6,-4.5988,-11.6237,4.8639369
7/31/12 19:30,7265.7961,133.8,515.0592,302.1845,-1.26,1.21,10.86,-7.83,0.0,-10.0291,8.820022
7/31/12 20:00,7268.3711,127.1,525.2624,301.8008,-1.27,0.96,8.13,-6.48,0.0,-7.0413,5.1458591
7/31/12 20:30,7270.9711,116.7,525.46,301.549,-0.95,0.48,4.59,-4.1,0.0,-3.6408,5.2069057
7/31/12 21:00,7273.5711,101.5,525.6732,301.383,-0.92,0.19,3.49,-3.42,0.0,-2.4658,5.1665157
7/31/12 21:30,7276.1711,103.4,525.6576,301.102,-1.09,0.26,3.34,-3.25,0.0,-2.0354,5.1130278
7/31/12 22:00,7278.7961,111.9,535.8194,300.8151,-0.68,0.27,1.81,-1.68,0.0,-0.9043,5.1239908
7/31/12 22:30,7281.4461,99.0,535.7929,300.7987,-0.66,0.1,1.57,-1.55,0.0,-0.6015,5.1239908
7/31/12 23:00,7284.0961,120.1,535.83,300.5011,-0.7,0.41,1.59,-1.38,0.0,-0.4127,4.9929541
7/31/12 23:30,7286.7461,9.0,535.8035,300.2559,-0.02,-0.13,0.21,-0.03,0.0,-0.0275,5.0505387
8/1/12 0:00,7289.3961,11.0,535.7505,300.1117,-0.07,-0.37,0.54,-0.1,0.0,0.0,5.1033919
8/1/12 0:30,7292.0461,349.4,535.6445,299.9732,0.05,-0.28,0.36,0.07,0.0,0.0475,5.1923653
8/1/12 1:00,7294.6961,33.7,535.5332,299.9655,-0.21,-0.31,0.48,-0.27,0.0,0.1243,5.1923653
8/1/12 1:30,7297.3461,28.7,535.4219,299.6998,-0.14,-0.25,0.32,-0.16,0.0,0.1239,5.0220926
8/1/12 2:00,7299.9961,163.8,535.4007,299.6665,-0.03,0.11,0.12,-0.03,0.0,0.0598,5.0390564
8/1/12 2:30,7302.6461,34.5,535.3318,299.5584,-0.1,-0.15,0.18,-0.1,0.0,0.1072,5.1548603
8/1/12 3:00,7305.2961,132.1,535.2894,299.4253,-0.38,0.34,0.49,-0.36,0.0,0.347,5.2722221
8/1/12 3:30,7307.9461,109.1,535.3,299.568,-0.6,0.21,0.6,-0.57,0.0,0.4791,5.3616571
8/1/12 4:00,7310.5961,46.2,535.353,299.514,-0.12,-0.11,0.16,-0.12,0.0,0.1382,5.4007777
8/1/12 4:30,7313.2461,9.9,535.4272,299.4583,-0.07,-0.39,0.37,-0.06,0.0,0.3421,5.5059071
8/1/12 5:00,7315.8961,26.9,535.5014,299.4044,-0.12,-0.23,0.23,-0.11,1.3851,0.2247,5.5733007
8/1/12 5:30,7318.5461,130.2,535.5703,299.5483,-0.26,0.22,0.31,-0.23,21.2397,0.3044,5.822507
8/1/12 6:00,7321.1961,51.5,535.6074,300.2177,-0.25,-0.2,0.33,-0.26,85.108,0.3262,4.5006
8/1/12 6:30,7323.8711,71.2,545.751,301.2857,-0.69,-0.23,1.06,-1.0,195.6894,1.0502,4.1005082
8/1/12 7:00,7326.5461,106.7,535.7134,302.4721,-1.0,0.3,2.95,-2.83,309.0692,2.8497,5.1554373
8/1/12 7:30,7329.1711,137.5,525.6524,303.1139,-0.53,0.58,3.25,-2.19,311.5202,2.999,4.1856157
8/1/12 8:00,7331.7711,228.5,525.6368,303.2467,0.45,0.4,2.82,2.11,156.7662,2.4427,4.4240321
8/1/12 8:30,7334.3711,231.3,525.59,303.2597,0.55,0.44,3.35,2.61,145.7596,2.6579,4.2704924
8/1/12 9:00,7336.9711,213.1,525.564,303.9455,0.27,0.41,3.28,1.79,223.9167,2.3204,4.8539548
8/1/12 9:30,7339.5961,159.7,535.5862,305.2679,-0.46,1.26,12.65,-4.39,419.6953,7.699,6.365464
8/1/12 10:00,7342.2211,164.3,525.33,305.6489,-0.39,1.38,16.84,-4.56,274.9005,8.4217,4.869303
8/1/12 10:30,7344.8211,200.5,525.2676,306.4404,0.51,1.36,21.37,7.48,351.7982,8.1774,5.988683
8/1/12 11:00,7347.3961,189.2,515.0745,306.6248,0.21,1.31,20.64,3.3,172.0647,5.3411,6.824179
8/1/12 11:30,7349.9461,155.0,514.9929,307.2906,-0.81,1.73,30.01,-12.68,119.5438,3.9171,8.12993
8/1/12 12:00,7352.4711,170.5,504.855,307.4754,-0.27,1.6,25.76,-4.25,0.0,0.0,10.057687
8/1/12 12:30,7354.9461,161.3,494.7383,307.4795,-0.7,2.07,33.79,-10.83,-96.7963,-4.41,8.794634
8/1/12 13:00,7357.3961,165.7,494.7383,307.0829,-0.58,2.26,33.96,-8.39,-125.6763,-8.7903,10.089999
8/1/12 13:30,7359.8211,177.4,484.6464,307.0213,-0.15,3.4,42.85,-1.94,-291.2672,-16.3994,8.499787
8/1/12 14:00,7362.2211,170.9,484.5936,307.0455,-0.55,3.42,50.19,-7.94,-419.9855,-25.097,10.11481
8/1/12 14:30,7364.6211,182.5,484.5216,307.2431,0.13,3.02,46.63,2.03,-463.6351,-28.3874,7.454263
8/1/12 15:00,7366.9961,190.3,474.4321,307.3571,0.5,2.76,42.55,7.61,-494.3256,-30.0859,7.121911
8/1/12 15:30,7369.3461,186.1,474.3992,307.2073,0.26,2.47,37.16,3.95,-482.4897,-29.4815,8.060113
8/1/12 16:00,7371.6961,164.8,474.2676,307.2504,-0.58,2.13,33.1,-8.68,-443.1998,-28.6636,8.855219
8/1/12 16:30,7374.0461,156.7,474.136,307.0564,-1.0,2.32,37.9,-14.99,-386.2149,-35.0179,7.936058
8/1/12 17:00,7376.3961,158.9,474.1266,306.6907,-0.87,2.24,34.05,-12.26,-306.6428,-32.8854,8.609417
8/1/12 17:30,7378.7211,146.9,464.0756,306.7063,-1.38,2.12,31.41,-17.15,-215.0137,-31.1399,7.36252
8/1/12 18:00,7381.0211,160.5,464.0848,306.0715,-0.87,2.45,31.62,-10.56,-128.29,-31.6219,7.897976
8/1/12 18:30,7383.3211,161.1,464.1906,305.5147,-0.79,2.3,24.31,-7.88,-43.7386,-24.1057,6.95285
8/1/12 19:00,7385.6211,153.1,464.2918,304.8045,-0.95,1.86,17.37,-7.86,-1.9299,-16.7801,5.2470649
8/1/12 19:30,7387.9211,136.1,464.4528,304.0599,-1.47,1.52,15.23,-10.56,0.0,-14.0712,6.239101
8/1/12 20:00,7390.2211,140.1,464.6322,303.6043,-1.38,1.65,13.54,-8.69,0.0,-11.7285,5.772885
8/1/12 20:30,7392.5461,143.5,474.9115,303.3143,-1.36,1.84,13.42,-7.98,0.0,-10.6485,7.537928
8/1/12 21:00,7394.8961,143.7,474.9867,302.9094,-1.34,1.82,11.41,-6.75,0.0,-8.0682,5.7078571
8/1/12 21:30,7397.2461,139.4,474.982,302.69,-1.4,1.63,9.56,-6.22,0.0,-5.8216,4.9265991
8/1/12 22:00,7399.5961,143.9,474.9679,302.4908,-1.06,1.45,7.24,-4.27,0.0,-3.6223,5.96618
8/1/12 22:30,7401.9461,156.0,474.9115,302.225,-0.84,1.88,7.72,-3.14,0.0,-2.9546,4.7927351
8/1/12 23:00,7404.2961,153.0,475.0196,302.0409,-0.72,1.4,5.59,-2.54,0.0,-1.4464,4.8829202
8/1/12 23:30,7406.6711,149.3,485.1936,301.7327,-0.62,1.04,3.55,-1.81,0.0,-0.4637,5.2938019
8/2/12 0:00,7409.0711,138.2,485.2032,301.5872,-0.64,0.72,2.5,-1.66,0.0,0.0,5.3012452
8/2/12 0:30,7411.4711,131.5,485.1936,301.3231,-0.64,0.56,1.82,-1.37,0.0,0.238,5.3186129
8/2/12 1:00,7413.8711,124.7,485.1696,301.2126,-0.72,0.5,1.8,-1.48,0.0,0.465,5.2927056
8/2/12 1:30,7416.2961,107.5,495.2479,301.0603,-0.9,0.28,1.72,-1.64,0.0,0.6596,5.3295759
8/2/12 2:00,7418.7461,123.8,495.194,301.0305,-0.81,0.54,1.67,-1.39,0.0,0.8343,5.3277872
8/2/12 2:30,7421.1961,116.4,495.1058,300.8784,-0.63,0.31,1.17,-1.05,0.0,0.7139,5.3632727
8/2/12 3:00,7423.6461,138.0,495.0764,300.8462,-0.82,0.91,1.97,-1.32,0.0,1.3912,5.3632727
8/2/12 3:30,7426.1211,127.9,505.24,300.7822,-0.62,0.49,1.26,-0.99,0.0,0.9984,5.3525982
8/2/12 4:00,7428.6211,121.1,505.245,300.5927,-0.48,0.29,0.84,-0.72,0.0,0.7302,5.2874549
8/2/12 4:30,7431.1211,41.7,505.42,300.5711,-0.29,-0.32,0.67,-0.45,0.0,0.6205,5.2874549
8/2/12 5:00,7433.6211,104.0,505.45,300.2589,-0.4,0.1,0.54,-0.52,0.936,0.5217,5.4157797
8/2/12 5:30,7436.1211,136.2,505.415,300.0962,-0.55,0.57,0.82,-0.57,30.8548,0.8177,5.555356
8/2/12 6:00,7438.6211,129.6,505.46,301.1277,-0.68,0.56,1.21,-0.93,114.345,1.2095,3.6812023
8/2/12 6:30,7441.1211,144.0,505.55,302.4541,-0.67,0.92,3.2,-1.88,208.2927,3.1762,3.9815308
8/2/12 7:00,7443.5711,171.0,485.4912,303.3879,-0.16,1.03,4.44,-0.69,294.6479,4.2885,5.2591242
8/2/12 7:30,7445.9961,174.7,495.6252,303.8646,-0.1,1.04,5.36,-0.5,347.4046,4.9526,4.9733938
8/2/12 8:00,7448.4461,197.4,495.6203,304.1954,0.12,0.4,2.72,0.81,302.7452,2.3573,3.8718431
8/2/12 8:30,7450.9211,214.6,505.815,304.4593,0.14,0.2,1.87,1.06,344.5311,1.4803,5.7225129
8/2/12 9:00,7453.4211,177.7,505.805,305.3056,-0.03,0.65,6.25,-0.25,432.3562,4.4199,6.106391
8/2/12 9:30,7455.9211,227.2,505.76,305.6209,0.5,0.47,7.14,5.24,404.2943,4.346,6.484326
8/2/12 10:00,7458.3961,230.2,495.5762,306.2645,0.84,0.7,13.03,10.01,415.1925,6.5166,7.885859
8/2/12 10:30,7460.8211,212.0,485.304,306.8177,0.75,1.2,19.1,10.12,339.7594,7.3086,7.766997
8/2/12 11:00,7463.2211,218.8,485.2272,307.2393,0.83,1.03,21.2,13.28,238.9128,5.4872,7.018628
8/2/12 11:30,7465.5961,184.8,475.029,307.878,0.11,1.27,21.72,1.82,125.7209,2.8344,7.359635
8/2/12 12:00,7467.9461,224.0,474.9538,307.9689,0.64,0.66,17.0,11.81,0.0,0.0,8.429393
8/2/12 12:30,7470.2961,218.4,474.935,308.4532,0.46,0.58,14.76,9.17,-122.9632,-1.926,10.34561
8/2/12 13:00,7472.6461,211.8,474.8692,308.4143,0.5,0.81,19.53,10.29,-204.7228,-5.0549,8.507288
8/2/12 13:30,7474.9961,237.9,474.7705,308.8413,0.7,0.44,19.1,16.18,-357.6104,-7.3104,8.409775
8/2/12 14:00,7477.3211,207.2,464.5586,309.0945,0.3,0.58,15.64,7.15,-420.941,-7.8192,8.75886
8/2/12 14:30,7479.6211,179.0,464.439,309.3015,-0.02,1.13,26.53,-0.46,-475.2235,-16.1512,12.837673
8/2/12 15:00,7481.9211,164.0,464.3516,309.4217,-0.34,1.2,29.38,-8.1,-495.7787,-20.7781,9.169684
8/2/12 15:30,7484.2211,160.2,464.2826,309.3594,-0.42,1.16,29.03,-9.83,-478.9974,-23.0337,6.903228
8/2/12 16:00,7486.5211,156.7,464.2366,309.4071,-0.86,1.99,45.24,-17.89,-489.8049,-39.1787,10.448893
8/2/12 16:30,7488.8211,151.4,464.2596,308.7596,-1.45,2.65,54.03,-25.86,-399.2416,-49.9175,12.531863
8/2/12 17:00,7491.0961,140.3,454.1355,308.1607,-1.94,2.34,49.98,-31.92,-315.765,-48.2741,11.480569
8/2/12 17:30,7493.3711,143.9,464.3838,307.6011,-1.92,2.64,50.44,-29.72,-225.6895,-50.0079,9.466262
8/2/12 18:00,7495.6461,141.6,454.464,306.7801,-1.75,2.2,38.69,-24.03,-122.989,-38.6878,7.884128
8/2/12 18:30,7497.9211,138.6,464.6552,305.4948,-1.53,1.74,26.22,-17.34,-17.613,-25.9989,4.6828743
8/2/12 19:00,7500.2211,136.6,464.6552,304.6226,-1.74,1.84,25.3,-17.38,-1.6971,-24.4359,8.195708
8/2/12 19:30,7502.5211,137.5,464.7104,303.9448,-1.46,1.6,18.42,-12.44,0.0,-17.0152,5.813275
8/2/12 20:00,7504.8211,136.4,464.8714,303.5926,-1.64,1.72,17.62,-12.15,0.0,-15.2584,6.09889
8/2/12 20:30,7507.1211,138.6,465.0508,303.2624,-1.76,2.0,17.93,-11.86,0.0,-14.224,5.4945402
8/2/12 21:00,7509.4211,137.2,465.1428,302.9348,-1.63,1.77,13.59,-9.23,0.0,-9.6089,5.3472321
8/2/12 21:30,7511.7461,134.5,475.2593,302.6134,-1.7,1.68,11.39,-8.12,0.0,-6.9328,5.650561
8/2/12 22:00,7514.0961,130.8,475.264,302.3995,-1.62,1.4,8.74,-6.61,0.0,-4.3692,5.1748245
8/2/12 22:30,7516.4461,127.4,475.3533,302.2658,-1.52,1.16,6.84,-5.43,0.0,-2.6175,5.1553796
8/2/12 23:00,7518.7961,123.9,475.4661,302.0362,-1.32,0.89,4.91,-4.08,0.0,-1.2717,4.2621259
8/2/12 23:30,7521.1711,132.5,485.6448,302.1682,-1.15,1.05,5.09,-3.75,0.0,-0.6645,3.8661308
8/3/12 0:00,7523.5711,134.7,485.6688,302.3673,-1.26,1.25,6.5,-4.62,0.0,0.0,5.5243711
8/3/12 0:30,7525.9711,137.5,485.592,302.0722,-1.27,1.38,6.03,-4.07,0.0,0.7869,5.2056363
8/3/12 1:00,7528.3711,134.1,485.5824,302.1159,-1.08,1.04,4.65,-3.34,0.0,1.2023,5.2056363
8/3/12 1:30,7530.7711,131.1,485.5248,302.0377,-1.05,0.91,4.17,-3.14,0.0,1.5963,5.2246196
8/3/12 2:00,7533.1711,136.2,485.5392,301.6906,-0.78,0.82,2.9,-2.01,0.0,1.4515,5.2878588
8/3/12 2:30,7535.5711,118.1,485.544,301.2947,-0.96,0.51,2.24,-1.97,0.0,1.3609,5.358599
8/3/12 3:00,7537.9961,140.1,495.6105,301.3035,-0.75,0.9,2.32,-1.49,0.0,1.6429,5.358599
8/3/12 3:30,7540.4461,69.2,495.6693,301.2764,-0.31,-0.12,0.71,-0.66,0.0,0.5596,5.358599
8/3/12 4:00,7542.8961,54.0,495.7232,301.2583,-0.49,-0.36,1.26,-1.02,0.0,1.0898,5.358599
8/3/12 4:30,7545.3711,70.1,505.855,301.0538,-0.42,-0.15,0.81,-0.76,0.0,0.7513,5.358599
8/3/12 5:00,7547.8711,41.9,505.89,300.8537,-0.37,-0.42,0.95,-0.63,0.6752,0.9136,5.4283006
8/3/12 5:30,7550.3711,51.3,505.995,300.8538,-0.38,-0.3,0.77,-0.6,24.4193,0.7596,5.1134317
8/3/12 6:00,7552.8711,66.8,506.055,301.3177,-0.43,-0.18,0.67,-0.61,82.663,0.6654,4.8786504
8/3/12 6:30,7555.3711,94.4,506.195,301.9253,-0.86,0.07,1.92,-1.91,147.0699,1.9014,1.3024621
8/3/12 7:00,7557.8711,92.3,506.28,302.455,-0.83,0.03,2.48,-2.48,211.8015,2.3973,4.8821124
8/3/12 7:30,7560.3711,85.3,506.305,302.9401,-0.78,-0.06,3.0,-2.99,241.7599,2.773,4.0893144
8/3/12 8:00,7562.8711,64.9,506.255,303.2351,-0.73,-0.34,3.8,-3.44,281.9354,3.2867,5.6011698
8/3/12 8:30,7565.3711,4.0,506.255,303.8227,-0.03,-0.4,2.35,-0.16,391.8515,1.8662,4.7681549
8/3/12 9:00,7567.8711,54.4,506.305,304.3846,-0.38,-0.27,3.51,-2.86,276.9264,2.4839,4.5420286
8/3/12 9:30,7570.3711,57.2,506.315,304.9535,-0.41,-0.26,4.39,-3.69,375.3355,2.6704,7.121911
8/3/12 10:00,7572.8711,75.7,506.24,305.8124,-1.14,-0.29,14.52,-14.07,324.2175,7.2603,6.532217
8/3/12 10:30,7575.3711,105.8,506.15,306.4493,-1.57,0.44,21.22,-20.42,315.4861,8.1203,7.633133
8/3/12 11:00,7577.8711,96.7,506.095,306.8209,-1.86,0.22,26.6,-26.42,241.986,6.8842,9.705717
8/3/12 11:30,7580.3461,105.4,495.929,306.9773,-2.07,0.57,32.27,-31.11,113.218,4.2123,8.9435
8/3/12 12:00,7582.7961,103.7,495.929,306.6767,-2.42,0.59,37.36,-36.29,0.0,0.0,9.80323
8/3/12 12:30,7585.2461,97.3,495.8506,306.9449,-2.44,0.31,41.1,-40.77,-115.4334,-5.3649,11.55731
8/3/12 13:00,7587.6961,101.2,495.7673,307.0366,-2.32,0.46,42.65,-41.84,-239.3258,-11.0382,11.736757
8/3/12 13:30,7590.1461,101.7,495.6742,307.0089,-2.27,0.47,43.15,-42.25,-338.5302,-16.5109,9.841312
8/3/12 14:00,7592.5961,80.8,495.6007,306.9333,-2.37,-0.38,44.67,-44.1,-417.447,-22.3367,13.488529
8/3/12 14:30,7595.0211,71.3,485.4576,306.9526,-2.11,-0.71,41.84,-39.63,-474.9526,-25.4688,11.272272
8/3/12 15:00,7597.3961,79.2,475.2875,307.0457,-2.06,-0.39,39.06,-38.37,-501.3932,-27.6209,14.018215
8/3/12 15:30,7599.7461,85.7,475.2358,307.011,-2.53,-0.19,43.88,-43.76,-493.676,-34.8117,10.417158
8/3/12 16:00,7602.0961,87.5,475.1841,306.85,-2.63,-0.11,41.98,-41.94,-439.6932,-36.3534,11.486339
8/3/12 16:30,7604.4461,85.4,475.1653,306.6401,-2.64,-0.21,41.42,-41.29,-408.9867,-38.2702,11.253231
8/3/12 17:00,7606.7961,98.0,475.17,306.3851,-2.21,0.31,36.03,-35.68,-322.4309,-34.7992,6.648771
8/3/12 17:30,7609.1461,92.4,475.2217,305.9315,-2.27,0.1,33.3,-33.27,-222.849,-33.0156,8.425931
8/3/12 18:00,7611.4961,88.4,475.2828,305.2099,-2.35,-0.07,28.5,-28.49,-108.021,-28.5019,9.85516
8/3/12 18:30,7613.8461,80.0,475.4332,304.2872,-2.06,-0.36,18.6,-18.32,-35.5849,-18.4439,9.824002
8/3/12 19:00,7616.1961,77.3,475.5742,303.3773,-1.87,-0.42,12.65,-12.34,-4.0173,-12.2174,5.2442953
8/3/12 19:30,7618.5711,90.9,485.7792,302.7912,-2.1,0.03,12.53,-12.53,0.0,-11.5801,8.12993
8/3/12 20:00,7620.9711,102.1,485.8656,302.5145,-2.53,0.54,14.67,-14.34,0.0,-12.7045,6.974199
8/3/12 20:30,7623.3711,106.2,485.9856,302.158,-2.19,0.64,11.01,-10.57,0.0,-8.7335,5.2399101
8/3/12 21:00,7625.7711,107.5,486.1152,301.9689,-1.83,0.58,7.96,-7.6,0.0,-5.6317,6.204481
8/3/12 21:30,7628.1711,85.7,486.216,301.7108,-1.38,-0.1,4.5,-4.49,0.0,-2.7424,5.3370769
8/3/12 22:00,7630.5961,74.5,496.37,301.3036,-1.27,-0.35,3.4,-3.28,0.0,-1.7003,6.625114
8/3/12 22:30,7633.0461,54.9,496.4141,300.9421,-0.8,-0.56,2.14,-1.75,0.0,-0.8192,5.4748645
8/3/12 23:00,7635.4961,46.5,496.3945,300.6965,-0.85,-0.81,2.42,-1.76,0.0,-0.6269,5.5225824
8/3/12 23:30,7637.9461,48.8,496.4043,300.6,-0.56,-0.49,1.5,-1.13,0.0,-0.196,5.5589334
8/4/12 0:00,7640.4211,25.1,506.555,300.4635,-0.1,-0.21,0.41,-0.18,0.0,0.0,5.5915339
8/4/12 0:30,7642.9211,31.6,506.54,300.0636,-0.05,-0.08,0.11,-0.06,0.0,0.015,5.6544846
8/4/12 1:00,7645.4211,329.2,506.53,299.9623,0.13,-0.22,0.31,0.16,0.0,0.0793,5.6292697
8/4/12 1:30,7647.9211,130.7,506.535,299.8486,-0.13,0.11,0.19,-0.14,0.0,0.073,5.5933226
8/4/12 2:00,7650.4211,76.1,506.495,299.9731,-0.13,-0.03,0.18,-0.18,0.0,0.0916,5.7123
8/4/12 2:30,7652.9211,21.3,506.465,299.7982,-0.04,-0.11,0.13,-0.05,0.0,0.0778,5.5933226
8/4/12 3:00,7655.4461,14.0,516.5382,299.6303,-0.11,-0.44,0.48,-0.12,0.0,0.3414,5.5049839
8/4/12 3:30,7657.9961,156.6,516.4566,299.3325,-0.16,0.38,0.42,-0.17,0.0,0.3319,5.6653899
8/4/12 4:00,7660.5461,164.1,516.5382,299.1675,-0.09,0.33,0.31,-0.09,0.0,0.2709,5.8854
8/4/12 4:30,7663.0961,67.3,516.5739,299.715,-0.2,-0.08,0.21,-0.19,0.0,0.1909,5.4993293
8/4/12 5:00,7665.6461,33.8,516.5025,299.6116,-0.24,-0.36,0.47,-0.26,1.4315,0.4527,5.5379883
8/4/12 5:30,7668.1961,355.4,516.5382,299.7871,0.03,-0.42,0.49,0.04,30.2708,0.4872,5.209156
8/4/12 6:00,7670.7711,356.6,526.7028,300.2893,0.03,-0.51,0.81,0.05,118.19,0.807,4.2263519
8/4/12 6:30,7673.3461,357.5,516.5484,301.1078,0.02,-0.52,1.21,0.05,190.4199,1.2032,4.0126888
8/4/12 7:00,7675.8961,76.6,516.579,301.9487,-1.51,-0.36,5.84,-5.68,231.8348,5.6383,3.7339401
8/4/12 7:30,7678.4211,65.0,506.44,302.2249,-1.35,-0.63,6.86,-6.22,338.5122,6.3392,6.388544
8/4/12 8:00,7680.9461,38.6,516.5382,302.9306,-0.86,-1.08,8.75,-5.46,435.4956,7.5784,5.1223175
8/4/12 8:30,7683.4961,58.8,516.4974,303.2138,-1.04,-0.63,8.48,-7.26,293.1306,6.7293,5.6185952
8/4/12 9:00,7686.0711,77.1,526.5728,303.9594,-1.09,-0.25,10.32,-10.06,421.8903,7.2997,6.37008
8/4/12 9:30,7688.6711,46.1,526.5364,304.1569,-0.59,-0.57,7.85,-5.66,265.395,4.7808,8.137431
8/4/12 10:00,7691.2711,98.7,526.4792,304.6551,-1.28,0.2,13.59,-13.43,283.3455,6.7954,7.536774
8/4/12 10:30,7693.8711,77.8,526.4584,304.7181,-1.56,-0.34,15.82,-15.47,203.1808,6.0551,8.131084
8/4/12 11:00,7696.4711,101.8,526.37,304.7837,-1.51,0.32,15.69,-15.36,98.9017,4.0612,9.903051
8/4/12 11:30,7699.0461,141.2,516.1557,304.2903,-1.04,1.3,14.22,-8.91,33.7831,1.8562,5.6164603
8/4/12 12:00,7701.5961,66.3,516.1047,305.0836,-1.14,-0.5,12.72,-11.65,0.0,0.0,6.356232
8/4/12 12:30,7704.1461,47.7,515.9313,305.7477,-1.0,-0.91,15.91,-11.77,-102.269,-2.0769,8.02607
8/4/12 13:00,7706.6961,58.8,515.7834,306.4005,-0.88,-0.53,13.6,-11.64,-171.7427,-3.5212,6.516638
8/4/12 13:30,7709.2211,87.7,505.62,306.5158,-1.8,-0.07,26.5,-26.48,-237.2358,-10.1428,7.450801
8/4/12 14:00,7711.7211,111.2,505.555,306.7381,-2.21,0.86,33.84,-31.55,-326.537,-16.9206,7.185958
8/4/12 14:30,7714.2211,89.5,505.5,307.017,-2.04,-0.02,29.47,-29.47,-450.7787,-17.9412,8.266102
8/4/12 15:00,7716.7211,91.0,505.405,306.897,-2.44,0.04,34.01,-34.0,-465.4156,-24.0461,10.93415
8/4/12 15:30,7719.1961,86.6,495.2185,306.6739,-2.47,-0.15,32.43,-32.37,-399.9612,-25.7254,7.776806
8/4/12 16:00,7721.6461,104.4,495.1989,306.664,-2.28,0.59,30.85,-29.89,-370.5913,-26.7211,8.501518
8/4/12 16:30,7724.0961,99.1,495.2185,306.2912,-2.18,0.35,28.22,-27.86,-265.1045,-26.0703,8.44151
8/4/12 17:00,7726.5461,96.9,495.1695,306.2764,-2.12,0.26,25.95,-25.76,-283.0375,-25.0679,11.059359
8/4/12 17:30,7728.9961,85.3,495.1597,305.8069,-2.17,-0.18,23.17,-23.09,-189.8567,-22.9713,8.85695
8/4/12 18:00,7731.4461,99.1,495.1842,305.2243,-1.91,0.31,17.81,-17.58,-91.438,-17.8083,8.157049
8/4/12 18:30,7733.8961,94.7,495.2626,304.6151,-1.9,0.16,14.47,-14.43,-39.5666,-14.3501,7.307128
8/4/12 19:00,7736.3711,102.2,505.44,303.8906,-1.79,0.39,11.13,-10.88,-4.5437,-10.7514,7.427721
8/4/12 19:30,7738.8711,90.2,505.49,303.3983,-1.82,0.01,9.05,-9.05,0.0,-8.3651,7.952214
8/4/12 20:00,7741.3961,83.6,515.7273,303.0518,-1.46,-0.16,6.48,-6.44,0.0,-5.6155,5.3460204
8/4/12 20:30,7743.9461,93.4,515.8548,302.7965,-1.45,0.09,5.75,-5.74,0.0,-4.5641,5.3569834
8/4/12 21:00,7746.5211,106.3,526.0424,302.5293,-1.25,0.37,4.33,-4.15,0.0,-3.0603,5.3353459
8/4/12 21:30,7749.1461,102.6,536.0897,302.3215,-1.12,0.25,3.27,-3.19,0.0,-1.9921,5.3535791
8/4/12 22:00,7751.7961,93.7,536.0844,302.1241,-0.62,0.04,1.56,-1.56,0.0,-0.7797,5.3914303
8/4/12 22:30,7754.4711,121.7,546.1398,301.9028,-0.63,0.39,1.55,-1.32,0.0,-0.5929,5.4169337
8/4/12 23:00,7757.1961,131.5,556.2535,301.8063,-0.76,0.68,2.0,-1.5,0.0,-0.5169,5.4772879
8/4/12 23:30,7759.9461,122.3,556.259,301.7152,-0.59,0.37,1.34,-1.13,0.0,-0.1747,5.4896357
8/5/12 0:00,7762.7211,100.9,566.356,301.8607,-0.37,0.07,0.75,-0.74,0.0,0.0,5.4821347
8/5/12 0:30,7765.5461,163.5,576.4068,301.7744,-0.19,0.63,1.24,-0.35,0.0,0.1612,5.4896357
8/5/12 1:00,7768.3961,121.1,576.3327,301.6699,-0.48,0.29,1.25,-1.07,0.0,0.3226,5.5090806
8/5/12 1:30,7771.2461,114.3,576.1674,301.2869,-0.63,0.29,1.38,-1.26,0.0,0.528,5.5691463
8/5/12 2:00,7774.1211,116.8,586.119,301.0669,-0.35,0.18,0.73,-0.65,0.0,0.3629,5.6034778
8/5/12 2:30,7777.0211,88.7,586.0668,300.6739,-0.32,-0.01,0.46,-0.46,0.0,0.283,5.5590488
8/5/12 3:00,7779.9461,58.2,596.0652,300.4594,-0.52,-0.32,0.86,-0.73,0.0,0.6068,5.5590488
8/5/12 3:30,7782.8961,62.9,595.9354,300.2566,-0.35,-0.18,0.48,-0.43,0.0,0.3827,5.551894
8/5/12 4:00,7785.8711,135.0,605.982,300.1011,-0.38,0.38,0.63,-0.44,0.0,0.5441,5.6215956
8/5/12 4:30,7788.8961,129.2,615.9414,300.1633,-0.5,0.41,0.71,-0.55,0.0,0.6519,5.61421
8/5/12 5:00,7791.9711,119.7,625.9768,300.259,-0.35,0.2,0.49,-0.43,2.7423,0.4769,5.4786727
8/5/12 5:30,7795.0711,12.0,626.0016,300.1964,-0.04,-0.2,0.23,-0.05,20.399,0.2274,5.3930459
8/5/12 6:00,7798.1961,88.0,636.0606,300.6967,-0.47,-0.02,0.51,-0.51,106.129,0.5065,4.2642031
8/5/12 6:30,7801.3461,129.2,636.111,301.9138,-0.7,0.57,1.59,-1.23,202.8506,1.5728,3.7472688
8/5/12 7:00,7804.4961,135.3,636.174,302.8937,-0.54,0.54,2.35,-1.65,301.3862,2.2677,4.0817557
8/5/12 7:30,7807.5961,173.6,616.0268,303.4609,-0.09,0.79,3.57,-0.4,252.8455,3.2958,4.0744855
8/5/12 8:00,7810.6461,176.7,615.9841,304.0713,-0.06,1.11,6.74,-0.39,364.8383,5.8401,5.6278849
8/5/12 8:30,7813.6961,163.6,615.8621,304.8564,-0.33,1.11,9.49,-2.68,456.2559,7.5309,5.6987982
8/5/12 9:00,7816.7711,187.3,625.8466,305.5578,0.19,1.47,15.47,1.97,470.4579,10.9384,8.38381
8/5/12 9:30,7819.8711,145.1,625.735,306.0963,-0.78,1.11,16.26,-9.3,459.5096,9.9001,6.608958
8/5/12 10:00,7822.9711,187.5,625.611,306.6042,0.14,1.07,13.79,1.8,391.048,6.8954,7.300204
8/5/12 10:30,7826.0711,220.9,625.549,306.956,0.8,0.93,17.71,11.6,329.5463,6.7774,7.927403
8/5/12 11:00,7829.1711,218.3,625.425,307.0989,0.61,0.77,15.22,9.44,194.7862,3.9405,9.967675
8/5/12 11:30,7832.2711,201.7,625.2018,307.6715,0.42,1.07,19.65,7.27,100.2277,2.565,7.048055
8/5/12 12:00,7835.3711,166.3,624.9352,308.0876,-0.34,1.39,25.24,-5.98,0.0,0.0,7.897976
8/5/12 12:30,7838.4711,167.6,624.7306,307.9256,-0.21,0.98,16.84,-3.62,-76.0624,-2.1986,9.528578
8/5/12 13:00,7841.5961,172.2,634.5549,308.3562,-0.2,1.43,25.87,-3.51,-179.028,-6.6948,9.02428
8/5/12 13:30,7844.7461,173.8,634.3155,307.83,-0.16,1.43,22.29,-2.41,-127.7489,-8.5299,12.597641
8/5/12 14:00,7847.8961,162.7,634.1454,308.0645,-0.57,1.83,30.59,-9.1,-273.694,-15.2925,8.2511
8/5/12 14:30,7851.0461,151.6,633.9564,308.3578,-1.2,2.21,41.54,-19.76,-368.3189,-25.2852,9.968829
8/5/12 15:00,7854.1961,155.5,633.8241,308.5909,-1.09,2.39,44.77,-18.57,-407.7659,-31.6565,10.223863
8/5/12 15:30,7857.3461,142.5,633.6981,308.357,-1.91,2.48,51.6,-31.41,-464.4148,-40.9393,10.119426
8/5/12 16:00,7860.5211,148.0,643.6416,308.4862,-1.62,2.59,50.5,-26.76,-446.9289,-43.7362,8.608263
8/5/12 16:30,7863.7211,158.8,643.5712,308.1948,-1.14,2.93,47.86,-17.31,-389.5058,-44.2134,11.19957
8/5/12 17:00,7866.9211,159.8,643.4368,307.8416,-1.2,3.25,49.46,-17.08,-309.7599,-47.7791,9.776688
8/5/12 17:30,7870.1211,167.4,643.3792,307.3435,-0.59,2.63,36.64,-7.99,-214.1372,-36.3221,8.49344
8/5/12 18:00,7873.3211,190.0,643.4496,306.9547,0.46,2.58,34.26,5.95,-124.744,-34.2642,6.882456
8/5/12 18:30,7876.5211,178.7,643.5456,306.1125,-0.05,2.28,25.19,-0.57,-41.0488,-24.9788,8.198016
8/5/12 19:00,7879.7211,174.8,643.648,305.246,-0.2,2.2,22.58,-2.05,-1.6266,-21.8067,5.939638
8/5/12 19:30,7882.9461,174.7,653.8155,304.6089,-0.19,2.04,17.54,-1.62,0.0,-16.2055,6.359117
8/5/12 20:00,7886.1961,187.9,654.069,304.1821,0.21,1.49,10.28,1.41,0.0,-8.8999,6.000223
8/5/12 20:30,7889.4461,181.0,654.2705,303.9527,0.03,1.73,10.79,0.19,0.0,-8.5639,6.728397
8/5/12 21:00,7892.7211,177.7,664.422,303.628,-0.06,1.55,8.57,-0.34,0.0,-6.0632,4.495407
8/5/12 21:30,7896.0211,177.7,664.4352,303.533,-0.07,1.69,8.75,-0.35,0.0,-5.3241,7.301935
8/5/12 22:00,7899.3211,158.9,664.3626,302.9608,-0.52,1.36,6.67,-2.4,0.0,-3.3368,7.087868
8/5/12 22:30,7902.6461,151.3,674.3483,302.5537,-0.58,1.06,5.06,-2.43,0.0,-1.9345,5.5729545
8/5/12 23:00,7905.9961,151.0,674.221,302.4685,-0.7,1.26,6.02,-2.92,0.0,-1.5573,6.510868
8/5/12 23:30,7909.3461,150.3,674.1272,302.2767,-0.59,1.04,4.64,-2.3,0.0,-0.6051,5.5145044
8/6/12 0:00,7912.7211,142.9,684.0392,302.0954,-0.69,0.91,3.84,-2.32,0.0,0.0,5.5742239
8/6/12 0:30,7916.1211,117.5,683.8488,301.8277,-0.61,0.32,1.95,-1.73,0.0,0.2549,5.6157679
8/6/12 1:00,7919.5211,101.4,683.7196,301.4478,-0.61,0.12,1.48,-1.45,0.0,0.3833,5.6674094
8/6/12 1:30,7922.9461,111.6,693.6087,301.2407,-0.58,0.23,1.23,-1.14,0.0,0.4703,5.776924
8/6/12 2:00,7926.3961,113.2,693.6087,301.2369,-0.5,0.21,1.09,-1.0,0.0,0.5457,5.801735
8/6/12 2:30,7929.8461,76.9,693.4707,301.2405,-0.63,-0.15,1.2,-1.17,0.0,0.7331,5.834047
8/6/12 3:00,7933.3211,107.9,703.332,301.2402,-0.82,0.26,1.59,-1.52,0.0,1.1273,5.854242
8/6/12 3:30,7936.8211,85.8,703.262,301.2953,-0.58,-0.04,0.99,-0.99,0.0,0.7887,5.820776
8/6/12 4:00,7940.3461,110.9,713.2305,301.1927,-0.85,0.32,1.55,-1.45,0.0,1.3425,5.919443
8/6/12 4:30,7943.8961,68.6,713.1808,301.1141,-0.7,-0.27,1.29,-1.2,0.0,1.1937,5.948293
8/6/12 5:00,7947.4461,60.7,713.3086,301.253,-0.53,-0.3,0.95,-0.83,0.6935,0.9201,5.944254
8/6/12 5:30,7951.0211,121.9,723.2832,301.5842,-0.99,0.62,2.04,-1.74,14.5812,2.0271,6.047537
8/6/12 6:00,7954.6211,135.8,723.2616,301.9786,-0.43,0.44,1.14,-0.8,55.973,1.145,5.1987123
8/6/12 6:30,7958.2211,143.8,723.3912,302.3974,-0.31,0.42,1.28,-0.76,77.1919,1.2676,5.6521189
8/6/12 7:00,7961.8211,148.6,723.4272,302.9564,-0.42,0.68,2.41,-1.26,167.422,2.3314,7.17788
8/6/12 7:30,7965.3961,183.8,713.2944,303.7853,0.03,0.4,1.75,0.12,258.2336,1.6179,6.748592
8/6/12 8:00,7968.9461,217.3,713.2163,304.4144,0.48,0.63,4.74,2.87,249.2031,4.108,4.5255264
8/6/12 8:30,7972.4961,226.0,713.0459,304.721,0.98,0.95,10.25,7.38,218.7339,8.1339,4.5916506
8/6/12 9:00,7976.0461,246.6,713.1027,305.0833,0.99,0.43,8.87,8.14,268.2586,6.2694,5.1293569
8/6/12 9:30,7979.6211,274.8,723.132,305.1255,1.45,-0.12,11.89,11.85,167.1269,7.239,6.066578
8/6/12 10:00,7983.2211,283.4,723.0672,305.1391,1.33,-0.32,10.91,10.62,142.9995,5.4568,4.5031388
8/6/12 10:30,7986.8211,292.9,722.916,305.001,1.05,-0.44,8.86,8.16,57.7221,3.3912,4.4632104
8/6/12 11:00,7990.3961,215.8,712.8045,302.9802,0.99,1.37,7.8,4.56,5.7341,2.0193,6.68743
8/6/12 11:30,7993.9711,210.0,722.916,301.7203,0.78,1.36,2.91,1.45,3.5404,0.3794,8.694813
8/6/12 12:00,7997.5961,227.4,732.7813,301.9828,0.45,0.41,0.84,0.62,0.0,0.0,5.6410405
8/6/12 12:30,8001.2711,212.3,742.6788,302.1795,0.26,0.42,0.71,0.38,-11.3914,-0.093,4.7910618
8/6/12 13:00,8005.0211,223.5,762.9184,302.4239,0.6,0.64,1.7,1.17,-45.6647,-0.4394,4.7121282
8/6/12 13:30,8008.8711,265.9,782.6676,302.7692,0.66,0.05,2.03,2.02,-107.7977,-0.7767,5.0160918
8/6/12 14:00,8012.7711,165.4,782.5584,302.8941,-0.27,1.02,3.61,-0.91,-71.5035,-1.8048,4.6204429
8/6/12 14:30,8016.6711,189.4,782.2932,302.7393,0.19,1.14,2.76,0.45,-135.4342,-1.6799,4.7330156
8/6/12 15:00,8020.5461,162.1,771.9866,302.9673,-0.55,1.71,5.25,-1.61,-268.2593,-3.7097,7.092484
8/6/12 15:30,8024.3711,165.5,761.8164,303.3132,-0.45,1.73,7.82,-1.96,-393.8999,-6.2076,6.442782
8/6/12 16:00,8028.1711,166.3,761.786,303.1899,-0.32,1.33,6.55,-1.55,-330.8321,-5.6718,7.068827
8/6/12 16:30,8031.9711,167.5,761.5352,303.5667,-0.39,1.77,8.92,-1.93,-411.3454,-8.2419,9.328936
8/6/12 17:00,8035.7711,204.4,761.6568,303.0136,0.26,0.57,2.85,1.18,-159.228,-2.7544,5.3471744
8/6/12 17:30,8039.5711,203.9,761.4592,302.9795,0.13,0.3,1.4,0.57,-83.1128,-1.3894,7.146722
8/6/12 18:00,8043.3711,146.8,761.216,302.8036,-0.3,0.47,1.82,-1.0,-60.724,-1.8198,6.691469
8/6/12 18:30,8047.1961,139.0,771.078,302.5067,-0.58,0.67,2.3,-1.51,-27.1458,-2.2822,6.587032
8/6/12 19:00,8051.0461,18.5,771.1858,302.2215,-0.09,-0.27,0.63,-0.2,-2.4206,-0.6118,5.918866
8/6/12 19:30,8054.8961,261.8,771.2089,301.7196,0.18,0.03,0.27,0.27,0.0,-0.2517,5.956371
8/6/12 20:00,8058.7711,124.8,781.2636,301.3283,-0.25,0.17,0.41,-0.34,0.0,-0.3576,6.031958
8/6/12 20:30,8062.6711,71.2,781.5444,300.9298,-0.43,-0.15,0.46,-0.44,0.0,-0.367,6.001377
8/6/12 21:00,8066.5711,13.6,781.7472,300.9937,-0.09,-0.37,0.38,-0.09,0.0,-0.2716,6.035997
8/6/12 21:30,8070.4711,71.6,781.6926,300.9333,-0.08,-0.03,0.08,-0.08,0.0,-0.05,6.07004
8/6/12 22:00,8074.3711,162.5,781.5054,300.6697,-0.08,0.27,0.29,-0.09,0.0,-0.1434,5.996184
8/6/12 22:30,8078.2711,137.1,781.3884,300.4083,-0.14,0.15,0.19,-0.13,0.0,-0.0722,5.982336
8/6/12 23:00,8082.1961,9.9,791.4931,300.2596,-0.02,-0.09,0.08,-0.01,0.0,-0.0195,5.938484
8/6/12 23:30,8086.1461,75.4,791.5247,300.0062,-0.24,-0.06,0.19,-0.18,0.0,-0.0242,5.892901
8/7/12 0:00,8090.0961,343.6,791.4299,299.8822,0.04,-0.13,0.09,0.03,0.0,0.0,5.81039
8/7/12 0:30,8094.0461,326.7,791.3983,299.8264,0.17,-0.25,0.2,0.11,0.0,0.0262,5.805197
8/7/12 1:00,8097.9961,184.2,791.3588,299.8423,0.01,0.19,0.12,0.01,0.0,0.0319,5.805197
8/7/12 1:30,8101.9461,69.2,791.2403,299.5909,-0.27,-0.1,0.19,-0.18,0.0,0.0717,5.7103959
8/7/12 2:00,8105.8961,343.2,791.3825,299.7997,0.22,-0.72,0.49,0.14,0.0,0.2433,5.7492857
8/7/12 2:30,8109.8461,306.5,791.343,299.8306,0.1,-0.08,0.1,0.08,0.0,0.0609,5.890016
8/7/12 3:00,8113.7961,21.1,791.2956,299.8596,-0.08,-0.2,0.19,-0.07,0.0,0.1344,5.892901
8/7/12 3:30,8117.7461,230.8,791.2482,299.8383,0.19,0.15,0.21,0.17,0.0,0.1699,5.892901
8/7/12 4:00,8121.6961,72.5,791.1692,299.3429,-0.21,-0.07,0.17,-0.16,0.0,0.1481,5.945985
8/7/12 4:30,8125.6211,313.8,781.2714,299.0507,0.25,-0.24,0.23,0.17,0.0,0.2142,5.958679
8/7/12 5:00,8129.5211,0.1,781.443,299.2739,0.0,-0.37,0.24,0.0,2.3028,0.2279,5.958679
8/7/12 5:30,8133.4211,149.9,781.5054,299.2596,-0.18,0.32,0.23,-0.12,25.5773,0.231,6.16813
8/7/12 6:00,8137.3211,164.5,781.599,299.5386,-0.03,0.09,0.07,-0.02,72.004,0.0658,0.7275393
8/7/12 6:30,8141.2211,143.7,781.833,299.963,-0.17,0.23,0.38,-0.22,193.0809,0.3742,4.0544636
8/7/12 7:00,8145.0961,271.6,772.079,300.5012,0.32,-0.01,0.73,0.73,229.2152,0.7007,0.989555
8/7/12 7:30,8148.9211,163.8,762.052,301.0546,-0.04,0.12,0.4,-0.11,342.6928,0.3727,5.310708
8/7/12 8:00,8152.6961,155.5,751.965,301.8558,-0.22,0.47,2.76,-1.14,420.0232,2.3896,7.221155
8/7/12 8:30,8156.4461,67.3,751.9425,302.3444,-0.61,-0.25,4.26,-3.93,458.3781,3.3769,5.120298
8/7/12 9:00,8160.1961,88.9,751.92,303.2089,-0.3,-0.01,2.41,-2.41,468.0022,1.7046,6.333729
8/7/12 9:30,8163.9461,266.3,751.965,303.8617,0.42,0.03,3.99,3.98,445.544,2.4268,5.1680159
8/7/12 10:00,8167.6961,50.9,751.935,304.4915,-0.42,-0.34,5.67,-4.4,403.451,2.8333,8.223981
8/7/12 10:30,8171.4211,103.9,741.7464,305.188,-0.76,0.19,9.59,-9.31,334.5943,3.6686,6.06427
8/7/12 11:00,8175.1211,146.2,741.6058,305.4806,-0.23,0.34,5.31,-2.95,171.7262,1.3736,9.332975
8/7/12 11:30,8178.7961,180.0,731.4819,305.8887,0.0,0.86,12.47,0.0,123.8645,1.6271,8.403428
8/7/12 12:00,8182.4461,232.9,731.241,306.1554,0.62,0.47,12.52,9.99,0.0,0.0,8.231482
8/7/12 12:30,8186.0711,192.5,720.9936,306.5991,0.11,0.51,9.43,2.04,-126.0826,-1.2305,9.058323
8/7/12 13:00,8189.6711,187.4,720.6912,307.1026,0.17,1.28,23.5,3.03,-239.1307,-6.0831,10.130966
8/7/12 13:30,8193.2461,182.2,710.4828,307.108,0.02,0.6,11.31,0.43,-334.4336,-4.3267,9.290277
8/7/12 14:00,8196.7961,177.1,710.2911,307.4913,-0.05,1.05,20.11,-1.02,-410.5835,-10.0569,11.696367
8/7/12 14:30,8200.3211,184.6,700.098,307.8608,0.09,1.15,23.37,1.87,-460.111,-14.2262,12.07661
8/7/12 15:00,8203.7961,160.3,689.9379,308.1049,-0.49,1.36,29.06,-9.8,-478.0593,-20.5478,16.537974
8/7/12 15:30,8207.2461,155.7,690.0069,307.6501,-0.93,2.07,41.15,-16.93,-337.3077,-32.6434,9.324897
8/7/12 16:00,8210.6711,147.4,680.0952,306.526,-1.54,2.41,40.16,-21.64,-254.5396,-34.7826,12.506475
8/7/12 16:30,8214.0711,118.3,680.1768,305.7412,-2.4,1.29,36.32,-31.98,-152.5168,-33.5564,11.312662
8/7/12 17:00,8217.4711,106.1,680.3604,303.771,-2.71,0.78,30.1,-28.92,-134.2038,-29.0789,10.948575
8/7/12 17:30,8220.8461,117.5,670.1005,303.905,-2.43,1.27,26.74,-23.72,-122.492,-26.5082,7.638326
8/7/12 18:00,8224.1961,120.2,670.3484,303.4489,-2.31,1.34,25.59,-22.12,-23.113,-25.593,8.857527
8/7/12 18:30,8227.5461,85.4,670.6901,302.6533,-1.93,-0.16,15.38,-15.33,-6.7775,-15.2518,5.92579
8/7/12 19:00,8230.9461,94.5,691.0833,301.2859,-0.92,0.07,3.86,-3.85,-0.2685,-3.7307,5.935599
8/7/12 19:30,8234.4711,127.6,721.1448,300.4412,-0.91,0.7,3.19,-2.53,0.0,-2.945,6.255834
8/7/12 20:00,8238.0961,93.4,731.4892,300.5775,-0.83,0.05,2.68,-2.68,0.0,-2.3222,6.232754
8/7/12 20:30,8241.7461,95.0,731.7593,300.1328,-1.57,0.14,4.96,-4.95,0.0,-3.9385,6.178516
8/7/12 21:00,8245.3961,82.9,731.8323,300.0104,-1.39,-0.17,3.98,-3.95,0.0,-2.8123,6.128894
8/7/12 21:30,8249.0211,70.8,721.8648,299.7697,-1.41,-0.49,3.91,-3.69,0.0,-2.3805,6.03542
8/7/12 22:00,8252.6211,73.7,721.98,299.9576,-2.43,-0.71,7.73,-7.42,0.0,-3.8668,6.128894
8/7/12 22:30,8256.2211,64.4,722.0664,299.5034,-2.51,-1.2,8.4,-7.58,0.0,-3.216,6.035997
8/7/12 23:00,8259.7961,65.7,712.0732,299.174,-2.78,-1.25,10.27,-9.36,0.0,-2.6577,6.630307
8/7/12 23:30,8263.3211,67.1,701.932,298.9008,-2.58,-1.09,8.85,-8.15,0.0,-1.1553,6.729551
8/8/12 0:00,8266.8211,67.9,701.89,298.8755,-2.02,-0.82,7.42,-6.88,0.0,0.0,7.227502
8/8/12 0:30,8270.2961,80.8,691.8009,299.1342,-2.0,-0.32,7.89,-7.79,0.0,1.0298,6.059077
8/8/12 1:00,8273.7461,62.6,691.7526,299.2916,-1.4,-0.73,6.16,-5.47,0.0,1.5932,6.030804
8/8/12 1:30,8277.1711,53.5,681.6252,299.1325,-1.64,-1.21,8.65,-6.96,0.0,3.3113,6.050999
8/8/12 2:00,8280.5711,56.1,681.5844,298.6639,-1.6,-1.07,8.69,-7.21,0.0,4.3431,5.3102464
8/8/12 2:30,8283.9461,53.1,671.6549,298.5766,-1.46,-1.1,7.88,-6.3,0.0,4.7963,6.220637
8/8/12 3:00,8287.2961,47.0,671.7889,298.4855,-1.02,-0.95,4.97,-3.63,0.0,3.5126,6.795906
8/8/12 3:30,8290.6461,47.7,671.8224,298.2674,-1.69,-1.53,6.77,-5.01,0.0,5.3735,7.030168
8/8/12 4:00,8293.9961,56.1,671.8358,297.9717,-2.4,-1.61,8.45,-7.01,0.0,7.3157,6.178516
8/8/12 4:30,8297.3211,58.3,662.0526,297.7869,-2.04,-1.26,6.95,-5.91,0.0,6.4181,6.580108
8/8/12 5:00,8300.6211,57.4,662.2506,297.6048,-2.35,-1.5,8.14,-6.86,0.5448,7.8642,6.719165
8/8/12 5:30,8303.9211,57.2,662.3628,297.2558,-2.98,-1.92,11.38,-9.57,6.4503,11.2856,6.276606
8/8/12 6:00,8307.2211,59.5,662.4816,297.0564,-3.02,-1.78,12.61,-10.87,37.683,12.6112,6.033112
8/8/12 6:30,8310.4961,58.2,652.717,297.1116,-2.86,-1.77,13.59,-11.55,90.9849,13.4729,6.2893
8/8/12 7:00,8313.7461,54.8,652.8925,297.3443,-2.6,-1.84,12.95,-10.58,179.4835,12.512,5.2010203
8/8/12 7:30,8316.9961,61.0,653.0745,298.0326,-2.66,-1.48,14.14,-12.37,312.0274,13.0617,5.7572483
8/8/12 8:00,8320.2461,60.2,653.094,298.2043,-2.31,-1.33,12.93,-11.22,235.0653,11.1951,5.0583282
8/8/12 8:30,8323.4711,60.4,643.0848,299.0607,-2.5,-1.42,17.26,-15.01,490.3566,13.6941,6.027919
8/8/12 9:00,8326.6711,60.4,643.1168,300.0013,-1.86,-1.06,16.12,-14.02,494.559,11.3989,6.985739
8/8/12 9:30,8329.8711,65.0,643.0784,300.5739,-1.5,-0.7,14.3,-12.96,402.3195,8.7034,6.460669
8/8/12 10:00,8333.0711,48.5,642.88,300.9071,-1.48,-1.31,19.7,-14.75,410.302,9.8484,5.0022438
8/8/12 10:30,8336.2711,62.6,642.688,301.4164,-1.95,-1.01,24.31,-21.58,327.2984,9.3037,6.567991
8/8/12 11:00,8339.4461,70.3,632.4885,301.644,-2.06,-0.74,24.7,-23.26,213.1652,6.3939,9.510691
8/8/12 11:30,8342.5961,65.4,632.3121,302.0881,-2.09,-0.95,28.35,-25.77,106.4155,3.7,8.334188
8/8/12 12:00,8345.7211,81.9,622.1514,302.1906,-2.36,-0.34,31.09,-30.78,0.0,0.0,8.223981
8/8/12 12:30,8348.8211,68.8,622.1018,302.2738,-2.29,-0.89,32.36,-30.17,-77.6964,-4.2235,9.401061
8/8/12 13:00,8351.9211,86.7,621.9902,302.0372,-2.41,-0.14,29.96,-29.91,-137.1412,-7.7541,8.910611
8/8/12 13:30,8355.0211,89.9,621.8848,302.7108,-2.86,-0.01,39.39,-39.39,-352.8911,-15.072,10.589104
8/8/12 14:00,8358.0961,98.1,611.83,302.6579,-2.68,0.38,38.63,-38.25,-389.1555,-19.317,9.660134
8/8/12 14:30,8361.1461,70.4,611.7385,302.6238,-2.62,-0.93,38.21,-36.0,-460.1591,-23.2627,11.587891
8/8/12 15:00,8364.1961,82.8,611.7141,302.1308,-2.89,-0.37,37.71,-37.41,-482.3048,-26.6624,8.521136
8/8/12 15:30,8367.2461,76.9,611.647,301.8492,-2.9,-0.68,37.32,-36.35,-480.3223,-29.6092,7.636595
8/8/12 16:00,8370.2961,65.6,611.5372,301.5333,-2.87,-1.3,37.5,-34.15,-442.8854,-32.4766,9.455299
8/8/12 16:30,8373.3461,66.9,611.5982,301.1548,-2.92,-1.25,35.78,-32.91,-380.4148,-33.0526,8.869067
8/8/12 17:00,8376.3711,74.1,601.602,300.866,-2.84,-0.81,31.67,-30.45,-290.3119,-30.5875,8.839063
8/8/12 17:30,8379.3711,65.5,601.608,299.9056,-2.77,-1.26,30.45,-27.71,-150.4656,-30.186,11.007429
8/8/12 18:00,8382.3711,58.1,601.632,299.3435,-3.32,-2.07,36.86,-31.29,-123.632,-36.8558,8.872529
8/8/12 18:30,8385.3711,66.6,601.806,298.5995,-2.81,-1.22,25.05,-22.99,-26.4557,-24.8369,9.582239
8/8/12 19:00,8388.3711,68.1,601.956,298.1577,-2.57,-1.03,21.29,-19.75,-0.2569,-20.5612,8.878299
8/8/12 19:30,8391.3711,72.5,602.136,297.6897,-2.65,-0.84,18.94,-18.06,0.0,-17.4956,7.386754
8/8/12 20:00,8394.3711,70.2,602.34,297.4961,-2.84,-1.02,19.79,-18.62,0.0,-17.1364,7.729492
8/8/12 20:30,8397.3711,63.0,602.55,297.3105,-2.31,-1.17,15.71,-14.0,0.0,-12.465,6.725512
8/8/12 21:00,8400.3711,61.0,602.646,297.1966,-2.5,-1.39,16.94,-14.82,0.0,-11.9805,5.947716
8/8/12 21:30,8403.3711,61.2,602.622,296.9428,-2.71,-1.49,17.13,-15.01,0.0,-10.4278,6.645886
8/8/12 22:00,8406.3711,60.2,602.67,296.6555,-2.48,-1.42,14.29,-12.4,0.0,-7.1439,6.101198
8/8/12 22:30,8409.3711,50.3,602.742,296.5198,-1.62,-1.35,10.16,-7.82,0.0,-3.8876,6.550681
8/8/12 23:00,8412.3711,41.7,602.706,296.3757,-0.85,-0.96,5.86,-3.9,0.0,-1.5164,6.550681
8/8/12 23:30,8415.3711,38.6,602.592,296.1152,-0.53,-0.66,3.46,-2.16,0.0,-0.4521,6.550681
8/9/12 0:00,8418.3711,42.0,602.448,296.0433,-0.44,-0.49,2.48,-1.66,0.0,0.0,6.547219
8/9/12 0:30,8421.3961,35.2,612.3912,295.7687,-0.05,-0.06,0.19,-0.11,0.0,0.0245,6.468747
8/9/12 1:00,8424.4461,295.8,612.3241,295.6478,0.2,-0.09,0.41,0.37,0.0,0.1064,6.448552
8/9/12 1:30,8427.4961,296.5,612.2997,295.7627,0.33,-0.17,0.78,0.7,0.0,0.2994,6.468747
8/9/12 2:00,8430.5461,63.0,612.3485,295.3845,-0.4,-0.2,0.7,-0.62,0.0,0.3493,6.048691
8/9/12 2:30,8433.5961,59.9,612.3607,295.0081,-0.46,-0.26,0.9,-0.78,0.0,0.5455,6.036574
8/9/12 3:00,8436.6461,40.3,612.3363,294.7676,-0.19,-0.22,0.48,-0.31,0.0,0.3401,5.7442658
8/9/12 3:30,8439.6961,251.7,612.4522,295.3228,0.47,0.16,0.75,0.71,0.0,0.5974,6.048691
8/9/12 4:00,8442.7711,111.8,622.5234,294.9855,-0.47,0.19,0.66,-0.61,0.0,0.5736,5.982336
8/9/12 4:30,8445.8711,346.4,622.542,295.034,0.08,-0.35,0.34,0.08,0.0,0.3158,5.899825
8/9/12 5:00,8448.9711,30.4,622.6164,295.2471,-0.16,-0.27,0.28,-0.14,1.3204,0.2725,5.990991
8/9/12 5:30,8452.0711,227.7,622.7094,295.477,0.31,0.28,0.4,0.29,10.8355,0.3939,5.986952
8/9/12 6:00,8455.1711,273.0,622.759,295.6968,0.37,-0.02,0.55,0.54,48.18,0.5454,5.801735
8/9/12 6:30,8458.2711,317.6,622.9078,296.2973,0.4,-0.44,1.22,0.82,184.8301,1.2114,4.6743347
8/9/12 7:00,8461.3711,324.6,622.9388,297.0919,0.46,-0.65,2.99,1.73,290.5756,2.886,3.8543023
8/9/12 7:30,8464.4711,351.4,622.9202,297.8889,0.11,-0.73,4.41,0.66,374.3606,4.0771,4.1971557
8/9/12 8:00,8467.5711,350.9,622.7838,298.4959,0.16,-0.97,7.72,1.22,424.2719,6.6869,6.109853
8/9/12 8:30,8470.6711,357.9,622.7652,298.8585,0.04,-1.08,9.8,0.36,457.4317,7.7764,8.311685
8/9/12 9:00,8473.7711,284.0,622.728,299.2475,0.4,-0.1,4.14,4.02,463.3614,2.9287,5.5943612
8/9/12 9:30,8476.8711,357.1,622.6784,299.9651,0.02,-0.42,4.32,0.22,463.4787,2.6322,8.765784
8/9/12 10:00,8479.9711,47.7,622.5544,300.8566,-0.75,-0.68,11.38,-8.41,412.5145,5.6885,7.271354
8/9/12 10:30,8483.0711,35.6,622.4552,301.1685,-0.58,-0.81,12.21,-7.11,324.5653,4.6735,8.063575
8/9/12 11:00,8486.1711,89.0,622.387,302.0602,-1.31,-0.02,16.87,-16.87,234.0356,4.366,8.341689
8/9/12 11:30,8489.2711,93.2,622.3746,302.0832,-1.27,0.07,16.89,-16.87,100.7414,2.2052,8.566719
8/9/12 12:00,8492.3461,104.3,612.257,302.5459,-1.99,0.51,27.57,-26.71,0.0,0.0,8.3665
8/9/12 12:30,8495.4211,104.6,622.0398,302.5716,-2.0,0.52,27.99,-27.09,-119.7977,-3.6539,8.525752
8/9/12 13:00,8498.5211,91.1,621.9716,302.7625,-1.98,0.04,26.85,-26.85,-232.411,-6.9502,10.669307
8/9/12 13:30,8501.6211,98.4,621.9096,302.9817,-1.71,0.25,24.14,-23.88,-336.8693,-9.238,9.926131
8/9/12 14:00,8504.6961,,611.8361,303.258,,,18.54,,-415.887,-9.2718,7.764112
8/9/12 14:30,8507.7211,92.0,601.758,303.1514,-2.55,0.09,35.85,-35.83,-464.6201,-21.8228,8.750782
8/9/12 15:00,8510.6961,82.5,591.7936,303.0323,-2.14,-0.28,29.07,-28.82,-491.1804,-20.5563,12.533017
8/9/12 15:30,8513.6461,95.8,591.7523,302.8941,-2.21,0.22,29.38,-29.23,-483.7528,-23.3084,9.454722
8/9/12 16:00,8516.5961,100.5,591.7169,302.5414,-2.86,0.53,36.88,-36.26,-439.2221,-31.9349,7.865087
8/9/12 16:30,8519.5461,82.1,591.77,301.8184,-2.85,-0.4,33.6,-33.28,-376.8865,-31.0379,7.117295
8/9/12 17:00,8522.4961,87.9,591.7582,301.0361,-2.92,-0.11,30.95,-30.93,-228.9891,-29.8976,4.6459463
8/9/12 17:30,8525.4461,87.2,591.8172,300.4683,-2.64,-0.13,25.32,-25.29,-162.9231,-25.104,11.248038
8/9/12 18:00,8528.3961,91.0,592.0473,299.8386,-2.54,0.04,21.17,-21.17,-92.38,-21.1738,7.555815
8/9/12 18:30,8531.3461,91.7,592.2361,299.0207,-2.43,0.07,17.02,-17.01,-27.2856,-16.8699,6.88361
8/9/12 19:00,8534.2961,93.1,592.4839,298.3274,-2.32,0.13,14.52,-14.5,-1.5387,-14.027,5.924636
8/9/12 19:30,8537.2461,86.6,592.6845,297.9323,-2.68,-0.16,15.34,-15.32,0.0,-14.1749,8.443818
8/9/12 20:00,8540.1961,83.0,592.8261,297.7147,-2.6,-0.32,13.49,-13.39,0.0,-11.6827,6.210251
8/9/12 20:30,8543.1461,78.1,592.9795,297.4691,-2.48,-0.52,12.04,-11.78,0.0,-9.5527,6.170438
8/9/12 21:00,8546.0961,77.1,593.1211,297.1191,-1.74,-0.4,7.2,-7.02,0.0,-5.0925,6.53741
8/9/12 21:30,8549.0461,82.1,593.1447,297.2643,-2.02,-0.28,8.41,-8.33,0.0,-5.1178,6.345846
8/9/12 22:00,8551.9961,81.5,593.0916,296.9941,-1.98,-0.3,7.12,-7.04,0.0,-3.5614,6.53741
8/9/12 22:30,8554.9461,79.7,593.1683,297.0159,-1.88,-0.34,6.68,-6.57,0.0,-2.5569,5.3767168
8/9/12 23:00,8557.8961,112.9,593.2745,297.0577,-1.11,0.47,4.54,-4.19,0.0,-1.176,5.0265355
8/9/12 23:30,8560.8461,117.5,593.3099,297.0355,-0.49,0.25,2.06,-1.82,0.0,-0.2685,6.53741
8/10/12 0:00,8563.8211,132.1,603.108,296.5419,-0.91,0.82,3.92,-2.91,0.0,0.0,4.8353754
8/10/12 0:30,8566.8211,149.7,603.06,296.6315,-0.35,0.6,2.01,-1.02,0.0,0.2627,6.550681
8/10/12 1:00,8569.8211,138.7,603.048,296.6581,-0.64,0.73,2.82,-1.86,0.0,0.7311,6.550681
8/10/12 1:30,8572.8211,114.5,602.946,296.8402,-0.5,0.23,1.61,-1.46,0.0,0.6148,6.550681
8/10/12 2:00,8575.8461,89.0,612.9646,296.8725,-0.66,-0.01,1.91,-1.91,0.0,0.9532,6.53741
8/10/12 2:30,8578.8961,101.3,612.8731,296.8434,-0.68,0.14,2.35,-2.31,0.0,1.4332,6.53741
8/10/12 3:00,8581.9461,148.9,612.8853,296.887,-0.13,0.21,0.71,-0.37,0.0,0.5051,6.53741
8/10/12 3:30,8584.9961,64.5,612.8365,296.4901,-0.68,-0.33,1.91,-1.73,0.0,1.5168,6.44509
8/10/12 4:00,8588.0461,154.8,612.8975,296.3557,-0.14,0.29,0.76,-0.33,0.0,0.6619,6.44509
8/10/12 4:30,8591.1211,117.5,622.9636,296.2695,-0.47,0.24,1.04,-0.92,0.0,0.9581,6.436435
8/10/12 5:00,8594.2211,141.9,623.0504,296.4586,-0.22,0.28,0.59,-0.36,0.9505,0.5675,6.400084
8/10/12 5:30,8597.3461,165.1,633.2319,296.5236,-0.1,0.36,0.66,-0.17,11.6743,0.6553,6.400084
8/10/12 6:00,8600.4961,164.9,633.3327,296.7733,-0.11,0.42,1.02,-0.27,32.142,1.0219,3.9219844
8/10/12 6:30,8603.6461,180.1,633.4209,297.1821,0.0,0.36,0.95,0.0,68.5287,0.9457,3.8452434
8/10/12 7:00,8606.7961,137.0,633.4587,297.5829,-0.24,0.26,1.19,-0.81,111.8233,1.1451,4.6657374
8/10/12 7:30,8609.9461,145.5,633.4335,298.0334,-0.3,0.43,2.18,-1.24,152.891,2.0163,4.3137674
8/10/12 8:00,8613.0961,106.6,633.3579,298.4122,-0.64,0.19,3.32,-3.19,165.0999,2.8794,3.8660731
8/10/12 8:30,8616.2711,142.0,643.488,298.8152,-0.33,0.42,2.83,-1.74,174.6385,2.2437,5.316478
8/10/12 9:00,8619.4711,134.4,643.5136,299.1224,-0.5,0.49,4.41,-3.15,177.761,3.1188,0.7473304
8/10/12 9:30,8622.6711,169.2,643.6544,299.7602,-0.18,0.95,6.9,-1.29,237.6087,4.2028,5.0915634
8/10/12 10:00,8625.8711,194.0,643.616,300.7809,0.18,0.74,6.65,1.61,343.6485,3.3227,6.112738
8/10/12 10:30,8629.0711,217.5,643.4944,301.4394,0.41,0.54,6.47,3.94,280.7588,2.4765,6.31238
8/10/12 11:00,8632.2461,211.5,633.3012,301.8118,0.35,0.57,6.52,3.41,196.541,1.6878,8.596723
8/10/12 11:30,8635.3961,163.0,633.1248,302.3987,-0.26,0.85,9.24,-2.7,109.9436,1.2063,6.901497
8/10/12 12:00,8638.5211,161.7,622.8892,302.8432,-0.48,1.46,16.1,-5.06,0.0,0.0,7.516579
8/10/12 12:30,8641.6211,189.2,622.728,303.5178,0.17,1.04,12.79,2.05,-110.8676,-1.6699,8.087809
8/10/12 13:00,8644.7211,190.1,622.5172,304.3024,0.23,1.28,16.69,2.93,-209.0207,-4.3187,8.787133
8/10/12 13:30,8647.8211,176.7,622.3374,305.1091,-0.08,1.31,18.41,-1.06,-309.8718,-7.0435,9.342207
8/10/12 14:00,8650.9211,161.4,622.1328,305.7861,-0.5,1.48,23.51,-7.5,-364.57,-11.7574,11.096287
8/10/12 14:30,8653.9961,189.0,612.0618,306.1372,0.37,2.33,36.85,5.76,-421.5661,-22.4343,9.871316
8/10/12 15:00,8657.0461,191.2,612.2448,306.0731,0.45,2.28,36.81,7.15,-432.7656,-26.0291,9.487034
8/10/12 15:30,8660.0961,175.1,612.2875,305.6953,-0.18,2.14,32.64,-2.79,-325.7588,-25.8939,7.87028
8/10/12 16:00,8663.1211,178.4,602.202,304.8974,-0.06,2.13,28.14,-0.79,-228.9962,-24.373,8.982736
8/10/12 16:30,8666.1461,181.7,612.2936,305.4742,0.07,2.37,33.11,0.98,-362.1857,-30.5862,6.787828
8/10/12 17:00,8669.1711,180.0,602.31,304.9511,0.0,2.76,35.67,0.0,-228.7303,-34.4536,8.515943
8/10/12 17:30,8672.1711,178.6,602.358,304.3052,-0.06,2.53,30.57,-0.75,-153.0781,-30.3056,7.413873
8/10/12 18:00,8675.1711,183.8,602.46,303.8463,0.14,2.05,21.93,1.45,-83.469,-21.9347,6.62396
8/10/12 18:30,8678.1711,180.6,602.694,303.2281,0.02,2.2,19.76,0.21,-23.8036,-19.5912,5.5693771
8/10/12 19:00,8681.1961,180.4,612.9768,302.6609,0.01,1.55,11.57,0.08,-1.2142,-11.18,6.038882
8/10/12 19:30,8684.2461,161.6,613.1842,302.0638,-0.51,1.52,10.49,-3.31,0.0,-9.6942,7.235003
8/10/12 20:00,8687.2961,176.8,613.4221,302.0298,-0.11,1.96,12.98,-0.72,0.0,-11.2379,5.4011816
8/10/12 20:30,8690.3461,169.3,613.66,301.9555,-0.37,1.94,11.89,-2.21,0.0,-9.4354,5.7034719
8/10/12 21:00,8693.3961,159.2,613.843,301.8487,-0.68,1.78,10.52,-3.74,0.0,-7.4415,5.255316
8/10/12 21:30,8696.4461,147.8,613.8552,301.8472,-0.94,1.49,9.53,-5.08,0.0,-5.8038,5.748074
8/10/12 22:00,8699.4961,139.0,613.8064,301.4745,-1.07,1.23,7.7,-5.05,0.0,-3.8512,3.2146978
8/10/12 22:30,8702.5461,124.8,613.7637,301.0424,-1.11,0.77,5.68,-4.67,0.0,-2.1747,5.981182
8/10/12 23:00,8705.5961,117.3,613.6905,300.6751,-1.02,0.53,4.0,-3.56,0.0,-1.0358,6.051576
8/10/12 23:30,8708.6461,126.2,613.7088,300.5166,-1.2,0.88,4.53,-3.66,0.0,-0.5912,6.089081
8/11/12 0:00,8711.7211,121.9,623.6704,300.3725,-1.19,0.74,3.89,-3.3,0.0,0.0,4.4664416
8/11/12 0:30,8714.8211,120.6,623.472,300.3202,-1.35,0.8,4.15,-3.57,0.0,0.5414,6.041767
8/11/12 1:00,8717.9211,119.8,623.3232,300.2834,-1.32,0.76,3.99,-3.46,0.0,1.0327,6.046383
8/11/12 1:30,8721.0211,85.5,623.3108,300.1164,-0.95,-0.07,2.28,-2.28,0.0,0.8741,6.005993
8/11/12 2:00,8724.1211,111.6,623.3852,300.3086,-0.98,0.39,2.69,-2.5,0.0,1.3471,6.046383
8/11/12 2:30,8727.2211,102.2,623.3542,300.3121,-1.01,0.22,2.64,-2.59,0.0,1.6101,6.046383
8/11/12 3:00,8730.3211,108.7,623.4658,300.2881,-0.84,0.28,2.05,-1.94,0.0,1.4514,6.032535
8/11/12 3:30,8733.4211,113.1,623.4782,300.3482,-0.7,0.3,1.73,-1.6,0.0,1.3765,6.046383
8/11/12 4:00,8736.5461,68.0,633.5406,300.5549,-0.49,-0.2,1.24,-1.15,0.0,1.0775,6.057346
8/11/12 4:30,8739.6961,75.3,633.6414,300.3422,-0.63,-0.17,1.35,-1.31,0.0,1.2504,6.046383
8/11/12 5:00,8742.8461,72.8,633.717,300.2164,-0.49,-0.15,1.01,-0.96,0.0,0.9743,6.04119
8/11/12 5:30,8745.9961,59.6,633.8115,300.1871,-0.71,-0.41,1.6,-1.38,17.6061,1.5815,6.059654
8/11/12 6:00,8749.1461,81.7,633.7863,300.341,-0.58,-0.09,1.02,-1.01,43.671,1.0236,5.6904317
8/11/12 6:30,8752.2961,109.3,633.8997,301.1743,-1.11,0.39,2.66,-2.51,128.3425,2.6388,3.6880686
8/11/12 7:00,8755.4211,119.8,623.9742,302.0862,-1.0,0.57,3.7,-3.21,161.9964,3.5774,3.7644057
8/11/12 7:30,8758.5211,188.9,624.0238,303.0266,0.1,0.64,2.77,0.43,264.4984,2.558,4.2120423
8/11/12 8:00,8761.6211,223.8,623.8936,303.6088,0.74,0.77,6.78,4.69,313.2509,5.8724,6.050422
8/11/12 8:30,8764.7211,250.2,623.7696,303.5313,1.03,0.37,7.71,7.25,231.4521,6.1139,4.8488195
8/11/12 9:00,8767.7961,268.3,613.7454,303.534,1.08,0.03,7.99,7.99,229.7171,5.6488,2.8193374
8/11/12 9:30,8770.8461,236.4,613.8003,304.1272,1.04,0.69,11.04,9.2,274.0248,6.7214,6.271413
8/11/12 10:00,8773.8961,226.7,613.8552,304.9185,0.86,0.81,11.1,8.08,333.0515,5.5525,6.676467
8/11/12 10:30,8776.9461,232.2,613.8369,305.7138,1.02,0.79,14.32,11.32,324.2722,5.481,7.134028
8/11/12 11:00,8779.9711,228.0,603.702,306.342,1.32,1.19,22.71,16.87,178.7909,5.877,7.51831
8/11/12 11:30,8782.9961,233.3,613.6722,306.6643,1.21,0.9,20.75,16.64,84.2485,2.7083,9.421833
8/11/12 12:00,8786.0211,203.4,603.396,307.0143,0.41,0.94,14.22,5.65,0.0,0.0,9.545888
8/11/12 12:30,8789.0211,198.5,603.186,307.4369,0.5,1.5,22.64,7.18,-108.3523,-2.9549,8.228597
8/11/12 13:00,8792.0211,177.3,603.156,307.3391,-0.08,1.66,22.6,-1.06,-142.6893,-5.8491,8.722509
8/11/12 13:30,8794.9961,191.5,593.1152,306.3622,0.51,2.53,30.62,6.11,-98.2938,-11.7189,7.029014
8/11/12 14:00,8797.9461,189.9,593.0739,306.9859,0.43,2.47,31.98,5.5,-299.6415,-15.99,9.818232
8/11/12 14:30,8800.9211,189.2,603.036,307.5402,0.44,2.69,37.81,6.04,-450.6539,-23.0152,9.742645
8/11/12 15:00,8803.8961,162.8,592.9677,306.933,-1.0,3.23,43.98,-13.0,-348.7861,-31.0955,7.49523
8/11/12 15:30,8806.8461,166.8,592.95,306.1012,-0.79,3.38,41.86,-9.56,-327.6145,-33.2059,10.773744
8/11/12 16:00,8809.7711,162.0,582.8594,304.901,-0.94,2.89,29.29,-9.05,-176.0881,-25.3689,12.493204
8/11/12 16:30,8812.6711,169.6,582.7666,304.6137,-0.6,3.27,30.54,-5.51,-116.2767,-28.2177,7.878935
8/11/12 17:00,8815.5711,188.7,582.726,304.4907,0.42,2.74,28.91,4.37,-94.341,-27.9215,7.983372
8/11/12 17:30,8818.4711,197.7,583.0972,304.1811,0.58,1.81,17.57,5.34,-40.0861,-17.4155,6.322766
8/11/12 18:00,8821.3711,188.1,583.364,303.904,0.35,2.44,20.16,2.84,-15.364,-20.1562,5.55074
8/11/12 18:30,8824.2711,180.2,583.6018,303.442,0.01,1.54,9.81,0.03,-2.9753,-9.7235,6.001377
8/11/12 19:00,8827.1711,163.2,583.654,302.9876,-0.26,0.87,4.23,-1.22,-0.5245,-4.0814,6.045806
8/11/12 19:30,8830.0961,139.7,593.8468,302.8387,-0.67,0.79,4.34,-2.81,0.0,-4.0121,6.025611
8/11/12 20:00,8833.0461,154.1,594.0002,302.9466,-0.72,1.49,8.24,-3.6,0.0,-7.1334,5.1268181
8/11/12 20:30,8835.9961,131.9,594.0887,302.6242,-0.37,0.33,2.17,-1.62,0.0,-1.7233,6.005416
8/11/12 21:00,8838.9461,343.0,594.0474,301.1929,0.29,-0.96,2.74,0.8,0.0,-1.9362,5.995607
8/11/12 21:30,8841.8961,343.0,594.0002,300.7139,0.39,-1.28,2.81,0.82,0.0,-1.71,6.048691
8/11/12 22:00,8844.8461,7.3,593.9648,300.3376,-0.12,-0.93,1.63,-0.21,0.0,-0.8153,6.011763
8/11/12 22:30,8847.8211,17.3,603.942,300.2377,-0.23,-0.74,1.03,-0.31,0.0,-0.3929,5.932137
8/11/12 23:00,8850.8211,21.4,603.888,300.4175,-0.17,-0.43,0.52,-0.19,0.0,-0.1338,5.963872
8/11/12 23:30,8853.8211,323.0,603.828,300.5908,0.35,-0.46,0.62,0.37,0.0,-0.081,5.924059
8/12/12 0:00,8856.8461,342.7,613.8674,300.6697,0.18,-0.57,0.6,0.18,0.0,0.0,5.902133
8/12/12 0:30,8859.8961,38.1,613.7271,300.7799,-0.24,-0.31,0.39,-0.24,0.0,0.0503,5.904441
8/12/12 1:00,8862.9461,348.3,613.6417,300.8451,0.08,-0.41,0.43,0.09,0.0,0.1124,5.842702
8/12/12 1:30,8865.9961,60.1,613.5258,300.836,-0.2,-0.12,0.24,-0.21,0.0,0.0929,5.86809
8/12/12 2:00,8869.0461,70.8,613.3977,300.8864,-0.33,-0.12,0.38,-0.36,0.0,0.1911,5.843279
8/12/12 2:30,8872.0961,97.8,613.2025,301.1264,-0.38,0.05,0.42,-0.42,0.0,0.256,5.792503
8/12/12 3:00,8875.1461,4.9,613.0927,301.1225,-0.03,-0.4,0.44,-0.04,0.0,0.3096,5.792503
8/12/12 3:30,8878.1961,345.8,613.0744,301.0632,0.1,-0.41,0.45,0.11,0.0,0.3545,5.792503
8/12/12 4:00,8881.2461,323.6,613.2086,300.856,0.35,-0.48,0.59,0.35,0.0,0.5132,5.845587
8/12/12 4:30,8884.2961,326.6,613.2452,300.432,0.43,-0.65,0.71,0.39,0.0,0.6532,5.92579
8/12/12 5:00,8887.3461,335.2,613.2818,300.237,0.33,-0.7,0.66,0.28,0.0,0.6393,5.890593
8/12/12 5:30,8890.3961,314.1,613.2818,300.0824,0.53,-0.51,0.63,0.45,4.5874,0.6244,5.858281
8/12/12 6:00,8893.4461,355.9,613.1781,300.1045,0.05,-0.64,0.58,0.04,27.787,0.5831,6.981123
8/12/12 6:30,8896.4961,83.6,613.1049,300.3785,-0.16,-0.02,0.15,-0.15,68.0339,0.1477,4.4421499
8/12/12 7:00,8899.5461,253.5,613.2208,300.8675,0.38,0.11,0.41,0.39,116.112,0.3914,4.5791297
8/12/12 7:30,8902.5961,258.2,613.3977,301.1172,0.73,0.15,0.91,0.89,90.9449,0.8402,3.9199649
8/12/12 8:00,8905.6461,235.0,613.4038,301.4478,0.51,0.36,0.92,0.76,148.2298,0.7989,5.0023592
8/12/12 8:30,8908.6711,214.9,603.306,302.0501,0.56,0.8,2.0,1.14,176.3172,1.5865,5.1174707
8/12/12 9:00,8911.6461,222.4,593.2509,302.3788,0.71,0.78,2.65,1.79,227.0025,1.8765,4.5026772
8/12/12 9:30,8914.5961,220.6,593.3099,302.8267,0.64,0.75,3.23,2.1,148.6334,1.968,6.169861
8/12/12 10:00,8917.5461,223.6,593.2627,302.9393,0.86,0.9,4.79,3.31,141.5305,2.3972,4.841607
8/12/12 10:30,8920.4961,219.9,593.2214,303.5279,0.69,0.83,5.46,3.5,172.8887,2.0902,4.607345
8/12/12 11:00,8923.4461,207.3,593.0621,304.6148,0.71,1.38,11.39,5.22,185.4397,2.9474,6.810908
8/12/12 11:30,8926.3711,225.8,582.7492,305.4042,1.36,1.32,18.13,13.0,102.285,2.3667,7.404641
8/12/12 12:00,8929.2711,221.8,582.6912,305.7864,1.12,1.25,17.46,11.64,0.0,0.0,7.999528
8/12/12 12:30,8932.1461,226.7,572.508,305.5481,1.08,1.01,14.88,10.83,-47.0255,-1.9425,7.337132
8/12/12 13:00,8934.9961,201.9,572.3883,305.8409,0.61,1.52,16.28,6.07,-128.0986,-4.2123,7.082675
8/12/12 13:30,8937.8461,192.6,572.1204,306.6891,0.55,2.48,31.39,6.85,-253.752,-12.0131,8.195131
8/12/12 14:00,8940.6961,180.4,572.0463,306.5751,0.02,2.74,33.19,0.23,-362.025,-16.5957,7.626786
8/12/12 14:30,8943.5461,173.0,571.9893,306.7782,-0.3,2.48,32.48,-3.96,-408.9653,-19.771,13.022313
8/12/12 15:00,8946.3711,182.7,561.7976,307.0163,0.13,2.85,39.49,1.86,-455.3336,-27.927,9.014471
8/12/12 15:30,8949.1461,175.8,551.7545,306.5254,-0.24,3.26,45.8,-3.35,-392.7639,-36.3349,10.390039
8/12/12 16:00,8951.8961,179.0,551.749,306.4204,-0.05,2.88,40.36,-0.7,-374.5317,-34.9556,10.991273
8/12/12 16:30,8954.6461,188.6,551.628,306.3933,0.44,2.88,43.37,6.49,-431.0055,-40.0678,10.301181
8/12/12 17:00,8957.3961,187.7,551.5235,305.4082,0.39,2.86,41.48,5.56,-195.6985,-40.067,8.67808
8/12/12 17:30,8960.1461,197.5,551.551,305.2713,0.66,2.09,29.63,8.91,-148.9329,-29.3721,8.032994
8/12/12 18:00,8962.8961,187.9,551.6885,304.5388,0.24,1.76,19.75,2.71,-55.265,-19.7482,7.090753
8/12/12 18:30,8965.6461,176.3,551.9415,303.8657,-0.06,0.93,8.2,-0.53,-20.4565,-8.1319,4.3463102
8/12/12 19:00,8968.3961,188.6,552.145,303.4025,0.1,0.68,4.95,0.74,0.0,-4.7811,6.11043
8/12/12 19:30,8971.1461,170.2,552.3155,302.8271,-0.18,1.04,6.56,-1.12,0.0,-6.057,5.970219
8/12/12 20:00,8973.8961,169.0,552.464,302.8656,-0.38,1.97,13.55,-2.59,0.0,-11.7382,7.338863
8/12/12 20:30,8976.6461,165.9,552.5355,302.6144,-0.39,1.57,9.28,-2.26,0.0,-7.3629,7.828736
8/12/12 21:00,8979.3961,161.0,552.651,302.3579,-0.52,1.51,7.67,-2.5,0.0,-5.4248,7.259237
8/12/12 21:30,8982.1461,136.8,552.695,302.0055,-0.79,0.85,4.43,-3.03,0.0,-2.6954,5.861166
8/12/12 22:00,8984.8961,110.7,552.761,301.4801,-0.97,0.37,3.74,-3.5,0.0,-1.8684,5.865205
8/12/12 22:30,8987.6461,116.6,552.772,300.8847,-1.17,0.58,4.7,-4.2,0.0,-1.7992,5.948293
8/12/12 23:00,8990.3961,109.0,552.673,300.8908,-0.89,0.31,3.24,-3.06,0.0,-0.8375,5.910211
8/12/12 23:30,8993.1461,106.6,552.6895,300.6518,-0.88,0.26,2.78,-2.67,0.0,-0.3632,5.952909
8/13/12 0:00,8995.9211,90.5,562.6712,300.4096,-0.73,0.01,1.78,-1.78,0.0,0.0,5.969065
8/13/12 0:30,8998.7211,73.6,562.4808,300.2679,-0.55,-0.16,1.19,-1.14,0.0,0.1554,5.924636
8/13/12 1:00,9001.5211,93.1,562.2176,300.1185,-0.52,0.03,0.92,-0.92,0.0,0.2382,5.890016
8/13/12 1:30,9004.3211,44.5,561.9824,299.9563,-0.23,-0.24,0.51,-0.36,0.0,0.1969,5.804043
8/13/12 2:00,9007.1211,53.5,561.7864,299.906,-0.57,-0.42,1.07,-0.86,0.0,0.5335,5.804043
8/13/12 2:30,9009.9211,356.7,561.7696,299.9554,0.01,-0.1,0.14,0.01,0.0,0.0842,5.804043
8/13/12 3:00,9012.7211,75.5,561.6744,299.6979,-0.47,-0.12,0.64,-0.62,0.0,0.4493,5.7577099
8/13/12 3:30,9015.5211,326.6,561.5176,299.5779,0.06,-0.09,0.12,0.06,0.0,0.0915,5.7539594
8/13/12 4:00,9018.3211,134.9,561.3776,299.6152,-0.17,0.17,0.27,-0.19,0.0,0.2318,5.7539594
8/13/12 4:30,9021.1211,3.2,561.4392,299.7603,-0.01,-0.11,0.1,-0.01,0.0,0.0957,5.810967
8/13/12 5:00,9023.9211,54.5,561.5064,300.1751,-0.14,-0.1,0.17,-0.14,0.0,0.1657,5.86809
8/13/12 5:30,9026.7461,151.4,571.5732,300.4153,-0.24,0.43,0.51,-0.24,5.8763,0.5014,5.829431
8/13/12 6:00,9029.5961,177.0,571.6188,300.8988,-0.02,0.4,0.44,-0.02,30.392,0.435,5.937907
8/13/12 6:30,9032.4461,177.9,571.596,301.1806,-0.03,0.75,0.97,-0.04,92.6297,0.9633,5.4374172
8/13/12 7:00,9035.2961,172.5,571.5846,301.8914,-0.08,0.64,1.33,-0.17,259.6254,1.284,5.54497
8/13/12 7:30,9038.0961,214.6,551.518,303.2151,0.75,1.08,5.35,3.04,389.2341,4.9437,4.6813741
8/13/12 8:00,9040.8461,220.7,551.529,303.7402,0.92,1.07,8.03,5.23,268.37,6.9505,5.721532
8/13/12 8:30,9043.5961,223.8,551.397,303.666,0.86,0.89,7.8,5.4,201.7664,6.1888,5.6366553
8/13/12 9:00,9046.3461,206.8,551.2155,304.5598,0.63,1.25,10.83,4.88,367.6008,7.6548,6.92977
8/13/12 9:30,9049.0961,212.0,551.1275,305.4657,0.97,1.55,18.61,9.86,438.4836,11.3297,8.719047
8/13/12 10:00,9051.8211,203.4,541.1016,306.0853,0.61,1.4,18.09,7.18,367.6525,9.0438,7.861048
8/13/12 10:30,9054.5211,233.3,541.107,306.2339,1.34,1.0,21.24,17.03,251.7571,8.1298,7.540813
8/13/12 11:00,9057.2211,185.3,540.8802,306.9352,0.12,1.29,17.37,1.6,159.4442,4.4958,9.401638
8/13/12 11:30,9059.8961,179.4,530.6148,307.6549,-0.02,2.06,30.14,-0.32,104.7437,3.9336,7.938366
8/13/12 12:00,9062.5461,189.2,530.3551,308.4629,0.43,2.63,45.04,7.2,0.0,0.0,9.68206
8/13/12 12:30,9065.1711,186.8,520.2496,308.2799,0.32,2.72,42.13,4.99,-74.3113,-5.499,7.918171
8/13/12 13:00,9067.7711,175.1,520.078,308.9181,-0.31,3.59,56.9,-4.86,-238.7921,-14.7277,9.349131
8/13/12 13:30,9070.3961,197.4,529.9894,309.035,1.07,3.43,63.91,19.11,-281.7009,-24.4556,11.945054
8/13/12 14:00,9073.0461,185.1,529.8516,309.3693,0.34,3.83,73.7,6.55,-393.588,-36.8504,10.017874
8/13/12 14:30,9075.6711,192.6,519.7244,309.305,0.89,3.98,80.13,17.48,-449.8808,-48.7785,14.591753
8/13/12 15:00,9078.2461,201.8,509.7399,309.0665,1.59,3.96,81.55,30.29,-471.4903,-57.6681,13.047701
8/13/12 15:30,9080.7711,199.8,499.76,308.7154,1.14,3.17,57.27,19.4,-415.5394,-45.4347,10.504862
8/13/12 16:00,9083.2711,207.6,499.765,308.3707,1.77,3.38,67.22,31.14,-335.5511,-58.2099,13.352934
8/13/12 16:30,9085.7711,219.3,499.835,307.8091,2.62,3.2,72.67,46.02,-216.5943,-67.134,12.31895
8/13/12 17:00,9088.2461,210.4,489.8628,307.3488,2.01,3.42,63.98,32.37,-177.6917,-61.7959,12.793821
8/13/12 17:30,9090.6961,213.1,489.9118,306.7775,2.07,3.18,57.29,31.29,-74.7877,-56.7992,7.36829
8/13/12 18:00,9093.1461,203.3,490.0049,306.0634,1.07,2.48,35.16,13.91,-40.058,-35.1554,6.753785
8/13/12 18:30,9095.5961,187.9,490.098,305.3591,0.37,2.66,26.61,3.66,-13.3488,-26.3866,5.959833
8/13/12 19:00,9098.0461,189.2,490.1617,304.709,0.52,3.22,25.64,4.1,0.0,-24.7631,5.90848
8/13/12 19:30,9100.4961,193.3,490.2597,304.5077,0.76,3.22,24.45,5.62,0.0,-22.586,8.323802
8/13/12 20:00,9102.9461,186.0,490.4655,304.2589,0.34,3.22,21.4,2.24,0.0,-18.5356,6.570299
8/13/12 20:30,9105.4211,186.4,500.8,304.1645,0.34,3.05,18.62,2.08,0.0,-14.7696,6.116777
8/13/12 21:00,9107.9211,185.2,500.845,304.0564,0.22,2.45,14.51,1.32,0.0,-10.2598,5.0239967
8/13/12 21:30,9110.4211,180.8,500.825,303.9163,0.04,2.66,15.41,0.22,0.0,-9.3817,4.6633717
8/13/12 22:00,9112.9211,192.5,500.905,304.0497,0.7,3.14,19.22,4.16,0.0,-9.6099,6.518369
8/13/12 22:30,9115.4211,195.6,500.955,304.0532,0.75,2.69,16.1,4.33,0.0,-6.1609,6.079849
8/13/12 23:00,9117.9211,195.4,501.01,304.1768,0.77,2.81,17.69,4.7,0.0,-4.5787,5.3842178
8/13/12 23:30,9120.4211,188.7,500.93,304.0043,0.42,2.74,15.6,2.36,0.0,-2.0356,5.6554078
8/14/12 0:00,9122.9211,194.5,500.925,303.978,0.7,2.69,16.19,4.05,0.0,0.0,5.3580797
8/14/12 0:30,9125.4211,200.2,500.85,303.8816,0.97,2.64,15.08,5.21,0.0,1.9682,4.2429118
8/14/12 1:00,9127.9211,198.3,500.83,303.6985,0.82,2.49,12.72,3.99,0.0,3.292,5.3866412
8/14/12 1:30,9130.4211,193.7,500.86,303.5731,0.44,1.79,8.72,2.06,0.0,3.3353,6.094851
8/14/12 2:00,9132.9211,193.2,500.73,303.4907,0.42,1.79,9.22,2.1,0.0,4.6087,4.7949854
8/14/12 2:30,9135.4211,188.9,500.7,303.3413,0.27,1.74,8.14,1.26,0.0,4.9544,6.049268
8/14/12 3:00,9137.9211,194.9,500.865,303.4752,0.63,2.37,12.12,3.12,0.0,8.572,5.0632327
8/14/12 3:30,9140.4211,200.2,501.015,303.5368,0.8,2.17,11.66,4.03,0.0,9.254,4.6496968
8/14/12 4:00,9142.9211,204.0,501.18,303.3785,0.77,1.72,9.07,3.69,0.0,7.8538,4.4380532
8/14/12 4:30,9145.4211,182.4,501.42,302.991,0.04,0.94,3.75,0.16,0.0,3.4644,5.980028
8/14/12 5:00,9147.9461,179.9,511.581,302.9848,0.0,1.09,4.31,-0.01,0.0,4.1675,5.980028
8/14/12 5:30,9150.4961,197.3,511.9023,303.0062,0.28,0.9,3.71,1.1,5.794,3.6831,5.895209
8/14/12 6:00,9153.0461,189.5,512.1369,303.1183,0.14,0.84,3.57,0.59,21.12,3.5663,4.0465587
8/14/12 6:30,9155.5961,162.8,512.3868,303.2666,-0.07,0.24,1.06,-0.31,32.0564,1.047,4.0203629
8/14/12 7:00,9158.1461,244.1,512.6418,303.4767,0.29,0.14,1.55,1.39,38.1434,1.4963,6.544334
8/14/12 7:30,9160.6961,241.4,512.9325,303.6478,0.71,0.39,4.54,3.99,81.7107,4.1973,2.7391344
8/14/12 8:00,9163.2461,249.8,513.2589,303.9748,1.61,0.59,11.23,10.54,145.3728,9.7218,6.545488
8/14/12 8:30,9165.7711,264.7,503.445,303.2257,2.33,0.22,14.13,14.07,109.2154,11.2117,4.9411395
8/14/12 9:00,9168.2711,279.3,503.68,302.7062,1.79,-0.29,8.71,8.59,138.2825,6.1574,5.980605
8/14/12 9:30,9170.7711,244.9,503.76,302.2842,1.58,0.74,6.96,6.3,79.9079,4.2359,5.1187401
8/14/12 10:00,9173.3211,,523.9624,301.3197,,,5.22,,45.739,2.6118,4.8575322
8/14/12 10:30,9175.9461,,534.0757,300.7919,,,3.55,,30.9556,1.3588,4.4483238
8/14/12 11:00,9178.6461,,554.488,300.9759,,,3.12,,37.4434,0.8065,4.4217241
8/14/12 11:30,9181.4211,,564.564,301.212,,,3.92,,32.6129,0.5116,5.1102582
8/14/12 12:00,9184.2461,299.8,574.6341,301.6305,1.13,-0.65,3.38,2.93,0.0,0.0,4.7994283
8/14/12 12:30,9187.0961,322.7,574.5201,302.0651,0.61,-0.8,3.7,2.24,-47.3839,-0.4828,5.0951985
8/14/12 13:00,9189.9211,323.9,564.3624,302.2816,0.55,-0.75,4.27,2.52,-85.6952,-1.1048,5.359753
8/14/12 13:30,9192.6961,359.4,554.081,302.6909,0.01,-0.67,3.7,0.04,-129.9034,-1.4145,4.0919109
8/14/12 14:00,9195.4711,303.2,564.1664,303.1839,0.37,-0.24,3.28,2.75,-223.933,-1.6405,5.6543692
8/14/12 14:30,9198.2711,44.2,564.172,303.6623,-0.24,-0.25,2.93,-2.04,-320.8952,-1.7853,5.899825
8/14/12 15:00,9201.0711,199.3,564.2224,304.0799,0.09,0.27,2.64,0.87,-219.1946,-1.8651,5.2762611
8/14/12 15:30,9203.8711,183.6,564.2952,304.2484,0.03,0.51,4.59,0.29,-211.0193,-3.64,5.7363032
8/14/12 16:00,9206.6711,174.1,564.452,304.5198,-0.11,1.08,8.39,-0.86,-265.5883,-7.2696,5.897517
8/14/12 16:30,9209.4711,154.1,564.6648,304.8796,-0.76,1.56,13.44,-5.87,-264.5695,-12.416,6.250064
8/14/12 17:00,9212.2461,156.3,554.686,305.268,-0.54,1.23,10.9,-4.38,-259.2516,-10.5293,8.297837
8/14/12 17:30,9214.9961,116.7,554.796,305.282,-0.8,0.4,7.35,-6.57,-184.6051,-7.2863,8.264371
8/14/12 18:00,9217.7461,108.9,554.972,304.8874,-1.0,0.34,7.12,-6.74,-92.221,-7.1234,5.7175507
8/14/12 18:30,9220.4961,114.8,555.159,303.8666,-0.74,0.34,4.47,-4.06,-15.0809,-4.4344,6.042344
8/14/12 19:00,9223.2461,110.5,555.2855,303.1369,-0.99,0.37,4.93,-4.62,0.0,-4.7598,5.980028
8/14/12 19:30,9225.9961,101.8,555.5055,303.0212,-1.04,0.22,3.97,-3.88,0.0,-3.6665,5.956948
8/14/12 20:00,9228.7461,79.1,555.7145,302.7221,-1.0,-0.19,3.69,-3.63,0.0,-3.1973,5.96618
8/14/12 20:30,9231.4961,122.5,555.8905,301.9815,-0.75,0.48,2.45,-2.07,0.0,-1.9468,5.873283
8/14/12 21:00,9234.2461,105.1,556.017,301.7361,-1.0,0.27,3.12,-3.02,0.0,-2.2082,5.869821
8/14/12 21:30,9236.9961,91.7,556.171,301.683,-0.64,0.02,2.23,-2.22,0.0,-1.3545,5.911942
8/14/12 22:00,9239.7461,99.0,556.3965,301.6549,-0.81,0.13,2.4,-2.37,0.0,-1.2003,5.944254
8/14/12 22:30,9242.4961,73.5,556.6165,301.9351,-0.87,-0.26,2.48,-2.38,0.0,-0.95,5.98926
8/14/12 23:00,9245.2711,66.0,566.72,301.7229,-1.27,-0.57,3.33,-3.04,0.0,-0.8617,5.959256
8/14/12 23:30,9248.0461,63.0,556.534,301.023,-1.91,-0.98,4.82,-4.3,0.0,-0.6294,6.042344
8/15/12 0:00,9250.7961,62.5,556.534,300.5532,-1.56,-0.81,3.68,-3.26,0.0,0.0,5.3867566
8/15/12 0:30,9253.5461,58.7,556.655,300.5162,-1.77,-1.08,4.55,-3.89,0.0,0.5937,5.5248327
8/15/12 1:00,9256.2961,58.5,556.457,300.4873,-2.38,-1.46,6.81,-5.81,0.0,1.7623,7.12595
8/15/12 1:30,9259.0211,54.7,546.156,300.4198,-2.19,-1.55,6.17,-5.03,0.0,2.3603,5.0428069
8/15/12 2:00,9261.7461,65.2,556.336,300.3931,-1.71,-0.79,4.01,-3.64,0.0,2.0052,5.4003161
8/15/12 2:30,9264.4961,58.9,556.413,300.3876,-1.27,-0.77,3.26,-2.8,0.0,1.9875,5.866936
8/15/12 3:00,9267.2461,60.0,556.5285,300.4828,-1.26,-0.73,3.44,-2.98,0.0,2.4347,4.5461253
8/15/12 3:30,9269.9961,64.9,556.4955,300.5306,-1.6,-0.75,4.77,-4.32,0.0,3.7806,4.6746809
8/15/12 4:00,9272.7211,59.2,546.3612,300.3758,-1.24,-0.74,3.78,-3.25,0.0,3.2764,6.044075
8/15/12 4:30,9275.4211,69.1,546.399,300.1275,-0.72,-0.27,1.77,-1.65,0.0,1.6312,5.992722
8/15/12 5:00,9278.1461,77.7,556.589,299.9324,-0.85,-0.19,1.87,-1.83,0.0,1.8097,5.936176
8/15/12 5:30,9280.8961,133.4,556.7485,299.9391,-0.65,0.62,1.71,-1.24,10.3477,1.6962,6.235062
8/15/12 6:00,9283.6461,80.3,556.7815,300.4573,-0.86,-0.15,2.08,-2.05,42.099,2.0786,5.4421486
8/15/12 6:30,9286.3961,64.7,556.699,300.8586,-1.12,-0.53,3.39,-3.06,114.0548,3.3611,4.7570765
8/15/12 7:00,9289.1211,61.3,546.6258,301.5957,-1.42,-0.78,6.07,-5.32,265.2558,5.8586,5.5546636
8/15/12 7:30,9291.8211,82.6,546.642,302.155,-1.7,-0.22,7.84,-7.77,336.67,7.2425,4.9388892
8/15/12 8:00,9294.5211,108.9,546.7122,302.705,-1.14,0.39,6.1,-5.77,357.2606,5.2827,5.6866235
8/15/12 8:30,9297.2211,117.6,546.804,303.082,-1.34,0.7,8.7,-7.71,339.1022,6.9012,6.750323
8/15/12 9:00,9299.9211,116.6,546.885,303.11,-0.9,0.45,5.87,-5.25,204.2874,4.1511,6.801676
8/15/12 9:30,9302.6211,121.9,547.0092,303.295,-0.6,0.37,4.15,-3.52,170.2541,2.5276,6.463554
8/15/12 10:00,9305.3211,63.4,546.966,303.7163,-0.75,-0.38,5.48,-4.9,184.3955,2.7376,6.761286
8/15/12 10:30,9308.0211,127.1,546.7446,304.2882,-0.33,0.25,2.9,-2.31,146.0408,1.1097,8.994853
8/15/12 11:00,9310.7211,96.5,546.507,304.8189,-0.82,0.09,6.6,-6.56,166.1077,1.7081,9.916322
8/15/12 11:30,9313.3961,114.8,536.2275,305.8123,-0.11,0.05,1.16,-1.05,103.4733,0.1515,8.548832
8/15/12 12:00,9316.0461,142.8,536.0261,306.0889,-0.18,0.23,3.06,-1.85,0.0,0.0,7.636018
8/15/12 12:30,9318.6961,147.4,535.8883,306.0086,-0.51,0.8,8.88,-4.78,-48.3352,-1.1592,11.013776
8/15/12 13:00,9321.3211,196.6,525.6316,306.9367,0.31,1.04,12.77,3.65,-169.5208,-3.3042,7.738147
8/15/12 13:30,9323.9211,206.9,525.5276,306.4238,0.47,0.92,10.76,4.87,-76.9029,-4.1159,9.547042
8/15/12 14:00,9326.5211,291.0,525.4028,304.2284,1.72,-0.66,9.08,8.48,-41.718,-4.5421,6.311226
8/15/12 14:30,9329.1461,75.2,535.3212,304.6477,-0.42,-0.11,1.98,-1.91,-171.2769,-1.204,10.41485
8/15/12 15:00,9331.7711,160.1,525.1168,306.0877,-0.3,0.82,7.26,-2.47,-258.7587,-5.1322,6.828218
8/15/12 15:30,9334.3711,180.7,524.9764,306.0921,0.04,2.97,31.59,0.39,-211.746,-25.0643,9.962482
8/15/12 16:00,9336.9711,178.7,524.9556,306.4775,-0.08,3.49,38.97,-0.88,-323.2518,-33.7502,9.182378
8/15/12 16:30,9339.5711,177.4,524.9868,306.1676,-0.18,4.01,43.84,-1.99,-242.6025,-40.5043,9.417794
8/15/12 17:00,9342.1711,174.2,525.0804,305.6162,-0.34,3.36,33.28,-3.36,-147.3037,-32.1438,8.315147
8/15/12 17:30,9344.7461,166.0,514.998,305.1629,-0.81,3.23,29.85,-7.22,-123.7829,-29.596,7.757188
8/15/12 18:00,9347.2961,164.3,515.0898,304.7354,-0.89,3.15,27.13,-7.34,-88.68,-27.1349,8.670579
8/15/12 18:30,9349.8461,167.9,515.1918,304.1756,-0.61,2.86,20.62,-4.32,-19.2747,-20.4424,6.662619
8/15/12 19:00,9352.3961,167.6,515.2428,303.7896,-0.63,2.85,17.39,-3.74,0.0,-16.8016,7.323861
8/15/12 19:30,9354.9711,167.4,525.4808,303.4409,-0.58,2.57,14.04,-3.06,0.0,-12.9707,5.880784
8/15/12 20:00,9357.5711,171.9,525.5796,303.3305,-0.35,2.48,12.87,-1.81,0.0,-11.1425,6.567991
8/15/12 20:30,9360.1711,172.3,525.7616,303.2531,-0.33,2.44,11.9,-1.59,0.0,-9.4396,6.207366
8/15/12 21:00,9362.7711,166.3,525.902,303.0325,-0.42,1.74,7.74,-1.83,0.0,-5.4738,6.030227
8/15/12 21:30,9365.3711,166.5,525.9176,302.8395,-0.38,1.57,6.6,-1.54,0.0,-4.0182,5.93733
8/15/12 22:00,9367.9711,167.9,525.8708,302.9826,-0.41,1.91,8.97,-1.88,0.0,-4.485,5.5187165
8/15/12 22:30,9370.5711,160.6,525.8448,302.8147,-0.55,1.57,7.65,-2.54,0.0,-2.9292,5.4628052
8/15/12 23:00,9373.1711,159.4,525.7304,302.4666,-0.56,1.49,6.82,-2.4,0.0,-1.7657,5.5098307
8/15/12 23:30,9375.7711,158.1,525.6056,302.2057,-0.63,1.58,7.1,-2.65,0.0,-0.9273,5.838086
8/16/12 0:00,9378.3711,175.0,525.5328,302.1803,-0.15,1.7,7.45,-0.65,0.0,0.0,5.3916034
8/16/12 0:30,9380.9711,161.9,525.4444,301.8401,-0.43,1.3,4.93,-1.53,0.0,0.6435,4.6963761
8/16/12 1:00,9383.5961,163.8,535.4908,301.8746,-0.43,1.48,5.04,-1.41,0.0,1.3048,6.224099
8/16/12 1:30,9386.2461,167.1,535.3901,301.7911,-0.36,1.59,4.78,-1.07,0.0,1.8302,5.899248
8/16/12 2:00,9388.8961,172.1,535.2841,301.7873,-0.2,1.44,3.76,-0.52,0.0,1.8815,4.4838093
8/16/12 2:30,9391.5461,159.1,535.2152,301.5424,-0.45,1.17,2.91,-1.04,0.0,1.7741,5.858281
8/16/12 3:00,9394.1961,165.2,535.0986,301.3377,-0.24,0.9,2.13,-0.55,0.0,1.5089,5.838663
8/16/12 3:30,9396.8711,174.0,545.049,301.2989,-0.07,0.63,1.6,-0.17,0.0,1.2715,5.901556
8/16/12 4:00,9399.5711,22.7,545.13,300.772,-0.15,-0.35,0.83,-0.32,0.0,0.7223,5.83924
8/16/12 4:30,9402.2711,98.5,545.0868,299.9532,-0.49,0.07,0.77,-0.76,0.0,0.7096,5.6803342
8/16/12 5:00,9404.9711,12.4,545.0976,299.7352,-0.08,-0.36,0.51,-0.11,0.0,0.4915,5.4902704
8/16/12 5:30,9407.6711,128.6,545.1138,299.6888,-0.53,0.43,0.86,-0.67,22.1102,0.8486,5.3606185
8/16/12 6:00,9410.3711,116.8,545.1246,300.6757,-0.21,0.1,0.33,-0.3,83.244,0.3306,5.0158033
8/16/12 6:30,9413.0711,133.2,545.1948,301.8595,-0.31,0.29,0.96,-0.7,87.2551,0.9506,5.1102582
8/16/12 7:00,9415.7711,196.5,545.3352,302.6904,0.11,0.36,1.27,0.36,125.6148,1.2232,3.6472747
8/16/12 7:30,9418.4711,257.4,545.4324,302.9385,0.32,0.07,1.41,1.38,138.6836,1.3072,3.2127937
8/16/12 8:00,9421.1461,200.4,535.3159,303.6935,0.25,0.68,4.46,1.55,338.6454,3.86,5.815583
8/16/12 8:30,9423.7961,211.9,535.3265,304.8707,0.85,1.37,13.53,7.15,449.633,10.7323,7.632556
8/16/12 9:00,9426.4461,197.3,535.3424,305.6135,0.54,1.72,18.14,5.39,463.5354,12.8249,6.349308
8/16/12 9:30,9429.0961,184.7,535.3901,306.1373,0.14,1.69,18.84,1.54,411.194,11.4713,7.347518
8/16/12 10:00,9431.7211,192.6,525.278,306.5097,0.44,1.95,24.98,5.45,360.3965,12.4925,8.032417
8/16/12 10:30,9434.3211,189.2,525.2884,306.9534,0.28,1.75,23.62,3.78,285.2652,9.0375,8.234367
8/16/12 11:00,9436.8961,190.7,515.1,307.6142,0.31,1.65,25.14,4.67,206.2454,6.5078,8.623265
8/16/12 11:30,9439.4461,179.0,515.0082,307.798,-0.03,1.87,27.65,-0.48,87.1009,3.609,9.897858
8/16/12 12:00,9441.9961,164.2,514.8756,308.1486,-0.61,2.14,33.61,-9.15,0.0,0.0,9.72245
8/16/12 12:30,9444.5211,168.3,504.64,308.1646,-0.44,2.14,33.49,-6.79,-83.5942,-4.3718,10.361189
8/16/12 13:00,9447.0211,168.8,504.535,308.3251,-0.51,2.56,41.68,-8.1,-170.6811,-10.7881,14.973727
8/16/12 13:30,9449.5211,166.4,504.45,308.5305,-0.57,2.35,39.19,-9.21,-251.658,-14.9957,13.287733
8/16/12 14:00,9452.0211,166.1,504.335,308.1478,-0.54,2.19,34.29,-8.24,-252.262,-17.1434,16.203891
8/16/12 14:30,9454.4961,164.6,494.0768,308.1969,-0.66,2.39,38.22,-10.15,-331.5522,-23.2681,12.057569
8/16/12 15:00,9456.9461,167.9,494.0768,308.0237,-0.44,2.06,31.29,-6.56,-289.1876,-22.1233,14.772931
8/16/12 15:30,9459.3711,170.1,483.9552,308.1768,-0.37,2.12,33.1,-5.69,-381.4356,-26.2563,12.559559
8/16/12 16:00,9461.7711,167.6,483.9744,307.4154,-0.36,1.65,23.37,-5.02,-263.47,-20.2372,7.890475
8/16/12 16:30,9464.1711,155.4,483.9696,307.1546,-0.79,1.72,24.61,-10.24,-251.6288,-22.7364,10.979733
8/16/12 17:00,9466.5711,173.6,484.0128,307.0262,-0.25,2.24,30.26,-3.37,-245.0863,-29.2332,8.705199
8/16/12 17:30,9468.9711,183.5,483.9984,306.4945,0.15,2.38,29.11,1.78,-181.0259,-28.8643,9.289123
8/16/12 18:00,9471.3711,176.9,484.0752,305.7404,-0.12,2.17,21.67,-1.17,-85.323,-21.6683,7.448493
8/16/12 18:30,9473.7711,162.4,484.2096,304.9102,-0.53,1.69,13.95,-4.22,-18.7115,-13.8345,5.5606644
8/16/12 19:00,9476.1711,153.3,484.2576,304.1293,-0.68,1.35,9.56,-4.3,0.0,-9.2367,7.588704
8/16/12 19:30,9478.5711,151.3,484.3104,303.7006,-0.81,1.48,9.83,-4.72,0.0,-9.082,8.308223
8/16/12 20:00,9480.9711,153.4,484.512,303.3218,-0.61,1.21,6.44,-2.88,0.0,-5.578,6.848413
8/16/12 20:30,9483.3711,143.3,484.68,303.1307,-0.62,0.83,4.51,-2.7,0.0,-3.5794,6.050422
8/16/12 21:00,9485.7711,104.9,484.7376,302.8422,-0.64,0.17,2.54,-2.45,0.0,-1.7951,6.015802
8/16/12 21:30,9488.1711,86.1,484.7856,302.9765,-0.55,-0.04,2.31,-2.31,0.0,-1.4082,6.050422
8/16/12 22:00,9490.5711,111.5,484.7616,302.1723,-0.69,0.27,2.05,-1.91,0.0,-1.0243,5.935022
8/16/12 22:30,9492.9961,111.2,494.802,302.1542,-0.86,0.33,2.28,-2.12,0.0,-0.872,5.900979
8/16/12 23:00,9495.4461,117.8,494.8363,302.1232,-0.64,0.34,1.66,-1.47,0.0,-0.43,5.846741
8/16/12 23:30,9497.8961,130.9,494.8118,302.0899,-0.86,0.74,2.63,-1.99,0.0,-0.3437,5.846741
8/17/12 0:00,9500.3461,82.1,494.8804,302.1232,-0.67,-0.09,1.67,-1.66,0.0,0.0,5.901556
8/17/12 0:30,9502.8211,75.2,505.0,301.6931,-0.53,-0.14,1.04,-1.01,0.0,0.136,5.852511
8/17/12 1:00,9505.3211,72.5,504.965,301.5172,-0.57,-0.18,0.97,-0.92,0.0,0.2507,5.7376303
8/17/12 1:30,9507.8211,73.3,504.985,301.4272,-0.51,-0.15,0.8,-0.77,0.0,0.3068,5.7127616
8/17/12 2:00,9510.3211,67.5,505.015,301.314,-0.51,-0.21,0.8,-0.74,0.0,0.401,5.6966633
8/17/12 2:30,9512.8211,80.7,505.05,301.2511,-0.52,-0.08,0.74,-0.73,0.0,0.4519,5.7144926
8/17/12 3:00,9515.3211,88.3,505.105,301.1897,-0.41,-0.01,0.59,-0.59,0.0,0.4141,5.7120115
8/17/12 3:30,9517.8211,72.4,505.145,301.1256,-0.39,-0.12,0.61,-0.58,0.0,0.4849,5.7120115
8/17/12 4:00,9520.3461,100.1,515.2071,300.9335,-0.46,0.08,0.69,-0.68,0.0,0.6002,5.6699482
8/17/12 4:30,9522.8961,117.4,515.1204,300.7269,-0.72,0.37,1.31,-1.17,0.0,1.2138,5.7594409
8/17/12 5:00,9525.4461,33.9,515.2734,300.5659,-0.19,-0.28,0.5,-0.28,0.0,0.4876,5.6848348
8/17/12 5:30,9527.9961,6.7,515.4417,300.4977,-0.04,-0.34,0.46,-0.05,17.3354,0.4584,5.5907838
8/17/12 6:00,9530.5461,306.8,515.5386,300.8694,0.14,-0.11,0.22,0.17,84.892,0.217,5.2562969
8/17/12 6:30,9533.0961,138.5,515.6457,301.7741,-0.02,0.02,0.05,-0.03,172.8316,0.0499,4.412319
8/17/12 7:00,9535.6461,297.9,515.6967,302.8322,0.07,-0.04,0.25,0.22,260.2871,0.2458,5.5754933
8/17/12 7:30,9538.1961,331.0,515.7681,303.4959,0.11,-0.2,0.88,0.43,345.7314,0.8148,2.5173356
8/17/12 8:00,9540.7211,305.5,505.655,304.3455,0.41,-0.29,2.67,2.17,422.8863,2.308,3.6020956
8/17/12 8:30,9543.2211,281.4,505.69,304.9968,0.74,-0.15,4.55,4.46,446.8198,3.6119,3.5975373
8/17/12 9:00,9545.7211,271.0,505.7,305.4723,0.69,-0.01,5.2,5.2,423.2395,3.6776,4.0008026
8/17/12 9:30,9548.2211,303.7,505.605,306.3777,0.48,-0.32,5.42,4.51,434.7999,3.2981,4.1756913
8/17/12 10:00,9550.7211,26.5,505.52,307.0591,-0.19,-0.39,5.29,-2.36,342.4205,2.647,6.943618
8/17/12 10:30,9553.2211,79.8,505.445,307.8384,-0.8,-0.14,12.28,-12.08,320.4518,4.6982,10.484667
8/17/12 11:00,9555.6961,137.8,495.2479,308.3662,-0.65,0.72,16.17,-10.86,222.5119,4.1847,13.773567
8/17/12 11:30,9558.1461,108.7,495.1842,308.6348,-0.78,0.26,13.93,-13.2,86.6266,1.8188,11.052435
8/17/12 12:00,9560.5961,119.1,495.047,308.7953,-0.48,0.27,8.97,-7.83,0.0,0.0,9.350285
8/17/12 12:30,9563.0461,63.0,494.8804,309.274,-1.1,-0.56,21.69,-19.32,-94.8985,-2.8308,11.294775
8/17/12 13:00,9565.4961,73.8,494.7285,309.3248,-1.62,-0.47,31.54,-30.29,-218.473,-8.1632,17.204409
8/17/12 13:30,9567.9211,100.5,484.5264,309.4548,-1.73,0.32,35.34,-34.75,-297.4017,-13.524,13.161947
8/17/12 14:00,9570.3211,72.7,484.3968,309.4078,-1.53,-0.48,32.84,-31.36,-389.405,-16.4218,16.406995
8/17/12 14:30,9572.7211,77.7,484.3152,309.4704,-2.13,-0.46,45.03,-44.0,-424.4973,-27.4146,17.15998
8/17/12 15:00,9575.1211,72.4,484.3056,307.8064,-1.92,-0.61,34.11,-32.51,-93.5707,-24.119,20.289628
8/17/12 15:30,9577.5211,64.6,484.3632,307.0891,-1.45,-0.69,24.0,-21.68,-67.8166,-19.0367,9.564352
8/17/12 16:00,9579.9461,14.2,494.4492,305.5057,-0.32,-1.27,15.09,-3.7,-38.5884,-13.0657,7.59332
8/17/12 16:30,9582.3961,2.4,494.508,303.9759,-0.04,-0.92,7.5,-0.31,-22.4909,-6.9268,3.3043636
8/17/12 17:00,9584.8461,48.0,494.6158,304.1478,-0.39,-0.36,4.0,-2.97,-18.7592,-3.8642,6.123701
8/17/12 17:30,9587.2961,129.5,494.6648,305.1589,-1.2,0.99,13.28,-10.25,-18.5222,-13.1661,12.211051
8/17/12 18:00,9589.7711,137.7,505.23,304.9473,-0.25,0.27,2.82,-1.9,-11.738,-2.8226,6.370657
8/17/12 18:30,9592.2711,107.6,505.32,304.2525,-0.69,0.22,4.01,-3.82,-1.394,-3.9732,6.138126
8/17/12 19:00,9594.7711,51.6,505.395,304.2904,-0.13,-0.1,0.94,-0.74,0.0,-0.9109,6.192941
8/17/12 19:30,9597.2961,56.9,515.6661,303.8293,-0.67,-0.44,4.59,-3.85,0.0,-4.2414,6.180247
8/17/12 20:00,9599.8461,60.8,515.8242,303.6438,-0.65,-0.36,3.88,-3.39,0.0,-3.3608,6.152551
8/17/12 20:30,9602.4211,42.1,525.9384,303.2776,-0.49,-0.55,3.19,-2.14,0.0,-2.5301,6.027342
8/17/12 21:00,9605.0211,303.4,526.0268,302.7898,1.12,-0.74,3.99,3.33,0.0,-2.8206,5.872129
8/17/12 21:30,9607.6211,324.9,526.1516,302.2945,0.88,-1.25,4.76,2.73,0.0,-2.8948,5.883669
8/17/12 22:00,9610.2211,323.0,526.2504,302.5792,0.83,-1.11,5.95,3.58,0.0,-2.9772,6.007724
8/17/12 22:30,9612.8211,315.2,526.1568,302.1207,0.59,-0.6,2.68,1.89,0.0,-1.0241,5.915404
8/17/12 23:00,9615.4211,265.9,526.1048,301.8754,0.63,0.04,1.97,1.96,0.0,-0.5097,5.92002
8/17/12 23:30,9618.0461,250.3,536.0897,301.5475,0.72,0.26,2.25,2.11,0.0,-0.2931,5.888285
8/18/12 0:00,9620.6961,231.1,535.9254,301.4191,0.44,0.35,1.63,1.27,0.0,0.0,5.868667
8/18/12 0:30,9623.3711,208.9,545.886,301.1881,0.27,0.49,1.46,0.7,0.0,0.1903,5.884823
8/18/12 1:00,9626.0711,220.1,545.7402,301.0445,0.41,0.48,1.7,1.09,0.0,0.4398,5.907903
8/18/12 1:30,9628.7711,206.3,545.7564,300.8994,0.31,0.63,1.74,0.77,0.0,0.6652,5.827123
8/18/12 2:00,9631.4711,222.2,545.859,300.826,0.63,0.7,2.27,1.53,0.0,1.1364,5.825392
8/18/12 2:30,9634.1961,235.4,556.061,300.7765,0.65,0.45,2.11,1.74,0.0,1.2843,5.831162
8/18/12 3:00,9636.9461,250.4,556.226,300.9251,0.53,0.19,1.89,1.78,0.0,1.3352,5.900979
8/18/12 3:30,9639.6961,332.0,556.259,300.7145,0.23,-0.44,1.58,0.74,0.0,1.2551,5.825392
8/18/12 4:00,9642.4461,340.1,556.2975,300.4947,0.18,-0.51,1.64,0.56,0.0,1.4186,5.871552
8/18/12 4:30,9645.1961,27.3,556.3305,300.4792,-0.17,-0.34,1.05,-0.48,0.0,0.9714,5.892324
8/18/12 5:00,9647.9711,112.7,566.5184,300.5062,-0.14,0.06,0.37,-0.34,0.0,0.3532,5.842125
8/18/12 5:30,9650.7711,354.0,566.6528,300.4626,0.03,-0.3,0.5,0.05,10.2198,0.4946,5.797696
8/18/12 6:00,9653.5961,316.5,576.8742,300.4778,0.23,-0.24,0.47,0.32,36.608,0.4657,4.907962
8/18/12 6:30,9656.4461,333.5,576.954,300.6137,0.16,-0.31,0.5,0.22,45.8603,0.4955,5.326864
8/18/12 7:00,9659.3211,295.4,587.25,300.7853,0.07,-0.03,0.12,0.11,101.3836,0.1207,5.982913
8/18/12 7:30,9662.2211,253.9,587.3254,301.3682,0.22,0.06,0.48,0.46,172.9641,0.4405,3.2849764
8/18/12 8:00,9665.1211,179.9,587.3544,301.9501,0.0,0.32,0.8,0.0,197.1585,0.6924,4.4669032
8/18/12 8:30,9667.9961,282.5,577.2561,302.3878,0.35,-0.08,1.05,1.03,292.0683,0.836,4.8985569
8/18/12 9:00,9670.7961,332.2,556.9245,303.0203,0.15,-0.29,1.34,0.63,400.2769,0.9481,4.8633022
8/18/12 9:30,9673.5461,302.4,556.9795,303.6291,0.39,-0.25,2.78,2.35,302.8826,1.6931,5.4645362
8/18/12 10:00,9676.2961,110.7,557.007,304.1107,-0.14,0.05,1.13,-1.06,315.794,0.5667,6.662042
8/18/12 10:30,9679.0461,192.7,557.084,304.5611,0.04,0.17,1.44,0.32,175.0585,0.5504,5.84501
8/18/12 11:00,9681.7961,264.3,557.062,304.611,0.47,0.05,3.7,3.68,66.26,0.9567,4.7496332
8/18/12 11:30,9684.5461,158.4,556.963,303.8549,-0.59,1.48,10.13,-3.73,8.7065,1.322,6.336037
8/18/12 12:00,9687.2961,158.4,556.842,303.3207,-0.6,1.52,7.32,-2.7,0.0,0.0,7.180188
8/18/12 12:30,9690.0711,152.3,566.832,303.2593,-0.65,1.23,7.15,-3.32,-30.0171,-0.9334,7.04517
8/18/12 13:00,9692.8461,204.4,556.501,303.9795,0.64,1.41,10.74,4.44,-96.6725,-2.7797,5.976566
8/18/12 13:30,9695.5961,191.9,556.4735,304.3853,0.24,1.13,8.91,1.84,-173.3877,-3.4081,7.930288
8/18/12 14:00,9698.3461,237.4,556.3525,304.7845,0.86,0.55,9.1,7.67,-336.334,-4.5524,8.472668
8/18/12 14:30,9701.0961,290.9,556.303,305.5091,0.42,-0.16,4.72,4.41,-463.8963,-2.8757,8.200324
8/18/12 15:00,9703.8461,21.5,556.0775,305.8522,-0.27,-0.69,8.58,-3.14,-468.5997,-6.0664,9.832657
8/18/12 15:30,9706.5961,224.5,556.028,306.5752,0.37,0.37,7.01,4.92,-483.4767,-5.5652,7.741609
8/18/12 16:00,9709.3461,168.6,555.951,306.8012,-0.28,1.38,21.35,-4.22,-424.9898,-18.4871,9.847659
8/18/12 16:30,9712.0961,156.0,556.0225,305.9456,-1.02,2.29,32.8,-13.34,-235.8711,-30.3047,13.42679
8/18/12 17:00,9714.8461,150.4,555.9895,305.7297,-1.36,2.39,30.48,-15.05,-217.3217,-29.4399,12.646109
8/18/12 17:30,9717.5961,157.7,556.1105,304.578,-1.09,2.66,25.17,-9.55,-59.8089,-24.9522,8.925613
8/18/12 18:00,9720.3461,170.1,556.2425,303.5087,-0.4,2.3,16.83,-2.89,-18.797,-16.8287,7.952214
8/18/12 18:30,9723.1211,165.1,566.5856,302.9643,-0.54,2.03,14.12,-3.63,-2.1376,-13.9987,7.983949
8/18/12 19:00,9725.9211,200.2,566.9608,302.6094,0.41,1.11,7.08,2.45,0.0,-6.8426,6.22006
8/18/12 19:30,9728.7211,144.7,567.196,302.4542,-0.53,0.75,4.81,-2.78,0.0,-4.4419,6.154859
8/18/12 20:00,9731.5211,131.7,567.3472,302.1017,-1.14,1.01,7.25,-5.41,0.0,-6.2784,6.014648
8/18/12 20:30,9734.3211,137.0,567.476,301.7952,-1.19,1.27,7.6,-5.18,0.0,-6.0297,6.319304
8/18/12 21:00,9737.1211,136.8,567.5544,301.6218,-0.99,1.06,5.52,-3.78,0.0,-3.9046,5.937907
8/18/12 21:30,9739.9211,128.1,567.6328,301.4523,-0.78,0.61,3.25,-2.56,0.0,-1.9806,5.926944
8/18/12 22:00,9742.7461,121.2,577.7805,301.2197,-0.95,0.58,3.11,-2.66,0.0,-1.5546,5.878476
8/18/12 22:30,9745.5961,123.5,577.809,301.0846,-1.13,0.75,3.68,-3.07,0.0,-1.4088,5.90848
8/18/12 23:00,9748.4461,107.7,577.7919,300.7868,-0.89,0.28,2.16,-2.06,0.0,-0.5601,5.81039
8/18/12 23:30,9751.2961,138.3,577.7007,300.5427,-0.78,0.88,2.33,-1.55,0.0,-0.3042,5.967334
8/19/12 0:00,9754.1711,139.7,587.7082,300.5297,-0.89,1.05,2.8,-1.81,0.0,0.0,4.7413821
8/19/12 0:30,9757.0711,135.5,587.569,300.2862,-0.91,0.92,2.39,-1.67,0.0,0.3113,5.870975
8/19/12 1:00,9759.9711,140.3,587.4878,300.1895,-0.74,0.89,2.07,-1.32,0.0,0.5353,5.838086
8/19/12 1:30,9762.8711,142.7,587.3834,300.0275,-0.65,0.86,1.83,-1.11,0.0,0.6996,5.812121
8/19/12 2:00,9765.7711,134.2,587.3718,299.909,-0.39,0.38,0.89,-0.64,0.0,0.4452,5.622865
8/19/12 2:30,9768.6711,110.0,587.3312,299.6758,-0.49,0.18,0.8,-0.75,0.0,0.4841,5.4739413
8/19/12 3:00,9771.5711,110.0,587.2906,299.5273,-0.5,0.18,0.74,-0.69,0.0,0.5227,5.4363786
8/19/12 3:30,9774.4961,116.8,597.4104,299.4679,-0.27,0.14,0.39,-0.35,0.0,0.3082,5.4208573
8/19/12 4:00,9777.4461,100.8,597.3573,299.4853,-0.48,0.09,0.69,-0.68,0.0,0.5993,5.4363786
8/19/12 4:30,9780.3961,111.5,597.375,299.1448,-0.66,0.26,0.9,-0.83,0.0,0.8283,5.5824173
8/19/12 5:00,9783.3461,99.6,597.4989,299.2073,-0.66,0.11,0.79,-0.78,0.0,0.7672,5.5824173
8/19/12 5:30,9786.2961,17.5,597.5638,298.9759,-0.12,-0.39,0.48,-0.14,16.4848,0.4753,5.4697292
8/19/12 6:00,9789.2461,81.3,597.67,299.3672,-0.4,-0.06,0.45,-0.45,84.961,0.451,5.5344686
8/19/12 6:30,9792.1961,66.2,597.7762,300.3119,-0.38,-0.17,0.73,-0.67,178.0447,0.7241,3.9810692
8/19/12 7:00,9795.1461,141.5,597.788,301.7246,-0.6,0.75,3.15,-1.96,271.939,3.0435,5.6319239
8/19/12 7:30,9798.0711,158.1,587.6966,302.9444,-0.46,1.15,6.43,-2.4,360.4257,5.9415,4.8952103
8/19/12 8:00,9800.9461,160.4,577.5468,303.866,-0.56,1.59,11.56,-3.88,437.3203,10.0073,5.976566
8/19/12 8:30,9803.7961,184.7,577.6323,304.1539,0.12,1.5,11.82,0.97,416.2138,9.3741,9.111984
8/19/12 9:00,9806.6461,163.3,577.6665,304.8315,-0.39,1.29,12.86,-3.7,459.3542,9.095,7.299627
8/19/12 9:30,9809.4961,180.3,577.752,305.0817,0.01,1.64,18.64,0.1,345.1318,11.3476,8.96081
8/19/12 10:00,9812.3461,192.0,577.7805,305.204,0.37,1.75,22.27,4.63,262.433,11.1347,7.539082
8/19/12 10:30,9815.1961,183.2,577.6665,306.0312,0.09,1.56,23.04,1.29,284.9155,8.817,10.63988
8/19/12 11:00,9818.0461,202.0,577.5411,306.4844,0.69,1.71,30.73,11.51,218.7953,7.9545,9.040436
8/19/12 11:30,9820.8711,180.7,567.1904,306.891,0.02,1.66,29.58,0.36,119.0729,3.8608,15.733059
8/19/12 12:00,9823.6711,182.3,567.0224,307.2465,0.07,1.77,34.35,1.38,0.0,0.0,16.436999
8/19/12 12:30,9826.4711,186.5,566.8712,307.4838,0.21,1.82,37.14,4.2,-119.1665,-4.8475,14.352298
8/19/12 13:00,9829.2711,193.9,566.748,307.5547,0.41,1.65,34.35,8.25,-211.0395,-8.8906,15.233954
8/19/12 13:30,9832.0711,170.8,566.6696,307.7873,-0.33,2.06,43.51,-6.96,-337.6209,-16.6513,16.337755
8/19/12 14:00,9834.8711,163.8,566.4848,307.9124,-0.65,2.23,43.85,-12.23,-427.409,-21.923,18.150112
8/19/12 14:30,9837.6711,150.2,566.3728,307.5217,-1.38,2.41,49.87,-24.78,-444.4975,-30.3593,14.174582
8/19/12 15:00,9840.4711,159.1,566.2888,307.2501,-0.95,2.5,49.31,-17.59,-467.0624,-34.8677,16.074066
8/19/12 15:30,9843.2711,140.3,566.2888,306.9598,-2.38,2.87,58.86,-37.6,-461.5746,-46.6979,15.750369
8/19/12 16:00,9846.0461,156.7,556.2425,306.2988,-1.39,3.23,53.26,-21.07,-409.3797,-46.1258,10.988388
8/19/12 16:30,9848.8211,147.1,566.3112,306.0238,-2.09,3.23,55.5,-30.14,-353.4532,-51.2732,18.923869
8/19/12 17:00,9851.6211,158.5,566.4176,305.2809,-1.5,3.82,51.54,-18.89,-263.5857,-49.7863,13.57104
8/19/12 17:30,9854.4211,159.9,566.5016,304.3632,-1.25,3.4,41.74,-14.35,-174.1582,-41.3877,10.409657
8/19/12 18:00,9857.2211,155.2,566.664,303.6433,-1.16,2.5,27.92,-11.71,-84.113,-27.9228,9.955558
8/19/12 18:30,9860.0211,150.6,566.7984,302.7471,-1.15,2.03,20.84,-10.23,-12.8471,-20.662,7.598513
8/19/12 19:00,9862.8211,143.3,566.8936,302.3824,-1.17,1.57,15.31,-9.15,0.0,-14.7861,5.4816154
8/19/12 19:30,9865.6211,138.6,567.0,301.8655,-1.0,1.14,9.25,-6.12,0.0,-8.5437,3.8949231
8/19/12 20:00,9868.4211,141.7,567.112,301.8396,-1.45,1.84,13.93,-8.64,0.0,-12.0662,4.8498004
8/19/12 20:30,9871.2211,138.1,567.196,301.4732,-1.4,1.56,10.5,-7.01,0.0,-8.3281,6.01811
8/19/12 21:00,9874.0211,135.9,567.2744,301.102,-1.29,1.33,7.92,-5.51,0.0,-5.5987,5.4553619
8/19/12 21:30,9876.8461,136.5,577.3872,300.9609,-1.33,1.41,7.8,-5.37,0.0,-4.7511,6.132933
8/19/12 22:00,9879.6961,132.6,577.3131,300.7337,-1.27,1.17,6.25,-4.6,0.0,-3.1263,5.822507
8/19/12 22:30,9882.5461,114.4,577.3644,300.3619,-0.95,0.43,3.14,-2.86,0.0,-1.2018,5.827123
8/19/12 23:00,9885.3961,121.5,577.4613,300.1431,-1.14,0.7,3.8,-3.24,0.0,-0.9835,5.7490549
8/19/12 23:30,9888.2711,122.4,587.6734,299.9314,-1.03,0.65,3.15,-2.66,0.0,-0.4116,5.6493493
8/20/12 0:00,9891.1711,124.1,587.6328,299.6423,-1.07,0.73,2.93,-2.43,0.0,0.0,5.4132986
8/20/12 0:30,9894.0711,129.3,587.5284,299.3878,-0.87,0.71,2.36,-1.82,0.0,0.3077,5.4467069
8/20/12 1:00,9896.9711,102.3,587.453,299.2543,-0.43,0.09,0.87,-0.85,0.0,0.2258,5.4449182
8/20/12 1:30,9899.8711,36.1,587.3486,299.0425,-0.08,-0.11,0.24,-0.14,0.0,0.0922,5.4784996
8/20/12 2:00,9902.7711,48.2,587.1862,298.5421,-0.14,-0.13,0.29,-0.21,0.0,0.144,5.5111001
8/20/12 2:30,9905.6711,64.4,587.1688,298.3168,-0.27,-0.13,0.42,-0.38,0.0,0.2535,5.5161777
8/20/12 3:00,9908.5711,81.7,587.1108,297.6406,-0.22,-0.03,0.25,-0.25,0.0,0.1784,5.5604336
8/20/12 3:30,9911.4711,67.9,587.0644,297.8644,-0.56,-0.23,0.75,-0.7,0.0,0.5976,5.4544964
8/20/12 4:00,9914.3711,24.6,587.1514,297.6592,-0.1,-0.21,0.28,-0.12,0.0,0.2401,5.5411618
8/20/12 4:30,9917.2711,93.1,587.308,297.3965,-0.38,0.02,0.4,-0.4,0.0,0.3686,5.248392
8/20/12 5:00,9920.1711,108.4,587.4066,296.9663,-0.47,0.16,0.47,-0.44,0.0,0.4504,5.0031093
8/20/12 5:30,9923.0711,67.3,587.4646,297.1854,-0.48,-0.2,0.45,-0.42,16.2309,0.449,4.8019094
8/20/12 6:00,9925.9961,71.6,597.6464,298.037,-0.34,-0.11,0.42,-0.4,88.629,0.4236,6.936694
8/20/12 6:30,9928.9461,85.4,597.6346,299.2124,-0.58,-0.05,0.93,-0.92,184.4692,0.9173,4.1681903
8/20/12 7:00,9931.8961,95.8,597.5874,300.5945,-0.77,0.08,2.1,-2.09,282.1605,2.0324,5.834624
8/20/12 7:30,9934.8461,79.6,597.5166,301.6154,-0.3,-0.06,1.44,-1.42,366.8227,1.3347,5.2401409
8/20/12 8:00,9937.7461,294.6,577.1991,302.3414,0.46,-0.21,3.33,3.03,430.0041,2.886,2.6799342
8/20/12 8:30,9940.5961,307.1,577.2105,302.8326,0.59,-0.45,6.07,4.84,470.2197,4.8152,2.5933842
8/20/12 9:00,9943.4461,333.8,577.2675,303.3339,0.31,-0.64,6.61,2.92,480.4628,4.671,4.0201898
8/20/12 9:30,9946.2961,310.9,577.3416,303.785,0.47,-0.4,7.28,5.5,458.7553,4.4337,7.413296
8/20/12 10:00,9949.1461,292.2,577.2219,304.0342,0.56,-0.23,8.59,7.95,406.801,4.2958,6.615882
8/20/12 10:30,9951.9711,293.9,566.9944,304.5614,0.24,-0.1,4.09,3.74,328.1132,1.5645,8.79348
8/20/12 11:00,9954.7711,238.8,566.8488,304.9991,0.66,0.4,14.05,12.01,231.4846,3.6351,9.942864
8/20/12 11:30,9957.5711,217.7,566.692,305.3923,0.37,0.48,12.06,7.37,118.7291,1.5737,8.876568
8/20/12 12:00,9960.3461,236.8,556.479,305.8058,0.47,0.31,11.27,9.43,0.0,0.0,10.200206
8/20/12 12:30,9963.0961,287.8,556.369,306.2464,0.6,-0.19,12.34,11.75,-118.457,-1.6105,7.892783
8/20/12 13:00,9965.8461,192.0,556.2425,306.9694,0.11,0.5,10.66,2.22,-232.9881,-2.7594,8.744435
8/20/12 13:30,9968.5961,144.9,556.138,307.3564,-0.48,0.68,17.77,-10.22,-323.9255,-6.8001,17.438671
8/20/12 14:00,9971.3211,167.2,545.9292,307.8337,-0.19,0.83,18.33,-4.06,-415.8485,-9.1654,17.271918
8/20/12 14:30,9974.0211,136.4,545.7888,307.7563,-1.16,1.21,35.86,-24.73,-450.9814,-21.8277,21.612689
8/20/12 15:00,9976.7211,155.8,545.7834,307.7969,-0.6,1.34,30.89,-12.66,-498.5951,-21.8438,12.869408
8/20/12 15:30,9979.4211,159.4,545.7888,307.8663,-0.66,1.76,37.89,-13.33,-495.9506,-30.0623,13.665091
8/20/12 16:00,9982.1211,159.5,545.7618,307.4089,-0.79,2.11,39.25,-13.75,-420.936,-33.995,12.309718
8/20/12 16:30,9984.8211,158.0,545.7618,307.0918,-0.88,2.18,38.3,-14.35,-339.6015,-35.3824,13.704327
8/20/12 17:00,9987.4961,148.8,535.6339,306.6327,-1.38,2.28,38.45,-19.92,-254.9696,-37.1404,14.873329
8/20/12 17:30,9990.1461,151.1,535.6763,306.1562,-1.02,1.84,27.06,-13.08,-162.1845,-26.8266,9.023703
8/20/12 18:00,9992.7961,153.5,535.7187,305.5096,-0.97,1.95,25.09,-11.2,-69.893,-25.0899,10.398694
8/20/12 18:30,9995.4461,131.6,535.9307,304.747,-1.8,1.6,23.56,-17.62,-11.4026,-23.3626,11.846387
8/20/12 19:00,9998.0961,145.9,536.1798,303.856,-1.39,2.05,20.27,-11.36,0.0,-19.5773,8.108004
8/20/12 19:30,10000.7461,145.3,536.3865,303.0752,-1.27,1.84,17.01,-9.68,0.0,-15.7133,6.153128
8/20/12 20:00,10003.3961,142.4,536.5561,302.4186,-1.22,1.59,13.26,-8.09,0.0,-11.484,8.019146
8/20/12 20:30,10006.0711,142.8,546.8634,301.8664,-0.99,1.3,8.35,-5.05,0.0,-6.6248,6.029073
8/20/12 21:00,10008.7711,139.1,546.9336,301.417,-0.76,0.88,5.08,-3.32,0.0,-3.5894,6.000223
8/20/12 21:30,10011.4711,129.7,546.9228,301.0039,-0.73,0.6,3.41,-2.62,0.0,-2.0728,5.95464
8/20/12 22:00,10014.1711,144.4,546.9012,300.7653,-0.34,0.47,1.8,-1.05,0.0,-0.8985,5.862897
8/20/12 22:30,10016.8961,141.3,557.029,300.7192,-0.31,0.39,1.51,-0.95,0.0,-0.5792,5.862897
8/20/12 23:00,10019.6461,122.0,556.9575,300.7319,-0.7,0.44,2.8,-2.38,0.0,-0.7259,5.862897
8/20/12 23:30,10022.3961,111.6,556.9465,300.4392,-0.76,0.3,2.4,-2.24,0.0,-0.3138,5.867513
8/21/12 0:00,10025.1461,106.5,556.864,300.2901,-0.57,0.17,1.6,-1.53,0.0,0.0,5.836932
8/21/12 0:30,10027.8961,49.5,556.7815,300.0504,-0.29,-0.25,0.85,-0.64,0.0,0.1103,5.7068185
8/21/12 1:00,10030.6461,69.5,556.743,299.9732,-0.41,-0.15,0.91,-0.85,0.0,0.2362,5.707107
8/21/12 1:30,10033.4211,137.8,566.8544,299.6461,-0.29,0.32,0.77,-0.52,0.0,0.2938,5.4742875
8/21/12 2:00,10036.2211,68.7,566.86,299.6119,-0.14,-0.05,0.25,-0.24,0.0,0.1265,5.4742875
8/21/12 2:30,10039.0211,354.9,566.832,298.7858,0.04,-0.41,0.51,0.04,0.0,0.3075,5.5111001
8/21/12 3:00,10041.8211,115.7,566.8264,298.4396,-0.33,0.16,0.36,-0.33,0.0,0.2563,5.5161777
8/21/12 3:30,10044.6211,66.8,566.8152,298.5707,-0.31,-0.13,0.36,-0.33,0.0,0.2857,5.5111001
8/21/12 4:00,10047.4211,110.2,566.86,298.4946,-0.28,0.1,0.32,-0.3,0.0,0.2792,5.5111001
8/21/12 4:30,10050.2211,123.2,566.9664,298.5218,-0.15,0.1,0.18,-0.15,0.0,0.1693,5.5111001
8/21/12 5:00,10053.0211,35.0,567.084,298.0364,-0.18,-0.26,0.3,-0.17,0.0,0.2936,5.4544964
8/21/12 5:30,10055.8211,68.6,567.1512,297.8903,-0.3,-0.12,0.26,-0.25,14.1529,0.2627,5.0028208
8/21/12 6:00,10058.6211,121.6,567.3136,298.5263,-0.15,0.09,0.15,-0.13,80.218,0.1509,6.936694
8/21/12 6:30,10061.4461,66.8,577.5411,299.9595,-0.32,-0.14,0.4,-0.36,170.5454,0.3917,4.0518671
8/21/12 7:00,10064.2961,142.7,577.581,301.556,-0.23,0.31,0.96,-0.58,264.0436,0.9312,3.2142362
8/21/12 7:30,10067.1461,269.1,577.6266,302.5684,0.24,0.0,1.19,1.19,346.61,1.098,4.6357334
8/21/12 8:00,10069.9711,191.8,567.4704,303.2238,0.07,0.33,2.07,0.42,418.4851,1.7931,5.81039
8/21/12 8:30,10072.7711,183.7,567.4816,304.0536,0.04,0.69,5.45,0.35,464.4743,4.3243,6.905536
8/21/12 9:00,10075.5461,149.4,557.3865,304.6007,-0.23,0.39,4.08,-2.08,498.1751,2.8876,6.414509
8/21/12 9:30,10078.2961,216.0,557.326,305.2451,0.48,0.66,9.1,5.35,440.305,5.5386,7.713913
8/21/12 10:00,10081.0461,217.0,557.2105,305.9447,0.6,0.8,13.7,8.24,389.8535,6.8488,7.225194
8/21/12 10:30,10083.7711,202.9,546.9822,306.5894,0.32,0.77,13.29,5.17,316.1558,5.0877,8.740973
8/21/12 11:00,10086.4711,184.0,546.8742,307.1269,0.06,0.85,14.97,1.04,222.5867,3.8748,9.747838
8/21/12 11:30,10089.1461,203.4,536.6409,307.5886,0.32,0.75,15.43,6.13,114.3667,2.0143,12.932301
8/21/12 12:00,10091.7961,195.5,536.5137,308.1067,0.21,0.76,16.16,4.32,0.0,0.0,12.884987
8/21/12 12:30,10094.4461,189.5,536.4024,308.5804,0.16,0.98,20.38,3.36,-117.3519,-2.66,12.579177
8/21/12 13:00,10097.0961,156.3,536.3229,308.7925,-0.32,0.74,16.18,-6.5,-230.3883,-4.1876,14.906218
8/21/12 13:30,10099.7461,184.6,536.1586,309.0033,0.12,1.43,28.83,2.31,-281.3328,-11.0319,13.597582
8/21/12 14:00,10102.3961,184.3,536.0473,309.1384,0.12,1.57,31.22,2.34,-361.308,-15.6086,9.477225
8/21/12 14:30,10105.0461,192.3,535.9625,309.2573,0.44,2.01,41.61,8.87,-436.8162,-25.333,10.724122
8/21/12 15:00,10107.6961,176.2,535.9254,309.042,-0.17,2.58,50.79,-3.37,-449.0298,-35.9158,16.332562
8/21/12 15:30,10110.3461,172.2,535.8618,308.8092,-0.38,2.78,53.94,-7.32,-440.3873,-42.7967,18.009901
8/21/12 16:00,10112.9961,182.0,535.8883,308.4122,0.11,3.04,56.15,1.96,-405.48,-48.6237,15.21549
8/21/12 16:30,10115.6211,185.6,525.798,307.8709,0.31,3.19,57.83,5.64,-340.676,-53.4321,10.515248
8/21/12 17:00,10118.2211,183.4,525.798,307.1388,0.17,2.92,49.59,2.94,-255.7887,-47.9007,9.691292
8/21/12 17:30,10120.8211,182.4,525.9592,306.2328,0.13,3.02,48.08,2.01,-158.653,-47.6657,11.867736
8/21/12 18:00,10123.4211,182.0,526.032,305.2627,0.09,2.56,35.46,1.24,-67.574,-35.456,7.63371
8/21/12 18:30,10126.0211,183.1,526.1256,304.3679,0.14,2.58,32.66,1.77,-9.734,-32.3798,8.485939
8/21/12 19:00,10128.6211,180.5,526.214,303.9359,0.02,2.78,29.67,0.26,0.0,-28.6568,6.794752
8/21/12 19:30,10131.2211,177.8,526.3856,303.7659,-0.11,2.93,26.31,-1.01,0.0,-24.3082,8.281104
8/21/12 20:00,10133.8461,170.2,536.6833,303.3773,-0.41,2.35,17.61,-3.0,0.0,-15.2494,6.359694
8/21/12 20:30,10136.4961,178.2,536.7469,303.1603,-0.07,2.23,14.13,-0.44,0.0,-11.2125,6.005416
8/21/12 21:00,10139.1461,177.3,536.784,303.0929,-0.11,2.25,14.19,-0.67,0.0,-10.0363,6.82014
8/21/12 21:30,10141.7961,163.1,536.8741,302.7554,-0.51,1.66,9.65,-2.8,0.0,-5.8725,7.110371
8/21/12 22:00,10144.4461,160.3,536.9377,302.5821,-0.6,1.69,9.0,-3.03,0.0,-4.4992,7.237888
8/21/12 22:30,10147.1211,166.8,547.0038,302.6837,-0.48,2.05,10.08,-2.3,0.0,-3.8584,8.686735
8/21/12 23:00,10149.8211,167.8,547.0578,302.6142,-0.38,1.77,8.11,-1.71,0.0,-2.0997,8.550563
8/21/12 23:30,10152.5211,157.7,547.0416,302.3256,-0.67,1.62,7.04,-2.67,0.0,-0.9187,4.6267322
8/22/12 0:00,10155.2211,151.7,546.9822,302.0753,-0.74,1.38,5.55,-2.63,0.0,0.0,4.9489867
8/22/12 0:30,10157.9461,152.1,557.018,301.8653,-0.69,1.3,4.63,-2.17,0.0,0.6049,6.667812
8/22/12 1:00,10160.6961,130.6,556.9465,301.6632,-0.93,0.8,3.55,-2.69,0.0,0.9181,6.158321
8/22/12 1:30,10163.4461,113.1,556.864,301.454,-0.99,0.42,2.82,-2.6,0.0,1.08,6.146204
8/22/12 2:00,10166.2211,122.7,566.9104,301.3035,-0.99,0.64,2.73,-2.3,0.0,1.3653,6.142165
8/22/12 2:30,10169.0211,93.1,566.9328,300.9516,-0.78,0.04,1.61,-1.61,0.0,0.9819,6.050422
8/22/12 3:00,10171.8211,101.5,566.7816,300.5033,-0.88,0.18,1.5,-1.47,0.0,1.06,6.010032
8/22/12 3:30,10174.6211,75.1,566.7144,300.235,-0.67,-0.18,1.03,-1.0,0.0,0.8197,5.87963
8/22/12 4:00,10177.4211,87.7,566.776,300.1658,-0.54,-0.02,0.73,-0.73,0.0,0.6334,5.879053
8/22/12 4:30,10180.2461,78.9,576.9711,300.145,-0.54,-0.11,0.78,-0.77,0.0,0.725,5.879053
8/22/12 5:00,10183.0961,107.7,577.0167,299.9532,-0.5,0.16,0.65,-0.62,0.0,0.6265,5.7072224
8/22/12 5:30,10185.9461,20.5,577.1934,300.0977,-0.1,-0.26,0.35,-0.12,13.9308,0.3489,5.89117
8/22/12 6:00,10188.7961,94.3,577.2732,300.2365,-0.35,0.03,0.43,-0.42,71.981,0.4258,6.936694
8/22/12 6:30,10191.6711,137.6,587.395,301.593,-0.37,0.41,0.9,-0.61,163.7232,0.892,3.3766617
8/22/12 7:00,10194.5711,217.3,587.4182,303.0668,0.75,0.98,6.19,3.75,262.3648,5.9825,5.1830179
8/22/12 7:30,10197.4461,219.1,577.3872,303.7724,1.13,1.39,12.22,7.71,341.5518,11.2924,3.2195446
8/22/12 8:00,10200.2961,220.6,577.4214,304.3747,1.17,1.37,14.97,9.74,407.6919,12.9608,4.8331828
8/22/12 8:30,10203.1461,214.4,577.4385,304.9468,0.89,1.29,15.87,8.97,454.8398,12.5921,4.6877211
8/22/12 9:00,10205.9711,219.7,567.2744,305.5621,1.11,1.33,19.64,12.54,418.5457,13.8853,4.9318498
8/22/12 9:30,10208.7711,217.2,567.2744,306.2918,1.06,1.4,22.56,13.64,388.1445,13.7308,4.4147424
8/22/12 10:00,10211.5711,221.0,567.196,306.1854,1.1,1.27,20.84,13.67,194.7045,10.4181,6.438743
8/22/12 10:30,10214.3711,223.0,567.084,306.8079,1.2,1.29,23.77,16.21,231.3069,9.0961,6.229869
8/22/12 11:00,10217.1711,228.0,566.9552,307.2032,1.19,1.07,22.68,16.85,145.1209,5.8698,6.173323
8/22/12 11:30,10219.9461,193.9,556.677,308.1227,0.51,2.06,35.64,8.56,94.4358,4.6522,7.809118
8/22/12 12:00,10222.6961,200.8,556.5615,308.3049,0.82,2.15,40.25,14.29,0.0,0.0,8.566719
8/22/12 12:30,10225.4461,182.1,556.369,308.8457,0.1,2.65,48.34,1.77,-118.2301,-6.3095,10.690079
8/22/12 13:00,10228.1961,182.2,556.2755,308.662,0.11,2.96,53.99,2.07,-224.3475,-13.9745,11.02647
8/22/12 13:30,10230.9211,181.3,546.0912,308.7094,0.06,2.73,51.91,1.18,-315.8723,-19.8644,12.219129
8/22/12 14:00,10233.6211,181.9,545.9616,308.6905,0.1,3.11,62.71,2.08,-388.68,-31.3535,15.819032
8/22/12 14:30,10236.3211,178.8,545.9238,308.4259,-0.08,3.68,76.12,-1.59,-438.9036,-46.3403,11.736757
8/22/12 15:00,10239.0211,189.9,545.9076,308.2045,0.54,3.12,66.78,11.48,-459.9496,-47.2171,13.541613
8/22/12 15:30,10241.6961,181.7,535.7505,307.9508,0.1,3.37,69.38,2.06,-453.0397,-55.0449,10.304066
8/22/12 16:00,10244.3461,184.0,535.7187,307.6728,0.23,3.24,65.24,4.55,-415.6827,-56.4961,9.991332
8/22/12 16:30,10246.9961,184.4,535.7399,307.4287,0.25,3.27,62.06,4.76,-352.4037,-57.3382,11.600585
8/22/12 17:00,10249.6461,181.7,535.7611,306.7421,0.09,3.11,54.12,1.61,-266.1551,-52.2761,7.720837
8/22/12 17:30,10252.2961,197.2,535.7929,306.0114,0.81,2.62,44.69,13.22,-156.7425,-44.3124,8.528637
8/22/12 18:00,10254.9461,207.6,535.8724,304.7629,1.1,2.1,33.33,15.44,-49.443,-33.3284,6.972468
8/22/12 18:30,10257.5961,211.2,536.1003,303.6287,1.16,1.92,27.2,14.09,-4.1333,-26.9633,9.50896
8/22/12 19:00,10260.2461,206.0,536.36,303.2454,0.88,1.8,21.07,9.23,0.0,-20.3473,8.628458
8/22/12 19:30,10262.8961,181.2,536.5402,303.0498,0.04,1.84,16.21,0.34,0.0,-14.9738,5.770577
8/22/12 20:00,10265.5461,184.4,536.7416,302.9481,0.16,2.1,18.39,1.41,0.0,-15.9305,6.104083
8/22/12 20:30,10268.1961,185.2,536.8847,302.8361,0.19,2.05,17.65,1.6,0.0,-14.0002,8.780786
8/22/12 21:00,10270.8711,159.0,547.0686,302.1659,-0.53,1.39,10.43,-3.74,0.0,-7.3769,2.5092576
8/22/12 21:30,10273.5711,169.4,547.0578,302.4961,-0.4,2.16,16.27,-2.99,0.0,-9.9071,7.236157
8/22/12 22:00,10276.2711,156.6,547.1334,302.2482,-0.68,1.56,11.09,-4.4,0.0,-5.543,6.709356
8/22/12 22:30,10278.9711,140.3,547.128,301.8617,-1.15,1.38,9.65,-6.16,0.0,-3.6929,5.0269394
8/22/12 23:00,10281.6711,116.1,547.1928,301.386,-1.21,0.59,6.02,-5.41,0.0,-1.5581,8.682696
8/22/12 23:30,10284.3961,122.1,557.414,301.0185,-1.17,0.73,4.89,-4.14,0.0,-0.6385,8.440933
8/23/12 0:00,10287.1461,117.0,557.381,300.9164,-1.15,0.59,3.95,-3.52,0.0,0.0,8.494017
8/23/12 0:30,10289.8961,108.4,557.3205,300.7053,-0.78,0.26,2.16,-2.05,0.0,0.2825,7.802771
8/23/12 1:00,10292.6711,72.2,567.4648,300.4076,-0.64,-0.21,1.54,-1.47,0.0,0.3993,7.328477
8/23/12 1:30,10295.4711,119.5,567.4144,300.3849,-1.15,0.65,2.64,-2.3,0.0,1.01,7.417912
8/23/12 2:00,10298.2711,82.3,567.5152,300.579,-0.66,-0.09,1.39,-1.38,0.0,0.6957,8.101657
8/23/12 2:30,10301.0711,77.3,567.56,300.2745,-0.52,-0.12,0.92,-0.9,0.0,0.5591,7.655636
8/23/12 3:00,10303.8961,61.7,577.7634,300.1144,-0.53,-0.29,0.96,-0.84,0.0,0.6759,7.636018
8/23/12 3:30,10306.7461,60.1,577.7577,300.1275,-0.61,-0.35,1.06,-0.92,0.0,0.8414,7.668907
8/23/12 4:00,10309.5961,109.2,577.7178,299.9378,-0.46,0.16,0.71,-0.67,0.0,0.6183,7.724876
8/23/12 4:30,10312.4461,69.0,577.7349,300.0119,-0.49,-0.19,0.71,-0.66,0.0,0.6558,7.664868
8/23/12 5:00,10315.2961,77.3,577.8375,300.0491,-0.64,-0.14,0.94,-0.92,0.0,0.9077,7.668907
8/23/12 5:30,10318.1711,110.9,588.004,299.8067,-0.55,0.21,0.76,-0.71,12.9552,0.7546,6.79129
8/23/12 6:00,10321.0711,60.9,588.1258,300.2866,-0.5,-0.28,0.72,-0.62,74.092,0.715,7.889898
8/23/12 6:30,10323.9961,70.9,598.3839,301.2926,-0.44,-0.15,0.81,-0.77,163.2602,0.8054,4.6872595
8/23/12 7:00,10326.9461,113.9,598.4488,302.4728,-0.8,0.35,2.64,-2.41,256.0167,2.5462,5.084524
8/23/12 7:30,10329.8711,159.6,588.4448,303.3762,-0.11,0.31,1.7,-0.59,336.6802,1.5701,4.82372
8/23/12 8:00,10332.7711,216.0,588.3984,303.94,0.25,0.35,3.0,1.77,381.2625,2.6005,4.0519825
8/23/12 8:30,10335.6711,270.9,588.4158,304.2442,0.28,0.0,2.3,2.3,461.2255,1.821,3.8651499
8/23/12 9:00,10338.5461,275.0,578.2878,304.6231,0.36,-0.03,3.18,3.16,425.3106,2.2457,5.6104595
8/23/12 9:30,10341.3961,111.5,578.379,305.3873,-0.17,0.07,1.89,-1.76,453.4798,1.1496,8.001259
8/23/12 10:00,10344.2461,209.9,578.3619,305.9232,0.16,0.29,3.87,1.93,395.4695,1.9339,8.594415
8/23/12 10:30,10347.0711,265.5,568.0864,306.1421,0.31,0.02,3.71,3.7,318.106,1.421,8.659616
8/23/12 11:00,10349.8711,337.3,568.0304,306.6076,0.05,-0.12,1.77,0.68,226.4703,0.4585,6.932078
8/23/12 11:30,10352.6711,341.7,567.8512,307.0509,0.16,-0.5,7.06,2.22,114.0191,0.9213,7.054979
8/23/12 12:00,10355.4461,129.8,557.568,307.5384,-0.37,0.31,7.21,-5.54,0.0,0.0,14.015907
8/23/12 12:30,10358.1961,179.0,557.3755,308.3219,-0.02,1.02,18.73,-0.33,-114.7189,-2.4448,11.616164
8/23/12 13:00,10360.9461,165.8,557.271,308.8767,-0.32,1.25,25.53,-6.26,-219.6269,-6.6064,12.271059
8/23/12 13:30,10363.6961,177.6,557.106,309.3533,-0.07,1.69,35.75,-1.5,-315.1486,-13.6826,13.883774
8/23/12 14:00,10366.4461,184.8,556.974,309.8477,0.11,1.3,28.07,2.35,-400.4715,-14.0336,14.942569
8/23/12 14:30,10369.1961,194.7,556.8805,309.8816,0.48,1.82,40.86,10.37,-454.5433,-24.8722,11.002813
8/23/12 15:00,10371.9461,165.6,556.8255,309.5886,-0.68,2.64,58.93,-14.66,-450.123,-41.6718,12.117
8/23/12 15:30,10374.6961,184.5,556.897,309.1304,0.2,2.48,57.75,4.53,-441.4789,-45.8133,11.685981
8/23/12 16:00,10377.4461,194.4,556.8695,308.6288,0.62,2.42,60.19,14.97,-404.7127,-52.1288,14.064952
8/23/12 16:30,10380.1711,195.3,546.8418,308.1951,0.72,2.65,64.69,17.07,-337.1809,-59.7696,10.036338
8/23/12 17:00,10382.8711,194.2,546.939,307.7451,0.6,2.39,54.04,13.26,-254.1602,-52.2014,9.098713
8/23/12 17:30,10385.5961,185.5,557.0895,306.9803,0.18,1.83,36.0,3.45,-159.0684,-35.6899,7.491768
8/23/12 18:00,10388.3211,174.1,547.0146,305.9554,-0.18,1.74,29.56,-3.04,-60.588,-29.5556,6.91823
8/23/12 18:30,10391.0211,161.7,547.29,304.8969,-0.53,1.6,24.89,-7.81,-5.9437,-24.675,14.465967
8/23/12 19:00,10393.7211,158.2,547.5438,304.0738,-0.72,1.8,26.92,-10.0,0.0,-26.0022,4.4876752
8/23/12 19:30,10396.4461,169.4,557.8815,303.8809,-0.37,1.96,25.51,-4.69,0.0,-23.5667,6.947657
8/23/12 20:00,10399.1961,174.8,558.096,303.8517,-0.18,2.01,20.88,-1.89,0.0,-18.0817,5.923482
8/23/12 20:30,10401.9461,179.6,558.305,303.657,-0.01,1.6,14.26,-0.1,0.0,-11.3133,5.2439491
8/23/12 21:00,10404.6961,178.2,558.4535,303.224,-0.05,1.58,10.72,-0.34,0.0,-7.5805,11.786379
8/23/12 21:30,10407.4461,178.1,558.558,302.9774,-0.04,1.33,8.42,-0.28,0.0,-5.1279,11.721755
8/23/12 22:00,10410.1961,170.4,558.5635,302.7686,-0.25,1.48,9.54,-1.59,0.0,-4.7694,11.688289
8/23/12 22:30,10412.9711,154.8,568.6968,302.5063,-0.65,1.37,7.99,-3.4,0.0,-3.0594,3.4402471
8/23/12 23:00,10415.7711,159.7,568.624,302.5359,-0.48,1.29,6.82,-2.37,0.0,-1.7656,5.96041
8/23/12 23:30,10418.5711,159.7,568.6632,302.4868,-0.59,1.6,8.04,-2.79,0.0,-1.049,10.82452
8/24/12 0:00,10421.3711,121.7,568.6744,302.0168,-0.89,0.55,3.57,-3.04,0.0,0.0,10.70335
8/24/12 0:30,10424.1961,90.3,578.778,301.6781,-0.68,0.0,2.14,-2.14,0.0,0.2791,10.226748
8/24/12 1:00,10427.0461,56.7,578.7837,301.2488,-0.46,-0.3,1.49,-1.25,0.0,0.3866,9.693023
8/24/12 1:30,10429.8961,103.2,578.7324,300.964,-0.4,0.09,1.11,-1.09,0.0,0.4266,9.377404
8/24/12 2:00,10432.7461,110.9,578.6184,300.5228,-0.51,0.19,1.19,-1.12,0.0,0.597,8.285143
8/24/12 2:30,10435.5961,108.5,578.5272,300.5104,-0.88,0.29,1.85,-1.75,0.0,1.1261,8.370539
8/24/12 3:00,10438.4711,97.6,588.5376,300.2343,-0.91,0.12,1.67,-1.65,0.0,1.1782,7.631402
8/24/12 3:30,10441.3711,66.7,588.5666,300.2997,-0.45,-0.19,0.86,-0.79,0.0,0.6807,7.655636
8/24/12 4:00,10444.2711,110.8,588.6304,300.1064,-0.62,0.24,1.11,-1.04,0.0,0.9652,7.648712
8/24/12 4:30,10447.1711,66.4,588.729,300.1253,-0.54,-0.24,0.98,-0.9,0.0,0.9089,7.631402
8/24/12 5:00,10450.0711,82.1,588.8566,299.9736,-0.58,-0.08,0.86,-0.86,0.0,0.8343,7.625632
8/24/12 5:30,10452.9961,62.0,599.1037,299.8751,-0.5,-0.27,0.79,-0.7,11.4472,0.7836,6.722627
8/24/12 6:00,10455.9461,109.3,599.1273,300.0795,-0.47,0.16,0.63,-0.6,69.055,0.6333,6.936694
8/24/12 6:30,10458.9211,125.5,609.414,301.1628,-0.49,0.35,1.06,-0.87,156.5749,1.0544,4.7222834
8/24/12 7:00,10461.9211,138.0,609.588,302.348,-0.19,0.21,0.8,-0.53,251.3996,0.7691,3.7543082
8/24/12 7:30,10464.9211,230.4,609.612,303.1761,0.09,0.08,0.45,0.35,296.3519,0.4192,6.065424
8/24/12 8:00,10467.8961,55.6,599.4341,303.5833,-0.22,-0.15,1.61,-1.33,406.3781,1.3936,5.955794
8/24/12 8:30,10470.8211,43.5,589.3322,304.2873,-0.32,-0.34,3.77,-2.59,449.9781,2.9892,5.1643808
8/24/12 9:00,10473.7211,22.8,589.2336,304.6836,-0.16,-0.38,4.0,-1.55,463.8896,2.8316,6.890534
8/24/12 9:30,10476.6211,222.7,589.135,305.4982,0.26,0.29,4.72,3.2,396.3384,2.8741,6.218329
8/24/12 10:00,10479.5211,194.5,589.1002,305.902,0.19,0.72,9.4,2.35,231.7815,4.6995,6.148512
8/24/12 10:30,10482.4211,198.9,588.9668,306.2856,0.11,0.33,4.77,1.54,244.5787,1.8249,12.894796
8/24/12 11:00,10485.2961,173.1,578.721,306.8886,-0.12,1.01,15.85,-1.9,157.5877,4.1013,6.453168
8/24/12 11:30,10488.1461,178.0,578.5899,307.2743,-0.05,1.36,23.02,-0.8,90.4237,3.0045,7.355596
8/24/12 12:00,10490.9961,158.7,578.5158,307.8106,-0.57,1.46,28.9,-10.5,0.0,0.0,9.001777
8/24/12 12:30,10493.8461,160.7,578.5557,307.5235,-0.35,0.99,19.03,-6.29,-66.8904,-2.4845,9.668212
8/24/12 13:00,10496.6961,160.9,578.4417,307.8989,-0.51,1.47,29.75,-9.74,-171.2432,-7.7009,10.2706
8/24/12 13:30,10499.5461,177.0,578.2536,308.623,-0.07,1.28,28.18,-1.47,-334.1152,-10.7839,11.394019
8/24/12 14:00,10502.3711,145.9,567.9968,308.0637,-0.84,1.24,32.62,-18.29,-299.481,-16.3095,6.430088
8/24/12 14:30,10505.1711,169.8,567.9464,308.8061,-0.31,1.74,41.41,-7.33,-473.2688,-25.2091,10.090576
8/24/12 15:00,10507.9711,144.4,567.8624,308.5444,-1.13,1.58,43.24,-25.17,-464.0417,-30.5771,16.818396
8/24/12 15:30,10510.7711,152.9,567.8512,308.6332,-0.87,1.71,41.9,-19.09,-457.1231,-33.2444,15.008924
8/24/12 16:00,10513.5461,145.5,557.623,308.1354,-1.51,2.2,56.4,-31.94,-401.6279,-48.842,15.727289
8/24/12 16:30,10516.2961,149.9,557.612,307.4621,-1.58,2.73,59.38,-29.78,-338.9224,-54.8574,15.891157
8/24/12 17:00,10519.0461,145.3,557.6725,306.6841,-1.89,2.73,58.04,-33.04,-253.8096,-56.0585,12.418194
8/24/12 17:30,10521.7961,141.9,557.7495,306.0546,-1.86,2.38,47.86,-29.53,-153.5302,-47.4462,11.299968
8/24/12 18:00,10524.5211,144.9,547.6734,305.3025,-1.45,2.07,34.77,-19.99,-64.048,-34.7701,9.330667
8/24/12 18:30,10527.2461,138.7,557.8815,304.065,-1.37,1.56,25.0,-16.5,-4.7778,-24.7833,4.7647506
8/24/12 19:00,10529.9961,131.5,558.1125,303.0188,-1.4,1.24,20.42,-15.29,0.0,-19.7218,6.591071
8/24/12 19:30,10532.7461,125.1,558.4205,302.7742,-1.61,1.13,19.57,-16.01,0.0,-18.0834,5.886554
8/24/12 20:00,10535.5211,123.5,568.7584,302.3764,-1.64,1.08,17.12,-14.28,0.0,-14.8292,5.2919555
8/24/12 20:30,10538.3211,128.7,568.7976,301.9042,-1.48,1.18,13.68,-10.68,0.0,-10.8539,4.6399455
8/24/12 21:00,10541.1461,129.4,578.9661,301.6163,-1.31,1.07,10.21,-7.89,0.0,-7.2174,10.544675
8/24/12 21:30,10543.9961,129.5,578.9433,301.3792,-1.17,0.97,7.91,-6.1,0.0,-4.8133,10.222132
8/24/12 22:00,10546.8711,129.1,589.193,301.0733,-1.05,0.85,6.17,-4.79,0.0,-3.0855,9.856314
8/24/12 22:30,10549.7961,129.3,599.3338,300.7608,-0.79,0.65,4.14,-3.21,0.0,-1.585,9.15699
8/24/12 23:00,10552.7711,127.6,609.498,300.4512,-0.77,0.59,3.48,-2.76,0.0,-0.9005,8.131084
8/24/12 23:30,10555.7961,73.8,619.6868,300.4713,-0.35,-0.1,1.35,-1.3,0.0,-0.1761,8.151279
8/25/12 0:00,10558.8711,55.7,629.8022,300.3847,-0.27,-0.18,1.18,-0.98,0.0,0.0,8.171474
8/25/12 0:30,10561.9961,63.6,639.8343,300.0021,-0.27,-0.13,0.91,-0.81,0.0,0.1188,7.592166
8/25/12 1:00,10565.1711,37.2,649.8304,299.8161,-0.23,-0.3,1.07,-0.65,0.0,0.2762,7.511963
8/25/12 1:30,10568.3711,72.9,649.7792,299.5732,-0.18,-0.05,0.44,-0.42,0.0,0.1696,7.08556
8/25/12 2:00,10571.5961,87.4,659.971,299.2801,-0.36,-0.02,0.75,-0.74,0.0,0.3726,6.23737
8/25/12 2:30,10574.8461,93.3,659.9125,299.0347,-0.32,0.02,0.62,-0.62,0.0,0.3777,6.564529
8/25/12 3:00,10578.0961,86.9,659.8475,298.9636,-0.28,-0.01,0.5,-0.5,0.0,0.3568,6.258142
8/25/12 3:30,10581.3461,96.5,659.8605,299.1145,-0.22,0.03,0.43,-0.43,0.0,0.344,6.564529
8/25/12 4:00,10584.6211,4.4,670.0518,298.968,-0.02,-0.28,0.46,-0.04,0.0,0.4,6.258142
8/25/12 4:30,10587.9211,42.6,670.1772,298.6773,-0.21,-0.23,0.45,-0.3,0.0,0.4118,6.293916
8/25/12 5:00,10591.2211,331.2,670.3422,298.5544,0.05,-0.08,0.11,0.06,0.0,0.1104,6.293916
8/25/12 5:30,10594.5461,61.0,680.586,298.5439,-0.21,-0.12,0.27,-0.23,11.477,0.2648,6.293916
8/25/12 6:00,10597.8961,65.1,680.6195,298.8965,-0.23,-0.11,0.31,-0.28,72.224,0.3092,9.502613
8/25/12 6:30,10601.2711,52.5,690.7644,300.0475,-0.18,-0.14,0.39,-0.31,159.7654,0.3821,6.694931
8/25/12 7:00,10604.6711,107.6,690.7644,301.541,-0.16,0.05,0.49,-0.47,218.617,0.4755,5.1133163
8/25/12 7:30,10608.0711,172.9,690.6284,303.0394,-0.03,0.26,1.13,-0.14,324.8287,1.045,5.834047
8/25/12 8:00,10611.4711,235.6,690.5536,303.7447,0.4,0.27,3.27,2.69,409.559,2.8285,5.1997509
8/25/12 8:30,10614.8711,243.3,690.5128,304.3528,0.25,0.12,2.37,2.12,460.091,1.8811,7.087291
8/25/12 9:00,10618.2711,227.4,690.5876,304.9744,0.68,0.62,12.06,8.88,467.2144,8.5293,5.0401527
8/25/12 9:30,10621.6961,229.5,700.7502,305.3708,0.58,0.49,10.96,8.33,451.2639,6.6705,6.239101
8/25/12 10:00,10625.1461,249.4,700.6398,305.6385,0.34,0.13,5.75,5.38,383.857,2.8759,5.7410923
8/25/12 10:30,10628.6211,244.3,710.605,306.0779,0.53,0.25,9.42,8.49,310.0612,3.6037,7.209038
8/25/12 11:00,10632.1211,252.2,710.36,306.5799,0.94,0.3,17.8,16.95,225.5546,4.6069,8.945808
8/25/12 11:30,10635.6461,231.8,720.3092,307.1872,1.04,0.82,26.4,20.75,110.9727,3.4459,10.560831
8/25/12 12:00,10639.2211,180.0,730.26,307.7133,0.0,0.96,19.52,0.0,0.0,0.0,11.705022
8/25/12 12:30,10642.8211,196.2,730.0872,307.9524,0.25,0.88,19.44,5.42,-115.3658,-2.5371,17.022077
8/25/12 13:00,10646.4211,213.3,729.8568,308.1176,0.37,0.56,14.3,7.85,-172.5272,-3.7018,12.158544
8/25/12 13:30,10650.0461,152.0,739.8185,308.2086,-0.56,1.05,25.48,-11.96,-271.1898,-9.7518,12.136041
8/25/12 14:00,10653.6961,156.6,739.6725,308.3963,-0.36,0.83,19.1,-7.59,-333.4905,-9.5521,18.367641
8/25/12 14:30,10657.3461,181.3,739.4681,309.0754,0.02,0.97,23.31,0.53,-461.8113,-14.1915,16.662606
8/25/12 15:00,10660.9961,130.2,739.3294,308.7356,-1.03,0.87,34.06,-26.01,-470.6312,-24.0806,14.774662
8/25/12 15:30,10664.6461,97.4,739.2199,308.6849,-2.14,0.28,47.18,-46.78,-449.249,-37.4277,20.192692
8/25/12 16:00,10668.2961,129.4,739.2199,308.3748,-1.53,1.26,41.22,-31.85,-378.796,-35.6963,18.646332
8/25/12 16:30,10671.9461,150.2,739.417,307.7258,-1.56,2.72,61.44,-30.53,-319.2992,-56.7629,14.572712
8/25/12 17:00,10675.5961,143.1,739.5119,307.126,-1.92,2.56,58.93,-35.39,-238.5431,-56.9263,12.967498
8/25/12 17:30,10679.2461,147.6,739.6287,306.3747,-1.82,2.87,54.8,-29.37,-132.0158,-54.3349,12.283176
8/25/12 18:00,10682.8961,147.5,739.7236,305.5166,-1.83,2.88,45.45,-24.42,-44.249,-45.4478,8.815406
8/25/12 18:30,10686.5461,145.2,739.8404,304.5471,-1.64,2.36,31.5,-17.97,-5.4986,-31.2256,11.354783
8/25/12 19:00,10690.1711,143.7,729.9072,304.0643,-1.7,2.32,26.61,-15.76,0.0,-25.7058,8.427085
8/25/12 19:30,10693.7711,141.4,730.116,303.6443,-1.63,2.04,20.23,-12.62,0.0,-18.6927,11.429216
8/25/12 20:00,10697.3711,134.0,730.3392,303.1028,-1.59,1.54,14.47,-10.41,0.0,-12.5304,5.1314341
8/25/12 20:30,10700.9711,133.2,730.5696,302.8464,-1.47,1.38,12.08,-8.8,0.0,-9.5806,7.400602
8/25/12 21:00,10704.5711,133.6,730.728,302.594,-1.35,1.28,9.55,-6.92,0.0,-6.7533,5.1446474
8/25/12 21:30,10708.1711,144.4,730.7712,302.396,-1.08,1.5,8.97,-5.22,0.0,-5.4576,5.974258
8/25/12 22:00,10711.7711,141.7,730.8216,302.0197,-0.85,1.08,5.61,-3.47,0.0,-2.803,5.4755569
8/25/12 22:30,10715.3711,143.5,730.8,301.7093,-0.74,1.0,4.4,-2.62,0.0,-1.6848,10.373306
8/25/12 23:00,10718.9711,144.4,730.7352,301.4909,-0.53,0.73,2.91,-1.69,0.0,-0.7528,9.384905
8/25/12 23:30,10722.5711,127.6,730.692,301.2944,-0.49,0.38,1.9,-1.5,0.0,-0.2476,9.271813
8/26/12 0:00,10726.1711,133.8,730.4904,300.8049,-0.43,0.41,1.47,-1.06,0.0,0.0,9.241232
8/26/12 0:30,10729.7711,125.3,730.3176,300.5691,-0.64,0.46,1.82,-1.49,0.0,0.2378,7.987411
8/26/12 1:00,10733.3711,130.7,730.1232,300.3923,-0.75,0.65,2.17,-1.65,0.0,0.5626,7.465803
8/26/12 1:30,10736.9711,106.0,730.044,300.4133,-0.59,0.17,1.42,-1.37,0.0,0.5438,7.401756
8/26/12 2:00,10740.5711,55.1,729.9288,300.1444,-0.14,-0.1,0.36,-0.3,0.0,0.1821,7.417912
8/26/12 2:30,10744.1711,109.1,729.8496,300.0399,-0.16,0.06,0.34,-0.32,0.0,0.205,7.382715
8/26/12 3:00,10747.7461,52.9,719.7128,300.1138,-0.38,-0.29,0.97,-0.77,0.0,0.6828,7.105755
8/26/12 3:30,10751.2961,57.8,719.6915,299.8097,-0.38,-0.24,0.8,-0.68,0.0,0.6358,6.085619
8/26/12 4:00,10754.8461,4.8,719.6915,299.5832,-0.03,-0.33,0.49,-0.04,0.0,0.4284,5.993876
8/26/12 4:30,10758.3961,22.4,719.7341,299.3996,-0.08,-0.2,0.32,-0.12,0.0,0.3002,5.1689391
8/26/12 5:00,10761.9211,104.1,709.632,298.9588,-0.37,0.09,0.46,-0.44,0.0,0.4423,4.4113381
8/26/12 5:30,10765.4211,71.8,709.793,298.8645,-0.61,-0.2,0.72,-0.69,9.3255,0.7157,4.2217359
8/26/12 6:00,10768.9211,106.8,709.982,299.5127,-0.36,0.11,0.45,-0.43,71.126,0.4506,7.69718
8/26/12 6:30,10772.3961,56.4,699.9636,300.9009,-0.53,-0.35,1.23,-1.02,166.2385,1.217,4.2671458
8/26/12 7:00,10775.8461,102.4,699.9705,302.1047,-0.53,0.12,1.69,-1.65,263.5567,1.6283,5.4770571
8/26/12 7:30,10779.2711,151.1,689.792,303.2678,-0.48,0.87,5.21,-2.52,333.515,4.8146,5.1528408
8/26/12 8:00,10782.6711,167.4,689.8328,303.7642,-0.15,0.67,4.64,-1.01,344.259,4.0151,5.3561756
8/26/12 8:30,10786.0711,226.7,689.86,304.361,0.56,0.53,6.9,5.02,397.2003,5.4708,9.16276
8/26/12 9:00,10789.4461,196.0,679.7284,305.0136,0.18,0.62,7.24,1.99,452.5809,5.1166,6.707625
8/26/12 9:30,10792.7961,173.2,679.6815,305.3454,-0.1,0.85,11.05,-1.31,360.2559,6.7272,6.818986
8/26/12 10:00,10796.1461,179.6,679.5207,306.1484,-0.01,1.23,18.73,-0.13,405.631,9.3654,7.955099
8/26/12 10:30,10799.4711,169.3,669.2004,306.3225,-0.21,1.13,19.0,-3.53,247.8078,7.2727,7.078059
8/26/12 11:00,10802.7461,179.5,658.9765,306.5751,-0.01,0.75,13.12,-0.11,218.8455,3.3965,12.825556
8/26/12 11:30,10805.9961,163.5,658.7555,306.6853,-0.26,0.88,17.03,-4.84,76.8841,2.2234,10.718352
8/26/12 12:00,10809.2211,138.8,648.4672,306.9613,-0.52,0.59,16.49,-10.86,0.0,0.0,14.962187
8/26/12 12:30,10812.4211,144.3,648.2496,307.4556,-0.54,0.76,23.43,-13.67,-115.7688,-3.0587,12.260673
8/26/12 13:00,10815.5961,175.6,637.8687,307.7716,-0.08,1.02,25.63,-1.97,-230.5788,-6.6332,25.495899
8/26/12 13:30,10818.7461,146.8,637.7553,308.1851,-0.44,0.68,19.71,-10.79,-320.825,-7.5429,17.960856
8/26/12 14:00,10821.8961,189.7,637.5789,308.4597,0.27,1.6,40.44,6.81,-417.1615,-20.2176,15.4636
8/26/12 14:30,10825.0211,179.0,627.2788,308.5792,-0.03,1.65,41.91,-0.73,-464.6219,-25.5129,16.662029
8/26/12 15:00,10828.0961,100.9,617.0577,308.0248,-1.95,0.38,41.56,-40.81,-352.3032,-29.3839,18.974645
8/26/12 15:30,10831.1461,89.9,616.954,307.3395,-2.22,0.0,43.41,-43.41,-262.9308,-34.4404,18.91983
8/26/12 16:00,10834.1711,139.4,606.828,307.008,-1.73,2.02,51.59,-33.58,-278.9442,-44.6812,19.05254
8/26/12 16:30,10837.1711,146.9,607.038,306.9732,-1.83,2.8,63.41,-34.63,-343.5816,-58.5853,19.290264
8/26/12 17:00,10840.1711,145.6,607.164,306.4837,-2.03,2.96,65.31,-36.9,-273.1667,-63.0834,12.464931
8/26/12 17:30,10843.1711,147.0,607.302,305.8569,-1.74,2.68,51.53,-28.06,-172.2616,-51.0881,12.807669
8/26/12 18:00,10846.1711,146.5,607.44,305.087,-1.83,2.76,48.91,-27.0,-74.826,-48.9146,12.848059
8/26/12 18:30,10849.1461,141.6,597.375,304.1514,-1.79,2.25,34.11,-21.18,-11.3511,-33.8143,9.374519
8/26/12 19:00,10852.0961,138.5,597.5461,303.6011,-1.61,1.82,23.77,-15.75,0.0,-22.9556,11.708484
8/26/12 19:30,10855.0461,136.9,597.8057,302.8655,-1.27,1.36,14.08,-9.62,0.0,-13.0086,4.7356121
8/26/12 20:00,10857.9961,141.2,597.9886,302.8073,-1.4,1.74,14.28,-8.95,0.0,-12.3663,8.656731
8/26/12 20:30,10860.9461,140.1,598.1125,302.6226,-1.45,1.74,12.37,-7.93,0.0,-9.8128,7.787769
8/26/12 21:00,10863.8961,139.5,598.1715,302.4886,-1.62,1.9,12.73,-8.26,0.0,-8.9981,5.4161836
8/26/12 21:30,10866.8461,139.3,598.1774,302.1144,-1.31,1.52,8.49,-5.53,0.0,-5.1664,6.703009
8/26/12 22:00,10869.7961,133.5,598.2128,301.9073,-1.3,1.24,6.81,-4.94,0.0,-3.4062,10.594874
8/26/12 22:30,10872.7461,137.8,598.1479,301.763,-1.32,1.45,6.89,-4.63,0.0,-2.6351,4.4484969
8/26/12 23:00,10875.6961,130.9,598.1951,301.4977,-0.87,0.75,3.62,-2.74,0.0,-0.938,9.279314
8/26/12 23:30,10878.6461,121.3,598.2423,301.0369,-0.67,0.41,2.05,-1.76,0.0,-0.2682,8.847141
8/27/12 0:00,10881.5961,65.1,598.201,300.8929,-0.33,-0.15,0.96,-0.87,0.0,0.0,8.847141
8/27/12 0:30,10884.5461,44.0,598.083,300.8274,-0.31,-0.32,1.18,-0.82,0.0,0.1542,8.847141
8/27/12 1:00,10887.4961,309.0,598.0063,300.1077,0.13,-0.11,0.31,0.24,0.0,0.0811,7.123642
8/27/12 1:30,10890.4461,53.9,597.9945,300.2071,-0.19,-0.14,0.44,-0.35,0.0,0.1681,7.123642
8/27/12 2:00,10893.3961,105.2,597.9414,299.7423,-0.5,0.14,0.78,-0.75,0.0,0.3905,6.047537
8/27/12 2:30,10896.3461,39.1,597.9709,299.8555,-0.22,-0.27,0.58,-0.36,0.0,0.3514,6.045806
8/27/12 3:00,10899.2711,64.9,587.8532,299.4937,-0.16,-0.08,0.26,-0.24,0.0,0.1871,5.0806004
8/27/12 3:30,10902.1711,23.5,587.7604,299.4187,-0.05,-0.11,0.15,-0.06,0.0,0.1183,4.9813564
8/27/12 4:00,10905.0711,51.4,587.7836,299.2952,-0.4,-0.32,0.66,-0.52,0.0,0.5742,4.5776872
8/27/12 4:30,10907.9711,75.1,587.8242,299.1802,-0.37,-0.1,0.44,-0.43,0.0,0.4075,4.4783855
8/27/12 5:00,10910.8711,61.2,587.9576,299.0828,-0.18,-0.1,0.25,-0.22,0.0,0.2431,4.4783855
8/27/12 5:30,10913.7711,74.5,588.1432,298.8359,-0.27,-0.07,0.3,-0.29,9.1699,0.2974,3.8723047
8/27/12 6:00,10916.6711,8.4,588.2476,298.9807,-0.02,-0.17,0.19,-0.03,66.974,0.1854,4.7477291
8/27/12 6:30,10919.5711,211.1,588.3578,300.2968,0.02,0.03,0.04,0.02,159.6306,0.0423,6.675313
8/27/12 7:00,10922.4711,131.6,588.4448,301.862,-0.42,0.37,1.45,-1.08,252.4109,1.3987,5.5642995
8/27/12 7:30,10925.3461,118.0,578.2707,302.9658,-0.32,0.17,1.55,-1.37,309.6087,1.4291,5.6664285
8/27/12 8:00,10928.1711,238.5,568.0416,303.2555,0.14,0.08,1.0,0.85,195.0307,0.8676,6.293916
8/27/12 8:30,10930.9711,244.2,568.0976,304.161,0.21,0.1,1.81,1.63,448.2605,1.4375,5.4923476
8/27/12 9:00,10933.7461,212.4,557.953,304.9737,0.38,0.6,7.1,3.8,465.417,5.019,8.495171
8/27/12 9:30,10936.4961,162.1,557.953,305.3771,-0.18,0.57,6.6,-2.03,382.2084,4.0203,8.892147
8/27/12 10:00,10939.2461,357.9,557.8925,305.8755,0.0,-0.09,1.16,0.04,409.6385,0.5777,9.073325
8/27/12 10:30,10941.9711,323.7,547.6626,306.3001,0.25,-0.34,5.32,3.15,314.575,2.0374,10.643919
8/27/12 11:00,10944.6711,167.7,547.5006,307.1193,-0.21,0.94,15.46,-3.29,233.6062,4.0011,11.088786
8/27/12 11:30,10947.3461,139.2,537.2557,307.3035,-0.36,0.41,9.12,-5.96,106.0823,1.1907,10.649689
8/27/12 12:00,10949.9961,198.8,537.0596,308.1654,0.51,1.49,29.38,9.47,0.0,0.0,17.556956
8/27/12 12:30,10952.6211,199.5,526.8536,308.3525,0.71,2.01,44.55,14.87,-114.0945,-5.8146,13.9057
8/27/12 13:00,10955.2211,179.7,526.6872,308.4567,-0.01,2.16,49.06,-0.26,-214.428,-12.6985,19.841876
8/27/12 13:30,10957.8211,196.4,526.5156,308.6458,0.51,1.72,45.03,12.72,-302.5583,-17.234,16.961492
8/27/12 14:00,10960.3961,212.2,516.2526,308.6518,1.08,1.71,52.9,28.19,-371.314,-26.4488,13.466603
8/27/12 14:30,10962.9461,191.4,516.1455,308.7778,0.31,1.54,41.85,8.27,-418.1887,-25.4764,17.975858
8/27/12 15:00,10965.4711,190.1,505.935,308.9414,0.32,1.78,48.33,8.48,-454.734,-34.1775,19.147745
8/27/12 15:30,10967.9711,148.9,505.9,308.5967,-1.81,2.99,70.32,-36.32,-419.2785,-55.7902,24.416909
8/27/12 16:00,10970.4711,157.1,505.985,308.1464,-1.43,3.39,71.14,-27.68,-385.0384,-61.613,23.609109
8/27/12 16:30,10972.9461,171.6,496.0123,307.7697,-0.47,3.2,58.44,-8.54,-315.7284,-53.9888,15.578423
8/27/12 17:00,10975.3961,180.1,496.0221,307.3645,0.0,2.72,45.66,0.08,-232.0656,-44.1069,12.666304
8/27/12 17:30,10977.7711,159.5,465.6764,306.6357,-0.96,2.58,42.2,-14.78,-131.4378,-41.8342,10.994735
8/27/12 18:00,10979.9711,156.5,425.1996,305.874,-1.01,2.32,31.49,-12.56,-45.395,-31.4911,13.483913
8/27/12 18:30,10981.9961,151.3,394.9764,305.0861,-1.23,2.25,26.7,-12.82,-1.3414,-26.4751,11.100326
8/27/12 19:00,10983.8711,137.7,364.7412,304.224,-1.47,1.62,17.82,-11.99,0.0,-17.2094,7.266738
8/27/12 19:30,10985.6211,143.8,344.624,303.6943,-1.16,1.59,13.94,-8.23,0.0,-12.8765,8.185322
8/27/12 20:00,10987.2711,140.0,324.512,303.2256,-1.33,1.58,13.66,-8.78,0.0,-11.8274,8.685581
8/27/12 20:30,10988.8211,134.6,304.269,302.6375,-1.36,1.34,12.31,-8.76,0.0,-9.7642,11.775993
8/27/12 21:00,10990.2961,135.0,294.1586,302.0593,-1.12,1.12,9.01,-6.37,0.0,-6.3731,7.066519
8/27/12 21:30,10991.6961,134.2,273.8502,301.6672,-0.96,0.93,7.19,-5.15,0.0,-4.3764,10.681424
8/27/12 22:00,10993.0211,131.3,263.7128,301.2618,-0.85,0.75,5.8,-4.36,0.0,-2.9013,9.349131
8/27/12 22:30,10994.2961,116.1,253.61,301.0738,-0.49,0.24,2.74,-2.46,0.0,-1.047,9.365864
8/27/12 23:00,10995.5461,103.9,253.58,300.5846,-0.63,0.16,2.77,-2.69,0.0,-0.7164,8.599031
8/27/12 23:30,10996.7711,115.2,243.4056,300.0738,-0.81,0.38,2.71,-2.45,0.0,-0.3534,6.737052
8/28/12 0:00,10997.9711,100.7,243.4176,300.3311,-0.81,0.15,2.52,-2.48,0.0,0.0,6.82591
8/28/12 0:30,10999.1461,99.5,233.2614,300.296,-0.72,0.12,1.98,-1.96,0.0,0.259,6.795329
8/28/12 1:00,11000.2961,65.8,233.2154,300.201,-0.36,-0.16,1.0,-0.91,0.0,0.2587,6.795329
8/28/12 1:30,11001.4461,63.7,233.1878,299.8766,-0.53,-0.26,1.19,-1.06,0.0,0.4543,6.615882
8/28/12 2:00,11002.5711,92.4,223.025,299.8561,-0.48,0.02,0.92,-0.92,0.0,0.46,6.724935
8/28/12 2:30,11003.6711,31.6,223.0184,299.6867,-0.23,-0.38,0.79,-0.41,0.0,0.48,5.826546
8/28/12 3:00,11004.7711,54.6,223.0074,299.8882,-0.3,-0.21,0.67,-0.54,0.0,0.4727,6.740514
8/28/12 3:30,11005.8461,51.8,212.8854,299.6619,-0.53,-0.42,1.1,-0.86,0.0,0.8727,5.826546
8/28/12 4:00,11006.8961,49.6,212.9106,299.5785,-0.37,-0.32,0.74,-0.56,0.0,0.6383,5.709992
8/28/12 4:30,11007.9461,38.5,212.9421,299.7251,-0.19,-0.24,0.48,-0.3,0.0,0.4416,5.832316
8/28/12 5:00,11008.9961,78.7,212.982,299.9669,-0.62,-0.12,1.19,-1.17,0.0,1.1489,6.779173
8/28/12 5:30,11010.0461,107.0,212.9925,299.776,-0.5,0.15,0.96,-0.92,10.8365,0.9523,0.48584554
8/28/12 6:00,11011.0711,113.2,202.878,299.9691,-0.29,0.12,0.61,-0.56,62.03,0.6065,4.0654843
8/28/12 6:30,11012.0711,57.1,202.894,300.7159,-0.09,-0.06,0.21,-0.18,123.1771,0.2116,5.0753497
8/28/12 7:00,11013.0711,146.5,202.88,301.7183,-0.29,0.44,1.41,-0.78,179.6892,1.3637,6.094274
8/28/12 7:30,11014.0461,149.8,192.7246,302.9709,-0.53,0.91,4.78,-2.41,335.1077,4.4188,7.259237
8/28/12 8:00,11014.9711,187.6,182.5794,303.7701,0.17,1.27,8.05,1.06,284.8782,6.9721,4.2167737
8/28/12 8:30,11015.8711,171.3,182.5866,304.4334,-0.17,1.08,8.62,-1.3,401.931,6.8413,6.134664
8/28/12 9:00,11016.7461,165.8,172.4242,304.966,-0.25,0.99,9.66,-2.37,413.6398,6.8306,7.295011
8/28/12 9:30,11017.5711,206.6,162.2528,305.266,0.21,0.42,5.16,2.31,275.0238,3.1386,6.479133
8/28/12 10:00,11018.3711,209.1,162.2256,305.8575,0.14,0.26,3.64,1.77,344.096,1.8194,10.647958
8/28/12 10:30,11019.1461,208.9,152.073,306.0782,0.39,0.71,10.9,5.27,210.7292,4.1706,7.54716
8/28/12 11:00,11019.8711,183.7,141.8942,306.7482,0.08,1.2,20.42,1.32,196.7944,5.2853,8.484208
8/28/12 11:30,11020.5461,185.9,131.7199,307.4182,0.19,1.81,35.58,3.66,109.6438,4.6438,13.701442
8/28/12 12:00,11021.1961,170.3,131.6744,307.5811,-0.41,2.4,51.44,-8.67,0.0,0.0,14.296329
8/28/12 12:30,11021.8211,194.7,121.5228,307.8395,0.57,2.19,52.68,13.37,-111.7543,-6.8768,15.120862
8/28/12 13:00,11022.3961,193.5,111.3651,307.7816,0.54,2.24,55.56,12.97,-201.0191,-14.3787,14.744658
8/28/12 13:30,11022.9461,186.6,111.3354,308.2556,0.27,2.34,58.52,6.73,-313.8031,-22.3935,22.248543
8/28/12 14:00,11023.4961,195.3,111.2947,308.4254,0.71,2.59,66.3,17.5,-411.47,-33.1524,20.027093
8/28/12 14:30,11024.0461,171.8,111.2903,308.5589,-0.38,2.64,58.38,-8.33,-503.8645,-35.5408,19.874765
8/28/12 15:00,11024.5711,196.9,101.165,308.2663,0.79,2.59,60.72,17.65,-424.5328,-42.9352,18.301863
8/28/12 15:30,11025.0711,163.1,101.158,307.2674,-0.95,3.13,62.75,-18.24,-286.2276,-49.7855,17.217103
8/28/12 16:00,11025.5711,156.3,101.163,306.6117,-1.28,2.91,50.15,-20.16,-245.2567,-43.4298,16.632025
8/28/12 16:30,11026.0711,150.5,101.173,306.4298,-1.43,2.53,44.27,-21.8,-234.9915,-40.9006,24.352862
8/28/12 17:00,11026.5711,169.8,101.174,306.3323,-0.49,2.72,45.81,-8.11,-206.7139,-44.2442,17.277688
8/28/12 17:30,11027.0711,178.3,101.179,305.7221,-0.08,2.75,44.27,-1.31,-101.5686,-43.8876,11.089363
8/28/12 18:00,11027.5711,183.2,101.188,304.9684,0.14,2.52,34.44,1.92,-42.898,-34.4404,10.411965
8/28/12 18:30,11028.0711,182.7,101.227,304.1505,0.11,2.37,26.95,1.27,-2.6432,-26.7177,9.397022
8/28/12 19:00,11028.5711,181.0,101.268,303.5153,0.04,2.33,22.74,0.4,0.0,-21.9614,9.514153
8/28/12 19:30,11029.0711,179.5,101.318,303.1738,-0.02,2.29,20.42,-0.18,0.0,-18.8618,8.079731
8/28/12 20:00,11029.5711,156.0,101.346,302.4171,-0.69,1.54,11.87,-4.83,0.0,-10.279,11.614433
8/28/12 20:30,11030.0711,134.7,101.368,301.3617,-1.16,1.15,9.38,-6.67,0.0,-7.4442,10.089999
8/28/12 21:00,11030.5711,135.8,101.382,301.0187,-1.07,1.1,7.79,-5.43,0.0,-5.5049,9.200842
8/28/12 21:30,11031.0711,129.5,101.375,300.6934,-1.25,1.03,7.53,-5.81,0.0,-4.5843,8.526906
8/28/12 22:00,11031.5711,131.6,101.364,300.4951,-1.05,0.93,5.85,-4.37,0.0,-2.9239,7.330785
8/28/12 22:30,11032.0711,118.5,101.349,300.1131,-1.07,0.58,4.26,-3.75,0.0,-1.6315,6.633192
8/28/12 23:00,11032.5961,116.7,111.4586,300.0101,-1.12,0.56,3.96,-3.54,0.0,-1.0257,6.512022
8/28/12 23:30,11033.1461,123.9,111.4564,300.0154,-1.21,0.81,4.35,-3.61,0.0,-0.5675,6.460092
8/29/12 0:00,11033.6961,122.1,111.4289,300.1402,-1.28,0.8,4.53,-3.84,0.0,0.0,10.147699
8/29/12 0:30,11034.2461,123.5,111.3981,300.2087,-1.42,0.94,4.97,-4.14,0.0,0.6484,10.798555
8/29/12 1:00,11034.7961,118.5,111.3783,300.1076,-1.17,0.64,3.56,-3.13,0.0,0.9205,6.546642
8/29/12 1:30,11035.3461,117.6,111.364,299.9348,-0.95,0.5,2.48,-2.2,0.0,0.9498,6.527024
8/29/12 2:00,11035.8961,122.8,111.3376,299.7848,-0.73,0.47,1.8,-1.51,0.0,0.8978,5.5779744
8/29/12 2:30,11036.4461,102.3,111.3343,299.8437,-0.49,0.11,1.07,-1.04,0.0,0.6498,6.449706
8/29/12 3:00,11036.9961,78.2,111.3266,299.6329,-0.45,-0.09,0.9,-0.88,0.0,0.637,5.6520035
8/29/12 3:30,11037.5461,105.3,111.309,299.5437,-0.36,0.1,0.68,-0.65,0.0,0.5372,5.516697
8/29/12 4:00,11038.0961,94.9,111.2914,299.566,-0.46,0.04,0.86,-0.86,0.0,0.7474,5.6520035
8/29/12 4:30,11038.6461,94.6,111.2848,299.1749,-0.19,0.02,0.31,-0.31,0.0,0.2862,3.8874798
8/29/12 5:00,11039.1961,109.4,111.2892,298.9896,-0.76,0.27,1.16,-1.1,0.0,1.1248,3.4209176
8/29/12 5:30,11039.7711,122.9,121.4112,299.0028,-0.51,0.33,0.77,-0.64,7.0046,0.7592,3.6401199
8/29/12 6:00,11040.3711,25.9,121.4244,299.1911,-0.03,-0.07,0.11,-0.05,51.469,0.1061,2.9337565
8/29/12 6:30,11040.9711,99.8,121.4412,299.8802,-0.44,0.08,0.62,-0.61,115.7571,0.6112,7.075751
8/29/12 7:00,11041.5961,136.0,131.5808,300.8151,-0.44,0.45,1.28,-0.89,150.1744,1.2391,4.9060579
8/29/12 7:30,11042.2211,196.8,121.4484,301.6312,0.11,0.36,1.58,0.46,194.6605,1.4588,9.056592
8/29/12 8:00,11042.8211,199.8,121.4604,302.3624,0.21,0.6,3.69,1.25,299.6353,3.1927,10.507747
8/29/12 8:30,11043.3961,201.2,111.342,303.2021,0.3,0.79,6.83,2.47,369.5408,5.4208,10.477743
8/29/12 9:00,11043.9461,225.4,111.3508,303.9455,0.88,0.86,12.9,9.19,433.7421,9.124,8.760591
8/29/12 9:30,11044.4961,194.2,111.3244,304.7137,0.3,1.19,15.86,3.89,407.9408,9.6532,14.505203
8/29/12 10:00,11045.0461,181.0,111.2914,305.2417,0.02,0.88,13.21,0.23,368.598,6.6044,13.123865
8/29/12 10:30,11045.5711,221.2,101.165,305.6616,0.37,0.42,8.93,5.88,294.5775,3.4159,16.249474
8/29/12 11:00,11046.0711,292.0,101.123,305.7733,0.74,-0.3,12.39,11.49,175.3647,3.2066,9.680906
8/29/12 11:30,11046.5711,202.1,101.09,307.028,0.47,1.16,22.04,8.29,105.5843,2.8762,28.713251
8/29/12 12:00,11047.0711,210.1,101.068,306.5758,0.49,0.85,16.34,8.19,0.0,0.0,26.43237
8/29/12 12:30,11047.5711,198.6,101.047,307.1972,0.45,1.32,23.54,7.51,-83.0636,-3.0725,32.602808
8/29/12 13:00,11048.0711,193.4,101.028,307.6286,0.34,1.41,25.7,5.96,-168.5264,-6.6521,47.236682
8/29/12 13:30,11048.5461,193.5,90.9063,307.9259,0.37,1.55,28.79,6.72,-251.8903,-11.0167,41.917896
8/29/12 14:00,11049.0211,187.6,100.981,308.2149,0.26,1.98,38.82,5.13,-379.231,-19.412,45.979976
8/29/12 14:30,11049.4961,185.7,90.8568,307.5462,0.22,2.23,40.9,4.06,-212.9776,-24.898,20.977989
8/29/12 15:00,11049.9461,178.5,90.8433,307.8679,-0.07,2.53,47.3,-1.24,-402.2052,-33.4475,51.659964
8/29/12 15:30,11050.3961,189.0,90.8424,307.8051,0.41,2.61,49.1,7.68,-401.3352,-38.9509,49.536604
8/29/12 16:00,11050.8461,175.8,90.8379,307.391,-0.23,3.13,54.84,-4.02,-355.1969,-47.4929,59.2002
8/29/12 16:30,11051.2961,176.7,90.8334,307.0598,-0.18,3.17,53.2,-3.06,-312.5106,-49.1517,60.67155
8/29/12 17:00,11051.7461,170.8,90.8397,306.3431,-0.38,2.36,36.67,-5.86,-186.0586,-35.4196,56.418483
8/29/12 17:30,11052.1961,175.7,90.8586,305.7738,-0.18,2.4,33.96,-2.55,-117.516,-33.6719,10.265407
8/29/12 18:00,11052.6461,174.7,90.8622,304.993,-0.22,2.42,28.64,-2.65,-47.22,-28.6405,47.11205
8/29/12 18:30,11053.0961,172.1,90.8604,304.2669,-0.33,2.41,24.02,-3.3,-3.1548,-23.8112,49.720667
8/29/12 19:00,11053.5461,174.0,90.8838,303.7028,-0.24,2.27,18.92,-1.98,0.0,-18.2719,41.493801
8/29/12 19:30,11054.0211,175.0,101.012,303.3065,-0.19,2.2,15.7,-1.37,0.0,-14.5086,50.633481
8/29/12 20:00,11054.5211,168.6,101.022,303.0483,-0.42,2.08,13.71,-2.71,0.0,-11.8717,39.752992
8/29/12 20:30,11055.0211,171.9,101.042,302.8965,-0.26,1.84,10.51,-1.48,0.0,-8.3345,12.550327
8/29/12 21:00,11055.5211,165.3,101.049,302.5455,-0.39,1.49,7.79,-1.98,0.0,-5.511,33.481579
8/29/12 21:30,11056.0211,149.1,101.049,302.2244,-0.77,1.29,6.74,-3.46,0.0,-4.1045,25.268561
8/29/12 22:00,11056.5211,137.7,101.027,301.9519,-0.9,0.99,5.47,-3.68,0.0,-2.7359,11.564234
8/29/12 22:30,11057.0211,106.6,101.033,301.5285,-0.94,0.28,3.8,-3.64,0.0,-1.4525,10.77836
8/29/12 23:00,11057.5461,100.1,111.1561,301.2754,-1.04,0.19,3.9,-3.84,0.0,-1.0097,10.438507
8/29/12 23:30,11058.0961,104.0,111.1462,301.1078,-0.61,0.15,2.32,-2.25,0.0,-0.3024,9.158144
8/30/12 0:00,11058.6461,95.8,111.1198,300.4932,-0.9,0.09,2.9,-2.88,0.0,0.0,7.634864
8/30/12 0:30,11059.1961,86.2,111.1033,300.2422,-0.83,-0.06,2.48,-2.47,0.0,0.3233,6.772249
8/30/12 1:00,11059.7461,54.0,111.0967,299.952,-0.6,-0.43,1.89,-1.53,0.0,0.4892,6.693777
8/30/12 1:30,11060.2961,53.1,111.0967,299.8908,-0.31,-0.23,0.9,-0.72,0.0,0.3431,6.482018
8/30/12 2:00,11060.8461,59.7,111.0989,299.8128,-0.35,-0.2,0.92,-0.8,0.0,0.4608,6.527601
8/30/12 2:30,11061.3961,93.4,111.0747,299.7049,-0.67,0.04,1.37,-1.37,0.0,0.8345,5.6932013
8/30/12 3:00,11061.9461,82.3,111.0483,299.618,-0.45,-0.06,0.82,-0.82,0.0,0.5833,5.6804496
8/30/12 3:30,11062.4961,81.2,111.034,299.5956,-0.52,-0.08,0.88,-0.87,0.0,0.6962,5.6804496
8/30/12 4:00,11063.0711,89.4,121.1268,299.5904,-0.34,0.0,0.58,-0.58,0.0,0.4982,5.6804496
8/30/12 4:30,11063.6711,70.1,121.128,299.4488,-0.57,-0.21,0.9,-0.85,0.0,0.8345,4.4213779
8/30/12 5:00,11064.2711,50.7,121.1388,299.6352,-0.47,-0.38,0.96,-0.74,0.0,0.9277,5.6804496
8/30/12 5:30,11064.8711,50.7,121.1628,299.6,-0.41,-0.34,0.9,-0.7,3.7298,0.8909,5.6804496
8/30/12 6:00,11065.4711,96.6,121.1724,299.6482,-0.07,0.01,0.11,-0.11,49.334,0.1086,2.9337565
8/30/12 6:30,11066.0711,74.9,121.1952,300.6195,-0.2,-0.05,0.38,-0.37,154.2777,0.3795,5.3509826
8/30/12 7:00,11066.6711,61.7,121.2132,301.714,-0.37,-0.2,1.32,-1.16,245.3828,1.2742,13.246766
8/30/12 7:30,11067.2461,314.1,111.1352,302.7897,0.14,-0.14,0.84,0.6,327.4645,0.7735,5.4668442
8/30/12 8:00,11067.7711,17.7,101.037,303.6038,-0.22,-0.7,4.6,-1.4,390.7983,3.9805,5.4510344
8/30/12 8:30,11068.2711,29.8,101.016,304.4331,-0.38,-0.66,6.27,-3.11,435.3709,4.9712,22.436645
8/30/12 9:00,11068.7711,6.5,101.023,305.016,-0.07,-0.58,5.53,-0.63,387.9513,3.907,16.287556
8/30/12 9:30,11069.2711,340.3,101.003,305.7794,0.11,-0.31,3.98,1.34,415.4218,2.4259,27.152466
8/30/12 10:00,11069.7711,30.2,100.973,306.6484,-0.11,-0.18,3.04,-1.53,364.2735,1.519,26.044626
8/30/12 10:30,11070.2461,54.1,90.8532,307.1677,-0.43,-0.31,8.57,-6.94,291.5757,3.2805,54.092019
8/30/12 11:00,11070.6961,103.9,90.8262,307.8502,-0.82,0.2,15.63,-15.17,212.1522,4.0448,55.145044
8/30/12 11:30,11071.1461,93.0,90.7983,308.3889,-1.19,0.06,23.9,-23.87,116.4057,3.1193,67.53785
8/30/12 12:00,11071.5961,62.7,90.7704,308.4548,-1.06,-0.55,26.27,-23.34,0.0,0.0,77.31223
8/30/12 12:30,11072.0461,78.4,90.7443,308.5561,-1.2,-0.25,28.12,-27.55,-91.7536,-3.6706,29.064067
8/30/12 13:00,11072.4961,67.1,90.7326,308.8225,-1.2,-0.51,32.05,-29.52,-195.7922,-8.2942,89.42346
8/30/12 13:30,11072.9461,101.8,90.7146,309.155,-1.12,0.23,30.09,-29.45,-305.435,-11.5147,115.88468
8/30/12 14:00,11073.3961,79.2,90.6813,309.0922,-0.91,-0.17,25.07,-24.63,-369.212,-12.5364,102.29056
8/30/12 14:30,11073.8461,110.3,90.6498,309.4112,-0.94,0.35,27.21,-25.52,-415.5679,-16.5632,91.27563
8/30/12 15:00,11074.2961,149.8,90.6309,309.7485,-0.91,1.56,44.68,-22.48,-430.1939,-31.5952,16.337755
8/30/12 15:30,11074.7461,142.9,90.6291,309.6724,-1.1,1.45,45.06,-27.18,-436.9433,-35.7521,75.01
8/30/12 16:00,11075.1961,115.3,90.6147,309.3952,-1.57,0.74,41.59,-37.6,-336.321,-36.0156,11.820422
8/30/12 16:30,11075.6461,145.3,90.6138,309.0442,-1.34,1.93,46.33,-26.37,-289.6344,-42.7995,71.65186
8/30/12 17:00,11076.0961,156.3,90.6354,308.5195,-1.22,2.78,53.53,-21.52,-206.6463,-51.7079,13.301581
8/30/12 17:30,11076.5461,183.2,90.6525,306.9184,0.14,2.54,38.74,2.16,-77.4596,-38.4061,13.948398
8/30/12 18:00,11076.9961,170.5,90.657,306.0396,-0.42,2.54,34.33,-5.67,-21.229,-34.3273,45.607811
8/30/12 18:30,11077.4461,171.3,90.6777,305.1206,-0.33,2.14,22.32,-3.38,-0.1061,-22.1313,43.076512
8/30/12 19:00,11077.8961,162.5,90.6975,304.5436,-0.7,2.22,20.43,-6.14,0.0,-19.7339,47.922735
8/30/12 19:30,11078.3711,165.7,100.829,304.1785,-0.54,2.12,16.83,-4.16,0.0,-15.5488,41.666324
8/30/12 20:00,11078.8711,165.4,100.861,303.87,-0.55,2.09,14.58,-3.67,0.0,-12.6257,26.356783
8/30/12 20:30,11079.3711,157.0,100.888,303.4543,-0.66,1.55,9.58,-3.74,0.0,-7.602,32.881499
8/30/12 21:00,11079.8711,155.5,100.89,303.0871,-0.64,1.39,6.94,-2.88,0.0,-4.9084,12.357609
8/30/12 21:30,11080.3711,158.9,100.895,302.9975,-0.47,1.22,5.91,-2.13,0.0,-3.5997,12.311449
8/30/12 22:00,11080.8711,122.4,100.904,302.6516,-0.98,0.62,4.86,-4.11,0.0,-2.4319,12.394537
8/30/12 22:30,11081.3711,125.3,100.903,302.3058,-0.91,0.64,4.26,-3.48,0.0,-1.6313,12.005639
8/30/12 23:00,11081.8961,117.6,110.979,301.9736,-1.06,0.55,4.06,-3.6,0.0,-1.0504,11.668094
8/30/12 23:30,11082.4461,107.8,110.979,301.8167,-1.05,0.34,3.52,-3.35,0.0,-0.4598,11.093979
8/31/12 0:00,11082.9961,81.4,110.9867,301.6342,-0.83,-0.13,2.54,-2.51,0.0,0.0,10.714313
8/31/12 0:30,11083.5461,85.5,110.9856,301.2112,-1.03,-0.08,2.58,-2.57,0.0,0.3364,9.483572
8/31/12 1:00,11084.0961,109.0,110.9691,301.0629,-0.87,0.3,2.09,-1.97,0.0,0.5404,9.515884
8/31/12 1:30,11084.6461,108.9,110.968,300.8612,-0.96,0.33,2.06,-1.95,0.0,0.79,8.646922
8/31/12 2:00,11085.1961,92.2,110.9614,300.8778,-0.87,0.03,1.73,-1.73,0.0,0.8632,8.646922
8/31/12 2:30,11085.7461,96.4,110.9482,300.6329,-0.98,0.11,1.71,-1.7,0.0,1.0401,8.058382
8/31/12 3:00,11086.2961,78.9,110.9306,300.5237,-0.73,-0.14,1.23,-1.21,0.0,0.8715,7.130566
8/31/12 3:30,11086.8461,63.7,110.9152,300.1679,-0.5,-0.25,0.78,-0.7,0.0,0.6224,6.955158
8/31/12 4:00,11087.3961,51.8,110.9174,300.2015,-0.38,-0.3,0.67,-0.52,0.0,0.5774,7.191728
8/31/12 4:30,11087.9461,65.3,110.9328,300.1913,-0.58,-0.27,0.89,-0.8,0.0,0.8186,7.191728
8/31/12 5:00,11088.4961,65.9,110.9493,300.1887,-0.3,-0.13,0.42,-0.38,0.0,0.4055,7.191728
8/31/12 5:30,11089.0461,74.5,110.9735,300.3536,-0.53,-0.15,0.74,-0.71,4.3415,0.7308,7.198652
8/31/12 6:00,11089.5961,73.8,110.9933,300.7289,-0.77,-0.22,1.08,-1.04,39.211,1.0843,2.4044744
8/31/12 6:30,11090.1711,93.2,121.1172,301.2652,-1.05,0.06,1.7,-1.7,71.041,1.6869,14.634451
8/31/12 7:00,11090.7461,112.8,111.0384,301.9719,-1.19,0.5,2.83,-2.61,133.8223,2.7329,15.841535
8/31/12 7:30,11091.2961,105.5,111.0362,302.8764,-1.24,0.34,4.15,-3.99,255.3233,3.8299,12.0593
8/31/12 8:00,11091.8211,135.3,100.959,304.023,-0.8,0.81,5.71,-4.01,326.5721,4.9414,15.985785
8/31/12 8:30,11092.2961,145.1,90.8712,305.0029,-1.04,1.49,13.22,-7.56,401.9199,10.4856,12.252595
8/31/12 9:00,11092.7461,148.4,90.8802,305.4332,-0.91,1.48,14.63,-7.67,350.877,10.3474,9.759955
8/31/12 9:30,11093.1961,131.8,90.8802,305.772,-1.14,1.02,14.93,-11.13,325.7513,9.0893,15.343007
8/31/12 10:00,11093.6461,147.1,90.8766,306.6925,-0.82,1.26,20.03,-10.88,400.703,10.016,13.839922
8/31/12 10:30,11094.0961,196.8,90.8649,306.4946,0.15,0.5,6.73,1.94,179.5681,2.575,7.630825
8/31/12 11:00,11094.5461,321.2,90.8424,306.9955,0.39,-0.49,8.67,5.43,174.5338,2.2437,15.366664
8/31/12 11:30,11094.9961,347.2,90.8172,307.1702,0.17,-0.76,11.17,2.47,100.2495,1.4577,15.621698
8/31/12 12:00,11095.4461,184.7,90.792,308.2312,0.06,0.71,13.68,1.12,0.0,0.0,19.100431
8/31/12 12:30,11095.8961,206.5,90.7749,308.7377,0.49,0.99,25.04,11.17,-104.6923,-3.2682,29.143693
8/31/12 13:00,11096.3211,146.5,80.6664,308.6471,-0.7,1.06,27.89,-15.39,-162.4307,-7.2178,22.68764
8/31/12 13:30,11096.7211,149.1,80.6488,308.7195,-1.82,3.03,68.41,-35.13,-259.966,-26.1791,21.062808
8/31/12 14:00,11097.1461,147.6,90.7119,308.4863,-2.31,3.65,78.73,-42.19,-370.635,-39.3672,19.113702
8/31/12 14:30,11097.5961,140.2,90.7029,308.2231,-2.62,3.15,74.95,-47.97,-403.5157,-45.6247,22.633979
8/31/12 15:00,11098.0461,151.7,90.7164,308.1456,-1.8,3.34,66.78,-31.66,-404.248,-47.2196,18.848282
8/31/12 15:30,11098.4961,148.1,90.7434,307.7698,-1.98,3.18,66.16,-34.96,-409.3965,-52.4859,19.841876
8/31/12 16:00,11098.9461,144.6,90.7668,307.3209,-2.07,2.91,58.06,-33.63,-323.5358,-50.2828,18.911752
8/31/12 16:30,11099.4211,142.9,100.864,306.9116,-2.23,2.95,56.64,-34.16,-286.3029,-52.3266,22.342017
8/31/12 17:00,11099.9211,144.6,100.886,306.4749,-1.82,2.56,41.84,-24.24,-198.9382,-40.4148,21.947349
8/31/12 17:30,11100.4211,153.5,100.905,306.0484,-1.16,2.33,32.45,-14.48,-114.147,-32.1685,14.562326
8/31/12 18:00,11100.9211,151.5,100.918,305.1695,-0.97,1.78,22.11,-10.55,-31.097,-22.1052,17.61581
8/31/12 18:30,11101.4211,166.5,100.928,304.1182,-0.47,1.94,19.59,-4.57,-0.6216,-19.4254,10.107886
8/31/12 19:00,11101.9211,150.9,100.968,303.4523,-0.75,1.36,12.85,-6.25,0.0,-12.4077,13.234072
8/31/12 19:30,11102.4211,132.2,101.023,303.2017,-1.37,1.24,12.52,-9.27,0.0,-11.5649,11.466144
8/31/12 20:00,11102.9211,131.3,101.073,303.0296,-1.72,1.51,13.31,-10.0,0.0,-11.526,10.244058
8/31/12 20:30,11103.4211,134.5,101.116,302.6907,-1.49,1.46,10.41,-7.43,0.0,-8.2621,11.966403
8/31/12 21:00,11103.9211,130.3,101.142,302.3199,-1.36,1.16,7.86,-5.99,0.0,-5.558,8.629035
8/31/12 21:30,11104.4211,128.5,101.159,302.0756,-1.49,1.18,7.77,-6.08,0.0,-4.727,9.627822
8/31/12 22:00,11104.9211,129.9,101.17,301.8164,-1.44,1.21,7.01,-5.38,0.0,-3.5033,9.159875
8/31/12 22:30,11105.4211,127.0,101.178,301.5787,-1.28,0.97,5.52,-4.41,0.0,-2.1112,7.854124
8/31/12 23:00,11105.9461,127.6,111.3134,301.3757,-1.24,0.96,4.97,-3.94,0.0,-1.2869,9.292008
8/31/12 23:30,11106.4961,128.7,111.3211,301.122,-1.11,0.89,4.12,-3.21,0.0,-0.5374,8.73001
9/1/12 0:00,11107.0461,92.5,111.3222,300.9529,-0.92,0.04,2.6,-2.6,0.0,0.0,8.742704
9/1/12 0:30,11107.5961,82.8,111.3167,300.6016,-0.87,-0.11,2.01,-2.0,0.0,0.2629,7.244812
9/1/12 1:00,11108.1461,99.3,111.3046,300.9642,-0.88,0.14,2.03,-2.01,0.0,0.5259,8.835601
9/1/12 1:30,11108.6961,76.3,111.3057,301.0802,-0.62,-0.15,1.5,-1.46,0.0,0.5736,8.835601
9/1/12 2:00,11109.2461,72.2,111.2925,300.7406,-0.66,-0.21,1.44,-1.37,0.0,0.7176,7.432337
9/1/12 2:30,11109.7961,47.7,111.2815,300.3339,-0.33,-0.3,0.81,-0.6,0.0,0.4961,6.472786
9/1/12 3:00,11110.3461,64.7,111.2694,300.0769,-0.69,-0.33,1.27,-1.15,0.0,0.8962,6.372388
9/1/12 3:30,11110.8961,24.7,111.2496,299.8882,-0.16,-0.34,0.6,-0.25,0.0,0.4789,6.165822
9/1/12 4:00,11111.4461,69.1,111.2529,299.6772,-0.46,-0.18,0.73,-0.68,0.0,0.6327,5.1106044
9/1/12 4:30,11111.9961,86.2,111.2804,299.5048,-0.47,-0.03,0.62,-0.62,0.0,0.5742,4.1062205
9/1/12 5:00,11112.5461,71.9,111.2881,299.4953,-0.88,-0.29,1.13,-1.08,0.0,1.0945,4.1062205
9/1/12 5:30,11113.0961,77.8,111.3046,299.5668,-1.02,-0.22,1.3,-1.27,4.8779,1.2918,5.1549757
9/1/12 6:00,11113.6461,76.5,111.3376,299.9418,-0.66,-0.16,1.04,-1.01,60.018,1.0417,2.3438317
9/1/12 6:30,11114.1961,67.3,111.3706,300.8726,-1.13,-0.47,2.91,-2.69,147.4477,2.8896,11.455758
9/1/12 7:00,11114.7461,68.5,111.3728,301.7125,-1.76,-0.69,6.37,-5.92,246.9167,6.1502,6.713395
9/1/12 7:30,11115.2711,70.2,101.253,302.4727,-2.24,-0.81,11.95,-11.24,321.0869,11.0377,4.8738613
9/1/12 8:00,11115.7711,64.3,101.279,303.3863,-1.94,-0.93,13.49,-12.16,410.6251,11.6833,6.95285
9/1/12 8:30,11116.2711,67.9,101.267,303.4664,-1.98,-0.8,15.88,-14.71,282.748,12.5977,6.247179
9/1/12 9:00,11116.7711,67.2,101.269,304.0356,-1.76,-0.74,17.7,-16.31,368.7816,12.5126,8.186476
9/1/12 9:30,11117.2461,52.2,91.1421,304.2017,-1.49,-1.16,19.18,-15.16,284.8419,11.6764,6.795906
9/1/12 10:00,11117.6961,72.8,91.1421,304.1685,-2.27,-0.7,25.93,-24.77,170.815,12.9663,5.6011121
9/1/12 10:30,11118.1461,59.0,91.134,303.6598,-1.87,-1.12,18.83,-16.14,195.5688,7.2046,8.040495
9/1/12 11:00,11118.6211,69.9,101.229,305.207,-2.65,-0.97,38.8,-36.44,178.3333,10.0417,8.733472
9/1/12 11:30,11119.0961,86.7,91.1043,305.261,-2.98,-0.17,45.98,-45.9,69.0114,6.0012,5.5708196
9/1/12 12:00,11119.5461,75.3,91.0836,305.2113,-2.76,-0.72,43.33,-41.91,0.0,0.0,7.242504
9/1/12 12:30,11119.9961,82.6,91.0629,305.0289,-3.21,-0.42,47.54,-47.15,-64.1053,-6.2056,6.50279
9/1/12 13:00,11120.4461,91.1,91.0539,305.3078,-3.54,0.07,56.8,-56.79,-206.3512,-14.7013,5.800004
9/1/12 13:30,11120.8961,84.3,91.0287,305.9703,-3.24,-0.32,55.14,-54.87,-301.3666,-21.1023,6.45086
9/1/12 14:00,11121.3461,81.5,91.0089,305.946,-2.88,-0.43,49.67,-49.13,-348.054,-24.8367,8.526906
9/1/12 14:30,11121.7961,78.2,90.9972,305.1532,-2.92,-0.61,47.45,-46.45,-229.0447,-28.8879,7.251159
9/1/12 15:00,11122.2461,73.1,91.017,305.0348,-2.63,-0.8,39.37,-37.67,-211.9447,-27.8418,8.695967
9/1/12 15:30,11122.6961,85.4,91.0116,304.6461,-2.95,-0.24,40.88,-40.75,-284.3704,-32.4319,4.6914716
9/1/12 16:00,11123.1461,68.5,91.0107,304.8537,-3.27,-1.29,56.56,-52.62,-400.7966,-48.9795,8.145509
9/1/12 16:30,11123.5961,72.1,91.008,304.5486,-2.95,-0.95,46.28,-44.04,-329.1672,-42.7542,7.78373
9/1/12 17:00,11124.0461,65.4,91.0179,304.026,-2.61,-1.19,39.88,-36.26,-243.4587,-38.5179,8.253408
9/1/12 17:30,11124.4961,62.9,91.026,303.9621,-2.72,-1.39,39.36,-35.04,-181.5078,-39.0212,8.425354
9/1/12 18:00,11124.9461,57.0,91.0323,303.2082,-2.52,-1.64,33.82,-28.37,-56.877,-33.8242,8.746743
9/1/12 18:30,11125.3961,57.6,91.0413,302.6121,-2.2,-1.4,22.93,-19.36,-1.164,-22.735,6.206789
9/1/12 19:00,11125.8711,50.9,101.189,302.1324,-1.64,-1.34,16.74,-12.99,0.0,-16.1687,12.114692
9/1/12 19:30,11126.3711,50.4,101.211,302.0185,-1.97,-1.63,18.37,-14.15,0.0,-16.9684,5.4263388
9/1/12 20:00,11126.8711,42.8,101.249,301.6742,-1.14,-1.23,10.23,-6.95,0.0,-8.8631,5.14684
9/1/12 20:30,11127.3711,40.9,101.257,301.4002,-1.02,-1.18,8.7,-5.7,0.0,-6.9019,3.4940812
9/1/12 21:00,11127.8711,33.3,101.262,301.4882,-0.95,-1.45,9.69,-5.32,0.0,-6.8517,4.0766204
9/1/12 21:30,11128.3711,26.2,101.249,301.5715,-0.51,-1.03,6.1,-2.69,0.0,-3.7131,10.088845
9/1/12 22:00,11128.8711,6.9,101.223,301.5677,-0.2,-1.68,9.14,-1.1,0.0,-4.5711,10.047878
9/1/12 22:30,11129.3711,,101.225,300.2839,,,4.83,,0.0,-1.8467,5.828277
9/1/12 23:00,11129.9211,,121.4484,299.9534,,,3.8,,0.0,-0.983,5.6425984
9/1/12 23:30,11130.5211,347.2,121.4184,299.5294,0.52,-2.29,4.7,1.04,0.0,-0.6132,1.3273308
9/2/12 0:00,11131.1211,340.2,121.3848,298.9509,0.72,-1.99,3.59,1.22,0.0,0.0,3.040213
9/2/12 0:30,11131.7211,344.8,121.3644,298.7807,0.54,-1.97,3.12,0.82,0.0,0.4069,3.1373221
9/2/12 1:00,11132.3211,339.6,121.3356,298.8441,0.49,-1.32,2.21,0.77,0.0,0.5711,2.9238321
9/2/12 1:30,11132.9211,333.4,121.332,298.7044,0.56,-1.13,1.94,0.87,0.0,0.7426,2.8425328
9/2/12 2:00,11133.5211,343.9,121.314,298.6862,0.47,-1.64,2.8,0.78,0.0,1.4014,2.8425328
9/2/12 2:30,11134.1211,346.6,121.2948,298.7646,0.57,-2.38,4.36,1.01,0.0,2.6526,0.8622111
9/2/12 3:00,11134.7211,350.5,121.2852,298.7594,0.45,-2.69,4.94,0.82,0.0,3.4966,1.1640975
9/2/12 3:30,11135.3211,347.9,121.284,298.691,0.46,-2.15,3.69,0.77,0.0,2.9282,1.1367477
9/2/12 4:00,11135.9211,,121.3164,297.9623,,,3.57,,0.0,3.0895,2.8166832
9/2/12 4:30,11136.5211,,121.3284,297.5364,,,3.38,,0.0,3.1258,3.1016058
9/2/12 5:00,11137.1211,51.4,121.3344,298.3321,-1.67,-1.34,3.57,-2.79,0.0,3.4479,2.9631258
9/2/12 5:30,11137.7211,39.9,121.3644,298.4481,-1.13,-1.35,2.48,-1.59,2.0295,2.4555,1.0736239
9/2/12 6:00,11138.3211,15.9,121.3788,298.3541,-0.33,-1.17,1.63,-0.45,33.17,1.6326,0.56627357
9/2/12 6:30,11138.9211,13.3,121.3764,298.7655,-0.3,-1.27,1.72,-0.4,73.9776,1.7079,0.4926426
9/2/12 7:00,11139.5211,25.1,121.374,299.4546,-0.58,-1.23,2.11,-0.89,156.2694,2.0358,0.39481802
9/2/12 7:30,11140.1211,355.0,121.4064,299.9448,0.14,-1.63,2.85,0.25,239.2839,2.6349,0.38998853
9/2/12 8:00,11140.6961,31.4,111.2936,300.5843,-0.72,-1.18,3.61,-1.88,387.4251,3.127,0.5984644
9/2/12 8:30,11141.2461,44.6,111.3068,301.8078,-1.3,-1.31,7.52,-5.28,388.9375,5.965,0.8622688
9/2/12 9:00,11141.7711,30.2,101.18,302.308,-0.79,-1.36,8.25,-4.15,342.8542,5.832,0.6282376
9/2/12 9:30,11142.2711,50.0,101.183,302.5141,-1.59,-1.33,11.8,-9.04,183.7248,7.1862,0.7005357
9/2/12 10:00,11142.7711,44.0,101.18,302.9243,-1.43,-1.48,12.74,-8.85,318.467,6.3695,0.53532329
9/2/12 10:30,11143.2461,48.6,91.0278,303.3633,-1.73,-1.52,18.26,-13.7,163.614,6.9894,0.6186594
9/2/12 11:00,11143.7211,,101.119,301.7208,,,14.99,,20.9227,3.8786,3.5653407
9/2/12 11:30,11144.2461,,111.1946,301.0501,,,8.25,,85.9271,1.0772,0.8304184
9/2/12 12:00,11144.8461,,131.4144,299.9267,,,4.86,,0.0,0.0,2.1336306
9/2/12 12:30,11145.9461,,313.4348,298.0614,,,3.65,,-9.6134,-0.4771,0.6050422
9/2/12 13:00,11147.5711,,343.7536,297.8732,,,3.5,,-35.5871,-0.9071,1.3134828
9/2/12 13:30,11149.2711,,343.57,298.0716,,,3.77,,-116.0319,-1.4432,0.15588809
9/2/12 14:00,11150.9211,,323.264,298.9316,,,5.79,,-255.745,-2.8956,12.04199
9/2/12 14:30,11152.4461,79.5,292.9493,299.7224,-1.49,-0.28,5.56,-5.46,-262.3835,-3.3817,0.30486949
9/2/12 15:00,11153.7961,79.5,252.5475,301.1145,-0.48,-0.09,2.94,-2.89,-472.2957,-2.0761,0.34325153
9/2/12 15:30,11154.9961,64.2,232.2379,301.8665,-0.2,-0.09,1.67,-1.5,-251.2796,-1.3242,0.20704491
9/2/12 16:00,11156.1211,349.2,222.167,301.7231,0.06,-0.33,2.57,0.48,-116.7498,-2.223,3.1203583
9/2/12 16:30,11157.1711,92.4,202.052,301.9539,-0.46,0.02,3.15,-3.15,-150.4298,-2.909,0.25626301
9/2/12 17:00,11158.1211,79.9,181.863,301.6853,-1.17,-0.21,6.52,-6.42,-63.6159,-6.2976,3.0087088
9/2/12 17:30,11158.9961,58.0,171.7561,299.5159,-1.11,-0.7,3.13,-2.65,-27.0674,-3.0995,0.6037728
9/2/12 18:00,11159.7961,45.6,151.5375,299.6496,-0.68,-0.67,2.11,-1.51,-12.543,-2.1118,4.5899773
9/2/12 18:30,11160.5211,28.8,141.4686,299.7365,-0.13,-0.23,0.48,-0.23,-0.6345,-0.4777,4.6796431
9/2/12 19:00,11161.1961,346.4,131.4053,299.7335,0.05,-0.21,0.3,0.07,0.0,-0.2855,4.81218
9/2/12 19:30,11161.8211,316.3,121.3224,299.7721,0.22,-0.23,0.37,0.26,0.0,-0.345,4.81218
9/2/12 20:00,11162.4211,329.8,121.3512,299.6998,0.19,-0.32,0.4,0.2,0.0,-0.3505,4.8009862
9/2/12 20:30,11163.0211,279.9,121.386,299.7277,0.37,-0.07,0.39,0.39,0.0,-0.3126,4.8147188
9/2/12 21:00,11163.6211,8.1,121.3896,299.7738,-0.03,-0.18,0.18,-0.03,0.0,-0.1282,4.7870805
9/2/12 21:30,11164.2211,265.0,121.3788,299.657,0.37,0.03,0.35,0.35,0.0,-0.2158,4.6443884
9/2/12 22:00,11164.7961,6.7,111.2628,299.5603,-0.1,-0.82,0.85,-0.1,0.0,-0.426,3.8822868
9/2/12 22:30,11165.3461,298.3,111.2606,299.1517,0.33,-0.18,0.37,0.33,0.0,-0.1424,3.4438245
9/2/12 23:00,11165.8961,335.1,111.2661,298.7498,0.16,-0.34,0.35,0.15,0.0,-0.0915,2.9064644
9/2/12 23:30,11166.4461,112.0,111.2507,298.5592,-0.13,0.05,0.12,-0.11,0.0,-0.0157,3.0275767
9/3/12 0:00,11166.9961,113.1,111.2353,298.1794,-0.16,0.07,0.14,-0.13,0.0,0.0,2.8915778
9/3/12 0:30,11167.5461,335.7,111.243,298.201,0.03,-0.07,0.06,0.02,0.0,0.0074,2.8915778
9/3/12 1:00,11168.0961,,111.2144,298.5181,,,0.25,,0.0,0.0654,3.0275767
9/3/12 1:30,11168.6461,,111.1869,298.2317,,,0.28,,0.0,0.1066,2.8915778
9/3/12 2:00,11169.1961,75.8,111.1748,298.0469,-0.41,-0.1,0.27,-0.26,0.0,0.1354,2.8166832
9/3/12 2:30,11169.7461,4.2,111.1803,298.008,-0.03,-0.35,0.22,-0.02,0.0,0.1344,2.8166832
9/3/12 3:00,11170.2961,320.3,111.1594,297.5418,0.11,-0.14,0.11,0.07,0.0,0.0768,3.1016058
9/3/12 3:30,11170.8461,340.4,111.1495,297.3232,0.12,-0.35,0.22,0.07,0.0,0.1744,0.9954404
9/3/12 4:00,11171.3961,,111.1561,297.3392,,,0.33,,0.0,0.2858,0.9954404
9/3/12 4:30,11171.9461,,111.1825,297.2603,,,0.32,,0.0,0.3001,0.9954404
9/3/12 5:00,11172.4961,18.1,111.2188,297.3584,-0.05,-0.17,0.1,-0.03,0.0,0.1013,0.9954404
9/3/12 5:30,11173.0461,234.5,111.2386,297.3629,0.41,0.29,0.32,0.26,2.7106,0.3133,0.9954404
9/3/12 6:00,11173.5961,265.8,111.2683,297.4944,0.78,0.06,0.53,0.52,36.428,0.5253,0.1551553
9/3/12 6:30,11174.1461,308.2,111.2914,297.8362,0.37,-0.29,0.33,0.26,83.0504,0.3303,0.54473416
9/3/12 7:00,11174.6961,291.3,111.3222,298.3798,0.54,-0.21,0.47,0.44,176.6176,0.4538,0.25575525
9/3/12 7:30,11175.2461,315.1,111.3321,298.9467,0.32,-0.33,0.53,0.37,253.24,0.4858,2.7536171
9/3/12 8:00,11175.7961,295.6,111.3321,299.5337,0.47,-0.23,0.86,0.77,231.9866,0.7405,-0.24824271
9/3/12 8:30,11176.3461,327.6,111.331,300.0295,0.39,-0.62,1.58,0.85,343.9901,1.2567,0.49762211
9/3/12 9:00,11176.8461,331.1,91.0971,301.3589,0.27,-0.49,1.94,0.94,507.4658,1.3724,0.9444913
9/3/12 9:30,11177.2961,354.8,91.1097,301.9771,0.04,-0.39,2.05,0.19,419.1469,1.2505,1.1838886
9/3/12 10:00,11177.7461,312.7,91.0944,302.6373,0.32,-0.29,3.2,2.35,305.381,1.5984,3.2977858
9/3/12 10:30,11178.1961,321.2,91.0764,302.5572,0.46,-0.58,5.0,3.13,109.1884,1.912,3.9144257
9/3/12 11:00,11178.6461,334.6,91.062,302.6461,0.51,-1.07,8.44,3.62,82.921,2.1843,0.22267584
9/3/12 11:30,11179.0961,342.4,91.035,303.2141,0.3,-0.94,7.99,2.42,102.7228,1.0425,0.22291241
9/3/12 12:00,11179.5461,228.3,91.0161,304.3801,0.42,0.38,5.89,4.4,0.0,0.0,0.28144906
9/3/12 12:30,11179.9961,75.9,90.9909,304.4988,-0.81,-0.2,9.85,-9.55,-104.5902,-1.2851,0.9659557
9/3/12 13:00,11180.4461,86.6,90.9792,304.319,-0.36,-0.02,4.3,-4.29,-95.0741,-1.1128,0.7050363
9/3/12 13:30,11180.8961,114.8,90.9819,304.5344,-0.49,0.23,6.7,-6.08,-107.456,-2.5643,0.7987411
9/3/12 14:00,11181.3461,238.8,90.9837,301.8374,2.19,1.33,16.3,13.94,-102.235,-8.1483,4.6169809
9/3/12 14:30,11181.7961,282.2,90.9504,302.5301,1.01,-0.22,7.97,7.79,-357.055,-4.8519,9.452991
9/3/12 15:00,11182.2461,171.2,90.9477,304.2777,-0.11,0.72,9.68,-1.48,-403.1548,-6.846,7.880666
9/3/12 15:30,11182.6961,124.1,90.9432,303.3985,-1.81,1.22,21.99,-18.21,-290.8949,-17.4477,4.1522651
9/3/12 16:00,11183.1461,155.9,90.9576,302.2831,-0.76,1.69,16.08,-6.56,-78.9192,-13.9233,0.48780157
9/3/12 16:30,11183.5961,136.9,90.9747,301.9737,-1.37,1.47,18.05,-12.33,-108.8866,-16.6768,0.6984008
9/3/12 17:00,11184.0461,120.4,90.9873,301.9235,-2.12,1.25,21.22,-18.3,-75.0882,-20.4993,0.3089835
9/3/12 17:30,11184.4961,117.1,90.99,301.8298,-1.94,0.99,15.7,-13.97,-46.9459,-15.5634,0.55825327
9/3/12 18:00,11184.9461,124.7,91.0053,301.3965,-1.3,0.9,8.27,-6.8,-9.746,-8.2674,0.45164675
9/3/12 18:30,11185.3961,123.2,91.0242,301.3384,-1.09,0.71,5.59,-4.68,-1.0133,-5.545,9.008701
9/3/12 19:00,11185.8461,88.5,91.0548,300.9204,-1.16,-0.03,4.0,-4.0,0.0,-3.8667,7.998374
9/3/12 19:30,11186.2961,100.6,91.0953,300.8103,-1.05,0.2,3.38,-3.32,0.0,-3.1189,7.904323
9/3/12 20:00,11186.7711,148.2,101.266,300.6953,-0.75,1.2,5.27,-2.77,0.0,-4.5601,7.647558
9/3/12 20:30,11187.2461,159.3,91.1682,300.5214,-0.36,0.95,5.25,-1.86,0.0,-4.1656,7.502731
9/3/12 21:00,11187.6961,63.2,91.161,299.9774,-0.59,-0.3,2.45,-2.19,0.0,-1.7314,5.2630478
9/3/12 21:30,11188.1711,102.2,101.288,299.636,-0.52,0.11,1.44,-1.41,0.0,-0.8774,4.3192489
9/3/12 22:00,11188.6711,109.2,101.288,299.6947,-0.62,0.22,1.66,-1.57,0.0,-0.8303,4.2550865
9/3/12 22:30,11189.1711,85.7,101.303,299.8021,-0.75,-0.06,1.73,-1.73,0.0,-0.6639,4.9211176
9/3/12 23:00,11189.6711,86.5,101.313,299.7079,-0.68,-0.04,1.35,-1.35,0.0,-0.3491,4.1021815
9/3/12 23:30,11190.1711,68.8,101.296,299.7133,-0.55,-0.21,1.06,-0.99,0.0,-0.1382,4.0344417
9/4/12 0:00,11190.6711,19.2,101.295,299.6777,-0.17,-0.5,0.93,-0.31,0.0,0.0,4.0344417
9/4/12 0:30,11191.1711,93.9,101.289,299.8051,-0.12,0.01,0.22,-0.22,0.0,0.0286,4.0601759
9/4/12 1:00,11191.6711,112.5,101.288,299.809,-0.1,0.04,0.17,-0.16,0.0,0.0437,4.0344417
9/4/12 1:30,11192.1961,114.6,111.4146,299.3218,-0.66,0.3,1.36,-1.23,0.0,0.5188,3.3547357
9/4/12 2:00,11192.7461,101.7,111.4179,299.2381,-0.5,0.1,0.77,-0.75,0.0,0.384,3.1681339
9/4/12 2:30,11193.2961,108.9,111.4069,299.1838,-0.88,0.3,1.13,-1.07,0.0,0.6866,3.1436691
9/4/12 3:00,11193.8461,61.7,111.3893,299.0457,-0.62,-0.34,0.76,-0.67,0.0,0.5367,2.9468544
9/4/12 3:30,11194.3961,52.7,111.3915,299.0711,-0.58,-0.44,0.72,-0.57,0.0,0.5675,2.846918
9/4/12 4:00,11194.9461,77.0,111.3871,299.1836,-0.83,-0.19,0.84,-0.82,0.0,0.727,3.0765063
9/4/12 4:30,11195.4961,102.0,111.4091,299.2066,-0.86,0.18,0.92,-0.9,0.0,0.8474,3.1436691
9/4/12 5:00,11196.0461,74.7,111.4223,299.1943,-0.41,-0.11,0.44,-0.43,0.0,0.4268,3.1436691
9/4/12 5:30,11196.5961,32.9,111.4278,299.0112,-0.11,-0.17,0.2,-0.11,0.2717,0.1933,2.8654397
9/4/12 6:00,11197.1461,74.2,111.4509,299.1815,-0.57,-0.16,0.57,-0.54,43.035,0.5651,0.6541449
9/4/12 6:30,11197.6961,80.4,111.4729,299.4186,-0.54,-0.09,0.58,-0.57,60.7072,0.5781,2.3783363
9/4/12 7:00,11198.2461,51.4,111.474,299.7528,-0.11,-0.09,0.22,-0.17,252.5326,0.2113,0.30014963
9/4/12 7:30,11198.8211,171.3,121.6044,300.376,-0.02,0.13,0.29,-0.04,209.716,0.2638,0.54815
9/4/12 8:00,11199.4211,253.4,121.6008,300.7121,0.22,0.06,0.58,0.56,220.6546,0.5061,0.18164537
9/4/12 8:30,11200.0211,330.4,121.6152,301.0552,0.25,-0.45,1.59,0.79,283.9761,1.2609,0.38215864
9/4/12 9:00,11200.5961,342.0,111.5059,301.5967,0.11,-0.32,1.35,0.42,356.0113,0.9557,3.3110568
9/4/12 9:30,11201.1211,111.0,101.361,302.9296,-0.08,0.03,0.53,-0.5,483.7791,0.3247,-0.044836939
9/4/12 10:00,11201.6211,152.3,101.344,303.4644,-0.38,0.72,6.38,-2.97,352.826,3.1897,8.126468
9/4/12 10:30,11202.1211,290.0,101.323,303.4206,0.23,-0.08,1.97,1.85,205.1727,0.7553,0.9229692
9/4/12 11:00,11202.6211,178.0,101.321,304.262,-0.01,0.38,3.76,-0.13,190.3505,0.9727,6.160629
9/4/12 11:30,11203.0961,252.0,91.1664,304.7123,0.47,0.15,5.49,5.22,111.8807,0.7161,0.44426692
9/4/12 12:00,11203.5461,210.0,91.1403,305.4027,0.29,0.5,7.59,3.8,0.0,0.0,1.2759778
9/4/12 12:30,11203.9961,315.9,91.1232,305.8173,0.26,-0.27,5.11,3.56,-114.9111,-0.6675,1.1477107
9/4/12 13:00,11204.4461,316.1,91.1142,305.7255,0.47,-0.49,9.1,6.31,-129.38,-2.3554,7.520041
9/4/12 13:30,11204.8961,217.6,91.0926,306.4342,0.37,0.48,9.6,5.86,-313.1567,-3.6756,8.821176
9/4/12 14:00,11205.3461,144.2,91.0665,307.0989,-0.52,0.72,14.79,-8.65,-397.9915,-7.3926,13.651243
9/4/12 14:30,11205.7711,93.4,80.924,307.149,-1.27,0.08,21.16,-21.12,-458.0735,-12.8817,1.5383397
9/4/12 15:00,11206.1711,146.9,80.9128,307.329,-0.84,1.28,26.64,-14.55,-348.4304,-18.8376,1.325946
9/4/12 15:30,11206.5961,169.0,91.0386,306.5968,-0.23,1.16,17.99,-3.43,-144.4331,-14.2695,0.8833293
9/4/12 16:00,11207.0461,166.5,91.0503,307.0769,-0.5,2.09,33.16,-7.74,-341.7561,-28.7175,0.55633763
9/4/12 16:30,11207.4961,187.5,91.0656,306.6666,0.34,2.59,37.51,4.9,-264.3801,-34.6531,1.0553907
9/4/12 17:00,11207.9461,182.8,91.0935,306.1434,0.12,2.41,33.37,1.63,-188.1797,-32.2304,0.8245907
9/4/12 17:30,11208.3961,,91.0737,304.7406,,,3.03,,-33.2947,-3.0081,16.204468
9/4/12 18:00,11208.8461,,91.1133,303.4623,,,2.26,,-3.488,-2.2637,12.303371
9/4/12 18:30,11209.2961,351.4,91.2294,301.2585,0.36,-2.38,15.41,2.3,0.0,-15.2801,0.57144926
9/4/12 19:00,11209.7461,,91.3059,299.53,,,0.69,,0.0,-0.6622,4.183827
9/4/12 19:30,11210.2461,,111.6357,298.9206,,,0.45,,0.0,-0.4132,2.9497971
9/4/12 20:00,11210.7961,,111.6577,299.0386,,,0.42,,0.0,-0.3641,3.1855593
9/4/12 20:30,11211.3461,,111.6797,299.1441,,,0.34,,0.0,-0.2727,3.2294113
9/4/12 21:00,11211.8961,349.2,111.7006,299.1757,0.19,-1.0,1.4,0.26,0.0,-0.991,3.2893039
9/4/12 21:30,11212.4711,,121.7868,299.0587,,,0.33,,0.0,-0.1989,3.2294113
9/4/12 22:00,11213.0711,,121.7844,299.0104,,,0.38,,0.0,-0.1899,3.0347315
9/4/12 22:30,11213.6711,,121.8108,298.9508,,,0.41,,0.0,-0.1572,2.9961302
9/4/12 23:00,11214.2711,,121.8252,299.0575,,,0.47,,0.0,-0.1225,2.9312177
9/4/12 23:30,11214.8711,,121.8336,298.6931,,,0.54,,0.0,-0.0701,2.7794667
9/5/12 0:00,11215.4711,,121.8156,298.3663,,,0.61,,0.0,0.0,3.0336352
9/5/12 0:30,11216.0711,,121.7856,298.2582,,,0.68,,0.0,0.0884,2.314347
9/5/12 1:00,11216.6711,,121.7796,297.9852,,,0.71,,0.0,0.1838,1.1939284
9/5/12 1:30,11217.2461,,111.6302,297.8665,,,0.69,,0.0,0.2657,1.212277
9/5/12 2:00,11217.7961,8.8,111.6313,297.767,-0.04,-0.24,0.2,-0.03,0.0,0.0977,1.0803748
9/5/12 2:30,11218.3711,,121.7784,297.5239,,,0.64,,0.0,0.3907,1.0803748
9/5/12 3:00,11218.9711,,121.7736,297.5488,,,0.63,,0.0,0.4428,1.0803748
9/5/12 3:30,11219.5461,,111.6247,297.5796,,,0.66,,0.0,0.5234,1.0803748
9/5/12 4:00,11220.0961,,111.6302,297.5792,,,0.68,,0.0,0.5866,1.0803748
9/5/12 4:30,11220.6711,,121.7796,297.2659,,,0.65,,0.0,0.6038,1.0803748
9/5/12 5:00,11221.2711,,121.7868,297.1213,,,0.62,,0.0,0.5945,1.0803748
9/5/12 5:30,11221.8461,,111.6654,296.5702,,,0.57,,6.2977,0.5664,1.0243481
9/5/12 6:00,11222.4211,,121.8624,297.0396,,,0.56,,51.897,0.5567,0.6555297
9/5/12 6:30,11223.0211,,121.8792,297.8882,,,0.58,,136.5894,0.5768,1.7014576
9/5/12 7:00,11223.6211,,121.8864,298.7228,,,0.61,,148.9033,0.586,3.2471252
9/5/12 7:30,11224.2211,,121.9068,299.1176,,,0.89,,212.1939,0.8196,3.1106647
9/5/12 8:00,11224.8211,,121.9116,299.5927,,,1.48,,225.8819,1.2779,2.6210802
9/5/12 8:30,11225.4211,,121.92,300.3219,,,1.79,,336.4183,1.4176,0.35301437
9/5/12 9:00,11226.0211,320.6,121.9428,301.1894,0.43,-0.53,2.83,1.8,340.4387,2.0043,2.355314
9/5/12 9:30,11226.5961,286.2,111.7809,302.2969,0.22,-0.06,1.52,1.46,444.99,0.925,1.3063857
9/5/12 10:00,11227.1461,263.8,111.7699,303.2618,0.65,0.07,6.03,5.99,378.1395,3.0146,1.7843148
9/5/12 10:30,11227.6711,286.4,101.584,303.6185,1.08,-0.32,11.71,11.24,299.033,4.4824,2.4468839
9/5/12 11:00,11228.1711,281.3,101.552,304.2134,0.79,-0.16,9.46,9.28,212.075,2.4493,3.5236236
9/5/12 11:30,11228.6711,281.4,101.52,304.8291,0.84,-0.17,12.23,11.99,111.1055,1.5965,0.7773921
9/5/12 12:00,11229.1461,300.7,91.3419,305.4898,0.4,-0.23,7.41,6.37,0.0,0.0,1.3479297
9/5/12 12:30,11229.5961,29.2,91.3275,305.7187,-0.12,-0.22,4.28,-2.09,-96.0379,-0.5585,1.1793303
9/5/12 13:00,11230.0461,237.1,91.3113,306.1206,0.24,0.16,5.1,4.28,-160.6958,-1.3205,1.0887413
9/5/12 13:30,11230.4961,152.1,91.2888,306.4272,-0.17,0.32,6.61,-3.09,-249.3496,-2.5303,1.3471796
9/5/12 14:00,11230.9711,225.4,101.403,307.4236,0.5,0.49,15.16,10.79,-379.0825,-7.5779,1.6546052
9/5/12 14:30,11231.4461,210.6,91.2366,306.9938,0.58,0.98,25.09,12.77,-220.5549,-15.2719,1.1639821
9/5/12 15:00,11231.8961,184.0,91.2312,307.3862,0.05,0.7,15.53,1.08,-364.8586,-10.9783,1.272862
9/5/12 15:30,11232.3461,141.5,91.2231,307.2974,-0.61,0.77,20.66,-12.86,-293.2758,-16.3905,1.815819
9/5/12 16:00,11232.7961,152.7,91.215,306.4672,-0.6,1.16,21.71,-9.96,-186.9047,-18.7985,0.684322
9/5/12 16:30,11233.2461,131.7,91.2087,306.2335,-0.81,0.72,16.76,-12.51,-167.139,-15.4816,1.1279773
9/5/12 17:00,11233.6961,115.3,91.2213,305.9952,-1.01,0.48,15.49,-14.0,-108.3305,-14.9578,6.368926
9/5/12 17:30,11234.1461,147.0,91.233,305.8891,-1.33,2.05,28.57,-15.56,-116.93,-28.3299,1.2449929
9/5/12 18:00,11234.5961,136.0,91.2555,305.0886,-1.93,1.99,25.69,-17.85,-41.953,-25.6909,0.7974717
9/5/12 18:30,11235.0461,142.5,91.2771,304.0816,-1.66,2.17,21.34,-12.99,0.0,-21.1617,1.3388708
9/5/12 19:00,11235.4961,136.0,91.3059,303.2744,-1.48,1.53,13.87,-9.63,0.0,-13.3973,0.9793421
9/5/12 19:30,11235.9461,136.4,91.3329,302.8916,-1.34,1.41,11.65,-8.03,0.0,-10.762,9.447798
9/5/12 20:00,11236.3961,125.9,91.3626,302.3128,-1.15,0.83,6.79,-5.5,0.0,-5.8841,8.204363
9/5/12 20:30,11236.8461,130.5,91.3725,301.9932,-1.2,1.02,6.71,-5.1,0.0,-5.3246,7.492345
9/5/12 21:00,11237.2961,131.5,91.3581,301.6931,-1.11,0.98,5.69,-4.26,0.0,-4.0205,6.720896
9/5/12 21:30,11237.7461,131.4,91.3392,301.5354,-0.77,0.68,3.9,-2.93,0.0,-2.3764,5.996184
9/5/12 22:00,11238.1961,133.6,91.341,301.1486,-0.66,0.63,2.96,-2.14,0.0,-1.4789,4.4540938
9/5/12 22:30,11238.6711,96.4,101.492,300.9931,-0.54,0.06,1.57,-1.56,0.0,-0.6012,4.4038948
9/5/12 23:00,11239.1711,88.9,101.486,300.9674,-0.57,-0.01,1.66,-1.66,0.0,-0.4304,4.4038948
9/5/12 23:30,11239.6711,118.2,101.464,300.389,-0.84,0.45,2.22,-1.96,0.0,-0.29,3.6198672
9/6/12 0:00,11240.1711,87.8,101.462,300.2838,-0.5,-0.02,1.1,-1.1,0.0,0.0,3.4582495
9/6/12 0:30,11240.6711,68.2,101.455,300.3508,-0.44,-0.18,1.07,-0.99,0.0,0.139,3.6198672
9/6/12 1:00,11241.1711,119.1,101.437,299.9046,-0.6,0.34,1.31,-1.14,0.0,0.3389,3.23697
9/6/12 1:30,11241.6711,99.2,101.434,299.6612,-0.57,0.09,0.91,-0.9,0.0,0.3499,3.1496122
9/6/12 2:00,11242.1711,52.4,101.422,299.6487,-0.36,-0.28,0.72,-0.57,0.0,0.3582,3.1496122
9/6/12 2:30,11242.6711,66.5,101.397,299.4299,-0.65,-0.28,0.98,-0.9,0.0,0.5982,3.0617351
9/6/12 3:00,11243.1711,123.9,101.382,299.2648,-0.55,0.37,0.85,-0.71,0.0,0.6033,2.8671707
9/6/12 3:30,11243.6711,95.4,101.369,299.4763,-0.49,0.05,0.59,-0.59,0.0,0.4713,3.0617351
9/6/12 4:00,11244.1711,67.5,101.358,299.5543,-0.66,-0.27,0.93,-0.86,0.0,0.8064,3.0617351
9/6/12 4:30,11244.6961,64.4,111.4927,299.4158,-0.53,-0.25,0.71,-0.64,0.0,0.6529,3.0617351
9/6/12 5:00,11245.2461,67.8,111.4861,299.3935,-0.55,-0.22,0.66,-0.61,0.0,0.6378,3.0617351
9/6/12 5:30,11245.7961,65.3,111.4971,299.2719,-0.34,-0.16,0.39,-0.36,5.331,0.3901,2.7296716
9/6/12 6:00,11246.3461,153.9,111.5345,299.414,-0.17,0.34,0.38,-0.17,21.225,0.3791,0.6488942
9/6/12 6:30,11246.8961,62.6,111.5499,300.0471,-0.36,-0.19,0.45,-0.4,35.1894,0.4477,0.6496443
9/6/12 7:00,11247.4461,104.5,111.5664,300.4916,-0.63,0.16,0.88,-0.85,69.1188,0.8478,0.8769823
9/6/12 7:30,11247.9961,114.3,111.5609,301.01,-0.6,0.27,1.17,-1.07,131.2408,1.082,1.1079554
9/6/12 8:00,11248.5461,116.4,111.5499,301.592,-0.83,0.41,2.2,-1.97,244.0079,1.9078,1.2887872
9/6/12 8:30,11249.0711,108.0,101.392,302.4315,-0.42,0.14,1.47,-1.4,283.3501,1.1681,1.0085383
9/6/12 9:00,11249.5461,180.8,91.2501,303.6433,0.0,0.17,0.89,0.01,343.2183,0.6313,4.9872995
9/6/12 9:30,11249.9961,171.0,91.2474,304.4464,-0.04,0.23,1.64,-0.26,356.3683,0.9958,0.7297896
9/6/12 10:00,11250.4461,310.3,91.2456,304.7978,0.19,-0.16,2.09,1.6,208.953,1.0469,4.9338693
9/6/12 10:30,11250.8961,252.2,91.2285,305.2548,0.28,0.09,2.78,2.65,179.3637,1.0645,1.3938589
9/6/12 11:00,11251.3461,309.2,91.2051,305.7823,0.25,-0.21,3.52,2.72,166.2294,0.9101,1.1720024
9/6/12 11:30,11251.7961,260.2,91.1808,306.2202,1.21,0.21,14.4,14.19,69.1357,1.8798,6.261027
9/6/12 12:00,11252.2461,266.0,91.161,306.3615,0.96,0.07,12.69,12.66,0.0,0.0,6.651656
9/6/12 12:30,11252.6961,255.2,91.1457,306.4394,1.48,0.39,21.86,21.14,-54.5692,-2.8536,1.3839345
9/6/12 13:00,11253.1211,232.9,80.9976,307.1173,0.8,0.61,16.61,13.24,-187.8206,-4.2979,2.4126678
9/6/12 13:30,11253.5211,200.8,80.9736,307.1491,0.28,0.73,12.95,4.6,-156.3897,-4.9564,3.8416083
9/6/12 14:00,11253.9211,175.4,80.9488,306.6642,-0.12,1.44,20.39,-1.63,-84.7495,-10.1932,2.7499243
9/6/12 14:30,11254.3461,171.6,91.0854,306.7202,-0.15,1.01,14.24,-2.08,-134.3823,-8.6683,5.37187
9/6/12 15:00,11254.7961,187.0,91.0719,307.2386,0.13,1.03,17.34,2.11,-200.2519,-12.2633,2.8724791
9/6/12 15:30,11255.2461,,91.1502,302.2605,,,2.39,,-11.1942,-1.8961,9.016779
9/6/12 16:00,11255.7961,,131.9266,296.9728,,,0.38,,-2.4405,-0.3325,1.0803748
9/6/12 16:30,11256.6211,,202.982,296.3304,,,0.32,,-4.4864,-0.2975,1.0243481
9/6/12 17:00,11257.6461,,213.1479,296.8605,,,0.32,,-18.0435,-0.3108,0.8813675
9/6/12 17:30,11258.6961,,213.1668,297.3937,,,0.37,,-9.852,-0.3619,1.0525057
9/6/12 18:00,11259.7211,,203.034,297.8102,,,0.51,,-5.445,-0.5101,1.1714254
9/6/12 18:30,11260.6961,,192.8975,297.8766,,,0.62,,0.0,-0.6108,1.1939284
9/6/12 19:00,11261.5961,,172.6078,297.9145,,,0.7,,0.0,-0.6798,1.1939284
9/6/12 19:30,11262.3961,,152.3145,297.85,,,0.68,,0.0,-0.6245,1.212277
9/6/12 20:00,11263.1211,317.8,142.1714,297.8513,0.86,-0.95,1.48,0.99,0.0,-1.2785,1.212277
9/6/12 20:30,11263.7961,289.1,132.028,297.6935,0.54,-0.19,0.66,0.62,0.0,-0.5205,1.0803748
9/6/12 21:00,11264.4211,,121.8816,297.6993,,,0.74,,0.0,-0.5265,1.0803748
9/6/12 21:30,11265.0211,263.7,121.8924,297.6951,0.51,0.06,0.56,0.56,0.0,-0.3405,1.0803748
9/6/12 22:00,11265.6211,243.8,121.9032,297.7107,0.26,0.13,0.32,0.28,0.0,-0.1586,1.0803748
9/6/12 22:30,11266.1961,274.0,111.7534,297.6735,0.37,-0.03,0.41,0.41,0.0,-0.1576,1.0803748
9/6/12 23:00,11266.7461,61.7,111.7633,297.6596,-0.17,-0.09,0.19,-0.17,0.0,-0.0497,1.0803748
9/6/12 23:30,11267.2961,230.2,111.7721,297.5854,0.19,0.16,0.22,0.17,0.0,-0.0293,1.0803748
9/7/12 0:00,11267.8461,337.2,111.782,297.6903,0.06,-0.15,0.15,0.06,0.0,0.0,1.0803748
9/7/12 0:30,11268.3961,48.5,111.7919,297.4472,-0.29,-0.26,0.31,-0.23,0.0,0.0409,1.0803748
9/7/12 1:00,11268.9461,278.7,111.8007,297.3032,0.07,-0.01,0.05,0.05,0.0,0.0135,1.0803748
9/7/12 1:30,11269.4961,300.1,111.8106,297.3431,0.17,-0.1,0.14,0.12,0.0,0.0529,1.0803748
9/7/12 2:00,11270.0461,352.0,111.8194,296.9411,0.11,-0.78,0.54,0.08,0.0,0.2711,1.0803748
9/7/12 2:30,11270.5961,15.1,111.8293,297.1087,-0.05,-0.2,0.14,-0.04,0.0,0.0871,1.0803748
9/7/12 3:00,11271.1461,287.0,111.8392,297.1124,0.16,-0.05,0.12,0.11,0.0,0.0819,1.0803748
9/7/12 3:30,11271.6961,26.3,111.848,296.5326,-0.19,-0.38,0.27,-0.12,0.0,0.2121,1.0591412
9/7/12 4:00,11272.2461,243.2,111.8579,296.5183,0.49,0.25,0.32,0.28,0.0,0.274,1.0591412
9/7/12 4:30,11272.7961,225.3,111.8678,296.4765,0.48,0.47,0.37,0.26,0.0,0.3418,1.0591412
9/7/12 5:00,11273.3711,93.0,122.0472,296.1784,-0.06,0.0,0.03,-0.03,0.0,0.0295,1.0591412
9/7/12 5:30,11273.9461,28.0,111.8865,296.0755,-0.09,-0.17,0.1,-0.05,0.1656,0.0972,1.0591412
9/7/12 6:00,11274.5211,337.1,122.0676,296.336,0.32,-0.76,0.41,0.16,21.895,0.4059,0.6231023
9/7/12 6:30,11275.1211,,122.0784,296.5038,,,0.43,,67.4817,0.4283,0.54008931
9/7/12 7:00,11275.7211,,122.0892,296.7621,,,0.41,,90.6956,0.396,0.39802614
9/7/12 7:30,11276.3211,,122.0988,296.9645,,,0.39,,110.1024,0.3584,1.0058264
9/7/12 8:00,11276.9211,,122.1096,297.3704,,,0.38,,243.6415,0.3328,0.14730233
9/7/12 8:30,11277.5211,,122.1192,298.0602,,,0.46,,464.7599,0.3619,4.6388492
9/7/12 9:00,11278.1211,,122.1348,298.6037,,,1.08,,390.9233,0.7602,5.0597707
9/7/12 9:30,11278.6961,328.4,111.9756,300.0142,0.19,-0.32,1.21,0.64,418.9533,0.7383,0.7622747
9/7/12 10:00,11279.2461,86.1,111.9558,301.5775,-0.22,-0.01,1.38,-1.37,373.8095,0.689,0.49481789
9/7/12 10:30,11279.7711,111.9,101.758,303.1171,-0.91,0.37,9.8,-9.09,330.1992,3.7509,1.8929062
9/7/12 11:00,11280.2711,79.9,101.747,304.0194,-2.04,-0.36,30.24,-29.77,196.7623,7.827,1.9772059
9/7/12 11:30,11280.7711,109.1,101.729,304.7558,-2.22,0.77,37.76,-35.68,114.7341,4.9289,2.148171
9/7/12 12:00,11281.2711,100.8,101.719,305.0781,-2.29,0.44,38.59,-37.9,0.0,0.0,2.7489434
9/7/12 12:30,11281.7711,97.7,101.7,304.7582,-2.22,0.3,38.19,-37.84,-82.2755,-4.9843,1.842938
9/7/12 13:00,11282.2461,86.7,91.5048,305.1077,-2.45,-0.14,45.45,-45.38,-218.3229,-11.7639,1.5634969
9/7/12 13:30,11282.6961,105.0,91.4742,305.3556,-2.78,0.74,54.06,-52.22,-296.2563,-20.6885,1.5768833
9/7/12 14:00,11283.1461,96.6,91.4616,305.2784,-2.71,0.31,53.54,-53.18,-361.5805,-26.769,1.3800109
9/7/12 14:30,11283.5961,91.3,91.4616,305.0684,-2.85,0.06,58.52,-58.5,-402.2178,-35.622,1.4272672
9/7/12 15:00,11284.0461,75.2,91.4634,304.9822,-2.56,-0.68,50.18,-48.52,-400.8525,-35.483,2.1207058
9/7/12 15:30,11284.4961,72.8,91.4706,304.633,-2.63,-0.81,46.66,-44.58,-354.9669,-37.0198,1.5185486
9/7/12 16:00,11284.9461,80.6,91.4796,304.7228,-2.44,-0.4,32.7,-32.26,-341.4842,-28.3215,1.3406595
9/7/12 16:30,11285.3961,84.2,91.4751,304.4078,-2.49,-0.25,31.2,-31.04,-267.1416,-28.8224,1.2337414
9/7/12 17:00,11285.8461,86.1,91.467,304.0198,-2.11,-0.14,23.3,-23.25,-173.858,-22.5107,1.7095356
9/7/12 17:30,11286.2961,73.8,91.4751,303.3523,-1.55,-0.45,14.4,-13.83,-78.1873,-14.2774,2.058736
9/7/12 18:00,11286.7461,69.9,91.4814,302.4036,-1.34,-0.49,10.1,-9.49,-13.311,-10.1019,1.1462682
9/7/12 18:30,11287.1961,86.7,91.5039,301.7493,-1.36,-0.08,8.37,-8.36,0.0,-8.3033,4.0609837
9/7/12 19:00,11287.6461,76.7,91.5354,301.324,-1.31,-0.31,7.48,-7.28,0.0,-7.2226,3.7734646
9/7/12 19:30,11288.0961,89.0,91.5777,301.1897,-1.49,-0.03,7.74,-7.73,0.0,-7.1463,0.8117236
9/7/12 20:00,11288.5461,80.1,91.6191,300.7425,-1.37,-0.24,5.59,-5.51,0.0,-4.8421,3.5617056
9/7/12 20:30,11289.0211,77.1,101.817,300.5981,-1.75,-0.4,6.73,-6.56,0.0,-5.3403,1.0654882
9/7/12 21:00,11289.4961,83.2,91.6425,300.235,-1.73,-0.21,6.69,-6.65,0.0,-4.7325,3.2643198
9/7/12 21:30,11289.9461,77.1,91.6569,299.8139,-1.25,-0.29,4.5,-4.39,0.0,-2.7393,3.102529
9/7/12 22:00,11290.4211,92.2,101.844,299.5715,-1.51,0.06,5.24,-5.24,0.0,-2.6222,0.9182955
9/7/12 22:30,11290.8961,120.6,91.6452,299.1368,-0.92,0.55,3.13,-2.69,0.0,-1.196,2.571689
9/7/12 23:00,11291.3711,61.0,101.82,299.0091,-0.56,-0.31,1.67,-1.46,0.0,-0.4313,2.3159626
9/7/12 23:30,11291.8711,7.6,101.834,298.8411,-0.05,-0.34,0.85,-0.11,0.0,-0.1106,2.1824448
9/8/12 0:00,11292.3711,65.9,101.848,298.3759,-0.66,-0.29,1.39,-1.27,0.0,0.0,1.9431629
9/8/12 0:30,11292.8711,129.9,101.844,298.1697,-0.49,0.41,1.11,-0.85,0.0,0.1454,1.4659262
9/8/12 1:00,11293.3711,73.6,101.827,298.1123,-0.21,-0.06,0.4,-0.39,0.0,0.1045,1.4659262
9/8/12 1:30,11293.8711,56.1,101.812,297.7573,-0.35,-0.23,0.66,-0.55,0.0,0.2528,1.212277
9/8/12 2:00,11294.3711,308.7,101.802,297.7403,0.13,-0.1,0.24,0.19,0.0,0.1209,1.0803748
9/8/12 2:30,11294.8711,297.4,101.801,298.1133,0.44,-0.23,0.74,0.66,0.0,0.4499,1.4659262
9/8/12 3:00,11295.3961,26.0,111.9679,298.3311,-0.1,-0.21,0.31,-0.14,0.0,0.2184,1.9708012
9/8/12 3:30,11295.9461,119.2,111.9448,297.9125,-0.39,0.22,0.54,-0.47,0.0,0.4303,1.1939284
9/8/12 4:00,11296.4711,121.7,101.776,297.726,-0.43,0.26,0.76,-0.65,0.0,0.6578,1.0803748
9/8/12 4:30,11296.9711,75.0,101.784,297.5414,-0.36,-0.1,0.6,-0.58,0.0,0.5551,1.0803748
9/8/12 5:00,11297.4711,348.1,101.77,297.2113,0.11,-0.51,0.71,0.15,0.0,0.6851,1.0803748
9/8/12 5:30,11297.9711,302.6,101.779,297.0826,0.29,-0.18,0.36,0.3,1.6627,0.3583,1.0803748
9/8/12 6:00,11298.4711,347.3,101.802,297.4765,0.06,-0.25,0.25,0.06,24.741,0.2508,0.8851757
9/8/12 6:30,11298.9711,328.7,101.822,298.0019,0.32,-0.52,0.63,0.33,92.1578,0.6231,1.3180988
9/8/12 7:00,11299.4711,7.6,101.825,298.8593,-0.07,-0.52,0.9,-0.12,187.2042,0.8735,1.3768951
9/8/12 7:30,11299.9711,351.2,101.831,300.0535,0.04,-0.24,0.78,0.12,283.0296,0.7207,1.2375496
9/8/12 8:00,11300.4711,237.4,101.846,301.3238,0.18,0.12,1.0,0.84,304.1706,0.8652,1.307482
9/8/12 8:30,11300.9711,291.8,101.852,301.8597,0.17,-0.07,0.95,0.88,285.9825,0.7514,0.43476373
9/8/12 9:00,11301.4711,132.6,101.857,302.7787,-0.22,0.2,2.06,-1.52,409.0005,1.4576,0.6539141
9/8/12 9:30,11301.9711,255.1,101.858,303.3198,0.69,0.18,5.69,5.5,391.3484,3.4652,1.2593025
9/8/12 10:00,11302.4711,207.4,101.839,303.6193,0.36,0.69,7.29,3.35,241.7185,3.6425,1.5404169
9/8/12 10:30,11302.9711,139.9,101.801,304.2154,-0.37,0.44,6.45,-4.16,215.8021,2.4695,1.553284
9/8/12 11:00,11303.4461,142.7,91.5894,304.4888,-0.09,0.12,1.83,-1.11,192.2774,0.4728,2.7939494
9/8/12 11:30,11303.9211,208.6,101.744,305.4224,0.27,0.49,8.0,3.83,93.8584,1.0438,2.1421702
9/8/12 12:00,11304.3961,95.1,91.5327,305.5413,-0.76,0.07,11.1,-11.06,0.0,0.0,4.3037276
9/8/12 12:30,11304.8461,150.6,91.5012,306.0653,-0.33,0.58,10.55,-5.18,-93.0294,-1.3768,4.4609024
9/8/12 13:00,11305.2961,212.7,91.4751,306.8134,0.63,0.98,21.96,11.86,-219.8784,-5.6841,2.9614525
9/8/12 13:30,11305.7211,182.9,81.2808,307.0425,0.07,1.48,29.03,1.47,-298.6121,-11.1075,3.79666
9/8/12 14:00,11306.1211,107.5,81.256,305.9108,-2.79,0.88,41.51,-39.59,-193.296,-20.7551,3.4442284
9/8/12 14:30,11306.5461,99.0,91.3734,305.5659,-3.15,0.5,39.76,-39.27,-378.5339,-24.2025,7.516579
9/8/12 15:00,11306.9961,105.8,91.3851,306.317,-2.56,0.73,36.06,-34.7,-362.762,-25.4982,9.554543
9/8/12 15:30,11307.4461,85.8,91.3662,305.914,-2.81,-0.21,34.93,-34.84,-358.9281,-27.7138,6.426626
9/8/12 16:00,11307.8961,92.5,91.3716,305.1259,-2.88,0.13,31.41,-31.38,-159.2984,-27.2021,7.204999
9/8/12 16:30,11308.3711,115.4,101.532,304.2122,-2.72,1.29,28.13,-25.41,-117.9877,-25.9916,7.974717
9/8/12 17:00,11308.8711,114.0,101.546,304.3814,-2.12,0.94,19.86,-18.14,-163.4037,-19.1811,7.595628
9/8/12 17:30,11309.3711,138.5,101.528,303.8117,-1.86,2.1,28.07,-18.6,-76.4979,-27.8303,4.4900986
9/8/12 18:00,11309.8711,136.9,101.535,302.769,-1.72,1.84,21.4,-14.62,-7.367,-21.3973,5.0923712
9/8/12 18:30,11310.3711,134.5,101.559,302.2432,-1.48,1.45,14.02,-10.0,0.0,-13.8955,5.0894862
9/8/12 19:00,11310.8711,133.4,101.578,301.7783,-1.31,1.24,9.61,-6.98,0.0,-9.2803,4.5699554
9/8/12 19:30,11311.3711,139.9,101.609,301.6741,-1.28,1.52,9.61,-6.19,0.0,-8.8773,3.6518907
9/8/12 20:00,11311.8711,139.1,101.634,301.5205,-1.47,1.7,9.88,-6.47,0.0,-8.5603,3.5484923
9/8/12 20:30,11312.3711,135.4,101.659,301.3226,-1.35,1.37,7.44,-5.22,0.0,-5.9011,3.1845784
9/8/12 21:00,11312.8711,137.8,101.637,301.0927,-1.42,1.57,6.7,-4.5,0.0,-4.7378,3.2197754
9/8/12 21:30,11313.3711,142.8,101.645,301.1116,-1.14,1.5,5.76,-3.48,0.0,-3.5052,3.5653407
9/8/12 22:00,11313.8711,134.2,101.644,300.83,-1.39,1.35,5.19,-3.72,0.0,-2.5961,3.7150145
9/8/12 22:30,11314.3711,134.2,101.64,300.6591,-1.32,1.28,4.35,-3.12,0.0,-1.6631,2.0037479
9/8/12 23:00,11314.8711,121.0,101.643,300.4181,-1.12,0.67,2.7,-2.32,0.0,-0.6992,2.3560064
9/8/12 23:30,11315.3711,100.0,101.641,300.225,-1.13,0.2,2.2,-2.17,0.0,-0.287,2.3196554
9/9/12 0:00,11315.8711,101.1,101.627,299.9035,-1.16,0.23,1.89,-1.86,0.0,0.0,2.2563008
9/9/12 0:30,11316.3961,92.3,111.7589,299.8506,-0.99,0.04,1.56,-1.56,0.0,0.2042,2.2563008
9/9/12 1:00,11316.9461,95.0,111.7369,299.6868,-0.92,0.08,1.34,-1.34,0.0,0.348,2.2563008
9/9/12 1:30,11317.4961,100.8,111.6918,299.5575,-1.08,0.21,1.46,-1.44,0.0,0.5592,2.3210979
9/9/12 2:00,11318.0461,111.8,111.6511,299.4417,-1.22,0.49,1.69,-1.57,0.0,0.8449,2.3210979
9/9/12 2:30,11318.5961,103.3,111.6225,299.2737,-1.31,0.31,1.59,-1.54,0.0,0.966,2.3129045
9/9/12 3:00,11319.1461,113.1,111.5994,299.2202,-1.29,0.55,1.56,-1.44,0.0,1.1038,2.3733741
9/9/12 3:30,11319.6961,80.5,111.5851,299.0958,-0.87,-0.15,0.97,-0.96,0.0,0.7694,2.3284835
9/9/12 4:00,11320.2461,27.1,111.6082,298.9548,-0.24,-0.47,0.56,-0.26,0.0,0.4856,2.3216172
9/9/12 4:30,11320.7961,95.2,111.6236,298.7169,-0.63,0.06,0.65,-0.65,0.0,0.605,2.3849141
9/9/12 5:00,11321.3461,122.9,111.6071,298.4696,-0.73,0.47,0.78,-0.66,0.0,0.7572,2.2167186
9/9/12 5:30,11321.8961,116.6,111.606,298.4906,-0.92,0.46,0.92,-0.82,5.332,0.9131,2.1143011
9/9/12 6:00,11322.4461,106.2,111.6181,298.8595,-1.23,0.36,1.16,-1.11,64.643,1.1582,0.55122541
9/9/12 6:30,11322.9961,107.0,111.6324,299.9039,-1.33,0.41,1.83,-1.75,162.2817,1.8152,3.2898809
9/9/12 7:00,11323.5461,108.4,111.6368,300.9816,-1.25,0.42,3.07,-2.91,226.3918,2.965,2.3613725
9/9/12 7:30,11324.0961,125.5,111.6456,301.7824,-0.7,0.5,2.76,-2.24,283.2328,2.5474,2.6385056
9/9/12 8:00,11324.6211,156.7,101.503,302.6202,-0.49,1.14,5.72,-2.26,259.2196,4.9502,1.583288
9/9/12 8:30,11325.1211,173.7,101.502,303.7776,-0.21,1.9,14.46,-1.59,415.3506,11.4754,1.2314911
9/9/12 9:00,11325.6211,186.1,101.506,304.2831,0.17,1.63,15.2,1.61,437.103,10.7454,1.6552976
9/9/12 9:30,11326.1211,181.7,101.502,305.0098,0.06,1.86,22.26,0.66,383.7492,13.5521,2.0562549
9/9/12 10:00,11326.6211,176.0,101.495,305.5624,-0.09,1.28,17.12,-1.19,391.6025,8.5608,3.5023323
9/9/12 10:30,11327.1211,164.0,101.48,305.8461,-0.45,1.58,24.81,-6.84,298.3898,9.4927,5.6624472
9/9/12 11:00,11327.6211,171.2,101.451,306.6297,-0.3,1.94,34.75,-5.32,250.6505,8.9927,5.609594
9/9/12 11:30,11328.0961,169.8,91.2663,306.9983,-0.37,2.05,40.03,-7.09,109.873,5.2251,6.81437
9/9/12 12:00,11328.5461,190.9,91.2339,307.2149,0.35,1.82,37.2,7.03,0.0,0.0,6.372965
9/9/12 12:30,11328.9961,167.2,91.2078,307.5078,-0.61,2.67,61.05,-13.53,-108.0897,-7.9683,6.712818
9/9/12 13:00,11329.4461,186.0,91.1799,307.6302,0.26,2.5,61.0,6.38,-218.7756,-15.787,6.013494
9/9/12 13:30,11329.8961,166.4,91.1511,307.7933,-0.66,2.71,70.01,-16.46,-297.3917,-26.7904,9.495689
9/9/12 14:00,11330.3461,180.9,91.1178,307.9823,0.04,2.53,67.14,1.05,-375.291,-33.5705,7.421951
9/9/12 14:30,11330.7961,183.8,91.1025,308.0473,0.16,2.43,64.6,4.28,-402.0467,-39.3275,8.650384
9/9/12 15:00,11331.2461,172.6,91.0926,307.9189,-0.31,2.36,61.53,-7.92,-382.2336,-43.5075,5.938484
9/9/12 15:30,11331.6961,183.9,91.0899,307.2266,0.15,2.18,45.57,3.1,-212.8765,-36.154,8.904264
9/9/12 16:00,11332.1461,148.2,91.0908,306.5869,-1.65,2.67,51.08,-26.92,-227.5361,-44.2369,12.508206
9/9/12 16:30,11332.5961,154.5,91.0953,306.2433,-1.47,3.09,50.83,-21.88,-213.6592,-46.9644,9.783035
9/9/12 17:00,11333.0461,157.5,91.0962,305.2662,-1.37,3.31,45.06,-17.24,-116.6703,-43.5211,6.627999
9/9/12 17:30,11333.4961,142.9,91.1097,304.1564,-1.96,2.59,34.67,-20.91,-29.3289,-34.3697,7.506193
9/9/12 18:00,11333.9461,143.3,91.1169,303.3753,-1.87,2.51,31.09,-18.58,-8.311,-31.0897,7.621016
9/9/12 18:30,11334.3961,143.2,91.1367,302.8107,-1.69,2.26,25.0,-14.97,0.0,-24.783,7.20096
9/9/12 19:00,11334.8711,139.7,101.294,302.2921,-1.7,2.01,21.14,-13.67,0.0,-20.4152,6.763594
9/9/12 19:30,11335.3711,139.9,101.318,301.9385,-1.58,1.88,18.88,-12.16,0.0,-17.4385,5.2186765
9/9/12 20:00,11335.8711,136.1,101.34,301.4854,-1.65,1.71,15.71,-10.9,0.0,-13.6083,4.4407074
9/9/12 20:30,11336.3711,144.1,101.359,301.1277,-1.12,1.55,11.51,-6.75,0.0,-9.128,5.2257159
9/9/12 21:00,11336.8711,142.2,101.344,300.8013,-1.15,1.48,10.41,-6.38,0.0,-7.3608,3.9301201
9/9/12 21:30,11337.3711,133.9,101.325,300.2807,-0.84,0.81,5.38,-3.88,0.0,-3.2772,2.4903897
9/9/12 22:00,11337.8711,101.1,101.317,299.8027,-0.36,0.07,1.43,-1.41,0.0,-0.7162,2.4471147
9/9/12 22:30,11338.3711,117.2,101.305,299.5273,-1.17,0.6,4.11,-3.65,0.0,-1.5711,2.1596533
9/9/12 23:00,11338.8711,110.5,101.296,299.5726,-1.23,0.46,3.95,-3.7,0.0,-1.0212,2.1596533
9/9/12 23:30,11339.3711,112.4,101.281,299.398,-1.34,0.55,3.72,-3.44,0.0,-0.4859,2.0720647
9/10/12 0:00,11339.8711,118.0,101.267,299.3281,-1.19,0.63,3.16,-2.79,0.0,0.0,2.0690066
9/10/12 0:30,11340.3711,120.5,101.252,299.2143,-1.0,0.59,2.47,-2.13,0.0,0.3229,2.0148263
9/10/12 1:00,11340.8711,105.5,101.233,299.1315,-0.95,0.26,2.04,-1.96,0.0,0.5277,2.2378945
9/10/12 1:30,11341.3711,115.1,101.219,299.0144,-0.93,0.43,1.95,-1.77,0.0,0.7461,2.2953637
9/10/12 2:00,11341.8711,119.3,101.191,299.022,-1.32,0.74,2.81,-2.45,0.0,1.4038,2.2953637
9/10/12 2:30,11342.3961,108.3,111.2881,299.0554,-1.37,0.45,2.71,-2.57,0.0,1.648,2.2953637
9/10/12 3:00,11342.9461,108.2,111.2661,298.9044,-1.28,0.42,2.47,-2.34,0.0,1.7443,2.063352
9/10/12 3:30,11343.4961,97.6,111.2738,298.6142,-1.08,0.14,1.83,-1.81,0.0,1.4488,2.3631612
9/10/12 4:00,11344.0461,103.1,111.2727,298.4348,-1.22,0.28,1.92,-1.87,0.0,1.6655,2.1876955
9/10/12 4:30,11344.5961,102.5,111.2826,298.3091,-0.99,0.22,1.46,-1.42,0.0,1.3483,2.2752841
9/10/12 5:00,11345.1461,68.2,111.287,298.2813,-0.36,-0.15,0.57,-0.53,0.0,0.5503,2.1213405
9/10/12 5:30,11345.6711,52.2,101.178,298.2608,-0.42,-0.33,0.73,-0.58,3.482,0.7269,1.9643965
9/10/12 6:00,11346.1711,74.9,101.202,298.348,-0.64,-0.17,0.91,-0.88,38.055,0.9074,0.5123183
9/10/12 6:30,11346.6711,100.0,101.2,298.9682,-0.58,0.1,0.86,-0.85,113.6136,0.8541,1.6908408
9/10/12 7:00,11347.1711,131.5,101.199,299.9381,-0.63,0.56,1.73,-1.3,137.9487,1.6739,2.4368441
9/10/12 7:30,11347.6711,144.3,101.181,301.6374,-0.87,1.21,5.65,-3.3,324.8647,5.2194,2.4146873
