slot,fold,DAY,n_records,y_mean,pred_refit,pred_nofit,resid_refit,resid_nofit
simple_ruleA,3,2018-04-09,13,0.9702153846153846,2.2949513601475013,2.2566417394082134,-1.3247359755321166,-1.2864263547928287
simple_ruleA,5,2018-04-10,48,0.4734583333333333,3.997557862785246,3.935750193771826,-3.5240995294519126,-3.462291860438493
simple_ruleA,2,2018-04-11,48,0.9775604166666666,3.496490022672966,3.482756830625626,-2.5189296060062993,-2.5051964139589593
simple_ruleA,4,2018-04-12,48,1.0839708333333333,3.2510309632729455,3.230910970009285,-2.1670601299396117,-2.1469401366759517
simple_ruleA,3,2018-04-13,48,0.8218916666666667,3.330352886597493,3.246206820277601,-2.5084612199308265,-2.424315153610934
simple_ruleA,3,2018-04-14,48,1.49351875,2.25609246265666,2.220196609960182,-0.76257371265666,-0.7266778599601821
simple_ruleA,1,2018-04-15,48,0.7383104166666667,2.2735113331889796,2.28143610887834,-1.535200916522313,-1.5431256922116734
simple_ruleA,4,2018-04-16,48,0.385025,2.8742413791475627,2.8574345419569043,-2.4892163791475626,-2.4724095419569045
simple_ruleA,4,2018-04-17,48,1.97150625,3.383273215125545,3.360848862155761,-1.4117669651255447,-1.389342612155761
simple_ruleA,1,2018-04-18,48,-0.4744479166666668,3.35492841886548,3.373386963189782,-3.8293763355321464,-3.8478348798564483
simple_ruleA,2,2018-04-19,48,1.10595625,3.8977451928584403,3.880034174227518,-2.7917889428584406,-2.7740779242275178
simple_ruleA,3,2018-04-20,48,0.8808270833333333,6.206965475434157,5.968566733812961,-5.326138392100824,-5.0877396504796275
simple_ruleA,3,2018-04-21,48,1.1203041666666669,6.327452638713331,6.086945376052,-5.207148472046664,-4.966641209385334
simple_ruleA,4,2018-04-22,48,-0.27209166666666657,3.7150043129172747,3.6902701841813683,-3.987095979583941,-3.962361850848035
simple_ruleA,5,2018-04-23,48,2.8972333333333338,2.226950781424502,2.2094495696696255,0.6702825519088317,0.687783763663708
simple_ruleA,1,2018-04-24,48,0.37862291666666664,2.749203435115104,2.7608030526294294,-2.3705805184484374,-2.382180135962763
simple_ruleA,1,2018-04-25,48,0.20233749999999998,4.428585037026606,4.459528694659355,-4.226247537026606,-4.257191194659355
simple_ruleA,5,2018-04-26,48,2.2384375000000003,4.56811583518449,4.496028697493642,-2.32967833518449,-2.257591197493642
simple_ruleA,2,2018-04-27,48,1.00199375,4.7406532688989405,4.716430266188586,-3.7386595188989404,-3.714436516188585
simple_ruleA,1,2018-04-28,48,1.7328625000000002,4.76457667145771,4.797028098294587,-3.0317141714577094,-3.064165598294587
simple_ruleA,5,2018-04-29,48,1.23495,4.599738344927305,4.526113342622956,-3.364788344927305,-3.2911633426229563
simple_ruleA,5,2018-04-30,48,1.4892958333333333,5.521775428771786,5.424446957951882,-4.032479595438453,-3.935151124618548
simple_ruleA,3,2018-05-01,48,1.4048458333333331,6.323287655875194,6.0951927823146645,-4.91844182254186,-4.690346948981331
simple_ruleA,4,2018-05-02,48,2.36231875,3.2437379648893274,3.2244405770469133,-0.8814192148893274,-0.8621218270469133
simple_ruleA,1,2018-05-03,48,1.0001604166666667,2.7033293963578817,2.714772738147795,-1.7031689796912148,-1.714612321481128
simple_ruleA,2,2018-05-04,48,1.6372375000000001,4.404024776761102,4.383073836161311,-2.766787276761102,-2.745836336161311
simple_ruleA,3,2018-05-05,48,0.8744333333333333,5.589464949695461,5.396995129548762,-4.715031616362128,-4.522561796215429
simple_ruleA,3,2018-05-06,48,1.024575,4.84453933181777,4.69597257285701,-3.81996433181777,-3.67139757285701
simple_ruleA,3,2018-05-07,48,0.77006875,6.380648071305894,6.137857165164298,-5.610579321305894,-5.367788415164298
simple_ruleA,2,2018-05-08,48,0.22907708333333332,3.9180988972861592,3.9013820192051476,-3.689021813952826,-3.6723049358718143
simple_ruleA,1,2018-05-09,48,2.2444895833333334,3.53711503685733,3.556358498065972,-1.2926254535239965,-1.3118689147326386
simple_ruleA,3,2018-05-10,48,1.6308125,4.409833594216776,4.275755581285009,-2.7790210942167763,-2.6449430812850094
simple_ruleA,3,2018-05-11,48,1.1914083333333334,4.508150881815172,4.37340354747884,-3.316742548481838,-3.181995214145507
simple_ruleA,1,2018-05-12,48,0.48343958333333337,3.2569689824346075,3.2729502540469504,-2.773529399101274,-2.7895106707136175
simple_ruleA,4,2018-05-13,48,1.3729854166666666,5.06156994528324,5.0203649206232415,-3.6885845286165733,-3.647379503956575
simple_ruleA,3,2018-05-14,48,2.2638125,5.386235690883499,5.206306197607501,-3.1224231908834987,-2.9424936976075
simple_ruleA,3,2018-05-15,48,5.11963125,8.983722576729088,8.588377644149167,-3.864091326729087,-3.468746394149166
simple_ruleA,5,2018-05-16,48,1.7545166666666667,8.05362765214717,7.889612903419139,-6.299110985480504,-6.135096236752472
simple_ruleA,2,2018-05-17,48,2.3546770833333333,6.511209784197502,6.473306134427577,-4.156532700864168,-4.118629051094243
simple_ruleA,4,2018-05-18,48,1.6696604166666666,3.6173392287006645,3.594380988094549,-1.9476788120339978,-1.9247205714278819
simple_ruleA,4,2018-05-19,48,2.7848916666666668,5.2740683567073825,5.228440424114138,-2.489176690040716,-2.4435487574474712
simple_ruleA,3,2018-05-20,48,1.7865229166666667,5.075725101039988,4.91121129222653,-3.289202184373322,-3.124688375559863
simple_ruleA,3,2018-05-21,48,3.6866687500000004,6.266793577484633,6.0336460458656545,-2.5801248274846333,-2.346977295865654
simple_ruleA,4,2018-05-22,48,4.3013125,5.017205506021761,4.976404255399323,-0.7158930060217606,-0.6750917553993226
simple_ruleA,4,2018-05-23,48,7.3965,5.3623813490431465,5.317277300968702,2.0341186509568536,2.079222699031297
simple_ruleA,1,2018-05-24,48,4.644925,5.7979266442915955,5.841985274825478,-1.1530016442915956,-1.1970602748254782
simple_ruleA,1,2018-05-25,48,6.611843749999999,6.606314280599257,6.660409173641352,0.005529469400743327,-0.04856542364135314
simple_ruleA,4,2018-05-26,48,9.096583333333333,8.406386778735051,8.31345871989946,0.6901965545982828,0.7831246134338747
simple_ruleA,5,2018-05-27,48,3.5306458333333333,7.375742552148071,7.230202902444429,-3.845096718814737,-3.6995570691110955
simple_ruleA,4,2018-05-28,48,13.167889583333334,7.888246054765414,7.8038394752740095,5.279643528567919,5.364050108059324
simple_ruleA,5,2018-05-29,48,5.725535416666666,7.820114882610622,7.661980961798455,-2.094579465943956,-1.9364455451317883
simple_ruleA,3,2018-05-30,48,9.285429166666667,7.651510661346059,7.348700054040493,1.6339185053206071,1.9367291126261739
simple_ruleA,5,2018-05-31,48,12.184933333333333,7.7420790125903975,7.581088447573058,4.442854320742937,4.603844885760275
simple_ruleA,4,2018-06-01,48,13.076668750000001,10.161663097643162,10.041664999128384,2.915005652356838,3.0350037508716152
simple_ruleA,5,2018-06-02,48,11.449189583333334,10.074969926895283,9.840575401619867,1.3742196564380498,1.6086141817134647
simple_ruleA,2,2018-06-03,48,13.305341666666665,9.131514566487272,9.066796274800758,4.173827100179396,4.238545391865909
simple_ruleA,3,2018-06-04,48,11.224525,8.383145313578702,8.034091732880459,2.8413796864212983,3.190433267119541
simple_ruleA,5,2018-06-05,48,15.0225875,9.030608111763918,8.831742440009096,5.991979388236081,6.190845059990902
simple_ruleA,5,2018-06-06,48,16.558389583333334,9.192015381858688,8.987281794590146,7.3663742014746445,7.571107788743188
simple_ruleA,5,2018-06-07,48,16.85525,8.394262706002737,8.215294441728831,8.460987293997263,8.63995555827117
simple_ruleA,1,2018-06-08,48,12.38336875,7.8742038141738595,7.942501708479195,4.50916493582614,4.4408670415208045
simple_ruleA,3,2018-06-09,48,11.820802083333334,8.32152091346425,7.979620808289352,3.499281169869084,3.8411812750439815
simple_ruleA,4,2018-06-10,48,8.391241666666668,5.986989485181635,5.934206519876253,2.4042521814850315,2.457035146790414
simple_ruleA,5,2018-06-11,48,7.900585416666666,6.320522900238903,6.2062716245492,1.5800625164277626,1.6943137921174662
simple_ruleA,4,2018-06-12,48,12.53558125,7.078232968695391,7.008066378535196,5.457348281304609,5.5275148714648035
simple_ruleA,3,2018-06-13,48,12.733102083333334,7.545680494348171,7.249912766515763,5.1874215889851625,5.483189316817572
simple_ruleA,1,2018-06-14,48,9.9090375,6.149866468918728,6.196353910737106,3.7591710310812716,3.712683589262893
simple_ruleA,2,2018-06-15,48,11.48983125,6.403464000620764,6.366578619401381,5.086367249379236,5.123252630598619
simple_ruleA,2,2018-06-16,48,10.886785416666667,7.182634200964838,7.137435378712104,3.704151215701829,3.7493500379545623
simple_ruleA,2,2018-06-17,48,10.711004166666667,7.796441720593681,7.746212406944296,2.914562446072985,2.96479175972237
simple_ruleA,4,2018-06-18,48,11.796714583333333,9.85390821468465,9.73944213832285,1.9428063686486832,2.0572724450104833
simple_ruleA,5,2018-06-19,48,11.028002083333334,8.095961164734868,7.927151469918319,2.932040918598465,3.1008506134150142
simple_ruleA,5,2018-06-20,48,9.72026875,8.79281970235329,8.601828363192276,0.9274490476467104,1.1184403868077244
simple_ruleA,1,2018-06-21,48,10.112170833333334,8.575691140633436,8.653743803185295,1.536479692699898,1.4584270301480389
simple_ruleA,2,2018-06-22,48,10.714229166666668,10.333128500681322,10.255726423254126,0.3811006659853447,0.45850274341254144
simple_ruleA,1,2018-06-23,48,5.031352083333333,8.674022577323372,8.753740296559824,-3.642670493990039,-3.7223882132264907
simple_ruleA,2,2018-06-24,48,7.85405,10.622184205777211,10.542065663508277,-2.7681342057772103,-2.688015663508276
simple_ruleA,2,2018-06-25,48,6.10345,11.192145009458116,11.10661354730395,-5.088695009458115,-5.0031635473039495
simple_ruleA,2,2018-06-26,48,3.453735416666667,8.267834091594152,8.213792803464605,-4.814098674927485,-4.760057386797938
simple_ruleA,2,2018-06-27,48,3.451510416666667,8.088584818041753,8.03640910508681,-4.637074401375086,-4.584898688420142
simple_ruleA,4,2018-06-28,48,4.077579166666667,8.81760082102461,8.722237198579599,-4.740021654357943,-4.6446580319129325
simple_ruleA,4,2018-06-29,48,5.869566666666667,10.202997547506481,10.084137272881113,-4.333430880839814,-4.214570606214447
simple_ruleA,1,2018-06-30,48,4.91151875,10.116410042819258,10.215091420129722,-5.204891292819258,-5.303572670129722
simple_ruleA,4,2018-07-01,48,4.30990625,8.291850561451069,8.205866435320829,-3.9819443114510693,-3.895960185320828
simple_ruleA,1,2018-07-02,48,4.0490625,8.272633799125664,8.34528258891492,-4.223571299125664,-4.29622008891492
simple_ruleA,3,2018-07-03,48,4.711125,12.055266208507758,11.474828150466417,-7.344141208507757,-6.763703150466417
simple_ruleA,2,2018-07-04,48,7.37876875,13.08100915770637,12.975942857578778,-5.702240407706371,-5.597174107578776
simple_ruleA,5,2018-07-05,48,5.74290625,8.445460790129854,8.269923589999232,-2.702554540129853,-2.527017339999233
simple_ruleA,5,2018-07-06,48,4.0553625,7.752264424988074,7.596966201092925,-3.6969019249880746,-3.541603701092925
simple_ruleA,4,2018-07-07,48,4.1922749999999995,6.568643878972107,6.507460604634516,-2.376368878972108,-2.315185604634515
simple_ruleA,2,2018-07-08,48,5.56958125,6.885709019819822,6.843813268995482,-1.3161277698198222,-1.274232018995481
simple_ruleA,4,2018-07-09,48,4.689947916666667,6.175936856675613,6.120731790669651,-1.4859889400089468,-1.4307838740029843
simple_ruleA,1,2018-07-10,48,5.214002083333333,7.845733918736809,7.913648766456177,-2.631731835403476,-2.6996466831228445
simple_ruleA,3,2018-07-11,48,6.527662500000001,11.413931999273055,10.882120799101267,-4.886269499273056,-4.3544582991012675
simple_ruleA,4,2018-07-12,48,5.753308333333333,12.260017697159633,12.108931496718101,-6.506709363826299,-6.355623163384769
simple_ruleA,3,2018-07-13,48,6.085518749999999,12.760264209787005,12.137985024348344,-6.6747454597870055,-6.052466274348344
simple_ruleA,2,2018-07-14,48,7.60593125,13.04814649427776,12.943757581626029,-5.442215244277761,-5.337826331626029
simple_ruleA,1,2018-07-15,48,8.274539583333334,13.117733147428401,13.259863301526424,-4.843193564095068,-4.985323718193091
simple_ruleA,3,2018-07-16,48,12.310306249999998,13.84298226666593,13.135268729225603,-1.532676016665931,-0.8249624792256037
simple_ruleA,5,2018-07-17,48,11.6187125,12.699697211058215,12.381030301841284,-1.080984711058216,-0.7623178018412834
simple_ruleA,3,2018-07-18,48,11.08800625,13.13858802154079,12.479374441794134,-2.05058177154079,-1.3913681917941334
simple_ruleA,1,2018-07-19,48,13.954277083333332,11.92897357368578,12.054681236514726,2.025303509647554,1.8995958468186063
simple_ruleA,5,2018-07-20,48,14.115225,13.513451527390174,13.16419496323081,0.6017734726098262,0.9510300367691906
simple_ruleA,4,2018-07-21,48,14.4294375,14.795394472107155,14.594072532348038,-0.36595697210715467,-0.1646350323480382
simple_ruleA,1,2018-07-22,48,19.00787083333333,15.736526329652763,15.922012301214652,3.27134450368057,3.0858585321186798
simple_ruleA,4,2018-07-23,48,15.0426875,15.780034482832614,15.56411396168806,-0.7373469828326131,-0.521426461688059
simple_ruleA,5,2018-07-24,48,16.81790833333333,17.99044692313915,17.477704680069557,-1.1725385898058163,-0.6597963467362241
simple_ruleA,5,2018-07-25,48,13.894170833333334,16.03600638958341,15.601714084313734,-2.1418355562500775,-1.7075432509804003
simple_ruleA,3,2018-07-26,48,15.803525,15.768238709199808,14.934357841199429,0.03528629080019163,0.8691671588005709
simple_ruleA,1,2018-07-27,48,18.182485416666665,16.461282746183745,16.654926684698136,1.7212026704829215,1.527558731968529
simple_ruleA,4,2018-07-28,48,19.700883333333334,17.75368762313012,17.500669544861733,1.9471957102032131,2.200213788471599
simple_ruleA,1,2018-07-29,48,18.006729166666666,16.302656464571317,16.493079633630114,1.7040727020953488,1.513649533036553
simple_ruleA,2,2018-07-30,48,17.292916666666667,16.585223808151785,16.439301681797097,0.7076928585148824,0.8536149848695701
simple_ruleA,1,2018-07-31,48,21.126341666666665,16.47964356645789,16.675248163907884,4.646698100208774,4.451093502758784
simple_ruleA,2,2018-08-01,48,22.3390625,20.19596817913389,20.003442868709268,2.1430943208661115,2.3356196312907342
simple_ruleA,1,2018-08-02,48,24.552404166666665,19.97279782515717,20.22464963301555,4.579606341509497,4.32775453365112
simple_ruleA,2,2018-08-03,48,25.287310416666667,20.02482416334105,19.83795107908064,5.262486253325615,5.449359337586027
simple_ruleA,1,2018-08-04,48,21.493320833333332,17.23169336179048,17.436722308997854,4.261627471542852,4.056598524335477
simple_ruleA,1,2018-08-05,48,20.120252083333334,16.130907744374618,16.31855406976277,3.989344338958715,3.801698013570564
simple_ruleA,1,2018-08-06,48,20.205775,16.111398704648483,16.298794243677314,4.094376295351515,3.9069807563226857
simple_ruleA,1,2018-08-07,48,18.276564583333332,15.909435436575114,16.094242934873353,2.3671291467582187,2.1823216484599812
simple_ruleA,5,2018-08-08,48,18.56114583333333,15.110172888830661,14.707444747115446,3.450972944502673,3.8537010862178867
simple_ruleA,3,2018-08-09,48,17.297029166666665,13.690177856692742,13.002754203208845,3.606851309973924,4.294274963457822
simple_ruleA,4,2018-08-10,48,21.24203125,15.518074209047205,15.306794812993338,5.7239570409527945,5.935236437006661
simple_ruleA,1,2018-08-11,48,19.430629166666666,15.461997297900046,15.640988399571457,3.968631868766622,3.7896407670952086
simple_ruleA,2,2018-08-12,48,21.738249999999997,15.660261933447202,15.525980985541223,6.077988066552797,6.212269014458777
simple_ruleA,2,2018-08-13,48,16.60799375,15.928768109025297,15.791364603311875,0.6792256409747042,0.8166291466881264
simple_ruleA,2,2018-08-14,48,21.81030625,15.926332714182129,15.78899253463539,5.883973535817873,6.0213137153646095
simple_ruleA,4,2018-08-15,48,21.418956249999997,16.274525383292406,16.048533900341727,5.144430866707592,5.3704223496582735
simple_ruleA,5,2018-08-16,48,12.784202083333334,13.45546308998246,13.113677225066608,-0.6712610066491275,-0.3294751417332736
simple_ruleA,5,2018-08-17,48,7.57045625,10.063894219908827,9.83370222498691,-2.4934379699088267,-2.26324597498691
simple_ruleA,5,2018-08-18,48,10.222920833333333,9.538577200670476,9.323734583661844,0.684343632662857,0.8991862496714895
simple_ruleA,2,2018-08-19,48,12.927216666666666,10.577012309470138,10.498634830470982,2.3502043571965285,2.4285818361956855
simple_ruleA,4,2018-08-20,48,16.289279166666667,13.228716771158465,13.059253491422362,3.0605623955082013,3.230025675244304
simple_ruleA,5,2018-08-21,48,12.472558333333334,11.143894423115613,10.880377295150225,1.3286639102177202,1.592181038183108
simple_ruleA,4,2018-08-22,48,17.762779166666665,12.235524773685817,12.079416515756042,5.527254392980848,5.683362650910625
simple_ruleA,3,2018-08-23,48,11.836991666666668,12.005028214221957,11.434600479091415,-0.1680365475552902,0.4023911875752513
simple_ruleA,2,2018-08-24,48,10.792522916666668,9.026518856842722,8.965346599041,1.7660040598239455,1.8271763176256675
simple_ruleA,4,2018-08-25,48,11.11495,10.287538934770824,10.168990825995403,0.8274110652291755,0.9459591740045971
simple_ruleA,1,2018-08-26,48,20.686970833333334,9.682546483019467,9.77594745852521,11.004424350313867,10.911023374808124
simple_ruleA,2,2018-08-27,48,24.93580833333333,10.611878401960409,10.532982301061296,14.323929931372925,14.402826032272037
simple_ruleA,3,2018-08-28,48,13.589735416666668,10.012048483695807,9.564724469687256,3.5776869329708596,4.02501094697941
simple_ruleA,3,2018-08-29,48,8.492264583333332,8.113373527084077,7.787597563363383,0.3788910562492556,0.7046670199699498
simple_ruleA,1,2018-08-30,48,10.803529166666666,11.287338858603635,11.401667205616839,-0.4838096919369683,-0.598138038950171
simple_ruleA,2,2018-08-31,48,10.89263125,10.138760473632223,10.0656425449082,0.7538707763677767,0.8269887050917998
simple_ruleA,4,2018-09-01,48,13.0314125,9.954276642087423,9.839701524925248,3.0771358579125763,3.1917109750747517
simple_ruleA,2,2018-09-02,48,14.591089583333334,9.198630198749113,9.134493293455398,5.39245938458422,5.456596289877935
simple_ruleA,3,2018-09-03,48,7.796535416666667,7.7929346935753125,7.4860832175268115,0.003600723091354008,0.31045219913985544
simple_ruleA,1,2018-09-04,48,10.564354166666666,8.143964917497534,8.215569356326172,2.420389249169133,2.348784810340495
simple_ruleA,5,2018-09-05,48,8.738033333333332,9.280518684945305,9.075427920986693,-0.5424853516119712,-0.3373945876533598
simple_ruleA,2,2018-09-06,48,12.80165,7.721734178092199,7.671055064109569,5.0799158219078,5.130594935890431
simple_ruleA,5,2018-09-07,48,10.23396875,7.518311258450862,7.369066573763965,2.715657491549137,2.8649021762360345
simple_ruleA,1,2018-09-08,48,12.726310416666665,6.011509972949739,6.058971611201099,6.7148004437169275,6.667338805465566
simple_ruleA,4,2018-09-09,48,9.69155625,6.8282514051871805,6.760931700737742,2.86330484481282,2.930624549262259
simple_ruleA,1,2018-09-10,48,6.3824000000000005,7.060595506800266,7.11920153394183,-0.6781955068002662,-0.7368015339418292
simple_ruleA,3,2018-09-11,48,6.397866666666666,6.866585060314807,6.606123471734462,-0.4687183936481401,-0.20825680506779523
simple_ruleA,4,2018-09-12,48,7.5116875,7.2103893889349004,7.138217008363385,0.30129811106509913,0.37347049163661455
simple_ruleA,5,2018-09-13,48,5.06075625,7.7858319926224695,7.624661901034169,-2.72507574262247,-2.563905651034168
simple_ruleA,3,2018-09-14,48,3.2837437499999997,8.862964764293109,8.482141192242477,-5.5792210142931085,-5.198397442242476
simple_ruleA,2,2018-09-15,48,4.31753125,9.037436117172591,8.975571904633549,-4.71990486717259,-4.658040654633549
simple_ruleA,5,2018-09-16,48,2.9613375000000004,8.119006124904212,7.952988993949905,-5.157668624904212,-4.991651493949905
simple_ruleA,4,2018-09-17,48,3.4176520833333335,7.493184602795282,7.417430725417787,-4.07553251946195,-3.9997786420844523
simple_ruleA,3,2018-09-18,48,3.1128916666666666,6.846034911352039,6.582663473601744,-3.733143244685372,-3.469771806935077
simple_ruleA,4,2018-09-19,48,2.2457875,6.80976581541394,6.742795126558214,-4.56397831541394,-4.497007626558214
simple_ruleA,1,2018-09-20,48,0.7976,5.800662932177463,5.842989128952048,-5.003062932177464,-5.045389128952048
simple_ruleA,2,2018-09-21,48,0.9685,5.98731715483937,5.954261400029664,-5.01881715483937,-4.985761400029664
simple_ruleA,5,2018-09-22,48,0.5336354166666667,7.041781847535052,6.904997393317745,-6.508146430868385,-6.371361976651078
simple_ruleA,2,2018-09-23,48,1.35421875,4.58865754975804,4.56625782919384,-3.23443879975804,-3.2120390791938402
simple_ruleA,1,2018-09-24,48,2.2391875,4.081905090923919,4.106667287545826,-1.8427175909239184,-1.8674797875458269
simple_ruleA,5,2018-09-25,48,2.560420833333333,4.662695822701924,4.5869321629655575,-2.1022749893685906,-2.026511329632225
simple_ruleA,3,2018-09-26,48,2.335195833333333,5.381212026214126,5.202274217836911,-3.046016192880792,-2.867078384503577
simple_ruleA,4,2018-09-27,48,2.9180854166666665,5.0693912144444635,5.027079491521143,-2.151305797777797,-2.1089940748544764
simple_ruleA,3,2018-09-28,48,2.5813270833333335,4.499459151212126,4.363672010068028,-1.918132067878793,-1.7823449267346956
simple_ruleA,3,2018-09-29,48,1.9691916666666665,5.796437004633206,5.587794545135156,-3.827245337966539,-3.6186028784684896
simple_ruleA,5,2018-09-30,48,1.6920541666666666,4.610316400334675,4.539829064385732,-2.9182622336680084,-2.847774897719066
simple_ruleA,2,2018-10-01,48,1.81365,3.7045769181123824,3.6893953407196,-1.890926918112383,-1.8757453407196
simple_ruleA,2,2018-10-02,48,3.20476875,3.5113698822772967,3.4966813023736982,-0.3066011322772968,-0.29191255237369806
simple_ruleA,1,2018-10-03,48,5.186252083333334,3.969392063723159,3.994352580882509,1.2168600196101749,1.1918995024508248
simple_ruleA,2,2018-10-04,48,1.5161104166666666,5.4383627692427465,5.407971611178866,-3.9222523525760793,-3.891861194512199
simple_ruleA,1,2018-10-05,48,1.7184541666666666,4.774298223662096,4.80521011506681,-3.0558440569954293,-3.086755948400143
simple_ruleA,4,2018-10-06,48,1.5993562499999998,5.2186526167529,5.176171648417908,-3.6192963667529,-3.576815398417908
simple_ruleA,3,2018-10-07,48,1.48171875,4.457094539850973,4.325049389565929,-2.9753757898509736,-2.843330639565929
simple_ruleA,2,2018-10-08,48,1.7316895833333332,3.2343011769747156,3.2214669953047648,-1.5026115936413822,-1.4897774119714315
simple_ruleA,1,2018-10-09,48,2.7972479166666666,3.298153714389199,3.3155152502459164,-0.5009057977225322,-0.5182673335792497
simple_ruleA,3,2018-10-10,48,2.2220729166666664,3.085417962795722,3.0176611520564642,-0.8633450461290555,-0.7955882353897975
simple_ruleA,2,2018-10-11,48,2.0409645833333334,2.0795492883582485,2.0744668255808443,-0.03858470502491512,-0.03350224224751106
simple_ruleA,2,2018-10-12,48,2.3195125,2.227176712589498,2.2209533580796434,0.09233578741050182,0.09855914192035686
simple_ruleA,5,2018-10-13,48,0.6778916666666667,2.7597808776547605,2.7285632673318827,-2.081889210988094,-2.050671600665216
simple_ruleA,5,2018-10-14,48,1.790254166666667,2.9815646901092343,2.9460819421235622,-1.1913105234425676,-1.1558277754568953
simple_ruleA,5,2018-10-15,48,1.9081458333333334,3.378067894403346,3.33446475627183,-1.4699220610700128,-1.4263189229384972
simple_ruleA,4,2018-10-16,48,2.02229375,3.1463129882929466,3.1268064816233943,-1.124019238292947,-1.1045127316233947
simple_ruleA,5,2018-10-17,48,2.0817791666666667,3.012700228969061,2.9776438746014144,-0.9309210623023945,-0.8958647079347482
simple_ruleA,2,2018-10-18,48,0.9693062500000001,2.6984203927169506,2.6898048953493987,-1.72911414271695,-1.7204986453493987
simple_ruleA,1,2018-10-19,48,2.0646520833333333,2.9646187516632114,2.9795374811211737,-0.899966668329878,-0.9148853977878407
simple_ruleA,3,2018-10-20,48,-0.27284791666666663,2.9218274230128025,2.85238923284362,-3.194675339679469,-3.1252371495102866
simple_ruleA,1,2018-10-21,48,1.3610625,2.830021879148926,2.843997750225523,-1.4689593791489262,-1.482935250225523
simple_ruleA,2,2018-10-22,48,2.1561375000000003,3.1861323562765254,3.1734971012894806,-1.0299948562765253,-1.0173596012894803
simple_ruleA,4,2018-10-23,48,0.4178416666666667,2.6283303522973154,2.6149041954288044,-2.2104886856306485,-2.1970625287621375
simple_ruleA,4,2018-10-24,48,0.7476208333333334,2.663553827897998,2.649336166758982,-1.9159329945646648,-1.901715333425649
simple_ruleA,3,2018-10-25,48,1.1275979166666668,3.2592891446778105,3.1749262479589864,-2.1316912280111437,-2.04732833129232
simple_ruleA,1,2018-10-26,48,0.20395416666666666,2.6162206162638775,2.6267773961407186,-2.4122664495972104,-2.422823229474052
simple_ruleA,2,2018-10-27,48,1.0058270833333334,2.112001827830144,2.1071050888949583,-1.1061747444968106,-1.1012780055616247
simple_ruleA,3,2018-10-28,48,0.98625,1.8898219752023475,1.8657655096230525,-0.9035719752023476,-0.8795155096230524
simple_ruleA,5,2018-10-29,48,-2.6109666666666667,1.6361893977389765,1.6276342785715319,-4.247156064405643,-4.238600945238199
simple_ruleA,4,2018-10-30,48,-0.7990770833333333,1.6340250886819845,1.629633110079717,-2.433102172015318,-2.42871019341305
simple_ruleA,2,2018-10-31,48,-1.9142333333333335,1.6834144183318251,1.680391444118497,-3.5976477516651584,-3.5946247774518305
simple_ruleA,2,2018-11-01,48,-0.6473645833333335,1.8383890393779714,1.8343074825385075,-2.485753622711305,-2.4816720658718405
simple_ruleA,5,2018-11-02,48,-3.2322395833333335,2.282406090205107,2.260384196410905,-5.51464567353844,-5.492623779744238
simple_ruleA,4,2018-11-03,48,-2.161891666666667,2.545440476394883,2.531599243423656,-4.707332143061549,-4.693490910090323
simple_ruleA,3,2018-11-04,48,-1.4037583333333334,2.6056966226130385,2.5489140321086485,-4.009454955946372,-3.9526723654419817
simple_ruleA,4,2018-11-05,48,-1.3719624999999998,2.8442760831223155,2.8278576954161747,-4.2162385831223155,-4.199820195416175
simple_ruleA,4,2018-11-06,48,-0.08727083333333334,2.826991453529377,2.811356783242672,-2.9142622868627104,-2.898627616576005
simple_ruleA,1,2018-11-07,48,-0.27032708333333333,2.8103410571928484,2.822355911086721,-3.0806681405261815,-3.092682994420055
simple_ruleA,4,2018-11-08,48,0.034585416666666674,2.915285102564544,2.899915539769992,-2.880699685897877,-2.865330123103325
simple_ruleA,5,2018-11-09,48,1.2969791666666668,3.1655356571117093,3.129639754733464,-1.8685564904450427,-1.832660588066797
simple_ruleA,1,2018-11-10,48,0.8443166666666667,2.790518151365951,2.8027649561055252,-1.946201484699284,-1.9584482894388586
simple_ruleA,3,2018-11-11,48,0.4616291666666667,1.6366406715683632,1.6200115855155746,-1.1750115049016967,-1.1583824188489078
simple_ruleA,2,2018-11-12,48,1.5471916666666667,1.8300382403519133,1.8260648757770799,-0.2828465736852465,-0.27887320911041336
simple_ruleA,5,2018-11-13,48,1.5327145833333333,2.0579876357520726,2.041838183500634,-0.5252730524187393,-0.509123600167301
simple_ruleA,5,2018-11-14,48,1.3856583333333334,2.1186687174941765,2.1015515996556986,-0.7330103841608432,-0.7158932663223653
simple_ruleA,2,2018-11-15,48,2.7788749999999998,1.948268463086398,1.9436425359780933,0.8306065369136019,0.8352324640219065
simple_ruleA,3,2018-11-16,48,2.197727083333333,1.6668235710397379,1.6491731162255727,0.5309035122935956,0.5485539671077605
simple_ruleA,1,2018-11-17,48,0.4274625,1.314910398944715,1.3165470699554367,-0.8874478989447151,-0.8890845699554367
simple_ruleA,2,2018-11-18,48,1.1384,1.39896795187034,1.3973195555475737,-0.26056795187033993,-0.2589195555475737
simple_ruleA,1,2018-11-19,48,0.4427375,1.4935048772094974,1.496339046299428,-1.0507673772094974,-1.053601546299428
simple_ruleA,5,2018-11-20,48,0.14482916666666668,1.5929693518228263,1.5846496241487324,-1.44814018515616,-1.4398204574820659
simple_ruleA,2,2018-11-21,48,2.0284166666666668,1.5813428556327025,1.5790762476392768,0.44707381103396426,0.4493404190273897
simple_ruleA,4,2018-11-22,48,-0.08348958333333333,1.1669624155340081,1.166011429109114,-1.2504519988673415,-1.2495010124424473
simple_ruleA,5,2018-11-23,48,-0.2512875,1.1047449835999608,1.1035538019554034,-1.3560324835999609,-1.3548413019554035
simple_ruleA,5,2018-11-24,48,-0.7501666666666668,1.0906890335033712,1.0897394867260344,-1.840855700170038,-1.839906153392701
simple_ruleA,4,2018-11-25,48,0.5764145833333333,1.1470184104841212,1.1461972092813895,-0.5706038271507877,-0.5697826259480561
simple_ruleA,2,2018-11-26,48,-0.41762916666666666,1.426732989122683,1.4248705335696552,-1.8443621557893497,-1.8424997002363217
simple_ruleA,4,2018-11-27,48,-0.4593875,1.8753966861050844,1.869096148140473,-2.3347841861050846,-2.328483648140473
simple_ruleA,3,2018-11-28,48,-0.39585,1.3106708662616169,1.3026849422100522,-1.7065208662616171,-1.6985349422100524
simple_ruleA,3,2018-11-29,48,0.3945541666666667,1.1561922152780606,1.1525558486439762,-0.761638048611394,-0.7580016819773094
simple_ruleA,5,2018-11-30,48,0.03404166666666666,1.1767352760836511,1.1745988762808113,-1.1426936094169844,-1.1405572096141448
simple_ruleA,1,2018-12-01,48,0.32940416666666666,1.318871860382136,1.3206589845131769,-0.9894676937154695,-0.9912548178465102
simple_ruleA,1,2018-12-02,48,-1.1751104166666668,1.4269206890386774,1.4293172385851047,-2.602031105705344,-2.6044276552517713
simple_ruleA,5,2018-12-03,48,0.06273749999999989,1.8716770062455013,1.8597490603438027,-1.8089395062455014,-1.7970115603438028
simple_ruleA,3,2018-12-04,48,0.8831520833333334,1.980721713455764,1.9534331356086643,-1.097569630122431,-1.070281052275331
simple_ruleA,1,2018-12-05,48,0.904875,1.0195307529465605,1.0196125783772374,-0.1146557529465605,-0.11473757837723747
simple_ruleA,2,2018-12-06,48,0.6382270833333333,1.199519279245924,1.1987830920187268,-0.5612921959125906,-0.5605560086853935
simple_ruleA,2,2018-12-07,48,1.2901666666666667,1.0030912788963942,1.0030817233078273,0.28707538777027236,0.2870849433588393
simple_ruleA,3,2018-12-08,48,0.8662041666666666,1.002463578157968,1.0024153760922605,-0.1362594114913013,-0.13621120942559387
simple_ruleA,5,2018-12-09,48,1.2684666666666666,1.0027702339419051,1.0027429414780185,0.26569643272476157,0.2657237251886481
simple_ruleA,5,2018-12-10,48,1.2839229166666668,1.0259941801482,1.0257184741578855,0.2579287365184666,0.258204442508781
simple_ruleA,3,2018-12-11,48,1.2726708333333334,1.0382941902633125,1.0375026132268896,0.2343766430700207,0.23516822010644375
simple_ruleA,4,2018-12-12,48,1.98575625,1.0123813582627772,1.0123192203078608,0.9733748917372228,0.9734370296921394
simple_ruleA,1,2018-12-13,48,1.27955625,1.006247929707907,1.0062737927815093,0.2733083202920929,0.2732824572184908
simple_ruleA,3,2018-12-14,48,1.3735395833333335,1.0038298092413578,1.003754746596333,0.36970977409197564,0.3697848367370003
simple_ruleA,5,2018-12-15,48,1.5958770833333336,1.0186879331936023,1.0184961558125638,0.577189150139731,0.5773809275207696
simple_ruleA,4,2018-12-16,48,1.9525708333333334,1.020734739005958,1.0206304005319298,0.9318360943273752,0.9319404328014036
simple_ruleA,4,2018-12-17,48,1.559677083333333,1.0827786597195015,1.0823304127451188,0.47689842361383183,0.47734667058821456
simple_ruleA,4,2018-12-18,48,1.2172083333333334,1.19497684050935,1.193837268287068,0.022231492823983467,0.023371065046265394
simple_ruleA,1,2018-12-19,48,1.0193583333333334,1.2613627088555464,1.2627010822459608,-0.2420043755222131,-0.24334274891262733
simple_ruleA,5,2018-12-20,48,0.8843895833333333,1.1962141471614538,1.1936994807047498,-0.31182456382812046,-0.30930989737141645
simple_ruleA,2,2018-12-21,48,1.6576020833333336,1.4439556025378506,1.4420901778512498,0.21364648079548262,0.21551190548208352
simple_ruleA,1,2018-12-22,48,1.8095979166666665,1.4858422229576556,1.4885787825921721,0.3237556937090111,0.3210191340744946
simple_ruleA,5,2018-12-23,48,1.4568145833333332,1.182286306529104,1.18014199401456,0.2745282768042292,0.27667258931877303
simple_ruleA,4,2018-12-24,48,-0.2914979166666667,1.0099613382719126,1.0099115755252868,-1.3014592549385793,-1.3014094921919535
simple_ruleA,1,2018-12-25,48,0.20039166666666666,1.1039877906682862,1.1044715551494546,-0.9035961240016195,-0.904079888482788
simple_ruleA,3,2018-12-26,48,0.9556270833333333,1.0218205810231706,1.0213849145327745,-0.0661934976898373,-0.0657578311994413
simple_ruleA,5,2018-12-27,48,0.6658104166666666,1.002149077795586,1.0021279161929395,-0.33633866112891914,-0.3363174995262728
simple_ruleA,3,2018-12-28,48,-0.10843333333333334,1.001985035786423,1.0019462057469324,-1.1104183691197564,-1.1103795390802655
simple_ruleA,3,2018-12-29,48,0.0350666666666667,1.002832218884975,1.002776790149261,-0.9677655522183083,-0.9677101234825943
simple_ruleA,2,2018-12-30,48,1.4034729166666666,1.002724603615473,1.002716181353002,0.4007483130511935,0.4007567353136648
simple_ruleA,5,2018-12-31,48,0.5690479166666667,1.0038573991241035,1.0038193379782057,-0.43480948245743684,-0.43477142131153906
knee_ruleA,3,2018-04-09,13,0.9702153846153846,0.4891610806150913,0.515734454615642,0.48105430400029336,0.45448092999974254
knee_ruleA,5,2018-04-10,48,0.4734583333333333,2.442970226383855,2.5786275855454472,-1.969511893050522,-2.105169252212114
knee_ruleA,2,2018-04-11,48,0.9775604166666666,1.4650678459173818,1.638749821985784,-0.48750742925071505,-0.6611894053191171
knee_ruleA,4,2018-04-12,48,1.0839708333333333,1.4024613576600256,1.5065927411924627,-0.31849052432669206,-0.4226219078591294
knee_ruleA,3,2018-04-13,48,0.8218916666666667,1.5591125377798056,1.5788193399642332,-0.737220871113139,-0.7569276732975667
knee_ruleA,3,2018-04-14,48,1.49351875,0.4093114442541012,0.4370936435390423,1.0842073057458987,1.0564251064609578
knee_ruleA,1,2018-04-15,48,0.7383104166666667,0.4486532804427765,0.5194424984104183,0.2896571362238901,0.2188679182562483
knee_ruleA,4,2018-04-16,48,0.385025,1.1799716981186346,1.2651031137487807,-0.7949466981186345,-0.8800781137487808
knee_ruleA,4,2018-04-17,48,1.97150625,1.6568620162104601,1.7584556130568387,0.3146442337895398,0.21305063694316131
knee_ruleA,1,2018-04-18,48,-0.4744479166666668,1.6106125407201164,1.7435460161694953,-2.085060457386783,-2.2179939328361624
knee_ruleA,2,2018-04-19,48,1.10595625,2.1152109550833464,2.28042630935052,-1.0092547050833462,-1.1744700593505202
knee_ruleA,3,2018-04-20,48,0.8808270833333333,4.908327424932375,4.806368275378037,-4.027500341599042,-3.925541192044704
knee_ruleA,3,2018-04-21,48,1.1203041666666669,4.962276307838863,4.871302613260359,-3.841972141172196,-3.7509984465936927
knee_ruleA,4,2018-04-22,48,-0.27209166666666657,1.7753205393313942,1.9044623024202536,-2.047412205998061,-2.1765539690869202
knee_ruleA,5,2018-04-23,48,2.8972333333333338,0.3437569556071624,0.41748954439651703,2.553476377726171,2.4797437889368164
knee_ruleA,1,2018-04-24,48,0.37862291666666664,0.7792243643119785,0.8872534391904842,-0.40060144764531175,-0.5086305225238175
knee_ruleA,1,2018-04-25,48,0.20233749999999998,2.976678180868135,3.131583514508023,-2.7743406808681352,-2.929246014508023
knee_ruleA,5,2018-04-26,48,2.2384375000000003,2.758662597435302,2.92759116183095,-0.5202250974353017,-0.6891536618309498
knee_ruleA,2,2018-04-27,48,1.00199375,3.010266703556273,3.2016016465872323,-2.0082729535562733,-2.1996078965872323
knee_ruleA,1,2018-04-28,48,1.7328625000000002,3.0624953499638976,3.2588219840014,-1.3296328499638976,-1.5259594840014001
knee_ruleA,5,2018-04-29,48,1.23495,2.8443366838456154,3.006687853583166,-1.6093866838456155,-1.7717378535831652
knee_ruleA,5,2018-04-30,48,1.4892958333333333,3.857856700452843,4.030392757558618,-2.3685608671195095,-2.541096924225284
knee_ruleA,3,2018-05-01,48,1.4048458333333331,4.837824568550999,4.789650873431681,-3.432978735217665,-3.3848050400983474
knee_ruleA,4,2018-05-02,48,2.36231875,1.278748455423598,1.3906432054256044,1.083570294576402,0.9716755445743955
knee_ruleA,1,2018-05-03,48,1.0001604166666667,0.7917135086468031,0.8952458195516835,0.20844690801986346,0.10491459711498315
knee_ruleA,2,2018-05-04,48,1.6372375000000001,2.528217279307887,2.7297656256785916,-0.8909797793078872,-1.0925281256785915
knee_ruleA,3,2018-05-05,48,0.8744333333333333,3.996587742530091,3.9656840766489982,-3.122154409196758,-3.091250743315665
knee_ruleA,3,2018-05-06,48,1.024575,3.0059376921892667,3.0232776274307795,-1.9813626921892666,-1.9987026274307793
knee_ruleA,3,2018-05-07,48,0.77006875,4.992687763929037,4.902521432236594,-4.2226190139290365,-4.132452682236594
knee_ruleA,2,2018-05-08,48,0.22907708333333332,1.8959261330735764,2.09563394213062,-1.666849049740243,-1.8665568587972867
knee_ruleA,1,2018-05-09,48,2.2444895833333334,1.6283982848502194,1.7822311686323868,0.6160912984831143,0.4622584147009467
knee_ruleA,3,2018-05-10,48,1.6308125,2.6716542352564887,2.6727378909430346,-1.0408417352564892,-1.0419253909430344
knee_ruleA,3,2018-05-11,48,1.1914083333333334,2.6726089169495224,2.6876432797987504,-1.4812005836161886,-1.4962349464654168
knee_ruleA,1,2018-05-12,48,0.48343958333333337,1.2349827048820499,1.3811978142837458,-0.7515431215487166,-0.8977582309504125
knee_ruleA,4,2018-05-13,48,1.3729854166666666,3.285128370403037,3.4499101290363874,-1.9121429537363703,-2.076924712369721
knee_ruleA,3,2018-05-14,48,2.2638125,3.718151350304583,3.702479105390131,-1.454338850304583,-1.4386666053901311
knee_ruleA,3,2018-05-15,48,5.11963125,8.14515374942585,7.908829499170113,-3.0255224994258487,-2.789198249170113
knee_ruleA,5,2018-05-16,48,1.7545166666666667,6.880919393977666,7.069407684818846,-5.126402727310999,-5.3148910181521805
knee_ruleA,2,2018-05-17,48,2.3546770833333333,5.005538628706666,5.264073688874901,-2.6508615453733326,-2.909396605541568
knee_ruleA,4,2018-05-18,48,1.6696604166666666,1.5891774456162118,1.7248431887599303,0.08048297105045478,-0.0551827720932637
knee_ruleA,4,2018-05-19,48,2.7848916666666668,3.6620255362320386,3.801215833532503,-0.8771338695653722,-1.0163241668658367
knee_ruleA,3,2018-05-20,48,1.7865229166666667,3.3695632159940523,3.362262556685335,-1.5830402993273858,-1.5757396400186685
knee_ruleA,3,2018-05-21,48,3.6866687500000004,4.859196069895101,4.784405163042752,-1.1725273198951016,-1.0977364130427523
knee_ruleA,4,2018-05-22,48,4.3013125,3.2506274588311537,3.4118554699780206,1.0506850411688466,0.8894570300219792
knee_ruleA,4,2018-05-23,48,7.3965,3.641471780625929,3.8106142031869545,3.7550282193740716,3.5858857968130455
knee_ruleA,1,2018-05-24,48,4.644925,4.30712484820983,4.529928547859128,0.33780015179016915,0.11499645214087273
knee_ruleA,1,2018-05-25,48,6.611843749999999,5.312159963168363,5.536168499064613,1.2996837868316369,1.0756752509353873
knee_ruleA,4,2018-05-26,48,9.096583333333333,7.492779770683481,7.57080805224478,1.6038035626498524,1.5257752810885539
knee_ruleA,5,2018-05-27,48,3.5306458333333333,6.029660443273329,6.222335656217079,-2.499014609939996,-2.6916898228837454
knee_ruleA,4,2018-05-28,48,13.167889583333334,6.853532944692799,6.951613855151746,6.314356638640533,6.216275728181587
knee_ruleA,5,2018-05-29,48,5.725535416666666,6.587408152734784,6.772174720890071,-0.861872736068117,-1.0466393042234046
knee_ruleA,3,2018-05-30,48,9.285429166666667,6.487000817384348,6.3700540035342,2.7984283492823185,2.9153751631324663
knee_ruleA,5,2018-05-31,48,12.184933333333333,6.537770824211155,6.666839475732239,5.647162509122178,5.5180938576010945
knee_ruleA,4,2018-06-01,48,13.076668750000001,9.619180998854407,9.659140908311661,3.457487751145593,3.4175278416883383
knee_ruleA,5,2018-06-02,48,11.449189583333334,9.403603584961532,9.423051785486704,2.0455859983718017,2.02613779784663
knee_ruleA,2,2018-06-03,48,13.305341666666665,8.361690318870709,8.494632367371524,4.943651347795959,4.8107092992951435
knee_ruleA,3,2018-06-04,48,11.224525,7.4084109308972765,7.237807034091028,3.8161140691027238,3.9867179659089715
knee_ruleA,5,2018-06-05,48,15.0225875,8.130341196400021,8.224213601972231,6.892246303599978,6.798373898027769
knee_ruleA,5,2018-06-06,48,16.558389583333334,8.326246022475107,8.404771208434749,8.232143560858226,8.153618374898583
knee_ruleA,5,2018-06-07,48,16.85525,7.319724443869531,7.4454658080275244,9.53552555613047,9.409784191972475
knee_ruleA,1,2018-06-08,48,12.38336875,6.8622217492410025,7.120978054879238,5.521147000758997,5.262390695120763
knee_ruleA,3,2018-06-09,48,11.820802083333334,7.323725887223048,7.1678454446741275,4.497076196110284,4.652956638659206
knee_ruleA,4,2018-06-10,48,8.391241666666668,4.376658608477622,4.562295218760597,4.014583058189044,3.8289464479060693
knee_ruleA,5,2018-06-11,48,7.900585416666666,4.682141767074159,4.910538028894053,3.2184436495925066,2.9900473877726133
knee_ruleA,4,2018-06-12,48,12.53558125,5.806415507957361,5.952328139972316,6.729165742042639,6.583253110027684
knee_ruleA,3,2018-06-13,48,12.733102083333334,6.355559724459237,6.247298619997056,6.377542358874096,6.4858034633362776
knee_ruleA,1,2018-06-14,48,9.9090375,4.633732685288352,4.898424787504412,5.275304814711649,5.010612712495588
knee_ruleA,2,2018-06-15,48,11.48983125,4.855916052896266,5.11746480158662,6.633915197103733,6.372366448413381
knee_ruleA,2,2018-06-16,48,10.886785416666667,5.904981992188478,6.114168791625222,4.981803424478189,4.7726166250414455
knee_ruleA,2,2018-06-17,48,10.711004166666667,6.656241299620209,6.8782800238306665,4.054762867046457,3.832724142836
knee_ruleA,4,2018-06-18,48,11.796714583333333,9.248283964177777,9.305811225929892,2.5484306191555564,2.490903357403442
knee_ruleA,5,2018-06-19,48,11.028002083333334,6.95319343728093,7.101116098213737,4.074808646052403,3.9268859851195965
knee_ruleA,5,2018-06-20,48,9.72026875,7.823216606803822,7.933924444492626,1.8970521431961789,1.786344305507373
knee_ruleA,1,2018-06-21,48,10.112170833333334,7.768343110678402,8.007808014596744,2.343827722654931,2.1043628187365893
knee_ruleA,2,2018-06-22,48,10.714229166666668,9.838723406536806,9.909574861943115,0.8755057601298617,0.8046543047235509
knee_ruleA,1,2018-06-23,48,5.031352083333333,7.893544470427866,8.124736900974673,-2.8621923870945323,-3.0933848176413394
knee_ruleA,2,2018-06-24,48,7.85405,10.188837758256248,10.25595830317231,-2.334787758256248,-2.4019083031723096
knee_ruleA,2,2018-06-25,48,6.10345,10.915472032846681,10.969028097154947,-4.812022032846681,-4.8655780971549465
knee_ruleA,2,2018-06-26,48,3.453735416666667,7.24567515646187,7.478935306173394,-3.791939739795204,-4.025199889506728
knee_ruleA,2,2018-06-27,48,3.451510416666667,7.013430941988883,7.2566719565753175,-3.5619205253222166,-3.805161539908651
knee_ruleA,4,2018-06-28,48,4.077579166666667,7.969783298143852,8.097947488317532,-3.8922041314771847,-4.0203683216508646
knee_ruleA,4,2018-06-29,48,5.869566666666667,9.698929010666953,9.761448332326344,-3.829362344000287,-3.891881665659677
knee_ruleA,1,2018-06-30,48,4.91151875,9.735192258738183,9.949603211069299,-4.823673508738183,-5.038084461069299
knee_ruleA,4,2018-07-01,48,4.30990625,7.317408347532541,7.47737618650131,-3.007502097532541,-3.167469936501309
knee_ruleA,1,2018-07-02,48,4.0490625,7.378335163909589,7.649121539382211,-3.329272663909588,-3.6000590393822107
knee_ruleA,3,2018-07-03,48,4.711125,11.914379918118989,11.489383693266525,-7.203254918118987,-6.778258693266525
knee_ruleA,2,2018-07-04,48,7.37876875,13.286983646958518,13.251359948096777,-5.908214896958518,-5.872591198096777
knee_ruleA,5,2018-07-05,48,5.74290625,7.383024240167294,7.559111045239342,-1.640117990167293,-1.8162047952393412
knee_ruleA,5,2018-07-06,48,4.0553625,6.495793036988327,6.6921570822370775,-2.4404305369883263,-2.636794582237077
knee_ruleA,4,2018-07-07,48,4.1922749999999995,5.119067357008867,5.297856424701985,-0.9267923570088675,-1.105581424701985
knee_ruleA,2,2018-07-08,48,5.56958125,5.500103722592673,5.733724854926057,0.06947752740732731,-0.16414360492605645
knee_ruleA,4,2018-07-09,48,4.689947916666667,4.607781244183587,4.796569202225487,0.08216667248307982,-0.10662128555882044
knee_ruleA,1,2018-07-10,48,5.214002083333333,6.827082067289502,7.086245014172364,-1.6130799839561683,-1.8722429308390305
knee_ruleA,3,2018-07-11,48,6.527662500000001,11.207751741772542,10.842022337307881,-4.680089241772542,-4.31435983730788
knee_ruleA,4,2018-07-12,48,5.753308333333333,12.326787982242983,12.326384608060117,-6.57347964890965,-6.573076274726784
knee_ruleA,3,2018-07-13,48,6.085518749999999,12.832242501594514,12.359551619431992,-6.746723751594515,-6.274032869431994
knee_ruleA,2,2018-07-14,48,7.60593125,13.274268169966762,13.246126551087654,-5.668336919966762,-5.640195301087652
knee_ruleA,1,2018-07-15,48,8.274539583333334,13.475106024446937,13.588756419823563,-5.2005664411136046,-5.314216836490231
knee_ruleA,3,2018-07-16,48,12.310306249999998,13.963613414941415,13.389469738216178,-1.653307164941415,-1.0791634882161778
knee_ruleA,5,2018-07-17,48,11.6187125,12.688763110963029,12.561783445431415,-1.070050610963027,-0.9430709454314146
knee_ruleA,3,2018-07-18,48,11.08800625,13.139059649132472,12.620767894518059,-2.0510533991324733,-1.5327616445180592
knee_ruleA,1,2018-07-19,48,13.954277083333332,11.956425751766815,12.098878704094197,1.9978513315665187,1.8553983792391369
knee_ruleA,5,2018-07-20,48,14.115225,13.620569514746068,13.416961997534377,0.4946554852539314,0.6982630024656226
knee_ruleA,4,2018-07-21,48,14.4294375,15.118838195435535,14.93471335388159,-0.6894006954355346,-0.5052758538815896
knee_ruleA,1,2018-07-22,48,19.00787083333333,16.429844659644814,16.39038731889385,2.578026173688519,2.617483514439482
knee_ruleA,4,2018-07-23,48,15.0426875,16.44641080299006,16.234776837802325,-1.4037233029900584,-1.1920893378023238
knee_ruleA,5,2018-07-24,48,16.81790833333333,18.87378519956813,18.27840680564098,-2.0558768662347977,-1.4604984723076484
knee_ruleA,5,2018-07-25,48,13.894170833333334,16.771387256558267,16.3852102892517,-2.877216423224936,-2.4910394559183655
knee_ruleA,3,2018-07-26,48,15.803525,16.32200976236243,15.600310494841239,-0.5184847623624315,0.20321450515876108
knee_ruleA,1,2018-07-27,48,18.182485416666665,17.487900233608386,17.448552581398108,0.6945851830582797,0.7339328352685602
knee_ruleA,4,2018-07-28,48,19.700883333333334,18.69358768865941,18.362991665875374,1.0072956446739258,1.3378916674579602
knee_ruleA,1,2018-07-29,48,18.006729166666666,17.349338014642246,17.32541070901825,0.6573911520244194,0.6813184576484157
knee_ruleA,2,2018-07-30,48,17.292916666666667,17.425437928395304,17.11892797825938,-0.13252126172863696,0.1739886884072888
knee_ruleA,1,2018-07-31,48,21.126341666666665,17.397544658037575,17.340194043503846,3.728797008629091,3.7861476231628193
knee_ruleA,2,2018-08-01,48,22.3390625,21.229537715885627,20.59273941371299,1.109524784114373,1.7463230862870096
knee_ruleA,1,2018-08-02,48,24.552404166666665,21.41693019813911,21.17822826312905,3.13547396852756,3.374175903537616
knee_ruleA,2,2018-08-03,48,25.287310416666667,21.39648449378581,20.816030507816112,3.8908259228808575,4.471279908850552
knee_ruleA,1,2018-08-04,48,21.493320833333332,18.450634754262047,18.380006612802838,3.042686079071286,3.1133142205304956
knee_ruleA,1,2018-08-05,48,20.120252083333334,17.149144007644306,17.13510132359387,2.9711080756890245,2.9851507597394655
knee_ruleA,1,2018-08-06,48,20.205775,17.123327613438253,17.109360845166965,3.0824473865617463,3.0964141548330333
knee_ruleA,1,2018-08-07,48,18.276564583333332,16.844613516869302,16.834714276815102,1.4319510664640305,1.441850306518229
knee_ruleA,5,2018-08-08,48,18.56114583333333,15.61757696480798,15.301933939147096,2.9435688685253516,3.2592118941862385
knee_ruleA,3,2018-08-09,48,17.297029166666665,13.91560560022141,13.366119429175223,3.3814235664452585,3.9309097374914437
knee_ruleA,4,2018-08-10,48,21.24203125,16.128004327525087,15.93102398584373,5.114026922474912,5.311007264156269
knee_ruleA,1,2018-08-11,48,19.430629166666666,16.232707104797644,16.23275160804359,3.1979220618690216,3.1978775586230768
knee_ruleA,2,2018-08-12,48,21.738249999999997,16.40384826182245,16.183922970979985,5.33440173817755,5.554327029020015
knee_ruleA,2,2018-08-13,48,16.60799375,16.72220487830291,16.481495865375088,-0.11421112830291051,0.1264978846249125
knee_ruleA,2,2018-08-14,48,21.81030625,16.725968092813652,16.485015176450872,5.084338157186349,5.325291073549127
knee_ruleA,4,2018-08-15,48,21.418956249999997,16.95303087223517,16.708681566711174,4.4659253777648305,4.7102746832888265
knee_ruleA,5,2018-08-16,48,12.784202083333334,13.677395758160444,13.513169377719793,-0.8931936748271104,-0.7289672943864605
knee_ruleA,5,2018-08-17,48,7.57045625,9.419975649058966,9.47534807980871,-1.8495193990589656,-1.9048918298087087
knee_ruleA,5,2018-08-18,48,10.222920833333333,8.759212170303703,8.828756768367656,1.4637086630296308,1.394164064965677
knee_ruleA,2,2018-08-19,48,12.927216666666666,10.173642583646759,10.277325199455715,2.753574083019908,2.6498914672109515
knee_ruleA,4,2018-08-20,48,16.289279166666667,13.44774393237273,13.381798120027463,2.841535234293938,2.9074810466392016
knee_ruleA,5,2018-08-21,48,12.472558333333334,10.794952308935287,10.800938124901535,1.6776060243980473,1.6716202084317981
knee_ruleA,4,2018-08-22,48,17.762779166666665,12.077144952602623,12.021040326743451,5.685634214064042,5.741738839923216
knee_ruleA,3,2018-08-23,48,11.836991666666668,11.934716341905519,11.523651130344268,-0.09772467523885209,0.3133405363223999
knee_ruleA,2,2018-08-24,48,10.792522916666668,8.229289792248478,8.445149394080362,2.5632331244181876,2.3473735225863046
knee_ruleA,4,2018-08-25,48,11.11495,9.84219845179582,9.923640626437772,1.2727515482041796,1.1913093735622284
knee_ruleA,1,2018-08-26,48,20.686970833333334,9.156831949620488,9.370607738736306,11.530138883712846,11.316363094597028
knee_ruleA,2,2018-08-27,48,24.93580833333333,10.197231837275679,10.297373545474505,14.738576496057656,14.638434787858829
knee_ruleA,3,2018-08-28,48,13.589735416666668,9.418568355232642,9.146583474963267,4.171167061434024,4.443151941703399
knee_ruleA,3,2018-08-29,48,8.492264583333332,7.071574259078677,6.938848218041708,1.4206903242546571,1.5534163652916249
knee_ruleA,1,2018-08-30,48,10.803529166666666,11.241621675122616,11.436926165167229,-0.43809250845594844,-0.6333969985005621
knee_ruleA,2,2018-08-31,48,10.89263125,9.638124557765373,9.784276642448306,1.2545066922346269,1.1083546075516926
knee_ruleA,4,2018-09-01,48,13.0314125,9.393928798625097,9.468651240769091,3.637483701374902,3.5627612592309084
knee_ruleA,2,2018-09-02,48,14.591089583333334,8.430520487376812,8.60167020012811,6.160569095956522,5.989419383205223
knee_ruleA,3,2018-09-03,48,7.796535416666667,6.664505243788098,6.551756777357725,1.1320301728785684,1.2447786393089417
knee_ruleA,1,2018-09-04,48,10.564354166666666,7.210498607072463,7.470433679023482,3.3538555595942032,3.0939204876431856
knee_ruleA,5,2018-09-05,48,8.738033333333332,8.44340462795286,8.541591111352103,0.29462870538047214,0.1964422219812301
knee_ruleA,2,2018-09-06,48,12.80165,6.6131763423752865,6.796469200117948,6.188473657624713,6.0051807998820514
knee_ruleA,5,2018-09-07,48,10.23396875,6.215085557026296,6.4084852939465256,4.0188831929737034,3.8254834560534747
knee_ruleA,1,2018-09-08,48,12.726310416666665,4.606886071198587,4.814280466836303,8.11942434546808,7.912029949830363
knee_ruleA,4,2018-09-09,48,9.69155625,5.522549997247118,5.658397339645869,4.169006252752882,4.033158910354132
knee_ruleA,1,2018-09-10,48,6.3824000000000005,5.834059443019844,6.082634895735663,0.5483405569801562,0.2997651042643366
knee_ruleA,3,2018-09-11,48,6.397866666666666,5.5240690204454035,5.4415305396599765,0.8737976462212632,0.9563361270066902
knee_ruleA,4,2018-09-12,48,7.5116875,5.959552760583883,6.103236251308008,1.5521347394161158,1.408451248691992
knee_ruleA,5,2018-09-13,48,5.06075625,6.55529169639341,6.697876187547604,-1.49453544639341,-1.637119937547604
knee_ruleA,3,2018-09-14,48,3.2837437499999997,7.993370933601273,7.785251240838927,-4.709627183601273,-4.501507490838927
knee_ruleA,2,2018-09-15,48,4.31753125,8.235017762892236,8.432470509671276,-3.917486512892236,-4.114939259671277
knee_ruleA,5,2018-09-16,48,2.9613375000000004,6.964231680184102,7.149848197037418,-4.002894180184101,-4.188510697037418
knee_ruleA,4,2018-09-17,48,3.4176520833333335,6.299542612725251,6.448812291773513,-2.8818905293919173,-3.031160208440179
knee_ruleA,3,2018-09-18,48,3.1128916666666666,5.512091947823728,5.41776347776707,-2.3992002811570616,-2.3048718111004036
knee_ruleA,4,2018-09-19,48,2.2457875,5.484795596621812,5.622562025725913,-3.2390080966218124,-3.376774525725914
knee_ruleA,1,2018-09-20,48,0.7976,4.184570985958625,4.44532289565341,-3.3869709859586243,-3.6477228956534105
knee_ruleA,2,2018-09-21,48,0.9685,4.316864336903975,4.585149253243882,-3.3483643369039746,-3.616649253243882
knee_ruleA,5,2018-09-22,48,0.5336354166666667,5.62135516745095,5.811678163274769,-5.0877197507842835,-5.278042746608102
knee_ruleA,2,2018-09-23,48,1.35421875,2.725639756438522,2.9330080383203465,-1.3714210064385224,-1.5787892883203465
knee_ruleA,1,2018-09-24,48,2.2391875,2.227700059188415,2.4068420887225046,0.011487440811585198,-0.16765458872250463
knee_ruleA,5,2018-09-25,48,2.560420833333333,2.9485622616031804,3.106323928922475,-0.3881414282698468,-0.5459030955891423
knee_ruleA,3,2018-09-26,48,2.335195833333333,3.6977022391585534,3.6851679279000233,-1.3625064058252196,-1.3499720945666898
knee_ruleA,4,2018-09-27,48,2.9180854166666665,3.372232482042723,3.519739026605111,-0.4541470653760565,-0.6016536099384445
knee_ruleA,3,2018-09-28,48,2.5813270833333335,2.6913520009882728,2.7008753443515787,-0.11002491765493938,-0.11954826101824563
knee_ruleA,3,2018-09-29,48,1.9691916666666665,4.29916497715167,4.24174077074644,-2.3299733104850033,-2.2725491040797734
knee_ruleA,5,2018-09-30,48,1.6920541666666666,2.6717742932517807,2.8727886478105478,-0.9797201265851143,-1.1807344811438811
knee_ruleA,2,2018-10-01,48,1.81365,1.6725299697409286,1.85979078618086,0.1411200302590713,-0.04614078618085996
knee_ruleA,2,2018-10-02,48,3.20476875,1.6709408011446605,1.8222373265938039,1.5338279488553397,1.3825314234061963
knee_ruleA,1,2018-10-03,48,5.186252083333334,2.279955760415531,2.430694945763844,2.9062963229178025,2.755557137569489
knee_ruleA,2,2018-10-04,48,1.5161104166666666,3.8758290769709185,4.065671118656026,-2.3597186603042517,-2.549560701989359
knee_ruleA,1,2018-10-05,48,1.7184541666666666,2.9084888007111167,3.139595331299646,-1.1900346340444496,-1.421141164632979
knee_ruleA,4,2018-10-06,48,1.5993562499999998,3.423932647322253,3.6047004068146826,-1.8245763973222526,-2.0053441568146826
knee_ruleA,3,2018-10-07,48,1.48171875,2.6113076089321714,2.628502257395122,-1.1295888589321714,-1.1467835073951222
knee_ruleA,2,2018-10-08,48,1.7316895833333332,1.4293486191606997,1.5642207908793857,0.3023409641726337,0.16746879245394763
knee_ruleA,1,2018-10-09,48,2.7972479166666666,1.4610146611395665,1.597460793884262,1.3362332555271001,1.1997871227824046
knee_ruleA,3,2018-10-10,48,2.2220729166666664,1.0888165388057083,1.1295937525360344,1.1332563778609581,1.0924791641306322
knee_ruleA,2,2018-10-11,48,2.0409645833333334,0.38771734874839175,0.45374720605282953,1.6532472345849414,1.5872173772805038
knee_ruleA,2,2018-10-12,48,2.3195125,0.5707046428100478,0.648693104223803,1.7488078571899521,1.6708193957761972
knee_ruleA,5,2018-10-13,48,0.6778916666666667,1.0447071809818025,1.1442976628213666,-0.3668155143151359,-0.46640599615469985
knee_ruleA,5,2018-10-14,48,1.790254166666667,1.2101663277118209,1.3256211763774333,0.5800878389548458,0.4646329902892335
knee_ruleA,5,2018-10-15,48,1.9081458333333334,1.515860082607437,1.6485593778032381,0.3922857507258963,0.25958645553009535
knee_ruleA,4,2018-10-16,48,2.02229375,1.372139828297178,1.464209905464358,0.6501539217028222,0.558083844535642
knee_ruleA,5,2018-10-17,48,2.0817791666666667,1.1410035938688667,1.2607920474327177,0.9407755727978001,0.8209871192339491
knee_ruleA,2,2018-10-18,48,0.9693062500000001,0.787948429581332,0.9016050516782109,0.181357820418668,0.06770119832178909
knee_ruleA,1,2018-10-19,48,2.0646520833333333,1.25167472376995,1.362081743626698,0.8129773595633835,0.7025703397066351
knee_ruleA,3,2018-10-20,48,-0.27284791666666663,1.2741493198212532,1.2870571515304525,-1.5469972364879199,-1.559905068197119
knee_ruleA,1,2018-10-21,48,1.3610625,1.1805106810263701,1.2819331724771843,0.18055181897363,0.07912932752281569
knee_ruleA,2,2018-10-22,48,2.1561375000000003,1.4154819895351058,1.5441343443125986,0.7406555104648942,0.6120031556874016
knee_ruleA,4,2018-10-23,48,0.4178416666666667,0.8250838059150638,0.9020417849481343,-0.4072421392483972,-0.48420011828146764
knee_ruleA,4,2018-10-24,48,0.7476208333333334,0.9239022690307824,0.9990706072154955,-0.17628143569744906,-0.2514497738821621
knee_ruleA,3,2018-10-25,48,1.1275979166666668,1.60493759258079,1.6144749301437098,-0.47733967591412324,-0.48687701347704304
knee_ruleA,1,2018-10-26,48,0.20395416666666666,0.682241914955696,0.7794638878054186,-0.4782877482890293,-0.5755097211387519
knee_ruleA,2,2018-10-27,48,1.0058270833333334,0.2901131718093323,0.35529910603662707,0.7157139115240011,0.6505279772967062
knee_ruleA,3,2018-10-28,48,0.98625,0.2238107596895322,0.2415832880343314,0.7624392403104677,0.7446667119656686
knee_ruleA,5,2018-10-29,48,-2.6109666666666667,0.13581657406427775,0.1671116118987801,-2.7467832407309447,-2.778078278565447
knee_ruleA,4,2018-10-30,48,-0.7990770833333333,0.16479614176484306,0.19083318607025138,-0.9638732250981764,-0.9899102694035847
knee_ruleA,2,2018-10-31,48,-1.9142333333333335,0.18854707452185737,0.22592093261827614,-2.102780407855191,-2.1401542659516095
knee_ruleA,2,2018-11-01,48,-0.6473645833333335,0.34054939429879166,0.3934598159931479,-0.9879139776321253,-1.0408243993264812
knee_ruleA,5,2018-11-02,48,-3.2322395833333335,0.704131217950522,0.779792282646753,-3.9363708012838554,-4.012031865980086
knee_ruleA,4,2018-11-03,48,-2.161891666666667,0.9649857578870981,1.0330088739146805,-3.126877424553765,-3.1949005405813473
knee_ruleA,3,2018-11-04,48,-1.4037583333333334,1.0224916566285174,1.037226798965538,-2.426249989961851,-2.4409851322988714
knee_ruleA,4,2018-11-05,48,-1.3719624999999998,1.1322867508968524,1.2132905907819536,-2.5042492508968524,-2.5852530907819538
knee_ruleA,4,2018-11-06,48,-0.08727083333333334,1.0232809255141924,1.1086943026368195,-1.1105517588475255,-1.1959651359701529
knee_ruleA,1,2018-11-07,48,-0.27032708333333333,0.8104525672509458,0.9241419726144672,-1.0807796505842793,-1.1944690559478004
knee_ruleA,4,2018-11-08,48,0.034585416666666674,0.8995534711321942,0.9995317667028746,-0.8649680544655275,-0.9649463500362079
knee_ruleA,5,2018-11-09,48,1.2969791666666668,1.0852357602593443,1.2338970719529423,0.21174340640732237,0.06308209471372438
knee_ruleA,1,2018-11-10,48,0.8443166666666667,0.8783225445163222,0.9874261683886413,-0.03400587784965558,-0.14310950172197467
knee_ruleA,3,2018-11-11,48,0.4616291666666667,0.1339563745204694,0.1457853890207623,0.32767279214619727,0.3158437776459044
knee_ruleA,2,2018-11-12,48,1.5471916666666667,0.3181473348498951,0.36951571838482916,1.2290443318167716,1.1776759482818375
knee_ruleA,5,2018-11-13,48,1.5327145833333333,0.40460221533925395,0.4675255822734035,1.1281123679940794,1.0651890010599299
knee_ruleA,5,2018-11-14,48,1.3856583333333334,0.42985683326072816,0.4947815150439123,0.9558015000726052,0.890876818289421
knee_ruleA,2,2018-11-15,48,2.7788749999999998,0.390029581067711,0.4489189725779954,2.388845418932289,2.329956027422005
knee_ruleA,3,2018-11-16,48,2.197727083333333,0.1523992969267798,0.16480641169611632,2.0453277864065535,2.0329206716372172
knee_ruleA,1,2018-11-17,48,0.4274625,0.041539727094044215,0.05153814833867091,0.3859227729059558,0.3759243516613291
knee_ruleA,2,2018-11-18,48,1.1384,0.07595120086568634,0.0946225545290562,1.0624487991343137,1.0437774454709439
knee_ruleA,1,2018-11-19,48,0.4427375,0.12140509152960771,0.14445029677570975,0.3213324084703923,0.29828720322429025
knee_ruleA,5,2018-11-20,48,0.14482916666666668,0.15544239237883348,0.1887415216867037,-0.01061322571216681,-0.04391235502003705
knee_ruleA,2,2018-11-21,48,2.0284166666666668,0.07002559514136082,0.09187547023926114,1.9583910715253057,1.9365411964274053
knee_ruleA,4,2018-11-22,48,-0.08348958333333333,0.009349303354260222,0.01194482789198515,-0.09283888668759356,-0.09543441122531848
knee_ruleA,5,2018-11-23,48,-0.2512875,0.005378683963231379,0.007527234861527169,-0.25666618396323143,-0.2588147348615272
knee_ruleA,5,2018-11-24,48,-0.7501666666666668,0.0008158129612626264,0.0013315458264439941,-0.7509824796279294,-0.7514982124931108
knee_ruleA,4,2018-11-25,48,0.5764145833333333,0.006737641398118294,0.008640243875884813,0.569676941935215,0.5677743394574485
knee_ruleA,2,2018-11-26,48,-0.41762916666666666,0.11121306765572765,0.13401479874321348,-0.5288422343223943,-0.5516439654098803
knee_ruleA,4,2018-11-27,48,-0.4593875,0.2740425996112365,0.3121667769658453,-0.7334300996112365,-0.7715542769658453
knee_ruleA,3,2018-11-28,48,-0.39585,0.0595767868104955,0.06515587289488886,-0.4554267868104955,-0.46100587289488887
knee_ruleA,3,2018-11-29,48,0.3945541666666667,0.013171673888121396,0.015057150116815592,0.38138249277854536,0.3794970165498511
knee_ruleA,5,2018-11-30,48,0.03404166666666666,0.017501986709422414,0.0231493890278394,0.01653967995724425,0.010892277638827249
knee_ruleA,1,2018-12-01,48,0.32940416666666666,0.06919836535815567,0.08290184763979186,0.26020580130851095,0.2465023190268748
knee_ruleA,1,2018-12-02,48,-1.1751104166666668,0.09241668169352839,0.11088777037733404,-1.2675270983601952,-1.2859981870440007
knee_ruleA,5,2018-12-03,48,0.06273749999999989,0.2016113504429106,0.24691501773537539,-0.13887385044291067,-0.18417751773537538
knee_ruleA,3,2018-12-04,48,0.8831520833333334,0.28412024099755645,0.3053970643929429,0.5990318423357769,0.5777550189403905
knee_ruleA,1,2018-12-05,48,0.904875,1.4838387496398481e-05,2.557999507459578e-05,0.9048601616125036,0.9048494200049254
knee_ruleA,2,2018-12-06,48,0.6382270833333333,0.015499442071550905,0.020865202518078937,0.6227276412617824,0.6173618808152544
knee_ruleA,2,2018-12-07,48,1.2901666666666667,1.5552776179667198e-08,4.513747714448403e-08,1.2901666511138905,1.2901666215291894
knee_ruleA,3,2018-12-08,48,0.8662041666666666,8.787438999205371e-09,1.610155456904183e-08,0.8662041578792277,0.8662041505651121
knee_ruleA,5,2018-12-09,48,1.2684666666666666,1.0657205919597967e-08,3.296173036629646e-08,1.2684666560094608,1.2684666337049364
knee_ruleA,5,2018-12-10,48,1.2839229166666668,0.00039702274159980383,0.0006102001146337802,1.2835258939250669,1.2833127165520328
knee_ruleA,3,2018-12-11,48,1.2726708333333334,0.00037467535805339047,0.0004734795213955436,1.27229615797528,1.2721973538119378
knee_ruleA,4,2018-12-12,48,1.98575625,1.4801215408490532e-05,2.347627331896577e-05,1.9857414487845917,1.9857327737266812
knee_ruleA,1,2018-12-13,48,1.27955625,3.318895168745403e-07,6.757896834675198e-07,1.2795559181104832,1.2795555742103166
knee_ruleA,3,2018-12-14,48,1.3735395833333335,1.2075363402662436e-07,1.9449873299191527e-07,1.3735394625796993,1.3735393888346004
knee_ruleA,5,2018-12-15,48,1.5958770833333336,8.901072663503193e-05,0.00015083475041533428,1.5957880726066982,1.595726248582918
knee_ruleA,4,2018-12-16,48,1.9525708333333334,2.6753969888208025e-05,4.290703455357174e-05,1.9525440793634452,1.9525279262987798
knee_ruleA,4,2018-12-17,48,1.559677083333333,0.002064514889497752,0.002771803169070278,1.5576125684438358,1.556905280164263
knee_ruleA,4,2018-12-18,48,1.2172083333333334,0.014262526210037596,0.018004191846390155,1.2029458071232957,1.1992041414869432
knee_ruleA,1,2018-12-19,48,1.0193583333333334,0.030901617862533468,0.038589245089626564,0.9884567154707998,0.9807690882437067
knee_ruleA,5,2018-12-20,48,0.8843895833333333,0.03079132706570974,0.03914217974334317,0.8535982562676235,0.8452474035899903
knee_ruleA,2,2018-12-21,48,1.6576020833333336,0.0913317992559765,0.11356567416158435,1.5662702840773568,1.5440364091717491
knee_ruleA,1,2018-12-22,48,1.8095979166666665,0.10948908295432945,0.13014592195681915,1.7001088337123373,1.6794519947098474
knee_ruleA,5,2018-12-23,48,1.4568145833333332,0.014039356827127786,0.018965408129666433,1.4427752265062057,1.4378491752036668
knee_ruleA,4,2018-12-24,48,-0.2914979166666667,6.950253308298517e-06,1.1343661262469257e-05,-0.2915048669199749,-0.2915092603279291
knee_ruleA,1,2018-12-25,48,0.20039166666666666,0.004163346138692244,0.005574944548414792,0.19622832052797443,0.19481672211825188
knee_ruleA,3,2018-12-26,48,0.9556270833333333,3.9211313993488173e-05,5.2491387071328165e-05,0.9555878720193398,0.955574591946262
knee_ruleA,5,2018-12-27,48,0.6658104166666666,3.0655496166658165e-09,1.0473944273599087e-08,0.665810413601117,0.6658104061927225
knee_ruleA,3,2018-12-28,48,-0.10843333333333334,4.732823951089673e-09,8.822663972567269e-09,-0.10843333806615735,-0.1084333421559973
knee_ruleA,3,2018-12-29,48,0.0350666666666667,1.5353454548196978e-08,2.750361578918311e-08,0.03506665131321212,0.03506663916305089
knee_ruleA,2,2018-12-30,48,1.4034729166666666,1.5278675151331998e-08,4.360748601940956e-08,1.4034729013879916,1.4034728730591806
knee_ruleA,5,2018-12-31,48,0.5690479166666667,7.315276821254932e-08,1.9516644313063012e-07,0.5690478435138985,0.5690477215002235
complex_ruleA,3,2018-04-09,13,0.9702153846153846,0.8622976414393472,0.7206991806623755,0.10791774317603751,0.24951620395300905
complex_ruleA,5,2018-04-10,48,0.4734583333333333,0.7921379109845045,0.9159718179936029,-0.31867957765117116,-0.44251348466026963
complex_ruleA,2,2018-04-11,48,0.9775604166666666,1.074229240363933,0.6642121973706608,-0.09666882369726638,0.3133482192960058
complex_ruleA,4,2018-04-12,48,1.0839708333333333,1.3033016589663802,1.109442511569464,-0.21933082563304684,-0.025471678236130686
complex_ruleA,3,2018-04-13,48,0.8218916666666667,1.4837003798298076,0.9738158043687912,-0.661808713163141,-0.15192413770212457
complex_ruleA,3,2018-04-14,48,1.49351875,1.4515166549093539,1.3163262462551202,0.042002095090646265,0.1771925037448797
complex_ruleA,1,2018-04-15,48,0.7383104166666667,0.9975524218367408,0.7972679053007364,-0.25924200517007406,-0.058957488634069806
complex_ruleA,4,2018-04-16,48,0.385025,0.6756168204633922,0.4861847239145534,-0.2905918204633922,-0.10115972391455341
complex_ruleA,4,2018-04-17,48,1.97150625,0.8420354531165642,0.6450993739530461,1.1294707968834359,1.3264068760469538
complex_ruleA,1,2018-04-18,48,-0.4744479166666668,1.0967743362717024,0.746466478202456,-1.5712222529383693,-1.2209143948691228
complex_ruleA,2,2018-04-19,48,1.10595625,1.3433367842893935,0.7265086260198665,-0.23738053428939354,0.3794476239801335
complex_ruleA,3,2018-04-20,48,0.8808270833333333,3.835616961116148,3.1465934258136117,-2.9547898777828148,-2.2657663424802785
complex_ruleA,3,2018-04-21,48,1.1203041666666669,2.8657460602669045,2.2345541821013284,-1.745441893600238,-1.1142500154346617
complex_ruleA,4,2018-04-22,48,-0.27209166666666657,1.5900636636595118,1.4055922170348332,-1.8621553303261784,-1.6776838837014998
complex_ruleA,5,2018-04-23,48,2.8972333333333338,1.0261998492224182,0.987255736881188,1.8710334841109153,1.9099775964521453
complex_ruleA,1,2018-04-24,48,0.37862291666666664,1.1822165940446487,0.7792876352280006,-0.8035936773779823,-0.4006647185613339
complex_ruleA,1,2018-04-25,48,0.20233749999999998,2.23048094512812,1.6139798822784204,-2.0281434451281197,-1.4116423822784203
complex_ruleA,5,2018-04-26,48,2.2384375000000003,1.1397521710415461,1.2077819357096862,1.0986853289584546,1.030655564290314
complex_ruleA,2,2018-04-27,48,1.00199375,2.979920574415702,2.6910582123606304,-1.977926824415702,-1.6890644623606301
complex_ruleA,1,2018-04-28,48,1.7328625000000002,2.0406270365426376,2.0514750587922457,-0.3077645365426378,-0.3186125587922456
complex_ruleA,5,2018-04-29,48,1.23495,2.2604426449247597,2.2816003609332225,-1.0254926449247597,-1.0466503609332225
complex_ruleA,5,2018-04-30,48,1.4892958333333333,3.8965724115749913,3.8623750208298087,-2.407276578241658,-2.373079187496475
complex_ruleA,3,2018-05-01,48,1.4048458333333331,5.240261084888397,4.990619706076642,-3.8354152515550637,-3.585773872743309
complex_ruleA,4,2018-05-02,48,2.36231875,2.413933032470877,2.3375024463741902,-0.05161428247087722,0.02481630362580998
complex_ruleA,1,2018-05-03,48,1.0001604166666667,1.2789905978408622,0.9414375734906332,-0.2788301811741956,0.05872284317603349
complex_ruleA,2,2018-05-04,48,1.6372375000000001,2.051057256709121,1.3406122769859046,-0.41381975670912124,0.29662522301409555
complex_ruleA,3,2018-05-05,48,0.8744333333333333,1.5759982423230026,1.4956214933422949,-0.7015649089896691,-0.6211881600089616
complex_ruleA,3,2018-05-06,48,1.024575,3.605707429600805,3.322210974507536,-2.581132429600805,-2.297635974507536
complex_ruleA,3,2018-05-07,48,0.77006875,4.933084904862145,4.348871255154173,-4.163016154862145,-3.5788025051541736
complex_ruleA,2,2018-05-08,48,0.22907708333333332,3.2598419317842002,2.8905047486356517,-3.030764848450867,-2.6614276653023183
complex_ruleA,1,2018-05-09,48,2.2444895833333334,2.435772838634371,2.1452706198006823,-0.1912832553010374,0.09921896353265108
complex_ruleA,3,2018-05-10,48,1.6308125,1.9220410815805442,1.9306088191324366,-0.2912285815805443,-0.2997963191324364
complex_ruleA,3,2018-05-11,48,1.1914083333333334,2.508541749166074,2.266915542492465,-1.3171334158327408,-1.0755072091591318
complex_ruleA,1,2018-05-12,48,0.48343958333333337,2.1511626128675707,2.101148643000411,-1.6677230295342371,-1.6177090596670778
complex_ruleA,4,2018-05-13,48,1.3729854166666666,3.285645199351162,3.158963038353045,-1.9126597826844953,-1.7859776216863785
complex_ruleA,3,2018-05-14,48,2.2638125,4.4029756362245145,4.085186697268844,-2.1391631362245147,-1.8213741972688442
complex_ruleA,3,2018-05-15,48,5.11963125,7.325414983723154,6.942076253417478,-2.205783733723155,-1.822445003417478
complex_ruleA,5,2018-05-16,48,1.7545166666666667,6.974838437240968,7.0616210920289335,-5.220321770574301,-5.307104425362268
complex_ruleA,2,2018-05-17,48,2.3546770833333333,5.654406189720572,5.771080593782995,-3.299729106387239,-3.4164035104496615
complex_ruleA,4,2018-05-18,48,1.6696604166666666,2.3368925654336663,2.215036949143748,-0.6672321487669994,-0.5453765324770815
complex_ruleA,4,2018-05-19,48,2.7848916666666668,2.9751295466188146,2.7749963017203316,-0.19023787995214744,0.009895364946335417
complex_ruleA,3,2018-05-20,48,1.7865229166666667,2.673997828321132,2.0496513775848766,-0.8874749116544655,-0.26312846091821
complex_ruleA,3,2018-05-21,48,3.6866687500000004,3.561286702095247,3.0791606413811112,0.12538204790475324,0.6075081086188889
complex_ruleA,4,2018-05-22,48,4.3013125,3.5500980410041034,3.4327143945605267,0.7512144589958968,0.8685981054394736
complex_ruleA,4,2018-05-23,48,7.3965,3.438938145117073,3.268178011749555,3.957561854882927,4.128321988250445
complex_ruleA,1,2018-05-24,48,4.644925,1.8297284269853258,1.9895628264702092,2.815196573014674,2.6553621735297908
complex_ruleA,1,2018-05-25,48,6.611843749999999,4.120685835309565,4.044899296570486,2.4911579146904352,2.566944453429514
complex_ruleA,4,2018-05-26,48,9.096583333333333,6.292183215828863,6.160154363449972,2.8044001175044713,2.936428969883362
complex_ruleA,5,2018-05-27,48,3.5306458333333333,4.463902054039955,4.535961369249551,-0.9332562207066211,-1.0053155359162178
complex_ruleA,4,2018-05-28,48,13.167889583333334,6.061565265146385,5.95423659289472,7.106324318186949,7.2136529904386135
complex_ruleA,5,2018-05-29,48,5.725535416666666,5.206707312764776,5.337164151617791,0.518828103901891,0.3883712650488757
complex_ruleA,3,2018-05-30,48,9.285429166666667,4.705037700362381,4.764294825254884,4.5803914663042855,4.521134341411782
complex_ruleA,5,2018-05-31,48,12.184933333333333,6.125962866305148,6.029926642817714,6.058970467028185,6.155006690515619
complex_ruleA,4,2018-06-01,48,13.076668750000001,7.919033065592097,7.811026957841226,5.157635684407903,5.265641792158774
complex_ruleA,5,2018-06-02,48,11.449189583333334,6.999591635009465,7.097417018206418,4.449597948323868,4.3517725651269155
complex_ruleA,2,2018-06-03,48,13.305341666666665,7.504051439040036,6.990008180533953,5.801290227626631,6.315333486132714
complex_ruleA,3,2018-06-04,48,11.224525,6.163829165625246,5.898273841668014,5.060695834374753,5.326251158331986
complex_ruleA,5,2018-06-05,48,15.0225875,7.665046787972039,7.65299053437825,7.357540712027961,7.369596965621749
complex_ruleA,5,2018-06-06,48,16.558389583333334,8.3927451668824,8.479291379333857,8.165644416450935,8.079098203999477
complex_ruleA,5,2018-06-07,48,16.85525,8.225413053657618,8.193324883072465,8.629836946342381,8.661925116927534
complex_ruleA,1,2018-06-08,48,12.38336875,7.052627956490625,7.2910336622653595,5.330740793509376,5.09233508773464
complex_ruleA,3,2018-06-09,48,11.820802083333334,8.541167251732956,8.240717001970422,3.2796348316003763,3.580085081362912
complex_ruleA,4,2018-06-10,48,8.391241666666668,5.239372806679868,5.1735938752710675,3.1518688599867986,3.217647791395599
complex_ruleA,5,2018-06-11,48,7.900585416666666,5.584904297590974,5.55234845819346,2.3156811190756925,2.348236958473206
complex_ruleA,4,2018-06-12,48,12.53558125,6.508632822683502,6.47157869293891,6.026948427316498,6.06400255706109
complex_ruleA,3,2018-06-13,48,12.733102083333334,6.657010489831919,6.586116615688055,6.076091593501414,6.146985467645279
complex_ruleA,1,2018-06-14,48,9.9090375,5.266506514891731,5.347982332464963,4.6425309851082694,4.561055167535037
complex_ruleA,2,2018-06-15,48,11.48983125,6.028256332046538,6.037941818398188,5.461574917953462,5.451889431601811
complex_ruleA,2,2018-06-16,48,10.886785416666667,6.579453486293223,6.672790946246511,4.307331930373444,4.213994470420155
complex_ruleA,2,2018-06-17,48,10.711004166666667,6.994757687210161,7.160708753277706,3.716246479456506,3.550295413388962
complex_ruleA,4,2018-06-18,48,11.796714583333333,9.706689411278171,9.770199845775261,2.0900251720551615,2.026514737558072
complex_ruleA,5,2018-06-19,48,11.028002083333334,7.07963061009415,7.166604434618059,3.948371473239183,3.8613976487152737
complex_ruleA,5,2018-06-20,48,9.72026875,8.277004199683795,8.31923815697022,1.4432645503162054,1.4010305930297793
complex_ruleA,1,2018-06-21,48,10.112170833333334,8.519996795503703,8.344823649650584,1.5921740378296299,1.7673471836827497
complex_ruleA,2,2018-06-22,48,10.714229166666668,9.293934138293688,9.14361886803418,1.4202950283729792,1.5706102986324864
complex_ruleA,1,2018-06-23,48,5.031352083333333,6.9407959565078,6.978965865147511,-1.9094438731744672,-1.9476137818141768
complex_ruleA,2,2018-06-24,48,7.85405,10.128201916186551,10.372041686201008,-2.274151916186551,-2.517991686201008
complex_ruleA,2,2018-06-25,48,6.10345,11.61294847739775,11.886970828149932,-5.50949847739775,-5.783520828149931
complex_ruleA,2,2018-06-26,48,3.453735416666667,7.566930155497258,7.747953201973403,-4.113194738830591,-4.294217785306737
complex_ruleA,2,2018-06-27,48,3.451510416666667,7.090358489228026,7.301424277998032,-3.6388480725613594,-3.8499138613313657
complex_ruleA,4,2018-06-28,48,4.077579166666667,8.178665184267416,8.199635291043892,-4.101086017600749,-4.1220561243772265
complex_ruleA,4,2018-06-29,48,5.869566666666667,9.56652472863739,9.614235152760905,-3.6969580619707236,-3.744668486094238
complex_ruleA,1,2018-06-30,48,4.91151875,10.236431687176195,10.492323662007276,-5.324912937176195,-5.5808049120072765
complex_ruleA,4,2018-07-01,48,4.30990625,7.81970461686894,7.81901164459502,-3.509798366868939,-3.509105394595021
complex_ruleA,1,2018-07-02,48,4.0490625,7.4484686267539795,7.732237088701286,-3.39940612675398,-3.6831745887012857
complex_ruleA,3,2018-07-03,48,4.711125,12.254805104280196,12.141263608795535,-7.543680104280198,-7.430138608795537
complex_ruleA,2,2018-07-04,48,7.37876875,13.832838336660293,13.982973679533375,-6.454069586660292,-6.604204929533377
complex_ruleA,5,2018-07-05,48,5.74290625,7.974219178387542,7.989836997663986,-2.2313129283875415,-2.2469307476639853
complex_ruleA,5,2018-07-06,48,4.0553625,7.136691283433968,7.058499197986201,-3.081328783433967,-3.0031366979862004
complex_ruleA,4,2018-07-07,48,4.1922749999999995,6.305410373575214,6.254594005849061,-2.1131353735752136,-2.062319005849061
complex_ruleA,2,2018-07-08,48,5.56958125,6.7434867168862,6.742381459660366,-1.173905466886201,-1.1728002096603662
complex_ruleA,4,2018-07-09,48,4.689947916666667,5.340665310285641,5.277957829287634,-0.650717393618975,-0.5880099126209668
complex_ruleA,1,2018-07-10,48,5.214002083333333,7.036018239982596,7.259220803257937,-1.8220161566492628,-2.045218719924604
complex_ruleA,3,2018-07-11,48,6.527662500000001,10.971498957013152,11.07504185478151,-4.443836457013151,-4.547379354781511
complex_ruleA,4,2018-07-12,48,5.753308333333333,12.158616536558435,12.299481128497233,-6.405308203225101,-6.546172795163898
complex_ruleA,3,2018-07-13,48,6.085518749999999,12.327621428073632,12.532768408899868,-6.242102678073631,-6.447249658899867
complex_ruleA,2,2018-07-14,48,7.60593125,12.713046188889848,13.277725464576903,-5.107114938889848,-5.671794214576903
complex_ruleA,1,2018-07-15,48,8.274539583333334,13.448941445762154,14.18322192361702,-5.174401862428821,-5.908682340283687
complex_ruleA,3,2018-07-16,48,12.310306249999998,14.119157054523695,14.314260966917447,-1.8088508045236944,-2.003954716917446
complex_ruleA,5,2018-07-17,48,11.6187125,12.340073259914227,12.498469444110867,-0.7213607599142278,-0.8797569441108678
complex_ruleA,3,2018-07-18,48,11.08800625,12.732150596992156,12.633493759462874,-1.6441443469921564,-1.545487509462876
complex_ruleA,1,2018-07-19,48,13.954277083333332,12.749672038166572,12.911799654830284,1.2046050451667603,1.0424774285030487
complex_ruleA,5,2018-07-20,48,14.115225,14.028783208343839,14.153283172040021,0.08644179165616202,-0.038058172040021765
complex_ruleA,4,2018-07-21,48,14.4294375,16.024264317399986,16.28289353405143,-1.5948268173999862,-1.853456034051429
complex_ruleA,1,2018-07-22,48,19.00787083333333,17.103671266494935,17.32900336073131,1.9041995668383984,1.6788674726020243
complex_ruleA,4,2018-07-23,48,15.0426875,17.109174653718387,17.403801696589934,-2.0664871537183878,-2.3611141965899325
complex_ruleA,5,2018-07-24,48,16.81790833333333,20.70946661128603,20.86659360601155,-3.891558277952695,-4.048685272678216
complex_ruleA,5,2018-07-25,48,13.894170833333334,16.9700454262623,17.320202652763488,-3.075874592928965,-3.426031819430154
complex_ruleA,3,2018-07-26,48,15.803525,16.723606613855456,16.931134053924435,-0.9200816138554552,-1.1276090539244348
complex_ruleA,1,2018-07-27,48,18.182485416666665,19.299095750882127,19.693183521374923,-1.1166103342154627,-1.5106981047082584
complex_ruleA,4,2018-07-28,48,19.700883333333334,20.06964006760519,20.475918397850077,-0.36875673427185357,-0.7750350645167448
complex_ruleA,1,2018-07-29,48,18.006729166666666,18.262839329599775,18.206532627492006,-0.2561101629331073,-0.19980346082533842
complex_ruleA,2,2018-07-30,48,17.292916666666667,18.40499934291218,18.184253033822472,-1.112082676245515,-0.8913363671558058
complex_ruleA,1,2018-07-31,48,21.126341666666665,18.420118070564634,18.700160261972474,2.7062235961020336,2.426181404694194
complex_ruleA,2,2018-08-01,48,22.3390625,23.666362791899008,23.7763574693043,-1.327300291899009,-1.4372949693043005
complex_ruleA,1,2018-08-02,48,24.552404166666665,23.103064412253328,23.684085123470613,1.4493397544133415,0.8683190431960538
complex_ruleA,2,2018-08-03,48,25.287310416666667,23.071712990836417,23.48127250201625,2.215597425830248,1.8060379146504169
complex_ruleA,1,2018-08-04,48,21.493320833333332,18.31022473230909,19.037399357512765,3.1830961010242436,2.45592147582057
complex_ruleA,1,2018-08-05,48,20.120252083333334,17.655042580756156,18.286291237696098,2.4652095025771787,1.833960845637236
complex_ruleA,1,2018-08-06,48,20.205775,18.17638528576131,18.537413492759452,2.0293897142386905,1.668361507240548
complex_ruleA,1,2018-08-07,48,18.276564583333332,17.46282957423946,17.96041884551229,0.8137350090938741,0.31614573782104444
complex_ruleA,5,2018-08-08,48,18.56114583333333,16.616924662370174,16.719590638651912,1.94422117096316,1.84155519468142
complex_ruleA,3,2018-08-09,48,17.297029166666665,13.961852010718445,14.102591145075614,3.335177155948221,3.194438021591053
complex_ruleA,4,2018-08-10,48,21.24203125,17.882697516873765,18.221821857283942,3.3593337331262334,3.020209392716058
complex_ruleA,1,2018-08-11,48,19.430629166666666,17.369720976237563,18.143535879519337,2.0609081904291022,1.2870932871473288
complex_ruleA,2,2018-08-12,48,21.738249999999997,17.45049733774376,17.987213558296002,4.287752662256241,3.751036441703999
complex_ruleA,2,2018-08-13,48,16.60799375,17.057470057192443,17.393053823531776,-0.4494763071924452,-0.7850600735317773
complex_ruleA,2,2018-08-14,48,21.81030625,17.65553694952945,17.88507166097571,4.154769300470552,3.9252345890242886
complex_ruleA,4,2018-08-15,48,21.418956249999997,17.681577019157242,17.99055152404456,3.737379230842757,3.428404725955439
complex_ruleA,5,2018-08-16,48,12.784202083333334,13.893557633513234,13.80490228331977,-1.1093555501799008,-1.0207001999864374
complex_ruleA,5,2018-08-17,48,7.57045625,8.609680621059464,8.500971366581343,-1.0392243710594646,-0.930515116581343
complex_ruleA,5,2018-08-18,48,10.222920833333333,7.791405490164056,7.815009971235404,2.4315153431692775,2.40791086209793
complex_ruleA,2,2018-08-19,48,12.927216666666666,10.452759132796018,10.556275019569405,2.4744575338706487,2.3709416470972617
complex_ruleA,4,2018-08-20,48,16.289279166666667,13.553964469665852,13.749400120620798,2.7353146970008146,2.5398790460458676
complex_ruleA,5,2018-08-21,48,12.472558333333334,10.554633294357,10.755653526216944,1.9179250389763338,1.71690480711639
complex_ruleA,4,2018-08-22,48,17.762779166666665,13.484558533380742,13.672799862199886,4.278220633285924,4.08997930446678
complex_ruleA,3,2018-08-23,48,11.836991666666668,12.36791174450307,12.341378944318862,-0.5309200778364036,-0.504387277652196
complex_ruleA,2,2018-08-24,48,10.792522916666668,8.914428415753747,9.07721955204744,1.8780945009129202,1.7153033646192268
complex_ruleA,4,2018-08-25,48,11.11495,9.77690715134515,9.843740010693876,1.3380428486548503,1.271209989306124
complex_ruleA,1,2018-08-26,48,20.686970833333334,9.443057080049568,9.800869169404459,11.243913753283765,10.886101663928875
complex_ruleA,2,2018-08-27,48,24.93580833333333,10.178845175414088,10.528301778576672,14.756963157919246,14.40750655475666
complex_ruleA,3,2018-08-28,48,13.589735416666668,9.433329813185473,9.489190535168229,4.156405603481193,4.100544881498439
complex_ruleA,3,2018-08-29,48,8.492264583333332,7.264404845641177,7.219275023126187,1.227859737692156,1.272989560207147
complex_ruleA,1,2018-08-30,48,10.803529166666666,10.407173980853694,11.024299393597433,0.3963551858129742,-0.22077022693076587
complex_ruleA,2,2018-08-31,48,10.89263125,10.251868979204394,10.395695602864672,0.6407622707956072,0.4969356471353283
complex_ruleA,4,2018-09-01,48,13.0314125,10.204039645693491,10.274431113293813,2.8273728543065086,2.7569813867061863
complex_ruleA,2,2018-09-02,48,14.591089583333334,8.908347419768003,9.110228973703991,5.68274216356533,5.4808606096293415
complex_ruleA,3,2018-09-03,48,7.796535416666667,6.937491159937008,6.8805227323314595,0.8590442567296576,0.9160126843352075
complex_ruleA,1,2018-09-04,48,10.564354166666666,8.035339557188658,8.065180577865142,2.5290146094780073,2.499173588801525
complex_ruleA,5,2018-09-05,48,8.738033333333332,8.49423093265124,8.617545340266775,0.24380240068209438,0.12048799306655904
complex_ruleA,2,2018-09-06,48,12.80165,6.592050409531285,6.8144334145891,6.209599590468716,5.987216585410899
complex_ruleA,5,2018-09-07,48,10.23396875,7.404921656179603,7.346759379755152,2.8290470938203973,2.887209370244848
complex_ruleA,1,2018-09-08,48,12.726310416666665,5.584284528304558,5.576461444232553,7.142025888362109,7.149848972434114
complex_ruleA,4,2018-09-09,48,9.69155625,6.353467605892404,6.317727256194882,3.338088644107596,3.373828993805118
complex_ruleA,1,2018-09-10,48,6.3824000000000005,6.68674964159641,6.745835641059212,-0.30434964159640976,-0.3634356410592127
complex_ruleA,3,2018-09-11,48,6.397866666666666,5.905699710888584,5.819907696733561,0.4921669557780828,0.5779589699331061
complex_ruleA,4,2018-09-12,48,7.5116875,6.533188185899579,6.503016742958668,0.9784993141004209,1.0086707570413327
complex_ruleA,5,2018-09-13,48,5.06075625,7.048573423218683,7.083652045750269,-1.9878171732186836,-2.0228957957502693
complex_ruleA,3,2018-09-14,48,3.2837437499999997,8.103478738662586,8.0905247282421,-4.819734988662586,-4.8067809782421
complex_ruleA,2,2018-09-15,48,4.31753125,8.596289262439598,8.80284784400102,-4.278758012439598,-4.485316594001021
complex_ruleA,5,2018-09-16,48,2.9613375000000004,7.348141443092373,7.399449874117864,-4.386803943092373,-4.438112374117865
complex_ruleA,4,2018-09-17,48,3.4176520833333335,7.243866558337694,7.233165188951106,-3.826214475004361,-3.8155131056177733
complex_ruleA,3,2018-09-18,48,3.1128916666666666,5.956288002446196,5.869282324009913,-2.8433963357795293,-2.7563906573432466
complex_ruleA,4,2018-09-19,48,2.2457875,6.011566104841214,5.971184369814821,-3.765778604841214,-3.7253968698148205
complex_ruleA,1,2018-09-20,48,0.7976,4.844198897342653,4.913677614809935,-4.046598897342653,-4.116077614809936
complex_ruleA,2,2018-09-21,48,0.9685,5.011407984650547,5.091587864767507,-4.0429079846505465,-4.123087864767506
complex_ruleA,5,2018-09-22,48,0.5336354166666667,5.492359340303519,5.633186680282279,-4.958723923636853,-5.099551263615613
complex_ruleA,2,2018-09-23,48,1.35421875,3.265422925439012,3.3399671491579497,-1.911204175439012,-1.9857483991579494
complex_ruleA,1,2018-09-24,48,2.2391875,3.4457306469441487,3.3663191289662926,-1.2065431469441485,-1.1271316289662925
complex_ruleA,5,2018-09-25,48,2.560420833333333,3.6102346479716534,3.5837761010880484,-1.0498138146383202,-1.0233552677547155
complex_ruleA,3,2018-09-26,48,2.335195833333333,4.452752692436426,4.310541195108513,-2.117556859103092,-1.9753453617751795
complex_ruleA,4,2018-09-27,48,2.9180854166666665,4.273185608013697,4.1961945867666826,-1.3551001913470309,-1.2781091701000156
complex_ruleA,3,2018-09-28,48,2.5813270833333335,3.1438832777789236,3.113413742093076,-0.5625561944455901,-0.5320866587597424
complex_ruleA,3,2018-09-29,48,1.9691916666666665,4.680373647051975,4.6184282567816455,-2.7111819803853083,-2.6492365901149784
complex_ruleA,5,2018-09-30,48,1.6920541666666666,3.707904991202716,3.660114154755398,-2.015850824536049,-1.9680599880887313
complex_ruleA,2,2018-10-01,48,1.81365,2.5972108526590527,2.6214725499852296,-0.7835608526590531,-0.8078225499852296
complex_ruleA,2,2018-10-02,48,3.20476875,2.315929120845187,2.355417209682545,0.8888396291548132,0.8493515403174547
complex_ruleA,1,2018-10-03,48,5.186252083333334,2.9580881451295213,2.9756306752622996,2.2281639382038123,2.210621408071034
complex_ruleA,2,2018-10-04,48,1.5161104166666666,4.378936660534084,4.453621185507668,-2.8628262438674175,-2.937510768841001
complex_ruleA,1,2018-10-05,48,1.7184541666666666,3.797464887976174,3.8199813590024285,-2.0790107213095075,-2.101527192335762
complex_ruleA,4,2018-10-06,48,1.5993562499999998,4.512666276865655,4.437155676346728,-2.913310026865655,-2.8377994263467277
complex_ruleA,3,2018-10-07,48,1.48171875,3.469628174567664,3.3491247711328067,-1.987909424567664,-1.8674060211328065
complex_ruleA,2,2018-10-08,48,1.7316895833333332,2.0748581279586045,2.1125363332243343,-0.3431685446252712,-0.3808467498910008
complex_ruleA,1,2018-10-09,48,2.7972479166666666,2.2437820414449736,2.2241117742411043,0.553465875221693,0.5731361424255622
complex_ruleA,3,2018-10-10,48,2.2220729166666664,2.2514324419568097,2.1554238098732847,-0.02935952529014289,0.06664910679338205
complex_ruleA,2,2018-10-11,48,2.0409645833333334,1.4184238970050869,1.3968188117979157,0.6225406863282463,0.6441457715354175
complex_ruleA,2,2018-10-12,48,2.3195125,1.4097008578061405,1.407428880398035,0.9098116421938597,0.9120836196019649
complex_ruleA,5,2018-10-13,48,0.6778916666666667,1.6894712686216777,1.6904506374786752,-1.0115796019550107,-1.0125589708120084
complex_ruleA,5,2018-10-14,48,1.790254166666667,1.953748824543293,1.928721872393867,-0.1634946578766262,-0.13846770572720044
complex_ruleA,5,2018-10-15,48,1.9081458333333334,2.344647185422625,2.317295783776212,-0.4365013520892916,-0.409149950442879
complex_ruleA,4,2018-10-16,48,2.02229375,2.172265037850503,2.0847110130100033,-0.1499712878505033,-0.06241726301000319
complex_ruleA,5,2018-10-17,48,2.0817791666666667,1.8110458977349895,1.8197814495798716,0.27073326893167726,0.261997717086795
complex_ruleA,2,2018-10-18,48,0.9693062500000001,1.8694830068336383,1.8501731962131622,-0.9001767568336384,-0.8808669462131622
complex_ruleA,1,2018-10-19,48,2.0646520833333333,2.209851546117818,2.1595965491492826,-0.14519946278448492,-0.09494446581594918
complex_ruleA,3,2018-10-20,48,-0.27284791666666663,2.069522475936114,1.9732198046837004,-2.342370392602781,-2.246067721350367
complex_ruleA,1,2018-10-21,48,1.3610625,1.9865920356958837,1.963587458656954,-0.6255295356958838,-0.602524958656954
complex_ruleA,2,2018-10-22,48,2.1561375000000003,2.036653451754318,2.081434807981073,0.11948404824568233,0.07470269201892704
complex_ruleA,4,2018-10-23,48,0.4178416666666667,1.5900264820642454,1.4952831481197706,-1.1721848153975787,-1.077441481453104
complex_ruleA,4,2018-10-24,48,0.7476208333333334,1.7943528660823913,1.712430252516084,-1.0467320327490577,-0.9648094191827506
complex_ruleA,3,2018-10-25,48,1.1275979166666668,2.1961501896013833,2.1209957793409036,-1.0685522729347163,-0.9933978626742369
complex_ruleA,1,2018-10-26,48,0.20395416666666666,1.5953517136931803,1.594243234078524,-1.3913975470265136,-1.3902890674118573
complex_ruleA,2,2018-10-27,48,1.0058270833333334,1.4642985269133078,1.4550982490448332,-0.4584714435799744,-0.4492711657114999
complex_ruleA,3,2018-10-28,48,0.98625,1.1396679066066693,1.1044853395577694,-0.15341790660666935,-0.1182353395577694
complex_ruleA,5,2018-10-29,48,-2.6109666666666667,1.073896035636462,1.0569484164974086,-3.684862702303129,-3.6679150831640754
complex_ruleA,4,2018-10-30,48,-0.7990770833333333,1.0185499807879361,0.9577837066289564,-1.8176270641212697,-1.7568607899622897
complex_ruleA,2,2018-10-31,48,-1.9142333333333335,1.0738562364532838,1.0781226234560897,-2.988089569786617,-2.992355956789423
complex_ruleA,2,2018-11-01,48,-0.6473645833333335,1.1148919925306484,1.1214407175922185,-1.7622565758639819,-1.7688053009255522
complex_ruleA,5,2018-11-02,48,-3.2322395833333335,1.4559592084736248,1.441507784994781,-4.6881987918069585,-4.673747368328114
complex_ruleA,4,2018-11-03,48,-2.161891666666667,1.6526952225249414,1.5733103886155133,-3.814586889191608,-3.73520205528218
complex_ruleA,3,2018-11-04,48,-1.4037583333333334,1.7219086202903278,1.6481812636597308,-3.125666953623661,-3.0519395969930643
complex_ruleA,4,2018-11-05,48,-1.3719624999999998,1.9538728703071966,1.8686482566182054,-3.325835370307196,-3.240610756618205
complex_ruleA,4,2018-11-06,48,-0.08727083333333334,1.9007538556185866,1.8091812227855275,-1.9880246889519197,-1.8964520561188607
complex_ruleA,1,2018-11-07,48,-0.27032708333333333,1.870164154187927,1.8448074406956676,-2.1404912375212604,-2.115134524029001
complex_ruleA,4,2018-11-08,48,0.034585416666666674,2.0022347691893416,1.912012819160634,-1.9676493525226748,-1.8774274024939672
complex_ruleA,5,2018-11-09,48,1.2969791666666668,2.09886742832486,2.08162495435109,-0.8018882616581934,-0.7846457876844232
complex_ruleA,1,2018-11-10,48,0.8443166666666667,2.034560183643859,2.000569451593728,-1.1902435169771926,-1.1562527849270612
complex_ruleA,3,2018-11-11,48,0.4616291666666667,1.1277790511319463,1.067879647772924,-0.6661498844652797,-0.6062504811062573
complex_ruleA,2,2018-11-12,48,1.5471916666666667,1.2068880821778298,1.1949433294401028,0.3403035844888367,0.35224833722656373
complex_ruleA,5,2018-11-13,48,1.5327145833333333,1.3136848625330806,1.2861375201267433,0.21902972080025285,0.24657706320658992
complex_ruleA,5,2018-11-14,48,1.3856583333333334,1.4134233579741737,1.3861606862315121,-0.02776502464084048,-0.0005023528981787836
complex_ruleA,2,2018-11-15,48,2.7788749999999998,1.1644470542736292,1.173530603773056,1.6144279457263708,1.605344396226944
complex_ruleA,3,2018-11-16,48,2.197727083333333,1.168362995775799,1.0967493350601247,1.0293640875575343,1.1009777482732088
complex_ruleA,1,2018-11-17,48,0.4274625,0.9922115085101556,0.971855089248144,-0.5647490085101556,-0.5443925892481439
complex_ruleA,2,2018-11-18,48,1.1384,0.9483268874845283,0.9476284413583889,0.19007311251547174,0.1907715586416111
complex_ruleA,1,2018-11-19,48,0.4427375,0.9955905824778303,0.9813189404532912,-0.5528530824778303,-0.5385814404532913
complex_ruleA,5,2018-11-20,48,0.14482916666666668,0.9346183985195188,0.9256170201850381,-0.7897892318528522,-0.7807878535183715
complex_ruleA,2,2018-11-21,48,2.0284166666666668,1.1359577848692775,1.1333469934524982,0.8924588817973892,0.8950696732141683
complex_ruleA,4,2018-11-22,48,-0.08348958333333333,1.0137498689442448,0.995542729403485,-1.0972394522775781,-1.0790323127368182
complex_ruleA,5,2018-11-23,48,-0.2512875,0.9765525330285513,0.9732930242664343,-1.2278400330285513,-1.2245805242664343
complex_ruleA,5,2018-11-24,48,-0.7501666666666668,0.9600219037518577,0.9563517594280307,-1.7101885704185245,-1.7065184260946975
complex_ruleA,4,2018-11-25,48,0.5764145833333333,0.9913119007784345,0.9752080382118193,-0.41489731744510117,-0.398793454878486
complex_ruleA,2,2018-11-26,48,-0.41762916666666666,0.9751197016574084,0.9765052497413049,-1.392748868324075,-1.3941344164079714
complex_ruleA,4,2018-11-27,48,-0.4593875,1.1932622637603052,1.1245717640903325,-1.652649763760305,-1.5839592640903326
complex_ruleA,3,2018-11-28,48,-0.39585,1.041716097834586,1.0073273873380517,-1.437566097834586,-1.4031773873380518
complex_ruleA,3,2018-11-29,48,0.3945541666666667,0.9841889544737522,0.9658143967402487,-0.5896347878070856,-0.5712602300735822
complex_ruleA,5,2018-11-30,48,0.03404166666666666,0.9684221311687571,0.9631412772834448,-0.9343804645020904,-0.929099610616778
complex_ruleA,1,2018-12-01,48,0.32940416666666666,1.0264776060648537,1.0104222659098376,-0.6970734393981871,-0.6810180992431709
complex_ruleA,1,2018-12-02,48,-1.1751104166666668,0.9468979538996201,0.9302489325703586,-2.1220083705662867,-2.1053593492370255
complex_ruleA,5,2018-12-03,48,0.06273749999999989,1.1090253942317294,1.0884486581286235,-1.0462878942317297,-1.0257111581286238
complex_ruleA,3,2018-12-04,48,0.8831520833333334,1.5806488651873822,1.5181396516229373,-0.6974967818540491,-0.6349875682896039
complex_ruleA,1,2018-12-05,48,0.904875,0.9947048789645422,0.9927245953432319,-0.08982987896454225,-0.08784959534323188
complex_ruleA,2,2018-12-06,48,0.6382270833333333,0.9759779487729617,0.9715040171824586,-0.3377508654396284,-0.3332769338491253
complex_ruleA,2,2018-12-07,48,1.2901666666666667,1.000109261299398,0.9999946855233617,0.29005740536726854,0.29017198114330506
complex_ruleA,3,2018-12-08,48,0.8662041666666666,1.0009774190356278,1.0007378186934845,-0.13477325236896112,-0.13453365202681788
complex_ruleA,5,2018-12-09,48,1.2684666666666666,0.9989195107458134,0.9988228108853661,0.26954715592085327,0.2696438557813007
complex_ruleA,5,2018-12-10,48,1.2839229166666668,0.9893633256149613,0.98805915316932,0.2945595910517053,0.29586376349734667
complex_ruleA,3,2018-12-11,48,1.2726708333333334,0.9879890499689079,0.9824292521871086,0.28468178336442546,0.2902415811462247
complex_ruleA,4,2018-12-12,48,1.98575625,0.9942305355893626,0.9924369642666292,0.9915257144106374,0.9933192857333709
complex_ruleA,1,2018-12-13,48,1.27955625,0.9988136513731417,0.9977762043488004,0.2807425986268583,0.28178004565119963
complex_ruleA,3,2018-12-14,48,1.3735395833333335,0.9986981463955217,0.9979770641549734,0.3748414369378117,0.3755625191783598
complex_ruleA,5,2018-12-15,48,1.5958770833333336,0.9893291744868119,0.9886613633020095,0.6065479088465214,0.6072157200313238
complex_ruleA,4,2018-12-16,48,1.9525708333333334,0.986975357800877,0.9835006435977941,0.9655954755324564,0.9690701897355393
complex_ruleA,4,2018-12-17,48,1.559677083333333,0.9819814272152421,0.9713992347490175,0.5776956561180914,0.5882778485843158
complex_ruleA,4,2018-12-18,48,1.2172083333333334,0.9219291364728907,0.8961161041646389,0.2952791968604427,0.32109222916869423
complex_ruleA,1,2018-12-19,48,1.0193583333333334,1.0434780962368404,1.0207882038727503,-0.024119762903507185,-0.0014298705394169182
complex_ruleA,5,2018-12-20,48,0.8843895833333333,0.9807572643896448,0.9755425048972365,-0.09636768105631148,-0.09115292156390321
complex_ruleA,2,2018-12-21,48,1.6576020833333336,0.9181240529551126,0.9132795417440621,0.7394780303782208,0.7443225415892712
complex_ruleA,1,2018-12-22,48,1.8095979166666665,1.0929381955902004,1.0639670385155344,0.7166597210764664,0.7456308781511322
complex_ruleA,5,2018-12-23,48,1.4568145833333332,1.0369025436251857,1.0238701104736159,0.41991203970814767,0.4329444728597176
complex_ruleA,4,2018-12-24,48,-0.2914979166666667,0.9963936054933323,0.9949617534695134,-1.2878915221599991,-1.2864596701361801
complex_ruleA,1,2018-12-25,48,0.20039166666666666,0.9336172830005484,0.932037295686309,-0.7332256163338817,-0.7316456290196424
complex_ruleA,3,2018-12-26,48,0.9556270833333333,1.0085604587501218,1.0056650621556007,-0.05293337541678849,-0.050037978822267425
complex_ruleA,5,2018-12-27,48,0.6658104166666666,1.001800964703796,1.0017445750795713,-0.3359905480371294,-0.3359341584129047
complex_ruleA,3,2018-12-28,48,-0.10843333333333334,1.0017619610891582,1.002200080218256,-1.1101952944224915,-1.1106334135515894
complex_ruleA,3,2018-12-29,48,0.0350666666666667,1.001177866209505,1.001298371477618,-0.9661111995428383,-0.9662317048109514
complex_ruleA,2,2018-12-30,48,1.4034729166666666,1.0000244755183583,1.0002695639311852,0.40344844114830836,0.4032033527354815
complex_ruleA,5,2018-12-31,48,0.5690479166666667,0.9989717958596308,0.9988106161393092,-0.4299238791929642,-0.4297626994726425
best_accuracy_ruleA,3,2018-04-09,13,0.9702153846153846,0.8675195359714578,0.7840845772354255,0.10269584864392681,0.18613080737995927
best_accuracy_ruleA,5,2018-04-10,48,0.4734583333333333,0.7185053522035431,0.8278983807745771,-0.24504701887020966,-0.35444004744124374
best_accuracy_ruleA,2,2018-04-11,48,0.9775604166666666,0.9223817504367814,0.6376765684542295,0.05517866622988524,0.33988384821243717
best_accuracy_ruleA,4,2018-04-12,48,1.0839708333333333,1.1248286418376099,1.1261676553979865,-0.04085780850427659,-0.04219682206465313
best_accuracy_ruleA,3,2018-04-13,48,0.8218916666666667,1.1936545534226275,0.8889464025054189,-0.37176288675596086,-0.06705473583875227
best_accuracy_ruleA,3,2018-04-14,48,1.49351875,1.0937206188958968,1.1050321587153007,0.39979813110410317,0.3884865912846993
best_accuracy_ruleA,1,2018-04-15,48,0.7383104166666667,0.6738730968031464,0.6203655608512351,0.06443731986352026,0.11794485581543158
best_accuracy_ruleA,4,2018-04-16,48,0.385025,0.48496660988799944,0.4496619961642725,-0.09994160988799945,-0.06463699616427247
best_accuracy_ruleA,4,2018-04-17,48,1.97150625,0.7185277009241879,0.6167108981070015,1.2529785490758119,1.3547953518929985
best_accuracy_ruleA,1,2018-04-18,48,-0.4744479166666668,0.9745749351758116,0.7107078587877101,-1.4490228518424784,-1.185155775454377
best_accuracy_ruleA,2,2018-04-19,48,1.10595625,1.0557964167932898,0.6742416640934866,0.050159833206710136,0.43171458590651346
best_accuracy_ruleA,3,2018-04-20,48,0.8808270833333333,3.609947999033404,3.171922106103097,-2.729120915700071,-2.2910950227697637
best_accuracy_ruleA,3,2018-04-21,48,1.1203041666666669,2.7173054621777246,2.304669380480269,-1.5970012955110577,-1.1843652138136023
best_accuracy_ruleA,4,2018-04-22,48,-0.27209166666666657,1.1202769466209133,1.272324724116493,-1.3923686132875799,-1.5444163907831596
best_accuracy_ruleA,5,2018-04-23,48,2.8972333333333338,0.643870082208127,0.7555912316648242,2.2533632511252066,2.1416421016685088
best_accuracy_ruleA,1,2018-04-24,48,0.37862291666666664,0.7551421280856846,0.5895373890092716,-0.37651921141901795,-0.21091447234260494
best_accuracy_ruleA,1,2018-04-25,48,0.20233749999999998,2.0781274397943976,1.635717409456858,-1.8757899397943978,-1.4333799094568578
best_accuracy_ruleA,5,2018-04-26,48,2.2384375000000003,1.157238136067279,1.1934283325854977,1.0811993639327213,1.0450091674145023
best_accuracy_ruleA,2,2018-04-27,48,1.00199375,2.9321520030068773,2.67699239997225,-1.9301582530068773,-1.6749986499722498
best_accuracy_ruleA,1,2018-04-28,48,1.7328625000000002,2.1554488917159937,2.062540781629657,-0.4225863917159938,-0.3296782816296567
best_accuracy_ruleA,5,2018-04-29,48,1.23495,2.3504268235638386,2.274145589337919,-1.1154768235638384,-1.039195589337919
best_accuracy_ruleA,5,2018-04-30,48,1.4892958333333333,3.938462588682876,3.8493769290972506,-2.4491667553495424,-2.3600810957639173
best_accuracy_ruleA,3,2018-05-01,48,1.4048458333333331,5.042830303684499,4.8722246236949855,-3.6379844703511655,-3.467378790361652
best_accuracy_ruleA,4,2018-05-02,48,2.36231875,2.0062351030325707,2.084267917484118,0.3560836469674291,0.27805083251588186
best_accuracy_ruleA,1,2018-05-03,48,1.0001604166666667,0.9149672339132229,0.7582350216658202,0.08519318275344377,0.2419253950008464
best_accuracy_ruleA,2,2018-05-04,48,1.6372375000000001,1.9005490356252561,1.3708221638413038,-0.26331153562525605,0.26641533615869606
best_accuracy_ruleA,3,2018-05-05,48,0.8744333333333333,1.5953235971571986,1.4518917289172555,-0.7208902638238652,-0.5774583955839223
best_accuracy_ruleA,3,2018-05-06,48,1.024575,3.3557525494821547,3.178381035684607,-2.3311775494821547,-2.153806035684607
best_accuracy_ruleA,3,2018-05-07,48,0.77006875,4.792130817400334,4.330716764000047,-4.022062067400334,-3.5606480140000474
best_accuracy_ruleA,2,2018-05-08,48,0.22907708333333332,3.2379468865255276,2.8938447381647823,-3.0088698031921943,-2.664767654831449
best_accuracy_ruleA,1,2018-05-09,48,2.2444895833333334,2.3565349716462647,2.074724850966206,-0.11204538831293148,0.16976473236712697
best_accuracy_ruleA,3,2018-05-10,48,1.6308125,2.222837967717116,1.9131001032433115,-0.5920254677171156,-0.28228760324331126
best_accuracy_ruleA,3,2018-05-11,48,1.1914083333333334,2.4499319870861798,2.1603901764982427,-1.2585236537528464,-0.9689818431649092
best_accuracy_ruleA,1,2018-05-12,48,0.48343958333333337,1.772825528674127,1.8482863827909315,-1.2893859453407939,-1.3648467994575981
best_accuracy_ruleA,4,2018-05-13,48,1.3729854166666666,3.295128928161183,3.095844593272528,-1.9221435114945165,-1.7228591766058619
best_accuracy_ruleA,3,2018-05-14,48,2.2638125,4.4545670579832075,4.042881892760327,-2.190754557983207,-1.7790693927603274
best_accuracy_ruleA,3,2018-05-15,48,5.11963125,7.256087003944778,6.986834393047627,-2.136455753944778,-1.867203143047627
best_accuracy_ruleA,5,2018-05-16,48,1.7545166666666667,6.678920503544874,6.869354155417292,-4.9244038368782075,-5.114837488750625
best_accuracy_ruleA,2,2018-05-17,48,2.3546770833333333,5.235992068500755,5.533408003897555,-2.881314985167421,-3.1787309205642216
best_accuracy_ruleA,4,2018-05-18,48,1.6696604166666666,2.0203310675543507,2.0283523375084025,-0.35067065088768384,-0.358691920841736
best_accuracy_ruleA,4,2018-05-19,48,2.7848916666666668,2.9554027638468656,2.8467383585308217,-0.17051109718019872,-0.06184669186415511
best_accuracy_ruleA,3,2018-05-20,48,1.7865229166666667,2.2431529468519136,1.922064293225367,-0.45663003018524706,-0.13554137655870033
best_accuracy_ruleA,3,2018-05-21,48,3.6866687500000004,3.550318490595807,3.099760732973358,0.13635025940419299,0.5869080170266424
best_accuracy_ruleA,4,2018-05-22,48,4.3013125,3.315123544481984,3.2687962237723305,0.9861889555180158,1.0325162762276694
best_accuracy_ruleA,4,2018-05-23,48,7.3965,3.4825530706457393,3.3215331644522443,3.9139469293542604,4.074966835547756
best_accuracy_ruleA,1,2018-05-24,48,4.644925,1.9473782455031845,1.9818179220443597,2.6975467544968157,2.6631070779556403
best_accuracy_ruleA,1,2018-05-25,48,6.611843749999999,4.2244023396110215,4.095828970437543,2.3874414103889783,2.5160147795624574
best_accuracy_ruleA,4,2018-05-26,48,9.096583333333333,6.227768806914416,6.287178205117896,2.868814526418916,2.8094051282154378
best_accuracy_ruleA,5,2018-05-27,48,3.5306458333333333,4.330890571320668,4.4758098426085455,-0.8002447379873351,-0.9451640092752128
best_accuracy_ruleA,4,2018-05-28,48,13.167889583333334,6.159190475295894,6.061026598803655,7.0086991080374395,7.106862984529678
best_accuracy_ruleA,5,2018-05-29,48,5.725535416666666,5.185113757340977,5.290106796708595,0.54042165932569,0.4354286199580719
best_accuracy_ruleA,3,2018-05-30,48,9.285429166666667,4.98250170439,4.766487849480116,4.302927462276667,4.518941317186551
best_accuracy_ruleA,5,2018-05-31,48,12.184933333333333,6.220368651923092,6.131529695567259,5.964564681410241,6.053403637766074
best_accuracy_ruleA,4,2018-06-01,48,13.076668750000001,7.740719447232368,7.9668437338761535,5.335949302767632,5.109825016123847
best_accuracy_ruleA,5,2018-06-02,48,11.449189583333334,7.034020326072614,7.229923438588716,4.415169257260719,4.219266144744617
best_accuracy_ruleA,2,2018-06-03,48,13.305341666666665,7.474482952216373,7.115822920036501,5.830858714450293,6.189518746630166
best_accuracy_ruleA,3,2018-06-04,48,11.224525,6.043862138440445,5.865430907493717,5.180662861559555,5.359094092506282
best_accuracy_ruleA,5,2018-06-05,48,15.0225875,7.823464878590433,7.769421923664154,7.199122621409567,7.253165576335845
best_accuracy_ruleA,5,2018-06-06,48,16.558389583333334,8.72315536613497,8.594780336815791,7.835234217198363,7.963609246517542
best_accuracy_ruleA,5,2018-06-07,48,16.85525,8.33898795045664,8.202098853297757,8.516262049543359,8.653151146702244
best_accuracy_ruleA,1,2018-06-08,48,12.38336875,7.06962893300616,7.2280664939879635,5.313739816993841,5.155302256012036
best_accuracy_ruleA,3,2018-06-09,48,11.820802083333334,8.80895767023789,8.3089405903632,3.0118444130954427,3.5118614929701337
best_accuracy_ruleA,4,2018-06-10,48,8.391241666666668,5.021228285795256,4.997354586828656,3.370013380871411,3.3938870798380107
best_accuracy_ruleA,5,2018-06-11,48,7.900585416666666,5.497921359695492,5.431472776915514,2.4026640569711746,2.4691126397511525
best_accuracy_ruleA,4,2018-06-12,48,12.53558125,6.799594562999219,6.508974605031049,5.735986687000781,6.026606644968951
best_accuracy_ruleA,3,2018-06-13,48,12.733102083333334,6.586853499932039,6.466881178830243,6.146248583401294,6.26622090450309
best_accuracy_ruleA,1,2018-06-14,48,9.9090375,5.01409637930928,5.155810792780536,4.89494112069072,4.753226707219464
best_accuracy_ruleA,2,2018-06-15,48,11.48983125,6.219019761719103,6.076848308462124,5.270811488280897,5.4129829415378765
best_accuracy_ruleA,2,2018-06-16,48,10.886785416666667,6.9017493459142445,6.7637283204865675,3.9850360707524217,4.1230570961801
best_accuracy_ruleA,2,2018-06-17,48,10.711004166666667,6.9550187846155405,7.083068052669685,3.7559853820511258,3.627936113996981
best_accuracy_ruleA,4,2018-06-18,48,11.796714583333333,10.086529719177745,9.897868508367145,1.7101848641555877,1.8988460749661884
best_accuracy_ruleA,5,2018-06-19,48,11.028002083333334,7.143838568204494,7.115659296287106,3.8841635151288396,3.912342787046228
best_accuracy_ruleA,5,2018-06-20,48,9.72026875,8.552082767008931,8.399412683632102,1.1681859829910686,1.3208560663678988
best_accuracy_ruleA,1,2018-06-21,48,10.112170833333334,8.723681540376704,8.496388759632696,1.3884892929566286,1.615782073700638
best_accuracy_ruleA,2,2018-06-22,48,10.714229166666668,9.436759295398625,9.301984659864681,1.2774698712680426,1.4122445068019855
best_accuracy_ruleA,1,2018-06-23,48,5.031352083333333,6.897430737005295,6.990128915533069,-1.8660786536719616,-1.9587768321997359
best_accuracy_ruleA,2,2018-06-24,48,7.85405,10.335187664510189,10.452896948515944,-2.4811376645101895,-2.5988469485159444
best_accuracy_ruleA,2,2018-06-25,48,6.10345,11.696359712922478,11.94992113633218,-5.592909712922478,-5.8464711363321795
best_accuracy_ruleA,2,2018-06-26,48,3.453735416666667,7.076349024936988,7.495358931823994,-3.622613608270322,-4.041623515157328
best_accuracy_ruleA,2,2018-06-27,48,3.451510416666667,6.741219363560277,7.0786676384035525,-3.289708946893611,-3.6271572217368866
best_accuracy_ruleA,4,2018-06-28,48,4.077579166666667,8.0765407116945,8.087574041389688,-3.998961545027834,-4.009994874723023
best_accuracy_ruleA,4,2018-06-29,48,5.869566666666667,9.727562324096086,9.656527762930255,-3.8579956574294196,-3.7869610962635885
best_accuracy_ruleA,1,2018-06-30,48,4.91151875,10.110057358370621,10.442867828799292,-5.1985386083706215,-5.531349078799291
best_accuracy_ruleA,4,2018-07-01,48,4.30990625,7.35020258978253,7.561934345995404,-3.0402963397825293,-3.2520280959954033
best_accuracy_ruleA,1,2018-07-02,48,4.0490625,7.08769049826063,7.494626481086665,-3.0386279982606297,-3.4455639810866647
best_accuracy_ruleA,3,2018-07-03,48,4.711125,12.384148154259735,12.229640636278553,-7.673023154259735,-7.518515636278554
best_accuracy_ruleA,2,2018-07-04,48,7.37876875,13.882316204348355,14.126397753273016,-6.503547454348353,-6.7476290032730155
best_accuracy_ruleA,5,2018-07-05,48,5.74290625,7.610154217764495,7.7721385470189155,-1.8672479677644949,-2.029232297018916
best_accuracy_ruleA,5,2018-07-06,48,4.0553625,7.044895949339666,7.005843680931648,-2.989533449339666,-2.9504811809316482
best_accuracy_ruleA,4,2018-07-07,48,4.1922749999999995,6.614595899323079,6.348439221561531,-2.4223208993230796,-2.1561642215615313
best_accuracy_ruleA,2,2018-07-08,48,5.56958125,6.9474611641080175,6.800127337580616,-1.3778799141080176,-1.2305460875806153
best_accuracy_ruleA,4,2018-07-09,48,4.689947916666667,4.978866836056673,5.019474997885731,-0.28891891939000636,-0.3295270812190648
best_accuracy_ruleA,1,2018-07-10,48,5.214002083333333,6.666588601179537,7.011156268753253,-1.4525865178462036,-1.7971541854199196
best_accuracy_ruleA,3,2018-07-11,48,6.527662500000001,10.356098832111275,10.824033330741754,-3.8284363321112753,-4.296370830741753
best_accuracy_ruleA,4,2018-07-12,48,5.753308333333333,11.957797839603044,12.200815096313455,-6.204489506269712,-6.447506762980122
best_accuracy_ruleA,3,2018-07-13,48,6.085518749999999,11.907680829865106,12.394883807618136,-5.822162079865105,-6.309365057618137
best_accuracy_ruleA,2,2018-07-14,48,7.60593125,12.771903517953325,13.311223096513922,-5.1659722679533235,-5.705291846513923
best_accuracy_ruleA,1,2018-07-15,48,8.274539583333334,13.541475921958115,14.262480912941697,-5.266936338624782,-5.987941329608364
best_accuracy_ruleA,3,2018-07-16,48,12.310306249999998,14.483758301849642,14.484611464719682,-2.173452051849642,-2.174305214719682
best_accuracy_ruleA,5,2018-07-17,48,11.6187125,12.420972970634246,12.592811048368603,-0.8022604706342452,-0.9740985483686027
best_accuracy_ruleA,3,2018-07-18,48,11.08800625,12.878679477973009,12.78811163141137,-1.7906732279730095,-1.7001053814113707
best_accuracy_ruleA,1,2018-07-19,48,13.954277083333332,12.834528404196275,13.063125474475134,1.1197486791370592,0.8911516088581988
best_accuracy_ruleA,5,2018-07-20,48,14.115225,14.108604490009704,14.287110202898413,0.006620509990296379,-0.17188520289841366
best_accuracy_ruleA,4,2018-07-21,48,14.4294375,16.12653305843435,16.5160213129634,-1.6970955584343494,-2.0865838129634016
best_accuracy_ruleA,1,2018-07-22,48,19.00787083333333,17.023712026010802,17.581527999782008,1.9841588073225322,1.4263428335513275
best_accuracy_ruleA,4,2018-07-23,48,15.0426875,16.83819131921501,17.482981759290364,-1.7955038192150077,-2.4402942592903654
best_accuracy_ruleA,5,2018-07-24,48,16.81790833333333,20.650890791861737,21.089348284952553,-3.8329824585284036,-4.271439951619217
best_accuracy_ruleA,5,2018-07-25,48,13.894170833333334,16.708178198101557,17.269640352206338,-2.814007364768224,-3.3754695188730053
best_accuracy_ruleA,3,2018-07-26,48,15.803525,16.204227783053522,16.850929148110545,-0.4007027830535221,-1.0474041481105454
best_accuracy_ruleA,1,2018-07-27,48,18.182485416666665,19.15152536899595,19.879771665787906,-0.9690399523292865,-1.697286249121239
best_accuracy_ruleA,4,2018-07-28,48,19.700883333333334,19.75881995822328,20.635286688457647,-0.05793662488994844,-0.9344033551243128
best_accuracy_ruleA,1,2018-07-29,48,18.006729166666666,17.909107466874616,18.40422122960695,0.09762169979205054,-0.39749206294028333
best_accuracy_ruleA,2,2018-07-30,48,17.292916666666667,18.07565453245641,18.39301996045356,-0.7827378657897456,-1.1001032937868962
best_accuracy_ruleA,1,2018-07-31,48,21.126341666666665,18.25924851255256,18.932547949272898,2.8670931541141083,2.19379371739377
best_accuracy_ruleA,2,2018-08-01,48,22.3390625,23.28303153229196,24.062280278771155,-0.9439690322919612,-1.7232177787711525
best_accuracy_ruleA,1,2018-08-02,48,24.552404166666665,22.680204592257727,23.903166825004913,1.8721995744089392,0.6492373416617526
best_accuracy_ruleA,2,2018-08-03,48,25.287310416666667,22.560283442478298,23.606625981143708,2.727026974188368,1.68068443552296
best_accuracy_ruleA,1,2018-08-04,48,21.493320833333332,18.07583031684998,19.168738200593687,3.4174905164833516,2.324582632739646
best_accuracy_ruleA,1,2018-08-05,48,20.120252083333334,17.326482677954935,18.335618198325932,2.793769405378398,1.7846338850074008
best_accuracy_ruleA,1,2018-08-06,48,20.205775,17.950784902923616,18.692192992098274,2.254990097076385,1.513582007901726
best_accuracy_ruleA,1,2018-08-07,48,18.276564583333332,17.16054491929594,18.041665638015132,1.1160196640373934,0.23489894531820188
best_accuracy_ruleA,5,2018-08-08,48,18.56114583333333,16.323542065012152,16.74626040877015,2.2376037683211805,1.8148854245631831
best_accuracy_ruleA,3,2018-08-09,48,17.297029166666665,13.520864255882918,13.995288059739908,3.7761649107837485,3.3017411069267584
best_accuracy_ruleA,4,2018-08-10,48,21.24203125,17.9638580849693,18.42686233409199,3.278173165030699,2.8151689159080107
best_accuracy_ruleA,1,2018-08-11,48,19.430629166666666,17.513332744162625,18.367412050792037,1.917296422504042,1.0632171158746313
best_accuracy_ruleA,2,2018-08-12,48,21.738249999999997,17.490548478090414,18.150448789126447,4.247701521909588,3.587801210873552
best_accuracy_ruleA,2,2018-08-13,48,16.60799375,16.81713239237971,17.493394283754096,-0.20913864237970817,-0.885400533754098
best_accuracy_ruleA,2,2018-08-14,48,21.81030625,17.423166388980114,18.015735148543765,4.387139861019886,3.7945711014562336
best_accuracy_ruleA,4,2018-08-15,48,21.418956249999997,17.44823749077483,18.170117082186277,3.97071875922517,3.2488391678137223
best_accuracy_ruleA,5,2018-08-16,48,12.784202083333334,13.830876469415566,14.036392747264019,-1.0466743860822325,-1.2521906639306855
best_accuracy_ruleA,5,2018-08-17,48,7.57045625,8.60429120413747,8.680205041886538,-1.0338349541374705,-1.1097487918865372
best_accuracy_ruleA,5,2018-08-18,48,10.222920833333333,7.855394292689666,7.931033471726515,2.367526540643668,2.2918873616068187
best_accuracy_ruleA,2,2018-08-19,48,12.927216666666666,10.365039877892459,10.580740978928764,2.5621767887742077,2.346475687737902
best_accuracy_ruleA,4,2018-08-20,48,16.289279166666667,13.507374795966918,13.771294358360622,2.7819043706997495,2.517984808306045
best_accuracy_ruleA,5,2018-08-21,48,12.472558333333334,10.46786153886977,10.711273279872481,2.004696794463564,1.7612850534608524
best_accuracy_ruleA,4,2018-08-22,48,17.762779166666665,13.527613747081093,13.772878654938056,4.235165419585573,3.98990051172861
best_accuracy_ruleA,3,2018-08-23,48,11.836991666666668,11.817520448926382,12.197008764477607,0.019471217740283115,-0.3600170978109401
best_accuracy_ruleA,2,2018-08-24,48,10.792522916666668,8.525566268632765,8.909610073249274,2.2669566480339016,1.8829128434173938
best_accuracy_ruleA,4,2018-08-25,48,11.11495,9.76663982848877,9.814453751436103,1.348310171511229,1.3004962485638976
best_accuracy_ruleA,1,2018-08-26,48,20.686970833333334,9.62471461997799,9.88969227740586,11.062256213355342,10.797278555927475
best_accuracy_ruleA,2,2018-08-27,48,24.93580833333333,10.275850001768484,10.578669890089293,14.65995833156485,14.35713844324404
best_accuracy_ruleA,3,2018-08-28,48,13.589735416666668,9.372530743026205,9.455031531909452,4.217204673640462,4.134703884757215
best_accuracy_ruleA,3,2018-08-29,48,8.492264583333332,6.741110504388325,6.974658936077529,1.7511540789450084,1.5176056472558042
best_accuracy_ruleA,1,2018-08-30,48,10.803529166666666,10.482197302438566,11.077843303246603,0.32133186422810045,-0.27431413657993525
best_accuracy_ruleA,2,2018-08-31,48,10.89263125,10.365082031741165,10.502880610418545,0.5275492182588343,0.38975063958145534
best_accuracy_ruleA,4,2018-09-01,48,13.0314125,10.504348256680036,10.42800280108999,2.527064243319964,2.60340969891001
best_accuracy_ruleA,2,2018-09-02,48,14.591089583333334,9.097632061141082,9.210337911986882,5.493457522192251,5.380751671346452
best_accuracy_ruleA,3,2018-09-03,48,7.796535416666667,6.456838868966567,6.659204631877839,1.339696547700101,1.1373307847888274
best_accuracy_ruleA,1,2018-09-04,48,10.564354166666666,8.125272287560874,8.13853289243968,2.4390818791057938,2.4258212742269873
best_accuracy_ruleA,5,2018-09-05,48,8.738033333333332,8.728225570988144,8.705390833811006,0.0098077623451888,0.032642499522327305
best_accuracy_ruleA,2,2018-09-06,48,12.80165,6.504885135511942,6.736090307314093,6.296764864488058,6.065559692685906
best_accuracy_ruleA,5,2018-09-07,48,10.23396875,7.621134523665866,7.450536978253482,2.6128342263341344,2.7834317717465176
best_accuracy_ruleA,1,2018-09-08,48,12.726310416666665,5.831798638020039,5.684089932968131,6.894511778646628,7.042220483698535
best_accuracy_ruleA,4,2018-09-09,48,9.69155625,6.600776104891708,6.400233828981093,3.0907801451082917,3.2913224210189074
best_accuracy_ruleA,1,2018-09-10,48,6.3824000000000005,6.817340976408161,6.807066991676081,-0.43494097640816126,-0.424666991676081
best_accuracy_ruleA,3,2018-09-11,48,6.397866666666666,6.169654035525657,5.861033656246743,0.2282126311410095,0.5368330104199236
best_accuracy_ruleA,4,2018-09-12,48,7.5116875,6.772314222810426,6.575171423704718,0.7393732771895737,0.9365160762952818
best_accuracy_ruleA,5,2018-09-13,48,5.06075625,7.12195195170138,7.094005176302822,-2.06119570170138,-2.033248926302823
best_accuracy_ruleA,3,2018-09-14,48,3.2837437499999997,8.191806685162945,8.110843312297304,-4.9080629351629455,-4.8270995622973025
best_accuracy_ruleA,2,2018-09-15,48,4.31753125,8.470161435736811,8.759431464180652,-4.152630185736811,-4.441900214180651
best_accuracy_ruleA,5,2018-09-16,48,2.9613375000000004,7.1334220382555635,7.2747765503496105,-4.172084538255564,-4.3134390503496105
best_accuracy_ruleA,4,2018-09-17,48,3.4176520833333335,7.4757167958195785,7.3325818350481216,-4.058064712486245,-3.9149297517147885
best_accuracy_ruleA,3,2018-09-18,48,3.1128916666666666,6.1865992937287375,5.9146992872122,-3.073707627062072,-2.8018076205455333
best_accuracy_ruleA,4,2018-09-19,48,2.2457875,6.1284934031474805,5.988790643326255,-3.8827059031474804,-3.7430031433262556
best_accuracy_ruleA,1,2018-09-20,48,0.7976,4.558287298786425,4.738011729807494,-3.7606872987864253,-3.9404117298074937
best_accuracy_ruleA,2,2018-09-21,48,0.9685,4.741101852402428,4.93666394725713,-3.772601852402428,-3.9681639472571297
best_accuracy_ruleA,5,2018-09-22,48,0.5336354166666667,5.72645441128402,5.681346951710975,-5.192818994617352,-5.147711535044309
best_accuracy_ruleA,2,2018-09-23,48,1.35421875,3.228462222229325,3.27653391816831,-1.874243472229325,-1.9223151681683097
best_accuracy_ruleA,1,2018-09-24,48,2.2391875,3.591535078087547,3.415370223244754,-1.352347578087547,-1.1761827232447544
best_accuracy_ruleA,5,2018-09-25,48,2.560420833333333,3.7872208696193383,3.6173561903473,-1.2268000362860054,-1.0569353570139668
best_accuracy_ruleA,3,2018-09-26,48,2.335195833333333,4.610242116428653,4.313652021565921,-2.2750462830953193,-1.9784561882325875
best_accuracy_ruleA,4,2018-09-27,48,2.9180854166666665,4.453376244469225,4.2354142632018235,-1.5352908278025585,-1.3173288465351567
best_accuracy_ruleA,3,2018-09-28,48,2.5813270833333335,3.2095890315085183,3.0520995113555327,-0.6282619481751849,-0.4707724280221998
best_accuracy_ruleA,3,2018-09-29,48,1.9691916666666665,4.979957851832945,4.668752743228914,-3.0107661851662777,-2.6995610765622473
best_accuracy_ruleA,5,2018-09-30,48,1.6920541666666666,3.7723529969385132,3.6477048225254816,-2.0802988302718464,-1.955650655858815
best_accuracy_ruleA,2,2018-10-01,48,1.81365,2.5681163517967347,2.57251352412988,-0.7544663517967346,-0.7588635241298802
best_accuracy_ruleA,2,2018-10-02,48,3.20476875,2.349587531146399,2.331014417486832,0.855181218853601,0.873754332513168
best_accuracy_ruleA,1,2018-10-03,48,5.186252083333334,3.0265600280509655,2.967404619870706,2.159692055282368,2.218847463462628
best_accuracy_ruleA,2,2018-10-04,48,1.5161104166666666,4.4939834683170385,4.488036571691695,-2.977873051650372,-2.9719261550250287
best_accuracy_ruleA,1,2018-10-05,48,1.7184541666666666,3.520208851087743,3.6510090678111315,-1.8017546844210763,-1.9325549011444647
best_accuracy_ruleA,4,2018-10-06,48,1.5993562499999998,4.288991415902497,4.31108340165875,-2.6896351659024966,-2.7117271516587493
best_accuracy_ruleA,3,2018-10-07,48,1.48171875,3.607721201364542,3.334892903323945,-2.126002451364542,-1.853174153323945
best_accuracy_ruleA,2,2018-10-08,48,1.7316895833333332,2.019619217729684,2.057622695976112,-0.28792963439635083,-0.32593311264277874
best_accuracy_ruleA,1,2018-10-09,48,2.7972479166666666,2.095954920247181,2.122753724131955,0.7012929964194855,0.6744941925347118
best_accuracy_ruleA,3,2018-10-10,48,2.2220729166666664,2.1662509211450995,2.0618959989327137,0.055821995521567164,0.16017691773395273
best_accuracy_ruleA,2,2018-10-11,48,2.0409645833333334,1.2357391697596318,1.3013079223607282,0.8052254135737015,0.7396566609726051
best_accuracy_ruleA,2,2018-10-12,48,2.3195125,1.3342452387769808,1.364657665090309,0.9852672612230191,0.9548548349096909
best_accuracy_ruleA,5,2018-10-13,48,0.6778916666666667,1.7417218187143106,1.6685004338170026,-1.063830152047644,-0.990608767150336
best_accuracy_ruleA,5,2018-10-14,48,1.790254166666667,2.002913260252714,1.909052484640702,-0.21265909358604732,-0.11879831797403533
best_accuracy_ruleA,5,2018-10-15,48,1.9081458333333334,2.3509394452674894,2.2794012497444487,-0.44279361193415595,-0.3712554164111155
best_accuracy_ruleA,4,2018-10-16,48,2.02229375,2.18616086547496,2.0508910599979093,-0.16386711547496016,-0.028597309997909298
best_accuracy_ruleA,5,2018-10-17,48,2.0817791666666667,1.8471263884191973,1.7839477274896949,0.23465277824746958,0.29783143917697175
best_accuracy_ruleA,2,2018-10-18,48,0.9693062500000001,1.720056372812637,1.7736340385532114,-0.7507501228126369,-0.8043277885532113
best_accuracy_ruleA,1,2018-10-19,48,2.0646520833333333,2.2297850099826806,2.1520419513823454,-0.16513292664934712,-0.0873898680490122
best_accuracy_ruleA,3,2018-10-20,48,-0.27284791666666663,2.1861725791970166,1.9582624383116338,-2.459020495863683,-2.2311103549783007
best_accuracy_ruleA,1,2018-10-21,48,1.3610625,1.980744916521511,1.940409759961729,-0.619682416521511,-0.579347259961729
best_accuracy_ruleA,2,2018-10-22,48,2.1561375000000003,1.962130702005821,2.026988480396154,0.19400679799417916,0.1291490196038458
best_accuracy_ruleA,4,2018-10-23,48,0.4178416666666667,1.4405611489803525,1.3836519810263945,-1.022719482313686,-0.9658103143597278
best_accuracy_ruleA,4,2018-10-24,48,0.7476208333333334,1.7638007202879897,1.662261471586639,-1.0161798869546563,-0.9146406382533055
best_accuracy_ruleA,3,2018-10-25,48,1.1275979166666668,2.270363656626276,2.088072690449042,-1.1427657399596094,-0.9604747737823751
best_accuracy_ruleA,1,2018-10-26,48,0.20395416666666666,1.3832741369314903,1.462615279799203,-1.1793199702648236,-1.2586611131325363
best_accuracy_ruleA,2,2018-10-27,48,1.0058270833333334,1.2625154393290818,1.3674063133708179,-0.2566883559957484,-0.3615792300374845
best_accuracy_ruleA,3,2018-10-28,48,0.98625,0.9383758956587385,0.9757831930790734,0.04787410434126147,0.01046680692092676
best_accuracy_ruleA,5,2018-10-29,48,-2.6109666666666667,0.8827653524047642,0.9379608045853373,-3.4937320190714307,-3.548927471252004
best_accuracy_ruleA,4,2018-10-30,48,-0.7990770833333333,0.8467326884484724,0.8621801895273163,-1.6458097717818057,-1.6612572728606498
best_accuracy_ruleA,2,2018-10-31,48,-1.9142333333333335,0.862625789975418,0.992859945792277,-2.7768591233087516,-2.9070932791256108
best_accuracy_ruleA,2,2018-11-01,48,-0.6473645833333335,0.9422284540068603,1.0505575896939787,-1.5895930373401936,-1.6979221730273124
best_accuracy_ruleA,5,2018-11-02,48,-3.2322395833333335,1.4106876144548932,1.3869768609502975,-4.642927197788227,-4.619216444283631
best_accuracy_ruleA,4,2018-11-03,48,-2.161891666666667,1.6296379847085298,1.5429177769022777,-3.7915296513751966,-3.7048094435689443
best_accuracy_ruleA,3,2018-11-04,48,-1.4037583333333334,1.768578336691981,1.6257722989369185,-3.1723366700253144,-3.029530632270252
best_accuracy_ruleA,4,2018-11-05,48,-1.3719624999999998,1.9422223168048902,1.842617555774716,-3.31418481680489,-3.214580055774716
best_accuracy_ruleA,4,2018-11-06,48,-0.08727083333333334,1.8243772497039297,1.7543433666456874,-1.911648083037263,-1.8416141999790208
best_accuracy_ruleA,1,2018-11-07,48,-0.27032708333333333,1.6262803302662283,1.7036722033114755,-1.8966074135995619,-1.973999286644809
best_accuracy_ruleA,4,2018-11-08,48,0.034585416666666674,1.7476210848088225,1.770113419404004,-1.7130356681421557,-1.7355280027373372
best_accuracy_ruleA,5,2018-11-09,48,1.2969791666666668,1.9863107674887361,2.0018921900844755,-0.6893316008220695,-0.7049130234178089
best_accuracy_ruleA,1,2018-11-10,48,0.8443166666666667,1.9708177192279406,1.9710502282095128,-1.126501052561274,-1.1267335615428464
best_accuracy_ruleA,3,2018-11-11,48,0.4616291666666667,0.9055474172460026,0.9496766778109823,-0.44391825057933604,-0.48804751114431566
best_accuracy_ruleA,2,2018-11-12,48,1.5471916666666667,1.0324818551418014,1.138078257046024,0.5147098115248654,0.40911340962064263
best_accuracy_ruleA,5,2018-11-13,48,1.5327145833333333,1.247416977992162,1.2384757151670973,0.2852976053411715,0.294238868166236
best_accuracy_ruleA,5,2018-11-14,48,1.3856583333333334,1.3512191963530642,1.3421562012342907,0.03443913698026913,0.04350213209904268
best_accuracy_ruleA,2,2018-11-15,48,2.7788749999999998,0.9783976490404256,1.104303686601275,1.8004773509595744,1.674571313398725
best_accuracy_ruleA,3,2018-11-16,48,2.197727083333333,0.9775790166069019,0.9940466086214336,1.2201480667264313,1.2036804747118999
best_accuracy_ruleA,1,2018-11-17,48,0.4274625,0.7468129478988633,0.8639983562503196,-0.3193504478988634,-0.43653585625031965
best_accuracy_ruleA,2,2018-11-18,48,1.1384,0.6617206148368244,0.847786592550641,0.4766793851631755,0.290613407449359
best_accuracy_ruleA,1,2018-11-19,48,0.4427375,0.7858065703757249,0.8849893490586647,-0.3430690703757249,-0.4422518490586646
best_accuracy_ruleA,5,2018-11-20,48,0.14482916666666668,0.7889227901457431,0.8398114777525164,-0.6440936234790765,-0.6949823110858498
best_accuracy_ruleA,2,2018-11-21,48,2.0284166666666668,0.8211087552831775,1.0216168847440092,1.2073079113834893,1.0067997819226575
best_accuracy_ruleA,4,2018-11-22,48,-0.08348958333333333,0.7512056956259063,0.8909336880950368,-0.8346952789592397,-0.9744232714283699
best_accuracy_ruleA,5,2018-11-23,48,-0.2512875,0.739305809315412,0.8638178350483819,-0.9905933093154121,-1.115105335048382
best_accuracy_ruleA,5,2018-11-24,48,-0.7501666666666668,0.7080574439934746,0.840887318607637,-1.4582241106601412,-1.5910539852743035
best_accuracy_ruleA,4,2018-11-25,48,0.5764145833333333,0.6930721455251021,0.8520582244858823,-0.11665756219176876,-0.2756436411525491
best_accuracy_ruleA,2,2018-11-26,48,-0.41762916666666666,0.6995314972469749,0.8811730270696349,-1.1171606639136415,-1.2988021937363012
best_accuracy_ruleA,4,2018-11-27,48,-0.4593875,0.9744392894417492,1.0216248106826495,-1.4338267894417491,-1.4810123106826494
best_accuracy_ruleA,3,2018-11-28,48,-0.39585,0.868334456030123,0.9230528907222125,-1.264184456030123,-1.3189028907222127
best_accuracy_ruleA,3,2018-11-29,48,0.3945541666666667,0.7389121468908425,0.8524601160680784,-0.3443579802241757,-0.45790594940141155
best_accuracy_ruleA,5,2018-11-30,48,0.03404166666666666,0.7546967826508552,0.8688909214351871,-0.7206551159841884,-0.8348492547685203
best_accuracy_ruleA,1,2018-12-01,48,0.32940416666666666,0.8246129808960099,0.938582887741919,-0.4952088142293433,-0.6091787210752525
best_accuracy_ruleA,1,2018-12-02,48,-1.1751104166666668,0.7089788789035706,0.8226458745811311,-1.8840892955702373,-1.997756291247798
best_accuracy_ruleA,5,2018-12-03,48,0.06273749999999989,0.9072751709955428,0.975162739272993,-0.8445376709955429,-0.9124252392729931
best_accuracy_ruleA,3,2018-12-04,48,0.8831520833333334,1.384072643433437,1.4228945437412712,-0.5009205601001038,-0.5397424604079378
best_accuracy_ruleA,1,2018-12-05,48,0.904875,0.6987296703878432,0.8833062922283338,0.2061453296121568,0.021568707771666057
best_accuracy_ruleA,2,2018-12-06,48,0.6382270833333333,0.6595553693785293,0.8802255322082603,-0.021328286045196054,-0.24199844887492694
best_accuracy_ruleA,2,2018-12-07,48,1.2901666666666667,0.6311448339823607,0.8981082149585319,0.6590218326843059,0.39205845170813486
best_accuracy_ruleA,3,2018-12-08,48,0.8662041666666666,0.7365261495471098,0.8943938422402175,0.12967801711955682,-0.02818967557355073
best_accuracy_ruleA,5,2018-12-09,48,1.2684666666666666,0.7351795195290695,0.892131282939545,0.5332871471375972,0.3763353837271217
best_accuracy_ruleA,5,2018-12-10,48,1.2839229166666668,0.7280039099085553,0.8772863759464515,0.5559190067581112,0.40663654072021505
best_accuracy_ruleA,3,2018-12-11,48,1.2726708333333334,0.7247279702979604,0.8638394384812687,0.5479428630353729,0.4088313948520646
best_accuracy_ruleA,4,2018-12-12,48,1.98575625,0.6954827396987416,0.8885145188899166,1.2902735103012584,1.0972417311100833
best_accuracy_ruleA,1,2018-12-13,48,1.27955625,0.7145568960986663,0.8941007127355944,0.5649993539013336,0.3854555372644055
best_accuracy_ruleA,3,2018-12-14,48,1.3735395833333335,0.7406692909442719,0.8929102815733808,0.6328702923890613,0.4806293017599524
best_accuracy_ruleA,5,2018-12-15,48,1.5958770833333336,0.7378453265646724,0.8852480113416222,0.8580317567686611,0.7106290719917111
best_accuracy_ruleA,4,2018-12-16,48,1.9525708333333334,0.6937062597439576,0.8778602942676187,1.2588645735893758,1.0747105390657146
best_accuracy_ruleA,4,2018-12-17,48,1.559677083333333,0.70807685718672,0.8756967725789387,0.8516002261466133,0.6839803107543946
best_accuracy_ruleA,4,2018-12-18,48,1.2172083333333334,0.675331805632767,0.8046582640844003,0.5418765277005663,0.412550069248933
best_accuracy_ruleA,1,2018-12-19,48,1.0193583333333334,0.8334732011957993,0.9475511458013788,0.18588513213753408,0.07180718753195446
best_accuracy_ruleA,5,2018-12-20,48,0.8843895833333333,0.7848107765533618,0.8925958168733895,0.09957880677997148,-0.008206233540056188
best_accuracy_ruleA,2,2018-12-21,48,1.6576020833333336,0.6534664437961761,0.8314914058697308,1.0041356395371572,0.8261106774636028
best_accuracy_ruleA,1,2018-12-22,48,1.8095979166666665,0.9114312791464733,0.9977293498604635,0.8981666375201934,0.8118685668062032
best_accuracy_ruleA,5,2018-12-23,48,1.4568145833333332,0.8392822163306515,0.9430158351585735,0.6175323670026819,0.5137987481747598
best_accuracy_ruleA,4,2018-12-24,48,-0.2914979166666667,0.6964112316855804,0.8907075083073178,-0.9879091483522471,-1.1822054249739844
best_accuracy_ruleA,1,2018-12-25,48,0.20039166666666666,0.6721446623963857,0.8327110317585693,-0.471752995729719,-0.6323193650919027
best_accuracy_ruleA,3,2018-12-26,48,0.9556270833333333,0.754743740277949,0.9049645489814498,0.20088334305538438,0.05066253435188343
best_accuracy_ruleA,5,2018-12-27,48,0.6658104166666666,0.7449073701069509,0.8957859025989539,-0.07909695344028415,-0.22997548593228725
best_accuracy_ruleA,3,2018-12-28,48,-0.10843333333333334,0.7429923380763156,0.8957209271750831,-0.851425671409649,-1.0041542605084164
best_accuracy_ruleA,3,2018-12-29,48,0.0350666666666667,0.7423069167492081,0.8947454720355349,-0.7072402500825414,-0.8596788053688682
best_accuracy_ruleA,2,2018-12-30,48,1.4034729166666666,0.6300527545992785,0.8943385243026453,0.7734201620673882,0.5091343923640212
best_accuracy_ruleA,5,2018-12-31,48,0.5690479166666667,0.7419908878551902,0.8922729333283912,-0.17294297118852345,-0.32322501666172443
