slot,fold,DAY,n_records,y_mean,pred_refit,pred_nofit,resid_refit,resid_nofit
simple_ruleA,3,2018-04-09,12,1.0472953900000002,1.178835177619541,1.173693098524281,-0.13153978761954102,-0.1263977085242809
simple_ruleA,5,2018-04-10,47,0.47282547361702126,2.855386908133862,2.819591512669079,-2.3825614345168407,-2.3467660390520577
simple_ruleA,2,2018-04-11,47,0.8453302529574469,2.24735083990435,2.2178677567892993,-1.4020205869469031,-1.3725375038318528
simple_ruleA,4,2018-04-12,48,0.6412611391249999,2.0686771714416268,2.048402920593944,-1.4274160323166267,-1.407141781468944
simple_ruleA,3,2018-04-13,47,0.635110774893617,2.1456803812307075,2.1060535850589357,-1.5105696063370906,-1.470942810165319
simple_ruleA,3,2018-04-14,47,1.367088555319149,1.1927463596079535,1.1882667655095704,0.1743421957111953,0.17882178980957852
simple_ruleA,1,2018-04-15,47,0.7544915838297872,1.2329466026864142,1.2321819216894674,-0.4784550188566269,-0.47769033785968024
simple_ruleA,4,2018-04-16,47,0.34850664957446814,1.7958830592037967,1.7792076262821046,-1.4473764096293287,-1.4307009767076364
simple_ruleA,4,2018-04-17,48,0.5230105908333333,2.223738265158691,2.198157300342025,-1.7007276743253577,-1.6751467095086918
simple_ruleA,1,2018-04-18,47,0.5238276698936171,2.2412095814957804,2.2356916199478496,-1.7173819116021631,-1.7118639500542328
simple_ruleA,2,2018-04-19,47,0.7855748930212766,2.6576559066881167,2.6097379043795392,-1.87208101366684,-1.8241630113582625
simple_ruleA,3,2018-04-20,48,0.880826201875,4.883953689504889,4.707941326770742,-4.003127487629889,-3.8271151248957422
simple_ruleA,3,2018-04-21,47,1.117097345031915,5.017859752232659,4.84026356966509,-3.900762407200744,-3.7231662246331756
simple_ruleA,4,2018-04-22,47,0.3576453597234043,2.4650035290801284,2.437868637219238,-2.107358169356724,-2.080223277495834
simple_ruleA,5,2018-04-23,48,1.2810660985416666,1.1769746703374595,1.1751473972345348,0.10409142820420714,0.10591870130713203
simple_ruleA,1,2018-04-24,47,0.4215244036170213,1.6173992035529552,1.6154261965197367,-1.1958747999359338,-1.1939017929027154
simple_ruleA,1,2018-04-25,47,0.19842944063829793,3.3344368487681746,3.322162833615602,-3.1360074081298768,-3.1237333929773046
simple_ruleA,5,2018-04-26,47,0.43892267234042553,3.2426490026363046,3.202085435180338,-2.8037263302958793,-2.7631627628399125
simple_ruleA,2,2018-04-27,48,0.7287440279166667,3.4834495658651203,3.4076874324935544,-2.7547055379484537,-2.678943404576888
simple_ruleA,1,2018-04-28,47,0.5875206128723405,3.4769037408639867,3.4651051773927675,-2.8893831279916466,-2.877584564520427
simple_ruleA,5,2018-04-29,48,0.82862176625,3.2812766824527597,3.2392419509143537,-2.45265491620276,-2.4106201846643542
simple_ruleA,5,2018-04-30,47,0.7815592062765957,4.191762676373396,4.129737402787717,-3.4102034700968002,-3.3481781965111215
simple_ruleA,3,2018-05-01,47,0.9538805631914894,4.814466680773672,4.662050465314207,-3.8605861175821823,-3.7081699021227186
simple_ruleA,4,2018-05-02,48,1.4535433592708333,2.025744827340407,2.008203340716985,-0.5722014680695732,-0.5546599814461515
simple_ruleA,1,2018-05-03,47,0.9401358093617022,1.590545040509169,1.5885220926166241,-0.6504092311474668,-0.6483862832549221
simple_ruleA,2,2018-05-04,47,1.444926960212766,3.060498039310003,3.003010206581156,-1.6155710790972373,-1.55808324636839
simple_ruleA,3,2018-05-05,48,0.8744317195833333,4.145157981040366,4.02112694980344,-3.270726261457032,-3.1466952302201068
simple_ruleA,3,2018-05-06,47,1.0161706595744682,3.392081209922154,3.309511233441266,-2.3759105503476854,-2.293340573866798
simple_ruleA,3,2018-05-07,47,0.7836438336170213,4.873825388487898,4.704321818307139,-4.090181554870877,-3.920677984690117
simple_ruleA,2,2018-05-08,48,0.22908054,2.6226734003178045,2.5824249554249548,-2.393592860317804,-2.3533444154249548
simple_ruleA,1,2018-05-09,47,0.9967729835460993,2.3344799758647707,2.329123110210329,-1.3377069923186713,-1.3323501266642297
simple_ruleA,3,2018-05-10,47,1.1798941640425533,3.0176848406949013,2.9431516627160708,-1.8377906766523482,-1.7632574986735172
simple_ruleA,3,2018-05-11,48,1.3072650239583334,3.10488569314999,3.031392338562391,-1.797620669191657,-1.7241273146040574
simple_ruleA,1,2018-05-12,48,0.4007906071041667,2.0321808812555773,2.0286067288898124,-1.6313902741514106,-1.6278161217856457
simple_ruleA,4,2018-05-13,47,1.3914029670212766,3.7104426359494402,3.6532610196084216,-2.319039668928164,-2.261858052587145
simple_ruleA,3,2018-05-14,47,2.1690446502127663,3.925144981104714,3.8136447357406316,-1.7561003308919478,-1.6446000855278657
simple_ruleA,3,2018-05-15,48,4.272525122916667,7.63502504354748,7.311630265213746,-3.3624999206308135,-3.0391051422970796
simple_ruleA,5,2018-05-16,48,1.7545096245833334,6.540099433137851,6.425535837122086,-4.7855898085545165,-4.671026212538752
simple_ruleA,2,2018-05-17,47,2.381270406382979,5.1325807083778425,5.002063844610536,-2.7513103019948635,-2.6207934382275564
simple_ruleA,4,2018-05-18,47,1.6977107829787237,2.3371243340931325,2.314509910737219,-0.6394135511144089,-0.6167991277584954
simple_ruleA,4,2018-05-19,48,2.7034745979166668,3.960699093115894,3.892286645609852,-1.257224495199227,-1.1888120476931852
simple_ruleA,3,2018-05-20,47,1.809073010638298,3.618521543867329,3.520638406181324,-1.8094485332290307,-1.7115653955430263
simple_ruleA,3,2018-05-21,48,3.68666576875,4.846276382264857,4.682347426384016,-1.1596106135148567,-0.9956816576340163
simple_ruleA,4,2018-05-22,47,4.27072946106383,3.60537999243801,3.550491014251966,0.6653494686258196,0.7202384468118643
simple_ruleA,4,2018-05-23,48,7.288922447916668,3.9675722522154975,3.903628118752985,3.3213501957011684,3.3852943291636817
simple_ruleA,1,2018-05-24,47,4.67684035319149,4.449376156525613,4.431801170132982,0.227464196665877,0.24503918305850778
simple_ruleA,1,2018-05-25,48,6.611843,5.317625654282051,5.294141843652766,1.294217345717949,1.3177011563472336
simple_ruleA,4,2018-05-26,47,8.121600329787235,7.221982100428773,7.046804668412956,0.8996182293584609,1.0747956613742782
simple_ruleA,5,2018-05-27,48,4.926359043958334,5.882352802469292,5.783112376644094,-0.9559937585109589,-0.85675333268576
simple_ruleA,4,2018-05-28,48,9.300022289583334,6.661216560591548,6.50671660737294,2.6388057289917852,2.7933056822103937
simple_ruleA,5,2018-05-29,48,5.725532533333333,6.322933509681899,6.212788300002459,-0.5974009763485659,-0.4872557666691264
simple_ruleA,3,2018-05-30,47,9.208730940425532,6.174929257316246,5.951350231888428,3.0338016831092856,3.257380708537103
simple_ruleA,5,2018-05-31,48,12.184924920833334,6.347897370123874,6.230825244753128,5.8370275507094584,5.9540996760802045
simple_ruleA,4,2018-06-01,47,12.722099900000002,9.090566001022255,8.85255472423454,3.631533898977745,3.86954517576546
simple_ruleA,5,2018-06-02,48,11.389905470833334,8.794867534758184,8.607474153056442,2.5950379360751503,2.7824313177768905
simple_ruleA,2,2018-06-03,47,12.693890738297874,8.11449808536383,7.838638703760261,4.579392652934042,4.855252034537611
simple_ruleA,3,2018-06-04,48,10.149586270833334,6.909957021646657,6.641296714902456,3.239629249186676,3.5082895559308778
simple_ruleA,5,2018-06-05,48,14.328400583333334,7.649811354230245,7.498631035773282,6.678589229103089,6.829769547560052
simple_ruleA,5,2018-06-06,48,12.788825141666665,7.834115779546649,7.676664319113109,4.954709362120018,5.112160822553558
simple_ruleA,5,2018-06-07,48,14.871658104166668,6.981780443361525,6.849482730326052,7.8898776608051415,8.022175373840614
simple_ruleA,1,2018-06-08,47,12.560412223404255,6.602096577762846,6.570984495550758,5.9583156456414095,5.9894277278534975
simple_ruleA,3,2018-06-09,48,11.38877190625,6.809280352151268,6.5507087151872545,4.579491554098731,4.838063191062746
simple_ruleA,4,2018-06-10,47,8.383711787234041,4.542996837380615,4.4653000958990345,3.840714949853427,3.918411691335008
simple_ruleA,5,2018-06-11,48,7.900584520833334,4.806975357872705,4.736019227575022,3.0936091629606284,3.164565293258312
simple_ruleA,4,2018-06-12,47,11.297598617021276,5.7875591811792795,5.667372847295973,5.510039435841998,5.630225769725304
simple_ruleA,3,2018-06-13,48,11.08758792361111,6.01269090218382,5.799090153077358,5.074897021427292,5.288497770533753
simple_ruleA,1,2018-06-14,47,9.939966723404256,4.767108252565241,4.748785239512649,5.172858470839015,5.191181483891606
simple_ruleA,2,2018-06-15,48,11.489825041666668,5.025979465072321,4.900125582650832,6.463845576594346,6.5896994590158355
simple_ruleA,2,2018-06-16,47,11.53774871787234,5.95482578292538,5.78208227528393,5.582922934946961,5.75566644258841
simple_ruleA,2,2018-06-17,48,10.0085567843125,6.5235808452506925,6.330759544145895,3.484975939061807,3.677797240166605
simple_ruleA,4,2018-06-18,47,11.42710565319149,8.660397409719307,8.439461495709113,2.7667082434721824,2.9876441574823756
simple_ruleA,5,2018-06-19,48,10.082189064583334,6.65381753355041,6.531884944625365,3.4283715310329232,3.5503041199579677
simple_ruleA,5,2018-06-20,47,11.069428263829789,7.408902199738289,7.26493450143631,3.6605260640914987,3.804493762393478
simple_ruleA,1,2018-06-21,48,9.99445140625,7.326928432748924,7.290069146709674,2.6675229735010766,2.7043822595403255
simple_ruleA,2,2018-06-22,48,9.810313877083333,9.435184151514274,9.092064327719621,0.3751297255690594,0.7182495493637114
simple_ruleA,1,2018-06-23,47,5.655785796382979,7.528935496457259,7.490331876437263,-1.8731497000742794,-1.834546080054284
simple_ruleA,2,2018-06-24,48,7.384723681250001,9.739345723202753,9.382746957166008,-2.354622041952753,-1.998023275916007
simple_ruleA,2,2018-06-25,48,6.0496021791666665,10.347566079401458,9.963990032524235,-4.297963900234792,-3.914387853357569
simple_ruleA,2,2018-06-26,48,3.4537272625000006,6.9801965568543975,6.771455819189968,-3.5264692943543974,-3.317728556689968
simple_ruleA,2,2018-06-27,47,3.464171729787234,6.8039846891662945,6.604136680340429,-3.3398129593790604,-3.139964950553195
simple_ruleA,4,2018-06-28,48,4.077571247916667,7.502843522569113,7.329947391777836,-3.4252722746524467,-3.2523761438611696
simple_ruleA,4,2018-06-29,47,5.376051408510638,9.136987143051732,8.903067057825853,-3.7609357345410936,-3.5270156493152127
simple_ruleA,1,2018-06-30,48,4.825811625,8.991458273767293,8.942075819340097,-4.165646648767293,-4.116264194340097
simple_ruleA,4,2018-07-01,47,4.32301290425532,6.906266285270061,6.757095528973206,-2.583253381014741,-2.434082624717887
simple_ruleA,1,2018-07-02,48,4.167258685416667,6.935327260809955,6.902429439631199,-2.7680685753932877,-2.7351707542145323
simple_ruleA,3,2018-07-03,47,4.800510072695036,10.8850437104381,10.37363914596421,-6.084533637743066,-5.5731290732691745
simple_ruleA,2,2018-07-04,48,5.843496376736112,12.466885243097648,11.978238276541731,-6.623388866361537,-6.134741899805621
simple_ruleA,5,2018-07-05,47,5.100919393617021,6.9290708257351135,6.80441289991556,-1.8281514321180932,-1.703493506298539
simple_ruleA,5,2018-07-06,46,4.013637086956522,6.212601039501015,6.106377219541012,-2.198963952544493,-2.0927401325844905
simple_ruleA,4,2018-07-07,47,4.202036874468085,5.09801312886348,5.003490000924771,-0.8959762543953941,-0.8014531264566859
simple_ruleA,2,2018-07-08,48,4.90197201875,5.573049884725603,5.420328397073534,-0.6710778659756036,-0.5183563783235341
simple_ruleA,4,2018-07-09,47,4.67983829787234,4.712090640128161,4.630141146435274,-0.03225234225582016,0.0496971514370666
simple_ruleA,1,2018-07-10,48,5.213994385416667,6.520119096348263,6.489591231526617,-1.306124710931596,-1.275596846109951
simple_ruleA,3,2018-07-11,47,6.512792970212766,10.069405488025449,9.619155710054294,-3.556612517812683,-3.106362739841528
simple_ruleA,4,2018-07-12,48,6.145249545833334,11.260968070274018,10.955212863503183,-5.115718524440685,-4.80996331766985
simple_ruleA,3,2018-07-13,47,5.808861563829788,11.53122913568566,10.98446969309184,-5.722367571855871,-5.175608129262052
simple_ruleA,2,2018-07-14,48,7.893707402083334,12.411590125111209,11.928133945959706,-4.517882723027875,-4.034426543876372
simple_ruleA,1,2018-07-15,47,8.825024712765957,12.22347871700565,12.147358267135232,-3.39845400423969,-3.322333554369274
simple_ruleA,3,2018-07-16,48,10.82803609375,12.836923350414038,12.186651499477493,-2.0088872566640377,-1.358615405727494
simple_ruleA,5,2018-07-17,47,11.225749840425532,11.614473315187984,11.344126352976492,-0.38872347476245084,-0.11837651255096043
simple_ruleA,3,2018-07-18,48,11.137558127083333,12.051964407476193,11.455210413618373,-0.9144062803928609,-0.3176522865350376
simple_ruleA,1,2018-07-19,48,13.359665666666666,11.065755134404382,10.998526409136685,2.293910532262285,2.3611392575299814
simple_ruleA,5,2018-07-20,47,13.979930436170212,12.630904660665971,12.324708178407692,1.3490257755042419,1.6552222577625206
simple_ruleA,4,2018-07-21,48,14.667598447916667,14.343005328264242,13.898596922614686,0.32459311965242515,0.769001525301981
simple_ruleA,1,2018-07-22,47,17.501085212765958,15.725550762864211,15.615743695069858,1.7755344499017456,1.8853415176960993
simple_ruleA,4,2018-07-23,48,14.9066868125,15.377456188810804,14.900967441551478,-0.47076937631080346,0.0057193709485229656
simple_ruleA,5,2018-07-24,47,17.42781235106383,17.481958560553892,17.008566484340943,-0.05414620949006218,0.4192458667228864
simple_ruleA,5,2018-07-25,48,15.2256235625,15.284022319909262,14.895361280888805,-0.05839875740926189,0.3302622816111956
simple_ruleA,3,2018-07-26,47,15.800653936170212,14.79633046890071,14.022016686347026,1.0043234672695047,1.7786372498231877
simple_ruleA,1,2018-07-27,48,18.182484104166665,16.26273456937774,16.150495395755446,1.9197495347889246,2.0319887084112236
simple_ruleA,4,2018-07-28,48,19.978907489583335,17.70097109929137,17.125569140665228,2.2779363902919676,2.8533383489181063
simple_ruleA,1,2018-07-29,47,18.021582180851066,16.062246407803908,15.952400806787422,1.9593357730471572,2.0691813740636444
simple_ruleA,2,2018-07-30,48,17.828049833333335,16.67135758480627,15.942233476585,1.1566922485270643,1.8858163567483333
simple_ruleA,1,2018-07-31,47,21.00033240425532,16.0782693859253,15.966502599371443,4.9220630183300225,5.033829804883878
simple_ruleA,2,2018-08-01,48,21.93689688541667,21.210817096919733,20.190120192949223,0.726079788496934,1.7467766924674433
simple_ruleA,1,2018-08-02,48,24.189204364583333,20.484145036374823,20.33076886671077,3.7050593282085127,3.8584354978725632
simple_ruleA,2,2018-08-03,48,24.791258786458332,20.835084288714185,19.861729657495914,3.956174497744149,4.929529128962421
simple_ruleA,1,2018-08-04,47,21.455597680851064,17.04206905333841,16.92330514146981,4.413528627512656,4.5322925393812525
simple_ruleA,1,2018-08-05,48,20.0095305625,15.844443467812255,15.736680941714832,4.165087094687746,4.272849620785167
simple_ruleA,1,2018-08-06,47,19.81192110638298,15.741958728240915,15.63508069390728,4.069962378142065,4.176840412475699
simple_ruleA,1,2018-08-07,48,18.414588364583334,15.608044082848878,15.501926872021592,2.8065442817344564,2.9126614925617424
simple_ruleA,5,2018-08-08,47,18.038444085106384,14.164841076501663,13.81171697335497,3.87360300860472,4.226727111751414
simple_ruleA,3,2018-08-09,48,16.7010125625,12.58304998861704,11.963313749511215,4.11796257388296,4.737698812988785
simple_ruleA,4,2018-08-10,47,20.032617468085107,15.125290228209625,14.658524393662814,4.9073272398754835,5.3740930744222934
simple_ruleA,1,2018-08-11,48,18.446810208333336,15.123805117916033,15.021134448950306,3.3230050904173,3.4256757593830276
simple_ruleA,2,2018-08-12,48,18.256352125,15.515177754797675,14.858027461665102,2.7411743702023252,3.3983246633348974
simple_ruleA,2,2018-08-13,47,16.6342225106383,15.950603677975787,15.268709877218068,0.6836188326625101,1.3655126334202312
simple_ruleA,2,2018-08-14,48,21.323660083333333,15.833488642541091,15.158482872324173,5.490171440792242,6.1651772110091585
simple_ruleA,4,2018-08-15,47,18.736724574468088,16.086252064208637,15.577083875687043,2.6504725102594464,3.1596406987810415
simple_ruleA,5,2018-08-16,48,12.288344958333333,12.373411984379189,12.082615085623942,-0.08506702604585598,0.2057298727093905
simple_ruleA,5,2018-08-17,47,7.603025876595745,8.757977026535873,8.576427838697185,-1.1549511499401275,-0.9734019621014417
simple_ruleA,5,2018-08-18,47,10.895761085106383,8.123323979636641,7.9585037894355946,2.772437105469743,2.9372572956707876
simple_ruleA,2,2018-08-19,48,12.307638395833335,9.607763587240333,9.266201798863507,2.6998748085930013,3.0414365969698256
simple_ruleA,4,2018-08-20,48,14.89058490625,12.415495319265533,12.060354359337504,2.4750895869844673,2.830230546912496
simple_ruleA,5,2018-08-21,48,12.472552208333333,9.837985749690313,9.626552184212091,2.634566458643021,2.846000024121242
simple_ruleA,4,2018-08-22,47,14.164011851063831,11.559493942355195,11.225636288247362,2.6045179087086363,2.938375562816468
simple_ruleA,3,2018-08-23,48,11.836998729166666,10.692848784991286,10.20295879665092,1.144149944175381,1.6340399325157478
simple_ruleA,2,2018-08-24,47,10.78890559574468,7.78735209940975,7.543445214694446,3.00155349633493,3.2454603810502345
simple_ruleA,4,2018-08-25,48,10.407733666666667,9.083973881410637,8.857025235740073,1.3237597852560303,1.550708430926593
simple_ruleA,1,2018-08-26,47,13.190398010638297,8.62844449266329,8.58135976094157,4.561953517975009,4.609038249696727
simple_ruleA,2,2018-08-27,48,12.964973624999999,9.654525461279258,9.309429251278875,3.310448163720743,3.6555443737211255
simple_ruleA,3,2018-08-28,47,10.807590574468085,8.65213276037711,8.282791215342597,2.1554578140909735,2.5247993591254887
simple_ruleA,3,2018-08-29,48,8.59915721875,6.556930466494163,6.317521324789538,2.042226752255837,2.2816358939604626
simple_ruleA,1,2018-08-30,48,10.177618854166667,10.25586486284453,10.197010854809653,-0.07824600867786387,-0.019392000642986684
simple_ruleA,2,2018-08-31,48,9.545335041666666,9.068114144069993,8.758063161653817,0.4772208975966734,0.7872718800128489
simple_ruleA,4,2018-09-01,47,9.09371415908347,8.663022228587785,8.44679498490551,0.43069193049568455,0.6469191741779607
simple_ruleA,2,2018-09-02,48,9.852551479166667,8.059609677905717,7.794563540968068,1.7929418012609506,2.0579879381985986
simple_ruleA,3,2018-09-03,47,7.827999404255319,6.2273585305776304,6.006290802632092,1.6006408736776894,1.8217086016232271
simple_ruleA,1,2018-09-04,48,9.144821310416667,6.828260457133466,6.7956485600850165,2.3165608532832005,2.34917275033165
simple_ruleA,5,2018-09-05,47,8.819130719148937,7.796615904720039,7.643276117724394,1.022514814428897,1.1758546014245428
simple_ruleA,2,2018-09-06,48,10.088790305208333,6.527370621749898,6.327118916669554,3.561419683458436,3.76167138853878
simple_ruleA,5,2018-09-07,47,11.15683885319149,5.97745086823159,5.876383040419907,5.1793879849599,5.280455812771582
simple_ruleA,1,2018-09-08,48,10.223947145833334,4.742058542807182,4.721976586636724,5.48188860302615,5.50197055919661
simple_ruleA,4,2018-09-09,47,9.998991368085106,5.527152739586106,5.412547412298519,4.471838628499,4.586443955786588
simple_ruleA,1,2018-09-10,48,6.189287668402778,5.729573473845336,5.7040946182439205,0.45971419455744195,0.48519305015885755
simple_ruleA,3,2018-09-11,47,6.172482053191489,5.4271687310002985,5.2406941972558805,0.7453133221911904,0.9317878559356091
simple_ruleA,4,2018-09-12,48,7.297151910416667,5.86675061450043,5.743725439868405,1.4304012959162369,1.5534264705482617
simple_ruleA,5,2018-09-13,48,5.060761216666667,6.367608046597385,6.251225007746064,-1.3068468299307179,-1.1904637910793971
simple_ruleA,3,2018-09-14,48,3.5804256437500004,7.435129266552999,7.13248111249854,-3.854703622802999,-3.55205546874854
simple_ruleA,2,2018-09-15,47,4.26678855106383,7.771675656534222,7.5246700976653464,-3.5048871054703925,-3.2578815466015163
simple_ruleA,5,2018-09-16,48,2.6671404270833334,6.607908612657238,6.491479917141376,-3.940768185573905,-3.8243394900580423
simple_ruleA,4,2018-09-17,47,3.6352332010638295,6.069530524863794,5.9418572428815795,-2.4342973237999628,-2.3066240418177495
simple_ruleA,3,2018-09-18,48,2.6043113779166664,5.392713315315483,5.202586256228544,-2.7884019373988163,-2.598274878311878
simple_ruleA,4,2018-09-19,47,2.1127147182978723,5.36972141488287,5.26048766991679,-3.2570066965849964,-3.147772951618918
simple_ruleA,1,2018-09-20,48,0.7976019938125001,4.391963843518815,4.3760377974260205,-3.5943618497063152,-3.578435803613521
simple_ruleA,2,2018-09-21,47,0.9730971185106383,4.603039789050067,4.495133779353962,-3.6299426705394287,-3.5220366608433236
simple_ruleA,5,2018-09-22,48,1.286113165625,5.565866317323057,5.473596714387324,-4.279753151698057,-4.187483548762324
simple_ruleA,2,2018-09-23,47,1.8158773138297875,3.321764158896872,3.255214466034857,-1.5058868450670848,-1.4393371522050697
simple_ruleA,1,2018-09-24,47,1.9118068539574469,2.8338397140387435,2.825915920653313,-0.9220328600812968,-0.9141090666958658
simple_ruleA,5,2018-09-25,48,2.560413458333333,3.3521078530713466,3.3079986105042134,-0.7916943947380132,-0.7475851521708795
simple_ruleA,3,2018-09-26,47,1.8311034844680851,3.9258173263047755,3.815188322819326,-2.0947138418366906,-1.9840848383512408
simple_ruleA,4,2018-09-27,48,2.3870967227083333,3.7350074596512113,3.6743684752952923,-1.347910736942878,-1.2872717525869588
simple_ruleA,3,2018-09-28,47,2.253980155106383,3.1340035932776384,3.057413656176337,-0.8800234381712555,-0.8034335010699537
simple_ruleA,3,2018-09-29,47,2.4128335340425533,4.330851963235418,4.191318161963157,-1.9180184291928641,-1.778484627920604
simple_ruleA,5,2018-09-30,48,2.0839533041666667,3.21307529694201,3.1761864284330037,-1.129121992775343,-1.0922331242663366
simple_ruleA,2,2018-10-01,47,1.7358946787234042,2.4470778980842733,2.412030232085816,-0.7111832193608693,-0.6761355533624118
simple_ruleA,2,2018-10-02,48,2.484322424791667,2.3312982301692187,2.294528880485902,0.1530241946224478,0.18979354430576478
simple_ruleA,1,2018-10-03,47,2.3090128191489363,2.80524296047958,2.7965180443953512,-0.49623014133064375,-0.4875052252464154
simple_ruleA,2,2018-10-04,48,1.5161130589583334,4.195586887482753,4.091070142937068,-2.679473828524419,-2.5749570839787346
simple_ruleA,1,2018-10-05,47,1.7559174380851064,3.386920624480553,3.3768232813436976,-1.631003186395447,-1.620905843258591
simple_ruleA,4,2018-10-06,48,1.5993542043750002,3.7954884128654864,3.7382317036608277,-2.1961342084904865,-2.1388774992858273
simple_ruleA,3,2018-10-07,47,1.7399318372340424,3.0688501929437577,2.9971137338749227,-1.328918355709715,-1.25718189664088
simple_ruleA,2,2018-10-08,45,1.8998893104444445,2.170566047318672,2.1381665432281713,-0.27067673687422783,-0.23827723278372706
simple_ruleA,1,2018-10-09,48,3.1460956254166668,2.1257069885817175,2.1210662089717722,1.020388636834949,1.0250294164448945
simple_ruleA,3,2018-10-10,48,2.222072078125,1.8401725531973805,1.817550207679793,0.38189952492761936,0.4045218704452074
simple_ruleA,2,2018-10-11,45,1.9299376753333333,1.1452868043993818,1.1408894923523691,0.7846508709339518,0.7890481829809642
simple_ruleA,2,2018-10-12,45,1.3528942080000002,1.2972110382834185,1.288169608079674,0.05568316971658147,0.06472459992032618
simple_ruleA,5,2018-10-13,45,1.1938789062222221,1.7215361243444853,1.7087692150107172,-0.527657218122263,-0.514890308788495
simple_ruleA,5,2018-10-14,46,1.2519231717391306,1.9069194390722937,1.891752616209542,-0.6549962673331633,-0.6398294444704115
simple_ruleA,5,2018-10-15,47,1.0998721210638298,2.194072855347432,2.174241866224973,-1.094200734283602,-1.0743697451611431
simple_ruleA,4,2018-10-16,47,1.7939888188297874,2.0164352592801573,1.995713573286781,-0.22244644045036976,-0.20172475445699367
simple_ruleA,5,2018-10-17,45,1.990694493111111,1.9086408314365448,1.8943708684640816,0.08205366167456628,0.0963236246470297
simple_ruleA,2,2018-10-18,48,1.1190636116666668,1.5863536500798645,1.5730729351562267,-0.4672900384131977,-0.45400932348955986
simple_ruleA,1,2018-10-19,47,1.8795137353617022,1.8994023734110497,1.8953608027344182,-0.019888638049347693,-0.015847067372715993
simple_ruleA,3,2018-10-20,47,0.6736621091489362,1.800685038397568,1.7697268171732652,-1.127022929248632,-1.0960647080243289
simple_ruleA,1,2018-10-21,47,1.3392859944680853,1.789248731519471,1.7854874016335072,-0.4499627370513857,-0.44620140716542184
simple_ruleA,2,2018-10-22,48,1.0295788454166666,2.063943768626198,2.0336686593579727,-1.034364923209531,-1.004089813941306
simple_ruleA,4,2018-10-23,45,0.7377184775555556,1.5987676628310044,1.588028691617909,-0.8610491852754485,-0.8503102140623532
simple_ruleA,4,2018-10-24,47,0.9474155851063829,1.6126891394104859,1.6004757690583045,-0.6652735543041028,-0.6530601839519216
simple_ruleA,3,2018-10-25,47,0.6272926090425532,2.036511221713509,1.9971876233470607,-1.4092186126709556,-1.3698950143045074
simple_ruleA,1,2018-10-26,47,0.8659952378723405,1.507567365732619,1.5059470502310417,-0.6415721278602785,-0.6399518123587011
simple_ruleA,2,2018-10-27,48,1.0058246449583335,1.1023862735542862,1.1005699712395016,-0.0965616285959527,-0.09474532628116834
simple_ruleA,3,2018-10-28,47,1.6154326700000001,0.9358743650903877,0.9363740267109834,0.6795583049096122,0.6790586432890167
simple_ruleA,5,2018-10-29,47,-0.9525447292705167,0.7751353530559324,0.776356725175439,-1.7276800823264493,-1.7289014544459556
simple_ruleA,4,2018-10-30,45,-0.5650887453777778,0.7693785310875582,0.7705354960455248,-1.3344672764653358,-1.3356242414233024
simple_ruleA,2,2018-10-31,39,-1.504603737974359,0.7040330835265153,0.7066424583597917,-2.2086368215008743,-2.2112461963341508
simple_ruleA,2,2018-11-01,45,-0.6297393386666666,0.9707394355295792,0.9676000861744746,-1.6004787741962458,-1.5973394248411412
simple_ruleA,5,2018-11-02,47,-1.7726840145744682,1.3178120272741813,1.310721084679102,-3.0904960418486493,-3.08340509925357
simple_ruleA,4,2018-11-03,47,-1.7075539732978724,1.4789085611342294,1.4671488601235214,-3.186462534432102,-3.1747028334213936
simple_ruleA,3,2018-11-04,47,-1.2089761303191489,1.5669500867213837,1.5436119049039436,-2.7759262170405328,-2.7525880352230923
simple_ruleA,4,2018-11-05,48,-0.5191773273958333,1.7567663707473553,1.7409773431608333,-2.275943698143189,-2.2601546705566666
simple_ruleA,4,2018-11-06,48,-0.2896734136458333,1.712890007626352,1.6994611823089407,-2.0025634212721855,-1.9891345959547742
simple_ruleA,1,2018-11-07,47,-0.14444053276595747,1.6604454505524169,1.658379890330504,-1.8048859833183746,-1.8028204230964615
simple_ruleA,4,2018-11-08,47,0.047627679297872344,1.727735543827441,1.7169757493157938,-1.6801078645295686,-1.6693480700179213
simple_ruleA,5,2018-11-09,48,1.2346669320416668,1.9204678111528912,1.908529665007855,-0.6858008791112247,-0.6738627329661883
simple_ruleA,1,2018-11-10,47,1.0717726151425533,1.670587395238169,1.6682197903912113,-0.5988147800956155,-0.596447175248658
simple_ruleA,3,2018-11-11,46,0.4205596582826087,0.7736712456971785,0.7766727160052259,-0.35311158741456966,-0.3561130577226173
simple_ruleA,2,2018-11-12,45,1.5280675613333337,0.9523040122227369,0.9498642893173737,0.5757635491105966,0.5782032720159597
simple_ruleA,5,2018-11-13,46,1.5085422910869568,1.114171688082196,1.1114700414637486,0.3943706030047608,0.39707224962320814
simple_ruleA,5,2018-11-14,46,1.3535899445652173,1.1570799200739128,1.153949901876952,0.19651002449130464,0.19964004268826538
simple_ruleA,2,2018-11-15,48,1.7105289535833335,1.0259892619330728,1.0222500476836958,0.6845396916502605,0.6882789058996376
simple_ruleA,3,2018-11-16,47,1.887951365957447,0.7864838793350118,0.7890999435982803,1.101467486622435,1.0988514223591666
simple_ruleA,1,2018-11-17,47,0.6300136551063831,0.5438730674283828,0.5445665158822798,0.0861405876780002,0.08544713922410316
simple_ruleA,2,2018-11-18,47,0.05442239446808509,0.5815750294810642,0.5851644232005755,-0.527152635012979,-0.5307420287324903
simple_ruleA,1,2018-11-19,47,0.43321379751063827,0.6651316221114301,0.6655419033880429,-0.23191782460079174,-0.23232810587740454
simple_ruleA,5,2018-11-20,46,0.07044969304347835,0.7199189247830785,0.720755531037117,-0.6494692317396001,-0.6503058379936387
simple_ruleA,2,2018-11-21,47,1.6454474734042555,0.7232875168941475,0.7267584629846358,0.9221599565101077,0.9186890104196196
simple_ruleA,4,2018-11-22,47,-0.08496887268085108,0.4061322681548793,0.40994214914594695,-0.4911011408357305,-0.494911021826798
simple_ruleA,5,2018-11-23,46,-0.003322880282608693,0.3389175502208963,0.34200863658470043,-0.34224043050350506,-0.34533151686730906
simple_ruleA,5,2018-11-24,47,0.35828784308510636,0.3874161907684824,0.39082902351692705,-0.029128347683375966,-0.032541180431820665
simple_ruleA,4,2018-11-25,45,0.31693359833333334,0.42717999286770386,0.43116416668609187,-0.11024639453437053,-0.11423056835275856
simple_ruleA,2,2018-11-26,46,-0.4870644775869566,0.6323223395241215,0.6350565477942246,-1.1193868171110781,-1.122121025381181
simple_ruleA,4,2018-11-27,45,-0.41840147173333336,0.9522473423241363,0.9516230107120343,-1.3706488140574697,-1.3700244824453676
simple_ruleA,3,2018-11-28,45,-0.4148796688888889,0.510216447683771,0.5154750734707665,-0.9250961165726598,-0.9303547423596553
simple_ruleA,3,2018-11-29,46,-0.1156107743369565,0.3875553831263518,0.3940663952491953,-0.5031661574633083,-0.5096771695861518
simple_ruleA,5,2018-11-30,45,-0.05000109541111112,0.385822039811485,0.38865566223149683,-0.4358231352225961,-0.4386567576426079
simple_ruleA,1,2018-12-01,45,0.34395666887777776,0.5174943805394483,0.518064691584311,-0.17353771166167056,-0.17410802270653322
simple_ruleA,1,2018-12-02,45,-0.19673174663333337,0.599588462531766,0.6000481492407077,-0.7963202091650994,-0.7967798958740411
simple_ruleA,5,2018-12-03,45,-0.40780812357777774,0.940595261847701,0.9407300716792174,-1.3484033854254787,-1.348538195256995
simple_ruleA,3,2018-12-04,46,0.8510439423478261,0.988772697887729,0.9879530419880109,-0.13772875553990294,-0.13690909964018486
simple_ruleA,1,2018-12-05,45,0.9592886573333332,0.2789625477671722,0.27980532507200034,0.6803261095661612,0.6794833322613331
simple_ruleA,2,2018-12-06,46,0.451844610826087,0.45826021050427435,0.46337275137145023,-0.006415599678187389,-0.01152814054536326
simple_ruleA,2,2018-12-07,43,1.3274499572093024,0.10355067592122484,0.10713749898881943,1.2238992812880776,1.220312458220483
simple_ruleA,3,2018-12-08,48,0.8662080270833333,0.07630087147125743,0.08019620699880592,0.7899071556120759,0.7860118200845275
simple_ruleA,5,2018-12-09,48,1.2684520370833334,0.08940047015532467,0.09130529487053511,1.1790515669280086,1.1771467422127981
simple_ruleA,5,2018-12-10,48,1.4472701070833336,0.17201499281700983,0.17438272925465614,1.2752551142663235,1.2728873778286773
simple_ruleA,3,2018-12-11,46,1.529205162826087,0.25584057691598555,0.26230533524680566,1.2733645859101015,1.2668998275792815
simple_ruleA,4,2018-12-12,48,1.4684236483333333,0.1946365896856916,0.1980064061758291,1.2737870586476416,1.2704172421575042
simple_ruleA,1,2018-12-13,46,1.2725775013695653,0.18356049132723087,0.18429076947677034,1.0890170100423344,1.088286731892795
simple_ruleA,3,2018-12-14,48,1.3735388833333333,0.11143969110432062,0.11594265244447645,1.2620991922290128,1.2575962308888569
simple_ruleA,5,2018-12-15,46,1.1672991601086957,0.17685288727016826,0.17929183416251834,0.9904462728385275,0.9880073259461774
simple_ruleA,4,2018-12-16,46,1.6478125302173914,0.2566075435699677,0.2603931856021294,1.3912049866474236,1.387419344615262
simple_ruleA,4,2018-12-17,48,1.3615691866250001,0.3438557384104641,0.3478215097793543,1.017713448214536,1.0137476768456457
simple_ruleA,4,2018-12-18,46,1.181335625869565,0.37505423867503224,0.3782383264815285,0.806281387194533,0.8030972993880366
simple_ruleA,1,2018-12-19,46,1.23613595,0.5034721278196718,0.5042017773002859,0.7326638221803283,0.7319341726997142
simple_ruleA,5,2018-12-20,46,1.0854955119347827,0.36719433916752525,0.36965307179428425,0.7183011727672574,0.7158424401404982
simple_ruleA,2,2018-12-21,46,1.4875490241304348,0.5808074438531726,0.5834896263884193,0.9067415802772621,0.9040593977420154
simple_ruleA,1,2018-12-22,46,1.323656990826087,0.6721598763522882,0.6725844757657884,0.6514971144737988,0.6510725150602986
simple_ruleA,5,2018-12-23,46,0.9972252115217392,0.438850585106854,0.441942815881654,0.5583746264148852,0.5552823956400852
simple_ruleA,4,2018-12-24,46,0.08329714995652177,0.18246373213913983,0.18572114296110093,-0.09916658218261806,-0.10242399300457913
simple_ruleA,1,2018-12-25,46,0.22018622297826085,0.31586707398038144,0.31661527084766866,-0.09568085100212059,-0.09642904786940779
simple_ruleA,3,2018-12-26,46,0.9418170304347827,0.26759909617016,0.2743747545453593,0.6742179342646226,0.6674422758894233
simple_ruleA,5,2018-12-27,46,0.5575000341304348,0.06379843472604929,0.06544489046520634,0.49370159940438546,0.49205514366522846
simple_ruleA,3,2018-12-28,48,0.4050928272916667,0.051874508182129096,0.0548834293886477,0.3532183191095375,0.35020939790301897
simple_ruleA,3,2018-12-29,46,0.3924107634565218,0.09356884124838115,0.09790069789807646,0.29884192220814065,0.2945100655584453
simple_ruleA,2,2018-12-30,48,0.44148704218750007,0.08323561970677111,0.08620971753690378,0.35825142248072894,0.35527732465059625
simple_ruleA,5,2018-12-31,48,0.5690473772916667,0.10910827866721688,0.1110783413824152,0.4599390986244498,0.4579690359092515
knee_ruleA,3,2018-04-09,12,1.0472953900000002,1.1941274890876148,1.1889430985242828,-0.14683209908761471,-0.14164770852428266
knee_ruleA,5,2018-04-10,47,0.47282547361702126,2.800755602535999,2.7640766190520583,-2.3279301289189775,-2.291251145435037
knee_ruleA,2,2018-04-11,47,0.8453302529574469,2.285131343661088,2.2551741397680227,-1.4398010907036412,-1.4098438868105763
knee_ruleA,4,2018-04-12,48,0.6412611391249999,2.105122324697127,2.0844820872606107,-1.4638611855721269,-1.4432209481356104
knee_ruleA,3,2018-04-13,47,0.635110774893617,2.1338762526351065,2.0939216701653187,-1.4987654777414894,-1.458810895271702
knee_ruleA,3,2018-04-14,47,1.367088555319149,1.1465022255877129,1.1419859144457403,0.2205863297314361,0.2251026408734087
knee_ruleA,1,2018-04-15,47,0.7544915838297872,1.2643275336249717,1.2634840493490422,-0.5098359497951843,-0.5089924655192549
knee_ruleA,4,2018-04-16,47,0.34850664957446814,1.816575786347178,1.799599115643807,-1.46806913677271,-1.4510924660693387
knee_ruleA,4,2018-04-17,48,0.5230105908333333,2.2144506125924885,2.1884073003420252,-1.6914400217591554,-1.6653967095086921
knee_ruleA,1,2018-04-18,47,0.5238276698936171,2.2313405138399074,2.2252533220755093,-1.7075128439462903,-1.7014256521818922
knee_ruleA,2,2018-04-19,47,0.7855748930212766,2.668927410857023,2.620235776719965,-1.8833525178357464,-1.8346608836986882
knee_ruleA,3,2018-04-20,48,0.880826201875,4.883029764651156,4.705549660104075,-4.002203562776157,-3.8247234582290752
knee_ruleA,3,2018-04-21,47,1.117097345031915,5.022671693155237,4.8435954845587075,-3.9055743481233227,-3.726498139526792
knee_ruleA,4,2018-04-22,47,0.3576453597234043,2.4719443290204715,2.4443197010490256,-2.1142989692970673,-2.086674341325621
knee_ruleA,5,2018-04-23,48,1.2810660985416666,1.1566694691019308,1.1547973972345347,0.12439662943973599,0.12626870130713197
knee_ruleA,1,2018-04-24,47,0.4215244036170213,1.609011036647833,1.606834707158035,-1.1874866330308116,-1.1853103035410135
knee_ruleA,1,2018-04-25,47,0.19842944063829793,3.332278259374147,3.318737301700708,-3.1338488187358493,-3.1203078610624106
knee_ruleA,5,2018-04-26,47,0.43892267234042553,3.2388244863445745,3.1972599032654445,-2.7999018140041483,-2.758337230925019
knee_ruleA,2,2018-04-27,48,0.7287440279166667,3.499111910038114,3.422124932493554,-2.7703678821214477,-2.6933809045768875
knee_ruleA,1,2018-04-28,47,0.5875206128723405,3.4757170017128094,3.4627009220736182,-2.8881963888404694,-2.875180309201278
knee_ruleA,5,2018-04-29,48,0.82862176625,3.271918367656463,3.228846117581021,-2.4432966014064625,-2.400224351331021
knee_ruleA,5,2018-04-30,47,0.7815592062765957,4.20673310107077,4.143175700660057,-3.425173894794175,-3.361616494383462
knee_ruleA,3,2018-05-01,47,0.9538805631914894,4.797800841038771,4.644118550420591,-3.8439202778472814,-3.690237987229102
knee_ruleA,4,2018-05-02,48,1.4535433592708333,2.0058527231603733,1.9879950073836516,-0.55230936388954,-0.5344516481128182
knee_ruleA,1,2018-05-03,47,0.9401358093617022,1.5968344016302818,1.5946029436804539,-0.6566985922685796,-0.6544671343187518
knee_ruleA,2,2018-05-04,47,1.444926960212766,3.0804001597680895,3.021984674666262,-1.6354731995553236,-1.577057714453496
knee_ruleA,3,2018-05-05,48,0.8744317195833333,4.149521392713216,4.024460283136773,-3.2750896731298833,-3.1500285635534397
knee_ruleA,3,2018-05-06,47,1.0161706595744682,3.3706494584013225,3.287396339824245,-2.3544787988268543,-2.271225680249777
knee_ruleA,3,2018-05-07,47,0.7836438336170213,4.8896334986824845,4.718717562987989,-4.105989665065464,-3.935073729370968
knee_ruleA,2,2018-05-08,48,0.22908054,2.662375384870811,2.621479122091621,-2.433294844870811,-2.392398582091621
knee_ruleA,1,2018-05-09,47,0.9967729835460993,2.3431941244862404,2.3372848123379892,-1.3464211409401414,-1.3405118287918898
knee_ruleA,3,2018-05-10,47,1.1798941640425533,3.0146559321998443,2.9395048542054316,-1.8347617681572916,-1.759610690162878
knee_ruleA,3,2018-05-11,48,1.3072650239583334,3.082056552374555,3.007954838562391,-1.7747915284162221,-1.7006898146040574
knee_ruleA,1,2018-05-12,48,0.4007906071041667,1.9988992933762353,1.9949567288898127,-1.5981086862720686,-1.594166121785646
knee_ruleA,4,2018-05-13,47,1.3914029670212766,3.727744709599167,3.6695291047148046,-2.3363417425778907,-2.278126137693528
knee_ruleA,3,2018-05-14,47,2.1690446502127663,3.9269935224491452,3.8145681399959503,-1.7579488722363794,-1.6455234897831847
knee_ruleA,3,2018-05-15,48,4.272525122916667,7.6285362181115675,7.30243859854708,-3.356011095194901,-3.0299134756304134
knee_ruleA,5,2018-05-16,48,1.7545096245833334,6.528814385354813,6.411419170455418,-4.774304760771479,-4.656909545872085
knee_ruleA,2,2018-05-17,47,2.381270406382979,5.1373385678216295,5.004710653121173,-2.7560681614386513,-2.6234402467381943
knee_ruleA,4,2018-05-18,47,1.6977107829787237,2.3719276485469827,2.3489056554180694,-0.6742168655682591,-0.6511948724393459
knee_ruleA,4,2018-05-19,48,2.7034745979166668,3.9837547142045704,3.9141033122765188,-1.2802801162879034,-1.2106287143598518
knee_ruleA,3,2018-05-20,47,1.809073010638298,3.6253928216911553,3.526697980649409,-1.8163198110528573,-1.7176249700111117
knee_ruleA,3,2018-05-21,48,3.68666576875,4.832486760741839,4.667193259717349,-1.1458209919918387,-0.9805274909673493
knee_ruleA,4,2018-05-22,47,4.27072946106383,3.568878893894447,3.5129973972306896,0.7018505671693831,0.7577320638331404
knee_ruleA,4,2018-05-23,48,7.288922447916668,3.975174727807915,3.910073952086318,3.313747720108752,3.378848495830349
knee_ruleA,1,2018-05-24,47,4.67684035319149,4.451619966573011,4.4322309573670235,0.2252203866184778,0.24460939582446548
knee_ruleA,1,2018-05-25,48,6.611843,5.3163251916610035,5.290416843652767,1.2955178083389969,1.3214261563472334
knee_ruleA,4,2018-05-26,47,8.121600329787235,7.230871719358192,7.052511051391679,0.8907286104290424,1.0690892783955546
knee_ruleA,5,2018-05-27,48,4.926359043958334,5.885942815944241,5.784249876644093,-0.9595837719859075,-0.8578908326857597
knee_ruleA,4,2018-05-28,48,9.300022289583334,6.664418303566279,6.507112440706273,2.635603986017055,2.7929098488770605
knee_ruleA,5,2018-05-29,48,5.725532533333333,6.3290561060572985,6.21618830000246,-0.6035235727239657,-0.4906557666691262
knee_ruleA,3,2018-05-30,47,9.208730940425532,6.168675641223515,5.943235338271407,3.0400552992020176,3.265495602154125
knee_ruleA,5,2018-05-31,48,12.184924920833334,6.368106508559035,6.248137744753129,5.816818412274299,5.936787176080205
knee_ruleA,4,2018-06-01,47,12.722099900000002,9.101953882991694,8.859614298702626,3.6201460170083055,3.8624856012973745
knee_ruleA,5,2018-06-02,48,11.389905470833334,8.797256306762531,8.605219986389775,2.592649164070802,2.7846854844435573
knee_ruleA,2,2018-06-03,47,12.693890738297874,8.11174442876687,7.831400405887921,4.582146309531001,4.862490332409951
knee_ruleA,3,2018-06-04,48,10.149586270833334,6.912438812997798,6.641538381569123,3.2371474578355364,3.5080478892642106
knee_ruleA,5,2018-06-05,48,14.328400583333334,7.649699535162615,7.494776869106615,6.678701048170719,6.833623714226719
knee_ruleA,5,2018-06-06,48,12.788825141666665,7.841693401125874,7.680343485779775,4.947131740540793,5.108481655886892
knee_ruleA,5,2018-06-07,48,14.871658104166668,6.974854164308517,6.839282730326052,7.8968039398581515,8.032375373840615
knee_ruleA,1,2018-06-08,47,12.560412223404255,6.599513077604399,6.565188750869907,5.960899145799856,5.995223472534348
knee_ruleA,3,2018-06-09,48,11.38877190625,6.811009805023382,6.550283715187255,4.577762101226618,4.838488191062746
knee_ruleA,4,2018-06-10,47,8.383711787234041,4.528164116519094,4.449061798026695,3.855547670714948,3.9346499892073483
knee_ruleA,5,2018-06-11,48,7.900584520833334,4.798430919052502,4.725723394241688,3.1021536017808313,3.1748611265916455
knee_ruleA,4,2018-06-12,47,11.297598617021276,5.800832196494729,5.67846646431725,5.496766420526549,5.619132152704027
knee_ruleA,3,2018-06-13,48,11.08758792361111,6.026176642559689,5.810798486410692,5.061411281051423,5.27678943720042
knee_ruleA,1,2018-06-14,47,9.939966723404256,4.7751054575738605,4.754891622491373,5.164861265830394,5.185075100912883
knee_ruleA,2,2018-06-15,48,11.489825041666668,5.048673010602437,4.920783915984165,6.44115203106423,6.569041125682502
knee_ruleA,2,2018-06-16,47,11.53774871787234,5.948201347442089,5.772656743369035,5.589547370430251,5.765091974503305
knee_ruleA,2,2018-06-17,48,10.0085567843125,6.516802942160569,6.320855377479229,3.4917538421519314,3.6877014068332716
knee_ruleA,4,2018-06-18,47,11.42710565319149,8.651626444583101,8.42667426166656,2.7754792086083877,3.0004313915249288
knee_ruleA,5,2018-06-19,48,10.082189064583334,6.649091851251619,6.524143277958699,3.4330972133317146,3.558045786624634
knee_ruleA,5,2018-06-20,47,11.069428263829789,7.411256899869881,7.263725990798011,3.6581713639599065,3.805702273031776
knee_ruleA,1,2018-06-21,48,9.99445140625,7.347268162114457,7.306602480043008,2.647183244135544,2.6878489262069922
knee_ruleA,2,2018-06-22,48,9.810313877083333,9.438019165938906,9.089314327719622,0.3722947111444272,0.7209995493637115
knee_ruleA,1,2018-06-23,47,5.655785796382979,7.522505264789761,7.479914855160667,-1.8667194684067816,-1.8241290587776884
knee_ruleA,2,2018-06-24,48,7.384723681250001,9.76423807194004,9.401834457166007,-2.3795143906900402,-2.017110775916007
knee_ruleA,2,2018-06-25,48,6.0496021791666665,10.35236879707157,9.96254836585757,-4.302766617904903,-3.9129461866909026
knee_ruleA,2,2018-06-26,48,3.4537272625000006,6.937859594345112,6.7257349858566355,-3.484132331845112,-3.272007723356635
knee_ruleA,2,2018-06-27,47,3.464171729787234,6.824653030999198,6.621566467574472,-3.360481301211964,-3.157394737787237
knee_ruleA,4,2018-06-28,48,4.077571247916667,7.493010705802068,7.316976558444503,-3.415439457885402,-3.2394053105278364
knee_ruleA,4,2018-06-29,47,5.376051408510638,9.171400518754211,8.933228759953511,-3.7953491102435737,-3.5571773514428724
knee_ruleA,1,2018-06-30,48,4.825811625,9.014446597789624,8.959963319340098,-4.188634972789623,-4.134151694340097
knee_ruleA,4,2018-07-01,47,4.32301290425532,6.902719817838896,6.750844465143419,-2.5797069135835775,-2.4278315608881
knee_ruleA,1,2018-07-02,48,4.167258685416667,6.929057100185275,6.892762772964532,-2.761798414768609,-2.7255040875478653
knee_ruleA,3,2018-07-03,47,4.800510072695036,10.845567323209591,10.329881699155697,-6.045057250514556,-5.529371626460662
knee_ruleA,2,2018-07-04,48,5.843496376736112,12.495067826891292,11.998459109875066,-6.65157145015518,-6.154962733138954
knee_ruleA,5,2018-07-05,47,5.100919393617021,6.958586644230186,6.830846942468752,-1.8576672506131646,-1.7299275488517305
knee_ruleA,5,2018-07-06,46,4.013637086956522,6.234943434218048,6.126094610845359,-2.2213063472615264,-2.112457523888838
knee_ruleA,4,2018-07-07,47,4.202036874468085,5.1055713431621035,5.00933680943541,-0.9035344686940189,-0.8072999349673241
knee_ruleA,2,2018-07-08,48,4.90197201875,5.581815347504388,5.426620063740201,-0.6798433287543874,-0.5246480449902006
knee_ruleA,4,2018-07-09,47,4.67983829787234,4.7163945281186646,4.632962423031018,-0.03655623024632358,0.046875874841321996
knee_ruleA,1,2018-07-10,48,5.213994385416667,6.520570967772457,6.486891231526617,-1.30657658235579,-1.2728968461099506
knee_ruleA,3,2018-07-11,47,6.512792970212766,10.074130498939573,9.620117412181953,-3.561337528726806,-3.1073244419691877
knee_ruleA,4,2018-07-12,48,6.145249545833334,11.258719754346535,10.94740453016985,-5.113470208513202,-4.802154984336517
knee_ruleA,3,2018-07-13,47,5.808861563829788,11.530205856522203,10.97886969309184,-5.721344292692415,-5.170008129262053
knee_ruleA,2,2018-07-14,48,7.893707402083334,12.417940636881115,11.926608945959707,-4.524233234797782,-4.032901543876372
knee_ruleA,1,2018-07-15,47,8.825024712765957,12.23798704541362,12.15400082032672,-3.4129623326476635,-3.328976107560764
knee_ruleA,3,2018-07-16,48,10.82803609375,12.84084918390914,12.185122332810828,-2.0128130901591392,-1.3570862390608276
knee_ruleA,5,2018-07-17,47,11.225749840425532,11.61827452050016,11.341224225316918,-0.3925246800746266,-0.11547438489138577
knee_ruleA,3,2018-07-18,48,11.137558127083333,12.055425956712938,11.453668746951704,-0.9178678296296052,-0.31611061986837125
knee_ruleA,1,2018-07-19,48,13.359665666666666,11.069376776678396,10.995201409136685,2.29028888998827,2.3644642575299817
knee_ruleA,5,2018-07-20,47,13.979930436170212,12.635854482117331,12.322061369897055,1.344075954052882,1.657869066273159
knee_ruleA,4,2018-07-21,48,14.667598447916667,14.34917267767865,13.896663589281353,0.31842577023801827,0.770934858635314
knee_ruleA,1,2018-07-22,47,17.501085212765958,15.734787802415847,15.613628801452837,1.7662974103501117,1.8874564113131207
knee_ruleA,4,2018-07-23,48,14.9066868125,15.386556132398546,14.901384108218144,-0.47986931989854636,0.0053027042818560854
knee_ruleA,5,2018-07-24,47,17.42781235106383,17.486072923809406,17.000919675830303,-0.05826057274557462,0.42689267523352453
knee_ruleA,5,2018-07-25,48,15.2256235625,15.297381278297003,14.899073780888806,-0.07175771579700296,0.32654978161119547
knee_ruleA,3,2018-07-26,47,15.800653936170212,14.801216502441129,14.02040392038958,0.9994374337290829,1.7802500157806342
knee_ruleA,1,2018-07-27,48,18.182484104166665,16.27471596556729,16.15087456242211,1.9077681385993792,2.0316095417445568
knee_ruleA,4,2018-07-28,48,19.978907489583335,17.70869025726066,17.122794140665228,2.270217232322674,2.856113348918107
knee_ruleA,1,2018-07-29,47,18.021582180851066,16.068030475238533,15.946830594021462,1.9535517056125302,2.0747515868296023
knee_ruleA,2,2018-07-30,48,17.828049833333335,16.684028665115836,15.942995976585001,1.144021168217496,1.8850538567483328
knee_ruleA,1,2018-07-31,47,21.00033240425532,16.085117029714898,15.961796216392719,4.915215374540423,5.038536187862602
knee_ruleA,2,2018-08-01,48,21.93689688541667,21.228405036543347,20.190995192949224,0.7084918488733202,1.7459016924674433
knee_ruleA,1,2018-08-02,48,24.189204364583333,20.507438184517927,20.338202200044105,3.681766180065408,3.85100216453923
knee_ruleA,2,2018-08-03,48,24.791258786458332,20.858067548221985,19.868792157495914,3.9331912382363483,4.922466628962421
knee_ruleA,1,2018-08-04,47,21.455597680851064,17.051026847431654,16.91998599253364,4.40457083341941,4.535611688317423
knee_ruleA,1,2018-08-05,48,20.0095305625,15.855236358857503,15.736335108381498,4.154294203642497,4.2731954541185
knee_ruleA,1,2018-08-06,47,19.81192110638298,15.754516605598669,15.636591332205152,4.057404500784312,4.175329774177827
knee_ruleA,1,2018-08-07,48,18.414588364583334,15.612796196161534,15.495710205354925,2.8017921684217995,2.918878159228409
knee_ruleA,5,2018-08-08,47,18.038444085106384,14.176331540644448,13.814444632929439,3.8621125444619353,4.223999452176946
knee_ruleA,3,2018-08-09,48,16.7010125625,12.57733883781564,11.952409582844547,4.12367372468436,4.748602979655452
knee_ruleA,4,2018-08-10,47,20.032617468085107,15.132847037109956,14.6575754574926,4.899770430975153,5.375042010592507
knee_ruleA,1,2018-08-11,48,18.446810208333336,15.141401198503907,15.028117782283639,3.3054090098294275,3.4186924260496947
knee_ruleA,2,2018-08-12,48,18.256352125,15.537597926661677,14.869723294998435,2.718754198338322,3.3866288300015643
knee_ruleA,2,2018-08-13,47,16.6342225106383,15.971061667617398,15.278037536792535,0.6631608430208988,1.3561849738457632
knee_ruleA,2,2018-08-14,48,21.323660083333333,15.8384015804415,15.152378705657506,5.485258502891834,6.171281377675825
knee_ruleA,4,2018-08-15,47,18.736724574468088,16.086402931714037,15.567951960793428,2.6503216427540477,3.1687726136746583
knee_ruleA,5,2018-08-16,48,12.288344958333333,12.408393057279243,12.110385918957277,-0.12004809894590986,0.1779590393760572
knee_ruleA,5,2018-08-17,47,7.603025876595745,8.755843070369723,8.569798051463144,-1.1528171937739773,-0.9667721748673992
knee_ruleA,5,2018-08-18,47,10.895761085106383,8.113507176522731,7.94460591709517,2.782253908583652,2.9511551680112134
knee_ruleA,2,2018-08-19,48,12.307638395833335,9.611668812401673,9.264551798863508,2.6959695834316615,3.0430865969698258
knee_ruleA,4,2018-08-20,48,14.89058490625,12.387305006044073,12.025700192670838,2.503279900205927,2.8648847135791624
knee_ruleA,5,2018-08-21,48,12.472552208333333,9.864689672484936,9.648018850878758,2.607862535848397,2.8245333574545755
knee_ruleA,4,2018-08-22,47,14.164011851063831,11.564105611465934,11.22416820314098,2.599906239597898,2.939843647922851
knee_ruleA,3,2018-08-23,48,11.836998729166666,10.66417487675217,10.170187963317586,1.1728238524144963,1.6668107658490807
knee_ruleA,2,2018-08-24,47,10.78890559574468,7.817921237765645,7.570057980651894,2.970984357979036,3.2188476150927876
knee_ruleA,4,2018-08-25,48,10.407733666666667,9.117642439118876,8.886571069073407,1.290091227547791,1.5211625975932594
knee_ruleA,1,2018-08-26,47,13.190398010638297,8.634576141242698,8.582627846047954,4.555821869395598,4.607770164590345
knee_ruleA,2,2018-08-27,48,12.964973624999999,9.661551717832559,9.310841751278875,3.3034219071674413,3.6541318737211252
knee_ruleA,3,2018-08-28,47,10.807590574468085,8.650915767770615,8.278489087683022,2.15667480669747,2.529101486785063
knee_ruleA,3,2018-08-29,48,8.59915721875,6.554456246447265,6.31305465812287,2.044700972302735,2.2861025606271297
knee_ruleA,1,2018-08-30,48,10.177618854166667,10.261798822968796,10.19686502147632,-0.08417996880212959,-0.019246167309653246
knee_ruleA,2,2018-08-31,48,9.545335041666666,9.08031903232384,8.765229828320486,0.46501600934282744,0.7801052133461818
knee_ruleA,4,2018-09-01,47,9.09371415908347,8.673682897768206,8.453526899799126,0.4200312613152632,0.6401872592843441
knee_ruleA,2,2018-09-02,48,9.852551479166667,8.042110455803101,7.772759374301402,1.8104410233635653,2.079792104865265
knee_ruleA,3,2018-09-03,47,7.827999404255319,6.19132073630012,5.96841420688741,1.6366786679551992,1.8595851973679083
knee_ruleA,1,2018-09-04,48,9.144821310416667,6.838752634778225,6.802773560085018,2.306068675638442,2.3420477503316497
knee_ruleA,5,2018-09-05,47,8.819130719148937,7.819381313222086,7.662246330490351,0.9997494059268495,1.1568843886585858
knee_ruleA,2,2018-09-06,48,10.088790305208333,6.518524807829897,6.315023083336221,3.5702654973784362,3.7737672218721134
knee_ruleA,5,2018-09-07,47,11.15683885319149,6.017156904088629,5.913591551058205,5.139681949102862,5.243247302133285
knee_ruleA,1,2018-09-08,48,10.223947145833334,4.763740113778712,4.741584919970058,5.460207032054622,5.482362225863277
knee_ruleA,4,2018-09-09,47,9.998991368085106,5.548290936866549,5.431606986766604,4.450700431218556,4.5673843813185036
knee_ruleA,1,2018-09-10,48,6.189287668402778,5.743503836949306,5.715394618243921,0.4457838314534721,0.47389305015885724
knee_ruleA,3,2018-09-11,47,6.172482053191489,5.419966963415615,5.231941005766518,0.7525150897758736,0.9405410474249717
knee_ruleA,4,2018-09-12,48,7.297151910416667,5.858569347433758,5.733312939868405,1.4385825629829079,1.5638389705482616
knee_ruleA,5,2018-09-13,48,5.060761216666667,6.367558135710236,6.248295841079397,-1.3067969190435686,-1.1875346244127303
knee_ruleA,3,2018-09-14,48,3.5804256437500004,7.42999729093171,7.124822779165207,-3.84957164718171,-3.5443971354152075
knee_ruleA,2,2018-09-15,47,4.26678855106383,7.770207660151678,7.519193501920665,-3.5034191090878486,-3.252404950856835
knee_ruleA,5,2018-09-16,48,2.6671404270833334,6.620228165133155,6.500921583808043,-3.9530877380498217,-3.8337811567247093
knee_ruleA,4,2018-09-17,47,3.6352332010638295,6.078871337691723,5.9488827747964725,-2.443638136627893,-2.3136495737326426
knee_ruleA,3,2018-09-18,48,2.6043113779166664,5.385755058606757,5.194044589561877,-2.781443680690091,-2.589733211645211
knee_ruleA,4,2018-09-19,47,2.1127147182978723,5.363646934946551,5.252432350767854,-3.250932216648679,-3.139717632469982
knee_ruleA,1,2018-09-20,48,0.7976019938125001,4.3875654292976884,4.369996130759354,-3.589963435485189,-3.5723941369468544
knee_ruleA,2,2018-09-21,47,0.9730971185106383,4.603191531543644,4.493542289992258,-3.6300944130330053,-3.5204451714816205
knee_ruleA,5,2018-09-22,48,1.286113165625,5.589038166558889,5.4944883810539915,-4.302925000933889,-4.208375215428991
knee_ruleA,2,2018-09-23,47,1.8158773138297875,3.324834463064141,3.257210210715708,-1.5089571492343539,-1.4413328968859211
knee_ruleA,1,2018-09-24,47,1.9118068539574469,2.8461592244997473,2.8374180483128875,-0.9343523705423001,-0.9256111943554405
knee_ruleA,5,2018-09-25,48,2.560413458333333,3.357096794212446,3.311898610504213,-0.7966833358791124,-0.7514851521708793
knee_ruleA,3,2018-09-26,47,1.8311034844680851,3.925862675096282,3.814315982393794,-2.0947591906281966,-1.983212497925709
knee_ruleA,4,2018-09-27,48,2.3870967227083333,3.7309799111371507,3.6692434752952927,-1.3438831884288167,-1.2821467525869592
knee_ruleA,3,2018-09-28,47,2.253980155106383,3.130348754136651,3.053124294474209,-0.8763685990302682,-0.7991441393678258
knee_ruleA,3,2018-09-29,47,2.4128335340425533,4.304847074716467,4.164152204516349,-1.892013540673914,-1.7513186704737957
knee_ruleA,5,2018-09-30,48,2.0839533041666667,3.1807012923409297,3.1429030950996704,-1.0967479881742632,-1.0589497909330032
knee_ruleA,2,2018-10-01,47,1.7358946787234042,2.4865396231430554,2.450928104426241,-0.750644944419651,-0.715033425702837
knee_ruleA,2,2018-10-02,48,2.484322424791667,2.3585496768229057,2.3211872138192358,0.12577274796876078,0.1631352109724311
knee_ruleA,1,2018-10-03,47,2.3090128191489363,2.8245263158637335,2.8149010231187557,-0.5155134967147971,-0.5058882039698197
knee_ruleA,2,2018-10-04,48,1.5161130589583334,4.199320837807313,4.093111809603735,-2.6832077788489794,-2.576998750645401
knee_ruleA,1,2018-10-05,47,1.7559174380851064,3.352745069315713,3.341606260067102,-1.5968276312306062,-1.5856888219819958
knee_ruleA,4,2018-10-06,48,1.5993542043750002,3.783331474789249,3.7250400369941605,-2.1839772704142493,-2.1256858326191606
knee_ruleA,3,2018-10-07,47,1.7399318372340424,3.0956779260483485,3.0233477764281145,-1.3557460888143062,-1.2834159391940718
knee_ruleA,2,2018-10-08,45,1.8998893104444445,2.174595269218039,2.1416732098948383,-0.2747059587735945,-0.2417838994503939
knee_ruleA,1,2018-10-09,48,3.1460956254166668,2.098798112565321,2.0936787089717726,1.0472975128513458,1.0524169164448942
knee_ruleA,3,2018-10-10,48,2.222072078125,1.867183576291441,1.8443752076797928,0.35488850183355897,0.37769687044520744
knee_ruleA,2,2018-10-11,45,1.9299376753333333,1.1630953720480048,1.158627270130147,0.7668423032853285,0.7713104052031863
knee_ruleA,2,2018-10-12,45,1.3528942080000002,1.306245616430839,1.2970584969685623,0.04664859156916121,0.055835711031437814
knee_ruleA,5,2018-10-13,45,1.1938789062222221,1.7104552947883027,1.6973736594551623,-0.5165763885660806,-0.50349475323294
knee_ruleA,5,2018-10-14,46,1.2519231717391306,1.8957670745714357,1.88022652925302,-0.6438439028323052,-0.6283033575138895
knee_ruleA,5,2018-10-15,47,1.0998721210638298,2.1840297417924806,2.1637099513313554,-1.0841576207286507,-1.0638378302675253
knee_ruleA,4,2018-10-16,47,1.7939888188297874,2.0051969296568894,1.9841008073293345,-0.2112081108271023,-0.19011198849954716
knee_ruleA,5,2018-10-17,45,1.990694493111111,1.916414509888578,1.9017930906863039,0.07427998322253299,0.0889014024248074
knee_ruleA,2,2018-10-18,48,1.1190636116666668,1.611642003845442,1.5981479351562264,-0.4925783921787752,-0.4790843234895598
knee_ruleA,1,2018-10-19,47,1.8795137353617022,1.9081597163940185,1.9037012282663328,-0.02864598103231619,-0.02418749290463076
knee_ruleA,3,2018-10-20,47,0.6736621091489362,1.7998777734415252,1.7686629873860313,-1.126215664292589,-1.095000878237095
knee_ruleA,1,2018-10-21,47,1.3392859944680853,1.7765857196800483,1.7724363378037196,-0.4372997252119631,-0.4331503433356343
knee_ruleA,2,2018-10-22,48,1.0295788454166666,2.0510656041738904,2.0203019926913055,-1.0214867587572236,-0.9907231472746391
knee_ruleA,4,2018-10-23,45,0.7377184775555556,1.5976457602897312,1.5867131360623534,-0.8599272827341756,-0.8489946585067977
knee_ruleA,4,2018-10-24,47,0.9474155851063829,1.626811790514685,1.614377896717879,-0.6793962054083018,-0.6669623116114961
knee_ruleA,3,2018-10-25,47,0.6272926090425532,2.020254145968119,1.980604644623657,-1.392961536925566,-1.3533120355811035
knee_ruleA,1,2018-10-26,47,0.8659952378723405,1.475844981094847,1.4740576885289132,-0.6098497432225067,-0.6080624506565725
knee_ruleA,2,2018-10-27,48,1.0058246449583335,1.1217778253330222,1.119932471239502,-0.11595318037468877,-0.11410782628116867
knee_ruleA,3,2018-10-28,47,1.6154326700000001,0.9177427449286563,0.9182463671365152,0.6976899250713439,0.6971863028634848
knee_ruleA,5,2018-10-29,47,-0.9525447292705167,0.8054970912817836,0.8067482145371411,-1.7580418205523,-1.7592929438076579
knee_ruleA,4,2018-10-30,45,-0.5650887453777778,0.7862202227554757,0.7873977182677478,-1.3513089681332533,-1.3524864636455254
knee_ruleA,2,2018-10-31,39,-1.504603737974359,0.7136841356103971,0.7163347660520974,-2.2182878735847558,-2.2209385040264564
knee_ruleA,2,2018-11-01,45,-0.6297393386666666,0.9844793057671811,0.9812889750633632,-1.6142186444338478,-1.6110283137300299
knee_ruleA,5,2018-11-02,47,-1.7726840145744682,1.3184550298886415,1.3111891697854854,-3.0911390444631097,-3.0838731843599536
knee_ruleA,4,2018-11-03,47,-1.7075539732978724,1.4656488750497396,1.4536765196979897,-3.173202848347612,-3.161230492995862
knee_ruleA,3,2018-11-04,47,-1.2089761303191489,1.5608285890620435,1.5372970112869224,-2.769804719381192,-2.746273141606071
knee_ruleA,4,2018-11-05,48,-0.5191773273958333,1.7642266412986893,1.7481523431608335,-2.2834039686945227,-2.267329670556667
knee_ruleA,4,2018-11-06,48,-0.2896734136458333,1.7187156689697387,1.705044515642274,-2.008389082615572,-1.9947179292881074
knee_ruleA,1,2018-11-07,47,-0.14444053276595747,1.6536923375529697,1.6514139328836959,-1.7981328703189274,-1.7958544656496533
knee_ruleA,4,2018-11-08,47,0.047627679297872344,1.6536695421039436,1.6427161748477084,-1.606041862806071,-1.595088495549836
knee_ruleA,5,2018-11-09,48,1.2346669320416668,1.9851445376806114,1.9729129983411882,-0.7504776056389447,-0.7382460662995213
knee_ruleA,1,2018-11-10,47,1.0717726151425533,1.6848101787192329,1.6821985137954667,-0.6130375635766795,-0.6104258986529135
knee_ruleA,3,2018-11-11,46,0.4205596582826087,0.7603599657088879,0.7633857594834871,-0.3398003074262791,-0.34282610120087825
knee_ruleA,2,2018-11-12,45,1.5280675613333337,0.9466059467644732,0.9441265115395961,0.5814616145688601,0.5839410497937372
knee_ruleA,5,2018-11-13,46,1.5085422910869568,1.1223339361841094,1.1195656936376621,0.38620835490284716,0.3889765974492945
knee_ruleA,5,2018-11-14,46,1.3535899445652173,1.171587482852613,1.1683803366595609,0.18200246171260454,0.18520960790565652
knee_ruleA,2,2018-11-15,48,1.7105289535833335,1.0220623334780028,1.018262547683696,0.6884666201053306,0.6922664058996374
knee_ruleA,3,2018-11-16,47,1.887951365957447,0.7827988980693238,0.7854361138110462,1.105152467888123,1.1025152521464006
knee_ruleA,1,2018-11-17,47,0.6300136551063831,0.5449379126094066,0.545702686095046,0.0850757424969763,0.08431096901133701
knee_ruleA,2,2018-11-18,47,0.05442239446808509,0.5747863174281277,0.5784325083069581,-0.5203639229600425,-0.524010113838873
knee_ruleA,1,2018-11-19,47,0.43321379751063827,0.6756596657783186,0.6761121161540005,-0.2424458682676804,-0.24289831864336214
knee_ruleA,5,2018-11-20,46,0.07044969304347835,0.7194421798423561,0.7202990092979862,-0.6489924867988778,-0.6498493162545079
knee_ruleA,2,2018-11-21,47,1.6454474734042555,0.7227131426786187,0.7262393140484653,0.9227343307256366,0.9192081593557901
knee_ruleA,4,2018-11-22,47,-0.08496887268085108,0.4210090241934417,0.424886829997011,-0.5059778968742928,-0.5098557026778621
knee_ruleA,5,2018-11-23,46,-0.003322880282608693,0.34105966263207654,0.3442260278890477,-0.34438254291468523,-0.3475489081716564
knee_ruleA,5,2018-11-24,47,0.35828784308510636,0.37008192121240613,0.3735779596871404,-0.011794078127299743,-0.015290116602034045
knee_ruleA,4,2018-11-25,45,0.31693359833333334,0.4383400316879802,0.44239527779720317,-0.12140643335464686,-0.12546167946386982
knee_ruleA,2,2018-11-26,46,-0.4870644775869566,0.6220227197454526,0.6248000260550935,-1.1090871973324092,-1.11186450364205
knee_ruleA,4,2018-11-27,45,-0.41840147173333336,0.9550009738060621,0.9543652329342571,-1.3734024455393954,-1.3727667046675907
knee_ruleA,3,2018-11-28,45,-0.4148796688888889,0.5171961871661425,0.5224972956929888,-0.9320758560550314,-0.9373769645818777
knee_ruleA,3,2018-11-29,46,-0.1156107743369565,0.3928071245556032,0.39937074307528164,-0.5084178988925597,-0.5149815174122382
knee_ruleA,5,2018-11-30,45,-0.05000109541111112,0.3864196982154345,0.38932232889816354,-0.4364207936265456,-0.4393234243092746
knee_ruleA,1,2018-12-01,45,0.34395666887777776,0.5233024256155798,0.5239313582509778,-0.179345756737802,-0.1799746893732001
knee_ruleA,1,2018-12-02,45,-0.19673174663333337,0.5792745482790854,0.5797814825740416,-0.7760062949124187,-0.7765132292073749
knee_ruleA,5,2018-12-03,45,-0.40780812357777774,0.9175698312563867,0.9177078494569951,-1.3253779548341644,-1.325515973034773
knee_ruleA,3,2018-12-04,46,0.8510439423478261,1.027875185156965,1.0270486941619237,-0.17683124280913898,-0.1760047518140976
knee_ruleA,1,2018-12-05,45,0.9592886573333332,0.27847591647912223,0.27940532507200033,0.6808127408542112,0.679883332261333
knee_ruleA,2,2018-12-06,46,0.451844610826087,0.457379183016696,0.4625727513714496,-0.005534572190609044,-0.01072814054536266
knee_ruleA,2,2018-12-07,43,1.3274499572093024,0.14409909199455023,0.147742150151611,1.1833508652147522,1.1797078070576914
knee_ruleA,3,2018-12-08,48,0.8662080270833333,0.08622819227241431,0.09015454033213882,0.779979834810919,0.7760534867511946
knee_ruleA,5,2018-12-09,48,1.2684520370833334,0.09360434536990508,0.09555529487053527,1.1748476917134283,1.172896742212798
knee_ruleA,5,2018-12-10,48,1.4472701070833336,0.16174916696130914,0.16417439592132263,1.2855209401220242,1.2830957111620107
knee_ruleA,3,2018-12-11,46,1.529205162826087,0.23035373084318747,0.23687055263811027,1.2988514319828994,1.292334610187977
knee_ruleA,4,2018-12-12,48,1.4684236483333333,0.20691007623069546,0.2103397395091627,1.2615135721026378,1.2580839088241706
knee_ruleA,1,2018-12-13,46,1.2725775013695653,0.19705068323724023,0.19785598686807457,1.075526818132325,1.0747215145014908
knee_ruleA,3,2018-12-14,48,1.3735388833333333,0.12427870392668612,0.12881765244447632,1.2492601794066471,1.2447212308888569
knee_ruleA,5,2018-12-15,46,1.1672991601086957,0.14540234574986063,0.14790052981469254,1.021896814358835,1.0193986302940032
knee_ruleA,4,2018-12-16,46,1.6478125302173914,0.21253150908655308,0.21638448994995577,1.4352810211308384,1.4314280402674355
knee_ruleA,4,2018-12-17,48,1.3615691866250001,0.3580475849216512,0.36208400977935407,1.0035216017033488,0.999485176845646
knee_ruleA,4,2018-12-18,46,1.181335625869565,0.36828884066774,0.3715296308293549,0.8130467852018254,0.8098059950402102
knee_ruleA,1,2018-12-19,46,1.23613595,0.5172405623776196,0.5180452555611553,0.7188953876223804,0.7180906944388447
knee_ruleA,5,2018-12-20,46,1.0854955119347827,0.3783954069219268,0.38091394135950163,0.7071001050128558,0.704581570575281
knee_ruleA,2,2018-12-21,46,1.4875490241304348,0.5736999361119294,0.5764244089971146,0.9138490880185054,0.9111246151333203
knee_ruleA,1,2018-12-22,46,1.323656990826087,0.6682162281137403,0.6686844757657887,0.6554407627123467,0.6549725150602983
knee_ruleA,5,2018-12-23,46,0.9972252115217392,0.4569099724391267,0.46007759849034985,0.5403152390826126,0.5371476130313894
knee_ruleA,4,2018-12-24,46,0.08329714995652177,0.18218851119424356,0.18550375165675326,-0.09889136123772177,-0.10220660170023148
knee_ruleA,1,2018-12-25,46,0.22018622297826085,0.29941190191826783,0.3002370099781028,-0.07922567894000693,-0.08005078699984199
knee_ruleA,3,2018-12-26,46,0.9418170304347827,0.2877662271500274,0.2945964936757943,0.6540508032847552,0.6472205367589883
knee_ruleA,5,2018-12-27,46,0.5575000341304348,0.07532385382307023,0.0770101078565103,0.48217618030736453,0.4804899262739245
knee_ruleA,3,2018-12-28,48,0.4050928272916667,0.06460063987383009,0.06763342938864758,0.3404921874178366,0.337459397903019
knee_ruleA,3,2018-12-29,46,0.3924107634565218,0.1081429776839453,0.1125093935502509,0.28426778577257644,0.27990136990627085
knee_ruleA,2,2018-12-30,48,0.44148704218750007,0.0960640564898142,0.09908471753690366,0.3454229856976858,0.34240232465059633
knee_ruleA,5,2018-12-31,48,0.5690473772916667,0.09406052549457215,0.09607834138241522,0.47498685179709454,0.4729690359092515
complex_ruleA,3,2018-04-09,12,1.0472953900000002,1.0712317279430532,1.0169143519241868,-0.02393633794305321,0.030381038075813344
complex_ruleA,5,2018-04-10,47,0.47282547361702126,-2.012862533902897,-1.6598310179455118,2.485688007519918,2.132656491562533
complex_ruleA,2,2018-04-11,47,0.8453302529574469,1.114025115400818,1.0332153522695546,-0.2686948624433714,-0.18788509931210784
complex_ruleA,4,2018-04-12,48,0.6412611391249999,1.4819529441368922,1.4555154631788065,-0.8406918050118923,-0.8142543240538065
complex_ruleA,3,2018-04-13,47,0.635110774893617,1.4554102282224068,1.4197712560505529,-0.8202994533287897,-0.7846604811569357
complex_ruleA,3,2018-04-14,47,1.367088555319149,1.3242267537407757,1.2412551089486763,0.04286180157837334,0.12583344637047258
complex_ruleA,1,2018-04-15,47,0.7544915838297872,1.0162455027248731,1.0068711393540242,-0.2617539188950857,-0.2523795555242368
complex_ruleA,4,2018-04-16,47,0.34850664957446814,1.6580855155126715,1.6126783073984783,-1.3095788659382035,-1.2641716578240103
complex_ruleA,4,2018-04-17,48,0.5230105908333333,1.8301778524989272,1.7609123133117421,-1.3071672616655936,-1.2379017224784088
complex_ruleA,1,2018-04-18,47,0.5238276698936171,1.8850428285532803,1.8675677735306808,-1.3612151586596632,-1.343740103637064
complex_ruleA,2,2018-04-19,47,0.7855748930212766,1.753887444529638,1.6758146935130822,-0.9683125515083613,-0.8902398004918056
complex_ruleA,3,2018-04-20,48,0.880826201875,0.9979861838138953,1.113440124644673,-0.11715998193889521,-0.23261392276967305
complex_ruleA,3,2018-04-21,47,1.117097345031915,1.726991138193718,1.769244073688546,-0.6098937931618029,-0.6521467286566309
complex_ruleA,4,2018-04-22,47,0.3576453597234043,2.801094489746601,2.7586587830897384,-2.4434491300231964,-2.4010134233663343
complex_ruleA,5,2018-04-23,48,1.2810660985416666,2.7010002418953616,2.474555193467183,-1.419934143353695,-1.1934890949255157
complex_ruleA,1,2018-04-24,47,0.4215244036170213,1.383668612370801,1.3938991273259604,-0.96214420875378,-0.9723747237089393
complex_ruleA,1,2018-04-25,47,0.19842944063829793,0.5943890940650164,0.7142844543425405,-0.3959596534267185,-0.5158550137042426
complex_ruleA,5,2018-04-26,47,0.43892267234042553,1.3764059878765247,1.4511044615403796,-0.937483315536099,-1.0121817891999543
complex_ruleA,2,2018-04-27,48,0.7287440279166667,2.5459548573138933,2.437392148822966,-1.8172108293972267,-1.7086481209062996
complex_ruleA,1,2018-04-28,47,0.5875206128723405,2.396208686696971,2.3781161150098225,-1.80868807382463,-1.7905955021374822
complex_ruleA,5,2018-04-29,48,0.82862176625,2.499169447017198,2.4539159635529733,-1.6705476807671982,-1.6252941973029735
complex_ruleA,5,2018-04-30,47,0.7815592062765957,3.4935372760345866,3.4433913962621117,-2.711978069757991,-2.6618321899855157
complex_ruleA,3,2018-05-01,47,0.9538805631914894,4.411612919389287,4.253373785427769,-3.4577323561977984,-3.29949322223628
complex_ruleA,4,2018-05-02,48,1.4535433592708333,2.8089415834632736,2.7293558221251963,-1.3553982241924405,-1.2758124628543628
complex_ruleA,1,2018-05-03,47,0.9401358093617022,2.027944786595271,1.997435574840771,-1.0878089772335686,-1.0572997654790688
complex_ruleA,2,2018-05-04,47,1.444926960212766,1.3668413334828797,1.2775623887223742,0.07808562672988605,0.16736457149039186
complex_ruleA,3,2018-05-05,48,0.8744317195833333,1.2048498049687446,1.1756436540836857,-0.33041808538541123,-0.30121193450035233
complex_ruleA,3,2018-05-06,47,1.0161706595744682,3.2976157089217946,3.1686199754881224,-2.2814450493473264,-2.1524493159136546
complex_ruleA,3,2018-05-07,47,0.7836438336170213,4.269824867560049,4.157982054021323,-3.4861810339430277,-3.374338220404302
complex_ruleA,2,2018-05-08,48,0.22908054,3.4668916837900334,3.4216204952594,-3.2378111437900334,-3.1925399552594
complex_ruleA,1,2018-05-09,47,0.9967729835460993,2.8777391476353174,2.8544806609721607,-1.8809661640892181,-1.8577076774260615
complex_ruleA,3,2018-05-10,47,1.1798941640425533,2.8676193496032023,2.7043136069871982,-1.6877251855606492,-1.524419442944645
complex_ruleA,3,2018-05-11,48,1.3072650239583334,3.413521671628882,3.2201021469523634,-2.1062566476705484,-1.9128371229940297
complex_ruleA,1,2018-05-12,48,0.4007906071041667,2.683900765252719,2.6248093605007647,-2.283110158148552,-2.224018753396598
complex_ruleA,4,2018-05-13,47,1.3914029670212766,3.4613697818496276,3.31717098341916,-2.069966814828351,-1.9257680163978834
complex_ruleA,3,2018-05-14,47,2.1690446502127663,4.4277164950095615,4.20547545682142,-2.2586718447967953,-2.036430806608654
complex_ruleA,3,2018-05-15,48,4.272525122916667,6.067293709848035,5.866876777194782,-1.7947685869313685,-1.5943516542781149
complex_ruleA,5,2018-05-16,48,1.7545096245833334,5.1052701467180235,5.0521930577884575,-3.35076052213469,-3.297683433205124
complex_ruleA,2,2018-05-17,47,2.381270406382979,5.525092381863415,5.384631382169341,-3.143821975480436,-3.003360975786362
complex_ruleA,4,2018-05-18,47,1.6977107829787237,4.476363976097564,4.338103913579335,-2.778653193118841,-2.640393130600612
complex_ruleA,4,2018-05-19,48,2.7034745979166668,4.417451537869842,4.325956578421606,-1.7139769399531755,-1.6224819805049393
complex_ruleA,3,2018-05-20,47,1.809073010638298,3.6092748083718753,3.4655469008484845,-1.8002017977335771,-1.656473890210187
complex_ruleA,3,2018-05-21,48,3.68666576875,3.5182514102404223,3.404298995189279,0.168414358509578,0.28236677356072126
complex_ruleA,4,2018-05-22,47,4.27072946106383,3.883378534377698,3.7564235003739,0.3873509266861317,0.5143059606899303
complex_ruleA,4,2018-05-23,48,7.288922447916668,5.11526664813406,4.956239127770998,2.1736557997826065,2.332683320145669
complex_ruleA,1,2018-05-24,47,4.67684035319149,3.7405253399839347,3.661085736179405,0.936315013207555,1.0157546170120841
complex_ruleA,1,2018-05-25,48,6.611843,4.849701213538004,4.813961400227468,1.7621417864619966,1.7978815997725321
complex_ruleA,4,2018-05-26,47,8.121600329787235,6.920195985680957,6.77745803427438,1.2014043441062774,1.344142295512854
complex_ruleA,5,2018-05-27,48,4.926359043958334,6.412762439398128,6.169278384774017,-1.4864033954397942,-1.2429193408156844
complex_ruleA,4,2018-05-28,48,9.300022289583334,7.110797165045031,6.90147386793516,2.1892251245383023,2.398548421648173
complex_ruleA,5,2018-05-29,48,5.725532533333333,6.228565522827407,6.021613642905681,-0.5030329894940742,-0.29608110957234707
complex_ruleA,3,2018-05-30,47,9.208730940425532,6.36276222694483,6.035313813436269,2.845968713480702,3.173417126989263
complex_ruleA,5,2018-05-31,48,12.184924920833334,7.624401572474555,7.352137615344202,4.560523348358779,4.8327873054891315
complex_ruleA,4,2018-06-01,47,12.722099900000002,10.085918268241306,9.834870503236367,2.636181631758694,2.8872293967636327
complex_ruleA,5,2018-06-02,48,11.389905470833334,9.260027527634067,8.970836771365317,2.1298779431992663,2.419068699468017
complex_ruleA,2,2018-06-03,47,12.693890738297874,8.774817605851972,8.543369620390772,3.919073132445901,4.150521117907101
complex_ruleA,3,2018-06-04,48,10.149586270833334,7.524517615180279,7.171282229884653,2.6250686556530547,2.97830404094868
complex_ruleA,5,2018-06-05,48,14.328400583333334,8.435704076067717,8.188885604316647,5.892696507265616,6.139514979016686
complex_ruleA,5,2018-06-06,48,12.788825141666665,7.752864704119664,7.541699148313054,5.035960437547002,5.247125993353613
complex_ruleA,5,2018-06-07,48,14.871658104166668,7.136853969502465,6.95760162340039,7.734804134664202,7.914056480766276
complex_ruleA,1,2018-06-08,47,12.560412223404255,6.2539827306166424,6.211700319509292,6.306429492787613,6.348711903894963
complex_ruleA,3,2018-06-09,48,11.38877190625,7.53385613686406,7.247677357322086,3.85491576938594,4.141094548927914
complex_ruleA,4,2018-06-10,47,8.383711787234041,4.784591424772935,4.666251056711106,3.599120362461108,3.7174607305229364
complex_ruleA,5,2018-06-11,48,7.900584520833334,5.038712887867191,4.908014580005185,2.861871632966143,2.9925699408281488
complex_ruleA,4,2018-06-12,47,11.297598617021276,5.835266445733975,5.6567010153078785,5.462332171287302,5.640897601713398
complex_ruleA,3,2018-06-13,48,11.08758792361111,6.014027505028097,5.760045446431218,5.073560418583013,5.327542477179893
complex_ruleA,1,2018-06-14,47,9.939966723404256,4.76577063031474,4.755596646756954,5.174196093089516,5.1843700766473
complex_ruleA,2,2018-06-15,48,11.489825041666668,5.2223531125592,5.096774305626449,6.267471929107466,6.393050736040217
complex_ruleA,2,2018-06-16,47,11.53774871787234,6.101588408898229,5.940142147208759,5.436160308974111,5.597606570663582
complex_ruleA,2,2018-06-17,48,10.0085567843125,6.407778681175294,6.207337570878303,3.600778103137206,3.8012192134341967
complex_ruleA,4,2018-06-18,47,11.42710565319149,8.629646018160033,8.33499653273049,2.7974596350314567,3.092109120460999
complex_ruleA,5,2018-06-19,48,10.082189064583334,6.072811305517767,5.9186658696532914,4.009377759065566,4.163523194930042
complex_ruleA,5,2018-06-20,47,11.069428263829789,7.495547178799333,7.307773736937349,3.573881085030455,3.7616545268924373
complex_ruleA,1,2018-06-21,48,9.99445140625,7.9435479548693495,7.908184512183291,2.0509034513806506,2.086266894066709
complex_ruleA,2,2018-06-22,48,9.810313877083333,9.882839512107461,9.597125825157493,-0.07252563502412772,0.21318805192584075
complex_ruleA,1,2018-06-23,47,5.655785796382979,8.336102949491424,8.251199196116978,-2.680317153108445,-2.595413399734
complex_ruleA,2,2018-06-24,48,7.384723681250001,9.55604379335191,9.21522286443483,-2.1713201121019097,-1.8304991831848298
complex_ruleA,2,2018-06-25,48,6.0496021791666665,10.763152976794858,10.469942842471289,-4.713550797628192,-4.420340663304623
complex_ruleA,2,2018-06-26,48,3.4537272625000006,5.863223706758255,5.572988485710222,-2.4094964442582545,-2.119261223210222
complex_ruleA,2,2018-06-27,47,3.464171729787234,5.844054922564951,5.557933611706849,-2.3798831927777178,-2.0937618819196158
complex_ruleA,4,2018-06-28,48,4.077571247916667,7.096065437959008,6.798850751530977,-3.018494190042341,-2.72127950361431
complex_ruleA,4,2018-06-29,47,5.376051408510638,9.200411450005296,8.878665728080062,-3.8243600414946575,-3.5026143195694237
complex_ruleA,1,2018-06-30,48,4.825811625,9.320011579641976,9.276770916157039,-4.494199954641977,-4.45095929115704
complex_ruleA,4,2018-07-01,47,4.32301290425532,7.146983561537469,6.894334014192256,-2.82397065728215,-2.5713211099369366
complex_ruleA,1,2018-07-02,48,4.167258685416667,6.417875131780149,6.32691966109276,-2.2506164463634826,-2.159660975676094
complex_ruleA,3,2018-07-03,47,4.800510072695036,11.499407667963471,11.062132234126487,-6.698897595268436,-6.261622161431452
complex_ruleA,2,2018-07-04,48,5.843496376736112,13.118710096403312,12.780481734439048,-7.275213719667202,-6.9369853577029374
complex_ruleA,5,2018-07-05,47,5.100919393617021,8.269460905494235,7.996608896387091,-3.168541511877213,-2.8956895027700695
complex_ruleA,5,2018-07-06,46,4.013637086956522,7.5830679640170295,7.345756172177369,-3.5694308770605074,-3.332119085220848
complex_ruleA,4,2018-07-07,47,4.202036874468085,5.806810025153553,5.671005510071683,-1.6047731506854677,-1.4689686356035978
complex_ruleA,2,2018-07-08,48,4.90197201875,6.034278412840933,5.909257583913868,-1.132306394090932,-1.007285565163868
complex_ruleA,4,2018-07-09,47,4.67983829787234,4.790502294488812,4.654849299287831,-0.11066399661647144,0.02498899858450954
complex_ruleA,1,2018-07-10,48,5.213994385416667,5.77337928906853,5.738701776044067,-0.5593849036518641,-0.5247073906274003
complex_ruleA,3,2018-07-11,47,6.512792970212766,7.198749152799082,6.935267821232863,-0.6859561825863155,-0.4224748510200972
complex_ruleA,4,2018-07-12,48,6.145249545833334,9.724644241218131,9.299802492888933,-3.5793946953847975,-3.1545529470555995
complex_ruleA,3,2018-07-13,47,5.808861563829788,10.143073455268352,9.682500283723908,-4.3342118914385654,-3.8736387198941205
complex_ruleA,2,2018-07-14,48,7.893707402083334,11.303129594455646,10.831027892260167,-3.4094221923723125,-2.9373204901768326
complex_ruleA,1,2018-07-15,47,8.825024712765957,11.898427519503572,11.809663996730867,-3.073402806737615,-2.9846392839649094
complex_ruleA,3,2018-07-16,48,10.82803609375,12.432974284432559,11.895229049977432,-1.6049381906825593,-1.0671929562274323
complex_ruleA,5,2018-07-17,47,11.225749840425532,11.377307223761793,11.126877593369011,-0.1515573833362618,0.09887224705652099
complex_ruleA,3,2018-07-18,48,11.137558127083333,13.006478793314207,12.474421410916761,-1.8689206662308735,-1.3368632838334278
complex_ruleA,1,2018-07-19,48,13.359665666666666,12.821990112269015,12.78022253657136,0.5376755543976514,0.5794431300953061
complex_ruleA,5,2018-07-20,47,13.979930436170212,13.52361435594073,13.17318663581144,0.4563160802294819,0.8067438003587738
complex_ruleA,4,2018-07-21,48,14.667598447916667,15.551054367190192,15.173981540621432,-0.8834559192735254,-0.5063830927047633
complex_ruleA,1,2018-07-22,47,17.501085212765958,15.805546039741015,15.888053784783928,1.6955391730249414,1.6130314279820295
complex_ruleA,4,2018-07-23,48,14.9066868125,15.997972208909616,15.598505231826891,-1.0912853964096165,-0.6918184193268915
complex_ruleA,5,2018-07-24,47,17.42781235106383,18.59520431768374,18.210997589892646,-1.1673919666199108,-0.7831852388288161
complex_ruleA,5,2018-07-25,48,15.2256235625,14.786717383137196,14.428011677381255,0.4389061793628031,0.7976118851187457
complex_ruleA,3,2018-07-26,47,15.800653936170212,14.673632783693352,14.058738125061199,1.1270211524768627,1.7419158111090143
complex_ruleA,1,2018-07-27,48,18.182484104166665,17.37184353437853,17.429803799572788,0.8106405697881347,0.752680304593878
complex_ruleA,4,2018-07-28,48,19.978907489583335,18.77533803329961,18.39399480443984,1.2035694562837222,1.5849126851434978
complex_ruleA,1,2018-07-29,47,18.021582180851066,17.726408574308888,17.836212990940957,0.29517360654217734,0.1853691899101054
complex_ruleA,2,2018-07-30,48,17.828049833333335,17.995340818839022,17.65998358123286,-0.16729098550568597,0.16806625210047102
complex_ruleA,1,2018-07-31,47,21.00033240425532,17.028465930233086,17.088412773523377,3.9718664740222347,3.911919630731941
complex_ruleA,2,2018-08-01,48,21.93689688541667,21.545152551709702,21.10889717750305,0.3917443337069672,0.827999707913618
complex_ruleA,1,2018-08-02,48,24.189204364583333,20.59330539414947,20.74307387125509,3.5958989704338644,3.446130493328246
complex_ruleA,2,2018-08-03,48,24.791258786458332,20.764085150366693,20.21989567063412,4.027173636091638,4.571363115824213
complex_ruleA,1,2018-08-04,47,21.455597680851064,15.873273932472518,15.790620544780133,5.582323748378545,5.664977136070932
complex_ruleA,1,2018-08-05,48,20.0095305625,16.13133754114327,16.05510216388659,3.8781930213567275,3.9544283986134103
complex_ruleA,1,2018-08-06,47,19.81192110638298,17.519434616589916,17.54829487166025,2.292486489793065,2.2636262347227305
complex_ruleA,1,2018-08-07,48,18.414588364583334,16.552072294634403,16.566193988444738,1.8625160699489316,1.8483943761385968
complex_ruleA,5,2018-08-08,47,18.038444085106384,16.159092014708236,15.723837326770594,1.879352070398147,2.314606758335789
complex_ruleA,3,2018-08-09,48,16.7010125625,13.417344237574817,12.82527670665415,3.2836683249251837,3.8757358558458495
complex_ruleA,4,2018-08-10,47,20.032617468085107,17.169120659038356,16.79215313182547,2.8634968090467496,3.240464336259641
complex_ruleA,1,2018-08-11,48,18.446810208333336,15.943254768057288,15.887481782210996,2.503555440276044,2.5593284261223395
complex_ruleA,2,2018-08-12,48,18.256352125,16.008116056468108,15.539616645527287,2.248236068531894,2.7167354794727125
complex_ruleA,2,2018-08-13,47,16.6342225106383,15.495459316310399,15.028282601728982,1.1387631943278993,1.6059399089093165
complex_ruleA,2,2018-08-14,48,21.323660083333333,16.19709182803899,15.790576196202226,5.126568255294345,5.533083887131107
complex_ruleA,4,2018-08-15,47,18.736724574468088,18.234346789782972,17.920390772131142,0.5023777846851155,0.8163338023369437
complex_ruleA,5,2018-08-16,48,12.288344958333333,15.937793236447646,15.44201986798582,-3.649448278114313,-3.153674909652487
complex_ruleA,5,2018-08-17,47,7.603025876595745,12.397023132189489,11.910386139425905,-4.793997255593745,-4.3073602628301595
complex_ruleA,5,2018-08-18,47,10.895761085106383,10.709622063987256,10.285208474915098,0.18613902111912725,0.6105526101912839
complex_ruleA,2,2018-08-19,48,12.307638395833335,10.722588805913924,10.467558837231573,1.5850495899194081,1.8400795586017604
complex_ruleA,4,2018-08-20,48,14.89058490625,11.585051464808624,11.080111779747625,3.305533441441375,3.8104731265023744
complex_ruleA,5,2018-08-21,48,12.472552208333333,8.307181958056823,8.101305830989027,4.165370250276511,4.371246377344306
complex_ruleA,4,2018-08-22,47,14.164011851063831,13.184075866239754,12.900323774599123,0.9799359848240762,1.2636880764647054
complex_ruleA,3,2018-08-23,48,11.836998729166666,12.233930801389027,11.788318898663597,-0.3969320722223589,0.04867983050307023
complex_ruleA,2,2018-08-24,47,10.78890559574468,8.843514449479704,8.667247958933606,1.9453911462649756,2.121657636811074
complex_ruleA,4,2018-08-25,48,10.407733666666667,7.762042158207605,7.345999893246046,2.6456915084590613,3.0617337734206203
complex_ruleA,1,2018-08-26,47,13.190398010638297,8.38495040159567,8.316862068999882,4.805447609042628,4.873535941638415
complex_ruleA,2,2018-08-27,48,12.964973624999999,9.12714309330385,8.767899299693237,3.83783053169615,4.197074325306763
complex_ruleA,3,2018-08-28,47,10.807590574468085,8.457314853911964,8.057370592628207,2.3502757205561213,2.7502199818398796
complex_ruleA,3,2018-08-29,48,8.59915721875,9.082523905773552,8.653965657211854,-0.4833666870235518,-0.054808438461855034
complex_ruleA,1,2018-08-30,48,10.177618854166667,8.749429856627142,8.661033081822202,1.428188997539525,1.5165857723444656
complex_ruleA,2,2018-08-31,48,9.545335041666666,9.485587371561953,9.222259125317779,0.059747670104714455,0.32307591634888877
complex_ruleA,4,2018-09-01,47,9.09371415908347,9.50731223204028,9.250133371733419,-0.4135980729568096,-0.1564192126499484
complex_ruleA,2,2018-09-02,48,9.852551479166667,8.217450893226435,7.980933255765073,1.6351005859402326,1.8716182234015932
complex_ruleA,3,2018-09-03,47,7.827999404255319,5.979650730592959,5.712663692177446,1.8483486736623602,2.115335712077874
complex_ruleA,1,2018-09-04,48,9.144821310416667,7.516646196369474,7.513939220767068,1.628175114047193,1.6308820896495986
complex_ruleA,5,2018-09-05,47,8.819130719148937,7.324632517164992,7.142088745078301,1.4944982019839441,1.6770419740706364
complex_ruleA,2,2018-09-06,48,10.088790305208333,5.7143982754888905,5.460553955110416,4.374392029719442,4.628236350097919
complex_ruleA,5,2018-09-07,47,11.15683885319149,5.804152273368224,5.658521252887416,5.352686579823265,5.498317600304073
complex_ruleA,1,2018-09-08,48,10.223947145833334,4.806537147592904,4.796429145833374,5.41740999824043,5.42751799999996
complex_ruleA,4,2018-09-09,47,9.998991368085106,5.98690549241092,5.840946675227519,4.012085875674186,4.158044692857587
complex_ruleA,1,2018-09-10,48,6.189287668402778,5.991170209386275,5.982938592691756,0.19811745901650304,0.20634907571102193
complex_ruleA,3,2018-09-11,47,6.172482053191489,5.517885178931879,5.288426220893921,0.6545968742596111,0.8840558322975687
complex_ruleA,4,2018-09-12,48,7.297151910416667,5.961347373001306,5.776310351025169,1.3358045374153609,1.5208415593914975
complex_ruleA,5,2018-09-13,48,5.060761216666667,6.40585953109614,6.245980646065697,-1.3450983144294728,-1.1852194293990308
complex_ruleA,3,2018-09-14,48,3.5804256437500004,7.554055782090678,7.241567158998123,-3.9736301383406776,-3.6611415152481226
complex_ruleA,2,2018-09-15,47,4.26678855106383,7.730605842941061,7.485294426857764,-3.4638172918772305,-3.2185058757939338
complex_ruleA,5,2018-09-16,48,2.6671404270833334,6.184873245025454,6.030522427996594,-3.5177328179421203,-3.3633820009132607
complex_ruleA,4,2018-09-17,47,3.6352332010638295,6.312982223871322,6.129985301130873,-2.6777490228074927,-2.4947521000670427
complex_ruleA,3,2018-09-18,48,2.6043113779166664,5.395563842728252,5.167659867523193,-2.791252464811585,-2.563348489606527
complex_ruleA,4,2018-09-19,47,2.1127147182978723,5.261054956416356,5.079536810831319,-3.148340238118483,-2.966822092533446
complex_ruleA,1,2018-09-20,48,0.7976019938125001,4.342136282142909,4.329042795583352,-3.544534288330409,-3.531440801770852
complex_ruleA,2,2018-09-21,47,0.9730971185106383,4.601490326570041,4.469403076315018,-3.6283932080594026,-3.49630595780438
complex_ruleA,5,2018-09-22,48,1.286113165625,4.882167196660301,4.758428108248119,-3.596054031035301,-3.4723149426231195
complex_ruleA,2,2018-09-23,47,1.8158773138297875,2.972712581062765,2.862949045013462,-1.1568352672329776,-1.0470717311836744
complex_ruleA,1,2018-09-24,47,1.9118068539574469,2.623133180509767,2.614741051990608,-0.7113263265523198,-0.702934198033161
complex_ruleA,5,2018-09-25,48,2.560413458333333,3.277551074838771,3.190030743532544,-0.717137616505438,-0.629617285199211
complex_ruleA,3,2018-09-26,47,1.8311034844680851,3.993585522214965,3.8266315692518886,-2.1624820377468796,-1.9955280847838037
complex_ruleA,4,2018-09-27,48,2.3870967227083333,3.787548819164371,3.67991373610135,-1.400452096456038,-1.292817013393017
complex_ruleA,3,2018-09-28,47,2.253980155106383,2.7926480898994273,2.6585310853435606,-0.5386679347930445,-0.4045509302371775
complex_ruleA,3,2018-09-29,47,2.4128335340425533,4.279982338479845,4.096389853839715,-1.8671488044372924,-1.6835563197971615
complex_ruleA,5,2018-09-30,48,2.0839533041666667,3.135841060204062,3.0515774692888002,-1.0518877560373954,-0.9676241651221337
complex_ruleA,2,2018-10-01,47,1.7358946787234042,2.1238894894740943,2.0457862495373274,-0.3879948107506901,-0.30989157081392316
complex_ruleA,2,2018-10-02,48,2.484322424791667,1.9628475193280996,1.8854170085536304,0.521474905463567,0.5989054162380362
complex_ruleA,1,2018-10-03,47,2.3090128191489363,2.525979628539203,2.514372407957424,-0.21696680939026664,-0.20535958880848773
complex_ruleA,2,2018-10-04,48,1.5161130589583334,4.080229116142781,3.954674784863116,-2.564116057184448,-2.4385617259047825
complex_ruleA,1,2018-10-05,47,1.7559174380851064,3.492188963550112,3.494106637463168,-1.7362715254650056,-1.7381891993780614
complex_ruleA,4,2018-10-06,48,1.5993542043750002,4.108743800582908,4.017237418693887,-2.5093895962079085,-2.417883214318887
complex_ruleA,3,2018-10-07,47,1.7399318372340424,2.942497972928792,2.8112706121383852,-1.2025661356947497,-1.0713387749043428
complex_ruleA,2,2018-10-08,45,1.8998893104444445,1.7503100571917154,1.675762891768615,0.1495792532527291,0.2241264186758294
complex_ruleA,1,2018-10-09,48,3.1460956254166668,1.837243255333747,1.8294920342948038,1.3088523700829198,1.316603591121863
complex_ruleA,3,2018-10-10,48,2.222072078125,1.50439741850978,1.424715600062922,0.71767465961522,0.7973564780620781
complex_ruleA,2,2018-10-11,45,1.9299376753333333,0.7834584961340989,0.7513031458317807,1.1464791791992346,1.1786345295015528
complex_ruleA,2,2018-10-12,45,1.3528942080000002,0.9601261895594854,0.9206586574609243,0.39276801844051484,0.4322355505390757
complex_ruleA,5,2018-10-13,45,1.1938789062222221,1.3210675059337538,1.2789582777146193,-0.1271885997115315,-0.08507937149239725
complex_ruleA,5,2018-10-14,46,1.2519231717391306,1.570647873726107,1.5230262692291503,-0.31872470198697633,-0.2711030974900198
complex_ruleA,5,2018-10-15,47,1.0998721210638298,1.90032087876704,1.8453529288703208,-0.8004487577032102,-0.745480807806491
complex_ruleA,4,2018-10-16,47,1.7939888188297874,1.7458727690675608,1.6781952498163062,0.04811604976222642,0.11579356901348113
complex_ruleA,5,2018-10-17,45,1.990694493111111,1.5713169520999193,1.523416211762505,0.41937754101119207,0.46727828134860616
complex_ruleA,2,2018-10-18,48,1.1190636116666668,1.438955491888181,1.4016402738357332,-0.31989188022151444,-0.2825766621690666
complex_ruleA,1,2018-10-19,47,1.8795137353617022,1.6648547113270635,1.6611821114124665,0.21465902403463852,0.21833162394923558
complex_ruleA,3,2018-10-20,47,0.6736621091489362,1.5758149496081761,1.49831951153127,-0.9021528404592398,-0.824657402382334
complex_ruleA,1,2018-10-21,47,1.3392859944680853,1.502144982837991,1.4967432902169542,-0.1628589883699057,-0.15745729574886913
complex_ruleA,2,2018-10-22,48,1.0295788454166666,1.6672579548561217,1.5946139202785092,-0.637679109439455,-0.5650350748618423
complex_ruleA,4,2018-10-23,45,0.7377184775555556,1.132981441914758,1.0705355661470224,-0.3952629643592021,-0.3328170885914667
complex_ruleA,4,2018-10-24,47,0.9474155851063829,1.2903072235437334,1.2347827575253087,-0.3428916384373504,-0.2873671724189258
complex_ruleA,3,2018-10-25,47,0.6272926090425532,1.7621736404716646,1.6746311557738331,-1.1348810314291113,-1.04733854673128
complex_ruleA,1,2018-10-26,47,0.8659952378723405,1.0449937052397047,1.0329759520564123,-0.17899846736736416,-0.1669807141840719
complex_ruleA,2,2018-10-27,48,1.0058246449583335,0.7338139958652671,0.6982631874724118,0.2720106490930663,0.3075614574859216
complex_ruleA,3,2018-10-28,47,1.6154326700000001,0.48307338692011487,0.44192216306299015,1.1323592830798852,1.17351050693701
complex_ruleA,5,2018-10-29,47,-0.9525447292705167,0.4768546509589515,0.4561578338508141,-1.4293993802294682,-1.4087025631213306
complex_ruleA,4,2018-10-30,45,-0.5650887453777778,0.5493552829483066,0.5239122578204236,-1.1144440283260844,-1.0890010031982011
complex_ruleA,2,2018-10-31,39,-1.504603737974359,0.5104309259596987,0.48771403975365474,-2.0150346639340575,-1.9923177777280137
complex_ruleA,2,2018-11-01,45,-0.6297393386666666,0.7199410025273233,0.6877909160787959,-1.34968034119399,-1.3175302547454626
complex_ruleA,5,2018-11-02,47,-1.7726840145744682,1.0671426919002382,1.0337803157046699,-2.8398267064747063,-2.806464330279138
complex_ruleA,4,2018-11-03,47,-1.7075539732978724,1.1995836632144945,1.147663923753051,-2.907137636512367,-2.8552178970509234
complex_ruleA,3,2018-11-04,47,-1.2089761303191489,1.3478783789142703,1.2802495026224179,-2.556854509233419,-2.489225632941567
complex_ruleA,4,2018-11-05,48,-0.5191773273958333,1.4989768236198835,1.44179652165044,-2.018154151015717,-1.9609738490462734
complex_ruleA,4,2018-11-06,48,-0.2896734136458333,1.5163044296226296,1.465190049943156,-1.8059778432684628,-1.7548634635889895
complex_ruleA,1,2018-11-07,47,-0.14444053276595747,1.4642181427171495,1.4645317589750801,-1.6086586754831067,-1.6089722917410374
complex_ruleA,4,2018-11-08,47,0.047627679297872344,1.492983472786948,1.4388747429803623,-1.4453557934890755,-1.39124706368249
complex_ruleA,5,2018-11-09,48,1.2346669320416668,1.4326824155381088,1.3894444138824538,-0.19801548349644227,-0.1547774818407869
complex_ruleA,1,2018-11-10,47,1.0717726151425533,1.3713294886717855,1.364097278414832,-0.2995568735292323,-0.29232466327227874
complex_ruleA,3,2018-11-11,46,0.4205596582826087,0.47910216965746716,0.44515419735325007,-0.05854251137485846,-0.024594539070641366
complex_ruleA,2,2018-11-12,45,1.5280675613333337,0.8036556477508634,0.7779428615495645,0.72441191358247,0.7501246997837687
complex_ruleA,5,2018-11-13,46,1.5085422910869568,0.8564130985631518,0.8261289407957938,0.6521291925238046,0.6824133502911629
complex_ruleA,5,2018-11-14,46,1.3535899445652173,0.87375680373679,0.843100618950225,0.47983314082842754,0.5104893256149924
complex_ruleA,2,2018-11-15,48,1.7105289535833335,0.7454759140415907,0.7117936460741122,0.9650530395417426,0.9987353075092211
complex_ruleA,3,2018-11-16,47,1.887951365957447,0.5505693124278964,0.5161126745924408,1.3373820535295504,1.371838691365006
complex_ruleA,1,2018-11-17,47,0.6300136551063831,0.42889111449760176,0.4279098792135947,0.2011225406087813,0.2021037758927883
complex_ruleA,2,2018-11-18,47,0.05442239446808509,0.4229080216788967,0.4033283465538065,-0.3684856272108116,-0.34890595208572145
complex_ruleA,1,2018-11-19,47,0.43321379751063827,0.49352105759598663,0.4907492619939781,-0.060307260085348355,-0.05753546448333985
complex_ruleA,5,2018-11-20,46,0.07044969304347835,0.47111259598330696,0.45485059451851606,-0.4006629029398287,-0.3844009014750378
complex_ruleA,2,2018-11-21,47,1.6454474734042555,0.3718216169160678,0.3496370633392672,1.2736258564881875,1.2958104100649883
complex_ruleA,4,2018-11-22,47,-0.08496887268085108,0.3150030842739945,0.3033260676513994,-0.39997195695484566,-0.38829494033225054
complex_ruleA,5,2018-11-23,46,-0.003322880282608693,0.22554095770660226,0.21685550804327264,-0.22886383798921098,-0.22017838832588135
complex_ruleA,5,2018-11-24,47,0.35828784308510636,0.24853458164349135,0.2385206569591503,0.10975326144161504,0.11976718612595609
complex_ruleA,4,2018-11-25,45,0.31693359833333334,0.3967390376961517,0.38265902883351466,-0.07980543936281835,-0.06572543050018134
complex_ruleA,2,2018-11-26,46,-0.4870644775869566,0.5428922586980319,0.5220236963166883,-1.0299567362849884,-1.0090881739036448
complex_ruleA,4,2018-11-27,45,-0.41840147173333336,0.6293000042860613,0.5983484969087824,-1.0477014760193946,-1.0167499686421158
complex_ruleA,3,2018-11-28,45,-0.4148796688888889,0.39979984184331313,0.37724205513323483,-0.814679510732202,-0.7921217240221238
complex_ruleA,3,2018-11-29,46,-0.1156107743369565,0.29657693849728756,0.2793139173318583,-0.41218771283424405,-0.39492469166881483
complex_ruleA,5,2018-11-30,45,-0.05000109541111112,0.2929555822237867,0.2831061797521707,-0.34295667763489784,-0.3331072751632818
complex_ruleA,1,2018-12-01,45,0.34395666887777776,0.3860537440069124,0.38456930501136816,-0.042097075129134624,-0.040612636133590424
complex_ruleA,1,2018-12-02,45,-0.19673174663333337,0.518761794845415,0.516064028096026,-0.7154935414787483,-0.7127957747293593
complex_ruleA,5,2018-12-03,45,-0.40780812357777774,0.6219404210605474,0.5973856491755508,-1.029748544638325,-1.0051937727533284
complex_ruleA,3,2018-12-04,46,0.8510439423478261,0.7624136770715791,0.7192401661506631,0.08863026527624696,0.13180377619716302
complex_ruleA,1,2018-12-05,45,0.9592886573333332,0.5121072127460832,0.5124218770722144,0.4471814445872502,0.4468667802611189
complex_ruleA,2,2018-12-06,46,0.451844610826087,0.3260655087920361,0.31319274551268983,0.12577910203405085,0.13865186531339715
complex_ruleA,2,2018-12-07,43,1.3274499572093024,0.47274687706241014,0.46971193174055603,0.8547030801468921,0.8577380254687462
complex_ruleA,3,2018-12-08,48,0.8662080270833333,0.5121654825922476,0.5088996523039283,0.3540425444910858,0.3573083747794051
complex_ruleA,5,2018-12-09,48,1.2684520370833334,0.5127184191409928,0.5109547509718773,0.7557336179423406,0.7574972861114561
complex_ruleA,5,2018-12-10,48,1.4472701070833336,0.3830281043851203,0.3787792337583575,1.0642420026982131,1.0684908733249758
complex_ruleA,3,2018-12-11,46,1.529205162826087,0.285605998687111,0.27412362419539393,1.243599164138976,1.255081538630693
complex_ruleA,4,2018-12-12,48,1.4684236483333333,0.5149808103172572,0.5085609619975002,0.9534428380160761,0.9598626863358332
complex_ruleA,1,2018-12-13,46,1.2725775013695653,0.6480217198023625,0.6477703886005791,0.6245557815672028,0.6248071127689862
complex_ruleA,3,2018-12-14,48,1.3735388833333333,0.5471254763279508,0.542285150612866,0.8264134070053825,0.8312537327204673
complex_ruleA,5,2018-12-15,46,1.1672991601086957,0.36474055305569697,0.360526964530476,0.8025586070529988,0.8067721955782198
complex_ruleA,4,2018-12-16,46,1.6478125302173914,0.7192987036213994,0.7104991793509691,0.9285138265959921,0.9373133508664222
complex_ruleA,4,2018-12-17,48,1.3615691866250001,0.27519354135771223,0.264562838100681,1.0863756452672877,1.0970063485243189
complex_ruleA,4,2018-12-18,46,1.181335625869565,0.2892780746472035,0.2738684876081868,0.8920575512223617,0.9074671382613784
complex_ruleA,1,2018-12-19,46,1.23613595,0.1137046553472532,0.11255105909702488,1.1224312946527468,1.1235848909029753
complex_ruleA,5,2018-12-20,46,1.0854955119347827,0.27300472754014504,0.26470330499605804,0.8124907843946375,0.8207922069387246
complex_ruleA,2,2018-12-21,46,1.4875490241304348,0.46908400891207175,0.45203006538843876,1.018465015218363,1.035518958741996
complex_ruleA,1,2018-12-22,46,1.323656990826087,0.49085223855147353,0.4915609599733072,0.8328047522746135,0.8320960308527797
complex_ruleA,5,2018-12-23,46,0.9972252115217392,0.2608522164656097,0.2494742720326235,0.7363729950561294,0.7477509394891156
complex_ruleA,4,2018-12-24,46,0.08329714995652177,0.5149169687275272,0.5090526407456539,-0.43161981877100547,-0.42575549078913216
complex_ruleA,1,2018-12-25,46,0.22018622297826085,0.27174908478098975,0.2691819091580679,-0.051562861802728885,-0.04899568617980699
complex_ruleA,3,2018-12-26,46,0.9418170304347827,0.7676296087833079,0.7556138200727601,0.17418742165147466,0.1862032103620225
complex_ruleA,5,2018-12-27,46,0.5575000341304348,0.5079878656466789,0.5066436667043248,0.04951216848375593,0.050856367426110036
complex_ruleA,3,2018-12-28,48,0.4050928272916667,0.4707976222259708,0.4690326837697359,-0.06570479493430421,-0.06393985647806927
complex_ruleA,3,2018-12-29,46,0.3924107634565218,0.5462669290146395,0.5422346450717366,-0.15385616555811765,-0.14982388161521473
complex_ruleA,2,2018-12-30,48,0.44148704218750007,0.5096050274186702,0.5070889342674191,-0.06811798523117013,-0.065601892079919
complex_ruleA,5,2018-12-31,48,0.5690473772916667,0.536611793756118,0.5344554647130682,0.032435583535548644,0.03459191257859854
best_accuracy_ruleA,3,2018-04-09,12,1.0472953900000002,0.9238261914165805,0.8021244557263904,0.12346919858341954,0.24517093427360967
best_accuracy_ruleA,5,2018-04-10,47,0.47282547361702126,-1.4268575623307176,-1.2966655783010004,1.8996830359477388,1.7694910519180218
best_accuracy_ruleA,2,2018-04-11,47,0.8453302529574469,1.2790110777976365,1.1866966288949823,-0.4336808248401897,-0.34136637593753527
best_accuracy_ruleA,4,2018-04-12,48,0.6412611391249999,1.7345238273961783,1.6264688044219373,-1.0932626882711782,-0.9852076652969374
best_accuracy_ruleA,3,2018-04-13,47,0.635110774893617,1.6695787992947437,1.500949669845453,-1.0344680244011266,-0.8658388949518359
best_accuracy_ruleA,3,2018-04-14,47,1.367088555319149,1.5495971839385985,1.4011726967313634,-0.18250862861944941,-0.03408414141221442
best_accuracy_ruleA,1,2018-04-15,47,0.7544915838297872,1.0641722561369849,1.0597647074424976,-0.3096806723071974,-0.30527312361271036
best_accuracy_ruleA,4,2018-04-16,47,0.34850664957446814,1.7812087662980822,1.677283779269368,-1.4327021167236142,-1.3287771296949
best_accuracy_ruleA,4,2018-04-17,48,0.5230105908333333,2.008310309486054,1.9002559946289466,-1.4852997186527206,-1.3772454037956132
best_accuracy_ruleA,1,2018-04-18,47,0.5238276698936171,2.001907058869674,2.007143687432945,-1.478079388976057,-1.4833160175393276
best_accuracy_ruleA,2,2018-04-19,47,0.7855748930212766,1.9039021061484578,1.800732028596608,-1.118327213127181,-1.0151571355753313
best_accuracy_ruleA,3,2018-04-20,48,0.880826201875,1.8653814216561286,1.6650764552227688,-0.9845552197811287,-0.784250253347769
best_accuracy_ruleA,3,2018-04-21,47,1.117097345031915,2.398560008148627,2.2008540417501696,-1.2814626631167119,-1.0837566967182548
best_accuracy_ruleA,4,2018-04-22,47,0.3576453597234043,2.3189072063800222,2.1989609312224587,-1.9612618466566178,-1.8413155714990546
best_accuracy_ruleA,5,2018-04-23,48,1.2810660985416666,1.802912449600022,1.7588962628370484,-0.5218463510583552,-0.4778301642953818
best_accuracy_ruleA,1,2018-04-24,47,0.4215244036170213,0.8262905913317057,0.8545808100052453,-0.4047661877146844,-0.43305640638822396
best_accuracy_ruleA,1,2018-04-25,47,0.19842944063829793,1.0235294959893189,1.1832583319545718,-0.825100055351021,-0.9848288913162737
best_accuracy_ruleA,5,2018-04-26,47,0.43892267234042553,1.7310754994699278,1.7522585423914723,-1.292152827129502,-1.313335870051047
best_accuracy_ruleA,2,2018-04-27,48,0.7287440279166667,2.7946438345741704,2.673376013922183,-2.0658998066575034,-1.9446319860055166
best_accuracy_ruleA,1,2018-04-28,47,0.5875206128723405,2.4387148254810964,2.493277662384452,-1.8511942126087555,-1.9057570495121114
best_accuracy_ruleA,5,2018-04-29,48,0.82862176625,2.5177319010438244,2.5131143497042574,-1.6891101347938247,-1.6844925834542572
best_accuracy_ruleA,5,2018-04-30,47,0.7815592062765957,3.522707785668727,3.5073639102409904,-2.7411485793921315,-2.725804703964395
best_accuracy_ruleA,3,2018-05-01,47,0.9538805631914894,4.755290893111203,4.48046583548797,-3.801410329919714,-3.5265852722964808
best_accuracy_ruleA,4,2018-05-02,48,1.4535433592708333,2.3919273792974827,2.2687225049695803,-0.9383840200266494,-0.8151791456987469
best_accuracy_ruleA,1,2018-05-03,47,0.9401358093617022,2.2207117327176817,2.1699577575668982,-1.28057592335598,-1.2298219482051962
best_accuracy_ruleA,2,2018-05-04,47,1.444926960212766,1.7304546064660302,1.598050553330587,-0.28552764625326427,-0.15312359311782117
best_accuracy_ruleA,3,2018-05-05,48,0.8744317195833333,1.8151701209529805,1.672695940063421,-0.9407384013696473,-0.7982642204800875
best_accuracy_ruleA,3,2018-05-06,47,1.0161706595744682,3.5709466880291565,3.3281277286215505,-2.5547760284546883,-2.311957069047082
best_accuracy_ruleA,3,2018-05-07,47,0.7836438336170213,4.785966994527591,4.488818903165412,-4.00232316091057,-3.7051750695483903
best_accuracy_ruleA,2,2018-05-08,48,0.22908054,1.9625248459888083,1.9159708624127907,-1.7334443059888083,-1.6868903224127907
best_accuracy_ruleA,1,2018-05-09,47,0.9967729835460993,2.892192198845737,2.8472555584375914,-1.8954192152996374,-1.850482574891492
best_accuracy_ruleA,3,2018-05-10,47,1.1798941640425533,3.097455755379194,2.9095099681657626,-1.9175615913366406,-1.729615804123209
best_accuracy_ruleA,3,2018-05-11,48,1.3072650239583334,3.757728600965564,3.531961834211353,-2.450463577007231,-2.2246968102530196
best_accuracy_ruleA,1,2018-05-12,48,0.4007906071041667,2.671319364120079,2.6137452274909214,-2.2705287570159123,-2.2129546203867547
best_accuracy_ruleA,4,2018-05-13,47,1.3914029670212766,3.7476371650521068,3.59391116415564,-2.35623419803083,-2.2025081971343634
best_accuracy_ruleA,3,2018-05-14,47,2.1690446502127663,4.499347378252114,4.255041160551871,-2.3303027280393485,-2.085996510339104
best_accuracy_ruleA,3,2018-05-15,48,4.272525122916667,6.282171728760744,6.00187958865203,-2.0096466058440776,-1.7293544657353628
best_accuracy_ruleA,5,2018-05-16,48,1.7545096245833334,5.309923117333393,5.312243791748996,-3.5554134927500596,-3.5577341671656626
best_accuracy_ruleA,2,2018-05-17,47,2.381270406382979,5.6513736715393055,5.506232518336673,-3.270103265156327,-3.1249621119536943
best_accuracy_ruleA,4,2018-05-18,47,1.6977107829787237,3.6454574330100846,3.4962891719470908,-1.947746650031361,-1.7985783889683675
best_accuracy_ruleA,4,2018-05-19,48,2.7034745979166668,3.4472515596243283,3.3138543605465283,-0.7437769617076615,-0.6103797626298615
best_accuracy_ruleA,3,2018-05-20,47,1.809073010638298,3.2959915287865105,3.091554376413112,-1.486918518148212,-1.282481365774814
best_accuracy_ruleA,3,2018-05-21,48,3.68666576875,3.8286357416384615,3.601314863018207,-0.14196997288846153,0.08535090573179287
best_accuracy_ruleA,4,2018-05-22,47,4.27072946106383,4.2190339164771355,4.049425412102047,0.05169554458669415,0.22130404896178327
best_accuracy_ruleA,4,2018-05-23,48,7.288922447916668,5.621738640377738,5.413409418326514,1.667183807538929,1.8755130295901525
best_accuracy_ruleA,1,2018-05-24,47,4.67684035319149,3.8720529682707987,3.890191029194965,0.8047873849206905,0.7866493239965248
best_accuracy_ruleA,1,2018-05-25,48,6.611843,4.742376309084848,4.770430452235318,1.869466690915152,1.8414125477646828
best_accuracy_ruleA,4,2018-05-26,47,8.121600329787235,7.259931051183574,7.043924276783692,0.8616692786036604,1.0776760530035425
best_accuracy_ruleA,5,2018-05-27,48,4.926359043958334,6.157312620100523,6.1055676178070035,-1.2309535761421893,-1.1792085738486697
best_accuracy_ruleA,4,2018-05-28,48,9.300022289583334,7.30055145725107,7.083497718365478,1.9994708323322632,2.2165245712178563
best_accuracy_ruleA,5,2018-05-29,48,5.725532533333333,6.3281824414932695,6.284705601947491,-0.6026499081599365,-0.5591730686141579
best_accuracy_ruleA,3,2018-05-30,47,9.208730940425532,6.612410237683869,6.326090071952335,2.596320702741664,2.882640868473196
best_accuracy_ruleA,5,2018-05-31,48,12.184924920833334,7.343822050577944,7.256564910817523,4.84110287025539,4.928360010015811
best_accuracy_ruleA,4,2018-06-01,47,12.722099900000002,10.142668000321091,9.875284098081043,2.57943189967891,2.8468158019189573
best_accuracy_ruleA,5,2018-06-02,48,11.389905470833334,9.10409122822063,9.041494659135969,2.2858142426127026,2.348410811697365
best_accuracy_ruleA,2,2018-06-03,47,12.693890738297874,8.68706563106309,8.514956915237441,4.006825107234781,4.178933823060432
best_accuracy_ruleA,3,2018-06-04,48,10.149586270833334,7.773393954553581,7.440450963158809,2.3761923162797527,2.7091353076745253
best_accuracy_ruleA,5,2018-06-05,48,14.328400583333334,8.59128609479988,8.500421613697611,5.737114488533454,5.827978969635723
best_accuracy_ruleA,5,2018-06-06,48,12.788825141666665,7.80274020393843,7.757925464017547,4.986084937728237,5.030899677649119
best_accuracy_ruleA,5,2018-06-07,48,14.871658104166668,7.112954633928363,7.052877882153209,7.758703470238303,7.818780222013458
best_accuracy_ruleA,1,2018-06-08,47,12.560412223404255,6.2772561883771925,6.294046295392651,6.283156035027064,6.266365928011606
best_accuracy_ruleA,3,2018-06-09,48,11.38877190625,7.740199804646875,7.361836205487765,3.648572101603125,4.026935700762236
best_accuracy_ruleA,4,2018-06-10,47,8.383711787234041,4.942349937002004,4.7546220819128076,3.4413618502320387,3.6290897053212348
best_accuracy_ruleA,5,2018-06-11,48,7.900584520833334,5.055943141965863,4.9968532650225574,2.84464137886747,2.9037312558107757
best_accuracy_ruleA,4,2018-06-12,47,11.297598617021276,5.934716418746584,5.739786400003969,5.362882198274693,5.557812217017308
best_accuracy_ruleA,3,2018-06-13,48,11.08758792361111,6.153138939267472,5.850426151380561,4.934448984343638,5.237161772230549
best_accuracy_ruleA,1,2018-06-14,47,9.939966723404256,4.847034999545298,4.842958801783208,5.092931723858957,5.097007921621047
best_accuracy_ruleA,2,2018-06-15,48,11.489825041666668,5.345953009207515,5.1897942244800825,6.143872032459151,6.300030817186585
best_accuracy_ruleA,2,2018-06-16,47,11.53774871787234,6.19077635616222,6.029219873051211,5.346972361710121,5.508528844821129
best_accuracy_ruleA,2,2018-06-17,48,10.0085567843125,6.454519153192574,6.295428895946227,3.554037631119927,3.7131278883662735
best_accuracy_ruleA,4,2018-06-18,47,11.42710565319149,8.6385007977293,8.41316272815805,2.7886048554621903,3.013942925033441
best_accuracy_ruleA,5,2018-06-19,48,10.082189064583334,6.012365895737378,5.989200862204044,4.069823168845956,4.092988202379289
best_accuracy_ruleA,5,2018-06-20,47,11.069428263829789,7.448232398451094,7.3906151791847225,3.6211958653786933,3.6788130846450646
best_accuracy_ruleA,1,2018-06-21,48,9.99445140625,8.312644004672798,8.265078684796183,1.6818074015772027,1.729372721453817
best_accuracy_ruleA,2,2018-06-22,48,9.810313877083333,9.686555294456706,9.50810412182941,0.12375858262662749,0.3022097552539225
best_accuracy_ruleA,1,2018-06-23,47,5.655785796382979,8.59195664382165,8.529071725867848,-2.9361708474386714,-2.8732859294848696
best_accuracy_ruleA,2,2018-06-24,48,7.384723681250001,9.617697143577065,9.451401923226356,-2.2329734623270645,-2.0666782419763563
best_accuracy_ruleA,2,2018-06-25,48,6.0496021791666665,10.841548473096793,10.62434976906989,-4.791946293930127,-4.574747589903221
best_accuracy_ruleA,2,2018-06-26,48,3.4537272625000006,5.937705213863829,5.804090499609668,-2.4839779513638285,-2.350363237109667
best_accuracy_ruleA,2,2018-06-27,47,3.464171729787234,6.162620322511957,6.034315560782982,-2.698448592724723,-2.570143830995748
best_accuracy_ruleA,4,2018-06-28,48,4.077571247916667,7.170487875908606,6.966853959382477,-3.0929166279919387,-2.889282711465811
best_accuracy_ruleA,4,2018-06-29,47,5.376051408510638,9.607606751923191,9.358440253588059,-4.231555343412553,-3.982388845077419
best_accuracy_ruleA,1,2018-06-30,48,4.825811625,9.74522084900924,9.718226612002786,-4.919409224009239,-4.892414987002786
best_accuracy_ruleA,4,2018-07-01,47,4.32301290425532,7.517240841049362,7.286301266467238,-3.194227936794043,-2.9632883622119186
best_accuracy_ruleA,1,2018-07-02,48,4.167258685416667,6.602634037688165,6.615971212456986,-2.4353753522714974,-2.4487125270403194
best_accuracy_ruleA,3,2018-07-03,47,4.800510072695036,11.698949622363925,11.245570372355813,-6.898439549668889,-6.445060299660777
best_accuracy_ruleA,2,2018-07-04,48,5.843496376736112,13.344444756165425,13.087354468393594,-7.500948379429315,-7.243858091657483
best_accuracy_ruleA,5,2018-07-05,47,5.100919393617021,7.669633353454809,7.5898129712458315,-2.5687139598377873,-2.4888935776288097
best_accuracy_ruleA,5,2018-07-06,46,4.013637086956522,4.860406907727966,4.881530892230408,-0.8467698207714439,-0.8678938052738868
best_accuracy_ruleA,4,2018-07-07,47,4.202036874468085,5.453712055515639,5.267354103438654,-1.2516751810475526,-1.0653172289705697
best_accuracy_ruleA,2,2018-07-08,48,4.90197201875,6.189901485742936,6.017702521960156,-1.287929466992936,-1.1157305032101554
best_accuracy_ruleA,4,2018-07-09,47,4.67983829787234,4.9268611228059305,4.742426704859207,-0.2470228249335898,-0.06258840698686555
best_accuracy_ruleA,1,2018-07-10,48,5.213994385416667,6.085038071088711,6.115826550682087,-0.8710436856720438,-0.9018321652654198
best_accuracy_ruleA,3,2018-07-11,47,6.512792970212766,8.504772202902359,8.16057550564886,-1.9919792326895922,-1.6477825354360933
best_accuracy_ruleA,4,2018-07-12,48,6.145249545833334,9.468682324602938,9.269190736067175,-3.3234327787696043,-3.1239411902338428
best_accuracy_ruleA,3,2018-07-13,47,5.808861563829788,9.896724872160119,9.610038062274704,-4.087863308330332,-3.801176498444916
best_accuracy_ruleA,2,2018-07-14,48,7.893707402083334,11.12639056146219,10.952553672140384,-3.232683159378857,-3.0588462700570513
best_accuracy_ruleA,1,2018-07-15,47,8.825024712765957,11.840469118804851,11.86936284651572,-3.015444406038893,-3.0443381337497626
best_accuracy_ruleA,3,2018-07-16,48,10.82803609375,12.3956052406496,12.006052707444715,-1.5675691468995991,-1.178016613694713
best_accuracy_ruleA,5,2018-07-17,47,11.225749840425532,11.379183738628237,11.32454246613764,-0.15343389820270564,-0.09879262571210859
best_accuracy_ruleA,3,2018-07-18,48,11.137558127083333,13.233104171637207,12.758482654084906,-2.0955460445538714,-1.6209245270015709
best_accuracy_ruleA,1,2018-07-19,48,13.359665666666666,13.225228002647627,13.127103020948555,0.1344376640190385,0.232562645718111
best_accuracy_ruleA,5,2018-07-20,47,13.979930436170212,13.63737609108816,13.52702852784655,0.34255434508205196,0.452901908323663
best_accuracy_ruleA,4,2018-07-21,48,14.667598447916667,15.799407767122458,15.450410096018558,-1.1318093192057896,-0.782811648101891
best_accuracy_ruleA,1,2018-07-22,47,17.501085212765958,16.266577737969705,16.302480278261864,1.2345074747962526,1.198604934504093
best_accuracy_ruleA,4,2018-07-23,48,14.9066868125,16.383044194765787,16.030760154192937,-1.4763573822657874,-1.1240733416929374
best_accuracy_ruleA,5,2018-07-24,47,17.42781235106383,18.630399625551888,18.49738441585603,-1.2025872744880577,-1.0695720647921976
best_accuracy_ruleA,5,2018-07-25,48,15.2256235625,14.792120882434418,14.74551168289135,0.43350268006558285,0.48011187960864926
best_accuracy_ruleA,3,2018-07-26,47,15.800653936170212,14.52217819578304,14.075865640284974,1.2784757403871736,1.724788295885238
best_accuracy_ruleA,1,2018-07-27,48,18.182484104166665,17.878015304792676,17.850440227808885,0.3044687993739904,0.3320438763577815
best_accuracy_ruleA,4,2018-07-28,48,19.978907489583335,19.259075616644193,18.854548932384535,0.7198318729391401,1.1243585571988002
best_accuracy_ruleA,1,2018-07-29,47,18.021582180851066,16.326744489666968,16.364889997876233,1.6948376911840974,1.65669218297483
best_accuracy_ruleA,2,2018-07-30,48,17.828049833333335,17.179681195088282,16.838757766549623,0.6483686382450515,0.9892920667837104
best_accuracy_ruleA,1,2018-07-31,47,21.00033240425532,17.546022556513254,17.527201407701995,3.4543098477420666,3.473130996553326
best_accuracy_ruleA,2,2018-08-01,48,21.93689688541667,22.028135881786394,21.564800725706306,-0.0912389963697247,0.3720961597103609
best_accuracy_ruleA,1,2018-08-02,48,24.189204364583333,21.181191883286512,21.23952038145401,3.0080124812968223,2.9496839831293227
best_accuracy_ruleA,2,2018-08-03,48,24.791258786458332,20.86548290117599,20.48716194294933,3.9257758852823432,4.304096843509002
best_accuracy_ruleA,1,2018-08-04,47,21.455597680851064,16.19222952259843,16.272073181656605,5.263368158252631,5.1835244991944585
best_accuracy_ruleA,1,2018-08-05,48,20.0095305625,15.698355599158155,15.729739977956989,4.311174963341846,4.2797905845430115
best_accuracy_ruleA,1,2018-08-06,47,19.81192110638298,17.217263131411748,17.181201753582176,2.5946579749712315,2.6307193528008037
best_accuracy_ruleA,1,2018-08-07,48,18.414588364583334,16.828370184491785,16.809028230538363,1.5862181800915482,1.6055601340449714
best_accuracy_ruleA,5,2018-08-08,47,18.038444085106384,16.221809987559833,16.063621314593103,1.81663409754655,1.9748227705132784
best_accuracy_ruleA,3,2018-08-09,48,16.7010125625,14.03110352354165,13.546988815248914,2.66990903895835,3.1540237472510864
best_accuracy_ruleA,4,2018-08-10,47,20.032617468085107,17.600321495281865,17.20629042829573,2.432295972803243,2.826327039789379
best_accuracy_ruleA,1,2018-08-11,48,18.446810208333336,16.008726824232816,15.985215704354053,2.438083384100517,2.4615945039792817
best_accuracy_ruleA,2,2018-08-12,48,18.256352125,15.985042453105835,15.721015659543852,2.2713096718941634,2.535336465456148
best_accuracy_ruleA,2,2018-08-13,47,16.6342225106383,15.681781186573376,15.388910432187606,0.952441324064921,1.2453120784506926
best_accuracy_ruleA,2,2018-08-14,48,21.323660083333333,16.659027913466396,16.33073716969136,4.664632169866938,4.992922913641974
best_accuracy_ruleA,4,2018-08-15,47,18.736724574468088,18.058127895102775,17.66229674212266,0.6785966793653092,1.0744278323454246
best_accuracy_ruleA,5,2018-08-16,48,12.288344958333333,12.039310221798587,12.004800146368785,0.24903473653474748,0.2835448119645496
best_accuracy_ruleA,5,2018-08-17,47,7.603025876595745,9.71448615661228,9.635572420749412,-2.111460280016536,-2.0325465441536674
best_accuracy_ruleA,5,2018-08-18,47,10.895761085106383,10.625406871030567,10.474830437476664,0.27035421407581695,0.4209306476297189
best_accuracy_ruleA,2,2018-08-19,48,12.307638395833335,10.987951018966184,10.771933052497426,1.3196873768671502,1.5357053433359067
best_accuracy_ruleA,4,2018-08-20,48,14.89058490625,11.666956782412518,11.429763275611755,3.223628123837484,3.4608216306382444
best_accuracy_ruleA,5,2018-08-21,48,12.472552208333333,8.40132376624029,8.414863454327692,4.071228442093042,4.057688754005642
best_accuracy_ruleA,4,2018-08-22,47,14.164011851063831,13.36386368673255,13.035647480750221,0.8001481643312801,1.1283643703136075
best_accuracy_ruleA,3,2018-08-23,48,11.836998729166666,12.451209034140268,11.933529460009737,-0.6142103049736006,-0.09653073084307025
best_accuracy_ruleA,2,2018-08-24,47,10.78890559574468,9.238528915155696,9.015098075693272,1.5503766805889847,1.7738075200514085
best_accuracy_ruleA,4,2018-08-25,48,10.407733666666667,7.864426630610111,7.682597043815274,2.543307036056556,2.7251366228513922
best_accuracy_ruleA,1,2018-08-26,47,13.190398010638297,8.39488194568278,8.40747479829124,4.795516064955518,4.7829232123470575
best_accuracy_ruleA,2,2018-08-27,48,12.964973624999999,9.11765192874869,8.955458896549032,3.8473216962513104,4.009514728450967
best_accuracy_ruleA,3,2018-08-28,47,10.807590574468085,8.892883868881519,8.560433351619158,1.9147067055865667,2.247157222848928
best_accuracy_ruleA,3,2018-08-29,48,8.59915721875,9.324116166240762,8.904300264999215,-0.7249589474907622,-0.30514304624921407
best_accuracy_ruleA,1,2018-08-30,48,10.177618854166667,8.657587492968968,8.754876685053382,1.5200313611976988,1.4227421691132844
best_accuracy_ruleA,2,2018-08-31,48,9.545335041666666,9.827459424930456,9.621098065206029,-0.28212438326378986,-0.07576302353936297
best_accuracy_ruleA,4,2018-09-01,47,9.09371415908347,9.937752496729349,9.66959561370186,-0.8440383376458798,-0.5758814546183904
best_accuracy_ruleA,2,2018-09-02,48,9.852551479166667,8.255780933223203,8.071864860968253,1.5967705459434633,1.780686618198413
best_accuracy_ruleA,3,2018-09-03,47,7.827999404255319,6.1084694815322,5.819652582586168,1.7195299227231193,2.008346821669151
best_accuracy_ruleA,1,2018-09-04,48,9.144821310416667,7.929481595861802,7.890716800746802,1.2153397145548654,1.254104509669865
best_accuracy_ruleA,5,2018-09-05,47,8.819130719148937,7.325945607708436,7.298398881112227,1.4931851114405,1.5207318380367096
best_accuracy_ruleA,2,2018-09-06,48,10.088790305208333,5.638391019080392,5.513086760820002,4.450399286127941,4.575703544388332
best_accuracy_ruleA,5,2018-09-07,47,11.15683885319149,5.7806484982341235,5.74373146487926,5.376190354957366,5.4131073883122305
best_accuracy_ruleA,1,2018-09-08,48,10.223947145833334,4.880969641027929,4.8760889363495545,5.342977504805405,5.347858209483779
best_accuracy_ruleA,4,2018-09-09,47,9.998991368085106,6.134702769531688,5.931737611408712,3.8642885985534177,4.067253756676394
best_accuracy_ruleA,1,2018-09-10,48,6.189287668402778,6.0874644117611725,6.07577904488209,0.10182325664160541,0.11350862352068798
best_accuracy_ruleA,3,2018-09-11,47,6.172482053191489,5.6587409983274775,5.371176464392032,0.5137410548640112,0.8013055887994577
best_accuracy_ruleA,4,2018-09-12,48,7.297151910416667,6.050815293880521,5.857012062497795,1.246336616536146,1.440139847918872
best_accuracy_ruleA,5,2018-09-13,48,5.060761216666667,6.3736034061073115,6.325855396405321,-1.3128421894406448,-1.265094179738654
best_accuracy_ruleA,3,2018-09-14,48,3.5804256437500004,7.654631335692209,7.32622049643525,-4.074205691942209,-3.7457948526852505
best_accuracy_ruleA,2,2018-09-15,47,4.26678855106383,7.742624330384113,7.570576733389194,-3.475835779320284,-3.303788182325365
best_accuracy_ruleA,5,2018-09-16,48,2.6671404270833334,6.134071931011207,6.10798740477951,-3.466931503927874,-3.4408469776961765
best_accuracy_ruleA,4,2018-09-17,47,3.6352332010638295,6.428586834131199,6.2243140040042775,-2.793353633067369,-2.589080802940447
best_accuracy_ruleA,3,2018-09-18,48,2.6043113779166664,5.5237906341656675,5.248774004698503,-2.919479256249,-2.6444626267818356
best_accuracy_ruleA,4,2018-09-19,47,2.1127147182978723,5.329431258797576,5.153498424987972,-3.216716540499703,-3.040783706690099
best_accuracy_ruleA,1,2018-09-20,48,0.7976019938125001,4.41251134292216,4.413285829176236,-3.6149093491096607,-3.615683835363736
best_accuracy_ruleA,2,2018-09-21,47,0.9730971185106383,4.693188417922968,4.553880584454149,-3.7200912994123296,-3.5807834659435103
best_accuracy_ruleA,5,2018-09-22,48,1.286113165625,4.83422481945255,4.823927092083777,-3.5481116538275503,-3.5378139264587776
best_accuracy_ruleA,2,2018-09-23,47,1.8158773138297875,3.0337924849058715,2.9281572616083875,-1.2179151710760847,-1.1122799477786003
best_accuracy_ruleA,1,2018-09-24,47,1.9118068539574469,2.6775922306509274,2.6813012263807248,-0.7657853766934806,-0.7694943724232778
best_accuracy_ruleA,5,2018-09-25,48,2.560413458333333,3.2842022566443685,3.2491293927603553,-0.7237887983110349,-0.6887159344270216
best_accuracy_ruleA,3,2018-09-26,47,1.8311034844680851,4.141741220540707,3.8961035057161166,-2.3106377360726214,-2.0650000212480317
best_accuracy_ruleA,4,2018-09-27,48,2.3870967227083333,3.9022967156319806,3.745507525506328,-1.5151999929236475,-1.358410802797995
best_accuracy_ruleA,3,2018-09-28,47,2.253980155106383,2.910588084667599,2.7194334707463623,-0.6566079295612158,-0.46545331563997905
best_accuracy_ruleA,3,2018-09-29,47,2.4128335340425533,4.407427346356541,4.166912252929382,-1.9945938123139875,-1.7540787188868292
best_accuracy_ruleA,5,2018-09-30,48,2.0839533041666667,3.159191426386478,3.1235769638196142,-1.075238122219811,-1.0396236596529473
best_accuracy_ruleA,2,2018-10-01,47,1.7358946787234042,2.2073664114066234,2.113498460436134,-0.47147173268321924,-0.3776037817127297
best_accuracy_ruleA,2,2018-10-02,48,2.484322424791667,2.0275779858537644,1.9413236292350158,0.4567444389379021,0.542998795556651
best_accuracy_ruleA,1,2018-10-03,47,2.3090128191489363,2.5648435269041387,2.5713977518750863,-0.25583070775520245,-0.26238493272615
best_accuracy_ruleA,2,2018-10-04,48,1.5161130589583334,4.1389779884078495,4.01616692844054,-2.6228649294495163,-2.5000538694822065
best_accuracy_ruleA,1,2018-10-05,47,1.7559174380851064,3.572925705926772,3.5647939121447054,-1.8170082678416652,-1.8088764740595988
best_accuracy_ruleA,4,2018-10-06,48,1.5993542043750002,4.271878175370127,4.098152352144674,-2.672523970995128,-2.4987981477696746
best_accuracy_ruleA,3,2018-10-07,47,1.7399318372340424,3.086887999240201,2.8781319638478005,-1.3469561620061585,-1.1382001266137578
best_accuracy_ruleA,2,2018-10-08,45,1.8998893104444445,1.810657296574901,1.72923484068253,0.08923201386954342,0.17065446976191462
best_accuracy_ruleA,1,2018-10-09,48,3.1460956254166668,1.8748498785870122,1.8812550599955955,1.2712457468296545,1.264840565421071
best_accuracy_ruleA,3,2018-10-10,48,2.222072078125,1.6318561186730365,1.4791993352870885,0.5902159594519636,0.7428727428379115
best_accuracy_ruleA,2,2018-10-11,45,1.9299376753333333,0.8537411464486877,0.7893213991301399,1.0761965288846458,1.1406162762031935
best_accuracy_ruleA,2,2018-10-12,45,1.3528942080000002,1.0283753608195632,0.9625030178135192,0.324518847180437,0.39039119018648094
best_accuracy_ruleA,5,2018-10-13,45,1.1938789062222221,1.3419569907012554,1.3267827168622914,-0.1480780844790332,-0.13290381064006926
best_accuracy_ruleA,5,2018-10-14,46,1.2519231717391306,1.5945096920815245,1.5760861412880633,-0.3425865203423938,-0.3241629695489329
best_accuracy_ruleA,5,2018-10-15,47,1.0998721210638298,1.9213382690921157,1.9006105667574034,-0.821466148028286,-0.8007384456935736
best_accuracy_ruleA,4,2018-10-16,47,1.7939888188297874,1.829407899672198,1.725449137476168,-0.035419080842410605,0.06853968135361932
best_accuracy_ruleA,5,2018-10-17,45,1.990694493111111,1.5864267534623115,1.5678345845394284,0.4042677396487993,0.4228599085716829
best_accuracy_ruleA,2,2018-10-18,48,1.1190636116666668,1.5127650104166686,1.4320852436964226,-0.39370139875000193,-0.31302163202975597
best_accuracy_ruleA,1,2018-10-19,47,1.8795137353617022,1.6977172911221987,1.7011871844981894,0.18179644423950342,0.17832655086351282
best_accuracy_ruleA,3,2018-10-20,47,0.6736621091489362,1.6899542924200555,1.5430134804811262,-1.0162921832711194,-0.8693513713321902
best_accuracy_ruleA,1,2018-10-21,47,1.3392859944680853,1.5366197930994216,1.5416722559702323,-0.19733379863133657,-0.20238626150214717
best_accuracy_ruleA,2,2018-10-22,48,1.0295788454166666,1.7240357593237716,1.6462853982636718,-0.6944569139071048,-0.6167065528470053
best_accuracy_ruleA,4,2018-10-23,45,0.7377184775555556,1.216242156701494,1.126737228609742,-0.4785236791459385,-0.38901875105418615
best_accuracy_ruleA,4,2018-10-24,47,0.9474155851063829,1.3764119076167853,1.2839472193302293,-0.4289963225104024,-0.33653163422384635
best_accuracy_ruleA,3,2018-10-25,47,0.6272926090425532,1.8738746048125072,1.7226189578166657,-1.246581995769954,-1.0953263487741125
best_accuracy_ruleA,1,2018-10-26,47,0.8659952378723405,1.0798389186988726,1.0924879078799963,-0.2138436808265322,-0.22649267000765574
best_accuracy_ruleA,2,2018-10-27,48,1.0058246449583335,0.8056910245554691,0.743222917007503,0.20013362040286428,0.26260172795083037
best_accuracy_ruleA,3,2018-10-28,47,1.6154326700000001,0.6018679507460309,0.5004507022391681,1.0135647192539692,1.114981967760832
best_accuracy_ruleA,5,2018-10-29,47,-0.9525447292705167,0.4964021100158134,0.48387500566905634,-1.44894683928633,-1.436419734939573
best_accuracy_ruleA,4,2018-10-30,45,-0.5650887453777778,0.6237205583212894,0.5587073977978485,-1.188809303699067,-1.123796143175626
best_accuracy_ruleA,2,2018-10-31,39,-1.504603737974359,0.5707473593497787,0.5222890677249621,-2.0753510973241376,-2.026892805699321
best_accuracy_ruleA,2,2018-11-01,45,-0.6297393386666666,0.7809643892092325,0.726351302591566,-1.410703727875899,-1.3560906412582328
best_accuracy_ruleA,5,2018-11-02,47,-1.7726840145744682,1.0887913119665804,1.073988693688842,-2.8614753265410484,-2.84667270826331
best_accuracy_ruleA,4,2018-11-03,47,-1.7075539732978724,1.2750615383735489,1.1901689359327718,-2.982615511671421,-2.8977229092306445
best_accuracy_ruleA,3,2018-11-04,47,-1.2089761303191489,1.455295132201876,1.3223586571321906,-2.664271262521025,-2.5313347874513394
best_accuracy_ruleA,4,2018-11-05,48,-0.5191773273958333,1.5843032677848472,1.4870464367660425,-2.1034805951806805,-2.006223764161876
best_accuracy_ruleA,4,2018-11-06,48,-0.2896734136458333,1.6078823884941222,1.5073997212732972,-1.8975558021399557,-1.7970731349191305
best_accuracy_ruleA,1,2018-11-07,47,-0.14444053276595747,1.4986121007517106,1.5002885521281477,-1.6430526335176678,-1.6447290848941052
best_accuracy_ruleA,4,2018-11-08,47,0.047627679297872344,1.5883439931774284,1.4849714701732026,-1.5407163138795559,-1.4373437908753302
best_accuracy_ruleA,5,2018-11-09,48,1.2346669320416668,1.4762060218555189,1.4656640234545524,-0.24153908981385208,-0.2309970914128856
best_accuracy_ruleA,1,2018-11-10,47,1.0717726151425533,1.4100327874252743,1.4177559872710663,-0.33826017228272115,-0.345983372128513
best_accuracy_ruleA,3,2018-11-11,46,0.4205596582826087,0.5657494280689589,0.4632592266884704,-0.14518976978635015,-0.042699568405861726
best_accuracy_ruleA,2,2018-11-12,45,1.5280675613333337,0.8589593691186559,0.8018058324711914,0.6691081922146777,0.726261728862142
best_accuracy_ruleA,5,2018-11-13,46,1.5085422910869568,0.8716111976011451,0.8545068833438794,0.6369310934858116,0.6540354077430771
best_accuracy_ruleA,5,2018-11-14,46,1.3535899445652173,0.8892435730455555,0.8731480175421164,0.4643463715196619,0.4804419270231012
best_accuracy_ruleA,2,2018-11-15,48,1.7105289535833335,0.8052745907292521,0.7485594162307607,0.9052543628540812,0.9619695373525726
best_accuracy_ruleA,3,2018-11-16,47,1.887951365957447,0.6348192169851026,0.5295568248803332,1.2531321489723442,1.3583945410771137
best_accuracy_ruleA,1,2018-11-17,47,0.6300136551063831,0.4435299760437062,0.44867403623134006,0.18648367906267677,0.18133961887504293
best_accuracy_ruleA,2,2018-11-18,47,0.05442239446808509,0.4795118918302869,0.43630310341980766,-0.42508949736220186,-0.3818807089517226
best_accuracy_ruleA,1,2018-11-19,47,0.43321379751063827,0.513242197284798,0.519560533550519,-0.08002839977415976,-0.08634673603988072
best_accuracy_ruleA,5,2018-11-20,46,0.07044969304347835,0.5087092136273217,0.5019268163991166,-0.4382595205838433,-0.43147712335563826
best_accuracy_ruleA,2,2018-11-21,47,1.6454474734042555,0.4311538882451273,0.38039711473939525,1.214293585159128,1.26505035866486
best_accuracy_ruleA,4,2018-11-22,47,-0.08496887268085108,0.36789710025134614,0.31960674502530795,-0.4528659729321973,-0.4045756177061591
best_accuracy_ruleA,5,2018-11-23,46,-0.003322880282608693,0.24805829275939997,0.24143822296768674,-0.25138117304200863,-0.2447611032502954
best_accuracy_ruleA,5,2018-11-24,47,0.35828784308510636,0.27105214166344094,0.26364343783783567,0.08723570142166547,0.09464440524727076
best_accuracy_ruleA,4,2018-11-25,45,0.31693359833333334,0.4575019092699951,0.4080543041527411,-0.1405683109366618,-0.0911207058194077
best_accuracy_ruleA,2,2018-11-26,46,-0.4870644775869566,0.6008221505975605,0.5558856002735783,-1.087886628184517,-1.042950077860535
best_accuracy_ruleA,4,2018-11-27,45,-0.41840147173333336,0.7079159293072349,0.6347199294137318,-1.1263174010405683,-1.0531214011470653
best_accuracy_ruleA,3,2018-11-28,45,-0.4148796688888889,0.4769388141828582,0.39822208599715014,-0.891818483071747,-0.8131017548860391
best_accuracy_ruleA,3,2018-11-29,46,-0.1156107743369565,0.3701364484084583,0.30210954108896493,-0.48574722274541476,-0.4177203154259214
best_accuracy_ruleA,5,2018-11-30,45,-0.05000109541111112,0.31492428992919763,0.3079474227253443,-0.36492538534030877,-0.35794851813645545
best_accuracy_ruleA,1,2018-12-01,45,0.34395666887777776,0.40275047968768624,0.4079512357201011,-0.0587938108099085,-0.06399456684232335
best_accuracy_ruleA,1,2018-12-02,45,-0.19673174663333337,0.5386806237674259,0.5448098837322053,-0.7354123704007592,-0.7415416303655387
best_accuracy_ruleA,5,2018-12-03,45,-0.40780812357777774,0.646206302557655,0.6326128387752984,-1.0540144261354327,-1.040420962353076
best_accuracy_ruleA,3,2018-12-04,46,0.8510439423478261,0.855383170084152,0.7375560835587683,-0.004339227736325774,0.1134878587890578
best_accuracy_ruleA,1,2018-12-05,45,0.9592886573333332,0.5161138626138508,0.5201420626663388,0.4431747947194825,0.4391465946669946
best_accuracy_ruleA,2,2018-12-06,46,0.451844610826087,0.37057917061048545,0.33048299880221343,0.08126544021560149,0.12136161202387354
best_accuracy_ruleA,2,2018-12-07,43,1.3274499572093024,0.5039969630964769,0.4851670065127972,0.8234529941128255,0.8422829506965052
best_accuracy_ruleA,3,2018-12-08,48,0.8662080270833333,0.543038695580863,0.5123437996158972,0.32316933150247035,0.3538642274674361
best_accuracy_ruleA,5,2018-12-09,48,1.2684520370833334,0.5104400007837547,0.5074384182544404,0.7580120362995787,0.7610136188288931
best_accuracy_ruleA,5,2018-12-10,48,1.4472701070833336,0.3810866188871766,0.3767023392080202,1.0661834881961567,1.0705677678753132
best_accuracy_ruleA,3,2018-12-11,46,1.529205162826087,0.339521245532489,0.28399053535997654,1.189683917293598,1.2452146274661104
best_accuracy_ruleA,4,2018-12-12,48,1.4684236483333333,0.5518215685698441,0.5192894136510713,0.9166020797634893,0.9491342346822621
best_accuracy_ruleA,1,2018-12-13,46,1.2725775013695653,0.653257682299734,0.6568129846699187,0.6193198190698311,0.6157645166996466
best_accuracy_ruleA,3,2018-12-14,48,1.3735388833333333,0.5775643245796328,0.5419590492777239,0.7959745587537005,0.8315798340556095
best_accuracy_ruleA,5,2018-12-15,46,1.1672991601086957,0.36177938185962744,0.35738558738422865,0.8055197782490682,0.8099135727244671
best_accuracy_ruleA,4,2018-12-16,46,1.6478125302173914,0.7642652761639065,0.7265109512538351,0.8835472540534848,0.9213015789635562
best_accuracy_ruleA,4,2018-12-17,48,1.3615691866250001,0.32932628831597127,0.2850639236628142,1.0322428983090288,1.0765052629621858
best_accuracy_ruleA,4,2018-12-18,46,1.181335625869565,0.34279201186664343,0.3007007391596519,0.8385436140029219,0.8806348867099133
best_accuracy_ruleA,1,2018-12-19,46,1.23613595,0.12569775138862302,0.1323597972810209,1.110438198611377,1.103776152718979
best_accuracy_ruleA,5,2018-12-20,46,1.0854955119347827,0.2791217950472042,0.27282050087139753,0.8063737168875784,0.812675011063385
best_accuracy_ruleA,2,2018-12-21,46,1.4875490241304348,0.4924594679406133,0.44960266225925843,0.9950895561898214,1.0379463618711764
best_accuracy_ruleA,1,2018-12-22,46,1.323656990826087,0.4884401162064269,0.4953282159067803,0.83521687461966,0.8283287749193068
best_accuracy_ruleA,5,2018-12-23,46,0.9972252115217392,0.27960821312327494,0.2704666995335437,0.7176169983984642,0.7267585119881955
best_accuracy_ruleA,4,2018-12-24,46,0.08329714995652177,0.550022239909123,0.5186479816261393,-0.46672508995260126,-0.4353508316696176
best_accuracy_ruleA,1,2018-12-25,46,0.22018622297826085,0.2837518341731638,0.2896677986723369,-0.06356561119490291,-0.06948157569407601
best_accuracy_ruleA,3,2018-12-26,46,0.9418170304347827,0.8280297630123503,0.7699333835224482,0.11378726742243225,0.17188364691233438
best_accuracy_ruleA,5,2018-12-27,46,0.5575000341304348,0.5212447215033823,0.5185779090948968,0.03625531262705246,0.038922125035538
best_accuracy_ruleA,3,2018-12-28,48,0.4050928272916667,0.4862562888012376,0.46149703705683703,-0.08116346150957099,-0.056404209765170445
best_accuracy_ruleA,3,2018-12-29,46,0.3924107634565218,0.5764638813903513,0.5428520018843696,-0.18405311793382959,-0.15044123842784782
best_accuracy_ruleA,2,2018-12-30,48,0.44148704218750007,0.5128924601786798,0.4966005203486827,-0.07140541799117985,-0.055113478161182596
best_accuracy_ruleA,5,2018-12-31,48,0.5690473772916667,0.524225851439804,0.5209615484774854,0.04482152585186269,0.04808582881418122
