slot,fold,DAY,n_records,y_mean,pred_refit,pred_nofit,resid_refit,resid_nofit
simple_ruleA,3,2018-04-09,12,1.0472953900000002,2.739351617090575,2.5097214600113014,-1.6920562270905748,-1.4624260700113014
simple_ruleA,5,2018-04-10,47,0.47282547361702126,3.691216505309506,3.5256065372250376,-3.2183910316924846,-3.052781063608016
simple_ruleA,2,2018-04-11,47,0.8453302529574469,3.0015767794224715,2.8956709334835917,-2.156246526465025,-2.0503406805261455
simple_ruleA,4,2018-04-12,48,0.6412611391249999,1.8740130635737502,1.7834537495563325,-1.2327519244487501,-1.1421926104313325
simple_ruleA,3,2018-04-13,47,0.635110774893617,2.1579785606343447,1.977082850583631,-1.5228677857407276,-1.3419720756900142
simple_ruleA,3,2018-04-14,47,1.367088555319149,3.6120586852941083,3.309272581418705,-2.2449701299749596,-1.9421840260995564
simple_ruleA,1,2018-04-15,47,0.7544915838297872,2.8636226779195924,2.863140127318447,-2.109131094089805,-2.1086485434886595
simple_ruleA,4,2018-04-16,47,0.34850664957446814,2.4142452552906564,2.297579903037458,-2.0657386057161884,-1.94907325346299
simple_ruleA,4,2018-04-17,48,0.5230105908333333,2.652131995851526,2.523971067362616,-2.1291214050181924,-2.0009604765292823
simple_ruleA,1,2018-04-18,47,0.5238276698936171,2.3730541874715634,2.3726543028311933,-1.8492265175779463,-1.848826632937576
simple_ruleA,2,2018-04-19,47,0.7855748930212766,3.0787290098701288,2.9701009706201713,-2.2931541168488523,-2.184526077598895
simple_ruleA,3,2018-04-20,48,0.880826201875,4.663107554535042,4.272215741470643,-3.7822813526600423,-3.3913895395956426
simple_ruleA,3,2018-04-21,47,1.117097345031915,3.651761661696675,3.3456473977373467,-2.53466431666476,-2.228550052705432
simple_ruleA,4,2018-04-22,47,0.3576453597234043,3.1109771903236245,2.960643147431584,-2.7533318306002204,-2.6029977877081794
simple_ruleA,5,2018-04-23,48,1.2810660985416666,3.511669752879753,3.3541153220136493,-2.2306036543380867,-2.073049223471983
simple_ruleA,1,2018-04-24,47,0.4215244036170213,2.793817115384931,2.7933463277567583,-2.3722927117679102,-2.3718219241397374
simple_ruleA,1,2018-04-25,47,0.19842944063829793,2.6229680718585007,2.6225260740947514,-2.4245386312202024,-2.4240966334564535
simple_ruleA,5,2018-04-26,47,0.43892267234042553,3.6893318995384767,3.5238064860991076,-3.2504092271980514,-3.0848838137586823
simple_ruleA,2,2018-04-27,48,0.7287440279166667,4.047969699608429,3.9051435495958784,-3.3192256716917616,-3.1763995216792114
simple_ruleA,1,2018-04-28,47,0.5875206128723405,3.590755914889834,3.5901508346749518,-3.0032353020174933,-3.002630221802611
simple_ruleA,5,2018-04-29,48,0.82862176625,3.58609003669697,3.42519666843446,-2.7574682704469695,-2.5965749021844604
simple_ruleA,5,2018-04-30,47,0.7815592062765957,5.141313086680268,4.910643144948962,-4.359753880403672,-4.129083938672366
simple_ruleA,3,2018-05-01,47,0.9538805631914894,7.110034164079204,6.51402514802213,-6.156153600887715,-5.56014458483064
simple_ruleA,4,2018-05-02,48,1.4535433592708333,4.914111590573435,4.6766433555341775,-3.460568231302602,-3.2230999962633438
simple_ruleA,1,2018-05-03,47,0.9401358093617022,2.9716597873376243,2.971159031344931,-2.031523977975922,-2.031023221983229
simple_ruleA,2,2018-05-04,47,1.444926960212766,2.8271044793447264,2.727354610044296,-1.38217751913196,-1.2824276498315297
simple_ruleA,3,2018-05-05,48,0.8744317195833333,4.155578581594489,3.807231127221218,-3.281146862011156,-2.932799407637885
simple_ruleA,3,2018-05-06,47,1.0161706595744682,6.287588892330484,5.7605225544467755,-5.271418232756015,-4.744351894872307
simple_ruleA,3,2018-05-07,47,0.7836438336170213,5.025195053093941,4.603950725714921,-4.24155121947692,-3.8203068920979
simple_ruleA,2,2018-05-08,48,0.22908054,3.8541996589196614,3.718210375522498,-3.6251191189196614,-3.489129835522498
simple_ruleA,1,2018-05-09,47,0.9967729835460993,3.317683814272532,3.3171247495845293,-2.320910830726432,-2.3203517660384296
simple_ruleA,3,2018-05-10,47,1.1798941640425533,4.465083179812576,4.090791049676556,-3.2851890157700225,-2.9108968856340023
simple_ruleA,3,2018-05-11,48,1.3072650239583334,4.650741896280686,4.260886652610892,-3.3434768723223534,-2.953621628652558
simple_ruleA,1,2018-05-12,48,0.4007906071041667,4.8421477095007806,4.8413317565800025,-4.441357102396615,-4.440541149475836
simple_ruleA,4,2018-05-13,47,1.3914029670212766,6.1899653837469035,5.890843125829078,-4.798562416725627,-4.4994401588078015
simple_ruleA,3,2018-05-14,47,2.1690446502127663,6.816295936496714,6.244909957117054,-4.6472512862839475,-4.075865306904287
simple_ruleA,3,2018-05-15,48,4.272525122916667,7.028582071595896,6.4394008963587765,-2.75605694867923,-2.166875773442109
simple_ruleA,5,2018-05-16,48,1.7545096245833334,10.120336071174748,9.666277488769593,-8.365826446591415,-7.91176786418626
simple_ruleA,2,2018-05-17,47,2.381270406382979,8.823396998639547,8.512077518291193,-6.442126592256567,-6.130807111908214
simple_ruleA,4,2018-05-18,47,1.6977107829787237,5.006045990704784,4.764135141912012,-3.3083352077260604,-3.0664243589332885
simple_ruleA,4,2018-05-19,48,2.7034745979166668,3.6174873822539095,3.4426768741676703,-0.9140127843372431,-0.7392022762510034
simple_ruleA,3,2018-05-20,47,1.809073010638298,3.0522895928868228,2.796426952146148,-1.2432165822485248,-0.9873539415078498
simple_ruleA,3,2018-05-21,48,3.68666576875,3.628627234886205,3.3244522481008203,0.058038533863794824,0.36221352064918005
simple_ruleA,4,2018-05-22,47,4.27072946106383,5.97255411819233,5.683937985045447,-1.7018246571285,-1.4132085239816168
simple_ruleA,4,2018-05-23,48,7.288922447916668,4.76405212939702,4.53383532826188,2.5248703185196475,2.755087119654787
simple_ruleA,1,2018-05-24,47,4.67684035319149,4.36751641143132,4.366780438886438,0.3093239417601698,0.31005991430505153
simple_ruleA,1,2018-05-25,48,6.611843,4.913414781251755,4.912586819078298,1.6984282187482453,1.699256180921702
simple_ruleA,4,2018-05-26,47,8.121600329787235,6.258093920207036,5.955679436825705,1.8635064095801983,2.1659208929615295
simple_ruleA,5,2018-05-27,48,4.926359043958334,6.460217469244848,6.170373617668697,-1.5338584252865142,-1.2440145737103636
simple_ruleA,4,2018-05-28,48,9.300022289583334,6.468871897758217,6.156271834869446,2.831150391825116,3.1437504547138886
simple_ruleA,5,2018-05-29,48,5.725532533333333,7.2523212127600845,6.9269388671686265,-1.5267886794267513,-1.2014063338352934
simple_ruleA,3,2018-05-30,47,9.208730940425532,7.004167122282533,6.417032565891614,2.2045638181429994,2.791698374533919
simple_ruleA,5,2018-05-31,48,12.184924920833334,6.270212303093003,5.988893215495619,5.9147126177403315,6.196031705337714
simple_ruleA,4,2018-06-01,47,12.722099900000002,7.204989497600397,6.856817481573406,5.517110402399603,5.8652824184265935
simple_ruleA,5,2018-06-02,48,11.389905470833334,6.776719994170128,6.472675953313254,4.6131854766632046,4.91722951752008
simple_ruleA,2,2018-06-03,47,12.693890738297874,6.029003378052025,5.8162796165616335,6.664887360245848,6.877611121736239
simple_ruleA,3,2018-06-04,48,10.149586270833334,6.960746951233947,6.377252154206555,3.1888393195993867,3.7723341166267796
simple_ruleA,5,2018-06-05,48,14.328400583333334,7.100232049800535,6.781673330346286,7.2281685335327985,7.546727252987048
simple_ruleA,5,2018-06-06,48,12.788825141666665,7.646398567688013,7.303335563679865,5.142426573978654,5.485489577986802
simple_ruleA,5,2018-06-07,48,14.871658104166668,8.135181829040034,7.770189095308285,6.736476275126634,7.101469008858381
simple_ruleA,1,2018-06-08,47,12.560412223404255,7.819857373217279,7.8185396448358775,4.740554850186977,4.741872578568378
simple_ruleA,3,2018-06-09,48,11.38877190625,7.5607522710541835,6.9269611502620245,3.828019635195817,4.461810755987975
simple_ruleA,4,2018-06-10,47,8.383711787234041,6.5495932534650985,6.233092433030149,1.8341185337689438,2.150619354203894
simple_ruleA,5,2018-06-11,48,7.900584520833334,5.972722346434537,5.704750431011095,1.9278621743987963,2.1958340898222395
simple_ruleA,4,2018-06-12,47,11.297598617021276,6.5470926191154275,6.230712638676589,4.750505997905849,5.066885978344688
simple_ruleA,3,2018-06-13,48,11.08758792361111,7.915603448821024,7.252066408891654,3.171984474790088,3.835521514719457
simple_ruleA,1,2018-06-14,47,9.939966723404256,7.660046218835592,7.658755420317964,2.279920504568664,2.281211303086291
simple_ruleA,2,2018-06-15,48,11.489825041666668,6.277439756937421,6.055950314339611,5.212385284729245,5.433874727327055
simple_ruleA,2,2018-06-16,47,11.53774871787234,6.432275467357406,6.205322893845873,5.105473250514934,5.332425824026467
simple_ruleA,2,2018-06-17,48,10.0085567843125,8.043993210960005,7.760173749277857,1.9645635733524947,2.2483830350346437
simple_ruleA,4,2018-06-18,47,11.42710565319149,7.87769646253789,7.497016732203239,3.5494091906536,3.9300889209882506
simple_ruleA,5,2018-06-19,48,10.082189064583334,7.603178825454189,7.262054916625548,2.479010239129144,2.8201341479577855
simple_ruleA,5,2018-06-20,47,11.069428263829789,7.843404591206211,7.491502723040307,3.226023672623577,3.5779255407894808
simple_ruleA,1,2018-06-21,48,9.99445140625,7.152911377089096,7.151706036137032,2.8415400291609045,2.842745370112968
simple_ruleA,2,2018-06-22,48,9.810313877083333,6.725785452585015,6.488476847706856,3.0845284244983184,3.321837029376478
simple_ruleA,1,2018-06-23,47,5.655785796382979,7.29011441833685,7.288885957226344,-1.6343286219538709,-1.6331001608433644
simple_ruleA,2,2018-06-24,48,7.384723681250001,8.563254084865159,8.261113332023344,-1.1785304036151578,-0.876389650773345
simple_ruleA,2,2018-06-25,48,6.0496021791666665,9.021702047314955,8.703385689832588,-2.9720998681482875,-2.653783510665922
simple_ruleA,2,2018-06-26,48,3.4537272625000006,10.38796331180246,10.021440606249627,-6.93423604930246,-6.5677133437496265
simple_ruleA,2,2018-06-27,47,3.464171729787234,10.046236010953832,9.691770607791161,-6.582064281166598,-6.227598878003926
simple_ruleA,4,2018-06-28,48,4.077571247916667,10.086816905216251,9.599384220081328,-6.0092456572995845,-5.521812972164661
simple_ruleA,4,2018-06-29,47,5.376051408510638,9.800033295468443,9.326459066005476,-4.423981886957806,-3.9504076574948384
simple_ruleA,1,2018-06-30,48,4.825811625,10.207677964982862,10.205957863666342,-5.38186633998286,-5.380146238666342
simple_ruleA,4,2018-07-01,47,4.32301290425532,10.519744395240819,10.011391036030581,-6.196731490985499,-5.688378131775263
simple_ruleA,1,2018-07-02,48,4.167258685416667,10.157505113480605,10.15579346681834,-5.990246428063937,-5.988534781401672
simple_ruleA,3,2018-07-03,47,4.800510072695036,12.390562626409581,11.351905586381656,-7.590052553714546,-6.55139551368662
simple_ruleA,2,2018-07-04,48,5.843496376736112,11.550647243369148,11.143101091014529,-5.707150866633037,-5.299604714278419
simple_ruleA,5,2018-07-05,47,5.100919393617021,10.236299024552364,9.777037653044967,-5.135379630935344,-4.676118259427945
simple_ruleA,5,2018-07-06,46,4.013637086956522,6.942719155383722,6.631227402979425,-2.9290820684272,-2.617590316022902
simple_ruleA,4,2018-07-07,47,4.202036874468085,6.2654604343456946,5.962689973474098,-2.063423559877609,-1.7606530990060123
simple_ruleA,2,2018-07-08,48,4.90197201875,6.315595343936022,6.09275964234991,-1.4136233251860226,-1.190787623599909
simple_ruleA,4,2018-07-09,47,4.67983829787234,7.754016260341977,7.379313219543865,-3.074177962469637,-2.6994749216715244
simple_ruleA,1,2018-07-10,48,5.213994385416667,9.595072744286497,9.593455873405954,-4.381078358869831,-4.379461487989287
simple_ruleA,3,2018-07-11,47,6.512792970212766,13.000232206627054,11.910468722067382,-6.487439236414288,-5.3976757518546155
simple_ruleA,4,2018-07-12,48,6.145249545833334,12.734083125093159,12.118724643946784,-6.588833579259827,-5.973475098113451
simple_ruleA,3,2018-07-13,47,5.808861563829788,12.97998034370818,11.891914501186934,-7.171118779878391,-6.083052937357147
simple_ruleA,2,2018-07-14,48,7.893707402083334,11.636519496827754,11.225943479067874,-3.7428120947444214,-3.33223607698454
simple_ruleA,1,2018-07-15,47,8.825024712765957,11.139243857091643,11.137366777104468,-2.314219144325686,-2.31234206433851
simple_ruleA,3,2018-07-16,48,10.82803609375,11.738016267356327,10.754059880576433,-0.9099801736063261,0.07397621317356773
simple_ruleA,5,2018-07-17,47,11.225749840425532,11.444173375546663,10.93071956302951,-0.21842353512113172,0.295030277396021
simple_ruleA,3,2018-07-18,48,11.137558127083333,11.741619672905303,10.757361225383347,-0.6040615458219708,0.3801969016999869
simple_ruleA,1,2018-07-19,48,13.359665666666666,10.793152534194926,10.791333774243137,2.566513132471741,2.568331892423529
simple_ruleA,5,2018-07-20,47,13.979930436170212,11.760010426350531,11.232386281687246,2.2199200098196816,2.747544154482967
simple_ruleA,4,2018-07-21,48,14.667598447916667,11.598209473072918,11.037740651308772,3.06938897484375,3.629857796607896
simple_ruleA,1,2018-07-22,47,17.501085212765958,11.22428197415902,11.222390564352896,6.276803238606938,6.278694648413063
simple_ruleA,4,2018-07-23,48,14.9066868125,13.445232946187822,12.79550904827155,1.461453866312177,2.1111777642284495
simple_ruleA,5,2018-07-24,47,17.42781235106383,13.788485103507188,13.169851497312495,3.639327247556642,4.257960853751336
simple_ruleA,5,2018-07-25,48,15.2256235625,14.409466865616174,13.762972317193901,0.8161566968838269,1.4626512453060976
simple_ruleA,3,2018-07-26,47,15.800653936170212,14.700795536965522,13.468479843250742,1.0998583992046909,2.332174092919471
simple_ruleA,1,2018-07-27,48,18.182484104166665,13.979521062717907,13.977165366087705,4.202963041448759,4.20531873807896
simple_ruleA,4,2018-07-28,48,19.978907489583335,14.609800015692604,13.90379988524009,5.369107473890732,6.075107604343242
simple_ruleA,1,2018-07-29,47,18.021582180851066,11.307060948517233,11.305155589581513,6.714521232333833,6.71642659126955
simple_ruleA,2,2018-07-30,48,17.828049833333335,11.893570445299595,11.473924795093884,5.934479388033739,6.35412503823945
simple_ruleA,1,2018-07-31,47,21.00033240425532,12.2853604151407,12.283290202434491,8.71497198911462,8.71704220182083
simple_ruleA,2,2018-08-01,48,21.93689688541667,13.807956502595546,13.320764795850002,8.128940382821119,8.616132089566666
simple_ruleA,1,2018-08-02,48,24.189204364583333,14.214681126736814,14.212285803157457,9.97452323784652,9.976918561425876
simple_ruleA,2,2018-08-03,48,24.791258786458332,15.403461724849988,14.859975162873296,9.387797061608346,9.931283623585038
simple_ruleA,1,2018-08-04,47,21.455597680851064,13.515758665596996,13.513481117818333,7.939839015254068,7.942116563032731
simple_ruleA,1,2018-08-05,48,20.0095305625,13.780964091119793,13.778641853431914,6.228566471380205,6.230888709068086
simple_ruleA,1,2018-08-06,47,19.81192110638298,12.834370164559191,12.832207437924154,6.977550941823789,6.9797136684588255
simple_ruleA,1,2018-08-07,48,18.414588364583334,12.733601152630719,12.731455406636202,5.6809872119526155,5.683132957947131
simple_ruleA,5,2018-08-08,47,18.038444085106384,13.695186739954492,13.080739054306065,4.343257345151891,4.9577050308003185
simple_ruleA,3,2018-08-09,48,16.7010125625,14.662413684799754,13.433315405996893,2.0385988777002453,3.2676971565031057
simple_ruleA,4,2018-08-10,47,20.032617468085107,12.790794256473365,12.172695281541344,7.241823211611742,7.859922186543764
simple_ruleA,1,2018-08-11,48,18.446810208333336,11.651874911597838,11.649911447875326,6.794935296735495,6.796898760458009
simple_ruleA,2,2018-08-12,48,18.256352125,12.467201503494008,12.027316196954539,5.789150621505993,6.2290359280454615
simple_ruleA,2,2018-08-13,47,16.6342225106383,13.589760742041001,13.110267724451178,3.0444617685972966,3.5239547861871205
simple_ruleA,2,2018-08-14,48,21.323660083333333,13.827804606622719,13.339912591205513,7.495855476710616,7.9837474921278195
simple_ruleA,4,2018-08-15,47,18.736724574468088,13.60847986140741,12.950867262528961,5.128244713060675,5.7858573119391234
simple_ruleA,5,2018-08-16,48,12.288344958333333,10.466558604662438,9.996966416293356,1.8217863536708947,2.291378542039977
simple_ruleA,5,2018-08-17,47,7.603025876595745,7.007728233824019,6.693319786777125,0.5952976427717257,0.9097060898186196
simple_ruleA,5,2018-08-18,47,10.895761085106383,8.146704693814469,7.781194975705132,2.749056391291915,3.1145661094012502
simple_ruleA,2,2018-08-19,48,12.307638395833335,9.948965052733486,9.59793170008048,2.3586733430998463,2.7097066957528546
simple_ruleA,4,2018-08-20,48,14.89058490625,11.252348684693631,10.708593148631678,3.6382362215563684,4.181991757618321
simple_ruleA,5,2018-08-21,48,12.472552208333333,11.392544882506435,10.88140743183702,1.0800073258268987,1.5911447764963131
simple_ruleA,4,2018-08-22,47,14.164011851063831,10.811174490757757,10.28873814032028,3.352837360306073,3.87527371074355
simple_ruleA,3,2018-08-23,48,11.836998729166666,12.40588435636028,11.365942949902957,-0.5688856271936128,0.4710557792637098
simple_ruleA,2,2018-08-24,47,10.78890559574468,11.279629374169279,10.881645654766213,-0.4907237784245986,-0.0927400590215324
simple_ruleA,4,2018-08-25,48,10.407733666666667,10.425856663043541,9.922040309891429,-0.018122996376875405,0.48569335677523745
simple_ruleA,1,2018-08-26,47,13.190398010638297,8.999080718170857,8.997564278227916,4.19131729246744,4.1928337324103815
simple_ruleA,2,2018-08-27,48,12.964973624999999,10.159221150431765,9.80076924695467,2.8057524745682354,3.16420437804533
simple_ruleA,3,2018-08-28,47,10.807590574468085,11.064751998309221,10.137232973893692,-0.25716142384113655,0.6703576005743929
simple_ruleA,3,2018-08-29,48,8.59915721875,10.536429096380855,9.653197512176172,-1.9372718776308544,-1.0540402934261732
simple_ruleA,1,2018-08-30,48,10.177618854166667,10.721916792419627,10.720110036441085,-0.5442979382529594,-0.5424911822744191
simple_ruleA,2,2018-08-31,48,9.545335041666666,9.67056542109861,9.329354955102874,-0.12523037943194323,0.21598008656379397
simple_ruleA,4,2018-09-01,47,9.09371415908347,8.329314417571908,7.92681082005042,0.7643997415115624,1.1669033390330499
simple_ruleA,2,2018-09-02,48,9.852551479166667,7.9984840941447635,7.716270349013759,1.8540673850219032,2.1362811301529074
simple_ruleA,3,2018-09-03,47,7.827999404255319,10.406179699447444,9.533866461500578,-2.578180295192125,-1.7058670572452586
simple_ruleA,1,2018-09-04,48,9.144821310416667,8.076900222357997,8.075539179547524,1.0679210880586694,1.0692821308691431
simple_ruleA,5,2018-09-05,47,8.819130719148937,7.001002916958323,6.686896207701635,1.8181278021906133,2.132234511447301
simple_ruleA,2,2018-09-06,48,10.088790305208333,8.21429855216685,7.9244701383392595,1.8744917530414833,2.164320166869074
simple_ruleA,5,2018-09-07,47,11.15683885319149,7.468501200400229,7.133419732364426,3.6883376527912604,4.0234191208270635
simple_ruleA,1,2018-09-08,48,10.223947145833334,5.400229428122395,5.399319432550367,4.823717717710939,4.8246277132829665
simple_ruleA,4,2018-09-09,47,9.998991368085106,5.83512792515266,5.553152739185711,4.1638634429324455,4.445838628899396
simple_ruleA,1,2018-09-10,48,6.189287668402778,6.064213167152633,6.0631912833228085,0.12507450125014494,0.12609638507996926
simple_ruleA,3,2018-09-11,47,6.172482053191489,5.953234186980835,5.45419562144684,0.2192478662106543,0.7182864317446496
simple_ruleA,4,2018-09-12,48,7.297151910416667,6.520500627754106,6.205405671706423,0.7766512826625617,1.091746238710244
simple_ruleA,5,2018-09-13,48,5.060761216666667,7.812633055247779,7.4621117815500275,-2.7518718385811116,-2.401350564883361
simple_ruleA,3,2018-09-14,48,3.5804256437500004,8.342965585560416,7.643604289271642,-4.762539941810415,-4.063178645521641
simple_ruleA,2,2018-09-15,47,4.26678855106383,9.40190068964656,9.070169629892714,-5.135112138582729,-4.803381078828883
simple_ruleA,5,2018-09-16,48,2.6671404270833334,9.668426177800098,9.234642966105703,-7.001285750716764,-6.56750253902237
simple_ruleA,4,2018-09-17,47,3.6352332010638295,7.196269644516714,6.848519004374951,-3.5610364434528843,-3.2132858033111202
simple_ruleA,3,2018-09-18,48,2.6043113779166664,6.7930673673942605,6.223628556803902,-4.188755989477594,-3.619317178887236
simple_ruleA,4,2018-09-19,47,2.1127147182978723,6.585310137224255,6.267083343499715,-4.472595418926383,-4.154368625201843
simple_ruleA,1,2018-09-20,48,0.7976019938125001,7.125108328049689,7.123907672204407,-6.327506334237189,-6.326305678391907
simple_ruleA,2,2018-09-21,47,0.9730971185106383,8.154701295999994,7.866975676234929,-7.181604177489356,-6.893878557724292
simple_ruleA,5,2018-09-22,48,1.286113165625,6.535795842634857,6.242561094863105,-5.249682677009856,-4.956447929238105
simple_ruleA,2,2018-09-23,47,1.8158773138297875,5.402454245691781,5.211837270321201,-3.5865769318619947,-3.395959956491414
simple_ruleA,1,2018-09-24,47,1.9118068539574469,4.10994107002567,4.109248501640419,-2.198134216068223,-2.197441647682972
simple_ruleA,5,2018-09-25,48,2.560413458333333,4.262454345805185,4.071215244236661,-1.702040887471852,-1.510801785903327
simple_ruleA,3,2018-09-26,47,1.8311034844680851,4.952234285693131,4.537106001385889,-3.121130801225046,-2.706002516917805
simple_ruleA,4,2018-09-27,48,2.3870967227083333,4.703994239746202,4.476679660262464,-2.316897517037869,-2.089582937554131
simple_ruleA,3,2018-09-28,47,2.253980155106383,5.226327258004677,4.788222729284872,-2.972347102898294,-2.534242574178488
simple_ruleA,3,2018-09-29,47,2.4128335340425533,5.895581680390673,5.40137592056943,-3.48274814634812,-2.9885423865268765
simple_ruleA,5,2018-09-30,48,2.0839533041666667,4.886276312359759,4.667048840067683,-2.8023230081930923,-2.5830955359010166
simple_ruleA,2,2018-10-01,47,1.7358946787234042,3.760982205296839,3.628281950969287,-2.0250875265734343,-1.892387272245883
simple_ruleA,2,2018-10-02,48,2.484322424791667,4.236643690178533,4.0871604795453855,-1.7523212653868665,-1.602838054753719
simple_ruleA,1,2018-10-03,47,2.3090128191489363,4.260452147923142,4.259734216835019,-1.9514393287742056,-1.9507213976860827
simple_ruleA,2,2018-10-04,48,1.5161130589583334,4.8156398703766135,4.6457277036429145,-3.2995268114182807,-3.129614644684581
simple_ruleA,1,2018-10-05,47,1.7559174380851064,6.0084525538483655,6.007440066269547,-4.252535115763259,-4.251522628184442
simple_ruleA,4,2018-10-06,48,1.5993542043750002,7.106482988575131,6.763071175161972,-5.507128784200131,-5.163716970786972
simple_ruleA,3,2018-10-07,47,1.7399318372340424,4.538450796163355,4.158008518247089,-2.798518958929313,-2.4180766810130465
simple_ruleA,2,2018-10-08,45,1.8998893104444445,3.3694951107980318,3.2506078537595346,-1.4696058003535875,-1.3507185433150901
simple_ruleA,1,2018-10-09,48,3.1460956254166668,3.8618134910510715,3.8611627347779116,-0.7157178656344046,-0.7150671093612448
simple_ruleA,3,2018-10-10,48,2.222072078125,3.552144403148233,3.254380701630605,-1.3300723250232334,-1.0323086235056047
simple_ruleA,2,2018-10-11,45,1.9299376753333333,2.5125512446052487,2.423899884143997,-0.5826135692719154,-0.49396220881066405
simple_ruleA,2,2018-10-12,45,1.3528942080000002,2.868735203759838,2.7675164607939204,-1.5158409957598378,-1.4146222527939205
simple_ruleA,5,2018-10-13,45,1.1938789062222221,3.062776426883026,2.9253620255396324,-1.868897520660804,-1.7314831193174103
simple_ruleA,5,2018-10-14,46,1.2519231717391306,3.4749665894272055,3.319058881184722,-2.223043417688075,-2.0671357094455916
simple_ruleA,5,2018-10-15,47,1.0998721210638298,4.156286978513142,3.9698111776839684,-3.056414857449312,-2.869939056620139
simple_ruleA,4,2018-10-16,47,1.7939888188297874,3.365850421825668,3.203199951980759,-1.5718616029958807,-1.4092111331509714
simple_ruleA,5,2018-10-17,45,1.990694493111111,3.6054705347122202,3.4437076418219488,-1.6147760416011092,-1.453013148710838
simple_ruleA,2,2018-10-18,48,1.1190636116666668,3.564384696165785,3.438621071164773,-2.4453210844991182,-2.3195574594981063
simple_ruleA,1,2018-10-19,47,1.8795137353617022,2.9561240329935994,2.9556258949392453,-1.0766102976318972,-1.0761121595775436
simple_ruleA,3,2018-10-20,47,0.6736621091489362,3.0280901797586184,2.7742560902280866,-2.3544280706096825,-2.1005939810791503
simple_ruleA,1,2018-10-21,47,1.3392859944680853,2.6988946053585097,2.698439813173671,-1.3596086108904246,-1.3591538187055858
simple_ruleA,2,2018-10-22,48,1.0295788454166666,3.090409216378607,2.9813690596844116,-2.060830370961941,-1.9517902142677448
simple_ruleA,4,2018-10-23,45,0.7377184775555556,4.072531696412501,3.875731746662955,-3.3348132188569446,-3.1380132691073994
simple_ruleA,4,2018-10-24,47,0.9474155851063829,3.451706007550587,3.28490667497951,-2.504290422444204,-2.337491089873127
simple_ruleA,3,2018-10-25,47,0.6272926090425532,3.4824562926557574,3.1905342989565435,-2.8551636836132044,-2.5632416899139905
simple_ruleA,1,2018-10-26,47,0.8659952378723405,4.15645707556685,4.155756668744431,-3.2904618376945094,-3.2897614308720904
simple_ruleA,2,2018-10-27,48,1.0058246449583335,2.100539548469063,2.026425363106964,-1.0947149035107295,-1.020600718148631
simple_ruleA,3,2018-10-28,47,1.6154326700000001,3.005120963062047,2.753212301725951,-1.3896882930620464,-1.1377796317259508
simple_ruleA,5,2018-10-29,47,-0.9525447292705167,2.299043253986598,2.19589447380265,-3.251587983257115,-3.1484392030731665
simple_ruleA,4,2018-10-30,45,-0.5650887453777778,1.8808466916172257,1.7899571511569425,-2.4459354369950033,-2.3550458965347203
simple_ruleA,2,2018-10-31,39,-1.504603737974359,2.131137294843249,2.0559435168364453,-3.635741032817608,-3.5605472548108046
simple_ruleA,2,2018-11-01,45,-0.6297393386666666,2.309566880382783,2.228077499236111,-2.939306219049449,-2.857816837902777
simple_ruleA,5,2018-11-02,47,-1.7726840145744682,2.5478898164210464,2.433576296590041,-4.320573830995514,-4.20626031116451
simple_ruleA,4,2018-11-03,47,-1.7075539732978724,2.517979243532548,2.3963010773358002,-4.22553321683042,-4.103855050633673
simple_ruleA,3,2018-11-04,47,-1.2089761303191489,2.7345473278990453,2.505319897390111,-3.943523458218194,-3.7142960277092607
simple_ruleA,4,2018-11-05,48,-0.5191773273958333,3.1818028100062947,3.028046208511013,-3.7009801374021283,-3.5472235359068467
simple_ruleA,4,2018-11-06,48,-0.2896734136458333,3.7080757711864507,3.5288876936375786,-3.997749184832284,-3.818561107283412
simple_ruleA,1,2018-11-07,47,-0.14444053276595747,4.286945315665728,4.286222920199627,-4.4313858484316855,-4.430663452965584
simple_ruleA,4,2018-11-08,47,0.047627679297872344,4.876792304381173,4.641127476704906,-4.8291646250833,-4.593499797407034
simple_ruleA,5,2018-11-09,48,1.2346669320416668,3.9141752026354912,3.738561978796396,-2.679508270593825,-2.5038950467547294
simple_ruleA,1,2018-11-10,47,1.0717726151425533,3.2766863831036352,3.2761342269148597,-2.2049137679610817,-2.204361611772306
simple_ruleA,3,2018-11-11,46,0.4205596582826087,2.7134460640775426,2.4859874778804056,-2.292886405794934,-2.0654278195977973
simple_ruleA,2,2018-11-12,45,1.5280675613333337,2.382014028331997,2.2979684652005696,-0.8539464669986636,-0.7699009038672361
simple_ruleA,5,2018-11-13,46,1.5085422910869568,2.8716828420456038,2.7428420376290092,-1.3631405509586472,-1.2342997465420527
simple_ruleA,5,2018-11-14,46,1.3535899445652173,2.907847895912061,2.7773845116744282,-1.5542579513468435,-1.4237945671092107
simple_ruleA,2,2018-11-15,48,1.7105289535833335,2.5115923245751,2.4229747980766096,-0.8010633709917663,-0.7124458444932764
simple_ruleA,3,2018-11-16,47,1.887951365957447,3.0028587425259925,2.751139715136047,-1.1149073765685453,-0.8631883491786
simple_ruleA,1,2018-11-17,47,0.6300136551063831,2.065044606124418,2.064696624344639,-1.435030951018035,-1.4346829692382561
simple_ruleA,2,2018-11-18,47,0.05442239446808509,1.9204187622741375,1.8526598513677603,-1.8659963678060523,-1.7982374568996748
simple_ruleA,1,2018-11-19,47,0.43321379751063827,1.7806993597679255,1.780399293158892,-1.3474855622572872,-1.3471854956482534
simple_ruleA,5,2018-11-20,46,0.07044969304347835,1.6932843589385074,1.6173135324539678,-1.6228346658950288,-1.5468638394104897
simple_ruleA,2,2018-11-21,47,1.6454474734042555,2.1581154193463234,2.0819697612753716,-0.5126679459420679,-0.43652228787111613
simple_ruleA,4,2018-11-22,47,-0.08496887268085108,1.074453202150045,1.0225316084206122,-1.159422074830896,-1.1075004811014635
simple_ruleA,5,2018-11-23,46,-0.003322880282608693,1.0080933649598354,0.9628642894620915,-1.0114162452424442,-0.9661871697447001
simple_ruleA,5,2018-11-24,47,0.35828784308510636,2.0240679849011793,1.933256233843469,-1.6657801418160731,-1.5749683907583625
simple_ruleA,4,2018-11-25,45,0.31693359833333334,2.3344773048937792,2.221666638079508,-2.017543706560446,-1.9047330397461748
simple_ruleA,2,2018-11-26,46,-0.4870644775869566,2.457267026724669,2.3705662816539186,-2.944331504311626,-2.8576307592408754
simple_ruleA,4,2018-11-27,45,-0.41840147173333336,2.380524151779105,2.2654883292561276,-2.7989256235124382,-2.683889800989461
simple_ruleA,3,2018-11-28,45,-0.4148796688888889,1.2958378157110428,1.1872123149485567,-1.7107174845999316,-1.6020919838374457
simple_ruleA,3,2018-11-29,46,-0.1156107743369565,1.5546836948806761,1.4243600595953303,-1.6702944692176331,-1.5399708339322868
simple_ruleA,5,2018-11-30,45,-0.05000109541111112,1.3666877037410332,1.3053699493713231,-1.4166887991521444,-1.355371044782434
simple_ruleA,1,2018-12-01,45,0.34395666887777776,1.4996670649715669,1.4994143552660248,-1.155710396093789,-1.155457686388247
simple_ruleA,1,2018-12-02,45,-0.19673174663333337,1.9704853197351415,1.9701532721916863,-2.167217066368475,-2.1668850188250195
simple_ruleA,5,2018-12-03,45,-0.40780812357777774,3.492049648704992,3.3353754926267585,-3.89985777228277,-3.743183616204537
simple_ruleA,3,2018-12-04,46,0.8510439423478261,3.2821966720284905,3.0070617340158763,-2.4311527296806648,-2.15601779166805
simple_ruleA,1,2018-12-05,45,0.9592886573333332,1.0842224334858783,1.0840397305791414,-0.12493377615254513,-0.12475107324580804
simple_ruleA,2,2018-12-06,46,0.451844610826087,1.4762473749756337,1.424160342541992,-1.024402764149547,-0.9723157317159049
simple_ruleA,2,2018-12-07,43,1.3274499572093024,0.49692439897425095,0.47939121468197265,0.8305255582350513,0.8480587425273296
simple_ruleA,3,2018-12-08,48,0.8662080270833333,0.3807379422495177,0.3488220272062152,0.48547008483381565,0.5173859998771182
simple_ruleA,5,2018-12-09,48,1.2684520370833334,0.4787890777493688,0.45730774665670326,0.7896629593339646,0.81114429042663
simple_ruleA,5,2018-12-10,48,1.4472701070833336,0.5969413086713634,0.5701589644400877,0.8503287984119701,0.8771111426432455
simple_ruleA,3,2018-12-11,46,1.529205162826087,1.098515063011361,1.0064304306846936,0.43069009981472617,0.5227747321413934
simple_ruleA,4,2018-12-12,48,1.4684236483333333,0.8699307614279981,0.827892456290821,0.5984928869053353,0.6405311920425124
simple_ruleA,1,2018-12-13,46,1.2725775013695653,0.9702060497468744,0.9700425598024239,0.30237145162269075,0.30253494156714134
simple_ruleA,3,2018-12-14,48,1.3735388833333333,0.7602722660964342,0.6965413310833671,0.6132666172368992,0.6769975522499663
simple_ruleA,5,2018-12-15,46,1.1672991601086957,0.8493685524738026,0.8112608178923159,0.3179306076348931,0.35603834221637987
simple_ruleA,4,2018-12-16,46,1.6478125302173914,1.6335268304420218,1.554588709855087,0.014285699775369453,0.09322382036230432
simple_ruleA,4,2018-12-17,48,1.3615691866250001,1.4209826559515053,1.3523154641080202,-0.05941346932650535,0.009253722516980013
simple_ruleA,4,2018-12-18,46,1.181335625869565,1.3452802400548358,1.2802712718311955,-0.16394461418527057,-0.09893564596163026
simple_ruleA,1,2018-12-19,46,1.23613595,1.295797541694096,1.295579186151821,-0.059661591694095815,-0.059443236151821024
simple_ruleA,5,2018-12-20,46,1.0854955119347827,1.2247488430608355,1.1697993117832635,-0.13925333112605295,-0.08430379984848094
simple_ruleA,2,2018-12-21,46,1.4875490241304348,1.4005596599242072,1.3511431477133544,0.08698936420622758,0.1364058764170803
simple_ruleA,1,2018-12-22,46,1.323656990826087,1.6329359598078068,1.6326607928889552,-0.30927896898171997,-0.3090038020628681
simple_ruleA,5,2018-12-23,46,0.9972252115217392,1.40586742194707,1.342791831949911,-0.40864221042533083,-0.3455666204281718
simple_ruleA,4,2018-12-24,46,0.08329714995652177,0.7115972546559609,0.6772102162244195,-0.6283001046994392,-0.5939130662678976
simple_ruleA,1,2018-12-25,46,0.22018622297826085,1.178928608347403,1.1787299464520868,-0.9587423853691422,-0.958543723473826
simple_ruleA,3,2018-12-26,46,0.9418170304347827,0.9345678091119641,0.8562262952045449,0.007249221322818442,0.08559073523023777
simple_ruleA,5,2018-12-27,46,0.5575000341304348,0.24175868817709034,0.23091195280527999,0.3157413459533444,0.3265880813251548
simple_ruleA,3,2018-12-28,48,0.4050928272916667,0.34402366142803803,0.3151853746889994,0.06106916586362865,0.08990745260266729
simple_ruleA,3,2018-12-29,46,0.3924107634565218,0.35042182133369737,0.32104719947981314,0.04198894212282433,0.07136356397670868
simple_ruleA,2,2018-12-30,48,0.44148704218750007,0.4499086266984811,0.4340343188905462,-0.008421584510981031,0.007452723296953831
simple_ruleA,5,2018-12-31,48,0.5690473772916667,0.5032769389029558,0.48069693643778505,0.06577043838871094,0.08835044085388166
knee_ruleA,3,2018-04-09,12,1.0472953900000002,0.8025776845634249,0.7289968764271778,0.244717705436575,0.3182985135728223
knee_ruleA,5,2018-04-10,47,0.47282547361702126,2.066661173204259,2.156818382504678,-1.5938356995872378,-1.6839929088876568
knee_ruleA,2,2018-04-11,47,0.8453302529574469,1.5150407842799014,1.4548263198707105,-0.6697105313224546,-0.6094960669132639
knee_ruleA,4,2018-04-12,48,0.6412611391249999,-0.07075506434374139,0.00954278952457257,0.7120162034687415,0.6317183496004274
knee_ruleA,3,2018-04-13,47,0.635110774893617,0.18943798749645854,0.15940671169114048,0.44567278739715854,0.47570406320247655
knee_ruleA,3,2018-04-14,47,1.367088555319149,1.7418484334021085,1.5991811337351163,-0.3747598780829595,-0.23209257841596745
knee_ruleA,1,2018-04-15,47,0.7544915838297872,1.311112174915544,1.3029257348014058,-0.5566205910857568,-0.5484341509716185
knee_ruleA,4,2018-04-16,47,0.34850664957446814,0.5692136375793769,0.620454753143987,-0.22070698800490876,-0.2719481035695189
knee_ruleA,4,2018-04-17,48,0.5230105908333333,1.008441739307446,1.044421729769469,-0.4854311484741127,-0.5214111389361356
knee_ruleA,1,2018-04-18,47,0.5238276698936171,0.7080303594287639,0.6973685645027109,-0.18420268953514693,-0.17354089460909383
knee_ruleA,2,2018-04-19,47,0.7855748930212766,1.5945045435243683,1.5323722231557126,-0.808929650503092,-0.746797330134436
knee_ruleA,3,2018-04-20,48,0.880826201875,3.721263757558324,3.4928768666823076,-2.8404375556833243,-2.6120506648073074
knee_ruleA,3,2018-04-21,47,1.117097345031915,2.1411334073135735,1.992005929723562,-1.0240360622816584,-0.8749085846916471
knee_ruleA,4,2018-04-22,47,0.3576453597234043,1.323400976783528,1.3177460585472476,-0.9657556170601237,-0.9601006988238433
knee_ruleA,5,2018-04-23,48,1.2810660985416666,1.5742008811750765,1.638457746120406,-0.2931347826334098,-0.35739164757873926
knee_ruleA,1,2018-04-24,47,0.4215244036170213,1.207126943599684,1.1991910119380649,-0.7856025399826629,-0.7776666083210436
knee_ruleA,1,2018-04-25,47,0.19842944063829793,1.0881932947488717,1.0776679317879934,-0.8897638541105738,-0.8792384911496954
knee_ruleA,5,2018-04-26,47,0.43892267234042553,2.2603453375458944,2.3757928538522872,-1.8214226652054688,-1.9368701815118616
knee_ruleA,2,2018-04-27,48,0.7287440279166667,2.9966583915793445,2.90093164753681,-2.267914363662678,-2.1721876196201433
knee_ruleA,1,2018-04-28,47,0.5875206128723405,2.554893819333352,2.545993578990576,-1.9673732064610117,-1.9584729661182356
knee_ruleA,5,2018-04-29,48,0.82862176625,2.2191651216507693,2.3384224872608765,-1.3905433554007691,-1.5098007210108768
knee_ruleA,5,2018-04-30,47,0.7815592062765957,4.216395313017344,4.218540991982839,-3.4348361067407476,-3.436981785706243
knee_ruleA,3,2018-05-01,47,0.9538805631914894,6.012154717922422,5.592536511035179,-5.058274154730932,-4.638655947843689
knee_ruleA,4,2018-05-02,48,1.4535433592708333,3.0672995832392727,2.952939432074252,-1.6137562239684395,-1.4993960728034186
knee_ruleA,1,2018-05-03,47,0.9401358093617022,1.41718568064116,1.4092872826608993,-0.47704987127945786,-0.4691514732991973
knee_ruleA,2,2018-05-04,47,1.444926960212766,1.4411969249752798,1.3865590931370844,0.0037300352374861835,0.058367867075681534
knee_ruleA,3,2018-05-05,48,0.8744317195833333,3.0530367456964296,2.8645193812136416,-2.1786050261130963,-1.9900876616303085
knee_ruleA,3,2018-05-06,47,1.0161706595744682,4.9438599694081145,4.589295621135577,-3.9276893098336463,-3.573124961561109
knee_ruleA,3,2018-05-07,47,0.7836438336170213,3.848668393412945,3.592105224534046,-3.065024559795924,-2.8084613909170244
knee_ruleA,2,2018-05-08,48,0.22908054,2.967307466559138,2.8771083516082676,-2.738226926559138,-2.648027811608267
knee_ruleA,1,2018-05-09,47,0.9967729835460993,2.131781661528863,2.122456105449956,-1.1350086779827637,-1.1256831219038568
knee_ruleA,3,2018-05-10,47,1.1798941640425533,3.5396520049883557,3.326420960258312,-2.3597578409458024,-2.146526796215759
knee_ruleA,3,2018-05-11,48,1.3072650239583334,3.5080821644025835,3.281124099206046,-2.20081714044425,-1.9738590752477128
knee_ruleA,1,2018-05-12,48,0.4007906071041667,3.0950702553009735,3.091198456867829,-2.6942796481968068,-2.690407849763662
knee_ruleA,4,2018-05-13,47,1.3914029670212766,5.629129399951882,5.460174526849037,-4.2377264329306055,-4.06877155982776
knee_ruleA,3,2018-05-14,47,2.1690446502127663,6.389807834510865,5.99203134426688,-4.220763184298098,-3.822986694054113
knee_ruleA,3,2018-05-15,48,4.272525122916667,6.529255878757443,6.114465190413552,-2.2567307558407754,-1.8419400674968855
knee_ruleA,5,2018-05-16,48,1.7545096245833334,8.897967363947307,8.50404607135635,-7.143457739363974,-6.749536446773017
knee_ruleA,2,2018-05-17,47,2.381270406382979,7.20271441258158,6.947965161926672,-4.821444006198601,-4.566694755543694
knee_ruleA,4,2018-05-18,47,1.6977107829787237,3.522285265063887,3.410454144060017,-1.8245744820851633,-1.7127433610812932
knee_ruleA,4,2018-05-19,48,2.7034745979166668,2.682331230410393,2.668108710207672,0.02114336750627366,0.03536588770899524
knee_ruleA,3,2018-05-20,47,1.809073010638298,1.341399205189554,1.2409215346389106,0.467673805448744,0.5681514759993872
knee_ruleA,3,2018-05-21,48,3.68666576875,2.2021082100174056,2.0547035584809863,1.4845575587325943,1.6319622102690137
knee_ruleA,4,2018-05-22,47,4.27072946106383,4.675527883220416,4.509656772619333,-0.40479842215658546,-0.23892731155550276
knee_ruleA,4,2018-05-23,48,7.288922447916668,3.802800316557862,3.7234871946980963,3.4861221313588047,3.5654352532185705
knee_ruleA,1,2018-05-24,47,4.67684035319149,3.7521392350643192,3.7441209195723726,0.9247011181271703,0.932719433619117
knee_ruleA,1,2018-05-25,48,6.611843,4.398082944081324,4.390723546706385,2.213760055918676,2.2211194532936145
knee_ruleA,4,2018-05-26,47,8.121600329787235,6.25489335205957,6.089423572452151,1.8667069777276635,2.032176757335083
knee_ruleA,5,2018-05-27,48,4.926359043958334,5.68454764714667,5.587366347128518,-0.7581886031883364,-0.661007303170184
knee_ruleA,4,2018-05-28,48,9.300022289583334,6.635150271351765,6.457296276456127,2.6648720182315677,2.8427260131272063
knee_ruleA,5,2018-05-29,48,5.725532533333333,6.861990352731436,6.711748451316801,-1.1364578193981023,-0.9862159179834679
knee_ruleA,3,2018-05-30,47,9.208730940425532,6.743431832156058,6.329996432414245,2.4652991082694733,2.878734508011287
knee_ruleA,5,2018-05-31,48,12.184924920833334,6.018158425098311,5.9614327163653895,6.166766495735022,6.223492204467944
knee_ruleA,4,2018-06-01,47,12.722099900000002,7.460176616122159,7.239784712516238,5.261923283877841,5.482315187483762
knee_ruleA,5,2018-06-02,48,11.389905470833334,6.877297107360179,6.785152068036809,4.512608363473154,4.604753402796525
knee_ruleA,2,2018-06-03,47,12.693890738297874,5.83365421249966,5.668706319047384,6.8602365257982125,7.025184419250488
knee_ruleA,3,2018-06-04,48,10.149586270833334,6.384565529443486,5.975545712154312,3.765020741389847,4.174040558679022
knee_ruleA,5,2018-06-05,48,14.328400583333334,7.411813850735036,7.294225874176888,6.916586732598298,7.034174709156446
knee_ruleA,5,2018-06-06,48,12.788825141666665,8.099613697810566,7.943341244042407,4.6892114438561,4.84548389762426
knee_ruleA,5,2018-06-07,48,14.871658104166668,8.391553760692391,8.18459719556097,6.480104343474275,6.687060908605697
knee_ruleA,1,2018-06-08,47,12.560412223404255,7.724203931633514,7.722114222547396,4.836208291770742,4.8382980008568595
knee_ruleA,3,2018-06-09,48,11.38877190625,7.53365240233137,7.0767984843275515,3.85511950391863,4.311973421922448
knee_ruleA,4,2018-06-10,47,8.383711787234041,5.249929369502828,5.0490986259090995,3.1337824177312137,3.3346131613249432
knee_ruleA,5,2018-06-11,48,7.900584520833334,4.8730272783260435,4.796424338196554,3.02755724250729,3.1041601826367793
knee_ruleA,4,2018-06-12,47,11.297598617021276,6.391191963423706,6.2075298340710665,4.90640665359757,5.090068782950211
knee_ruleA,3,2018-06-13,48,11.08758792361111,7.170827540808272,6.687378554741467,3.916760382802839,4.400209368869644
knee_ruleA,1,2018-06-14,47,9.939966723404256,6.586589033762667,6.585861959677309,3.353377689641588,3.354104763726946
knee_ruleA,2,2018-06-15,48,11.489825041666668,6.257236540563324,6.084615401197479,5.2325885011033435,5.405209640469187
knee_ruleA,2,2018-06-16,47,11.53774871787234,6.590574301028472,6.411914754652364,4.947174416843868,5.125833963219976
knee_ruleA,2,2018-06-17,48,10.0085567843125,7.700459090950983,7.46930605908716,2.3080976933615167,2.53925072522534
knee_ruleA,4,2018-06-18,47,11.42710565319149,8.598266605987792,8.340041846982954,2.8288390472036986,3.0870638062085356
knee_ruleA,5,2018-06-19,48,10.082189064583334,7.349757628874797,7.170880044833115,2.7324314357085364,2.9113090197502185
knee_ruleA,5,2018-06-20,47,11.069428263829789,8.194302757614379,8.019345869480524,2.875125506215409,3.0500823943492623
knee_ruleA,1,2018-06-21,48,9.99445140625,7.5249053672050366,7.520503275924397,2.469546039044963,2.4739481303256032
knee_ruleA,2,2018-06-22,48,9.810313877083333,7.091805400154712,6.902936215126295,2.7185084769286214,2.907377661957039
knee_ruleA,1,2018-06-23,47,5.655785796382979,7.312503000713585,7.3092637747974605,-1.6567172043306062,-1.653477978414482
knee_ruleA,2,2018-06-24,48,7.384723681250001,9.646906357237016,9.39551980549472,-2.2621826759870163,-2.0107961242447194
knee_ruleA,2,2018-06-25,48,6.0496021791666665,9.621363763088324,9.35540057051894,-3.5717615839216577,-3.3057983913522726
knee_ruleA,2,2018-06-26,48,3.4537272625000006,8.629270800517476,8.320957273257068,-5.175543538017477,-4.867230010757068
knee_ruleA,2,2018-06-27,47,3.464171729787234,8.94312997721113,8.645490480268219,-5.478958247423896,-5.181318750480984
knee_ruleA,4,2018-06-28,48,4.077571247916667,9.948107835340663,9.551174810713446,-5.870536587423995,-5.47360356279678
knee_ruleA,4,2018-06-29,47,5.376051408510638,10.66884065331347,10.296871914874476,-5.292789244802832,-4.920820506363838
knee_ruleA,1,2018-06-30,48,4.825811625,10.57642649345991,10.578223770094388,-5.750614868459909,-5.752412145094387
knee_ruleA,4,2018-07-01,47,4.32301290425532,8.849447273107982,8.417219848098158,-4.526434368852662,-4.0942069438428375
knee_ruleA,1,2018-07-02,48,4.167258685416667,9.049367658732677,9.052460390219297,-4.882108973316011,-4.885201704802629
knee_ruleA,3,2018-07-03,47,4.800510072695036,14.121476502771738,13.28407323720953,-9.320966430076702,-8.483563164514495
knee_ruleA,2,2018-07-04,48,5.843496376736112,13.287888191686678,12.93433543301736,-7.444391814950567,-7.090839056281247
knee_ruleA,5,2018-07-05,47,5.100919393617021,9.070802024623422,8.670955542708022,-3.9698826310064,-3.5700361490909995
knee_ruleA,5,2018-07-06,46,4.013637086956522,6.3451858673834165,6.207251994553253,-2.3315487804268944,-2.1936149075967317
knee_ruleA,4,2018-07-07,47,4.202036874468085,6.431889145458139,6.265260368484259,-2.2298522709900532,-2.0632234940161736
knee_ruleA,2,2018-07-08,48,4.90197201875,6.31228164853416,6.138295968575629,-1.4103096297841604,-1.2363239498256289
knee_ruleA,4,2018-07-09,47,4.67983829787234,6.241579905389861,5.968573854246725,-1.5617416075175201,-1.2887355563743845
knee_ruleA,1,2018-07-10,48,5.213994385416667,8.402299420269369,8.404692246478318,-3.188305034852702,-3.1906978610616505
knee_ruleA,3,2018-07-11,47,6.512792970212766,11.646753132189977,10.764075301924382,-5.133960161977211,-4.251282331711616
knee_ruleA,4,2018-07-12,48,6.145249545833334,13.214900552069297,12.667977044703987,-7.069651006235964,-6.522727498870654
knee_ruleA,3,2018-07-13,47,5.808861563829788,12.562345479266384,11.680419873219456,-6.753483915436596,-5.871558309389668
knee_ruleA,2,2018-07-14,48,7.893707402083334,12.982998070349774,12.627337827224748,-5.089290668266442,-4.7336304251414125
knee_ruleA,1,2018-07-15,47,8.825024712765957,12.575563898931184,12.577767212973418,-3.7505391861652284,-3.752742500207461
knee_ruleA,3,2018-07-16,48,10.82803609375,13.798368272161648,13.011826784640824,-2.9703321784116485,-2.1837906908908233
knee_ruleA,5,2018-07-17,47,11.225749840425532,13.288733357587704,12.857511851026805,-2.0629835171621718,-1.6317620106012733
knee_ruleA,3,2018-07-18,48,11.137558127083333,13.70437386886176,12.917687878632798,-2.566815741778426,-1.780129751549464
knee_ruleA,1,2018-07-19,48,13.359665666666666,12.799737888706419,12.801021255372772,0.5599277779602475,0.558644411293896
knee_ruleA,5,2018-07-20,47,13.979930436170212,13.796624570954936,13.341560922597777,0.18330586521527747,0.638369513572437
knee_ruleA,4,2018-07-21,48,14.667598447916667,14.01215001855928,13.542225608161857,0.6554484293573876,1.1253728397548095
knee_ruleA,1,2018-07-22,47,17.501085212765958,13.717376322201845,13.718753033309097,3.7837088905641125,3.7823321794568603
knee_ruleA,4,2018-07-23,48,14.9066868125,14.990937254330492,14.40883096790971,-0.08425044183049302,0.4978558445902898
knee_ruleA,5,2018-07-24,47,17.42781235106383,16.392526291875456,15.794207368991588,1.0352860591883755,1.633604982072242
knee_ruleA,5,2018-07-25,48,15.2256235625,15.227362215386487,14.558560168286768,-0.00173865288648604,0.667063394213233
knee_ruleA,3,2018-07-26,47,15.800653936170212,14.838404168670062,13.820611461068262,0.962249767500151,1.9800424751019519
knee_ruleA,1,2018-07-27,48,18.182484104166665,16.880512395162775,16.886509289604607,1.301971709003893,1.2959748145620587
knee_ruleA,4,2018-07-28,48,19.978907489583335,16.71721233671113,16.070813289497,3.261695152872205,3.908094200086334
knee_ruleA,1,2018-07-29,47,18.021582180851066,12.88002137011393,12.882238080079661,5.141560810737134,5.139344100771403
knee_ruleA,2,2018-07-30,48,17.828049833333335,14.06132704847495,13.695960692763713,3.766722784858383,4.132089140569622
knee_ruleA,1,2018-07-31,47,21.00033240425532,14.817103972993959,14.82032237715666,6.183228431261361,6.180010027098658
knee_ruleA,2,2018-08-01,48,21.93689688541667,16.908036453466945,16.476526170020815,5.028860431949725,5.460370715395853
knee_ruleA,1,2018-08-02,48,24.189204364583333,16.896322623507473,16.902549879067372,7.292881741075861,7.28665448551596
knee_ruleA,2,2018-08-03,48,24.791258786458332,17.782397260131688,17.297637181748545,7.008861526326645,7.49362160470979
knee_ruleA,1,2018-08-04,47,21.455597680851064,15.862047335018616,15.867497537519817,5.593550345832448,5.588100143331249
knee_ruleA,1,2018-08-05,48,20.0095305625,15.142274611369873,15.148806568628068,4.867255951130126,4.860723993871932
knee_ruleA,1,2018-08-06,47,19.81192110638298,14.970655183747374,14.975206060598238,4.841265922635605,4.836715045784743
knee_ruleA,1,2018-08-07,48,18.414588364583334,14.241785195288358,14.246618510037415,4.172803169294977,4.16796985454592
knee_ruleA,5,2018-08-08,47,18.038444085106384,14.928851971321084,14.314830555630747,3.1095921137852978,3.7236135294756343
knee_ruleA,3,2018-08-09,48,16.7010125625,14.829926440511956,13.815322358613928,1.871086121988043,2.8856902038860706
knee_ruleA,4,2018-08-10,47,20.032617468085107,15.038654925512775,14.49874254711244,4.993962542572332,5.533874920972667
knee_ruleA,1,2018-08-11,48,18.446810208333336,13.636451975769573,13.638789964301173,4.81035823256376,4.8080202440321615
knee_ruleA,2,2018-08-12,48,18.256352125,14.146728997241672,13.76204292598552,4.10962312775833,4.494309199014478
knee_ruleA,2,2018-08-13,47,16.6342225106383,15.350021061022703,14.927646249522446,1.2842014496155953,1.706576261115852
knee_ruleA,2,2018-08-14,48,21.323660083333333,15.789037035494927,15.358405669445736,5.534623047838409,5.965254413887599
knee_ruleA,4,2018-08-15,47,18.736724574468088,15.813946199888365,15.224892049301811,2.9227783745797202,3.511832525166274
knee_ruleA,5,2018-08-16,48,12.288344958333333,11.83379980528796,11.47475931369854,0.4545451530453732,0.8135856446347947
knee_ruleA,5,2018-08-17,47,7.603025876595745,7.3420512730940395,7.2280474421642955,0.260974603501706,0.37497843443144946
knee_ruleA,5,2018-08-18,47,10.895761085106383,8.30813730387142,8.108774021255865,2.5876237812349623,2.786987063850518
knee_ruleA,2,2018-08-19,48,12.307638395833335,10.073743194618212,9.777009066584801,2.233895201215121,2.530629329248533
knee_ruleA,4,2018-08-20,48,14.89058490625,11.700734709986456,11.240878552798359,3.1898501962635453,3.649706353451641
knee_ruleA,5,2018-08-21,48,12.472552208333333,11.445189664256562,10.986979888395133,1.0273625440767702,1.485572319938199
knee_ruleA,4,2018-08-22,47,14.164011851063831,11.858720971992758,11.425754160968902,2.3052908790710727,2.7382576900949283
knee_ruleA,3,2018-08-23,48,11.836998729166666,11.344743732976037,10.508647953140656,0.4922549961906301,1.3283507760260111
knee_ruleA,2,2018-08-24,47,10.78890559574468,10.13191091621307,9.79218633757655,0.6569946795316108,0.9967192581681302
knee_ruleA,4,2018-08-25,48,10.407733666666667,10.374415413655017,9.959386794859507,0.03331825301165029,0.4483468718071612
knee_ruleA,1,2018-08-26,47,13.190398010638297,9.541931673028545,9.541089610226525,3.6484663376097517,3.6493084004117726
knee_ruleA,2,2018-08-27,48,12.964973624999999,10.76334133177909,10.458854937480563,2.2016322932209085,2.5061186875194372
knee_ruleA,3,2018-08-28,47,10.807590574468085,10.876109758743848,10.144613490918223,-0.068519184275763,0.6629770835498622
knee_ruleA,3,2018-08-29,48,8.59915721875,8.438895444388315,7.75100106659369,0.16026177436168493,0.8481561521563098
knee_ruleA,1,2018-08-30,48,10.177618854166667,11.494971028197034,11.496911280828028,-1.317352174030366,-1.3192924266613615
knee_ruleA,2,2018-08-31,48,9.545335041666666,10.197666651893018,9.90947051751233,-0.65233161022635,-0.36413547584566336
knee_ruleA,4,2018-09-01,47,9.09371415908347,8.655594124440137,8.366802325429871,0.43812003464333354,0.7269118336535983
knee_ruleA,2,2018-09-02,48,9.852551479166667,7.809706037368438,7.578827733939392,2.042845441798228,2.2737237452272745
knee_ruleA,3,2018-09-03,47,7.827999404255319,8.476276319785871,7.79846100541003,-0.6482769155305519,0.029538398845288954
knee_ruleA,1,2018-09-04,48,9.144821310416667,8.35816143994895,8.356321129392239,0.7866598704677171,0.7885001810244282
knee_ruleA,5,2018-09-05,47,8.819130719148937,6.4590603906836925,6.328992137266615,2.3600703284652442,2.490138581882322
knee_ruleA,2,2018-09-06,48,10.088790305208333,7.7105986461596325,7.474398174044437,2.378191659048701,2.6143921311638962
knee_ruleA,5,2018-09-07,47,11.15683885319149,7.056255107627434,6.8987319512434855,4.100583745564056,4.258106901948003
knee_ruleA,1,2018-09-08,48,10.223947145833334,4.978423897018378,4.972287321799654,5.245523248814955,5.25165982403368
knee_ruleA,4,2018-09-09,47,9.998991368085106,4.9969218920076175,4.847505787625737,5.002069476077489,5.1514855804593696
knee_ruleA,1,2018-09-10,48,6.189287668402778,5.614227890761492,5.609588321493436,0.5750597776412854,0.5796993469093422
knee_ruleA,3,2018-09-11,47,6.172482053191489,5.081413706640485,4.7517157116915625,1.091068346551004,1.4207663414999265
knee_ruleA,4,2018-09-12,48,7.297151910416667,5.963514492770944,5.775726493908024,1.3336374176457226,1.5214254165086418
knee_ruleA,5,2018-09-13,48,5.060761216666667,7.22235467017683,7.019833265182769,-2.161593453510163,-1.9590720485161028
knee_ruleA,3,2018-09-14,48,3.5804256437500004,7.699576399753945,7.182287617417331,-4.119150756003946,-3.601861973667331
knee_ruleA,2,2018-09-15,47,4.26678855106383,8.643344565180884,8.366765438230697,-4.376556014117055,-4.099976887166867
knee_ruleA,5,2018-09-16,48,2.6671404270833334,8.497303349598438,8.13932153581855,-5.830162922515104,-5.472181108735216
knee_ruleA,4,2018-09-17,47,3.6352332010638295,6.662909712933559,6.435393018977067,-3.0276765118697293,-2.8001598179132374
knee_ruleA,3,2018-09-18,48,2.6043113779166664,6.063731498095329,5.668213397412713,-3.4594201201786627,-3.063902019496046
knee_ruleA,4,2018-09-19,47,2.1127147182978723,5.6671051507263455,5.470719804081253,-3.554390432428473,-3.3580050857833807
knee_ruleA,1,2018-09-20,48,0.7976019938125001,5.501749031489322,5.500927864432504,-4.7041470376768215,-4.703325870620004
knee_ruleA,2,2018-09-21,47,0.9730971185106383,6.747364473305547,6.515035148375298,-5.774267354794908,-5.541938029864659
knee_ruleA,5,2018-09-22,48,1.286113165625,5.789127974806635,5.687655074830929,-4.503014809181635,-4.40154190920593
knee_ruleA,2,2018-09-23,47,1.8158773138297875,4.259294524201843,4.119556665755617,-2.4434172103720555,-2.3036793519258296
knee_ruleA,1,2018-09-24,47,1.9118068539574469,2.9502236786093743,2.9424626401532836,-1.0384168246519274,-1.0306557861958368
knee_ruleA,5,2018-09-25,48,2.560413458333333,2.9588103474617546,3.0192657681700346,-0.39839688912842114,-0.4588523098367012
knee_ruleA,3,2018-09-26,47,1.8311034844680851,3.6344972256012626,3.384330479801344,-1.8033937411331775,-1.5532269953332585
knee_ruleA,4,2018-09-27,48,2.3870967227083333,3.582716937079137,3.4965429976005336,-1.1956202143708037,-1.1094462748922
knee_ruleA,3,2018-09-28,47,2.253980155106383,3.829494034600701,3.5581265440376426,-1.5755138794943178,-1.3041463889312594
knee_ruleA,3,2018-09-29,47,2.4128335340425533,4.988309539686474,4.66344177249201,-2.575476005643921,-2.250608238449457
knee_ruleA,5,2018-09-30,48,2.0839533041666667,3.718256318990406,3.72275975219026,-1.6343030148237394,-1.6388064480235929
knee_ruleA,2,2018-10-01,47,1.7358946787234042,2.361888444115396,2.277655767907237,-0.6259937653919919,-0.541761089183833
knee_ruleA,2,2018-10-02,48,2.484322424791667,3.10648583702813,3.005569215651103,-0.6221634122364635,-0.5212467908594365
knee_ruleA,1,2018-10-03,47,2.3090128191489363,3.244037619667772,3.237098085039533,-0.9350248005188354,-0.9280852658905965
knee_ruleA,2,2018-10-04,48,1.5161130589583334,3.764192928536979,3.6434729524687346,-2.2480798695786457,-2.1273598935104014
knee_ruleA,1,2018-10-05,47,1.7559174380851064,4.297171382342652,4.294911075973463,-2.541253944257546,-2.5389936378883564
knee_ruleA,4,2018-10-06,48,1.5993542043750002,5.52129361819291,5.285036355815747,-3.921939413817911,-3.6856821514407474
knee_ruleA,3,2018-10-07,47,1.7399318372340424,3.307634649118392,3.0899878567359185,-1.5677028118843495,-1.3500560195018756
knee_ruleA,2,2018-10-08,45,1.8998893104444445,1.8571717834993526,1.7867806486248636,0.04271752694509196,0.11310866181958089
knee_ruleA,1,2018-10-09,48,3.1460956254166668,2.3052024001186866,2.2990623096859713,0.8408932252979802,0.8470333157306955
knee_ruleA,3,2018-10-10,48,2.222072078125,1.7503561166901267,1.6111575446092468,0.47171596143487343,0.6109145335157534
knee_ruleA,2,2018-10-11,45,1.9299376753333333,0.8075560809678598,0.7662776464423382,1.1223815943654736,1.1636600288909953
knee_ruleA,2,2018-10-12,45,1.3528942080000002,1.3313532238290944,1.2771933972930767,0.021540984170905712,0.07570081070692333
knee_ruleA,5,2018-10-13,45,1.1938789062222221,1.3336877953975415,1.4739183130305078,-0.13980888917531922,-0.2800394068082857
knee_ruleA,5,2018-10-14,46,1.2519231717391306,1.84775861780277,1.9558200168366298,-0.5958354460636395,-0.7038968450974995
knee_ruleA,5,2018-10-15,47,1.0998721210638298,2.664418578800928,2.711915965493965,-1.5645464577370984,-1.612043844430135
knee_ruleA,4,2018-10-16,47,1.7939888188297874,1.7095867597712622,1.6939352922715603,0.08440205905852503,0.10005352655822712
knee_ruleA,5,2018-10-17,45,1.990694493111111,2.0181503554690163,2.1116487180905454,-0.02745586235790554,-0.12095422497943457
knee_ruleA,2,2018-10-18,48,1.1190636116666668,2.017470712011141,1.9414296251276066,-0.8984071003444744,-0.82236601346094
knee_ruleA,1,2018-10-19,47,1.8795137353617022,1.518237027761096,1.5095507525743956,0.36127670760060626,0.3699629827873064
knee_ruleA,3,2018-10-20,47,0.6736621091489362,1.3792050736696833,1.2807139332387338,-0.705542964520747,-0.6070518240897979
knee_ruleA,1,2018-10-21,47,1.3392859944680853,1.1900797348913934,1.1812062025317,0.14920625957669176,0.1580797919363851
knee_ruleA,2,2018-10-22,48,1.0295788454166666,1.470430474295034,1.4102573198571227,-0.44085162887836743,-0.3806784744404561
knee_ruleA,4,2018-10-23,45,0.7377184775555556,2.442634149564246,2.380957210845851,-1.7049156720086902,-1.6432387332902954
knee_ruleA,4,2018-10-24,47,0.9474155851063829,1.892775118663597,1.8727064158266442,-0.945359533557214,-0.9252908307202612
knee_ruleA,3,2018-10-25,47,0.6272926090425532,1.8405854261644143,1.706584344430928,-1.213292817121861,-1.0792917353883749
knee_ruleA,1,2018-10-26,47,0.8659952378723405,2.5428650252004874,2.537757351397895,-1.6768697873281466,-1.6717621135255543
knee_ruleA,2,2018-10-27,48,1.0058246449583335,0.2872351066241368,0.2607164714623587,0.7185895383341966,0.7451081734959747
knee_ruleA,3,2018-10-28,47,1.6154326700000001,1.1662955668323105,1.071419158100427,0.4491371031676896,0.544013511899573
knee_ruleA,5,2018-10-29,47,-0.9525447292705167,0.3427254988932758,0.5100965620020258,-1.2952702281637924,-1.4626412912725426
knee_ruleA,4,2018-10-30,45,-0.5650887453777778,-0.05428817394341217,0.016591001213421015,-0.5108005714343655,-0.5816797465911988
knee_ruleA,2,2018-10-31,39,-1.504603737974359,0.3654918106675931,0.33821353493350403,-1.8700955486419524,-1.8428172729078631
knee_ruleA,2,2018-11-01,45,-0.6297393386666666,0.6147971560653451,0.5806304687172229,-1.2445364947320119,-1.2103698073838896
knee_ruleA,5,2018-11-02,47,-1.7726840145744682,0.6687719755350331,0.8333299110142411,-2.441455990109501,-2.606013925588709
knee_ruleA,4,2018-11-03,47,-1.7075539732978724,0.7583756902874045,0.7910522086885078,-2.4659296635852765,-2.4986061819863803
knee_ruleA,3,2018-11-04,47,-1.2089761303191489,1.0126912185945864,0.9375141547172933,-2.2216673489137353,-2.1464902850364425
knee_ruleA,4,2018-11-05,48,-0.5191773273958333,1.5416923583265405,1.5356785016588743,-2.060869685722374,-2.054855829054708
knee_ruleA,4,2018-11-06,48,-0.2896734136458333,2.089901302514622,2.051382748371014,-2.3795747161604552,-2.3410561620168475
knee_ruleA,1,2018-11-07,47,-0.14444053276595747,2.525318176709941,2.5207386218714323,-2.6697587094758983,-2.66517915463739
knee_ruleA,4,2018-11-08,47,0.047627679297872344,2.9776028805966686,2.8644048097596926,-2.929975201298796,-2.8167771304618205
knee_ruleA,5,2018-11-09,48,1.2346669320416668,2.0187343100264368,2.065567183190865,-0.7840673779847701,-0.8309002511491981
knee_ruleA,1,2018-11-10,47,1.0717726151425533,1.7721044803506147,1.7646505765035891,-0.7003318652080617,-0.6928779613610359
knee_ruleA,3,2018-11-11,46,0.4205596582826087,0.8256659281295099,0.7536983492390045,-0.40510626984690107,-0.3331386909563957
knee_ruleA,2,2018-11-12,45,1.5280675613333337,0.6642194923152156,0.6282206644211444,0.8638480690181178,0.8998468969121889
knee_ruleA,5,2018-11-13,46,1.5085422910869568,1.0606123041762,1.1973052404715536,0.4479299869107568,0.3112370506154031
knee_ruleA,5,2018-11-14,46,1.3535899445652173,1.0754117360482125,1.2093366814624447,0.2781782085170049,0.1442532631027727
knee_ruleA,2,2018-11-15,48,1.7105289535833335,0.8359895551212353,0.7961826851650246,0.874539398462098,0.9143462684183089
knee_ruleA,3,2018-11-16,47,1.887951365957447,1.1498082963778502,1.054936709606027,0.7381430695795966,0.8330146563514199
knee_ruleA,1,2018-11-17,47,0.6300136551063831,0.37160362853300205,0.3630546648205657,0.2584100265733809,0.26695899028581727
knee_ruleA,2,2018-11-18,47,0.05442239446808509,0.10665132731933223,0.08783749461765636,-0.05222893285124711,-0.03341510014957127
knee_ruleA,1,2018-11-19,47,0.43321379751063827,0.06733440035988257,0.05828274663978724,0.36587939715075574,0.37493105087085105
knee_ruleA,5,2018-11-20,46,0.07044969304347835,-0.4384771117110675,-0.2216804423886121,0.5089268047545459,0.2921301354320905
knee_ruleA,2,2018-11-21,47,1.6454474734042555,0.34205658908717407,0.31615905399464933,1.3033908843170814,1.329288419409606
knee_ruleA,4,2018-11-22,47,-0.08496887268085108,-0.9856450110631119,-0.8731315968662832,0.9006761383822608,0.788162724185432
knee_ruleA,5,2018-11-23,46,-0.003322880282608693,-1.23243118765468,-0.9671598838085715,1.2291083073720714,0.9638370035259627
knee_ruleA,5,2018-11-24,47,0.35828784308510636,0.01689018027963417,0.1826424523690232,0.34139766280547224,0.1756453907160832
knee_ruleA,4,2018-11-25,45,0.31693359833333334,0.4499687079308731,0.4839386656924751,-0.1330351095975398,-0.16700506735914183
knee_ruleA,2,2018-11-26,46,-0.4870644775869566,0.7808330431186193,0.7433238172482323,-1.267897520705576,-1.2303882948351887
knee_ruleA,4,2018-11-27,45,-0.41840147173333336,0.5343205105066868,0.5644038614070365,-0.9527219822400201,-0.9828053331403698
knee_ruleA,3,2018-11-28,45,-0.4148796688888889,-0.7413053106602148,-0.7025555980844258,0.3264256417713258,0.287675929195537
knee_ruleA,3,2018-11-29,46,-0.1156107743369565,-0.3713851978387272,-0.3520325700793185,0.2557744235017707,0.23642179574236197
knee_ruleA,5,2018-11-30,45,-0.05000109541111112,-0.7456359393700455,-0.509505590411298,0.6956348439589342,0.4595044950001868
knee_ruleA,1,2018-12-01,45,0.34395666887777776,-0.28907096467091686,-0.2988947904609448,0.6330276335486946,0.6428514593387226
knee_ruleA,1,2018-12-02,45,-0.19673174663333337,0.23178172225817914,0.223465083357609,-0.42851346889151254,-0.4201968299909424
knee_ruleA,5,2018-12-03,45,-0.40780812357777774,1.482549448127076,1.540955687597387,-1.8903575717048537,-1.9487638111751648
knee_ruleA,3,2018-12-04,46,0.8510439423478261,1.4346807098887107,1.3178352421310768,-0.5836367675408846,-0.46679129978325073
knee_ruleA,1,2018-12-05,45,0.9592886573333332,-0.7301591785514591,-0.7399097899910531,1.6894478358847922,1.6991984473243864
knee_ruleA,2,2018-12-06,46,0.451844610826087,-0.35980222172651155,-0.3637703120758232,0.8116468325525986,0.8156149229019103
knee_ruleA,2,2018-12-07,43,1.3274499572093024,-1.4675810694731182,-1.4376560264296616,2.7950310266824205,2.7651059836389638
knee_ruleA,3,2018-12-08,48,0.8662080270833333,-1.7651100643817792,-1.654325439792654,2.6313180914651126,2.520533466875987
knee_ruleA,5,2018-12-09,48,1.2684520370833334,-1.8253473115463372,-1.5247931309482905,3.09379934862967,2.7932451680316235
knee_ruleA,5,2018-12-10,48,1.4472701070833336,-1.687381341792051,-1.396265967003524,3.1346514488753843,2.8435360740868574
knee_ruleA,3,2018-12-11,46,1.529205162826087,-0.8394991507880336,-0.7841280569475811,2.3687043136141206,2.3133332197736682
knee_ruleA,4,2018-12-12,48,1.4684236483333333,-1.2194231037613388,-1.0966084962201945,2.6878467520946727,2.565032144553528
knee_ruleA,1,2018-12-13,46,1.2725775013695653,-0.834787344280841,-0.8450581111501289,2.107364845650406,2.117635612519694
knee_ruleA,3,2018-12-14,48,1.3735388833333333,-1.3057057104744914,-1.2247077809213023,2.679244593807825,2.598246664254636
knee_ruleA,5,2018-12-15,46,1.1672991601086957,-1.3608113148015053,-1.0892040597623152,2.5281104749102012,2.256503219871011
knee_ruleA,4,2018-12-16,46,1.6478125302173914,-0.2773221468826502,-0.2055875702585577,1.9251346771000415,1.8534001004759488
knee_ruleA,4,2018-12-17,48,1.3615691866250001,-0.5638200941055639,-0.4733826567693919,1.925389280730564,1.8349518433943919
knee_ruleA,4,2018-12-18,46,1.181335625869565,-0.6387557984162252,-0.5435112739995756,1.8200914242857904,1.7248468998691406
knee_ruleA,1,2018-12-19,46,1.23613595,-0.5852911825428596,-0.5953260785175312,1.8214271325428597,1.8314620285175311
knee_ruleA,5,2018-12-20,46,1.0854955119347827,-0.9005319852316039,-0.657059680490182,1.9860274971663865,1.7425551924249647
knee_ruleA,2,2018-12-21,46,1.4875490241304348,-0.45702895858563186,-0.45818692857381643,1.9445779827160663,1.945735952704251
knee_ruleA,1,2018-12-22,46,1.323656990826087,-0.14671039929985075,-0.15624969019936802,1.4703673901259378,1.479906681025455
knee_ruleA,5,2018-12-23,46,0.9972252115217392,-0.7179945634457006,-0.4866449751016085,1.7152197749674396,1.4838701866233477
knee_ruleA,4,2018-12-24,46,0.08329714995652177,-1.4047392209032707,-1.2719867702896965,1.4880363708597923,1.3552839202462184
knee_ruleA,1,2018-12-25,46,0.22018622297826085,-0.6144572035716936,-0.6241192509806179,0.8346434265499545,0.8443054739588788
knee_ruleA,3,2018-12-26,46,0.9418170304347827,-1.149892734507884,-1.0826587274781048,2.091709764942667,2.0244757579128874
knee_ruleA,5,2018-12-27,46,0.5575000341304348,-2.111952082244988,-1.7944564435127355,2.6694521163754232,2.3519564776431703
knee_ruleA,3,2018-12-28,48,0.4050928272916667,-1.7873603408425092,-1.6735929055487964,2.192453168134176,2.078685732840463
knee_ruleA,3,2018-12-29,46,0.3924107634565218,-1.7961133438488859,-1.6829302881319421,2.188524107305408,2.075341051588464
knee_ruleA,2,2018-12-30,48,0.44148704218750007,-1.5728445891121685,-1.5420511265859604,2.0143316312996684,1.9835381687734606
knee_ruleA,5,2018-12-31,48,0.5690473772916667,-1.7366146323440879,-1.4427929224814597,2.3056620096357547,2.0118402997731266
complex_ruleA,3,2018-04-09,12,1.0472953900000002,0.26961966367196327,0.15834194590875528,0.7776757263280367,0.8889534440912447
complex_ruleA,5,2018-04-10,47,0.47282547361702126,0.12138036048116535,0.06667445016955513,0.35144511313585597,0.4061510234474662
complex_ruleA,2,2018-04-11,47,0.8453302529574469,0.6428571568452616,0.5258743701677189,0.20247309611218528,0.31945588278972803
complex_ruleA,4,2018-04-12,48,0.6412611391249999,-0.21578728707562125,-0.21844272639501697,0.8570484262006213,0.859703865520017
complex_ruleA,3,2018-04-13,47,0.635110774893617,-0.09606960420293503,-0.24848594730751608,0.7311803790965521,0.8835967222011331
complex_ruleA,3,2018-04-14,47,1.367088555319149,1.7240645701406836,1.646369707138306,-0.35697601482153474,-0.2792811518191572
complex_ruleA,1,2018-04-15,47,0.7544915838297872,1.044639584611967,0.9946544155052729,-0.2901480007821795,-0.24016283167548555
complex_ruleA,4,2018-04-16,47,0.34850664957446814,0.9632762569208227,0.9604195218024655,-0.6147696073463547,-0.6119128722279975
complex_ruleA,4,2018-04-17,48,0.5230105908333333,1.259980808071455,1.2498651208580203,-0.7369702172381216,-0.7268545300246868
complex_ruleA,1,2018-04-18,47,0.5238276698936171,1.0800064282135555,1.0459003917394054,-0.5561787583199385,-0.5220727218457882
complex_ruleA,2,2018-04-19,47,0.7855748930212766,1.5737290556037093,1.4900248514286292,-0.788154162582433,-0.7044499584073528
complex_ruleA,3,2018-04-20,48,0.880826201875,3.2561483934197533,2.947853898047997,-2.375322191544753,-2.067027696172997
complex_ruleA,3,2018-04-21,47,1.117097345031915,1.8255982983922818,1.5849968534130778,-0.7085009533603669,-0.4678995083811629
complex_ruleA,4,2018-04-22,47,0.3576453597234043,1.515678369569902,1.439642904388341,-1.158033009846498,-1.0819975446649366
complex_ruleA,5,2018-04-23,48,1.2810660985416666,1.963287992082529,2.015327485921628,-0.6822218935408623,-0.734261387379961
complex_ruleA,1,2018-04-24,47,0.4215244036170213,0.8231816462019901,0.7262819391599957,-0.4016572425849688,-0.3047575355429744
complex_ruleA,1,2018-04-25,47,0.19842944063829793,0.6915020020195967,0.6084078881762635,-0.4930725613812986,-0.40997844753796553
complex_ruleA,5,2018-04-26,47,0.43892267234042553,1.77048984068919,1.7888855935754444,-1.3315671683487644,-1.3499629212350188
complex_ruleA,2,2018-04-27,48,0.7287440279166667,2.5635190447930656,2.428271211496277,-1.8347750168763988,-1.6995271835796106
complex_ruleA,1,2018-04-28,47,0.5875206128723405,2.206419636973331,2.1856680466707483,-1.6188990241009906,-1.5981474337984076
complex_ruleA,5,2018-04-29,48,0.82862176625,2.218561630035697,2.265029293283756,-1.3899398637856972,-1.4364075270337562
complex_ruleA,5,2018-04-30,47,0.7815592062765957,3.795862055131732,3.7586009043510726,-3.0143028488551358,-2.9770416980744767
complex_ruleA,3,2018-05-01,47,0.9538805631914894,5.080650656485016,4.723973503523384,-4.126770093293526,-3.770092940331894
complex_ruleA,4,2018-05-02,48,1.4535433592708333,3.6284144248027954,3.54027917111865,-2.174871065531962,-2.086735811847816
complex_ruleA,1,2018-05-03,47,0.9401358093617022,1.8016537479219197,1.7545612776069073,-0.8615179385602174,-0.8144254682452051
complex_ruleA,2,2018-05-04,47,1.444926960212766,0.8513929386730088,0.7003123906857206,0.5935340215397572,0.7446145695270454
complex_ruleA,3,2018-05-05,48,0.8744317195833333,1.6120500192351592,1.3253622222707038,-0.7376182996518259,-0.4509305026873704
complex_ruleA,3,2018-05-06,47,1.0161706595744682,4.227386772424388,3.9682379760061077,-3.2112161128499195,-2.95206731643164
complex_ruleA,3,2018-05-07,47,0.7836438336170213,3.888677889925114,3.6195335951816023,-3.105034056308093,-2.8358897615645815
complex_ruleA,2,2018-05-08,48,0.22908054,3.539303635921902,3.477894788021777,-3.310223095921902,-3.248814248021777
complex_ruleA,1,2018-05-09,47,0.9967729835460993,2.7660534275171127,2.7462621247735517,-1.7692804439710137,-1.7494891412274525
complex_ruleA,3,2018-05-10,47,1.1798941640425533,3.371629116210777,3.271053971125557,-2.1917349521682237,-2.0911598070830038
complex_ruleA,3,2018-05-11,48,1.3072650239583334,3.508343783858289,3.3969344075907397,-2.2010787598999553,-2.089669383632406
complex_ruleA,1,2018-05-12,48,0.4007906071041667,3.4443416091570973,3.4825769169164427,-3.0435510020529306,-3.081786309812276
complex_ruleA,4,2018-05-13,47,1.3914029670212766,4.682124601887868,4.529370278542945,-3.2907216348665926,-3.1379673115216686
complex_ruleA,3,2018-05-14,47,2.1690446502127663,5.6813531400205886,5.495113042534832,-3.512308489807822,-3.3260683923220657
complex_ruleA,3,2018-05-15,48,4.272525122916667,6.580499881037248,6.223817526859251,-2.3079747581205816,-1.9512924039425847
complex_ruleA,5,2018-05-16,48,1.7545096245833334,6.895168068298034,6.663908716524862,-5.1406584437147,-4.909399091941529
complex_ruleA,2,2018-05-17,47,2.381270406382979,6.559581499518174,6.424799316734459,-4.178311093135195,-4.043528910351481
complex_ruleA,4,2018-05-18,47,1.6977107829787237,4.471285763017757,4.388547393962975,-2.773574980039034,-2.6908366109842516
complex_ruleA,4,2018-05-19,48,2.7034745979166668,3.2788445207290287,3.2426829437947777,-0.5753699228123618,-0.539208345878111
complex_ruleA,3,2018-05-20,47,1.809073010638298,1.6651915899331158,1.5045215471272115,0.14388142070518226,0.3045514635110865
complex_ruleA,3,2018-05-21,48,3.68666576875,2.357929921174425,2.125928785047359,1.328735847575575,1.5607369837026408
complex_ruleA,4,2018-05-22,47,4.27072946106383,4.735998787327977,4.578955394430923,-0.4652693262641475,-0.30822593336709336
complex_ruleA,4,2018-05-23,48,7.288922447916668,4.541705252356452,4.478037712414898,2.7472171955602156,2.810884735501769
complex_ruleA,1,2018-05-24,47,4.67684035319149,3.8209294274526946,3.8232669504662145,0.8559109257387949,0.8535734027252749
complex_ruleA,1,2018-05-25,48,6.611843,4.864919512238014,4.87180089209872,1.746923487761986,1.7400421079012804
complex_ruleA,4,2018-05-26,47,8.121600329787235,7.229570524166516,7.098732499796968,0.8920298056207175,1.022867829990266
complex_ruleA,5,2018-05-27,48,4.926359043958334,5.943288141797008,5.88274719856378,-1.0169290978386738,-0.9563881546054455
complex_ruleA,4,2018-05-28,48,9.300022289583334,7.429987929245251,7.306463866336565,1.8700343603380818,1.9935584232467685
complex_ruleA,5,2018-05-29,48,5.725532533333333,6.520287844102483,6.415449427069594,-0.7947553107691485,-0.6899168937362604
complex_ruleA,3,2018-05-30,47,9.208730940425532,6.630091421703064,6.426695984260281,2.578639518722468,2.782034956165251
complex_ruleA,5,2018-05-31,48,12.184924920833334,7.110399529563394,7.11383063333598,5.0745253912699395,5.0710942874973535
complex_ruleA,4,2018-06-01,47,12.722099900000002,8.863231339777105,8.714078131139633,3.858868560222894,4.008021768860368
complex_ruleA,5,2018-06-02,48,11.389905470833334,8.166317019676825,8.170367040541423,3.2235884511565085,3.219538430291911
complex_ruleA,2,2018-06-03,47,12.693890738297874,7.515390259282952,7.346388957356881,5.17850047901492,5.347501780940991
complex_ruleA,3,2018-06-04,48,10.149586270833334,6.919099440569279,6.676002929276517,3.2304868302640544,3.4735833415568176
complex_ruleA,5,2018-06-05,48,14.328400583333334,8.044785481383201,8.007683822696315,6.283615101950133,6.320716760637019
complex_ruleA,5,2018-06-06,48,12.788825141666665,8.66423546429349,8.61655564218071,4.124589677373176,4.172269499485956
complex_ruleA,5,2018-06-07,48,14.871658104166668,8.410928250507128,8.304434578911117,6.46072985365954,6.56722352525555
complex_ruleA,1,2018-06-08,47,12.560412223404255,7.903776120285175,7.917432314813361,4.656636103119081,4.6429799085908945
complex_ruleA,3,2018-06-09,48,11.38877190625,8.065192894330023,7.77262420077416,3.323579011919977,3.6161477054758393
complex_ruleA,4,2018-06-10,47,8.383711787234041,5.432350428985326,5.235912360435419,2.951361358248717,3.147799426798623
complex_ruleA,5,2018-06-11,48,7.900584520833334,4.8888798807856935,4.7930959382741705,3.01170464004764,3.107488582559163
complex_ruleA,4,2018-06-12,47,11.297598617021276,6.734087291820812,6.585039963976492,4.563511325200466,4.712558653044785
complex_ruleA,3,2018-06-13,48,11.08758792361111,6.787002727657818,6.491220747287969,4.3005851959532935,4.596367176323143
complex_ruleA,1,2018-06-14,47,9.939966723404256,6.1074793642909695,6.1306362822186005,3.8324873591132858,3.8093304411856552
complex_ruleA,2,2018-06-15,48,11.489825041666668,6.199536427272562,6.060209029645983,5.290288614394105,5.429616012020683
complex_ruleA,2,2018-06-16,47,11.53774871787234,7.034109893573543,6.879924054698094,4.503638824298798,4.657824663174247
complex_ruleA,2,2018-06-17,48,10.0085567843125,7.562236214983219,7.399842388739629,2.44632056932928,2.60871439557287
complex_ruleA,4,2018-06-18,47,11.42710565319149,9.031746414290387,8.846387657590984,2.3953592389011025,2.5807179956005046
complex_ruleA,5,2018-06-19,48,10.082189064583334,7.4089681411296775,7.3020146033635625,2.673220923453656,2.780174461219771
complex_ruleA,5,2018-06-20,47,11.069428263829789,8.560856204619338,8.491419799062607,2.5085720592104503,2.5780084647671795
complex_ruleA,1,2018-06-21,48,9.99445140625,8.518736056667844,8.608378338038687,1.4757153495821556,1.386073068211313
complex_ruleA,2,2018-06-22,48,9.810313877083333,8.850251433067966,8.647759797999747,0.9600624440153672,1.1625540790835869
complex_ruleA,1,2018-06-23,47,5.655785796382979,8.450928352717234,8.481572524280658,-2.7951425563342562,-2.825786727897679
complex_ruleA,2,2018-06-24,48,7.384723681250001,10.245162530324036,10.031346916663262,-2.8604388490740367,-2.646623235413263
complex_ruleA,2,2018-06-25,48,6.0496021791666665,10.57091200097151,10.334820301922234,-4.521309821804844,-4.285218122755567
complex_ruleA,2,2018-06-26,48,3.4537272625000006,8.200018216125702,8.051462054740607,-4.746290953625702,-4.597734792240607
complex_ruleA,2,2018-06-27,47,3.464171729787234,7.786287958460854,7.633481825735867,-4.322116228673621,-4.1693100959486324
complex_ruleA,4,2018-06-28,48,4.077571247916667,9.131702756241074,8.849686869162454,-5.054131508324408,-4.772115621245788
complex_ruleA,4,2018-06-29,47,5.376051408510638,10.552990419141398,10.292229998625585,-5.17693901063076,-4.916178590114947
complex_ruleA,1,2018-06-30,48,4.825811625,10.436559276266495,10.46878774125595,-5.610747651266496,-5.642976116255951
complex_ruleA,4,2018-07-01,47,4.32301290425532,8.61327276913549,8.330228212387512,-4.290259864880171,-4.007215308132194
complex_ruleA,1,2018-07-02,48,4.167258685416667,7.633467314061182,7.794586468762766,-3.4662086286445155,-3.627327783346099
complex_ruleA,3,2018-07-03,47,4.800510072695036,12.715529698817088,12.276012699372673,-7.915019626122053,-7.475502626677637
complex_ruleA,2,2018-07-04,48,5.843496376736112,13.934192729708991,13.626142935184943,-8.09069635297288,-7.782646558448831
complex_ruleA,5,2018-07-05,47,5.100919393617021,9.1827860845082,8.967707060271957,-4.081866690891179,-3.8667876666549352
complex_ruleA,5,2018-07-06,46,4.013637086956522,7.136403317665785,7.048065604040582,-3.122766230709263,-3.0344285170840597
complex_ruleA,4,2018-07-07,47,4.202036874468085,7.148340876746465,7.040602919812426,-2.94630400227838,-2.838566045344341
complex_ruleA,2,2018-07-08,48,4.90197201875,7.290245703226398,7.17141889722339,-2.388273684476398,-2.26944687847339
complex_ruleA,4,2018-07-09,47,4.67983829787234,6.288985635134619,6.082597920561073,-1.6091473372622782,-1.4027596226887333
complex_ruleA,1,2018-07-10,48,5.213994385416667,6.923413682094531,7.027827376526269,-1.7094192966778643,-1.8138329911096027
complex_ruleA,3,2018-07-11,47,6.512792970212766,8.968658388857948,8.53145840241187,-2.4558654186451823,-2.018665432199104
complex_ruleA,4,2018-07-12,48,6.145249545833334,10.495688929293651,10.106214101495834,-4.350439383460319,-3.9609645556625
complex_ruleA,3,2018-07-13,47,5.808861563829788,10.551756989616365,10.087561046549537,-4.742895425786577,-4.278699482719749
complex_ruleA,2,2018-07-14,48,7.893707402083334,11.847681216322712,11.571854367580388,-3.95397381423938,-3.6781469654970533
complex_ruleA,1,2018-07-15,47,8.825024712765957,12.476105560900924,12.549289214278854,-3.6510808481349657,-3.724264501512896
complex_ruleA,3,2018-07-16,48,10.82803609375,13.497639940815544,13.08674901923502,-2.669603847065542,-2.258712925485018
complex_ruleA,5,2018-07-17,47,11.225749840425532,12.484694885720893,12.273112964952094,-1.2589450452953599,-1.0473631245265627
complex_ruleA,3,2018-07-18,48,11.137558127083333,13.30149646448889,12.899106848457414,-2.1639383374055554,-1.7615487213740806
complex_ruleA,1,2018-07-19,48,13.359665666666666,12.98579297112173,13.114125515793823,0.3738726955449361,0.2455401508728443
complex_ruleA,5,2018-07-20,47,13.979930436170212,13.815906937227984,13.612721675892933,0.16402349894222837,0.3672087602772799
complex_ruleA,4,2018-07-21,48,14.667598447916667,15.597893640450502,15.314184586214088,-0.9302951925338361,-0.6465861382974202
complex_ruleA,1,2018-07-22,47,17.501085212765958,15.868771049031848,15.995466091874269,1.6323141637341103,1.5056191208916891
complex_ruleA,4,2018-07-23,48,14.9066868125,15.626183889649788,15.18250932896079,-0.719497077149788,-0.27582251646079176
complex_ruleA,5,2018-07-24,47,17.42781235106383,17.62005316250017,17.352900707678202,-0.19224081143633914,0.07491164338562908
complex_ruleA,5,2018-07-25,48,15.2256235625,14.208720110088146,13.804986306358124,1.0169034524118525,1.4206372561418759
complex_ruleA,3,2018-07-26,47,15.800653936170212,13.953674465410586,13.405078857682277,1.8469794707596272,2.395575078487935
complex_ruleA,1,2018-07-27,48,18.182484104166665,16.631963803251008,16.768692944493747,1.5505203009156603,1.413791159672919
complex_ruleA,4,2018-07-28,48,19.978907489583335,18.042932225308245,17.658703664554,1.935975264275088,2.3202038250293353
complex_ruleA,1,2018-07-29,47,18.021582180851066,15.909544661964953,15.943221728920374,2.112037518886112,2.0783604519306906
complex_ruleA,2,2018-07-30,48,17.828049833333335,16.452587161657206,16.064946829059707,1.375462671676127,1.763103004273626
complex_ruleA,1,2018-07-31,47,21.00033240425532,16.76422145627657,16.87491198768124,4.236110947978752,4.125420416574081
complex_ruleA,2,2018-08-01,48,21.93689688541667,20.603212384250078,20.102779297552697,1.3336845011665879,1.8341175878639682
complex_ruleA,1,2018-08-02,48,24.189204364583333,19.725786388783188,19.792240053793495,4.463417975800147,4.39696431078984
complex_ruleA,2,2018-08-03,48,24.791258786458332,19.242569926789397,18.80993770767475,5.548688859668935,5.981321078783584
complex_ruleA,1,2018-08-04,47,21.455597680851064,16.16296352850093,16.28231533703886,5.292634152350133,5.173282343812204
complex_ruleA,1,2018-08-05,48,20.0095305625,15.477209287477814,15.597574845157824,4.532321275022185,4.411955717342177
complex_ruleA,1,2018-08-06,47,19.81192110638298,16.073451573808164,16.149808392254464,3.7384695325748147,3.6621127141285164
complex_ruleA,1,2018-08-07,48,18.414588364583334,15.181434439653627,15.171281436138711,3.2331539249297063,3.2433069284446243
complex_ruleA,5,2018-08-08,47,18.038444085106384,14.701662071134605,14.342695941329259,3.336782013971778,3.695748143777125
complex_ruleA,3,2018-08-09,48,16.7010125625,12.467096246481043,12.069059727996224,4.233916316018957,4.6319528345037755
complex_ruleA,4,2018-08-10,47,20.032617468085107,16.0543494843201,15.67757462512569,3.9782679837650106,4.355042842959419
complex_ruleA,1,2018-08-11,48,18.446810208333336,15.21902646057869,15.312934863206706,3.227783747754645,3.133875345126627
complex_ruleA,2,2018-08-12,48,18.256352125,15.527904273186367,15.172630017970112,2.7284478518136335,3.0837221070298875
complex_ruleA,2,2018-08-13,47,16.6342225106383,15.111647411334715,14.77578424940155,1.5225750993035838,1.8584382612367485
complex_ruleA,2,2018-08-14,48,21.323660083333333,15.869933402841747,15.522692511458443,5.4537266804915845,5.80096757187489
complex_ruleA,4,2018-08-15,47,18.736724574468088,16.890804131017592,16.518120947778858,1.8459204434504932,2.2186036266892284
complex_ruleA,5,2018-08-16,48,12.288344958333333,13.424661578495803,13.322536530795832,-1.13631662016247,-1.0341915724624984
complex_ruleA,5,2018-08-17,47,7.603025876595745,9.381356007025245,9.398838202577462,-1.7783301304295,-1.7958123259817176
complex_ruleA,5,2018-08-18,47,10.895761085106383,9.632287327440025,9.582662144915274,1.2634737576663577,1.313098940191109
complex_ruleA,2,2018-08-19,48,12.307638395833335,10.84088824112248,10.632568276964628,1.466750154710853,1.6750701188687047
complex_ruleA,4,2018-08-20,48,14.89058490625,11.52682888960097,11.148119777884405,3.3637560166490292,3.742465128365595
complex_ruleA,5,2018-08-21,48,12.472552208333333,10.18975531200438,9.939508289605387,2.282796896328953,2.5330439187279477
complex_ruleA,4,2018-08-22,47,14.164011851063831,12.56075942995878,12.243445845201624,1.6032524211050494,1.9205660058622056
complex_ruleA,3,2018-08-23,48,11.836998729166666,10.541496190819272,10.053723509729586,1.2955025383473942,1.7832752194370804
complex_ruleA,2,2018-08-24,47,10.78890559574468,9.77119871658262,9.597265650604854,1.0177068791620605,1.1916399451398272
complex_ruleA,4,2018-08-25,48,10.407733666666667,9.511139435684163,9.214076709744266,0.896594230982505,1.1936569569224018
complex_ruleA,1,2018-08-26,47,13.190398010638297,9.83430574212901,9.92751548986499,3.3560922685092884,3.262882520773308
complex_ruleA,2,2018-08-27,48,12.964973624999999,10.493090624758869,10.266205755558955,2.4718830002411303,2.698767869441044
complex_ruleA,3,2018-08-28,47,10.807590574468085,9.924243961782114,9.599297365493966,0.883346612685971,1.2082932089741198
complex_ruleA,3,2018-08-29,48,8.59915721875,8.03048267550675,7.7712631350691055,0.56867454324325,0.8278940836808951
complex_ruleA,1,2018-08-30,48,10.177618854166667,10.220609913419457,10.307179537177396,-0.04299105925279003,-0.1295606830107286
complex_ruleA,2,2018-08-31,48,9.545335041666666,10.42237592084764,10.198504831919466,-0.877040879180973,-0.6531697902528002
complex_ruleA,4,2018-09-01,47,9.09371415908347,9.346821582790215,9.131115292746056,-0.25310742370674455,-0.037401133662585705
complex_ruleA,2,2018-09-02,48,9.852551479166667,8.493995670748744,8.27556646495863,1.358555808417924,1.5769850142080377
complex_ruleA,3,2018-09-03,47,7.827999404255319,7.9991267892211315,7.733014783185535,-0.17112738496581234,0.09498462106978427
complex_ruleA,1,2018-09-04,48,9.144821310416667,8.030804227339319,8.058640313829851,1.1140170830773484,1.086180996586815
complex_ruleA,5,2018-09-05,47,8.819130719148937,6.41579350146248,6.313708983684412,2.4033372176864556,2.505421735464524
complex_ruleA,2,2018-09-06,48,10.088790305208333,6.916132268513027,6.750964985154575,3.172658036695307,3.3378253200537578
complex_ruleA,5,2018-09-07,47,11.15683885319149,7.064513925336069,6.976219357844683,4.092324927855421,4.180619495346806
complex_ruleA,1,2018-09-08,48,10.223947145833334,5.879712548803627,5.9087386669187625,4.344234597029708,4.31520847891457
complex_ruleA,4,2018-09-09,47,9.998991368085106,5.824777671847878,5.68038979016509,4.174213696237229,4.318601577920017
complex_ruleA,1,2018-09-10,48,6.189287668402778,5.794816003655531,5.754454765304036,0.3944716647472462,0.43483290309874173
complex_ruleA,3,2018-09-11,47,6.172482053191489,5.2369539839067585,4.980415779454157,0.9355280692847305,1.1920662737373324
complex_ruleA,4,2018-09-12,48,7.297151910416667,6.276128907542547,6.110182520166565,1.0210230028741192,1.186969390250101
complex_ruleA,5,2018-09-13,48,5.060761216666667,7.319922223313095,7.195931817197542,-2.2591610066464285,-2.1351706005308757
complex_ruleA,3,2018-09-14,48,3.5804256437500004,7.666577486194705,7.319026736744321,-4.086151842444706,-3.7386010929943203
complex_ruleA,2,2018-09-15,47,4.26678855106383,8.35799374261962,8.154588685383818,-4.09120519155579,-3.887800134319988
complex_ruleA,5,2018-09-16,48,2.6671404270833334,7.684144816503469,7.468479831580946,-5.017004389420136,-4.801339404497612
complex_ruleA,4,2018-09-17,47,3.6352332010638295,7.148266782826952,6.979976233453308,-3.5130335817631226,-3.344743032389478
complex_ruleA,3,2018-09-18,48,2.6043113779166664,6.457101154223335,6.242879476141593,-3.8527897763066683,-3.638568098224926
complex_ruleA,4,2018-09-19,47,2.1127147182978723,6.052891714489526,5.882730571150719,-3.9401769961916537,-3.770015852852847
complex_ruleA,1,2018-09-20,48,0.7976019938125001,5.561971591196232,5.548337933579192,-4.764369597383731,-4.750735939766693
complex_ruleA,2,2018-09-21,47,0.9730971185106383,6.148811373815747,6.019424538000996,-5.175714255305109,-5.046327419490356
complex_ruleA,5,2018-09-22,48,1.286113165625,5.504326559251118,5.433489162187075,-4.218213393626118,-4.147375996562074
complex_ruleA,2,2018-09-23,47,1.8158773138297875,4.6163484249204965,4.566977705054221,-2.8004711110907095,-2.7511003912244334
complex_ruleA,1,2018-09-24,47,1.9118068539574469,3.8712531669131383,3.892474217680871,-1.9594463129556914,-1.9806673637234247
complex_ruleA,5,2018-09-25,48,2.560413458333333,3.5134061567905897,3.552167990712404,-0.9529926984572564,-0.9917545323790709
complex_ruleA,3,2018-09-26,47,1.8311034844680851,3.6497501912447228,3.4401530885911695,-1.8186467067766379,-1.6090496041230846
complex_ruleA,4,2018-09-27,48,2.3870967227083333,3.698764238392212,3.5968357156682447,-1.3116675156838788,-1.2097389929599114
complex_ruleA,3,2018-09-28,47,2.253980155106383,3.8408172363226654,3.6922323609492027,-1.586837081216282,-1.4382522058428193
complex_ruleA,3,2018-09-29,47,2.4128335340425533,4.990642802370319,4.773032334230943,-2.577809268327766,-2.36019880018839
complex_ruleA,5,2018-09-30,48,2.0839533041666667,3.627790374219978,3.620655163198411,-1.5438370700533115,-1.5367018590317443
complex_ruleA,2,2018-10-01,47,1.7358946787234042,2.3086156870984156,2.237102629127397,-0.5727210083750114,-0.5012079504039926
complex_ruleA,2,2018-10-02,48,2.484322424791667,3.3828520640740893,3.3493900983382936,-0.8985296392824228,-0.8650676735466268
complex_ruleA,1,2018-10-03,47,2.3090128191489363,3.6498740812596226,3.647322219060853,-1.3408612621106863,-1.3383093999119164
complex_ruleA,2,2018-10-04,48,1.5161130589583334,3.503280190333679,3.3541608975080046,-1.9871671313753458,-1.8380478385496717
complex_ruleA,1,2018-10-05,47,1.7559174380851064,3.62957730533257,3.5716076684950684,-1.8736598672474636,-1.8156902304099618
complex_ruleA,4,2018-10-06,48,1.5993542043750002,4.91318629079091,4.683556996173556,-3.31383208641591,-3.084202791798557
complex_ruleA,3,2018-10-07,47,1.7399318372340424,3.186666056283428,3.054498909042527,-1.4467342190493853,-1.3145670718084845
complex_ruleA,2,2018-10-08,45,1.8998893104444445,2.3038545211161847,2.2778553732566684,-0.40396521067174024,-0.3779660628122239
complex_ruleA,1,2018-10-09,48,3.1460956254166668,2.486813953269269,2.439912298752413,0.6592816721473976,0.7061833266642533
complex_ruleA,3,2018-10-10,48,2.222072078125,1.8809449676783576,1.7966946235996228,0.3411271104466423,0.42537745452537723
complex_ruleA,2,2018-10-11,45,1.9299376753333333,1.463672877748557,1.4752351981768326,0.46626479758477646,0.4547024771565009
complex_ruleA,2,2018-10-12,45,1.3528942080000002,1.8557883560749382,1.857111510934755,-0.5028941480749383,-0.5042173029347545
complex_ruleA,5,2018-10-13,45,1.1938789062222221,1.6321236592384438,1.7070787685649436,-0.43824475301622157,-0.5131998623427214
complex_ruleA,5,2018-10-14,46,1.2519231717391306,1.8232787804884516,1.8688982526830547,-0.571355608749321,-0.6169750809439243
complex_ruleA,5,2018-10-15,47,1.0998721210638298,2.333003381106524,2.338784371475849,-1.233131260042694,-1.2389122504120196
complex_ruleA,4,2018-10-16,47,1.7939888188297874,1.8166043720373064,1.7689406118113786,-0.022615553207519155,0.02504820701840871
complex_ruleA,5,2018-10-17,45,1.990694493111111,1.8398721679307966,1.8743065488044002,0.15082232518031455,0.116387944306711
complex_ruleA,2,2018-10-18,48,1.1190636116666668,1.97204345315518,1.9190670791149003,-0.8529798414885131,-0.8000034674482334
complex_ruleA,1,2018-10-19,47,1.8795137353617022,1.4344786035012442,1.3865352229094419,0.44503513186045773,0.4929785124522603
complex_ruleA,3,2018-10-20,47,0.6736621091489362,1.4306258904975138,1.3427996902892643,-0.7569637813485776,-0.6691375811403282
complex_ruleA,1,2018-10-21,47,1.3392859944680853,1.1816935397561439,1.1316254528775067,0.15759245471194125,0.20766054159057842
complex_ruleA,2,2018-10-22,48,1.0295788454166666,1.0788154202113032,0.9989713937195628,-0.049236574794636445,0.030607451697103934
complex_ruleA,4,2018-10-23,45,0.7377184775555556,1.8208045289693802,1.747676681757773,-1.0830860514138247,-1.009958204202217
complex_ruleA,4,2018-10-24,47,0.9474155851063829,1.8263599653378417,1.7808849290941506,-0.8789443802314586,-0.8334693439877676
complex_ruleA,3,2018-10-25,47,0.6272926090425532,1.4574321956362646,1.311407367830129,-0.8301395865937112,-0.6841147587875758
complex_ruleA,1,2018-10-26,47,0.8659952378723405,1.916657630106227,1.926926216238057,-1.0506623922338867,-1.0609309783657166
complex_ruleA,2,2018-10-27,48,1.0058246449583335,0.0638178486092958,0.022782979420859686,0.9420067963490376,0.9830416655374737
complex_ruleA,3,2018-10-28,47,1.6154326700000001,0.5464379273965261,0.46208104363227,1.068994742603474,1.1533516263677301
complex_ruleA,5,2018-10-29,47,-0.9525447292705167,0.34909572269137823,0.4378914235266419,-1.301640451961895,-1.3904361527971587
complex_ruleA,4,2018-10-30,45,-0.5650887453777778,-0.013297652340048741,0.0006189732141163547,-0.551791093037729,-0.5657077185918941
complex_ruleA,2,2018-10-31,39,-1.504603737974359,0.486358225748496,0.48422534990847454,-1.9909619637228548,-1.9888290878828336
complex_ruleA,2,2018-11-01,45,-0.6297393386666666,0.47375843245910837,0.44185754301475366,-1.103497771125775,-1.0715968816814203
complex_ruleA,5,2018-11-02,47,-1.7726840145744682,0.32179663830081734,0.3813394154341385,-2.0944806528752853,-2.1540234300086065
complex_ruleA,4,2018-11-03,47,-1.7075539732978724,0.22003428090455648,0.18640357724085466,-1.927588254202429,-1.893957550538727
complex_ruleA,3,2018-11-04,47,-1.2089761303191489,0.3990175881827012,0.25362819488481153,-1.6079937185018502,-1.4626043252039607
complex_ruleA,4,2018-11-05,48,-0.5191773273958333,0.7031740959359535,0.6318334466475004,-1.222351423331787,-1.1510107740433337
complex_ruleA,4,2018-11-06,48,-0.2896734136458333,1.167728289529039,1.0765694766258107,-1.4574017031748723,-1.3662428902716444
complex_ruleA,1,2018-11-07,47,-0.14444053276595747,1.5480176661608345,1.4960673563919553,-1.692458198926792,-1.6405078891579126
complex_ruleA,4,2018-11-08,47,0.047627679297872344,1.9857147695744557,1.8597375788524624,-1.9380870902765837,-1.81210989955459
complex_ruleA,5,2018-11-09,48,1.2346669320416668,0.9891989675815319,0.9600178081598837,0.24546796446013483,0.27464912388178303
complex_ruleA,1,2018-11-10,47,1.0717726151425533,1.0403793471833502,0.9797641272962464,0.0313932679592031,0.09200848784630687
complex_ruleA,3,2018-11-11,46,0.4205596582826087,1.0509183730009324,1.029743536646105,-0.6303587147183235,-0.6091838783634962
complex_ruleA,2,2018-11-12,45,1.5280675613333337,0.6415609310167356,0.6158255982640174,0.8865066303165978,0.912241963069316
complex_ruleA,5,2018-11-13,46,1.5085422910869568,0.5904695431179393,0.6372920969969396,0.9180727479690173,0.8712501940900169
complex_ruleA,5,2018-11-14,46,1.3535899445652173,0.5657020145401346,0.6064682967335759,0.7878879300250827,0.7471216478316415
complex_ruleA,2,2018-11-15,48,1.7105289535833335,0.4777400558226194,0.43595931757540957,1.232788897760714,1.274569636007924
complex_ruleA,3,2018-11-16,47,1.887951365957447,1.0443163513429934,0.975932974530116,0.8436350146144534,0.9120183914273309
complex_ruleA,1,2018-11-17,47,0.6300136551063831,0.8604305730332806,0.8449063252020931,-0.23041691792689767,-0.2148926700957101
complex_ruleA,2,2018-11-18,47,0.05442239446808509,0.2899747089453553,0.29814177641140993,-0.23555231447727026,-0.24371938194332488
complex_ruleA,1,2018-11-19,47,0.43321379751063827,-0.18870631033978527,-0.24284201174651293,0.6219201078504235,0.6760558092571513
complex_ruleA,5,2018-11-20,46,0.07044969304347835,-0.7765360360539545,-0.6825994372975459,0.8469857290974327,0.7530491303410243
complex_ruleA,2,2018-11-21,47,1.6454474734042555,-0.3652972642456545,-0.4227492230183446,2.01074473764991,2.0681966964226
complex_ruleA,4,2018-11-22,47,-0.08496887268085108,-0.5678850610440739,-0.5139678315400196,0.48291618836322286,0.42899895885916844
complex_ruleA,5,2018-11-23,46,-0.003322880282608693,-0.5824241796574384,-0.41539883909020997,0.5791012993748297,0.41207595880760134
complex_ruleA,5,2018-11-24,47,0.35828784308510636,-0.2383566987871318,-0.14133232987263744,0.5966445418722381,0.49962017295774386
complex_ruleA,4,2018-11-25,45,0.31693359833333334,0.12588836358719346,0.11924331890220292,0.19104523474613988,0.1976902794311304
complex_ruleA,2,2018-11-26,46,-0.4870644775869566,0.12438643824440904,0.07617270794245522,-0.6114509158313656,-0.5632371855294117
complex_ruleA,4,2018-11-27,45,-0.41840147173333336,-0.9318365562587329,-0.9876542970977636,0.5134350845253995,0.5692528253644302
complex_ruleA,3,2018-11-28,45,-0.4148796688888889,-0.7244612749149874,-0.7445958666750166,0.3095816060260985,0.32971619778612776
complex_ruleA,3,2018-11-29,46,-0.1156107743369565,-0.22193831492529953,-0.21332170243161336,0.10632754058834303,0.09771092809465685
complex_ruleA,5,2018-11-30,45,-0.05000109541111112,-0.3981623757124283,-0.2547366868277102,0.34816128030131716,0.20473559141659914
complex_ruleA,1,2018-12-01,45,0.34395666887777776,-0.6083743144570171,-0.672542253543349,0.9523309833347948,1.0164989224211267
complex_ruleA,1,2018-12-02,45,-0.19673174663333337,-0.527721788710015,-0.599639260673997,0.33099004207668165,0.4029075140406636
complex_ruleA,5,2018-12-03,45,-0.40780812357777774,-0.153528525036921,-0.1819998684291413,-0.2542795985408567,-0.22580825514863645
complex_ruleA,3,2018-12-04,46,0.8510439423478261,0.5624622300410895,0.39784354216773365,0.28858171230673657,0.45320040018009244
complex_ruleA,1,2018-12-05,45,0.9592886573333332,0.339254801186222,0.3281442128111036,0.6200338561471115,0.6311444445222297
complex_ruleA,2,2018-12-06,46,0.451844610826087,-0.6761790690437094,-0.700337744232587,1.1280236798697965,1.152182355058674
complex_ruleA,2,2018-12-07,43,1.3274499572093024,1.2363311058225555,1.449049766337354,0.09111885138674697,-0.12159980912805156
complex_ruleA,3,2018-12-08,48,0.8662080270833333,1.0562960062024198,1.3967876770275034,-0.19008797911908637,-0.5305796499441701
complex_ruleA,5,2018-12-09,48,1.2684520370833334,0.9100178486405329,1.197772870647569,0.3584341884428004,0.07067916643576426
complex_ruleA,5,2018-12-10,48,1.4472701070833336,-0.16988145829584475,0.0546964033597206,1.6171515653791781,1.3925737037236126
complex_ruleA,3,2018-12-11,46,1.529205162826087,-0.9051589063828785,-0.9071067695201762,2.4343640692089656,2.436311932346263
complex_ruleA,4,2018-12-12,48,1.4684236483333333,-0.5135161000936349,-0.44025106232094297,1.9819397484269683,1.9086747106542763
complex_ruleA,1,2018-12-13,46,1.2725775013695653,-0.15924495376074982,-0.18539839065561778,1.4318224551303151,1.4579758920251829
complex_ruleA,3,2018-12-14,48,1.3735388833333333,0.5723328488239663,0.7989327286018004,0.801206034509367,0.574606154731533
complex_ruleA,5,2018-12-15,46,1.1672991601086957,-0.178932218122157,0.022556969389829297,1.3462313782308528,1.1447421907188664
complex_ruleA,4,2018-12-16,46,1.6478125302173914,-0.49630800051815466,-0.4736582422312276,2.144120530735546,2.121470772448619
complex_ruleA,4,2018-12-17,48,1.3615691866250001,-1.3140931939148712,-1.3080963878889242,2.675662380539871,2.669665574513924
complex_ruleA,4,2018-12-18,46,1.181335625869565,-1.2191047384260736,-1.2027719304390465,2.400440364295639,2.384107556308612
complex_ruleA,1,2018-12-19,46,1.23613595,-2.0548804363915285,-2.169973611876939,3.2910163863915285,3.406109561876939
complex_ruleA,5,2018-12-20,46,1.0854955119347827,-1.2382226855983582,-1.123750695849225,2.3237181975331405,2.2092462077840076
complex_ruleA,2,2018-12-21,46,1.4875490241304348,-1.970250924161808,-2.081941415985866,3.457799948292243,3.5694904401163003
complex_ruleA,1,2018-12-22,46,1.323656990826087,-2.01301581331868,-2.142652973367201,3.3366728041447673,3.4663099641932877
complex_ruleA,5,2018-12-23,46,0.9972252115217392,-1.5959052719243605,-1.5149491432988567,2.5931304834460995,2.5121743548205955
complex_ruleA,4,2018-12-24,46,0.08329714995652177,-0.36746246875525396,-0.278429633529386,0.45075961871177567,0.36172678348590775
complex_ruleA,1,2018-12-25,46,0.22018622297826085,-1.003038182106257,-1.0645419623602077,1.2232244050845178,1.2847281853384684
complex_ruleA,3,2018-12-26,46,0.9418170304347827,-1.2440330436260219,-1.2624514214160103,2.1858500740608044,2.204268451850793
complex_ruleA,5,2018-12-27,46,0.5575000341304348,0.413169500136582,0.6983273093301454,0.14433053399385276,-0.14082727519971056
complex_ruleA,3,2018-12-28,48,0.4050928272916667,0.6099787684963461,0.905413678523873,-0.20488594120467954,-0.5003208512322064
complex_ruleA,3,2018-12-29,46,0.3924107634565218,-0.6980331001128156,-0.5609705676918805,1.0904438635693372,0.9533813311484023
complex_ruleA,2,2018-12-30,48,0.44148704218750007,0.023924779706868182,0.1510906755597566,0.4175622624806319,0.29039636662774343
complex_ruleA,5,2018-12-31,48,0.5690473772916667,-0.42262905820121693,-0.2013962214875633,0.9916764354928836,0.77044359877923
best_accuracy_ruleA,3,2018-04-09,12,1.0472953900000002,0.31447027984234593,0.3062411938616059,0.7328251101576541,0.7410541961383941
best_accuracy_ruleA,5,2018-04-10,47,0.47282547361702126,0.12704733739184038,0.3027932192043229,0.3457781362251809,0.17003225441269842
best_accuracy_ruleA,2,2018-04-11,47,0.8453302529574469,0.9867743623569797,0.9942833872151606,-0.1414441093995329,-0.1489531342577138
best_accuracy_ruleA,4,2018-04-12,48,0.6412611391249999,0.08594017366588717,0.21419885162176497,0.5553209654591128,0.42706228750323505
best_accuracy_ruleA,3,2018-04-13,47,0.635110774893617,0.05328714942195884,0.036113445278843644,0.5818236254716582,0.5989973296147735
best_accuracy_ruleA,3,2018-04-14,47,1.367088555319149,1.853979657576753,1.7985429472014438,-0.486891102257604,-0.431454391882295
best_accuracy_ruleA,1,2018-04-15,47,0.7544915838297872,1.1501877539825556,1.2085307117061084,-0.3956961701527681,-0.454039127876321
best_accuracy_ruleA,4,2018-04-16,47,0.34850664957446814,0.9481658244905568,1.0373664280481323,-0.5996591749160887,-0.6888597784736641
best_accuracy_ruleA,4,2018-04-17,48,0.5230105908333333,1.2385651364825325,1.3181954325121001,-0.7155545456491992,-0.7951848416787669
best_accuracy_ruleA,1,2018-04-18,47,0.5238276698936171,1.0934987984251987,1.1385156211577616,-0.5696711285315816,-0.6146879512641447
best_accuracy_ruleA,2,2018-04-19,47,0.7855748930212766,1.6107245343520573,1.6412399098359887,-0.8251496413307807,-0.8556650168147121
best_accuracy_ruleA,3,2018-04-20,48,0.880826201875,3.525048622881745,3.317181974740057,-2.6442224210067446,-2.4363557728650567
best_accuracy_ruleA,3,2018-04-21,47,1.117097345031915,1.9610238273777527,1.8251285672756719,-0.843926482345838,-0.7080312222437569
best_accuracy_ruleA,4,2018-04-22,47,0.3576453597234043,1.5002566409508968,1.5782572569336244,-1.1426112812274924,-1.22061189721022
best_accuracy_ruleA,5,2018-04-23,48,1.2810660985416666,1.7628636525202106,1.8500883155878765,-0.4817975539785439,-0.5690222170462097
best_accuracy_ruleA,1,2018-04-24,47,0.4215244036170213,0.639823583841461,0.7109905379078387,-0.21829918022443973,-0.2894661342908176
best_accuracy_ruleA,1,2018-04-25,47,0.19842944063829793,0.9201874595827669,0.9703090622261511,-0.7217580189444688,-0.7718796215878532
best_accuracy_ruleA,5,2018-04-26,47,0.43892267234042553,1.82867738481233,1.977594271401518,-1.3897547124719047,-1.5386715990610926
best_accuracy_ruleA,2,2018-04-27,48,0.7287440279166667,2.677870526501643,2.656468061148121,-1.9491264985849768,-1.9277240332314545
best_accuracy_ruleA,1,2018-04-28,47,0.5875206128723405,2.248881106576875,2.301169715574212,-1.661360493704534,-1.7136491027018719
best_accuracy_ruleA,5,2018-04-29,48,0.82862176625,2.3351212522560236,2.4539587727300214,-1.5064994860060235,-1.6253370064800217
best_accuracy_ruleA,5,2018-04-30,47,0.7815592062765957,3.832818094761406,3.896491445244449,-3.0512588884848104,-3.1149322389678535
best_accuracy_ruleA,3,2018-05-01,47,0.9538805631914894,5.260328034655593,5.0623795654188815,-4.306447471464105,-4.108499002227392
best_accuracy_ruleA,4,2018-05-02,48,1.4535433592708333,3.7111341302992025,3.6002860661521594,-2.257590771028369,-2.1467427068813256
best_accuracy_ruleA,1,2018-05-03,47,0.9401358093617022,2.1115028010412162,2.1379575984901282,-1.1713669916795137,-1.1978217891284262
best_accuracy_ruleA,2,2018-05-04,47,1.444926960212766,1.6350225997155223,1.4676732153363508,-0.1900956395027563,-0.022746255123584767
best_accuracy_ruleA,3,2018-05-05,48,0.8744317195833333,1.5977267509479702,1.5438463768508424,-0.7232950313646368,-0.6694146572675089
best_accuracy_ruleA,3,2018-05-06,47,1.0161706595744682,4.203384663597132,4.032925078132306,-3.1872140040226635,-3.0167544185578374
best_accuracy_ruleA,3,2018-05-07,47,0.7836438336170213,4.392738108807628,4.146945266484847,-3.609094275190607,-3.3633014328678255
best_accuracy_ruleA,2,2018-05-08,48,0.22908054,2.883848079399511,2.9582634494977356,-2.654767539399511,-2.7291829094977356
best_accuracy_ruleA,1,2018-05-09,47,0.9967729835460993,2.890242634408589,2.894949776542133,-1.8934696508624895,-1.8981767929960338
best_accuracy_ruleA,3,2018-05-10,47,1.1798941640425533,3.4764670915770113,3.41233058348573,-2.296572927534458,-2.2324364194431765
best_accuracy_ruleA,3,2018-05-11,48,1.3072650239583334,3.6103079375067963,3.5449171213954185,-2.303042913548463,-2.2376520974370853
best_accuracy_ruleA,1,2018-05-12,48,0.4007906071041667,3.352914163149944,3.352894977495934,-2.9521235560457773,-2.9521043703917673
best_accuracy_ruleA,4,2018-05-13,47,1.3914029670212766,4.409943066397395,4.344624178128037,-3.0185400993761187,-2.9532212111067606
best_accuracy_ruleA,3,2018-05-14,47,2.1690446502127663,5.456681863473458,5.356869784885431,-3.2876372132606915,-3.1878251346726647
best_accuracy_ruleA,3,2018-05-15,48,4.272525122916667,6.8260413227982015,6.47692362949289,-2.5535161998815346,-2.2043985065762226
best_accuracy_ruleA,5,2018-05-16,48,1.7545096245833334,6.722002942788876,6.5042572753941394,-4.967493318205543,-4.749747650810806
best_accuracy_ruleA,2,2018-05-17,47,2.381270406382979,6.353395227178164,6.159796892763338,-3.9721248207951856,-3.778526486380359
best_accuracy_ruleA,4,2018-05-18,47,1.6977107829787237,4.240198330166122,4.1446367036468255,-2.5424875471873984,-2.4469259206681016
best_accuracy_ruleA,4,2018-05-19,48,2.7034745979166668,3.1148387366943524,3.1300059912023603,-0.4113641387776859,-0.4265313932856937
best_accuracy_ruleA,3,2018-05-20,47,1.809073010638298,1.599323844632881,1.5608397999314796,0.2097491660054168,0.24823321070681828
best_accuracy_ruleA,3,2018-05-21,48,3.68666576875,2.560996784428118,2.395220860391306,1.1256689843218821,1.291444908358694
best_accuracy_ruleA,4,2018-05-22,47,4.27072946106383,4.6261601930166405,4.529873128882221,-0.35543073195281033,-0.2591436678183911
best_accuracy_ruleA,4,2018-05-23,48,7.288922447916668,4.95286022859166,4.8562729107648215,2.3360622193250076,2.4326495371518457
best_accuracy_ruleA,1,2018-05-24,47,4.67684035319149,3.773014001853734,3.8097367573822214,0.9038263513377554,0.8671035958092679
best_accuracy_ruleA,1,2018-05-25,48,6.611843,4.8550507586836575,4.858777351561006,1.7567922413163422,1.7530656484389937
best_accuracy_ruleA,4,2018-05-26,47,8.121600329787235,7.5695986268635895,7.397780899454456,0.5520017029236451,0.7238194303327792
best_accuracy_ruleA,5,2018-05-27,48,4.926359043958334,5.85928591393682,5.853030866274512,-0.9329268699784867,-0.9266718223161781
best_accuracy_ruleA,4,2018-05-28,48,9.300022289583334,7.755908128102658,7.56602327348894,1.5441141614806753,1.7339990160943934
best_accuracy_ruleA,5,2018-05-29,48,5.725532533333333,6.479772245558032,6.458566198994723,-0.7542397122246985,-0.7330336656613893
best_accuracy_ruleA,3,2018-05-30,47,9.208730940425532,6.775189714157055,6.5213447768623,2.4335412262684772,2.687386163563233
best_accuracy_ruleA,5,2018-05-31,48,12.184924920833334,7.407396810014563,7.3355890478023715,4.777528110818771,4.849335873030962
best_accuracy_ruleA,4,2018-06-01,47,12.722099900000002,9.275436646479701,9.013424842910018,3.4466632535202986,3.7086750570899816
best_accuracy_ruleA,5,2018-06-02,48,11.389905470833334,8.19273225805454,8.066961417118558,3.1971732127787926,3.322944053714776
best_accuracy_ruleA,2,2018-06-03,47,12.693890738297874,7.911610717442163,7.508440241284464,4.782280020855709,5.185450497013409
best_accuracy_ruleA,3,2018-06-04,48,10.149586270833334,7.225419074126422,6.949186823691488,2.924167196706911,3.200399447141845
best_accuracy_ruleA,5,2018-06-05,48,14.328400583333334,8.442415324261058,8.312163997109172,5.885985259072275,6.01623658622416
best_accuracy_ruleA,5,2018-06-06,48,12.788825141666665,8.630719335662198,8.511159178792122,4.158105806004468,4.277665962874546
best_accuracy_ruleA,5,2018-06-07,48,14.871658104166668,8.469730556449685,8.381617427835476,6.401927547716983,6.490040676331191
best_accuracy_ruleA,1,2018-06-08,47,12.560412223404255,7.497717526529263,7.532521018550636,5.062694696874993,5.02789120485362
best_accuracy_ruleA,3,2018-06-09,48,11.38877190625,7.792099257622333,7.4470738301665085,3.5966726486276674,3.941698076083492
best_accuracy_ruleA,4,2018-06-10,47,8.383711787234041,5.3885696223873945,5.2557716613917025,2.9951421648466487,3.12794012584234
best_accuracy_ruleA,5,2018-06-11,48,7.900584520833334,4.889198057742206,4.8273007296385115,3.011386463091128,3.0732837911948216
best_accuracy_ruleA,4,2018-06-12,47,11.297598617021276,7.071733899298008,6.911870730935799,4.225864717723269,4.385727886085478
best_accuracy_ruleA,3,2018-06-13,48,11.08758792361111,6.692270628922991,6.446712349369236,4.3953172946881205,4.640875574241875
best_accuracy_ruleA,1,2018-06-14,47,9.939966723404256,6.01287352704292,6.026745727489161,3.9270931963613345,3.913220995915094
best_accuracy_ruleA,2,2018-06-15,48,11.489825041666668,5.401299514054359,5.3842321082230455,6.088525527612307,6.105592933443621
best_accuracy_ruleA,2,2018-06-16,47,11.53774871787234,7.25454870213308,7.0676410368773555,4.2832000157392605,4.470107680994985
best_accuracy_ruleA,2,2018-06-17,48,10.0085567843125,7.243049896459248,7.247008015238798,2.765506887853252,2.761548769073702
best_accuracy_ruleA,4,2018-06-18,47,11.42710565319149,9.135608428788679,8.894028580255542,2.29149722440281,2.533077072935947
best_accuracy_ruleA,5,2018-06-19,48,10.082189064583334,7.300892641549379,7.249152159915952,2.7812964230339543,2.8330369046673813
best_accuracy_ruleA,5,2018-06-20,47,11.069428263829789,8.917153523173411,8.774620328051919,2.1522747406563756,2.2948079357778677
best_accuracy_ruleA,1,2018-06-21,48,9.99445140625,9.203124951711247,9.096249308261458,0.7913264545387529,0.8982020979885422
best_accuracy_ruleA,2,2018-06-22,48,9.810313877083333,8.974915925154535,8.545724518226168,0.8353979519287985,1.264589358857166
best_accuracy_ruleA,1,2018-06-23,47,5.655785796382979,8.586760561311662,8.536796310848908,-2.9309747649286835,-2.8810105144659306
best_accuracy_ruleA,2,2018-06-24,48,7.384723681250001,10.29778529987089,9.971979404929646,-2.91306161862089,-2.587255723679646
best_accuracy_ruleA,2,2018-06-25,48,6.0496021791666665,10.854108375856613,10.499169694958193,-4.804506196689949,-4.449567515791526
best_accuracy_ruleA,2,2018-06-26,48,3.4537272625000006,7.76507173067746,7.543412605779188,-4.31134446817746,-4.089685343279187
best_accuracy_ruleA,2,2018-06-27,47,3.464171729787234,7.399625110091433,7.279540904350795,-3.9354533803041987,-3.8153691745635614
best_accuracy_ruleA,4,2018-06-28,48,4.077571247916667,8.639304669817557,8.31080190963029,-4.56173342190089,-4.233230661713624
best_accuracy_ruleA,4,2018-06-29,47,5.376051408510638,10.42972756041934,10.099447403525318,-5.053676151908702,-4.723395995014679
best_accuracy_ruleA,1,2018-06-30,48,4.825811625,10.223140620405088,10.247366600304332,-5.397328995405089,-5.421554975304332
best_accuracy_ruleA,4,2018-07-01,47,4.32301290425532,8.411509112121475,7.972745767382705,-4.0884962078661555,-3.6497328631273844
best_accuracy_ruleA,1,2018-07-02,48,4.167258685416667,7.089404496971814,7.149669698418809,-2.922145811555147,-2.982411013002143
best_accuracy_ruleA,3,2018-07-03,47,4.800510072695036,12.578622956854781,12.105342048085763,-7.7781128841597456,-7.304831975390726
best_accuracy_ruleA,2,2018-07-04,48,5.843496376736112,14.286523146709799,13.679156642043429,-8.443026769973688,-7.835660265307318
best_accuracy_ruleA,5,2018-07-05,47,5.100919393617021,9.01393428831044,8.658245964962314,-3.913014894693417,-3.557326571345293
best_accuracy_ruleA,5,2018-07-06,46,4.013637086956522,7.010775703678411,6.883838854774856,-2.9971386167218896,-2.870201767818334
best_accuracy_ruleA,4,2018-07-07,47,4.202036874468085,6.54576633559091,6.424169382462671,-2.343729461122825,-2.222132507994586
best_accuracy_ruleA,2,2018-07-08,48,4.90197201875,7.322936910340765,7.140928691732228,-2.4209648915907644,-2.2389566729822277
best_accuracy_ruleA,4,2018-07-09,47,4.67983829787234,6.309332243283024,6.067671874320529,-1.6294939454106836,-1.387833576448189
best_accuracy_ruleA,1,2018-07-10,48,5.213994385416667,6.560785574786259,6.61184353209229,-1.3467911893695916,-1.3978491466756233
best_accuracy_ruleA,3,2018-07-11,47,6.512792970212766,8.234409961773618,7.960140950443803,-1.7216169915608521,-1.4473479802310363
best_accuracy_ruleA,4,2018-07-12,48,6.145249545833334,10.401516341226698,9.97499726137517,-4.256266795393363,-3.8297477155418362
best_accuracy_ruleA,3,2018-07-13,47,5.808861563829788,10.138960241028334,9.815967243011569,-4.330098677198547,-4.007105679181782
best_accuracy_ruleA,2,2018-07-14,48,7.893707402083334,11.487873799156368,11.269139705929907,-3.5941663970730353,-3.375432303846574
best_accuracy_ruleA,1,2018-07-15,47,8.825024712765957,12.160143733849287,12.153295313988272,-3.3351190210833295,-3.3282706012223136
best_accuracy_ruleA,3,2018-07-16,48,10.82803609375,13.555327379491088,12.997919704232226,-2.7272912857410874,-2.1698836104822257
best_accuracy_ruleA,5,2018-07-17,47,11.225749840425532,12.191671853751886,12.01265063028695,-0.9659220133263532,-0.786900789861418
best_accuracy_ruleA,3,2018-07-18,48,11.137558127083333,13.271231443097157,12.763900608184985,-2.1336733160138244,-1.626342481101652
best_accuracy_ruleA,1,2018-07-19,48,13.359665666666666,13.300823597816612,13.231187493698926,0.05884206885005522,0.1284781729677425
best_accuracy_ruleA,5,2018-07-20,47,13.979930436170212,13.725344650818451,13.471136843044714,0.25458578535176046,0.5087935931254978
best_accuracy_ruleA,4,2018-07-21,48,14.667598447916667,15.666892368006737,15.135081870131307,-0.9992939200900707,-0.4674834222146398
best_accuracy_ruleA,1,2018-07-22,47,17.501085212765958,16.09955153733118,15.903551046638741,1.4015336754347762,1.5975341661272158
best_accuracy_ruleA,4,2018-07-23,48,14.9066868125,15.637781259018773,15.12829018024321,-0.7310944465187728,-0.22160336774320932
best_accuracy_ruleA,5,2018-07-24,47,17.42781235106383,18.01266719271261,17.560040150203186,-0.5848548416487777,-0.13222779913935848
best_accuracy_ruleA,5,2018-07-25,48,15.2256235625,13.83323184537768,13.421977871948698,1.3923917171223206,1.8036456905513019
best_accuracy_ruleA,3,2018-07-26,47,15.800653936170212,13.308314681213606,12.891992520986378,2.492339254956608,2.9086614151838353
best_accuracy_ruleA,1,2018-07-27,48,18.182484104166665,17.309327273143865,17.196130721727528,0.8731568310228024,0.9863533824391387
best_accuracy_ruleA,4,2018-07-28,48,19.978907489583335,18.327331412470063,17.578205102770887,1.65157607711327,2.4007023868124477
best_accuracy_ruleA,1,2018-07-29,47,18.021582180851066,16.218690188649823,15.982768341999021,1.8028919922012423,2.038813838852045
best_accuracy_ruleA,2,2018-07-30,48,17.828049833333335,17.444922942233443,16.605613026773906,0.3831268910998899,1.2224368065594287
best_accuracy_ruleA,1,2018-07-31,47,21.00033240425532,17.276311762679942,17.055995489058542,3.7240206415753767,3.9443369151967786
best_accuracy_ruleA,2,2018-08-01,48,21.93689688541667,21.963093201502602,20.662911441983482,-0.02619631608593498,1.2739854434331845
best_accuracy_ruleA,1,2018-08-02,48,24.189204364583333,20.06041391713472,19.811482340575196,4.128790447448613,4.377722024008135
best_accuracy_ruleA,2,2018-08-03,48,24.791258786458332,19.04719019653384,18.622143314047683,5.7440685899244945,6.16911547241065
best_accuracy_ruleA,1,2018-08-04,47,21.455597680851064,16.314445856163182,16.232538282299963,5.1411518246878805,5.223059398551102
best_accuracy_ruleA,1,2018-08-05,48,20.0095305625,15.446307643778583,15.397908207389852,4.563222918721416,4.611622355110148
best_accuracy_ruleA,1,2018-08-06,47,19.81192110638298,16.30669676750111,16.156144167936148,3.5052243388818716,3.655776938446832
best_accuracy_ruleA,1,2018-08-07,48,18.414588364583334,15.421408601219921,15.328846516377938,2.9931797633634134,3.0857418482053944
best_accuracy_ruleA,5,2018-08-08,47,18.038444085106384,14.725767068213994,14.372448016712047,3.3126770168923887,3.6659960683943367
best_accuracy_ruleA,3,2018-08-09,48,16.7010125625,12.013326668195612,11.608433377305667,4.687685894304388,5.0925791851943325
best_accuracy_ruleA,4,2018-08-10,47,20.032617468085107,16.73556905736023,16.18830825569644,3.2970484107248765,3.8443092123886684
best_accuracy_ruleA,1,2018-08-11,48,18.446810208333336,15.302835353804658,15.13135261317897,3.1439748545286768,3.3154575951543617
best_accuracy_ruleA,2,2018-08-12,48,18.256352125,15.48126167120859,14.94341685878522,2.7750904537914103,3.3129352662147795
best_accuracy_ruleA,2,2018-08-13,47,16.6342225106383,14.784622739958943,14.529617595641044,1.8495997706793559,2.1046049149972554
best_accuracy_ruleA,2,2018-08-14,48,21.323660083333333,15.829063464129929,15.45144862417974,5.4945966192034055,5.872211459153593
best_accuracy_ruleA,4,2018-08-15,47,18.736724574468088,17.347864657990062,16.692079142226916,1.3888599164780233,2.044645432241169
best_accuracy_ruleA,5,2018-08-16,48,12.288344958333333,12.74297209529648,12.356128734764964,-0.4546271369631472,-0.06778377643162854
best_accuracy_ruleA,5,2018-08-17,47,7.603025876595745,9.454520326557695,9.204233725081334,-1.851494449961951,-1.601207848485589
best_accuracy_ruleA,5,2018-08-18,47,10.895761085106383,9.602242289078092,9.417109598211281,1.2935187960282917,1.4786514868951015
best_accuracy_ruleA,2,2018-08-19,48,12.307638395833335,10.88532035236428,10.686454459366393,1.4223180434690537,1.6211839364669396
best_accuracy_ruleA,4,2018-08-20,48,14.89058490625,11.179205590936355,10.82660620613902,3.711379315313645,4.0639787001109795
best_accuracy_ruleA,5,2018-08-21,48,12.472552208333333,9.89105878031176,9.695851717054317,2.5814934280215747,2.776700491279016
best_accuracy_ruleA,4,2018-08-22,47,14.164011851063831,13.429394903846584,13.00333856422235,0.7346169472172459,1.1606732868414806
best_accuracy_ruleA,3,2018-08-23,48,11.836998729166666,11.312133780948715,10.68087442841305,0.5248649482179523,1.1561243007536166
best_accuracy_ruleA,2,2018-08-24,47,10.78890559574468,10.130015372443578,9.830984645994812,0.6588902233011026,0.9579209497498692
best_accuracy_ruleA,4,2018-08-25,48,10.407733666666667,9.441226616460005,9.085812109730506,0.9665070502066606,1.321921556936161
best_accuracy_ruleA,1,2018-08-26,47,13.190398010638297,9.550895228294706,9.52861133665052,3.6395027823435906,3.6617866739877765
best_accuracy_ruleA,2,2018-08-27,48,12.964973624999999,9.703038494412695,9.628267954549495,3.261935130587305,3.3367056704505047
best_accuracy_ruleA,3,2018-08-28,47,10.807590574468085,9.40895582497604,9.119134995561105,1.3986347494920444,1.6884555789069815
best_accuracy_ruleA,3,2018-08-29,48,8.59915721875,7.406798759985908,7.196881499954628,1.1923584587640923,1.4022757187953714
best_accuracy_ruleA,1,2018-08-30,48,10.177618854166667,9.854907857453655,9.917199214953506,0.3227109967130104,0.2604196392131606
best_accuracy_ruleA,2,2018-08-31,48,9.545335041666666,10.425498286537163,10.214367318449701,-0.8801632448704956,-0.6690322767830336
best_accuracy_ruleA,4,2018-09-01,47,9.09371415908347,9.237390368378195,8.973011284480524,-0.14367620929472533,0.12070287460294563
best_accuracy_ruleA,2,2018-09-02,48,9.852551479166667,8.65433937572301,8.283049391299281,1.1982121034436566,1.5695020878673869
best_accuracy_ruleA,3,2018-09-03,47,7.827999404255319,7.651203561865283,7.383032244219782,0.17679584239003604,0.44496716003553743
best_accuracy_ruleA,1,2018-09-04,48,9.144821310416667,9.167380380597143,9.078610514984598,-0.02255907018047511,0.06621079543206854
best_accuracy_ruleA,5,2018-09-05,47,8.819130719148937,7.030370862551383,6.931964885142634,1.7887598565975535,1.8871658340063024
best_accuracy_ruleA,2,2018-09-06,48,10.088790305208333,6.44334828760044,6.447927015421815,3.6454420176078943,3.640863289786519
best_accuracy_ruleA,5,2018-09-07,47,11.15683885319149,7.550287660147044,7.4903389789957595,3.6065511930444463,3.6664998741957304
best_accuracy_ruleA,1,2018-09-08,48,10.223947145833334,6.146513503478846,6.112123641331649,4.077433642354488,4.111823504501685
best_accuracy_ruleA,4,2018-09-09,47,9.998991368085106,5.9131194100693625,5.799120349301648,4.085871958015744,4.199871018783457
best_accuracy_ruleA,1,2018-09-10,48,6.189287668402778,5.834831033438022,5.834580323042636,0.3544566349647562,0.35470734536014176
best_accuracy_ruleA,3,2018-09-11,47,6.172482053191489,5.087587681280171,4.8607767396244235,1.0848943719113189,1.3117053135670658
best_accuracy_ruleA,4,2018-09-12,48,7.297151910416667,6.33278834442138,6.197364426756511,0.9643635659952864,1.0997874836601556
best_accuracy_ruleA,5,2018-09-13,48,5.060761216666667,7.1570349742392105,7.0654692388748215,-2.096273757572544,-2.004708022208154
best_accuracy_ruleA,3,2018-09-14,48,3.5804256437500004,7.516560491123382,7.186617946221698,-3.9361348473733826,-3.606192302471698
best_accuracy_ruleA,2,2018-09-15,47,4.26678855106383,8.18203202822667,8.054834548466738,-3.9152434771628397,-3.7880459974029077
best_accuracy_ruleA,5,2018-09-16,48,2.6671404270833334,7.232300992983421,7.062099540583387,-4.565160565900087,-4.394959113500054
best_accuracy_ruleA,4,2018-09-17,47,3.6352332010638295,7.196682680473211,6.982466209737141,-3.561449479409381,-3.3472330086733115
best_accuracy_ruleA,3,2018-09-18,48,2.6043113779166664,6.3845116319357444,6.195319512035141,-3.780200254019077,-3.5910081341184745
best_accuracy_ruleA,4,2018-09-19,47,2.1127147182978723,5.9985279612720115,5.8422641584028,-3.885813242974139,-3.729549440104928
best_accuracy_ruleA,1,2018-09-20,48,0.7976019938125001,5.442209649030979,5.436525979180793,-4.64460765521848,-4.638923985368293
best_accuracy_ruleA,2,2018-09-21,47,0.9730971185106383,5.996892043612097,5.848701687453804,-5.023794925101459,-4.875604568943166
best_accuracy_ruleA,5,2018-09-22,48,1.286113165625,5.361413100552312,5.362707450549362,-4.075299934927313,-4.0765942849243615
best_accuracy_ruleA,2,2018-09-23,47,1.8158773138297875,4.458161988329475,4.449302956394826,-2.6422846744996873,-2.6334256425650384
best_accuracy_ruleA,1,2018-09-24,47,1.9118068539574469,3.8811227326266833,3.884276142349068,-1.9693158786692366,-1.972469288391621
best_accuracy_ruleA,5,2018-09-25,48,2.560413458333333,3.51005187354753,3.5651568255521986,-0.9496384152141969,-1.004743367218865
best_accuracy_ruleA,3,2018-09-26,47,1.8311034844680851,3.7176565068275593,3.5374460081124837,-1.886553022359474,-1.706342523644398
best_accuracy_ruleA,4,2018-09-27,48,2.3870967227083333,3.668960884290863,3.6465259406196076,-1.28186416158253,-1.259429217911274
best_accuracy_ruleA,3,2018-09-28,47,2.253980155106383,3.6487185294837365,3.570013831501226,-1.3947383743773534,-1.3160336763948428
best_accuracy_ruleA,3,2018-09-29,47,2.4128335340425533,4.977412527612251,4.811182751022541,-2.5645789935696977,-2.398349216979988
best_accuracy_ruleA,5,2018-09-30,48,2.0839533041666667,4.067660943673511,4.1065987487923294,-1.983707639506844,-2.0226454446256628
best_accuracy_ruleA,2,2018-10-01,47,1.7358946787234042,2.6185414985276765,2.653105323823191,-0.8826468198042722,-0.9172106450997868
best_accuracy_ruleA,2,2018-10-02,48,2.484322424791667,3.0921102477379514,3.182716078597155,-0.6077878229462851,-0.6983936538054888
best_accuracy_ruleA,1,2018-10-03,47,2.3090128191489363,3.546566465868369,3.5760428447281303,-1.2375536467194328,-1.267030025579194
best_accuracy_ruleA,2,2018-10-04,48,1.5161130589583334,3.376042358231713,3.3156951874943115,-1.8599292992733798,-1.799582128535978
best_accuracy_ruleA,1,2018-10-05,47,1.7559174380851064,3.843332914500258,3.8455687594693817,-2.0874154764151513,-2.089651321384275
best_accuracy_ruleA,4,2018-10-06,48,1.5993542043750002,4.9820612309065035,4.827929509937635,-3.3827070265315036,-3.2285753055626354
best_accuracy_ruleA,3,2018-10-07,47,1.7399318372340424,3.2994556455782256,3.214417793502356,-1.559523808344183,-1.474485956268313
best_accuracy_ruleA,2,2018-10-08,45,1.8998893104444445,2.1019739592274953,2.2005051746644706,-0.2020846487830507,-0.3006158642200258
best_accuracy_ruleA,1,2018-10-09,48,3.1460956254166668,2.453880274560442,2.487011609304409,0.6922153508562245,0.6590840161122576
best_accuracy_ruleA,3,2018-10-10,48,2.222072078125,2.1043779981507647,2.076850590733166,0.11769407997423526,0.1452214873918343
best_accuracy_ruleA,2,2018-10-11,45,1.9299376753333333,1.4474074705743634,1.5644644408551256,0.48253020475897,0.36547323447820773
best_accuracy_ruleA,2,2018-10-12,45,1.3528942080000002,1.6957478101282197,1.8126060236147996,-0.3428536021282197,-0.4597118156147994
best_accuracy_ruleA,5,2018-10-13,45,1.1938789062222221,1.462828073326229,1.6419738926736103,-0.26894916710400707,-0.448094986451388
best_accuracy_ruleA,5,2018-10-14,46,1.2519231717391306,1.7031592409284113,1.8680750142799463,-0.45123606918928083,-0.6161518425408158
best_accuracy_ruleA,5,2018-10-15,47,1.0998721210638298,2.236802598162421,2.3668956864895976,-1.136930477098591,-1.267023565425768
best_accuracy_ruleA,4,2018-10-16,47,1.7939888188297874,1.7627479185493715,1.8040952013980576,0.031240900280415703,-0.010106382568270183
best_accuracy_ruleA,5,2018-10-17,45,1.990694493111111,1.8359230135445421,1.9620911901126006,0.15477147956656886,0.028603302998510435
best_accuracy_ruleA,2,2018-10-18,48,1.1190636116666668,1.8922842075997897,1.9341887346261901,-0.7732205959331228,-0.8151251229595236
best_accuracy_ruleA,1,2018-10-19,47,1.8795137353617022,1.5233637746747806,1.5730113654678282,0.3561499606869216,0.30650236989387386
best_accuracy_ruleA,3,2018-10-20,47,0.6736621091489362,1.404525114431774,1.4106507609378236,-0.7308630052828378,-0.7369886517888873
best_accuracy_ruleA,1,2018-10-21,47,1.3392859944680853,1.172306040012086,1.226993671090252,0.1669799544559993,0.11229232337783303
best_accuracy_ruleA,2,2018-10-22,48,1.0295788454166666,0.9465399464057832,1.0192198191674258,0.08303889901088347,0.010359026249240977
best_accuracy_ruleA,4,2018-10-23,45,0.7377184775555556,1.6804370586836566,1.6837767038443303,-0.9427185811281009,-0.9460582262887749
best_accuracy_ruleA,4,2018-10-24,47,0.9474155851063829,1.7116997937429879,1.7490782238361928,-0.7642842086366048,-0.8016626387298097
best_accuracy_ruleA,3,2018-10-25,47,0.6272926090425532,1.3861145079824133,1.3685108194211535,-0.7588218989398599,-0.7412182103786003
best_accuracy_ruleA,1,2018-10-26,47,0.8659952378723405,1.8794362762717292,1.924975278198643,-1.0134410383993888,-1.0589800403263026
best_accuracy_ruleA,2,2018-10-27,48,1.0058246449583335,0.40407698419704957,0.46258676916005165,0.6017476607612838,0.5432378757982818
best_accuracy_ruleA,3,2018-10-28,47,1.6154326700000001,0.5517791660466744,0.5576336905240254,1.0636535039533255,1.0577989794759748
best_accuracy_ruleA,5,2018-10-29,47,-0.9525447292705167,0.3821864623317919,0.5721411189445329,-1.3347311916023086,-1.5246858482150496
best_accuracy_ruleA,4,2018-10-30,45,-0.5650887453777778,-0.089686786498184,0.03809288955437434,-0.47540195887959374,-0.603181634932152
best_accuracy_ruleA,2,2018-10-31,39,-1.504603737974359,0.2962657149365887,0.4272292178094968,-1.8008694529109477,-1.9318329557838558
best_accuracy_ruleA,2,2018-11-01,45,-0.6297393386666666,0.2639043692741502,0.3962329470169397,-0.8936437079408168,-1.0259722856836064
best_accuracy_ruleA,5,2018-11-02,47,-1.7726840145744682,0.22681144767282801,0.4332653869711053,-1.999495462247296,-2.205949401545573
best_accuracy_ruleA,4,2018-11-03,47,-1.7075539732978724,0.10861574139093497,0.2279307523207699,-1.8161697146888074,-1.935484725618642
best_accuracy_ruleA,3,2018-11-04,47,-1.2089761303191489,0.3541055610048118,0.37021008673016637,-1.5630816913239607,-1.5791862170493152
best_accuracy_ruleA,4,2018-11-05,48,-0.5191773273958333,0.6794024267362077,0.7748869285466866,-1.198579754132041,-1.29406425594252
best_accuracy_ruleA,4,2018-11-06,48,-0.2896734136458333,1.248619338369253,1.3110275532155804,-1.5382927520150862,-1.6007009668614138
best_accuracy_ruleA,1,2018-11-07,47,-0.14444053276595747,1.6384940082341228,1.680901927654549,-1.78293454100008,-1.8253424604205064
best_accuracy_ruleA,4,2018-11-08,47,0.047627679297872344,1.9145897514832904,1.8696194101197243,-1.866962072185418,-1.8219917308218523
best_accuracy_ruleA,5,2018-11-09,48,1.2346669320416668,1.2474145857343644,1.3345150968151487,-0.012747653692697794,-0.09984816477348207
best_accuracy_ruleA,1,2018-11-10,47,1.0717726151425533,1.1090838613157081,1.181387892766467,-0.03731124617315478,-0.10961527762391363
best_accuracy_ruleA,3,2018-11-11,46,0.4205596582826087,1.0635089055552782,1.0837116882506295,-0.6429492472726694,-0.6631520299680207
best_accuracy_ruleA,2,2018-11-12,45,1.5280675613333337,0.6434629087996165,0.7342989698417783,0.8846046525337169,0.7937685914915551
best_accuracy_ruleA,5,2018-11-13,46,1.5085422910869568,0.6543081436789479,0.8227164112800232,0.8542341474080087,0.6858258798069334
best_accuracy_ruleA,5,2018-11-14,46,1.3535899445652173,0.585609146756131,0.7624789295652777,0.7679807978090863,0.5911110149999397
best_accuracy_ruleA,2,2018-11-15,48,1.7105289535833335,0.348123359518471,0.4474972431371152,1.3624055940648623,1.263031710446218
best_accuracy_ruleA,3,2018-11-16,47,1.887951365957447,1.124135607088584,1.12134970050395,0.7638157588688629,0.7666016654534967
best_accuracy_ruleA,1,2018-11-17,47,0.6300136551063831,0.8049743748884015,0.8383128893467879,-0.1749607197820186,-0.20829923424040497
best_accuracy_ruleA,2,2018-11-18,47,0.05442239446808509,0.13510365395686436,0.25562420319659446,-0.08068125948877924,-0.20120180872850926
best_accuracy_ruleA,1,2018-11-19,47,0.43321379751063827,-0.24140149683554357,-0.17450496557042017,0.674615294346182,0.6077187630810584
best_accuracy_ruleA,5,2018-11-20,46,0.07044969304347835,-0.853747826670698,-0.6027202852800214,0.9241975197141763,0.6731699783234998
best_accuracy_ruleA,2,2018-11-21,47,1.6454474734042555,-0.41267610629654566,-0.332577361123544,2.058123579700801,1.9780248345277993
best_accuracy_ruleA,4,2018-11-22,47,-0.08496887268085108,-0.5980019450934182,-0.4472867715010166,0.513033072412567,0.36231789882016546
best_accuracy_ruleA,5,2018-11-23,46,-0.003322880282608693,-0.7163208145405668,-0.4501413437404416,0.7129979342579581,0.4468184634578329
best_accuracy_ruleA,5,2018-11-24,47,0.35828784308510636,-0.3386505932974249,-0.13364615878314867,0.6969384363825313,0.49193400186825503
best_accuracy_ruleA,4,2018-11-25,45,0.31693359833333334,0.021080496040507164,0.11350521627899016,0.2958531022928262,0.2034283820543432
best_accuracy_ruleA,2,2018-11-26,46,-0.4870644775869566,-0.06572381374343994,0.05034129351950709,-0.4213406638435166,-0.5374057711064636
best_accuracy_ruleA,4,2018-11-27,45,-0.41840147173333336,-0.910447398467032,-0.7613037865893337,0.4920459267336988,0.34290231485600037
best_accuracy_ruleA,3,2018-11-28,45,-0.4148796688888889,-0.7725568955541099,-0.6749757281946074,0.35767722666522095,0.2600960593057185
best_accuracy_ruleA,3,2018-11-29,46,-0.1156107743369565,-0.29975351785796006,-0.20725705126126345,0.18414274352100354,0.09164627692430695
best_accuracy_ruleA,5,2018-11-30,45,-0.05000109541111112,-0.5133582162417679,-0.2623589434432788,0.4633571208306568,0.21235784803216767
best_accuracy_ruleA,1,2018-12-01,45,0.34395666887777776,-0.6602399568069979,-0.5848855177284648,1.0041966256847756,0.9288421866062426
best_accuracy_ruleA,1,2018-12-02,45,-0.19673174663333337,-0.5816896282668401,-0.5027548220321698,0.3849578816335068,0.30602307539883644
best_accuracy_ruleA,5,2018-12-03,45,-0.40780812357777774,-0.148590525333359,-0.015174301174706889,-0.2592175982444187,-0.3926338224030709
best_accuracy_ruleA,3,2018-12-04,46,0.8510439423478261,0.7291021454911343,0.7024733480311439,0.12194179685669178,0.14857059431668213
best_accuracy_ruleA,1,2018-12-05,45,0.9592886573333332,0.28033702241831077,0.2970521343550155,0.6789516349150226,0.6622365229783178
best_accuracy_ruleA,2,2018-12-06,46,0.451844610826087,-0.6737557543822459,-0.5555503636238669,1.1256003652083328,1.0073949744499537
best_accuracy_ruleA,2,2018-12-07,43,1.3274499572093024,1.1141521799961334,1.2939117396008717,0.21329777721316898,0.03353821760843066
best_accuracy_ruleA,3,2018-12-08,48,0.8662080270833333,1.045147423074851,1.234429220932287,-0.17893939599151756,-0.36822119384895363
best_accuracy_ruleA,5,2018-12-09,48,1.2684520370833334,0.7607368002656357,1.0151372695311582,0.5077152368176976,0.2533147675521752
best_accuracy_ruleA,5,2018-12-10,48,1.4472701070833336,-0.2701126844868978,-0.0024973598699866337,1.717382791570231,1.44976746695332
best_accuracy_ruleA,3,2018-12-11,46,1.529205162826087,-0.9527870844782127,-0.8476083269330966,2.4819922473042997,2.3768134897591837
best_accuracy_ruleA,4,2018-12-12,48,1.4684236483333333,-0.6385333040489627,-0.49317504930523226,2.106956952382296,1.9615986976385658
best_accuracy_ruleA,1,2018-12-13,46,1.2725775013695653,-0.23734564038336411,-0.195855042034563,1.5099231417529295,1.4684325434041283
best_accuracy_ruleA,3,2018-12-14,48,1.3735388833333333,0.490911503525882,0.6558288108655748,0.8826273798074514,0.7177100724677586
best_accuracy_ruleA,5,2018-12-15,46,1.1672991601086957,-0.2906697089928761,-0.03097221057747785,1.457968869101572,1.1982713706861734
best_accuracy_ruleA,4,2018-12-16,46,1.6478125302173914,-0.6027029187614129,-0.4764698504529802,2.250515448978804,2.1242823806703717
best_accuracy_ruleA,4,2018-12-17,48,1.3615691866250001,-1.350474205478303,-1.1709089308005427,2.7120433921033027,2.532478117425543
best_accuracy_ruleA,4,2018-12-18,46,1.181335625869565,-1.2951247204478729,-1.1197752696701462,2.476460346317438,2.3011108955397113
best_accuracy_ruleA,1,2018-12-19,46,1.23613595,-2.05893032289226,-1.9386383810949135,3.29506627289226,3.1747743310949135
best_accuracy_ruleA,5,2018-12-20,46,1.0854955119347827,-1.3142714313377402,-1.0475077571920548,2.399766943272523,2.1330032691268372
best_accuracy_ruleA,2,2018-12-21,46,1.4875490241304348,-1.9531567543002373,-1.8430935998824567,3.440705778430672,3.3306426240128912
best_accuracy_ruleA,1,2018-12-22,46,1.323656990826087,-1.9665092442308933,-1.8385142238719134,3.2901662350569802,3.162171214698
best_accuracy_ruleA,5,2018-12-23,46,0.9972252115217392,-1.5567622807761718,-1.2895288294197809,2.553987492297911,2.28675404094152
best_accuracy_ruleA,4,2018-12-24,46,0.08329714995652177,-0.4838733705632246,-0.3426542460773133,0.5671705205197464,0.42595139603383503
best_accuracy_ruleA,1,2018-12-25,46,0.22018622297826085,-1.1047294867078137,-1.026104055525985,1.3249157096860744,1.246290278504246
best_accuracy_ruleA,3,2018-12-26,46,0.9418170304347827,-1.2793609453996095,-1.1677134124279087,2.2211779758343924,2.1095304428626913
best_accuracy_ruleA,5,2018-12-27,46,0.5575000341304348,0.2655545594252612,0.5339629701010832,0.2919454747051736,0.023537064029351677
best_accuracy_ruleA,3,2018-12-28,48,0.4050928272916667,0.5263085975479082,0.7170695745662453,-0.12121577025624149,-0.31197674727457875
best_accuracy_ruleA,3,2018-12-29,46,0.3924107634565218,-0.7885411136188789,-0.6244924039674642,1.1809518770754008,1.016903167423986
best_accuracy_ruleA,2,2018-12-30,48,0.44148704218750007,-0.15406185238224154,0.03463561655366552,0.5955488945697416,0.40685142563383453
best_accuracy_ruleA,5,2018-12-31,48,0.5690473772916667,-0.5450043053639236,-0.2662539181640353,1.1140516826555904,0.835301295455702
