slot,fold,DAY,n_records,y_mean,pred_refit,pred_nofit,resid_refit,resid_nofit
simple_ruleA,1,2012-04-17,13,0.17492633815384614,0.0,0.0,0.17492633815384614,0.17492633815384614
simple_ruleA,5,2012-04-18,46,0.10277196365217392,0.0,0.0,0.10277196365217392,0.10277196365217392
simple_ruleA,3,2012-04-19,48,0.13160591110416667,0.0,0.0,0.13160591110416667,0.13160591110416667
simple_ruleA,1,2012-04-20,47,0.19268152623404253,0.0,0.0,0.19268152623404253,0.19268152623404253
simple_ruleA,4,2012-04-21,48,0.31302222352083336,0.0,0.0,0.31302222352083336,0.31302222352083336
simple_ruleA,1,2012-04-22,47,0.22889915329787233,0.0,0.0,0.22889915329787233,0.22889915329787233
simple_ruleA,2,2012-04-23,48,0.09675257410416667,0.0,0.0,0.09675257410416667,0.09675257410416667
simple_ruleA,2,2012-04-24,48,-0.1216986750625,0.0,0.0,-0.1216986750625,-0.1216986750625
simple_ruleA,4,2012-04-25,48,0.12789548795833333,0.005184677415661798,0.0070635812046243515,0.12271081054267154,0.12083190675370897
simple_ruleA,1,2012-04-26,48,0.031396444041666666,0.11035562856754756,0.14968757709342273,-0.0789591845258809,-0.11829113305175605
simple_ruleA,2,2012-04-27,33,-0.0011584061818181795,0.24250186957209852,0.34531235578485675,-0.24366027575391672,-0.346470761966675
simple_ruleA,3,2012-04-28,17,0.1495946152352941,0.23260904494077017,0.3696087805386662,-0.08301442970547607,-0.22001416530337203
simple_ruleA,4,2012-04-29,48,0.0563516495625,0.7075403138722617,0.8482930248503487,-0.6511886643097616,-0.7919413752878487
simple_ruleA,5,2012-04-30,48,0.067841465,0.9426020490376613,1.1909653599111398,-0.8747605840376612,-1.1231238949111397
simple_ruleA,4,2012-05-01,35,-0.011450152857142857,1.1464983547903196,1.4096889624829192,-1.1579485076474623,-1.421139115340062
simple_ruleA,1,2012-05-02,23,0.03662533839130435,0.9257009244135616,1.2258367131760735,-0.8890755860222572,-1.189211374784769
simple_ruleA,2,2012-05-03,48,0.09201962160416667,1.0584416933648202,1.4060601577847514,-0.9664220717606535,-1.3140405361805845
simple_ruleA,2,2012-05-04,40,0.085187383475,1.0204396718645847,1.3742504928688515,-0.9352522883895847,-1.2890631093938514
simple_ruleA,1,2012-05-05,48,0.0777986770625,1.4187096359179139,1.7093783692326783,-1.340910958855414,-1.6315796921701784
simple_ruleA,2,2012-05-06,46,0.009543028086956524,1.1237066333396968,1.4615002907188162,-1.1141636052527404,-1.4519572626318595
simple_ruleA,5,2012-05-07,48,0.021618651333333332,1.005438454917596,1.3534416905658173,-0.9838198035842627,-1.3318230392324841
simple_ruleA,5,2012-05-08,48,0.19335431079166668,1.5605774630043054,1.963310099617822,-1.3672231522126388,-1.7699557888261552
simple_ruleA,1,2012-05-09,42,0.1434148763095238,1.5307583814115195,1.972920999740823,-1.3873435051019958,-1.8295061234312993
simple_ruleA,3,2012-05-10,40,0.319251258275,0.8996039044242232,1.3713334898811858,-0.5803526461492232,-1.0520822316061857
simple_ruleA,2,2012-05-11,48,0.17239545895833333,0.9863320100694408,1.4323351712740398,-0.8139365511111075,-1.2599397123157063
simple_ruleA,1,2012-05-12,48,0.17601843233333334,0.9061202051203062,1.3115756098829803,-0.7301017727869729,-1.1355571775496471
simple_ruleA,3,2012-05-13,48,0.17704623283333332,0.886555456010639,1.3405968563451525,-0.7095092231773057,-1.1635506235118191
simple_ruleA,4,2012-05-14,48,0.27600001625,1.8164644530853715,2.246777977267908,-1.5404644368353713,-1.9707779610179081
simple_ruleA,4,2012-05-15,47,0.35306912361702125,1.6894116267094819,2.178950654186096,-1.3363425030924607,-1.8258815305690743
simple_ruleA,4,2012-05-16,48,0.4190129162291667,2.685653522997413,3.1941715837941693,-2.2666406067682456,-2.775158667565003
simple_ruleA,1,2012-05-17,48,0.5381429567708333,2.7392334570165904,3.2994941079015714,-2.201090500245757,-2.761351151130738
simple_ruleA,1,2012-05-18,39,0.4551124043333334,1.7244473621726282,2.308755293794616,-1.2693349578392947,-1.8536428894612824
simple_ruleA,4,2012-05-19,48,0.4896868033125,2.1217866078136964,2.608251652216698,-1.6320998045011965,-2.118564848904198
simple_ruleA,1,2012-05-20,48,0.47750789,2.600086263721282,3.1876104536603456,-2.1225783737212818,-2.7101025636603455
simple_ruleA,5,2012-05-21,48,0.8335178516666667,1.99895575549143,2.633334661990896,-1.165437903824763,-1.7998168103242291
simple_ruleA,4,2012-05-22,32,0.702621915625,1.082994955179369,1.5318085616060004,-0.38037303955436896,-0.8291866459810004
simple_ruleA,2,2012-05-23,46,0.6635871663260869,1.6111063005191029,2.2384311942220916,-0.9475191341930159,-1.5748440278960045
simple_ruleA,3,2012-05-24,48,0.6281435369791667,2.8710095869336008,3.5512675996008753,-2.242866049954434,-2.9231240626217088
simple_ruleA,3,2012-05-25,38,0.8183735249999999,2.5791781051590092,3.36852078599947,-1.7608045801590093,-2.55014726099947
simple_ruleA,1,2012-05-26,48,0.6980216629166667,2.488100962491483,3.121240742541169,-1.7900792995748167,-2.423219079624502
simple_ruleA,4,2012-05-27,48,0.8635254579166666,3.1158672397080753,3.6840709270409104,-2.252341781791409,-2.820545469124244
simple_ruleA,4,2012-05-28,45,1.0706195379333332,2.726185038177977,3.309638691695074,-1.6555655002446434,-2.239019153761741
simple_ruleA,1,2012-05-29,47,1.2441222806595744,2.6790335088368744,3.2800927615327646,-1.4349112281772998,-2.0359704808731895
simple_ruleA,5,2012-05-30,39,1.3168110543589744,2.2670557094349872,2.947839773708848,-0.9502446550760129,-1.6310287193498736
simple_ruleA,4,2012-05-31,48,1.122336043125,2.4415985467648516,3.0436656514423532,-1.3192625036398513,-1.9213296083173532
simple_ruleA,1,2012-06-01,47,1.408223744680851,2.7736840965286147,3.4410353460440275,-1.3654603518477637,-2.0328116013631767
simple_ruleA,1,2012-06-02,48,1.5114160385416666,2.717946444470168,3.3761132819810573,-1.2065304059285011,-1.8646972434393907
simple_ruleA,4,2012-06-03,48,1.7375850125,2.566697840944847,3.1847297852861485,-0.8291128284448472,-1.4471447727861486
simple_ruleA,5,2012-06-04,48,1.8668908327083333,3.436210541131771,4.113826575512568,-1.5693197084234372,-2.2469357428042342
simple_ruleA,5,2012-06-05,48,2.0323514729166665,3.2900467420140624,4.044101823541472,-1.2576952690973955,-2.0117503506248053
simple_ruleA,5,2012-06-06,48,1.9727137145833333,2.4329718343174536,3.1915619593488493,-0.4602581197341202,-1.218848244765516
simple_ruleA,4,2012-06-07,48,2.1687674958333334,3.21655367567481,3.8481890186276417,-1.0477861798414771,-1.6794215227943086
simple_ruleA,5,2012-06-08,48,2.3881609270833333,4.642926906675527,5.2875782796899875,-2.2547659795921935,-2.8994173526066533
simple_ruleA,5,2012-06-09,38,2.1885792210526316,2.7348599158416405,3.513319021441168,-0.5462806947890091,-1.3247398003885364
simple_ruleA,5,2012-06-10,48,2.3298899375,3.492480389396912,4.238946499339779,-1.1625904518969123,-1.9090565618397786
simple_ruleA,1,2012-06-11,45,2.215788988888889,2.5178022356650156,3.2692902103357655,-0.30201324677612684,-1.0535012214468762
simple_ruleA,1,2012-06-12,47,2.466926670212766,1.7199256042202054,2.4312675502859915,0.7470010659925607,0.03565911992677436
simple_ruleA,1,2012-06-13,48,2.355464260416667,1.9486295494765742,2.6793178033453366,0.4068347109400925,-0.32385354292867
simple_ruleA,5,2012-06-14,48,2.396814725,2.030844847554636,2.78259572248778,0.36596987744536413,-0.3857809974877799
simple_ruleA,2,2012-06-15,48,2.2765174375,2.460088939526882,3.2622798702326623,-0.18357150202688188,-0.9857624327326627
simple_ruleA,2,2012-06-16,48,2.12172636875,2.7427076229529845,3.5844501828757576,-0.6209812542029847,-1.4627238141257577
simple_ruleA,4,2012-06-17,48,2.4683254604166667,4.821556077828535,5.470078058163444,-2.3532306174118687,-3.0017525977467776
simple_ruleA,4,2012-06-18,48,2.57933425,4.923705940633504,5.559505326614384,-2.3443716906335044,-2.980171076614383
simple_ruleA,2,2012-06-19,48,2.7591370666666664,4.780000072720886,5.4983715169902,-2.0208630060542183,-2.7392344503235333
simple_ruleA,4,2012-06-20,48,4.0653092766666665,7.481273931341694,7.791937917170697,-3.4159646546750277,-3.7266286405040305
simple_ruleA,4,2012-06-21,48,2.852546154166667,4.339357169443046,4.982225132264393,-1.4868110152763794,-2.1296789780977265
simple_ruleA,2,2012-06-22,35,2.690932479428571,3.2997128594428267,4.097504091656696,-0.6087803800142549,-1.4065716122281249
simple_ruleA,3,2012-06-23,46,3.013371210869565,3.266591499207166,4.114034912154215,-0.2532202883376005,-1.1006637012846492
simple_ruleA,3,2012-06-24,48,3.617370472916667,3.105199810887696,3.9617510897371493,0.5121706620289709,-0.3443806168204828
simple_ruleA,3,2012-06-25,48,3.588744060416667,1.7200234688080993,2.523730462221247,1.8687205916085672,1.0650135981954196
simple_ruleA,1,2012-06-26,48,3.3450276750000003,1.9459567944497955,2.599734110891047,1.3990708805502046,0.745293564108953
simple_ruleA,5,2012-06-27,48,2.8715724887499996,2.1390512683368472,2.8136755728659177,0.7325212204131528,0.057896915884082654
simple_ruleA,1,2012-06-28,48,2.6015098025000003,2.886381663340378,3.5251234394833,-0.2848718608403777,-0.9236136369833005
simple_ruleA,1,2012-06-29,48,3.3835941145833335,3.7244345922437074,4.343433796872101,-0.34084047766037423,-0.9598396822887679
simple_ruleA,4,2012-06-30,48,2.9133323829166664,3.395183526944565,3.9884933672141436,-0.4818511440278983,-1.075160984297477
simple_ruleA,2,2012-07-01,48,2.5759667938541666,3.229479915871677,3.926293482833703,-0.6535131220175109,-1.3503266889795362
simple_ruleA,1,2012-07-02,42,2.9145822404761907,3.8800211201681627,4.479390169921211,-0.9654388796919723,-1.5648079294450201
simple_ruleA,1,2012-07-03,48,2.5154627541666668,4.4724233949428704,5.011931475846951,-1.956960640776204,-2.496468721680285
simple_ruleA,1,2012-07-04,48,2.6683533291666666,5.712881045711732,6.061207313612198,-3.044527716545065,-3.3928539844455314
simple_ruleA,2,2012-07-05,48,3.0286032791666666,5.8223932710142945,6.207536542843653,-2.793789991847627,-3.1789332636769863
simple_ruleA,5,2012-07-06,46,2.6821343260869566,5.81964097613965,6.2236803945085715,-3.137506650052693,-3.541546068421615
simple_ruleA,2,2012-07-07,44,3.637924677272727,4.290810127312949,4.941175675163347,-0.652885450040222,-1.30325099789062
simple_ruleA,1,2012-07-08,46,2.952379802173913,3.6616141757383693,4.32123871852417,-0.7092343735644566,-1.3688589163502576
simple_ruleA,4,2012-07-09,48,2.5226163520833333,4.816428487673816,5.341940706566302,-2.2938121355904824,-2.8193243544829687
simple_ruleA,1,2012-07-10,48,3.164615041458333,6.812802430261321,7.013346047439367,-3.648187388802988,-3.848731005981034
simple_ruleA,4,2012-07-11,48,3.165003675,6.921780743393846,7.280198030036188,-3.7567770683938466,-4.115194355036188
simple_ruleA,3,2012-07-12,48,2.8945481479166664,7.144314089656988,7.532871130439403,-4.249765941740322,-4.638322982522737
simple_ruleA,5,2012-07-13,48,2.438382886875,7.73943253916777,7.965531754925355,-5.301049652292771,-5.527148868050355
simple_ruleA,5,2012-07-14,48,2.6562699875,9.016236556356127,8.974058552751009,-6.359966568856127,-6.31778856525101
simple_ruleA,3,2012-07-15,48,3.2690944749999997,9.947738222762386,9.66753324868728,-6.678643747762386,-6.398438773687281
simple_ruleA,1,2012-07-16,48,3.3365409666666666,10.177393957784915,9.8155116444216,-6.840852991118248,-6.478970677754933
simple_ruleA,5,2012-07-17,47,3.506454780851064,10.856349697463214,10.35554808580545,-7.34989491661215,-6.849093304954386
simple_ruleA,3,2012-07-18,48,4.31823554375,8.245967773603788,8.378132992846929,-3.9277322298537882,-4.059897449096929
simple_ruleA,1,2012-07-19,48,4.235942120833333,6.843650606857352,7.106184697374022,-2.6077084860240194,-2.8702425765406896
simple_ruleA,1,2012-07-20,48,4.197089585416667,2.686871342344855,3.4544872044376684,1.5102182430718116,0.7426023809789982
simple_ruleA,4,2012-07-21,48,3.581241858333333,2.8743418191606,3.561364793029845,0.7069000391727335,0.019877065303488622
simple_ruleA,3,2012-07-22,48,3.47300988125,2.937646208535451,3.8500800389088323,0.5353636727145488,-0.3770701576588326
simple_ruleA,3,2012-07-23,48,3.6027254916666664,5.572299298126338,6.219458436071988,-1.969573806459671,-2.6167329444053213
simple_ruleA,4,2012-07-24,48,3.5953668183333334,6.987443429890699,7.408780852644402,-3.3920766115573646,-3.8134140343110694
simple_ruleA,5,2012-07-25,48,4.1132118166666665,9.556752450937255,9.396503105324534,-5.443540634270588,-5.283291288657867
simple_ruleA,4,2012-07-26,47,4.945090108510638,11.023789970592025,10.785015959650881,-6.078699862081385,-5.839925851140243
simple_ruleA,1,2012-07-27,46,4.631375795652175,11.5441972059578,10.770155935247681,-6.912821410305627,-6.138780139595506
simple_ruleA,5,2012-07-28,48,5.015409016666667,11.102772964449372,10.551589721337665,-6.087363947782705,-5.536180704670998
simple_ruleA,2,2012-07-29,48,5.191188340208334,10.858376352540445,10.268282687552349,-5.667188012332109,-5.0770943473440155
simple_ruleA,2,2012-07-30,48,5.172252041666667,11.567939988736882,10.826610945153492,-6.395687947070215,-5.654358903486827
simple_ruleA,5,2012-07-31,48,6.134338235416667,9.2061771114595,9.166167204507387,-3.0718388760428326,-3.0318289690907196
simple_ruleA,5,2012-08-01,48,6.280896235416667,9.86478621006407,9.693937815622835,-3.5838899746474024,-3.4130415802061678
simple_ruleA,4,2012-08-02,48,6.6504443,10.77333259778306,10.625084815329451,-4.122888297783061,-3.9746405153294515
simple_ruleA,1,2012-08-03,48,7.160892158333333,10.086470564440058,9.836084660860896,-2.9255784061067245,-2.675192502527564
simple_ruleA,2,2012-08-04,48,6.567858770833333,9.466956473159872,9.357980386167567,-2.899097702326538,-2.790121615334233
simple_ruleA,1,2012-08-05,48,6.946719375,11.312200487135174,10.761013948324063,-4.365481112135174,-3.8142945733240636
simple_ruleA,2,2012-08-06,48,5.922653764583334,8.580420046732293,8.768043057936758,-2.6577662821489594,-2.845389293353424
simple_ruleA,3,2012-08-07,48,7.153456070833333,9.074173773546645,9.16023931812332,-1.9207177027133124,-2.006783247289987
simple_ruleA,1,2012-08-08,48,7.373567145833333,6.19263240221995,6.791236180123952,1.1809347436133828,0.5823309657093817
simple_ruleA,1,2012-08-09,47,7.0186513255319145,5.876649958686371,6.494096144494547,1.1420013668455438,0.524555181037368
simple_ruleA,3,2012-08-10,48,6.428932797916667,7.696666529650611,8.129800659124797,-1.267733731733944,-1.70086786120813
simple_ruleA,1,2012-08-11,48,6.577051102083334,10.103817551305227,10.001307279403184,-3.5267664492218933,-3.424256177319851
simple_ruleA,3,2012-08-12,48,6.641491183333333,9.862597723181507,9.925203185587128,-3.2211065398481735,-3.283712002253793
simple_ruleA,2,2012-08-13,48,7.441026860416667,12.17363416252836,11.51748796706285,-4.732607302111694,-4.076461106646185
simple_ruleA,2,2012-08-14,44,5.585122643181818,10.16194511848952,10.157811424442219,-4.5768224753077025,-4.572688781260402
simple_ruleA,3,2012-08-15,48,6.8359822562499994,10.2428394065566,10.267634976846708,-3.406857150306599,-3.4316527205967073
simple_ruleA,5,2012-08-16,48,7.5789022125,11.948150988956243,11.56633012056575,-4.369248776456243,-3.9874279080657504
simple_ruleA,3,2012-08-17,48,7.50730011875,12.134471060357766,11.626423587100113,-4.627170941607766,-4.119123468350113
simple_ruleA,3,2012-08-18,48,6.590918335416667,9.698055950784388,9.899195155746874,-3.107137615367721,-3.308276820330207
simple_ruleA,1,2012-08-19,48,8.61395005625,10.669142403996899,10.50716832362573,-2.055192347746899,-1.8932182673757312
simple_ruleA,3,2012-08-20,48,7.9814005833333335,10.27317008840811,10.251665330240572,-2.2917695050747757,-2.270264746907239
simple_ruleA,2,2012-08-21,48,8.186272847916667,12.004725635983318,11.46508526246224,-3.818452788066651,-3.2788124145455755
simple_ruleA,4,2012-08-22,48,7.327301362499999,11.848325624416814,11.795401754187358,-4.521024261916813,-4.468100391687357
simple_ruleA,4,2012-08-23,48,8.517630725,12.165813813621051,12.04734567711906,-3.6481830886210513,-3.529714952119059
simple_ruleA,3,2012-08-24,48,8.681626145833333,11.903979796378012,11.553221602475604,-3.2223536505446795,-2.8715954566422717
simple_ruleA,5,2012-08-25,48,9.249283554166666,11.839481840593388,11.55003736675664,-2.590198286426721,-2.300753812589975
simple_ruleA,2,2012-08-26,48,9.87117175,11.915453330409308,11.53559337785421,-2.0442815804093093,-1.6644216278542097
simple_ruleA,1,2012-08-27,48,10.066777154166667,12.286844150966134,11.819086050904728,-2.2200669967994675,-1.7523088967380607
simple_ruleA,4,2012-08-28,48,9.852360588333333,11.311982787222936,11.400016724706022,-1.459622198889602,-1.5476561363726888
simple_ruleA,5,2012-08-29,48,21.97209148125,11.348869771032255,11.221847489216962,10.623221710217743,10.75024399203304
simple_ruleA,4,2012-08-30,48,28.967427914583336,12.437259640708996,12.274145248497845,16.530168273874338,16.693282666085487
simple_ruleA,3,2012-08-31,48,13.058101424999998,12.186554746232646,11.78179939443409,0.8715466787673535,1.2763020305659085
simple_ruleA,1,2012-09-01,46,6.837848882608696,10.14135349090622,10.215946091646618,-3.3035046082975232,-3.3780972090379224
simple_ruleA,4,2012-09-02,39,2.226128878205128,7.212015351180796,7.89342079313275,-4.9858864729756665,-5.667291914927621
simple_ruleA,2,2012-09-03,44,2.9446648161363638,8.03999114445462,8.519661877110892,-5.095326328318257,-5.574997060974528
simple_ruleA,2,2012-09-04,37,2.855260219216216,10.02293140413726,10.014718718387583,-7.167671184921043,-7.159458499171367
simple_ruleA,1,2012-09-05,31,2.949354112903226,11.721891264207436,11.373009687764885,-8.77253715130421,-8.423655574861659
simple_ruleA,4,2012-09-06,38,2.514661660526316,9.055839651258237,9.40118560674048,-6.541177990731921,-6.886523946214166
simple_ruleA,3,2012-09-07,42,1.6679321140476189,8.178770495003791,8.621608227197363,-6.510838380956171,-6.953676113149744
simple_ruleA,3,2012-09-08,48,3.0139437527083337,8.939645787221952,9.225061250812113,-5.925702034513619,-6.211117498103779
simple_ruleA,2,2012-09-09,48,4.418429550208333,10.328728661850631,10.178208698226522,-5.910299111642299,-5.759779148018189
simple_ruleA,3,2012-09-10,16,2.077358675,6.029719614738874,6.9192853782388495,-3.952360939738874,-4.841926703238849
simple_ruleA,3,2016-01-05,20,6.49421187465,15.862687648576795,16.186139472533693,-9.368475773926795,-9.691927597883694
simple_ruleA,2,2016-01-06,48,7.075986391375,13.785441140205466,14.36859244390745,-6.709454748830466,-7.29260605253245
simple_ruleA,5,2016-01-07,48,6.803397345895834,13.173360088605184,13.777659604952355,-6.369962742709348,-6.974262259056522
simple_ruleA,2,2016-01-08,48,9.704917027520834,11.565454721553683,11.900557240925998,-1.8605376940328489,-2.195640213405166
simple_ruleA,5,2016-01-09,48,14.033978211395834,9.970766452392615,10.264907723079043,4.063211759003219,3.7690704883167907
simple_ruleA,1,2016-01-10,48,15.418391934729167,8.402668817948424,8.559710714668798,7.015723116780744,6.858681220060368
simple_ruleA,2,2016-01-11,48,7.896477082791667,7.419059840962028,7.488053443810885,0.4774172418296385,0.4084236389807811
simple_ruleA,3,2016-01-12,48,7.7312570626041675,6.568665256554625,6.67753815693366,1.162591806049542,1.053718905670507
simple_ruleA,2,2016-01-13,48,4.5047918749375,5.948808608519879,5.96989915788327,-1.4440167335823781,-1.4651072829457705
simple_ruleA,4,2016-01-14,48,2.2360425419375,5.13950916317103,5.305075517474946,-2.90346662123353,-3.0690329755374464
simple_ruleA,1,2016-01-15,48,1.8144326055833335,4.374686074090853,4.504670990775426,-2.56025346850752,-2.6902383851920924
simple_ruleA,1,2016-01-16,48,1.831333733125,3.8600556145201526,3.9990575076454857,-2.028721881395152,-2.167723774520486
simple_ruleA,4,2016-01-17,48,2.2107020326041664,3.7278399215454088,3.8790580830361985,-1.5171378889412421,-1.6683560504320318
simple_ruleA,5,2016-01-18,48,1.5406963808125,3.337042207728949,3.4331537014755376,-1.796345826916449,-1.892457320663037
simple_ruleA,5,2016-01-19,48,1.4218097842916668,3.5424743324921053,3.5851658238474378,-2.120664548200439,-2.163356039555771
simple_ruleA,4,2016-01-20,48,1.3806500620208333,3.0565156885185094,3.1930533799222993,-1.6758656264976761,-1.8124033179014665
simple_ruleA,3,2016-01-21,48,1.3695420448541666,3.0165131100436327,3.087763167576028,-1.6469710651894662,-1.7182211227218611
simple_ruleA,3,2016-01-22,48,2.1822751739375,2.6924186008307323,2.7868526182431848,-0.510143426893232,-0.6045774443056848
simple_ruleA,3,2016-01-23,48,2.026367208854167,2.74825503304417,2.7743425945140174,-0.7218878241900031,-0.7479753856598507
simple_ruleA,5,2016-01-24,48,1.465879558875,2.501273906354315,2.67964976465615,-1.035394347479315,-1.2137702057811501
simple_ruleA,2,2016-01-25,48,1.3313869148333333,2.172073962356712,2.4215530678788197,-0.8406870475233786,-1.0901661530454867
simple_ruleA,1,2016-01-26,48,1.0486739028541667,2.195381577264226,2.4065981734697472,-1.1467076744100593,-1.3579242706155803
simple_ruleA,5,2016-01-27,48,1.46441060075,2.25224575061122,2.447956958267963,-0.7878351498612202,-0.9835463575179628
simple_ruleA,4,2016-01-28,48,1.3385037907291668,2.620739472316885,2.7606614332955672,-1.2822356815877185,-1.4221576425664006
simple_ruleA,4,2016-01-29,48,1.4153455119166667,2.583399675713928,2.710790267711202,-1.1680541637972615,-1.295444755794535
simple_ruleA,1,2016-01-30,48,1.4488652037499998,2.8224735271512276,2.8358200214094147,-1.3736083234012273,-1.386954817659415
simple_ruleA,2,2016-01-31,48,1.0211748025833334,2.592216316833637,2.6706362585594863,-1.5710415142503038,-1.6494614559761525
simple_ruleA,5,2016-02-01,48,1.31608576175,2.520786107853581,2.6058269955469626,-1.204700346103581,-1.2897412337969627
simple_ruleA,2,2016-02-02,48,1.0673245917291667,2.2826852195829823,2.3789974577871997,-1.2153606278538158,-1.3116728660580332
simple_ruleA,1,2016-02-03,48,1.3040168001874999,2.2337414811027028,2.322374616369481,-0.9297246809152028,-1.0183578161819808
simple_ruleA,2,2016-02-04,48,1.4078973600208335,2.346907585650678,2.3967341505486988,-0.9390102256298446,-0.9888367905278653
simple_ruleA,4,2016-02-05,48,1.5994484575624999,2.5839174187753913,2.6207789323676427,-0.9844689612128915,-1.0213304748051428
simple_ruleA,3,2016-02-06,48,0.9542110225624999,1.8787282192234354,2.0214900434522542,-0.9245171966609352,-1.0672790208897542
simple_ruleA,2,2016-02-07,48,0.9614311591458334,1.4842352427796965,1.6539339884576345,-0.5228040836338631,-0.6925028293118012
simple_ruleA,1,2016-02-08,48,0.8452091317916667,1.2991169128081705,1.4702478170479267,-0.453907781016504,-0.6250386852562599
simple_ruleA,3,2016-02-09,48,0.6845879005,1.3601436199334638,1.5462871380111363,-0.6755557194334639,-0.8616992375111363
simple_ruleA,3,2016-02-10,48,0.8398312056458334,1.8461960296025304,1.9305118449659628,-1.0063648239566971,-1.0906806393201294
simple_ruleA,4,2016-02-11,48,0.49195505458333333,1.8198497679473802,1.9082031425507244,-1.3278947133640469,-1.416248087967391
simple_ruleA,3,2016-02-12,48,0.7809307702916667,1.6902574173271938,1.7781853072897003,-0.9093266470355271,-0.9972545369980338
simple_ruleA,4,2016-02-13,48,0.9029530644791667,1.6765808021717383,1.7567013829514773,-0.7736277376925718,-0.8537483184723107
simple_ruleA,5,2016-02-14,48,0.8544824970208333,1.5962129567948267,1.6617937194629286,-0.7417304597739934,-0.8073112224420953
simple_ruleA,5,2016-02-15,48,1.2600707122500001,1.479500676791557,1.5795204971093926,-0.21942996454155705,-0.31944978485939257
simple_ruleA,5,2016-02-16,48,0.5249427641875,1.377792074424528,1.48855169063095,-0.8528493102370279,-0.9636089264434499
simple_ruleA,5,2016-02-17,48,0.34336849093750005,1.4640085410194408,1.5524499270997847,-1.120640050081941,-1.2090814361622846
simple_ruleA,5,2016-02-18,48,0.9328331616458333,1.4713639937436573,1.5507931760315066,-0.538530832097824,-0.6179600143856734
simple_ruleA,2,2016-02-19,48,0.7993378167083334,1.4973101969796971,1.5545997991466765,-0.6979723802713639,-0.7552619824383431
simple_ruleA,2,2016-02-20,48,0.3710011784375,1.553612014408673,1.5892791849580072,-1.182610835971173,-1.2182780065205072
simple_ruleA,2,2016-02-21,48,-1.4817916566041667,1.4560246669145378,1.5054476059573974,-2.9378163235187045,-2.9872392625615642
simple_ruleA,1,2016-02-22,48,-2.5303195296458334,1.5182631132477067,1.5468923147618188,-4.04858264289354,-4.077211844407652
simple_ruleA,2,2016-02-23,48,-0.9214623069583333,1.459936677797575,1.4956901636869127,-2.3813989847559083,-2.417152470645246
simple_ruleA,3,2016-02-24,48,0.6395138363958334,1.4255682985982963,1.4793591055540187,-0.7860544622024629,-0.8398452691581855
simple_ruleA,1,2016-02-25,48,0.2902012683125,1.282515493397783,1.3469805681139109,-0.9923142250852831,-1.0567792998014107
simple_ruleA,3,2016-02-26,48,0.53052630221875,1.1024839311503964,1.2150969652427863,-0.5719576289316465,-0.6845706630240364
simple_ruleA,4,2016-02-27,48,0.6093463509166667,1.2413252898757776,1.3235562432921897,-0.6319789389591111,-0.7142098923755231
simple_ruleA,5,2016-02-28,48,0.8025298725416666,1.0952555044983232,1.1878375411150968,-0.2927256319566565,-0.38530766857343
simple_ruleA,2,2016-02-29,48,0.42504096327083335,1.2460049172846968,1.2984343990632792,-0.8209639540138635,-0.8733934357924459
simple_ruleA,1,2016-03-01,48,0.605103436125,1.0607926397385827,1.1400771085728323,-0.45568920361358267,-0.5349736724478323
simple_ruleA,3,2016-03-02,48,0.7054132284583333,0.9294776248574274,1.0468821484085848,-0.22406439639909395,-0.3414689199502514
simple_ruleA,5,2016-03-03,48,1.096092631,1.0667153576012247,1.1445937128384016,0.029377273398775217,-0.04850108183840157
simple_ruleA,4,2016-03-04,48,0.7806289255208333,1.2060452017028631,1.2634707827742795,-0.4254162761820297,-0.48284185725344625
simple_ruleA,5,2016-03-05,48,0.24562592939583336,1.3736344492374892,1.3647964662049235,-1.128008519841656,-1.1191705368090898
simple_ruleA,1,2016-03-06,48,0.5235694555625,1.4421103339413444,1.3965607938454996,-0.9185408783788445,-0.8729913382829996
simple_ruleA,3,2016-03-07,48,0.7508692366249999,1.420914745012719,1.3915688182620185,-0.6700455083877191,-0.6406995816370186
simple_ruleA,3,2016-03-08,48,0.6652003633958333,1.3894261464377766,1.3731402270492525,-0.7242257830419434,-0.7079398636534192
simple_ruleA,1,2016-03-09,48,0.31076704541666667,1.3302443402255408,1.3083775801405697,-1.0194772948088742,-0.9976105347239032
simple_ruleA,5,2016-03-10,48,0.5880632022083333,1.340102465125639,1.3242378592776507,-0.7520392629173057,-0.7361746570693173
simple_ruleA,4,2016-03-11,48,0.6152219125,1.2380293097924584,1.2646168164120035,-0.6228073972924584,-0.6493949039120035
simple_ruleA,5,2016-03-12,48,0.8710242546041668,1.209386086818163,1.214670930110111,-0.3383618322139963,-0.3436466755059444
simple_ruleA,4,2016-03-13,48,0.36226116685416665,1.1812989664395221,1.2108581841752384,-0.8190377995853555,-0.8485970173210718
simple_ruleA,4,2016-03-14,48,0.4284905681875,1.1776229072275648,1.1968861961828041,-0.7491323390400649,-0.7683956279953041
simple_ruleA,5,2016-03-15,48,0.8303840695833333,1.1048883970958958,1.1237646744111272,-0.2745043275125623,-0.29338060482779366
simple_ruleA,3,2016-03-16,48,0.7362672540625,1.2779010807783384,1.2480308566539156,-0.5416338267158383,-0.5117636025914155
simple_ruleA,2,2016-03-17,48,0.6776437526458333,1.2401963702131573,1.2143048942746415,-0.562552617567324,-0.5366611416288083
simple_ruleA,2,2016-03-18,48,0.43446875041666666,1.2066685339581225,1.180448137596689,-0.7721997835414558,-0.7459793871800225
simple_ruleA,4,2016-03-19,48,0.387852648375,1.1416616510035944,1.1555897842173692,-0.7538090026285945,-0.7677371358423692
simple_ruleA,3,2018-04-10,13,0.8365385946153847,1.6476225854505242,2.3920459249980284,-0.8110839908351396,-1.5555073303826437
simple_ruleA,2,2018-04-11,48,0.8358201658125001,1.191490551394242,1.9329574978942698,-0.355670385581742,-1.09713733208177
simple_ruleA,3,2018-04-12,48,0.6412611391249999,1.1230913520312344,1.9047087554779993,-0.4818302129062344,-1.2634476163529993
simple_ruleA,3,2018-04-13,48,0.6749789275000001,1.217892718815067,2.0202432830813155,-0.542913791315067,-1.3452643555813155
simple_ruleA,4,2018-04-14,48,1.3552443770833333,0.6829068632073101,1.1238465906713573,0.6723375138760234,0.2313977864119762
simple_ruleA,2,2018-04-15,48,0.7383090050000001,0.5878026831487515,1.1084651801076295,0.15050632185124854,-0.37015617510762944
simple_ruleA,1,2018-04-16,48,0.38502236312500004,1.086259691937802,1.6877811849759388,-0.7012373288128019,-1.3027588218509387
simple_ruleA,2,2018-04-17,48,0.5230105908333333,1.473444726116165,2.263907304685897,-0.9504341352828315,-1.7408967138525633
simple_ruleA,4,2018-04-18,48,0.5061348434375,1.6162050999286228,2.2793632148705343,-1.110070256491123,-1.7732283714330341
simple_ruleA,3,2018-04-19,48,0.8024319285833333,1.9271213816610546,2.95889194385912,-1.1246894530777214,-2.1564600152757865
simple_ruleA,3,2018-04-20,48,0.880826201875,4.291808932095376,5.461568003001219,-3.410982730220376,-4.580741801126218
simple_ruleA,3,2018-04-21,48,1.1108940670104166,4.060621450652561,5.386974883646155,-2.9497273836421445,-4.276080816635738
simple_ruleA,3,2018-04-22,48,0.39408968972916664,1.79886741867375,2.949009525995429,-1.4047777289445833,-2.554919836266263
simple_ruleA,5,2018-04-23,48,1.2810660985416666,0.76445405681435,1.4116713428719667,0.5166120417273167,-0.13060524433030002
simple_ruleA,4,2018-04-24,48,0.4091332697916667,1.3031100053695617,2.027109449921819,-0.893976735577895,-1.6179761801301524
simple_ruleA,2,2018-04-25,48,0.2023494522916667,2.922286882476803,3.9685258738691065,-2.719937430185136,-3.7661764215774394
simple_ruleA,2,2018-04-26,48,0.5062309500000001,2.881288170774353,4.109634172849868,-2.375057220774353,-3.6034032228498685
simple_ruleA,3,2018-04-27,48,0.7287440279166667,3.057861382982532,4.401905841325335,-2.3291173550658653,-3.6731618134086683
simple_ruleA,4,2018-04-28,48,0.5738405042708333,3.3025247447081694,4.339263823029149,-2.7286842404373357,-3.765423318758316
simple_ruleA,5,2018-04-29,48,0.82862176625,2.8727509342171196,3.958417234559759,-2.0441291679671196,-3.129795468309759
simple_ruleA,4,2018-04-30,48,0.7851567769791666,4.046995389613481,5.083993750423133,-3.261838612634314,-4.298836973443966
simple_ruleA,5,2018-05-01,48,0.9469905514583333,4.6813510437526835,6.003313935053529,-3.7343604922943503,-5.056323383595195
simple_ruleA,4,2018-05-02,48,1.4535433592708333,1.7231334595436005,2.49909847531119,-0.26959010027276714,-1.045555116040357
simple_ruleA,4,2018-05-03,48,0.9139742508333334,1.1533109555319572,1.7802885867526552,-0.2393367046986239,-0.866314335919322
simple_ruleA,2,2018-05-04,48,1.4740269193750002,2.3690038747651037,3.476441096390617,-0.8949769553901037,-2.0024141770156167
simple_ruleA,2,2018-05-05,48,0.8744317195833333,3.457948970043127,4.682978588286418,-2.583517250459794,-3.808546868703085
simple_ruleA,1,2018-05-06,48,1.0245740916666668,3.0301625371845593,4.222323257192547,-2.0055884455178927,-3.1977491655258796
simple_ruleA,3,2018-05-07,48,0.7805408370833334,4.135083737092692,5.418542885693263,-3.3545429000093576,-4.6380020486099305
simple_ruleA,1,2018-05-08,48,0.22908054,2.0553850519989165,3.0733371096437954,-1.8263045119989165,-2.8442565696437954
simple_ruleA,5,2018-05-09,48,0.9933036568055557,1.7339792271121883,2.64390257328218,-0.7406755703066327,-1.6505989164766248
simple_ruleA,5,2018-05-10,48,1.1864842585416666,2.4304245405376794,3.4175055424280605,-1.2439402819960124,-2.231021283886394
simple_ruleA,4,2018-05-11,48,1.3072650239583334,2.575392197828507,3.487336616749092,-1.2681271738701736,-2.180071592790758
simple_ruleA,4,2018-05-12,48,0.4007906071041667,1.6524498815697326,2.4254088084388967,-1.2516592744655661,-2.02461820133473
simple_ruleA,1,2018-05-13,48,1.3729796741666667,3.2367845968432083,4.364468255041481,-1.8638049226765416,-2.9914885808748135
simple_ruleA,4,2018-05-14,48,2.2638147825000003,3.6241059213172044,4.621842646207306,-1.360291138817204,-2.3580278637073064
simple_ruleA,5,2018-05-15,48,4.272525122916667,6.969448538273993,7.93976848387186,-2.696923415357326,-3.6672433609551933
simple_ruleA,1,2018-05-16,48,1.7545096245833334,6.973710594761243,8.124110902259565,-5.219200970177909,-6.369601277676231
simple_ruleA,5,2018-05-17,48,2.3546793,5.127713317869753,6.381859928324644,-2.7730340178697523,-4.027180628324644
simple_ruleA,4,2018-05-18,48,1.669650475,1.9124047286415367,2.7430423638861434,-0.24275425364153644,-1.0733918888861436
simple_ruleA,1,2018-05-19,48,2.7034745979166668,3.2019818783951677,4.224120819492957,-0.49850728047850096,-1.5206462215762906
simple_ruleA,1,2018-05-20,48,1.7865302395833333,2.757760236474224,3.812252276658066,-0.9712299968908905,-2.0257220370747326
simple_ruleA,5,2018-05-21,48,3.68666576875,3.904832665817868,4.9903595690898035,-0.2181668970678676,-1.303693800339803
simple_ruleA,5,2018-05-22,48,4.301316341041667,3.1694137412564483,4.305393490477511,1.131902599785219,-0.004077149435843881
simple_ruleA,3,2018-05-23,48,7.288922447916668,3.0748958368952883,4.417408810736923,4.214026611021379,2.871513637179744
simple_ruleA,3,2018-05-24,48,4.644919720833333,3.685696334436828,4.963134681401698,0.9592233863965057,-0.31821496056836435
simple_ruleA,4,2018-05-25,48,6.611843,4.769148386223677,5.772695335217268,1.8426946137763227,0.8391476647827326
simple_ruleA,2,2018-05-26,48,8.061068656249999,6.6714623917722475,7.618256852325974,1.389606264477753,0.44281180392402625
simple_ruleA,5,2018-05-27,48,4.926359043958334,5.407237514245067,6.6711193063591345,-0.4808784702867337,-1.7447602624008007
simple_ruleA,5,2018-05-28,48,9.300022289583334,6.236412782754834,7.239969461487619,3.063609506828499,2.060052828095714
simple_ruleA,1,2018-05-29,48,5.725532533333333,6.139680234414908,7.333552079761502,-0.4141477010815746,-1.6080195464281688
simple_ruleA,2,2018-05-30,48,9.285427795833334,5.5209421892565045,6.821632360545586,3.764485606576829,2.4637954352877465
simple_ruleA,5,2018-05-31,48,12.184924920833334,5.802879458060258,6.902174005958582,6.382045462773075,5.282750914874753
simple_ruleA,3,2018-06-01,48,12.72816200625,8.546916177554357,9.513791718252277,4.181245828695644,3.2143702879977227
simple_ruleA,2,2018-06-02,48,11.389905470833334,8.373367615101023,9.283480036134709,3.016537855732311,2.106425434698625
simple_ruleA,5,2018-06-03,48,12.55154230625,7.386703114925879,8.38801780787209,5.164839191324121,4.1635244983779085
simple_ruleA,1,2018-06-04,48,10.149586270833334,6.442128320530066,7.563408793837877,3.7074579503032674,2.586177476995456
simple_ruleA,3,2018-06-05,48,14.328400583333334,7.192712164380378,8.422016937657816,7.135688418952956,5.906383645675518
simple_ruleA,4,2018-06-06,48,12.788825141666665,7.667747242487991,8.623340792957423,5.121077899178676,4.165484348709244
simple_ruleA,3,2018-06-07,48,14.871658104166668,6.615987690340948,7.847216278909567,8.25567041382572,7.0244418252570995
simple_ruleA,3,2018-06-08,48,12.383363635416666,6.153121639689981,7.480007082695014,6.230241995726686,4.903356552721653
simple_ruleA,2,2018-06-09,48,11.38877190625,6.03180420081576,7.213147134702367,5.35696770543424,4.175624771547634
simple_ruleA,1,2018-06-10,48,8.391238875,3.859853793916926,5.015459837316088,4.531385081083074,3.375779037683911
simple_ruleA,3,2018-06-11,48,7.900584520833334,3.7586047882903557,5.104386796741615,4.1419797325429775,2.796197724091719
simple_ruleA,2,2018-06-12,48,11.246427208333335,4.750364861678835,5.831243053078606,6.496062346654498,5.415184155254727
simple_ruleA,3,2018-06-13,48,11.08758792361111,4.896396580656221,6.173053577652314,6.19119134295489,4.914534345958798
simple_ruleA,4,2018-06-14,48,9.909037375,4.202824021020521,5.1914553213127625,5.706213353979479,4.717582053687237
simple_ruleA,4,2018-06-15,48,11.489825041666668,4.035692064920211,5.002691822612931,7.454132976746457,6.487133219053735
simple_ruleA,2,2018-06-16,48,11.32995541125,4.611752489048807,5.604150168157633,6.718202922201193,5.725805243092367
simple_ruleA,3,2018-06-17,48,10.0085567843125,5.185768210952297,6.326057419434801,4.822788573360203,3.682499364877698
simple_ruleA,2,2018-06-18,48,11.38329761875,7.021718632208205,7.739828092715186,4.361578986541795,3.6434695260348136
simple_ruleA,1,2018-06-19,48,10.082189064583334,5.288358680294803,6.180313070587629,4.793830384288531,3.9018759939957053
simple_ruleA,5,2018-06-20,48,10.912293720833333,5.792252903283523,6.66609130424958,5.1200408175498096,4.2462024165837535
simple_ruleA,2,2018-06-21,48,9.99445140625,5.661268563713658,6.564754975722503,4.333182842536343,3.4296964305274966
simple_ruleA,5,2018-06-22,48,9.810313877083333,6.924069281489345,7.567739507656398,2.8862445955939884,2.242574369426936
simple_ruleA,1,2018-06-23,48,5.821263925625001,5.892519332041495,6.671626965568893,-0.0712554064164944,-0.8503630399438925
simple_ruleA,2,2018-06-24,48,7.384723681250001,7.717134535113581,8.216959662413366,-0.33241085386358055,-0.8322359811633656
simple_ruleA,2,2018-06-25,48,6.0496021791666665,8.26402500727078,8.69748446743882,-2.2144228281041127,-2.6478822882721524
simple_ruleA,3,2018-06-26,48,3.4537272625000006,5.644814493304794,6.679915660844734,-2.1910872308047935,-3.2261883983447333
simple_ruleA,4,2018-06-27,48,3.451504610416667,5.555448969366529,6.4118721414424185,-2.1039443589498625,-2.960367531025751
simple_ruleA,4,2018-06-28,48,4.077571247916667,6.081515451909673,6.85804912136722,-2.0039442039930058,-2.7804778734505535
simple_ruleA,2,2018-06-29,48,5.3275203375,7.169094890137756,7.764675145252217,-1.8415745526377556,-2.437154807752217
simple_ruleA,5,2018-06-30,48,4.825811625,7.4975796028441435,8.074714931592009,-2.6717679778441425,-3.248903306592009
simple_ruleA,2,2018-07-01,48,4.3099015000000005,5.479248977466365,6.3912800561177265,-1.169347477466364,-2.0813785561177265
simple_ruleA,1,2018-07-02,48,4.167258685416667,5.740381499877635,6.54247981902883,-1.5731228144609677,-2.3752211336121634
simple_ruleA,5,2018-07-03,48,4.831195355555556,8.852703098074452,9.21713537040803,-4.021507742518896,-4.385940014852475
simple_ruleA,4,2018-07-04,48,5.843496376736112,9.933065445369445,10.216228435378666,-4.0895690686333355,-4.372732058642554
simple_ruleA,5,2018-07-05,48,5.057158572916667,5.456063172304673,6.3398797943211695,-0.39890459938800604,-1.2827212214045025
simple_ruleA,5,2018-07-06,48,4.055362758333334,4.30904588182122,5.240609073286231,-0.25368312348788646,-1.185246314952898
simple_ruleA,3,2018-07-07,48,4.19226923125,3.245661370216171,4.301426416613812,0.9466078610338288,-0.1091571853638124
simple_ruleA,1,2018-07-08,48,4.90197201875,3.6917098076221833,4.515974105231631,1.2102622111278167,0.3859979135183687
simple_ruleA,3,2018-07-09,48,4.689948560416666,3.066779861718238,4.123859852411761,1.6231686986984286,0.5660887080049053
simple_ruleA,5,2018-07-10,48,5.213994385416667,5.038560229524059,5.82787967424404,0.17543415589260802,-0.6138852888273728
simple_ruleA,3,2018-07-11,48,6.5276587,8.005992950367483,8.548612849209684,-1.4783342503674834,-2.0209541492096834
simple_ruleA,5,2018-07-12,48,6.145249545833334,9.240820132386675,9.494989380090546,-3.095570586553341,-3.349739834257212
simple_ruleA,3,2018-07-13,48,5.810960989583333,9.10419962452839,9.398613698936943,-3.2932386349450558,-3.5876527093536104
simple_ruleA,2,2018-07-14,48,7.893707402083334,9.689621076730354,9.682475579797794,-1.7959136746470212,-1.7887681777144613
simple_ruleA,4,2018-07-15,48,8.86829165625,9.530567332374673,9.752758264174497,-0.6622756761246736,-0.8844666079244964
simple_ruleA,5,2018-07-16,48,10.82803609375,9.404617941182629,9.447824194144241,1.4234181525673717,1.38021189960576
simple_ruleA,4,2018-07-17,48,11.132740177083333,8.668321752883614,8.98650347750167,2.464418424199719,2.146236699581665
simple_ruleA,1,2018-07-18,48,11.137558127083333,8.953326997225949,8.998592159763652,2.1842311298573844,2.1389659673196824
simple_ruleA,1,2018-07-19,48,13.359665666666666,8.663409929321753,8.744304806316794,4.696255737344913,4.615360860349873
simple_ruleA,3,2018-07-20,48,13.94127565625,9.598185826557591,9.572481502608825,4.34308982969241,4.368794153641175
simple_ruleA,4,2018-07-21,48,14.667598447916667,10.475775910386064,10.412719383012394,4.191822537530603,4.254879064904273
simple_ruleA,3,2018-07-22,48,17.241421145833332,12.063481354227351,11.292245448096766,5.177939791605981,5.9491756977365675
simple_ruleA,1,2018-07-23,48,14.9066868125,12.450154987857273,11.721957485499823,2.4565318246427283,3.1847293270001766
simple_ruleA,4,2018-07-24,48,17.56617597916667,13.687461254266855,13.087200113386947,3.878714724899813,4.478975865779719
simple_ruleA,5,2018-07-25,48,15.2256235625,12.60697611259984,11.999102431394052,2.6186474499001586,3.226521131105949
simple_ruleA,2,2018-07-26,48,15.803525125,11.997126908370605,11.351824687322557,3.8063982166293933,4.4517004376774425
simple_ruleA,5,2018-07-27,48,18.182484104166665,13.603214107037893,12.624721624778438,4.579269997128773,5.55776247938823
simple_ruleA,1,2018-07-28,48,19.978907489583335,14.44720655586527,13.144770254171979,5.531700933718066,6.834137235411355
simple_ruleA,2,2018-07-29,48,17.893377052083334,12.491009779492876,11.727209806893526,5.4023672725904595,6.166167245189809
simple_ruleA,3,2018-07-30,48,17.828049833333335,12.68508744626336,11.808866224781712,5.142962387069974,6.0191836085516215
simple_ruleA,3,2018-07-31,48,21.156810916666668,13.25984415474479,12.213371927885818,7.8969667619218775,8.94343898878085
simple_ruleA,1,2018-08-01,48,21.93689688541667,16.869130432639327,14.665751142828334,5.067766452777339,7.271145742588334
simple_ruleA,4,2018-08-02,48,24.189204364583333,16.601948291702666,15.361922435249786,7.5872560728806695,8.827281929333548
simple_ruleA,2,2018-08-03,48,24.791258786458332,17.889961583938106,15.435676134585657,6.901297202520227,9.355582651872677
simple_ruleA,4,2018-08-04,48,21.493310104166667,13.927119383591451,13.377610035728422,7.566190720575215,8.115700068438246
simple_ruleA,5,2018-08-05,48,20.0095305625,13.580808560168157,12.751463752332661,6.428722002331843,7.258066810167339
simple_ruleA,3,2018-08-06,48,19.757008916666667,13.325170205483893,12.44891261306883,6.431838711182774,7.308096303597838
simple_ruleA,1,2018-08-07,48,18.414588364583334,13.15283121594297,12.297624534841853,5.261757148640364,6.11696382974148
simple_ruleA,4,2018-08-08,48,18.160720385416667,11.561029306901787,11.469222696860896,6.599691078514879,6.6914976885557715
simple_ruleA,5,2018-08-09,48,16.7010125625,10.45672980099852,10.398454900673995,6.24428276150148,6.302557661826005
simple_ruleA,5,2018-08-10,48,19.949173958333336,11.983207433876577,11.525362137990308,7.965966524456758,8.423811820343024
simple_ruleA,2,2018-08-11,48,18.446810208333336,12.145270695119857,11.448419240740726,6.301539513213474,6.998390967592608
simple_ruleA,4,2018-08-12,48,18.256352125,11.609405104123383,11.464359779147157,6.646947020876618,6.791992345852844
simple_ruleA,2,2018-08-13,48,16.607995354166665,12.851387954908882,11.95708328716129,3.756607399257786,4.650912067005378
simple_ruleA,5,2018-08-14,48,21.323660083333333,12.808678452472355,12.08290708073632,8.514981630860978,9.240753002597014
simple_ruleA,1,2018-08-15,48,18.67880027083333,13.013816111010298,12.119054436818617,5.664984159823035,6.559745834014716
simple_ruleA,4,2018-08-16,48,12.288344958333333,9.134289757054459,9.453532873544983,3.154055201278876,2.83481208478835
simple_ruleA,2,2018-08-17,48,7.570451566666667,5.802533748372448,6.481383555301484,1.7679178182942188,1.089068011365183
simple_ruleA,4,2018-08-18,48,10.823173666666667,5.658946889932814,6.321098284345232,5.1642267767338526,4.502075382321435
simple_ruleA,3,2018-08-19,48,12.307638395833335,6.952258401552231,7.542084150501473,5.355379994281102,4.7655542453318605
simple_ruleA,4,2018-08-20,48,14.89058490625,9.269917970392639,9.553758555193156,5.620666935857361,5.336826351056845
simple_ruleA,4,2018-08-21,48,12.472552208333333,7.478947929090624,8.019286759611687,4.993604279242709,4.453265448721647
simple_ruleA,2,2018-08-22,48,14.045706645833334,8.64646132447288,8.627072371059947,5.399245321360456,5.418634274773385
simple_ruleA,1,2018-08-23,48,11.836998729166666,8.140565940830134,8.462897147992983,3.696432788336532,3.3741015811736834
simple_ruleA,3,2018-08-24,48,10.792520541666667,5.656941578632854,6.504416327276808,5.1355789630338124,4.2881042143898584
simple_ruleA,5,2018-08-25,48,10.407733666666667,6.516131393412917,7.120872006513355,3.8916022732537487,3.286861660153313
simple_ruleA,5,2018-08-26,48,13.120613364583333,5.993311458503054,6.582759491122011,7.12730190608028,6.537853873461323
simple_ruleA,5,2018-08-27,48,12.964973624999999,6.752125797431806,7.228821034326799,6.2128478275681935,5.7361525906732025
simple_ruleA,4,2018-08-28,48,10.776616979166667,6.032077811541803,6.638338142437497,4.744539167624864,4.138278836729168
simple_ruleA,4,2018-08-29,48,8.59915721875,4.602280428932974,5.348971751677762,3.996876789817026,3.2501854670722383
simple_ruleA,3,2018-08-30,48,10.177618854166667,7.6002266776131115,8.077790868645756,2.5773921765535555,2.09982798552091
simple_ruleA,1,2018-08-31,48,9.545335041666666,6.283040637958813,6.836986389521854,3.262294403707855,2.7083486521448132
simple_ruleA,2,2018-09-01,48,9.1940406125,5.766595144484605,6.373318075696165,3.4274454680153945,2.8207225368038347
simple_ruleA,2,2018-09-02,48,9.852551479166667,5.152484440587352,5.8386742219286845,4.7000670385793155,4.013877257237983
simple_ruleA,2,2018-09-03,48,7.7965321874999995,4.163917384343494,5.013013716639933,3.632614803156507,2.7835184708600678
simple_ruleA,2,2018-09-04,48,9.144821310416667,4.438344798644519,5.223786644785394,4.706476511772148,3.921034665631273
simple_ruleA,3,2018-09-05,48,9.062859662500001,4.6672369541656655,5.494530349920495,4.395622708334335,3.5683293125795044
simple_ruleA,2,2018-09-06,48,10.088790305208333,4.142988722517722,4.810209112688159,5.9458015826906125,5.278581192520176
simple_ruleA,5,2018-09-07,48,11.115055127083332,3.660051994946162,4.4567240108499195,7.455003132137172,6.658331116233414
simple_ruleA,3,2018-09-08,48,10.223947145833334,2.5567976322157544,3.3351770559571237,7.66714951361758,6.88877008987621
simple_ruleA,4,2018-09-09,48,10.090418527083333,3.1447052052939797,3.776709470065775,6.945713321789353,6.313709057017558
simple_ruleA,3,2018-09-10,48,6.189287668402778,3.20423813860887,4.0626210963475895,2.985049529793908,2.1266665720551883
simple_ruleA,3,2018-09-11,48,6.274015510416667,2.7880554558318025,3.64410402305668,3.4859600545848646,2.6299114873599865
simple_ruleA,1,2018-09-12,48,7.297151910416667,3.3527295486983255,4.03582977326493,3.9444223617183414,3.2613221371517374
simple_ruleA,2,2018-09-13,48,5.060761216666667,3.7768934361051154,4.4710853610788,1.2838677805615515,0.5896758555878664
simple_ruleA,5,2018-09-14,48,3.5804256437500004,4.354528131436387,5.001856909039192,-0.7741024876863875,-1.421431265289191
simple_ruleA,3,2018-09-15,48,4.37787570625,4.769982574953667,5.526773623941703,-0.392106868703666,-1.1488979176917022
simple_ruleA,2,2018-09-16,48,2.6671404270833334,4.1346978895297894,4.890354719096883,-1.4675574624464558,-2.223214292013549
simple_ruleA,2,2018-09-17,48,3.689023655208333,3.399976467810237,4.141472826547351,0.2890471873980966,-0.45244917133901685
simple_ruleA,3,2018-09-18,48,2.6043113779166664,2.7615913386055086,3.53900111254951,-0.157279960688842,-0.9346897346328434
simple_ruleA,2,2018-09-19,48,2.1101717033333336,2.915310339265814,3.606198959094955,-0.8051386359324809,-1.4960272557616217
simple_ruleA,4,2018-09-20,48,0.7976019938125001,2.526350112375495,3.180566046152844,-1.7287481185629947,-2.3829640523403444
simple_ruleA,5,2018-09-21,48,0.9684922160416667,2.563127586208698,3.312899794470433,-1.5946353701670315,-2.344407578428766
simple_ruleA,1,2018-09-22,48,1.286113165625,2.965853006611898,3.6512308440029755,-1.6797398409868987,-2.3651176783779753
simple_ruleA,3,2018-09-23,48,1.8461108989583332,1.472893317997683,2.170083659451715,0.3732175809606504,-0.32397276049338153
simple_ruleA,5,2018-09-24,48,1.9362030538750001,1.2423066519780326,1.8060274691619596,0.6938964018969674,0.1301755847130404
simple_ruleA,2,2018-09-25,48,2.560413458333333,1.4992955395876615,2.0749051732740713,1.061117918745672,0.4855082850592623
simple_ruleA,1,2018-09-26,48,1.929944911875,1.8148679433511894,2.4437080248348306,0.11507696852381079,-0.5137631129598305
simple_ruleA,1,2018-09-27,48,2.3870967227083333,1.7287591541331493,2.3193810865728017,0.6583375685751841,0.06771563613553151
simple_ruleA,5,2018-09-28,48,2.3075897289583334,1.3874852778742293,1.9628754923645546,0.9201044510841041,0.34471423659377876
simple_ruleA,1,2018-09-29,48,2.3703316270833334,2.1151832984749404,2.68237891312719,0.25514832860839326,-0.3120472860438565
simple_ruleA,5,2018-09-30,48,2.0839533041666667,1.4334541948342407,2.030941390147675,0.650499109332426,0.053011914018991656
knee_ruleA,1,2012-04-17,13,0.17492633815384614,0.0,0.0,0.17492633815384614,0.17492633815384614
knee_ruleA,5,2012-04-18,46,0.10277196365217392,0.0,0.0,0.10277196365217392,0.10277196365217392
knee_ruleA,3,2012-04-19,48,0.13160591110416667,0.0,0.0,0.13160591110416667,0.13160591110416667
knee_ruleA,1,2012-04-20,47,0.19268152623404253,0.0,0.0,0.19268152623404253,0.19268152623404253
knee_ruleA,4,2012-04-21,48,0.31302222352083336,0.0,0.0,0.31302222352083336,0.31302222352083336
knee_ruleA,1,2012-04-22,47,0.22889915329787233,0.0,0.0,0.22889915329787233,0.22889915329787233
knee_ruleA,2,2012-04-23,48,0.09675257410416667,0.0,0.0,0.09675257410416667,0.09675257410416667
knee_ruleA,2,2012-04-24,48,-0.1216986750625,0.0,0.0,-0.1216986750625,-0.1216986750625
knee_ruleA,4,2012-04-25,48,0.12789548795833333,0.00651319904002919,0.006640387861917295,0.12138228891830415,0.12125510009641605
knee_ruleA,1,2012-04-26,48,0.031396444041666666,0.13565190187683393,0.13566411516507468,-0.10425545783516726,-0.104267671123408
knee_ruleA,2,2012-04-27,33,-0.0011584061818181795,0.3148525728095215,0.3149095618170889,-0.3160109789913396,-0.3160679679989071
knee_ruleA,3,2012-04-28,17,0.1495946152352941,0.36296484744897894,0.36446012071948963,-0.2133702322136848,-0.2148655054841955
knee_ruleA,4,2012-04-29,48,0.0563516495625,0.7684451023478459,0.7881884918447288,-0.7120934527853459,-0.7318368422822288
knee_ruleA,5,2012-04-30,48,0.067841465,1.0395744372619096,1.0499892244685098,-0.9717329722619096,-0.9821477594685097
knee_ruleA,4,2012-05-01,35,-0.011450152857142857,1.2132915485679354,1.2434131395645593,-1.224741701425078,-1.254863292421702
knee_ruleA,1,2012-05-02,23,0.03662533839130435,1.0879761932754939,1.088078855135194,-1.0513508548841894,-1.0514535167438896
knee_ruleA,2,2012-05-03,48,0.09201962160416667,1.2431441390148645,1.2433965582388942,-1.1511245174106979,-1.1513769366347277
knee_ruleA,2,2012-05-04,40,0.085187383475,1.2149679193344842,1.2152096170026503,-1.1297805358594843,-1.1300222335276504
knee_ruleA,1,2012-05-05,48,0.0777986770625,1.5321287041516758,1.5322974020187852,-1.454330027089176,-1.454498724956285
knee_ruleA,2,2012-05-06,46,0.009543028086956524,1.3261583241009955,1.326434133272445,-1.316615296014039,-1.3168911051854886
knee_ruleA,5,2012-05-07,48,0.021618651333333332,1.249824304947393,1.2608063857540068,-1.2282056536140595,-1.2391877344206734
knee_ruleA,5,2012-05-08,48,0.19335431079166668,1.7437579145439805,1.7612403668706962,-1.5504036037523141,-1.5678860560790293
knee_ruleA,1,2012-05-09,42,0.1434148763095238,1.7393437723246319,1.7395157265570886,-1.595928896015108,-1.596100850247565
knee_ruleA,3,2012-05-10,40,0.319251258275,1.2961191109963048,1.3018678974351787,-0.9768678527213046,-0.9826166391601788
knee_ruleA,2,2012-05-11,48,0.17239545895833333,1.3678397384892855,1.3680745900675806,-1.1954442795309521,-1.1956791311092474
knee_ruleA,1,2012-05-12,48,0.17601843233333334,1.2859247543312098,1.286025324575248,-1.1099063219978764,-1.1100068922419146
knee_ruleA,3,2012-05-13,48,0.17704623283333332,1.3307490124530348,1.3365005145079152,-1.1537027796197015,-1.1594542816745819
knee_ruleA,4,2012-05-14,48,0.27600001625,1.99791780669396,2.0462474519448794,-1.7219177904439602,-1.7702474356948794
knee_ruleA,4,2012-05-15,47,0.35306912361702125,1.897371239991602,1.939771701836082,-1.544302116374581,-1.586702578219061
knee_ruleA,4,2012-05-16,48,0.4190129162291667,2.76760920842521,2.8414055854337943,-2.3485962921960435,-2.4223926692046276
knee_ruleA,1,2012-05-17,48,0.5381429567708333,2.928791410199748,2.9291148621518963,-2.390648453428914,-2.3909719053810625
knee_ruleA,1,2012-05-18,39,0.4551124043333334,2.0796311210370075,2.079822761156532,-1.6245187167036739,-1.6247103568231986
knee_ruleA,4,2012-05-19,48,0.4896868033125,2.341725135594568,2.3988401629521166,-1.852038332282068,-1.9091533596396166
knee_ruleA,1,2012-05-20,48,0.47750789,2.838952559547899,2.8392566019858534,-2.3614446695478994,-2.3617487119858533
knee_ruleA,5,2012-05-21,48,0.8335178516666667,2.322566623679187,2.3441941505440886,-1.4890487720125207,-1.5106762988774223
knee_ruleA,4,2012-05-22,32,0.702621915625,1.4979838339161777,1.524452798919746,-0.7953619182911776,-0.821830883294746
knee_ruleA,2,2012-05-23,46,0.6635871663260869,2.0573753449481655,2.057759976120622,-1.3937881786220785,-1.3941728097945354
knee_ruleA,3,2012-05-24,48,0.6281435369791667,3.1878095001065527,3.20718989611137,-2.559665963127386,-2.5790463591322035
knee_ruleA,3,2012-05-25,38,0.8183735249999999,2.9257082409812685,2.942336269451157,-2.1073347159812683,-2.123962744451157
knee_ruleA,1,2012-05-26,48,0.6980216629166667,2.7746439710078783,2.774930137444175,-2.0766223080912116,-2.0769084745275084
knee_ruleA,4,2012-05-27,48,0.8635254579166666,3.211704076990309,3.2981821489556453,-2.3481786190736424,-2.434656691038979
knee_ruleA,4,2012-05-28,45,1.0706195379333332,2.8724319480997362,2.945686433796191,-1.8018124101664033,-1.8750668958628578
knee_ruleA,1,2012-05-29,47,1.2441222806595744,2.9535398129132555,2.9538559130849382,-1.7094175322536813,-1.7097336324253638
knee_ruleA,5,2012-05-30,39,1.3168110543589744,2.588994170118395,2.6136646275196767,-1.2721831157594206,-1.2968535731607025
knee_ruleA,4,2012-05-31,48,1.122336043125,2.63840282926026,2.701870173602958,-1.5160667861352604,-1.5795341304779578
knee_ruleA,1,2012-06-01,47,1.408223744680851,3.0471190883401444,3.047440010642026,-1.638895343659294,-1.6392162659611749
knee_ruleA,1,2012-06-02,48,1.5114160385416666,3.017654596750957,3.0179706238395343,-1.5062385582092908,-1.5065545852978672
knee_ruleA,4,2012-06-03,48,1.7375850125,2.778323473721312,2.8457578986482908,-1.0407384612213122,-1.1081728861482905
knee_ruleA,5,2012-06-04,48,1.8668908327083333,3.6500455475578466,3.689923704798049,-1.7831547148495133,-1.8230328720897158
knee_ruleA,5,2012-06-05,48,2.0323514729166665,3.5066962662932966,3.5435295407336267,-1.4743447933766296,-1.5111780678169602
knee_ruleA,5,2012-06-06,48,1.9727137145833333,2.78941065218091,2.8156432099600637,-0.8166969375975767,-0.8429294953767302
knee_ruleA,4,2012-06-07,48,2.1687674958333334,3.357060265999817,3.4450548762576294,-1.1882927701664836,-1.2762873804242962
knee_ruleA,5,2012-06-08,48,2.3881609270833333,4.719753649686491,4.775718772801604,-2.331592722603158,-2.3875578457182707
knee_ruleA,5,2012-06-09,38,2.1885792210526316,3.049752786197703,3.0795185826701044,-0.8611735651450715,-0.8909393616174727
knee_ruleA,5,2012-06-10,48,2.3298899375,3.7153910002713992,3.7552113543401924,-1.3855010627713995,-1.4253214168401926
knee_ruleA,1,2012-06-11,45,2.215788988888889,2.9011770298840176,2.901459822408742,-0.6853880409951288,-0.6856708335198536
knee_ruleA,1,2012-06-12,47,2.466926670212766,2.249634587324474,2.249822687122608,0.21729208288829177,0.21710398309015788
knee_ruleA,1,2012-06-13,48,2.355464260416667,2.4495779909748134,2.4497929701024783,-0.09411373055814683,-0.09432870968581164
knee_ruleA,5,2012-06-14,48,2.396814725,2.521335526984771,2.543108248695548,-0.12452080198477107,-0.14629352369554774
knee_ruleA,2,2012-06-15,48,2.2765174375,2.9355195129180185,2.936112991878467,-0.6590020754180184,-0.659595554378467
knee_ruleA,2,2012-06-16,48,2.12172636875,3.1592658407392054,3.159923780716023,-1.037539471989205,-1.038197411966023
knee_ruleA,4,2012-06-17,48,2.4683254604166667,4.778086034112747,4.918528125820333,-2.3097605736960802,-2.4502026654036664
knee_ruleA,4,2012-06-18,48,2.57933425,4.862488783237175,5.0066788236354745,-2.2831545332371745,-2.4273445736354744
knee_ruleA,2,2012-06-19,48,2.7591370666666664,4.884872826425384,4.886102015579939,-2.1257357597587174,-2.1269649489132725
knee_ruleA,4,2012-06-20,48,4.0653092766666665,7.3444977795177655,7.597778376769657,-3.2791885028510976,-3.53246910010299
knee_ruleA,4,2012-06-21,48,2.852546154166667,4.325839655664425,4.449965298231211,-1.473293501497758,-1.5974191440645444
knee_ruleA,2,2012-06-22,35,2.690932479428571,3.585065863698583,3.58587422986179,-0.8941333842700118,-0.894941750433219
knee_ruleA,3,2012-06-23,46,3.013371210869565,3.613103702691145,3.634669474833181,-0.5997324918215798,-0.6212982639636161
knee_ruleA,3,2012-06-24,48,3.617370472916667,3.462426125367754,3.482736950248187,0.15494434754891218,0.1346335226684799
knee_ruleA,3,2012-06-25,48,3.588744060416667,2.273480363553574,2.2843288506444916,1.3152636968630926,1.304415209772175
knee_ruleA,1,2012-06-26,48,3.3450276750000003,2.3696829328946696,2.3699008870286646,0.9753447421053303,0.9751267879713352
knee_ruleA,5,2012-06-27,48,2.8715724887499996,2.5134786433741714,2.536822919900336,0.3580938453758284,0.33474956884966417
knee_ruleA,1,2012-06-28,48,2.6015098025000003,3.1467189116981955,3.1470575908753626,-0.5452091091981954,-0.5455477883753622
knee_ruleA,1,2012-06-29,48,3.3835941145833335,3.8541187011200244,3.8545674177940747,-0.4705245865366914,-0.4709733032107419
knee_ruleA,4,2012-06-30,48,2.9133323829166664,3.448473558720892,3.542844006738413,-0.5351411758042258,-0.6295116238217466
knee_ruleA,2,2012-07-01,48,2.5759667938541666,3.4646722184333694,3.465477622823803,-0.8887054245792024,-0.8895108289696366
knee_ruleA,1,2012-07-02,42,2.9145822404761907,3.992030886462711,3.9925031091542076,-1.0774486459865211,-1.0779208686780173
knee_ruleA,1,2012-07-03,48,2.5154627541666668,4.524564879789895,4.525125037329061,-2.0091021256232278,-2.009662283162394
knee_ruleA,1,2012-07-04,48,2.6683533291666666,5.681862050930481,5.682624356673003,-3.0135087217638143,-3.014271027506336
knee_ruleA,2,2012-07-05,48,3.0286032791666666,5.783998609154175,5.785611077799104,-2.755395329987509,-2.757007798632438
knee_ruleA,5,2012-07-06,46,2.6821343260869566,5.741917754890416,5.816604910300672,-3.0597834288034598,-3.1344705842137155
knee_ruleA,2,2012-07-07,44,3.637924677272727,4.384030753976234,4.385132157375448,-0.7461060767035069,-0.7472074801027208
knee_ruleA,1,2012-07-08,46,2.952379802173913,3.8060306491936253,3.8064658100881075,-0.8536508470197122,-0.8540860079141946
knee_ruleA,4,2012-07-09,48,2.5226163520833333,4.767748295848972,4.914209831373724,-2.245131943765639,-2.391593479290391
knee_ruleA,1,2012-07-10,48,3.164615041458333,6.762911880310184,6.763858918449646,-3.5982968388518497,-3.599243876991313
knee_ruleA,4,2012-07-11,48,3.165003675,6.754849956924041,6.9836139854444,-3.5898462819240415,-3.8186103104444
knee_ruleA,3,2012-07-12,48,2.8945481479166664,7.040940034765518,7.0935944685588295,-4.146391886848851,-4.199046320642162
knee_ruleA,5,2012-07-13,48,2.438382886875,7.555791396872574,7.659334868244431,-5.117408509997574,-5.220951981369431
knee_ruleA,5,2012-07-14,48,2.6562699875,8.845354399082973,8.972369399767873,-6.189084411582972,-6.3160994122678735
knee_ruleA,3,2012-07-15,48,3.2690944749999997,9.785160404247481,9.865659541091198,-6.516065929247481,-6.596565066091198
knee_ruleA,1,2012-07-16,48,3.3365409666666666,10.03513447855287,10.036661892130741,-6.698593511886203,-6.700120925464074
knee_ruleA,5,2012-07-17,47,3.506454780851064,10.801009915028844,10.965321050426114,-7.29455513417778,-7.45886626957505
knee_ruleA,3,2012-07-18,48,4.31823554375,8.149465395494195,8.213274090789648,-3.831229851744196,-3.8950385470396482
knee_ruleA,1,2012-07-19,48,4.235942120833333,6.820420110741092,6.821364678309461,-2.584477989907758,-2.585422557476128
knee_ruleA,1,2012-07-20,48,4.197089585416667,3.0282475451157063,3.028548621186108,1.1688420403009605,1.1685409642305584
knee_ruleA,4,2012-07-21,48,3.581241858333333,3.0554321292471616,3.1301182416830127,0.525809729086172,0.4511236166503208
knee_ruleA,3,2012-07-22,48,3.47300988125,3.3463634413115013,3.365287224540157,0.12664643993849836,0.107722656709843
knee_ruleA,3,2012-07-23,48,3.6027254916666664,5.669561920793673,5.709223053627525,-2.0668364291270067,-2.106497561960859
knee_ruleA,4,2012-07-24,48,3.5953668183333334,6.8095751593358145,7.0368814781423135,-3.2142083410024807,-3.44151465980898
knee_ruleA,5,2012-07-25,48,4.1132118166666665,9.429693463133493,9.567434312574052,-5.316481646466826,-5.454222495907385
knee_ruleA,4,2012-07-26,47,4.945090108510638,11.060281695665186,11.484716400738977,-6.1151915871545475,-6.5396262922283395
knee_ruleA,1,2012-07-27,46,4.631375795652175,11.594718027654025,11.59656728144791,-6.9633422320018505,-6.965191485795736
knee_ruleA,5,2012-07-28,48,5.015409016666667,11.06076811905677,11.229892288978597,-6.045359102390104,-6.214483272311931
knee_ruleA,2,2012-07-29,48,5.191188340208334,10.731670147666613,10.735138148369545,-5.5404818074582804,-5.543949808161212
knee_ruleA,2,2012-07-30,48,5.172252041666667,11.420442982254945,11.424172365203871,-6.248190940588279,-6.251920323537203
knee_ruleA,5,2012-07-31,48,6.134338235416667,9.061295571340716,9.191511758512952,-2.9269573359240497,-3.0571735230962855
knee_ruleA,5,2012-08-01,48,6.280896235416667,9.717928424106466,9.859906763215063,-3.4370321886897988,-3.579010527798397
knee_ruleA,4,2012-08-02,48,6.6504443,10.77187806863541,11.18013056013948,-4.121433768635409,-4.5296862601394805
knee_ruleA,1,2012-08-03,48,7.160892158333333,9.931294745201999,9.932785407757104,-2.7704025868686664,-2.771893249423769
knee_ruleA,2,2012-08-04,48,6.567858770833333,9.29800005279054,9.300847279554057,-2.7301412819572057,-2.732988508720725
knee_ruleA,1,2012-08-05,48,6.946719375,11.230697771312757,11.232439988365458,-4.283978396312758,-4.285720613365458
knee_ruleA,2,2012-08-06,48,5.922653764583334,8.395792559915689,8.398256736564344,-2.473138795332356,-2.4756029719810098
knee_ruleA,3,2012-08-07,48,7.153456070833333,8.995231694228229,9.066307806089155,-1.8417756233948968,-1.9128517352558203
knee_ruleA,1,2012-08-08,48,7.373567145833333,6.16982642850875,6.170614479436743,1.2037407173245827,1.2029526663965902
knee_ruleA,1,2012-08-09,47,7.0186513255319145,5.911245591197869,5.9119928453907,1.1074057343340453,1.1066584801412156
knee_ruleA,3,2012-08-10,48,6.428932797916667,7.701560233990796,7.75923394672164,-1.2726274360741288,-1.3303011488049725
knee_ruleA,1,2012-08-11,48,6.577051102083334,9.946445397193445,9.947910647436109,-3.3693942951101117,-3.3708595453527757
knee_ruleA,3,2012-08-12,48,6.641491183333333,9.71110080849934,9.78791703523064,-3.069609625166007,-3.146425851897307
knee_ruleA,2,2012-08-13,48,7.441026860416667,12.055563490389972,12.059459480999285,-4.614536629973305,-4.6184326205826185
knee_ruleA,2,2012-08-14,44,5.585122643181818,9.912254715606888,9.915241378977528,-4.327132072425069,-4.33011873579571
knee_ruleA,3,2012-08-15,48,6.8359822562499994,10.068563565973534,10.148505112322393,-3.232581309723534,-3.312522856072393
knee_ruleA,5,2012-08-16,48,7.5789022125,11.79903811176925,11.97484803752681,-4.220135899269249,-4.39594582502681
knee_ruleA,3,2012-08-17,48,7.50730011875,11.991478314890172,12.091877636149105,-4.484178196140172,-4.5845775173991035
knee_ruleA,3,2012-08-18,48,6.590918335416667,9.545680547467763,9.61992307697585,-2.954762212051097,-3.029004741559184
knee_ruleA,1,2012-08-19,48,8.61395005625,10.545257158698922,10.546823135208003,-1.9313071024489217,-1.9328730789580026
knee_ruleA,3,2012-08-20,48,7.9814005833333335,10.188152555871294,10.269699419397588,-2.206751972537961,-2.2882988360642535
knee_ruleA,2,2012-08-21,48,8.186272847916667,11.916060173891879,11.919874200746841,-3.729787325975211,-3.7336013528301764
knee_ruleA,4,2012-08-22,48,7.327301362499999,11.773598247522685,12.212675167284957,-4.446296885022684,-4.8853738047849555
knee_ruleA,4,2012-08-23,48,8.517630725,12.153107754953348,12.610957849443453,-3.63547702995335,-4.093327124443454
knee_ruleA,3,2012-08-24,48,8.681626145833333,11.7657329678419,11.862851522603227,-3.084106822008567,-3.1812253767698935
knee_ruleA,5,2012-08-25,48,9.249283554166666,11.732387392500279,11.90579713484968,-2.483103838333611,-2.6565135806830136
knee_ruleA,2,2012-08-26,48,9.87117175,11.75655449718456,11.760251126411807,-1.8853827471845597,-1.8890793764118061
knee_ruleA,1,2012-08-27,48,10.066777154166667,12.227175902710444,12.229050099002437,-2.160398748543779,-2.1622729448357716
knee_ruleA,4,2012-08-28,48,9.852360588333333,11.19581274572375,11.605122430901398,-1.3434521573904161,-1.7527618425680662
knee_ruleA,5,2012-08-29,48,21.97209148125,11.190206436739649,11.352526606469619,10.781885044510352,10.619564874780382
knee_ruleA,4,2012-08-30,48,28.967427914583336,12.480965662517137,12.954319890700958,16.486462252066193,16.013108023882378
knee_ruleA,3,2012-08-31,48,13.058101424999998,12.033988167613103,12.133702936343994,1.0241132573868958,0.9243984886560068
knee_ruleA,1,2012-09-01,46,6.837848882608696,9.937482910962268,9.938910882127177,-3.099634028353573,-3.1010619995184796
knee_ruleA,4,2012-09-02,39,2.226128878205128,6.986227450410245,7.205849336218393,-4.760098572205117,-4.979720458013266
knee_ruleA,2,2012-09-03,44,2.9446648161363638,7.9590911111562965,7.961325759022396,-5.014426295019933,-5.016660942886033
knee_ruleA,2,2012-09-04,37,2.855260219216216,9.904960441825862,9.907961313246734,-7.049700222609646,-7.052701094030518
knee_ruleA,1,2012-09-05,31,2.949354112903226,11.546824671141204,11.548568431675287,-8.597470558237978,-8.599214318772061
knee_ruleA,4,2012-09-06,38,2.514661660526316,8.908218170492232,9.218049829383324,-6.393556509965916,-6.703388168857006
knee_ruleA,3,2012-09-07,42,1.6679321140476189,8.174726365196191,8.236073240022781,-6.506794251148573,-6.5681411259751625
knee_ruleA,3,2012-09-08,48,3.0139437527083337,8.882977925338896,8.951342073456946,-5.869034172630562,-5.9373983207486125
knee_ruleA,2,2012-09-09,48,4.418429550208333,10.217329877131087,10.220479441552857,-5.798900326922755,-5.802049891344525
knee_ruleA,3,2012-09-10,16,2.077358675,6.155092681052253,6.196669100089321,-4.077734006052253,-4.119310425089321
knee_ruleA,3,2016-01-05,20,6.49421187465,15.653733701812607,15.7756262573829,-9.159521827162607,-9.281414382732898
knee_ruleA,2,2016-01-06,48,7.075986391375,13.609467017225668,13.613369397588018,-6.533480625850668,-6.537383006213019
knee_ruleA,5,2016-01-07,48,6.803397345895834,12.872659024338112,13.045170026914581,-6.06926167844228,-6.241772681018747
knee_ruleA,2,2016-01-08,48,9.704917027520834,11.40025628701734,11.403580452403551,-1.6953392594965067,-1.6986634248827175
knee_ruleA,5,2016-01-09,48,14.033978211395834,9.75243549797762,9.886104367619824,4.2815427134182125,4.147873843776009
knee_ruleA,1,2016-01-10,48,15.418391934729167,8.237956448022347,8.239122954305302,7.18043548670682,7.179268980423864
knee_ruleA,2,2016-01-11,48,7.896477082791667,7.295987690765219,7.298166403337741,0.6004893920264478,0.598310679453926
knee_ruleA,3,2016-01-12,48,7.7312570626041675,6.475862659314445,6.526509889448648,1.2553944032897213,1.2047471731555182
knee_ruleA,2,2016-01-13,48,4.5047918749375,5.834863661479004,5.836617006354817,-1.330071786541504,-1.3318251314173162
knee_ruleA,4,2016-01-14,48,2.2360425419375,5.016858985387463,5.192430309393495,-2.780816443449963,-2.9563877674559946
knee_ruleA,1,2016-01-15,48,1.8144326055833335,4.27836935510007,4.278965710393708,-2.4639367495167366,-2.4645331048103745
knee_ruleA,1,2016-01-16,48,1.831333733125,3.786164999455321,3.7866887979313355,-1.954831266330321,-1.9553550648063356
knee_ruleA,4,2016-01-17,48,2.2107020326041664,3.6428854899940952,3.7687330998030486,-1.4321834573899286,-1.5580310671988824
knee_ruleA,5,2016-01-18,48,1.5406963808125,3.306128971762949,3.3516308004797364,-1.765432590950449,-1.8109344196672366
knee_ruleA,5,2016-01-19,48,1.4218097842916668,3.4676192826246877,3.516281735969164,-2.045809498333021,-2.0944719516774977
knee_ruleA,4,2016-01-20,48,1.3806500620208333,2.9582658880095885,3.059396076197006,-1.5776158259887552,-1.6787460141761728
knee_ruleA,3,2016-01-21,48,1.3695420448541666,2.9683534918486814,2.99135761044457,-1.5988114469945145,-1.6218155655904027
knee_ruleA,3,2016-01-22,48,2.1822751739375,2.661804372962873,2.682192144073897,-0.4795291990253732,-0.4999169701363971
knee_ruleA,3,2016-01-23,48,2.026367208854167,2.734683837352257,2.756289105824069,-0.7083166284980903,-0.7299218969699025
knee_ruleA,5,2016-01-24,48,1.465879558875,2.4482353173293774,2.4799343290838944,-0.9823557584543775,-1.0140547702088945
knee_ruleA,2,2016-01-25,48,1.3313869148333333,2.1786903219858007,2.179262208480824,-0.8473034071524673,-0.8478752936474908
knee_ruleA,1,2016-01-26,48,1.0486739028541667,2.1792636361639417,2.1795419892761507,-1.130589733309775,-1.1308680864219842
knee_ruleA,5,2016-01-27,48,1.46441060075,2.2208853317405404,2.249082005137049,-0.7564747309905403,-0.7846714043870492
knee_ruleA,4,2016-01-28,48,1.3385037907291668,2.532904990336514,2.618219583632301,-1.1944011996073474,-1.279715792903134
knee_ruleA,4,2016-01-29,48,1.4153455119166667,2.4963768410341047,2.5810193863323874,-1.0810313291174378,-1.1656738744157205
knee_ruleA,1,2016-01-30,48,1.4488652037499998,2.7664671226435615,2.766866104486652,-1.3176019188935613,-1.3180009007366518
knee_ruleA,2,2016-01-31,48,1.0211748025833334,2.5408019389747127,2.541540267077966,-1.5196271363913796,-1.5203654644946323
knee_ruleA,5,2016-02-01,48,1.31608576175,2.466319073980499,2.4999346302568717,-1.150233312230499,-1.1838488685068718
knee_ruleA,2,2016-02-02,48,1.0673245917291667,2.2493587950746545,2.2500038436291225,-1.1820342033454878,-1.182679251899956
knee_ruleA,1,2016-02-03,48,1.3040168001874999,2.187228722893942,2.187529669742347,-0.8832119227064424,-0.8835128695548472
knee_ruleA,2,2016-02-04,48,1.4078973600208335,2.3013005488923897,2.3019770910819903,-0.8934031888715565,-0.8940797310611571
knee_ruleA,4,2016-02-05,48,1.5994484575624999,2.5349759636674505,2.6263873471066295,-0.9355275061049504,-1.0269388895441292
knee_ruleA,3,2016-02-06,48,0.9542110225624999,1.8643026847659228,1.8779207346327842,-0.9100916622034231,-0.9237097120702841
knee_ruleA,2,2016-02-07,48,0.9614311591458334,1.4879221002813088,1.4883128910674264,-0.5264909411354753,-0.5268817319215929
knee_ruleA,1,2016-02-08,48,0.8452091317916667,1.3057073093866975,1.305866417792582,-0.4604981775950309,-0.4606572860009155
knee_ruleA,3,2016-02-09,48,0.6845879005,1.384012864265845,1.3934718415582215,-0.6994249637658448,-0.7088839410582216
knee_ruleA,3,2016-02-10,48,0.8398312056458334,1.8262924810821797,1.8401069870429618,-0.9864612754363461,-1.0002757813971284
knee_ruleA,4,2016-02-11,48,0.49195505458333333,1.7655223860839426,1.8255540692775458,-1.2735673315006093,-1.3335990146942125
knee_ruleA,3,2016-02-12,48,0.7809307702916667,1.6806542545110743,1.6932876353684365,-0.8997234842194078,-0.9123568650767697
knee_ruleA,4,2016-02-13,48,0.9029530644791667,1.6475138999574954,1.7038543047915837,-0.7445608354783287,-0.8009012403124172
knee_ruleA,5,2016-02-14,48,0.8544824970208333,1.5830282050298343,1.6044638518942465,-0.7285457080090011,-0.749981354873413
knee_ruleA,5,2016-02-15,48,1.2600707122500001,1.4503129377561625,1.4691947764783413,-0.19024222550616235,-0.2091240642283414
knee_ruleA,5,2016-02-16,48,0.5249427641875,1.3524327740424058,1.3697389019830781,-0.8274900098549058,-0.844796137795578
knee_ruleA,5,2016-02-17,48,0.34336849093750005,1.4390409999336775,1.457979067922727,-1.0956725089961774,-1.1146105769852268
knee_ruleA,5,2016-02-18,48,0.9328331616458333,1.4461825007279527,1.4653848307784905,-0.5133493390821195,-0.5325516691326572
knee_ruleA,2,2016-02-19,48,0.7993378167083334,1.4786158169967516,1.4790421493073163,-0.6792780002884183,-0.679704332598983
knee_ruleA,2,2016-02-20,48,0.3710011784375,1.532879985738303,1.5333305215501432,-1.161878807300803,-1.1623293431126431
knee_ruleA,2,2016-02-21,48,-1.4817916566041667,1.4375873474569163,1.4380040085054224,-2.919379004061083,-2.9197956651095893
knee_ruleA,1,2016-02-22,48,-2.5303195296458334,1.4930810053075305,1.4932925681725242,-4.023400534953364,-4.023612097818358
knee_ruleA,2,2016-02-23,48,-0.9214623069583333,1.4385349079710037,1.438956714438287,-2.359997214929337,-2.3604190213966203
knee_ruleA,3,2016-02-24,48,0.6395138363958334,1.4096275760637642,1.420389339325472,-0.7701137396679308,-0.7808755029296389
knee_ruleA,1,2016-02-25,48,0.2902012683125,1.2556736498882026,1.2558439335193723,-0.9654723815757026,-0.9656426652068725
knee_ruleA,3,2016-02-26,48,0.53052630221875,1.103970096650937,1.1118063391044535,-0.573443794432187,-0.5812800368857034
knee_ruleA,4,2016-02-27,48,0.6093463509166667,1.1981195171559536,1.23760519367455,-0.588773166239287,-0.6282588427578834
knee_ruleA,5,2016-02-28,48,0.8025298725416666,1.0762533807146173,1.0899510782107917,-0.27372350817295066,-0.2874212056691251
knee_ruleA,2,2016-02-29,48,0.42504096327083335,1.2266719817116976,1.227023705297453,-0.801631018440864,-0.8019827420266198
knee_ruleA,1,2016-03-01,48,0.605103436125,1.0451846279553612,1.0453219217712808,-0.4400811918303611,-0.44021848564628074
knee_ruleA,3,2016-03-02,48,0.7054132284583333,0.9395074444003394,0.946001794813077,-0.23409421594200605,-0.24058856635474365
knee_ruleA,5,2016-03-03,48,1.096092631,1.046817318908496,1.0603493989104125,0.04927531209150404,0.03574323208958755
knee_ruleA,4,2016-03-04,48,0.7806289255208333,1.172995594822981,1.2129784664237644,-0.3923666693021477,-0.43234954090293104
knee_ruleA,5,2016-03-05,48,0.24562592939583336,1.3646490533733793,1.3843726828939806,-1.1190231239775457,-1.1387467534981475
knee_ruleA,1,2016-03-06,48,0.5235694555625,1.4433939764974142,1.4436137055504628,-0.9198245209349142,-0.920044249987963
knee_ruleA,3,2016-03-07,48,0.7508692366249999,1.408483973753601,1.4199997973646663,-0.6576147371286011,-0.6691305607396661
knee_ruleA,3,2016-03-08,48,0.6652003633958333,1.3691168478030464,1.380177964155098,-0.7039164844072131,-0.7149776007592649
knee_ruleA,1,2016-03-09,48,0.31076704541666667,1.3180050241555399,1.3182012261213665,-1.0072379787388732,-1.0074341807046998
knee_ruleA,5,2016-03-10,48,0.5880632022083333,1.323299221225506,1.3425206646004624,-0.7352360190171726,-0.7544574623921293
knee_ruleA,4,2016-03-11,48,0.6152219125,1.2137106365016954,1.256993290204277,-0.5984887240016953,-0.6417713777042772
knee_ruleA,5,2016-03-12,48,0.8710242546041668,1.1913124411617932,1.2082362092600154,-0.3202881865576265,-0.3372119546558487
knee_ruleA,4,2016-03-13,48,0.36226116685416665,1.1558322304946804,1.1967811610003412,-0.7935710636405137,-0.8345199941461745
knee_ruleA,4,2016-03-14,48,0.4284905681875,1.1668738496574906,1.2089976206275497,-0.7383832814699905,-0.7805070524400497
knee_ruleA,5,2016-03-15,48,0.8303840695833333,1.0849378458336765,1.1000751700677538,-0.2545537762503431,-0.2696911004844204
knee_ruleA,3,2016-03-16,48,0.7362672540625,1.2630677744226522,1.2734225553665888,-0.5268005203601521,-0.5371553013040887
knee_ruleA,2,2016-03-17,48,0.6776437526458333,1.2169261219510519,1.2173029318185418,-0.5392823693052186,-0.5396591791727084
knee_ruleA,2,2016-03-18,48,0.43446875041666666,1.188936086614124,1.1893051878317542,-0.7544673361974573,-0.7548364374150877
knee_ruleA,4,2016-03-19,48,0.387852648375,1.1288524330239027,1.1698374551690922,-0.7409997846489027,-0.7819848067940921
knee_ruleA,3,2018-04-10,13,0.8365385946153847,2.156600215664579,2.167031654111459,-1.3200616210491942,-1.3304930594960744
knee_ruleA,2,2018-04-11,48,0.8358201658125001,2.0922475048162936,2.0925375172821603,-1.2564273390037939,-1.2567173514696603
knee_ruleA,3,2018-04-12,48,0.6412611391249999,2.2836853396541117,2.291290488097949,-1.6424242005291116,-1.650029348972949
knee_ruleA,3,2018-04-13,48,0.6749789275000001,2.4484920493148015,2.45671066483372,-1.7735131218148015,-1.7817317373337198
knee_ruleA,4,2018-04-14,48,1.3552443770833333,1.7731077688981765,1.7918538667504158,-0.41786339181484294,-0.43660948966708246
knee_ruleA,2,2018-04-15,48,0.7383090050000001,1.7676651346524554,1.767828729948396,-1.0293561296524556,-1.0295197249483958
knee_ruleA,1,2018-04-16,48,0.38502236312500004,2.4653672228840238,2.465495117934373,-2.0803448597590237,-2.080472754809373
knee_ruleA,2,2018-04-17,48,0.5230105908333333,2.716092034303489,2.7164570177247676,-2.1930814434701555,-2.193446426891434
knee_ruleA,4,2018-04-18,48,0.5061348434375,2.661725336812404,2.703154765949609,-2.155590493374904,-2.197019922512109
knee_ruleA,3,2018-04-19,48,0.8024319285833333,3.137535779182651,3.150197181336008,-2.335103850599318,-2.3477652527526742
knee_ruleA,3,2018-04-20,48,0.880826201875,5.187470346302151,5.216620605108228,-4.306644144427151,-4.335794403233227
knee_ruleA,3,2018-04-21,48,1.1108940670104166,5.0035790913781115,5.0305359340562505,-3.892685024367695,-3.9196418670458333
knee_ruleA,3,2018-04-22,48,0.39408968972916664,3.104609718680211,3.1164150464374973,-2.7105200289510445,-2.7223253567083305
knee_ruleA,5,2018-04-23,48,1.2810660985416666,2.24237002385996,2.251875433591388,-0.9613039253182935,-0.9708093350497217
knee_ruleA,4,2018-04-24,48,0.4091332697916667,2.569268044634424,2.6027273605648826,-2.1601347748427573,-2.193594090773216
knee_ruleA,2,2018-04-25,48,0.2023494522916667,4.239056317386344,4.239779835808041,-4.0367068650946765,-4.037430383516375
knee_ruleA,2,2018-04-26,48,0.5062309500000001,4.051486915829773,4.052184886316916,-3.5452559658297726,-3.545953936316917
knee_ruleA,3,2018-04-27,48,0.7287440279166667,4.255953420107315,4.275891833062434,-3.5272093921906484,-3.5471478051457677
knee_ruleA,4,2018-04-28,48,0.5738405042708333,4.087470669121124,4.172100888040845,-3.5136301648502895,-3.5982603837700116
knee_ruleA,5,2018-04-29,48,0.82862176625,3.901910682562588,3.9335182288965806,-3.0732889163125883,-3.1048964626465803
knee_ruleA,4,2018-04-30,48,0.7851567769791666,4.641459225905263,4.7487039320183655,-3.8563024489260957,-3.963547155039199
knee_ruleA,5,2018-05-01,48,0.9469905514583333,5.293371854188978,5.3449021631978475,-4.346381302730644,-4.397911611739514
knee_ruleA,4,2018-05-02,48,1.4535433592708333,2.7215541744090346,2.764687113852849,-1.2680108151382012,-1.3111437545820153
knee_ruleA,4,2018-05-03,48,0.9139742508333334,2.313911910009868,2.343688814013079,-1.3999376591765345,-1.4297145631797452
knee_ruleA,2,2018-05-04,48,1.4740269193750002,3.436998341109117,3.4375681937795157,-1.9629714217341168,-1.9635412744045155
knee_ruleA,2,2018-05-05,48,0.8744317195833333,4.3456492440515975,4.346485867843386,-3.471217524468264,-3.4720541482600527
knee_ruleA,1,2018-05-06,48,1.0245740916666668,3.902694298603429,3.903028086704083,-2.878120206936762,-2.8784539950374164
knee_ruleA,3,2018-05-07,48,0.7805408370833334,5.001905103078002,5.029508320019336,-4.221364265994668,-4.248967482936003
knee_ruleA,1,2018-05-08,48,0.22908054,3.098091429598073,3.098319275051915,-2.869010889598073,-2.869238735051915
knee_ruleA,5,2018-05-09,48,0.9933036568055557,2.8301492522969594,2.849054035007431,-1.836845595491404,-1.8557503782018756
knee_ruleA,5,2018-05-10,48,1.1864842585416666,3.3804702972526157,3.4070252026012793,-2.1939860387109493,-2.2205409440596124
knee_ruleA,4,2018-05-11,48,1.3072650239583334,3.309617845022528,3.3740075341171925,-2.002352821064195,-2.0667425101588592
knee_ruleA,4,2018-05-12,48,0.4007906071041667,2.582363827584166,2.623175522559862,-2.1815732204799994,-2.222384915455695
knee_ruleA,1,2018-05-13,48,1.3729796741666667,4.007775481722834,4.008137576817312,-2.6347958075561673,-2.6351579026506453
knee_ruleA,4,2018-05-14,48,2.2638147825000003,4.143376246210804,4.237055103784294,-1.8795614637108038,-1.9732403212842933
knee_ruleA,5,2018-05-15,48,4.272525122916667,7.240505047098218,7.325834439728279,-2.9679799241815523,-3.053309316811612
knee_ruleA,1,2018-05-16,48,1.7545096245833334,7.152722107465418,7.153556485698133,-5.3982124828820846,-5.3990468611148
knee_ruleA,5,2018-05-17,48,2.3546793,5.561415717099244,5.618497439248493,-3.206736417099244,-3.263818139248493
knee_ruleA,4,2018-05-18,48,1.669650475,2.775759956459084,2.8227056661388126,-1.1061094814590842,-1.1530551911388125
knee_ruleA,1,2018-05-19,48,2.7034745979166668,4.004612569020261,4.004979890358012,-1.3011379711035944,-1.3015052924413448
knee_ruleA,1,2018-05-20,48,1.7865302395833333,3.6249850845123865,3.6252935966684294,-1.8384548449290534,-1.8387633570850959
knee_ruleA,5,2018-05-21,48,3.68666576875,4.581348698706707,4.625279702014859,-0.8946829299567071,-0.938613933264859
knee_ruleA,5,2018-05-22,48,4.301316341041667,3.9423718739122564,3.976667294106108,0.3589444671294104,0.324649046935559
knee_ruleA,3,2018-05-23,48,7.288922447916668,4.010959048346306,4.030577849969325,3.2779633995703605,3.258344597947342
knee_ruleA,3,2018-05-24,48,4.644919720833333,4.53584856523164,4.55995939716097,0.10907115560169357,0.08496032367236368
knee_ruleA,4,2018-05-25,48,6.611843,5.116679028593615,5.246832380116046,1.4951639714063845,1.365010619883954
knee_ruleA,2,2018-05-26,48,8.061068656249999,7.081919350776661,7.08370292067088,0.979149305473339,0.9773657355791201
knee_ruleA,5,2018-05-27,48,4.926359043958334,5.810863596315588,5.871473662384228,-0.8845045523572543,-0.9451146184258946
knee_ruleA,5,2018-05-28,48,9.300022289583334,6.615392575473508,6.690793387752142,2.684629714109825,2.609228901831191
knee_ruleA,1,2018-05-29,48,5.725532533333333,6.457633969248391,6.458358009335373,-0.7321014359150583,-0.7328254760020397
knee_ruleA,2,2018-05-30,48,9.285427795833334,6.0067225864386815,6.008085788755397,3.278705209394652,3.277342007077937
knee_ruleA,5,2018-05-31,48,12.184924920833334,6.195747315959559,6.263940424754099,5.989177604873775,5.920984496079235
knee_ruleA,3,2018-06-01,48,12.72816200625,8.828216739422192,8.890136616920152,3.8999452668278085,3.8380253893298484
knee_ruleA,2,2018-06-02,48,11.389905470833334,8.589707458863439,8.591981839913833,2.800198011969895,2.797923630919499
knee_ruleA,5,2018-06-03,48,12.55154230625,7.6158324482597735,7.706211398934592,4.935709857990227,4.845330907315408
knee_ruleA,1,2018-06-04,48,10.149586270833334,6.750165153179228,6.750941556093849,3.3994211176541054,3.398644714739485
knee_ruleA,3,2018-06-05,48,14.328400583333334,7.587700983363682,7.637562492949182,6.740699599969652,6.690838090384152
knee_ruleA,4,2018-06-06,48,12.788825141666665,7.657625833009198,7.886416157035378,5.131199308657469,4.902408984631288
knee_ruleA,3,2018-06-07,48,14.871658104166668,7.052561417427198,7.0981550606468495,7.819096686739468,7.773503043519817
knee_ruleA,3,2018-06-08,48,12.383363635416666,6.601819216759378,6.64318250297003,5.781544418657288,5.7401811324466365
knee_ruleA,2,2018-06-09,48,11.38877190625,6.386343813494068,6.387865355196307,5.002428092755932,5.000906551053694
knee_ruleA,1,2018-06-10,48,8.391238875,4.426530682458829,4.4269623229650525,3.964708192541172,3.964276552034947
knee_ruleA,3,2018-06-11,48,7.900584520833334,4.474622846938046,4.498631328822305,3.4259616738952876,3.401953192011028
knee_ruleA,2,2018-06-12,48,11.246427208333335,5.243981593315303,5.245175452431413,6.002445615018029,6.001251755901921
knee_ruleA,3,2018-06-13,48,11.08758792361111,5.411186477625052,5.443435345654495,5.676401445986059,5.644152577956617
knee_ruleA,4,2018-06-14,48,9.909037375,4.452140625761723,4.561712854945344,5.456896749238276,5.347324520054656
knee_ruleA,4,2018-06-15,48,11.489825041666668,4.300886971801361,4.405878956681089,7.188938069865306,7.083946084985578
knee_ruleA,2,2018-06-16,48,11.32995541125,5.062425378648726,5.063594757677514,6.267530032601274,6.2663606535724865
knee_ruleA,3,2018-06-17,48,10.0085567843125,5.599026169965292,5.633881508327818,4.409530614347207,4.374675275984682
knee_ruleA,2,2018-06-18,48,11.38329761875,7.182113178245058,7.184027890528108,4.201184440504942,4.199269728221892
knee_ruleA,1,2018-06-19,48,10.082189064583334,5.529392810136365,5.5300334476921265,4.552796254446969,4.552155616891207
knee_ruleA,5,2018-06-20,48,10.912293720833333,5.953056550734225,6.022441442324822,4.959237170099109,4.889852278508512
knee_ruleA,2,2018-06-21,48,9.99445140625,5.893071187243948,5.894536467591727,4.10138021900605,4.099914938658273
knee_ruleA,5,2018-06-22,48,9.810313877083333,7.018815161426251,7.107265922572997,2.7914987156570814,2.7030479545103367
knee_ruleA,1,2018-06-23,48,5.821263925625001,6.053345519322824,6.054082364984434,-0.23208159369782377,-0.23281843935943394
knee_ruleA,2,2018-06-24,48,7.384723681250001,7.813204381753984,7.8153887325913765,-0.42848070050398435,-0.4306650513413764
knee_ruleA,2,2018-06-25,48,6.0496021791666665,8.28788777620075,8.290240096323199,-2.2382855970340834,-2.240637917156532
knee_ruleA,3,2018-06-26,48,3.4537272625000006,5.904430626889859,5.942783906470086,-2.4507033643898586,-2.4890566439700854
knee_ruleA,4,2018-06-27,48,3.451504610416667,5.4986446228725905,5.654693091491727,-2.0471400124559236,-2.20318848107506
knee_ruleA,4,2018-06-28,48,4.077571247916667,6.002543647657117,6.181232281003061,-1.9249723997404493,-2.1036610330863943
knee_ruleA,2,2018-06-29,48,5.3275203375,7.223259192971875,7.225232322112962,-1.8957388554718744,-1.8977119846129613
knee_ruleA,5,2018-06-30,48,4.825811625,7.449144716013794,7.545095336428543,-2.623333091013793,-2.719283711428542
knee_ruleA,2,2018-07-01,48,4.3099015000000005,5.634361893864827,5.635752623684403,-1.3244603938648265,-1.3258511236844026
knee_ruleA,1,2018-07-02,48,4.167258685416667,5.81710325187026,5.817804975724687,-1.649844566453593,-1.6505462903080195
knee_ruleA,5,2018-07-03,48,4.831195355555556,8.71376440999857,8.83157896781376,-3.882569054443014,-4.0003836122582035
knee_ruleA,4,2018-07-04,48,5.843496376736112,9.744036188395766,10.08780584592678,-3.9005398116596552,-4.244309469190669
knee_ruleA,5,2018-07-05,48,5.057158572916667,5.532319482340718,5.595882188651339,-0.4751609094240512,-0.5387236157346719
knee_ruleA,5,2018-07-06,48,4.055362758333334,4.540891831450762,4.5894410692384495,-0.48552907311742777,-0.5340783109051158
knee_ruleA,3,2018-07-07,48,4.19226923125,3.770293280946341,3.791233106138859,0.4219759503036593,0.40103612511114095
knee_ruleA,1,2018-07-08,48,4.90197201875,4.0346609000857505,4.035094472349191,0.8673111186642498,0.866877546400809
knee_ruleA,3,2018-07-09,48,4.689948560416666,3.5938251944125335,3.613413614709368,1.0961233660041334,1.0765349457072986
knee_ruleA,5,2018-07-10,48,5.213994385416667,5.176185716259547,5.236081977143744,0.037808669157120355,-0.022087591727077083
knee_ruleA,3,2018-07-11,48,6.5276587,7.94026811692152,7.998823243541704,-1.4126094169215202,-1.471164543541704
knee_ruleA,5,2018-07-12,48,6.145249545833334,9.012833898019867,9.13655981682747,-2.867584352186533,-2.991310270994136
knee_ruleA,3,2018-07-13,48,5.810960989583333,8.962977634485027,9.031740872101006,-3.1520166449016926,-3.220779882517672
knee_ruleA,2,2018-07-14,48,7.893707402083334,9.535642207714423,9.538525457564639,-1.6419348056310883,-1.6448180554813048
knee_ruleA,4,2018-07-15,48,8.86829165625,9.356571256359352,9.689343220577461,-0.4882796001093524,-0.821051564327461
knee_ruleA,5,2018-07-16,48,10.82803609375,9.29240427208042,9.424502048238146,1.5356318216695801,1.4035340455118543
knee_ruleA,4,2018-07-17,48,11.132740177083333,8.487222744360457,8.782228654305749,2.6455174327228765,2.350511522777584
knee_ruleA,1,2018-07-18,48,11.137558127083333,8.878139044863174,8.879423631087473,2.2594190822201594,2.25813449599586
knee_ruleA,1,2018-07-19,48,13.359665666666666,8.619035691491906,8.620276508279753,4.740629975174762,4.739389158386914
knee_ruleA,3,2018-07-20,48,13.94127565625,9.52808225120785,9.604415726810716,4.413193405042149,4.336859929439284
knee_ruleA,4,2018-07-21,48,14.667598447916667,10.545844211630998,10.941789016763195,4.12175423628567,3.7258094311534706
knee_ruleA,3,2018-07-22,48,17.241421145833332,12.053768043417177,12.157494426261335,5.1876531024161565,5.083926719571998
knee_ruleA,1,2018-07-23,48,14.9066868125,12.397309220853707,12.39925744969612,2.5093775916462935,2.5074293628038804
knee_ruleA,4,2018-07-24,48,17.56617597916667,13.98014213725648,14.537012120221002,3.586033841910186,3.0291638589456653
knee_ruleA,5,2018-07-25,48,15.2256235625,12.427781680059029,12.616450468408521,2.7978418824409714,2.6091730940914792
knee_ruleA,2,2018-07-26,48,15.803525125,11.805351967414063,11.809156181790376,3.9981731575859363,3.9943689432096243
knee_ruleA,5,2018-07-27,48,18.182484104166665,13.621387004439532,13.835528938657253,4.561097099727136,4.346955165509414
knee_ruleA,1,2018-07-28,48,19.978907489583335,14.558117819876268,14.560504653810328,5.420789669707067,5.418402835773004
knee_ruleA,2,2018-07-29,48,17.893377052083334,12.300566774098426,12.30456548342756,5.59281027798491,5.588811568655775
knee_ruleA,3,2018-07-30,48,17.828049833333335,12.613589121479514,12.722614842428953,5.21446071185382,5.105434990904379
knee_ruleA,3,2018-07-31,48,21.156810916666668,13.21650556299035,13.332089311500589,7.940305353676319,7.824721605166079
knee_ruleA,1,2018-08-01,48,21.93689688541667,17.69769141876683,17.70077759567017,4.239205466649838,4.236119289746495
knee_ruleA,4,2018-08-02,48,24.189204364583333,17.456755772925618,18.18877689290701,6.732448591657715,6.00042747167632
knee_ruleA,2,2018-08-03,48,24.791258786458332,18.21654498923293,18.223068429011114,6.574713797225404,6.568190357447219
knee_ruleA,4,2018-08-04,48,21.493310104166667,14.064305867020465,14.618324141860342,7.429004237146202,6.874985962306325
knee_ruleA,5,2018-08-05,48,20.0095305625,13.48626578754056,13.694877670111692,6.52326477495944,6.314652892388307
knee_ruleA,3,2018-08-06,48,19.757008916666667,13.131672601680771,13.244360575506603,6.625336314985897,6.512648341160065
knee_ruleA,1,2018-08-07,48,18.414588364583334,13.120661774153495,13.12274193304806,5.293926590429839,5.291846431535276
knee_ruleA,4,2018-08-08,48,18.160720385416667,11.474481465045711,11.90414367735013,6.686238920370957,6.256576708066537
knee_ruleA,5,2018-08-09,48,16.7010125625,10.254504262425195,10.401871792822062,6.4465083000748065,6.299140769677937
knee_ruleA,5,2018-08-10,48,19.949173958333336,11.861632899945237,12.039921772181211,8.087541058388096,7.9092521861521226
knee_ruleA,2,2018-08-11,48,18.446810208333336,12.050896892839027,12.05481186189458,6.395913315494307,6.391998346438754
knee_ruleA,4,2018-08-12,48,18.256352125,11.571687953473818,12.008784759687664,6.684664171526182,6.247567365312336
knee_ruleA,2,2018-08-13,48,16.607995354166665,12.739704513497664,12.743898156745196,3.8682908406690033,3.8640971974214717
knee_ruleA,5,2018-08-14,48,21.323660083333333,12.76001644140763,12.956626487370224,8.563643641925703,8.36703359596311
knee_ruleA,1,2018-08-15,48,18.67880027083333,13.062240552556142,13.064328122262223,5.61655971827719,5.61447214857111
knee_ruleA,4,2018-08-16,48,12.288344958333333,8.881826921693568,9.190587192672677,3.4065180366397656,3.0977577656606563
knee_ruleA,2,2018-08-17,48,7.570451566666667,5.911127874838087,5.912677202382006,1.65932369182858,1.6577743642846616
knee_ruleA,4,2018-08-18,48,10.823173666666667,5.605671143536969,5.775427768718173,5.217502523129698,5.047745897948494
knee_ruleA,3,2018-08-19,48,12.307638395833335,7.023778730212932,7.074681024314747,5.283859665620401,5.232957371518586
knee_ruleA,4,2018-08-20,48,14.89058490625,9.061393655629836,9.379309888251031,5.829191250620165,5.511275017998969
knee_ruleA,4,2018-08-21,48,12.472552208333333,7.251787189298603,7.4887538278219585,5.22076501903473,4.9837983805113755
knee_ruleA,2,2018-08-22,48,14.045706645833334,8.704089282030395,8.70674153051704,5.341617363802938,5.338965115316295
knee_ruleA,1,2018-08-23,48,11.836998729166666,7.966067063091657,7.967162900582679,3.8709316660750104,3.869835828583988
knee_ruleA,3,2018-08-24,48,10.792520541666667,5.7839816865662845,5.822951189952949,5.008538855100382,4.969569351713718
knee_ruleA,5,2018-08-25,48,10.407733666666667,6.4475385901030124,6.528792643275152,3.960195076563654,3.878941023391515
knee_ruleA,5,2018-08-26,48,13.120613364583333,6.018766221708031,6.094192622667755,7.101847142875303,7.026420741915577
knee_ruleA,5,2018-08-27,48,12.964973624999999,6.720702387152536,6.808161633360398,6.244271237847464,6.156811991639603
knee_ruleA,4,2018-08-28,48,10.776616979166667,5.909596268669215,6.094013295711619,4.86702071049745,4.6826036834550475
knee_ruleA,4,2018-08-29,48,8.59915721875,4.571992912889568,4.699953523021575,4.027164305860432,3.8992036957284246
knee_ruleA,3,2018-08-30,48,10.177618854166667,7.548814938169785,7.604832676472615,2.6288039159968823,2.5727861776940517
knee_ruleA,1,2018-08-31,48,9.545335041666666,6.252731129749006,6.25353897913426,3.2926039119176607,3.291796062532407
knee_ruleA,2,2018-09-01,48,9.1940406125,5.852941782517049,5.854498158842539,3.3410988299829523,3.3395424536574616
knee_ruleA,2,2018-09-02,48,9.852551479166667,5.29091083978015,5.292270194574675,4.561640639386517,4.560281284591992
knee_ruleA,2,2018-09-03,48,7.7965321874999995,4.386885967191555,4.3879215709869905,3.409646220308445,3.408610616513009
knee_ruleA,2,2018-09-04,48,9.144821310416667,4.635053868078356,4.636183451769983,4.509767442338311,4.508637858646683
knee_ruleA,3,2018-09-05,48,9.062859662500001,4.897445669817825,4.929445994735648,4.165413992682176,4.133413667764352
knee_ruleA,2,2018-09-06,48,10.088790305208333,4.401828630523091,4.402913121695887,5.686961674685243,5.685877183512446
knee_ruleA,5,2018-09-07,48,11.115055127083332,3.8777105683604436,3.919009180202256,7.2373445587228895,7.196045946881077
knee_ruleA,3,2018-09-08,48,10.223947145833334,3.0640354546480446,3.081063315911073,7.159911691185289,7.142883829922261
knee_ruleA,4,2018-09-09,48,10.090418527083333,3.3415784297581683,3.4281248588364477,6.748840097325165,6.662293668246886
knee_ruleA,3,2018-09-10,48,6.189287668402778,3.600837624709554,3.622061204526321,2.588450043693223,2.5672264638764566
knee_ruleA,3,2018-09-11,48,6.274015510416667,3.2368537497253613,3.2550943443717633,3.037161760691305,3.0189211660449033
knee_ruleA,1,2018-09-12,48,7.297151910416667,3.6259034260311704,3.62630325645806,3.671248484385497,3.670848653958607
knee_ruleA,2,2018-09-13,48,5.060761216666667,4.042844884908529,4.043819773861031,1.0179163317581374,1.0169414428056354
knee_ruleA,5,2018-09-14,48,3.5804256437500004,4.482955585785221,4.535314815701606,-0.902529942035221,-0.9548891719516068
knee_ruleA,3,2018-09-15,48,4.37787570625,4.932202543270322,4.965119969598515,-0.5543268370203224,-0.5872442633485148
knee_ruleA,2,2018-09-16,48,2.6671404270833334,4.301608681609136,4.302650009820312,-1.6344682545258025,-1.6355095827369794
knee_ruleA,2,2018-09-17,48,3.689023655208333,3.6797235408169104,3.6805756443440223,0.009300114391422726,0.008448010864311045
knee_ruleA,3,2018-09-18,48,2.6043113779166664,3.183823790785596,3.202205770468567,-0.5795124128689295,-0.5978943925519005
knee_ruleA,2,2018-09-19,48,2.1101717033333336,3.264347777052643,3.265080704708073,-1.1541760737193092,-1.1549090013747396
knee_ruleA,4,2018-09-20,48,0.7976019938125001,2.7372078352599103,2.80182260536225,-1.9396058414474098,-2.00422061154975
knee_ruleA,5,2018-09-21,48,0.9684922160416667,2.879871633213778,2.9076799050358635,-1.9113794171721112,-1.939187688994197
knee_ruleA,1,2018-09-22,48,1.286113165625,3.234421434475373,3.23476594573793,-1.948308268850373,-1.9486527801129299
knee_ruleA,3,2018-09-23,48,1.8461108989583332,2.0581109703158065,2.067620959001723,-0.212000071357473,-0.2215100600433897
knee_ruleA,5,2018-09-24,48,1.9362030538750001,1.7884839808093018,1.8019005706614648,0.14771907306569823,0.1343024832135352
knee_ruleA,2,2018-09-25,48,2.560413458333333,2.0477444815725687,2.0481101001831283,0.5126689767607645,0.5123033581502051
knee_ruleA,1,2018-09-26,48,1.929944911875,2.251427933323578,2.251631437310381,-0.32148302144857793,-0.3216865254353809
knee_ruleA,1,2018-09-27,48,2.3870967227083333,2.1809766768059715,2.18117257377376,0.2061200459023618,0.20592414893457314
knee_ruleA,5,2018-09-28,48,2.3075897289583334,1.8885557131038213,1.9035758641891594,0.4190340158545121,0.4040138647691742
knee_ruleA,1,2018-09-29,48,2.3703316270833334,2.5049865235257287,2.505234351929439,-0.13465489644239556,-0.13490272484610585
knee_ruleA,5,2018-09-30,48,2.0839533041666667,1.913620354384917,1.928982968025042,0.17033294978174965,0.15497033614162462
complex_ruleA,1,2012-04-17,13,0.17492633815384614,-0.02794726351976573,-0.025999739800509285,0.20287360167361188,0.2009260779543554
complex_ruleA,5,2012-04-18,46,0.10277196365217392,-0.0048866604661679785,-0.0038293536789444547,0.1076586241183419,0.10660131733111837
complex_ruleA,3,2012-04-19,48,0.13160591110416667,0.016931853884882234,0.014711017300249984,0.11467405721928443,0.11689489380391667
complex_ruleA,1,2012-04-20,47,0.19268152623404253,0.004570699578778602,0.004200134474992463,0.18811082665526396,0.18848139175905007
complex_ruleA,4,2012-04-21,48,0.31302222352083336,0.023356742649437195,0.015181293011233414,0.28966548087139615,0.2978409305095999
complex_ruleA,1,2012-04-22,47,0.22889915329787233,0.0045705222641131285,0.004350631155368141,0.2243286310337592,0.2245485221425042
complex_ruleA,2,2012-04-23,48,0.09675257410416667,-0.008007529219832889,-0.006516348545695278,0.10476010332399956,0.10326892264986194
complex_ruleA,2,2012-04-24,48,-0.1216986750625,0.0036060611617588986,0.0026180009090661705,-0.1253047362242589,-0.12431667597156616
complex_ruleA,4,2012-04-25,48,0.12789548795833333,-0.005155583407895006,-0.005328893666913039,0.13305107136622835,0.13322438162524639
complex_ruleA,1,2012-04-26,48,0.031396444041666666,-0.018256116011974372,-0.015129277055064358,0.04965256005364104,0.046525721096731025
complex_ruleA,2,2012-04-27,33,-0.0011584061818181795,0.18351916463095413,0.15938304180040866,-0.1846775708127723,-0.16054144798222683
complex_ruleA,3,2012-04-28,17,0.1495946152352941,0.14489156737359776,0.13149509895033892,0.004703047861696357,0.018099516284955222
complex_ruleA,4,2012-04-29,48,0.0563516495625,0.48442858190222565,0.4835853853483056,-0.4280769323397256,-0.4272337357858056
complex_ruleA,5,2012-04-30,48,0.067841465,0.5685567435575795,0.5336412988005085,-0.5007152785575796,-0.4657998338005085
complex_ruleA,4,2012-05-01,35,-0.011450152857142857,0.627812306675983,0.61943353201671,-0.6392624595331259,-0.6308836848738529
complex_ruleA,1,2012-05-02,23,0.03662533839130435,0.5673356166317776,0.5464022713852155,-0.5307102782404732,-0.5097769329939111
complex_ruleA,2,2012-05-03,48,0.09201962160416667,0.8318919235926505,0.7619975172215673,-0.7398723019884837,-0.6699778956174005
complex_ruleA,2,2012-05-04,40,0.085187383475,0.8477498768116962,0.777979861020603,-0.7625624933366962,-0.692792477545603
complex_ruleA,1,2012-05-05,48,0.0777986770625,1.0103696675385703,0.9981583726579363,-0.9325709904760703,-0.9203596955954364
complex_ruleA,2,2012-05-06,46,0.009543028086956524,0.32722828829140377,0.3033143297562279,-0.3176852602044472,-0.29377130166927135
complex_ruleA,5,2012-05-07,48,0.021618651333333332,0.591636578654308,0.5531873725708997,-0.5700179273209747,-0.5315687212375664
complex_ruleA,5,2012-05-08,48,0.19335431079166668,1.0955474496509912,1.0196551820374162,-0.9021931388593245,-0.8263008712457496
complex_ruleA,1,2012-05-09,42,0.1434148763095238,0.9908807351821632,0.9635966927535445,-0.8474658588726395,-0.8201818164440208
complex_ruleA,3,2012-05-10,40,0.319251258275,0.7960556373039439,0.7527935453520017,-0.4768043790289439,-0.4335422870770017
complex_ruleA,2,2012-05-11,48,0.17239545895833333,0.7973942871882594,0.701011118813831,-0.624998828229926,-0.5286156598554977
complex_ruleA,1,2012-05-12,48,0.17601843233333334,0.7391262050335089,0.7043092337148695,-0.5631077727001755,-0.5282908013815363
complex_ruleA,3,2012-05-13,48,0.17704623283333332,0.6509272161673251,0.5982499148595407,-0.4738809833339918,-0.42120368202620745
complex_ruleA,4,2012-05-14,48,0.27600001625,0.9919700675154121,0.949444369224857,-0.715970051265412,-0.6734443529748569
complex_ruleA,4,2012-05-15,47,0.35306912361702125,1.2207271705939813,1.1062585600685544,-0.86765804697696,-0.753189436451533
complex_ruleA,4,2012-05-16,48,0.4190129162291667,2.2280440678850844,2.0252773283329493,-1.8090311516559179,-1.6062644121037826
complex_ruleA,1,2012-05-17,48,0.5381429567708333,1.7797924905039544,1.7723214424763027,-1.2416495337331208,-1.2341784857054694
complex_ruleA,1,2012-05-18,39,0.4551124043333334,1.2293260248205367,1.1934178098308887,-0.7742136204872033,-0.7383054054975554
complex_ruleA,4,2012-05-19,48,0.4896868033125,1.497323957920593,1.4218929808015044,-1.0076371546080929,-0.9322061774890043
complex_ruleA,1,2012-05-20,48,0.47750789,1.5320274823511884,1.495752247535645,-1.0545195923511883,-1.0182443575356452
complex_ruleA,5,2012-05-21,48,0.8335178516666667,1.513119863298536,1.3939249520974892,-0.6796020116318694,-0.5604071004308228
complex_ruleA,4,2012-05-22,32,0.702621915625,0.7132244217822079,0.5968525622017279,-0.010602506157207932,0.10576935342327216
complex_ruleA,2,2012-05-23,46,0.6635871663260869,1.1607117134407796,1.0123830714972095,-0.4971245471146927,-0.34879590517112247
complex_ruleA,3,2012-05-24,48,0.6281435369791667,2.009045847631485,1.9049455142395846,-1.3809023106523182,-1.276801977260418
complex_ruleA,3,2012-05-25,38,0.8183735249999999,1.7766865803994885,1.660143322579395,-0.9583130553994885,-0.8417697975793949
complex_ruleA,1,2012-05-26,48,0.6980216629166667,1.8847257807077182,1.893273129472152,-1.1867041177910516,-1.1952514665554854
complex_ruleA,4,2012-05-27,48,0.8635254579166666,1.643663916843698,1.628167519040481,-0.7801384589270314,-0.7646420611238142
complex_ruleA,4,2012-05-28,45,1.0706195379333332,1.2172414411897796,1.2242096862390155,-0.14662190325644622,-0.15359014830568224
complex_ruleA,1,2012-05-29,47,1.2441222806595744,1.699022242384682,1.723845643311093,-0.4548999617251075,-0.4797233626515183
complex_ruleA,5,2012-05-30,39,1.3168110543589744,1.5984411075834044,1.4710316789408864,-0.2816300532244301,-0.154220624581912
complex_ruleA,4,2012-05-31,48,1.122336043125,1.5752790171043733,1.4258259574851533,-0.4529429739793734,-0.30348991436015343
complex_ruleA,1,2012-06-01,47,1.408223744680851,1.8872388294701266,1.8826666075762863,-0.47901508478927546,-0.4744428628954353
complex_ruleA,1,2012-06-02,48,1.5114160385416666,2.177137911346485,2.1869534377720448,-0.6657218728048182,-0.6755373992303783
complex_ruleA,4,2012-06-03,48,1.7375850125,1.6692997849192264,1.5178130164313914,0.0682852275807734,0.21977199606860864
complex_ruleA,5,2012-06-04,48,1.8668908327083333,2.4410543335722026,2.376675187658824,-0.5741635008638696,-0.5097843549504907
complex_ruleA,5,2012-06-05,48,2.0323514729166665,2.0743617608459064,1.9504351220441734,-0.04201028792923983,0.08191635087249331
complex_ruleA,5,2012-06-06,48,1.9727137145833333,1.745202858887558,1.5873345503748337,0.2275108556957753,0.38537916420849977
complex_ruleA,4,2012-06-07,48,2.1687674958333334,1.94733892157106,1.8887278184246317,0.22142857426227344,0.28003967740870167
complex_ruleA,5,2012-06-08,48,2.3881609270833333,3.2946364328493325,3.1814573270129576,-0.9064755057659993,-0.7932963999296243
complex_ruleA,5,2012-06-09,38,2.1885792210526316,1.8475985125023804,1.7017220070491188,0.34098070855025125,0.4868572140035128
complex_ruleA,5,2012-06-10,48,2.3298899375,2.6942374151819073,2.4998555633620527,-0.36434747768190734,-0.1699656258620527
complex_ruleA,1,2012-06-11,45,2.215788988888889,1.6458782988499954,1.6594023744927144,0.5699106900388937,0.5563866143961742
complex_ruleA,1,2012-06-12,47,2.466926670212766,1.0495962673876422,1.0063827188979169,1.4173304028251237,1.4605439513148493
complex_ruleA,1,2012-06-13,48,2.355464260416667,1.2800668200435152,1.245340295175007,1.0753974403731512,1.1101239652416597
complex_ruleA,5,2012-06-14,48,2.396814725,1.3953721304950484,1.2495900089605108,1.0014425945049517,1.1472247160394893
complex_ruleA,2,2012-06-15,48,2.2765174375,1.7389996323097223,1.5402423414029913,0.5375178051902778,0.7362750960970086
complex_ruleA,2,2012-06-16,48,2.12172636875,2.0644376549236942,1.8851097551938079,0.05728871382630563,0.2366166135561922
complex_ruleA,4,2012-06-17,48,2.4683254604166667,3.860679761154872,3.693793489214874,-1.3923543007382058,-1.2254680287982074
complex_ruleA,4,2012-06-18,48,2.57933425,3.5148524318452377,3.442210421966692,-0.9355181818452376,-0.8628761719666923
complex_ruleA,2,2012-06-19,48,2.7591370666666664,4.034622213692374,3.7979163911139397,-1.2754851470257076,-1.038779324447273
complex_ruleA,4,2012-06-20,48,4.0653092766666665,5.071509294592137,5.285476345120396,-1.0062000179254706,-1.22016706845373
complex_ruleA,4,2012-06-21,48,2.852546154166667,3.073161741448318,2.9382052688791926,-0.22061558728165162,-0.08565911471252591
complex_ruleA,2,2012-06-22,35,2.690932479428571,2.371705773907481,2.1427448077094025,0.3192267055210904,0.5481876717191693
complex_ruleA,3,2012-06-23,46,3.013371210869565,2.2477812803720196,2.115699115589753,0.7655899304975458,0.8976720952798121
complex_ruleA,3,2012-06-24,48,3.617370472916667,2.5224250871189855,2.411710114374546,1.0949453857976812,1.2056603585421204
complex_ruleA,3,2012-06-25,48,3.588744060416667,1.2091261936474627,1.092856506248056,2.379617866769204,2.4958875541686107
complex_ruleA,1,2012-06-26,48,3.3450276750000003,1.3645460221107564,1.3585679415458196,1.9804816528892435,1.9864597334541807
complex_ruleA,5,2012-06-27,48,2.8715724887499996,1.4622351647760994,1.3424641481622144,1.4093373239739007,1.5291083405877854
complex_ruleA,1,2012-06-28,48,2.6015098025000003,2.337877031976792,2.358105082553162,0.2636327705232082,0.24340471994683802
complex_ruleA,1,2012-06-29,48,3.3835941145833335,2.802971693542304,2.7415936523616664,0.5806224210410296,0.642000462221667
complex_ruleA,4,2012-06-30,48,2.9133323829166664,2.671541451981161,2.5262621355500814,0.24179093093550572,0.3870702473665853
complex_ruleA,2,2012-07-01,48,2.5759667938541666,2.538808442718861,2.35497421552124,0.03715835113530566,0.22099257833292665
complex_ruleA,1,2012-07-02,42,2.9145822404761907,2.9035372742518666,2.881807228387164,0.011044966224323922,0.03277501208902623
complex_ruleA,1,2012-07-03,48,2.5154627541666668,3.313743172452689,3.3124293056929126,-0.7982804182860225,-0.7969665515262462
complex_ruleA,1,2012-07-04,48,2.6683533291666666,4.247892030994337,4.19459517980833,-1.57953870182767,-1.5262418506416628
complex_ruleA,2,2012-07-05,48,3.0286032791666666,4.798188082174133,4.5719325329369775,-1.769584803007466,-1.5433292537703107
complex_ruleA,5,2012-07-06,46,2.6821343260869566,4.599809732589736,4.524643571084518,-1.9176754065027795,-1.8425092449975609
complex_ruleA,2,2012-07-07,44,3.637924677272727,3.320131092267265,3.0804145145188158,0.31779358500546256,0.5575101627539113
complex_ruleA,1,2012-07-08,46,2.952379802173913,2.5345619146866696,2.502331077172919,0.41781788748724347,0.450048725000994
complex_ruleA,4,2012-07-09,48,2.5226163520833333,3.5284515826070515,3.4521484581646873,-1.0058352305237184,-0.9295321060813536
complex_ruleA,1,2012-07-10,48,3.164615041458333,5.1418341479667165,5.140899732595959,-1.9772191065083835,-1.9762846911376257
complex_ruleA,4,2012-07-11,48,3.165003675,4.29336142695545,4.552723692159362,-1.12835775195545,-1.387720017159362
complex_ruleA,3,2012-07-12,48,2.8945481479166664,5.351915927813085,5.214900750795736,-2.4573677798964186,-2.320352602879069
complex_ruleA,5,2012-07-13,48,2.438382886875,5.880885789586849,5.848565344521397,-3.44250290271185,-3.4101824576463975
complex_ruleA,5,2012-07-14,48,2.6562699875,7.1994325275959135,7.244148836727348,-4.543162540095914,-4.587878849227349
complex_ruleA,3,2012-07-15,48,3.2690944749999997,7.45332994614213,7.413823142404241,-4.184235471142131,-4.144728667404242
complex_ruleA,1,2012-07-16,48,3.3365409666666666,7.171592349395684,7.124945475808605,-3.835051382729018,-3.788404509141939
complex_ruleA,5,2012-07-17,47,3.506454780851064,8.71030231820543,8.979904419463118,-5.203847537354367,-5.4734496386120535
complex_ruleA,3,2012-07-18,48,4.31823554375,7.045645146632037,6.944943719268377,-2.727409602882036,-2.626708175518377
complex_ruleA,1,2012-07-19,48,4.235942120833333,5.847083439840463,5.796113715660351,-1.6111413190071293,-1.5601715948270172
complex_ruleA,1,2012-07-20,48,4.197089585416667,1.706466599902333,1.6456643135322542,2.490622985514334,2.5514252718844124
complex_ruleA,4,2012-07-21,48,3.581241858333333,1.9707284663508415,1.77354596345958,1.6105133919824919,1.8076958948737534
complex_ruleA,3,2012-07-22,48,3.47300988125,2.0852713310203397,1.9355850893501607,1.38773855022966,1.5374247918998394
complex_ruleA,3,2012-07-23,48,3.6027254916666664,4.6939229665177375,4.557331923159675,-1.0911974748510709,-0.9546064314930085
complex_ruleA,4,2012-07-24,48,3.5953668183333334,6.315750619225045,6.23809201912717,-2.7203838008917107,-2.6427252007938375
complex_ruleA,5,2012-07-25,48,4.1132118166666665,8.733645351779876,8.810958179260355,-4.62043353511321,-4.69774636259369
complex_ruleA,4,2012-07-26,47,4.945090108510638,10.620464036670423,11.019692023993667,-5.675373928159785,-6.074601915483028
complex_ruleA,1,2012-07-27,46,4.631375795652175,11.012300038154006,10.97134983955854,-6.380924242501833,-6.339974043906365
complex_ruleA,5,2012-07-28,48,5.015409016666667,9.68702691822972,9.935183974619742,-4.671617901563053,-4.9197749579530745
complex_ruleA,2,2012-07-29,48,5.191188340208334,9.149314579482146,9.088849754949115,-3.9581262392738132,-3.897661414740782
complex_ruleA,2,2012-07-30,48,5.172252041666667,9.135662205680394,9.103308384890154,-3.9634101640137267,-3.9310563432234855
complex_ruleA,5,2012-07-31,48,6.134338235416667,7.203375810813232,7.292366111535873,-1.069037575396566,-1.1580278761192062
complex_ruleA,5,2012-08-01,48,6.280896235416667,8.08047891078633,8.232769571348406,-1.7995826753696622,-1.9518733359317395
complex_ruleA,4,2012-08-02,48,6.6504443,9.40964752742722,9.843994330108076,-2.75920322742722,-3.1935500301080757
complex_ruleA,1,2012-08-03,48,7.160892158333333,8.955114242438237,8.84316504663291,-1.7942220841049037,-1.6822728882995779
complex_ruleA,2,2012-08-04,48,6.567858770833333,8.680374159175807,8.469906054266344,-2.1125153883424748,-1.9020472834330102
complex_ruleA,1,2012-08-05,48,6.946719375,9.791526320979846,9.746770471869315,-2.8448069459798457,-2.8000510968693146
complex_ruleA,2,2012-08-06,48,5.922653764583334,7.433658065534705,7.183849075097849,-1.5110043009513723,-1.2611953105145155
complex_ruleA,3,2012-08-07,48,7.153456070833333,8.094459035760787,8.022741740347287,-0.941002964927454,-0.8692856695139547
complex_ruleA,1,2012-08-08,48,7.373567145833333,4.76219917647595,4.641977352424896,2.6113679693573837,2.7315897934084368
complex_ruleA,1,2012-08-09,47,7.0186513255319145,4.536894241077308,4.502861384715971,2.4817570844546073,2.5157899408159436
complex_ruleA,3,2012-08-10,48,6.428932797916667,6.050085967955073,5.919682611934295,0.3788468299615941,0.5092501859823718
complex_ruleA,1,2012-08-11,48,6.577051102083334,8.24815443208855,8.156400278315111,-1.6711033300052165,-1.5793491762317775
complex_ruleA,3,2012-08-12,48,6.641491183333333,8.222439787052908,8.146009894191383,-1.5809486037195735,-1.5045187108580498
complex_ruleA,2,2012-08-13,48,7.441026860416667,10.146825291999432,10.097579595104573,-2.7057984315827643,-2.6565527346879065
complex_ruleA,2,2012-08-14,44,5.585122643181818,8.695336045483154,8.397195051679343,-3.110213402301336,-2.812072408497525
complex_ruleA,3,2012-08-15,48,6.8359822562499994,8.654119090612726,8.54035261946368,-1.8181368343627264,-1.7043703632136813
complex_ruleA,5,2012-08-16,48,7.5789022125,9.98658307811516,10.176190982867775,-2.4076808656151596,-2.597288770367775
complex_ruleA,3,2012-08-17,48,7.50730011875,11.46541419540872,11.486358406166056,-3.9581140766587186,-3.9790582874160574
complex_ruleA,3,2012-08-18,48,6.590918335416667,8.289043434943492,8.166847600789858,-1.6981250995268244,-1.5759292653731913
complex_ruleA,1,2012-08-19,48,8.61395005625,8.455526275748541,8.407133575943845,0.15842378050145797,0.20681648030615463
complex_ruleA,3,2012-08-20,48,7.9814005833333335,8.997584230451146,8.935220965813118,-1.0161836471178132,-0.9538203824797838
complex_ruleA,2,2012-08-21,48,8.186272847916667,10.6150755526106,10.527292385426875,-2.428802704693934,-2.3410195375102085
complex_ruleA,4,2012-08-22,48,7.327301362499999,9.484824561534856,9.996243826581745,-2.1575231990348565,-2.6689424640817454
complex_ruleA,4,2012-08-23,48,8.517630725,10.704770343401892,11.147532055561603,-2.187139618401893,-2.6299013305616037
complex_ruleA,3,2012-08-24,48,8.681626145833333,10.286188781222195,10.26469535763919,-1.6045626353888611,-1.583069211805858
complex_ruleA,5,2012-08-25,48,9.249283554166666,10.575386971832378,10.735660096496323,-1.3261034176657105,-1.4863765423296555
complex_ruleA,2,2012-08-26,48,9.87117175,10.397753146888611,10.233021188462063,-0.5265813968886115,-0.3618494384620625
complex_ruleA,1,2012-08-27,48,10.066777154166667,10.830762886394146,10.800685700835807,-0.7639857322274777,-0.7339085466691393
complex_ruleA,4,2012-08-28,48,9.852360588333333,9.250358509981757,9.612295970954737,0.6020020783515776,0.24006461737859644
complex_ruleA,5,2012-08-29,48,21.97209148125,9.549985433521913,9.644696519669035,12.422106047728088,12.327394961580966
complex_ruleA,4,2012-08-30,48,28.967427914583336,11.78372163979227,12.182024937592745,17.183706274791064,16.785402976990586
complex_ruleA,3,2012-08-31,48,13.058101424999998,10.355750066375716,10.335619048688171,2.7023513586242838,2.7224823763118278
complex_ruleA,1,2012-09-01,46,6.837848882608696,8.742400708886608,8.616243678345512,-1.9045518262779135,-1.7783947957368165
complex_ruleA,4,2012-09-02,39,2.226128878205128,6.066352796907294,5.856203946640542,-3.8402239187021654,-3.630075068435414
complex_ruleA,2,2012-09-03,44,2.9446648161363638,7.027857638902438,6.729794680206731,-4.083192822766073,-3.7851298640703672
complex_ruleA,2,2012-09-04,37,2.855260219216216,8.94263717132107,8.746029353116795,-6.087376952104856,-5.890769133900578
complex_ruleA,1,2012-09-05,31,2.949354112903226,10.449732644614649,10.310624398236401,-7.500378531711423,-7.361270285333174
complex_ruleA,4,2012-09-06,38,2.514661660526316,8.064630531288445,8.119370773942471,-5.549968870762131,-5.604709113416155
complex_ruleA,3,2012-09-07,42,1.6679321140476189,7.361434224764615,7.233254096255008,-5.693502110716996,-5.565321982207388
complex_ruleA,3,2012-09-08,48,3.0139437527083337,7.6585576224521255,7.5536641492323975,-4.644613869743792,-4.539720396524064
complex_ruleA,2,2012-09-09,48,4.418429550208333,8.246632793158009,8.08700168182381,-3.828203242949676,-3.6685721316154773
complex_ruleA,3,2012-09-10,16,2.077358675,4.672030879543184,4.491812160283274,-2.5946722045431843,-2.4144534852832744
complex_ruleA,3,2016-01-05,20,6.49421187465,13.909773342191425,13.672323445826208,-7.415561467541425,-7.178111571176207
complex_ruleA,2,2016-01-06,48,7.075986391375,11.946325843134467,11.390965898506591,-4.870339451759467,-4.314979507131592
complex_ruleA,5,2016-01-07,48,6.803397345895834,11.032026146379984,10.778885229365594,-4.228628800484151,-3.9754878834697607
complex_ruleA,2,2016-01-08,48,9.704917027520834,10.018347723271102,9.595491879260381,-0.3134306957502684,0.10942514826045135
complex_ruleA,5,2016-01-09,48,14.033978211395834,8.42541562595252,8.26641146347596,5.608562585443313,5.767566747919875
complex_ruleA,1,2016-01-10,48,15.418391934729167,7.658834816831007,7.493432472937507,7.759557117898159,7.9249594617916586
complex_ruleA,2,2016-01-11,48,7.896477082791667,6.859537709660066,6.598499843034706,1.0369393731316006,1.2979772397569598
complex_ruleA,3,2016-01-12,48,7.7312570626041675,6.047778077085256,5.952732700081974,1.6834789855189107,1.7785243625221925
complex_ruleA,2,2016-01-13,48,4.5047918749375,5.672870155596091,5.4580172343662525,-1.1680782806585914,-0.9532253594287522
complex_ruleA,4,2016-01-14,48,2.2360425419375,5.206119366862402,5.057773691139074,-2.9700768249249023,-2.821731149201574
complex_ruleA,1,2016-01-15,48,1.8144326055833335,3.767342019132828,3.6855513636038117,-1.9529094135494944,-1.8711187580204782
complex_ruleA,1,2016-01-16,48,1.831333733125,3.3364577448788793,3.262462106720159,-1.5051240117538789,-1.4311283735951592
complex_ruleA,4,2016-01-17,48,2.2107020326041664,2.4513969570979617,2.5667545666876617,-0.24069492449379512,-0.356052534083495
complex_ruleA,5,2016-01-18,48,1.5406963808125,3.3814189846188967,3.3029414389106844,-1.8407226038063966,-1.762245058098184
complex_ruleA,5,2016-01-19,48,1.4218097842916668,3.394495444660208,3.336045061421048,-1.9726856603685412,-1.9142352771293816
complex_ruleA,4,2016-01-20,48,1.3806500620208333,3.0929361961594197,2.960421564357736,-1.7122861341385869,-1.5797715023369026
complex_ruleA,3,2016-01-21,48,1.3695420448541666,2.9601672993492225,2.9037268883779945,-1.5906252544950557,-1.5341848435238283
complex_ruleA,3,2016-01-22,48,2.1822751739375,2.673872064892645,2.619379200500188,-0.49159689095514464,-0.4371040265626882
complex_ruleA,3,2016-01-23,48,2.026367208854167,3.0142470143225,2.978739220847888,-0.9878798054683334,-0.9523720119937212
complex_ruleA,5,2016-01-24,48,1.465879558875,2.248533216241588,2.15726217345724,-0.7826536573665878,-0.6913826145822398
complex_ruleA,2,2016-01-25,48,1.3313869148333333,2.0046261241184555,1.8554605141171454,-0.6732392092851223,-0.5240735992838123
complex_ruleA,1,2016-01-26,48,1.0486739028541667,2.048901901344522,1.9863557603216737,-1.0002279984903557,-0.9376818574675071
complex_ruleA,5,2016-01-27,48,1.46441060075,2.108017993651185,2.007977207613731,-0.643607392901185,-0.5435666068637309
complex_ruleA,4,2016-01-28,48,1.3385037907291668,2.6195102612945416,2.491399591609175,-1.281006470565375,-1.1528958008800083
complex_ruleA,4,2016-01-29,48,1.4153455119166667,2.5516009520276,2.4385617496950966,-1.1362554401109333,-1.0232162377784302
complex_ruleA,1,2016-01-30,48,1.4488652037499998,3.0647790113656015,2.990407194407125,-1.6159138076156017,-1.5415419906571248
complex_ruleA,2,2016-01-31,48,1.0211748025833334,2.664829271601003,2.527601174589852,-1.6436544690176698,-1.506426372006519
complex_ruleA,5,2016-02-01,48,1.31608576175,2.973478486246041,2.8495536427812493,-1.657392724496041,-1.5334678810312496
complex_ruleA,2,2016-02-02,48,1.0673245917291667,2.6663312766242453,2.516761386706343,-1.5990066848950784,-1.4494367949771767
complex_ruleA,1,2016-02-03,48,1.3040168001874999,2.0509737762408538,2.0009613278573553,-0.7469569760533536,-0.696944527669855
complex_ruleA,2,2016-02-04,48,1.4078973600208335,2.440690327548215,2.32543631474597,-1.0327929675273813,-0.9175389547251366
complex_ruleA,4,2016-02-05,48,1.5994484575624999,2.98996532480399,2.8902085667441786,-1.3905168672414903,-1.2907601091816785
complex_ruleA,3,2016-02-06,48,0.9542110225624999,1.5688761953201953,1.5192436155726234,-0.6146651727576954,-0.5650325930101235
complex_ruleA,2,2016-02-07,48,0.9614311591458334,1.321478000521436,1.2238763192308828,-0.3600468413756026,-0.2624451600850494
complex_ruleA,1,2016-02-08,48,0.8452091317916667,1.0231197394126677,0.9925490122819863,-0.177910607621001,-0.14733988049031968
complex_ruleA,3,2016-02-09,48,0.6845879005,1.2236707325764897,1.1698723407316398,-0.5390828320764898,-0.48528444023163986
complex_ruleA,3,2016-02-10,48,0.8398312056458334,1.9216309853269646,1.8764089023883732,-1.0817997796811314,-1.03657769674254
complex_ruleA,4,2016-02-11,48,0.49195505458333333,2.200754892662876,2.050645864443902,-1.7087998380795426,-1.558690809860569
complex_ruleA,3,2016-02-12,48,0.7809307702916667,1.964665510509357,1.918594284261929,-1.1837347402176903,-1.1376635139702624
complex_ruleA,4,2016-02-13,48,0.9029530644791667,2.2204382940641176,2.0648123427040947,-1.3174852295849508,-1.1618592782249282
complex_ruleA,5,2016-02-14,48,0.8544824970208333,1.8634259227302465,1.7941961837398412,-1.0089434257094134,-0.9397136867190078
complex_ruleA,5,2016-02-15,48,1.2600707122500001,1.3198440360168153,1.2705459488445852,-0.05977332376681519,-0.010475236594585232
complex_ruleA,5,2016-02-16,48,0.5249427641875,1.4285005388781933,1.3508967016503715,-0.9035577746906931,-0.8259539374628715
complex_ruleA,5,2016-02-17,48,0.34336849093750005,2.0414954252256767,1.9186255759447741,-1.6981269342881768,-1.575257085007274
complex_ruleA,5,2016-02-18,48,0.9328331616458333,2.033855437826418,1.9191530828575614,-1.1010222761805852,-0.9863199212117282
complex_ruleA,2,2016-02-19,48,0.7993378167083334,1.417071085049905,1.3486054584516445,-0.6177332683415718,-0.5492676417433111
complex_ruleA,2,2016-02-20,48,0.3710011784375,2.417458041338118,2.2868203787784784,-2.046456862900618,-1.9158192003409784
complex_ruleA,2,2016-02-21,48,-1.4817916566041667,1.910896443979855,1.8052674219143352,-3.392688100584022,-3.2870590785185017
complex_ruleA,1,2016-02-22,48,-2.5303195296458334,1.884928809413821,1.8320649314878608,-4.415248339059654,-4.362384461133694
complex_ruleA,2,2016-02-23,48,-0.9214623069583333,2.164304090190361,2.0461096432691392,-3.085766397148694,-2.9675719502274727
complex_ruleA,3,2016-02-24,48,0.6395138363958334,1.9946192700389147,1.951684357400124,-1.3551054336430814,-1.3121705210042904
complex_ruleA,1,2016-02-25,48,0.2902012683125,1.251077741082819,1.2168528635450275,-0.9608764727703192,-0.9266515952325274
complex_ruleA,3,2016-02-26,48,0.53052630221875,1.0124599239134007,0.9742704617372232,-0.48193362169465076,-0.4437441595184732
complex_ruleA,4,2016-02-27,48,0.6093463509166667,1.4803231509510628,1.3577484795973975,-0.8709768000343963,-0.7484021286807309
complex_ruleA,5,2016-02-28,48,0.8025298725416666,1.0066107762362764,0.959237891948339,-0.20408090369460974,-0.15670801940667226
complex_ruleA,2,2016-02-29,48,0.42504096327083335,1.4072592980203187,1.3282584372086375,-0.9822183347494854,-0.9032174739378043
complex_ruleA,1,2016-03-01,48,0.605103436125,1.0719777607618057,1.0393905923377307,-0.46687432463680567,-0.4342871562127308
complex_ruleA,3,2016-03-02,48,0.7054132284583333,0.8427524315176645,0.8063040637346259,-0.13733920305933112,-0.10089083527629254
complex_ruleA,5,2016-03-03,48,1.096092631,1.0343243293699997,0.9868117058386942,0.061768301630000216,0.10928092516130578
complex_ruleA,4,2016-03-04,48,0.7806289255208333,1.6236087864029694,1.4966562859321104,-0.8429798608821361,-0.7160273604112769
complex_ruleA,5,2016-03-05,48,0.24562592939583336,0.29758433932292705,0.37354659512713817,-0.05195840992709371,-0.12792066573130487
complex_ruleA,1,2016-03-06,48,0.5235694555625,1.4625697451452035,1.4428572962113007,-0.9390002895827037,-0.9192878406488006
complex_ruleA,3,2016-03-07,48,0.7508692366249999,1.692075090057591,1.685904811439048,-0.9412058534325912,-0.9350355748140479
complex_ruleA,3,2016-03-08,48,0.6652003633958333,2.3396463627341455,2.320216026160585,-1.674445999338312,-1.6550156627647519
complex_ruleA,1,2016-03-09,48,0.31076704541666667,1.5042410096757157,1.4737512133915454,-1.193473964259049,-1.1629841679748787
complex_ruleA,5,2016-03-10,48,0.5880632022083333,1.4665760095060048,1.446369974702835,-0.8785128072976712,-0.8583067724945016
complex_ruleA,4,2016-03-11,48,0.6152219125,1.9222629959715445,1.7842105159112445,-1.3070410834715445,-1.1689886034112447
complex_ruleA,5,2016-03-12,48,0.8710242546041668,1.9412711160515528,1.8590446233378846,-1.0702468614473861,-0.9880203687337179
complex_ruleA,4,2016-03-13,48,0.36226116685416665,1.4422853963884366,1.3731209208269826,-1.08002422953427,-1.0108597539728157
complex_ruleA,4,2016-03-14,48,0.4284905681875,2.0963724383914824,1.9367643420859595,-1.6678818702039824,-1.5082737738984593
complex_ruleA,5,2016-03-15,48,0.8303840695833333,1.7127556186376465,1.6332949808339168,-0.8823715490543133,-0.8029109112505837
complex_ruleA,3,2016-03-16,48,0.7362672540625,1.5718701713102992,1.5628381272767562,-0.8356029172477991,-0.8265708732142563
complex_ruleA,2,2016-03-17,48,0.6776437526458333,1.4336895586237803,1.382722038711856,-0.756045805977947,-0.7050782860660224
complex_ruleA,2,2016-03-18,48,0.43446875041666666,1.5518158780670663,1.4988294398624558,-1.1173471276503995,-1.064360689445789
complex_ruleA,4,2016-03-19,48,0.387852648375,2.582635933294482,2.3385752197371055,-2.1947832849194815,-1.9507225713621057
complex_ruleA,3,2018-04-10,13,0.8365385946153847,1.118552406331517,1.014533586950857,-0.2820138117161325,-0.17799499233547225
complex_ruleA,2,2018-04-11,48,0.8358201658125001,0.8094574413691448,0.6776766158602013,0.026362724443355297,0.15814354995229873
complex_ruleA,3,2018-04-12,48,0.6412611391249999,0.9687918416310284,0.8641537477428077,-0.3275307025060284,-0.22289260861780766
complex_ruleA,3,2018-04-13,48,0.6749789275000001,0.9213117802119836,0.8130387167049081,-0.24633285271198346,-0.13805978920490805
complex_ruleA,4,2018-04-14,48,1.3552443770833333,1.806360143490341,1.7078747868570243,-0.4511157664070074,-0.3526304097736909
complex_ruleA,2,2018-04-15,48,0.7383090050000001,0.7683558931158085,0.6965671948072161,-0.030046888115808437,0.04174181019278403
complex_ruleA,1,2018-04-16,48,0.38502236312500004,1.65123718502758,1.7044053758976698,-1.2662148219025802,-1.31938301277267
complex_ruleA,2,2018-04-17,48,0.5230105908333333,1.6779613455125018,1.5697774759950278,-1.1549507546791682,-1.0467668851616947
complex_ruleA,4,2018-04-18,48,0.5061348434375,1.624473019220207,1.4868973094438032,-1.1183381757827071,-0.9807624660063031
complex_ruleA,3,2018-04-19,48,0.8024319285833333,1.7778992830022597,1.6756895025098881,-0.9754673544189264,-0.8732575739265549
complex_ruleA,3,2018-04-20,48,0.880826201875,3.32783207422406,3.137664953893413,-2.44700587234906,-2.256838752018413
complex_ruleA,3,2018-04-21,48,1.1108940670104166,4.102777786890849,3.9124477370992796,-2.9918837198804322,-2.801553670088863
complex_ruleA,3,2018-04-22,48,0.39408968972916664,1.3339954546327422,1.183949400798291,-0.9399057649035756,-0.7898597110691242
complex_ruleA,5,2018-04-23,48,1.2810660985416666,0.6328962637388172,0.5425329764003178,0.6481698348028495,0.7385331221413489
complex_ruleA,4,2018-04-24,48,0.4091332697916667,0.9196214932341363,0.7322412887348816,-0.5104882234424697,-0.3231080189432149
complex_ruleA,2,2018-04-25,48,0.2023494522916667,2.263343284242019,2.003316556214421,-2.0609938319503525,-1.8009671039227546
complex_ruleA,2,2018-04-26,48,0.5062309500000001,3.1024330352947707,2.902306035647221,-2.5962020852947707,-2.396075085647221
complex_ruleA,3,2018-04-27,48,0.7287440279166667,2.962598580922703,2.785436320042439,-2.233854553006036,-2.056692292125772
complex_ruleA,4,2018-04-28,48,0.5738405042708333,3.0973049543807583,2.907909382531898,-2.5234644501099246,-2.3340688782610646
complex_ruleA,5,2018-04-29,48,0.82862176625,2.245930558534103,2.1250451318700763,-1.4173087922841032,-1.2964233656200763
complex_ruleA,4,2018-04-30,48,0.7851567769791666,3.0890470553976375,2.8254366098731087,-2.303890278418471,-2.040279832893942
complex_ruleA,5,2018-05-01,48,0.9469905514583333,5.016218277420794,4.7561129111902085,-4.069227725962461,-3.8091223597318753
complex_ruleA,4,2018-05-02,48,1.4535433592708333,1.575692789886032,1.393958240254058,-0.12214943061519866,0.05958511901677536
complex_ruleA,4,2018-05-03,48,0.9139742508333334,1.0051831867550505,0.8567829349060473,-0.09120893592171701,0.057191315927286074
complex_ruleA,2,2018-05-04,48,1.4740269193750002,1.732600443172892,1.4880175333707326,-0.2585735237978922,-0.013990613995732632
complex_ruleA,2,2018-05-05,48,0.8744317195833333,2.1353069978359542,1.8938919622073795,-1.2608752782526207,-1.0194602426240464
complex_ruleA,1,2018-05-06,48,1.0245740916666668,3.7443954304620424,3.684892198436238,-2.719821338795376,-2.6603181067695716
complex_ruleA,3,2018-05-07,48,0.7805408370833334,4.402868349703925,4.207562052073981,-3.6223275126205916,-3.427021214990648
complex_ruleA,1,2018-05-08,48,0.22908054,1.3688373850476558,1.3040229604943088,-1.1397568450476556,-1.0749424204943088
complex_ruleA,5,2018-05-09,48,0.9933036568055557,1.238388910975085,1.0727795673103764,-0.24508525416952942,-0.07947591050482082
complex_ruleA,5,2018-05-10,48,1.1864842585416666,2.219505002517375,2.1125011878461404,-1.0330207439757084,-0.9260169293044737
complex_ruleA,4,2018-05-11,48,1.3072650239583334,2.2714745874124014,2.064790918156803,-0.9642095634540677,-0.7575258941984694
complex_ruleA,4,2018-05-12,48,0.4007906071041667,3.8450884004569357,3.6618029701088,-3.444297793352769,-3.2610123630046335
complex_ruleA,1,2018-05-13,48,1.3729796741666667,3.5710232910276694,3.529991775354359,-2.1980436168610025,-2.157012101187692
complex_ruleA,4,2018-05-14,48,2.2638147825000003,4.6658052357143855,4.375210992123606,-2.4019904532143856,-2.111396209623606
complex_ruleA,5,2018-05-15,48,4.272525122916667,6.981863817601659,6.757828060265564,-2.709338694684991,-2.4853029373488975
complex_ruleA,1,2018-05-16,48,1.7545096245833334,7.962394869770111,7.864185382469425,-6.207885245186778,-6.109675757886091
complex_ruleA,5,2018-05-17,48,2.3546793,7.456660681364885,7.214617831399949,-5.101981381364884,-4.85993853139995
complex_ruleA,4,2018-05-18,48,1.669650475,2.8834602234236537,2.671976493048499,-1.2138097484236534,-1.002326018048499
complex_ruleA,1,2018-05-19,48,2.7034745979166668,2.195876473839902,2.115799228269634,0.5075981240767647,0.5876753696470332
complex_ruleA,1,2018-05-20,48,1.7865302395833333,1.7326718538171324,1.6638522675369014,0.05385838576620113,0.1226779720464321
complex_ruleA,5,2018-05-21,48,3.68666576875,2.6284940801598693,2.4275829129488176,1.0581716885901307,1.2590828558011828
complex_ruleA,5,2018-05-22,48,4.301316341041667,3.133040200183785,2.945335861107956,1.1682761408578817,1.3559804799337112
complex_ruleA,3,2018-05-23,48,7.288922447916668,3.011064411249753,2.813706981748664,4.277858036666914,4.475215466168003
complex_ruleA,3,2018-05-24,48,4.644919720833333,2.201517298063304,2.0358242825251427,2.443402422770029,2.6090954383081906
complex_ruleA,4,2018-05-25,48,6.611843,3.9375615017227084,3.7216230069996077,2.674281498277292,2.8902199930003927
complex_ruleA,2,2018-05-26,48,8.061068656249999,5.644556308124474,5.275481204019165,2.4165123481255266,2.785587452230835
complex_ruleA,5,2018-05-27,48,4.926359043958334,4.670359247239035,4.4443394969749965,0.255999796719298,0.4820195469833371
complex_ruleA,5,2018-05-28,48,9.300022289583334,5.693947593165626,5.482177451519893,3.6060746964177075,3.8178448380634404
complex_ruleA,1,2018-05-29,48,5.725532533333333,3.891818775763745,3.7943164159106395,1.833713757569588,1.9312161174226936
complex_ruleA,2,2018-05-30,48,9.285427795833334,5.018226307048507,4.699524663534017,4.267201488784827,4.585903132299316
complex_ruleA,5,2018-05-31,48,12.184924920833334,5.453039282323602,5.192354954932733,6.731885638509731,6.992569965900601
complex_ruleA,3,2018-06-01,48,12.72816200625,8.085576691086642,7.859153253073058,4.642585315163358,4.869008753176943
complex_ruleA,2,2018-06-02,48,11.389905470833334,7.177825180555787,6.816745555276667,4.212080290277546,4.5731599155566665
complex_ruleA,5,2018-06-03,48,12.55154230625,6.408042661345113,6.179982591328646,6.143499644904888,6.371559714921354
complex_ruleA,1,2018-06-04,48,10.149586270833334,4.922985622606243,4.868159546624482,5.226600648227091,5.281426724208852
complex_ruleA,3,2018-06-05,48,14.328400583333334,6.507798583097404,6.2573245239157265,7.820602000235929,8.071076059417607
complex_ruleA,4,2018-06-06,48,12.788825141666665,6.985231845968287,6.864532572716867,5.80359329569838,5.9242925689498
complex_ruleA,3,2018-06-07,48,14.871658104166668,11.884521926805554,12.305538044685141,2.9871361773611116,2.566120059481526
complex_ruleA,3,2018-06-08,48,12.383363635416666,10.102216030543817,10.49777358205343,2.281147604872849,1.8855900533632373
complex_ruleA,2,2018-06-09,48,11.38877190625,10.470381322945897,10.495785828902074,0.9183905833041027,0.8929860773479271
complex_ruleA,1,2018-06-10,48,8.391238875,7.548626283277051,7.641126556164124,0.8426125917229484,0.7501123188358759
complex_ruleA,3,2018-06-11,48,7.900584520833334,7.21223659203208,7.612869131362626,0.6883479288012536,0.28771538947070713
complex_ruleA,2,2018-06-12,48,11.246427208333335,8.320173396956276,8.418670720733237,2.926253811377057,2.8277564876000976
complex_ruleA,3,2018-06-13,48,11.08758792361111,8.047617201216484,8.433181058908355,3.039970722394628,2.6544068647027568
complex_ruleA,4,2018-06-14,48,9.909037375,8.183823622394623,8.530697311144136,1.7252137526053763,1.3783400638558645
complex_ruleA,4,2018-06-15,48,11.489825041666668,7.346474976089255,7.61015020078396,4.143350065577411,3.8796748408827066
complex_ruleA,2,2018-06-16,48,11.32995541125,7.956337511671326,8.046602216728758,3.373617899578674,3.283353194521243
complex_ruleA,3,2018-06-17,48,10.0085567843125,9.397117022323375,9.745107113620474,0.6114397619891253,0.2634496706920257
complex_ruleA,2,2018-06-18,48,11.38329761875,10.930833551065328,10.998847314773235,0.4524640676846719,0.38445030397676616
complex_ruleA,1,2018-06-19,48,10.082189064583334,8.958579609546257,9.03896614958591,1.1236094550370768,1.0432229149974235
complex_ruleA,5,2018-06-20,48,10.912293720833333,8.716588073363285,8.760298182382895,2.195705647470049,2.1519955384504383
complex_ruleA,2,2018-06-21,48,9.99445140625,5.875030668584352,5.506854725159933,4.1194207376656475,4.487596681090068
complex_ruleA,5,2018-06-22,48,9.810313877083333,6.435513774392736,6.295159140595538,3.3748001026905974,3.515154736487796
complex_ruleA,1,2018-06-23,48,5.821263925625001,4.540145708271167,4.498397682218591,1.2811182173538331,1.3228662434064098
complex_ruleA,2,2018-06-24,48,7.384723681250001,7.510718735074497,7.233685232732184,-0.12599505382449677,0.1510384485178158
complex_ruleA,2,2018-06-25,48,6.0496021791666665,11.340447619086035,11.327522666128692,-5.2908454399193685,-5.277920486962024
complex_ruleA,3,2018-06-26,48,3.4537272625000006,7.358902571652281,7.225630657734752,-3.9051753091522805,-3.7719033952347516
complex_ruleA,4,2018-06-27,48,3.451504610416667,6.020545919076743,5.807066612344834,-2.569041308660077,-2.3555620019281682
complex_ruleA,4,2018-06-28,48,4.077571247916667,6.301209924128131,6.147131599486518,-2.223638676211465,-2.069560351569851
complex_ruleA,2,2018-06-29,48,5.3275203375,7.133061575774877,6.852126832484735,-1.8055412382748768,-1.5246064949847338
complex_ruleA,5,2018-06-30,48,4.825811625,7.719005929105051,7.547327572472349,-2.8931943041050503,-2.7215159474723483
complex_ruleA,2,2018-07-01,48,4.3099015000000005,7.369389531600664,7.038702371928816,-3.059488031600664,-2.728800871928815
complex_ruleA,1,2018-07-02,48,4.167258685416667,7.243703209060771,7.1425044093546335,-3.0764445236441045,-2.975245723937967
complex_ruleA,5,2018-07-03,48,4.831195355555556,9.383324755040244,9.25460405061777,-4.552129399484687,-4.423408695062215
complex_ruleA,4,2018-07-04,48,5.843496376736112,9.812618978766837,9.795275138809957,-3.969122602030726,-3.951778762073847
complex_ruleA,5,2018-07-05,48,5.057158572916667,5.870024542496799,5.669217681852607,-0.8128659695801321,-0.6120591089359405
complex_ruleA,5,2018-07-06,48,4.055362758333334,3.2247384623336575,2.985735291476131,0.8306242959996765,1.0696274668572026
complex_ruleA,3,2018-07-07,48,4.19226923125,2.5586885352954485,2.3708271004285923,1.6335806959545518,1.821442130821408
complex_ruleA,1,2018-07-08,48,4.90197201875,6.155845426649297,6.170456638377612,-1.2538734078992964,-1.2684846196276118
complex_ruleA,3,2018-07-09,48,4.689948560416666,7.190343439489837,7.496165736431752,-2.5003948790731703,-2.8062171760150854
complex_ruleA,5,2018-07-10,48,5.213994385416667,6.745948142315169,6.576149264816345,-1.5319537568985018,-1.362154879399678
complex_ruleA,3,2018-07-11,48,6.5276587,8.957291535391997,8.780790656699576,-2.4296328353919976,-2.2531319566995767
complex_ruleA,5,2018-07-12,48,6.145249545833334,9.018661142286959,8.977791604247074,-2.8734115964536255,-2.832542058413741
complex_ruleA,3,2018-07-13,48,5.810960989583333,8.777567305550921,8.634998478782427,-2.966606315967588,-2.824037489199093
complex_ruleA,2,2018-07-14,48,7.893707402083334,9.789059444805806,9.717832755369166,-1.8953520427224717,-1.8241253532858328
complex_ruleA,4,2018-07-15,48,8.86829165625,12.1798467387418,12.847683268029144,-3.3115550824918003,-3.9793916117791426
complex_ruleA,5,2018-07-16,48,10.82803609375,12.371489116239582,12.595113359639003,-1.5434530224895828,-1.7670772658890037
complex_ruleA,4,2018-07-17,48,11.132740177083333,8.358374922240957,8.402178560419596,2.774365254842376,2.7305616166637368
complex_ruleA,1,2018-07-18,48,11.137558127083333,9.153286168225451,9.03891298589846,1.9842719588578834,2.0986451411848734
complex_ruleA,1,2018-07-19,48,13.359665666666666,9.633615823741708,9.505064801093932,3.7260498429249593,3.8546008655727353
complex_ruleA,3,2018-07-20,48,13.94127565625,10.27579897694009,10.198897001750888,3.66547667930991,3.742378654499111
complex_ruleA,4,2018-07-21,48,14.667598447916667,12.137164164005698,12.304464739495181,2.5304342839109695,2.3631337084214876
complex_ruleA,3,2018-07-22,48,17.241421145833332,13.367152832688085,13.467143863927015,3.8742683131452478,3.774277281906317
complex_ruleA,1,2018-07-23,48,14.9066868125,13.772215323093421,13.62978284441901,1.1344714894065786,1.2769039680809906
complex_ruleA,4,2018-07-24,48,17.56617597916667,16.322972401891416,16.85582197599641,1.243203577275252,0.710354003170257
complex_ruleA,5,2018-07-25,48,15.2256235625,13.96094924191626,14.345668848404872,1.2646743205837405,0.879954714095129
complex_ruleA,2,2018-07-26,48,15.803525125,15.226346979761859,15.302089451215728,0.5771781452381413,0.5014356737842718
complex_ruleA,5,2018-07-27,48,18.182484104166665,16.319845629942666,16.55401577690257,1.8626384742240003,1.6284683272640958
complex_ruleA,1,2018-07-28,48,19.978907489583335,17.2235018531781,17.041104474034835,2.755405636405234,2.9378030155485013
complex_ruleA,2,2018-07-29,48,17.893377052083334,13.649340273457062,13.447386144428643,4.244036778626273,4.44599090765469
complex_ruleA,3,2018-07-30,48,17.828049833333335,13.363467766836456,13.454126851654854,4.464582066496878,4.37392298167848
complex_ruleA,3,2018-07-31,48,21.156810916666668,14.940765330295841,15.08304757304937,6.216045586370824,6.073763343617297
complex_ruleA,1,2018-08-01,48,21.93689688541667,22.025770753561186,21.899232062901067,-0.08887386814451952,0.03766482251559855
complex_ruleA,4,2018-08-02,48,24.189204364583333,20.288854686591634,21.45129712164102,3.900349677991699,2.7379072429423137
complex_ruleA,2,2018-08-03,48,24.791258786458332,20.606751377407395,20.970516689603244,4.18450740905094,3.82074209685509
complex_ruleA,4,2018-08-04,48,21.493310104166667,14.108399535819956,14.824711038078632,7.384910568346711,6.668599066088035
complex_ruleA,5,2018-08-05,48,20.0095305625,14.515621434971754,14.772221074267522,5.493909127528248,5.237309488232477
complex_ruleA,3,2018-08-06,48,19.757008916666667,14.332169375643351,14.384399485405881,5.424839541023317,5.372609431260785
complex_ruleA,1,2018-08-07,48,18.414588364583334,13.678655333670939,13.565461793548929,4.7359330309123955,4.849126571034405
complex_ruleA,4,2018-08-08,48,18.160720385416667,13.089079768699525,13.248502491841771,5.071640616717142,4.912217893574895
complex_ruleA,5,2018-08-09,48,16.7010125625,11.723740639766776,11.729491652014454,4.977271922733225,4.971520910485546
complex_ruleA,5,2018-08-10,48,19.949173958333336,14.413944424976643,14.541475153954003,5.5352295333566905,5.40769880437933
complex_ruleA,2,2018-08-11,48,18.446810208333336,15.235011066224056,15.412323790827635,3.211799142109278,3.0344864175056983
complex_ruleA,4,2018-08-12,48,18.256352125,13.975468055132794,14.612093783266843,4.280884069867207,3.644258341733158
complex_ruleA,2,2018-08-13,48,16.607995354166665,13.583419777680069,13.512402794674784,3.0245755764865976,3.0955925594918825
complex_ruleA,5,2018-08-14,48,21.323660083333333,14.413710951414691,14.605620655072974,6.909949131918643,6.718039428260359
complex_ruleA,1,2018-08-15,48,18.67880027083333,14.836265964242257,14.686287126838623,3.842534306591077,3.99251314399471
complex_ruleA,4,2018-08-16,48,12.288344958333333,9.380230054465633,9.158234994127659,2.9081149038677,3.130109964205675
complex_ruleA,2,2018-08-17,48,7.570451566666667,4.967467529969565,4.6267965918031075,2.6029840366971015,2.9436549748635588
complex_ruleA,4,2018-08-18,48,10.823173666666667,5.200438470121598,5.0215586861973955,5.622735196545069,5.801614980469271
complex_ruleA,3,2018-08-19,48,12.307638395833335,7.345012547179135,7.180769688043369,4.962625848654198,5.126868707789965
complex_ruleA,4,2018-08-20,48,14.89058490625,9.722820212942004,10.074759833017161,5.167764693307996,4.81582507323284
complex_ruleA,4,2018-08-21,48,12.472552208333333,7.717796432069459,7.73718962235982,4.754755776263874,4.735362585973514
complex_ruleA,2,2018-08-22,48,14.045706645833334,13.41025218563528,13.499931939750256,0.6354544601980531,0.5457747060830773
complex_ruleA,1,2018-08-23,48,11.836998729166666,11.181991532882188,11.184549038821695,0.6550071962844787,0.6524496903449709
complex_ruleA,3,2018-08-24,48,10.792520541666667,8.09004806978334,8.018749229499727,2.7024724718833273,2.77377131216694
complex_ruleA,5,2018-08-25,48,10.407733666666667,7.768899891330329,7.804852522174156,2.6388337753363373,2.602881144492511
complex_ruleA,5,2018-08-26,48,13.120613364583333,8.75066890618552,8.794921131674721,4.369944458397812,4.3256922329086125
complex_ruleA,5,2018-08-27,48,12.964973624999999,8.13320033373272,8.145563442043949,4.83177329126728,4.819410182956051
complex_ruleA,4,2018-08-28,48,10.776616979166667,7.660199579084613,7.677078828164469,3.1164174000820535,3.0995381510021978
complex_ruleA,4,2018-08-29,48,8.59915721875,6.23607972946166,6.016239219346811,2.3630774892883406,2.58291799940319
complex_ruleA,3,2018-08-30,48,10.177618854166667,7.320773771523766,7.173125785364135,2.8568450826429004,3.0044930688025318
complex_ruleA,1,2018-08-31,48,9.545335041666666,6.51191488422614,6.4047792186665875,3.0334201574405273,3.140555823000079
complex_ruleA,2,2018-09-01,48,9.1940406125,7.413641650529698,7.291295877732865,1.7803989619703018,1.9027447347671353
complex_ruleA,2,2018-09-02,48,9.852551479166667,7.529376714525626,7.572770954047581,2.3231747646410397,2.2797805251190866
complex_ruleA,2,2018-09-03,48,7.7965321874999995,7.556989696937085,7.438778439817408,0.23954249056291457,0.3577537476825913
complex_ruleA,2,2018-09-04,48,9.144821310416667,4.904141746383716,4.605770482926132,4.24067956403295,4.539050827490535
complex_ruleA,3,2018-09-05,48,9.062859662500001,5.895058353353002,6.019337324927481,3.1678013091469985,3.04352233757252
complex_ruleA,2,2018-09-06,48,10.088790305208333,7.6761910729686695,7.757517066726184,2.4125992322396645,2.3312732384821495
complex_ruleA,5,2018-09-07,48,11.115055127083332,6.870491699363609,6.900380711913484,4.244563427719723,4.21467441516985
complex_ruleA,3,2018-09-08,48,10.223947145833334,6.5135378169834,6.8132617650601475,3.710409328849933,3.410685380773186
complex_ruleA,4,2018-09-09,48,10.090418527083333,6.2789031880380675,6.499180433933539,3.8115153390452665,3.5912380931497947
complex_ruleA,3,2018-09-10,48,6.189287668402778,5.699225747247071,5.977035660044564,0.49006192115570707,0.21225200835821442
complex_ruleA,3,2018-09-11,48,6.274015510416667,5.074778510845651,5.350268267266043,1.199236999571015,0.923747243150623
complex_ruleA,1,2018-09-12,48,7.297151910416667,5.877124148088584,5.953372900047339,1.4200277623280817,1.3437790103693275
complex_ruleA,2,2018-09-13,48,5.060761216666667,7.324018822989945,7.389654861713729,-2.263257606323278,-2.3288936450470623
complex_ruleA,5,2018-09-14,48,3.5804256437500004,7.36022646859761,7.430622198827085,-3.779800824847611,-3.850196555077085
complex_ruleA,3,2018-09-15,48,4.37787570625,7.954011586412489,8.194989708087062,-3.576135880162488,-3.817114001837062
complex_ruleA,2,2018-09-16,48,2.6671404270833334,7.6859584827249785,7.718158199841619,-5.018818055641645,-5.051017772758286
complex_ruleA,2,2018-09-17,48,3.689023655208333,7.0642005379055846,7.108876941058103,-3.3751768826972506,-3.41985328584977
complex_ruleA,3,2018-09-18,48,2.6043113779166664,6.226760938157166,6.490847103774976,-3.6224495602404985,-3.8865357258583093
complex_ruleA,2,2018-09-19,48,2.1101717033333336,6.4896249211526955,6.572175633305988,-4.379453217819362,-4.462003929972654
complex_ruleA,4,2018-09-20,48,0.7976019938125001,5.66269494281248,5.894807479754107,-4.865092948999981,-5.097205485941607
complex_ruleA,5,2018-09-21,48,0.9684922160416667,6.725756939834703,6.791435778746148,-5.757264723793036,-5.822943562704482
complex_ruleA,1,2018-09-22,48,1.286113165625,5.657044158252433,5.7167440110676,-4.370930992627433,-4.4306308454426
complex_ruleA,3,2018-09-23,48,1.8461108989583332,5.027945612306524,5.311434674763912,-3.181834713348191,-3.4653237758055777
complex_ruleA,5,2018-09-24,48,1.9362030538750001,5.092895774576964,5.187467602124688,-3.1566927207019635,-3.251264548249688
complex_ruleA,2,2018-09-25,48,2.560413458333333,4.96082513579915,5.091494959761111,-2.400411677465817,-2.5310815014277783
complex_ruleA,1,2018-09-26,48,1.929944911875,4.2243874812018225,4.279705186762064,-2.2944425693268227,-2.3497602748870645
complex_ruleA,1,2018-09-27,48,2.3870967227083333,4.50231527064552,4.570344654815181,-2.1152185479371863,-2.1832479321068474
complex_ruleA,5,2018-09-28,48,2.3075897289583334,4.58755289025943,4.714676152064583,-2.279963161301097,-2.40708642310625
complex_ruleA,1,2018-09-29,48,2.3703316270833334,5.496346123013219,5.563198416932381,-3.1260144959298857,-3.1928667898490484
complex_ruleA,5,2018-09-30,48,2.0839533041666667,4.950669496657222,5.028604635804877,-2.866716192490555,-2.94465133163821
best_accuracy_ruleA,1,2012-04-17,13,0.17492633815384614,-0.017053640168688215,-0.015336743429706475,0.19197997832253438,0.19026308158355262
best_accuracy_ruleA,5,2012-04-18,46,0.10277196365217392,-0.02802039116668304,-0.04222669476653266,0.13079235481885695,0.14499865841870657
best_accuracy_ruleA,3,2012-04-19,48,0.13160591110416667,-0.00018680905759408122,-4.997754114188545e-06,0.13179272016176075,0.13161090885828083
best_accuracy_ruleA,1,2012-04-20,47,0.19268152623404253,-6.01101629134428e-14,-7.565965680406296e-16,0.19268152623410267,0.1926815262340433
best_accuracy_ruleA,4,2012-04-21,48,0.31302222352083336,-3.3515728057497356e-09,-8.921091248129136e-13,0.31302222687240616,0.31302222352172543
best_accuracy_ruleA,1,2012-04-22,47,0.22889915329787233,-0.022376377986847423,-0.0191901611612877,0.2512755312847198,0.24808931445916002
best_accuracy_ruleA,2,2012-04-23,48,0.09675257410416667,-0.08015217922353433,-0.023928054084663253,0.17690475332770098,0.12068062818882992
best_accuracy_ruleA,2,2012-04-24,48,-0.1216986750625,-0.0036610396415702362,-0.00023404957777997125,-0.11803763542092977,-0.12146462548472003
best_accuracy_ruleA,4,2012-04-25,48,0.12789548795833333,-0.0188842679260123,-0.015764913752889746,0.14677975588434564,0.14366040171122307
best_accuracy_ruleA,1,2012-04-26,48,0.031396444041666666,0.00290436003626379,0.004413029011691615,0.028492084005402873,0.026983415029975057
best_accuracy_ruleA,2,2012-04-27,33,-0.0011584061818181795,-0.009795332144013787,0.0003234829388427432,0.008636925962195606,-0.0014818891206609223
best_accuracy_ruleA,3,2012-04-28,17,0.1495946152352941,0.003350260520644877,0.001895758565087595,0.14624435471464925,0.14769885667020655
best_accuracy_ruleA,4,2012-04-29,48,0.0563516495625,0.08180568089609787,0.040906373182784166,-0.025454031333597863,0.015445276379715838
best_accuracy_ruleA,5,2012-04-30,48,0.067841465,0.034465443472034764,0.028013333576285004,0.03337602152796524,0.039828131423714996
best_accuracy_ruleA,4,2012-05-01,35,-0.011450152857142857,0.010132045189587094,-0.008562295372733076,-0.021582198046729954,-0.002887857484409779
best_accuracy_ruleA,1,2012-05-02,23,0.03662533839130435,0.0933830211375235,0.10613532766872683,-0.05675768274621916,-0.06950998927742248
best_accuracy_ruleA,2,2012-05-03,48,0.09201962160416667,0.14885379849667882,0.17602653833804563,-0.056834176892512134,-0.08400691673387896
best_accuracy_ruleA,2,2012-05-04,40,0.085187383475,0.17447400054839002,0.21252169604674037,-0.08928661707339,-0.12733431257174038
best_accuracy_ruleA,1,2012-05-05,48,0.0777986770625,0.20229889261537162,0.21256952230471335,-0.12450021555287162,-0.13477084524221336
best_accuracy_ruleA,2,2012-05-06,46,0.009543028086956524,-0.160963912732667,-0.2221856193575338,0.17050694081962353,0.23172864744449037
best_accuracy_ruleA,5,2012-05-07,48,0.021618651333333332,0.09374797175050492,0.08697962067406632,-0.07212932041717159,-0.06536096934073299
best_accuracy_ruleA,5,2012-05-08,48,0.19335431079166668,0.3594153204369091,0.3612114413298812,-0.16606100964524248,-0.16785713053821447
best_accuracy_ruleA,1,2012-05-09,42,0.1434148763095238,0.3931023049740826,0.44433054144989,-0.2496874286645588,-0.30091566514036616
best_accuracy_ruleA,3,2012-05-10,40,0.319251258275,0.3327994909784681,0.2881576548098418,-0.013548232703468138,0.03109360346515825
best_accuracy_ruleA,2,2012-05-11,48,0.17239545895833333,0.3395702655023782,0.38168481531809734,-0.1671748065440448,-0.209289356359764
best_accuracy_ruleA,1,2012-05-12,48,0.17601843233333334,0.5182485357775111,0.6283574010219658,-0.3422301034441777,-0.4523389686886324
best_accuracy_ruleA,3,2012-05-13,48,0.17704623283333332,0.21457832288326564,0.20997908917336408,-0.037532090049932326,-0.03293285634003076
best_accuracy_ruleA,4,2012-05-14,48,0.27600001625,0.12156974058561837,0.1578802244783834,0.15443027566438164,0.11811979177161659
best_accuracy_ruleA,4,2012-05-15,47,0.35306912361702125,0.5552214430327803,0.5114678088417669,-0.202152319415759,-0.15839868522474565
best_accuracy_ruleA,4,2012-05-16,48,0.4190129162291667,1.7176506566898535,1.6900067628675635,-1.2986377404606866,-1.270993846638397
best_accuracy_ruleA,1,2012-05-17,48,0.5381429567708333,0.8439542771427284,0.915429090522561,-0.305811320371895,-0.3772861337517277
best_accuracy_ruleA,1,2012-05-18,39,0.4551124043333334,1.083094882989406,1.2689870688284168,-0.6279824786560727,-0.8138746644950835
best_accuracy_ruleA,4,2012-05-19,48,0.4896868033125,0.7735777961267164,0.7614933027149634,-0.2838909928142164,-0.27180649940246343
best_accuracy_ruleA,1,2012-05-20,48,0.47750789,0.7181465301331026,0.8043350555223222,-0.24063864013310252,-0.3268271655223221
best_accuracy_ruleA,5,2012-05-21,48,0.8335178516666667,1.2089987951570733,1.2834075349344367,-0.37548094349040667,-0.4498896832677701
best_accuracy_ruleA,4,2012-05-22,32,0.702621915625,0.3839099548197552,0.41701591675984007,0.3187119608052448,0.2856059988651599
best_accuracy_ruleA,2,2012-05-23,46,0.6635871663260869,0.7655021333131834,0.8364691676337278,-0.10191496698709644,-0.17288200130764092
best_accuracy_ruleA,3,2012-05-24,48,0.6281435369791667,1.2149023845249924,1.2564990081944396,-0.5867588475458259,-0.628355471215273
best_accuracy_ruleA,3,2012-05-25,38,0.8183735249999999,1.0683677311194737,1.140033398766083,-0.24999420611947368,-0.3216598737660828
best_accuracy_ruleA,1,2012-05-26,48,0.6980216629166667,1.2700736901317073,1.3711105370824284,-0.5720520272150407,-0.6730888741657616
best_accuracy_ruleA,4,2012-05-27,48,0.8635254579166666,0.5009050738479508,0.6507031099233767,0.3626203840687159,0.21282234799329003
best_accuracy_ruleA,4,2012-05-28,45,1.0706195379333332,-0.03614489911715872,0.12645096330364342,1.106764437050492,0.94416857462969
best_accuracy_ruleA,1,2012-05-29,47,1.2441222806595744,0.8959302948578637,0.9566651101319985,0.34819198580171073,0.28745717052757597
best_accuracy_ruleA,5,2012-05-30,39,1.3168110543589744,1.2238268288078054,1.325469801694244,0.09298422555116878,-0.008658747335269735
best_accuracy_ruleA,4,2012-05-31,48,1.122336043125,1.0156052106252955,1.1025473108514325,0.10673083249970451,0.019788732273567426
best_accuracy_ruleA,1,2012-06-01,47,1.408223744680851,1.4871327118423296,1.6470897767248036,-0.07890896716147883,-0.23886603204395251
best_accuracy_ruleA,1,2012-06-02,48,1.5114160385416666,1.757761150356752,1.8956203607002333,-0.24634511181508534,-0.38420432215856654
best_accuracy_ruleA,4,2012-06-03,48,1.7375850125,1.2612704522286022,1.3666489834250717,0.4763145602713977,0.3709360290749282
best_accuracy_ruleA,5,2012-06-04,48,1.8668908327083333,1.607332920480028,1.6278771987656953,0.2595579122283053,0.2390136339426382
best_accuracy_ruleA,5,2012-06-05,48,2.0323514729166665,1.1771323916938006,1.2922232949185535,0.8552190812228662,0.7401281779981131
best_accuracy_ruleA,5,2012-06-06,48,1.9727137145833333,1.744067350760437,1.929361177079507,0.2286463638228965,0.04335253750382634
best_accuracy_ruleA,4,2012-06-07,48,2.1687674958333334,0.9552122565396988,1.0712981635583634,1.2135552392936346,1.09746933227497
best_accuracy_ruleA,5,2012-06-08,48,2.3881609270833333,2.764514358791319,2.917047172258732,-0.37635343170798596,-0.5288862451753987
best_accuracy_ruleA,5,2012-06-09,38,2.1885792210526316,1.4735022215123657,1.6248014563833104,0.7150769995402658,0.5637777646693212
best_accuracy_ruleA,5,2012-06-10,48,2.3298899375,2.7802772940960385,2.9988276533810274,-0.4503873565960384,-0.6689377158810275
best_accuracy_ruleA,1,2012-06-11,45,2.215788988888889,1.3187147143841038,1.492172598428051,0.8970742745047852,0.723616390460838
best_accuracy_ruleA,1,2012-06-12,47,2.466926670212766,0.8714794557879215,1.0701786380040148,1.5954472144248444,1.3967480322087513
best_accuracy_ruleA,1,2012-06-13,48,2.355464260416667,1.3066201065931993,1.5568352276399577,1.0488441538234674,0.7986290327767088
best_accuracy_ruleA,5,2012-06-14,48,2.396814725,1.3054939515331292,1.47959209825948,1.0913207734668708,0.91722262674052
best_accuracy_ruleA,2,2012-06-15,48,2.2765174375,1.566093266763177,1.6362858300755605,0.7104241707368227,0.6402316074244395
best_accuracy_ruleA,2,2012-06-16,48,2.12172636875,1.7846877573586821,1.782830257013484,0.3370386113913179,0.3388961117365159
best_accuracy_ruleA,4,2012-06-17,48,2.4683254604166667,3.97785234619116,4.033018516238322,-1.5095268857744932,-1.564693055821655
best_accuracy_ruleA,4,2012-06-18,48,2.57933425,3.1419209006778868,3.301337085367248,-0.5625866506778868,-0.7220028353672482
best_accuracy_ruleA,2,2012-06-19,48,2.7591370666666664,3.702710012935354,3.7694068880532523,-0.9435729462686874,-1.010269821386586
best_accuracy_ruleA,4,2012-06-20,48,4.0653092766666665,3.795531313069782,4.1526615016981,0.26977796359688444,-0.08735222503143332
best_accuracy_ruleA,4,2012-06-21,48,2.852546154166667,2.697196362043099,2.8359559041531686,0.1553497921235678,0.016590250013497978
best_accuracy_ruleA,2,2012-06-22,35,2.690932479428571,2.227380375929426,2.3151706692788303,0.46355210349914555,0.3757618101497412
best_accuracy_ruleA,3,2012-06-23,46,3.013371210869565,1.8049127064979482,1.917917899282886,1.208458504371617,1.0954533115866791
best_accuracy_ruleA,3,2012-06-24,48,3.617370472916667,2.2343598934635267,2.326075348800966,1.38301057945314,1.2912951241157007
best_accuracy_ruleA,3,2012-06-25,48,3.588744060416667,0.8688974691004437,1.0164085147258766,2.719846591316223,2.57233554569079
best_accuracy_ruleA,1,2012-06-26,48,3.3450276750000003,1.0995101156629101,1.2523307768737062,2.24551755933709,2.092696898126294
best_accuracy_ruleA,5,2012-06-27,48,2.8715724887499996,1.121409148609191,1.2244355643159641,1.7501633401408088,1.647136924434036
best_accuracy_ruleA,1,2012-06-28,48,2.6015098025000003,1.9002713657374357,2.027232066633669,0.7012384367625645,0.5742777358663312
best_accuracy_ruleA,1,2012-06-29,48,3.3835941145833335,2.419073566824055,2.6216167456734145,0.9645205477592782,0.7619773689099189
best_accuracy_ruleA,4,2012-06-30,48,2.9133323829166664,2.1712902277831945,2.183422919803287,0.7420421551334724,0.7299094631133797
best_accuracy_ruleA,2,2012-07-01,48,2.5759667938541666,1.9469748485263327,1.9769090363686226,0.628991945327834,0.5990577574855441
best_accuracy_ruleA,1,2012-07-02,42,2.9145822404761907,2.719182364271634,2.9219180226148405,0.1953998762045562,-0.007335782138649758
best_accuracy_ruleA,1,2012-07-03,48,2.5154627541666668,2.6042624790553797,2.74920706114646,-0.08879972488871309,-0.23374430697979354
best_accuracy_ruleA,1,2012-07-04,48,2.6683533291666666,3.5721089066684346,3.7206461959593438,-0.903755577501768,-1.052292866792677
best_accuracy_ruleA,2,2012-07-05,48,3.0286032791666666,4.0946297148171285,4.163130438931446,-1.0660264356504625,-1.1345271597647792
best_accuracy_ruleA,5,2012-07-06,46,2.6821343260869566,3.666331981064198,3.7464748919925297,-0.9841976549772415,-1.0643405659055734
best_accuracy_ruleA,2,2012-07-07,44,3.637924677272727,3.111931253507654,3.209515068758123,0.5259934237650733,0.4284096085146043
best_accuracy_ruleA,1,2012-07-08,46,2.952379802173913,2.2531996629473774,2.4652380887563057,0.6991801392265357,0.48714171341760704
best_accuracy_ruleA,4,2012-07-09,48,2.5226163520833333,2.750872628543357,2.863190520326551,-0.2282562764600238,-0.34057416824321757
best_accuracy_ruleA,1,2012-07-10,48,3.164615041458333,3.962052401305042,4.043288332940365,-0.7974373598467085,-0.8786732914820307
best_accuracy_ruleA,4,2012-07-11,48,3.165003675,2.31748797131582,2.602020032755673,0.8475157036841799,0.5629836422443272
best_accuracy_ruleA,3,2012-07-12,48,2.8945481479166664,3.121448200014966,3.1796488735280435,-0.22690005209829914,-0.28510072561137695
best_accuracy_ruleA,5,2012-07-13,48,2.438382886875,4.561362355898645,4.718570147431541,-2.1229794690236448,-2.2801872605565414
best_accuracy_ruleA,5,2012-07-14,48,2.6562699875,5.890004667001123,6.042440679963199,-3.2337346795011235,-3.3861706924631982
best_accuracy_ruleA,3,2012-07-15,48,3.2690944749999997,5.789085196234754,5.757202581577892,-2.519990721234754,-2.4881081065778914
best_accuracy_ruleA,1,2012-07-16,48,3.3365409666666666,5.508422023809088,5.515548861516719,-2.171881057142422,-2.1790078948500518
best_accuracy_ruleA,5,2012-07-17,47,3.506454780851064,7.527535467062728,7.63932443541463,-4.021080686211664,-4.1328696545635655
best_accuracy_ruleA,3,2012-07-18,48,4.31823554375,6.789328751099808,6.893481162122074,-2.4710932073498086,-2.5752456183720738
best_accuracy_ruleA,1,2012-07-19,48,4.235942120833333,5.731076432609861,5.889558761490959,-1.4951343117765277,-1.6536166406576254
best_accuracy_ruleA,1,2012-07-20,48,4.197089585416667,1.5386558015056124,1.7805245291297684,2.6584337839110543,2.416565056286898
best_accuracy_ruleA,4,2012-07-21,48,3.581241858333333,1.7431083844403232,1.8504757629690138,1.8381334738930102,1.7307660953643194
best_accuracy_ruleA,3,2012-07-22,48,3.47300988125,1.8740003829872747,2.072679502732242,1.5990094982627252,1.4003303785177577
best_accuracy_ruleA,3,2012-07-23,48,3.6027254916666664,4.604720836648355,4.697250706428962,-1.0019953449816892,-1.0945252147622955
best_accuracy_ruleA,4,2012-07-24,48,3.5953668183333334,6.217877814824861,6.265785514778071,-2.622510996491528,-2.6704186964447385
best_accuracy_ruleA,5,2012-07-25,48,4.1132118166666665,8.13599473966255,8.201328554988464,-4.022782922995884,-4.088116738321797
best_accuracy_ruleA,4,2012-07-26,47,4.945090108510638,10.003614513054892,10.127558622417832,-5.058524404544253,-5.182468513907193
best_accuracy_ruleA,1,2012-07-27,46,4.631375795652175,10.040298716971085,9.866973287582448,-5.408922921318912,-5.235597491930274
best_accuracy_ruleA,5,2012-07-28,48,5.015409016666667,8.767276499894008,8.846007517486767,-3.751867483227341,-3.8305985008201002
best_accuracy_ruleA,2,2012-07-29,48,5.191188340208334,7.756882188004858,7.613723975133333,-2.565693847796524,-2.422535634925
best_accuracy_ruleA,2,2012-07-30,48,5.172252041666667,7.228638093203165,7.094867585673185,-2.056386051536498,-1.9226155440065187
best_accuracy_ruleA,5,2012-07-31,48,6.134338235416667,6.342338601010994,6.500548352313245,-0.2080003655943267,-0.36621011689657806
best_accuracy_ruleA,5,2012-08-01,48,6.280896235416667,7.1383425644456535,7.2237352555861065,-0.857446329028987,-0.94283902016944
best_accuracy_ruleA,4,2012-08-02,48,6.6504443,8.602721778556974,8.89204311342243,-1.952277478556975,-2.2415988134224287
best_accuracy_ruleA,1,2012-08-03,48,7.160892158333333,9.089263691266892,9.126650266619732,-1.928371532933559,-1.9657581082863993
best_accuracy_ruleA,2,2012-08-04,48,6.567858770833333,8.952337332169167,8.827622851344005,-2.3844785613358344,-2.259764080510672
best_accuracy_ruleA,1,2012-08-05,48,6.946719375,8.517606699130473,8.456792177591398,-1.5708873241304733,-1.5100728025913968
best_accuracy_ruleA,2,2012-08-06,48,5.922653764583334,7.633708425630199,7.524872011682837,-1.7110546610468658,-1.6022182470995032
best_accuracy_ruleA,3,2012-08-07,48,7.153456070833333,8.140165845217401,8.118119709870333,-0.9867097743840691,-0.9646636390370004
best_accuracy_ruleA,1,2012-08-08,48,7.373567145833333,5.864161308823648,6.221810445785928,1.5094058370096857,1.1517567000474056
best_accuracy_ruleA,1,2012-08-09,47,7.0186513255319145,5.033007377613,5.3065289530444835,1.9856439479189145,1.7121223724874315
best_accuracy_ruleA,3,2012-08-10,48,6.428932797916667,5.901007003803959,5.990332223628433,0.527925794112708,0.43860057428823396
best_accuracy_ruleA,1,2012-08-11,48,6.577051102083334,8.186401702572565,8.284267119238477,-1.609350600489232,-1.707216017155143
best_accuracy_ruleA,3,2012-08-12,48,6.641491183333333,8.466895857957383,8.395854893494198,-1.8254046746240495,-1.7543637101608647
best_accuracy_ruleA,2,2012-08-13,48,7.441026860416667,9.48746591670786,9.17776057069829,-2.0464390562911925,-1.7367337102816236
best_accuracy_ruleA,2,2012-08-14,44,5.585122643181818,9.809136258458892,9.670439137488579,-4.224013615277074,-4.085316494306761
best_accuracy_ruleA,3,2012-08-15,48,6.8359822562499994,9.179591826502625,9.288895307206333,-2.343609570252626,-2.4529130509563335
best_accuracy_ruleA,5,2012-08-16,48,7.5789022125,9.902598610218691,10.107501149286142,-2.3236963977186904,-2.528598936786142
best_accuracy_ruleA,3,2012-08-17,48,7.50730011875,12.619255325784913,12.49696149267384,-5.111955207034912,-4.989661373923839
best_accuracy_ruleA,3,2012-08-18,48,6.590918335416667,9.254064000642073,9.313042039807884,-2.6631456652254055,-2.7221237043912168
best_accuracy_ruleA,1,2012-08-19,48,8.61395005625,8.290633566186392,8.340918847746645,0.3233164900636086,0.27303120850335455
best_accuracy_ruleA,3,2012-08-20,48,7.9814005833333335,9.771525523001436,9.722703143400302,-1.790124939668103,-1.741302560066969
best_accuracy_ruleA,2,2012-08-21,48,8.186272847916667,10.901398063086175,10.522895081069779,-2.7151252151695076,-2.336622233153111
best_accuracy_ruleA,4,2012-08-22,48,7.327301362499999,9.33139262468766,9.851433535176575,-2.0040912621876603,-2.524132172676575
best_accuracy_ruleA,4,2012-08-23,48,8.517630725,11.243227845146626,11.661986622942743,-2.7255971201466256,-3.1443558979427433
best_accuracy_ruleA,3,2012-08-24,48,8.681626145833333,11.092288945583642,11.00377399391,-2.410662799750309,-2.3221478480766673
best_accuracy_ruleA,5,2012-08-25,48,9.249283554166666,11.02792027631414,11.182210104559156,-1.7786367221474713,-1.93292655039249
best_accuracy_ruleA,2,2012-08-26,48,9.87117175,11.321229559678967,10.956240986470576,-1.450057809678966,-1.0850692364705747
best_accuracy_ruleA,1,2012-08-27,48,10.066777154166667,11.563141105333784,11.486323072110311,-1.4963639511671183,-1.4195459179436447
best_accuracy_ruleA,4,2012-08-28,48,9.852360588333333,10.334056362379346,10.824126412026395,-0.4816957740460132,-0.9717658236930623
best_accuracy_ruleA,5,2012-08-29,48,21.97209148125,10.757504130758443,11.008815859809687,11.214587350491556,10.963275621440316
best_accuracy_ruleA,4,2012-08-30,48,28.967427914583336,13.158109838403496,13.499661864280498,15.809318076179837,15.467766050302837
best_accuracy_ruleA,3,2012-08-31,48,13.058101424999998,11.665043773551446,11.567009022638311,1.3930576514485529,1.4910924023616874
best_accuracy_ruleA,1,2012-09-01,46,6.837848882608696,10.571734623575878,10.741963373635192,-3.733885740967183,-3.9041144910264967
best_accuracy_ruleA,4,2012-09-02,39,2.226128878205128,7.19842460854855,7.3858486916661175,-4.972295730343421,-5.15971981346099
best_accuracy_ruleA,2,2012-09-03,44,2.9446648161363638,8.287482474874052,8.136663693463762,-5.342817658737688,-5.191998877327399
best_accuracy_ruleA,2,2012-09-04,37,2.855260219216216,10.332849326781103,10.01045244157054,-7.477589107564888,-7.155192222354321
best_accuracy_ruleA,1,2012-09-05,31,2.949354112903226,11.893870694812222,11.892223241378511,-8.944516581908996,-8.942869128475285
best_accuracy_ruleA,4,2012-09-06,38,2.514661660526316,8.965434883043168,9.11807126065145,-6.450773222516852,-6.603409600125134
best_accuracy_ruleA,3,2012-09-07,42,1.6679321140476189,8.507781102213304,8.562776442630232,-6.839848988165685,-6.8948443285826135
best_accuracy_ruleA,3,2012-09-08,48,3.0139437527083337,8.66508815397719,8.670482727866775,-5.651144401268855,-5.6565389751584405
best_accuracy_ruleA,2,2012-09-09,48,4.418429550208333,8.927526033659028,8.692321379182827,-4.509096483450695,-4.273891828974494
best_accuracy_ruleA,3,2012-09-10,16,2.077358675,5.306024904327466,5.485225658634654,-3.2286662293274664,-3.407866983634654
best_accuracy_ruleA,3,2016-01-05,20,6.49421187465,7.069124129026416,6.4521029868891855,-0.5749122543764154,0.042108887760814076
best_accuracy_ruleA,2,2016-01-06,48,7.075986391375,5.536871476735901,6.0891968765642135,1.5391149146390992,0.9867895148107856
best_accuracy_ruleA,5,2016-01-07,48,6.803397345895834,10.428466250556188,9.982627808633996,-3.6250689046603544,-3.1792304627381625
best_accuracy_ruleA,2,2016-01-08,48,9.704917027520834,12.501764787338304,12.250541930708009,-2.796847759817472,-2.545624903187175
best_accuracy_ruleA,5,2016-01-09,48,14.033978211395834,10.440066870739784,10.81864725989949,3.593911340656049,3.2153309514963424
best_accuracy_ruleA,1,2016-01-10,48,15.418391934729167,8.244270910558212,8.447018216610866,7.174121024170954,6.971373718118301
best_accuracy_ruleA,2,2016-01-11,48,7.896477082791667,5.5201783306352725,5.6458427458740355,2.3762987521563943,2.2506343369176305
best_accuracy_ruleA,3,2016-01-12,48,7.7312570626041675,3.9475523062778937,4.07473414965662,3.783704756326273,3.6565229129475476
best_accuracy_ruleA,2,2016-01-13,48,4.5047918749375,2.7993787902641976,3.018835452973756,1.7054130846733024,1.485956421963744
best_accuracy_ruleA,4,2016-01-14,48,2.2360425419375,2.456717648449579,2.361652832267239,-0.22067510651207947,-0.12561029032973872
best_accuracy_ruleA,1,2016-01-15,48,1.8144326055833335,1.348956436618651,1.3747849796030047,0.4654761689646821,0.43964762598032864
best_accuracy_ruleA,1,2016-01-16,48,1.831333733125,0.9432573405005441,0.9584023224879473,0.888076392624456,0.8729314106370527
best_accuracy_ruleA,4,2016-01-17,48,2.2107020326041664,0.8715050256836824,0.8553256672463769,1.3391970069204842,1.35537636535779
best_accuracy_ruleA,5,2016-01-18,48,1.5406963808125,0.9027517610577983,0.8172436392699445,0.6379446197547016,0.7234527415425557
best_accuracy_ruleA,5,2016-01-19,48,1.4218097842916668,0.7420170875514115,0.6597566782987382,0.6797926967402552,0.7620531059929285
best_accuracy_ruleA,4,2016-01-20,48,1.3806500620208333,0.48768513942980735,0.4218670404364105,0.892964922591026,0.9587830215844227
best_accuracy_ruleA,3,2016-01-21,48,1.3695420448541666,0.3381838833652389,0.3681103013341049,1.0313581614889278,1.0014317435200617
best_accuracy_ruleA,3,2016-01-22,48,2.1822751739375,0.29959818567097757,0.32743499488089206,1.8826769882665226,1.854840179056608
best_accuracy_ruleA,3,2016-01-23,48,2.026367208854167,0.37240947482983794,0.40102729231401163,1.6539577340243286,1.6253399165401552
best_accuracy_ruleA,5,2016-01-24,48,1.465879558875,0.5462371355343013,0.47829503880709895,0.9196424233406986,0.9875845200679011
best_accuracy_ruleA,2,2016-01-25,48,1.3313869148333333,0.32169887753737775,0.4753414968700375,1.0096880372959556,0.8560454179632959
best_accuracy_ruleA,1,2016-01-26,48,1.0486739028541667,0.3930493277462715,0.40121116360308084,0.6556245751078952,0.6474627392510858
best_accuracy_ruleA,5,2016-01-27,48,1.46441060075,0.31252575928551973,0.2699761765890407,1.1518848414644802,1.1944344241609592
best_accuracy_ruleA,4,2016-01-28,48,1.3385037907291668,0.3109672384911722,0.2583406261565369,1.0275365522379944,1.0801631645726297
best_accuracy_ruleA,4,2016-01-29,48,1.4153455119166667,0.2527780947111618,0.20650078684817672,1.162567417205505,1.20884472506849
best_accuracy_ruleA,1,2016-01-30,48,1.4488652037499998,0.44646017523947346,0.42895575880291686,1.0024050285105266,1.0199094449470831
best_accuracy_ruleA,2,2016-01-31,48,1.0211748025833334,0.21356128176928887,0.38508129058929863,0.8076135208140446,0.6360935119940347
best_accuracy_ruleA,5,2016-02-01,48,1.31608576175,0.40349094245214495,0.32572544359520084,0.9125948192978549,0.9903603181547992
best_accuracy_ruleA,2,2016-02-02,48,1.0673245917291667,0.12007060664802012,0.25129878719063,0.9472539850811464,0.8160258045385368
best_accuracy_ruleA,1,2016-02-03,48,1.3040168001874999,0.1621328015286043,0.15609368001145968,1.1418839986588958,1.1479231201760403
best_accuracy_ruleA,2,2016-02-04,48,1.4078973600208335,0.08421914218477301,0.21242516873736714,1.3236782178360602,1.1954721912834663
best_accuracy_ruleA,4,2016-02-05,48,1.5994484575624999,0.29878136502980457,0.2241873767409561,1.3006670925326953,1.375261080821544
best_accuracy_ruleA,3,2016-02-06,48,0.9542110225624999,0.06858004427376303,0.07845112834254832,0.8856309782887369,0.8757598942199517
best_accuracy_ruleA,2,2016-02-07,48,0.9614311591458334,0.010820086628463161,0.04524642989172011,0.9506110725173702,0.9161847292541133
best_accuracy_ruleA,1,2016-02-08,48,0.8452091317916667,0.008255256934783068,0.008119404596314106,0.8369538748568837,0.8370897271953526
best_accuracy_ruleA,3,2016-02-09,48,0.6845879005,0.020097906423501077,0.024807316754842476,0.6644899940764989,0.6597805837451575
best_accuracy_ruleA,3,2016-02-10,48,0.8398312056458334,0.045801325891302785,0.05462556716314922,0.7940298797545305,0.7852056384826841
best_accuracy_ruleA,4,2016-02-11,48,0.49195505458333333,0.14620313666691018,0.0962891292945219,0.3457519179164232,0.39566592528881145
best_accuracy_ruleA,3,2016-02-12,48,0.7809307702916667,0.08785674005681761,0.10567163271099568,0.693074030234849,0.6752591375806709
best_accuracy_ruleA,4,2016-02-13,48,0.9029530644791667,0.1505415357383672,0.09531566427332028,0.7524115287407995,0.8076374002058464
best_accuracy_ruleA,5,2016-02-14,48,0.8544824970208333,0.11315503850122548,0.06672570249419223,0.7413274585196078,0.7877567945266412
best_accuracy_ruleA,5,2016-02-15,48,1.2600707122500001,0.04799438579956119,0.0280972025621072,1.2120763264504388,1.231973509687893
best_accuracy_ruleA,5,2016-02-16,48,0.5249427641875,0.0632658370763608,0.035939230260666574,0.46167692711113917,0.48900353392683343
best_accuracy_ruleA,5,2016-02-17,48,0.34336849093750005,0.14457646810752686,0.08129117807791743,0.1987920228299731,0.2620773128595826
best_accuracy_ruleA,5,2016-02-18,48,0.9328331616458333,0.09442328424681735,0.050923086745429634,0.838409877399016,0.8819100749004036
best_accuracy_ruleA,2,2016-02-19,48,0.7993378167083334,-0.020248147831677516,0.030830673731002584,0.8195859645400109,0.7685071429773308
best_accuracy_ruleA,2,2016-02-20,48,0.3710011784375,-0.038767945337174474,0.04979745564228727,0.4097691237746745,0.32120372279521275
best_accuracy_ruleA,2,2016-02-21,48,-1.4817916566041667,-0.025746644991846784,0.027617376089015364,-1.4560450116123198,-1.5094090326931822
best_accuracy_ruleA,1,2016-02-22,48,-2.5303195296458334,0.03560389918938271,0.027577013911083095,-2.565923428835216,-2.5578965435569168
best_accuracy_ruleA,2,2016-02-23,48,-0.9214623069583333,-0.04101525118926466,0.03201605959521705,-0.8804470557690687,-0.9534783665535503
best_accuracy_ruleA,3,2016-02-24,48,0.6395138363958334,0.012421163338927213,0.019217145900475387,0.6270926730569061,0.620296690495358
best_accuracy_ruleA,1,2016-02-25,48,0.2902012683125,0.010495479089917626,0.0077658319435071075,0.2797057892225824,0.2824354363689929
best_accuracy_ruleA,3,2016-02-26,48,0.53052630221875,0.009045948005023221,0.014821663754715582,0.5214803542137267,0.5157046384640344
best_accuracy_ruleA,4,2016-02-27,48,0.6093463509166667,0.04652957568202385,0.018196409869290314,0.5628167752346428,0.5911499410473764
best_accuracy_ruleA,5,2016-02-28,48,0.8025298725416666,0.02668172103963093,0.0090604538664698,0.7758481515020357,0.7934694186751968
best_accuracy_ruleA,2,2016-02-29,48,0.42504096327083335,-0.0397573176982701,0.013730698950687735,0.4647982809691034,0.4113102643201456
best_accuracy_ruleA,1,2016-03-01,48,0.605103436125,0.016187315244255755,0.01024806975752142,0.5889161208807442,0.5948553663674786
best_accuracy_ruleA,3,2016-03-02,48,0.7054132284583333,0.0025558074292519914,0.0068048829782657244,0.7028574210290813,0.6986083454800677
best_accuracy_ruleA,5,2016-03-03,48,1.096092631,0.02961589116479874,0.006934403929159876,1.0664767398352013,1.08915822707084
best_accuracy_ruleA,4,2016-03-04,48,0.7806289255208333,0.036872275269578175,0.008300152131809997,0.7437566502512553,0.7723287733890234
best_accuracy_ruleA,5,2016-03-05,48,0.24562592939583336,0.02021440314553131,0.003218746308875701,0.22541152625030203,0.24240718308695763
best_accuracy_ruleA,1,2016-03-06,48,0.5235694555625,0.01630644177507861,0.006170173792854873,0.5072630137874213,0.5173992817696451
best_accuracy_ruleA,3,2016-03-07,48,0.7508692366249999,-0.0026574144199768175,0.004192512997918583,0.7535266510449768,0.7466767236270814
best_accuracy_ruleA,3,2016-03-08,48,0.6652003633958333,-0.00497977513688194,0.0040702313496776815,0.6701801385327153,0.6611301320461557
best_accuracy_ruleA,1,2016-03-09,48,0.31076704541666667,0.010338944198769759,0.001712939296675637,0.3004281012178969,0.30905410611999107
best_accuracy_ruleA,5,2016-03-10,48,0.5880632022083333,0.027679660056067174,0.00042996861080331345,0.5603835421522662,0.58763323359753
best_accuracy_ruleA,4,2016-03-11,48,0.6152219125,0.02440407077444269,-0.0005136207935032429,0.5908178417255573,0.6157355332935033
best_accuracy_ruleA,5,2016-03-12,48,0.8710242546041668,0.0251822014933941,-0.0013070398748727464,0.8458420531107725,0.8723312944790395
best_accuracy_ruleA,4,2016-03-13,48,0.36226116685416665,0.009176501280066307,-0.001025589011208353,0.3530846655741003,0.363286755865375
best_accuracy_ruleA,4,2016-03-14,48,0.4284905681875,0.02723349961224247,-0.004088892977824953,0.4012570685752575,0.4325794611653249
best_accuracy_ruleA,5,2016-03-15,48,0.8303840695833333,0.015284589684505903,-0.002345570835039495,0.8150994798988274,0.8327296404183727
best_accuracy_ruleA,3,2016-03-16,48,0.7362672540625,-0.007418635246075798,-0.003476906571266345,0.7436858893085758,0.7397441606337664
best_accuracy_ruleA,2,2016-03-17,48,0.6776437526458333,0.01002848253120353,0.0008953097098920076,0.6676152701146298,0.6767484429359413
best_accuracy_ruleA,2,2016-03-18,48,0.43446875041666666,0.016631741238090948,0.00183288520250855,0.4178370091785757,0.43263586521415803
best_accuracy_ruleA,4,2016-03-19,48,0.387852648375,-0.0035554765578427977,0.0023554911354463095,0.39140812493284277,0.38549715723955374
best_accuracy_ruleA,3,2018-04-10,13,0.8365385946153847,0.04457216834224053,0.049866352782885565,0.7919664262731441,0.7866722418324991
best_accuracy_ruleA,2,2018-04-11,48,0.8358201658125001,0.2993006996815751,0.3107457094935822,0.5365194661309249,0.5250744563189178
best_accuracy_ruleA,3,2018-04-12,48,0.6412611391249999,1.0794069504730708,1.259331015322388,-0.43814581134807096,-0.6180698761973881
best_accuracy_ruleA,3,2018-04-13,48,0.6749789275000001,0.7374019843791618,0.873186233895443,-0.062423056879161776,-0.19820730639544304
best_accuracy_ruleA,4,2018-04-14,48,1.3552443770833333,1.3696566631203402,1.2467280889225927,-0.01441228603700681,0.10851628816074066
best_accuracy_ruleA,2,2018-04-15,48,0.7383090050000001,0.4135119068071232,0.3745103273352983,0.32479709819287683,0.36379867766470175
best_accuracy_ruleA,1,2018-04-16,48,0.38502236312500004,1.4464440756603667,1.5349030085574045,-1.0614217125353667,-1.1498806454324046
best_accuracy_ruleA,2,2018-04-17,48,0.5230105908333333,1.2148541426809263,1.115064527454758,-0.6918435518475929,-0.5920539366214245
best_accuracy_ruleA,4,2018-04-18,48,0.5061348434375,1.1569865662448986,1.0557421910219438,-0.6508517228073986,-0.5496073475844437
best_accuracy_ruleA,3,2018-04-19,48,0.8024319285833333,1.2851725232420605,1.198871785522742,-0.48274059465872726,-0.3964398569394087
best_accuracy_ruleA,3,2018-04-20,48,0.880826201875,2.951991322164398,2.995187300073979,-2.0711651202893977,-2.114361098198979
best_accuracy_ruleA,3,2018-04-21,48,1.1108940670104166,2.995360840084467,3.0158765636825304,-1.8844667730740505,-1.9049824966721138
best_accuracy_ruleA,3,2018-04-22,48,0.39408968972916664,0.7485282535634834,0.8459475003100955,-0.35443856383431677,-0.4518578105809288
best_accuracy_ruleA,5,2018-04-23,48,1.2810660985416666,0.1394056047030122,0.1337355131777294,1.1416604938386545,1.1473305853639373
best_accuracy_ruleA,4,2018-04-24,48,0.4091332697916667,0.22385388896230307,0.2351843487856825,0.1852793808293636,0.17394892100598414
best_accuracy_ruleA,2,2018-04-25,48,0.2023494522916667,0.8614881271904472,0.9776963385604325,-0.6591386748987805,-0.7753468862687658
best_accuracy_ruleA,2,2018-04-26,48,0.5062309500000001,1.441206006394317,1.4093927957363845,-0.934975056394317,-0.9031618457363844
best_accuracy_ruleA,3,2018-04-27,48,0.7287440279166667,1.685652576993071,1.6241639794331117,-0.9569085490764043,-0.8954199515164452
best_accuracy_ruleA,4,2018-04-28,48,0.5738405042708333,1.6984588007577637,1.6676227655477998,-1.1246182964869305,-1.0937822612769663
best_accuracy_ruleA,5,2018-04-29,48,0.82862176625,1.3388224922695156,1.2135733960672395,-0.5102007260195157,-0.38495162981723957
best_accuracy_ruleA,4,2018-04-30,48,0.7851567769791666,2.355981610735226,2.3253122926800422,-1.570824833756059,-1.5401555157008755
best_accuracy_ruleA,5,2018-05-01,48,0.9469905514583333,4.567095864611672,4.569097596706913,-3.6201053131533385,-3.62210704524858
best_accuracy_ruleA,4,2018-05-02,48,1.4535433592708333,1.01979566538481,1.0050955558402852,0.43374769388602336,0.4484478034305482
best_accuracy_ruleA,4,2018-05-03,48,0.9139742508333334,0.6127192817782409,0.5484593788406975,0.3012549690550926,0.3655148719926358
best_accuracy_ruleA,2,2018-05-04,48,1.4740269193750002,1.3023355136023198,1.3794610689687807,0.17169140577268013,0.09456585040621947
best_accuracy_ruleA,2,2018-05-05,48,0.8744317195833333,0.7685697627459285,0.7565105530358139,0.1058619568374049,0.1179211665475194
best_accuracy_ruleA,1,2018-05-06,48,1.0245740916666668,3.326939475110274,3.5407578292053876,-2.302365383443607,-2.5161837375387206
best_accuracy_ruleA,3,2018-05-07,48,0.7805408370833334,4.428770000323984,4.522303222322873,-3.64822916324065,-3.74176238523954
best_accuracy_ruleA,1,2018-05-08,48,0.22908054,1.3319106247685133,1.604040686701296,-1.1028300847685133,-1.374960146701296
best_accuracy_ruleA,5,2018-05-09,48,0.9933036568055557,0.954931058470458,1.0767285834011038,0.0383725983350975,-0.08342492659554823
best_accuracy_ruleA,5,2018-05-10,48,1.1864842585416666,1.4317234173916793,1.4043314593794565,-0.24523915885001268,-0.21784720083778986
best_accuracy_ruleA,4,2018-05-11,48,1.3072650239583334,1.65074698507615,1.689620033466363,-0.34348196111781654,-0.38235500950802953
best_accuracy_ruleA,4,2018-05-12,48,0.4007906071041667,3.1459265779035275,3.104333747886012,-2.7451359707993617,-2.703543140781846
best_accuracy_ruleA,1,2018-05-13,48,1.3729796741666667,2.9823325193478123,3.162977999760932,-1.6093528451811456,-1.7899983255942657
best_accuracy_ruleA,4,2018-05-14,48,2.2638147825000003,4.607760925721817,4.6565502869825295,-2.3439461432218174,-2.3927355044825296
best_accuracy_ruleA,5,2018-05-15,48,4.272525122916667,7.464415531009158,7.577688018938947,-3.191890408092491,-3.3051628960222796
best_accuracy_ruleA,1,2018-05-16,48,1.7545096245833334,7.728853773116163,7.9706887515293365,-5.974344148532829,-6.2161791269460025
best_accuracy_ruleA,5,2018-05-17,48,2.3546793,7.3006990506157585,7.33537310799239,-4.946019750615759,-4.98069380799239
best_accuracy_ruleA,4,2018-05-18,48,1.669650475,2.4947993415096335,2.5171042518328686,-0.8251488665096334,-0.8474537768328688
best_accuracy_ruleA,1,2018-05-19,48,2.7034745979166668,2.58536600986861,2.870427265186216,0.11810858804805664,-0.16695266726954935
best_accuracy_ruleA,1,2018-05-20,48,1.7865302395833333,1.6361093839868504,1.8834147036846456,0.15042085559648308,-0.09688446410131217
best_accuracy_ruleA,5,2018-05-21,48,3.68666576875,2.3312011404520234,2.495188459838626,1.3554646282979768,1.191477308911374
best_accuracy_ruleA,5,2018-05-22,48,4.301316341041667,2.7461560145270933,2.8426845391200657,1.5551603265145735,1.4586318019216016
best_accuracy_ruleA,3,2018-05-23,48,7.288922447916668,3.010284073758006,3.269378568573247,4.278638374158661,4.01954387934342
best_accuracy_ruleA,3,2018-05-24,48,4.644919720833333,0.9419263129549043,0.9292911001052907,3.702993407878429,3.7156286207280425
best_accuracy_ruleA,4,2018-05-25,48,6.611843,3.4383287840494288,3.6422709440891734,3.1735142159505707,2.969572055910826
best_accuracy_ruleA,2,2018-05-26,48,8.061068656249999,6.55881087191985,6.519008966804258,1.5022577843301494,1.5420596894457408
best_accuracy_ruleA,5,2018-05-27,48,4.926359043958334,4.1704799326647235,4.306633803932299,0.7558791112936096,0.619725240026034
best_accuracy_ruleA,5,2018-05-28,48,9.300022289583334,6.130811969504606,6.206511995664083,3.1692103200787276,3.0935102939192514
best_accuracy_ruleA,1,2018-05-29,48,5.725532533333333,3.4722049270433644,3.697111048836918,2.2533276062899685,2.0284214844964152
best_accuracy_ruleA,2,2018-05-30,48,9.285427795833334,4.267417781921544,4.334576170927328,5.0180100139117885,4.950851624906006
best_accuracy_ruleA,5,2018-05-31,48,12.184924920833334,6.241517463136083,6.3942916113024735,5.94340745769725,5.79063330953086
best_accuracy_ruleA,3,2018-06-01,48,12.72816200625,9.14847853585873,9.227601843223859,3.5796834703912688,3.5005601630261407
best_accuracy_ruleA,2,2018-06-02,48,11.389905470833334,7.026258096825738,6.973158243490649,4.363647374007595,4.416747227342685
best_accuracy_ruleA,5,2018-06-03,48,12.55154230625,6.948509461564325,7.023126384671581,5.603032844685675,5.528415921578419
best_accuracy_ruleA,1,2018-06-04,48,10.149586270833334,4.91202429919383,5.124974933631132,5.237561971639503,5.024611337202201
best_accuracy_ruleA,3,2018-06-05,48,14.328400583333334,7.191834415243658,7.3648660968717605,7.136566168089676,6.963534486461573
best_accuracy_ruleA,4,2018-06-06,48,12.788825141666665,7.669920795953434,7.888042046760443,5.118904345713232,4.900783094906223
best_accuracy_ruleA,3,2018-06-07,48,14.871658104166668,14.249508502513494,14.326810452595991,0.6221496016531728,0.5448476515706762
best_accuracy_ruleA,3,2018-06-08,48,12.383363635416666,12.265473987545876,12.326933689719283,0.11788964787078919,0.0564299456973841
best_accuracy_ruleA,2,2018-06-09,48,11.38877190625,12.899671182316219,12.560887333284546,-1.5108992760662174,-1.1721154270345455
best_accuracy_ruleA,1,2018-06-10,48,8.391238875,8.656732365312743,8.702793603093847,-0.2654934903127439,-0.3115547280938464
best_accuracy_ruleA,3,2018-06-11,48,7.900584520833334,8.389647139424108,8.586778877812332,-0.4890626185907733,-0.6861943569789982
best_accuracy_ruleA,2,2018-06-12,48,11.246427208333335,10.205718677538302,9.863502684034616,1.0407085307950317,1.3829245242987174
best_accuracy_ruleA,3,2018-06-13,48,11.08758792361111,9.509733231251866,9.595498392125107,1.5778546923592447,1.4920895314860048
best_accuracy_ruleA,4,2018-06-14,48,9.909037375,9.034366210976385,9.275301315885978,0.8746711640236157,0.6337360591140215
best_accuracy_ruleA,4,2018-06-15,48,11.489825041666668,8.348907263542019,8.648732406630602,3.140917778124648,2.841092635036064
best_accuracy_ruleA,2,2018-06-16,48,11.32995541125,9.5816536210853,9.294920163895783,1.7483017901647004,2.0350352473542164
best_accuracy_ruleA,3,2018-06-17,48,10.0085567843125,10.55347522479734,10.71557840801355,-0.5449184404848396,-0.7070216237010514
best_accuracy_ruleA,2,2018-06-18,48,11.38329761875,12.817963856129879,12.527683208298171,-1.4346662373798795,-1.144385589548172
best_accuracy_ruleA,1,2018-06-19,48,10.082189064583334,9.731176388971376,9.789713428578434,0.3510126756119583,0.292475636004899
best_accuracy_ruleA,5,2018-06-20,48,10.912293720833333,9.78096873327536,9.98661209167697,1.1313249875579727,0.9256816291563648
best_accuracy_ruleA,2,2018-06-21,48,9.99445140625,7.496281849534314,7.609241941264949,2.4981695567156863,2.385209464985051
best_accuracy_ruleA,5,2018-06-22,48,9.810313877083333,7.496215464876594,7.740289477675421,2.31409841220674,2.0700243994079135
best_accuracy_ruleA,1,2018-06-23,48,5.821263925625001,4.970238247779835,5.250377906028061,0.8510256778451645,0.5708860195969389
best_accuracy_ruleA,2,2018-06-24,48,7.384723681250001,8.801127975917893,8.743891603117477,-1.4164042946678936,-1.3591679218674777
best_accuracy_ruleA,2,2018-06-25,48,6.0496021791666665,13.164068324927685,12.88604521514373,-7.1144661457610185,-6.836443035977062
best_accuracy_ruleA,3,2018-06-26,48,3.4537272625000006,7.412894767711484,7.636881976209874,-3.959167505211484,-4.183154713709873
best_accuracy_ruleA,4,2018-06-27,48,3.451504610416667,6.202464566174118,6.410642124068044,-2.7509599557574513,-2.9591375136513776
best_accuracy_ruleA,4,2018-06-28,48,4.077571247916667,6.642780424348721,6.9059354317445525,-2.5652091764320537,-2.8283641838278855
best_accuracy_ruleA,2,2018-06-29,48,5.3275203375,8.034215740032414,8.048280268355734,-2.706695402532413,-2.720759930855735
best_accuracy_ruleA,5,2018-06-30,48,4.825811625,8.919414192055791,9.169983796788795,-4.093602567055792,-4.344172171788794
best_accuracy_ruleA,2,2018-07-01,48,4.3099015000000005,7.40509397082548,7.702195819593612,-3.0951924708254794,-3.392294319593612
best_accuracy_ruleA,1,2018-07-02,48,4.167258685416667,7.155971676847201,7.434284967288012,-2.9887129914305337,-3.2670262818713454
best_accuracy_ruleA,5,2018-07-03,48,4.831195355555556,10.976842302895962,11.1984918634993,-6.145646947340407,-6.3672965079437445
best_accuracy_ruleA,4,2018-07-04,48,5.843496376736112,11.543668786884608,11.808338789383585,-5.700172410148497,-5.964842412647474
best_accuracy_ruleA,5,2018-07-05,48,5.057158572916667,6.586968924691065,6.801042761427286,-1.5298103517743986,-1.7438841885106193
best_accuracy_ruleA,5,2018-07-06,48,4.055362758333334,4.207040714429472,4.585389152787812,-0.15167795609613882,-0.5300263944544785
best_accuracy_ruleA,3,2018-07-07,48,4.19226923125,3.2814067215597293,3.6654114363110204,0.9108625096902712,0.5268577949389797
best_accuracy_ruleA,1,2018-07-08,48,4.90197201875,6.294136792586986,6.505380678565463,-1.392164773836986,-1.6034086598154633
best_accuracy_ruleA,3,2018-07-09,48,4.689948560416666,6.70136880008188,6.890237509452125,-2.0114202396652137,-2.2002889490354582
best_accuracy_ruleA,5,2018-07-10,48,5.213994385416667,6.778657546667941,6.861528868604807,-1.5646631612512742,-1.6475344831881398
best_accuracy_ruleA,3,2018-07-11,48,6.5276587,8.816418426141121,9.024004796237431,-2.288759726141122,-2.496346096237431
best_accuracy_ruleA,5,2018-07-12,48,6.145249545833334,9.556007477182934,9.734449107039993,-3.4107579313496004,-3.5891995612066587
best_accuracy_ruleA,3,2018-07-13,48,5.810960989583333,9.277408175499515,9.405443395495451,-3.4664471859161825,-3.594482405912118
best_accuracy_ruleA,2,2018-07-14,48,7.893707402083334,10.376544353560712,10.249790118778547,-2.482836951477378,-2.3560827166952123
best_accuracy_ruleA,4,2018-07-15,48,8.86829165625,12.7071425746077,13.070499340679318,-3.838850918357698,-4.202207684429316
best_accuracy_ruleA,5,2018-07-16,48,10.82803609375,12.681888942187049,12.775356763607002,-1.8538528484370487,-1.9473206698570016
best_accuracy_ruleA,4,2018-07-17,48,11.132740177083333,8.526283687652837,8.771946990949568,2.606456489430497,2.3607931861337668
best_accuracy_ruleA,1,2018-07-18,48,11.137558127083333,9.755855545604653,9.852660969312636,1.3817025814786803,1.2848971577706976
best_accuracy_ruleA,1,2018-07-19,48,13.359665666666666,10.754256404772855,10.859781437339565,2.605409261893812,2.499884229327102
best_accuracy_ruleA,3,2018-07-20,48,13.94127565625,11.025026922779487,11.127314165510137,2.9162487334705145,2.813961490739862
best_accuracy_ruleA,4,2018-07-21,48,14.667598447916667,12.91144825842453,13.022728345010037,1.7561501894921365,1.6448701029066308
best_accuracy_ruleA,3,2018-07-22,48,17.241421145833332,13.921524735977131,13.815871612517329,3.3198964098562,3.425549533316005
best_accuracy_ruleA,1,2018-07-23,48,14.9066868125,14.4937376778455,14.312656272376367,0.41294913465450095,0.5940305401236333
best_accuracy_ruleA,4,2018-07-24,48,17.56617597916667,16.747835485335575,16.836619159914942,0.8183404938310943,0.7295568192517227
best_accuracy_ruleA,5,2018-07-25,48,15.2256235625,14.205905370564276,14.228169162408507,1.0197181919357239,0.9974544000914914
best_accuracy_ruleA,2,2018-07-26,48,15.803525125,15.154917747065598,15.01862142900105,0.6486073779344004,0.7849036959989504
best_accuracy_ruleA,5,2018-07-27,48,18.182484104166665,17.046591152770024,16.98439917156311,1.1358929513966445,1.1980849326035603
best_accuracy_ruleA,1,2018-07-28,48,19.978907489583335,17.483032938428597,17.049599125828347,2.4958745511547376,2.9293083637549864
best_accuracy_ruleA,2,2018-07-29,48,17.893377052083334,15.655986590100248,15.439812428369379,2.2373904619830856,2.453564623713956
best_accuracy_ruleA,3,2018-07-30,48,17.828049833333335,15.13730467155974,15.094366522757909,2.6907451617735947,2.733683310575426
best_accuracy_ruleA,3,2018-07-31,48,21.156810916666668,15.76191042334982,15.649584690205486,5.394900493316848,5.507226226461181
best_accuracy_ruleA,1,2018-08-01,48,21.93689688541667,21.18113132125124,20.250545424821414,0.7557655641654266,1.6863514605952548
best_accuracy_ruleA,4,2018-08-02,48,24.189204364583333,20.454558811061318,20.53759801245739,3.734645553522016,3.651606352125943
best_accuracy_ruleA,2,2018-08-03,48,24.791258786458332,20.113339709246592,19.571674268062576,4.677919077211745,5.21958451839576
best_accuracy_ruleA,4,2018-08-04,48,21.493310104166667,13.91447383781774,14.263424111259821,7.578836266348926,7.229885992906847
best_accuracy_ruleA,5,2018-08-05,48,20.0095305625,14.842217927342565,14.868544559346953,5.167312635157435,5.140986003153047
best_accuracy_ruleA,3,2018-08-06,48,19.757008916666667,15.85842446286801,15.824787722801444,3.898584453798657,3.9322211938652227
best_accuracy_ruleA,1,2018-08-07,48,18.414588364583334,14.785363797429554,14.547086059592859,3.629224567153781,3.867502304990474
best_accuracy_ruleA,4,2018-08-08,48,18.160720385416667,14.408154155749367,14.587580264270743,3.7525662296672997,3.573140121145922
best_accuracy_ruleA,5,2018-08-09,48,16.7010125625,12.369801822972777,12.462436893168457,4.331210739527223,4.238575669331545
best_accuracy_ruleA,5,2018-08-10,48,19.949173958333336,15.504507266732631,15.59288060559598,4.444666691600704,4.356293352737354
best_accuracy_ruleA,2,2018-08-11,48,18.446810208333336,15.733244029968196,15.38719871398312,2.713566178365138,3.0596114943502144
best_accuracy_ruleA,4,2018-08-12,48,18.256352125,14.401125765454298,14.640141027129191,3.8552263595457004,3.6162110978708077
best_accuracy_ruleA,2,2018-08-13,48,16.607995354166665,13.683170006343781,13.517988399449791,2.9248253478228854,3.0900069547168765
best_accuracy_ruleA,5,2018-08-14,48,21.323660083333333,15.229616050484635,15.24784708285488,6.094044032848699,6.075813000478454
best_accuracy_ruleA,1,2018-08-15,48,18.67880027083333,15.879639064565927,15.60935259096067,2.7991612062674083,3.069447679872663
best_accuracy_ruleA,4,2018-08-16,48,12.288344958333333,11.74507079490526,11.863169793302205,0.5432741634280746,0.42517516503112834
best_accuracy_ruleA,2,2018-08-17,48,7.570451566666667,6.56522625541287,6.622528735986223,1.0052253112537968,0.9479228306804436
best_accuracy_ruleA,4,2018-08-18,48,10.823173666666667,5.673872662592935,5.85069036231426,5.149301004073731,4.972483304352408
best_accuracy_ruleA,3,2018-08-19,48,12.307638395833335,8.178937191151428,8.407097436655523,4.128701204681906,3.900540959177811
best_accuracy_ruleA,4,2018-08-20,48,14.89058490625,10.204918068524586,10.582199486542883,4.685666837725415,4.3083854197071165
best_accuracy_ruleA,4,2018-08-21,48,12.472552208333333,7.945866885583704,8.23197214661401,4.526685322749629,4.240580061719323
best_accuracy_ruleA,2,2018-08-22,48,14.045706645833334,13.55302464206874,13.451292409269948,0.4926820037645938,0.5944142365633839
best_accuracy_ruleA,1,2018-08-23,48,11.836998729166666,11.310209237492343,11.371248562619506,0.5267894916743253,0.4657501665471619
best_accuracy_ruleA,3,2018-08-24,48,10.792520541666667,8.180074911602127,8.457950868867307,2.61244563006454,2.3345696727993595
best_accuracy_ruleA,5,2018-08-25,48,10.407733666666667,7.665710027589295,7.794773713308216,2.7420236390773716,2.6129599533584504
best_accuracy_ruleA,5,2018-08-26,48,13.120613364583333,8.548458463822392,8.637092864245997,4.572154900760942,4.483520500337337
best_accuracy_ruleA,5,2018-08-27,48,12.964973624999999,8.14196884563705,8.243591920067626,4.823004779362949,4.721381704932374
best_accuracy_ruleA,4,2018-08-28,48,10.776616979166667,7.531925832915419,7.6799704629291154,3.2446911462512484,3.096646516237552
best_accuracy_ruleA,4,2018-08-29,48,8.59915721875,5.72166077847628,5.768319181216355,2.877496440273721,2.8308380375336455
best_accuracy_ruleA,3,2018-08-30,48,10.177618854166667,7.060690595143317,7.198533384588811,3.11692825902335,2.9790854695778557
best_accuracy_ruleA,1,2018-08-31,48,9.545335041666666,7.079233707969363,7.352640080821213,2.466101333697304,2.192694960845454
best_accuracy_ruleA,2,2018-09-01,48,9.1940406125,7.560976117861298,7.615662014184129,1.6330644946387032,1.5783785983158716
best_accuracy_ruleA,2,2018-09-02,48,9.852551479166667,7.243903603496638,7.182637450512043,2.608647875670029,2.6699140286546226
best_accuracy_ruleA,2,2018-09-03,48,7.7965321874999995,6.672046521245384,6.968430958586279,1.1244856662546165,0.828101228913721
best_accuracy_ruleA,2,2018-09-04,48,9.144821310416667,5.181739113746067,5.409920711637579,3.9630821966705994,3.7349005987790878
best_accuracy_ruleA,3,2018-09-05,48,9.062859662500001,5.558051898705017,5.683342672803114,3.5048077637949837,3.3795169896968855
best_accuracy_ruleA,2,2018-09-06,48,10.088790305208333,6.625672669794743,6.722983723648526,3.46311763541359,3.365806581559807
best_accuracy_ruleA,5,2018-09-07,48,11.115055127083332,6.135243073219121,6.234996481774895,4.979812053864212,4.880058645308439
best_accuracy_ruleA,3,2018-09-08,48,10.223947145833334,5.707466046769482,5.863239672008785,4.516481099063852,4.36070747382455
best_accuracy_ruleA,4,2018-09-09,48,10.090418527083333,5.536986449685827,5.593146963588722,4.553432077397507,4.497271563494611
best_accuracy_ruleA,3,2018-09-10,48,6.189287668402778,4.9984306946629,5.139940563775597,1.1908569737398784,1.049347104627181
best_accuracy_ruleA,3,2018-09-11,48,6.274015510416667,4.256513363390085,4.371173123391951,2.017502147026582,1.902842387024716
best_accuracy_ruleA,1,2018-09-12,48,7.297151910416667,4.920725020824951,4.973286109792919,2.376426889591716,2.3238658006237483
best_accuracy_ruleA,2,2018-09-13,48,5.060761216666667,6.1931176126372725,6.329152904920544,-1.132356395970606,-1.268391688253877
best_accuracy_ruleA,5,2018-09-14,48,3.5804256437500004,6.348095886200692,6.383454528611939,-2.767670242450692,-2.8030288848619382
best_accuracy_ruleA,3,2018-09-15,48,4.37787570625,6.896623957914556,7.046773748971891,-2.5187482516645554,-2.6688980427218905
best_accuracy_ruleA,2,2018-09-16,48,2.6671404270833334,6.268462435640493,6.463536526321538,-3.6013220085571596,-3.796396099238205
best_accuracy_ruleA,2,2018-09-17,48,3.689023655208333,5.838856073164316,6.006411288998353,-2.149832417955983,-2.31738763379002
best_accuracy_ruleA,3,2018-09-18,48,2.6043113779166664,5.0790106581158465,5.204413433543327,-2.4746992801991796,-2.6001020556266607
best_accuracy_ruleA,2,2018-09-19,48,2.1101717033333336,5.000035621992787,5.163063136994084,-2.889863918659454,-3.05289143366075
best_accuracy_ruleA,4,2018-09-20,48,0.7976019938125001,4.46621532905144,4.458966095990374,-3.6686133352389407,-3.661364102177874
best_accuracy_ruleA,5,2018-09-21,48,0.9684922160416667,5.350977141409833,5.2503777076252565,-4.382484925368166,-4.28188549158359
best_accuracy_ruleA,1,2018-09-22,48,1.286113165625,4.276104208465182,4.257741233058978,-2.9899910428401815,-2.971628067433978
best_accuracy_ruleA,3,2018-09-23,48,1.8461108989583332,3.7288539362419026,3.786552874667372,-1.8827430372835694,-1.940441975709038
best_accuracy_ruleA,5,2018-09-24,48,1.9362030538750001,3.7472366597375366,3.65976906834609,-1.8110336058625363,-1.7235660144710894
best_accuracy_ruleA,2,2018-09-25,48,2.560413458333333,3.498790466082544,3.630657055379865,-0.9383770077492107,-1.0702435970465316
best_accuracy_ruleA,1,2018-09-26,48,1.929944911875,2.936822534374189,2.9639680891538434,-1.0068776224991893,-1.0340231772788433
best_accuracy_ruleA,1,2018-09-27,48,2.3870967227083333,3.1669748146063035,3.178136424349443,-0.7798780918979699,-0.7910397016411098
best_accuracy_ruleA,5,2018-09-28,48,2.3075897289583334,3.2729960638298485,3.1515160491876197,-0.9654063348715147,-0.8439263202292864
best_accuracy_ruleA,1,2018-09-29,48,2.3703316270833334,4.0541884577949086,4.024775998369454,-1.6838568307115747,-1.65444437128612
best_accuracy_ruleA,5,2018-09-30,48,2.0839533041666667,3.5490439794860715,3.476379484169445,-1.4650906753194048,-1.3924261800027784
best_accuracy_recur,1,2012-04-17,13,0.17492633815384614,-0.9237513050173358,-0.948472606925919,1.098677643171182,1.1233989450797652
best_accuracy_recur,5,2012-04-18,46,0.10277196365217392,-1.197953869692343,-0.9484410409465214,1.300725833344517,1.0512130045986954
best_accuracy_recur,3,2012-04-19,48,0.13160591110416667,-1.2934415065841203,-0.9483453337883887,1.425047417688287,1.0799512448925552
best_accuracy_recur,1,2012-04-20,47,0.19268152623404253,-0.9236280416692697,-0.9483494313764622,1.1163095679033121,1.1410309576105047
best_accuracy_recur,4,2012-04-21,48,0.31302222352083336,-1.0883447148909544,-0.9483514895257229,1.4013669384117877,1.2613737130465563
best_accuracy_recur,1,2012-04-22,47,0.22889915329787233,-0.923751286930638,-0.948472588852104,1.1526504402285103,1.1773717421499763
best_accuracy_recur,2,2012-04-23,48,0.09675257410416667,-1.3353330157936227,-0.9485419785204302,1.4320855898977893,1.045294552624597
best_accuracy_recur,2,2012-04-24,48,-0.1216986750625,-1.3352402530090455,-0.9484386679441762,1.2135415779465453,0.8267399928816762
best_accuracy_recur,4,2012-04-25,48,0.12789548795833333,-1.0108051577308765,-0.8629352140908705,1.1387006456892097,0.9908307020492036
best_accuracy_recur,1,2012-04-26,48,0.031396444041666666,-0.7692563718251932,-0.7928659460724236,0.8006528158668598,0.8242623901140901
best_accuracy_recur,2,2012-04-27,33,-0.0011584061818181795,-0.927572282350722,-0.590115772415233,0.9264138761689038,0.5889573662334148
best_accuracy_recur,3,2012-04-28,17,0.1495946152352941,-0.842558552211848,-0.5442171238496951,0.9921531674471422,0.6938117390849892
best_accuracy_recur,4,2012-04-29,48,0.0563516495625,-0.20700657885330273,-0.11023386327282632,0.2633582284158027,0.16658551283532633
best_accuracy_recur,5,2012-04-30,48,0.067841465,0.048299700790919886,0.21211119101294926,0.01954176420908011,-0.14426972601294927
best_accuracy_recur,4,2012-05-01,35,-0.011450152857142857,0.36664443284481363,0.42703291765707935,-0.37809458570195653,-0.4384830705142222
best_accuracy_recur,1,2012-05-02,23,0.03662533839130435,0.29618830857505285,0.28026630883762316,-0.25956297018374846,-0.24364097044631877
best_accuracy_recur,2,2012-05-03,48,0.09201962160416667,0.24186213429898892,0.44511365016288923,-0.14984251269482227,-0.3530940285587226
best_accuracy_recur,2,2012-05-04,40,0.085187383475,0.22116111378875508,0.4259330188599679,-0.13597373031375504,-0.34074563538496794
best_accuracy_recur,1,2012-05-05,48,0.0777986770625,0.880597701005804,0.8665500532991842,-0.802799023943304,-0.7887513762366841
best_accuracy_recur,2,2012-05-06,46,0.009543028086956524,0.3089533904451674,0.5084937389575337,-0.29941036235821084,-0.4989507108705771
best_accuracy_recur,5,2012-05-07,48,0.021618651333333332,0.2970430582871025,0.43547327896772176,-0.27542440695376913,-0.4138546276343884
best_accuracy_recur,5,2012-05-08,48,0.19335431079166668,0.8682408177953147,0.9769930651841795,-0.6748865070036479,-0.7836387543925127
best_accuracy_recur,1,2012-05-09,42,0.1434148763095238,1.0073924774611052,0.9963250840113428,-0.8639776011515814,-0.852910207701819
best_accuracy_recur,3,2012-05-10,40,0.319251258275,0.32597315912044555,0.5057094418207939,-0.006721900845445561,-0.18645818354579385
best_accuracy_recur,2,2012-05-11,48,0.17239545895833333,0.38959757475383766,0.5638323294912625,-0.21720211579550439,-0.3914368705329292
best_accuracy_recur,1,2012-05-12,48,0.17601843233333334,0.48340107491517587,0.4693753220667422,-0.3073826425818426,-0.29335688973340884
best_accuracy_recur,3,2012-05-13,48,0.17704623283333332,0.29401493202300105,0.4776841333566036,-0.11696869918966772,-0.30063790052327033
best_accuracy_recur,4,2012-05-14,48,0.27600001625,1.2699148872446737,1.2797302684736194,-0.9939148709946736,-1.0037302522236196
best_accuracy_recur,4,2012-05-15,47,0.35306912361702125,1.246892047627139,1.243737491026807,-0.8938229240101178,-0.8906683674097859
best_accuracy_recur,4,2012-05-16,48,0.4190129162291667,2.1491272227393625,2.1311748501262833,-1.7301143065101956,-1.7121619338971164
best_accuracy_recur,1,2012-05-17,48,0.5381429567708333,2.231018411049785,2.22705319528845,-1.6928754542789515,-1.6889102385176165
best_accuracy_recur,1,2012-05-18,39,0.4551124043333334,1.395762024583507,1.3879214518847198,-0.9406496202501737,-0.9328090475513864
best_accuracy_recur,4,2012-05-19,48,0.4896868033125,1.646529931880074,1.638593532494338,-1.156843128567574,-1.148906729181838
best_accuracy_recur,1,2012-05-20,48,0.47750789,2.150371005095582,2.1462826103363795,-1.6728631150955822,-1.6687747203363792
best_accuracy_recur,5,2012-05-21,48,0.8335178516666667,1.630360899945914,1.6740323825479155,-0.7968430482792473,-0.840514530881249
best_accuracy_recur,4,2012-05-22,32,0.702621915625,0.7309664726261887,0.7434905166063012,-0.028344557001188764,-0.040868600981301184
best_accuracy_recur,2,2012-05-23,46,0.6635871663260869,1.272791260805055,1.3463978048537764,-0.6092040944789678,-0.6828106385276894
best_accuracy_recur,3,2012-05-24,48,0.6281435369791667,2.46160569708818,2.4895437799790585,-1.8334621601090133,-1.8614002429998917
best_accuracy_recur,3,2012-05-25,38,0.8183735249999999,2.2831776149429075,2.302487296782102,-1.4648040899429073,-1.4841137717821018
best_accuracy_recur,1,2012-05-26,48,0.6980216629166667,2.1102540953000433,2.1064130471890583,-1.4122324323833766,-1.4083913842723914
best_accuracy_recur,4,2012-05-27,48,0.8635254579166666,2.641157377438517,2.6033857893145984,-1.7776319195218502,-1.7398603313979317
best_accuracy_recur,4,2012-05-28,45,1.0706195379333332,2.3151858844873523,2.2771373022875254,-1.2445663465540189,-1.2065177643541918
best_accuracy_recur,1,2012-05-29,47,1.2441222806595744,2.260270373752161,2.256808969248013,-1.0161480930925866,-1.0126866885884385
best_accuracy_recur,5,2012-05-30,39,1.3168110543589744,1.9394903581138119,1.9641564546701153,-0.6226793037548374,-0.6473454003111412
best_accuracy_recur,4,2012-05-31,48,1.122336043125,2.0913429564242043,2.0508856892335268,-0.9690069132992045,-0.928549646108527
best_accuracy_recur,1,2012-06-01,47,1.408223744680851,2.401952911852994,2.3998464463076385,-0.9937291671721432,-0.9916227016267873
best_accuracy_recur,1,2012-06-02,48,1.5114160385416666,2.356465521077229,2.354052503243375,-0.845049482535562,-0.8426364647017084
best_accuracy_recur,4,2012-06-03,48,1.7375850125,2.239954925787248,2.1940732973537638,-0.502369913287248,-0.45648828485376364
best_accuracy_recur,5,2012-06-04,48,1.8668908327083333,3.0270813497244617,3.014014748128749,-1.1601905170161284,-1.1471239154204158
best_accuracy_recur,5,2012-06-05,48,2.0323514729166665,2.9501027511118108,2.925224672432972,-0.9177512781951443,-0.8928731995163056
best_accuracy_recur,5,2012-06-06,48,1.9727137145833333,2.205984763287194,2.208484316538594,-0.23327104870386048,-0.2357706019552606
best_accuracy_recur,4,2012-06-07,48,2.1687674958333334,2.8346092074305194,2.7785499565272764,-0.6658417115971863,-0.6097824606939428
best_accuracy_recur,5,2012-06-08,48,2.3881609270833333,4.119353040023595,4.077049265268884,-1.7311921129402619,-1.688888338185551
best_accuracy_recur,5,2012-06-09,38,2.1885792210526316,2.4953316948963864,2.4837628848943862,-0.3067524738437547,-0.2951836638417549
best_accuracy_recur,5,2012-06-10,48,2.3298899375,3.1544341723807983,3.124724893418712,-0.8245442348807984,-0.7948349559187117
best_accuracy_recur,1,2012-06-11,45,2.215788988888889,2.295942344583287,2.294120018478547,-0.08015335569439787,-0.07833102958965825
best_accuracy_recur,1,2012-06-12,47,2.466926670212766,1.6047076898515054,1.5990539604081393,0.8622189803612605,0.8678727098046266
best_accuracy_recur,1,2012-06-13,48,2.355464260416667,1.8153039142202292,1.8108882411361311,0.5401603461964376,0.5445760192805355
best_accuracy_recur,5,2012-06-14,48,2.396814725,1.8862357571989088,1.901650384995782,0.5105789678010912,0.495164340004218
best_accuracy_recur,2,2012-06-15,48,2.2765174375,2.3481890705607285,2.3070857265310365,-0.07167163306072864,-0.030568289031036453
best_accuracy_recur,2,2012-06-16,48,2.12172636875,2.6425419780746933,2.5715719657214553,-0.5208156093246931,-0.44984559697145526
best_accuracy_recur,4,2012-06-17,48,2.4683254604166667,4.312037589663059,4.241411448971762,-1.843712129246393,-1.7730859885550956
best_accuracy_recur,4,2012-06-18,48,2.57933425,4.389064530643378,4.321088531916745,-1.8097302806433786,-1.7417542819167446
best_accuracy_recur,2,2012-06-19,48,2.7591370666666664,4.82254630227876,4.683337586852188,-2.063409235612094,-1.9242005201855212
best_accuracy_recur,4,2012-06-20,48,4.0653092766666665,6.674061902213288,6.742209506375936,-2.6087526255466216,-2.6769002297092697
best_accuracy_recur,4,2012-06-21,48,2.852546154166667,3.8514187268566538,3.784720218423034,-0.9988725726899871,-0.9321740642563671
best_accuracy_recur,2,2012-06-22,35,2.690932479428571,3.0763854540817106,2.9782694988328946,-0.38545297465313916,-0.28733701940432343
best_accuracy_recur,3,2012-06-23,46,3.013371210869565,3.035820142791084,3.0044364254734366,-0.022448931921518558,0.008934785396128846
best_accuracy_recur,3,2012-06-24,48,3.617370472916667,3.0185484993062275,3.010763965411746,0.5988219736104394,0.6066065075049205
best_accuracy_recur,3,2012-06-25,48,3.588744060416667,1.5798977002237784,1.6369380062738965,2.008846360192888,1.9518060541427704
best_accuracy_recur,1,2012-06-26,48,3.3450276750000003,1.6944441541104782,1.6887553202295582,1.6505835208895216,1.6562723547704419
best_accuracy_recur,5,2012-06-27,48,2.8715724887499996,1.835528810435451,1.8647085045592082,1.0360436783145492,1.0068639841907914
best_accuracy_recur,1,2012-06-28,48,2.6015098025000003,2.470197832355445,2.4681859585199417,0.13131197014455467,0.13332384398005825
best_accuracy_recur,1,2012-06-29,48,3.3835941145833335,3.326343190087711,3.327404608605761,0.057250924495622,0.056189505977572086
best_accuracy_recur,4,2012-06-30,48,2.9133323829166664,2.914178888774778,2.867254199117229,-0.0008465058581113849,0.04607818379943737
best_accuracy_recur,2,2012-07-01,48,2.5759667938541666,2.8691297400592415,2.8052984162372065,-0.2931629462050749,-0.2293316223830395
best_accuracy_recur,1,2012-07-02,42,2.9145822404761907,3.2995811843374776,3.301101123632374,-0.3849989438612873,-0.3865188831561837
best_accuracy_recur,1,2012-07-03,48,2.5154627541666668,3.79588365152042,3.7989544523184358,-1.2804208973537534,-1.2834916981517692
best_accuracy_recur,1,2012-07-04,48,2.6683533291666666,4.875630422303005,4.880443078723368,-2.2072770931363377,-2.2120897495567005
best_accuracy_recur,2,2012-07-05,48,3.0286032791666666,5.130996851603125,4.970393307932634,-2.1023935724364575,-1.9417900287659668
best_accuracy_recur,5,2012-07-06,46,2.6821343260869566,5.011635928627046,4.993851195315133,-2.3295016025400894,-2.3117168692281767
best_accuracy_recur,2,2012-07-07,44,3.637924677272727,3.814851492700865,3.6845718135842063,-0.17692681542813785,-0.046647136311478994
best_accuracy_recur,1,2012-07-08,46,2.952379802173913,3.148589775326393,3.1501053315242418,-0.19620997315248004,-0.19772552935032864
best_accuracy_recur,4,2012-07-09,48,2.5226163520833333,4.193034478778844,4.163175452350458,-1.6704181266955114,-1.640559100267125
best_accuracy_recur,1,2012-07-10,48,3.164615041458333,5.935793998374346,5.941863019507374,-2.7711789569160126,-2.7772479780490413
best_accuracy_recur,4,2012-07-11,48,3.165003675,6.087430252722023,6.120046003794101,-2.9224265777220233,-2.955042328794102
best_accuracy_recur,3,2012-07-12,48,2.8945481479166664,6.311055106774152,6.191021088118199,-3.4165069588574846,-3.2964729402015327
best_accuracy_recur,5,2012-07-13,48,2.438382886875,6.774673387978049,6.7512030145614785,-4.336290501103049,-4.312820127686478
best_accuracy_recur,5,2012-07-14,48,2.6562699875,8.033152448767442,8.091258823455878,-5.376882461267442,-5.434988835955878
best_accuracy_recur,3,2012-07-15,48,3.2690944749999997,8.993475782900965,9.004573157005238,-5.724381307900965,-5.735478682005238
best_accuracy_recur,1,2012-07-16,48,3.3365409666666666,9.138989575364823,9.146087434922896,-5.802448608698157,-5.809546468256229
best_accuracy_recur,5,2012-07-17,47,3.506454780851064,10.096718275186316,10.39865967820403,-6.590263494335252,-6.892204897352966
best_accuracy_recur,3,2012-07-18,48,4.31823554375,7.406177645802448,7.3348968592870065,-3.0879421020524496,-3.016661315537006
best_accuracy_recur,1,2012-07-19,48,4.235942120833333,6.032760963681938,6.039715679712284,-1.7968188428486052,-1.8037735588789507
best_accuracy_recur,1,2012-07-20,48,4.197089585416667,2.442096327434369,2.441157613787204,1.7549932579822973,1.7559319716294626
best_accuracy_recur,4,2012-07-21,48,3.581241858333333,2.598301361172045,2.5315752776925606,0.9829404971612887,1.0496665806407726
best_accuracy_recur,3,2012-07-22,48,3.47300988125,2.8027172769405335,2.7733638828115885,0.6702926043094665,0.6996459984384114
best_accuracy_recur,3,2012-07-23,48,3.6027254916666664,5.053788321666096,4.952891669625509,-1.4510628299994301,-1.3501661779588428
best_accuracy_recur,4,2012-07-24,48,3.5953668183333334,6.189073530008726,6.195696970766076,-2.593706711675392,-2.600330152432744
best_accuracy_recur,5,2012-07-25,48,4.1132118166666665,8.631434911608423,8.737916936993122,-4.518223094941757,-4.624705120326454
best_accuracy_recur,4,2012-07-26,47,4.945090108510638,10.378451293831215,10.910441281286078,-5.433361185320577,-5.9653511727754385
best_accuracy_recur,1,2012-07-27,46,4.631375795652175,11.343475454362116,11.33006407151066,-6.712099658709942,-6.698688275858486
best_accuracy_recur,5,2012-07-28,48,5.015409016666667,10.408909509820687,10.765436028014223,-5.3935004931540185,-5.750027011347558
best_accuracy_recur,2,2012-07-29,48,5.191188340208334,10.087637013966516,10.026105188855471,-4.896448673758182,-4.834916848647138
best_accuracy_recur,2,2012-07-30,48,5.172252041666667,10.740422469726989,10.67888980010332,-5.568170428060323,-5.5066377584366535
best_accuracy_recur,5,2012-07-31,48,6.134338235416667,8.286362598411122,8.351365910896707,-2.1520243629944558,-2.21702767548004
best_accuracy_recur,5,2012-08-01,48,6.280896235416667,8.91196209595106,9.006836072237132,-2.631065860534393,-2.7259398368204653
best_accuracy_recur,4,2012-08-02,48,6.6504443,10.102748192134348,10.561717416466031,-3.452303892134348,-3.911273116466031
best_accuracy_recur,1,2012-08-03,48,7.160892158333333,9.024891150181093,9.034552881286148,-1.8639989918477584,-1.8736607229528144
best_accuracy_recur,2,2012-08-04,48,6.567858770833333,8.635426131245358,8.397288834085513,-2.0675673604120246,-1.829430063252179
best_accuracy_recur,1,2012-08-05,48,6.946719375,10.480254238322013,10.484278713168898,-3.5335348633220143,-3.5375593381688977
best_accuracy_recur,2,2012-08-06,48,5.922653764583334,7.782171816631403,7.477152794979509,-1.8595180520480696,-1.5544990303961752
best_accuracy_recur,3,2012-08-07,48,7.153456070833333,8.329572959128578,8.260341821666431,-1.1761168882952437,-1.1068857508330976
best_accuracy_recur,1,2012-08-08,48,7.373567145833333,5.437122332258579,5.448552590513926,1.9364448135747534,1.9250145553194071
best_accuracy_recur,1,2012-08-09,47,7.0186513255319145,5.201342121886387,5.211627849735933,1.817309203645528,1.807023475795981
best_accuracy_recur,3,2012-08-10,48,6.428932797916667,7.090124495694208,6.954055847580649,-0.661191697777541,-0.5251230496639826
best_accuracy_recur,1,2012-08-11,48,6.577051102083334,9.061440333678872,9.074342035977198,-2.484389231595538,-2.4972909338938654
best_accuracy_recur,3,2012-08-12,48,6.641491183333333,9.01588854449337,8.889369404713717,-2.3743973611600357,-2.2478782213803847
best_accuracy_recur,2,2012-08-13,48,7.441026860416667,11.52305439059424,11.417401212677243,-4.082027530177573,-3.976374352260578
best_accuracy_recur,2,2012-08-14,44,5.585122643181818,9.286057358422903,8.928575159245222,-3.700934715241085,-3.343452516063404
best_accuracy_recur,3,2012-08-15,48,6.8359822562499994,9.360503922080005,9.221050547225246,-2.524521665830006,-2.3850682909752456
best_accuracy_recur,5,2012-08-16,48,7.5789022125,11.054345774502858,11.209726455535408,-3.4754435620028574,-3.6308242430354074
best_accuracy_recur,3,2012-08-17,48,7.50730011875,11.384249627315995,11.460913774143819,-3.876949508565995,-3.9536136553938195
best_accuracy_recur,3,2012-08-18,48,6.590918335416667,8.882873172128315,8.709018457605708,-2.2919548367116485,-2.118100122189041
best_accuracy_recur,1,2012-08-19,48,8.61395005625,9.721367936213495,9.733966162167112,-1.1074178799634946,-1.120016105917113
best_accuracy_recur,3,2012-08-20,48,7.9814005833333335,9.56197147847871,9.481624104553019,-1.5805708951453779,-1.5002235212196846
best_accuracy_recur,2,2012-08-21,48,8.186272847916667,11.448084202530284,11.315825398581152,-3.2618113546136187,-3.129552550664485
best_accuracy_recur,4,2012-08-22,48,7.327301362499999,11.130946133328342,11.505837224510259,-3.8036447708283405,-4.178535862010259
best_accuracy_recur,4,2012-08-23,48,8.517630725,11.575067439803178,12.059285133149217,-3.057436714803178,-3.541654408149217
best_accuracy_recur,3,2012-08-24,48,8.681626145833333,11.14884883182557,11.1404900975309,-2.4672226859922373,-2.4588639516975683
best_accuracy_recur,5,2012-08-25,48,9.249283554166666,11.074443278092696,11.224284570093753,-1.8251597239260295,-1.9750010159270868
best_accuracy_recur,2,2012-08-26,48,9.87117175,11.235850045567839,10.977491136716026,-1.364678295567838,-1.1063193867160248
best_accuracy_recur,1,2012-08-27,48,10.066777154166667,11.575903345562601,11.58383089259962,-1.5091261913959333,-1.517053738432953
best_accuracy_recur,4,2012-08-28,48,9.852360588333333,10.585426140246502,10.856319934928221,-0.7330655519131684,-1.0039593465948873
best_accuracy_recur,5,2012-08-29,48,21.97209148125,10.500598920692555,10.559925819772854,11.471492560557445,11.412165661477147
best_accuracy_recur,4,2012-08-30,48,28.967427914583336,11.949916757553735,12.503156105894154,17.0175111570296,16.46427180868918
best_accuracy_recur,3,2012-08-31,48,13.058101424999998,11.409138478631709,11.4053516106019,1.6489629463682922,1.6527498143980994
best_accuracy_recur,1,2012-09-01,46,6.837848882608696,9.006387642455797,9.024649961603556,-2.168538759847103,-2.1868010789948613
best_accuracy_recur,4,2012-09-02,39,2.226128878205128,6.567670039205347,6.471280153251641,-4.341541161000219,-4.2451512750465135
best_accuracy_recur,2,2012-09-03,44,2.9446648161363638,7.520444785259744,7.1647992853594955,-4.57577996912338,-4.220134469223132
best_accuracy_recur,2,2012-09-04,37,2.855260219216216,9.395574095769742,9.10320619359556,-6.540313876553527,-6.247945974379345
best_accuracy_recur,1,2012-09-05,31,2.949354112903226,10.632553668249727,10.64667093429503,-7.683199555346502,-7.697316821391803
best_accuracy_recur,4,2012-09-06,38,2.514661660526316,8.35036553569729,8.444258582162856,-5.8357038751709736,-5.929596921636541
best_accuracy_recur,3,2012-09-07,42,1.6679321140476189,7.593304598616237,7.429830563866178,-5.9253724845686175,-5.761898449818558
best_accuracy_recur,3,2012-09-08,48,3.0139437527083337,8.271407891559278,8.125617392698773,-5.257464138850945,-5.11167363999044
best_accuracy_recur,2,2012-09-09,48,4.418429550208333,9.692080786952248,9.451817856659611,-5.273651236743914,-5.033388306451279
best_accuracy_recur,3,2012-09-10,16,2.077358675,5.711585080010493,5.524125873418511,-3.6342264050104927,-3.446767198418511
best_accuracy_recur,3,2016-01-05,20,6.49421187465,15.419568662271242,14.929116138853493,-8.925356787621244,-8.434904264203494
best_accuracy_recur,2,2016-01-06,48,7.075986391375,13.651031405007537,12.843620650837906,-6.575045013632536,-5.767634259462906
best_accuracy_recur,5,2016-01-07,48,6.803397345895834,12.502937952983507,12.219429972619748,-5.699540607087673,-5.416032626723915
best_accuracy_recur,2,2016-01-08,48,9.704917027520834,11.139442038640665,10.583612090340912,-1.4345250111198304,-0.8786950628200798
best_accuracy_recur,5,2016-01-09,48,14.033978211395834,8.957736831907411,8.85072633895995,5.076241379488422,5.183251872435885
best_accuracy_recur,1,2016-01-10,48,15.418391934729167,7.32821010445083,7.340913688513559,8.090181830278336,8.077478246215607
best_accuracy_recur,2,2016-01-11,48,7.896477082791667,6.56522737660206,6.400807612799656,1.3312497061896067,1.4956694699920117
best_accuracy_recur,3,2016-01-12,48,7.7312570626041675,5.611476413850027,5.620376117688818,2.11978064875414,2.110880944915348
best_accuracy_recur,2,2016-01-13,48,4.5047918749375,4.955836021949394,4.909748347312377,-0.45104414701189405,-0.4049564723748767
best_accuracy_recur,4,2016-01-14,48,2.2360425419375,4.173457447886473,4.27864677639002,-1.9374149059489723,-2.0426042344525195
best_accuracy_recur,1,2016-01-15,48,1.8144326055833335,3.362333106546996,3.3582520456797886,-1.5479005009636622,-1.543819440096455
best_accuracy_recur,1,2016-01-16,48,1.831333733125,2.884827809626854,2.878650097531177,-1.053494076501854,-1.047316364406177
best_accuracy_recur,4,2016-01-17,48,2.2107020326041664,2.758831497898002,2.8630378807985255,-0.5481294652938354,-0.652335848194359
best_accuracy_recur,5,2016-01-18,48,1.5406963808125,2.3156677994589567,2.460240852128481,-0.7749714186464566,-0.9195444713159806
best_accuracy_recur,5,2016-01-19,48,1.4218097842916668,2.437016513716618,2.5847579278213115,-1.0152067294249514,-1.1629481435296452
best_accuracy_recur,4,2016-01-20,48,1.3806500620208333,2.0286752063651856,2.12259551110535,-0.6480251443443522,-0.7419454490845165
best_accuracy_recur,3,2016-01-21,48,1.3695420448541666,1.8724690131020545,2.052012712065514,-0.502926968247888,-0.6824706672113475
best_accuracy_recur,3,2016-01-22,48,2.1822751739375,1.5672037920475106,1.7579131424959948,0.6150713818899892,0.42436203144150514
best_accuracy_recur,3,2016-01-23,48,2.026367208854167,1.6350073425500893,1.8547426401304545,0.3913598663040773,0.17162456872371204
best_accuracy_recur,5,2016-01-24,48,1.465879558875,1.4472934575294916,1.57736001544333,0.018586101345508556,-0.11148045656833015
best_accuracy_recur,2,2016-01-25,48,1.3313869148333333,1.189871062016874,1.340623975825346,0.14151585281645931,-0.009237060992012715
best_accuracy_recur,1,2016-01-26,48,1.0486739028541667,1.3161904749972737,1.304297933191481,-0.26751657214310715,-0.2556240303373144
best_accuracy_recur,5,2016-01-27,48,1.46441060075,1.2261335902162622,1.3604681869479789,0.23827701053373787,0.10394241380202102
best_accuracy_recur,4,2016-01-28,48,1.3385037907291668,1.597037771423315,1.6878697786408432,-0.25853398069414857,-0.34936598791167645
best_accuracy_recur,4,2016-01-29,48,1.4153455119166667,1.545403716980848,1.6400728469286028,-0.1300582050641815,-0.22472733501193629
best_accuracy_recur,1,2016-01-30,48,1.4488652037499998,1.838331125605211,1.8253844525101286,-0.389465921855211,-0.37651924876012854
best_accuracy_recur,2,2016-01-31,48,1.0211748025833334,1.4407809172265391,1.6116444234493272,-0.4196061146432057,-0.590469620865994
best_accuracy_recur,5,2016-02-01,48,1.31608576175,1.4128071390292007,1.5709582811707838,-0.09672137727920078,-0.254872519420784
best_accuracy_recur,2,2016-02-02,48,1.0673245917291667,1.1416240349197257,1.3307774351598602,-0.07429944319055917,-0.26345284343069353
best_accuracy_recur,1,2016-02-03,48,1.3040168001874999,1.275145453401757,1.2613513599378112,0.028871346785743032,0.042665440249688685
best_accuracy_recur,2,2016-02-04,48,1.4078973600208335,1.1659668044469291,1.3656880708072021,0.2419305555739042,0.0422092892136313
best_accuracy_recur,4,2016-02-05,48,1.5994484575624999,1.5446394663984535,1.691817256522069,0.05480899116404641,-0.09236879895956925
best_accuracy_recur,3,2016-02-06,48,0.9542110225624999,0.745188265010727,0.9576045629021911,0.2090227575517729,-0.003393540339691132
best_accuracy_recur,2,2016-02-07,48,0.9614311591458334,0.3743701249912316,0.5984503883195328,0.5870610341546018,0.3629807708263005
best_accuracy_recur,1,2016-02-08,48,0.8452091317916667,0.44362016523853437,0.4272214796327541,0.40158896655313225,0.41798765215891254
best_accuracy_recur,3,2016-02-09,48,0.6845879005,0.2725245251605662,0.5010658258613659,0.4120633753394338,0.1835220746386341
best_accuracy_recur,3,2016-02-10,48,0.8398312056458334,0.6768283426799094,0.90888827517263,0.16300286296592384,-0.06905706952679669
best_accuracy_recur,4,2016-02-11,48,0.49195505458333333,0.7791484559207724,0.8905843777426656,-0.28719340133743904,-0.39862932315933236
best_accuracy_recur,3,2016-02-12,48,0.7809307702916667,0.5297550218546151,0.7696601758234561,0.25117574843705154,0.011270594468210604
best_accuracy_recur,4,2016-02-13,48,0.9029530644791667,0.6637839073024362,0.7858769996357119,0.23916915717673048,0.11707606484345483
best_accuracy_recur,5,2016-02-14,48,0.8544824970208333,0.49517996569075606,0.688164458954812,0.3593025313300773,0.16631803806602125
best_accuracy_recur,5,2016-02-15,48,1.2600707122500001,0.3660072903497589,0.546799533602432,0.8940634219002411,0.713271178647568
best_accuracy_recur,5,2016-02-16,48,0.5249427641875,0.272884163310168,0.453681433671458,0.25205860087733195,0.07126133051604198
best_accuracy_recur,5,2016-02-17,48,0.34336849093750005,0.3493982044853238,0.5349085873004956,-0.00602971354782382,-0.1915400963629956
best_accuracy_recur,5,2016-02-18,48,0.9328331616458333,0.3523356607359962,0.5406069527019766,0.5804975009098371,0.3922262089438567
best_accuracy_recur,2,2016-02-19,48,0.7993378167083334,0.29142172159442675,0.5513518712103792,0.5079160951139066,0.24798594549795408
best_accuracy_recur,2,2016-02-20,48,0.3710011784375,0.3390695810798121,0.6035564705044104,0.03193159735768789,-0.23255529206691042
best_accuracy_recur,2,2016-02-21,48,-1.4817916566041667,0.2426364978469189,0.5082731920906676,-1.7244281544510855,-1.9900648486948345
best_accuracy_recur,1,2016-02-22,48,-2.5303195296458334,0.5770377001568926,0.5590250997701701,-3.107357229802726,-3.089344629416004
best_accuracy_recur,2,2016-02-23,48,-0.9214623069583333,0.23578493221691585,0.5061475136681162,-1.157247239175249,-1.4276098206264496
best_accuracy_recur,3,2016-02-24,48,0.6395138363958334,0.2228554129164504,0.4845975869875962,0.4166584234793829,0.15491624940823712
best_accuracy_recur,1,2016-02-25,48,0.2902012683125,0.34292787376411765,0.3247429150456425,-0.05272660545161761,-0.034541646733142466
best_accuracy_recur,3,2016-02-26,48,0.53052630221875,-0.06615987689417202,0.1940570990513959,0.596686179112922,0.3364692031673541
best_accuracy_recur,4,2016-02-27,48,0.6093463509166667,0.1925030141117182,0.3028732305165396,0.4168433368049485,0.3064731204001271
best_accuracy_recur,5,2016-02-28,48,0.8025298725416666,-0.025800837369914047,0.16791633920619142,0.8283307099115808,0.6346135333354752
best_accuracy_recur,2,2016-02-29,48,0.42504096327083335,0.0069880061162608115,0.2848184551675774,0.4180529571545725,0.14022250810325593
best_accuracy_recur,1,2016-03-01,48,0.605103436125,0.14010559611315695,0.12121835907368433,0.464997840011843,0.48388507705131567
best_accuracy_recur,3,2016-03-02,48,0.7054132284583333,-0.24924473490944613,0.016872422078293953,0.9546579633677794,0.6885408063800393
best_accuracy_recur,5,2016-03-03,48,1.096092631,-0.06722252542913217,0.13115486435028378,1.1633151564291322,0.9649377666497162
best_accuracy_recur,4,2016-03-04,48,0.7806289255208333,0.1532599252711848,0.2758611155309711,0.6273690002496486,0.5047678099898621
best_accuracy_recur,5,2016-03-05,48,0.24562592939583336,0.2410956018846163,0.4700223164382609,0.004530327511217032,-0.22439638704242762
best_accuracy_recur,1,2016-03-06,48,0.5235694555625,0.5616458511725434,0.5408025555108118,-0.03807639561004344,-0.017233099948311802
best_accuracy_recur,3,2016-03-07,48,0.7508692366249999,0.20128233331450684,0.4992922197036767,0.5495869033104931,0.2515770169213232
best_accuracy_recur,3,2016-03-08,48,0.6652003633958333,0.15361631523448896,0.4430793395293408,0.5115840481613444,0.22212102386649255
best_accuracy_recur,1,2016-03-09,48,0.31076704541666667,0.4105508931392439,0.3903516171143324,-0.09978384772257726,-0.07958457169766577
best_accuracy_recur,5,2016-03-10,48,0.5880632022083333,0.1869325796705854,0.41506599415411644,0.40113062253774795,0.1729972080542169
best_accuracy_recur,4,2016-03-11,48,0.6152219125,0.1796753421165935,0.3197454246927047,0.4355465703834065,0.29547648780729524
best_accuracy_recur,5,2016-03-12,48,0.8710242546041668,0.05349163122049031,0.2744956655774859,0.8175326233836763,0.5965285890266808
best_accuracy_recur,4,2016-03-13,48,0.36226116685416665,0.11968417658405989,0.25627711637018497,0.24257699027010682,0.10598405048398168
best_accuracy_recur,4,2016-03-14,48,0.4284905681875,0.13649783525015521,0.2863477402104983,0.2919927329373448,0.1421428279770017
best_accuracy_recur,5,2016-03-15,48,0.8303840695833333,-0.055105513820837886,0.16185515732506586,0.8854895834041713,0.6685289122582675
best_accuracy_recur,3,2016-03-16,48,0.7362672540625,0.04476054372261803,0.348457601590606,0.691506710339882,0.387809652471894
best_accuracy_recur,2,2016-03-17,48,0.6776437526458333,-0.035328048889146195,0.2743733568644543,0.7129718015349796,0.403270395781379
best_accuracy_recur,2,2016-03-18,48,0.43446875041666666,-0.06046036303604898,0.2542401633812626,0.4949291134527157,0.18022858703540404
best_accuracy_recur,4,2016-03-19,48,0.387852648375,0.09238061364244272,0.24305881915405855,0.2954720347325573,0.1447938292209415
best_accuracy_recur,3,2018-04-10,13,0.8365385946153847,1.4202416040583292,1.4958857551058453,-0.5837030094429444,-0.6593471604904605
best_accuracy_recur,2,2018-04-11,48,0.8358201658125001,1.202833592871615,1.2603907465990976,-0.3670134270591148,-0.4245705807865976
best_accuracy_recur,3,2018-04-12,48,0.6412611391249999,1.154611087961545,1.2360165309026239,-0.5133499488365448,-0.5947553917776238
best_accuracy_recur,3,2018-04-13,48,0.6749789275000001,1.258991181437632,1.3317387758486614,-0.5840122539376319,-0.6567598483486613
best_accuracy_recur,4,2018-04-14,48,1.3552443770833333,0.5032434000241498,0.5168780030369479,0.8520009770591835,0.8383663740463856
best_accuracy_recur,2,2018-04-15,48,0.7383090050000001,0.307801331824074,0.4716964874131744,0.4305076731759261,0.26661251758682564
best_accuracy_recur,1,2018-04-16,48,0.38502236312500004,0.9778922557270732,0.9681554522616036,-0.5928698926020731,-0.5831330891366037
best_accuracy_recur,2,2018-04-17,48,0.5230105908333333,1.5247860634895953,1.5487443415666151,-1.0017754726562618,-1.0257337507332818
best_accuracy_recur,4,2018-04-18,48,0.5061348434375,1.6368398181008346,1.5866200923486877,-1.1307049746633346,-1.0804852489111876
best_accuracy_recur,3,2018-04-19,48,0.8024319285833333,2.2544011720258363,2.2348390180029845,-1.4519692434425029,-1.432407089419651
best_accuracy_recur,3,2018-04-20,48,0.880826201875,4.640086493097655,4.465153527597685,-3.7592602912226556,-3.5843273257226844
best_accuracy_recur,3,2018-04-21,48,1.1108940670104166,4.639390640998102,4.4394288614800805,-3.528496573987686,-3.328534794469664
best_accuracy_recur,3,2018-04-22,48,0.39408968972916664,2.395237416384678,2.3486193931829384,-2.0011477266555118,-1.9545297034537719
best_accuracy_recur,5,2018-04-23,48,1.2810660985416666,0.8328927278345586,0.8988684245237955,0.44817337070710805,0.3821976740178712
best_accuracy_recur,4,2018-04-24,48,0.4091332697916667,1.6082256576768434,1.541575458287463,-1.1990923878851767,-1.1324421884957963
best_accuracy_recur,2,2018-04-25,48,0.2023494522916667,3.2668798179566565,3.109239633646707,-3.0645303656649894,-2.9068901813550405
best_accuracy_recur,2,2018-04-26,48,0.5062309500000001,3.592020123882818,3.3769143600808174,-3.0857891738828176,-2.870683410080817
best_accuracy_recur,3,2018-04-27,48,0.7287440279166667,3.771038267186237,3.6166004416749264,-3.042294239269571,-2.8878564137582603
best_accuracy_recur,4,2018-04-28,48,0.5738405042708333,3.7353082111181948,3.5713280701956394,-3.1614677068473616,-2.9974875659248066
best_accuracy_recur,5,2018-04-29,48,0.82862176625,3.274886780367684,3.183477913139591,-2.446265014117684,-2.354856146889591
best_accuracy_recur,4,2018-04-30,48,0.7851567769791666,4.347431147720446,4.176108972420711,-3.5622743707412794,-3.3909521954415442
best_accuracy_recur,5,2018-05-01,48,0.9469905514583333,5.155069150598465,4.957867360750573,-4.208078599140133,-4.010876809292239
best_accuracy_recur,4,2018-05-02,48,1.4535433592708333,1.9872946742451962,1.9057444743480685,-0.5337513149743628,-0.4522011150772351
best_accuracy_recur,4,2018-05-03,48,0.9139742508333334,1.2587660546008415,1.2200218174340094,-0.3447918037675082,-0.306047566600676
best_accuracy_recur,2,2018-05-04,48,1.4740269193750002,2.905436815651982,2.765933158686989,-1.431409896276982,-1.2919062393119887
best_accuracy_recur,2,2018-05-05,48,0.8744317195833333,4.055685006709861,3.805584143899343,-3.1812532871265273,-2.9311524243160094
best_accuracy_recur,1,2018-05-06,48,1.0245740916666668,3.435152265068444,3.4430207623718676,-2.4105781734017775,-2.4184466707052006
best_accuracy_recur,3,2018-05-07,48,0.7805408370833334,4.647789989621484,4.455003284170396,-3.8672491525381507,-3.6744624470870626
best_accuracy_recur,1,2018-05-08,48,0.22908054,2.4371525075647535,2.438511430990061,-2.2080719675647535,-2.209430890990061
best_accuracy_recur,5,2018-05-09,48,0.9933036568055557,2.030417515564579,2.0132121078436795,-1.0371138587590232,-1.019908451038124
best_accuracy_recur,5,2018-05-10,48,1.1864842585416666,2.718775865246195,2.663978635050515,-1.5322916067045282,-1.4774943765088482
best_accuracy_recur,4,2018-05-11,48,1.3072650239583334,2.8848926668702077,2.7615464136847545,-1.5776276429118743,-1.4542813897264208
best_accuracy_recur,4,2018-05-12,48,0.4007906071041667,1.9228630862596843,1.843144728211873,-1.5220724791555176,-1.4423541211077062
best_accuracy_recur,1,2018-05-13,48,1.3729796741666667,3.506074267980655,3.5137334579647277,-2.1330945938139885,-2.140753783798061
best_accuracy_recur,4,2018-05-14,48,2.2638147825000003,3.8782798585001856,3.722473160588071,-1.6144650760001857,-1.4586583780880709
best_accuracy_recur,5,2018-05-15,48,4.272525122916667,6.906385609663988,6.717369445201091,-2.6338604867473205,-2.4448443222844243
best_accuracy_recur,1,2018-05-16,48,1.7545096245833334,6.680066332588645,6.70363245389355,-4.9255567080053115,-4.949122829310216
best_accuracy_recur,5,2018-05-17,48,2.3546793,5.404845603346854,5.208548507661614,-3.0501663033468547,-2.8538692076616137
best_accuracy_recur,4,2018-05-18,48,1.669650475,2.224876259185311,2.1286050428300998,-0.5552257841853109,-0.45895456783009964
best_accuracy_recur,1,2018-05-19,48,2.7034745979166668,3.3570898960704,3.3631014899196447,-0.6536152981537332,-0.6596268920029783
best_accuracy_recur,1,2018-05-20,48,1.7865302395833333,3.024274425542147,3.028899933318922,-1.2377441859588134,-1.242369693735589
best_accuracy_recur,5,2018-05-21,48,3.68666576875,4.150808687732533,4.027820417849113,-0.46414291898253285,-0.3411546490991129
best_accuracy_recur,5,2018-05-22,48,4.301316341041667,3.5638876972823916,3.4551865225475695,0.7374286437592751,0.8461298184940974
best_accuracy_recur,3,2018-05-23,48,7.288922447916668,3.708118402323988,3.560308223526198,3.5808040455926786,3.7286142243904687
best_accuracy_recur,3,2018-05-24,48,4.644919720833333,4.169496396321037,4.004227873026275,0.4754233245122963,0.6406918478070583
best_accuracy_recur,4,2018-05-25,48,6.611843,4.886882260633283,4.718635972680927,1.7249607393667172,1.8932070273190729
best_accuracy_recur,2,2018-05-26,48,8.061068656249999,6.848642233045034,6.44480463684395,1.212426423204966,1.61626401940605
best_accuracy_recur,5,2018-05-27,48,4.926359043958334,5.676694768969327,5.46944425978571,-0.7503357250109928,-0.5430852158273763
best_accuracy_recur,5,2018-05-28,48,9.300022289583334,6.257874373435333,6.082269835921845,3.042147916148,3.217752453661489
best_accuracy_recur,1,2018-05-29,48,5.725532533333333,6.020418688435935,6.041115772146749,-0.2948861551026014,-0.3155832388134156
best_accuracy_recur,2,2018-05-30,48,9.285427795833334,6.017548963091435,5.601060035172339,3.2678788327418986,3.684367760660994
best_accuracy_recur,5,2018-05-31,48,12.184924920833334,5.916332832290702,5.731949891824002,6.268592088542633,6.452975029009331
best_accuracy_recur,3,2018-06-01,48,12.72816200625,8.576648757127606,8.252062833746342,4.151513249122396,4.476099172503658
best_accuracy_recur,2,2018-06-02,48,11.389905470833334,8.505077875681623,7.99664441742982,2.88482759515171,3.3932610534035135
best_accuracy_recur,5,2018-06-03,48,12.55154230625,7.327644535864135,7.119034718110857,5.223897770385865,5.432507588139143
best_accuracy_recur,1,2018-06-04,48,10.149586270833334,6.257906541807375,6.278872102145904,3.891679729025959,3.8707141686874293
best_accuracy_recur,3,2018-06-05,48,14.328400583333334,7.424036022518827,7.094205060555457,6.904364560814507,7.234195522777877
best_accuracy_recur,4,2018-06-06,48,12.788825141666665,7.894807502147685,7.777646989496887,4.8940176395189825,5.01117815216978
best_accuracy_recur,3,2018-06-07,48,14.871658104166668,10.119522731191022,10.239074353423392,4.752135372975645,4.632583750743274
best_accuracy_recur,3,2018-06-08,48,12.383363635416666,9.717061472313542,9.837128202414867,2.6663021631031247,2.5462354330017996
best_accuracy_recur,2,2018-06-09,48,11.38877190625,9.633955010973624,9.589569304783424,1.7548168952763759,1.7992026014665763
best_accuracy_recur,1,2018-06-10,48,8.391238875,7.673074101647509,7.680832826402252,0.7181647733524904,0.7104060485977476
best_accuracy_recur,3,2018-06-11,48,7.900584520833334,7.502777623623075,7.743291986376171,0.3978068972102582,0.15729253445716196
best_accuracy_recur,2,2018-06-12,48,11.246427208333335,8.30157293331844,8.378372957321831,2.9448542750148943,2.8680542510115035
best_accuracy_recur,3,2018-06-13,48,11.08758792361111,8.439568099703274,8.637454288148081,2.6480198239078367,2.4501336354630303
best_accuracy_recur,4,2018-06-14,48,9.909037375,7.545264558849136,7.7831203237067745,2.3637728161508647,2.1259170512932264
best_accuracy_recur,4,2018-06-15,48,11.489825041666668,7.369709669471329,7.614922961894582,4.120115372195337,3.8749020797720846
best_accuracy_recur,2,2018-06-16,48,11.32995541125,8.043393821751657,8.15689876044832,3.286561589498343,3.1730566508016813
best_accuracy_recur,3,2018-06-17,48,10.0085567843125,8.539822828456222,8.754658003498184,1.468733955856279,1.2538987808143156
best_accuracy_recur,2,2018-06-18,48,11.38329761875,10.150615623450784,10.173061831614346,1.232681995299216,1.2102357871356535
best_accuracy_recur,1,2018-06-19,48,10.082189064583334,8.618112708823162,8.62782581446965,1.4640763557601713,1.4543632501136836
best_accuracy_recur,5,2018-06-20,48,10.912293720833333,8.298779294020708,8.321913606625174,2.613514426812626,2.5903801142081604
best_accuracy_recur,2,2018-06-21,48,9.99445140625,5.605742283051686,5.296252167873233,4.388709123198313,4.698199238376768
best_accuracy_recur,5,2018-06-22,48,9.810313877083333,6.498091865443815,6.397524316393006,3.3122220116395185,3.4127895606903285
best_accuracy_recur,1,2018-06-23,48,5.821263925625001,5.4107440034419705,5.4238219069197955,0.4105199221830295,0.39744201870520385
best_accuracy_recur,2,2018-06-24,48,7.384723681250001,7.417325422766484,7.095252669791204,-0.03260174151648402,0.28947101145879595
best_accuracy_recur,2,2018-06-25,48,6.0496021791666665,10.563280321643129,10.527035649729045,-4.513678142476463,-4.477433470562379
best_accuracy_recur,3,2018-06-26,48,3.4537272625000006,5.964132676480734,5.815960884746364,-2.5104054139807337,-2.362233622246364
best_accuracy_recur,4,2018-06-27,48,3.451504610416667,5.230870184711894,5.093386940344087,-1.779365574295228,-1.6418823299274197
best_accuracy_recur,4,2018-06-28,48,4.077571247916667,5.680550606567896,5.570237058776612,-1.6029793586512289,-1.4926658108599449
best_accuracy_recur,2,2018-06-29,48,5.3275203375,6.823139753008106,6.499145993985714,-1.4956194155081057,-1.1716256564857137
best_accuracy_recur,5,2018-06-30,48,4.825811625,6.899394800058311,6.7926358930391,-2.0735831750583116,-1.9668242680390995
best_accuracy_recur,2,2018-07-01,48,4.3099015000000005,5.346307244897943,5.049801527419902,-1.036405744897943,-0.7399000274199019
best_accuracy_recur,1,2018-07-02,48,4.167258685416667,5.190880237278434,5.203632257625053,-1.0236215518617673,-1.0363735722083858
best_accuracy_recur,5,2018-07-03,48,4.831195355555556,8.095057078564402,8.018008705266949,-3.263861723008846,-3.1868133497113935
best_accuracy_recur,4,2018-07-04,48,5.843496376736112,9.14696114459044,9.263692400825216,-3.303464767854329,-3.4201960240891043
best_accuracy_recur,5,2018-07-05,48,5.057158572916667,5.12643872050583,5.000754099647654,-0.0692801475891641,0.0564044732690123
best_accuracy_recur,5,2018-07-06,48,4.055362758333334,4.143997229972367,4.04649469335084,-0.08863447163903355,0.00886806498249365
best_accuracy_recur,3,2018-07-07,48,4.19226923125,3.348241065434401,3.2691848097614256,0.8440281658155994,0.9230844214885746
best_accuracy_recur,1,2018-07-08,48,4.90197201875,6.461801570166365,6.464082664632105,-1.559829551416365,-1.5621106458821048
best_accuracy_recur,3,2018-07-09,48,4.689948560416666,6.402847728881453,6.750658341903786,-1.7128991684647856,-2.0607097814871183
best_accuracy_recur,5,2018-07-10,48,5.213994385416667,4.6906935942032035,4.60234192993632,0.5233007912134633,0.611652455480347
best_accuracy_recur,3,2018-07-11,48,6.5276587,7.356287362970652,7.155862434297579,-0.8286286629706517,-0.6282037342975789
best_accuracy_recur,5,2018-07-12,48,6.145249545833334,8.294288975616276,8.218127031455497,-2.1490394297829427,-2.072877485622164
best_accuracy_recur,3,2018-07-13,48,5.810960989583333,8.29967124838449,8.117641700685793,-2.4887102588011563,-2.306680711102459
best_accuracy_recur,2,2018-07-14,48,7.893707402083334,10.260799043715581,10.118201251689339,-2.367091641632248,-2.2244938496060054
best_accuracy_recur,4,2018-07-15,48,8.86829165625,11.969152182314735,12.49847092499948,-3.1008605260647353,-3.63017926874948
best_accuracy_recur,5,2018-07-16,48,10.82803609375,11.694635655718974,11.906206318518583,-0.8665995619689731,-1.0781702247685823
best_accuracy_recur,4,2018-07-17,48,11.132740177083333,7.846816903641355,7.915874821694151,3.2859232734419783,3.216865355389182
best_accuracy_recur,1,2018-07-18,48,11.137558127083333,8.061221839077408,8.071988167895016,3.0763362880059257,3.0655699591883163
best_accuracy_recur,1,2018-07-19,48,13.359665666666666,7.824811727334339,7.834893787342875,5.534853939332328,5.524771879323793
best_accuracy_recur,3,2018-07-20,48,13.94127565625,8.862570541588218,8.813717414157876,5.0787051146617825,5.127558242092124
best_accuracy_recur,4,2018-07-21,48,14.667598447916667,9.971552184630072,10.417837645591137,4.696046263286596,4.24976080232553
best_accuracy_recur,3,2018-07-22,48,17.241421145833332,11.57080355068131,11.868527818917407,5.670617595152024,5.372893326915928
best_accuracy_recur,1,2018-07-23,48,14.9066868125,11.727897812151213,11.730508185312607,3.178789000348788,3.176178627187394
best_accuracy_recur,4,2018-07-24,48,17.56617597916667,13.513179433409178,14.519878649213254,4.052996545757488,3.0462973299534126
best_accuracy_recur,5,2018-07-25,48,15.2256235625,13.517572373257705,13.820819497650485,1.7080511892422967,1.4048040648495144
best_accuracy_recur,2,2018-07-26,48,15.803525125,13.538355796026394,13.642690267451071,2.2651693289736055,2.160834857548929
best_accuracy_recur,5,2018-07-27,48,18.182484104166665,13.02869152340916,13.54889345292063,5.153792580757507,4.633590651246036
best_accuracy_recur,1,2018-07-28,48,19.978907489583335,14.63381340933241,14.609405215869351,5.345094080250926,5.369502273713984
best_accuracy_recur,2,2018-07-29,48,17.893377052083334,11.633646068509586,11.490804061395705,6.259730983573747,6.402572990687628
best_accuracy_recur,3,2018-07-30,48,17.828049833333335,12.09213029684888,12.387694140135004,5.735919536484452,5.440355693198331
best_accuracy_recur,3,2018-07-31,48,21.156810916666668,12.804437408646946,13.23092194825984,8.352373508019722,7.9258889684068246
best_accuracy_recur,1,2018-08-01,48,21.93689688541667,23.390181435223095,23.122753985225742,-1.4532845498064282,-1.185857099809073
best_accuracy_recur,4,2018-08-02,48,24.189204364583333,17.924282244350106,20.43225248207974,6.264922120233226,3.756951882503594
best_accuracy_recur,2,2018-08-03,48,24.791258786458332,18.943875822115878,20.437205046206035,5.847382964342457,4.354053740252301
best_accuracy_recur,4,2018-08-04,48,21.493310104166667,13.359026356854462,14.130262220470378,8.134283747312205,7.3630478836962885
best_accuracy_recur,5,2018-08-05,48,20.0095305625,12.754425512439015,13.11156916979561,7.255105050060986,6.8979613927043895
best_accuracy_recur,3,2018-08-06,48,19.757008916666667,12.42872105923516,12.570141927238446,7.328287857431508,7.18686698942822
best_accuracy_recur,1,2018-08-07,48,18.414588364583334,12.577117850084774,12.576103844519695,5.83747051449856,5.838484520063638
best_accuracy_recur,4,2018-08-08,48,18.160720385416667,10.74951391351397,11.10329593959632,7.411206471902697,7.057424445820348
best_accuracy_recur,5,2018-08-09,48,16.7010125625,9.487778723308345,9.512155608554659,7.2132338391916555,7.188856953945341
best_accuracy_recur,5,2018-08-10,48,19.949173958333336,12.251565094248015,12.520491314547783,7.697608864085319,7.42868264378555
best_accuracy_recur,2,2018-08-11,48,18.446810208333336,14.45490538775804,14.742489097132577,3.9919048205752947,3.704321111200756
best_accuracy_recur,4,2018-08-12,48,18.256352125,13.05807498569378,13.75380545916901,5.19827713930622,4.502546665830988
best_accuracy_recur,2,2018-08-13,48,16.607995354166665,12.195873899820072,12.16799524916808,4.412121454346596,4.440000104998588
best_accuracy_recur,5,2018-08-14,48,21.323660083333333,12.082279786767065,12.436782696126734,9.241380296566268,8.886877387206601
best_accuracy_recur,1,2018-08-15,48,18.67880027083333,12.989767040439377,12.973303498790303,5.6890332303939575,5.705496772043031
best_accuracy_recur,4,2018-08-16,48,12.288344958333333,8.210905552067068,8.255415281507965,4.077439406266266,4.032929676825368
best_accuracy_recur,2,2018-08-17,48,7.570451566666667,5.4692621666800845,5.218387919264583,2.1011893999865823,2.352063647402084
best_accuracy_recur,4,2018-08-18,48,10.823173666666667,5.155273926379821,5.079470672619308,5.667899740286845,5.743702994047358
best_accuracy_recur,3,2018-08-19,48,12.307638395833335,6.451855140054827,6.301707632783384,5.855783255778506,6.00593076304995
best_accuracy_recur,4,2018-08-20,48,14.89058490625,9.837070605114777,10.092172292931247,5.053514301135224,4.798412613318754
best_accuracy_recur,4,2018-08-21,48,12.472552208333333,7.073321101354871,7.071821278355082,5.399231106978462,5.400730929978251
best_accuracy_recur,2,2018-08-22,48,14.045706645833334,11.435182454877056,11.668690625555849,2.6105241909562777,2.3770160202774844
best_accuracy_recur,1,2018-08-23,48,11.836998729166666,10.686135031427257,10.69876060406284,1.1508636977394087,1.138238125103826
best_accuracy_recur,3,2018-08-24,48,10.792520541666667,6.178855409182229,6.134929472035452,4.613665132484439,4.657591069631214
best_accuracy_recur,5,2018-08-25,48,10.407733666666667,7.897766138401256,7.919688742757352,2.509967528265412,2.4880449239093143
best_accuracy_recur,5,2018-08-26,48,13.120613364583333,8.03917585447202,8.121225907474903,5.0814375101113125,4.999387457108431
best_accuracy_recur,5,2018-08-27,48,12.964973624999999,7.5461368219945095,7.57544310162696,5.41883680300549,5.38953052337304
best_accuracy_recur,4,2018-08-28,48,10.776616979166667,6.46296301972243,6.531028786550821,4.3136539594442365,4.245588192615846
best_accuracy_recur,4,2018-08-29,48,8.59915721875,4.192591610504635,4.092008435486101,4.406565608245366,4.507148783263898
best_accuracy_recur,3,2018-08-30,48,10.177618854166667,6.920221961610316,6.762194246678765,3.2573968925563506,3.415424607487902
best_accuracy_recur,1,2018-08-31,48,9.545335041666666,5.504270366672354,5.515319945279245,4.041064674994312,4.030015096387421
best_accuracy_recur,2,2018-09-01,48,9.1940406125,7.213050169944381,7.198427089883379,1.980990442555619,1.9956135226166218
best_accuracy_recur,2,2018-09-02,48,9.852551479166667,8.103992107500613,8.27336829000928,1.7485593716660544,1.5791831891573862
best_accuracy_recur,2,2018-09-03,48,7.7965321874999995,5.619774415703059,5.629180404124664,2.176757771796941,2.1673517833753357
best_accuracy_recur,2,2018-09-04,48,9.144821310416667,4.192998992195816,4.012934127618715,4.95182231822085,5.131887182797952
best_accuracy_recur,3,2018-09-05,48,9.062859662500001,6.605756069659972,6.795406148236707,2.4571035928400278,2.267453514263293
best_accuracy_recur,2,2018-09-06,48,10.088790305208333,7.10699317044541,7.353273402846117,2.981797134762924,2.735516902362217
best_accuracy_recur,5,2018-09-07,48,11.115055127083332,6.830772107773535,6.978392948085919,4.2842830193097985,4.1366621789974145
best_accuracy_recur,3,2018-09-08,48,10.223947145833334,5.593333634183804,6.029680316120298,4.630613511649529,4.194266829713036
best_accuracy_recur,4,2018-09-09,48,10.090418527083333,6.073074152459067,6.414235155972992,4.017344374624267,3.676183371110341
best_accuracy_recur,3,2018-09-10,48,6.189287668402778,6.265368028259363,6.652215873611612,-0.07608035985658533,-0.46292820520883415
best_accuracy_recur,3,2018-09-11,48,6.274015510416667,5.876260064363816,6.284958884248096,0.3977554460528508,-0.010943373831429468
best_accuracy_recur,1,2018-09-12,48,7.297151910416667,6.637178714217593,6.635284919998717,0.6599731961990737,0.6618669904179508
best_accuracy_recur,2,2018-09-13,48,5.060761216666667,6.768075877428178,7.0369144810265345,-1.7073146607615115,-1.9761532643598674
best_accuracy_recur,5,2018-09-14,48,3.5804256437500004,7.342631115552487,7.502606069339531,-3.762205471802487,-3.9221804255895303
best_accuracy_recur,3,2018-09-15,48,4.37787570625,7.600697700574636,7.9317775381685065,-3.2228219943246352,-3.5539018319185054
best_accuracy_recur,2,2018-09-16,48,2.6671404270833334,7.101958102739606,7.327651979549963,-4.434817675656272,-4.66051155246663
best_accuracy_recur,2,2018-09-17,48,3.689023655208333,6.419540616154962,6.703216516261397,-2.73051696094663,-3.0141928610530644
best_accuracy_recur,3,2018-09-18,48,2.6043113779166664,5.759656505552357,6.187811624742949,-3.1553451276356896,-3.5835002468262815
best_accuracy_recur,2,2018-09-19,48,2.1101717033333336,5.9113024511856835,6.2433906577943,-3.801130747852351,-4.1332189544609665
best_accuracy_recur,4,2018-09-20,48,0.7976019938125001,5.518274613108544,5.860031705307834,-4.720672619296043,-5.0624297114953345
best_accuracy_recur,5,2018-09-21,48,0.9684922160416667,5.772763602812156,5.967659224822356,-4.804271386770489,-4.999167008780689
best_accuracy_recur,1,2018-09-22,48,1.286113165625,6.262602655838083,6.259006617730769,-4.9764894902130825,-4.972893452105769
best_accuracy_recur,3,2018-09-23,48,1.8461108989583332,4.478524968205852,4.990566365954605,-2.6324140692475186,-3.1444554669962717
best_accuracy_recur,5,2018-09-24,48,1.9362030538750001,4.393843546791431,4.668854297792765,-2.4576404929164313,-2.732651243917766
best_accuracy_recur,2,2018-09-25,48,2.560413458333333,4.397608977511209,4.866809430366695,-1.837195519177875,-2.3063959720333616
best_accuracy_recur,1,2018-09-26,48,1.929944911875,5.230204056895988,5.220983760742564,-3.300259145020988,-3.2910388488675637
best_accuracy_recur,1,2018-09-27,48,2.3870967227083333,5.113295138027382,5.103161672689484,-2.7261984153190486,-2.7160649499811504
best_accuracy_recur,5,2018-09-28,48,2.3075897289583334,4.529294401151643,4.797558618464307,-2.221704672193309,-2.489968889505973
best_accuracy_recur,1,2018-09-29,48,2.3703316270833334,5.41931226566508,5.4104537828407055,-3.0489806385817464,-3.040122155757373
best_accuracy_recur,5,2018-09-30,48,2.0839533041666667,4.596553072658137,4.859142789997882,-2.5125997684914707,-2.775189485831215
knee_recur,1,2012-04-17,13,0.17492633815384614,0.0,0.0,0.17492633815384614,0.17492633815384614
knee_recur,5,2012-04-18,46,0.10277196365217392,0.0,0.0,0.10277196365217392,0.10277196365217392
knee_recur,3,2012-04-19,48,0.13160591110416667,0.0,0.0,0.13160591110416667,0.13160591110416667
knee_recur,1,2012-04-20,47,0.19268152623404253,0.0,0.0,0.19268152623404253,0.19268152623404253
knee_recur,4,2012-04-21,48,0.31302222352083336,0.0,0.0,0.31302222352083336,0.31302222352083336
knee_recur,1,2012-04-22,47,0.22889915329787233,0.0,0.0,0.22889915329787233,0.22889915329787233
knee_recur,2,2012-04-23,48,0.09675257410416667,0.0,0.0,0.09675257410416667,0.09675257410416667
knee_recur,2,2012-04-24,48,-0.1216986750625,0.0,0.0,-0.1216986750625,-0.1216986750625
knee_recur,4,2012-04-25,48,0.12789548795833333,0.007405816047082146,0.0070942200934697225,0.12048967191125119,0.12080126786486362
knee_recur,1,2012-04-26,48,0.031396444041666666,0.14475345438240325,0.14469952627802046,-0.11335701034073659,-0.11330308223635378
knee_recur,2,2012-04-27,33,-0.0011584061818181795,0.3558030286431165,0.33746980556490513,-0.3569614348249347,-0.3386282117467233
knee_recur,3,2012-04-28,17,0.1495946152352941,0.3977028381659299,0.3807940182401889,-0.24810822293063578,-0.23119940300489475
knee_recur,4,2012-04-29,48,0.0563516495625,0.8140051839067729,0.793926996239999,-0.7576535343442731,-0.7375753466774989
knee_recur,5,2012-04-30,48,0.067841465,1.136469879022299,1.0994682698661342,-1.0686284140222988,-1.0316268048661341
knee_recur,4,2012-05-01,35,-0.011450152857142857,1.3440298530082642,1.3035296819276607,-1.355480005865407,-1.3149798347848038
knee_recur,1,2012-05-02,23,0.03662533839130435,1.1626074818533643,1.1621745532538394,-1.12598214346206,-1.125549214862535
knee_recur,2,2012-05-03,48,0.09201962160416667,1.384399559864143,1.3193108780918397,-1.2923799382599765,-1.227291256487673
knee_recur,2,2012-05-04,40,0.085187383475,1.3616234771363742,1.2962150515302602,-1.2764360936613743,-1.21102766805526
knee_recur,1,2012-05-05,48,0.0777986770625,1.5722949459040398,1.5717110329785229,-1.49449626884154,-1.493912355916023
knee_recur,2,2012-05-06,46,0.009543028086956524,1.4455657399282855,1.3807816532129384,-1.436022711841329,-1.371238625125982
knee_recur,5,2012-05-07,48,0.021618651333333332,1.361858169444517,1.3104900060250233,-1.3402395181111837,-1.28887135469169
knee_recur,5,2012-05-08,48,0.19335431079166668,1.885801874338778,1.825725512492281,-1.6924475635471115,-1.6323712017006144
knee_recur,1,2012-05-09,42,0.1434148763095238,1.8437359998535465,1.8430498602704237,-1.7003211235440225,-1.6996349839609
knee_recur,3,2012-05-10,40,0.319251258275,1.434343402380964,1.3760895215281879,-1.115092144105964,-1.0568382632531879
knee_recur,2,2012-05-11,48,0.17239545895833333,1.5104764587848394,1.4310822862913186,-1.3380809998265064,-1.2586868273329854
knee_recur,1,2012-05-12,48,0.17601843233333334,1.3377623774285425,1.3372634229604392,-1.1617439450952094,-1.1612449906271058
knee_recur,3,2012-05-13,48,0.17704623283333332,1.4062048761970998,1.3495806198358633,-1.2291586433637665,-1.17253438700253
knee_recur,4,2012-05-14,48,0.27600001625,2.17937394313064,2.1128986699525885,-1.90337392688064,-1.836898653702588
knee_recur,4,2012-05-15,47,0.35306912361702125,2.1558194699343662,2.0770765939149163,-1.8027503463173449,-1.7240074702978951
knee_recur,4,2012-05-16,48,0.4190129162291667,2.995798352526061,2.923430390966335,-2.5767854362968943,-2.5044174747371684
knee_recur,1,2012-05-17,48,0.5381429567708333,3.0154459658368715,3.0143260028604093,-2.477303009066038,-2.476183046089576
knee_recur,1,2012-05-18,39,0.4551124043333334,2.2142123070584896,2.2133876178302363,-1.759099902725156,-1.758275213496903
knee_recur,4,2012-05-19,48,0.4896868033125,2.527858957025862,2.453532510034253,-2.0381721537133615,-1.963845706721753
knee_recur,1,2012-05-20,48,0.47750789,2.937589882422749,2.936498253541732,-2.460081992422749,-2.4589903635417323
knee_recur,5,2012-05-21,48,0.8335178516666667,2.578873227458571,2.485427352273513,-1.745355375791904,-1.6519095006068465
knee_recur,4,2012-05-22,32,0.702621915625,1.6758391881610082,1.6000353269979173,-0.9732172725360081,-0.8974134113729172
knee_recur,2,2012-05-23,46,0.6635871663260869,2.2881019437424475,2.173982625271299,-1.6245147774163606,-1.5103954589452118
knee_recur,3,2012-05-24,48,0.6281435369791667,3.3518178867430097,3.2646048381285326,-2.723674349763843,-2.636461301149366
knee_recur,3,2012-05-25,38,0.8183735249999999,3.1840457405064053,3.0836806709816384,-2.3656722155064056,-2.2653071459816383
knee_recur,1,2012-05-26,48,0.6980216629166667,2.8987056317404147,2.8976277180998857,-2.2006839688237485,-2.199606055183219
knee_recur,4,2012-05-27,48,0.8635254579166666,3.4517223770201935,3.3721636726041546,-2.588196919103527,-2.508638214687488
knee_recur,4,2012-05-28,45,1.0706195379333332,3.147009235223618,3.059968890458874,-2.076389697290285,-1.9893493525255406
knee_recur,1,2012-05-29,47,1.2441222806595744,3.042286536153323,3.041156156351511,-1.7981642554937483,-1.7970338756919366
knee_recur,5,2012-05-30,39,1.3168110543589744,2.862239109887742,2.7616058678172224,-1.545428055528768,-1.444794813458248
knee_recur,4,2012-05-31,48,1.122336043125,2.938184642131665,2.8441032188492446,-1.8158485990066648,-1.7217671757242445
knee_recur,1,2012-06-01,47,1.408223744680851,3.178101795911564,3.1769203785103324,-1.7698780512307128,-1.7686966338294814
knee_recur,1,2012-06-02,48,1.5114160385416666,3.1347215570108027,3.133556263925866,-1.6233055184691356,-1.6221402253841992
knee_recur,4,2012-06-03,48,1.7375850125,3.0761783602077983,2.980477436543707,-1.3385933477077987,-1.2428924240437074
knee_recur,5,2012-06-04,48,1.8668908327083333,3.8642769560228754,3.7632794714661517,-1.997386123314542,-1.8963886387578182
knee_recur,5,2012-06-05,48,2.0323514729166665,3.7900239596160845,3.67650900122513,-1.7576724866994178,-1.6441575283084633
knee_recur,5,2012-06-06,48,1.9727137145833333,3.1046908084515334,2.9928830787717615,-1.1319770938682006,-1.0201693641884282
knee_recur,4,2012-06-07,48,2.1687674958333334,3.6295613898880457,3.5376555939400345,-1.4607938940547125,-1.3688880981067015
knee_recur,5,2012-06-08,48,2.3881609270833333,4.8723186314059665,4.778498180700107,-2.4841577043226333,-2.3903372536167735
knee_recur,5,2012-06-09,38,2.1885792210526316,3.3703242670457194,3.2549141130835766,-1.181745045993088,-1.0663348920309452
knee_recur,5,2012-06-10,48,2.3298899375,3.9789748321334497,3.8674103838525746,-1.6490848946334502,-1.5375204463525745
knee_recur,1,2012-06-11,45,2.215788988888889,3.0756148083264336,3.0744700602635273,-0.8598258194375445,-0.8586810713746384
knee_recur,1,2012-06-12,47,2.466926670212766,2.4135196128376535,2.412619754888163,0.05340705737511217,0.05430691532460313
knee_recur,1,2012-06-13,48,2.355464260416667,2.615155667012452,2.6141811294195607,-0.2596914065957853,-0.2587168690028941
knee_recur,5,2012-06-14,48,2.396814725,2.8105061959291646,2.7004842195636645,-0.41369147092916436,-0.3036694945636647
knee_recur,2,2012-06-15,48,2.2765174375,3.236131914081623,3.0850521928156946,-0.9596144765816232,-0.8085347553156946
knee_recur,2,2012-06-16,48,2.12172636875,3.4963401903463533,3.336177738583357,-1.3746138215963535,-1.2144513698333566
knee_recur,4,2012-06-17,48,2.4683254604166667,5.005297528550099,4.932686226885851,-2.536972068133433,-2.4643607664691842
knee_recur,4,2012-06-18,48,2.57933425,5.0733852325173325,5.00427982938488,-2.4940509825173325,-2.4249455793848798
knee_recur,2,2012-06-19,48,2.7591370666666664,5.073771589336134,4.904391866498434,-2.314634522669468,-2.1452547998317675
knee_recur,4,2012-06-20,48,4.0653092766666665,7.23054213819605,7.33973412861366,-3.165232861529384,-3.274424851946994
knee_recur,4,2012-06-21,48,2.852546154166667,4.573632781161506,4.494014198987464,-1.72108662699484,-1.6414680448207966
knee_recur,2,2012-06-22,35,2.690932479428571,3.885892501476767,3.724410813553715,-1.1949600220481957,-1.0334783341251434
knee_recur,3,2012-06-23,46,3.013371210869565,3.858453308092076,3.7496439032440714,-0.8450820972225108,-0.7362726923745059
knee_recur,3,2012-06-24,48,3.617370472916667,3.7230673764176707,3.6133383752241506,-0.10569690350100434,0.004032097692516261
knee_recur,3,2012-06-25,48,3.588744060416667,2.5514271393505434,2.4524148713389096,1.0373169210661233,1.136329189077757
knee_recur,1,2012-06-26,48,3.3450276750000003,2.5026462064916304,2.501714160048754,0.8423814685083696,0.8433135149512457
knee_recur,5,2012-06-27,48,2.8715724887499996,2.7690015745751797,2.6694172718006755,0.10257091417482007,0.20215521694932456
knee_recur,1,2012-06-28,48,2.6015098025000003,3.2465395367537013,3.2453332353604414,-0.6450297342537011,-0.6438234328604419
knee_recur,1,2012-06-29,48,3.3835941145833335,3.917885932069772,3.916432314105014,-0.534291817486439,-0.5328381995216802
knee_recur,4,2012-06-30,48,2.9133323829166664,3.705035083138504,3.6231221477483513,-0.7917027002218372,-0.7097897648316845
knee_recur,2,2012-07-01,48,2.5759667938541666,3.708733231883039,3.563278086634233,-1.1327664380288722,-0.9873112927800664
knee_recur,1,2012-07-02,42,2.9145822404761907,4.03931200811218,4.037813981090336,-1.1247297676359893,-1.1232317406141452
knee_recur,1,2012-07-03,48,2.5154627541666668,4.516059235865934,4.514386595922303,-2.0005964816992674,-1.9989238417556363
knee_recur,1,2012-07-04,48,2.6683533291666666,5.555361441802294,5.553310510456119,-2.887008112635627,-2.8849571812894523
knee_recur,2,2012-07-05,48,3.0286032791666666,5.755298633090351,5.637255826350312,-2.7266953539236845,-2.6086525471836457
knee_recur,5,2012-07-06,46,2.6821343260869566,5.7069988479051785,5.661215584497389,-3.024864521818222,-2.979081258410433
knee_recur,2,2012-07-07,44,3.637924677272727,4.556675412424005,4.40355395401852,-0.9187507351512777,-0.7656292767457924
knee_recur,1,2012-07-08,46,2.952379802173913,3.8942031187602613,3.8927575768931306,-0.9418233165863483,-0.9403777747192177
knee_recur,4,2012-07-09,48,2.5226163520833333,4.902137320549765,4.86460249686055,-2.3795209684664314,-2.3419861447772163
knee_recur,1,2012-07-10,48,3.164615041458333,6.577495114534881,6.575072832504332,-3.4128800730765483,-3.4104577910459977
knee_recur,4,2012-07-11,48,3.165003675,6.679908805384734,6.7427352706101615,-3.5149051303847343,-3.5777315956101616
knee_recur,3,2012-07-12,48,2.8945481479166664,6.852267837229977,6.804937333947486,-3.957719689313311,-3.9103891860308195
knee_recur,5,2012-07-13,48,2.438382886875,7.343863765252348,7.3464335561916,-4.905480878377349,-4.9080506693166
knee_recur,5,2012-07-14,48,2.6562699875,8.52999532814883,8.644064487072109,-5.873725340648831,-5.98779449957211
knee_recur,3,2012-07-15,48,3.2690944749999997,9.36729062766274,9.527997115307047,-6.09819615266274,-6.2589026403070465
knee_recur,1,2012-07-16,48,3.3365409666666666,9.666241398857471,9.66270095972988,-6.329700432190805,-6.326159993063214
knee_recur,5,2012-07-17,47,3.506454780851064,10.495333607386284,10.894861676633514,-6.9888788265352195,-7.38840689578245
knee_recur,3,2012-07-18,48,4.31823554375,7.877098977006316,7.910708361643156,-3.5588634332563163,-3.592472817893156
knee_recur,1,2012-07-19,48,4.235942120833333,6.6692637002592114,6.666806992748963,-2.4333215794258782,-2.4308648719156296
knee_recur,1,2012-07-20,48,4.197089585416667,3.214825217193827,3.2136288674063027,0.9822643682228395,0.983460718010364
knee_recur,4,2012-07-21,48,3.581241858333333,3.407070978717163,3.30022517136554,0.1741708796161703,0.2810166869677929
knee_recur,3,2012-07-22,48,3.47300988125,3.646565382845442,3.53073045155262,-0.17355550159544228,-0.05772057030262012
knee_recur,3,2012-07-23,48,3.6027254916666664,5.698789960635583,5.617119356650769,-2.096064468968917,-2.0143938649841027
knee_recur,4,2012-07-24,48,3.5953668183333334,6.770693081938922,6.811678314349414,-3.1753262636055877,-3.216311496016081
knee_recur,5,2012-07-25,48,4.1132118166666665,9.09532200284535,9.271178735371226,-4.982110186178683,-5.15796691870456
knee_recur,4,2012-07-26,47,4.945090108510638,10.754412991475103,11.388428063015748,-5.809322882964465,-6.443337954505111
knee_recur,1,2012-07-27,46,4.631375795652175,11.818892704585538,11.814604708500687,-7.187516908933364,-7.183228912848513
knee_recur,5,2012-07-28,48,5.015409016666667,10.795149141812935,11.255682017210441,-5.779740125146269,-6.240273000543774
knee_recur,2,2012-07-29,48,5.191188340208334,10.340283135069313,10.52512837231287,-5.14909479486098,-5.333940032104537
knee_recur,2,2012-07-30,48,5.172252041666667,10.940623948982143,11.15406126835198,-5.768371907315477,-5.981809226685312
knee_recur,5,2012-07-31,48,6.134338235416667,8.766397711498977,8.894712239305633,-2.6320594760823104,-2.760374003888966
knee_recur,5,2012-08-01,48,6.280896235416667,9.353853156547101,9.527701430979784,-3.0729569211304337,-3.2468051955631174
knee_recur,4,2012-08-02,48,6.6504443,10.487462909521676,11.045864244951867,-3.837018609521676,-4.395419944951867
knee_recur,1,2012-08-03,48,7.160892158333333,9.553315999890312,9.549812672732054,-2.3924238415569796,-2.38892051439872
knee_recur,2,2012-08-04,48,6.567858770833333,8.950991877703032,8.932288654925793,-2.3831331068696984,-2.3644298840924596
knee_recur,1,2012-08-05,48,6.946719375,10.96486295229751,10.960857618647644,-4.0181435772975105,-4.014138243647644
knee_recur,2,2012-08-06,48,5.922653764583334,8.145407726752351,8.037622429253155,-2.222753962169017,-2.1149686646698216
knee_recur,3,2012-08-07,48,7.153456070833333,8.72891964087242,8.802450810162169,-1.575463570039086,-1.648994739328835
knee_recur,1,2012-08-08,48,7.373567145833333,6.089714774881267,6.087461165844502,1.283852370952066,1.2861059799888317
knee_recur,1,2012-08-09,47,7.0186513255319145,5.863653443717108,5.861483222395175,1.154997881814807,1.1571681031367407
knee_recur,3,2012-08-10,48,6.428932797916667,7.5645626921446825,7.537303210179506,-1.1356298942280159,-1.1083704122628395
knee_recur,1,2012-08-11,48,6.577051102083334,9.584641100968271,9.58112179033757,-3.007589998884938,-3.004070688254235
knee_recur,3,2012-08-12,48,6.641491183333333,9.343139292721233,9.399381856291823,-2.7016481093879,-2.7578906729584904
knee_recur,2,2012-08-13,48,7.441026860416667,11.64357364621953,11.861652651356572,-4.202546785802864,-4.420625790939906
knee_recur,2,2012-08-14,44,5.585122643181818,9.509992024322049,9.429848200305532,-3.9248693811402307,-3.8447255571237138
knee_recur,3,2012-08-15,48,6.8359822562499994,9.656648075431782,9.71649835757067,-2.8206658191817824,-2.8805161013206697
knee_recur,5,2012-08-16,48,7.5789022125,11.355780426123362,11.650639613467723,-3.776878213623361,-4.071737400967722
knee_recur,3,2012-08-17,48,7.50730011875,11.589411856716666,11.901337096714231,-4.082111737966666,-4.394036977964231
knee_recur,3,2012-08-18,48,6.590918335416667,9.204927427988558,9.219769689557717,-2.6140090925718913,-2.6288513541410503
knee_recur,1,2012-08-19,48,8.61395005625,10.221734148959687,10.217984999162569,-1.6077840927096867,-1.60403494291257
knee_recur,3,2012-08-20,48,7.9814005833333335,9.86076414191774,9.975550247884636,-1.8793635585844066,-1.994149664551303
knee_recur,2,2012-08-21,48,8.186272847916667,11.565662950491737,11.760785225402602,-3.3793901025750697,-3.574512377485935
knee_recur,4,2012-08-22,48,7.327301362499999,11.435869134469831,11.936835557110406,-4.108567771969832,-4.609534194610405
knee_recur,4,2012-08-23,48,8.517630725,11.864789037752224,12.481767495026673,-3.3471583127522244,-3.964136770026674
knee_recur,3,2012-08-24,48,8.681626145833333,11.346080514484184,11.58102798939016,-2.66445436865085,-2.899401843556827
knee_recur,5,2012-08-25,48,9.249283554166666,11.37288766782131,11.664571085413053,-2.1236041136546424,-2.415287531246386
knee_recur,2,2012-08-26,48,9.87117175,11.33179709916658,11.418027447653946,-1.4606253491665804,-1.546855697653945
knee_recur,1,2012-08-27,48,10.066777154166667,12.016893910499356,12.012502712917646,-1.950116756332689,-1.9457255587509794
knee_recur,4,2012-08-28,48,9.852360588333333,10.910304896852159,11.300092399873138,-1.0579443085188254,-1.447731811539805
knee_recur,5,2012-08-29,48,21.97209148125,10.818753714830654,11.010350482832122,11.153337766419346,10.961740998417879
knee_recur,4,2012-08-30,48,28.967427914583336,12.221503856424683,12.912750717934992,16.745924058158653,16.054677196648342
knee_recur,3,2012-08-31,48,13.058101424999998,11.584927964328324,11.833336829970138,1.473173460671675,1.2247645950298611
knee_recur,1,2012-09-01,46,6.837848882608696,9.52174520828328,9.51824086163246,-2.683896325674585,-2.6803919790237645
knee_recur,4,2012-09-02,39,2.226128878205128,7.106883266776824,7.060805449014867,-4.880754388571694,-4.834676570809739
knee_recur,2,2012-09-03,44,2.9446648161363638,7.884524176022032,7.727945610601117,-4.939859359885669,-4.783280794464754
knee_recur,2,2012-09-04,37,2.855260219216216,9.628053842756497,9.60393741735366,-6.77279362354028,-6.748677198137442
knee_recur,1,2012-09-05,31,2.949354112903226,11.095793235942045,11.091725829281645,-8.14643912303882,-8.142371716378419
knee_recur,4,2012-09-06,38,2.514661660526316,8.79802242687903,8.970192229192508,-6.283360766352716,-6.455530568666192
knee_recur,3,2012-09-07,42,1.6679321140476189,8.016616146761388,7.988292560343039,-6.348684032713767,-6.320360446295421
knee_recur,3,2012-09-08,48,3.0139437527083337,8.647499236418765,8.659620990436167,-5.633555483710434,-5.645677237727834
knee_recur,2,2012-09-09,48,4.418429550208333,9.917061002169055,9.946471102251078,-5.49863145196072,-5.528041552042744
knee_recur,3,2012-09-10,16,2.077358675,6.273567507013544,6.153250016191816,-4.196208832013544,-4.075891341191816
knee_recur,3,2016-01-05,20,6.49421187465,15.124053926676932,15.161648287830522,-8.629842052026934,-8.667436413180521
knee_recur,2,2016-01-06,48,7.075986391375,13.369570792285606,13.151188055811891,-6.293584400910606,-6.075201664436889
knee_recur,5,2016-01-07,48,6.803397345895834,12.60731548898719,12.555605858849553,-5.803918143091356,-5.752208512953721
knee_recur,2,2016-01-08,48,9.704917027520834,11.144779754768104,11.001195401206672,-1.4398627272472704,-1.296278373685838
knee_recur,5,2016-01-09,48,14.033978211395834,9.490129457615645,9.497432856614038,4.543848753780188,4.536545354781794
knee_recur,1,2016-01-10,48,15.418391934729167,7.916678781225741,7.9137627479180095,7.5017131535034265,7.504629186811157
knee_recur,2,2016-01-11,48,7.896477082791667,7.074908360390672,7.018214798218438,0.8215687224009957,0.878262284573228
knee_recur,3,2016-01-12,48,7.7312570626041675,6.251470378234843,6.2739028905223035,1.4797866843693235,1.457354172081863
knee_recur,2,2016-01-13,48,4.5047918749375,5.635749398259395,5.594905491218202,-1.130957523321895,-1.0901136162807015
knee_recur,4,2016-01-14,48,2.2360425419375,4.905543308655516,4.992661275770529,-2.6695007667180164,-2.756618733833029
knee_recur,1,2016-01-15,48,1.8144326055833335,4.108549637972626,4.1070345362775456,-2.2941170323892925,-2.2926019306942123
knee_recur,1,2016-01-16,48,1.831333733125,3.650345916644259,3.648999497419743,-1.8190121835192585,-1.817665764294743
knee_recur,4,2016-01-17,48,2.2107020326041664,3.584731380176476,3.638832358172548,-1.3740293475723098,-1.4281303255683813
knee_recur,5,2016-01-18,48,1.5406963808125,3.2400913321678595,3.2552207482083553,-1.6993949513553595,-1.7145243673958552
knee_recur,5,2016-01-19,48,1.4218097842916668,3.3534395044311833,3.3747462076372474,-1.931629720139517,-1.9529364233455804
knee_recur,4,2016-01-20,48,1.3806500620208333,2.9018427788114085,2.929465737786359,-1.5211927167905752,-1.5488156757655258
knee_recur,3,2016-01-21,48,1.3695420448541666,2.8621988923983426,2.8636330615781618,-1.4926568475441757,-1.4940910167239954
knee_recur,3,2016-01-22,48,2.1822751739375,2.584653911549083,2.5825254074862003,-0.40237873761158327,-0.4002502335487006
knee_recur,3,2016-01-23,48,2.026367208854167,2.6546592845381767,2.677262800736371,-0.6282920756840101,-0.6508955918822046
knee_recur,5,2016-01-24,48,1.465879558875,2.4285829586853427,2.4039608679305,-0.9627033998103429,-0.9380813090555001
knee_recur,2,2016-01-25,48,1.3313869148333333,2.219953218917517,2.1548316570761172,-0.8885663040841836,-0.823444742242784
knee_recur,1,2016-01-26,48,1.0486739028541667,2.1484009649143165,2.147605806006832,-1.09972706206015,-1.098931903152665
knee_recur,5,2016-01-27,48,1.46441060075,2.2257372783500475,2.198384379994658,-0.7613266776000476,-0.7339737792446579
knee_recur,4,2016-01-28,48,1.3385037907291668,2.498485906714398,2.513483128390864,-1.159982115985231,-1.1749793376616975
knee_recur,4,2016-01-29,48,1.4153455119166667,2.4548224257045788,2.4727498262733714,-1.039476913787912,-1.057404314356705
knee_recur,1,2016-01-30,48,1.4488652037499998,2.651520597507806,2.6505450267631963,-1.2026553937578062,-1.2016798230131964
knee_recur,2,2016-01-31,48,1.0211748025833334,2.4753641424331425,2.438250739684992,-1.4541893398498094,-1.4170759371016588
knee_recur,5,2016-02-01,48,1.31608576175,2.404771410077413,2.4039451925269932,-1.0886856483274132,-1.0878594307769935
knee_recur,2,2016-02-02,48,1.0673245917291667,2.2092089828694124,2.172855917109704,-1.1418843911402454,-1.1055313253805372
knee_recur,1,2016-02-03,48,1.3040168001874999,2.1079063912259,2.1071285814048224,-0.8038895910384,-0.8031117812173226
knee_recur,2,2016-02-04,48,1.4078973600208335,2.2363591964493486,2.2090247142097894,-0.8284618364285152,-0.8011273541889561
knee_recur,4,2016-02-05,48,1.5994484575624999,2.457887013961248,2.5244591655036994,-0.8584385563987479,-0.9250107079411993
knee_recur,3,2016-02-06,48,0.9542110225624999,1.8340544511840458,1.8154643639329313,-0.8798434286215456,-0.8612533413704314
knee_recur,2,2016-02-07,48,0.9614311591458334,1.51559228140656,1.4711699468968316,-0.5541611222607269,-0.5097387877509983
knee_recur,1,2016-02-08,48,0.8452091317916667,1.307833387086082,1.3073486043976668,-0.4626242552944156,-0.46213947260600013
knee_recur,3,2016-02-09,48,0.6845879005,1.4034337968295338,1.378387205956365,-0.718845896329534,-0.693799305456365
knee_recur,3,2016-02-10,48,0.8398312056458334,1.7775411839518391,1.7709315021641678,-0.9377099783060058,-0.9311002965183345
knee_recur,4,2016-02-11,48,0.49195505458333333,1.7390151166515606,1.7548185368267886,-1.2470600620682273,-1.2628634822434552
knee_recur,3,2016-02-12,48,0.7809307702916667,1.6433837728597254,1.6367197459704077,-0.8624530025680587,-0.855788975678741
knee_recur,4,2016-02-13,48,0.9029530644791667,1.6331383591704316,1.656504630119783,-0.7301852946912647,-0.7535515656406163
knee_recur,5,2016-02-14,48,0.8544824970208333,1.5593904973387707,1.5613685050578985,-0.7049080003179374,-0.7068860080370651
knee_recur,5,2016-02-15,48,1.2600707122500001,1.4368499564510895,1.4240182235548415,-0.17677924420108937,-0.16394751130484153
knee_recur,5,2016-02-16,48,0.5249427641875,1.3490543709226275,1.3333056168955886,-0.8241116067351274,-0.8083628527080885
knee_recur,5,2016-02-17,48,0.34336849093750005,1.4227922154849573,1.4136533878069173,-1.0794237245474574,-1.0702848968694172
knee_recur,5,2016-02-18,48,0.9328331616458333,1.4260556109886,1.419433252086872,-0.49322244934276654,-0.48660009044103864
knee_recur,2,2016-02-19,48,0.7993378167083334,1.4515618608591323,1.4298611261031964,-0.652224044150799,-0.6305233093948631
knee_recur,2,2016-02-20,48,0.3710011784375,1.4969190839677802,1.4807825790976599,-1.12591790553028,-1.1097814006601598
knee_recur,2,2016-02-21,48,-1.4817916566041667,1.4085764317896554,1.38892476136776,-2.890368088393822,-2.8707164179719267
knee_recur,1,2016-02-22,48,-2.5303195296458334,1.438685000048656,1.4381552077529898,-3.969004529694489,-3.968474737398823
knee_recur,2,2016-02-23,48,-0.9214623069583333,1.4040001029722067,1.3875733579457832,-2.3254624099305397,-2.3090356649041164
knee_recur,3,2016-02-24,48,0.6395138363958334,1.3690459185673678,1.3666839698001436,-0.7295320821715343,-0.7271701334043102
knee_recur,1,2016-02-25,48,0.2902012683125,1.2129899602098273,1.2125420145434758,-0.9227886918973273,-0.9223407462309757
knee_recur,3,2016-02-26,48,0.53052630221875,1.1001732224000007,1.0849954261240424,-0.5696469201812507,-0.5544691239052925
knee_recur,4,2016-02-27,48,0.6093463509166667,1.1925579250036193,1.1942556619708973,-0.5832115740869527,-0.5849093110542306
knee_recur,5,2016-02-28,48,0.8025298725416666,1.076250697149873,1.0629187031240508,-0.2737208246082063,-0.2603888305823841
knee_recur,2,2016-02-29,48,0.42504096327083335,1.204063039670435,1.1839763387366111,-0.7790220763996017,-0.7589353754657777
knee_recur,1,2016-03-01,48,0.605103436125,1.0203600814593372,1.0199827965267088,-0.4152566453343373,-0.41487936040170875
knee_recur,3,2016-03-02,48,0.7054132284583333,0.9475019884778249,0.9315314570405254,-0.2420887600194915,-0.2261182285821921
knee_recur,5,2016-03-03,48,1.096092631,1.040307532423174,1.0299176420437501,0.05578509857682593,0.06617498895624992
knee_recur,4,2016-03-04,48,0.7806289255208333,1.1561819192776737,1.1681649677396655,-0.3755529937568404,-0.3875360422188321
knee_recur,5,2016-03-05,48,0.24562592939583336,1.3316021496267496,1.3578589192557213,-1.0859762202309164,-1.112232989859888
knee_recur,1,2016-03-06,48,0.5235694555625,1.4278454028925365,1.4273236507314497,-0.9042759473300365,-0.9037541951689497
knee_recur,3,2016-03-07,48,0.7508692366249999,1.3612299492744155,1.3858434313867543,-0.6103607126494156,-0.6349741947617543
knee_recur,3,2016-03-08,48,0.6652003633958333,1.3152193704260882,1.331255786448485,-0.6500190070302548,-0.6660554230526518
knee_recur,1,2016-03-09,48,0.31076704541666667,1.282244798873406,1.281774729252385,-0.9714777534567394,-0.9710076838357183
knee_recur,5,2016-03-10,48,0.5880632022083333,1.2808394226618516,1.3045349908648316,-0.6927762204535183,-0.7164717886564983
knee_recur,4,2016-03-11,48,0.6152219125,1.1828057340822362,1.2116823637571799,-0.5675838215822363,-0.5964604512571797
knee_recur,5,2016-03-12,48,0.8710242546041668,1.155208040917343,1.168363485236672,-0.28418378631317653,-0.2973392306325053
knee_recur,4,2016-03-13,48,0.36226116685416665,1.1264590942264268,1.1506897763663149,-0.7641979273722601,-0.7884286095121481
knee_recur,4,2016-03-14,48,0.4284905681875,1.144085678062747,1.181362776349588,-0.715595109875247,-0.7528722081620879
knee_recur,5,2016-03-15,48,0.8303840695833333,1.0535773796243122,1.0597699959801148,-0.22319331004097884,-0.22938592639678154
knee_recur,3,2016-03-16,48,0.7362672540625,1.2185212189082602,1.2410746073055614,-0.4822539648457603,-0.5048073532430614
knee_recur,2,2016-03-17,48,0.6776437526458333,1.1676659592511403,1.1684120232106083,-0.490022206605307,-0.4907682705647749
knee_recur,2,2016-03-18,48,0.43446875041666666,1.1461212331109139,1.1496084884771778,-0.7116524826942471,-0.7151397380605112
knee_recur,4,2016-03-19,48,0.387852648375,1.1025381016552553,1.1394777078230862,-0.7146854532802553,-0.7516250594480862
knee_recur,3,2018-04-10,13,0.8365385946153847,2.4078413492850474,2.315821283799078,-1.571302754669663,-1.4792826891836934
knee_recur,2,2018-04-11,48,0.8358201658125001,2.218106623029367,2.089968205499022,-1.382286457216867,-1.254148039686522
knee_recur,3,2018-04-12,48,0.6412611391249999,2.1643983652703254,2.066818193132926,-1.5231372261453255,-1.4255570540079263
knee_recur,3,2018-04-13,48,0.6749789275000001,2.2576091428770613,2.157691127038304,-1.5826302153770613,-1.4827121995383041
knee_recur,4,2018-04-14,48,1.3552443770833333,1.4635033470493963,1.3839314713251103,-0.10825896996606298,-0.02868709424177689
knee_recur,2,2018-04-15,48,0.7383090050000001,1.4314111375735197,1.341588795840879,-0.6931021325735197,-0.603279790840879
knee_recur,1,2018-04-16,48,0.38502236312500004,1.8140597313488174,1.8133824637333193,-1.429037368223817,-1.4283601006083195
knee_recur,2,2018-04-17,48,0.5230105908333333,2.502666444528289,2.3640297097991456,-1.9796558536949556,-1.8410191189658125
knee_recur,4,2018-04-18,48,0.5061348434375,2.512269834716466,2.399673925491567,-2.006134991278966,-1.893539082054067
knee_recur,3,2018-04-19,48,0.8024319285833333,3.144100939310188,3.015178770516144,-2.341669010726855,-2.2127468419328102
knee_recur,3,2018-04-20,48,0.880826201875,5.291295464831976,5.140217716795094,-4.410469262956976,-4.259391514920094
knee_recur,3,2018-04-21,48,1.1108940670104166,5.281801437645805,5.112593059016649,-4.170907370635388,-4.001698992006232
knee_recur,3,2018-04-22,48,0.39408968972916664,3.264296790066892,3.1213281160770685,-2.870207100337726,-2.727238426347902
knee_recur,5,2018-04-23,48,1.2810660985416666,1.8433431914069873,1.746114767913683,-0.5622770928653208,-0.46504866937201617
knee_recur,4,2018-04-24,48,0.4091332697916667,2.482945568589923,2.3550441841038734,-2.073812298798256,-1.9459109143122069
knee_recur,2,2018-04-25,48,0.2023494522916667,4.0423669453828746,3.8471222087879604,-3.840017493091208,-3.644772756496294
knee_recur,2,2018-04-26,48,0.5062309500000001,4.321215530768611,4.098772640921855,-3.8149845807686105,-3.592541690921855
knee_recur,3,2018-04-27,48,0.7287440279166667,4.495955279117602,4.3268863015393295,-3.7672112512009353,-3.5981422736226634
knee_recur,4,2018-04-28,48,0.5738405042708333,4.453139999766379,4.283356381236182,-3.879299495495546,-3.7095158769653485
knee_recur,5,2018-04-29,48,0.82862176625,4.076094697669137,3.915447607744945,-3.247472931419137,-3.0868258414949454
knee_recur,4,2018-04-30,48,0.7851567769791666,5.023289694327825,4.860170418448578,-4.238132917348659,-4.075013641469412
knee_recur,5,2018-05-01,48,0.9469905514583333,5.799099009167381,5.602774074295934,-4.852108457709048,-4.6557835228376
knee_recur,4,2018-05-02,48,1.4535433592708333,2.833932174942062,2.7006446456291244,-1.3803888156712285,-1.2471012863582909
knee_recur,4,2018-05-03,48,0.9139742508333334,2.1610561537750503,2.050697928718068,-1.247081902941717,-1.136723677884735
knee_recur,2,2018-05-04,48,1.4740269193750002,3.7158880112711916,3.5185878106367507,-2.2418610918961916,-2.044560891261751
knee_recur,2,2018-05-05,48,0.8744317195833333,4.735742775574269,4.507580949003729,-3.8613110559909356,-3.6331492294203964
knee_recur,1,2018-05-06,48,1.0245740916666668,4.16255298092365,4.161001429524735,-3.1379788892569827,-3.136427337858068
knee_recur,3,2018-05-07,48,0.7805408370833334,5.2918357389631705,5.128104193329133,-4.511294901879837,-4.347563356245799
knee_recur,1,2018-05-08,48,0.22908054,3.2075598011674464,3.2063628587702078,-2.9784792611674464,-2.9772823187702078
knee_recur,5,2018-05-09,48,0.9933036568055557,2.936524420536127,2.8030332395124735,-1.9432207637305716,-1.8097295827069182
knee_recur,5,2018-05-10,48,1.1864842585416666,3.5676395974907957,3.4220336472152897,-2.3811553389491293,-2.235549388673623
knee_recur,4,2018-05-11,48,1.3072650239583334,3.665620609607208,3.5140387849366697,-2.3583555856488743,-2.2067737609783364
knee_recur,4,2018-05-12,48,0.4007906071041667,2.774444017900917,2.6414645804771273,-2.373653410796751,-2.2406739733729606
knee_recur,1,2018-05-13,48,1.3729796741666667,4.231157017917696,4.229580944445887,-2.8581773437510294,-2.8566012702792207
knee_recur,4,2018-05-14,48,2.2638147825000003,4.588163188804829,4.428832982509779,-2.324348406304829,-2.1650182000097797
knee_recur,5,2018-05-15,48,4.272525122916667,7.428865409892048,7.29164390948085,-3.156340286975382,-3.0191187865641833
knee_recur,1,2018-05-16,48,1.7545096245833334,7.2735133157073735,7.270814372750667,-5.51900369112404,-5.516304748167333
knee_recur,5,2018-05-17,48,2.3546793,6.032272118121401,5.84399445851894,-3.677592818121401,-3.4893151585189397
knee_recur,4,2018-05-18,48,1.669650475,3.05397405596243,2.912607075268971,-1.3843235809624297,-1.2429566002689707
knee_recur,1,2018-05-19,48,2.7034745979166668,4.0896264948149215,4.088103937481681,-1.386151896898255,-1.3846293395650144
knee_recur,1,2018-05-20,48,1.7865302395833333,3.7701820139378146,3.768776956827617,-1.9836517743544813,-1.9822467172442837
knee_recur,5,2018-05-21,48,3.68666576875,4.883333808295624,4.721239021896967,-1.1966680395456237,-1.0345732531469667
knee_recur,5,2018-05-22,48,4.301316341041667,4.3409951664614175,4.173962450677517,-0.039678825419750874,0.12735389036415026
knee_recur,3,2018-05-23,48,7.288922447916668,4.440493362205706,4.273750713408414,2.848429085710961,3.0151717345082525
knee_recur,3,2018-05-24,48,4.644919720833333,4.860182797235385,4.698157914802898,-0.21526307640205156,-0.053238193969563946
knee_recur,4,2018-05-25,48,6.611843,5.527927976217007,5.379463101041676,1.0839150237829938,1.2323798989583243
knee_recur,2,2018-05-26,48,8.061068656249999,7.252277630360079,7.032492744705227,0.8087910258899207,1.0285759115447737
knee_recur,5,2018-05-27,48,4.926359043958334,6.282421361819922,6.092747590758729,-1.356062317861589,-1.1663885468003956
knee_recur,5,2018-05-28,48,9.300022289583334,6.829483221941793,6.684560851047645,2.4705390676415404,2.615461438535688
knee_recur,1,2018-05-29,48,5.725532533333333,6.640595233869352,6.638129265985598,-0.9150627005360185,-0.9125967326522645
knee_recur,2,2018-05-30,48,9.285427795833334,6.4830733977746045,6.218145485835163,2.802354398058729,3.06728230999817
knee_recur,5,2018-05-31,48,12.184924920833334,6.509997382001785,6.347220820434078,5.674927538831549,5.837704100399255
knee_recur,3,2018-06-01,48,12.72816200625,8.87086131778044,8.7624095903038,3.8573006884695604,3.9657524159462
knee_recur,2,2018-06-02,48,11.389905470833334,8.7396508881957,8.515721816323515,2.650254582637635,2.8741836545098187
knee_recur,5,2018-06-03,48,12.55154230625,7.816038291474492,7.674415845289534,4.7355040147755085,4.877126460960466
knee_recur,1,2018-06-04,48,10.149586270833334,6.869368185410731,6.866819102545747,3.2802180854226033,3.2827671682875876
knee_recur,3,2018-06-05,48,14.328400583333334,7.805631937247388,7.648064381200222,6.522768646085946,6.680336202133112
knee_recur,4,2018-06-06,48,12.788825141666665,7.947959144276752,7.857870905438379,4.840865997389915,4.930954236228289
knee_recur,3,2018-06-07,48,14.871658104166668,7.304986979720702,7.14818232627315,7.566671124445965,7.723475777893518
knee_recur,3,2018-06-08,48,12.383363635416666,6.933962520642859,6.761865157520831,5.449401114773807,5.621498477895835
knee_recur,2,2018-06-09,48,11.38877190625,6.77874637554135,6.525666012722646,4.61002553070865,4.8631058935273535
knee_recur,1,2018-06-10,48,8.391238875,4.705719108612024,4.703967549209463,3.6855197663879764,3.6872713257905367
knee_recur,3,2018-06-11,48,7.900584520833334,4.932635616984034,4.763873309123584,2.967948903849299,3.1367112117097498
knee_recur,2,2018-06-12,48,11.246427208333335,5.594898010934791,5.372488256708838,5.651529197398542,5.8739389516244955
knee_recur,3,2018-06-13,48,11.08758792361111,5.782342320592321,5.618071610163734,5.305245603018791,5.469516313447378
knee_recur,4,2018-06-14,48,9.909037375,4.955972921674283,4.802846350397557,4.953064453325717,5.106191024602443
knee_recur,4,2018-06-15,48,11.489825041666668,4.793222668892503,4.642930741799137,6.696602372774163,6.84689429986753
knee_recur,2,2018-06-16,48,11.32995541125,5.370153337561287,5.1631644035315745,5.959802073688714,6.166791007718426
knee_recur,3,2018-06-17,48,10.0085567843125,5.880828186573216,5.7326505210872165,4.127728597739284,4.2759062632252824
knee_recur,2,2018-06-18,48,11.38329761875,7.277006515576999,7.094983675056059,4.106291103173001,4.288313943693941
knee_recur,1,2018-06-19,48,10.082189064583334,5.6150048389691705,5.612921642737171,4.467184225614163,4.469267421846162
knee_recur,5,2018-06-20,48,10.912293720833333,6.17609452425598,6.048046390276151,4.7361991965773536,4.864247330557182
knee_recur,2,2018-06-21,48,9.99445140625,6.14069653960075,5.935047002194352,3.85375486664925,4.059404404055648
knee_recur,5,2018-06-22,48,9.810313877083333,7.069019523564442,6.996469082073356,2.741294353518891,2.813844795009978
knee_recur,1,2018-06-23,48,5.821263925625001,6.061850508651232,6.0596046511178185,-0.24058658302623118,-0.23834072549281857
knee_recur,2,2018-06-24,48,7.384723681250001,7.800246209620621,7.6651964407878275,-0.41552252837062104,-0.28047275953782763
knee_recur,2,2018-06-25,48,6.0496021791666665,8.222139350971181,8.093496834951164,-2.172537171804515,-2.0438946557844972
knee_recur,3,2018-06-26,48,3.4537272625000006,6.120907420584353,5.984478229435926,-2.6671801580843533,-2.5307509669359263
knee_recur,4,2018-06-27,48,3.451504610416667,5.847590871666366,5.733467041136147,-2.396086261249699,-2.2819624307194797
knee_recur,4,2018-06-28,48,4.077571247916667,6.264205485954932,6.1841539442532,-2.1866342380382657,-2.106582696336534
knee_recur,2,2018-06-29,48,5.3275203375,7.254360961456382,7.090985535605342,-1.9268406239563827,-1.763465198105342
knee_recur,5,2018-06-30,48,4.825811625,7.437667791935795,7.3711603838120014,-2.6118561669357954,-2.5453487588120014
knee_recur,2,2018-07-01,48,4.3099015000000005,5.903191189781477,5.695016431437092,-1.5932896897814766,-1.3851149314370919
knee_recur,1,2018-07-02,48,4.167258685416667,5.850166155127653,5.847997298933509,-1.6829074697109856,-1.6807386135168425
knee_recur,5,2018-07-03,48,4.831195355555556,8.557537872347767,8.553791761175487,-3.7263425167922115,-3.722596405619932
knee_recur,4,2018-07-04,48,5.843496376736112,9.546753690519086,9.75828021061559,-3.7032573137829754,-3.914783833879478
knee_recur,5,2018-07-05,48,5.057158572916667,5.788014054217509,5.651833783684495,-0.7308554813008418,-0.5946752107678283
knee_recur,5,2018-07-06,48,4.055362758333334,4.8818952850789445,4.741094437173578,-0.8265325267456111,-0.6857316788402444
knee_recur,3,2018-07-07,48,4.19226923125,4.114564757221926,3.9811031413790037,0.07770447402807416,0.21116608987099625
knee_recur,1,2018-07-08,48,4.90197201875,4.168507007181206,4.166958135482297,0.7334650115687938,0.7350138832677034
knee_recur,3,2018-07-09,48,4.689948560416666,3.9553210443336284,3.822389644657775,0.7346275160830379,0.8675589157588917
knee_recur,5,2018-07-10,48,5.213994385416667,5.390570661978503,5.273811698663086,-0.17657627656183597,-0.05981731324641918
knee_recur,3,2018-07-11,48,6.5276587,7.788333165416852,7.722586667948935,-1.2606744654168527,-1.1949279679489349
knee_recur,5,2018-07-12,48,6.145249545833334,8.742814670588118,8.745042771316822,-2.597565124754784,-2.5997932254834883
knee_recur,3,2018-07-13,48,5.810960989583333,8.662551096398,8.647403624726424,-2.8515901068146654,-2.83644263514309
knee_recur,2,2018-07-14,48,7.893707402083334,9.221548476075201,9.176962388659176,-1.3278410739918682,-1.2832549865758411
knee_recur,4,2018-07-15,48,8.86829165625,9.12944379299145,9.345726776715292,-0.2611521367414506,-0.47743512046529163
knee_recur,5,2018-07-16,48,10.82803609375,9.034392929086085,9.14726801084324,1.793643164663915,1.6807680829067613
knee_recur,4,2018-07-17,48,11.132740177083333,8.326920426135766,8.46367966418853,2.8058197509475673,2.669060512894802
knee_recur,1,2018-07-18,48,11.137558127083333,8.622032899180736,8.618864702562197,2.5155252279025984,2.5186934245211376
knee_recur,1,2018-07-19,48,13.359665666666666,8.394575733368049,8.39149076772951,4.965089933298618,4.968174898937157
knee_recur,3,2018-07-20,48,13.94127565625,9.22590501710509,9.336231797963114,4.71537063914491,4.605043858286886
knee_recur,4,2018-07-21,48,14.667598447916667,10.362359174079508,10.906420213252304,4.305239273837159,3.761178234664365
knee_recur,3,2018-07-22,48,17.241421145833332,11.830126963181101,12.324823938910379,5.411294182652234,4.916597206922953
knee_recur,1,2018-07-23,48,14.9066868125,12.170083680445762,12.165644760661804,2.7366031320542388,2.7410420518381975
knee_recur,4,2018-07-24,48,17.56617597916667,13.743618175324551,14.905483296800725,3.8225578038421157,2.6606926823659416
knee_recur,5,2018-07-25,48,15.2256235625,11.832289140529552,12.175134735413202,3.3933344219704487,3.050488827086797
knee_recur,2,2018-07-26,48,15.803525125,11.268825471449029,11.416901717000227,4.5346996535509705,4.386623407999774
knee_recur,5,2018-07-27,48,18.182484104166665,13.262792258230034,13.951627477637274,4.919691845936635,4.230856626529393
knee_recur,1,2018-07-28,48,19.978907489583335,15.009021634896655,15.003597138732014,4.96988585468668,4.975310350851321
knee_recur,2,2018-07-29,48,17.893377052083334,11.735159251707941,11.926279459253974,6.158217800375393,5.9670975928293615
knee_recur,3,2018-07-30,48,17.828049833333335,12.310117699096997,12.823919936134395,5.517932134236337,5.004129897198938
knee_recur,3,2018-07-31,48,21.156810916666668,13.00527977396939,13.65531028130187,8.151531142697278,7.501500635364798
knee_recur,1,2018-08-01,48,21.93689688541667,23.784967846427538,23.7767594221029,-1.8480709610108728,-1.839862536686231
knee_recur,4,2018-08-02,48,24.189204364583333,18.045928552387977,20.797869358812793,6.143275812195356,3.391335005770541
knee_recur,2,2018-08-03,48,24.791258786458332,18.91213405157738,20.80327270092238,5.879124734880954,3.9879860855359532
knee_recur,4,2018-08-04,48,21.493310104166667,13.57085678793115,14.498494639550833,7.922453316235515,6.994815464615836
knee_recur,5,2018-08-05,48,20.0095305625,12.975842419712135,13.506148365333267,7.033688142787866,6.503382197166734
knee_recur,3,2018-08-06,48,19.757008916666667,12.573924234379277,12.975700755031667,7.183084682287391,6.781308161634999
knee_recur,1,2018-08-07,48,18.414588364583334,12.994094592508345,12.989363250511573,5.420493772074988,5.425225114071761
knee_recur,4,2018-08-08,48,18.160720385416667,11.0771649758058,11.54795374164666,7.083555409610866,6.612766643770005
knee_recur,5,2018-08-09,48,16.7010125625,9.873148786928267,10.001693977951653,6.827863775571732,6.699318584548347
knee_recur,5,2018-08-10,48,19.949173958333336,11.436560893358552,11.779933223932389,8.512613064974783,8.169240734400946
knee_recur,2,2018-08-11,48,18.446810208333336,11.703964686904484,11.976719567669313,6.74284552142885,6.4700906406640195
knee_recur,4,2018-08-12,48,18.256352125,11.215512050948968,11.765668449763446,7.040840074051032,6.4906836752365535
knee_recur,2,2018-08-13,48,16.607995354166665,12.285762092855975,12.594532198066092,4.322233261310691,4.013463156100573
knee_recur,5,2018-08-14,48,21.323660083333333,12.35081901721292,12.858326368793916,8.972841066120413,8.465333714539417
knee_recur,1,2018-08-15,48,18.67880027083333,13.412722220689721,13.407863048062614,5.266078050143613,5.270937222770721
knee_recur,4,2018-08-16,48,12.288344958333333,8.663901179651699,8.785392985734848,3.6244437786816346,3.5029519725984852
knee_recur,2,2018-08-17,48,7.570451566666667,6.036587552185057,5.867717374737405,1.5338640144816102,1.7027341919292622
knee_recur,4,2018-08-18,48,10.823173666666667,5.793218388363541,5.735033456111522,5.0299552783031265,5.088140210555144
knee_recur,3,2018-08-19,48,12.307638395833335,6.970560530312699,6.907289748783312,5.337077865520634,5.400348647050023
knee_recur,4,2018-08-20,48,14.89058490625,8.84733373777401,9.00800698007393,6.04325116847599,5.882577926176071
knee_recur,4,2018-08-21,48,12.472552208333333,7.262406193373914,7.268671148130622,5.210146014959419,5.203881060202711
knee_recur,2,2018-08-22,48,14.045706645833334,8.586192055036033,8.630982654507797,5.459514590797301,5.414723991325537
knee_recur,1,2018-08-23,48,11.836998729166666,7.670503686683468,7.667673074038276,4.166495042483199,4.169325655128392
knee_recur,3,2018-08-24,48,10.792520541666667,5.901439778857284,5.786927633929622,4.8910807628093815,5.005592907737045
knee_recur,5,2018-08-25,48,10.407733666666667,6.486629263232042,6.402183443461371,3.921104403434626,4.005550223205296
knee_recur,5,2018-08-26,48,13.120613364583333,6.087221467127256,6.014229904614996,7.033391897456077,7.106383459968338
knee_recur,5,2018-08-27,48,12.964973624999999,6.706206337229876,6.6638597266218484,6.258767287770124,6.301113898378151
knee_recur,4,2018-08-28,48,10.776616979166667,6.050605953654944,6.015644412617131,4.726011025511722,4.760972566549536
knee_recur,4,2018-08-29,48,8.59915721875,4.890817266714199,4.788276247399795,3.7083399520358014,3.810880971350205
knee_recur,3,2018-08-30,48,10.177618854166667,7.3997468220599,7.3484758991075365,2.777872032106767,2.829142955059131
knee_recur,1,2018-08-31,48,9.545335041666666,6.1521041353096075,6.149828505977425,3.393230906357059,3.3955065356892415
knee_recur,2,2018-09-01,48,9.1940406125,5.942825495241373,5.7875839309274575,3.2512151172586266,3.406456681572543
knee_recur,2,2018-09-02,48,9.852551479166667,5.445526644193779,5.281251945588272,4.407024834972888,4.571299533578395
knee_recur,2,2018-09-03,48,7.7965321874999995,4.6818368925480796,4.500844524500042,3.1146952949519204,3.295687662999958
knee_recur,2,2018-09-04,48,9.144821310416667,4.877008185615012,4.703020168642008,4.267813124801655,4.441801141774659
knee_recur,3,2018-09-05,48,9.062859662500001,5.05857742961781,4.950626866911892,4.00428223288219,4.112232795588109
knee_recur,2,2018-09-06,48,10.088790305208333,4.554951780715186,4.40354990884478,5.533838524493148,5.685240396363554
knee_recur,5,2018-09-07,48,11.115055127083332,4.162624593734802,4.042138030741786,6.952430533348532,7.072917096341548
knee_recur,3,2018-09-08,48,10.223947145833334,3.2393194264627803,3.1398446696149827,6.984627719370553,7.084102476218351
knee_recur,4,2018-09-09,48,10.090418527083333,3.5978242392460906,3.5061956077104663,6.492594287837243,6.584222919372867
knee_recur,3,2018-09-10,48,6.189287668402778,3.8422030822636,3.7322825351290465,2.3470845861391783,2.457005133273731
knee_recur,3,2018-09-11,48,6.274015510416667,3.4907568951766685,3.381921035214898,2.783258615239998,2.8920944752017683
knee_recur,1,2018-09-12,48,7.297151910416667,3.7183650753516218,3.7169842613658215,3.578786835065045,3.580167649050846
knee_recur,2,2018-09-13,48,5.060761216666667,4.250925381840255,4.101373127885935,0.8098358348264122,0.9593880887807318
knee_recur,5,2018-09-14,48,3.5804256437500004,4.641036093169627,4.5464680852252775,-1.0606104494196267,-0.9660424414752767
knee_recur,3,2018-09-15,48,4.37787570625,5.054997339541411,4.955362063288903,-0.677121633291411,-0.5774863570389027
knee_recur,2,2018-09-16,48,2.6671404270833334,4.543338670754491,4.376548774167113,-1.8761982436711584,-1.7094083470837802
knee_recur,2,2018-09-17,48,3.689023655208333,3.935473962756564,3.781598937824206,-0.24645030754823014,-0.09257528261587222
knee_recur,3,2018-09-18,48,2.6043113779166664,3.389968144308177,3.290829580846881,-0.7856567663915105,-0.686518202930214
knee_recur,2,2018-09-19,48,2.1101717033333336,3.4846438613034603,3.3440654514752794,-1.3744721579701267,-1.2338937481419463
knee_recur,4,2018-09-20,48,0.7976019938125001,3.079940355966731,2.976573062561995,-2.282338362154231,-2.178971068749495
knee_recur,5,2018-09-21,48,0.9684922160416667,3.190142662675827,3.0791733711929044,-2.2216504466341602,-2.1106811551512377
knee_recur,1,2018-09-22,48,1.286113165625,3.359112485930336,3.3578640084417937,-2.0729993203053363,-2.0717508428167934
knee_recur,3,2018-09-23,48,1.8461108989583332,2.2370135847583255,2.1501393555945145,-0.39090268579999204,-0.304028456636181
knee_recur,5,2018-09-24,48,1.9362030538750001,1.9269053494501238,1.8442744621887783,0.00929770442487624,0.09192859168622187
knee_recur,2,2018-09-25,48,2.560413458333333,2.139546293913806,2.0333320458395074,0.42086716441952743,0.5270814124938261
knee_recur,1,2018-09-26,48,1.929944911875,2.3701203954804444,2.369237573974886,-0.4401754836054444,-0.43929266209988566
knee_recur,1,2018-09-27,48,2.3870967227083333,2.258470479664213,2.2576293303495896,0.1286262430441202,0.12946739235874408
knee_recur,5,2018-09-28,48,2.3075897289583334,2.0512553421824657,1.9667955264431907,0.2563343867758676,0.3407942025151427
knee_recur,1,2018-09-29,48,2.3703316270833334,2.55210993891208,2.551160781889478,-0.18177831182874662,-0.18082915480614456
knee_recur,5,2018-09-30,48,2.0839533041666667,2.112462977133791,2.0251104944310057,-0.028509672967124564,0.05884280973566083
simple_recur,1,2012-04-17,13,0.17492633815384614,0.0,0.0,0.17492633815384614,0.17492633815384614
simple_recur,5,2012-04-18,46,0.10277196365217392,0.0,0.0,0.10277196365217392,0.10277196365217392
simple_recur,3,2012-04-19,48,0.13160591110416667,0.0,0.0,0.13160591110416667,0.13160591110416667
simple_recur,1,2012-04-20,47,0.19268152623404253,0.0,0.0,0.19268152623404253,0.19268152623404253
simple_recur,4,2012-04-21,48,0.31302222352083336,0.0,0.0,0.31302222352083336,0.31302222352083336
simple_recur,1,2012-04-22,47,0.22889915329787233,0.0,0.0,0.22889915329787233,0.22889915329787233
simple_recur,2,2012-04-23,48,0.09675257410416667,0.0,0.0,0.09675257410416667,0.09675257410416667
simple_recur,2,2012-04-24,48,-0.1216986750625,0.0,0.0,-0.1216986750625,-0.1216986750625
simple_recur,4,2012-04-25,48,0.12789548795833333,0.009401090654565172,0.009612641574011685,0.11849439730376815,0.11828284638432164
simple_recur,1,2012-04-26,48,0.031396444041666666,0.18589822993931662,0.18590532223378928,-0.15450178589764998,-0.15450887819212258
simple_recur,2,2012-04-27,33,-0.0011584061818181795,0.4324464360238467,0.4402305534936418,-0.43360484220566486,-0.44138895967546
simple_recur,3,2012-04-28,17,0.1495946152352941,0.5293329042908353,0.5379067631050665,-0.37973828905554124,-0.38831214786977236
simple_recur,4,2012-04-29,48,0.0563516495625,0.9283741634963175,0.9589183935986471,-0.8720225139338175,-0.902566744036147
simple_recur,5,2012-04-30,48,0.067841465,1.2790664831188776,1.31119377406076,-1.2112250181188775,-1.24335230906076
simple_recur,4,2012-05-01,35,-0.011450152857142857,1.514175031885357,1.5603432250646583,-1.5256251847425,-1.5717933779218012
simple_recur,1,2012-05-02,23,0.03662533839130435,1.4503649111749741,1.450423573064315,-1.4137395727836697,-1.4137982346730105
simple_recur,2,2012-05-03,48,0.09201962160416667,1.5868729082148825,1.619972565219115,-1.4948532866107156,-1.5279529436149482
simple_recur,2,2012-05-04,40,0.085187383475,1.5734937225194088,1.6053851292829104,-1.4883063390444087,-1.5201977458079106
simple_recur,1,2012-05-05,48,0.0777986770625,1.8347667442278055,1.8348610392846665,-1.7569680671653056,-1.7570623622221666
simple_recur,2,2012-05-06,46,0.009543028086956524,1.6648082488593026,1.7010720510786643,-1.655265220772346,-1.6915290229917077
simple_recur,5,2012-05-07,48,0.021618651333333332,1.6638040175537538,1.698980527388941,-1.6421853662204207,-1.6773618760556073
simple_recur,5,2012-05-08,48,0.19335431079166668,2.1427019686438284,2.1968570807090066,-1.9493476578521622,-2.0035027699173398
simple_recur,1,2012-05-09,42,0.1434148763095238,2.247230510645017,2.2473274062663644,-2.103815634335493,-2.103912529956841
simple_recur,3,2012-05-10,40,0.319251258275,1.8358639344140837,1.8680239660353617,-1.516612676139084,-1.5487727077603615
simple_recur,2,2012-05-11,48,0.17239545895833333,1.9103179186747317,1.9428482713494697,-1.7379224597163985,-1.7704528123911363
simple_recur,1,2012-05-12,48,0.17601843233333334,1.8692973676220717,1.869358345575493,-1.6932789352887383,-1.6933399132421598
simple_recur,3,2012-05-13,48,0.17704623283333332,1.8515150130905231,1.8834953860502994,-1.6744687802571898,-1.7064491532169663
simple_recur,4,2012-05-14,48,0.27600001625,2.526860074444544,2.6016942478512384,-2.250860058194544,-2.3256942316012386
simple_recur,4,2012-05-15,47,0.35306912361702125,2.5464565678744053,2.6135580352321166,-2.1933874442573837,-2.2604889116150955
simple_recur,4,2012-05-16,48,0.4190129162291667,3.2793634190614362,3.3917918516691667,-2.860350502832269,-2.9727789354400005
simple_recur,1,2012-05-17,48,0.5381429567708333,3.4942699835733806,3.494449579828079,-2.9561270268025477,-2.956306623057245
simple_recur,1,2012-05-18,39,0.4551124043333334,2.8098240234562053,2.809934442099964,-2.3547116191228716,-2.354822037766631
simple_recur,4,2012-05-19,48,0.4896868033125,2.93494757107803,3.0233213914469723,-2.4452607677655296,-2.5336345881344724
simple_recur,1,2012-05-20,48,0.47750789,3.4660102148367447,3.4661797504501846,-2.9885023248367446,-2.9886718604501845
simple_recur,5,2012-05-21,48,0.8335178516666667,3.0107585615065644,3.078879877111237,-2.177240709839898,-2.2453620254445705
simple_recur,4,2012-05-22,32,0.702621915625,2.246523971787296,2.292129481968624,-1.5439020561622958,-1.5895075663436242
simple_recur,2,2012-05-23,46,0.6635871663260869,2.762910443859919,2.8148327929181476,-2.099323277533832,-2.151245626592061
simple_recur,3,2012-05-24,48,0.6281435369791667,3.68477419797383,3.785197321201873,-3.0566306609946636,-3.157053784222706
simple_recur,3,2012-05-25,38,0.8183735249999999,3.5509158311945943,3.6364055622016886,-2.732542306194594,-2.8180320372016885
simple_recur,1,2012-05-26,48,0.6980216629166667,3.4808325065200365,3.4809928261765943,-2.78281084360337,-2.7829711632599277
simple_recur,4,2012-05-27,48,0.8635254579166666,3.7734888200646317,3.905137903643926,-2.9099633621479657,-3.0416124457272598
simple_recur,4,2012-05-28,45,1.0706195379333332,3.521238962592421,3.6336051156818354,-2.450619424659088,-2.562985577748502
simple_recur,1,2012-05-29,47,1.2441222806595744,3.612462799861178,3.612640186210818,-2.3683405192016034,-2.3685179055512435
simple_recur,5,2012-05-30,39,1.3168110543589744,3.303098061612467,3.380239092917699,-1.9862870072534924,-2.0634280385587243
simple_recur,4,2012-05-31,48,1.122336043125,3.3675601296656112,3.465746273143386,-2.245224086540612,-2.3434102300183857
simple_recur,1,2012-06-01,47,1.408223744680851,3.769896528312686,3.7700759341896526,-2.361672783631835,-2.3618521895088014
simple_recur,1,2012-06-02,48,1.5114160385416666,3.74785831449898,3.748035490309679,-2.236442275957313,-2.236619451768012
simple_recur,4,2012-06-03,48,1.7375850125,3.525941643584785,3.630317663886118,-1.788356631084785,-1.8927326513861178
simple_recur,5,2012-06-04,48,1.8668908327083333,4.208231463812099,4.330863191464643,-2.341340631103766,-2.4639723587563096
simple_recur,5,2012-06-05,48,2.0323514729166665,4.154144059864363,4.266272210515475,-2.1217925869476963,-2.2339207375988086
simple_recur,5,2012-06-06,48,1.9727137145833333,3.592014093495617,3.6742514610430423,-1.619300378912283,-1.7015377464597092
simple_recur,4,2012-06-07,48,2.1687674958333334,4.021149654915283,4.155221371355103,-1.8523821590819498,-1.9864538755217698
simple_recur,5,2012-06-08,48,2.3881609270833333,5.078272612546811,5.250975316985026,-2.690111685463478,-2.8628143899016933
simple_recur,5,2012-06-09,38,2.1885792210526316,3.82484112192005,3.9170859804910103,-1.6362619008674182,-1.7285067594383785
simple_recur,5,2012-06-10,48,2.3298899375,4.34529537140303,4.467308940729878,-2.0154054339030303,-2.1374190032298777
simple_recur,1,2012-06-11,45,2.215788988888889,3.7851914508155344,3.7853516803913014,-1.5694024619266453,-1.5695626915024128
simple_recur,1,2012-06-12,47,2.466926670212766,3.213549296707635,3.2136614378253614,-0.7466226264948689,-0.7467347676125956
simple_recur,1,2012-06-13,48,2.355464260416667,3.4048600725715645,3.404985976850789,-1.0493958121548979,-1.0495217164341226
simple_recur,5,2012-06-14,48,2.396814725,3.422070832039349,3.492409731000985,-1.0252561070393489,-1.0955950060009851
simple_recur,2,2012-06-15,48,2.2765174375,3.7525190869809015,3.8306325690218657,-1.4760016494809014,-1.5541151315218658
simple_recur,2,2012-06-16,48,2.12172636875,3.958527110648389,4.044087408186255,-1.836800741898389,-1.922361039436255
simple_recur,4,2012-06-17,48,2.4683254604166667,5.221908455890641,5.435619204501418,-2.7535829954739746,-2.967293744084751
simple_recur,4,2012-06-18,48,2.57933425,5.268506586751893,5.487472967023989,-2.6891723367518927,-2.9081387170239896
simple_recur,2,2012-06-19,48,2.7591370666666664,5.229481037541849,5.384302331815669,-2.470343970875182,-2.6251652651490023
simple_recur,4,2012-06-20,48,4.0653092766666665,7.101908951887432,7.535176586450073,-3.036599675220766,-3.4698673097834063
simple_recur,4,2012-06-21,48,2.852546154166667,4.820878332181734,5.008838393796315,-1.9683321780150675,-2.156292239629648
simple_recur,2,2012-06-22,35,2.690932479428571,4.221976351309057,4.324865784571751,-1.5310438718804857,-1.6339333051431788
simple_recur,3,2012-06-23,46,3.013371210869565,4.228056531609966,4.3386831835082385,-1.2146853207404005,-1.3253119726386728
simple_recur,3,2012-06-24,48,3.617370472916667,4.103849210847409,4.207966844400288,-0.48647873793074264,-0.590596371483621
simple_recur,3,2012-06-25,48,3.588744060416667,3.112959494010571,3.172128204147785,0.4757845664060955,0.41661585626888137
simple_recur,1,2012-06-26,48,3.3450276750000003,3.1974665567849505,3.1975922339497758,0.14756111821504952,0.14743544105022396
simple_recur,5,2012-06-27,48,2.8715724887499996,3.258780245575067,3.332463420827033,-0.3872077568250671,-0.46089093207703297
simple_recur,1,2012-06-28,48,2.6015098025000003,3.825343145877266,3.8255318367321465,-1.2238333433772661,-1.2240220342321466
simple_recur,1,2012-06-29,48,3.3835941145833335,4.403138877647952,4.403386571989764,-1.0195447630646188,-1.019792457406431
simple_recur,4,2012-06-30,48,2.9133323829166664,3.9973511243587025,4.140285324395993,-1.0840187414420357,-1.2269529414793265
simple_recur,2,2012-07-01,48,2.5759667938541666,3.9870606275979914,4.089637613467491,-1.411093833743825,-1.5136708196133244
simple_recur,1,2012-07-02,42,2.9145822404761907,4.50676772445265,4.507029461708346,-1.592185483976459,-1.5924472212321554
simple_recur,1,2012-07-03,48,2.5154627541666668,4.928062722217375,4.928377150690807,-2.412599968050709,-2.41291439652414
simple_recur,1,2012-07-04,48,2.6683533291666666,5.846148730842136,5.84660387404455,-3.177795401675469,-3.178250544877883
simple_recur,2,2012-07-05,48,3.0286032791666666,5.700313342121142,5.915181276731289,-2.6717100629544746,-2.886577997564622
simple_recur,5,2012-07-06,46,2.6821343260869566,5.697593878068017,5.935965009792746,-3.0154595519810603,-3.253830683705789
simple_recur,2,2012-07-07,44,3.637924677272727,4.697090339825627,4.83558683887202,-1.0591656625528998,-1.1976621615992928
simple_recur,1,2012-07-08,46,2.952379802173913,4.404909577851191,4.405148694141957,-1.4525297756772773,-1.4527688919680437
simple_recur,4,2012-07-09,48,2.5226163520833333,5.045648973250699,5.2741518843278135,-2.5230326211673653,-2.75153553224448
simple_recur,1,2012-07-10,48,3.164615041458333,6.802452273486108,6.803055198349898,-3.6378372320277754,-3.6384401568915643
simple_recur,4,2012-07-11,48,3.165003675,6.579779608380679,6.956482967640429,-3.4147759333806795,-3.79147929264043
simple_recur,3,2012-07-12,48,2.8945481479166664,6.732507108806156,7.010433248362798,-3.8379589608894893,-4.115885100446132
simple_recur,5,2012-07-13,48,2.438382886875,7.163133113511936,7.505473181620515,-4.724750226636936,-5.0670902947455145
simple_recur,5,2012-07-14,48,2.6562699875,8.219939537825457,8.687219886072706,-5.563669550325457,-6.030949898572705
simple_recur,3,2012-07-15,48,3.2690944749999997,8.971225158226249,9.49376019099696,-5.702130683226248,-6.22466571599696
simple_recur,1,2012-07-16,48,3.3365409666666666,9.611581383648915,9.612675862829976,-6.275040416982248,-6.27613489616331
simple_recur,5,2012-07-17,47,3.506454780851064,10.031007851256135,10.779590163101762,-6.524553070405071,-7.273135382250699
simple_recur,3,2012-07-18,48,4.31823554375,7.666150510127924,8.040850302914189,-3.3479149663779233,-3.7226147591641894
simple_recur,1,2012-07-19,48,4.235942120833333,6.9432274803448015,6.943833536523489,-2.707285359511468,-2.7078914156901566
simple_recur,1,2012-07-20,48,4.197089585416667,3.8964008975041433,3.8965700236574,0.30068868791252323,0.3005195617592666
simple_recur,4,2012-07-21,48,3.581241858333333,3.856496260726175,3.9713073432243644,-0.27525440239284144,-0.3900654848910312
simple_recur,3,2012-07-22,48,3.47300988125,4.078075083277633,4.1755304268309,-0.6050652020276336,-0.7025205455808997
simple_recur,3,2012-07-23,48,3.6027254916666664,5.8014346217972586,6.008866666998601,-2.1987091301305917,-2.406141175331934
simple_recur,4,2012-07-24,48,3.5953668183333334,6.700091768752837,7.0684476065605955,-3.1047249504195036,-3.4730807882272625
simple_recur,5,2012-07-25,48,4.1132118166666665,8.748545667019767,9.281420501229611,-4.6353338503531,-5.168208684562945
simple_recur,4,2012-07-26,47,4.945090108510638,10.278400126369823,11.230551307127968,-5.333310017859184,-6.28546119861733
simple_recur,1,2012-07-27,46,4.631375795652175,11.675847868352417,11.677693611124361,-7.044472072700244,-7.046317815472188
simple_recur,5,2012-07-28,48,5.015409016666667,10.322992131882346,11.130862250097259,-5.30758311521568,-6.115453233430592
simple_recur,2,2012-07-29,48,5.191188340208334,9.807697856772199,10.426437520461455,-4.616509516563866,-5.235249180253122
simple_recur,2,2012-07-30,48,5.172252041666667,10.329141853482604,10.992022806671208,-5.156889811815938,-5.8197707650045425
simple_recur,5,2012-07-31,48,6.134338235416667,8.465377841772291,8.953218742282877,-2.3310396063556245,-2.81888050686621
simple_recur,5,2012-08-01,48,6.280896235416667,8.984559601932121,9.527352483789711,-2.7036633665154546,-3.2464562483730437
simple_recur,4,2012-08-02,48,6.6504443,10.050926210695293,10.939904347645033,-3.4004819106952926,-4.289460047645034
simple_recur,1,2012-08-03,48,7.160892158333333,9.549933566864105,9.550968062355333,-2.389041408530772,-2.3900759040219994
simple_recur,2,2012-08-04,48,6.567858770833333,8.575818420876542,9.001926317334696,-2.0079596500432078,-2.434067546501363
simple_recur,1,2012-08-05,48,6.946719375,10.857876033627365,10.859243001066618,-3.9111566586273656,-3.9125236260666174
simple_recur,2,2012-08-06,48,5.922653764583334,7.878453829127182,8.213789567242753,-1.9558000645438496,-2.2911358026594195
simple_recur,3,2012-08-07,48,7.153456070833333,8.495174814015547,8.934987103595784,-1.3417187431822137,-1.781531032762451
simple_recur,1,2012-08-08,48,7.373567145833333,6.523957245664902,6.524399408711434,0.8496099001684317,0.8491677371218991
simple_recur,1,2012-08-09,47,7.0186513255319145,6.337596279849132,6.338020043462572,0.6810550456827831,0.6806312820693432
simple_recur,3,2012-08-10,48,6.428932797916667,7.506634794093428,7.830592182758181,-1.077701996176761,-1.4016593848415144
simple_recur,1,2012-08-11,48,6.577051102083334,9.658891966681285,9.659881573540982,-3.0818408645979516,-3.082830471457649
simple_recur,3,2012-08-12,48,6.641491183333333,9.045862896586796,9.50010902169309,-2.4043717132534628,-2.8586178383597574
simple_recur,2,2012-08-13,48,7.441026860416667,11.061870053767137,11.765540583326853,-3.6208431933504692,-4.3245137229101855
simple_recur,2,2012-08-14,44,5.585122643181818,9.108456177359209,9.524839078826314,-3.52333353417739,-3.9397164356444963
simple_recur,3,2012-08-15,48,6.8359822562499994,9.328826377798679,9.798723243971649,-2.4928441215486794,-2.962740987721648
simple_recur,5,2012-08-16,48,7.5789022125,10.855810813118216,11.569754658873228,-3.2769086006182158,-3.9908524463732262
simple_recur,3,2012-08-17,48,7.50730011875,11.099162474635262,11.825490560010925,-3.591862355885261,-4.318190441260923
simple_recur,3,2012-08-18,48,6.590918335416667,8.948680639427213,9.37053552038568,-2.357762304010546,-2.7796171849690126
simple_recur,1,2012-08-19,48,8.61395005625,10.289962038098205,10.291064526908029,-1.6760119818482042,-1.6771144706580283
simple_recur,3,2012-08-20,48,7.9814005833333335,9.568351586956627,10.085118799896414,-1.5869510036232939,-2.1037182165630806
simple_recur,2,2012-08-21,48,8.186272847916667,11.04020868887862,11.727514763632085,-2.8539358409619524,-3.541241915715419
simple_recur,4,2012-08-22,48,7.327301362499999,10.976243133848698,11.871523996061365,-3.648941771348698,-4.544222633561365
simple_recur,4,2012-08-23,48,8.517630725,11.39852434599113,12.397326008568173,-2.880893620991129,-3.8796952835681746
simple_recur,3,2012-08-24,48,8.681626145833333,10.898739196401822,11.560506342687667,-2.2171130505684893,-2.878880196854334
simple_recur,5,2012-08-25,48,9.249283554166666,10.935503749122795,11.650894353940147,-1.686220194956129,-2.401610799773481
simple_recur,2,2012-08-26,48,9.87117175,10.813757073764954,11.420000471140993,-0.9425853237649547,-1.5488287211409926
simple_recur,1,2012-08-27,48,10.066777154166667,11.983043893733308,11.984529396059663,-1.916266739566642,-1.9177522418929973
simple_recur,4,2012-08-28,48,9.852360588333333,10.5277235937334,11.324597328105662,-0.6753630054000679,-1.4722367397723286
simple_recur,5,2012-08-29,48,21.97209148125,10.427573764930791,11.050917615095068,11.544517716319207,10.921173866154932
simple_recur,4,2012-08-30,48,28.967427914583336,11.750556251810016,12.817275791918645,17.21687166277332,16.15015212266469
simple_recur,3,2012-08-31,48,13.058101424999998,11.109004523020841,11.789784642498242,1.9490969019791582,1.2683167825017583
simple_recur,1,2012-09-01,46,6.837848882608696,9.671228912253836,9.672121194097834,-2.83338002964514,-2.834272311489138
simple_recur,4,2012-09-02,39,2.226128878205128,7.15646811322479,7.490691966027368,-4.9303392350196615,-5.26456308782224
simple_recur,2,2012-09-03,44,2.9446648161363638,7.777957364864817,8.074761189327207,-4.833292548728454,-5.130096373190843
simple_recur,2,2012-09-04,37,2.855260219216216,9.295396699380401,9.753349135547273,-6.440136480164185,-6.898088916331057
simple_recur,1,2012-09-05,31,2.949354112903226,11.065085953181988,11.066304038240036,-8.115731840278762,-8.11694992533681
simple_recur,4,2012-09-06,38,2.514661660526316,8.62607111913335,9.179397819444334,-6.111409458607034,-6.6647361589180205
simple_recur,3,2012-09-07,42,1.6679321140476189,7.9451704994782775,8.288552846285498,-6.277238385430658,-6.62062073223788
simple_recur,3,2012-09-08,48,3.0139437527083337,8.484618606490658,8.881296029001204,-5.470674853782326,-5.867352276292871
simple_recur,2,2012-09-09,48,4.418429550208333,9.536467019214328,10.040709514064812,-5.118037469005995,-5.622279963856479
simple_recur,3,2012-09-10,16,2.077358675,6.437166202440644,6.6475324672381255,-4.359807527440645,-4.570173792238125
simple_recur,3,2016-01-05,20,6.49421187465,14.724262858875727,15.426243066175886,-8.230050984225729,-8.932031191525885
simple_recur,2,2016-01-06,48,7.075986391375,13.093874987355301,13.622816446385501,-6.017888595980302,-6.546830055010502
simple_recur,5,2016-01-07,48,6.803397345895834,12.393259943555032,12.947431184562076,-5.5898625976592,-6.144033838666242
simple_recur,2,2016-01-08,48,9.704917027520834,10.85408198806707,11.316635953672936,-1.1491649605462364,-1.6117189261521032
simple_recur,5,2016-01-09,48,14.033978211395834,9.267856850846664,9.712928212393285,4.766121360549168,4.321049999002549
simple_recur,1,2016-01-10,48,15.418391934729167,8.091910421131805,8.092626937861986,7.326481513597361,7.325764996867181
simple_recur,2,2016-01-11,48,7.896477082791667,6.833761312312606,7.14666226459912,1.0627157704790615,0.7498148181925463
simple_recur,3,2016-01-12,48,7.7312570626041675,6.075599637145615,6.370174334537953,1.6556574254585523,1.361082728066213
simple_recur,2,2016-01-13,48,4.5047918749375,5.42378625202756,5.675174768812762,-0.9189943770900596,-1.170382893875262
simple_recur,4,2016-01-14,48,2.2360425419375,4.769839396256402,5.071204968104506,-2.5337968543189024,-2.835162426167006
simple_recur,1,2016-01-15,48,1.8144326055833335,4.220350658315666,4.220703427363016,-2.405918052732333,-2.4062708217796835
simple_recur,1,2016-01-16,48,1.831333733125,3.7670422958441336,3.767353018298507,-1.9357085627191337,-1.936019285173507
simple_recur,4,2016-01-17,48,2.2107020326041664,3.506871688870278,3.7215736327721505,-1.2961696562661114,-1.5108716001679838
simple_recur,5,2016-01-18,48,1.5406963808125,3.1883977447168026,3.3488455192644957,-1.6477013639043028,-1.8081491384519957
simple_recur,5,2016-01-19,48,1.4218097842916668,3.2510820350920615,3.419793996331423,-1.8292722508003951,-1.9979842120397562
simple_recur,4,2016-01-20,48,1.3806500620208333,2.8311331746456716,2.9944052920339623,-1.4504831126248383,-1.613755230013129
simple_recur,3,2016-01-21,48,1.3695420448541666,2.784487083722207,2.913592024912361,-1.4149450388680407,-1.5440499800581942
simple_recur,3,2016-01-22,48,2.1822751739375,2.5299893949373926,2.644739407945278,-0.34771422099989274,-0.462464234007778
simple_recur,3,2016-01-23,48,2.026367208854167,2.590600671411447,2.724444611556502,-0.5642334625572802,-0.6980774027023355
simple_recur,5,2016-01-24,48,1.465879558875,2.415112166813935,2.5132475136033494,-0.9492326079389349,-1.0473679547283492
simple_recur,2,2016-01-25,48,1.3313869148333333,2.2429354688555905,2.315231508072051,-0.9115485540222572,-0.9838445932387176
simple_recur,1,2016-01-26,48,1.0486739028541667,2.2966562244067665,2.2968110101224126,-1.2479823215525998,-1.248137107268246
simple_recur,5,2016-01-27,48,1.46441060075,2.236461580059385,2.323806257705604,-0.7720509793093848,-0.8593956569556038
simple_recur,4,2016-01-28,48,1.3385037907291668,2.4496228010076444,2.5849846438041157,-1.1111190102784778,-1.2464808530749492
simple_recur,4,2016-01-29,48,1.4153455119166667,2.4001996874646445,2.5350285054600343,-0.9848541755479777,-1.1196829935433679
simple_recur,1,2016-01-30,48,1.4488652037499998,2.689404950784414,2.689656555247243,-1.2405397470344137,-1.2407913514972433
simple_recur,2,2016-01-31,48,1.0211748025833334,2.40370695000485,2.503234698351987,-1.3825321474215164,-1.4820598957686535
simple_recur,5,2016-02-01,48,1.31608576175,2.353186415009214,2.464369818823774,-1.0371006532592142,-1.1482840570737742
simple_recur,2,2016-02-02,48,1.0673245917291667,2.160709795936708,2.2479494178904544,-1.0933852042075414,-1.1806248261612875
simple_recur,1,2016-02-03,48,1.3040168001874999,2.177737662912329,2.1779136763063773,-0.873720862724829,-0.8738968761188773
simple_recur,2,2016-02-04,48,1.4078973600208335,2.165294634040912,2.2587583569903336,-0.7573972740200784,-0.8508609969695002
simple_recur,4,2016-02-05,48,1.5994484575624999,2.3686181169226757,2.5337895732453903,-0.7691696593601756,-0.9343411156828904
simple_recur,3,2016-02-06,48,0.9542110225624999,1.820034952627645,1.8909981359022794,-0.8658239300651448,-0.9367871133397793
simple_recur,2,2016-02-07,48,0.9614311591458334,1.5305446604756845,1.5799152443604896,-0.5691135013298511,-0.6184840852146563
simple_recur,1,2016-02-08,48,0.8452091317916667,1.4279979447603797,1.4280848390659366,-0.582788812968713,-0.58287570727427
simple_recur,3,2016-02-09,48,0.6845879005,1.4343764158324153,1.4825112960266538,-0.7497885153324154,-0.7979233955266539
simple_recur,3,2016-02-10,48,0.8398312056458334,1.745969378395502,1.821661060721356,-0.9061381727496687,-0.9818298550755228
simple_recur,4,2016-02-11,48,0.49195505458333333,1.7031702384138019,1.800714251701767,-1.2112151838304686,-1.3087591971184336
simple_recur,3,2016-02-12,48,0.7809307702916667,1.6222802912005772,1.6920397729128942,-0.8413495209089105,-0.9111090026212275
simple_recur,4,2016-02-13,48,0.9029530644791667,1.6105109097786923,1.707836415055534,-0.7075578452995258,-0.8048833505763673
simple_recur,5,2016-02-14,48,0.8544824970208333,1.5434423006480547,1.6174589577195995,-0.6889598036272214,-0.762976460698766
simple_recur,5,2016-02-15,48,1.2600707122500001,1.4279951604579801,1.4871086659227817,-0.16792444820798,-0.22703795367278146
simple_recur,5,2016-02-16,48,0.5249427641875,1.3486125697365747,1.4019621302962284,-0.8236698055490748,-0.8770193661087284
simple_recur,5,2016-02-17,48,0.34336849093750005,1.4119945888635,1.4727099366915253,-1.0686260979259998,-1.1293414457540252
simple_recur,5,2016-02-18,48,0.9328331616458333,1.4113602844187767,1.473740289928941,-0.47852712277294346,-0.5409071282831077
simple_recur,2,2016-02-19,48,0.7993378167083334,1.4197395837689875,1.4783281656694802,-0.620401767060654,-0.678990348961147
simple_recur,2,2016-02-20,48,0.3710011784375,1.4556675105938908,1.5196233763406841,-1.0846663321563905,-1.1486221979031839
simple_recur,2,2016-02-21,48,-1.4817916566041667,1.3756747348700575,1.4333091160714237,-2.857466391474224,-2.91510077267559
simple_recur,1,2016-02-22,48,-2.5303195296458334,1.4727725309022146,1.4729042962514878,-4.003092060548048,-4.003223825897321
simple_recur,2,2016-02-23,48,-0.9214623069583333,1.3649187085810857,1.4241260227183883,-2.2863810155394186,-2.3455883296767217
simple_recur,3,2016-02-24,48,0.6395138363958334,1.3413271698204001,1.4013127913094658,-0.7018133334245666,-0.7617989549136325
simple_recur,1,2016-02-25,48,0.2902012683125,1.2600491367246132,1.2601466580778424,-0.969847868412113,-0.9699453897653423
simple_recur,3,2016-02-26,48,0.53052630221875,1.1049346614814775,1.1451825176043535,-0.5744083592627275,-0.6146562153856034
simple_recur,4,2016-02-27,48,0.6093463509166667,1.178009978809158,1.2394336752078738,-0.5686636278924914,-0.6300873242912071
simple_recur,5,2016-02-28,48,0.8025298725416666,1.0782738653219737,1.120401923360367,-0.275743992780307,-0.3178720508187003
simple_recur,2,2016-02-29,48,0.42504096327083335,1.1769357757360128,1.224311370878628,-0.7518948124651795,-0.7992704076077947
simple_recur,1,2016-03-01,48,0.605103436125,1.0760453918640471,1.0761225936321859,-0.4709419557390471,-0.47101915750718587
simple_recur,3,2016-03-02,48,0.7054132284583333,0.9622699009208334,0.9952770303768227,-0.2568566724625001,-0.28986380191848937
simple_recur,5,2016-03-03,48,1.096092631,1.0367771603085079,1.0789450190879109,0.05931547069149215,0.017147611912089102
simple_recur,4,2016-03-04,48,0.7806289255208333,1.1332660964008465,1.1990742810200772,-0.3526371708800132,-0.4184453554992438
simple_recur,5,2016-03-05,48,0.24562592939583336,1.2923648302556558,1.3711429085226856,-1.0467389008598225,-1.1255169791268522
simple_recur,1,2016-03-06,48,0.5235694555625,1.4332761213562468,1.4334531624906546,-0.9097066657937468,-0.9098837069281545
simple_recur,3,2016-03-07,48,0.7508692366249999,1.3133501161385428,1.3903986679571643,-0.5624808795135429,-0.6395294313321641
simple_recur,3,2016-03-08,48,0.6652003633958333,1.2671122836299125,1.336280349420514,-0.601911920234079,-0.6710799860246804
simple_recur,1,2016-03-09,48,0.31076704541666667,1.2913713636694912,1.2915124503662052,-0.9806043182528246,-0.9807454049495387
simple_recur,5,2016-03-10,48,0.5880632022083333,1.2351954609068985,1.3096587320319,-0.647132258698565,-0.7215955298235667
simple_recur,4,2016-03-11,48,0.6152219125,1.1448439898756666,1.2224779487241377,-0.5296220773756666,-0.6072560362241378
simple_recur,5,2016-03-12,48,0.8710242546041668,1.1204335181014178,1.1823373145275833,-0.24940926349725112,-0.3113130599234167
simple_recur,4,2016-03-13,48,0.36226116685416665,1.0915560063634713,1.1633584827139138,-0.7292948395093046,-0.8010973158597472
simple_recur,4,2016-03-14,48,0.4284905681875,1.1108573999858355,1.1922507476269022,-0.6823668317983356,-0.7637601794394021
simple_recur,5,2016-03-15,48,0.8303840695833333,1.0257368162712173,1.0785232618677936,-0.19535274668788394,-0.24813919228446032
simple_recur,3,2016-03-16,48,0.7362672540625,1.1724871457072448,1.2417915830171429,-0.4362198916447447,-0.505524328954643
simple_recur,2,2016-03-17,48,0.6776437526458333,1.114321053838035,1.1717355120216466,-0.43667730119220166,-0.4940917593758131
simple_recur,2,2016-03-18,48,0.43446875041666666,1.0964266030029812,1.1545501733180126,-0.6619578525863145,-0.7200814229013458
simple_recur,4,2016-03-19,48,0.387852648375,1.0662775386907561,1.1452685327685537,-0.678424890315756,-0.7574158843935538
simple_recur,3,2018-04-10,13,0.8365385946153847,2.925581984152635,2.9821653331169355,-2.08904338953725,-2.145626738501551
simple_recur,2,2018-04-11,48,0.8358201658125001,3.142701799876093,3.185871624932915,-2.306881634063593,-2.350051459120415
simple_recur,3,2018-04-12,48,0.6412611391249999,3.2740938599689433,3.3190938442087323,-2.6328327208439433,-2.6778327050837327
simple_recur,3,2018-04-13,48,0.6749789275000001,3.3969464433475616,3.4448260096233327,-2.7219675158475614,-2.769847082123333
simple_recur,4,2018-04-14,48,1.3552443770833333,2.648033929556032,2.683906858579205,-1.2927895524726989,-1.3286624814958714
simple_recur,2,2018-04-15,48,0.7383090050000001,2.5539992181432467,2.5800892605266594,-1.8156902131432464,-1.8417802555266596
simple_recur,1,2018-04-16,48,0.38502236312500004,3.0591953697362064,3.059274970402994,-2.674173006611206,-2.6742526072779937
simple_recur,2,2018-04-17,48,0.5230105908333333,3.629117344588384,3.6810242438663328,-3.1061067537550504,-3.158013653032999
simple_recur,4,2018-04-18,48,0.5061348434375,3.680405230691773,3.750745067205967,-3.174270387254273,-3.2446102237684666
simple_recur,3,2018-04-19,48,0.8024319285833333,4.317682506717068,4.38853260400198,-3.5152505781337346,-3.586100675418647
simple_recur,3,2018-04-20,48,0.880826201875,6.20299171106501,6.355376662758328,-5.32216550919001,-5.474550460883328
simple_recur,3,2018-04-21,48,1.1108940670104166,6.252976390654603,6.394863929374402,-5.142082323644187,-5.283969862363986
simple_recur,3,2018-04-22,48,0.39408968972916664,4.576412369514753,4.645324549734321,-4.182322679785587,-4.251234860005154
simple_recur,5,2018-04-23,48,1.2810660985416666,3.355176478502258,3.3920084337097642,-2.074110379960591,-2.110942335168098
simple_recur,4,2018-04-24,48,0.4091332697916667,3.9699299299650055,4.0321822829941265,-3.5607966601733394,-3.62304901320246
simple_recur,2,2018-04-25,48,0.2023494522916667,5.226914009449651,5.323020932335381,-5.0245645571579844,-5.120671480043714
simple_recur,2,2018-04-26,48,0.5062309500000001,5.536365865432729,5.632055622934735,-5.030134915432729,-5.125824672934735
simple_recur,3,2018-04-27,48,0.7287440279166667,5.708100188411103,5.816229319085401,-4.9793561604944365,-5.087485291168734
simple_recur,4,2018-04-28,48,0.5738405042708333,5.614029433250199,5.750592880697549,-5.040188928979365,-5.176752376426715
simple_recur,5,2018-04-29,48,0.82862176625,5.25918089618513,5.3617718137757135,-4.430559129935131,-4.533150047525713
simple_recur,4,2018-04-30,48,0.7851567769791666,6.00858360379937,6.1765939186323555,-5.223426826820204,-5.3914371416531885
simple_recur,5,2018-05-01,48,0.9469905514583333,6.647456042565775,6.8077606765683525,-5.700465491107441,-5.860770125110019
simple_recur,4,2018-05-02,48,1.4535433592708333,4.08285698425477,4.15858548832941,-2.6293136249839364,-2.7050421290585764
simple_recur,4,2018-05-03,48,0.9139742508333334,3.4846319446961034,3.539443230329878,-2.57065769386277,-2.625468979496545
simple_recur,2,2018-05-04,48,1.4740269193750002,4.826841325541735,4.906327103519609,-3.3528144061667358,-3.432300184144609
simple_recur,2,2018-05-05,48,0.8744317195833333,5.68415938202871,5.7955757440440125,-4.809727662445376,-4.921144024460679
simple_recur,1,2018-05-06,48,1.0245740916666668,5.498183152859126,5.4983803881351605,-4.47360906119246,-4.473806296468493
simple_recur,3,2018-05-07,48,0.7805408370833334,6.1876709920622455,6.332861070935063,-5.407130154978913,-5.552320233851728
simple_recur,1,2018-05-08,48,0.22908054,4.618911811830023,4.619053086260228,-4.389831271830023,-4.389972546260228
simple_recur,5,2018-05-09,48,0.9933036568055557,4.1520798038404,4.217759590741231,-3.1587761470348443,-3.2244559339356758
simple_recur,5,2018-05-10,48,1.1864842585416666,4.661569821916207,4.7488690594210405,-3.4750855633745403,-3.5623848008793733
simple_recur,4,2018-05-11,48,1.3072650239583334,4.725282421126323,4.831783996936381,-3.41801739716799,-3.5245189729780475
simple_recur,4,2018-05-12,48,0.4007906071041667,3.965906803885531,4.038578841806607,-3.5651161967813643,-3.6377882347024406
simple_recur,1,2018-05-13,48,1.3729796741666667,5.463153641636246,5.4633636796003975,-4.090173967469578,-4.09038400543373
simple_recur,4,2018-05-14,48,2.2638147825000003,5.482753533745754,5.630465944221908,-3.2189387512457546,-3.366651161721908
simple_recur,5,2018-05-15,48,4.272525122916667,7.876265865737803,8.143818525480157,-3.6037407428211363,-3.87129340256349
simple_recur,1,2018-05-16,48,1.7545096245833334,8.12629147979193,8.126747452102906,-6.3717818552085985,-6.372237827519573
simple_recur,5,2018-05-17,48,2.3546793,6.705869179624241,6.880509159172725,-4.351189879624241,-4.525829859172725
simple_recur,4,2018-05-18,48,1.669650475,4.202810202112926,4.284711817394039,-2.533159727112926,-2.615061342394039
simple_recur,1,2018-05-19,48,2.7034745979166668,5.325903025654283,5.326114335599729,-2.6224284277376166,-2.6226397376830626
simple_recur,1,2018-05-20,48,1.7865302395833333,5.053912723814515,5.054094294611377,-3.2673824842311814,-3.267564055028044
simple_recur,5,2018-05-21,48,3.68666576875,5.751201681651884,5.888682872626991,-2.0645359129018837,-2.202017103876992
simple_recur,5,2018-05-22,48,4.301316341041667,5.299796133055646,5.4100893520825935,-0.998479792013979,-1.1087730110409268
simple_recur,3,2018-05-23,48,7.288922447916668,5.395127973911964,5.501142010167038,1.8937944740047028,1.7877804377496291
simple_recur,3,2018-05-24,48,4.644919720833333,5.737754411434712,5.864631634069127,-1.0928346906013784,-1.219711913235794
simple_recur,4,2018-05-25,48,6.611843,6.26544298907582,6.465762378430203,0.34640001092417955,0.1460806215697962
simple_recur,2,2018-05-26,48,8.061068656249999,7.6857505172993585,7.920540384711838,0.3753181389506412,0.14052827153816108
simple_recur,5,2018-05-27,48,4.926359043958334,6.92887546194279,7.114131170648132,-2.0025164179844563,-2.1877721266897985
simple_recur,5,2018-05-28,48,9.300022289583334,7.391628578846942,7.627513184735896,1.9083937107363909,1.6725091048474374
simple_recur,1,2018-05-29,48,5.725532533333333,7.595681661976872,7.596080378872917,-1.8701491286435383,-1.8705478455395834
simple_recur,2,2018-05-30,48,9.285427795833334,7.048190542366701,7.222256322682547,2.237237253466633,2.063171473150786
simple_recur,5,2018-05-31,48,12.184924920833334,7.109990446015977,7.320935733213882,5.074934474817357,4.863989187619452
simple_recur,3,2018-06-01,48,12.72816200625,9.123611500798571,9.458843846004374,3.6045505054514293,3.2693181602456267
simple_recur,2,2018-06-02,48,11.389905470833334,8.949940896178452,9.253841659971714,2.4399645746548813,2.136063810861619
simple_recur,5,2018-06-03,48,12.55154230625,8.229725333288533,8.512492530710974,4.321816972961467,4.039049775539028
simple_recur,1,2018-06-04,48,10.149586270833334,7.802623318915328,7.803054263402761,2.3469629519180053,2.346532007430572
simple_recur,3,2018-06-05,48,14.328400583333334,8.224750255583418,8.483438319274455,6.103650327749915,5.8449622640588785
simple_recur,4,2018-06-06,48,12.788825141666665,8.298019863153911,8.652251063206622,4.490805278512755,4.136574078460045
simple_recur,3,2018-06-07,48,14.871658104166668,7.764086774475742,8.001125651774176,7.107571329690924,6.8705324523924896
simple_recur,3,2018-06-08,48,12.383363635416666,7.422046749288779,7.633555064639808,4.961316886127888,4.7498085707768585
simple_recur,2,2018-06-09,48,11.38877190625,7.204981445640481,7.398865022238326,4.183790460609519,3.9899068840116745
simple_recur,1,2018-06-10,48,8.391238875,5.773359629932813,5.773603775973822,2.617879245067187,2.617635099026178
simple_recur,3,2018-06-11,48,7.900584520833334,5.6742929116055825,5.799980759369259,2.226291609227752,2.1006037614640753
simple_recur,2,2018-06-12,48,11.246427208333335,6.148720667267632,6.302562803400825,5.0977065410657,4.9438644049325084
simple_recur,3,2018-06-13,48,11.08758792361111,6.333769334392543,6.4988210931295285,4.753818589218567,4.588766830481583
simple_recur,4,2018-06-14,48,9.909037375,5.5923997370551355,5.760583080631999,4.316637637944865,4.148454294368
simple_recur,4,2018-06-15,48,11.489825041666668,5.435058953593406,5.596660060665468,6.054766088073261,5.893164981001199
simple_recur,2,2018-06-16,48,11.32995541125,5.873724888311979,6.024710837825917,5.456230522938022,5.305244573424083
simple_recur,3,2018-06-17,48,10.0085567843125,6.3283722920915935,6.506606513503887,3.6801844922209064,3.501950270808613
simple_recur,2,2018-06-18,48,11.38329761875,7.429744005932224,7.6849345259175195,3.953553612817776,3.6983630928324804
simple_recur,1,2018-06-19,48,10.082189064583334,6.359404791991356,6.35976121511056,3.722784272591978,3.7224278494727727
simple_recur,5,2018-06-20,48,10.912293720833333,6.508460285971853,6.722485535314923,4.403833434861482,4.189808185518411
simple_recur,2,2018-06-21,48,9.99445140625,6.420753810273215,6.608448000306214,3.573697595976785,3.3860034059437862
simple_recur,5,2018-06-22,48,9.810313877083333,7.252999937206731,7.540665392214405,2.557313939876603,2.2696484848689287
simple_recur,1,2018-06-23,48,5.821263925625001,6.71102273939938,6.711438558856841,-0.8897588137743794,-0.8901746332318409
simple_recur,2,2018-06-24,48,7.384723681250001,7.824064900214183,8.130691263317841,-0.4393412189641835,-0.7459675820678404
simple_recur,2,2018-06-25,48,6.0496021791666665,8.162242000702447,8.492408436674927,-2.112639821535779,-2.4428062575082596
simple_recur,3,2018-06-26,48,3.4537272625000006,6.417267318464563,6.612230732011546,-2.963540055964563,-3.1585034695115453
simple_recur,4,2018-06-27,48,3.451504610416667,6.152552455972983,6.385536515475365,-2.701047845556316,-2.9340319050586974
simple_recur,4,2018-06-28,48,4.077571247916667,6.493881105565695,6.767445949989206,-2.416309857649028,-2.689874702072539
simple_recur,2,2018-06-29,48,5.3275203375,7.2905390998926825,7.5541126934505485,-1.963018762392682,-2.2265923559505487
simple_recur,5,2018-06-30,48,4.825811625,7.4818069200231365,7.78888445795225,-2.655995295023136,-2.9630728329522498
simple_recur,2,2018-07-01,48,4.3099015000000005,6.126993181035206,6.301404284139013,-1.817091681035205,-1.9915027841390127
simple_recur,1,2018-07-02,48,4.167258685416667,6.435982015665956,6.4363678083779154,-2.268723330249289,-2.2691091229612486
simple_recur,5,2018-07-03,48,4.831195355555556,8.430294140704547,8.82670603243889,-3.5990987851489913,-3.9955106768833346
simple_recur,4,2018-07-04,48,5.843496376736112,9.287377983880601,9.901707511471288,-3.4438816071444904,-4.058211134735177
simple_recur,5,2018-07-05,48,5.057158572916667,6.061037602599673,6.251812339777385,-1.0038790296830062,-1.194653766860719
simple_recur,5,2018-07-06,48,4.055362758333334,5.300327774176005,5.447552798811684,-1.244965015842672,-1.392190040478351
simple_recur,3,2018-07-07,48,4.19226923125,4.662656809070708,4.7713428441805705,-0.47038757782070784,-0.5790736129305704
simple_recur,1,2018-07-08,48,4.90197201875,4.918454727054366,4.918697115773784,-0.01648270830436575,-0.016725097023783664
simple_recur,3,2018-07-09,48,4.689948560416666,4.504299005192469,4.606231482023483,0.18564955522419793,0.08371707839318465
simple_recur,5,2018-07-10,48,5.213994385416667,5.68599342368372,5.869917227189408,-0.471999038267053,-0.6559228417727411
simple_recur,3,2018-07-11,48,6.5276587,7.709511161438169,8.018830090587127,-1.1818524614381678,-1.4911713905871264
simple_recur,5,2018-07-12,48,6.145249545833334,8.516865987038246,8.923502479342632,-2.371616441204912,-2.7782529335093
simple_recur,3,2018-07-13,48,5.810960989583333,8.45167582850232,8.830342737395318,-2.640714838918987,-3.0193817478119853
simple_recur,2,2018-07-14,48,7.893707402083334,8.880281149773106,9.305006274231882,-0.9865737476897714,-1.4112988721485487
simple_recur,4,2018-07-15,48,8.86829165625,8.854408110269164,9.44942649387062,0.013883545980837056,-0.5811348376206209
simple_recur,5,2018-07-16,48,10.82803609375,8.779562933160628,9.27060575554128,2.048473160589372,1.5574303382087198
simple_recur,4,2018-07-17,48,11.132740177083333,8.13622625064526,8.64126031810831,2.996513926438073,2.4914798589750218
simple_recur,1,2018-07-18,48,11.137558127083333,8.792914651887473,8.793781212665918,2.3446434751958614,2.3437769144174148
simple_recur,1,2018-07-19,48,13.359665666666666,8.59603625237014,8.596877012607868,4.763629414296526,4.7627886540588005
simple_recur,3,2018-07-20,48,13.94127565625,8.955492646514925,9.440758863348337,4.985783009735075,4.500516792901663
simple_recur,4,2018-07-21,48,14.667598447916667,10.022526957638307,10.897849232991952,4.64507149027836,3.7697492149247167
simple_recur,3,2018-07-22,48,17.241421145833332,11.353771037037989,12.21863599029642,5.887650108795344,5.022785155536912
simple_recur,1,2018-07-23,48,14.9066868125,12.003597034098997,12.00519079967284,2.903089778401002,2.901496012827159
simple_recur,4,2018-07-24,48,17.56617597916667,13.12937419049559,14.59327507645276,4.436801788671079,2.9729009027139077
simple_recur,5,2018-07-25,48,15.2256235625,11.21122471369007,11.973868015277441,4.01439884880993,3.2517555472225586
simple_recur,2,2018-07-26,48,15.803525125,10.649187216845442,11.286737637006532,5.154337908154559,4.516787487993469
simple_recur,5,2018-07-27,48,18.182484104166665,12.595777955082013,13.664834427822607,5.586706149084653,4.51764967634406
simple_recur,1,2018-07-28,48,19.978907489583335,14.701320244777257,14.703931551089802,5.277587244806077,5.274975938493532
simple_recur,2,2018-07-29,48,17.893377052083334,11.067810768839399,11.754148281825188,6.825566283243936,6.139228770258145
simple_recur,3,2018-07-30,48,17.828049833333335,11.75827195820954,12.656444239818493,6.069777875123794,5.171605593514841
simple_recur,3,2018-07-31,48,21.156810916666668,12.429161083595567,13.45953763132129,8.7276498330711,7.6972732853453785
simple_recur,1,2018-08-01,48,21.93689688541667,24.797487263648453,24.808744417646597,-2.8605903782317843,-2.8718475322299333
simple_recur,4,2018-08-02,48,24.189204364583333,17.549452419951177,20.480841921513335,6.639751944632159,3.708362443070001
simple_recur,2,2018-08-03,48,24.791258786458332,18.228805604443306,20.49980379731299,6.562453182015029,4.291454989145348
simple_recur,4,2018-08-04,48,21.493310104166667,12.868802499354288,14.14932076320438,8.624507604812377,7.343989340962288
simple_recur,5,2018-08-05,48,20.0095305625,12.30054966342044,13.24535112159478,7.70898089907956,6.764179440905219
simple_recur,3,2018-08-06,48,19.757008916666667,11.927422786567819,12.752081418615385,7.829586130098847,7.0049274980512815
simple_recur,1,2018-08-07,48,18.414588364583334,12.788846096309038,12.790649425331452,5.625742268274294,5.6239389392518815
simple_recur,4,2018-08-08,48,18.160720385416667,10.593840988643803,11.447685764729867,7.5668793967728645,6.713034620686799
simple_recur,5,2018-08-09,48,16.7010125625,9.50751308997584,10.045525756506828,7.193499472524159,6.6554868059931716
simple_recur,5,2018-08-10,48,19.949173958333336,10.921940855276654,11.672341368695733,9.02723310305668,8.276832589637602
simple_recur,2,2018-08-11,48,18.446810208333336,11.131614395167459,11.87597394236767,7.315195813165876,6.5708362659656645
simple_recur,4,2018-08-12,48,18.256352125,10.729791702516884,11.6458914443296,7.526560422483116,6.6104606806704
simple_recur,2,2018-08-13,48,16.607995354166665,11.61771719304713,12.407699002399639,4.990278161119536,4.200296351767029
simple_recur,5,2018-08-14,48,21.323660083333333,11.753597743380666,12.655525440046288,9.570062339952667,8.668134643287047
simple_recur,1,2018-08-15,48,18.67880027083333,13.257159851722227,13.259360716360256,5.421640419111109,5.419439554473079
simple_recur,4,2018-08-16,48,12.288344958333333,8.42226431231281,8.933160397128562,3.866080646020524,3.355184561204771
simple_recur,2,2018-08-17,48,7.570451566666667,6.164392407880619,6.366174461395411,1.4060591587860467,1.2042771052712562
simple_recur,4,2018-08-18,48,10.823173666666667,5.9920451642370365,6.254095965800538,4.831128502429631,4.569077700866129
simple_recur,3,2018-08-19,48,12.307638395833335,7.014014200061333,7.2894989716981575,5.293624195772,5.018139424135176
simple_recur,4,2018-08-20,48,14.89058490625,8.600995686518496,9.146231152787431,6.2895892197315035,5.744353753462569
simple_recur,4,2018-08-21,48,12.472552208333333,7.21894703605654,7.591474361770508,5.253605172276794,4.881077846562826
simple_recur,2,2018-08-22,48,14.045706645833334,8.393292935001035,8.845240971771906,5.652413710832299,5.200465674061427
simple_recur,1,2018-08-23,48,11.836998729166666,7.922734661495393,7.92337254356368,3.914264067671274,3.9136261856029866
simple_recur,3,2018-08-24,48,10.792520541666667,6.064510763628776,6.261667190707752,4.72800977803789,4.530853350958914
simple_recur,5,2018-08-25,48,10.407733666666667,6.545530794856416,6.797572052001939,3.8622028718102506,3.6101616146647277
simple_recur,5,2018-08-26,48,13.120613364583333,6.211889052475695,6.453072245357961,6.908724312107637,6.667541119225373
simple_recur,5,2018-08-27,48,12.964973624999999,6.733062658925725,7.020920663115693,6.231910966074275,5.9440529618843065
simple_recur,4,2018-08-28,48,10.776616979166667,6.152661526439996,6.440877359404202,4.62395545272667,4.335739619762465
simple_recur,4,2018-08-29,48,8.59915721875,5.175264509205446,5.366299274815436,3.4238927095445546,3.2328579439345635
simple_recur,3,2018-08-30,48,10.177618854166667,7.321187743719395,7.622081707809788,2.856431110447272,2.5555371463568783
simple_recur,1,2018-08-31,48,9.545335041666666,6.562177863689684,6.562635550993935,2.9831571779769823,2.9826994906727324
simple_recur,2,2018-09-01,48,9.1940406125,6.036410918927898,6.240919015582986,3.1576296935721015,2.9531215969170144
simple_recur,2,2018-09-02,48,9.852551479166667,5.611583452187948,5.787391333624921,4.240968026978718,4.065160145541746
simple_recur,2,2018-09-03,48,7.7965321874999995,4.9647840801981875,5.09526447519323,2.8317481073018125,2.7012677123067697
simple_recur,2,2018-09-04,48,9.144821310416667,5.123125087118914,5.266577549673743,4.021696223297753,3.8782437607429237
simple_recur,3,2018-09-05,48,9.062859662500001,5.312699594979982,5.476738555851611,3.7501600675200186,3.5861211066483896
simple_recur,2,2018-09-06,48,10.088790305208333,4.844329287902927,4.984572808244731,5.244461017305406,5.104217496963602
simple_recur,5,2018-09-07,48,11.115055127083332,4.53945249874617,4.664836076885693,6.575602628337163,6.450219050197641
simple_recur,3,2018-09-08,48,10.223947145833334,3.764583519501287,3.8537703463173103,6.459363626332046,6.370176799516023
simple_recur,4,2018-09-09,48,10.090418527083333,4.040913803805881,4.173899111357125,6.049504723277452,5.916519415726209
simple_recur,3,2018-09-10,48,6.189287668402778,4.260467061815347,4.369972962934992,1.9288206065874307,1.8193147054677856
simple_recur,3,2018-09-11,48,6.274015510416667,3.9596286063169717,4.054370144973606,2.314386904099696,2.219645365443061
simple_recur,1,2018-09-12,48,7.297151910416667,4.341514115040514,4.341738170409996,2.9556377953761523,2.955413740006671
simple_recur,2,2018-09-13,48,5.060761216666667,4.5469282303219805,4.673661381364135,0.5138329863446869,0.3870998353025315
simple_recur,5,2018-09-14,48,3.5804256437500004,4.895468018713148,5.057276837384015,-1.3150423749631475,-1.4768511936340147
simple_recur,3,2018-09-15,48,4.37787570625,5.241090243345076,5.409441745656337,-0.8632145370950766,-1.0315660394063368
simple_recur,2,2018-09-16,48,2.6671404270833334,4.764468107365686,4.895495302238615,-2.097327680282352,-2.2283548751552815
simple_recur,2,2018-09-17,48,3.689023655208333,4.257455031344335,4.366719449458601,-0.5684313761360017,-0.6776957942502677
simple_recur,3,2018-09-18,48,2.6043113779166664,3.829806145088328,3.925531161330578,-1.225494767171661,-1.3212197834139112
simple_recur,2,2018-09-19,48,2.1101717033333336,3.870538299620082,3.965474192988004,-1.7603665962867483,-1.8553024896546706
simple_recur,4,2018-09-20,48,0.7976019938125001,3.541818389992955,3.642171219814506,-2.7442163961804553,-2.8445692260020063
simple_recur,5,2018-09-21,48,0.9684922160416667,3.639898810633543,3.726339388910383,-2.671406594591876,-2.7578471728687166
simple_recur,1,2018-09-22,48,1.286113165625,3.9625592360503297,3.962750961041849,-2.6764460704253294,-2.6766377954168488
simple_recur,3,2018-09-23,48,1.8461108989583332,2.8317720987050183,2.8840235036226507,-0.9856611997466849,-1.0379126046643172
simple_recur,5,2018-09-24,48,1.9362030538750001,2.5569308518182363,2.6020725131102775,-0.6207277979432363,-0.6658694592352775
simple_recur,2,2018-09-25,48,2.560413458333333,2.7029517300073445,2.752168403651209,-0.1425382716740114,-0.19175494531787574
simple_recur,1,2018-09-26,48,1.929944911875,3.0647200919086597,3.0648380801695474,-1.1347751800336594,-1.1348931682945476
simple_recur,1,2018-09-27,48,2.3870967227083333,2.9549339705058273,2.955047499305941,-0.5678372477974938,-0.5679507765976074
simple_recur,5,2018-09-28,48,2.3075897289583334,2.641197269116612,2.690845778535732,-0.3336075401582787,-0.3832560495773985
simple_recur,1,2018-09-29,48,2.3703316270833334,3.200621446449721,3.2007623747916276,-0.8302898193663876,-0.8304307477082943
simple_recur,5,2018-09-30,48,2.0839533041666667,2.6852612123613144,2.7360450559604934,-0.6013079081946474,-0.6520917517938265
