dayhr,depth,AUC_dry,AUC_wet,rate,Tair,Tsoil,SR,Patm,WS,WD,RH,es,VPD,rate_P,Tdew,q,wmix,hwet,h*Ta,h*Ts,h*WS,h*Pr,h*VPD,Tv_K,rho_moist,uzonal,vmerid,buoy_TsTa,SRxWS,SR*u,SR*v,SR*VPD,VPD*WS,q*WS,h_ASINH_cm,h_inv,u*VPD,v*VPD,rate*Ta,rate*Ts,SR*Ta,SR*Ts,SR*HODsin,VPD*WS*d1sin,q/rho,asinh_Ta,asinh_Ts,asinh_WS,asinh_SR,asinh_P_kPa,asinh_rate_h,h*sinTOD,h*cosTOD,h*u,h*v
0.07382443358928725,17.479656727034257,0.07901585029083336,0.008175724150206953,0.1728325225903511,3984.6515304653535,121.88963684732248,0.03168495438061747,19.466065352633738,0.18452962510108328,0.003949106638546418,0.40159467826010875,375.81306582458757,224.04751684831714,0.003611124307006719,14.885275647926658,7.599118120441314,7.613634188357541,6.225434377761023,0.6051291277111694,1.2378972761632765,0.07136225810505259,4.2066233773913195,0.21941320230374473,4075.817952405513,84.10573467113383,0.0808241998875161,-0.0023996478783185893,55.06350830236273,0.03602921562313366,0.04311818026872061,0.03592612516920912,0.015905851361622148,0.2899469835483677,0.2798367640312538,6.2662778912507475,-5.878534207237607e-05,0.04481833811335889,0.10972241186430676,0.6205511948872369,0.5036358669497369,0.04451934633241361,0.1317240693674071,0.004415850216107131,0.004429236894487154,231.83901969425543,14.56044558247395,0.9580762947942434,0.8671635768488866,0.017144653355427586,0.08189232458601747,0.3214566297561765,0.011567223396916404,0.0701836810825398,0.02725947607785173,0.027434735957633904
0.03820143768430384,22.992146443012675,0.0457250683674193,0.09121765116026381,0.028031271339096442,1654.9555513932473,438.55888647082355,0.41302277802237786,53.864463613809924,1.6912935261214486,0.015892025220032302,2.476805537270515,105.6886556706884,68.81909772852228,-0.0009209294069760787,33.4414316522765,10.920780536507287,11.647485023286105,0.2876389820430676,0.7076580332833622,0.10824904225849252,0.025507943271721345,28.579223421933754,0.047316208910640256,1218.0331952079841,95.78541136497284,-0.002971936098681738,0.032793647886622423,202.76529627123554,0.10200507913833512,0.03673385468199264,0.03347568825398817,1.341902340259928,0.004527231564443568,4.874569560531228e-05,2.645419593308662,0.0003957245148029642,0.13466939500112307,0.07264223183897567,0.16174992491010975,0.050073605773796714,1.7445128943081203,1.1252490520660103,0.10979271057159412,0.03314834039435777,98.0627015541719,24.601601313812317,13.414445019306982,1.6577746708121923,0.03813801734988953,28.840770498361202,0.2200021404592265,0.017713710796554594,-0.03852885941154227,0.0034180140796058467,0.014370771601122989
0.07336657069458674,23.429147778421367,0.0391056382163093,0.022726118487351066,0.07365500011722403,402.78197329058656,191.70556280024,0.2374385949549911,2.6456796359857826,1.5252694114678205,0.027174259701591374,0.13967942284716006,0.5608463020774694,8.376830481959491,-0.00802545287974521,0.092046574805984,18.153223607115375,0.021911246202122037,2.95526933016533,0.3183299039018195,0.8782170298355929,0.03211850678713635,25.40138858391281,0.05007783709102398,52.46546665903348,131.6196139306892,0.058228513296628925,0.007721996748022875,90.83466675898748,0.8828127117291826,0.08115403769844676,0.038854410862170674,0.04983442290160056,0.9143982098382848,0.023737346481367716,5.966355768624379,0.00802356208146282,0.026592623449572805,0.004555164473817541,0.07825856242783313,0.026829288785509497,0.003377828114671466,0.8001134296650081,0.04609327768372751,0.06224452980581319,12.36923073905486,6.578800023477011,12.005973759881812,1.7003823835160468,0.5912910491043437,38.154072023118644,0.11050483398087518,0.2676901310152582,0.2417252025905512,0.01816024701402963,0.009158668625871336
0.054036227206053056,44.562994604451404,0.06912825723277649,0.01960118273891709,0.0642375117398295,2139.830839238836,337.2619922097395,3.5385595623212422,28.271589322426674,0.7093541613598511,0.008396765360034308,1.624481203213139,221.3344865202691,120.71948213711636,-0.0012402044046444516,39.13941242002016,2.8486042581684083,2.8892001279021597,4.610249070986746,0.3215118193382809,0.4185239836632153,0.008963653789623827,49.30325376606259,0.1246270577753874,2785.7358376926104,33.690772459125725,0.07131572352283833,0.035598219493366834,156.9272782302429,0.006585203688286079,-0.0018632015448991623,0.06132798999039668,0.8351610877976636,0.07206131043976072,0.08780680030786225,0.280120597019792,-0.0006907062625822746,0.0005632223565203986,0.12866140966025874,0.12425591319582452,0.3362638953368151,3.465206936974652,4.170240396953969,0.09949498444130178,0.022818111839036703,234.38025969101537,9.323204047660294,11.843866690904402,0.3610446432345098,0.7265141487640321,19.178186602731195,0.019526023730498387,0.013546365847228792,0.09157543763003684,0.00856386444159174,-0.0036230779947628022
0.008199631707034527,44.20660050402506,0.022048933345614863,0.008174959428629336,0.20325503758096453,1521.0167164299291,14.200292996987187,1.6820785395675149,3.789264355008701,0.9380593077347124,0.0008652028278630652,0.8080581332302428,241.13435885148192,119.68448170677141,0.002225956348683056,17.01225189144898,0.24465515250980552,1.0650279034821155,0.07823461992120428,0.5646526518576591,0.9963440382543265,0.021847556338542518,39.79584517525543,0.09256283669370546,1782.671755257071,4.705378308145354,0.024992882350661105,0.011616246161732846,1.5332859633556337,0.143017395663259,0.034345015547973645,0.040773645253509905,0.08746340651618834,0.051487465279648426,0.04237302595386172,0.6153665383240075,0.0013073869125133086,0.012303426722499289,0.052538936213673004,0.138256563599656,0.17951630644657346,1.0729200410147337,3.386354606997976,0.055247111003988714,0.012206582069289595,33.093102333444726,7.899999956073929,4.24005712350227,1.8308904954576644,0.019322814466134375,3.591150707710245,0.1690472474528617,0.03945765999038553,0.03501912882239999,0.00525933369074405,0.06207810477506204
0.26640274951879395,18.351650337802308,0.026540771149018205,0.0035994118011402065,0.10721045785832484,2464.2122581202593,172.6534411513871,1.2032484629360836,79.11775809063758,0.03825104763770337,0.012105018495819131,7.210396668815483,216.3670626636357,137.47407885056683,-0.00041228726033981644,12.341337277250279,3.2705575885948024,18.29893280715147,1.6066040798793741,1.5843879362952293,0.3475900449471707,0.16052649894355575,19.789731199830143,0.017024484502299764,2374.018677403017,153.92916981114251,0.03470138979734738,0.08218629560256385,79.57952871343612,0.02995531962901321,0.0017657054458100063,0.014138213202634198,0.20686099986756634,0.008445593131235718,0.156317328909501,0.6598744942072159,0.00029577792459711816,0.014852131663054102,0.08993223513434057,0.005483985239018274,0.01943662742211938,2.775383083567143,2.7112992248879966,0.08398998019435222,-0.00382038168229748,183.25127121185128,6.5100703575768,6.864825909168364,0.038239157691599246,1.874955766448294,37.15832506088195,0.1326846153286061,0.06104241319331738,0.12399005440914568,0.02745142557565483,0.13287501914144872
0.08049820181683653,3.6901861494507395,0.012999965261154323,0.027991853417436374,0.01139932318046899,356.22581933940273,268.35680897568386,0.04125562854198783,25.222734362078132,0.028444194543954637,-2.071990124363765e-06,2.3143287443600498,7.235919210416712,2.993144034652535,0.007051995260063393,10.995040670275575,27.00825775211002,6.436296735374065,0.787077480568013,0.26083928043273996,0.15039101435180058,0.020025485754458394,0.9266405475581561,0.010279718697218776,676.0758551614575,95.86641802291584,0.024795766020917043,0.08833515451822382,125.90123260866146,0.2423893699625843,0.05124794891409312,0.014049799284989284,0.6393662694417195,0.31035469350838074,0.42370963161998887,0.012703204395282164,-0.000815380207766836,0.0030191456168111586,0.06160456430545569,0.02534370681629472,0.018432351001368197,0.12901719883985674,0.2957860778015222,-0.006592957144569311,0.009934382858869384,60.552693347057804,2.531033071516706,8.314920307446759,0.2962720042430389,-0.009132975829114542,1.4544019152680159,0.018064775035357528,0.011907743359078182,-0.002615372705704999,0.08288057078620703,0.009968929792594672
0.1331410516441549,0.36003128479857605,0.10192113283770521,0.06224837025017038,0.22396511123796525,497.7291889319776,104.50738971192729,0.14522913897842926,18.363253614685956,0.29404909733983864,0.001008785437473847,0.40394773375107906,45.33851943301638,31.643230575649245,0.007981226435391342,21.380675154744424,4.055742175946819,17.78313131391228,5.746608832713835,2.5335080010773936,0.31533015497481376,0.003667150883557291,1.9919127044724592,0.13803598184234112,422.1197841603704,17.225094206090088,0.030391478869114863,0.02057605850550903,45.2291318937381,0.07376353516614031,0.025210839705214205,0.0052135656881597825,0.07481376149006991,0.003464146804085466,0.030735542406124416,6.959641987245658,0.00015538987342633703,0.016159649609619464,0.026074919622704584,0.0049053734352506595,0.0035166153211863005,0.48186176286128646,0.1820788561372355,0.03285251772592179,0.0864039926495348,1.9088387663379107,8.392039176103811,0.20365714800361623,0.6944566470940465,0.13363441827160383,12.418952048890446,0.21767019334997872,0.00353266359848714,0.024940444478244395,0.013597315835559343,-0.002193076543612449
0.07443540332214837,63.62958109436519,0.09781049356282967,0.056974770008712206,2.454404031113211,239.5094071473872,311.7631937465411,0.03867729269768905,2.550923672767034,0.009616142314884613,-0.0024474949312338623,3.8899522786514282,22.842191271923745,25.14049397422174,0.0009100728060733587,1.2579896144209606,0.4751514184683252,15.618240446265093,7.510875010768428,0.10308105057629469,0.8336262034991346,0.001959042962450752,53.14026106109799,-0.030009574228506253,143.93212274229535,6.631327061816254,0.03691901615627646,0.11212750506903646,145.20731683645846,0.061258333005369536,0.023167442231749824,0.004858591697258774,0.6786162623115608,0.029472579522495934,-0.0007569959473512355,0.2659453615221272,-0.003075653858040539,0.03785725522117289,0.025353842770726942,0.23477821432571666,0.0014242633293797269,0.910369918914518,0.5154125991969796,0.06450488224889739,0.014195941874358908,15.908251867942491,4.779595069399363,9.219410974942077,0.08274969403754984,0.04916321078925545,0.408492990658603,3.847023969533966,0.03401909025986427,0.018589849085969057,0.025366541410986265,0.041674182870936605
0.18939172943606586,53.069796481110075,0.02722451497180156,0.059476717906679966,0.04278049254740335,623.7183457357839,31.15371102435549,0.04082524782734076,27.739120775853035,0.16684185688724806,0.0041216671612058775,0.5284409271387789,26.780264611385004,10.516372578758698,0.0001854884039280691,0.6538124280323547,22.47927187610658,12.882209232264202,10.773995797017175,2.681963332424181,1.7377202032452548,0.004904000303288747,43.78956872263046,0.011434071156867454,864.1153145648675,136.1241003378508,0.0352347199108598,0.10644558985854058,13.543386214018454,0.05090652450528843,-0.0011704479504830445,0.006313052803101016,0.12810906032711866,0.21816151136005502,0.06128193964530304,3.9315429209311032,0.00024175559099592903,0.09216040791354896,0.004655653736720389,0.0005656631806347789,0.03767884769690166,0.3490210874057187,0.06263085327482099,0.031237541348100528,0.020717831311994672,21.889698794727085,10.847745831872434,1.6453251964048503,0.003769523931595131,0.6076721290836371,1.6712577832815994,0.007975434194233522,0.07590604233741427,0.09923995410240849,0.026840305517090712,0.040764179643537624
0.056555655910282,26.417802828241715,0.0410000054194164,0.05896967744272441,-0.0038577407084456894,1957.9472899350592,71.70694621137493,0.07175771624046501,32.341202320337175,0.33976579776770954,-0.01083754807195536,1.8985431951813103,188.99647341246228,104.85192235624487,-0.005274812346455882,8.29547858411577,4.239235222062844,22.903024130134124,1.264609718272749,0.16431609891602417,0.4120323903128611,-0.0028562396932789724,26.937356368479538,0.0033168173362776443,2048.1397577237794,70.30399649441208,0.05902133136256893,0.008846583287064114,33.66196754295973,0.016942340097775066,-0.002063912169024462,0.0033260411462521233,0.01332262081022062,0.2075777164533248,0.036331884014425775,1.7493152663152856,0.0035413370588228688,0.055481400222254784,0.03604455828781905,0.013091755955660034,-0.001207358341491549,1.7787239219947812,1.7560450355501445,0.013379494946152981,-0.006047674115039037,129.1614876890569,4.686197886061476,4.635715868486398,0.35283175879381545,0.051160063963240354,12.01891317329456,-0.0038952588182139536,-0.0017472931850353035,0.021597571014161154,0.01892307190694975,0.04091409839312998
0.04836942198163019,22.66458862569157,0.06457118243250104,0.08780366080267843,0.02128051970159195,390.8578049737772,488.7027801808332,0.024566123747125523,3.716038966164593,0.013978304319736345,0.009612753627783022,0.009148383733354137,104.04089432901584,38.588581288157755,0.0013441412098202932,5.171931095072999,4.0928078444143665,3.2376552683910074,11.487451658813182,0.08344217027535095,0.5405174694065789,0.03911682248277426,13.195698984168029,0.006627755569787119,1054.356285360234,44.554540545317536,0.06238875363414742,0.09998523198545595,225.76385023753247,0.017482195282344293,0.03493462152361637,0.010370739301516885,-0.0017970411644503415,0.04855082403833144,0.027611706706379913,3.3355652377183986,-0.0002154667472300531,0.027910955988421193,0.07749596110011137,0.018533545559028752,-0.0009914906951999924,2.2945444100587347,3.463777927444786,0.027611983180705124,0.03534583549639958,92.74758597211358,6.440967130784424,18.166727436084464,0.017028329738632664,0.037023950926859506,2.1868287660656014,0.013432138901378288,0.006730398627833978,0.0719198149542839,0.009666776000033295,0.02669012262675441
0.19302962598698592,0.36607675265738226,0.05030604009930162,0.09583224497929788,-0.0035886706174146354,818.1467756468253,592.4566797805071,0.02290245312351491,68.10541467840409,0.3192276535039369,0.02093065273071204,3.436084845340682,47.17261239154311,41.87565610191618,0.007879912578943049,4.4523924057519455,0.8812529098272828,1.331205008543379,0.1070226324960375,0.3233457254688705,0.12145342132827697,0.03717821130443433,0.29392720256220883,0.11029375443047407,229.48133415563282,72.45809509612133,0.13689944594195325,0.017386139360468178,274.81649083107493,1.9281413827343385e-05,0.02314953761501659,-0.009353345263772184,0.10429630805084589,-0.00012812588353838805,0.09352054961201173,0.18612329450254084,-0.00031830456827908193,0.014261191998809153,0.0269909490058593,0.22498212718734933,0.25390544032074214,0.13079182242725285,0.34701349599175657,0.07744654895792813,0.013447556944660377,7.5805477658988565,9.394200268296904,13.548083952365785,0.007547579929955361,0.03962887361593559,48.99547920475322,0.09265996915262065,0.024918872511427104,0.06403130272881885,-0.0018177341413192494,0.00038312721801680993
0.013068419852788615,12.637786361713143,0.01877235371401831,0.023489027552459518,-6.101339160480279e-05,15.688305903703771,234.45761729075224,0.11780706140337838,25.549301851498342,0.024759065513052292,0.021100067080135787,0.9946129174541198,59.97518048348966,20.866396017332292,0.00495538258651429,0.47592900978635466,3.0360192315141994,1.7251344683825725,7.425815898944814,2.7003450773032327,1.0977740925581285,0.09293790548736602,19.84564883280948,0.1993191429115866,228.49274042064303,93.55313322229063,0.11110494501022838,0.02026325571563259,103.6263060787204,0.04819002287609653,0.030499528191088032,0.008446521556183306,0.1419745679390667,0.07217401226917097,0.05096086708243419,0.46440161597508656,-0.0006244406744722042,0.010575449373924073,-0.001523488596282263,-0.006838302092337045,0.0023443130603286733,0.2569394578284916,1.2388923614043446,0.00998404108133677,0.031185271846990048,7.916337141217777,11.470313630533862,0.27030772336273134,0.044731055100269757,0.03216419169548068,1.5935558911572345,0.004026195365494978,0.055143228459664684,0.03544827109575355,0.0007329732339051986,0.035650057656670064
0.06115908941130055,33.83136501064835,0.005280920564146641,0.2458801147807117,0.2514680066582997,4291.327913963878,10.084181986055636,4.323477064775475,11.72057079644286,0.013894977333324121,0.025656910109875142,3.062490652185308,451.1335742327708,252.14099981310557,-0.004102448228020528,3.3449399067156103,11.99979344399987,25.287337627756187,9.181460599513183,0.8310955134299007,0.6526702337153605,0.008185051793578424,42.95622540808727,0.04698506392369328,4722.734505762067,125.79762580069249,0.04596097418061351,0.10827515086570205,4.524049389922458,0.12498590309873148,0.04046399640248399,0.006477744752522163,0.07807458465495554,0.10654079042458076,0.2571337394504942,2.1734759784797237,0.0008325286872059579,0.01610882049029616,0.05570123221032386,-0.00248462953439077,0.01314027886787894,0.35182286765490733,2.3114744335976303,0.017827486105280066,-0.0022982363511587778,227.02367395710596,4.8755812946327834,1.1881624923870637,0.08966944736964866,0.012483478173654028,15.383425685081178,0.4496155895185918,0.04635568303476756,0.027665559833812914,0.012135409112159934,8.74930850205402e-05
0.009223653106387175,14.08272478037548,0.04994266580478257,0.004988791217342303,0.10690928307485503,1657.2995908440025,501.0842113095945,0.14208118496056432,6.187728683190334,0.7524308534539728,0.006546456372904075,0.25103698435307287,244.49005723374907,124.1458129564052,0.0024187801212587345,0.8673077212147522,12.271766914684092,16.368023536282713,6.798672357331762,1.3996115045140343,0.17713602500265146,0.022992997869192067,25.35369515240491,0.04293239212015987,2412.0405469141497,115.44894538994134,0.040493768616167714,0.0275572067641372,232.17868442384176,0.014008783624841925,0.0039574749370103746,0.023637319140874524,0.09449982463580398,0.19333973839717533,0.010532622262691582,1.0179267118322626,0.00034517972237857464,-0.0007235293029062007,0.06691863435788559,0.0780972791693264,0.2515519088645881,0.046101200779332885,0.563217077970382,0.004201040740608342,0.02742315457764999,139.13721873095787,3.153698991625026,18.43746609851084,1.126881926940853,0.008963432212450329,17.88353089729668,0.023997342085211315,0.03647960864833255,-0.001482547166349768,0.004614048781590441,0.006122987201470309
0.019414470333060763,28.71117964477692,0.04019286503232866,0.019572927833479525,0.11742849758309148,1355.653609777256,57.11737345955452,0.3579761679654112,37.19642055935105,0.02123054705421268,0.006575071744524763,11.355707747993998,105.9953199355658,51.59057600462424,0.004279620300772002,5.457084030622555,3.684750951326448,5.216754795413275,9.785008907382839,0.0338270184267504,0.9337232312217925,0.03685853453778609,36.40078822328367,0.22149687987957112,1423.8297748108384,90.87113154769956,0.019860419193950207,0.022521174117716036,25.487532882790987,0.21526249974905554,0.03266370362016602,0.028512386199603945,0.110075560786008,0.13272736259323636,0.09951340320220226,1.9133062413111341,0.001383310397105042,0.040408100076457565,0.1522431860700193,0.01563419587605619,0.03510500120286686,1.0632958312527947,0.4160727469669965,-0.0037052874360190557,0.030371216965384917,166.6368954219564,16.00199576304994,0.6339982435235179,0.015441741377787643,0.2426783500118983,14.572995188831014,0.14134839484118888,0.018512296385278404,0.03730089080334764,0.0030213616437668733,-0.002176398622165898
0.02166234544054202,25.95543967145616,0.036283997120678535,0.023351432687298335,0.009652204103681505,160.8643036939921,3.8801534828356585,0.379372198911919,0.09139004264055028,0.23939251558748076,-0.00992877185435237,0.6185131127125629,99.26174382583395,54.486734183932896,0.0002784218033564656,1.4171946408721956,27.660542210427728,13.793131968991606,0.2169329508868607,0.48181164345846916,1.4157811345781761,0.045838415437207125,32.5889359861981,0.017801408400279328,137.81321822998763,45.60691966834452,0.01636338792417913,0.024650974739333975,0.4221152665747594,0.03791510738310322,0.018803767944647554,0.06536027871024253,0.04469043274529483,0.019424929010538605,0.007135093362953704,3.660957227235353,0.0010637575588452464,0.015218867778922451,0.03020769530457823,0.0005724358210041913,0.034928506295128336,2.9100279899644663,2.738901280410129,0.0021986277402836762,0.003517456195165636,2.7263316992932074,0.5438282075859133,0.043600024661758496,0.19884130272980283,0.2645231562956978,9.183103495148803,0.15048670122299423,0.0361031494936368,0.04974378633316601,0.006061108722837716,0.016274126148638324
0.019723162423212592,15.48117718334959,0.025736316362806377,0.05488720019369353,0.028970626621352302,494.6509591410079,110.30572815957282,0.14573826590638195,78.68284559019446,0.1866959522264242,0.03518605748405257,3.67390831256537,113.90262488134081,60.950142762651915,0.0021260409719427997,14.471974624251757,0.1348268501963581,10.655276624446843,0.09895626156482429,0.6151653707004421,0.23013093296607146,0.0735960306962431,13.292511399186917,0.666168193066329,600.4353277622475,98.14933215195083,0.18312231763084164,0.012799049301895238,51.90798390598309,0.07759425073681392,0.015748816751970374,0.019057257252295123,0.08943242432495158,0.8553545416886168,0.06117866928063176,1.3872805055744948,-0.002871085104979798,0.15248785844946688,0.0438788039183482,0.15391525154545427,0.3411889865612663,0.21993401576751648,0.20801341032657295,0.05711181255507025,0.10291086636517655,15.823174524894345,1.5485267317481801,6.232817314814039,0.009803422346742252,0.1228004558338407,50.447539019610794,0.01160325529961792,0.011928634957850903,0.10899047233344827,0.012187757268991462,0.0018230680500046503
0.05692495558096944,46.115851559753295,0.011478001884722921,0.002660768062844987,0.0011187537361658784,742.4908848248144,175.81748337252262,0.6231658572943504,23.064979173796903,0.096452469091723,0.02023851374470631,0.967192778210948,53.588329610961125,35.68111302528386,0.0073774759208395935,5.221667876080164,7.9914019635619775,16.84455991600742,0.2164123123630608,0.11624630535730862,0.9897221633595246,0.020223889136890882,51.1668974430186,0.024328606075509462,573.676771714837,22.095302610556338,0.06478781948164425,0.033575986283518766,76.46022244388968,0.011290218233289018,-0.0010302688098562385,0.008587306232837655,0.16332224698055864,0.10764948851513001,0.072562834985761,0.6039669771584188,0.0009725837689948946,0.0363177677920552,-0.0011000915545045231,0.04655114849379682,0.0363125498672332,0.026080655656895324,0.29793698916356437,-0.009019508414648492,0.002387550536695926,4.472781287780966,0.2105485417815176,0.5944593124066522,0.13838337609264695,0.01695143767248375,15.396964688228898,-0.0011571154256238003,0.021434854540679282,0.005578935706052057,0.045979186082601764,0.050505439149809206
0.03885498755938244,15.97486844102038,0.015311472916481605,0.02560989693088267,0.07576670715932199,2681.665416069739,152.67440140117876,0.10338057373154452,44.40089708874053,0.009129801073760824,0.015124615619871662,0.02987640848830697,257.0481332277132,157.1526454433197,0.004653293170709283,10.230070892477219,1.938051965822912,6.745399833476124,19.666007962823578,1.2547894307671514,3.134981434120472,0.014830170165933687,0.11516204257762386,0.1627457399750769,3102.80690096631,110.91539958072448,0.045608300204666996,0.2371013335100809,67.93236550315358,0.02537317153804519,0.028181338636745323,0.002396348996000164,0.00032999465180783005,0.2748588858727574,0.01118456556396108,1.3420952550463667,0.00022713212144598316,0.02338142554635425,0.05379292129285673,-0.0034135299406647945,0.004869097068362471,3.1050314836321453,1.9092899643553958,0.03160245485834512,0.00048258963752179085,187.54047412030295,21.131491389927948,4.297543817605658,0.5190810586736614,0.10362595954335507,13.738549196622241,0.15919996570546768,0.06479116145097219,0.03218064387116115,0.008105201027966302,0.015321946965571875
-0.006491385840839747,38.67673188612776,0.03741314510655247,0.017252801297503062,0.009902692455528772,1855.1136342605248,174.75394099802352,0.02225192532418685,1.9748676174050024,0.07470418374872434,0.030148543958827823,0.9063209924272142,205.9771186829096,101.4447347619321,-0.003975542392078424,28.94003014113173,12.641489633215485,12.102874788047664,16.0157315960141,1.5276177527260995,0.32251181376491456,0.151695122939973,26.285269769059248,0.051632829012387305,2278.022752101139,98.21712649143392,0.05161314824976504,0.07143030733991029,82.08668832605446,0.15925512635618855,-0.0034663254049940306,0.014587330651345987,0.041082473576808276,0.025473407530274272,0.21910446146885043,7.7841092693794485,0.0006142950924861168,0.028216958626996913,0.03527570434119642,0.08897305163317437,0.02380358449263742,1.2406908614351826,0.8038815157937087,0.009878509171851846,-0.0014538789926721307,156.75640831754103,0.02338881546268734,5.283107320998906,0.06748259251885713,0.12867018589857526,27.032675219472736,0.017961902376490535,0.034351313259906036,0.03216132881171774,0.05348432284849647,0.11101145085256725
0.015175199487132751,86.14164842244472,0.05574582263929351,0.045901373806467305,0.030959034418478915,390.28648504346364,12.928108744739053,0.3473170740531497,28.46294529524135,0.18988562750423998,-0.003952664644662818,8.487333495993916,25.10488973879169,12.836290105295866,0.0013280322425863744,6.3297052217648275,15.732278187815712,35.93553540015817,10.691597081856024,0.16365786046855924,0.10082233508757277,0.05698809587689446,68.34276896552498,0.059965113046628105,391.54149334684683,58.429825231457684,-0.0002747504782831811,0.028482622068167984,7.266549795566576,0.025739336532813795,0.014514101261083212,0.004816823954216787,0.3496681081071644,0.1249516632406511,0.369565813699821,0.7054457675777712,0.004464294004036695,0.017485049959744536,0.0621206608928091,0.02372051569104805,0.03145421186816488,2.8547875419614375,4.015139046461426,0.04902107323846838,0.05505333060787443,0.09152617868461466,0.30629852142442004,3.569920469466986,0.007164848896084486,0.046775957177580985,11.01068916105545,0.02215082146602576,0.02713238568211107,0.05847869103543424,0.010908302477170118,0.007502654255326924
0.003339455584334239,10.658268912375071,0.012932877842366963,0.029218263474494854,-0.011191410123853274,453.4978746511248,304.1455015344275,0.6392407620187059,2.7542316425112947,0.4572565899777672,0.0015035414139727976,8.39470845966787,10.560165692696275,0.16803220516646622,-0.003013797370174487,9.825499277544449,13.387578733173438,0.4915189528703099,4.690594059082956,0.3355145738494265,0.02953206761844651,0.07443592680028566,20.886774959376837,0.05288830221993912,242.08706134845522,72.01648057056144,0.021107482130186206,0.008501723734499755,140.23757159367548,0.06516527845763243,-0.012581803075349285,0.004303454180904609,0.028299139678544805,-0.0035485016846088513,0.023403831694471577,0.5811154422865581,0.003746444681574701,-0.006227814820830346,0.0011253310410852535,0.03693191305576171,-0.001624055193980567,2.689413183200789,1.8835260909899976,0.04953484375454842,0.017780833253577377,5.312436030386596,21.851053644211188,10.21629246802004,0.13068214113311605,0.1617209818523495,21.285187302162015,0.04442614790725763,0.03342531007763849,0.05509134054294407,0.05646918028510317,0.009103661150368758
-0.002031826457585595,33.491906843780164,0.19201404029643765,0.1669845035268347,0.0047590723233161825,1182.1568571227585,12.679218304777955,0.26901457142398666,38.71892007592701,0.16405024553057768,-0.01814679379424078,0.2374019405330765,142.7162258187454,83.57934000321434,0.0024261244061145604,0.2720363053930246,1.5020391537457023,1.1243561984907409,2.9548506544054662,2.6521815296447677,0.13529289827686952,0.0064132225690523015,27.854650451176433,0.10124891716180251,1207.1654618432422,114.75207858925432,0.0779003983222637,0.05830241635405464,4.018781309920224,0.07469484346495658,-0.003265994048107679,0.04101465473687238,0.0041226143255777,0.16034256954244253,0.0031341806601012934,1.354378272645401,-0.0005523657958663719,0.04897991802786361,0.08577085280442454,0.004088233321437151,0.05035496120501026,0.2561755310820102,1.1030050454719005,0.049590712697923145,0.010255611321488445,46.46797284785734,0.1232435349507881,0.049516352858888446,0.3645954248982006,0.23688264599696307,7.197104068642145,0.0018905740606864896,0.04609794677238721,0.09999733184057202,-0.0006794170296720026,0.036522404756418325
0.0025902822448751195,70.28221024502406,0.06009749687948762,0.08326326206027446,0.10290353639874272,3172.775691621256,267.31346186449,0.08699804969669422,3.0976422022395296,0.02663810314546211,0.01643714163184562,1.0691449668611517,343.07447803755963,182.16097520868468,0.00458899454299555,19.107369001610333,1.8645348050293276,21.821577659704484,6.522115450024182,0.19098620227323604,0.2718921331921491,0.09451532821702013,59.06564530552654,0.03814035394743609,3886.3747547204653,8.559570742674126,0.2369155155085494,0.09697600320227551,123.99873724271853,0.0018187008681760375,0.07426516546324713,0.07278677085315532,0.09539867437808702,0.03337050260569274,0.2583208820599143,0.8894849245034271,0.0010525272009429543,0.05394332519353462,0.03690510788847501,0.013586573159119375,0.002975344983195072,0.4573479544788439,0.691937662287426,0.04410040990170483,0.08693095125187167,233.0592431335304,4.728570628367561,6.81146952890476,0.3355973185975589,0.05191405088959211,0.7707881775983241,0.23546385892604071,0.009414379051199795,0.018700004335507003,0.021058549774180868,0.007478131856193393
0.09462846129373315,57.63403739542643,0.07208263966162409,0.03334120196180823,0.4304068032605759,1333.7964922817357,77.43951290561031,0.06365473022694257,11.598942182996513,0.03168784968223903,0.01952743179625127,0.7292752671272433,42.44801502626278,17.55491367410793,-0.0025030189020274207,9.775877464006587,24.00429390316102,3.6268298433819988,14.828317388102885,0.36805830557521535,0.5189002561232332,0.022102242853924814,38.52354530427399,0.06681100665943429,1596.4222383040012,22.767179605196038,0.0829204098782057,0.03238121233646307,33.126254474547935,0.006112127652179389,0.020016521897243678,0.017405459052316274,0.1251756891971576,0.03149223255427991,0.08091389425250828,2.168592934796078,4.266296523258717e-05,-0.0018401944035835172,0.009496284427966906,0.5175425531698199,1.0335084771204759,0.4472189939262492,0.07445907604272506,0.015539385898508229,0.006525022369944011,136.14592221462928,0.3459722731081074,0.9277287601054898,0.07788504718525324,0.11336089616238532,6.445650587917137,0.20139551556659185,0.034387541777580743,0.13732169818008355,0.0072239652778067764,0.042904695057048414
0.017852448286472367,106.39093874296006,0.026487238409832692,0.029192849730775627,0.38227848750487414,412.72000466132806,81.5392948979909,0.31289175892454146,2.97074483693594,0.36283459831490905,0.02502298793215818,2.150681527638386,37.040907224822135,19.65087930033343,0.0038758506927303316,10.88289147285455,20.640627717398736,11.621486156168263,34.365070185799084,2.4012633875353755,0.19107587162193873,0.01136984619071768,75.38813131705048,0.21698264077344742,321.37471062547365,29.43957844561,0.030944105494516982,0.02088306599697809,35.31190673152581,0.05677160809150017,0.033568131104473764,0.0057814022603635,0.011447669684795159,0.0323924275335683,0.0057425543956375336,2.7850390818012203,0.004371718439532657,0.013718418289037082,0.0017912779990112426,0.026744037063699544,0.07281993098010187,1.2689047277941272,1.5184671154975815,0.07163887123823098,0.01855021477731089,25.036486989899522,7.391917385189415,0.48011876015411037,0.19483723463576208,0.10756267685809018,0.8851446367324867,0.263706413586994,0.0025459375425000985,0.02241755955665692,0.0712105166874748,0.02514985536037706
0.026696547396146464,1.176050247823091,0.06425911218567748,0.010560685033058625,0.004075115825243891,605.0395070696924,188.7201698747474,0.3136446782887381,10.67432854876988,0.40456605110700483,0.01719929882792126,0.3122471703348779,135.45364183878195,80.78586089370943,0.0046460783669060035,1.1290354151786746,42.355834533088824,1.8624323145422679,0.7829843379527404,4.520125297528647,3.4148404520266933,0.1208400085951471,5.338543374336924,0.07995077876040924,852.6287240306764,18.41204115968211,0.06634846460736732,0.1418269825899543,85.50955124042595,0.02720121679453147,0.005241058432237544,0.02037212626922269,0.10209237047473962,-0.0005558716092366467,0.08624274159570611,0.7494854121759698,-9.225561174996955e-05,-0.0013020393643694561,0.05880786620358602,0.17562134429284626,0.21798748878657825,0.03297909265497356,0.26686639340866236,0.012481086078302894,0.03642278854684733,48.386300654229814,21.135086459350838,4.78574886306807,0.07433561791593313,0.07598991823124734,17.474465247573775,0.015052351902945738,0.044788173059618686,0.004401669542609454,0.029004721470048622,0.05736264613736353
0.04812963358675315,57.79940486552271,0.03259032868366862,0.01914464693611695,0.058308219274492146,384.38077515628663,303.26718160587023,0.07215332891983639,9.823233594894488,0.04798517927047996,-0.0028039949338900527,0.3300558114689265,67.24171661842396,48.815304752254356,0.006226885443381569,13.465498515494383,13.745281683844839,0.5769992365326351,3.8130649232816385,0.31364071634401114,0.17241494591981876,0.02676945856271118,62.37444182822812,0.033235527982169444,8.044942749440333,3.3226981637540813,0.09277802748587494,0.15084358563432865,142.46932770614265,0.0025964045244126766,0.0059891854214573215,0.017170505840612194,0.02709893767902294,0.09499316530491342,0.14840616365838954,4.361620718761195,0.0007847267308243033,0.006541387330710968,0.05931579996665093,0.054202812085270224,0.11105833535756204,4.883158465072055,3.8148235522658087,0.015274226227184329,0.014560781206796491,30.102798096613242,3.5178789720371118,14.948781175598393,0.21505955210888406,0.12156100820127502,6.967037564646091,0.09595589575473884,0.01235630858494563,0.00787961901244838,0.009891031300693243,0.0035609547072716907
0.07514578017635465,34.5543111704246,0.03260377467904263,0.018561483107366605,0.18921748392168514,82.31889432349085,422.67486636150085,0.20478666935741252,9.920286349297168,3.591064879174211,0.022753894307299127,0.7054137073564499,54.662481347442416,14.275214987827315,0.00773710901623037,15.194841883894913,6.020900905660638,8.845348466854073,0.123182271110168,0.0828359643329124,0.11768201073004292,0.25514643427345174,33.37338066386218,0.03159456196042054,639.1881773205273,31.014412318910576,0.040263586395454354,0.18445972555390355,200.81484508874118,0.025027774541600323,0.06652208656424197,0.014791686747078536,0.09282234298017134,0.03490038312383348,0.09621582379451521,0.2800524625609242,0.009412769432007195,0.037520140400229884,0.013870637141684128,0.0013231408723939353,-0.00426133732117151,1.4384406275486636,1.3208595982938371,0.016710544285500006,0.0020292900981830897,15.553986215206905,7.053950662164611,19.724474157839317,4.490359385992497,0.06632069178237376,1.3240291625492997,0.004506572638813822,0.09238113890370148,0.13391754411115997,0.1791666005117083,0.09438069537108884
0.009237622319349548,4.124920380667464,0.009024364304493382,0.013331026516094191,-0.0023013167713807903,2730.0836214717397,174.72430748460388,0.032413181235595445,40.53728154892041,0.050829170225203946,0.015060570236447468,6.083871821321595,245.87749190730014,143.18784506743097,-0.0016188744410134959,33.06645602442372,3.6757805760877114,12.809364239032078,15.501763539918127,0.7836031027080228,2.9045767086649077,0.013789669894212153,20.44705483305081,0.04494740681837506,2727.7488252236312,122.14107123190696,0.09992521383440955,0.09386819593858231,78.9555299972699,0.036022274407291555,0.06192445143496972,0.006602592224866477,0.018705574107865885,0.07150743754180411,0.18109818451702342,2.4801906289996625,0.00021860136067264335,0.05003750980055077,0.0900990355505229,-0.007150164580894902,0.015073206667144845,1.848255347944007,1.179662220038666,-0.0001451369577809558,0.05452328814566432,152.07981539557082,2.33594847254603,2.073084623545512,0.1374227682489053,0.07443746626298164,7.964684298633627,0.047611957723684206,0.11714521099608977,0.048415466648602745,0.03663807032430011,0.0027940298582844747
0.05001293589901401,35.20054494795279,0.07823054707375121,0.07524367243244079,0.3107959745047335,1835.6040406127668,212.5663742540594,0.04517812958441336,11.65685772572477,2.261137676837021,0.015809489077360794,2.9108000509172776,221.58987270343852,112.77421249541734,0.011348118835533327,0.0886027683384416,0.06858573953110003,8.669325498877319,7.689206492950428,1.2500143792305725,1.0668432185948573,0.05130957920428614,42.11515543633534,0.07927206216359917,1947.450185358858,103.50072450707287,0.1868357441438615,0.48178222943031024,98.27827091992815,0.10199312099890712,0.024520104673977805,-0.000612278977788705,0.03785999746963942,0.12368380880607788,0.11607364223440708,0.811346576388102,0.0033908278742504905,0.0992627695470576,0.08053829239177634,-0.0011654655498309907,0.04120371269668688,4.497723193005195,5.406539876062514,-0.0008612703578991798,0.015728285358684424,90.00257352884972,10.418776093008528,3.546403710114575,0.7882053306249386,0.35103735959746807,7.901321714438566,0.13000426881183635,0.08617034955355507,0.06404887033150253,0.03198626504070745,0.06337504566595253
0.11965187178241177,51.44649917574769,0.005537365534738825,0.01188637697312167,0.12343153181125821,407.1440353940037,417.8697742808422,0.05361177938138262,9.812912651202346,-0.003103678252871944,0.010270536309191947,0.28846427925128815,60.02888743863673,28.076206371479696,0.005754935923312665,11.369447216198164,8.922340589561399,12.481219639483921,7.798321187008392,3.839091596457102,1.921284460840341,0.01816140785938991,65.02632136936299,0.026422424588676385,907.288245015786,108.44000807213007,0.06869504833284079,0.24043226688761266,191.38257495722095,0.12517934360900718,0.12458568662882197,0.022247140562363654,0.01075930517310919,0.1565456073461826,0.02469727095172658,2.426980580726786,0.0023556352499465305,0.0092066649378868,0.02395506741644038,0.013371157058513994,0.01657975494391728,1.929339873247188,0.30476572323936857,0.12781683128408883,0.013035037368349656,87.10858674265545,6.7925883123450195,8.227370750363946,0.4443089236358624,0.20418406393995348,39.08407633294421,0.09363205815066067,0.08118091312689124,0.03296929023370243,0.002404895822880171,0.01285760233532418
0.08993171483060536,8.790329618479849,0.016850753035781985,0.052316413603300305,0.2685121335161602,169.57210899360908,103.10126662019233,0.4420847623150772,23.303925314825044,0.2677081184162704,0.008086200314036063,2.0229555549741116,33.22298851132518,10.042066547385065,0.004978108604265508,5.748045351678003,2.3856746691416353,7.109235973749802,7.676655824502682,0.2411953941023972,0.7637622846271075,0.05730566597042319,1.9418744122510514,0.00159166629634111,21.08923056850479,62.922100943327656,0.06119472132497883,0.016186595664327008,49.705946763089095,0.043043812115430846,-0.0009189215802782869,-0.0022512267499399385,0.6153257292878145,0.3329367421799061,0.39605847221058443,0.09653442312581273,0.0003488787591647835,0.06508064613543585,0.16839454534983567,0.1386385997629196,0.16724884306606036,0.11733839223053177,0.8257469822937873,0.02592061459469175,0.057823803516607875,32.010987590069746,3.491966680488871,8.099648214380466,0.5056542277234053,0.8986032260800139,6.725345221171843,0.5252583527164694,0.06855035480082261,0.11605367517411036,-0.0001743812528394173,0.02514749862630783
0.03511176403861427,45.06853989397373,0.23528884469669276,0.034564640362985344,0.0001709239602956103,1502.1106446532658,17.53126873131659,0.1837927752640578,1.0787991694829397,0.20683895820521947,-0.002779052731542997,2.5114142797048427,63.31603857137224,28.80659749189719,0.0051713269211983715,12.602567394118168,0.8517779932413942,8.725184322713414,1.8551384282520331,1.6570936917439907,0.3452319244397142,-0.0026480200700120804,58.43265098569595,0.3093938543895467,1641.0995548467472,35.51391862626539,0.1500710756755268,0.030482096654943724,5.871166570627387,0.18496731743729633,0.036580717252348904,0.006645134906248629,0.02264458393194335,0.3992334879886936,0.033626298925125475,9.222387544614232,-0.0003485225085126942,0.037018531482658545,0.027363998772420572,0.011459847269724044,0.020678994148228824,0.501680580891164,0.15771384331272564,0.010081257478310235,0.04594588063951566,116.63480359852515,0.297435523274304,0.06462705576277283,0.04233943318990008,0.24209251750990024,8.762822847691567,0.006115568091400014,0.3761865307409975,0.4653536782638197,0.014511047094366347,0.003274905257219629
0.024495473134460433,4.820401747005639,0.08041532744549063,0.02228218486600131,0.49311098681190746,1540.324302230611,156.76227190461483,0.8011255795112318,0.27884320507643245,0.4617971698273582,0.031097969148203397,0.18664831885621158,109.4955269377605,55.97211168346573,-0.0007207191039837468,8.198185230946716,4.893100130044583,0.043558814750581654,0.9944511264545728,0.08431935995439943,0.023381079477779565,0.040155061303415174,7.629794138751406,0.040606305788266184,1548.5573529158114,21.28874561710216,0.04813582140241923,0.02210444907786524,74.02515434142083,0.05699023929376601,0.0006094144757478048,0.014231446005048554,0.46390091429524016,0.002596925502302838,0.6044761639927545,3.12066093767345,0.0009759738648726923,0.008150461461157832,0.046697262701089315,-0.0009340840004856688,0.1361642557460172,1.5430146665429216,2.8241924392415667,0.00483130672427734,0.008068311655900828,111.75599324616682,4.374944422959945,9.146707922339147,1.6664816395029698,0.5639291932955706,3.3391552015030106,0.4194612728826028,0.009963604534614312,0.027946932136233116,-0.004380853122576411,0.002902443525895748
0.01736546745036449,46.43648599613874,0.014043703714061273,0.009152762708706241,0.07038461414468955,79.58608177941552,54.79120205568475,2.0949048502625987,21.206639767663034,0.004150682342463519,0.007798267029536454,4.344248153526798,15.904195242211735,2.6024722207222126,0.006921021834765284,38.417957843496026,12.49265996200888,0.8056933658944629,8.386254869777293,0.6977919602073914,1.1080860028560986,-0.0030031324933714743,31.224196247645,0.08546158983891505,248.3982682164716,62.30155503776723,0.007532887310824243,0.01309709913618562,21.747283232639802,0.14532194329321602,0.0130463725495229,-0.0016641391187421917,0.293298530074245,0.018086979214363197,0.030654445651191686,2.592760755083728,0.0049801868767227475,0.02680075179248398,-0.005256801068682648,0.6828233675160487,0.3523773117067037,0.8429429988719459,6.0804388343863325,-0.0087308944445601,-0.00832997919159606,0.14580734458076972,1.189396654308581,0.0024509358611179977,0.2374255526747442,-0.0009683696642630579,5.027404453324107,0.09747278153076966,0.0009521897560924586,0.023642107959685355,0.01628891787372755,0.02334920806877694
0.06272489840846429,12.313085303870398,0.06906842261812507,0.027099382587146614,0.09206547876690951,1369.7554266319921,359.3458074477078,0.09774138949989819,49.93011526888308,0.16316486314628786,0.019920673292256552,1.6619949093378965,110.77342369007826,74.61634874533263,0.006341009970424416,22.17915496896032,16.15918952994921,0.9124433855218319,2.166580669261668,0.3574707490149063,0.17804664154577843,0.045711540295225284,6.371103013119635,0.12789023205895234,1116.987745795278,100.03613702663259,0.04487162710807713,0.09602811459968486,168.56219962161987,0.015283254154204506,0.06635488080305585,0.01980061296632396,0.010465863280179732,0.06008943539071421,0.04081704210869397,0.15129969967381118,0.005051468013314242,0.10817311465936719,0.02154073080459984,0.16155849270085287,0.23870167641280648,0.31705699047027025,0.7445825021053007,0.013045899797835325,0.005988625107584689,13.684116440260638,0.28583509442776833,13.618223364149848,0.36077886854916574,0.017036808220438182,22.563926637210702,0.03604196542728477,0.07050892135298703,0.03814127929866906,0.013117765588506636,0.01672839481987687
0.0338704604970248,24.15111262316737,0.013457294043099921,0.10265302870371684,0.009320131194669123,651.8248916094127,206.59601775140126,0.8617058791873315,6.793432987080429,0.5860519481195441,0.02238758048241607,0.37154918732976405,63.26655555749056,32.33084046924732,0.005426610330525605,0.29699132937831596,8.880581338064674,8.093394899068462,3.428207774188458,0.7378914473959979,0.4664964411980357,0.04741869860483394,24.381363993234395,0.01629820782304936,516.5026980189594,46.4074992284782,0.045057596861493465,0.08911920570148979,96.71746306157945,0.007739992009711649,0.18114694487275962,0.02838383238834119,0.05744847891886362,0.05872117440602054,0.008074512828761371,2.6149474474357,0.0015296834036382378,0.02249764769057716,0.01993438901990352,0.12831890399950296,0.03157081281586205,1.2968957527692133,1.596921817364363,0.02270247908350509,0.020917956911211455,30.85193042920973,1.977938788209527,3.3165817932156685,0.8632937008369979,0.342020205252874,19.973357779563976,0.05597884844940282,0.010496319106800378,0.0038950012576766113,0.011321281463662736,0.02595012369890526
0.0006029896519033073,6.944204607089186,-0.00323751465070643,0.06031730970376081,0.01643897038970099,1003.9535371989176,1.833615458303921,0.29314544982682467,0.2388496629466701,0.5131886016515477,0.015722372063994072,0.025058911791634664,228.12646255037086,125.43881119790129,0.015800299290755326,12.078891480613532,1.6461577763813473,0.1804459629703521,2.4868863991060115,1.1299513640819008,0.033811955454698506,0.038370998657525135,12.331238650350564,0.015943548213800618,1056.2017524359358,86.95014047960453,0.04499988492648921,0.0737158438108283,0.019639286073696027,0.0653672094117459,0.05658973302054715,0.006511429782913858,0.11164462630113636,0.05782567414362649,0.00042968621419081643,0.3797099243549873,0.00046926273566061383,0.07555057228184392,0.0027264986470445507,0.10266808908823322,0.14671851008331682,1.0195229366950649,0.012539201432383962,-0.0004676536111700713,0.020037637112331197,7.69223178711425,6.982002216787261,2.17144695303168,0.12917505901648596,0.04182917829819832,21.037478497055258,0.012391769384804796,0.07041045986319183,0.05576384741451701,0.0007797941191958202,0.008781894120381217
0.028987211787747214,31.933988629793312,0.036606662816823565,0.014449498193377153,0.10331563212172501,2421.1687871877944,419.30480259848855,0.2557165598896809,37.71514594782912,0.37253500284713237,0.002434622816629428,0.0862800735086573,205.63223118104338,134.80986462832902,0.008117069998821336,0.7938365236644671,6.562105691716507,26.750460149370802,10.903442469835491,0.12883357674462292,0.10534772200517839,0.31054237639258364,43.34932778979789,0.0038314406645039156,2006.3307669044991,136.38319731943542,0.014705766896248917,0.1139603374582645,196.01196374930262,0.07350653545681762,0.06927557337379753,0.017270111307873925,0.03429528127979964,0.078516158056118,-0.0014378705995845564,0.7254332668556334,0.0029404197366176277,-0.005177297735877495,0.0169422223520721,0.7930654773062749,0.5399918978405136,0.17027908800713032,0.23683871186277017,0.00711454653299004,0.015088654418178749,101.65356499012039,5.230844884781371,16.492937241832585,0.07278118990912308,0.09429111156124748,1.170462165591509,0.12876014373400668,0.0079413418516463,0.04988538657871011,0.11048643373287703,-0.008398511878646708
0.031486351388475775,0.3833261552657312,0.05373740734575527,0.024816607039145566,0.06545957693365967,1911.572908743159,270.3661671456759,0.09016534958083877,22.4579871252524,0.8793128758906663,0.0024230959441702282,0.21198337343020057,301.110461341506,148.1756789111059,-0.000929759221686588,15.597033746004163,2.671039535838072,4.365770563735055,5.850920935653084,0.7055184715623692,0.24620091373554054,0.17592929660970835,1.8039521637903073,-0.0008904337144741703,2456.206327944738,95.1155450466753,0.07993261866875212,0.043522232406542294,123.1965615654739,0.039442769355432894,0.004503129222776181,0.004592897771710014,0.16545654881766048,0.4530690075975423,0.16158009282482677,0.4958947451107125,-0.0002514083888627283,0.04198046488730789,0.023336326071821567,0.18485433444736188,0.09396279374182104,0.34047625534639625,1.1563717948429062,-0.0009324094429423724,0.0027829394281297937,129.90730584615855,8.456210162963794,7.957353330513694,0.7831728756210028,0.2189410071148643,0.013909344066033391,-0.004207902539469899,0.023195293357539448,0.06993694723107513,0.05956539369815328,0.14499779199624818
0.09437032421258618,47.27554607775137,0.0503893420106305,0.0036302822551261826,0.011760822000320026,1159.6188635006504,542.5170171753119,0.6167265289295853,44.09164048301567,0.007699697326439825,-0.0028089802806841035,0.06885331945663253,27.957860730037197,9.540105849468599,-0.0009102118363699674,6.122393628303512,7.595013914727722,7.068296884918472,0.43303321157255326,0.8272179312239976,1.089914749350446,0.07435981090320976,47.56506982689432,0.06845322224344486,639.2720393081456,53.83846150739086,0.019342005158265785,0.4189237819977967,252.53855261758056,0.008847729461894716,-0.0027249773089979,0.006930424185862094,0.0011922958161196817,0.12649565411982522,0.03728236946053798,0.2069458119172607,0.0014291788901514835,0.005154589265774945,0.10369618992686114,0.0101284481344317,0.08175920643653178,0.4322984988530054,0.5831065129500184,0.084516773484693,0.061686816918392395,77.32802904455201,3.09931206616426,23.373908210306798,0.12640600222398568,0.46000031300005784,27.34486052814308,0.0005471670501417947,0.007428128483232044,0.0987750429258396,-0.010675920449991771,0.06430153395486293
0.0062752112870692045,32.305883756530235,0.053447724275865305,0.1334276112967716,0.11772447724261959,685.24189581319,159.59813529327937,1.7592532249016308,23.614278768850212,0.10980517082783336,0.04594595472019769,6.990607237764522,39.6758038426544,18.052869324278724,0.003561002974037386,25.548262294208925,1.0340920773965419,3.9067466366983385,3.554177445115025,1.1248793033431737,1.0824223364213612,0.016390638882382014,39.65381239202744,0.23477515106010305,1035.624760120984,34.46582319619992,0.02020021736133426,0.0360893747127875,70.1157715884394,0.1603011975313251,0.02632171692997698,0.0014045301523140097,0.042453448768575264,0.008333957580793694,0.7833764840720017,0.05487442262618103,-0.00044846107721241424,0.0018284105724974964,0.04629392716375769,0.07719472529926463,0.0874191366757362,0.04683476052441993,1.8328493850290295,0.030128823713383213,0.03067677273368208,67.69536482252448,5.736412894543889,0.08182365672825931,0.14868784557004577,0.005448189869675879,13.366367568326455,0.2156744983708121,0.05865839283168839,0.06887498180487484,0.008158338720274827,-0.0034399851670823267
0.008274517720963992,6.1660312110238475,0.10491726124737255,0.061249671928656824,0.0719784196994464,211.30302114689025,252.08830859748193,0.6498637183798905,41.00137420813882,-0.000672181028474661,0.032960588535315694,0.09680501847282663,10.409764431117743,8.880881112842205,0.021502773631883798,32.35951507522198,9.348776946718534,14.861237638240345,1.4512464243335765,0.054671649391892174,0.06018053085070818,0.08591484188931808,1.427713514255447,0.007720599115556226,13.935297523558491,84.41107202805823,0.05094131776904032,0.1614993758805916,117.65558460847372,0.02573967033345248,0.027336643767415403,0.0074761604139803595,0.9578124519235551,0.038134937365058796,0.20946316566448786,4.0965111441958175,-6.522827559063415e-05,0.0037809061264120203,0.009863086659750664,0.31286175644425107,0.1879860664473494,0.03494072243949997,0.08793098923649012,0.07345814820718832,0.20999561898562558,8.55891087939785,0.132555220519194,6.374178416879586,0.3628032873384557,0.07351244691223524,17.368058601137975,0.17174111296242778,0.02557496906198331,0.004433738805499132,0.017939308882400695,0.05280651603227682
0.04426103009475657,38.91531741171426,0.06228317107826964,0.005727301205013191,-0.0008742882704844135,4638.087932106207,165.43484921317753,0.4030653990141042,39.10042982655151,0.01976262728861755,0.03508871758536003,1.8626341083836104,452.9057357628676,250.66447343218476,-0.004134454020690015,4.593959026913192,0.3714416705807757,1.1751306519785034,1.6524535888966412,3.487941230158558,3.8006852812318463,0.010848670398332594,16.701102438144233,0.011196806390686653,5304.010510612611,145.3443950255588,0.02813098372849776,0.004574545460805268,77.45672315602005,0.029691651769679694,0.021468483621704948,0.0033001163706529724,0.26236641559918183,0.022505749625720384,0.4230813194860419,15.179989653080119,0.00026085225417649127,0.010314750259487582,0.039859146092191544,0.09285202202504106,0.29793446623233777,3.8154619606509517,5.829417518705311,0.02284280242283021,0.0015441549723060888,352.85183580688954,1.1766592813313839,7.020344838198696,0.718268535800588,0.04074960849727294,1.5112033580936624,0.011357294644892768,0.009048188262591239,0.01363725249630221,0.01579463583642493,0.017597403853678806
0.029444274400276527,49.09265520620897,0.28918393138254483,0.0479749993566978,0.007385484253615182,1598.0074700111848,153.7921778845977,0.636594019235595,14.279683101238017,0.1157211947574952,0.009297817412245557,3.2386847573721935,144.42972613954063,81.81770474604966,0.0007033383137899918,17.13867947697945,16.538740742519174,26.859190335104206,1.4192551523353716,1.079585200266635,2.113150097729938,0.032725744280964086,37.12841017369728,0.032338596072557735,1575.8282836744154,1.5913389627970806,0.0054583897460229736,0.04973402961422835,65.2728215784986,0.04634982641050467,0.015251682548921508,0.007769362907377619,0.34694269026505165,0.18439518899123275,0.03663550980088992,9.243359744903955,0.0008632141864346465,0.005736751166455001,-0.010951895439573534,0.0022319373294719114,0.03046771044040053,1.4215903448578802,4.9629830321483555,0.015277078900810537,-0.017119959402917218,96.09834081587977,1.6540337881025158,0.11906545070290431,0.1363167620281729,0.18149573898396643,12.344752124680863,0.05535713346313198,0.045888746574777706,0.057943508444078695,0.004649064250275892,0.01776326960670449
0.09164116054133586,74.9509628160728,0.022330410707090742,0.029901877929716214,0.10270775533975307,1066.448956123316,354.69972396989397,0.04914171698123759,10.863294089114323,0.34028737744933846,0.024236418123561698,2.966681775108724,225.11800255812693,107.7572565583553,0.0009234033761185145,9.174641373218808,10.407933980924216,1.1056963057778946,6.75424454249645,0.6380431473862487,0.3439841853995462,0.03420179775848364,86.94473957886666,0.06532876028855039,1738.304235498716,59.87224180315844,0.029815307696289928,0.05103841362553663,164.3259244401126,0.03646456668354592,0.004720109458051347,0.004560555951631962,0.020217077170844533,0.11241045901478497,0.6954312863636707,0.8451063956789353,0.00013734466463777295,0.018166300668088553,0.04748650932461729,0.08288217740643322,0.002150669238958791,1.1011790711013658,2.932399991305691,0.05860692947292634,0.004971173555635033,83.55820183806122,2.4838713951789027,10.82316906411674,1.0492526567633398,0.32296263401179637,27.310763122305566,0.3243145604768207,-0.005207392849827741,0.0002538046186311149,0.0026366924786822565,-0.0011752034229717268
0.023717621845574577,17.50121477634874,0.05755666864094611,0.03579188044679782,0.03491248211247644,1911.9899770954914,241.2245981216688,0.44165192579117907,40.233577311523604,0.5542088473915712,-0.0026923241567491374,0.10962519895672607,155.57646027399176,91.15589149879976,0.0065264660455266466,9.990486138063844,2.790167007595226,10.683424370882296,8.662030162438057,0.35133781837905254,1.1291541867958745,0.016863535726516332,11.24820122929032,0.04613913923260604,1896.139547317626,97.57956883167299,0.004459447428358132,0.017125687079590612,112.6436954726367,0.010991407206089931,0.005923332696520234,0.011710977508814224,0.17873534303314997,0.1854085223338906,0.0005232293808141719,4.744151416443051,2.2079203999325614e-05,0.0899569557690354,0.003871754264530125,0.006263820662265829,0.0017062487182437636,0.15667457347271174,0.21786223485016798,0.07742531946853504,0.0036165538482952897,102.24773212286432,2.0249028443079533,8.096860939877988,0.3766695640578277,0.08267438220368373,14.045728398061797,0.01002605091867892,0.024330772081194496,0.032604446835401646,0.03757782550222366,0.01101140245612342
0.03199745972479917,35.73044453851943,0.11662278441878193,-0.003115633031252507,0.17686037676254784,3784.3500968650396,127.75765372642633,1.310599966938332,47.642231917158114,0.22639430466630994,0.015274409460888094,0.8230534256084168,389.41004714318643,196.30376529141105,-0.00233083377344645,13.742067568729396,9.603296550311695,1.9178716158696405,2.187063937349988,0.064345970569609,2.54885168940295,0.023367777353717756,38.23556963688223,0.031188687530674386,4581.697235147327,122.67840576194547,0.17153083004477043,0.1446383183232225,55.92827705326729,0.008738547492177062,0.002454324852608991,0.024344804696242228,0.20454728721871884,0.10039111374933185,0.009492569351294833,0.27460890543497296,-0.0009645143655578892,0.0728561420970184,0.12764768445001273,0.011905936994123678,0.08326359436095832,0.3661958126683569,1.0742532062971621,0.020099478497398238,0.009582198128104125,297.21599133536296,8.419310313230513,1.1555298075497742,0.5728652994682069,0.019116587783342354,13.146792538040682,0.08583200653062573,0.03491192801187637,0.03554119409111234,0.06962743303185448,0.03147511441445694
0.0334133693785601,52.41110719983772,0.011547995074965733,0.0219665446649433,0.11202106402706047,1610.5609585650486,97.67225539016214,0.360919907983531,34.11772816276813,0.18816833413930567,0.0014363284121081676,0.6038662793188685,203.9208386939694,106.09344803566711,-0.0014187311480720055,9.02487053906034,4.954895170181107,11.659734840479057,4.169545457170269,0.04472855167828094,0.12920143276469975,0.00595973516264614,57.12291072447276,0.015759802325209016,1896.1355544039811,68.74918428678512,-5.649723271528018e-05,0.024480392727991074,40.8534622945338,0.05075346050913421,0.009388887520723976,0.01854230647301236,0.22366513497337248,0.01171673480087776,0.01732819561682497,1.6705390979479873,-0.0009081543354820809,-0.002937017686172716,0.00014484133631320617,0.29335422243752696,0.09546287889811111,0.23913824798820116,0.20212401215564402,0.04542322325626369,0.020763846209860937,112.08010039900292,1.7959061982613473,0.06631159983121648,0.235677211983508,0.09104361066764532,14.530018547933317,0.14787217412578357,0.013901164187691606,0.03561897308454842,0.06482749806109034,0.018015387312230402
0.005072632246211128,29.05848856513331,0.09775006988212098,0.10263721235171364,0.15953338948462825,507.33316209229065,383.75744132383807,0.6065349522218719,0.8385302690908043,0.13761148280627022,-0.0007390854819071535,8.179632357688867,12.972595658375127,1.3984237271771427,0.006259680747629837,25.320299483085577,0.6061399997003534,0.82505001901845,0.7355798837174197,1.218092051523323,2.195097984641655,0.06624063760872811,27.078794221793736,0.05509451882924754,54.20676743607055,8.11821286334111,0.1216847527192364,0.02160892375647183,176.80402293055775,0.04489967315317411,0.07530007099210412,0.021160739997072575,0.023530848199706966,0.030999149758676126,0.184361746117081,1.3270317943368246,-0.00017511049713547777,-0.00042478411731217136,0.027870611762046416,0.12337166454810689,0.2388191242037161,1.5419051266640782,0.11178207590251166,0.0060805087444668615,0.009361815255133799,0.4385855647233088,0.4551704658320652,14.557337621743656,0.05917562618868022,0.012745390768902354,0.03604695485327003,0.025494651299344362,0.018201602313564713,0.02311687861087197,0.055204709803891916,0.027112246569406473
0.03505809325044318,5.646707310270864,0.024169358136265195,0.039006316905563665,0.005316989532139438,1756.9113629626852,198.8452096267943,0.19893233162162272,54.9552826894292,0.06523909443351084,0.002372184905144792,0.011396372427872059,217.2664606016995,112.2535513726539,0.004246699007055099,4.36973225306776,2.407209990057897,0.18100084351708823,5.958342533154388,0.3959744331137367,0.7370767869349493,0.008936995277498916,0.1536447865562387,0.025352028724908493,2316.427687875467,103.15559797036174,0.04419850998710295,0.0861477166189033,95.7651066084961,0.05251381532292321,0.0014789347596568803,0.023011585002502777,0.015832951516919103,0.0011898964489072128,0.014219476467486558,0.1263715747557539,-0.002094395003140903,0.0439130341618883,0.011891900538905986,0.0015381228698014837,0.023999189378067776,0.9533212327020424,0.38096143171104835,0.04160380022220078,0.00928369403808027,120.83467582624594,23.015424408941612,11.532888705883009,0.012932767788932154,0.14681371080796524,26.345070402336034,0.0006245855936350964,0.012562755570399986,0.029408509475795874,0.04073661682094443,0.02316813977550769
0.007568054963581261,8.257605063728104,0.2959181808132554,0.028623585581620148,0.03518342197554869,3237.9129552554036,843.3613439338686,0.08326891713791085,12.613299932585537,0.937946655469097,0.03165544518410268,0.03265193189257598,156.9901982009661,99.65364808253348,-0.001147223521789087,11.546763961771962,1.117593059756139,0.5921981470572817,0.5095076357537396,0.12438002245902346,0.5066554558200709,0.1617747013325772,0.9708576748335602,0.602116187251891,2441.308750273319,58.18246029426337,0.032901065169304466,0.1283150458617497,399.6045372208764,-0.0030345600132717365,-0.0036485867690849716,0.008114637596728258,0.01741188145205097,0.10304194979655712,0.10380179683077007,9.890683150201735,0.010906279737429081,0.00031742650486688007,0.0017982033768273453,0.08758835674275822,0.12485095080956565,2.7483396430447886,0.37655213000728605,0.016934722793904733,0.004215941410874002,154.1057114976704,30.74782550075908,44.140494435330474,1.8333781425007798,0.45100549516373967,0.037829062082032294,-0.001254876110664327,-0.001429978945833632,0.0327658168648739,0.0741178463934018,0.005493715531763144
0.023486513476018267,81.80558276537448,0.03915875476741082,0.05642109922096683,0.03514032566698155,364.4484121258501,173.66519362920445,0.13313865149597248,47.92703234024563,0.6796007088801188,0.021530959014705253,2.825926787525664,89.68497522292827,53.73054962268859,0.012082921226750365,9.8321257979877,13.18538291690448,16.11810399685438,1.0891200802726155,1.694832098159047,1.162269763917223,0.01939193919959692,88.86218261591168,0.007685522998759353,92.05358403393642,77.12019434064236,0.006150485682000273,0.004743226544410284,81.8066283133552,0.1232422137280702,0.024616979210698275,0.011059586057882598,-0.004162668121297841,0.024520991887386323,0.2159421032265243,1.554853610666326,0.00020074022610749864,0.008924263607917204,0.024014024731314976,0.15195009096680945,0.1950119152025067,0.9458199580514899,1.1368868322238725,0.015862656801926,0.008493628027751221,63.22865210041399,1.8239729219939544,9.80945312201466,0.9270354007306656,0.17054062510844492,25.290728310172998,0.03295212568222272,-0.00977479327528652,0.0032916975127337267,0.016867340772602546,-0.0028236554472789166
0.02444823394818485,47.74468350391191,0.07243054557623374,0.008287692539653335,0.10377578758744122,796.6384999444906,76.80460836519781,0.16868534255970413,10.38484973365943,0.019609005965243398,0.018849635885917593,0.8805837047621852,169.67052404271575,80.5436984465155,0.00852772703354443,9.366868022988958,20.55260014570998,9.045388404093286,27.17047317633341,1.1620244216928244,1.091339985655595,0.16559995373389924,29.7143849135495,0.07260579139126122,967.1699558428899,84.39494585634215,-0.017552561521909205,0.05729001867942607,33.887056504535096,0.03882461068997056,0.0066582904449354885,0.011182947795177256,0.046164415966035044,0.09375591289423735,0.0878857003683251,7.968005753085533,0.0021463089161777305,0.03663411259642757,0.11749491434906378,0.4917846688225902,0.2937399354554824,0.28869693019393594,0.2125374356520986,0.013044320019425015,0.03231097475821443,34.28850117723862,22.02734642014987,1.462743172150823,0.3915381474431596,1.097447908744166,6.940251448770741,0.08584914098980789,0.09411309831410097,0.08645579299122375,0.10695156915933701,-0.007514135264624855
0.01585269476063811,54.38479965014536,0.018500243832016317,0.041765088834060826,0.06582820182932547,1932.162730372494,42.43470544488787,0.3264869867164677,52.84871978746289,2.208507217603996,0.004949228066705835,3.1327070035969182,170.07444661896866,105.43839926671284,0.0009799262863383618,13.91252630103533,0.6163534754496398,17.893533935542813,14.67777293131209,0.4691923774368343,0.6217469973806766,0.20189731698333535,36.12868602554027,0.3856831895497663,2136.153511819807,35.47629179112737,0.08345981019946169,0.021761216243994852,15.030689892655703,0.06623455078361928,-0.0014263838601715761,0.028598420441775296,0.5262425985453616,0.020923149583286893,0.06423170216849527,1.1491767875801946,0.0014780291456943928,0.07834987666966864,0.011810705165975932,0.06421201619704675,0.17831713028931162,0.13294696131509998,0.07001554425193213,0.05584546514717559,0.03243667896256497,145.6841708263381,1.6694435889566792,0.6464304033144872,2.043999783068627,0.043380361076585494,42.69236258923192,0.08095570593799284,0.02536260790611866,0.08467897755920983,0.03317551623642956,0.06434559887666769
0.011848023561712218,57.09771826075193,0.05496607551973298,0.03636380852749177,0.16520776878312926,185.10642033304924,382.3176482403577,0.09711265032545668,32.433589762394305,0.28814219060331236,0.04657773292873557,2.6650081105835053,79.10251745184186,41.31079664139139,1.2556168911714849e-05,21.248172499833196,30.653827996435673,10.64458330900711,8.435536001068408,0.7967423156706337,0.09800425368289467,0.00046968088912535677,42.91436976507133,0.03709069734036419,163.8107983984055,106.84266376039035,0.04642895982137407,0.12127661650512334,180.13950815168354,0.10014784948865518,0.04346565086749621,0.043588706758644236,0.11091677538631828,0.18062667848154934,0.0120739393370064,1.6582034775433208,9.32725088018671e-05,0.02948822306298382,0.11433287925595526,0.00029949934935302736,0.0011717785521163648,0.8105067387596829,0.4875531958973198,0.09085060677106949,0.047933760421822846,58.8250828680614,9.469982815176383,17.992362167641026,0.5108658216228523,0.041027271498892404,3.129546179975998,0.12190094984762734,0.017075403570880887,0.0093837893268649,0.004559065116705341,0.02881943729044245
0.11213119131514304,21.625775272238034,0.006880615280183022,0.0036145304313244253,0.061654388614261535,1369.6170236742366,222.54785206006244,0.5036970158770133,0.9518195224229773,0.024358557087478694,-0.0008530518022986655,1.5497671687179269,204.86100405296716,100.97816467187845,0.015913541443009827,12.205897103646492,0.02525846407046295,1.347330658074509,0.20404648012817006,0.8355514901419605,2.5918965328811927,0.13979735477483857,19.379234791204993,0.08772545188543024,1769.1135446807682,71.14706681617103,0.03443774027333735,0.0288088476102093,102.74360592355207,0.07289585431859447,0.006423592682408774,0.0306860657825041,0.03519132631105393,0.5925445766253787,0.004087772278432489,0.07347861739173389,0.011610829964287639,0.33538101418217714,0.341397864067841,0.20487355543012953,0.10393675450360984,0.4379458100937912,1.148257583967216,0.0834587802021618,0.01621284843231585,100.14834342326992,1.205365707193912,5.801237112144743,0.029075089250631514,0.05383242266734989,19.634634828395395,0.17065331340054968,0.004635201768143027,0.06797317100299516,0.026441377377671493,0.004740856447863706
0.030222120125064755,12.317307270516455,0.064702795303063,0.013486812923063418,0.01979756179733183,157.75948927095027,43.206821980902575,0.12530547393475633,60.499398963093455,0.28791082033171467,0.030748399517873892,0.023751423849523334,92.93347478318957,34.908615130512246,-0.001438705639658977,53.87625193136721,4.114027638107767,3.6771559891708128,8.181892761768932,0.8745025849371082,0.36662847898085094,0.09331076776211233,0.8480363578299892,0.017142472798684416,193.3448770658726,100.46124848964745,0.02856474884116711,0.05622840299237275,14.661004798070572,0.016568113509078053,0.03665719587322691,-0.005127019983875769,0.02013527596687137,0.08622556746131238,0.0693380061033837,0.5429054232364203,2.758977086347869e-05,0.006481628445536458,0.00012094780038029995,-0.0066266945497313046,-0.0059713024622016775,1.2159881395918477,1.0934910939029843,0.005210427698533415,0.0698311985618103,77.55598574642136,19.02687921787262,1.950971946244974,0.41151134279947676,0.06500028689322068,28.93010698938299,0.012649168450736603,0.002188019539570263,0.0182272454525787,0.014546817900793485,0.052424079744127106
0.09973798145876511,50.1310099958696,0.011923487013810075,0.035715624552655534,0.0021220490320823515,674.7651986344706,289.09178879359325,0.0158771540936975,47.64356146120145,0.05808790326871183,0.010935204729744186,4.163903378146855,168.85031104103797,85.3462852280117,0.00689556902442412,32.42504663006152,0.3666271531052798,2.0504306884900574,2.4660963412756587,1.0035727760895812,0.4248459612133546,0.025354491635620313,46.31362513633587,0.12458293040822888,1102.2213770999647,35.313409710566454,0.03212206227220005,0.05421364140202467,137.00147090872454,0.014800223286516534,0.013977589371119592,-0.0011733337225416918,0.027299872374791256,0.30290562058261195,0.04905375528435307,1.013823909008103,0.0001995767692761774,0.013364746450904796,0.050414280954947266,2.5127556587456468e-05,-0.000621663362338154,0.9277007109998063,0.4944087887961075,0.025704883020301494,0.03249013042191695,38.174817968848295,6.529400689942412,14.20169108443623,0.36043562604901336,0.08632689222247159,35.996944744787704,0.005272625910567541,0.014883886200932395,0.008969234333371823,0.003135639511456567,0.005561809598944478
0.030499790617220413,72.09449034764465,0.0735798460882231,0.03166476013194863,-0.00020197302718116816,3823.7389219015063,352.9136446901953,1.4167310031409865,10.906606042316325,0.32710241467496814,0.1031600831395032,0.17422815578128592,421.3930404652662,214.1992882501013,0.0060553331488080175,14.54504268961635,12.139085595440841,29.53274609482441,0.8432979364379962,1.1251924531815911,0.3436560219575382,0.009150850822980061,71.58994117692822,-0.012581263686617383,4639.389308156192,110.67261686252654,0.044706776779223745,0.10025717348491625,163.7895367017042,0.020710366122411727,0.018567155564725546,0.006013033673804458,0.101120123670154,0.10158756121041534,0.11557195300451273,0.0342504502731229,-0.0014799895866453028,0.07231927616707345,0.058658542551550674,0.006632506311609276,0.03128509703196514,0.3839094734977495,3.6116937910343143,0.010823957523156125,0.04040893194984907,272.609244931482,3.919731571567654,13.936781317024307,0.6974693003465253,0.08417201825616161,42.36428172739759,0.07004142880313502,0.1615997958787352,0.060785622672710815,0.0021492914075817993,0.02314416582990919
0.028143436923011578,74.62453629436413,0.022449365247927844,0.015811492006966077,0.10841749232158193,195.38744032991173,137.33942789450995,0.6449801863825488,52.96912692823757,0.11418189755071495,0.00868098466750844,0.885333445484755,63.90881497440317,34.792727025103375,-0.0009405271256799352,28.596381522648745,1.9725127481005043,5.459242979430552,0.23110574612767998,0.32254164907629157,0.15901893623423913,0.08653398543529622,73.5622975112644,0.03763909187766146,325.7683310285105,76.59197913468975,0.02101434589011042,0.01820806502810335,61.2634880032915,0.04926238485941159,0.03723299741375197,-0.00023409082040437568,0.04444893139911876,0.11724438917712199,0.0935818661065424,0.08923760157184546,-8.684898828814624e-05,0.010925996318531084,0.12253468865887562,0.030513052543711616,0.04446672849479416,0.07925150915664059,0.16402881515608048,0.028494619049431513,0.02781673030013998,8.35002601986615,0.09809006735275982,1.6190245892467976,0.3071985171593692,0.2590040166266627,31.251251967716026,0.2670938175798554,0.010630773245657643,0.008751893960238455,0.04802705895402859,0.021131021418613116
0.05747335631068751,25.575366068707567,0.05376691901309716,0.0753531399134717,0.03881249860129188,80.16050481435266,182.01633995714775,0.31574134279950616,12.284270419497885,0.3036767547443686,0.013407809872511223,0.5770842084601036,40.732191757571414,1.698855387371852,0.00011849208919301191,0.1485148970511716,0.8260870996489764,8.703930759405038,0.16180533953012244,2.4620850978341613,0.9986270028178339,0.10908998692654226,26.91455554684984,0.01428857542258477,417.81018596587825,23.763461703742003,0.037969653012218885,0.011623809916438965,84.25102512960667,0.026920252775379794,0.027415417632045802,0.007576578924092914,0.008956663387004404,0.09571015360311819,0.45361898741121376,0.5039069675849142,-0.0008412374970276915,0.05540443298054942,0.057396641292903894,0.019200420503242555,0.24223630953208009,0.780451561646955,1.993554362546746,0.01360113869492352,0.055143248488523255,22.752877564769783,9.764102719087958,9.249386013636174,-0.00676150351012339,0.3076695736091333,19.39132295507916,0.03801162172545691,0.011004300374879428,0.027811906076584236,0.04803291585253877,0.10976150928031636
0.01612543018283752,20.963910365228365,0.08633895262802582,0.034907855246123276,0.16959470259825515,2008.217917208699,14.327754494143962,0.48368793259486687,1.6412245853256762,0.05401147993110911,0.0025183343365524635,0.20082689525277697,216.50735999776361,118.32472515147448,-0.0018593012464256375,2.2393394531975597,17.555070220154917,0.4859980652943907,2.977124527974164,0.1323216417661266,0.4987751224223196,0.05435342379397046,14.263421678048536,0.04330213286757001,2205.81325262761,66.74227740691198,0.026933400398406526,0.06904566371010912,7.141469067183197,0.011190750664918703,0.056083456498137174,0.06164053123105617,0.05467887738350985,0.05488586341065371,0.4553028528930376,0.5936786135557197,0.0003870393433693664,0.03815336881254883,0.02286458999343921,0.3878118712208787,0.3945478748015132,2.6123004797109353,1.2492836619332106,0.010271311444919995,0.025393104898338237,138.05990247219927,14.563791133603642,2.9706189413362125,0.4328957231484818,0.05777686364555379,10.684313168211224,0.11684354438845812,0.056126183336578706,0.02042105801167793,0.013320704779805403,0.04794805992250062
0.10959058353257234,16.395735868701113,0.03442751301964275,0.031313213476464874,0.017265948470663872,2716.7723463078332,345.7438645242338,0.24928184306395362,10.989496807365843,0.06826856597431608,-0.0003114372255703657,2.8598400215356756,120.66843919201744,69.93021783578922,-0.0011666994936758712,1.7887029322617698,5.934972310580513,0.07726739749077094,0.8257833064531424,2.513517515111687,0.11992994047618133,0.05534216713714901,9.32906527464214,0.25590833222628273,2609.9999922393454,14.995193527986068,0.06123750533454775,0.11985164058032893,163.7379960421486,0.09212743581712779,0.02682776192727676,0.00901335288327676,0.5159769988918965,0.34110956690960403,0.008714765989115136,4.671867515705254,0.0028490685186310927,0.02128547460658403,0.18420034848870603,0.03378790274792021,0.0030051494360820996,0.9769297047622088,0.30910953263407404,0.071361094436166,0.03830476857468579,220.0648426338461,16.29490741494056,21.307301823841332,0.1819410291962411,0.4960191255096964,7.810395511191024,-0.00048486962723348626,-0.01168140850576993,0.013797554704014559,0.006753725628175111,0.0520459678134797
0.026345172130521455,78.77226806448957,0.024491950958778652,0.023404041256308794,-0.004288703650055403,378.3215174634914,337.369751835669,0.10889943643910449,0.059014839642167694,0.09453553689980243,0.011823410658147182,6.646955691128352,122.65888348791404,63.54364089816947,0.003135491033670057,6.88631137673912,5.029886437305719,3.081108311224855,6.812262520080782,0.6554616083391318,0.48123991779121855,0.03494683496159201,70.60762890852058,0.30308276955587665,841.075587093296,4.066303359761153,0.028593392074864,0.035575674190386763,156.0986831614229,0.010128031876318389,0.07623849323907717,-0.01130654840204226,0.038318175951150835,0.13056700304875157,0.05397542862132543,2.1460363608446187,0.0004217290280905672,0.007890446281757946,0.002221227665552661,0.1446571854262011,0.297819337425822,0.7524602762328882,0.015555617963348922,0.022239245876879643,0.01287388940161982,0.7119613253819468,10.473133575400283,9.1999773303152,0.7000444821980922,0.4129057484360539,0.415182412717491,0.0032937404683108795,0.09242044973959995,0.01564361354831245,0.006708050383828379,0.01895511864412658
0.0670753668169608,9.80508921133367,-0.0013464355858845423,0.023657416197674586,0.11841360347703844,2696.748576200423,398.8255294575558,0.41400204561749554,18.290674354853554,0.007590524038620927,0.013238280370959643,0.0018971529613907023,179.31791677756027,112.99217311734456,0.0038141159784563783,2.383357768519301,0.3293951864353799,20.78491853302317,0.5143534617560155,0.34797700285018607,0.3750941725924344,0.0024313191667237888,14.07548833880482,0.04449187245240793,2578.93078269258,121.14822682326438,0.0002846800924025672,0.018428651818277686,183.8525090638488,0.04115895609042042,-0.005064362280639223,0.004155177888547357,0.1255700982399679,0.12889445835587843,0.821414943044771,1.8197670741413559,0.0029654825134599605,0.01592428347655339,0.015622019058383785,-0.0017047880259015713,-0.0010658570609249907,0.8753197803659516,0.8284054986521197,0.11579454638452713,0.011782457813573899,121.22136552620947,1.0618654717291003,10.636366214104793,0.5711420202471684,0.2674317785207512,6.154532656882231,0.13125565954483775,0.00608338432450406,0.0280630219349689,0.024530971941508994,0.0038269851806216337
0.03161298724721995,1.167209809966149,0.03275912648487633,0.003389702023888219,0.01400610626880816,597.4843321989988,420.724035018061,0.2960625375072361,36.30577302695809,-0.00970057963846127,-0.004828110868690949,0.007501397181417069,76.10028429972638,35.890613334642026,0.01582462647910088,18.23385843558249,15.35422666609667,30.766793135847593,10.679938770741867,0.4671588791874619,0.32886803830980327,0.10715888107387972,10.499370088201552,0.052584185029577846,129.15311785803314,22.68705005309998,0.16951135375244952,0.09504939872118623,196.1956765183837,0.08349839084569766,0.019769477834739035,0.01642818163371995,0.0030743845020557714,0.17791473591712315,0.1152568709827051,1.8115520114653352,0.00396165933935233,0.006193562032396294,0.030097293196786445,0.035871280596488475,0.0010126270499499768,1.2751309390367416,4.158097402655953,0.0011074260254764212,0.002331551958828726,26.25815192816622,2.6130051068879414,13.955501051108817,0.4954982906640071,0.747438887933872,26.786942537956477,0.01152025366211884,0.06955985604651893,0.03190893686526941,0.030385486242483495,0.024136612721695982
0.08011199731228213,19.003375401541337,0.03282051036075906,0.00743060671147866,0.010316051955159722,2023.3337970989023,173.2551985819003,0.1446244272771846,62.51328454506947,0.04393469280084439,0.01076280577059574,1.1372981359974643,175.51522932304803,96.05371410072674,0.01032559337295158,23.39196440565712,3.780039214422943,25.171289369796572,12.624731854447994,0.21886610187840283,2.049355900931128,0.03749322819024936,6.8725059847388055,0.05190693212009023,1931.1142855764383,116.9862111386409,0.10987476402679075,0.010632925170693142,76.53338164466078,0.03434875412556959,-0.008311559987522976,0.013107520652953397,0.01720273555391394,0.10264758441465816,0.004481126740752295,0.4170680480630553,0.004405299555155118,0.04108008697979226,0.009384311357955255,0.3820575721049364,0.7145069364936569,0.2602265887788624,1.3262925255341287,0.008755774749640288,0.023385360570901348,117.60425241808147,5.271716943609948,3.1595487530406237,0.05993530971473415,0.018678914448102546,30.36202090359666,0.04612414316719082,0.005583489258834895,0.004780549190106953,0.022926878770763714,0.0007094434010852524
0.010428645206901344,96.69161994209699,0.015854827060706178,0.011932485915861157,0.10418676758409706,2439.037540718341,46.39904673550025,0.03117605067675111,12.442382504616301,0.31198921931993073,-0.0058620033693523865,3.431477264066481,276.4643026881476,150.60749508983017,0.004955218112958626,1.1496261069691638,2.833510507236599,0.12007059757030536,0.600167308025541,0.3548923575968361,0.06296570597017226,0.09322714045537062,88.70224188333754,0.0028799979458513647,2689.208156305223,0.9909647267224688,0.05636665151539333,0.09194576536681698,18.548822698557316,0.011488857276789055,0.034218112160261605,0.014833484444910283,0.39769845161708517,0.08894606325245391,0.0672086549736326,1.5241298443588143,0.00022928371887065424,0.017121843231757694,0.04148541458957933,0.24732163570674803,0.09956110639249793,0.018052260059461922,0.17045207405302865,0.09721434724301226,-0.0023627971298187944,145.47045762596102,1.5055845851473952,0.29153168508654925,0.3877766088668544,0.1521091485954731,11.79373325341124,0.21443210002415025,0.08995617340810291,0.11694973728575153,0.07828523752016991,0.013364358567204526
0.04550864358105322,2.640830610977374,0.01204288152384514,-0.004390592606342558,0.008858589647451787,255.41198157260527,18.521473493670477,0.2359143475292269,0.006402793359682413,0.019832522650219175,0.0038674196735337674,2.6548649320703612,13.437991915792356,8.909932278404998,0.010291673541206414,18.448390012627613,18.05229059383881,11.537761881877284,0.1078543551034965,0.0249205837740325,0.800328040082662,0.031419845721333495,11.205390070104599,0.14151819458405157,313.11460258206233,57.37331875033156,0.03883554524182209,0.014460995359555362,5.330369594863211,0.005946702007015858,0.04581948031170047,0.003114725765805737,0.12955862796902462,0.07241569222636013,0.02829098115199269,2.5750795737351124,0.0006762568873508457,0.01620633635782376,0.009982796488397838,0.053247590308760806,0.27669205001059183,0.45053040568710223,1.236998492460386,0.023860068065686413,0.027367001826842596,39.12211707784481,10.43903521838887,0.44936206044363125,0.0175477976213525,0.044394885631917624,13.531776914431077,-0.0048407876425908825,0.025491733551827878,0.008075186384487232,0.018289987554444664,0.01238241605549284
0.005490979072877877,57.100649527905524,0.06812697508984922,0.04352929723760646,0.03729900869422753,2811.605258565286,61.27875460284975,0.9870431464939351,49.41694434310475,0.0478517997016219,0.029023112811463747,0.41619247106771873,273.9391927092673,141.01488415336516,0.001165856204606186,10.946146851789825,2.4241948925531567,0.9032547472228005,4.127420372910782,0.2989129182438752,0.3257889336149242,0.07288992511698122,51.61256399539881,0.00424737071596315,3332.745390760938,66.58235521720283,0.012828344594520757,0.07038437825672617,25.347356219737584,0.01646796848501264,0.010192521057838633,0.005822086498323387,0.14329778040219754,0.0315959230931524,0.0838898035491269,0.04022376504488978,0.007789385601229881,0.02703112500467686,0.1229410053442983,0.023962060693766496,0.020561613173419424,0.6364559402362993,0.2218376506323967,-0.0010246636090514016,0.028430118406561178,194.90269144195773,0.9910593799122056,0.1824747776649005,0.20767685975625572,0.06485729245440197,31.053491851949452,0.009483921414716434,0.21200901933973615,0.05486871065346044,0.028144693459189796,0.009934574787973105
0.008501529737061198,54.68342422469771,0.009259576735921371,0.04976498844493893,0.3738174757920989,2148.937722796751,287.09141044698976,1.0776974975432951,49.68472284814826,0.06620074050778246,0.013572584225081563,0.14065919509381875,327.4577595994051,165.57476575605634,-0.004563154781688894,3.64041108091046,5.292191579502362,8.68928482869272,6.746250890324501,0.19069274315360207,0.31058333636387747,0.0025110913928454437,41.854587592009516,0.014933142536173172,2728.5689567805607,97.06974152281953,0.022004480069163,0.00787183817188808,133.80359218250882,0.03133636701712916,8.175947169952735e-06,0.0215018884124758,0.013788753757161487,0.4761642860532165,0.003546362636131839,1.8836658365021393,0.0018580602328865936,0.039075368313099546,0.03361399559629419,0.13328164331892633,0.07353794340208442,0.2782573679898972,2.01380676702599,0.08046999712301606,0.07325965434174009,139.54619246739486,4.423745416295559,12.844592602736366,0.007982560037972597,0.015942904878239794,21.729541296062873,0.2571973420272,-0.002646407201551959,0.03181882774992584,0.01805358394392531,-0.0005264032545255759
0.026823897966612442,2.5268714535147163,0.020990009849331415,0.005723277487160061,0.08558641494848196,911.4096942049607,51.93708663671376,0.0024892357121659714,27.23808533077449,0.008432792901721164,0.021533173935567085,2.6086130239447707,76.97587080325319,32.577901796021585,0.009286469177907541,1.443289135880577,7.511029995070776,4.517950555033441,4.928103309661009,0.014603296710832048,0.3099176942111397,0.05981855932435032,4.286013356018107,0.008628422337289443,1081.7938760998688,28.294914507594953,0.12377665156466122,0.15993379010434072,22.603540576083013,0.009780691220869997,0.010764933464887605,0.01995576604173177,0.3054707616411534,0.028976351784137933,0.05422554282430081,1.9345991312680733,0.002846908580322882,0.014148269577422212,0.020535594930046308,0.01467129931612643,0.048608529647430565,3.9895983636329726,2.093483228883013,0.0421253338830887,0.2455600900231225,73.53730564042145,0.3246338324999414,1.428650721387215,0.1398864203416723,0.03854260915067176,35.58284556606265,0.06977745653718959,0.018126754637514786,0.019449727504225578,0.019334893463895497,0.007141313020463613
0.04156751875777065,34.91400630983255,0.04941043386758803,0.02619552865797825,0.09797597807781777,3017.7764025614497,258.2585364646458,0.4377674557858251,31.444561959563885,0.06110450699120307,0.021161882942515753,3.00253456530955,203.87037387296593,118.59496270612084,0.0015594577039861335,3.549385906536812,5.6047512205702334,6.2006302013187495,4.616966150484431,0.6134668396963692,1.05720463798564,0.024915348973915563,26.61048615900417,0.07639002431779662,3010.0675956634595,13.086100720282008,0.019129680935911608,0.018898277387453533,118.53393649119754,0.057622425321659065,0.013003224698706184,0.027885712420339992,0.007722720745674927,0.26462650112720265,0.0028299167517227275,0.32642407598003675,0.0001372372211969619,-0.0007568135018196642,0.08816359897632164,0.04640877572229307,0.5017017235107151,2.1282873058642844,5.05489590402138,0.0683366825707763,0.019782882567443316,238.430306300297,3.3993074634697154,7.374225330399139,0.02855151964665481,0.07081048003159651,27.84332655609633,0.016755108848834688,0.27679940772123324,0.2818942582216568,0.012131402247560708,0.022828070498007058
0.02750118529121881,20.899485456967923,0.020876379707210013,0.0353381602573517,0.13000217311391538,20.656062717399443,214.31283155690886,0.5609094942513737,27.300225462904933,0.041222330491384795,0.00450123157432003,1.6435957355776392,47.546259689060264,23.95802695921028,-0.0003349678977215831,11.149350765483684,0.03947353732003833,0.41678422597163767,3.4176664714159823,0.2580433138224443,0.23934849709722528,0.0074424665419208225,23.234906429459322,0.1688036943221647,110.54148732397253,241.8587106999511,0.16742854843955168,0.0558237923709175,97.56505978908167,0.0018557731736299488,0.0009737518648949006,0.016173616588932127,0.013024537859406493,0.0077873074100400785,0.011090623097206986,1.0152274959250471,-0.000697447665138462,0.003976413837396109,0.05422607944158653,0.004817599788041527,0.03943139299343201,0.09347407786447093,0.02057033130026209,0.08386159042087371,0.0030484621455997285,0.8024571864958361,7.617105887777678,6.076021398765672,0.0058052476436376566,0.10583172515420358,29.551269449053997,0.23612945669008667,0.06795479335022314,0.011072583304027717,0.015563693887603591,0.02004172618878286
0.06781861137403578,50.28042930003119,0.00999818613357828,0.027483199678783876,0.05417715865389461,3019.5005331286807,303.08992044278324,0.6962886673252688,11.068318373113321,0.032112050787572954,0.008805907183588424,0.13611681987715407,418.13964055190115,204.80893457778498,-0.006324006772887358,2.50299184137189,0.9044392526059735,1.4886439019010593,6.040053395229627,1.8247141748482765,2.211961103172394,0.015139632705606587,43.293279634317024,0.011203872471930332,3923.4786907568146,4.278002498660722,0.08279794730034684,0.006466398251364858,140.33438387934734,0.1705503044524459,0.050176678175644085,0.025357506318778533,-0.0003113741979330342,0.5981505807846634,0.012683408321145784,0.3224933210810672,0.005039659075035452,0.014075346835101143,0.10284063150370759,0.15821223515244576,0.21716789975608997,0.05914971854971629,0.49010926166618507,0.0002879433330589265,0.046272013700898285,209.1142643672511,19.377786283434705,9.429883174325997,0.01786403288767424,0.2642959587674545,14.289176881336612,0.0015067205121752636,0.036160950965518524,-0.0023128315829641366,0.02459904458635176,0.021418513212330126
0.03195462204808042,36.309386636835754,-0.004635302471724501,0.1500039236293178,0.019058583226398973,2473.83206014438,270.42155492761333,0.1538482384353097,23.966637689611623,1.048574302396549,0.02835670467758078,0.046554598384834556,183.9838846972583,109.39425087452965,0.008045769341410214,3.9584184476838136,2.920377237336851,19.143904638509277,10.95802806336445,0.19921464717693027,0.2585284226874318,0.010964578929580249,37.8504347526834,0.0144129485746598,2452.0937283789713,20.132033906917968,0.02837170954210677,0.0028891069283831783,123.79585621546464,0.01943514132425861,0.01142182821877924,-0.012209443765357264,0.06403615175838961,0.08005940436207126,0.12300152843235335,6.0763777035969415,0.0010477346183961345,0.030272014489346688,0.005726608046643378,-0.0017492507277614422,0.001992378442317033,0.20275474531193272,0.03193275979111743,0.007931681654969047,0.0037822263183056037,174.05799476669927,3.3039147900889887,9.306331826554077,1.0509742509656794,0.0004895257154435839,17.41780861057272,0.005574074412557195,0.08622727551409781,0.13496414240715016,0.0004975988707336398,0.018229295309413196
0.05589186140172053,34.97701302827254,0.038484803494871045,0.04253615551112411,0.05717195719288526,849.5514477847572,553.0358315557287,0.7268903504501703,1.2027175529999772,0.31510163912461486,0.038546886359065446,4.349956392316537,206.44417763896126,94.8855803515299,0.0023962512111195267,23.20985044138952,1.3311131030928838,10.437183250999269,3.109520264932076,1.024476387419301,0.782702487625694,0.14474217360991126,33.28310157771803,0.29705611444441615,1669.2338862651052,60.63361635281754,0.06976100805198548,0.032114707085365346,253.44568743878375,0.16311640681838835,0.017311742361872717,0.0013367108951118922,0.13919986210426227,0.11858721516992965,0.054062898463174136,3.07737642704911,0.0003424021951321521,0.018134329763671353,0.028213039298592868,0.008837414873023697,0.004435853001274026,3.02869414572727,5.3874889435527535,0.0038972243297141773,0.03387962186134619,78.6195472502814,0.10090880342600173,20.067035182549592,0.03060813413104846,0.018926126180366154,10.509177725178716,0.004308314688706183,0.045815933205480164,0.005402916908090916,0.00967275330714834,0.015519113932886519
0.041224290607441816,0.46122130829057983,0.016532518864999624,0.008120681595245927,0.08014231362369095,378.1249769273736,160.17660998222533,0.7555974188957073,18.763470645917074,0.005847100561506835,0.06285211718260264,0.6514569100526524,72.48776604127178,33.24909645086161,-0.0024176158781301638,20.480812252573408,2.862338247580043,30.695788626254576,4.32662598637736,0.8383277558998863,0.22290511760654752,0.03208881820827614,4.9776941776168755,0.05226656819183262,678.1335073494561,12.336128241668296,0.04887287450343081,0.03843229330355413,74.82402591821094,0.005028591957518813,0.0003985178618286511,-0.005077879608659686,0.32552839249104437,0.3134807911791526,0.07985675680022197,0.12274054748738195,-0.0010822311952587427,0.03447086565373869,0.06582943956330212,-4.9073508749053474e-05,0.025398453206670446,5.0464718799848125,6.943807600053972,0.03489835532958452,0.0247614427859828,92.47390877576787,1.9482713893760844,7.176413877184572,0.13288250722381534,0.0020229765692167945,13.063032637762602,0.09724289294123967,0.013492094097028229,0.027039934437562252,0.003050447804421097,0.006887471156042935
0.017312921076642063,0.7750845548372229,0.042189051827604906,0.01426519146540084,0.18013758194096852,298.64799046677695,122.51039963520739,0.09181882413917553,15.89283716511023,0.15988499822808855,0.010159259658433228,1.9393689375717944,28.044750744076406,21.524279650654513,-0.0032777013134515087,0.014172972571802056,1.7201837417474293,19.861703146951253,0.48631063139654085,0.3041127475906089,0.5531582977786114,0.042334739036447466,0.25155143073935005,0.08066501625146838,286.11482457033947,76.5459725975655,0.12751552878375882,0.23867072370053766,59.40190025448015,0.1636383406142059,0.03424641524374117,0.0029450652989950754,0.0773266382923028,0.04593423182846568,0.00977310498801387,2.1566357004700354,0.0007202958024139505,0.028120919931046373,0.01353002181680818,0.04527872952647183,0.09045987369221553,0.9908324115542202,1.5461548754769288,0.03754145743677384,0.007310991931368527,34.42929960365834,24.035655794950532,10.484200992834769,0.03695426980183836,0.007896623593447671,0.9718854771796694,0.1599927752747261,0.052401303773748964,0.035626473365717004,0.004131485043709304,-0.00020424894012460726
0.0350195261328361,0.7642261399365422,0.011987334301432284,0.015394853885601023,0.1480802114081916,2617.458394301802,203.53775414689738,0.07441672573983826,6.908439764973284,0.06036336962250388,-0.002544924991118691,6.705012371038922,286.2956289359161,159.92481710040286,0.0007018789095933897,19.901652295110928,9.405462208415841,1.4306241344456954,1.4769499423394032,2.1066774626296034,1.9643407133786104,0.14784133717942982,0.6459946459541035,0.007968854630798106,3181.002584214681,59.65960895397261,0.039043779131684886,0.11439021894661838,91.4116776568392,0.017970382731608225,0.056538783652244184,0.004283474835730772,0.4018521509056887,0.02874168668632393,0.0442551854626938,2.5632288588503886,0.0007829247548469809,0.018922376656428597,0.04668271818009195,0.5702643197737229,0.31875327156878974,3.447793519597944,6.993553989599141,0.012581766646113657,0.00196102536242293,158.72547156449468,7.84175878410122,2.576559465207378,0.011542658705613107,0.7087302734625975,3.742162123757197,0.41900881808900525,0.08702193888562881,0.07113513738516453,0.009102963780614814,0.01878708539911056
0.027722958874989878,43.93065723956465,0.1276474328620738,0.00800540757977597,-0.005958685016952181,1559.3716893842857,121.80512144695999,0.4894784247579409,48.0883578613655,0.04082395450727283,-0.002214456979245938,5.188828288978946,151.13865495105156,94.55792413869109,0.005824298975364073,17.05066214455701,0.5855410772158649,2.257226141251363,2.0994698304671333,0.6116742257835206,1.65374674144042,0.0007770339436943274,32.44448097374266,0.04305831368780666,1445.531275870109,123.21988599193664,0.03665880138437494,0.07121003474122123,57.514485953460145,0.02817548758816546,0.01654094555532115,0.014791984374499911,0.7106380187368755,0.003872938689469585,0.09749862889883687,2.095690597512527,-0.003560175961441203,0.014705417079753147,0.06706605651467701,0.00753211130856446,0.05723439412959497,1.2698423480193597,0.1969156268677148,0.019910724135163704,0.021942416582576563,60.86728047796154,2.1567208293519826,6.293631626179612,0.4185124645764242,0.4173946453855475,12.996852695377356,-0.0037307064924592126,0.0015232667080145035,0.01588189136770879,-0.007250472436488131,0.04543286926705381
0.040563403284048505,73.22785702355235,0.03935124154019931,0.03468888686796223,0.34043859150048394,358.5958917652775,651.6654851530323,0.1170962120190513,63.89655192425427,0.06887381403504556,0.0021210895123804363,19.63054971036678,31.55914648041001,39.85086759883451,0.00866311844925427,31.7590717501314,20.524048468461046,2.433514491665009,4.8967447536459865,1.0752139959320095,0.8925273623666579,0.014020250658627553,71.33599446920046,0.021391767679427964,544.0540550831441,107.38477694254514,0.022159861139831705,0.023496459526368696,306.39037094326443,0.10279080144852859,0.008663995075805175,-5.7658904249358045e-05,0.3438594675846849,0.08676988349160197,0.19935927096016925,1.7106451348983267,7.665800462319794e-05,0.02012893041280428,0.000993968841987325,0.46129337131559645,0.32929907768596145,3.176959837440851,2.0529470655735995,0.1764749553953111,0.325183642878903,127.3175719417306,3.4519899334289708,22.757361233324907,0.026614039370072895,0.3451506683385839,32.04450196358296,0.26165993416995725,0.04612128294483764,0.018627516241746633,0.002066508561128444,0.010634133836303405
0.05663739058408446,8.086628871899173,0.03721022051074918,0.023751593107909308,0.03119034516383401,183.37847332130988,402.0242612635891,0.29744551717781675,57.181295628444715,0.10024479524120355,0.018294323358647446,0.07579963161618686,111.35962829038766,38.65592441532142,-0.002633700766660141,25.862765763199544,8.66045060839397,4.878978501924841,3.3376650210628824,0.28851159480025856,0.4869854366510058,0.002849601302242988,1.0570474573428381,0.01040643059882651,588.6429339695292,247.6494603881628,0.019190781212059527,-0.00045698451828357634,191.61283854548293,0.017179822639487696,0.031308428099416474,-0.0024748092107147457,0.17451850787966716,0.06409598550390783,0.034204703300543926,0.6929231570415393,-0.0009675768060484202,0.02748346086165121,0.005119451469374425,0.08805632761471482,0.09063995103154099,0.1275127866077792,0.21844409692211908,0.0006439258098769329,0.06426198843691999,3.6183295762880654,3.205386702757643,19.225926780460806,0.001387421259012811,0.43537471201046785,1.7222495086198801,-0.002916213516312993,0.006778833252742089,0.03432827321038978,0.004668034665461285,0.027681502387336465
0.04580615396361498,11.258704343059794,0.10123604545143294,0.047379585472710595,0.021376892304854067,1189.3165273831826,103.4724225981797,0.49098394621860386,15.165326480849771,0.10401534944073276,0.007754213316695235,1.6448819659660225,75.62535951225716,45.44162054813585,0.0033045089401468886,17.999359582218833,3.1054786776710754,0.5520136332052843,6.839487798522,1.4986711887688022,2.136985851645915,0.011810976032750276,16.055369173740573,0.15453863403691237,1249.1626523718785,33.88993094944527,0.12089654792450943,0.03469217557985793,44.51240954569181,0.040777068036519815,0.048588483421612594,0.01849603517550147,0.010367872768471287,0.06352846812296953,0.03880399964786285,1.8207993025390525,1.8027008013454804e-05,0.06630951727352219,0.12437174598840617,0.02575995736318326,0.32620132211865727,0.17268673129353296,0.24612701300220063,0.02953755986658191,0.07699933036515372,108.37572633548542,1.9846957684341193,0.056788836928651776,0.06447405806357054,0.11119135501725719,4.655213199057816,0.04322548591309161,0.13596452280294002,0.06568500387238974,0.08317457025600206,0.032134997783099806
0.045270324481304414,68.55804533284338,0.051523949855416085,0.1717723484170417,0.1469451226371481,3233.0223491681904,221.1011403761157,0.003141653576754777,0.05774343807853022,0.0389970565478297,0.0033880222574023122,0.8709406784015687,352.68378231735835,205.45734059962285,-0.011570075569808047,16.68077949116541,5.226442063976009,16.078470585942007,0.2702387811209741,0.7924664529690943,0.42699883489553336,-0.01584308816694069,59.27065191293343,0.10503139244889237,3259.006082255341,121.3616256382767,0.0030211176267602724,0.022950734792945404,100.4832999149958,0.006514769174151169,0.0037170338426921745,0.012145593727537651,0.043146771378058446,0.01464085629321854,0.177813776625519,5.81617469386844,0.002332285641268861,0.01808205706612931,0.019609377894250102,0.025179976114262814,0.019513464246555756,1.134205984552442,2.163500704754264,0.022018886729234133,0.06485908460261491,175.1482278946217,3.131697200179689,5.565177430331078,0.02241065695758948,0.0028332091134339876,30.232149371339904,-0.009464263019810737,0.07508197228719737,0.09624317179757647,0.05026728900018451,0.034081137195145494
0.07883761538824174,24.08561557761019,0.05508352230031299,0.03322961879941477,0.09218697566215361,22.417724144650492,204.739312397371,0.1310715426388782,13.664824458101345,0.004835688028247631,0.029625438565723528,6.479529331715392,37.62988197610366,12.008877996208602,-0.0011902114813295839,14.729129558815464,4.671061377733366,13.348916981899555,4.625774243136682,0.3195329761849912,0.12641056216987767,0.04930891152131789,15.884660562372845,0.0775737315400109,281.0168128353099,10.437745637569073,0.1083179593924255,0.02339745068451826,94.7204706726415,-0.00041917752128295405,-0.0025492998815517254,0.02248747140663454,0.3051401800729323,0.43473323998617985,0.010382605695223646,0.6497101723730738,-9.395223894248517e-05,0.044574869274933704,0.008408173214540682,0.08669223542867943,0.15825197739892882,0.5502919779911792,0.14637063283227736,0.0073236407222516675,0.05851693101560951,0.3177667981467476,1.2078381183134033,6.2425781208111015,0.20990439387911763,0.002403700821820287,16.933659974125455,0.030382459299761244,0.005875695198780839,0.004736833144733943,0.003936586187441193,0.005882592127743003
0.05464153589877441,32.64892793478136,0.04920366727957859,0.035461704466740684,0.04304495033252298,394.16919442632576,44.00414096588229,0.04601623617735662,43.64705151153233,0.05741189042584871,0.007187740452216929,1.1375672458624502,66.88548524345386,42.83881511330261,-0.004592125975843686,0.2986575885925049,0.6713531327208218,10.225504699012442,1.3573226281745514,0.4662514894535965,0.2491468893219313,0.04607410857573058,33.40524676096195,0.04607027189605617,310.3231770570019,46.03466351010383,0.07154127648331965,0.015263225556850557,21.216083128437347,0.15928275639117828,0.04596678267574639,0.016181231817207653,0.19545761787471072,0.40207255094993144,0.04174404747766136,2.9473787277650043,-0.0030146593346307426,0.14673354138515649,0.3531486085699731,0.262282190029655,0.15431495459933942,1.5486454268290188,1.494443016929484,0.013977790005469615,0.010881090603746202,4.3496055694164735,2.9923582954444186,5.733029775438354,0.045212721552005064,0.052266963529951305,28.59940525192001,0.01589334553870092,0.12180048143189737,0.13775801118100617,0.004319601677567064,0.007003442579787134
0.022217149637219435,38.996635672810335,0.006091770924807172,0.022773379826046103,0.12392769510457935,417.5935214318094,403.3651330423708,1.1896381602908779,52.531120694391724,0.3519529307794116,0.0343873536351289,0.04000813583152052,46.23982109389941,4.583606105965229,0.006886177992678988,7.030091888232828,1.8356010065410997,6.721266513826844,0.2804825907493207,1.8549337961508758,1.9837737815951062,0.04358326095713849,47.65214490422583,0.15997929074629802,0.3756978406303393,130.7130786883752,0.16282951606676654,0.1559632536737432,191.695377526551,0.12808635247470423,0.013447743669504852,0.0068851350259544475,0.23108225260135473,0.5094549417325682,0.042609337763151345,6.898165566611791,-0.00033207748329111553,0.04266652496321832,0.18507308793293298,0.02896909320818075,0.1113848979697245,2.7153310287186256,6.73738066426448,-0.0005050438866067708,0.01731575019410503,17.32335734023905,10.531257727734417,19.598212107062203,0.01879772779027533,0.009417133960266888,16.684952646118727,0.05310573530575802,0.015429994481260145,0.12977630218259506,0.027965991333800844,0.0736602559373214
0.015739113886700018,54.73976968844082,0.03212817897811515,-0.004160752330716555,0.031109529860077423,704.0197872291387,245.27034744501998,0.5465326289803407,21.992524778827296,0.1869327910125369,0.009476306444224036,13.69165059564557,164.14503964791248,80.83864395687738,7.061598805435665e-05,25.0933040928683,0.5510465371147442,9.96319896837494,9.223175201848285,0.23871456825530668,1.6586333824088335,0.011089148231311796,62.65463154556096,0.003085259596113943,1206.6037501390072,39.89315265846069,0.013433060846507416,0.07679445433014465,114.08708930863851,0.0008200620311402673,0.01741257992252354,0.009415557029330834,0.025247833740073666,0.1311650099295134,0.15406070419607332,2.0069108551037456,-0.0010206050994936433,0.005370585505743541,0.01827725500424915,0.49113917001784824,0.9079135593924752,0.38996256635305926,1.4385357887746748,-0.0021102335475999823,0.09171771429674802,45.49161694279483,0.005324745543273224,7.016267319835303,0.1333495269953131,0.15664701499302325,10.811977774579823,0.013943353799661828,0.030386711510766773,0.061661520228548206,-0.0010055311448473603,0.0054553350253998545
0.05992326160749162,2.8584750005232378,0.02157828237774151,0.04055356276772404,0.04548897935216889,1909.2845875311834,198.73606348152808,1.0879807043535772,17.693092733066706,0.14533892730042108,0.02421902463335801,6.67078557109238,245.38273992860022,149.47399555035628,-0.0013253014038232536,1.2684588219136268,4.515509374596905,21.483255223142876,2.9696040690719725,1.6044711787629513,0.29359158214773107,0.016996922368726075,9.43431097112478,0.3348153362220945,1879.2677284913138,15.035048741172194,0.14802767589293975,0.16316715503826718,92.18701561645305,0.0628354574355443,0.0012391209490258959,0.0187715965360562,0.5515698269980005,0.3006941564116419,0.06019772401114398,0.4381261921534705,-0.0010174663264503891,0.02284339122593959,0.11398095802154451,0.09577056623748259,0.11305708015282168,0.06662731660188559,0.10877765245932824,0.018898409432727803,0.031065979720816372,82.15444133885613,0.23694490028786763,5.243662425729464,0.08876306375692966,0.5899298165637612,10.881617501114032,-0.0006888712136090547,0.14949496861464606,0.1322336796544974,0.0391672184309515,0.057528275760022396
0.12681553579574967,104.78751012854839,0.1249811862973127,0.01386896567266227,0.08673047692813807,1234.3909434600907,513.3300237156175,1.2886514607544646,33.067930400155184,0.1866360636994342,-0.003966278116402044,0.020505075763057157,33.86114343668869,22.62664126932183,0.004335646055521281,16.108867419150865,5.467657657269595,4.58093036937155,0.4206168436980624,2.891897408807462,1.9190772644832048,0.03650575725626126,112.66624809643811,0.025101260484472476,771.6691469702723,45.182088566782525,0.013482276598875131,0.08816266766068637,241.30250477325808,0.13510411708138914,0.017685368580208305,0.004022939174388895,0.027819441938397915,0.0652536344122705,0.18750711825393385,5.249464449884694,0.00017652216718033742,0.028861936905439478,0.05930294933064495,0.16660654281010334,0.02167742642901782,2.220978183442427,4.997657647892493,0.005868996600261411,0.012392942115116767,49.165862664739734,21.413938769303407,29.441641482576777,0.7537439401344344,0.08487845993251053,46.41639355985664,0.0013190862507634904,0.009972070843403458,0.08000140533176925,0.04121590162493849,0.018411733813445075
0.035907418418783976,47.69617427286569,0.09382129110021786,0.07996700980922444,0.1006341537747053,378.0678215829637,98.91759453278783,0.47170729183706506,24.720719974956705,0.668022226505685,-0.0013152656198913704,13.636995392742467,87.67087642052411,36.10144526206193,-0.0022328788202221617,34.831600737781386,14.059738899499052,1.3398625455970796,1.297129779069473,0.5405368359807188,1.7191791146882816,0.09692122228193867,55.09066348155882,0.0568678504942417,396.9438694446573,45.72423117640338,0.07216150227166729,0.07249461529698564,42.139967149912735,0.08522051124151275,0.03177717832856786,0.035502752762838874,0.054664769367774646,0.3171803913886784,0.36229327269643186,0.11962503597002527,-0.0038615150379541774,0.044212780397154816,0.18824329412544394,0.0129312811500224,0.021443931651308645,5.457931161650372,4.236379235710736,0.00022487465508547189,0.012314725948638028,32.40107361424339,4.0306454754836345,0.9354450807731514,0.23880196801982212,0.14127487845498976,12.641891506174922,0.013679830237450119,0.07771599991771705,0.009392515495092013,0.034734321036098414,0.028516413219056957
0.013488615650892655,10.100171629870427,-0.0012076629574915287,0.009730392134913224,0.06489893621839471,2807.6122927253637,302.34893278870015,0.10257482021127817,33.58037742429771,0.033810962844412984,0.011340925810336522,1.7198001350442418,358.4330274013266,195.38303226241695,-0.0012714533646489556,5.340118624482128,0.9143143111807985,9.610000923248819,9.17200522171542,0.33466932555518625,0.3931715442216568,0.027916888278237018,2.9307255829033467,0.03392632887238012,3618.341134494357,62.90657205167243,0.023068779947637452,0.04420095265906099,137.19611582679397,0.042811649524984396,0.004367316589255488,0.09264312495443416,0.139357645194087,0.2816389628341325,0.22644507162290495,2.573372495214538,7.855187277439057e-05,-0.0014456689224644492,0.027297598927488842,0.0004498384446289805,0.089520004381483,0.006090712106224139,0.04818891243268997,-0.00015152507226812162,0.08257516009898946,150.9827480050438,7.792652740556345,5.377423141520338,0.2658297555515894,0.010378939714494884,18.384874441838615,0.36704559462488895,-0.005979681352314081,0.02300064115446876,-0.0005237672487625744,0.01289592655551619
0.01630750155717653,40.26110201737005,0.029445550913482776,0.02512057185154415,-0.00040002738560485085,4021.789337305332,324.31517047580155,0.3932222755865835,3.1212189720170658,0.6318492751022484,0.00747847559120185,6.0634087149773075,343.1051265320794,203.71620695217138,0.00014368579032986162,2.5523259077588696,5.119845247773335,3.6929508953584884,4.099380177469663,1.1166889904601307,0.5068742748868695,0.009054758865596924,36.378997588372656,0.23034138583276764,4052.2284628943617,1.3141697258730476,0.11721685057571651,0.044730793356671406,150.72097579610164,0.002831910318764841,0.06416278295027045,0.014051494957673327,0.02470396101710648,0.25947393873567837,0.2364505593460997,0.35951510797958,0.0015149121061677207,0.16278376445891674,0.1564353879575595,0.00377882036749444,0.0014403557241289278,0.06575094707381535,0.104451665068507,0.07189778416092096,0.003144123727096826,238.4616491584494,0.08255791124919298,9.929408900684667,1.139972386990416,0.15760319745444207,2.9198466873158226,0.015696946932604483,0.027352331800736707,0.06883725975817967,0.021595886988058588,0.014824352068462332
0.008114135337247141,57.17651193690455,0.005504085820314586,0.02800380891459664,0.05487217076210538,289.9719093896887,143.75149936007858,0.2555111638906524,43.8827327830354,0.02582768859238538,0.028042491254348434,0.027653103984327743,84.04773632114463,59.62356089541595,0.000904909634714457,3.054120581874373,27.168406720286047,6.043085045088302,3.0052332121986227,0.7757933009674138,1.9094638232998182,0.004755330266880797,61.3015558596248,-0.011014140908028658,25.818156532393886,159.95626285436583,0.043752637873827105,0.05507012944301248,67.63016170860203,0.17225310392660997,0.008058135496093577,0.014392110711615835,0.30792441867315645,0.5785003354167042,0.04347406796710995,1.5788919219740194,0.00190838775690505,0.030116410323715925,0.006655590963091207,0.000974938627912536,0.14127780516142252,0.591709791645747,1.282533502154557,0.030746325540753183,0.04557868639284379,29.157799325696512,3.8191717024494816,6.516512306121572,0.03168712977304455,0.21737271497848099,0.40292763789848607,0.002345480534322597,0.005538966651039701,0.008377615575199115,-0.002288256783432807,0.007632584679217125
0.2644844967868272,45.58021853861557,0.0342713624855282,0.010987942441579968,0.025742976011668972,931.4906798874489,326.5633419158148,0.14007405049438226,5.070567979247317,0.5968588188985624,0.0329483764469769,4.116199142230757,145.77667832402238,71.14471824695198,0.0010961900767227917,6.244359432401101,2.5395266340700875,19.131733652015143,14.250061204261012,0.25033471393069995,0.08582441802847462,0.004434745226300052,26.22067567159951,0.02759365584007689,1544.78512260495,41.68596172380508,0.09019948140712142,0.03949576093669016,150.68080982917238,0.09681257312444558,-0.0002912516766446771,0.005815538618345606,0.061460075810543024,0.09407484786874676,0.03177381009032576,2.0261832211825848,-0.0011621718212868615,0.019451161473843293,0.007669594350197428,0.03704640245550461,0.10808663128860285,2.5605536520725707,1.8880746314906505,-0.0021850358665780334,0.02275571927550324,64.97375761314083,8.67200914935772,8.251796493180418,0.3716471018001162,0.17005280596247374,16.652563659899876,0.03710729205539831,0.013166549640066805,0.04752219592544815,0.0183043336148927,0.021442724402497504
0.030734362628519918,13.155253902246876,0.012362850705740058,0.02281722657564167,2.8364374475065297,650.1100749972753,137.24230725852505,0.07470059605725687,36.84996185801288,0.9435070387878239,0.0013151426508191122,15.255430856444434,19.530504167158053,16.977172254785486,-0.0008287077167778989,63.608758227563975,7.800088028470812,10.419820752814182,18.92123339377257,0.20155935427368554,0.09837888130927652,0.047740134356425656,5.367709850400679,0.14938321213131012,359.03144994738574,149.8881163585226,0.0030683920888092686,0.02922591061067159,59.45988219130893,0.001497310151068909,0.02428231023063354,0.04591803424213037,0.14343556481315733,0.047180095855852144,0.09547865375513176,1.2670355715441612,0.01186776607267337,0.014669510184141643,0.14316824083053703,1.0017378996542163,2.284830442047678,0.25151851737328634,0.2156923173947316,0.020461625144461593,0.15460699966011227,61.24734196190378,0.23000872364361946,0.6534701511914012,1.0673920422238092,0.11114768323815838,0.15493516130119733,1.080680819100552,0.013551275879139624,-0.00024277147805396027,0.026456875795171086,0.021603505489607322
0.012600355440833155,3.37239723420248,0.0558536995746195,0.056088342045084616,0.3237902435045861,687.949982457837,24.680587999219068,0.4623118087009601,8.622640088192135,0.08816909256132366,0.017777494902105673,3.144827469261391,67.31854535461709,12.204616479519228,0.001176585690580545,16.626661050137063,14.206075379331555,30.610361113399744,10.65777913005579,3.5382200227202576,0.2658971041553544,0.0574313575071157,0.1423540880925369,0.2455025245483613,612.8514151015673,43.9292897347385,0.1162619975999144,0.1878406166208091,8.977854811953826,0.21364183349578258,0.009372476940182395,0.009232376822818189,0.27799582003592604,0.1468277306425998,0.003767506430733647,0.4675175719065976,0.006227023619144845,0.022031189236386695,-0.0025358245697759685,0.020279779545558263,0.11943258178061988,1.4688563736952682,3.7344471525187073,0.0022893402732728774,0.04045930313878543,73.8774793236001,30.690305768367235,0.1265155454482736,0.23423453052890597,1.337674494491253,19.987761082992275,0.8950931565429041,0.00361672827193793,0.023030886617144475,0.01393939750796136,0.05707675928411593
0.07519189246241798,53.282743103824025,0.08973034237453259,0.07674954834187897,0.0028950183143638952,2455.605047226605,220.75636844003284,2.253028410815914,63.13397742060189,0.10727742575310462,0.008116809910855949,2.189580510721526,198.98192748307898,112.18305568910235,0.00711220965720738,32.29447966780446,4.608401507473961,22.477758474065336,3.256807737983384,0.2822950235392536,2.994694655633503,0.03325657575439411,51.93985823565677,0.031841933648357745,2300.6518550906985,182.15187969290918,0.026771173805005155,0.11093313066022858,104.81427379661572,0.02730663976535741,0.06719415747343671,-0.0009344711383816318,0.09091043222966544,0.02182868410168748,0.009420392599688299,0.7739180185760164,0.0007647625463595986,0.01583783218980983,0.07899527161128717,0.10101651233245601,0.0031696278633459585,1.0450209229516005,3.1444207449777304,0.007771604034080504,0.0005921276092033523,143.90270752108435,13.564159863102507,10.788512164092804,0.06021700613668912,0.42029988329092927,13.862456286603116,0.09107629064298983,0.01314929070187798,0.013426764969708849,0.025431192957386273,2.3201853387000426e-05
0.13294871678159126,20.67753563584257,0.0830192466078099,0.05737887974847933,0.053412557084058676,3747.380198942922,241.6799073477032,0.9974148922298172,29.014671314497374,0.4494851257912913,0.0025683422807265543,0.1958433329213305,339.29644300602195,184.49928364248194,-0.0005797613817710712,10.075969855640736,8.546780226789288,0.5189819643719735,0.46501290928200234,1.6518347039147185,1.648318997340164,0.23274585326951325,19.564056318432435,0.034059936878890085,4000.063451512784,107.06154686630917,0.08358250516481114,0.08382608516717927,115.81552437405979,0.07252446488980535,0.018712091152131016,0.03208372291734829,0.12258875511070055,0.08721686588162747,0.017055745990609772,0.4945827393100437,0.001137824956662925,0.12489461927034906,0.02729258168502202,0.5423482850759518,0.5229193222195097,5.710028092531329,7.856248521541143,0.10912689417984733,0.028958536901688703,243.851198219446,6.744823326359076,14.005280457112473,0.8401866370596052,0.005306929716430986,1.5926453325348477,0.004672484400189525,0.027026774971824707,0.0738950229258517,0.1199323518698554,0.022806246493416005
0.14296841756125023,30.91047620743381,0.03893073896309929,0.006077087725074648,0.06318966178085805,2229.282838918899,174.31078060412838,1.2899310484975848,0.22656695110406222,0.016643746625867983,0.015066543883670569,0.37468407083546484,235.04020292478748,130.8983828102401,0.0014710961421329216,1.2822350773749251,3.7528365221634097,3.404036212254292,6.204351713429308,0.14328970557509546,0.08114577842578452,0.01003532138809149,23.496978525857344,-0.0018743102515283994,2751.3065448242614,3.7190918064209963,0.035613566900735805,0.04317374227002713,80.8483500201256,0.084984907323574,0.026404230914533144,0.004463865149361368,0.5891260001026684,0.20832058869588277,0.011623577569674026,0.833664989253398,-0.011734836821607253,0.06509842296100743,0.0022420015148405525,0.16440947265262906,0.5186195889857768,0.05528410893041258,1.1925579753841156,0.040856634587932206,0.04486570008942792,147.8432987939011,8.304279081869913,7.815343245355718,0.0764412277647617,0.6503869517373637,0.07368522592249516,0.028786150066737903,0.010988639325908878,0.005275445821417257,0.0038196628130293675,0.03368652568074637
0.18786255288357356,1.6814200968316566,0.03599273222570254,0.0026301989954005123,0.11801400995172973,225.32754739550077,398.3733381642205,1.06969902016212,61.022338321255994,0.008043953899057321,0.0061960711094259935,0.6707856437789248,107.10153497741824,42.9262750209721,-0.0039044347832408732,14.240236058035006,15.99401733961172,1.327136151649313,5.083086264907279,0.19139457772337476,0.5869519257540068,0.04105281337649558,1.094283821972966,0.18794154434039445,985.9089899410229,187.82227770588162,0.018255851503867326,0.0011501977151064935,187.19006681494693,0.06356388279555514,0.014645790331406339,0.010691317756503338,0.0054641741702194935,0.0030085108139905614,0.13663766962865864,1.2153250597705565,-0.003628268267546808,0.01386949279914429,0.009976854025381954,0.12782709283348925,0.04577053546818455,1.8450366408829169,4.015407910461742,0.013791829038074077,0.018328105651827187,68.04077770957478,0.019053576556165908,14.541886250742511,0.09441020666339472,0.13591780474834358,9.387959519711774,0.10129906434781422,0.08193662453335282,0.11965523073416406,0.008347737343742168,0.0535021683163075
0.04414724167067696,14.999998406748759,0.028467048759912572,0.022786627864939568,0.017453394133312372,1988.4297296558857,759.9561995298774,0.03924516261498745,52.334683037244105,0.018323471647841316,0.005733929754581979,0.2125637164830918,64.38478237149867,59.284649186588695,0.00042167975075546593,6.688446467422651,0.8681796483858975,10.497509692211677,2.387083820647174,1.4529485808687648,2.3851259560271254,0.07305907354299546,11.01882704167663,0.023739864392767096,1117.5788633736306,96.90120788931931,0.022809758185095674,0.004676147303761091,361.4378214130399,0.15019068814225722,0.04321025755671215,0.008824743004948843,0.0061802022462780215,0.4823545014587891,0.12642645977747602,0.28449311416532996,0.00013127552986524904,0.01912603522786771,0.03169360643637198,0.012832505248710824,0.0419651278775337,0.38493080689543113,1.0641343474773715,0.04851106118069026,0.046852310678644926,56.99800728586372,12.383472927276223,33.51498514107797,0.1496698743881888,0.07072321043410401,25.036915257231744,0.09704853300314475,0.008314684306824027,0.01209175749805702,0.05819528087143233,0.034483535577829016
0.016647717114465443,51.51545970330467,0.007274326632498607,0.010498759979512329,-0.003363983097653289,2441.985730671329,67.25821851616755,0.06123118389352644,7.331385143781782,0.1801378160791609,0.022551985772839345,5.351279899789034,165.13121430773623,88.02065650845532,0.005097142309874236,1.2922159754566067,15.330064876980492,5.277698624232208,4.602377914058549,0.19412864392447027,0.30794422849811554,0.05071987848149195,62.99192077800062,-0.012093908198631098,2692.561133650033,108.20993808776333,0.13476443283173545,0.06150140027866158,29.52116035731995,0.19507740687293396,0.026882071329719537,0.0038626467030553613,0.3259408707710172,0.270892564924063,0.13402425678296126,0.9951455736100421,-0.0011600823782949021,0.011344153870961549,0.06635806912051301,-0.0013201647499840874,-0.0007706766920518859,2.9868915326828347,2.540936983902676,0.014121458983219703,0.07177575745006592,173.06076930827282,0.05725172544339596,0.08516831517165446,0.6476279260287683,0.055878300652244306,14.04002057319605,0.02432538556656283,0.022027221408414732,0.07283506656546201,0.045080322063438594,0.004188649602370198
0.013907136762925987,8.790921490613215,0.05984847696172757,0.06581723423340424,0.14780700361667165,1530.122210923143,297.34333147509795,0.9759466104870924,71.70506017627535,0.3284073780549699,0.06809554761005376,1.2018277291851351,102.81243071476577,71.23401712720224,-0.006066889225747829,29.34004500138312,0.7878742684932867,20.11112226182827,6.606495406263465,0.7114043797760496,0.2423390620724435,0.056517555637301875,13.644187491623203,0.1611396458721357,1198.8368542420017,97.52400503066329,0.21487362618840766,0.05462273280591745,139.3653248400775,0.08138481509075479,0.008718339344809145,0.00810451437725046,0.4446064729133239,0.36458052301224964,0.014242642364439284,1.3151177360665116,0.0022014653917272753,0.028250259607446537,0.024088364778779514,0.06718298788809829,0.01016784756664535,0.5963703514768497,2.5174151662495916,0.0027696735038365006,0.0008170104029607828,112.3689965505561,6.792377610721867,8.002386305806041,0.025562729685243646,0.21241524949954638,45.56496419727999,0.25052757599808917,0.04542146283475912,0.06261096137138011,0.03894555488732898,0.0018551927199794704
0.02619013220530153,28.887098532722348,0.26443103015998837,0.029010070653184172,0.0004077155902120211,1612.2757681770693,494.22630906252465,0.3457495451967798,25.25024849200767,3.34582986864383,0.06322135370697879,0.1507340382000395,85.92507565993922,56.282607379122155,0.003962277631405442,8.065488391497322,2.662240469625962,5.364839602757509,12.568485089193658,4.460051512219848,1.1396757069844972,0.04361334668399852,37.18192830968742,0.009310756710280366,1178.1606433002419,40.032837114232244,0.05805591767403495,0.06915854653101494,233.77861236371928,0.05944071258829897,0.00693223692609557,0.007432147237175002,0.03367743994084105,0.043308113445548635,-0.003704571364328224,1.3044250912898994,0.0015134469684516816,0.021451528563547484,0.0011890374657603786,0.18940129951404483,0.04728598180712584,0.42122967385064314,1.8053914619143763,0.001381871363062892,0.016596287482196992,53.56465691509372,0.037630596381649895,17.34796299977084,4.5414730661517035,0.8356414656107702,37.732149018028,0.006039636628143441,0.017692365657398845,0.013055977006401598,0.07749321450592905,-0.00030518113465394237
0.014809239336114999,26.737550573301494,0.09182393591902382,0.007358509274482117,0.07053173287527414,1981.4498665552885,878.4420869943467,1.446482435043401,27.341605354144445,0.03897473169431365,0.019101929191515765,3.355680512112663,135.84801836722218,49.75968661590058,0.004358007799423191,10.3666127009434,11.098019057077764,5.934271044639489,4.370282028758687,0.1755901065724963,0.7077074613279857,0.06104883452405918,15.029436844224804,0.11885902052215247,1343.3751562481987,153.77758310300166,0.11738087209625014,0.10541115624386332,422.8216017717498,0.09678937555934386,-8.574463372834629e-05,0.00014743082684898212,0.36632100485805985,0.22314657267492155,0.04283002613745168,3.4187687400095736,0.00024237733427323604,-0.003134962935164687,0.021295540358693188,0.02831095569039377,0.1035501088407127,2.703897737665229,7.044934048047729,0.04019971999189753,0.006760374353840248,78.60158270671045,99.61103733182362,59.64691484536131,0.03567222920640312,0.02515036310039509,5.651527682058614,0.0780341564365532,0.02471118828800911,0.016872519741027325,0.019099332208020847,0.014537800857433503
0.013873891344738709,1.1584185640577056,0.020432739025888935,0.01927840707058781,0.04790966541163666,451.6958651963146,94.71044534563171,0.12549578671297734,40.15239830629811,0.09324671786614847,0.005641081233294543,0.016877343051262095,27.476660123352026,22.863669818816017,0.015391518172753749,32.9232288393058,2.6206609547458646,11.810551444246169,0.3532736963096159,0.13122194477825033,0.056807310292360746,0.18002776422995304,0.19737417331678042,-0.00016922139136266168,412.2740239476082,77.12593150223907,0.02498499933119991,0.014476256564646128,43.19106036606302,0.0008042157410672601,0.0050642493976544856,-0.005112854211733797,0.03300712336502887,0.036318240814948055,0.10399615063445555,1.5985511872344054,0.00018827759998618632,0.026309669270015767,0.07415524033021992,0.0031410763572541356,-0.005731567696416917,0.25919108638315613,0.9330342846004074,0.03412955773077986,0.04161592630770361,59.69538365572172,12.922105080600005,3.525972027568609,0.02494541239963155,0.02081507631349666,18.414949242877988,-0.014570685758203972,0.03392303710940414,0.08207800348556304,0.03655701309888304,0.03386686100397984
0.01690322517086429,2.2883818073617856,-0.004497260898324917,0.04536811911080996,-0.0015747059190251989,537.2202210142677,245.2282117056549,0.15535908943734267,24.93719387303497,1.0423748952561054,0.0013017081241528672,0.37696077787578286,0.04113446191628878,0.8189887674124918,0.0030395819105155653,4.135964602566952,7.24239224274705,0.47626792246336525,1.8310835490852053,0.4990396762633109,2.5897199200364804,0.07068950323439971,0.20200179917212413,0.170943681657306,322.79285465477943,40.86202091931913,0.009304346400446306,0.04679765257198909,115.74861810122388,0.0006562016031432805,0.003512072432343416,0.0018617478920104347,0.18299823054916864,0.018313487202687107,0.013039068263659637,2.250850505253525,0.0017865535018266598,0.003359839541419163,0.01745763283831092,0.02945865910469614,0.006263906681063247,0.15815050051835655,0.047806228160951036,-0.0038960542582735513,0.011473654103928865,15.01129563152922,8.619765733149857,12.059801644436126,0.7988616847316949,0.13292872783779686,12.420605151969239,0.0216549383189637,0.038260143045547146,0.006877905981719223,0.026114779971003976,0.05557092341786074
0.05472627096159943,39.37432824828965,0.10318615749992688,0.02245565160754115,-0.01663041271868515,425.21963073871956,21.754666293763727,1.2775392455854968,17.03636035525998,1.2945615661692367,0.009868450744917823,0.4143204785092829,19.47381773923643,10.69903222336651,0.001910077072579952,4.407780190576791,26.05282545017917,4.597256533501204,18.303699216503908,0.07869725415107798,0.6587455249674603,0.020983341170418335,32.59986079787041,0.4909779336739355,441.26348576157966,3.1699169238725275,-0.005772071673404433,0.003224150005962656,10.3543768427895,0.031009668175284943,0.015212299375099825,0.012308258143970185,0.11453730141570873,0.16077212698316146,0.02046478862086598,10.050581277373746,0.0007133200625037972,0.010176300211730549,0.003906417556747144,0.5324859633010162,0.42368955912434547,2.4391701887873722,0.6105310240879511,0.013368544763269874,0.027907633265517262,70.18134444152925,0.8352877203269102,3.6509183024849783,1.20324119771779,0.007049082981913202,17.578130115006125,0.3576850184529521,0.04845823453782572,0.09869947059320694,0.003522701210224355,0.022121537391768697
0.0017950006330629265,20.01791360410115,0.029530533356773248,0.014382141395182124,0.006956837695394569,430.2087963873352,312.46946165362203,0.04539395901137233,24.59381210463175,0.6594252982348978,0.0067146174326913055,4.246050591081254,89.73400583954134,47.98065732143134,0.0049740216625773215,28.95565212238238,12.581552024369568,9.966951532952676,2.510657393352603,0.17879140734377863,2.3644183589462724,0.05456797704397243,18.828066408659115,0.019348817239995597,877.4304189399255,12.810125175490352,0.008552899602514152,-0.007770317837638707,144.38574031371553,0.4753868766824567,0.006055500252849733,0.033606884830823525,0.0766588784867217,0.4247513718433762,0.43348399730075027,1.5707841867916779,-0.0016177425526695544,0.01926692488375714,0.00023045131160337462,0.019686989877810923,0.12918198963913508,0.991771562997152,1.4094260711585997,0.0708405150874194,0.07827171218095508,21.96601953401573,18.667770820030718,11.202785101216172,1.2981800676085022,0.0703019248195913,18.95758349690072,0.12503730519084577,0.055173808876175734,0.055096506308330184,0.006930352674052287,0.03092746809178415
0.061711350766526785,85.42489522589955,0.06932497069095955,0.07368113750456828,0.08725487691411349,916.232276149648,114.6288407551398,0.18086873884994237,18.964000440200508,0.3632559715798136,0.01822407377539914,0.0750344847715505,148.50050258595428,77.63771254202572,-0.0008876878017387568,0.3899586389023124,5.616655762440261,6.507670170193069,0.6233728676745036,0.5399345193375158,1.0113170019598723,0.14605096236875337,90.75574571029708,0.0406627911937143,1250.956325407343,83.0082297299414,0.018562164654098545,0.016779222230846713,51.48567982280215,0.005757837157181811,0.04280721146575761,0.00566111780273193,0.28601781617413735,-0.006687583450980306,-0.016171114696551747,5.122373190838531,0.0007731239693304914,0.015579754858264572,0.015299991367499821,0.20081095288820716,0.17144393968481708,0.3237598466556948,0.3063072481652718,0.008430746840011771,0.014106084549554865,39.11696515449064,11.25444173853884,2.694581004103692,0.6397242693531595,0.04827635148136977,0.0228966847316201,0.031584525059141555,0.15266349219371822,0.16487509826671332,0.07218464477945918,0.06013231237300953
0.06767022839833903,35.93537618006655,0.14400574684621592,0.068499768447432,0.032344633717790394,2803.8468386564846,118.48846541023217,0.04683152940273505,68.74371287761666,0.5249884724202518,0.0024344720236681994,1.908966443189068,272.5566443588653,159.65827979502234,0.007157366152152456,6.156320789830176,3.4364691058714785,11.56496633103631,2.2321536492720053,1.48506058740662,0.9433514674602614,0.011768263983384486,49.67268613569528,0.20540590239680778,3036.0309882576485,72.97180363183833,0.08467029824610162,0.04464541893472873,55.687999576361044,0.0011344640273120987,0.0009764686751401186,0.00424404404406431,0.08632142944591514,0.4351096145177733,0.011376777199058274,4.872386318933628,-3.6465103538496635e-05,0.014355873253030005,0.06882799033605469,0.014440581721253842,0.1367796160477086,0.5220564445487819,0.11979291195746367,0.009856874448884057,0.0031841290577316883,190.8248647566391,0.8795585972643059,7.779774333552003,0.09128181038708139,0.247830098318226,48.14229049456105,4.850103220110924e-05,0.006857317112671346,0.0365897307286005,0.05099277461809315,0.003311568620765648
0.014245358328906832,23.22956216497476,0.04268587487701492,0.027478709443530924,0.08258412694936634,2055.617559731184,0.448562183941835,1.6462371635525024,17.21288961924573,0.0426114908733517,-0.0038776353641347683,0.44145814379755066,191.4695173531701,96.18142687640697,0.011545916285825797,7.840758134516465,1.6916667139081696,0.4129445754427934,7.7714284725908005,1.0188634208928722,0.5794776222181808,-0.0017316726678968664,11.654804695626547,0.20148502343297636,2380.8982197248906,61.614337144585335,0.13123578697159743,0.09253344575797673,0.7620095835305429,0.035317844022231704,0.011734287170956037,0.0018851534374588752,0.021909339597523392,0.0050415783646649,0.027526965744229415,0.2858252706684423,0.0019439569878842988,0.059786328973341796,-0.017633229480892076,0.1752469155064471,0.05483860818998654,3.974837260255905,6.452605196587809,0.03167728088324484,0.02756002014710912,158.34022268334084,0.9847161264404907,1.5369631969424713,0.16332737656495322,0.2379428883126744,35.42501626798069,0.03191534303176091,0.021858894479183988,0.05121147692660877,-0.00393387303580095,-0.0004912912409533732
0.025930056287868375,34.09901664300805,0.01313569924087954,0.010976860038884872,0.058555475490415176,211.236296154471,325.085258346981,0.3868713306071738,3.1115934932596643,0.1089044160757009,0.026825073137516142,0.12471799874826406,21.52407581253458,3.7759591932904426,0.006254950131721948,22.2280802332448,10.615458454876812,2.931198184710188,0.20669769915543945,0.13710396775328348,0.8992690594235029,0.04866213105151118,30.194870948848692,0.023548353368012975,145.0995207238859,38.62519877103695,0.12683014744302135,0.03230520441985174,150.53553127782024,0.10130522143968967,0.025926825437746714,0.005913664616829628,0.021773918175085782,0.004250124484153517,0.09184227111455101,0.36056500845108097,0.004173967001359635,0.03942995725379017,0.009930692513605344,0.02415109579451169,0.15472939336029778,1.504236277372903,3.2830170717014235,-0.006599327313382197,0.012743199842304875,27.626853096838307,1.6621534497761319,9.644835705655712,-0.0005534344020556858,0.16672842337270577,12.70124416960724,0.0060525905036277194,0.013095721670450367,0.02513624889984456,-0.0012231255996386636,0.008278135273123155
0.033305593256067745,3.740495831687043,0.10520990972840316,0.03456372079949599,-0.0036134455051453074,186.97500044180936,266.6259672842166,0.011579519165233698,21.5081646755575,0.34647290608694004,0.029190226842807476,3.5818459475238713,20.549638079142742,18.92000845174111,0.0017940736859136663,1.9364896316937221,1.6085356924914764,9.05789309114256,23.834847475274138,0.15578763978124233,1.2095997410785753,0.1627805475038544,25.505493865232726,0.005377622434953544,216.43539560663825,74.62376697026833,0.05176313103981833,0.012129225731880133,127.49366932465517,-0.0027724035650065204,0.03588027480851075,0.01757899376964378,0.0931858356907691,0.21946821855687837,0.03469058812167791,1.9954661305074248,0.0019230048600276106,0.02302080200840706,0.05317643812792472,0.05160472553679529,-0.006712649332855314,0.15702220868652805,0.03608061710416077,0.008938432606313995,0.0014270730642751417,36.95670256248532,0.8851999759210303,12.601998706183775,0.008426830106584404,0.012535341503499886,1.3059408632365601,0.00873821440680711,0.04909433337031821,0.023658116898965353,0.00023275812267531393,0.005480111626522621
0.03853312102609063,30.57164202309869,0.09479357052453885,0.009535782313990104,0.04820256939822709,352.22364106854826,245.46502594841493,0.10190065738424714,9.50374250696844,0.1947917778849062,0.014867417369327285,0.37925769521435804,5.698018107845239,2.9980007644243036,0.0008489155379791669,23.204893917254573,2.101080346129554,29.366700568701255,0.18694925227708392,0.5750389391958288,0.5895605486890139,0.18423214537437804,18.626462876025055,0.027092554148893555,87.78501123097385,10.898995810813926,0.014263571323133384,-0.0009377217810735416,116.30129599256446,-0.0015248566180732226,0.003824707964839469,0.03502665378560188,0.02465622510716603,0.012885608869527054,0.25937858718240836,6.756043676892612,2.096090143233198e-06,0.008635119490605803,0.0002663998503864562,0.018230545097989825,0.017410283893164014,1.2813966822385217,1.1947713628061942,0.02339681528778126,-0.007876331284080607,2.801575428187575,7.062196553274565,14.000712324925342,1.2922817186487459,0.07039159914433224,6.010489496186085,0.0065263001114761465,0.22677624964781007,0.22996225855497077,0.03064845803401184,-0.004529407727385859
0.02785898656444452,5.416923994118698,0.027123463251149893,0.018112603617690404,0.0053867422698417045,499.9782257202436,286.9386626098599,0.39996126550831246,48.30147861479641,1.0263811821102458,0.01803436194342023,0.10237808384172631,78.77172884688207,29.054372918195646,0.0009060234939850531,4.121683023122547,4.694493454357139,4.533074831806615,0.9562078986235845,0.2297218055724919,0.24648913190965072,0.003617010886644678,4.983983356749724,0.03640863016016205,1048.3834936014746,86.9663807224592,0.023822848731416713,0.04232863511215168,131.85552891303035,0.11518316218948055,0.0010341776607125652,0.052863098107507334,0.20449345838227195,0.3183666153760081,0.02704237774252327,1.9326372513374563,-5.945099005089105e-06,0.03363093719689214,0.006424296894244286,0.0017043189106633605,0.039451118806140606,1.87207850457201,0.20908383704677203,0.024010166727356896,0.0007200749647999771,60.0118387653283,6.245636746758492,7.716085584902259,0.17798571802414287,0.009901432573277802,23.807644797738288,0.0027796407971036885,0.027022807709892405,0.014518403532820301,0.01841020029180651,-0.008124032429472905
0.03259401887208746,19.017071708452516,0.030017701476316994,0.026493511842840434,0.07491783542789499,405.7932452641472,508.2582476478151,0.9437047729901868,23.944066283646034,0.2513909108158181,-0.0013655951853026593,2.07688820755914,45.87426631435602,3.193988275125249,0.0011588213169453354,17.162167134036334,1.4685640844286292,12.859453187524018,0.09573623859225844,0.483372839604697,0.6485958535102565,0.09005954741784006,18.22259308170411,0.038916299509162755,198.33864113633072,43.707414337095415,0.055039554805031976,0.040140774371425714,232.408339315077,0.02805677962398523,0.03931748787089262,0.008921408715424128,0.11392164645112413,0.40847020704341475,0.0035974720860689757,0.16779276778172214,-0.00015567823310114193,0.005787116755829658,0.046773103949310446,-0.002721113337808667,0.39477690548282673,2.1590113638904738,4.912563026171122,0.015053482967441134,0.04869858972061447,3.0429990676612464,0.9453419398552478,17.741979819606804,0.51105205121896,0.046457920793662844,37.66475775418668,0.03210962612063284,0.047984405094307014,0.0203138452680518,0.056957319488057045,-0.00022050642859827718
0.07845938125058538,22.393732446163625,0.0074933991954164725,0.03109979534282381,0.035551766610195656,840.9987365344955,35.21856882243861,0.8567170751053155,10.424831909074237,0.02224027471538559,-0.0010102490289876087,1.7645650688966015,106.9869261904491,50.42960284473204,0.0021082622184511735,19.75231579559116,2.020828536003613,11.932732953490007,0.33484771606911323,0.2595918616003079,0.10961763433022842,0.07753674075358319,25.606324619674346,0.10808586066212111,1072.7370716318092,38.437353891625406,0.012410280547693553,0.02634383574074306,15.59933971120757,0.035377361572145105,0.029205138055990787,0.004502425507382668,0.07500013139285411,0.15407085193183256,0.13880044089092358,0.320229445112564,-0.00015330197673080193,0.03311731885228575,0.06773304644878753,0.42599882691546753,0.941301531740514,0.04027882518961601,0.3600341759232446,0.019324922802109512,0.041437448358857765,98.65278144245944,1.6827191804571031,1.5434123271814517,0.2856553031186744,0.19091517785526513,0.5046382589469882,0.027688619154962346,0.003889057071861046,0.01519074245848362,0.018544173431002342,0.01429173653120408
0.015804223933126416,19.418288238153735,0.0533706563333336,0.06786641330320897,0.011660855500662315,1027.4696998587433,13.062625614167088,0.4413123255661091,28.627552443689396,0.005850050204600166,-0.0017426843349319654,0.1365653494424457,24.43335155906137,17.07534902603252,-0.00171127916780911,10.952765806860638,0.5044165283360655,0.8400011023636322,2.7268142076337742,0.23942051523185626,0.3511182417404415,0.09544332773815345,12.030847813054612,0.005839497871884092,1159.1003240487203,4.601534947784945,0.03276799096020788,0.0026552660968235386,5.009590384834494,0.0379328333206681,-0.00457302861252451,0.017287686299154004,1.2538966463432963,0.028253062084840685,0.020110942242514085,0.818347500353779,-0.001549438738402742,0.005208303385469293,0.04372770213404742,0.0008729644895950628,0.02445470182729359,0.2819808090239224,0.4487884318522015,0.06215776424473063,0.042321585696377895,126.05401986015417,7.8596696793453535,0.6677182190033335,0.005089855689566214,0.1407255036627797,24.20795014447976,-0.004246332386821372,0.0038388940245930314,-6.870795027058563e-05,0.0601212521441461,0.02494994980311649
0.03646563943629744,10.24687769112813,-0.02220113048537886,0.013031291009910184,-0.0019751062561335075,501.29387794346883,6.528610116339052,0.11005799318943144,14.360439797872065,0.06686881339443485,0.03198961530643807,1.9069220924025556,52.54246118526854,37.443819205570165,0.0024117423557070694,0.06540299798933447,4.685232285767122,7.476391323462853,4.117100937205827,4.1915493385599065,2.691141032384759,0.007577411950371982,2.421443382049695,0.055609385824591406,597.2121131763089,79.52061794359943,0.07077767856648531,0.022602982162704066,0.27681953826587513,0.07350634295869174,0.0037069525047899177,0.01966083424784859,0.00925302357655955,0.002742090548617071,0.01510652807423618,1.2791484961760293,-5.994780996232407e-05,0.09957581711705998,0.06212554061336295,0.04179314780972021,0.04419866827145036,1.0944383288074677,1.274585558327212,0.019133882710806738,-0.008931003580647356,18.09338844004967,2.8428129544568135,2.233740803031046,0.0023345538744692362,0.1660793405758314,0.9592010066524681,0.025473936601699165,0.024440165121592194,0.021318061299830937,0.04280532858941921,0.005121681116082577
0.08325714971280185,1.1868175574904996,0.0173714294842382,0.09623426353473885,0.033019608909597764,337.3657969142716,187.0273458914813,2.520850612291447,6.359440903855901,0.17295101938429625,0.0024728428037308348,0.1476703505421062,31.52385459611783,10.982017127295459,-0.0004821090719389076,11.772302186526561,26.33410072017113,2.3307225654365658,0.4994154070988266,0.2931286125156163,0.10275346916946759,0.010606948843924435,0.8052875055693436,0.0557903825387287,156.5853169298127,43.05559104589102,0.020080821290676454,0.01797648949268371,89.03453922462438,0.002654244674194395,0.01514342402890101,0.012640215529991394,0.3915982075783093,0.2737503245648618,0.1217075110588608,0.785262083028365,0.0009668718270168242,0.05567854725183263,0.004897922925716891,0.008871271196058572,0.0037301203013377915,0.27671173552687556,0.6491479886557974,0.05196941454209192,0.02189780608781078,10.546280849085568,0.11523030742435214,8.79532948829564,0.020365000407716494,0.20287373966802846,18.17107416753214,0.027236327218213674,0.05160393275738695,0.09763663881382101,0.017981763643096116,0.019085088177713594
0.023184699530212072,51.71081262401154,0.011991412856890094,0.026595336118406365,0.02406339558101589,1868.492706371727,128.08754600832833,0.09837431550101883,62.9557064923063,0.4264601845143634,-0.0020276129480620853,0.9308151724699529,210.9667004163859,104.51885116759388,0.0023770932275741785,35.6815916900052,10.529676395074826,13.095297862459859,8.672903060154443,0.090343254581704,0.07852979280109018,0.0277336481977013,39.41800318821372,0.14838908214750202,2170.201629189892,122.43065018082615,0.04876066369641663,0.017449807222424063,57.92646488770051,0.00718087551499913,0.00664154640584691,0.001616658479010269,0.018640275490318103,0.013104224619882032,0.06705636380822444,0.3461623770015212,0.0012013011743317037,0.008412179828895638,0.012787043954325839,0.013232758035933045,0.03431260749880671,0.2261604851548995,0.22555038665856308,0.009638913827004103,0.033105881708233476,104.38910367566865,7.872494777576991,3.187753043570897,0.13730696408206278,0.0322682186023453,28.16307738168581,0.2985090186735935,0.02725293833231568,0.040946505624779306,0.034693094145282544,0.009309613047485676
0.047746334273873536,31.706534168816496,0.154524635125858,0.031152896988771772,0.024419147902875693,56.50529157193198,208.8817679290762,0.27479067374245947,20.251283196724557,0.795249683583152,0.018519540174168014,4.990246283760557,44.84229679700347,5.227958289556694,0.002678041326849012,29.44072824907243,13.392973070330102,11.016226037343122,7.330487239135104,0.7492571240254735,0.3260464056220256,0.165170022048029,41.7997595210641,0.2741643302629351,283.2134544449053,107.62589212817716,0.3299886788076165,0.027804808807454506,102.54368990739383,0.24192803277685115,-0.004942816359800872,0.048107903826100085,0.0672554399124019,0.426209466011942,0.15642875318403604,0.6931178960058393,0.0028462007463794237,0.0073884442637357495,0.09931585599676218,0.0317959175338256,0.19116995449488172,0.04853012544429003,0.7343968170328168,0.08804877378915066,0.03060205102504554,16.945352379964895,1.8921375110933987,21.859059987651584,-0.0039291712308031634,0.3017844688795748,2.3845126418402183,0.0025855265091436763,0.09490617768080245,0.18273172531350834,0.16732690489107238,0.04124440983143174
0.024110315246832492,3.8230463888963193,0.026314360714609464,0.019118830324588387,0.014342762021121835,1307.1370567474028,396.7652897857015,1.097264746144596,12.879867902817807,1.5836217436407525,0.005066352367459892,2.2096412077365626,0.6350470779886193,3.5758323115077744,0.0007826333635669869,12.246260946970036,4.06111143780676,5.241750174705487,0.16192672122080332,2.3947921862260912,4.082655221898982,0.12097357500625172,1.23927160479664,0.02865822406809837,921.2952920226286,0.5069661771967731,0.04753384757987256,0.01617617742617572,184.43402584393218,0.18735386112427488,0.046728311953300405,-7.829178766716183e-05,0.17987736147860023,0.024943607977735205,0.01631192336935161,1.6104927801188964,0.000763505874820325,0.023453663779284817,0.015649503094611106,-0.0009370399114310146,0.1653458622692039,1.3034452142813366,0.11152538213004082,0.05346505449308392,0.031324276374102844,109.48884975830052,0.581179135142901,16.417241644805863,1.2031923972311658,0.24076183695980902,10.36281620949855,0.017322723169159282,-0.00046617300990625665,0.010997702646913687,0.04620907526105178,0.042013680080226656
0.05195418350211334,4.916346902160413,0.10129127592064968,0.11748074427606081,0.1474486286756438,989.3576858919865,430.2028304928421,0.05794942467644848,10.167663305526775,2.087183309777129,0.008772112228765394,0.09214487671873606,65.4125549884061,48.86064437223672,1.4633752946302536e-05,23.322609272746107,13.214548432563921,20.677712817690107,10.787985633494861,0.2605329239869274,0.2708114714206058,0.022032257531190425,20.885638115476745,0.016142757089030013,527.8393243777547,6.975661496386994,0.14840309453092626,0.05228867949206162,202.1960616971471,0.19045875451983818,0.03728605544412478,0.17652487023431984,0.3407596610546255,0.001837693227381365,0.141718373754264,0.9955418677298411,0.007235682159848267,0.0934857215019953,0.0055080806250122905,0.09153876791578597,0.2941343022577856,3.8085184327940187,8.117433319556026,0.03575306288414737,0.04781958275620646,13.422099953033099,7.267475793629764,22.63799905474793,0.7278502661824673,0.5193283926295269,8.767579316001799,0.0934794255738316,0.029774442378095678,0.021447314734570178,0.007941354048665694,0.013679032117372536
0.09307614990694724,45.09436831406848,0.5024216841967037,0.08353532828648902,0.03458617693333643,1687.6561962368517,320.8059739479671,0.3061082085211968,0.348847612326324,0.014872570731649937,0.02258221536642413,8.314266090613913,109.90831498425045,72.86189319623509,0.00933296637215797,8.658559575227745,0.07905376040663903,5.252500019864772,7.41287898039235,0.03944261030097884,0.656946480914474,0.0234384213263521,45.404108378043105,0.07387795741302217,1448.6013737377377,8.251433198216995,0.0576825906453724,0.016545933210749375,146.9364291938191,0.07653253139984972,0.022818831460592826,0.013430248208146978,0.1250698455975181,0.2724592667263952,0.03213840935322132,4.426657546574033,-0.014749612823500513,0.018695269242361867,0.0019776674741276423,0.07482589689134755,0.09179177325231258,0.5522243501467301,1.820463840911911,0.023163690846343066,0.05379137143197177,98.87843275207928,4.947622003434375,13.141598447298456,0.01325842703672997,0.017963985270315064,2.3264508145913823,0.015106118063533458,-0.0004661373936389879,0.03349110898526586,-0.001319975402857665,0.023375800646854294
0.02031821679042256,45.01259706157498,0.014431934107864919,0.05844696538844385,0.03432914876351312,1317.2062721971638,12.218173090686513,0.11945297008548206,21.0139093847964,0.4657306568757784,0.003936141883941424,0.8244563577853858,107.08820665841026,65.9080214513001,0.0036910688936222513,35.471754141030395,16.610609129533973,9.293236711817404,0.14700751480300234,1.3005805898429843,1.3429150218705983,0.18463826050046794,45.30077682980643,0.018840495666629486,1468.4136304532874,3.9956677248327397,0.024438503701714076,0.02688162688135698,5.629746553099085,0.03169071150480374,0.12942490585851285,0.06976393946700288,0.02386095530413712,0.10928623029447859,0.011131377851275381,0.0847737167321716,0.0014142159787473574,0.002186855188234027,0.03050609820007555,0.012451244306928011,0.10910138670319824,2.6539870487166715,1.216839165857074,0.045748518314219666,0.12238319356265315,86.4552831949254,8.787567502537083,1.740693550963596,0.3161650877775415,0.06520070177964055,23.739451116738095,0.29743850892023627,0.0030879484826131787,0.023566575117152766,7.210844335236999e-05,0.011653875773304456
0.01889595752246187,87.78451965351636,0.04217139352188859,0.059504472265045294,0.011996278714827113,1419.1032503236722,250.6424331873845,2.2399771213591793,26.30479560656386,0.05797678462022038,0.0019781187814151835,8.228446660963012,121.67411944113441,47.2991150928234,-0.0019655968363716525,27.933848090624924,4.020513049838239,14.031464150874324,23.22730480087618,0.14296680118603167,0.13619245511990385,0.1293240049179074,62.9773647346081,0.022178018761765728,1999.4494068841366,45.206999543785464,0.004781020745052267,0.10645151032599376,115.0530053952377,0.07197451236965957,0.019311616847009994,0.01647950569540857,0.05291640005613374,0.9470086510146007,-0.001585093103822821,1.249986513496025,0.005053828632270552,0.09657585511800271,0.004576816857190913,0.0009522346934565107,0.0011509577559793982,0.5636003631297681,0.2129362058335298,0.04278934532735956,0.060212984392795654,156.60540747781994,0.009322564237236541,6.5469923145542035,-0.02319378539304484,0.12325856781495759,12.020204994496975,0.013534421848372169,0.08298378736413081,0.033070363422079474,0.007517753294186136,0.004795516782380993
0.03683387484622003,6.890462856520367,0.060018075147827865,0.06958482571874214,0.026955175044792945,89.12237889022389,196.1167430766555,-0.0007950677855879107,7.348920211521632,0.1543250518747712,0.008610781732890871,0.5207577198070004,90.38283549338387,32.88472730976812,0.0037856319418096973,0.3998954115576421,3.8846371374041873,14.503125836148895,4.002166382252248,3.227070242069141,2.230492434606333,0.15109285107642023,1.0554401899631145,0.07953561402638165,191.1892070314986,6.646615964621779,0.020966393269496564,0.029961576357088404,90.35149908442165,0.04916869745360497,-0.030428710465741027,0.08442689984839191,0.1565597350472956,0.1806770844941621,0.05298293842850299,0.08727823451522188,-0.0005979336879979869,0.01308894818289108,0.06578468396725512,0.030057093766223453,0.06263442176737932,1.5859651370588024,2.8837308415561598,0.011094321026180687,0.11312173190684938,10.890188406016309,0.03263378324615562,7.575929503941831,0.0013772059568548656,0.5185157274313221,8.457951087516118,0.10268266180927643,0.036066829266085954,0.05605914762282804,0.03375675255934407,0.018232547139388267
-0.0032969625979983874,53.24136343453041,0.03832658555390367,0.07063554141963557,3.8011614277855665,137.4088288968432,388.9734043156384,0.6332392351570579,32.859455914241984,0.3789910037187232,0.004100389760050227,2.5502125733485697,12.977101691777861,16.518613612861447,0.027346152723883854,17.066240515369827,0.17200084749503208,10.440014880977337,8.203344692557884,1.1233161974172958,2.176559906786655,0.0033618159757971,37.1605297510301,0.02969972820515121,280.04368875781415,66.31831999955982,0.009774603496144785,-0.0017234132761574372,180.3037012885929,0.09389817044282278,0.09136357733251543,0.010294473338919197,0.07254067402234377,0.5073823722906754,0.2585488367923121,1.7370612584303728,-0.0002299113316723833,0.10162099267621638,0.1291597685564172,0.040210349116630795,0.015077324022805705,1.778038783507589,0.2846218821125488,0.021285331429516496,0.03227773011031676,63.971943370055016,10.783103229391273,20.68797597235284,0.2558296957891546,0.14782108333140354,15.855790619706166,3.3804063680897842,0.055572840353710795,0.09600587483966283,0.14650589659987823,0.039845388000272486
0.033444896721235295,10.456763331985654,0.04046452926263555,0.06888542308022139,0.027681836983360242,68.57944087608897,15.248526888046076,0.060823613299832324,38.087108641897494,0.7189527829588673,1.7810626120606798e-06,1.0307878478539596,0.47650804351582554,0.07841107951380799,0.0011990105061352452,0.31505759331614236,0.23056738119815012,16.56004823881392,0.18181261147366712,0.1408855623566314,0.03382974780421755,0.061573942022895345,7.9618734067875785,0.016309283680783437,141.34749030282524,111.27404252544332,0.05279223959846302,0.007972776316734098,6.031437325333908,0.0785218422677394,0.010383545161017693,0.04230000105527676,0.013867613970597326,0.21348882935121516,0.014531945182670647,0.18540517047048688,0.002741982623003736,0.06746241642255235,0.12741775898252516,0.050750947185722595,0.015718473793766563,1.683945368347283,1.981660973649646,-9.541214681263455e-05,0.0027698242954681263,18.871131406535202,1.6310522717763405,1.3033810304854994,0.28927148591983354,0.193132307472899,7.653314731933808,0.10142739241174681,0.013944982939319672,0.027618011619817473,0.013028620465578733,0.020814904542049817
0.0721313427415824,8.659307889808609,0.02801935836143077,0.016356798720060794,0.43102971086323283,1413.0785902256266,48.2462970893703,1.4337554611386452,30.019880681311815,0.8079991064166734,0.03540288871505748,7.37490171105721,143.2680061316268,71.85556180299095,0.014946456127527874,11.215281226120869,0.773729207563564,16.588820386689143,2.0239234998186006,0.5854365845092842,0.09000322503791391,0.02318121706754983,0.45287859805074504,0.050586995331801,1768.4060464955526,73.8941895889999,0.17341509538988475,0.1028236408568377,21.280583041696957,0.04439634334779097,0.03070879017328121,0.035975709746609574,0.012075938531366681,0.31440617642344115,0.41013918768379654,2.149556147292545,-0.004309364761583723,0.25399024954174987,0.33724415891460424,0.06125756880687927,0.2014027072435578,0.049385869887518474,0.38989647350276524,-0.003135656531665809,0.06116941325933123,127.32711211446225,0.6992180554076883,1.4172362506381635,1.2622200814874205,0.39772756063942527,9.012201194178765,0.13272714196792812,0.0016918307329403248,0.003097689656571312,0.0007364493065757927,0.0036897756267597615
0.014343766308524408,4.031014143641608,0.02638970033054111,0.029642599755668186,0.3357230071509534,244.6157320899078,159.52241108810773,0.07809502037217264,16.22443373141705,0.028859210452602646,0.013173027120320313,0.027931391276545092,1.2948878393512837,0.2594222680616447,0.0029563445842946123,12.223299455371476,2.3184718856757494,1.148844263985894,4.1740218082178835,1.123295973572203,0.5334100442906387,0.0034787392435768894,0.19542059712389293,0.01663391300662198,99.71852545921605,31.589450098994682,0.011759679563343894,0.02074037473225765,72.15873959393329,-0.0074206451445189,-0.0030446860558956956,0.01127714801357893,0.580363980446033,0.019136252907985707,0.010376929621835451,0.25628339884324447,0.0005169948016936488,0.07206083850920386,0.07545741944519868,0.06392460992990223,0.08690196537296213,0.7725273908265429,2.112090464323728,0.009182568973340466,-0.0023483844291201095,0.5291891159439777,3.7053647297574006,2.1847145081785166,-0.006281327188824903,0.609476211978329,6.71546262605456,0.09244634953303255,0.002734808239322817,0.02654862029955396,0.003686270154072524,0.0015440717062453757
0.05565884268468313,16.38701810872486,0.05911563128406705,0.025651702453401093,0.006424383099693287,1830.6361053786206,119.67516333004242,0.7023972773883731,40.79247295343004,0.5082063381992947,0.002659802401347555,1.4014117569860867,177.6543451676433,99.9650203811649,0.0017027023784796924,0.5760295854953634,1.8101866493296166,10.41270372687158,2.7062862014067495,0.18159470627311247,1.1880613191565255,0.03149143134197008,10.052399957008983,0.016360197460919323,2281.040871083236,53.9939802133843,0.0661884859961015,0.05101528809100575,53.60445972779731,0.00354249776814175,0.00848825819527299,0.004125425264768445,0.12170120002615992,0.0995173962172684,0.004636240864626551,4.398833136798857,-0.0002016748230193599,0.06898379706451507,0.026618434820623094,0.02952272595991179,0.0067769852220669335,0.24282097091404165,1.8127675495648612,0.02381006772337546,0.012104647271524271,129.80842223305933,7.133818243392526,2.3024835218171056,0.8398038433517261,0.6374830441128516,24.805672583120778,0.014884499114710792,0.04241719370895325,0.009201820753490075,0.007745017112412711,0.01059388681353024
0.038485537113434276,28.84950296298202,0.006875199818963118,0.05879640809332276,0.0017174647039803759,206.9112916730372,238.47402246294865,0.14980307431548745,35.50315084250656,0.04820675164482502,0.004290825001312726,0.07655182711154929,48.503333583138385,14.556939833151407,0.0015604095134014173,7.745776744309321,14.924834593306766,0.2398636385040156,13.218144964747825,0.4989773897290508,2.5821279343861354,0.1822282008715126,17.50870033609687,0.06616226562330318,137.4696601569252,37.967978707590476,0.20353441260743121,0.03774234397859377,112.98387204342691,0.030344931666781427,0.06614536747641431,0.026577820651736417,0.005782049607632622,0.0024010467397834745,0.037947761345285436,0.7813750797419985,0.0018929737270374503,0.04036198883672881,0.0459024573887401,0.008862992032976358,-0.0012215231145464855,1.7765950385891367,2.511930217842238,0.031034138337521,0.012673208196209984,15.513727814696555,0.7091970590203687,10.60012929648507,0.08375528495403373,0.5057309671045669,24.69173111642987,0.009947799896720788,0.07325285388782188,0.0989713202074487,0.03929966180805877,0.045860564687833616
0.03828264498419731,18.831164222054806,0.0653328069909973,0.1298622344908935,0.002918190222692907,2524.018679021453,84.28275168078707,0.03992077633113755,31.431885271178594,0.3689653904620549,0.01574778766828988,1.4396723123251158,255.62908043284924,137.35481731391607,-0.0021061337181755846,22.420526879616705,13.83532888540157,18.724325881218967,0.6375747043827085,0.029290967789662226,0.36880626340660516,0.05092633699583349,12.19944346575192,0.028736468740500953,2713.7081973136064,20.18831132689779,0.01970221859107113,0.03630822931182287,38.740488695508894,0.03181127158433039,0.022159783611095385,0.007002581877277869,0.17965431575451074,0.04976483339730464,0.07450607059824055,1.8476618280222477,0.0015116300195758825,0.01968032220920346,0.014329275110367412,0.10497088412689948,0.20588680295756223,1.2407934416932997,2.1445529954215035,0.01795191557331144,-0.013392295843024371,132.44778637679443,7.213621987247156,3.181010449132283,0.37494343003001873,0.025844811599569084,23.553050286663467,0.008679402128504599,0.004443068034539088,0.020993673379351208,0.006058142444515191,0.07900638668632975
0.00851110281470202,2.211454950069247,-0.002247471084865893,0.011068930277956746,0.32914346556027674,1708.6909929264339,179.65635380561807,0.9894892123698709,56.849052370347394,0.002801048841859277,0.005167401394851723,0.1318737503025016,118.11518830464402,59.82553484432498,0.0069728182138470984,5.124731569894175,5.240297716602935,2.439147981402301,0.18112470499791922,0.15941397942042634,0.15939410750304628,0.005390381223505436,3.017356539976131,0.04673989302610604,2073.4183975250326,95.59154335262862,0.03191807805090807,0.047913263065018974,80.28495867156433,0.026861127284449893,-0.0011354897740565306,-0.0010532210268623388,0.542126986563078,0.09898169651014754,0.012810698362469175,0.6169648670230492,-0.0003848860941717547,0.07456055201245526,0.01128513893624028,0.006426564194591755,0.3092314537884855,0.08101000923529345,0.16960220908871282,0.04250256883946868,0.05464171022769282,164.57935955686267,0.6909041473764859,3.4586617919118865,0.19967823579648858,0.027347791093282225,31.655229189937433,-0.0031158986910346798,-0.0005465535749795691,0.02118174507221049,0.003367771494777294,0.009533554708142766
-0.0001347479547773034,3.0852557669075766,0.015430494272443696,0.012440946135352071,0.2706136214787982,1394.6583830074019,110.92094967344337,0.02621496153189451,0.48605478744764063,0.6309521133058382,0.0129323646048487,1.9527013868154297,170.20319404534033,87.68437479632077,0.000917878830404284,18.45948439032063,15.311763393383952,0.5421526215567996,1.8466392692318365,1.7699083429792504,1.0170046855497121,0.024343069476907786,7.785293728225397,0.014619205985217931,1371.5804945182535,90.53795992891985,0.060606546147426776,0.020418040747226307,50.87260715748832,0.0003097565703606975,0.007453647572209121,0.055795388604982676,2.0456095804004546,0.051715293787848005,0.39576366715528266,0.4984683529887475,0.008355575819920524,0.024242978940319126,0.017450408758553415,0.10691905547478697,0.03784668373906097,0.5044034186666115,0.3701744895733894,0.048687974175110504,0.025647338623680405,68.7493957268011,16.644038577067676,4.274147625073701,1.7582119045069122,0.008986924266819685,19.718353050196868,0.47005141018314855,0.013461810748911951,0.007986407475530477,-0.0016234932052077156,0.016590012906064544
0.00962871266057519,9.601218999577316,0.09395872595711108,0.023808144680228516,0.05802839219973244,655.3642721348551,307.5235129393154,0.04377349820772647,0.8969051785577093,0.12174507920739686,0.012916767699082676,1.4661962250984075,7.252574611982885,1.2273928283708306,-0.0004890156344083962,7.295378244535785,16.612028227263508,10.522453015040368,3.0442472549005597,1.8346002343653032,0.9738838476186196,0.009082434686059848,4.106161245992785,0.0255302512649509,235.70317520225427,83.75784937038075,0.022393998651200064,0.026442962247003265,144.88685002468242,0.08084847543322127,0.0008721285229196241,0.0057685778984915,0.056580907639997235,0.562207241593752,0.4489430740546432,0.7002557383322481,0.00023749474742551513,0.0036638495396443815,0.016336832876191032,0.01824971583353463,-0.0017262370958919249,0.07695644280789438,0.08075264145637995,0.0419920937034135,0.07153843972088136,2.088990227264455,0.834348150405436,12.557353798556251,0.8137204645308982,0.0876171044251901,22.588823549042488,0.1864948228397587,0.03519664814568202,0.011665721880334878,0.006298230524977022,0.014687147892746388
0.004102922735988557,40.62290159706154,0.033631718028098945,0.015567578193256715,0.19609285308247326,1735.7878660348892,34.436124733896996,0.06786900871857604,0.38936836905871974,0.08712816412445701,0.045347158491738426,0.0895543523991984,174.2667628849536,83.52414824104744,0.0032931427656928136,32.178305019830866,16.176684743726494,2.7652062376539943,3.8371851390734433,0.8632515583190417,0.7350297596337416,0.03239071943926852,29.597559514003827,-0.003953137722166211,2096.853709912173,43.591788479680595,0.0690701626637189,0.0017204157396024655,14.486897020126644,0.04532126647513923,0.2960512702099738,0.02001200781234136,0.03696289095009675,0.28428607511246096,0.07753094082712497,2.8197546729946437,0.005547257451944176,0.06523515601583796,0.03445985827235276,0.43021617182621075,0.48271750966297233,0.1436340980284685,0.20777614706728897,0.013615950739137794,0.052092626378666296,79.00111374847583,5.105246109590406,1.6555177928647185,0.024413295345886432,0.15782449181117553,9.938011052095828,0.24776553002172896,0.0022725723422434285,0.016358569245354282,0.0473431181079782,0.008573148093855565
0.023556498672342663,11.334748719259,0.04209857299538733,0.02844887556224407,0.03334074380456453,2188.330537249373,30.48472613108054,0.23695433698054824,12.667106763650228,0.27046735310352776,-0.003351703418410068,7.166486622588665,194.6769603179004,105.98088293807518,0.00560556890230135,2.761484862585611,5.919181762578229,3.0462859487285217,0.4770148804630301,0.5414272093089378,0.3000930235007697,0.010862373308717643,12.713062579779987,0.11187614492826281,2487.116401175964,50.8541400268583,0.03669673348756408,0.014754680760413308,14.565908345294979,0.06943350625657718,0.03362402052396529,0.010424105384054805,0.2732236042286065,0.004832907288523813,0.11502772184777843,0.31475693409446404,-0.00046504379451750566,0.0038336999862584875,0.005287725562618917,0.0114865195227285,0.03103274193408634,0.4861647841590786,0.47586737509831867,-0.0034757177395059458,0.018275666113175326,147.18589598548175,1.248725120769044,1.9369320138314423,0.4362671977642121,0.5095853997689881,28.05379887560213,0.02080369514554281,0.09020484723792332,0.11475224463529532,0.0033524198611036837,0.023720383815389212
0.09584243777945467,5.2746428980458875,0.026257559142295328,0.013526591349823036,0.1486863599870638,3080.8410047406846,571.8135697966468,0.06645425433552266,1.0389625263972677,0.23966756161412572,0.013612438681485983,0.022702723688767357,477.96146585656913,223.93099376042045,0.002027578091633231,19.653782713186285,0.2821392504596423,3.0057148740204296,0.7576449306371282,1.2782406693747985,0.027051342172707216,0.07922499556806972,4.311873432820776,0.032251730593688244,4249.19645167399,34.67083116554344,0.0871437115671041,0.03808622679610263,267.9570704883743,-0.007965457080458371,0.01599841847718597,0.017040185606521874,0.027904147259213197,-0.009791567521007849,0.14133012410717338,2.026972213944573,-0.00013018381148999225,0.02152113724140481,0.033079590510936896,0.024522828517810957,-0.0005532277858870671,0.8874850643991463,1.5977270499564762,0.026995920900346526,0.005665651503113267,261.00976471738454,12.72811212293347,26.885434764332892,0.04976648493871583,0.34293376972632483,3.658939853033746,0.009643405386402293,0.06733044495448048,0.19575709874372738,0.06322134837857174,0.003789484469335136
0.10291832820490576,43.27474534654299,0.022665226155226925,0.013345870016764572,0.0034041306889323053,1689.864853824186,576.8063860455437,1.1800238522359674,14.707411672997672,0.2403349720012864,0.00770816960341314,0.4836861450681864,128.23134550513453,82.14119745722878,-0.0021964051697525022,0.624832668710213,1.0114837104650585,11.850002409067798,1.9265994289905963,0.3648102879803261,0.6271077239752723,0.0489210216699032,35.445404680865494,0.022345353283794722,1003.8128759736561,152.059969118369,0.04781059901819518,0.03655344797577609,265.5865430501724,0.0007939265093463987,0.022453085541271456,0.009266637093514163,0.001118782424674336,0.17647563063229033,0.10661108317177703,0.9814750843498299,-0.0016551100821384779,0.058464804209907406,0.017871436193794388,0.23418058807356612,0.30195773355780275,1.0156152284560322,2.8769136058838436,0.06261907643636277,0.02331589986404925,37.16971017776272,13.447795878312423,19.370292553211076,0.4038595989472258,0.005731822632098371,19.18628516344308,0.009402886677188249,0.014862358284578825,0.02899149961472336,0.009488672542007137,0.028670832637264
0.005714093730159853,48.349171452770946,0.0013588386549070464,0.03515905000575792,0.004049238574426184,594.2165418262891,131.18411226462746,0.05869436989852783,7.382528307200014,0.08161286980135429,-0.00563860023620677,0.5709452674420472,3.8891596055366815,0.8097555633320779,0.00040393877581657023,4.520919584911438,3.744747152514993,4.23539685920159,0.47616396768933456,0.5213676993112895,0.24435399879416764,0.010229796298732552,42.96951200331205,0.2713798019442297,465.2342186548667,54.72840648698491,0.051961559014457315,0.015151573822032027,59.04787225173351,0.034843131654403336,0.004247426886819561,0.015573707531981285,0.054945212342770944,0.004014630692778631,0.11273813844058811,3.2522345804927113,-0.0012511711912059909,0.008662345966170548,0.07846795216494673,0.13086872152223972,0.13889715984064388,0.28319577234222315,1.7780395193386997,0.006438966253681677,0.019135871810582294,35.66861274505092,10.671298857292314,3.668710785219993,0.07738914152453358,1.2793460144729263,1.3159509653824735,-0.0013084606700548562,0.01267337823401693,0.036731757002341325,-0.005006691938582719,0.01238379754772545
0.03222655313566136,39.028330685337664,0.01006941508806225,0.03525631734982593,0.09617675224078415,737.9502266757289,110.96366601430803,0.40951931021156796,12.898382636861168,-0.003221284670490654,0.02854575191351927,1.6229108425304721,38.83257578532559,23.868650073633827,0.0010283758556095535,6.129932072059181,1.4581438050610886,1.5014765459883757,21.019639829476326,0.6554072887652413,0.23762732373724038,0.03892184185602687,19.04706763381437,0.009358287371806107,593.1259416630704,59.237249662485425,0.008977395471192473,0.018079265646147924,49.941337135472786,0.015570272597508428,0.016668861166573734,0.028041470047069694,0.09449062292705968,0.08794977903864698,0.03733809763523244,4.251056950281101,-0.0011907221171254534,0.010702391552058543,0.12303832782999802,0.08439117833837972,0.1807625805688593,3.0893188016957316,2.353807856989156,0.007556705089588611,-0.004060376497611706,23.844181336689907,0.0645601764611472,4.689106175362158,0.008386538484710826,0.019826354405879876,0.03659563472388694,0.025519246642254245,0.12798559617241168,0.1575751779601431,0.01691858519477396,0.10033995107033977
0.046297718245947195,91.49118331284888,-0.0009069247376105594,0.030093996869405615,-0.00029146059187468154,864.6192651001463,132.75108189080962,2.1084275333354805,46.44274575831301,0.0728019033870364,0.015105838081034939,8.586146291810834,128.32229047535506,77.0355392106256,-0.004861190913973523,19.0932548067323,16.22965368813421,3.0407556061831,1.2884002562652128,0.42127982786562335,0.0770287329201178,0.02122267453587856,78.60004349792823,0.1889457407683066,910.7999586622833,127.4027607753248,0.02666037038315494,0.036448255229806215,62.340629341502485,0.03927650485935974,0.011864453491033267,0.013906199093955074,0.0939230513807372,0.8723342558530875,0.27105494718807144,2.4812909600224016,-0.00013493402496234097,0.05809519346294767,0.07563766184924514,0.3740209289223113,0.5675079806216212,0.862985665323067,2.9161289248434867,0.015317426812009316,0.005568181198425393,19.691398821097312,0.011531894845815849,7.814542413639898,0.0026781745713346794,0.05831159044944112,11.811036739420679,0.007908526255719472,0.1576530813434971,0.26783830148551235,-0.006374793344484431,0.02216945782228219
-0.0013994442653402217,5.188231091884358,0.04250030336962585,0.01842095182806247,0.23396681096383443,142.37334169941138,302.1696070275426,0.4896364089966685,21.325769212951762,-0.004448069124145526,0.0020226170985440106,2.4365219526124227,3.2611533755370115,9.833391791266415,-7.706205015001188e-05,0.7880741963039197,11.045563645786734,27.482284123496648,2.807635585029111,0.1436313958342481,1.4226267753467177,0.15501576163054942,1.311676930794289,0.03941573626959638,552.7443211322409,29.850644202091047,0.200165678317064,0.1849788163888091,139.19538561911574,0.06551179671109963,0.03189687382057027,0.0014374686340294929,0.5805122629496742,0.13287756156842168,0.008710183218627598,1.5456134071749617,0.0005893765962925457,0.035861535975275416,-0.005892466150267062,0.013396099582211107,0.1220716816164007,0.1383564486487634,0.13137209356815305,0.008289541065849448,-0.0033238499216521333,110.39534025066945,5.917511447357818,10.33592264972567,0.1775567392170876,0.20518651237928687,14.48443695049455,0.0356448903078217,0.16474052116583238,0.08180699587758866,0.13496614276541408,0.04308343022811911
0.01940646271598112,20.490093013087908,0.02828208279828104,0.012948264390702846,0.1431148174768042,988.925697439873,395.35963664769736,0.3533775806354811,31.15934969398409,0.11815138654001522,0.0037371713888845193,0.32261218049491625,83.45990300272078,56.96206633676328,0.0017812071307279354,3.80106229721998,1.0008092150895713,8.91803613083072,2.2600144079528643,0.0671105822237541,1.1327530207270904,0.08105957544728959,21.568047804776775,0.017093736938220694,505.67412751839925,76.13459951813059,0.08191994931765123,0.03662681872894069,181.25024893094368,0.01280111494803382,0.00020888453607348367,0.007878575444877356,0.013019894714974,0.1177744016263027,0.0065598656852357,1.2531366350992297,0.0007910932638113266,0.08907869243771671,0.08591227385992539,0.004437816861594612,0.03640296914097352,4.081366005185602,6.835972510843137,0.0024691903085667377,0.03470678268877592,11.556912726098018,0.9379343626880052,9.445627756291486,0.4692846451360424,0.028636670563794375,8.934872882358633,0.07195232192648504,0.14505872696820532,0.2507194092274556,0.059493228893781946,0.030781620876500604
0.050148441970326196,16.863049393236818,0.4047265163117135,0.16033685711402867,0.12583862191185968,2646.4652623694387,108.42433840398874,0.05657571218434132,67.52015388818862,0.02696784444580924,0.0010762630147054253,3.3279289276385837,283.90466817074594,147.59554085968955,-0.00039475372511077467,12.667385803342547,14.905713600736366,5.890094974096399,13.964565425348717,0.4070506325072243,0.24533357816882173,-0.004052547852599453,32.966194704169645,0.36958563431867386,2986.525378657643,152.41855253740056,0.17176095062789098,0.027184686684927684,43.905799740129794,0.006746284500976252,0.02077087966729252,0.0022613414165375545,0.09703514134075242,0.08046216806804463,0.15173466358022747,2.412148765087241,0.09739017680922046,0.03892110404171145,0.11172018381126758,0.7061218508046698,0.06832906268463645,0.929614776397651,3.0900983267933855,0.020005587136854963,0.00808110040773613,213.74906032397732,14.834222235920588,1.030943047025513,0.2713706431982672,0.6021761343785235,25.85113544409304,0.686872563659036,0.04737013848727667,0.04602228756178128,0.012798925600597144,-0.003639862707652597
0.0722042136268577,18.537796864206648,0.0053914383026238966,0.005081523474900429,-0.00030597779138474834,868.5013561452267,170.69370457888613,0.6886311329281352,31.40340671384252,1.0236759102943314,0.011260030826480971,0.2194088173115052,114.79451929841078,59.918090420939606,0.009205216030633068,0.9866298926008339,1.6232986357328425,0.24833809260807538,0.5776093351411653,0.22419038671766245,0.28334250803206373,0.015979015886422587,18.693431733570016,0.0016788439205486227,862.0001267957066,134.18790709951017,0.05547476771367066,0.1435895613693523,79.7730049808428,0.07552752801079077,0.032521884963515824,0.003897731252120451,0.8888638476466584,0.4795409381713469,0.025519997676743955,0.16904790458935537,0.0004010942539220963,0.0295027479469665,0.01687630311439481,0.34053694914716104,0.16880393530792404,6.987893601405901,7.2967031697520515,0.15690749212221267,0.11727138524935299,4.8033879526038366,1.6247240768764364,4.949916988002322,0.14683631932357422,0.10325203717888609,0.11267153510520522,0.015248313746187847,0.004690285121345283,0.006569401263355701,0.021541978488709645,0.01690296768121957
0.030725975552555518,30.848805013710727,0.09337719104226583,0.035496995181131474,0.030077538726170694,3333.6020350543054,192.7644598744123,0.7798462847674594,35.18899505044042,0.014189265605602408,0.008383740150084584,1.4058956789305395,463.10927307725314,240.66103589040804,-0.0030463427827305267,3.765869577712528,5.679372483550195,27.181756698815615,1.0713302056389233,2.7158031430040284,1.4666407515948672,0.02874312500652909,26.707058523817597,0.02585994576914885,4123.646386613168,108.89004495598421,0.01033513263990038,0.01485896981537227,87.40693894913589,0.1439800071668893,-0.0003158765041941791,-0.006703743797335626,0.044556843086219544,0.3989722507427613,0.08747847992299196,0.3231821150782972,-0.00032447188937112514,0.0248414219564852,0.016819624464116778,0.0043000418833480936,0.05160971932702996,1.4738992221629772,4.708201806201953,-0.004224787843945421,0.026625297676439175,167.18483900938546,1.648574577374097,3.787944087465191,0.046916162799377936,0.1184572853090815,8.134100618625151,0.007400697376899856,0.07781057276405168,0.08660503445096612,0.00864712220492514,0.01646615603062429
0.03726445168275472,24.39301957454891,0.006831334627382724,-0.0006723612815946467,0.1580010023409617,743.9731934558715,291.4628776103645,0.20411606455120967,35.985368482033095,0.028893368283529064,0.016551241988273624,0.11180096773124681,13.536041022995718,9.063791573499062,0.004257682614452918,16.432289487484326,1.3125571947060068,0.8520656203757877,3.39630824999424,1.4867183018931627,0.12794627411161041,0.12285479512674424,24.20207927504202,0.36857875961004094,456.444501019663,8.130069847235315,0.003729125529368993,0.022793320259386185,135.68565633367365,0.22244996340820045,0.34196449673436113,0.07584861720815539,0.06874529308048327,0.5730047451587197,0.14560792983930337,1.840732773245553,0.003155686994792184,0.03587220209209541,0.051532787713307826,0.11492964623175794,0.12077539954744942,0.7908511016312634,1.1365878761826185,0.014526863690973002,0.10761938155139283,18.623281247465343,0.11216190907694656,9.945088626650154,0.15087352783203745,0.14589507535343849,33.011637463859316,0.2794657801738527,0.007689937824654436,-0.0018981543691598546,0.0020492468547281817,0.042951427323838054
0.016662062326566307,30.16794032800766,0.02272394825397761,0.040148536880908914,0.4745189471672058,4113.893025952913,91.27502743601721,0.14529421155912914,10.874543798427219,0.5211211984700359,0.007029197216656513,7.317343803319615,416.57477761520767,232.9522662391005,-0.0022606876282305066,1.6112540118488194,2.7248470384203385,10.532379418718861,0.8597109903803135,0.28142138868928335,1.8518101620784533,0.05534271995226092,30.61195790500461,0.02228177887612315,4402.569184058089,68.04599632295934,0.08219777466364864,0.0838986886981381,41.9380928246633,0.151222672435261,0.048096947198462026,-0.0009129289816636188,0.165914686026162,0.17429263506712456,0.01198537822022061,0.09606097700637584,0.0037865802949275107,0.09243779728090917,0.01679504130340259,0.02590583603661667,0.03486306607907341,2.7237065872853856,1.6405795820139257,0.04435836351297251,0.03731847687863432,262.3443126084456,1.427009903931829,4.080602659637182,0.6416444729845869,0.0032476328641717345,29.84264722658333,0.3883362090374085,0.0210814121678764,0.0012069518664263867,0.01737300311697698,-0.010970972794313028
0.08108123568670766,43.72754570505737,0.01720042703194924,0.04893516305695389,0.012268842194848695,818.3933690917745,200.39159925047576,0.7292370889556752,40.2968658808868,0.04933136882783273,0.050064996993062216,8.40303027739306,15.384149252242722,13.27970997717405,0.006701878132520989,22.20108468666784,15.515955398607922,7.363831916340774,10.86379946880394,0.058675211274420214,0.09652002106682644,0.05898838241598803,31.817080750875355,0.13364164510471355,602.8431889322343,79.47669252620177,0.09162530794172241,0.06674457696568226,93.24974679043788,0.010019270301220295,0.01705889474500477,0.0036252064188504463,0.1098476347832511,0.6532224629960739,0.1451985571175589,1.7199737744850916,0.00036166358828548795,0.04720827372157732,0.14010897668050326,0.003062331635605098,0.07787232916093689,1.6924470918224817,0.5900238222073675,0.07371344047413508,0.003257088118830076,43.42492028106332,14.32281022909265,8.752395783593773,0.1686524365692197,0.021884622471652904,18.12861083407082,0.013395050371916462,0.014023552153410002,0.011336515927613533,0.016069914650100436,0.022148547520687956
0.03219704441390547,28.71753119133492,0.02063179018435246,0.052448901238375534,0.004885701998506242,844.3633393834884,129.34082828290698,0.14279951786184952,38.266088315410634,0.07846549640130096,0.01658228458543487,0.4802634979029685,20.335287757090363,19.756446183704305,0.007637563968980743,7.947314075033838,13.816572414927727,4.2683235178392165,14.536175329717842,3.103522072242309,0.31996748960765675,0.0052005227548646005,11.844052948423013,0.2671453906162915,704.3867890886604,32.24925481560744,0.004982840188880289,0.024738822232868607,58.13665059887303,0.04110444091902199,0.013232671761034709,-0.0018983076025467227,0.4762338512617186,0.05811673209045054,0.15758314307143362,2.888235555444987,-0.0005332630837990848,0.028303991223894265,0.01766913734315434,0.029265397839698615,0.0012353901347355034,0.020018825139532126,0.09118853577405428,0.014121189716362892,0.11615847575503668,37.1690561091119,5.248078453797741,3.178004867956017,0.3193907678852268,0.36860400059036547,28.993024113829115,0.11060438807803497,-0.0046236634891556605,0.02133767481259241,0.0025671192015721545,0.017905969127470556
0.021957652110552672,67.45531245003157,0.005614425451812011,0.08329632104237294,0.30082219176213254,247.57608992327434,249.03338326913413,0.08547868441984185,0.32427571614196804,0.3158103430720969,0.02141941202203057,0.00250069024183297,121.71320070272274,65.75971160259564,0.008986747701432485,13.163568536428995,33.81339886704301,16.242790185604747,3.8942480318154917,0.5014089675990157,1.1409459038240826,0.01131186536891704,71.36507161923726,0.05311107952121574,545.1167715732515,70.67096566015118,0.028991739553127616,0.04614909447429216,114.2015551818737,0.009250445456356005,0.0011989437744546194,0.007568931082083452,0.5313809799989695,0.1570074548667586,0.15874325395137845,1.2774537844771476,0.0012683701404698766,0.16427810814285237,0.18545598505614969,0.06904944920097833,0.07993482442183009,3.7146521291002514,6.217940981133376,0.07160636913782437,0.0452974787460505,12.14931800451288,0.06601590821196979,6.524147830740905,0.7510308719989629,0.0200578163689773,14.971731081513115,0.2648465013117898,0.03783725908536795,0.017745740873079008,0.011069882691435495,0.0031800100081262883
0.009249052451352213,0.9664614834368752,0.04516909061259877,0.009305404125421468,0.02065577900063964,56.42382498333204,27.50426707529812,0.23480916126185125,0.9634776701458136,0.23569413134580763,0.009434506430562983,0.017422668554607945,15.572489471372794,12.345181795210781,0.0011185928313395266,0.9442567044877439,12.910630406802607,5.435622691004752,0.5329455227422892,0.7742533637107991,0.13268796876892797,0.08282087823084883,8.114819990582202,0.020596217885345602,2.601218004516343,2.6052883062274317,0.11350701662678198,0.08921351615376238,12.657086537106586,0.0019299195681083958,0.013098301607833207,0.006994945264680474,0.2875018059979624,0.1270039601164763,0.17212667379063884,5.236024411622224,0.001681863077760859,0.06281174070634155,0.0864721177440142,0.05858561443188126,0.0027492517454676957,1.1355036761962332,0.6440135861057517,0.02285482347740242,0.01057332543426881,5.644062587482119,0.5006134368180986,2.7427010482393426,0.3402949537540474,0.13889807509012098,1.7935301179450844,0.07429779819278615,0.011079092774992638,0.026374049966510604,0.04602484227377435,0.011261606959432235
0.025465793059962216,0.11499853392036474,0.029733499440591338,0.032584647113179876,0.15346497458503006,3172.237586039264,112.33968610164511,0.7038076857204691,48.97069670121059,10.111703220407659,0.012196942042041137,0.2841764245799716,320.81473355189684,193.98376939472587,0.01762853255365826,0.01931695721475979,16.18134683332924,1.1865550558409943,0.2504496702475123,0.3897758688501911,0.24741084662866886,0.0410872411687242,0.9961940565719081,0.0967587912535599,3183.8862584401263,187.222804812884,0.275076686492306,0.4647900137325722,50.36087006537705,0.03524975217162396,0.0014978630823794248,0.014721201275258444,0.13611493316413892,0.15180439945872948,0.025961818598289277,0.9241653930774243,-0.0015766704076094484,0.029853738047672884,0.00019536402858566504,0.09261221742356796,0.0142013674743513,0.4283521121207867,3.437925804952088,0.013484759552834014,0.020316454053849853,180.87290934112713,4.537431434585836,2.597950814494796,7.650421675120696,0.9828139460549288,0.22404529403787965,0.07165501142439101,0.05722087984246027,0.044890431447590196,0.032347259655481686,0.03592268715135738
0.02688556235041961,31.729267993077144,-0.002158963404005121,0.028400159780217926,0.30639893337650026,1684.3441523617548,166.96043725927146,1.2109116127607056,31.333053333844376,0.4392561083276032,0.0191444125445992,1.0993542165291732,135.59457823506696,67.9728800775072,0.013200481489014315,7.966148710827271,9.91480851478179,0.4364897386541884,1.7600142520660755,1.8973069219632794,2.6936834860149865,0.04134041164062996,24.69716987415748,0.12234808019998411,2225.256711678916,113.25910886047916,0.20999393286728107,0.06776357056343318,78.9815469824424,0.08106083689470811,0.018384871134401237,0.007362471082630329,0.10252386530191249,0.07151402923058559,0.04110563591119387,0.10089114896307816,0.0035568577190296935,-0.0026768880100656034,0.0024151650914427947,0.14352348981162244,0.057573248905203656,0.16684635689716387,0.4328567647113095,0.04572285646008911,0.050155849677242514,175.1349637813304,10.699633831150484,8.96754640654084,0.016407586904070293,0.6739841197748779,1.2988824032801674,0.2934859874448854,0.013057309437175313,0.04003562175878894,0.04918764287298494,0.03145364775170112
0.055543252375191976,7.681659012554289,0.004307504711063004,0.016588114458794934,0.004209329631501113,1053.903266032618,239.4997297749718,0.22272252559033046,23.816010900615616,0.024015851429989965,0.02660729211779156,0.19660992830605384,71.25561306616814,39.22877729754595,-0.0025854497846413693,0.19683857172156927,6.11382720485186,11.542556111235196,1.3352357617171435,0.41396360426255097,0.7690827882294897,0.028699772458450568,6.966007385743787,0.020557060611321454,899.6013887751124,28.172127617547904,0.03879995923566071,0.04900902526732942,112.17181005308771,0.04445588840773329,0.014434704787823271,0.0129301411599263,0.058047340932356306,0.2255201822623647,0.22592531626934065,1.0428309559223417,-0.0006365662450695808,0.02155511013970912,0.1756841458757945,0.011838785173734934,0.03179573622621046,0.054335857278183575,0.1963123450619504,0.006770804014476717,0.004706808738651702,67.62712006084678,6.429668027212748,9.733671977230024,0.4137990563670728,0.04440314766246445,14.82973318790885,0.03858636021843065,0.011609296564023097,-0.0026833339618823615,0.024545067983669178,0.017172040819375844
0.13533494149614267,12.511608279196066,0.009416509395839157,0.03585251063285355,0.02215825665733817,1217.3863322601603,15.719368030838579,0.7828958009549334,29.18897481715924,0.027703565851120437,0.03221200499210575,1.9948727502924681,133.91009702040213,68.567037109854,0.0008727929293081971,0.9507952617380617,10.906563722019131,6.109845565880386,0.12315913046552396,3.952036554543133,2.8170409450593255,0.01619528611547949,18.133966178521277,0.15063573092418636,1352.9155707904301,4.716641028052727,0.04927661502652114,0.01843345383477768,7.634367805691015,0.12306201525078109,0.07000349991993104,0.02390343520646354,0.02430965769326754,0.07045286174894372,0.06410006707610094,3.220797318436407,-0.00494467251730768,0.026496782562861476,0.01993197976545602,0.04057387804494628,0.3858813229742424,0.9478920699330269,0.38466810382314076,0.01443460419616116,0.05052598030373634,82.83406238052234,3.0409778605924185,2.614330064290918,0.16741838341302095,0.64266821956193,31.427365461418063,0.051869066471724956,0.09124039498230818,0.0045568525106132185,0.0432793551563746,0.008540441051103187
0.05579319461138077,4.729184043189595,0.05952573147060658,0.15129754542074192,-0.0005352273341712177,860.2350346114663,260.1945883558626,0.3246135958600602,3.2201287726968557,0.44570473040658154,0.015959681193219666,0.16211430246695802,74.22775626705584,47.64053282308247,0.00824737101800821,9.339766930231502,0.7262895144126951,6.1046994135060215,0.03871520745719437,1.3759209362127685,1.8760430676932467,0.05654760930380931,13.00729044904207,0.2300110286767243,566.2255994941727,48.31169245038314,0.013803285762736373,0.0009423620230517571,118.03929515200282,-0.0010740927895271923,0.00838491313104317,0.010994310720213285,0.028033801939748137,-0.006770722297703813,-0.0005581309734035145,5.749619264210186,-5.5311484673303823e-05,0.011067800925673055,0.026491148082971705,0.1531045355428482,0.14479393077123426,0.4365097042796666,0.17651542718715785,0.049702782767448994,0.010406886612101651,6.397970801699182,2.514632992314051,6.192422239132564,0.23368845082874756,0.03412466186073626,17.496274598127904,0.08274203641963229,0.03839024996966689,0.019179917294025906,0.010687370849812083,-0.00487699418577936
0.10672308269759867,51.395757493053694,0.012217817497734096,0.017926328464699992,0.05540420366676546,96.40854689870469,438.7788898777564,0.7295081705667572,17.526961658327313,0.04213334371212607,0.011669077155068486,2.572007398052941,61.893635834158886,19.450049852345852,0.005699905189683996,16.21462344110889,21.429305928323867,6.3329725587446974,0.5614140763290498,3.235072072372801,0.3409826782651626,0.0030334246512673246,44.81515882673927,0.18160676051646885,522.3185617933439,36.60749904400319,0.002905912970414981,0.01218974834066966,203.70203210382073,0.021265393464145355,0.01199544237906025,-0.0021297471338002083,-0.0014713939373072193,-0.010457590834750619,0.06335350935982476,3.2727379644391705,0.0014774106259949349,0.03164478851685182,0.01580105573656798,0.1317168967048552,0.17730078178821174,0.2750848336845193,0.8669108050657623,0.08275049703268689,0.028599988484177885,16.275422181451912,7.949028926357529,19.72852184978476,0.12650442517413296,0.09794736133189197,27.60590585259315,0.0433571179875889,0.020323028236542307,0.0067331288522076704,0.09283127307438743,0.014501115551905919
0.05030664136389973,9.34662254281995,0.013664990868651472,0.027539206675866623,0.079061566982225,777.1141420313121,127.77610962161009,0.6379681075866737,10.290459814067004,-0.004199689581525945,0.03147390172308118,0.04832419507444108,146.6559329103295,68.36137838234359,0.00030923391711557,3.95039555972971,2.5150316053177066,6.519519701540329,1.4603813580446472,0.3423759097026773,0.709191683809979,0.09429316340397431,10.614006097764868,0.06307170465103429,1125.2251079181465,37.57342508862446,0.02006506329530744,0.0065056374175345155,62.18743794362069,0.02549423561390718,0.029167392450306195,-0.00156007912593914,0.0012732960632746426,0.11990023737877653,0.028506462767000862,2.061915611232621,0.0001868558035127421,0.036993973775510725,0.00324281932953685,0.09935948728219035,0.07443354210612618,1.1170179329127494,1.9095903446393647,0.010158941623813256,-0.0027924966348962244,54.99798208835113,3.0369859869500466,8.057119483783563,0.08358897473730309,0.056130726139121734,1.2608679517702752,0.07825596665759171,0.0083624981940158,0.00012553710431628673,0.00800503033200961,0.01090557429857597
0.00749785720380558,12.336357220363679,0.025715781460038833,0.013945993735734241,0.08478046894734348,1167.6788656599572,97.41848323754171,0.360039288200948,39.39743206884313,0.25804836090544203,0.008632457844448993,0.05589792966609686,132.11291674114713,46.45606982735188,0.0014602388749604955,13.358884302931463,8.427690755886935,4.514969384830971,0.1570821704500771,1.6993003170359282,1.260077805655694,-0.0020765359650543047,13.851427606957857,0.04505387391605353,1486.7505275894562,237.7152119526494,0.0097828682079939,0.08643899830470758,48.55551431882608,0.01145663791312046,0.021476545577994166,0.005253449883689143,0.049567450107073086,0.012810965301017774,0.10296361718613412,0.4168850514451172,0.001294208827314236,0.010326324441663814,-0.002440807027682901,0.2403690340197251,0.35280833944097356,1.7369199137422848,0.0995813023404235,0.002144705045409978,0.012207250838365269,91.15380883941664,33.28859557920706,12.488338330134896,0.4367099597642037,0.33052692199795786,15.24099209124209,0.015053170933979843,0.03558331410694748,0.03809484893617032,-0.007316479281024968,0.021249807501458662
0.04278124608182665,33.15392550111895,0.0313868699056048,0.009685637845945116,0.013458646430101417,1915.1849386511324,131.5103562429234,0.10932234181621592,17.49647995200558,0.6238197274554604,0.029203659758247014,3.7350047010446596,351.91023322095674,192.6322838345705,0.0008827997711851054,18.237185607537583,10.444221885114256,3.2311000303862096,0.06811621013016289,1.4532500433551343,1.0604915006921782,0.12896704305627082,24.887652973217588,0.0137234914401132,2448.5899430737627,121.77290366199702,0.09357259421703379,0.07796048848948711,58.32523004743586,0.04680673296459581,0.012133117649691272,0.044319584757270825,0.7760026216913296,0.062371473815431955,0.09082748411825392,6.067756121295932,0.0016753129426918534,0.057807446667233364,0.007062270303871188,0.32375264256865943,0.061210648466970774,1.3562755048139898,1.0060105641306976,0.014441539991698171,0.08556417385946524,87.97582340797663,0.3660435816734706,2.602212905332757,0.3358402205993176,0.1728268263310806,6.446056660020845,0.0037549483382832705,0.033537498950654054,0.05176899376649047,0.019950669219243267,0.015487070943717818
0.07894302851797086,26.931091527881133,0.29553321821330236,0.11304010355709249,-0.0003634628551711927,1.8661801199149455,199.1462543579793,1.112583915259302,9.176024035565584,0.47221046043154136,0.005024647827574391,1.0756658015983698,18.69494559102947,2.8004654967455025,0.009451914854631482,8.993812259032758,15.160698397273915,1.1475093106015164,13.053512931620258,0.8020193692830109,0.41858842580507005,0.20237476484265393,9.536771337601634,0.011672166088606772,281.2712726553986,7.322089695564598,-0.01253816248736328,0.06361518128952248,93.43706225755855,0.06752426677851098,0.049191858192885185,0.011232576218085377,0.04031963099883917,0.04347534400515318,-0.0020634991262955538,1.0062351544851378,0.00047602586920625356,0.017076055130768708,0.014540276502152949,0.36854980690089434,0.5689403150031458,0.5093779943171386,2.894343135010832,0.012319129312095,0.02355168033627386,0.23403247813046235,6.34900941194824,6.704903486773748,0.4546201513018113,0.012369651534990922,5.962296095010963,0.05159087260893891,0.020768738740320813,0.09029254987688073,0.07033246583616481,0.17478617959072906
0.10139667931237195,13.459858655745181,0.0695411348920345,0.045016820557425063,0.0568384183564703,967.8241331635661,24.78263010395419,0.2002837600725087,5.678107796151535,0.0043773456924913745,0.022028524927860893,1.8832549631472704,78.4833094868103,33.70861991350974,0.004450969140120442,1.783247310613973,1.5244914724531995,2.879925315868647,0.2464751705898145,0.2646528267605408,0.9463389923971732,-0.008939923604372346,8.214813815396345,0.3546209715335191,1162.0806508028827,11.71235069835051,0.07475106535239018,0.013055970492434454,12.491026747969942,0.2548984107682193,0.04036931056487347,0.09987524213980681,0.21167543343257034,0.16982186326747595,0.00045953646997887176,6.178955760992446,0.001708782526163688,0.036127192146747866,0.0061793265191738556,0.14488680985188296,0.049150277403126275,0.1983961052890253,0.42677685859051895,0.12746751422198965,0.015476665176188398,64.20678462120603,0.09280186933561474,3.7256249346913375,0.13066856399512883,0.3879068584758212,2.516829415808937,0.09323500737941437,0.03718717612585465,0.08643069166950124,0.0842958857297873,0.10285806524843366
0.01963903481144147,16.584439548848245,-0.0028655494319327346,0.020176195285045218,0.35505375871003153,1058.948917067017,33.209686227113906,0.26811452649806355,53.00484616119669,0.8800203635214396,-9.510342106544556e-05,2.7253856227977398,191.70452003099717,102.65589788047663,-6.901774928280702e-05,1.5682369788026627,10.842058314680218,1.8122199011057383,1.949661984074261,0.7658962524389539,2.6844977047864482,0.017498056443702836,13.280745170418003,0.006283886374490066,1120.304361065586,180.20971530407655,-0.002009276939741511,0.04879785357913846,12.014731200917547,0.4084880585691675,0.013908294610764038,0.0162519751373269,0.09165987956930621,0.4787200761306636,0.11317509307449125,1.1288530871115707,0.0016602600654795907,0.031244113311204025,0.04734188587525878,0.08526516534414164,0.2147167859057859,4.750523540481792,4.816745558388478,0.009032405471600669,0.05090122112480788,36.605730799347974,14.358091235165483,0.10299141782918131,1.1372506706369823,0.44779384091043184,3.535146355306395,0.7302209304432559,0.7702166840392239,0.6176203011968422,0.01236912870731377,0.04326931068624784
0.030937981926708602,15.687516313336292,0.08959194478631005,0.0329415760520666,0.10797709469903616,3509.3096168889756,297.2358131024525,0.0029262939925853715,19.36744160490791,1.6516782340260043,0.004275032040463422,3.5240447397666843,224.88526819227974,132.79688779170579,0.010963860133766268,1.9033625905904783,3.802717355929107,17.36677095437433,3.327802798483318,0.10024053641378483,0.14221210615681024,0.06553002382958617,25.385811376223803,0.06606730667857263,3408.6870754199176,42.31202377442919,0.057595255018751956,0.0458078145682661,141.57018894271687,0.07219493727137039,0.013239879091605289,0.006621545362321513,0.6108411770470275,0.14433815487200885,0.012422532792434104,1.06242659609216,0.0006634323246137441,0.002638835760823355,0.1472934126380645,0.4708917964716113,0.3520908967949099,0.34510032963926207,0.5620353872433741,0.008963164051621675,0.029790711215336607,235.9227222403565,1.1337754944887184,14.972092194580423,0.819533744381971,0.10782858029898268,31.15275932494574,0.18331876217175758,-0.012897154251915843,0.03717947583004655,0.007948487332610554,0.013777569895302655
0.005033167879108902,10.2941224718183,0.031122309559753703,0.0011494081845278004,0.0011720817001048545,2691.9231664111558,471.69568745022394,0.04283683553665085,2.1837418991067103,0.16023173839222693,0.0017321986213749696,3.4737894358022423,232.5004276863188,132.27721049703635,-0.001430416514382138,3.814813264652651,28.31306693494048,35.68394436954975,10.878889943178335,2.0694222203586587,1.554517783060403,-0.0018161985456437435,19.15173949851394,0.035353703211615795,2415.6332125584363,41.04354035092393,0.067886137537017,0.02682078070081939,221.17905572092587,0.017362098052689845,0.029667525902235425,0.015065600778721766,0.1277155826133889,0.14103511255094858,0.01869765285463476,2.0816072418143516,-0.0008390599838268287,0.047124261336255024,0.0041632024660902545,0.003651160838849421,0.005801885665693618,1.917190339531336,0.7739832842013739,0.01978658807023237,0.015104288555289003,101.69156158008559,6.320267796488418,18.30291116771903,0.5292056362371955,0.8384111878900367,11.863539583454385,0.00029043699909347964,0.006920868876444608,0.00795120468412236,0.04522303909194214,0.05350660316811329
0.0051872812758499975,40.311093294487144,0.06866774773157136,0.01988251004906072,0.07373098201330475,2470.640938849974,282.957509828621,1.0373857373157955,14.656199833196823,0.04396981711561043,-0.004137629394504572,1.0213811145390492,292.1420496143112,166.51970758570081,-0.0023000618566522135,0.13868671253182718,7.343009428437013,12.102084950513674,5.712321702434504,2.1608145715988707,0.490734923657663,0.3707583676151964,28.989517088507224,0.029683531133504637,2385.996820060089,23.833957811634125,0.03658026866342201,0.01796995268752699,129.02324487468172,0.07396291449142467,0.04060850268865046,0.006090219844788969,0.01552178934133952,0.09585951354945799,0.027514283191396594,0.20304506218746443,0.004985692021335808,0.019115181114685242,0.0019172990437583692,0.012324845379821703,0.061999314506171466,0.3552417262496075,-0.00937546904149933,0.004914967570922357,0.0045295539402454565,71.28781522901504,14.520650278518637,7.963765685519671,0.41091284234018044,0.18575556461047338,24.276716819647508,-0.014100262677033903,0.21705632757866766,0.1628562280893533,0.020702763172306682,0.11272079912501454
0.01853226663152352,17.817333758143945,0.037300047473515896,0.028656816125788076,0.006804981322029668,183.11331537898494,319.18927862975363,0.6926056632244944,16.29613410873914,0.13284643542392516,0.026354090878874636,1.4247134498386211,53.27286370100631,29.207174260600276,-0.012202377522248398,10.798314460091198,0.25484410299111726,2.993693568460025,5.943582300660011,1.0695808096787731,0.25782057590354324,0.04781805875661682,26.96497995520668,0.10073537021805823,483.9494590364237,140.5868021800534,0.07887344609123481,0.18364660382153097,149.92939206826426,0.011919438979540509,0.015916010374396272,0.038948245784252045,0.10949267160009146,0.10505559675256126,0.015354841831456412,1.0690101388334972,0.0015786835032374213,0.0399550939580946,0.16321037923805726,0.0002027695590145484,0.01774417613962953,0.40888031617039644,0.9777205552923549,0.0587384833680602,0.0347745167177278,28.239759153552782,15.047733619951046,17.276235937694395,0.19431542319836304,0.00925634270320419,14.325798182146709,0.028100918525541196,0.030968669015956962,0.0060011350321067525,0.009783180774962652,0.02901442971658419
0.028211771791387896,55.52403419710606,0.01211186004387077,0.0035526593050123623,0.007662743719755838,249.86029114074435,16.68457530889924,0.418772688569061,11.522196876775912,0.029316146515529162,0.033955512560915224,0.2340222311158895,57.99465409664981,42.35441881971289,-0.0036013985398488657,8.81873734925118,7.072109043741501,3.6379011564607753,12.273086199413918,0.23122227346758617,0.2964519449418592,0.06833448882583593,68.66408936887166,0.03864277243302272,212.82249573423627,18.93349344717421,0.021311633547873576,0.03193718813960711,4.8152127018751445,0.04407148591236698,0.046266383863652116,0.010451729086191186,0.04730365743293152,0.0501964703756661,0.03742328253309335,1.7916924666328118,-0.003998384887183626,0.001145541344533818,-0.0027863454486869443,0.022074889526638053,0.0063254634372666985,0.3701369003301558,1.6476179373259203,0.01138530515539049,0.03921805605255013,29.57678827839103,0.08356836885684782,0.3598096753400073,0.0470713057959431,0.06008151113525795,4.706867068854868,0.0016685747177280774,0.06766403262769938,0.029277460887968232,0.00966190286377877,0.01157803889255149
0.02069543090934367,2.491869093317444,0.01047607695493813,0.019112935883263127,0.06027879587286833,1175.506758870368,163.9477956007218,0.08273736260219966,2.13695715285356,0.29194789136561283,0.0007607262014417415,2.7575404494281015,108.9835335155212,64.37403758807332,0.0018407233647339538,9.01047636720269,9.820698023417734,24.676472793593135,9.392590194357549,0.10293975243587905,0.6996743043053826,0.03325214067893256,1.3734333987109295,0.007453659788385636,1090.384980633094,1.9069563652641728,0.07350614481971984,0.063731458462569,72.99275174275601,0.05769124513490542,0.03503524627946142,0.03287394720171477,0.7347931516650972,0.04116335387378012,0.03421161001109496,0.2572673134672874,0.0016850151024137006,0.14406614261200446,0.04968472032480431,0.0010118539632202328,0.016980704027854898,2.1493842691971192,4.927275183955512,0.0312166227523214,0.0979757653577682,22.581004235245693,4.334136115085117,0.8365032448247423,0.2869697652762859,0.16964938226157944,0.5959868311833798,0.09361599936882392,0.09465634012882607,0.10891518696595526,0.02931476595503124,0.020254939347321255
0.16837769862249363,15.107265199167975,0.010206571043181789,0.012206232452098398,0.05957501566156864,1000.3352054715933,25.87967444775896,0.0032337874275807366,36.206896723481734,0.23380262039468924,0.004486922934837878,0.016322393514936806,131.20689168225925,69.55347426465667,0.005109058233335517,29.99891697722019,6.610432826367106,0.27796469610449126,7.696582538619937,0.2935790873427706,0.09945851813341999,0.03227984875251888,30.378287567921333,0.20421086828682,958.7099829516943,143.25048212502705,0.039121715488637854,0.03015282156332688,12.244133157609324,0.03145862429653068,-0.002372105043076722,0.0027174060166572644,0.0698489000921354,0.6316386750146368,0.08981025727375691,2.822470170238459,0.0026489382091474667,0.023530907182156113,0.01123671723342401,0.09511489270299034,0.26250975668573506,2.6767008990056107,1.9779530851084814,0.005278520581897261,-0.00451391180017513,65.48916444635277,11.302737929343655,2.0490990371512448,0.12408535924673991,0.004510479350990693,0.2570348261829487,0.013607984507506998,0.0396242879123605,0.006652249879724792,-0.0014245679336761796,0.057973620803014825
0.08312985774807036,45.07240868965073,0.4112151840403566,0.012671525588235255,0.011311706753864392,1751.2441411450309,536.3702679784278,0.6449329374369279,8.168574445331174,0.02682145366202704,0.01429577508156843,0.4356234002237054,123.86705128442154,75.46513595331062,0.0015148434910683406,6.353785658256348,11.716772812444876,2.4427461761985496,0.17086562377668013,2.1137584566311896,0.8776668026537378,0.02781910795206244,38.57889356361684,0.005955291052292644,1317.9684328431717,87.17400489779305,0.12423036200627102,0.10189104671301497,254.8369597306121,0.002632212839917436,0.013998150154337807,0.001420979747852158,0.18651752734266758,0.17501527743559642,0.005408886306981664,2.8792316290900617,-0.00012120383850078298,0.0039050900798267563,0.042270134032145634,0.16602874037805027,0.43965674348080075,0.7097017575979203,3.6713967642914644,0.06883406170775963,0.02644532238271502,47.99020421664701,7.514173990127142,22.814728133583756,0.02901514327882726,0.6747571135233867,31.611393650200977,0.023244302760381252,0.03957907562586893,0.003789164964190128,0.02571163446971436,0.022984489818289155
0.02031743460084101,39.22443903892697,0.08810192292106134,0.023677739225589356,0.2194645055275073,736.5127530942372,414.7574958937543,0.8631558590694945,66.56395477476786,0.2377731484092065,0.014399832658008371,0.45503284871339655,138.94014438244776,52.42030584408012,0.01009208246422677,2.3153871841392455,5.811545937202848,1.2295571477812173,12.046969715273917,2.5105402570836173,0.36396929120011645,0.005252220480943315,56.23301512683702,0.04422219465046506,1553.9212862467004,120.72416476391788,0.026440551175631377,0.041572407188572136,195.78598167290215,0.07479072058335756,0.006198600894220974,0.005924685631774729,0.1608854226707921,0.3045032191826147,0.09064716395504568,3.0455850901148525,-1.1816772130579523e-05,0.021378791635860317,0.0033533828089913342,0.03260294969374211,0.021552064323734577,0.11976606162857717,0.795512323493738,-0.0019514509588223206,-0.0027871923147149147,113.76362408467662,1.0763073441386988,21.90204973197235,0.015047551472236798,0.298159213768181,33.27147542366007,0.13152725191161174,-0.0031011806051575164,0.014203100934009782,0.030047121814226863,0.0025590818319125574
0.013989495769230587,18.68143535162769,0.019778454466126583,0.03099345543258991,0.23540262425580405,2933.4712111591884,33.47643672481209,1.5105290496768706,4.4614931741364625,0.559318477807631,0.028266180770120997,2.7083576337106336,242.3119302904324,130.2383054444995,0.013695460964135542,0.3356838727399083,2.383680839247318,0.3202500377432891,12.879128083934882,0.2544336673118046,0.6323916311403117,0.02551227234794773,34.70842725749257,0.06808939570317385,3275.058992490201,21.889693118087955,0.16388629107166341,0.02885933800182361,13.19002899775119,-0.010534050659925853,0.029740911580855567,0.020486571949899002,0.24751503515387352,0.1565317908460191,0.042029172226587974,1.4611398360875967,0.00013600981643069332,0.1491027752363827,0.04170148866708345,0.23734136451049892,0.16857049899596888,0.33614015766022476,0.12014237158083674,-0.007680932499351201,0.0017271653066828208,220.71287766499438,0.3093095301578943,0.4702434241539928,0.11229563362592021,0.2048956297159119,11.653972876051723,0.13143116372148533,0.03211990866369874,0.0512599843372783,0.0329351516287284,0.05555523032376364
0.06853767732375715,2.71577910759866,-0.003075927885039853,0.01567288690400659,0.7798891751832562,3251.2416224729145,346.9229021008973,0.12072254483772316,5.856184349665639,0.9231458397991039,0.0002605483240696316,1.3254134545881238,300.74197401852996,192.86441468064845,0.0007414785714789929,30.622813006763625,1.7206037204497653,16.297430502884275,1.1013738613940784,1.6409816508460713,1.6747840120287059,0.002665570856718702,0.7103872147668078,0.020310442452891486,3226.815022387331,62.98559472789499,0.09628165430643065,0.01939559630963661,155.55877808873103,0.02309754909394357,0.0029413120358272593,0.013740884060723602,0.12713587402793358,0.12899971908662788,0.0050672698321827525,3.1694572956420988,0.0014498400604239237,0.01420104507281117,0.009995784312113898,0.2502485969670589,0.42576352667332795,1.7952949577381982,3.3509106706352974,0.08987992251781929,0.009224415746074577,192.59879154353357,10.33729260913836,8.192492826002717,0.30333327564496315,0.21509988941273583,4.874950909069607,0.5578181618723512,0.01069586494924124,-0.0010015540078196494,0.005643241998304127,-0.0014617202207336533
0.00975094988889591,0.9814822333794897,0.06727769832224961,0.03601552207748604,0.18777450054782285,976.6779814786271,159.3974580570293,0.6385934600080114,10.170946058435204,0.6687087584817402,0.021986758856482602,0.5674366603828123,11.233483261691845,10.873625017016682,0.0002134143409389111,1.9490299874782613,3.152260017899092,25.463518978073576,0.44370563113636585,0.10480976633157013,0.7231172126760912,0.0950609548584378,8.706191919798862,0.06880655703038041,815.7120910479977,55.566081537481466,0.06936912733831146,0.11761211560185636,73.03691816104698,0.05082466520062834,0.005930123376419516,0.005053922954753709,0.011736027447581954,0.018570355026471752,0.002788522587559683,9.701043438115668,0.0006694648985341445,0.005842124066040455,0.03181669998907566,0.2636926068739873,0.5458243539474346,4.663122793412079,1.8834655973780547,0.002594501295511975,0.005801387670978819,59.91542160193109,2.691743447108885,3.6568544317558693,0.17054720937071188,0.034030690213335824,0.08548379905405401,0.01796491082787277,0.06084700307127644,0.010237328323315253,0.0349599168690613,0.004816028482789392
0.035685217034556516,28.902332469423115,0.13136923356218322,-0.002916966443299529,0.0511367234291118,1141.9207565130007,26.262949557123548,0.1267910577241267,13.045847174082613,0.04888718752956578,0.010667711645642619,2.1520424451835467,139.94056029820393,65.7092698366809,0.0009103221503465875,20.091932883815886,3.194663846342939,8.670565983778797,3.4413657999899563,0.787702779467649,0.6115042791974501,0.02233105684522929,42.110400791354415,0.1643383543654089,1362.892484344706,65.44613670942721,0.032516924785226387,0.16125810857712786,10.109893325353614,0.016818540633422252,0.04386855040544724,0.0013776490706884914,0.14865315053075356,0.29452539440010916,0.03492860361542505,5.843782906680316,0.0001620854398680649,-0.011105930045407497,0.08644673777204215,0.3084556800174987,0.36701329743641775,0.3053553287336461,0.3810790144861924,0.008495105424033866,0.006071027013570429,34.472110506662126,12.555384444252812,0.025422843289601538,0.03860741002164758,0.08306384104201925,0.007203521513811317,0.04382733568229291,0.19574491700495678,0.09232710905298802,0.007310576791446088,0.0235245125052419
0.025778132141923926,38.41341483283569,0.01406239880816429,0.026064423679987847,0.04722342631943466,624.0919496124122,335.20025620807917,0.12895358771933285,6.990803547099721,0.470316801627793,0.010319987414223242,0.6184957075011255,199.51474255131646,97.92190701993968,0.010692904747799936,34.8720336246736,38.52218610636623,0.7864094350900155,0.01678560886634539,2.156756353720361,1.7855459141837597,0.09736253173806109,36.28124492998859,0.1810015581613822,1148.1086488310202,12.986472849085764,0.020056679748677197,0.03960629198892107,154.01778698336204,0.040713401940712046,0.07050275604068634,0.04271254026423854,0.05185647544524841,0.0593682498087329,0.1351765293624254,0.7030840122322859,0.004248128740578672,0.013736140121668683,0.025829920178964905,0.1360378042187529,0.14911055698648834,0.05236680050037279,0.29366189494979356,0.008136748470534805,0.025290627908148622,88.2320983728842,0.585315953274514,10.925517088877076,0.8966254673468947,0.5172148688363913,11.728178872351073,0.0574569359119419,0.011060022428286409,0.003560947389783742,0.20976232944153228,0.027104517599663147
0.05357513821123483,10.078195646069169,0.12307394258962212,-0.00467584742475502,0.1040020952508307,2496.2137173250017,24.99679106713262,0.24471731755652648,11.287693849120501,0.020665095938593225,0.014805982466711498,0.7885103865601515,270.7908621281308,160.053508185938,-0.002456029226556744,35.91930083024442,0.820742658914055,1.622192329323802,0.5399165279083364,0.44013605167970393,1.066667509371082,0.11690184295372763,14.736804781072259,0.05629909790841303,2672.899572060345,62.615749402888376,0.09597602096127122,0.013563716422685168,10.226912114434874,-0.0013522414682851647,0.019637602197489556,0.01810860592855601,0.10104635266309447,0.22361554716782983,0.023394092336993744,2.0646186772139075,0.0012926039570952952,0.034366636331705,0.020292993152222216,0.034089434788648454,-0.002072054667812573,0.08014154476015012,0.05715497752597898,0.043167119789491615,0.03599659927317411,159.28889152241723,2.10092855081478,0.3666823394815184,0.03765110250056569,0.246409794272215,29.331889817672838,0.32054803574936663,0.05054050990187875,0.19302901511241544,0.08724755578329724,0.023799284988947456
0.02529011606345044,48.17760714368185,0.06442602641540063,0.006737861221040475,0.1587140112363663,3337.6192276500888,200.7473004458324,0.053876412599706214,4.192532962185527,0.038298252942901456,-0.007611854543544183,4.520215223432904,323.7738506096565,189.13997969520105,0.010266243518018747,14.356854100151619,4.156910559901269,19.62716689218376,0.23800101590455203,1.5923701075623633,0.4255630484069828,0.02236498582494839,48.41033929613568,0.026548911325283697,3499.0648555497414,37.950164507768015,0.05916431922716647,0.016466181526787693,94.47335124291386,0.040200318357425324,0.049448973394804696,0.017543213666472823,0.07796682609413885,0.003655559131208186,0.2001515749485483,1.413438426616299,0.002981877366914354,0.06934458983655478,0.09858530539543953,-0.0005892845150068382,0.008222579851746126,0.1119314082256988,0.6991876217215545,0.0031958265893488047,0.0037832724791799777,174.465182053954,0.9174302134729446,10.343195344575633,0.18133286763745016,0.6029061377255278,0.9068665085860355,0.07246471828502088,0.06808906396356829,0.06887164850144423,0.03110229337005066,0.0070828777490943295
0.010822610286925993,12.0917169763671,0.0027413151246200584,0.029884021276106232,0.014707029752840661,420.88983398926825,438.8279670087243,0.0987048672608184,24.237424141323153,0.2519623136345377,0.007809889031239692,1.4312123844361704,1.2798887565101564,0.09950503234373631,0.008557489624657855,6.69244631314886,6.467188828107661,0.5385630254221825,2.7955251790954776,3.0931102710803025,1.2351472621605248,-0.006477506968379565,2.9558894003614515,0.010619139641882214,167.90520016858645,108.6192636690556,0.01856203339674778,-0.001102791450079188,209.03930104038614,0.005591753376038788,0.007834756941608845,0.011092812435905763,0.012301816567247492,0.024600190801875144,0.14653325654335347,2.498435817968189,-0.00017957410423630193,0.04120595645564862,0.04639874931694621,0.013590332644508152,0.11891658035119779,0.1107596675148832,0.037798656005080034,0.05643024887450743,-0.0019413663770313505,0.6623018141245431,27.680803758588198,25.573279476027295,0.32532420257674843,0.04249264350613391,0.1053037457646715,0.02679399302398444,0.06662057084640693,0.13681463297731522,0.009250562359355285,0.002715437627772488
0.019868213466562423,23.77966740231016,0.02993045759912949,0.031601732218554446,0.00570594188741147,289.0053392227532,395.4329510527316,0.040885340906777756,13.724701619119157,0.5456783991071363,0.006686668470467616,0.5870458881503939,1.7112312297047083,20.021192473256697,0.0039830042000907895,16.624126545893404,0.7687995993663055,0.5201164825388647,2.8149589693289716,1.3493320345052915,0.047576825661840516,0.04152639793585866,25.173841295915395,0.2609927698374346,228.609467495654,1.7313770291818864,0.03151889636240934,0.04929999398679907,182.1550611309292,0.12100245760366768,0.08991032359146711,0.06173299921163089,0.06856527874219154,0.06579682481925708,0.3826959338024407,0.7211652108347666,-0.0007933532682429245,0.029286538452340416,0.17140502452793172,0.021413955112696392,0.03975141873473298,0.013814611687418932,0.15992481807817782,0.011524988096612176,0.0164636629665047,27.72489272034018,4.170251812898146,9.996252124918351,1.5389394995694854,0.007313890563876768,13.378950919761285,0.004186121785196839,0.09842135558174725,0.04918583303731694,0.017026813569564148,0.0006947472042622138
0.05613972947352863,0.4943073434292975,0.2523216302514877,0.034507229520060356,0.0069543679321917296,950.681788394462,446.6601844341272,0.1720095586388828,0.2664083747280701,2.452162196149618,0.003970791340520918,0.053099636804243566,28.914443166745833,31.786485374237486,0.0013501196183876019,11.331046586070734,0.8691212866516738,6.158781981907739,1.0014505888508802,0.19813369012476567,0.39281598774013826,0.024504198214922113,2.3283064312472854,0.03872836220520881,383.07446269710493,52.503479797311364,0.0166861926713171,0.05118219529411849,204.44826900251775,0.042751496539896294,0.018500837332084075,-0.00018065569334790865,0.01631640077120622,0.6042447757489464,0.27001746460406295,0.8017139807147782,0.001089587493534161,0.0636071702959935,0.005214553695874535,0.015552704355771496,0.03651240514412013,2.4443392363960568,3.5187413280881783,0.028386520253497416,0.028473230544532768,13.863125873789745,7.083276375819534,12.105508094421218,2.003860445049443,0.030632822603127607,12.9513120498208,0.011677062408294248,0.012564960972066608,0.039718821631523404,0.013489507405228807,0.041718761050345776
0.04558108245891024,86.1358204912094,0.07046085969765237,0.059224927686307716,0.3313557301432226,4137.187959280118,89.19609658889335,0.5362667461732116,1.579872333479896,0.22418129456421543,-0.0031767146792223144,0.699019264510536,449.6454083470206,247.6096739161129,0.00643934115147804,9.69434097071803,37.92427331021702,3.215810972206442,0.8152246349028687,0.16863090929139535,0.3439834406763831,0.01670194445406281,85.91790621936266,0.16136051829288522,4445.121117704864,50.13461349113889,0.05487082471072302,0.018079365862100794,44.8891456029654,0.025785832371961526,0.003868014350713267,0.003084895280212052,0.016768797365406485,0.015669126027796132,0.017526913592708304,0.7756968731258693,0.00039627908213279994,0.035380621196589246,0.0054917688136342235,0.004008406886870652,0.006842297280868159,0.7166878471787479,1.1284040635881558,0.010889308654776109,0.03170493196644486,263.5219559727328,4.586359250514287,11.35189719412137,0.0027688463318771284,0.10946179089120012,14.692083921556645,0.4306960849473125,0.03777797515580339,0.08737620447941818,0.03532423599931711,0.006474608153927086
0.007218709048470551,22.955119557889002,0.0008908582043218871,0.008880743285244463,0.027801552805486907,200.14451818023417,108.59233074959678,0.013596784786775729,0.17254908100493083,0.1643396117763647,0.03157251496586522,0.853317948223749,100.13917985436095,68.57953893515997,0.0062359105977281,0.24754915286621504,8.130815484886604,14.781370375789194,4.691388312781237,0.46916517003856484,0.7758675488377715,-0.004062970728737625,33.73585170243544,0.04269277083341905,329.8084120090771,9.406049410724073,0.1260055678442349,0.007682324858491185,48.78286921381503,0.02470220762844466,0.003848953995893467,0.007893027562683841,0.01699355326990748,0.01115434759855738,0.21951930180010581,0.9189861960335417,0.0029982401889983024,0.05365489415296398,0.0001458573559958154,0.7122301306634089,0.47772754995271516,0.115414472086794,0.4414669499053918,0.02521641270249919,0.009224144343138008,12.174350592398238,10.107107726066866,3.5665877029935107,0.9684478766024647,0.2833237458958049,2.7054076058453287,0.027439191437431454,-0.00038389122580539947,0.032848000026552526,0.008362248396039718,0.010479832088694963
0.16924374926639363,12.509860231280026,0.04607881386813251,0.008238162192292009,0.013409343067283253,1522.374328019673,260.97149447717015,0.09926536217712556,26.535370561816787,0.1959234463336239,0.003788193719194588,0.6176738771650774,146.46982663641862,52.403772484588835,0.0018840830836781564,19.30763273659809,20.42468960261762,9.73666459884977,0.11084657110970308,0.35541358463366635,0.373904782622545,0.004408920024802754,8.934466438931079,0.17048408511194157,2257.500107800447,142.59273679312466,0.0031343435935458075,0.00884517929044737,122.13953137069487,-0.0011115209714906982,0.00684846139803863,0.004129304902912523,0.046234871880429296,0.002514745768347204,-0.0009102618559539977,2.5450051639702425,-0.003145082123925391,0.023548658812837076,-0.0011658292700866824,0.13302433887073217,0.10841148206442064,0.6464811696240025,0.4415142776774079,0.03074434053760111,0.012643642618893836,125.22220846315608,2.088906453830975,11.423409656394622,0.10123181338996812,0.29653631423605464,4.60101377359785,0.002178852162602496,0.1253090268511956,0.11397371334415052,0.014130732307867433,0.008766002986688726
0.016671446715377236,16.692807452738982,0.008111996830202806,0.01990563175442972,0.010406215852440504,1510.9472533096973,133.16122301776585,0.5033538734933689,18.16059430627518,0.08849340715464038,-0.00013184920192355065,1.0428558568117143,169.1457962408465,76.64288620720541,0.001874683657963061,20.557610479548334,7.460858821783069,6.283727905690777,2.179851563111878,1.1124500123521912,2.2687362045253616,0.003575869038741075,7.047051784525261,0.04102427406814968,1853.649666310823,48.79059020547134,0.13470168300004293,0.03190430358067875,62.10148040872557,0.073557834963343,0.004167953875192865,0.03825532223125361,0.47382691054160286,0.0879535807668379,0.08220392742374383,3.6993439365109344,0.008514701272149594,0.005130651806991793,0.02322784093286856,0.04638835721349199,0.032646460583174886,2.25911955150863,3.322436779768661,0.0033801830920312526,0.0031916008355130643,93.6437568210138,3.757760240834732,4.986856067252904,0.03416023481981689,0.01677493330616997,33.01335626770349,0.008217435731145528,0.010950432042820424,0.04746593286376477,0.00015509422366477565,0.026375663837684193
0.030674509007344142,35.04911715860315,0.03736833395104089,0.0005440013132629318,0.18428830140798258,2283.609820228915,49.05628070191704,0.11461843632381363,44.61762372613849,0.3307643198444037,0.00020528831946187154,1.7820136301016865,239.12099312528167,136.7377757834444,-0.0025374706555361115,10.402801165137557,1.849128656802697,1.5984927036424885,4.034086924392133,0.09476032278304913,2.171401931775816,-0.0001599874435553872,18.945811748598672,0.06561652185673417,2454.4711847672247,174.98878059481763,0.02010930712374126,0.01996506537884457,22.340389858751784,0.05905076646957763,0.05619369169228783,0.010430884333733736,0.17209588100319806,0.11025172213448187,0.18067078472569165,6.935612506676291,-0.0005034219839368248,0.048589095405103144,0.012721053917589487,0.022863119487016803,0.004778562614676574,0.5526974381340137,0.1665677885353718,0.025372186060808488,0.04571525683585165,133.95626257353535,4.088484517675363,2.8300841006755153,0.1568026853897182,0.16732429524726644,0.042597283639314476,0.13534992243436683,0.02763851969134734,0.09098657563624002,0.012423045423692436,0.02679637224859821
0.005255140511229328,11.340611783729686,0.012758346541235532,0.010885440992087325,0.00019195933118609787,2885.5205277592477,345.945587287271,0.0897806785698343,43.832049134363636,0.1102529519837212,0.003556176545861156,3.311270630037905,346.7729149608405,191.90755347816742,0.004636928065661294,6.7320861285462055,2.1059281527332407,16.963616252996594,0.8098743131125161,0.5997499194246849,0.6177534716265827,0.010691241581714195,12.677079554320704,0.11202636320852388,3605.787584450882,104.85384398754121,0.06562970494611253,0.008950829248154157,158.65133773994935,0.012901950295843179,0.026865362055659148,0.030984278820426425,0.017298083173635348,0.11622217558812764,0.012002752894629154,0.2841506742069688,-0.001413665458750657,0.01625455640089246,0.02047896413822592,0.02366028099931139,0.01909392228895257,0.056994345660910994,0.16921003131857582,0.004060943477020906,0.005426769873668746,201.85223550556617,12.676932846345574,15.391228765783554,0.2621999348444781,0.01002474765794048,14.402064052243604,0.0024695141201291904,0.028352248250663514,0.012643723148055841,0.023609648199045097,0.015620673068181823
